position_index,layer_position_index,scene_id,layer_id,height_index,grid_x_index,grid_z_index,x,y,z,route_heading_deg,camera_route_yaw_deg,pitch_deg,legacy_anchor,route_bridge,distance_from_previous,distance_to_next
1,1,scene_3.1,scene_3.1_y01,1,17,0,109.343631353,3.823653726,-350.404226494,270.0,90.0,0.0,False,False,0.0,1.196261079
2,2,scene_3.1,scene_3.1_y01,1,16,0,108.147370274,3.823653726,-350.404226494,270.0,90.0,0.0,False,False,1.196261079,1.196261079
3,3,scene_3.1,scene_3.1_y01,1,15,0,106.951109195,3.823653726,-350.404226494,270.0,90.0,0.0,True,False,1.196261079,1.196261079
4,4,scene_3.1,scene_3.1_y01,1,14,0,105.754848116,3.823653726,-350.404226494,270.0,90.0,0.0,False,False,1.196261079,1.196261079
5,5,scene_3.1,scene_3.1_y01,1,13,0,104.558587037,3.823653726,-350.404226494,270.0,90.0,0.0,False,False,1.196261079,1.196261079
6,6,scene_3.1,scene_3.1_y01,1,12,0,103.362325957,3.823653726,-350.404226494,270.0,90.0,0.0,True,False,1.196261079,1.196261079
7,7,scene_3.1,scene_3.1_y01,1,11,0,102.166064878,3.823653726,-350.404226494,270.0,90.0,0.0,False,False,1.196261079,1.196261079
8,8,scene_3.1,scene_3.1_y01,1,10,0,100.969803799,3.823653726,-350.404226494,270.0,90.0,0.0,False,False,1.196261079,1.196261079
9,9,scene_3.1,scene_3.1_y01,1,9,0,99.77354272,3.823653726,-350.404226494,0.0,180.0,0.0,True,False,1.196261079,1.040019907
10,10,scene_3.1,scene_3.1_y01,1,9,1,99.77354272,3.823653726,-349.364206587,90.0,270.0,0.0,False,False,1.040019907,1.196261079
11,11,scene_3.1,scene_3.1_y01,1,10,1,100.969803799,3.823653726,-349.364206587,90.0,270.0,0.0,False,False,1.196261079,1.196261079
12,12,scene_3.1,scene_3.1_y01,1,11,1,102.166064878,3.823653726,-349.364206587,90.0,270.0,0.0,False,False,1.196261079,1.196261079
13,13,scene_3.1,scene_3.1_y01,1,12,1,103.362325957,3.823653726,-349.364206587,90.0,270.0,0.0,False,False,1.196261079,1.196261079
14,14,scene_3.1,scene_3.1_y01,1,13,1,104.558587037,3.823653726,-349.364206587,90.0,270.0,0.0,False,False,1.196261079,1.196261079
15,15,scene_3.1,scene_3.1_y01,1,14,1,105.754848116,3.823653726,-349.364206587,90.0,270.0,0.0,False,False,1.196261079,1.196261079
16,16,scene_3.1,scene_3.1_y01,1,15,1,106.951109195,3.823653726,-349.364206587,90.0,270.0,0.0,False,False,1.196261079,1.196261079
17,17,scene_3.1,scene_3.1_y01,1,16,1,108.147370274,3.823653726,-349.364206587,90.0,270.0,0.0,False,False,1.196261079,1.196261079
18,18,scene_3.1,scene_3.1_y01,1,17,1,109.343631353,3.823653726,-349.364206587,90.0,270.0,0.0,False,False,1.196261079,1.196261079
19,19,scene_3.1,scene_3.1_y01,1,18,1,110.539892433,3.823653726,-349.364206587,90.0,270.0,0.0,False,False,1.196261079,1.196261079
20,20,scene_3.1,scene_3.1_y01,1,19,1,111.736153512,3.823653726,-349.364206587,90.0,270.0,0.0,False,False,1.196261079,1.196261079
21,21,scene_3.1,scene_3.1_y01,1,20,1,112.932414591,3.823653726,-349.364206587,90.0,270.0,0.0,False,False,1.196261079,1.196261079
22,22,scene_3.1,scene_3.1_y01,1,21,1,114.12867567,3.823653726,-349.364206587,90.0,270.0,0.0,False,False,1.196261079,1.196261079
23,23,scene_3.1,scene_3.1_y01,1,22,1,115.32493675,3.823653726,-349.364206587,90.0,270.0,0.0,False,False,1.196261079,1.196261079
24,24,scene_3.1,scene_3.1_y01,1,23,1,116.521197829,3.823653726,-349.364206587,90.0,270.0,0.0,False,False,1.196261079,1.196261079
25,25,scene_3.1,scene_3.1_y01,1,24,1,117.717458908,3.823653726,-349.364206587,90.0,270.0,0.0,False,False,1.196261079,1.196261079
26,26,scene_3.1,scene_3.1_y01,1,25,1,118.913719987,3.823653726,-349.364206587,90.0,270.0,0.0,False,False,1.196261079,1.196261079
27,27,scene_3.1,scene_3.1_y01,1,26,1,120.109981066,3.823653726,-349.364206587,90.0,270.0,0.0,False,False,1.196261079,1.196261079
28,28,scene_3.1,scene_3.1_y01,1,27,1,121.306242146,3.823653726,-349.364206587,90.0,270.0,0.0,False,False,1.196261079,1.196261079
29,29,scene_3.1,scene_3.1_y01,1,28,1,122.502503225,3.823653726,-349.364206587,90.0,270.0,0.0,False,False,1.196261079,1.196261079
30,30,scene_3.1,scene_3.1_y01,1,29,1,123.698764304,3.823653726,-349.364206587,90.0,270.0,0.0,False,False,1.196261079,1.196261079
31,31,scene_3.1,scene_3.1_y01,1,30,1,124.895025383,3.823653726,-349.364206587,90.0,270.0,0.0,False,False,1.196261079,1.196261079
32,32,scene_3.1,scene_3.1_y01,1,31,1,126.091286462,3.823653726,-349.364206587,90.0,270.0,0.0,False,False,1.196261079,1.196261079
33,33,scene_3.1,scene_3.1_y01,1,32,1,127.287547542,3.823653726,-349.364206587,90.0,270.0,0.0,False,False,1.196261079,1.196261079
34,34,scene_3.1,scene_3.1_y01,1,33,1,128.483808621,3.823653726,-349.364206587,90.0,270.0,0.0,False,False,1.196261079,1.196261079
35,35,scene_3.1,scene_3.1_y01,1,34,1,129.6800697,3.823653726,-349.364206587,90.0,270.0,0.0,False,False,1.196261079,1.196261079
36,36,scene_3.1,scene_3.1_y01,1,35,1,130.876330779,3.823653726,-349.364206587,90.0,270.0,0.0,False,False,1.196261079,1.196261079
37,37,scene_3.1,scene_3.1_y01,1,36,1,132.072591858,3.823653726,-349.364206587,90.0,270.0,0.0,False,False,1.196261079,1.196261079
38,38,scene_3.1,scene_3.1_y01,1,37,1,133.268852938,3.823653726,-349.364206587,48.996562381,228.996562381,0.0,False,False,1.196261079,1.58514415
39,39,scene_3.1,scene_3.1_y01,1,38,2,134.465114017,3.823653726,-348.324186681,270.0,90.0,0.0,False,False,1.58514415,1.196261079
40,40,scene_3.1,scene_3.1_y01,1,37,2,133.268852938,3.823653726,-348.324186681,270.0,90.0,0.0,False,False,1.196261079,1.196261079
41,41,scene_3.1,scene_3.1_y01,1,36,2,132.072591858,3.823653726,-348.324186681,270.0,90.0,0.0,False,False,1.196261079,1.196261079
42,42,scene_3.1,scene_3.1_y01,1,35,2,130.876330779,3.823653726,-348.324186681,270.0,90.0,0.0,False,False,1.196261079,1.196261079
43,43,scene_3.1,scene_3.1_y01,1,34,2,129.6800697,3.823653726,-348.324186681,270.0,90.0,0.0,False,False,1.196261079,1.196261079
44,44,scene_3.1,scene_3.1_y01,1,33,2,128.483808621,3.823653726,-348.324186681,270.0,90.0,0.0,False,False,1.196261079,1.196261079
45,45,scene_3.1,scene_3.1_y01,1,32,2,127.287547542,3.823653726,-348.324186681,270.0,90.0,0.0,False,False,1.196261079,1.196261079
46,46,scene_3.1,scene_3.1_y01,1,31,2,126.091286462,3.823653726,-348.324186681,270.0,90.0,0.0,False,False,1.196261079,1.196261079
47,47,scene_3.1,scene_3.1_y01,1,30,2,124.895025383,3.823653726,-348.324186681,270.0,90.0,0.0,False,False,1.196261079,1.196261079
48,48,scene_3.1,scene_3.1_y01,1,29,2,123.698764304,3.823653726,-348.324186681,270.0,90.0,0.0,False,False,1.196261079,1.196261079
49,49,scene_3.1,scene_3.1_y01,1,28,2,122.502503225,3.823653726,-348.324186681,270.0,90.0,0.0,False,False,1.196261079,1.196261079
50,50,scene_3.1,scene_3.1_y01,1,27,2,121.306242146,3.823653726,-348.324186681,270.0,90.0,0.0,False,False,1.196261079,1.196261079
51,51,scene_3.1,scene_3.1_y01,1,26,2,120.109981066,3.823653726,-348.324186681,270.0,90.0,0.0,False,False,1.196261079,1.196261079
52,52,scene_3.1,scene_3.1_y01,1,25,2,118.913719987,3.823653726,-348.324186681,270.0,90.0,0.0,False,False,1.196261079,1.196261079
53,53,scene_3.1,scene_3.1_y01,1,24,2,117.717458908,3.823653726,-348.324186681,270.0,90.0,0.0,False,False,1.196261079,1.196261079
54,54,scene_3.1,scene_3.1_y01,1,23,2,116.521197829,3.823653726,-348.324186681,270.0,90.0,0.0,False,False,1.196261079,1.196261079
55,55,scene_3.1,scene_3.1_y01,1,22,2,115.32493675,3.823653726,-348.324186681,270.0,90.0,0.0,False,False,1.196261079,1.196261079
56,56,scene_3.1,scene_3.1_y01,1,21,2,114.12867567,3.823653726,-348.324186681,270.0,90.0,0.0,False,False,1.196261079,1.196261079
57,57,scene_3.1,scene_3.1_y01,1,20,2,112.932414591,3.823653726,-348.324186681,270.0,90.0,0.0,False,False,1.196261079,1.196261079
58,58,scene_3.1,scene_3.1_y01,1,19,2,111.736153512,3.823653726,-348.324186681,270.0,90.0,0.0,False,False,1.196261079,1.196261079
59,59,scene_3.1,scene_3.1_y01,1,18,2,110.539892433,3.823653726,-348.324186681,270.0,90.0,0.0,False,False,1.196261079,1.196261079
60,60,scene_3.1,scene_3.1_y01,1,17,2,109.343631353,3.823653726,-348.324186681,270.0,90.0,0.0,False,False,1.196261079,1.196261079
61,61,scene_3.1,scene_3.1_y01,1,16,2,108.147370274,3.823653726,-348.324186681,270.0,90.0,0.0,False,False,1.196261079,1.196261079
62,62,scene_3.1,scene_3.1_y01,1,15,2,106.951109195,3.823653726,-348.324186681,270.0,90.0,0.0,False,False,1.196261079,1.196261079
63,63,scene_3.1,scene_3.1_y01,1,14,2,105.754848116,3.823653726,-348.324186681,270.0,90.0,0.0,False,False,1.196261079,1.196261079
64,64,scene_3.1,scene_3.1_y01,1,13,2,104.558587037,3.823653726,-348.324186681,270.0,90.0,0.0,False,False,1.196261079,1.196261079
65,65,scene_3.1,scene_3.1_y01,1,12,2,103.362325957,3.823653726,-348.324186681,270.0,90.0,0.0,False,False,1.196261079,1.196261079
66,66,scene_3.1,scene_3.1_y01,1,11,2,102.166064878,3.823653726,-348.324186681,270.0,90.0,0.0,False,False,1.196261079,1.196261079
67,67,scene_3.1,scene_3.1_y01,1,10,2,100.969803799,3.823653726,-348.324186681,270.0,90.0,0.0,False,False,1.196261079,1.196261079
68,68,scene_3.1,scene_3.1_y01,1,9,2,99.77354272,3.823653726,-348.324186681,311.003437619,131.003437619,0.0,False,False,1.196261079,1.58514415
69,69,scene_3.1,scene_3.1_y01,1,8,3,98.577281641,3.823653726,-347.284166774,90.0,270.0,0.0,False,False,1.58514415,1.196261079
70,70,scene_3.1,scene_3.1_y01,1,9,3,99.77354272,3.823653726,-347.284166774,90.0,270.0,0.0,True,False,1.196261079,1.196261079
71,71,scene_3.1,scene_3.1_y01,1,10,3,100.969803799,3.823653726,-347.284166774,90.0,270.0,0.0,False,False,1.196261079,1.196261079
72,72,scene_3.1,scene_3.1_y01,1,11,3,102.166064878,3.823653726,-347.284166774,90.0,270.0,0.0,False,False,1.196261079,1.196261079
73,73,scene_3.1,scene_3.1_y01,1,12,3,103.362325957,3.823653726,-347.284166774,90.0,270.0,0.0,True,False,1.196261079,1.196261079
74,74,scene_3.1,scene_3.1_y01,1,13,3,104.558587037,3.823653726,-347.284166774,90.0,270.0,0.0,False,False,1.196261079,1.196261079
75,75,scene_3.1,scene_3.1_y01,1,14,3,105.754848116,3.823653726,-347.284166774,90.0,270.0,0.0,False,False,1.196261079,1.196261079
76,76,scene_3.1,scene_3.1_y01,1,15,3,106.951109195,3.823653726,-347.284166774,90.0,270.0,0.0,True,False,1.196261079,1.196261079
77,77,scene_3.1,scene_3.1_y01,1,16,3,108.147370274,3.823653726,-347.284166774,90.0,270.0,0.0,False,False,1.196261079,1.196261079
78,78,scene_3.1,scene_3.1_y01,1,17,3,109.343631353,3.823653726,-347.284166774,90.0,270.0,0.0,False,False,1.196261079,1.196261079
79,79,scene_3.1,scene_3.1_y01,1,18,3,110.539892433,3.823653726,-347.284166774,90.0,270.0,0.0,True,False,1.196261079,1.196261079
80,80,scene_3.1,scene_3.1_y01,1,19,3,111.736153512,3.823653726,-347.284166774,90.0,270.0,0.0,False,False,1.196261079,1.196261079
81,81,scene_3.1,scene_3.1_y01,1,20,3,112.932414591,3.823653726,-347.284166774,90.0,270.0,0.0,False,False,1.196261079,1.196261079
82,82,scene_3.1,scene_3.1_y01,1,21,3,114.12867567,3.823653726,-347.284166774,90.0,270.0,0.0,True,False,1.196261079,1.196261079
83,83,scene_3.1,scene_3.1_y01,1,22,3,115.32493675,3.823653726,-347.284166774,90.0,270.0,0.0,False,False,1.196261079,1.196261079
84,84,scene_3.1,scene_3.1_y01,1,23,3,116.521197829,3.823653726,-347.284166774,90.0,270.0,0.0,False,False,1.196261079,1.196261079
85,85,scene_3.1,scene_3.1_y01,1,24,3,117.717458908,3.823653726,-347.284166774,90.0,270.0,0.0,True,False,1.196261079,1.196261079
86,86,scene_3.1,scene_3.1_y01,1,25,3,118.913719987,3.823653726,-347.284166774,90.0,270.0,0.0,False,False,1.196261079,1.196261079
87,87,scene_3.1,scene_3.1_y01,1,26,3,120.109981066,3.823653726,-347.284166774,90.0,270.0,0.0,False,False,1.196261079,1.196261079
88,88,scene_3.1,scene_3.1_y01,1,27,3,121.306242146,3.823653726,-347.284166774,90.0,270.0,0.0,True,False,1.196261079,1.196261079
89,89,scene_3.1,scene_3.1_y01,1,28,3,122.502503225,3.823653726,-347.284166774,90.0,270.0,0.0,False,False,1.196261079,1.196261079
90,90,scene_3.1,scene_3.1_y01,1,29,3,123.698764304,3.823653726,-347.284166774,90.0,270.0,0.0,False,False,1.196261079,1.196261079
91,91,scene_3.1,scene_3.1_y01,1,30,3,124.895025383,3.823653726,-347.284166774,90.0,270.0,0.0,True,False,1.196261079,1.196261079
92,92,scene_3.1,scene_3.1_y01,1,31,3,126.091286462,3.823653726,-347.284166774,90.0,270.0,0.0,False,False,1.196261079,1.196261079
93,93,scene_3.1,scene_3.1_y01,1,32,3,127.287547542,3.823653726,-347.284166774,90.0,270.0,0.0,False,False,1.196261079,1.196261079
94,94,scene_3.1,scene_3.1_y01,1,33,3,128.483808621,3.823653726,-347.284166774,90.0,270.0,0.0,True,False,1.196261079,1.196261079
95,95,scene_3.1,scene_3.1_y01,1,34,3,129.6800697,3.823653726,-347.284166774,90.0,270.0,0.0,False,False,1.196261079,1.196261079
96,96,scene_3.1,scene_3.1_y01,1,35,3,130.876330779,3.823653726,-347.284166774,90.0,270.0,0.0,False,False,1.196261079,1.196261079
97,97,scene_3.1,scene_3.1_y01,1,36,3,132.072591858,3.823653726,-347.284166774,90.0,270.0,0.0,True,False,1.196261079,1.196261079
98,98,scene_3.1,scene_3.1_y01,1,37,3,133.268852938,3.823653726,-347.284166774,90.0,270.0,0.0,False,False,1.196261079,1.196261079
99,99,scene_3.1,scene_3.1_y01,1,38,3,134.465114017,3.823653726,-347.284166774,0.0,180.0,0.0,False,False,1.196261079,1.040019907
100,100,scene_3.1,scene_3.1_y01,1,38,4,134.465114017,3.823653726,-346.244146868,270.0,90.0,0.0,False,False,1.040019907,1.196261079
101,101,scene_3.1,scene_3.1_y01,1,37,4,133.268852938,3.823653726,-346.244146868,270.0,90.0,0.0,False,False,1.196261079,1.196261079
102,102,scene_3.1,scene_3.1_y01,1,36,4,132.072591858,3.823653726,-346.244146868,270.0,90.0,0.0,False,False,1.196261079,1.196261079
103,103,scene_3.1,scene_3.1_y01,1,35,4,130.876330779,3.823653726,-346.244146868,270.0,90.0,0.0,False,False,1.196261079,1.196261079
104,104,scene_3.1,scene_3.1_y01,1,34,4,129.6800697,3.823653726,-346.244146868,270.0,90.0,0.0,False,False,1.196261079,1.196261079
105,105,scene_3.1,scene_3.1_y01,1,33,4,128.483808621,3.823653726,-346.244146868,270.0,90.0,0.0,False,False,1.196261079,1.196261079
106,106,scene_3.1,scene_3.1_y01,1,32,4,127.287547542,3.823653726,-346.244146868,270.0,90.0,0.0,False,False,1.196261079,1.196261079
107,107,scene_3.1,scene_3.1_y01,1,31,4,126.091286462,3.823653726,-346.244146868,270.0,90.0,0.0,False,False,1.196261079,1.196261079
108,108,scene_3.1,scene_3.1_y01,1,30,4,124.895025383,3.823653726,-346.244146868,270.0,90.0,0.0,False,False,1.196261079,1.196261079
109,109,scene_3.1,scene_3.1_y01,1,29,4,123.698764304,3.823653726,-346.244146868,270.0,90.0,0.0,False,False,1.196261079,1.196261079
110,110,scene_3.1,scene_3.1_y01,1,28,4,122.502503225,3.823653726,-346.244146868,270.0,90.0,0.0,False,False,1.196261079,1.196261079
111,111,scene_3.1,scene_3.1_y01,1,27,4,121.306242146,3.823653726,-346.244146868,270.0,90.0,0.0,False,False,1.196261079,1.196261079
112,112,scene_3.1,scene_3.1_y01,1,26,4,120.109981066,3.823653726,-346.244146868,270.0,90.0,0.0,False,False,1.196261079,1.196261079
113,113,scene_3.1,scene_3.1_y01,1,25,4,118.913719987,3.823653726,-346.244146868,270.0,90.0,0.0,False,False,1.196261079,1.196261079
114,114,scene_3.1,scene_3.1_y01,1,24,4,117.717458908,3.823653726,-346.244146868,270.0,90.0,0.0,False,False,1.196261079,1.196261079
115,115,scene_3.1,scene_3.1_y01,1,23,4,116.521197829,3.823653726,-346.244146868,270.0,90.0,0.0,False,False,1.196261079,1.196261079
116,116,scene_3.1,scene_3.1_y01,1,22,4,115.32493675,3.823653726,-346.244146868,270.0,90.0,0.0,False,False,1.196261079,1.196261079
117,117,scene_3.1,scene_3.1_y01,1,21,4,114.12867567,3.823653726,-346.244146868,270.0,90.0,0.0,False,False,1.196261079,1.196261079
118,118,scene_3.1,scene_3.1_y01,1,20,4,112.932414591,3.823653726,-346.244146868,270.0,90.0,0.0,False,False,1.196261079,1.196261079
119,119,scene_3.1,scene_3.1_y01,1,19,4,111.736153512,3.823653726,-346.244146868,270.0,90.0,0.0,False,False,1.196261079,1.196261079
120,120,scene_3.1,scene_3.1_y01,1,18,4,110.539892433,3.823653726,-346.244146868,270.0,90.0,0.0,False,False,1.196261079,1.196261079
121,121,scene_3.1,scene_3.1_y01,1,17,4,109.343631353,3.823653726,-346.244146868,270.0,90.0,0.0,False,False,1.196261079,1.196261079
122,122,scene_3.1,scene_3.1_y01,1,16,4,108.147370274,3.823653726,-346.244146868,270.0,90.0,0.0,False,False,1.196261079,1.196261079
123,123,scene_3.1,scene_3.1_y01,1,15,4,106.951109195,3.823653726,-346.244146868,270.0,90.0,0.0,False,False,1.196261079,1.196261079
124,124,scene_3.1,scene_3.1_y01,1,14,4,105.754848116,3.823653726,-346.244146868,270.0,90.0,0.0,False,False,1.196261079,1.196261079
125,125,scene_3.1,scene_3.1_y01,1,13,4,104.558587037,3.823653726,-346.244146868,270.0,90.0,0.0,False,False,1.196261079,1.196261079
126,126,scene_3.1,scene_3.1_y01,1,12,4,103.362325957,3.823653726,-346.244146868,270.0,90.0,0.0,False,False,1.196261079,1.196261079
127,127,scene_3.1,scene_3.1_y01,1,11,4,102.166064878,3.823653726,-346.244146868,270.0,90.0,0.0,False,False,1.196261079,1.196261079
128,128,scene_3.1,scene_3.1_y01,1,10,4,100.969803799,3.823653726,-346.244146868,270.0,90.0,0.0,False,False,1.196261079,1.196261079
129,129,scene_3.1,scene_3.1_y01,1,9,4,99.77354272,3.823653726,-346.244146868,270.0,90.0,0.0,False,False,1.196261079,1.196261079
130,130,scene_3.1,scene_3.1_y01,1,8,4,98.577281641,3.823653726,-346.244146868,0.0,180.0,0.0,False,False,1.196261079,1.040019907
131,131,scene_3.1,scene_3.1_y01,1,8,5,98.577281641,3.823653726,-345.204126961,90.0,270.0,0.0,False,False,1.040019907,1.196261079
132,132,scene_3.1,scene_3.1_y01,1,9,5,99.77354272,3.823653726,-345.204126961,90.0,270.0,0.0,False,False,1.196261079,1.196261079
133,133,scene_3.1,scene_3.1_y01,1,10,5,100.969803799,3.823653726,-345.204126961,90.0,270.0,0.0,False,False,1.196261079,1.196261079
134,134,scene_3.1,scene_3.1_y01,1,11,5,102.166064878,3.823653726,-345.204126961,90.0,270.0,0.0,False,False,1.196261079,1.196261079
135,135,scene_3.1,scene_3.1_y01,1,12,5,103.362325957,3.823653726,-345.204126961,90.0,270.0,0.0,False,False,1.196261079,1.196261079
136,136,scene_3.1,scene_3.1_y01,1,13,5,104.558587037,3.823653726,-345.204126961,90.0,270.0,0.0,False,False,1.196261079,1.196261079
137,137,scene_3.1,scene_3.1_y01,1,14,5,105.754848116,3.823653726,-345.204126961,90.0,270.0,0.0,False,False,1.196261079,1.196261079
138,138,scene_3.1,scene_3.1_y01,1,15,5,106.951109195,3.823653726,-345.204126961,90.0,270.0,0.0,False,False,1.196261079,1.196261079
139,139,scene_3.1,scene_3.1_y01,1,16,5,108.147370274,3.823653726,-345.204126961,90.0,270.0,0.0,False,False,1.196261079,1.196261079
140,140,scene_3.1,scene_3.1_y01,1,17,5,109.343631353,3.823653726,-345.204126961,90.0,270.0,0.0,False,False,1.196261079,1.196261079
141,141,scene_3.1,scene_3.1_y01,1,18,5,110.539892433,3.823653726,-345.204126961,90.0,270.0,0.0,False,False,1.196261079,1.196261079
142,142,scene_3.1,scene_3.1_y01,1,19,5,111.736153512,3.823653726,-345.204126961,90.0,270.0,0.0,False,False,1.196261079,1.196261079
143,143,scene_3.1,scene_3.1_y01,1,20,5,112.932414591,3.823653726,-345.204126961,90.0,270.0,0.0,False,False,1.196261079,1.196261079
144,144,scene_3.1,scene_3.1_y01,1,21,5,114.12867567,3.823653726,-345.204126961,90.0,270.0,0.0,False,False,1.196261079,1.196261079
145,145,scene_3.1,scene_3.1_y01,1,22,5,115.32493675,3.823653726,-345.204126961,90.0,270.0,0.0,False,False,1.196261079,1.196261079
146,146,scene_3.1,scene_3.1_y01,1,23,5,116.521197829,3.823653726,-345.204126961,90.0,270.0,0.0,False,False,1.196261079,1.196261079
147,147,scene_3.1,scene_3.1_y01,1,24,5,117.717458908,3.823653726,-345.204126961,90.0,270.0,0.0,False,False,1.196261079,1.196261079
148,148,scene_3.1,scene_3.1_y01,1,25,5,118.913719987,3.823653726,-345.204126961,90.0,270.0,0.0,False,False,1.196261079,1.196261079
149,149,scene_3.1,scene_3.1_y01,1,26,5,120.109981066,3.823653726,-345.204126961,90.0,270.0,0.0,False,False,1.196261079,1.196261079
150,150,scene_3.1,scene_3.1_y01,1,27,5,121.306242146,3.823653726,-345.204126961,90.0,270.0,0.0,False,False,1.196261079,1.196261079
151,151,scene_3.1,scene_3.1_y01,1,28,5,122.502503225,3.823653726,-345.204126961,90.0,270.0,0.0,False,False,1.196261079,1.196261079
152,152,scene_3.1,scene_3.1_y01,1,29,5,123.698764304,3.823653726,-345.204126961,90.0,270.0,0.0,False,False,1.196261079,1.196261079
153,153,scene_3.1,scene_3.1_y01,1,30,5,124.895025383,3.823653726,-345.204126961,90.0,270.0,0.0,False,False,1.196261079,1.196261079
154,154,scene_3.1,scene_3.1_y01,1,31,5,126.091286462,3.823653726,-345.204126961,90.0,270.0,0.0,False,False,1.196261079,1.196261079
155,155,scene_3.1,scene_3.1_y01,1,32,5,127.287547542,3.823653726,-345.204126961,90.0,270.0,0.0,False,False,1.196261079,1.196261079
156,156,scene_3.1,scene_3.1_y01,1,33,5,128.483808621,3.823653726,-345.204126961,90.0,270.0,0.0,False,False,1.196261079,1.196261079
157,157,scene_3.1,scene_3.1_y01,1,34,5,129.6800697,3.823653726,-345.204126961,90.0,270.0,0.0,False,False,1.196261079,1.196261079
158,158,scene_3.1,scene_3.1_y01,1,35,5,130.876330779,3.823653726,-345.204126961,90.0,270.0,0.0,False,False,1.196261079,1.196261079
159,159,scene_3.1,scene_3.1_y01,1,36,5,132.072591858,3.823653726,-345.204126961,90.0,270.0,0.0,False,False,1.196261079,1.196261079
160,160,scene_3.1,scene_3.1_y01,1,37,5,133.268852938,3.823653726,-345.204126961,90.0,270.0,0.0,False,False,1.196261079,1.196261079
161,161,scene_3.1,scene_3.1_y01,1,38,5,134.465114017,3.823653726,-345.204126961,0.0,180.0,0.0,False,False,1.196261079,1.040019907
162,162,scene_3.1,scene_3.1_y01,1,38,6,134.465114017,3.823653726,-344.164107054,270.0,90.0,0.0,False,False,1.040019907,1.196261079
163,163,scene_3.1,scene_3.1_y01,1,37,6,133.268852938,3.823653726,-344.164107054,270.0,90.0,0.0,False,False,1.196261079,1.196261079
164,164,scene_3.1,scene_3.1_y01,1,36,6,132.072591858,3.823653726,-344.164107054,270.0,90.0,0.0,True,False,1.196261079,1.196261079
165,165,scene_3.1,scene_3.1_y01,1,35,6,130.876330779,3.823653726,-344.164107054,270.0,90.0,0.0,False,False,1.196261079,1.196261079
166,166,scene_3.1,scene_3.1_y01,1,34,6,129.6800697,3.823653726,-344.164107054,270.0,90.0,0.0,False,False,1.196261079,1.196261079
167,167,scene_3.1,scene_3.1_y01,1,33,6,128.483808621,3.823653726,-344.164107054,270.0,90.0,0.0,True,False,1.196261079,1.196261079
168,168,scene_3.1,scene_3.1_y01,1,32,6,127.287547542,3.823653726,-344.164107054,270.0,90.0,0.0,False,False,1.196261079,1.196261079
169,169,scene_3.1,scene_3.1_y01,1,31,6,126.091286462,3.823653726,-344.164107054,270.0,90.0,0.0,False,False,1.196261079,1.196261079
170,170,scene_3.1,scene_3.1_y01,1,30,6,124.895025383,3.823653726,-344.164107054,270.0,90.0,0.0,True,False,1.196261079,1.196261079
171,171,scene_3.1,scene_3.1_y01,1,29,6,123.698764304,3.823653726,-344.164107054,270.0,90.0,0.0,False,False,1.196261079,1.196261079
172,172,scene_3.1,scene_3.1_y01,1,28,6,122.502503225,3.823653726,-344.164107054,270.0,90.0,0.0,False,False,1.196261079,1.196261079
173,173,scene_3.1,scene_3.1_y01,1,27,6,121.306242146,3.823653726,-344.164107054,270.0,90.0,0.0,True,False,1.196261079,1.196261079
174,174,scene_3.1,scene_3.1_y01,1,26,6,120.109981066,3.823653726,-344.164107054,270.0,90.0,0.0,False,False,1.196261079,1.196261079
175,175,scene_3.1,scene_3.1_y01,1,25,6,118.913719987,3.823653726,-344.164107054,270.0,90.0,0.0,False,False,1.196261079,1.196261079
176,176,scene_3.1,scene_3.1_y01,1,24,6,117.717458908,3.823653726,-344.164107054,270.0,90.0,0.0,True,False,1.196261079,1.196261079
177,177,scene_3.1,scene_3.1_y01,1,23,6,116.521197829,3.823653726,-344.164107054,270.0,90.0,0.0,False,False,1.196261079,1.196261079
178,178,scene_3.1,scene_3.1_y01,1,22,6,115.32493675,3.823653726,-344.164107054,270.0,90.0,0.0,False,False,1.196261079,1.196261079
179,179,scene_3.1,scene_3.1_y01,1,21,6,114.12867567,3.823653726,-344.164107054,270.0,90.0,0.0,True,False,1.196261079,1.196261079
180,180,scene_3.1,scene_3.1_y01,1,20,6,112.932414591,3.823653726,-344.164107054,270.0,90.0,0.0,False,False,1.196261079,1.196261079
181,181,scene_3.1,scene_3.1_y01,1,19,6,111.736153512,3.823653726,-344.164107054,270.0,90.0,0.0,False,False,1.196261079,1.196261079
182,182,scene_3.1,scene_3.1_y01,1,18,6,110.539892433,3.823653726,-344.164107054,270.0,90.0,0.0,True,False,1.196261079,1.196261079
183,183,scene_3.1,scene_3.1_y01,1,17,6,109.343631353,3.823653726,-344.164107054,270.0,90.0,0.0,False,False,1.196261079,1.196261079
184,184,scene_3.1,scene_3.1_y01,1,16,6,108.147370274,3.823653726,-344.164107054,270.0,90.0,0.0,False,False,1.196261079,1.196261079
185,185,scene_3.1,scene_3.1_y01,1,15,6,106.951109195,3.823653726,-344.164107054,270.0,90.0,0.0,True,False,1.196261079,1.196261079
186,186,scene_3.1,scene_3.1_y01,1,14,6,105.754848116,3.823653726,-344.164107054,270.0,90.0,0.0,False,False,1.196261079,1.196261079
187,187,scene_3.1,scene_3.1_y01,1,13,6,104.558587037,3.823653726,-344.164107054,270.0,90.0,0.0,False,False,1.196261079,1.196261079
188,188,scene_3.1,scene_3.1_y01,1,12,6,103.362325957,3.823653726,-344.164107054,270.0,90.0,0.0,True,False,1.196261079,1.196261079
189,189,scene_3.1,scene_3.1_y01,1,11,6,102.166064878,3.823653726,-344.164107054,270.0,90.0,0.0,False,False,1.196261079,1.196261079
190,190,scene_3.1,scene_3.1_y01,1,10,6,100.969803799,3.823653726,-344.164107054,270.0,90.0,0.0,False,False,1.196261079,1.196261079
191,191,scene_3.1,scene_3.1_y01,1,9,6,99.77354272,3.823653726,-344.164107054,270.0,90.0,0.0,True,False,1.196261079,1.196261079
192,192,scene_3.1,scene_3.1_y01,1,8,6,98.577281641,3.823653726,-344.164107054,0.0,180.0,0.0,False,False,1.196261079,1.040019907
193,193,scene_3.1,scene_3.1_y01,1,8,7,98.577281641,3.823653726,-343.124087148,90.0,270.0,0.0,False,False,1.040019907,1.196261079
194,194,scene_3.1,scene_3.1_y01,1,9,7,99.77354272,3.823653726,-343.124087148,90.0,270.0,0.0,False,False,1.196261079,1.196261079
195,195,scene_3.1,scene_3.1_y01,1,10,7,100.969803799,3.823653726,-343.124087148,90.0,270.0,0.0,False,False,1.196261079,1.196261079
196,196,scene_3.1,scene_3.1_y01,1,11,7,102.166064878,3.823653726,-343.124087148,90.0,270.0,0.0,False,False,1.196261079,1.196261079
197,197,scene_3.1,scene_3.1_y01,1,12,7,103.362325957,3.823653726,-343.124087148,90.0,270.0,0.0,False,False,1.196261079,1.196261079
198,198,scene_3.1,scene_3.1_y01,1,13,7,104.558587037,3.823653726,-343.124087148,90.0,270.0,0.0,False,False,1.196261079,1.196261079
199,199,scene_3.1,scene_3.1_y01,1,14,7,105.754848116,3.823653726,-343.124087148,90.0,270.0,0.0,False,False,1.196261079,1.196261079
200,200,scene_3.1,scene_3.1_y01,1,15,7,106.951109195,3.823653726,-343.124087148,90.0,270.0,0.0,False,False,1.196261079,1.196261079
201,201,scene_3.1,scene_3.1_y01,1,16,7,108.147370274,3.823653726,-343.124087148,90.0,270.0,0.0,False,False,1.196261079,1.196261079
202,202,scene_3.1,scene_3.1_y01,1,17,7,109.343631353,3.823653726,-343.124087148,90.0,270.0,0.0,False,False,1.196261079,1.196261079
203,203,scene_3.1,scene_3.1_y01,1,18,7,110.539892433,3.823653726,-343.124087148,90.0,270.0,0.0,False,False,1.196261079,1.196261079
204,204,scene_3.1,scene_3.1_y01,1,19,7,111.736153512,3.823653726,-343.124087148,90.0,270.0,0.0,False,False,1.196261079,1.196261079
205,205,scene_3.1,scene_3.1_y01,1,20,7,112.932414591,3.823653726,-343.124087148,90.0,270.0,0.0,False,False,1.196261079,1.196261079
206,206,scene_3.1,scene_3.1_y01,1,21,7,114.12867567,3.823653726,-343.124087148,90.0,270.0,0.0,False,False,1.196261079,1.196261079
207,207,scene_3.1,scene_3.1_y01,1,22,7,115.32493675,3.823653726,-343.124087148,90.0,270.0,0.0,False,False,1.196261079,1.196261079
208,208,scene_3.1,scene_3.1_y01,1,23,7,116.521197829,3.823653726,-343.124087148,90.0,270.0,0.0,False,False,1.196261079,1.196261079
209,209,scene_3.1,scene_3.1_y01,1,24,7,117.717458908,3.823653726,-343.124087148,90.0,270.0,0.0,False,False,1.196261079,1.196261079
210,210,scene_3.1,scene_3.1_y01,1,25,7,118.913719987,3.823653726,-343.124087148,90.0,270.0,0.0,False,False,1.196261079,1.196261079
211,211,scene_3.1,scene_3.1_y01,1,26,7,120.109981066,3.823653726,-343.124087148,90.0,270.0,0.0,False,False,1.196261079,1.196261079
212,212,scene_3.1,scene_3.1_y01,1,27,7,121.306242146,3.823653726,-343.124087148,90.0,270.0,0.0,False,False,1.196261079,1.196261079
213,213,scene_3.1,scene_3.1_y01,1,28,7,122.502503225,3.823653726,-343.124087148,90.0,270.0,0.0,False,False,1.196261079,1.196261079
214,214,scene_3.1,scene_3.1_y01,1,29,7,123.698764304,3.823653726,-343.124087148,90.0,270.0,0.0,False,False,1.196261079,1.196261079
215,215,scene_3.1,scene_3.1_y01,1,30,7,124.895025383,3.823653726,-343.124087148,90.0,270.0,0.0,False,False,1.196261079,1.196261079
216,216,scene_3.1,scene_3.1_y01,1,31,7,126.091286462,3.823653726,-343.124087148,90.0,270.0,0.0,False,False,1.196261079,1.196261079
217,217,scene_3.1,scene_3.1_y01,1,32,7,127.287547542,3.823653726,-343.124087148,90.0,270.0,0.0,False,False,1.196261079,1.196261079
218,218,scene_3.1,scene_3.1_y01,1,33,7,128.483808621,3.823653726,-343.124087148,90.0,270.0,0.0,False,False,1.196261079,1.196261079
219,219,scene_3.1,scene_3.1_y01,1,34,7,129.6800697,3.823653726,-343.124087148,90.0,270.0,0.0,False,False,1.196261079,1.196261079
220,220,scene_3.1,scene_3.1_y01,1,35,7,130.876330779,3.823653726,-343.124087148,90.0,270.0,0.0,False,False,1.196261079,1.196261079
221,221,scene_3.1,scene_3.1_y01,1,36,7,132.072591858,3.823653726,-343.124087148,90.0,270.0,0.0,False,False,1.196261079,1.196261079
222,222,scene_3.1,scene_3.1_y01,1,37,7,133.268852938,3.823653726,-343.124087148,90.0,270.0,0.0,False,False,1.196261079,1.196261079
223,223,scene_3.1,scene_3.1_y01,1,38,7,134.465114017,3.823653726,-343.124087148,0.0,180.0,0.0,False,False,1.196261079,1.040019907
224,224,scene_3.1,scene_3.1_y01,1,38,8,134.465114017,3.823653726,-342.084067241,270.0,90.0,0.0,False,False,1.040019907,1.196261079
225,225,scene_3.1,scene_3.1_y01,1,37,8,133.268852938,3.823653726,-342.084067241,270.0,90.0,0.0,False,False,1.196261079,1.196261079
226,226,scene_3.1,scene_3.1_y01,1,36,8,132.072591858,3.823653726,-342.084067241,270.0,90.0,0.0,False,False,1.196261079,1.196261079
227,227,scene_3.1,scene_3.1_y01,1,35,8,130.876330779,3.823653726,-342.084067241,270.0,90.0,0.0,False,False,1.196261079,1.196261079
228,228,scene_3.1,scene_3.1_y01,1,34,8,129.6800697,3.823653726,-342.084067241,270.0,90.0,0.0,False,False,1.196261079,1.196261079
229,229,scene_3.1,scene_3.1_y01,1,33,8,128.483808621,3.823653726,-342.084067241,270.0,90.0,0.0,False,False,1.196261079,1.196261079
230,230,scene_3.1,scene_3.1_y01,1,32,8,127.287547542,3.823653726,-342.084067241,270.0,90.0,0.0,False,False,1.196261079,1.196261079
231,231,scene_3.1,scene_3.1_y01,1,31,8,126.091286462,3.823653726,-342.084067241,270.0,90.0,0.0,False,False,1.196261079,1.196261079
232,232,scene_3.1,scene_3.1_y01,1,30,8,124.895025383,3.823653726,-342.084067241,270.0,90.0,0.0,False,False,1.196261079,1.196261079
233,233,scene_3.1,scene_3.1_y01,1,29,8,123.698764304,3.823653726,-342.084067241,270.0,90.0,0.0,False,False,1.196261079,1.196261079
234,234,scene_3.1,scene_3.1_y01,1,28,8,122.502503225,3.823653726,-342.084067241,270.0,90.0,0.0,False,False,1.196261079,1.196261079
235,235,scene_3.1,scene_3.1_y01,1,27,8,121.306242146,3.823653726,-342.084067241,270.0,90.0,0.0,False,False,1.196261079,1.196261079
236,236,scene_3.1,scene_3.1_y01,1,26,8,120.109981066,3.823653726,-342.084067241,270.0,90.0,0.0,False,False,1.196261079,1.196261079
237,237,scene_3.1,scene_3.1_y01,1,25,8,118.913719987,3.823653726,-342.084067241,270.0,90.0,0.0,False,False,1.196261079,1.196261079
238,238,scene_3.1,scene_3.1_y01,1,24,8,117.717458908,3.823653726,-342.084067241,270.0,90.0,0.0,False,False,1.196261079,1.196261079
239,239,scene_3.1,scene_3.1_y01,1,23,8,116.521197829,3.823653726,-342.084067241,270.0,90.0,0.0,False,False,1.196261079,1.196261079
240,240,scene_3.1,scene_3.1_y01,1,22,8,115.32493675,3.823653726,-342.084067241,270.0,90.0,0.0,False,False,1.196261079,1.196261079
241,241,scene_3.1,scene_3.1_y01,1,21,8,114.12867567,3.823653726,-342.084067241,270.0,90.0,0.0,False,False,1.196261079,1.196261079
242,242,scene_3.1,scene_3.1_y01,1,20,8,112.932414591,3.823653726,-342.084067241,270.0,90.0,0.0,False,False,1.196261079,1.196261079
243,243,scene_3.1,scene_3.1_y01,1,19,8,111.736153512,3.823653726,-342.084067241,270.0,90.0,0.0,False,False,1.196261079,1.196261079
244,244,scene_3.1,scene_3.1_y01,1,18,8,110.539892433,3.823653726,-342.084067241,270.0,90.0,0.0,False,False,1.196261079,1.196261079
245,245,scene_3.1,scene_3.1_y01,1,17,8,109.343631353,3.823653726,-342.084067241,270.0,90.0,0.0,False,False,1.196261079,1.196261079
246,246,scene_3.1,scene_3.1_y01,1,16,8,108.147370274,3.823653726,-342.084067241,270.0,90.0,0.0,False,False,1.196261079,1.196261079
247,247,scene_3.1,scene_3.1_y01,1,15,8,106.951109195,3.823653726,-342.084067241,270.0,90.0,0.0,False,False,1.196261079,1.196261079
248,248,scene_3.1,scene_3.1_y01,1,14,8,105.754848116,3.823653726,-342.084067241,270.0,90.0,0.0,False,False,1.196261079,1.196261079
249,249,scene_3.1,scene_3.1_y01,1,13,8,104.558587037,3.823653726,-342.084067241,270.0,90.0,0.0,False,False,1.196261079,1.196261079
250,250,scene_3.1,scene_3.1_y01,1,12,8,103.362325957,3.823653726,-342.084067241,270.0,90.0,0.0,False,False,1.196261079,1.196261079
251,251,scene_3.1,scene_3.1_y01,1,11,8,102.166064878,3.823653726,-342.084067241,270.0,90.0,0.0,False,False,1.196261079,1.196261079
252,252,scene_3.1,scene_3.1_y01,1,10,8,100.969803799,3.823653726,-342.084067241,270.0,90.0,0.0,False,False,1.196261079,1.196261079
253,253,scene_3.1,scene_3.1_y01,1,9,8,99.77354272,3.823653726,-342.084067241,270.0,90.0,0.0,False,False,1.196261079,1.196261079
254,254,scene_3.1,scene_3.1_y01,1,8,8,98.577281641,3.823653726,-342.084067241,270.0,90.0,0.0,False,False,1.196261079,1.196261079
255,255,scene_3.1,scene_3.1_y01,1,7,8,97.381020561,3.823653726,-342.084067241,0.0,180.0,0.0,False,False,1.196261079,1.040019907
256,256,scene_3.1,scene_3.1_y01,1,7,9,97.381020561,3.823653726,-341.044047334,90.0,270.0,0.0,False,False,1.040019907,1.196261079
257,257,scene_3.1,scene_3.1_y01,1,8,9,98.577281641,3.823653726,-341.044047334,90.0,270.0,0.0,False,False,1.196261079,1.196261079
258,258,scene_3.1,scene_3.1_y01,1,9,9,99.77354272,3.823653726,-341.044047334,90.0,270.0,0.0,True,False,1.196261079,1.196261079
259,259,scene_3.1,scene_3.1_y01,1,10,9,100.969803799,3.823653726,-341.044047334,90.0,270.0,0.0,False,False,1.196261079,1.196261079
260,260,scene_3.1,scene_3.1_y01,1,11,9,102.166064878,3.823653726,-341.044047334,90.0,270.0,0.0,False,False,1.196261079,1.196261079
261,261,scene_3.1,scene_3.1_y01,1,12,9,103.362325957,3.823653726,-341.044047334,90.0,270.0,0.0,True,False,1.196261079,1.196261079
262,262,scene_3.1,scene_3.1_y01,1,13,9,104.558587037,3.823653726,-341.044047334,90.0,270.0,0.0,False,False,1.196261079,1.196261079
263,263,scene_3.1,scene_3.1_y01,1,14,9,105.754848116,3.823653726,-341.044047334,90.0,270.0,0.0,False,False,1.196261079,1.196261079
264,264,scene_3.1,scene_3.1_y01,1,15,9,106.951109195,3.823653726,-341.044047334,90.0,270.0,0.0,True,False,1.196261079,1.196261079
265,265,scene_3.1,scene_3.1_y01,1,16,9,108.147370274,3.823653726,-341.044047334,90.0,270.0,0.0,False,False,1.196261079,1.196261079
266,266,scene_3.1,scene_3.1_y01,1,17,9,109.343631353,3.823653726,-341.044047334,90.0,270.0,0.0,False,False,1.196261079,1.196261079
267,267,scene_3.1,scene_3.1_y01,1,18,9,110.539892433,3.823653726,-341.044047334,90.0,270.0,0.0,True,False,1.196261079,1.196261079
268,268,scene_3.1,scene_3.1_y01,1,19,9,111.736153512,3.823653726,-341.044047334,90.0,270.0,0.0,False,False,1.196261079,1.196261079
269,269,scene_3.1,scene_3.1_y01,1,20,9,112.932414591,3.823653726,-341.044047334,90.0,270.0,0.0,False,False,1.196261079,1.196261079
270,270,scene_3.1,scene_3.1_y01,1,21,9,114.12867567,3.823653726,-341.044047334,90.0,270.0,0.0,True,False,1.196261079,1.196261079
271,271,scene_3.1,scene_3.1_y01,1,22,9,115.32493675,3.823653726,-341.044047334,90.0,270.0,0.0,False,False,1.196261079,1.196261079
272,272,scene_3.1,scene_3.1_y01,1,23,9,116.521197829,3.823653726,-341.044047334,90.0,270.0,0.0,False,False,1.196261079,1.196261079
273,273,scene_3.1,scene_3.1_y01,1,24,9,117.717458908,3.823653726,-341.044047334,90.0,270.0,0.0,True,False,1.196261079,1.196261079
274,274,scene_3.1,scene_3.1_y01,1,25,9,118.913719987,3.823653726,-341.044047334,90.0,270.0,0.0,False,False,1.196261079,1.196261079
275,275,scene_3.1,scene_3.1_y01,1,26,9,120.109981066,3.823653726,-341.044047334,90.0,270.0,0.0,False,False,1.196261079,1.196261079
276,276,scene_3.1,scene_3.1_y01,1,27,9,121.306242146,3.823653726,-341.044047334,90.0,270.0,0.0,True,False,1.196261079,1.196261079
277,277,scene_3.1,scene_3.1_y01,1,28,9,122.502503225,3.823653726,-341.044047334,90.0,270.0,0.0,False,False,1.196261079,1.196261079
278,278,scene_3.1,scene_3.1_y01,1,29,9,123.698764304,3.823653726,-341.044047334,90.0,270.0,0.0,False,False,1.196261079,1.196261079
279,279,scene_3.1,scene_3.1_y01,1,30,9,124.895025383,3.823653726,-341.044047334,90.0,270.0,0.0,True,False,1.196261079,1.196261079
280,280,scene_3.1,scene_3.1_y01,1,31,9,126.091286462,3.823653726,-341.044047334,90.0,270.0,0.0,False,False,1.196261079,1.196261079
281,281,scene_3.1,scene_3.1_y01,1,32,9,127.287547542,3.823653726,-341.044047334,90.0,270.0,0.0,False,False,1.196261079,1.196261079
282,282,scene_3.1,scene_3.1_y01,1,33,9,128.483808621,3.823653726,-341.044047334,90.0,270.0,0.0,True,False,1.196261079,1.196261079
283,283,scene_3.1,scene_3.1_y01,1,34,9,129.6800697,3.823653726,-341.044047334,90.0,270.0,0.0,False,False,1.196261079,1.196261079
284,284,scene_3.1,scene_3.1_y01,1,35,9,130.876330779,3.823653726,-341.044047334,90.0,270.0,0.0,False,False,1.196261079,1.196261079
285,285,scene_3.1,scene_3.1_y01,1,36,9,132.072591858,3.823653726,-341.044047334,90.0,270.0,0.0,True,False,1.196261079,1.196261079
286,286,scene_3.1,scene_3.1_y01,1,37,9,133.268852938,3.823653726,-341.044047334,90.0,270.0,0.0,False,False,1.196261079,1.196261079
287,287,scene_3.1,scene_3.1_y01,1,38,9,134.465114017,3.823653726,-341.044047334,0.0,180.0,0.0,False,False,1.196261079,1.040019907
288,288,scene_3.1,scene_3.1_y01,1,38,10,134.465114017,3.823653726,-340.004027428,270.0,90.0,0.0,False,False,1.040019907,1.196261079
289,289,scene_3.1,scene_3.1_y01,1,37,10,133.268852938,3.823653726,-340.004027428,270.0,90.0,0.0,False,False,1.196261079,1.196261079
290,290,scene_3.1,scene_3.1_y01,1,36,10,132.072591858,3.823653726,-340.004027428,270.0,90.0,0.0,False,False,1.196261079,1.196261079
291,291,scene_3.1,scene_3.1_y01,1,35,10,130.876330779,3.823653726,-340.004027428,270.0,90.0,0.0,False,False,1.196261079,1.196261079
292,292,scene_3.1,scene_3.1_y01,1,34,10,129.6800697,3.823653726,-340.004027428,270.0,90.0,0.0,False,False,1.196261079,1.196261079
293,293,scene_3.1,scene_3.1_y01,1,33,10,128.483808621,3.823653726,-340.004027428,270.0,90.0,0.0,False,False,1.196261079,1.196261079
294,294,scene_3.1,scene_3.1_y01,1,32,10,127.287547542,3.823653726,-340.004027428,270.0,90.0,0.0,False,False,1.196261079,1.196261079
295,295,scene_3.1,scene_3.1_y01,1,31,10,126.091286462,3.823653726,-340.004027428,270.0,90.0,0.0,False,False,1.196261079,1.196261079
296,296,scene_3.1,scene_3.1_y01,1,30,10,124.895025383,3.823653726,-340.004027428,270.0,90.0,0.0,False,False,1.196261079,1.196261079
297,297,scene_3.1,scene_3.1_y01,1,29,10,123.698764304,3.823653726,-340.004027428,270.0,90.0,0.0,False,False,1.196261079,1.196261079
298,298,scene_3.1,scene_3.1_y01,1,28,10,122.502503225,3.823653726,-340.004027428,270.0,90.0,0.0,False,False,1.196261079,1.196261079
299,299,scene_3.1,scene_3.1_y01,1,27,10,121.306242146,3.823653726,-340.004027428,270.0,90.0,0.0,False,False,1.196261079,1.196261079
300,300,scene_3.1,scene_3.1_y01,1,26,10,120.109981066,3.823653726,-340.004027428,270.0,90.0,0.0,False,False,1.196261079,1.196261079
301,301,scene_3.1,scene_3.1_y01,1,25,10,118.913719987,3.823653726,-340.004027428,270.0,90.0,0.0,False,False,1.196261079,1.196261079
302,302,scene_3.1,scene_3.1_y01,1,24,10,117.717458908,3.823653726,-340.004027428,270.0,90.0,0.0,False,False,1.196261079,1.196261079
303,303,scene_3.1,scene_3.1_y01,1,23,10,116.521197829,3.823653726,-340.004027428,270.0,90.0,0.0,False,False,1.196261079,1.196261079
304,304,scene_3.1,scene_3.1_y01,1,22,10,115.32493675,3.823653726,-340.004027428,270.0,90.0,0.0,False,False,1.196261079,1.196261079
305,305,scene_3.1,scene_3.1_y01,1,21,10,114.12867567,3.823653726,-340.004027428,270.0,90.0,0.0,False,False,1.196261079,1.196261079
306,306,scene_3.1,scene_3.1_y01,1,20,10,112.932414591,3.823653726,-340.004027428,270.0,90.0,0.0,False,False,1.196261079,1.196261079
307,307,scene_3.1,scene_3.1_y01,1,19,10,111.736153512,3.823653726,-340.004027428,270.0,90.0,0.0,False,False,1.196261079,1.196261079
308,308,scene_3.1,scene_3.1_y01,1,18,10,110.539892433,3.823653726,-340.004027428,270.0,90.0,0.0,False,False,1.196261079,1.196261079
309,309,scene_3.1,scene_3.1_y01,1,17,10,109.343631353,3.823653726,-340.004027428,270.0,90.0,0.0,False,False,1.196261079,1.196261079
310,310,scene_3.1,scene_3.1_y01,1,16,10,108.147370274,3.823653726,-340.004027428,270.0,90.0,0.0,False,False,1.196261079,1.196261079
311,311,scene_3.1,scene_3.1_y01,1,15,10,106.951109195,3.823653726,-340.004027428,270.0,90.0,0.0,False,False,1.196261079,1.196261079
312,312,scene_3.1,scene_3.1_y01,1,14,10,105.754848116,3.823653726,-340.004027428,270.0,90.0,0.0,False,False,1.196261079,1.196261079
313,313,scene_3.1,scene_3.1_y01,1,13,10,104.558587037,3.823653726,-340.004027428,270.0,90.0,0.0,False,False,1.196261079,1.196261079
314,314,scene_3.1,scene_3.1_y01,1,12,10,103.362325957,3.823653726,-340.004027428,270.0,90.0,0.0,False,False,1.196261079,1.196261079
315,315,scene_3.1,scene_3.1_y01,1,11,10,102.166064878,3.823653726,-340.004027428,270.0,90.0,0.0,False,False,1.196261079,1.196261079
316,316,scene_3.1,scene_3.1_y01,1,10,10,100.969803799,3.823653726,-340.004027428,270.0,90.0,0.0,False,False,1.196261079,1.196261079
317,317,scene_3.1,scene_3.1_y01,1,9,10,99.77354272,3.823653726,-340.004027428,270.0,90.0,0.0,False,False,1.196261079,1.196261079
318,318,scene_3.1,scene_3.1_y01,1,8,10,98.577281641,3.823653726,-340.004027428,270.0,90.0,0.0,False,False,1.196261079,1.196261079
319,319,scene_3.1,scene_3.1_y01,1,7,10,97.381020561,3.823653726,-340.004027428,66.505605946,246.505605946,0.0,False,False,1.196261079,1.304396765
320,320,scene_3.1,scene_3.1_y01,1,-1,-1,98.577281641,3.823653726,-339.484017475,66.505605946,246.505605946,0.0,False,True,1.304396765,1.304396765
321,321,scene_3.1,scene_3.1_y01,1,9,11,99.77354272,3.823653726,-338.964007521,90.0,270.0,0.0,False,False,1.304396765,1.196261079
322,322,scene_3.1,scene_3.1_y01,1,10,11,100.969803799,3.823653726,-338.964007521,90.0,270.0,0.0,False,False,1.196261079,1.196261079
323,323,scene_3.1,scene_3.1_y01,1,11,11,102.166064878,3.823653726,-338.964007521,90.0,270.0,0.0,False,False,1.196261079,1.196261079
324,324,scene_3.1,scene_3.1_y01,1,12,11,103.362325957,3.823653726,-338.964007521,90.0,270.0,0.0,False,False,1.196261079,1.196261079
325,325,scene_3.1,scene_3.1_y01,1,13,11,104.558587037,3.823653726,-338.964007521,90.0,270.0,0.0,False,False,1.196261079,1.196261079
326,326,scene_3.1,scene_3.1_y01,1,14,11,105.754848116,3.823653726,-338.964007521,90.0,270.0,0.0,False,False,1.196261079,1.196261079
327,327,scene_3.1,scene_3.1_y01,1,15,11,106.951109195,3.823653726,-338.964007521,90.0,270.0,0.0,False,False,1.196261079,1.196261079
328,328,scene_3.1,scene_3.1_y01,1,16,11,108.147370274,3.823653726,-338.964007521,90.0,270.0,0.0,False,False,1.196261079,1.196261079
329,329,scene_3.1,scene_3.1_y01,1,17,11,109.343631353,3.823653726,-338.964007521,90.0,270.0,0.0,False,False,1.196261079,1.196261079
330,330,scene_3.1,scene_3.1_y01,1,18,11,110.539892433,3.823653726,-338.964007521,90.0,270.0,0.0,False,False,1.196261079,1.196261079
331,331,scene_3.1,scene_3.1_y01,1,19,11,111.736153512,3.823653726,-338.964007521,90.0,270.0,0.0,False,False,1.196261079,1.196261079
332,332,scene_3.1,scene_3.1_y01,1,20,11,112.932414591,3.823653726,-338.964007521,90.0,270.0,0.0,False,False,1.196261079,1.196261079
333,333,scene_3.1,scene_3.1_y01,1,21,11,114.12867567,3.823653726,-338.964007521,90.0,270.0,0.0,False,False,1.196261079,1.196261079
334,334,scene_3.1,scene_3.1_y01,1,22,11,115.32493675,3.823653726,-338.964007521,90.0,270.0,0.0,False,False,1.196261079,1.196261079
335,335,scene_3.1,scene_3.1_y01,1,23,11,116.521197829,3.823653726,-338.964007521,90.0,270.0,0.0,False,False,1.196261079,1.196261079
336,336,scene_3.1,scene_3.1_y01,1,24,11,117.717458908,3.823653726,-338.964007521,90.0,270.0,0.0,False,False,1.196261079,1.196261079
337,337,scene_3.1,scene_3.1_y01,1,25,11,118.913719987,3.823653726,-338.964007521,90.0,270.0,0.0,False,False,1.196261079,1.196261079
338,338,scene_3.1,scene_3.1_y01,1,26,11,120.109981066,3.823653726,-338.964007521,90.0,270.0,0.0,False,False,1.196261079,1.196261079
339,339,scene_3.1,scene_3.1_y01,1,27,11,121.306242146,3.823653726,-338.964007521,90.0,270.0,0.0,False,False,1.196261079,1.196261079
340,340,scene_3.1,scene_3.1_y01,1,28,11,122.502503225,3.823653726,-338.964007521,90.0,270.0,0.0,False,False,1.196261079,1.196261079
341,341,scene_3.1,scene_3.1_y01,1,29,11,123.698764304,3.823653726,-338.964007521,90.0,270.0,0.0,False,False,1.196261079,1.196261079
342,342,scene_3.1,scene_3.1_y01,1,30,11,124.895025383,3.823653726,-338.964007521,90.0,270.0,0.0,False,False,1.196261079,1.196261079
343,343,scene_3.1,scene_3.1_y01,1,31,11,126.091286462,3.823653726,-338.964007521,90.0,270.0,0.0,False,False,1.196261079,1.196261079
344,344,scene_3.1,scene_3.1_y01,1,32,11,127.287547542,3.823653726,-338.964007521,90.0,270.0,0.0,False,False,1.196261079,1.196261079
345,345,scene_3.1,scene_3.1_y01,1,33,11,128.483808621,3.823653726,-338.964007521,90.0,270.0,0.0,False,False,1.196261079,1.196261079
346,346,scene_3.1,scene_3.1_y01,1,34,11,129.6800697,3.823653726,-338.964007521,90.0,270.0,0.0,False,False,1.196261079,1.196261079
347,347,scene_3.1,scene_3.1_y01,1,35,11,130.876330779,3.823653726,-338.964007521,90.0,270.0,0.0,False,False,1.196261079,1.196261079
348,348,scene_3.1,scene_3.1_y01,1,36,11,132.072591858,3.823653726,-338.964007521,90.0,270.0,0.0,False,False,1.196261079,1.196261079
349,349,scene_3.1,scene_3.1_y01,1,37,11,133.268852938,3.823653726,-338.964007521,90.0,270.0,0.0,False,False,1.196261079,1.196261079
350,350,scene_3.1,scene_3.1_y01,1,38,11,134.465114017,3.823653726,-338.964007521,0.0,180.0,0.0,False,False,1.196261079,1.040019907
351,351,scene_3.1,scene_3.1_y01,1,38,12,134.465114017,3.823653726,-337.923987615,270.0,90.0,0.0,False,False,1.040019907,1.196261079
352,352,scene_3.1,scene_3.1_y01,1,37,12,133.268852938,3.823653726,-337.923987615,270.0,90.0,0.0,False,False,1.196261079,1.196261079
353,353,scene_3.1,scene_3.1_y01,1,36,12,132.072591858,3.823653726,-337.923987615,270.0,90.0,0.0,True,False,1.196261079,1.196261079
354,354,scene_3.1,scene_3.1_y01,1,35,12,130.876330779,3.823653726,-337.923987615,270.0,90.0,0.0,False,False,1.196261079,1.196261079
355,355,scene_3.1,scene_3.1_y01,1,34,12,129.6800697,3.823653726,-337.923987615,270.0,90.0,0.0,False,False,1.196261079,1.196261079
356,356,scene_3.1,scene_3.1_y01,1,33,12,128.483808621,3.823653726,-337.923987615,270.0,90.0,0.0,True,False,1.196261079,1.196261079
357,357,scene_3.1,scene_3.1_y01,1,32,12,127.287547542,3.823653726,-337.923987615,270.0,90.0,0.0,False,False,1.196261079,1.196261079
358,358,scene_3.1,scene_3.1_y01,1,31,12,126.091286462,3.823653726,-337.923987615,270.0,90.0,0.0,False,False,1.196261079,1.196261079
359,359,scene_3.1,scene_3.1_y01,1,30,12,124.895025383,3.823653726,-337.923987615,270.0,90.0,0.0,True,False,1.196261079,1.196261079
360,360,scene_3.1,scene_3.1_y01,1,29,12,123.698764304,3.823653726,-337.923987615,270.0,90.0,0.0,False,False,1.196261079,1.196261079
361,361,scene_3.1,scene_3.1_y01,1,28,12,122.502503225,3.823653726,-337.923987615,270.0,90.0,0.0,False,False,1.196261079,1.196261079
362,362,scene_3.1,scene_3.1_y01,1,27,12,121.306242146,3.823653726,-337.923987615,270.0,90.0,0.0,True,False,1.196261079,1.196261079
363,363,scene_3.1,scene_3.1_y01,1,26,12,120.109981066,3.823653726,-337.923987615,270.0,90.0,0.0,False,False,1.196261079,1.196261079
364,364,scene_3.1,scene_3.1_y01,1,25,12,118.913719987,3.823653726,-337.923987615,270.0,90.0,0.0,False,False,1.196261079,1.196261079
365,365,scene_3.1,scene_3.1_y01,1,24,12,117.717458908,3.823653726,-337.923987615,270.0,90.0,0.0,True,False,1.196261079,1.196261079
366,366,scene_3.1,scene_3.1_y01,1,23,12,116.521197829,3.823653726,-337.923987615,270.0,90.0,0.0,False,False,1.196261079,1.196261079
367,367,scene_3.1,scene_3.1_y01,1,22,12,115.32493675,3.823653726,-337.923987615,270.0,90.0,0.0,False,False,1.196261079,1.196261079
368,368,scene_3.1,scene_3.1_y01,1,21,12,114.12867567,3.823653726,-337.923987615,270.0,90.0,0.0,True,False,1.196261079,1.196261079
369,369,scene_3.1,scene_3.1_y01,1,20,12,112.932414591,3.823653726,-337.923987615,270.0,90.0,0.0,False,False,1.196261079,1.196261079
370,370,scene_3.1,scene_3.1_y01,1,19,12,111.736153512,3.823653726,-337.923987615,270.0,90.0,0.0,False,False,1.196261079,1.196261079
371,371,scene_3.1,scene_3.1_y01,1,18,12,110.539892433,3.823653726,-337.923987615,270.0,90.0,0.0,True,False,1.196261079,1.196261079
372,372,scene_3.1,scene_3.1_y01,1,17,12,109.343631353,3.823653726,-337.923987615,270.0,90.0,0.0,False,False,1.196261079,1.196261079
373,373,scene_3.1,scene_3.1_y01,1,16,12,108.147370274,3.823653726,-337.923987615,270.0,90.0,0.0,False,False,1.196261079,1.196261079
374,374,scene_3.1,scene_3.1_y01,1,15,12,106.951109195,3.823653726,-337.923987615,270.0,90.0,0.0,True,False,1.196261079,1.196261079
375,375,scene_3.1,scene_3.1_y01,1,14,12,105.754848116,3.823653726,-337.923987615,270.0,90.0,0.0,False,False,1.196261079,1.196261079
376,376,scene_3.1,scene_3.1_y01,1,13,12,104.558587037,3.823653726,-337.923987615,270.0,90.0,0.0,False,False,1.196261079,1.196261079
377,377,scene_3.1,scene_3.1_y01,1,12,12,103.362325957,3.823653726,-337.923987615,270.0,90.0,0.0,True,False,1.196261079,1.196261079
378,378,scene_3.1,scene_3.1_y01,1,11,12,102.166064878,3.823653726,-337.923987615,73.838551312,253.838551312,0.0,False,False,1.196261079,1.868221516
379,379,scene_3.1,scene_3.1_y01,1,-1,-1,103.960456497,3.823653726,-337.403977661,73.838551312,253.838551312,0.0,False,True,1.868221516,1.868221516
380,380,scene_3.1,scene_3.1_y01,1,14,13,105.754848116,3.823653726,-336.883967708,90.0,270.0,0.0,False,False,1.868221516,1.196261079
381,381,scene_3.1,scene_3.1_y01,1,15,13,106.951109195,3.823653726,-336.883967708,90.0,270.0,0.0,False,False,1.196261079,1.196261079
382,382,scene_3.1,scene_3.1_y01,1,16,13,108.147370274,3.823653726,-336.883967708,90.0,270.0,0.0,False,False,1.196261079,1.196261079
383,383,scene_3.1,scene_3.1_y01,1,17,13,109.343631353,3.823653726,-336.883967708,90.0,270.0,0.0,False,False,1.196261079,1.196261079
384,384,scene_3.1,scene_3.1_y01,1,18,13,110.539892433,3.823653726,-336.883967708,90.0,270.0,0.0,False,False,1.196261079,1.196261079
385,385,scene_3.1,scene_3.1_y01,1,19,13,111.736153512,3.823653726,-336.883967708,90.0,270.0,0.0,False,False,1.196261079,1.196261079
386,386,scene_3.1,scene_3.1_y01,1,20,13,112.932414591,3.823653726,-336.883967708,90.0,270.0,0.0,False,False,1.196261079,1.196261079
387,387,scene_3.1,scene_3.1_y01,1,21,13,114.12867567,3.823653726,-336.883967708,90.0,270.0,0.0,False,False,1.196261079,1.196261079
388,388,scene_3.1,scene_3.1_y01,1,22,13,115.32493675,3.823653726,-336.883967708,90.0,270.0,0.0,False,False,1.196261079,1.196261079
389,389,scene_3.1,scene_3.1_y01,1,23,13,116.521197829,3.823653726,-336.883967708,90.0,270.0,0.0,False,False,1.196261079,1.196261079
390,390,scene_3.1,scene_3.1_y01,1,24,13,117.717458908,3.823653726,-336.883967708,90.0,270.0,0.0,False,False,1.196261079,1.196261079
391,391,scene_3.1,scene_3.1_y01,1,25,13,118.913719987,3.823653726,-336.883967708,90.0,270.0,0.0,False,False,1.196261079,1.196261079
392,392,scene_3.1,scene_3.1_y01,1,26,13,120.109981066,3.823653726,-336.883967708,90.0,270.0,0.0,False,False,1.196261079,1.196261079
393,393,scene_3.1,scene_3.1_y01,1,27,13,121.306242146,3.823653726,-336.883967708,90.0,270.0,0.0,False,False,1.196261079,1.196261079
394,394,scene_3.1,scene_3.1_y01,1,28,13,122.502503225,3.823653726,-336.883967708,90.0,270.0,0.0,False,False,1.196261079,1.196261079
395,395,scene_3.1,scene_3.1_y01,1,29,13,123.698764304,3.823653726,-336.883967708,90.0,270.0,0.0,False,False,1.196261079,1.196261079
396,396,scene_3.1,scene_3.1_y01,1,30,13,124.895025383,3.823653726,-336.883967708,90.0,270.0,0.0,False,False,1.196261079,1.196261079
397,397,scene_3.1,scene_3.1_y01,1,31,13,126.091286462,3.823653726,-336.883967708,90.0,270.0,0.0,False,False,1.196261079,1.196261079
398,398,scene_3.1,scene_3.1_y01,1,32,13,127.287547542,3.823653726,-336.883967708,90.0,270.0,0.0,False,False,1.196261079,1.196261079
399,399,scene_3.1,scene_3.1_y01,1,33,13,128.483808621,3.823653726,-336.883967708,90.0,270.0,0.0,False,False,1.196261079,1.196261079
400,400,scene_3.1,scene_3.1_y01,1,34,13,129.6800697,3.823653726,-336.883967708,90.0,270.0,0.0,False,False,1.196261079,1.196261079
401,401,scene_3.1,scene_3.1_y01,1,35,13,130.876330779,3.823653726,-336.883967708,90.0,270.0,0.0,False,False,1.196261079,1.196261079
402,402,scene_3.1,scene_3.1_y01,1,36,13,132.072591858,3.823653726,-336.883967708,90.0,270.0,0.0,False,False,1.196261079,1.196261079
403,403,scene_3.1,scene_3.1_y01,1,37,13,133.268852938,3.823653726,-336.883967708,90.0,270.0,0.0,False,False,1.196261079,1.196261079
404,404,scene_3.1,scene_3.1_y01,1,38,13,134.465114017,3.823653726,-336.883967708,0.0,180.0,0.0,False,False,1.196261079,1.040019907
405,405,scene_3.1,scene_3.1_y01,1,38,14,134.465114017,3.823653726,-335.843947801,270.0,90.0,0.0,False,False,1.040019907,1.196261079
406,406,scene_3.1,scene_3.1_y01,1,37,14,133.268852938,3.823653726,-335.843947801,270.0,90.0,0.0,False,False,1.196261079,1.196261079
407,407,scene_3.1,scene_3.1_y01,1,36,14,132.072591858,3.823653726,-335.843947801,270.0,90.0,0.0,False,False,1.196261079,1.196261079
408,408,scene_3.1,scene_3.1_y01,1,35,14,130.876330779,3.823653726,-335.843947801,270.0,90.0,0.0,False,False,1.196261079,1.196261079
409,409,scene_3.1,scene_3.1_y01,1,34,14,129.6800697,3.823653726,-335.843947801,270.0,90.0,0.0,False,False,1.196261079,1.196261079
410,410,scene_3.1,scene_3.1_y01,1,33,14,128.483808621,3.823653726,-335.843947801,270.0,90.0,0.0,False,False,1.196261079,1.196261079
411,411,scene_3.1,scene_3.1_y01,1,32,14,127.287547542,3.823653726,-335.843947801,270.0,90.0,0.0,False,False,1.196261079,1.196261079
412,412,scene_3.1,scene_3.1_y01,1,31,14,126.091286462,3.823653726,-335.843947801,270.0,90.0,0.0,False,False,1.196261079,1.196261079
413,413,scene_3.1,scene_3.1_y01,1,30,14,124.895025383,3.823653726,-335.843947801,270.0,90.0,0.0,False,False,1.196261079,1.196261079
414,414,scene_3.1,scene_3.1_y01,1,29,14,123.698764304,3.823653726,-335.843947801,270.0,90.0,0.0,False,False,1.196261079,1.196261079
415,415,scene_3.1,scene_3.1_y01,1,28,14,122.502503225,3.823653726,-335.843947801,270.0,90.0,0.0,False,False,1.196261079,1.196261079
416,416,scene_3.1,scene_3.1_y01,1,27,14,121.306242146,3.823653726,-335.843947801,270.0,90.0,0.0,False,False,1.196261079,1.196261079
417,417,scene_3.1,scene_3.1_y01,1,26,14,120.109981066,3.823653726,-335.843947801,270.0,90.0,0.0,False,False,1.196261079,1.196261079
418,418,scene_3.1,scene_3.1_y01,1,25,14,118.913719987,3.823653726,-335.843947801,270.0,90.0,0.0,False,False,1.196261079,1.196261079
419,419,scene_3.1,scene_3.1_y01,1,24,14,117.717458908,3.823653726,-335.843947801,270.0,90.0,0.0,False,False,1.196261079,1.196261079
420,420,scene_3.1,scene_3.1_y01,1,23,14,116.521197829,3.823653726,-335.843947801,270.0,90.0,0.0,False,False,1.196261079,1.196261079
421,421,scene_3.1,scene_3.1_y01,1,22,14,115.32493675,3.823653726,-335.843947801,270.0,90.0,0.0,False,False,1.196261079,1.196261079
422,422,scene_3.1,scene_3.1_y01,1,21,14,114.12867567,3.823653726,-335.843947801,270.0,90.0,0.0,False,False,1.196261079,1.196261079
423,423,scene_3.1,scene_3.1_y01,1,20,14,112.932414591,3.823653726,-335.843947801,270.0,90.0,0.0,False,False,1.196261079,1.196261079
424,424,scene_3.1,scene_3.1_y01,1,19,14,111.736153512,3.823653726,-335.843947801,270.0,90.0,0.0,False,False,1.196261079,1.196261079
425,425,scene_3.1,scene_3.1_y01,1,18,14,110.539892433,3.823653726,-335.843947801,270.0,90.0,0.0,False,False,1.196261079,1.196261079
426,426,scene_3.1,scene_3.1_y01,1,17,14,109.343631353,3.823653726,-335.843947801,270.0,90.0,0.0,False,False,1.196261079,1.196261079
427,427,scene_3.1,scene_3.1_y01,1,16,14,108.147370274,3.823653726,-335.843947801,66.505605946,246.505605946,0.0,False,False,1.196261079,1.304396765
428,428,scene_3.1,scene_3.1_y01,1,-1,-1,109.343631353,3.823653726,-335.323937848,66.505605946,246.505605946,0.0,False,True,1.304396765,1.304396765
429,429,scene_3.1,scene_3.1_y01,1,18,15,110.539892433,3.823653726,-334.803927895,90.0,270.0,0.0,True,False,1.304396765,1.196261079
430,430,scene_3.1,scene_3.1_y01,1,19,15,111.736153512,3.823653726,-334.803927895,90.0,270.0,0.0,False,False,1.196261079,1.196261079
431,431,scene_3.1,scene_3.1_y01,1,20,15,112.932414591,3.823653726,-334.803927895,90.0,270.0,0.0,False,False,1.196261079,1.196261079
432,432,scene_3.1,scene_3.1_y01,1,21,15,114.12867567,3.823653726,-334.803927895,90.0,270.0,0.0,True,False,1.196261079,1.196261079
433,433,scene_3.1,scene_3.1_y01,1,22,15,115.32493675,3.823653726,-334.803927895,90.0,270.0,0.0,False,False,1.196261079,1.196261079
434,434,scene_3.1,scene_3.1_y01,1,23,15,116.521197829,3.823653726,-334.803927895,90.0,270.0,0.0,False,False,1.196261079,1.196261079
435,435,scene_3.1,scene_3.1_y01,1,24,15,117.717458908,3.823653726,-334.803927895,90.0,270.0,0.0,True,False,1.196261079,1.196261079
436,436,scene_3.1,scene_3.1_y01,1,25,15,118.913719987,3.823653726,-334.803927895,90.0,270.0,0.0,False,False,1.196261079,1.196261079
437,437,scene_3.1,scene_3.1_y01,1,26,15,120.109981066,3.823653726,-334.803927895,90.0,270.0,0.0,False,False,1.196261079,1.196261079
438,438,scene_3.1,scene_3.1_y01,1,27,15,121.306242146,3.823653726,-334.803927895,90.0,270.0,0.0,True,False,1.196261079,1.196261079
439,439,scene_3.1,scene_3.1_y01,1,28,15,122.502503225,3.823653726,-334.803927895,90.0,270.0,0.0,False,False,1.196261079,1.196261079
440,440,scene_3.1,scene_3.1_y01,1,29,15,123.698764304,3.823653726,-334.803927895,90.0,270.0,0.0,False,False,1.196261079,1.196261079
441,441,scene_3.1,scene_3.1_y01,1,30,15,124.895025383,3.823653726,-334.803927895,90.0,270.0,0.0,True,False,1.196261079,1.196261079
442,442,scene_3.1,scene_3.1_y01,1,31,15,126.091286462,3.823653726,-334.803927895,90.0,270.0,0.0,False,False,1.196261079,1.196261079
443,443,scene_3.1,scene_3.1_y01,1,32,15,127.287547542,3.823653726,-334.803927895,90.0,270.0,0.0,False,False,1.196261079,1.196261079
444,444,scene_3.1,scene_3.1_y01,1,33,15,128.483808621,3.823653726,-334.803927895,90.0,270.0,0.0,True,False,1.196261079,1.196261079
445,445,scene_3.1,scene_3.1_y01,1,34,15,129.6800697,3.823653726,-334.803927895,90.0,270.0,0.0,False,False,1.196261079,1.196261079
446,446,scene_3.1,scene_3.1_y01,1,35,15,130.876330779,3.823653726,-334.803927895,90.0,270.0,0.0,False,False,1.196261079,1.196261079
447,447,scene_3.1,scene_3.1_y01,1,36,15,132.072591858,3.823653726,-334.803927895,90.0,270.0,0.0,True,False,1.196261079,1.196261079
448,448,scene_3.1,scene_3.1_y01,1,37,15,133.268852938,3.823653726,-334.803927895,90.0,270.0,0.0,False,False,1.196261079,1.196261079
449,449,scene_3.1,scene_3.1_y01,1,38,15,134.465114017,3.823653726,-334.803927895,0.0,180.0,0.0,False,False,1.196261079,1.040019907
450,450,scene_3.1,scene_3.1_y01,1,38,16,134.465114017,3.823653726,-333.763907988,270.0,90.0,0.0,False,False,1.040019907,1.196261079
451,451,scene_3.1,scene_3.1_y01,1,37,16,133.268852938,3.823653726,-333.763907988,270.0,90.0,0.0,False,False,1.196261079,1.196261079
452,452,scene_3.1,scene_3.1_y01,1,36,16,132.072591858,3.823653726,-333.763907988,270.0,90.0,0.0,False,False,1.196261079,1.196261079
453,453,scene_3.1,scene_3.1_y01,1,35,16,130.876330779,3.823653726,-333.763907988,270.0,90.0,0.0,False,False,1.196261079,1.196261079
454,454,scene_3.1,scene_3.1_y01,1,34,16,129.6800697,3.823653726,-333.763907988,270.0,90.0,0.0,False,False,1.196261079,1.196261079
455,455,scene_3.1,scene_3.1_y01,1,33,16,128.483808621,3.823653726,-333.763907988,270.0,90.0,0.0,False,False,1.196261079,1.196261079
456,456,scene_3.1,scene_3.1_y01,1,32,16,127.287547542,3.823653726,-333.763907988,270.0,90.0,0.0,False,False,1.196261079,1.196261079
457,457,scene_3.1,scene_3.1_y01,1,31,16,126.091286462,3.823653726,-333.763907988,270.0,90.0,0.0,False,False,1.196261079,1.196261079
458,458,scene_3.1,scene_3.1_y01,1,30,16,124.895025383,3.823653726,-333.763907988,270.0,90.0,0.0,False,False,1.196261079,1.196261079
459,459,scene_3.1,scene_3.1_y01,1,29,16,123.698764304,3.823653726,-333.763907988,270.0,90.0,0.0,False,False,1.196261079,1.196261079
460,460,scene_3.1,scene_3.1_y01,1,28,16,122.502503225,3.823653726,-333.763907988,270.0,90.0,0.0,False,False,1.196261079,1.196261079
461,461,scene_3.1,scene_3.1_y01,1,27,16,121.306242146,3.823653726,-333.763907988,270.0,90.0,0.0,False,False,1.196261079,1.196261079
462,462,scene_3.1,scene_3.1_y01,1,26,16,120.109981066,3.823653726,-333.763907988,270.0,90.0,0.0,False,False,1.196261079,1.196261079
463,463,scene_3.1,scene_3.1_y01,1,25,16,118.913719987,3.823653726,-333.763907988,270.0,90.0,0.0,False,False,1.196261079,1.196261079
464,464,scene_3.1,scene_3.1_y01,1,24,16,117.717458908,3.823653726,-333.763907988,270.0,90.0,0.0,False,False,1.196261079,1.196261079
465,465,scene_3.1,scene_3.1_y01,1,23,16,116.521197829,3.823653726,-333.763907988,270.0,90.0,0.0,False,False,1.196261079,1.196261079
466,466,scene_3.1,scene_3.1_y01,1,22,16,115.32493675,3.823653726,-333.763907988,270.0,90.0,0.0,False,False,1.196261079,1.196261079
467,467,scene_3.1,scene_3.1_y01,1,21,16,114.12867567,3.823653726,-333.763907988,80.136118842,260.136118842,0.0,False,False,1.196261079,1.517762655
468,468,scene_3.1,scene_3.1_y01,1,-1,-1,115.624002019,3.823653726,-333.503903012,80.136118842,260.136118842,0.0,False,True,1.517762655,1.517762655
469,469,scene_3.1,scene_3.1_y01,1,-1,-1,117.119328368,3.823653726,-333.243898035,80.136118842,260.136118842,0.0,False,True,1.517762655,1.517762655
470,470,scene_3.1,scene_3.1_y01,1,-1,-1,118.614654717,3.823653726,-332.983893058,80.136118842,260.136118842,0.0,False,True,1.517762655,1.517762655
471,471,scene_3.1,scene_3.1_y01,1,26,17,120.109981066,3.823653726,-332.723888082,90.0,270.0,0.0,False,False,1.517762655,1.196261079
472,472,scene_3.1,scene_3.1_y01,1,27,17,121.306242146,3.823653726,-332.723888082,90.0,270.0,0.0,False,False,1.196261079,1.196261079
473,473,scene_3.1,scene_3.1_y01,1,28,17,122.502503225,3.823653726,-332.723888082,90.0,270.0,0.0,False,False,1.196261079,1.196261079
474,474,scene_3.1,scene_3.1_y01,1,29,17,123.698764304,3.823653726,-332.723888082,90.0,270.0,0.0,False,False,1.196261079,1.196261079
475,475,scene_3.1,scene_3.1_y01,1,30,17,124.895025383,3.823653726,-332.723888082,90.0,270.0,0.0,False,False,1.196261079,1.196261079
476,476,scene_3.1,scene_3.1_y01,1,31,17,126.091286462,3.823653726,-332.723888082,90.0,270.0,0.0,False,False,1.196261079,1.196261079
477,477,scene_3.1,scene_3.1_y01,1,32,17,127.287547542,3.823653726,-332.723888082,90.0,270.0,0.0,False,False,1.196261079,1.196261079
478,478,scene_3.1,scene_3.1_y01,1,33,17,128.483808621,3.823653726,-332.723888082,90.0,270.0,0.0,False,False,1.196261079,1.196261079
479,479,scene_3.1,scene_3.1_y01,1,34,17,129.6800697,3.823653726,-332.723888082,90.0,270.0,0.0,False,False,1.196261079,1.196261079
480,480,scene_3.1,scene_3.1_y01,1,35,17,130.876330779,3.823653726,-332.723888082,90.0,270.0,0.0,False,False,1.196261079,1.196261079
481,481,scene_3.1,scene_3.1_y01,1,36,17,132.072591858,3.823653726,-332.723888082,90.0,270.0,0.0,False,False,1.196261079,1.196261079
482,482,scene_3.1,scene_3.1_y01,1,37,17,133.268852938,3.823653726,-332.723888082,90.0,270.0,0.0,False,False,1.196261079,0.0
483,1,scene_3.1,scene_3.1_y02,2,38,26,134.465114017,7.260306399,-323.363708922,180.0,0.0,-10.0,False,False,10.042637904,1.040019907
484,2,scene_3.1,scene_3.1_y02,2,38,25,134.465114017,7.260306399,-324.403728829,180.0,0.0,-10.0,False,False,1.040019907,1.040019907
485,3,scene_3.1,scene_3.1_y02,2,38,24,134.465114017,7.260306399,-325.443748735,180.0,0.0,-10.0,False,False,1.040019907,1.040019907
486,4,scene_3.1,scene_3.1_y02,2,38,23,134.465114017,7.260306399,-326.483768642,180.0,0.0,-10.0,False,False,1.040019907,1.040019907
487,5,scene_3.1,scene_3.1_y02,2,38,22,134.465114017,7.260306399,-327.523788548,180.0,0.0,-10.0,False,False,1.040019907,1.040019907
488,6,scene_3.1,scene_3.1_y02,2,38,21,134.465114017,7.260306399,-328.563808455,180.0,0.0,-10.0,False,False,1.040019907,1.040019907
489,7,scene_3.1,scene_3.1_y02,2,38,20,134.465114017,7.260306399,-329.603828362,180.0,0.0,-10.0,False,False,1.040019907,1.040019907
490,8,scene_3.1,scene_3.1_y02,2,38,19,134.465114017,7.260306399,-330.643848268,180.0,0.0,-10.0,False,False,1.040019907,1.040019907
491,9,scene_3.1,scene_3.1_y02,2,38,18,134.465114017,7.260306399,-331.683868175,180.0,0.0,-10.0,False,False,1.040019907,1.040019907
492,10,scene_3.1,scene_3.1_y02,2,38,17,134.465114017,7.260306399,-332.723888082,180.0,0.0,-10.0,False,False,1.040019907,1.040019907
493,11,scene_3.1,scene_3.1_y02,2,38,16,134.465114017,7.260306399,-333.763907988,180.0,0.0,-10.0,False,False,1.040019907,1.040019907
494,12,scene_3.1,scene_3.1_y02,2,38,15,134.465114017,7.260306399,-334.803927895,180.0,0.0,-10.0,False,False,1.040019907,1.040019907
495,13,scene_3.1,scene_3.1_y02,2,38,14,134.465114017,7.260306399,-335.843947801,180.0,0.0,-10.0,False,False,1.040019907,1.040019907
496,14,scene_3.1,scene_3.1_y02,2,38,13,134.465114017,7.260306399,-336.883967708,180.0,0.0,-10.0,False,False,1.040019907,1.040019907
497,15,scene_3.1,scene_3.1_y02,2,38,12,134.465114017,7.260306399,-337.923987615,180.0,0.0,-10.0,False,False,1.040019907,1.040019907
498,16,scene_3.1,scene_3.1_y02,2,38,11,134.465114017,7.260306399,-338.964007521,180.0,0.0,-10.0,False,False,1.040019907,1.040019907
499,17,scene_3.1,scene_3.1_y02,2,38,10,134.465114017,7.260306399,-340.004027428,180.0,0.0,-10.0,False,False,1.040019907,1.040019907
500,18,scene_3.1,scene_3.1_y02,2,38,9,134.465114017,7.260306399,-341.044047334,180.0,0.0,-10.0,False,False,1.040019907,1.040019907
501,19,scene_3.1,scene_3.1_y02,2,38,8,134.465114017,7.260306399,-342.084067241,180.0,0.0,-10.0,False,False,1.040019907,1.040019907
502,20,scene_3.1,scene_3.1_y02,2,38,7,134.465114017,7.260306399,-343.124087148,180.0,0.0,-10.0,False,False,1.040019907,1.040019907
503,21,scene_3.1,scene_3.1_y02,2,38,6,134.465114017,7.260306399,-344.164107054,180.0,0.0,-10.0,False,False,1.040019907,1.040019907
504,22,scene_3.1,scene_3.1_y02,2,38,5,134.465114017,7.260306399,-345.204126961,180.0,0.0,-10.0,False,False,1.040019907,1.040019907
505,23,scene_3.1,scene_3.1_y02,2,38,4,134.465114017,7.260306399,-346.244146868,180.0,0.0,-10.0,False,False,1.040019907,1.040019907
506,24,scene_3.1,scene_3.1_y02,2,38,3,134.465114017,7.260306399,-347.284166774,180.0,0.0,-10.0,False,False,1.040019907,1.040019907
507,25,scene_3.1,scene_3.1_y02,2,38,2,134.465114017,7.260306399,-348.324186681,270.0,90.0,-10.0,False,False,1.040019907,1.196261079
508,26,scene_3.1,scene_3.1_y02,2,37,2,133.268852938,7.260306399,-348.324186681,0.0,180.0,-10.0,False,False,1.196261079,1.040019907
509,27,scene_3.1,scene_3.1_y02,2,37,3,133.268852938,7.260306399,-347.284166774,0.0,180.0,-10.0,False,False,1.040019907,1.040019907
510,28,scene_3.1,scene_3.1_y02,2,37,4,133.268852938,7.260306399,-346.244146868,0.0,180.0,-10.0,False,False,1.040019907,1.040019907
511,29,scene_3.1,scene_3.1_y02,2,37,5,133.268852938,7.260306399,-345.204126961,0.0,180.0,-10.0,False,False,1.040019907,1.040019907
512,30,scene_3.1,scene_3.1_y02,2,37,6,133.268852938,7.260306399,-344.164107054,0.0,180.0,-10.0,False,False,1.040019907,1.040019907
513,31,scene_3.1,scene_3.1_y02,2,37,7,133.268852938,7.260306399,-343.124087148,0.0,180.0,-10.0,False,False,1.040019907,1.040019907
514,32,scene_3.1,scene_3.1_y02,2,37,8,133.268852938,7.260306399,-342.084067241,0.0,180.0,-10.0,False,False,1.040019907,1.040019907
515,33,scene_3.1,scene_3.1_y02,2,37,9,133.268852938,7.260306399,-341.044047334,0.0,180.0,-10.0,False,False,1.040019907,1.040019907
516,34,scene_3.1,scene_3.1_y02,2,37,10,133.268852938,7.260306399,-340.004027428,0.0,180.0,-10.0,False,False,1.040019907,1.040019907
517,35,scene_3.1,scene_3.1_y02,2,37,11,133.268852938,7.260306399,-338.964007521,0.0,180.0,-10.0,False,False,1.040019907,1.040019907
518,36,scene_3.1,scene_3.1_y02,2,37,12,133.268852938,7.260306399,-337.923987615,0.0,180.0,-10.0,False,False,1.040019907,1.040019907
519,37,scene_3.1,scene_3.1_y02,2,37,13,133.268852938,7.260306399,-336.883967708,0.0,180.0,-10.0,False,False,1.040019907,1.040019907
520,38,scene_3.1,scene_3.1_y02,2,37,14,133.268852938,7.260306399,-335.843947801,0.0,180.0,-10.0,False,False,1.040019907,1.040019907
521,39,scene_3.1,scene_3.1_y02,2,37,15,133.268852938,7.260306399,-334.803927895,0.0,180.0,-10.0,False,False,1.040019907,1.040019907
522,40,scene_3.1,scene_3.1_y02,2,37,16,133.268852938,7.260306399,-333.763907988,0.0,180.0,-10.0,False,False,1.040019907,1.040019907
523,41,scene_3.1,scene_3.1_y02,2,37,17,133.268852938,7.260306399,-332.723888082,0.0,180.0,-10.0,False,False,1.040019907,1.040019907
524,42,scene_3.1,scene_3.1_y02,2,37,18,133.268852938,7.260306399,-331.683868175,0.0,180.0,-10.0,False,False,1.040019907,1.040019907
525,43,scene_3.1,scene_3.1_y02,2,37,19,133.268852938,7.260306399,-330.643848268,0.0,180.0,-10.0,False,False,1.040019907,1.040019907
526,44,scene_3.1,scene_3.1_y02,2,37,20,133.268852938,7.260306399,-329.603828362,0.0,180.0,-10.0,False,False,1.040019907,1.040019907
527,45,scene_3.1,scene_3.1_y02,2,37,21,133.268852938,7.260306399,-328.563808455,0.0,180.0,-10.0,False,False,1.040019907,1.040019907
528,46,scene_3.1,scene_3.1_y02,2,37,22,133.268852938,7.260306399,-327.523788548,0.0,180.0,-10.0,False,False,1.040019907,1.040019907
529,47,scene_3.1,scene_3.1_y02,2,37,23,133.268852938,7.260306399,-326.483768642,0.0,180.0,-10.0,False,False,1.040019907,1.040019907
530,48,scene_3.1,scene_3.1_y02,2,37,24,133.268852938,7.260306399,-325.443748735,0.0,180.0,-10.0,False,False,1.040019907,1.040019907
531,49,scene_3.1,scene_3.1_y02,2,37,25,133.268852938,7.260306399,-324.403728829,0.0,180.0,-10.0,False,False,1.040019907,1.040019907
532,50,scene_3.1,scene_3.1_y02,2,37,26,133.268852938,7.260306399,-323.363708922,0.0,180.0,-10.0,False,False,1.040019907,1.040019907
533,51,scene_3.1,scene_3.1_y02,2,37,27,133.268852938,7.260306399,-322.323689015,0.0,180.0,-10.0,False,False,1.040019907,1.040019907
534,52,scene_3.1,scene_3.1_y02,2,37,28,133.268852938,7.260306399,-321.283669109,0.0,180.0,-10.0,False,False,1.040019907,1.040019907
535,53,scene_3.1,scene_3.1_y02,2,37,29,133.268852938,7.260306399,-320.243649202,0.0,180.0,-10.0,False,False,1.040019907,1.040019907
536,54,scene_3.1,scene_3.1_y02,2,37,30,133.268852938,7.260306399,-319.203629296,0.0,180.0,-10.0,False,False,1.040019907,1.040019907
537,55,scene_3.1,scene_3.1_y02,2,37,31,133.268852938,7.260306399,-318.163609389,0.0,180.0,-10.0,False,False,1.040019907,1.040019907
538,56,scene_3.1,scene_3.1_y02,2,37,32,133.268852938,7.260306399,-317.123589482,0.0,180.0,-10.0,False,False,1.040019907,1.040019907
539,57,scene_3.1,scene_3.1_y02,2,37,33,133.268852938,7.260306399,-316.083569576,0.0,180.0,-10.0,False,False,1.040019907,1.040019907
540,58,scene_3.1,scene_3.1_y02,2,37,34,133.268852938,7.260306399,-315.043549669,0.0,180.0,-10.0,False,False,1.040019907,1.040019907
541,59,scene_3.1,scene_3.1_y02,2,37,35,133.268852938,7.260306399,-314.003529762,0.0,180.0,-10.0,False,False,1.040019907,1.040019907
542,60,scene_3.1,scene_3.1_y02,2,37,36,133.268852938,7.260306399,-312.963509856,270.0,90.0,-10.0,False,False,1.040019907,1.196261079
543,61,scene_3.1,scene_3.1_y02,2,36,36,132.072591858,7.260306399,-312.963509856,180.0,0.0,-10.0,True,False,1.196261079,1.040019907
544,62,scene_3.1,scene_3.1_y02,2,36,35,132.072591858,7.260306399,-314.003529762,180.0,0.0,-10.0,False,False,1.040019907,1.040019907
545,63,scene_3.1,scene_3.1_y02,2,36,34,132.072591858,7.260306399,-315.043549669,180.0,0.0,-10.0,False,False,1.040019907,1.040019907
546,64,scene_3.1,scene_3.1_y02,2,36,33,132.072591858,7.260306399,-316.083569576,180.0,0.0,-10.0,True,False,1.040019907,1.040019907
547,65,scene_3.1,scene_3.1_y02,2,36,32,132.072591858,7.260306399,-317.123589482,180.0,0.0,-10.0,False,False,1.040019907,1.040019907
548,66,scene_3.1,scene_3.1_y02,2,36,31,132.072591858,7.260306399,-318.163609389,180.0,0.0,-10.0,False,False,1.040019907,1.040019907
549,67,scene_3.1,scene_3.1_y02,2,36,30,132.072591858,7.260306399,-319.203629296,180.0,0.0,-10.0,True,False,1.040019907,1.040019907
550,68,scene_3.1,scene_3.1_y02,2,36,29,132.072591858,7.260306399,-320.243649202,180.0,0.0,-10.0,False,False,1.040019907,1.040019907
551,69,scene_3.1,scene_3.1_y02,2,36,28,132.072591858,7.260306399,-321.283669109,180.0,0.0,-10.0,False,False,1.040019907,1.040019907
552,70,scene_3.1,scene_3.1_y02,2,36,27,132.072591858,7.260306399,-322.323689015,180.0,0.0,-10.0,True,False,1.040019907,1.040019907
553,71,scene_3.1,scene_3.1_y02,2,36,26,132.072591858,7.260306399,-323.363708922,180.0,0.0,-10.0,False,False,1.040019907,1.040019907
554,72,scene_3.1,scene_3.1_y02,2,36,25,132.072591858,7.260306399,-324.403728829,180.0,0.0,-10.0,False,False,1.040019907,1.040019907
555,73,scene_3.1,scene_3.1_y02,2,36,24,132.072591858,7.260306399,-325.443748735,180.0,0.0,-10.0,True,False,1.040019907,1.040019907
556,74,scene_3.1,scene_3.1_y02,2,36,23,132.072591858,7.260306399,-326.483768642,180.0,0.0,-10.0,False,False,1.040019907,1.040019907
557,75,scene_3.1,scene_3.1_y02,2,36,22,132.072591858,7.260306399,-327.523788548,180.0,0.0,-10.0,False,False,1.040019907,1.040019907
558,76,scene_3.1,scene_3.1_y02,2,36,21,132.072591858,7.260306399,-328.563808455,180.0,0.0,-10.0,True,False,1.040019907,1.040019907
559,77,scene_3.1,scene_3.1_y02,2,36,20,132.072591858,7.260306399,-329.603828362,180.0,0.0,-10.0,False,False,1.040019907,1.040019907
560,78,scene_3.1,scene_3.1_y02,2,36,19,132.072591858,7.260306399,-330.643848268,180.0,0.0,-10.0,False,False,1.040019907,1.040019907
561,79,scene_3.1,scene_3.1_y02,2,36,18,132.072591858,7.260306399,-331.683868175,180.0,0.0,-10.0,True,False,1.040019907,1.040019907
562,80,scene_3.1,scene_3.1_y02,2,36,17,132.072591858,7.260306399,-332.723888082,180.0,0.0,-10.0,False,False,1.040019907,1.040019907
563,81,scene_3.1,scene_3.1_y02,2,36,16,132.072591858,7.260306399,-333.763907988,180.0,0.0,-10.0,False,False,1.040019907,1.040019907
564,82,scene_3.1,scene_3.1_y02,2,36,15,132.072591858,7.260306399,-334.803927895,180.0,0.0,-10.0,True,False,1.040019907,1.040019907
565,83,scene_3.1,scene_3.1_y02,2,36,14,132.072591858,7.260306399,-335.843947801,180.0,0.0,-10.0,False,False,1.040019907,1.040019907
566,84,scene_3.1,scene_3.1_y02,2,36,13,132.072591858,7.260306399,-336.883967708,180.0,0.0,-10.0,False,False,1.040019907,1.040019907
567,85,scene_3.1,scene_3.1_y02,2,36,12,132.072591858,7.260306399,-337.923987615,180.0,0.0,-10.0,True,False,1.040019907,1.040019907
568,86,scene_3.1,scene_3.1_y02,2,36,11,132.072591858,7.260306399,-338.964007521,180.0,0.0,-10.0,False,False,1.040019907,1.040019907
569,87,scene_3.1,scene_3.1_y02,2,36,10,132.072591858,7.260306399,-340.004027428,180.0,0.0,-10.0,False,False,1.040019907,1.040019907
570,88,scene_3.1,scene_3.1_y02,2,36,9,132.072591858,7.260306399,-341.044047334,180.0,0.0,-10.0,True,False,1.040019907,1.040019907
571,89,scene_3.1,scene_3.1_y02,2,36,8,132.072591858,7.260306399,-342.084067241,180.0,0.0,-10.0,False,False,1.040019907,1.040019907
572,90,scene_3.1,scene_3.1_y02,2,36,7,132.072591858,7.260306399,-343.124087148,180.0,0.0,-10.0,False,False,1.040019907,1.040019907
573,91,scene_3.1,scene_3.1_y02,2,36,6,132.072591858,7.260306399,-344.164107054,180.0,0.0,-10.0,True,False,1.040019907,1.040019907
574,92,scene_3.1,scene_3.1_y02,2,36,5,132.072591858,7.260306399,-345.204126961,180.0,0.0,-10.0,False,False,1.040019907,1.040019907
575,93,scene_3.1,scene_3.1_y02,2,36,4,132.072591858,7.260306399,-346.244146868,180.0,0.0,-10.0,False,False,1.040019907,1.040019907
576,94,scene_3.1,scene_3.1_y02,2,36,3,132.072591858,7.260306399,-347.284166774,180.0,0.0,-10.0,True,False,1.040019907,1.040019907
577,95,scene_3.1,scene_3.1_y02,2,36,2,132.072591858,7.260306399,-348.324186681,270.0,90.0,-10.0,False,False,1.040019907,1.196261079
578,96,scene_3.1,scene_3.1_y02,2,35,2,130.876330779,7.260306399,-348.324186681,0.0,180.0,-10.0,False,False,1.196261079,1.040019907
579,97,scene_3.1,scene_3.1_y02,2,35,3,130.876330779,7.260306399,-347.284166774,0.0,180.0,-10.0,False,False,1.040019907,1.040019907
580,98,scene_3.1,scene_3.1_y02,2,35,4,130.876330779,7.260306399,-346.244146868,0.0,180.0,-10.0,False,False,1.040019907,1.040019907
581,99,scene_3.1,scene_3.1_y02,2,35,5,130.876330779,7.260306399,-345.204126961,0.0,180.0,-10.0,False,False,1.040019907,1.040019907
582,100,scene_3.1,scene_3.1_y02,2,35,6,130.876330779,7.260306399,-344.164107054,0.0,180.0,-10.0,False,False,1.040019907,1.040019907
583,101,scene_3.1,scene_3.1_y02,2,35,7,130.876330779,7.260306399,-343.124087148,0.0,180.0,-10.0,False,False,1.040019907,1.040019907
584,102,scene_3.1,scene_3.1_y02,2,35,8,130.876330779,7.260306399,-342.084067241,0.0,180.0,-10.0,False,False,1.040019907,1.040019907
585,103,scene_3.1,scene_3.1_y02,2,35,9,130.876330779,7.260306399,-341.044047334,0.0,180.0,-10.0,False,False,1.040019907,1.040019907
586,104,scene_3.1,scene_3.1_y02,2,35,10,130.876330779,7.260306399,-340.004027428,0.0,180.0,-10.0,False,False,1.040019907,1.040019907
587,105,scene_3.1,scene_3.1_y02,2,35,11,130.876330779,7.260306399,-338.964007521,0.0,180.0,-10.0,False,False,1.040019907,1.040019907
588,106,scene_3.1,scene_3.1_y02,2,35,12,130.876330779,7.260306399,-337.923987615,0.0,180.0,-10.0,False,False,1.040019907,1.040019907
589,107,scene_3.1,scene_3.1_y02,2,35,13,130.876330779,7.260306399,-336.883967708,0.0,180.0,-10.0,False,False,1.040019907,1.040019907
590,108,scene_3.1,scene_3.1_y02,2,35,14,130.876330779,7.260306399,-335.843947801,0.0,180.0,-10.0,False,False,1.040019907,1.040019907
591,109,scene_3.1,scene_3.1_y02,2,35,15,130.876330779,7.260306399,-334.803927895,0.0,180.0,-10.0,False,False,1.040019907,1.040019907
592,110,scene_3.1,scene_3.1_y02,2,35,16,130.876330779,7.260306399,-333.763907988,0.0,180.0,-10.0,False,False,1.040019907,1.040019907
593,111,scene_3.1,scene_3.1_y02,2,35,17,130.876330779,7.260306399,-332.723888082,0.0,180.0,-10.0,False,False,1.040019907,1.040019907
594,112,scene_3.1,scene_3.1_y02,2,35,18,130.876330779,7.260306399,-331.683868175,0.0,180.0,-10.0,False,False,1.040019907,1.040019907
595,113,scene_3.1,scene_3.1_y02,2,35,19,130.876330779,7.260306399,-330.643848268,0.0,180.0,-10.0,False,False,1.040019907,1.040019907
596,114,scene_3.1,scene_3.1_y02,2,35,20,130.876330779,7.260306399,-329.603828362,0.0,180.0,-10.0,False,False,1.040019907,1.040019907
597,115,scene_3.1,scene_3.1_y02,2,35,21,130.876330779,7.260306399,-328.563808455,0.0,180.0,-10.0,False,False,1.040019907,1.040019907
598,116,scene_3.1,scene_3.1_y02,2,35,22,130.876330779,7.260306399,-327.523788548,0.0,180.0,-10.0,False,False,1.040019907,1.040019907
599,117,scene_3.1,scene_3.1_y02,2,35,23,130.876330779,7.260306399,-326.483768642,0.0,180.0,-10.0,False,False,1.040019907,1.040019907
600,118,scene_3.1,scene_3.1_y02,2,35,24,130.876330779,7.260306399,-325.443748735,0.0,180.0,-10.0,False,False,1.040019907,1.040019907
601,119,scene_3.1,scene_3.1_y02,2,35,25,130.876330779,7.260306399,-324.403728829,0.0,180.0,-10.0,False,False,1.040019907,1.040019907
602,120,scene_3.1,scene_3.1_y02,2,35,26,130.876330779,7.260306399,-323.363708922,0.0,180.0,-10.0,False,False,1.040019907,1.040019907
603,121,scene_3.1,scene_3.1_y02,2,35,27,130.876330779,7.260306399,-322.323689015,0.0,180.0,-10.0,False,False,1.040019907,1.040019907
604,122,scene_3.1,scene_3.1_y02,2,35,28,130.876330779,7.260306399,-321.283669109,0.0,180.0,-10.0,False,False,1.040019907,1.040019907
605,123,scene_3.1,scene_3.1_y02,2,35,29,130.876330779,7.260306399,-320.243649202,0.0,180.0,-10.0,False,False,1.040019907,1.040019907
606,124,scene_3.1,scene_3.1_y02,2,35,30,130.876330779,7.260306399,-319.203629296,0.0,180.0,-10.0,False,False,1.040019907,1.040019907
607,125,scene_3.1,scene_3.1_y02,2,35,31,130.876330779,7.260306399,-318.163609389,0.0,180.0,-10.0,False,False,1.040019907,1.040019907
608,126,scene_3.1,scene_3.1_y02,2,35,32,130.876330779,7.260306399,-317.123589482,0.0,180.0,-10.0,False,False,1.040019907,1.040019907
609,127,scene_3.1,scene_3.1_y02,2,35,33,130.876330779,7.260306399,-316.083569576,0.0,180.0,-10.0,False,False,1.040019907,1.040019907
610,128,scene_3.1,scene_3.1_y02,2,35,34,130.876330779,7.260306399,-315.043549669,0.0,180.0,-10.0,False,False,1.040019907,1.040019907
611,129,scene_3.1,scene_3.1_y02,2,35,35,130.876330779,7.260306399,-314.003529762,0.0,180.0,-10.0,False,False,1.040019907,1.040019907
612,130,scene_3.1,scene_3.1_y02,2,35,36,130.876330779,7.260306399,-312.963509856,270.0,90.0,-10.0,False,False,1.040019907,1.196261079
613,131,scene_3.1,scene_3.1_y02,2,34,36,129.6800697,7.260306399,-312.963509856,180.0,0.0,-10.0,False,False,1.196261079,1.040019907
614,132,scene_3.1,scene_3.1_y02,2,34,35,129.6800697,7.260306399,-314.003529762,180.0,0.0,-10.0,False,False,1.040019907,1.040019907
615,133,scene_3.1,scene_3.1_y02,2,34,34,129.6800697,7.260306399,-315.043549669,180.0,0.0,-10.0,False,False,1.040019907,1.040019907
616,134,scene_3.1,scene_3.1_y02,2,34,33,129.6800697,7.260306399,-316.083569576,180.0,0.0,-10.0,False,False,1.040019907,1.040019907
617,135,scene_3.1,scene_3.1_y02,2,34,32,129.6800697,7.260306399,-317.123589482,180.0,0.0,-10.0,False,False,1.040019907,1.040019907
618,136,scene_3.1,scene_3.1_y02,2,34,31,129.6800697,7.260306399,-318.163609389,180.0,0.0,-10.0,False,False,1.040019907,1.040019907
619,137,scene_3.1,scene_3.1_y02,2,34,30,129.6800697,7.260306399,-319.203629296,180.0,0.0,-10.0,False,False,1.040019907,1.040019907
620,138,scene_3.1,scene_3.1_y02,2,34,29,129.6800697,7.260306399,-320.243649202,180.0,0.0,-10.0,False,False,1.040019907,1.040019907
621,139,scene_3.1,scene_3.1_y02,2,34,28,129.6800697,7.260306399,-321.283669109,180.0,0.0,-10.0,False,False,1.040019907,1.040019907
622,140,scene_3.1,scene_3.1_y02,2,34,27,129.6800697,7.260306399,-322.323689015,180.0,0.0,-10.0,False,False,1.040019907,1.040019907
623,141,scene_3.1,scene_3.1_y02,2,34,26,129.6800697,7.260306399,-323.363708922,180.0,0.0,-10.0,False,False,1.040019907,1.040019907
624,142,scene_3.1,scene_3.1_y02,2,34,25,129.6800697,7.260306399,-324.403728829,180.0,0.0,-10.0,False,False,1.040019907,1.040019907
625,143,scene_3.1,scene_3.1_y02,2,34,24,129.6800697,7.260306399,-325.443748735,180.0,0.0,-10.0,False,False,1.040019907,1.040019907
626,144,scene_3.1,scene_3.1_y02,2,34,23,129.6800697,7.260306399,-326.483768642,180.0,0.0,-10.0,False,False,1.040019907,1.040019907
627,145,scene_3.1,scene_3.1_y02,2,34,22,129.6800697,7.260306399,-327.523788548,180.0,0.0,-10.0,False,False,1.040019907,1.040019907
628,146,scene_3.1,scene_3.1_y02,2,34,21,129.6800697,7.260306399,-328.563808455,180.0,0.0,-10.0,False,False,1.040019907,1.040019907
629,147,scene_3.1,scene_3.1_y02,2,34,20,129.6800697,7.260306399,-329.603828362,180.0,0.0,-10.0,False,False,1.040019907,1.040019907
630,148,scene_3.1,scene_3.1_y02,2,34,19,129.6800697,7.260306399,-330.643848268,180.0,0.0,-10.0,False,False,1.040019907,1.040019907
631,149,scene_3.1,scene_3.1_y02,2,34,18,129.6800697,7.260306399,-331.683868175,180.0,0.0,-10.0,False,False,1.040019907,1.040019907
632,150,scene_3.1,scene_3.1_y02,2,34,17,129.6800697,7.260306399,-332.723888082,180.0,0.0,-10.0,False,False,1.040019907,1.040019907
633,151,scene_3.1,scene_3.1_y02,2,34,16,129.6800697,7.260306399,-333.763907988,180.0,0.0,-10.0,False,False,1.040019907,1.040019907
634,152,scene_3.1,scene_3.1_y02,2,34,15,129.6800697,7.260306399,-334.803927895,180.0,0.0,-10.0,False,False,1.040019907,1.040019907
635,153,scene_3.1,scene_3.1_y02,2,34,14,129.6800697,7.260306399,-335.843947801,180.0,0.0,-10.0,False,False,1.040019907,1.040019907
636,154,scene_3.1,scene_3.1_y02,2,34,13,129.6800697,7.260306399,-336.883967708,180.0,0.0,-10.0,False,False,1.040019907,1.040019907
637,155,scene_3.1,scene_3.1_y02,2,34,12,129.6800697,7.260306399,-337.923987615,180.0,0.0,-10.0,False,False,1.040019907,1.040019907
638,156,scene_3.1,scene_3.1_y02,2,34,11,129.6800697,7.260306399,-338.964007521,180.0,0.0,-10.0,False,False,1.040019907,1.040019907
639,157,scene_3.1,scene_3.1_y02,2,34,10,129.6800697,7.260306399,-340.004027428,180.0,0.0,-10.0,False,False,1.040019907,1.040019907
640,158,scene_3.1,scene_3.1_y02,2,34,9,129.6800697,7.260306399,-341.044047334,180.0,0.0,-10.0,False,False,1.040019907,1.040019907
641,159,scene_3.1,scene_3.1_y02,2,34,8,129.6800697,7.260306399,-342.084067241,180.0,0.0,-10.0,False,False,1.040019907,1.040019907
642,160,scene_3.1,scene_3.1_y02,2,34,7,129.6800697,7.260306399,-343.124087148,180.0,0.0,-10.0,False,False,1.040019907,1.040019907
643,161,scene_3.1,scene_3.1_y02,2,34,6,129.6800697,7.260306399,-344.164107054,180.0,0.0,-10.0,False,False,1.040019907,1.040019907
644,162,scene_3.1,scene_3.1_y02,2,34,5,129.6800697,7.260306399,-345.204126961,180.0,0.0,-10.0,False,False,1.040019907,1.040019907
645,163,scene_3.1,scene_3.1_y02,2,34,4,129.6800697,7.260306399,-346.244146868,180.0,0.0,-10.0,False,False,1.040019907,1.040019907
646,164,scene_3.1,scene_3.1_y02,2,34,3,129.6800697,7.260306399,-347.284166774,180.0,0.0,-10.0,False,False,1.040019907,1.040019907
647,165,scene_3.1,scene_3.1_y02,2,34,2,129.6800697,7.260306399,-348.324186681,270.0,90.0,-10.0,False,False,1.040019907,1.196261079
648,166,scene_3.1,scene_3.1_y02,2,33,2,128.483808621,7.260306399,-348.324186681,0.0,180.0,-10.0,False,False,1.196261079,1.040019907
649,167,scene_3.1,scene_3.1_y02,2,33,3,128.483808621,7.260306399,-347.284166774,0.0,180.0,-10.0,True,False,1.040019907,1.040019907
650,168,scene_3.1,scene_3.1_y02,2,33,4,128.483808621,7.260306399,-346.244146868,0.0,180.0,-10.0,False,False,1.040019907,1.040019907
651,169,scene_3.1,scene_3.1_y02,2,33,5,128.483808621,7.260306399,-345.204126961,0.0,180.0,-10.0,False,False,1.040019907,1.040019907
652,170,scene_3.1,scene_3.1_y02,2,33,6,128.483808621,7.260306399,-344.164107054,0.0,180.0,-10.0,True,False,1.040019907,1.040019907
653,171,scene_3.1,scene_3.1_y02,2,33,7,128.483808621,7.260306399,-343.124087148,0.0,180.0,-10.0,False,False,1.040019907,1.040019907
654,172,scene_3.1,scene_3.1_y02,2,33,8,128.483808621,7.260306399,-342.084067241,0.0,180.0,-10.0,False,False,1.040019907,1.040019907
655,173,scene_3.1,scene_3.1_y02,2,33,9,128.483808621,7.260306399,-341.044047334,0.0,180.0,-10.0,True,False,1.040019907,1.040019907
656,174,scene_3.1,scene_3.1_y02,2,33,10,128.483808621,7.260306399,-340.004027428,0.0,180.0,-10.0,False,False,1.040019907,1.040019907
657,175,scene_3.1,scene_3.1_y02,2,33,11,128.483808621,7.260306399,-338.964007521,0.0,180.0,-10.0,False,False,1.040019907,1.040019907
658,176,scene_3.1,scene_3.1_y02,2,33,12,128.483808621,7.260306399,-337.923987615,0.0,180.0,-10.0,True,False,1.040019907,1.040019907
659,177,scene_3.1,scene_3.1_y02,2,33,13,128.483808621,7.260306399,-336.883967708,0.0,180.0,-10.0,False,False,1.040019907,1.040019907
660,178,scene_3.1,scene_3.1_y02,2,33,14,128.483808621,7.260306399,-335.843947801,0.0,180.0,-10.0,False,False,1.040019907,1.040019907
661,179,scene_3.1,scene_3.1_y02,2,33,15,128.483808621,7.260306399,-334.803927895,0.0,180.0,-10.0,True,False,1.040019907,1.040019907
662,180,scene_3.1,scene_3.1_y02,2,33,16,128.483808621,7.260306399,-333.763907988,0.0,180.0,-10.0,False,False,1.040019907,1.040019907
663,181,scene_3.1,scene_3.1_y02,2,33,17,128.483808621,7.260306399,-332.723888082,0.0,180.0,-10.0,False,False,1.040019907,1.040019907
664,182,scene_3.1,scene_3.1_y02,2,33,18,128.483808621,7.260306399,-331.683868175,0.0,180.0,-10.0,True,False,1.040019907,1.040019907
665,183,scene_3.1,scene_3.1_y02,2,33,19,128.483808621,7.260306399,-330.643848268,0.0,180.0,-10.0,False,False,1.040019907,1.040019907
666,184,scene_3.1,scene_3.1_y02,2,33,20,128.483808621,7.260306399,-329.603828362,0.0,180.0,-10.0,False,False,1.040019907,1.040019907
667,185,scene_3.1,scene_3.1_y02,2,33,21,128.483808621,7.260306399,-328.563808455,0.0,180.0,-10.0,True,False,1.040019907,1.040019907
668,186,scene_3.1,scene_3.1_y02,2,33,22,128.483808621,7.260306399,-327.523788548,0.0,180.0,-10.0,False,False,1.040019907,1.040019907
669,187,scene_3.1,scene_3.1_y02,2,33,23,128.483808621,7.260306399,-326.483768642,0.0,180.0,-10.0,False,False,1.040019907,1.040019907
670,188,scene_3.1,scene_3.1_y02,2,33,24,128.483808621,7.260306399,-325.443748735,0.0,180.0,-10.0,True,False,1.040019907,1.040019907
671,189,scene_3.1,scene_3.1_y02,2,33,25,128.483808621,7.260306399,-324.403728829,0.0,180.0,-10.0,False,False,1.040019907,1.040019907
672,190,scene_3.1,scene_3.1_y02,2,33,26,128.483808621,7.260306399,-323.363708922,0.0,180.0,-10.0,False,False,1.040019907,1.040019907
673,191,scene_3.1,scene_3.1_y02,2,33,27,128.483808621,7.260306399,-322.323689015,0.0,180.0,-10.0,True,False,1.040019907,1.040019907
674,192,scene_3.1,scene_3.1_y02,2,33,28,128.483808621,7.260306399,-321.283669109,0.0,180.0,-10.0,False,False,1.040019907,1.040019907
675,193,scene_3.1,scene_3.1_y02,2,33,29,128.483808621,7.260306399,-320.243649202,0.0,180.0,-10.0,False,False,1.040019907,1.040019907
676,194,scene_3.1,scene_3.1_y02,2,33,30,128.483808621,7.260306399,-319.203629296,0.0,180.0,-10.0,True,False,1.040019907,1.040019907
677,195,scene_3.1,scene_3.1_y02,2,33,31,128.483808621,7.260306399,-318.163609389,0.0,180.0,-10.0,False,False,1.040019907,1.040019907
678,196,scene_3.1,scene_3.1_y02,2,33,32,128.483808621,7.260306399,-317.123589482,0.0,180.0,-10.0,False,False,1.040019907,1.040019907
679,197,scene_3.1,scene_3.1_y02,2,33,33,128.483808621,7.260306399,-316.083569576,0.0,180.0,-10.0,True,False,1.040019907,1.040019907
680,198,scene_3.1,scene_3.1_y02,2,33,34,128.483808621,7.260306399,-315.043549669,0.0,180.0,-10.0,False,False,1.040019907,1.040019907
681,199,scene_3.1,scene_3.1_y02,2,33,35,128.483808621,7.260306399,-314.003529762,0.0,180.0,-10.0,False,False,1.040019907,1.040019907
682,200,scene_3.1,scene_3.1_y02,2,33,36,128.483808621,7.260306399,-312.963509856,0.0,180.0,-10.0,True,False,1.040019907,1.040019907
683,201,scene_3.1,scene_3.1_y02,2,33,37,128.483808621,7.260306399,-311.923489949,270.0,90.0,-10.0,False,False,1.040019907,1.196261079
684,202,scene_3.1,scene_3.1_y02,2,32,37,127.287547542,7.260306399,-311.923489949,180.0,0.0,-10.0,False,False,1.196261079,1.040019907
685,203,scene_3.1,scene_3.1_y02,2,32,36,127.287547542,7.260306399,-312.963509856,180.0,0.0,-10.0,False,False,1.040019907,1.040019907
686,204,scene_3.1,scene_3.1_y02,2,32,35,127.287547542,7.260306399,-314.003529762,180.0,0.0,-10.0,False,False,1.040019907,1.040019907
687,205,scene_3.1,scene_3.1_y02,2,32,34,127.287547542,7.260306399,-315.043549669,180.0,0.0,-10.0,False,False,1.040019907,1.040019907
688,206,scene_3.1,scene_3.1_y02,2,32,33,127.287547542,7.260306399,-316.083569576,180.0,0.0,-10.0,False,False,1.040019907,1.040019907
689,207,scene_3.1,scene_3.1_y02,2,32,32,127.287547542,7.260306399,-317.123589482,180.0,0.0,-10.0,False,False,1.040019907,1.040019907
690,208,scene_3.1,scene_3.1_y02,2,32,31,127.287547542,7.260306399,-318.163609389,180.0,0.0,-10.0,False,False,1.040019907,1.040019907
691,209,scene_3.1,scene_3.1_y02,2,32,30,127.287547542,7.260306399,-319.203629296,180.0,0.0,-10.0,False,False,1.040019907,1.040019907
692,210,scene_3.1,scene_3.1_y02,2,32,29,127.287547542,7.260306399,-320.243649202,180.0,0.0,-10.0,False,False,1.040019907,1.040019907
693,211,scene_3.1,scene_3.1_y02,2,32,28,127.287547542,7.260306399,-321.283669109,180.0,0.0,-10.0,False,False,1.040019907,1.040019907
694,212,scene_3.1,scene_3.1_y02,2,32,27,127.287547542,7.260306399,-322.323689015,180.0,0.0,-10.0,False,False,1.040019907,1.040019907
695,213,scene_3.1,scene_3.1_y02,2,32,26,127.287547542,7.260306399,-323.363708922,180.0,0.0,-10.0,False,False,1.040019907,1.040019907
696,214,scene_3.1,scene_3.1_y02,2,32,25,127.287547542,7.260306399,-324.403728829,180.0,0.0,-10.0,False,False,1.040019907,1.040019907
697,215,scene_3.1,scene_3.1_y02,2,32,24,127.287547542,7.260306399,-325.443748735,180.0,0.0,-10.0,False,False,1.040019907,1.040019907
698,216,scene_3.1,scene_3.1_y02,2,32,23,127.287547542,7.260306399,-326.483768642,180.0,0.0,-10.0,False,False,1.040019907,1.040019907
699,217,scene_3.1,scene_3.1_y02,2,32,22,127.287547542,7.260306399,-327.523788548,180.0,0.0,-10.0,False,False,1.040019907,1.040019907
700,218,scene_3.1,scene_3.1_y02,2,32,21,127.287547542,7.260306399,-328.563808455,180.0,0.0,-10.0,False,False,1.040019907,1.040019907
701,219,scene_3.1,scene_3.1_y02,2,32,20,127.287547542,7.260306399,-329.603828362,180.0,0.0,-10.0,False,False,1.040019907,1.040019907
702,220,scene_3.1,scene_3.1_y02,2,32,19,127.287547542,7.260306399,-330.643848268,180.0,0.0,-10.0,False,False,1.040019907,1.040019907
703,221,scene_3.1,scene_3.1_y02,2,32,18,127.287547542,7.260306399,-331.683868175,180.0,0.0,-10.0,False,False,1.040019907,1.040019907
704,222,scene_3.1,scene_3.1_y02,2,32,17,127.287547542,7.260306399,-332.723888082,180.0,0.0,-10.0,False,False,1.040019907,1.040019907
705,223,scene_3.1,scene_3.1_y02,2,32,16,127.287547542,7.260306399,-333.763907988,180.0,0.0,-10.0,False,False,1.040019907,1.040019907
706,224,scene_3.1,scene_3.1_y02,2,32,15,127.287547542,7.260306399,-334.803927895,180.0,0.0,-10.0,False,False,1.040019907,1.040019907
707,225,scene_3.1,scene_3.1_y02,2,32,14,127.287547542,7.260306399,-335.843947801,180.0,0.0,-10.0,False,False,1.040019907,1.040019907
708,226,scene_3.1,scene_3.1_y02,2,32,13,127.287547542,7.260306399,-336.883967708,180.0,0.0,-10.0,False,False,1.040019907,1.040019907
709,227,scene_3.1,scene_3.1_y02,2,32,12,127.287547542,7.260306399,-337.923987615,180.0,0.0,-10.0,False,False,1.040019907,1.040019907
710,228,scene_3.1,scene_3.1_y02,2,32,11,127.287547542,7.260306399,-338.964007521,180.0,0.0,-10.0,False,False,1.040019907,1.040019907
711,229,scene_3.1,scene_3.1_y02,2,32,10,127.287547542,7.260306399,-340.004027428,180.0,0.0,-10.0,False,False,1.040019907,1.040019907
712,230,scene_3.1,scene_3.1_y02,2,32,9,127.287547542,7.260306399,-341.044047334,180.0,0.0,-10.0,False,False,1.040019907,1.040019907
713,231,scene_3.1,scene_3.1_y02,2,32,8,127.287547542,7.260306399,-342.084067241,180.0,0.0,-10.0,False,False,1.040019907,1.040019907
714,232,scene_3.1,scene_3.1_y02,2,32,7,127.287547542,7.260306399,-343.124087148,180.0,0.0,-10.0,False,False,1.040019907,1.040019907
715,233,scene_3.1,scene_3.1_y02,2,32,6,127.287547542,7.260306399,-344.164107054,180.0,0.0,-10.0,False,False,1.040019907,1.040019907
716,234,scene_3.1,scene_3.1_y02,2,32,5,127.287547542,7.260306399,-345.204126961,180.0,0.0,-10.0,False,False,1.040019907,1.040019907
717,235,scene_3.1,scene_3.1_y02,2,32,4,127.287547542,7.260306399,-346.244146868,180.0,0.0,-10.0,False,False,1.040019907,1.040019907
718,236,scene_3.1,scene_3.1_y02,2,32,3,127.287547542,7.260306399,-347.284166774,180.0,0.0,-10.0,False,False,1.040019907,1.040019907
719,237,scene_3.1,scene_3.1_y02,2,32,2,127.287547542,7.260306399,-348.324186681,180.0,0.0,-10.0,False,False,1.040019907,1.040019907
720,238,scene_3.1,scene_3.1_y02,2,32,1,127.287547542,7.260306399,-349.364206587,270.0,90.0,-10.0,False,False,1.040019907,1.196261079
721,239,scene_3.1,scene_3.1_y02,2,31,1,126.091286462,7.260306399,-349.364206587,0.0,180.0,-10.0,False,False,1.196261079,1.040019907
722,240,scene_3.1,scene_3.1_y02,2,31,2,126.091286462,7.260306399,-348.324186681,0.0,180.0,-10.0,False,False,1.040019907,1.040019907
723,241,scene_3.1,scene_3.1_y02,2,31,3,126.091286462,7.260306399,-347.284166774,0.0,180.0,-10.0,False,False,1.040019907,1.040019907
724,242,scene_3.1,scene_3.1_y02,2,31,4,126.091286462,7.260306399,-346.244146868,0.0,180.0,-10.0,False,False,1.040019907,1.040019907
725,243,scene_3.1,scene_3.1_y02,2,31,5,126.091286462,7.260306399,-345.204126961,0.0,180.0,-10.0,False,False,1.040019907,1.040019907
726,244,scene_3.1,scene_3.1_y02,2,31,6,126.091286462,7.260306399,-344.164107054,0.0,180.0,-10.0,False,False,1.040019907,1.040019907
727,245,scene_3.1,scene_3.1_y02,2,31,7,126.091286462,7.260306399,-343.124087148,0.0,180.0,-10.0,False,False,1.040019907,1.040019907
728,246,scene_3.1,scene_3.1_y02,2,31,8,126.091286462,7.260306399,-342.084067241,0.0,180.0,-10.0,False,False,1.040019907,1.040019907
729,247,scene_3.1,scene_3.1_y02,2,31,9,126.091286462,7.260306399,-341.044047334,0.0,180.0,-10.0,False,False,1.040019907,1.040019907
730,248,scene_3.1,scene_3.1_y02,2,31,10,126.091286462,7.260306399,-340.004027428,0.0,180.0,-10.0,False,False,1.040019907,1.040019907
731,249,scene_3.1,scene_3.1_y02,2,31,11,126.091286462,7.260306399,-338.964007521,0.0,180.0,-10.0,False,False,1.040019907,1.040019907
732,250,scene_3.1,scene_3.1_y02,2,31,12,126.091286462,7.260306399,-337.923987615,0.0,180.0,-10.0,False,False,1.040019907,1.040019907
733,251,scene_3.1,scene_3.1_y02,2,31,13,126.091286462,7.260306399,-336.883967708,0.0,180.0,-10.0,False,False,1.040019907,1.040019907
734,252,scene_3.1,scene_3.1_y02,2,31,14,126.091286462,7.260306399,-335.843947801,0.0,180.0,-10.0,False,False,1.040019907,1.040019907
735,253,scene_3.1,scene_3.1_y02,2,31,15,126.091286462,7.260306399,-334.803927895,0.0,180.0,-10.0,False,False,1.040019907,1.040019907
736,254,scene_3.1,scene_3.1_y02,2,31,16,126.091286462,7.260306399,-333.763907988,0.0,180.0,-10.0,False,False,1.040019907,1.040019907
737,255,scene_3.1,scene_3.1_y02,2,31,17,126.091286462,7.260306399,-332.723888082,0.0,180.0,-10.0,False,False,1.040019907,1.040019907
738,256,scene_3.1,scene_3.1_y02,2,31,18,126.091286462,7.260306399,-331.683868175,0.0,180.0,-10.0,False,False,1.040019907,1.040019907
739,257,scene_3.1,scene_3.1_y02,2,31,19,126.091286462,7.260306399,-330.643848268,0.0,180.0,-10.0,False,False,1.040019907,1.040019907
740,258,scene_3.1,scene_3.1_y02,2,31,20,126.091286462,7.260306399,-329.603828362,0.0,180.0,-10.0,False,False,1.040019907,1.040019907
741,259,scene_3.1,scene_3.1_y02,2,31,21,126.091286462,7.260306399,-328.563808455,0.0,180.0,-10.0,False,False,1.040019907,1.040019907
742,260,scene_3.1,scene_3.1_y02,2,31,22,126.091286462,7.260306399,-327.523788548,0.0,180.0,-10.0,False,False,1.040019907,1.040019907
743,261,scene_3.1,scene_3.1_y02,2,31,23,126.091286462,7.260306399,-326.483768642,0.0,180.0,-10.0,False,False,1.040019907,1.040019907
744,262,scene_3.1,scene_3.1_y02,2,31,24,126.091286462,7.260306399,-325.443748735,0.0,180.0,-10.0,False,False,1.040019907,1.040019907
745,263,scene_3.1,scene_3.1_y02,2,31,25,126.091286462,7.260306399,-324.403728829,0.0,180.0,-10.0,False,False,1.040019907,1.040019907
746,264,scene_3.1,scene_3.1_y02,2,31,26,126.091286462,7.260306399,-323.363708922,0.0,180.0,-10.0,False,False,1.040019907,1.040019907
747,265,scene_3.1,scene_3.1_y02,2,31,27,126.091286462,7.260306399,-322.323689015,0.0,180.0,-10.0,False,False,1.040019907,1.040019907
748,266,scene_3.1,scene_3.1_y02,2,31,28,126.091286462,7.260306399,-321.283669109,0.0,180.0,-10.0,False,False,1.040019907,1.040019907
749,267,scene_3.1,scene_3.1_y02,2,31,29,126.091286462,7.260306399,-320.243649202,0.0,180.0,-10.0,False,False,1.040019907,1.040019907
750,268,scene_3.1,scene_3.1_y02,2,31,30,126.091286462,7.260306399,-319.203629296,0.0,180.0,-10.0,False,False,1.040019907,1.040019907
751,269,scene_3.1,scene_3.1_y02,2,31,31,126.091286462,7.260306399,-318.163609389,0.0,180.0,-10.0,False,False,1.040019907,1.040019907
752,270,scene_3.1,scene_3.1_y02,2,31,32,126.091286462,7.260306399,-317.123589482,0.0,180.0,-10.0,False,False,1.040019907,1.040019907
753,271,scene_3.1,scene_3.1_y02,2,31,33,126.091286462,7.260306399,-316.083569576,0.0,180.0,-10.0,False,False,1.040019907,1.040019907
754,272,scene_3.1,scene_3.1_y02,2,31,34,126.091286462,7.260306399,-315.043549669,0.0,180.0,-10.0,False,False,1.040019907,1.040019907
755,273,scene_3.1,scene_3.1_y02,2,31,35,126.091286462,7.260306399,-314.003529762,0.0,180.0,-10.0,False,False,1.040019907,1.040019907
756,274,scene_3.1,scene_3.1_y02,2,31,36,126.091286462,7.260306399,-312.963509856,0.0,180.0,-10.0,False,False,1.040019907,1.040019907
757,275,scene_3.1,scene_3.1_y02,2,31,37,126.091286462,7.260306399,-311.923489949,270.0,90.0,-10.0,False,False,1.040019907,1.196261079
758,276,scene_3.1,scene_3.1_y02,2,30,37,124.895025383,7.260306399,-311.923489949,180.0,0.0,-10.0,False,False,1.196261079,1.040019907
759,277,scene_3.1,scene_3.1_y02,2,30,36,124.895025383,7.260306399,-312.963509856,180.0,0.0,-10.0,True,False,1.040019907,1.040019907
760,278,scene_3.1,scene_3.1_y02,2,30,35,124.895025383,7.260306399,-314.003529762,180.0,0.0,-10.0,False,False,1.040019907,1.040019907
761,279,scene_3.1,scene_3.1_y02,2,30,34,124.895025383,7.260306399,-315.043549669,180.0,0.0,-10.0,False,False,1.040019907,1.040019907
762,280,scene_3.1,scene_3.1_y02,2,30,33,124.895025383,7.260306399,-316.083569576,180.0,0.0,-10.0,True,False,1.040019907,1.040019907
763,281,scene_3.1,scene_3.1_y02,2,30,32,124.895025383,7.260306399,-317.123589482,180.0,0.0,-10.0,False,False,1.040019907,1.040019907
764,282,scene_3.1,scene_3.1_y02,2,30,31,124.895025383,7.260306399,-318.163609389,180.0,0.0,-10.0,False,False,1.040019907,1.040019907
765,283,scene_3.1,scene_3.1_y02,2,30,30,124.895025383,7.260306399,-319.203629296,180.0,0.0,-10.0,True,False,1.040019907,1.040019907
766,284,scene_3.1,scene_3.1_y02,2,30,29,124.895025383,7.260306399,-320.243649202,180.0,0.0,-10.0,False,False,1.040019907,1.040019907
767,285,scene_3.1,scene_3.1_y02,2,30,28,124.895025383,7.260306399,-321.283669109,180.0,0.0,-10.0,False,False,1.040019907,1.040019907
768,286,scene_3.1,scene_3.1_y02,2,30,27,124.895025383,7.260306399,-322.323689015,180.0,0.0,-10.0,True,False,1.040019907,1.040019907
769,287,scene_3.1,scene_3.1_y02,2,30,26,124.895025383,7.260306399,-323.363708922,180.0,0.0,-10.0,False,False,1.040019907,1.040019907
770,288,scene_3.1,scene_3.1_y02,2,30,25,124.895025383,7.260306399,-324.403728829,180.0,0.0,-10.0,False,False,1.040019907,1.040019907
771,289,scene_3.1,scene_3.1_y02,2,30,24,124.895025383,7.260306399,-325.443748735,180.0,0.0,-10.0,True,False,1.040019907,1.040019907
772,290,scene_3.1,scene_3.1_y02,2,30,23,124.895025383,7.260306399,-326.483768642,180.0,0.0,-10.0,False,False,1.040019907,1.040019907
773,291,scene_3.1,scene_3.1_y02,2,30,22,124.895025383,7.260306399,-327.523788548,180.0,0.0,-10.0,False,False,1.040019907,1.040019907
774,292,scene_3.1,scene_3.1_y02,2,30,21,124.895025383,7.260306399,-328.563808455,180.0,0.0,-10.0,True,False,1.040019907,1.040019907
775,293,scene_3.1,scene_3.1_y02,2,30,20,124.895025383,7.260306399,-329.603828362,180.0,0.0,-10.0,False,False,1.040019907,1.040019907
776,294,scene_3.1,scene_3.1_y02,2,30,19,124.895025383,7.260306399,-330.643848268,180.0,0.0,-10.0,False,False,1.040019907,1.040019907
777,295,scene_3.1,scene_3.1_y02,2,30,18,124.895025383,7.260306399,-331.683868175,180.0,0.0,-10.0,True,False,1.040019907,1.040019907
778,296,scene_3.1,scene_3.1_y02,2,30,17,124.895025383,7.260306399,-332.723888082,180.0,0.0,-10.0,False,False,1.040019907,1.040019907
779,297,scene_3.1,scene_3.1_y02,2,30,16,124.895025383,7.260306399,-333.763907988,180.0,0.0,-10.0,False,False,1.040019907,1.040019907
780,298,scene_3.1,scene_3.1_y02,2,30,15,124.895025383,7.260306399,-334.803927895,180.0,0.0,-10.0,True,False,1.040019907,1.040019907
781,299,scene_3.1,scene_3.1_y02,2,30,14,124.895025383,7.260306399,-335.843947801,180.0,0.0,-10.0,False,False,1.040019907,1.040019907
782,300,scene_3.1,scene_3.1_y02,2,30,13,124.895025383,7.260306399,-336.883967708,180.0,0.0,-10.0,False,False,1.040019907,1.040019907
783,301,scene_3.1,scene_3.1_y02,2,30,12,124.895025383,7.260306399,-337.923987615,180.0,0.0,-10.0,True,False,1.040019907,1.040019907
784,302,scene_3.1,scene_3.1_y02,2,30,11,124.895025383,7.260306399,-338.964007521,180.0,0.0,-10.0,False,False,1.040019907,1.040019907
785,303,scene_3.1,scene_3.1_y02,2,30,10,124.895025383,7.260306399,-340.004027428,180.0,0.0,-10.0,False,False,1.040019907,1.040019907
786,304,scene_3.1,scene_3.1_y02,2,30,9,124.895025383,7.260306399,-341.044047334,180.0,0.0,-10.0,True,False,1.040019907,1.040019907
787,305,scene_3.1,scene_3.1_y02,2,30,8,124.895025383,7.260306399,-342.084067241,180.0,0.0,-10.0,False,False,1.040019907,1.040019907
788,306,scene_3.1,scene_3.1_y02,2,30,7,124.895025383,7.260306399,-343.124087148,180.0,0.0,-10.0,False,False,1.040019907,1.040019907
789,307,scene_3.1,scene_3.1_y02,2,30,6,124.895025383,7.260306399,-344.164107054,180.0,0.0,-10.0,True,False,1.040019907,1.040019907
790,308,scene_3.1,scene_3.1_y02,2,30,5,124.895025383,7.260306399,-345.204126961,180.0,0.0,-10.0,False,False,1.040019907,1.040019907
791,309,scene_3.1,scene_3.1_y02,2,30,4,124.895025383,7.260306399,-346.244146868,180.0,0.0,-10.0,False,False,1.040019907,1.040019907
792,310,scene_3.1,scene_3.1_y02,2,30,3,124.895025383,7.260306399,-347.284166774,180.0,0.0,-10.0,True,False,1.040019907,1.040019907
793,311,scene_3.1,scene_3.1_y02,2,30,2,124.895025383,7.260306399,-348.324186681,180.0,0.0,-10.0,False,False,1.040019907,1.040019907
794,312,scene_3.1,scene_3.1_y02,2,30,1,124.895025383,7.260306399,-349.364206587,270.0,90.0,-10.0,False,False,1.040019907,1.196261079
795,313,scene_3.1,scene_3.1_y02,2,29,1,123.698764304,7.260306399,-349.364206587,0.0,180.0,-10.0,False,False,1.196261079,1.040019907
796,314,scene_3.1,scene_3.1_y02,2,29,2,123.698764304,7.260306399,-348.324186681,0.0,180.0,-10.0,False,False,1.040019907,1.040019907
797,315,scene_3.1,scene_3.1_y02,2,29,3,123.698764304,7.260306399,-347.284166774,0.0,180.0,-10.0,False,False,1.040019907,1.040019907
798,316,scene_3.1,scene_3.1_y02,2,29,4,123.698764304,7.260306399,-346.244146868,0.0,180.0,-10.0,False,False,1.040019907,1.040019907
799,317,scene_3.1,scene_3.1_y02,2,29,5,123.698764304,7.260306399,-345.204126961,0.0,180.0,-10.0,False,False,1.040019907,1.040019907
800,318,scene_3.1,scene_3.1_y02,2,29,6,123.698764304,7.260306399,-344.164107054,0.0,180.0,-10.0,False,False,1.040019907,1.040019907
801,319,scene_3.1,scene_3.1_y02,2,29,7,123.698764304,7.260306399,-343.124087148,0.0,180.0,-10.0,False,False,1.040019907,1.040019907
802,320,scene_3.1,scene_3.1_y02,2,29,8,123.698764304,7.260306399,-342.084067241,0.0,180.0,-10.0,False,False,1.040019907,1.040019907
803,321,scene_3.1,scene_3.1_y02,2,29,9,123.698764304,7.260306399,-341.044047334,0.0,180.0,-10.0,False,False,1.040019907,1.040019907
804,322,scene_3.1,scene_3.1_y02,2,29,10,123.698764304,7.260306399,-340.004027428,0.0,180.0,-10.0,False,False,1.040019907,1.040019907
805,323,scene_3.1,scene_3.1_y02,2,29,11,123.698764304,7.260306399,-338.964007521,0.0,180.0,-10.0,False,False,1.040019907,1.040019907
806,324,scene_3.1,scene_3.1_y02,2,29,12,123.698764304,7.260306399,-337.923987615,0.0,180.0,-10.0,False,False,1.040019907,1.040019907
807,325,scene_3.1,scene_3.1_y02,2,29,13,123.698764304,7.260306399,-336.883967708,0.0,180.0,-10.0,False,False,1.040019907,1.040019907
808,326,scene_3.1,scene_3.1_y02,2,29,14,123.698764304,7.260306399,-335.843947801,0.0,180.0,-10.0,False,False,1.040019907,1.040019907
809,327,scene_3.1,scene_3.1_y02,2,29,15,123.698764304,7.260306399,-334.803927895,0.0,180.0,-10.0,False,False,1.040019907,1.040019907
810,328,scene_3.1,scene_3.1_y02,2,29,16,123.698764304,7.260306399,-333.763907988,0.0,180.0,-10.0,False,False,1.040019907,1.040019907
811,329,scene_3.1,scene_3.1_y02,2,29,17,123.698764304,7.260306399,-332.723888082,0.0,180.0,-10.0,False,False,1.040019907,1.040019907
812,330,scene_3.1,scene_3.1_y02,2,29,18,123.698764304,7.260306399,-331.683868175,0.0,180.0,-10.0,False,False,1.040019907,1.040019907
813,331,scene_3.1,scene_3.1_y02,2,29,19,123.698764304,7.260306399,-330.643848268,0.0,180.0,-10.0,False,False,1.040019907,1.040019907
814,332,scene_3.1,scene_3.1_y02,2,29,20,123.698764304,7.260306399,-329.603828362,0.0,180.0,-10.0,False,False,1.040019907,1.040019907
815,333,scene_3.1,scene_3.1_y02,2,29,21,123.698764304,7.260306399,-328.563808455,0.0,180.0,-10.0,False,False,1.040019907,1.040019907
816,334,scene_3.1,scene_3.1_y02,2,29,22,123.698764304,7.260306399,-327.523788548,0.0,180.0,-10.0,False,False,1.040019907,1.040019907
817,335,scene_3.1,scene_3.1_y02,2,29,23,123.698764304,7.260306399,-326.483768642,0.0,180.0,-10.0,False,False,1.040019907,1.040019907
818,336,scene_3.1,scene_3.1_y02,2,29,24,123.698764304,7.260306399,-325.443748735,0.0,180.0,-10.0,False,False,1.040019907,1.040019907
819,337,scene_3.1,scene_3.1_y02,2,29,25,123.698764304,7.260306399,-324.403728829,0.0,180.0,-10.0,False,False,1.040019907,1.040019907
820,338,scene_3.1,scene_3.1_y02,2,29,26,123.698764304,7.260306399,-323.363708922,0.0,180.0,-10.0,False,False,1.040019907,1.040019907
821,339,scene_3.1,scene_3.1_y02,2,29,27,123.698764304,7.260306399,-322.323689015,0.0,180.0,-10.0,False,False,1.040019907,1.040019907
822,340,scene_3.1,scene_3.1_y02,2,29,28,123.698764304,7.260306399,-321.283669109,0.0,180.0,-10.0,False,False,1.040019907,1.040019907
823,341,scene_3.1,scene_3.1_y02,2,29,29,123.698764304,7.260306399,-320.243649202,0.0,180.0,-10.0,False,False,1.040019907,1.040019907
824,342,scene_3.1,scene_3.1_y02,2,29,30,123.698764304,7.260306399,-319.203629296,0.0,180.0,-10.0,False,False,1.040019907,1.040019907
825,343,scene_3.1,scene_3.1_y02,2,29,31,123.698764304,7.260306399,-318.163609389,0.0,180.0,-10.0,False,False,1.040019907,1.040019907
826,344,scene_3.1,scene_3.1_y02,2,29,32,123.698764304,7.260306399,-317.123589482,0.0,180.0,-10.0,False,False,1.040019907,1.040019907
827,345,scene_3.1,scene_3.1_y02,2,29,33,123.698764304,7.260306399,-316.083569576,0.0,180.0,-10.0,False,False,1.040019907,1.040019907
828,346,scene_3.1,scene_3.1_y02,2,29,34,123.698764304,7.260306399,-315.043549669,0.0,180.0,-10.0,False,False,1.040019907,1.040019907
829,347,scene_3.1,scene_3.1_y02,2,29,35,123.698764304,7.260306399,-314.003529762,0.0,180.0,-10.0,False,False,1.040019907,1.040019907
830,348,scene_3.1,scene_3.1_y02,2,29,36,123.698764304,7.260306399,-312.963509856,0.0,180.0,-10.0,False,False,1.040019907,1.040019907
831,349,scene_3.1,scene_3.1_y02,2,29,37,123.698764304,7.260306399,-311.923489949,270.0,90.0,-10.0,False,False,1.040019907,1.196261079
832,350,scene_3.1,scene_3.1_y02,2,28,37,122.502503225,7.260306399,-311.923489949,180.0,0.0,-10.0,False,False,1.196261079,1.040019907
833,351,scene_3.1,scene_3.1_y02,2,28,36,122.502503225,7.260306399,-312.963509856,180.0,0.0,-10.0,False,False,1.040019907,1.040019907
834,352,scene_3.1,scene_3.1_y02,2,28,35,122.502503225,7.260306399,-314.003529762,180.0,0.0,-10.0,False,False,1.040019907,1.040019907
835,353,scene_3.1,scene_3.1_y02,2,28,34,122.502503225,7.260306399,-315.043549669,180.0,0.0,-10.0,False,False,1.040019907,1.040019907
836,354,scene_3.1,scene_3.1_y02,2,28,33,122.502503225,7.260306399,-316.083569576,180.0,0.0,-10.0,False,False,1.040019907,1.040019907
837,355,scene_3.1,scene_3.1_y02,2,28,32,122.502503225,7.260306399,-317.123589482,180.0,0.0,-10.0,False,False,1.040019907,1.040019907
838,356,scene_3.1,scene_3.1_y02,2,28,31,122.502503225,7.260306399,-318.163609389,180.0,0.0,-10.0,False,False,1.040019907,1.040019907
839,357,scene_3.1,scene_3.1_y02,2,28,30,122.502503225,7.260306399,-319.203629296,180.0,0.0,-10.0,False,False,1.040019907,1.040019907
840,358,scene_3.1,scene_3.1_y02,2,28,29,122.502503225,7.260306399,-320.243649202,180.0,0.0,-10.0,False,False,1.040019907,1.040019907
841,359,scene_3.1,scene_3.1_y02,2,28,28,122.502503225,7.260306399,-321.283669109,180.0,0.0,-10.0,False,False,1.040019907,1.040019907
842,360,scene_3.1,scene_3.1_y02,2,28,27,122.502503225,7.260306399,-322.323689015,180.0,0.0,-10.0,False,False,1.040019907,1.040019907
843,361,scene_3.1,scene_3.1_y02,2,28,26,122.502503225,7.260306399,-323.363708922,180.0,0.0,-10.0,False,False,1.040019907,1.040019907
844,362,scene_3.1,scene_3.1_y02,2,28,25,122.502503225,7.260306399,-324.403728829,180.0,0.0,-10.0,False,False,1.040019907,1.040019907
845,363,scene_3.1,scene_3.1_y02,2,28,24,122.502503225,7.260306399,-325.443748735,180.0,0.0,-10.0,False,False,1.040019907,1.040019907
846,364,scene_3.1,scene_3.1_y02,2,28,23,122.502503225,7.260306399,-326.483768642,180.0,0.0,-10.0,False,False,1.040019907,1.040019907
847,365,scene_3.1,scene_3.1_y02,2,28,22,122.502503225,7.260306399,-327.523788548,180.0,0.0,-10.0,False,False,1.040019907,1.040019907
848,366,scene_3.1,scene_3.1_y02,2,28,21,122.502503225,7.260306399,-328.563808455,180.0,0.0,-10.0,False,False,1.040019907,1.040019907
849,367,scene_3.1,scene_3.1_y02,2,28,20,122.502503225,7.260306399,-329.603828362,180.0,0.0,-10.0,False,False,1.040019907,1.040019907
850,368,scene_3.1,scene_3.1_y02,2,28,19,122.502503225,7.260306399,-330.643848268,180.0,0.0,-10.0,False,False,1.040019907,1.040019907
851,369,scene_3.1,scene_3.1_y02,2,28,18,122.502503225,7.260306399,-331.683868175,180.0,0.0,-10.0,False,False,1.040019907,1.040019907
852,370,scene_3.1,scene_3.1_y02,2,28,17,122.502503225,7.260306399,-332.723888082,180.0,0.0,-10.0,False,False,1.040019907,1.040019907
853,371,scene_3.1,scene_3.1_y02,2,28,16,122.502503225,7.260306399,-333.763907988,180.0,0.0,-10.0,False,False,1.040019907,1.040019907
854,372,scene_3.1,scene_3.1_y02,2,28,15,122.502503225,7.260306399,-334.803927895,180.0,0.0,-10.0,False,False,1.040019907,1.040019907
855,373,scene_3.1,scene_3.1_y02,2,28,14,122.502503225,7.260306399,-335.843947801,180.0,0.0,-10.0,False,False,1.040019907,1.040019907
856,374,scene_3.1,scene_3.1_y02,2,28,13,122.502503225,7.260306399,-336.883967708,180.0,0.0,-10.0,False,False,1.040019907,1.040019907
857,375,scene_3.1,scene_3.1_y02,2,28,12,122.502503225,7.260306399,-337.923987615,180.0,0.0,-10.0,False,False,1.040019907,1.040019907
858,376,scene_3.1,scene_3.1_y02,2,28,11,122.502503225,7.260306399,-338.964007521,180.0,0.0,-10.0,False,False,1.040019907,1.040019907
859,377,scene_3.1,scene_3.1_y02,2,28,10,122.502503225,7.260306399,-340.004027428,180.0,0.0,-10.0,False,False,1.040019907,1.040019907
860,378,scene_3.1,scene_3.1_y02,2,28,9,122.502503225,7.260306399,-341.044047334,180.0,0.0,-10.0,False,False,1.040019907,1.040019907
861,379,scene_3.1,scene_3.1_y02,2,28,8,122.502503225,7.260306399,-342.084067241,180.0,0.0,-10.0,False,False,1.040019907,1.040019907
862,380,scene_3.1,scene_3.1_y02,2,28,7,122.502503225,7.260306399,-343.124087148,180.0,0.0,-10.0,False,False,1.040019907,1.040019907
863,381,scene_3.1,scene_3.1_y02,2,28,6,122.502503225,7.260306399,-344.164107054,180.0,0.0,-10.0,False,False,1.040019907,1.040019907
864,382,scene_3.1,scene_3.1_y02,2,28,5,122.502503225,7.260306399,-345.204126961,180.0,0.0,-10.0,False,False,1.040019907,1.040019907
865,383,scene_3.1,scene_3.1_y02,2,28,4,122.502503225,7.260306399,-346.244146868,180.0,0.0,-10.0,False,False,1.040019907,1.040019907
866,384,scene_3.1,scene_3.1_y02,2,28,3,122.502503225,7.260306399,-347.284166774,180.0,0.0,-10.0,False,False,1.040019907,1.040019907
867,385,scene_3.1,scene_3.1_y02,2,28,2,122.502503225,7.260306399,-348.324186681,180.0,0.0,-10.0,False,False,1.040019907,1.040019907
868,386,scene_3.1,scene_3.1_y02,2,28,1,122.502503225,7.260306399,-349.364206587,270.0,90.0,-10.0,False,False,1.040019907,1.196261079
869,387,scene_3.1,scene_3.1_y02,2,27,1,121.306242146,7.260306399,-349.364206587,0.0,180.0,-10.0,False,False,1.196261079,1.040019907
870,388,scene_3.1,scene_3.1_y02,2,27,2,121.306242146,7.260306399,-348.324186681,0.0,180.0,-10.0,False,False,1.040019907,1.040019907
871,389,scene_3.1,scene_3.1_y02,2,27,3,121.306242146,7.260306399,-347.284166774,0.0,180.0,-10.0,True,False,1.040019907,1.040019907
872,390,scene_3.1,scene_3.1_y02,2,27,4,121.306242146,7.260306399,-346.244146868,0.0,180.0,-10.0,False,False,1.040019907,1.040019907
873,391,scene_3.1,scene_3.1_y02,2,27,5,121.306242146,7.260306399,-345.204126961,0.0,180.0,-10.0,False,False,1.040019907,1.040019907
874,392,scene_3.1,scene_3.1_y02,2,27,6,121.306242146,7.260306399,-344.164107054,0.0,180.0,-10.0,True,False,1.040019907,1.040019907
875,393,scene_3.1,scene_3.1_y02,2,27,7,121.306242146,7.260306399,-343.124087148,0.0,180.0,-10.0,False,False,1.040019907,1.040019907
876,394,scene_3.1,scene_3.1_y02,2,27,8,121.306242146,7.260306399,-342.084067241,0.0,180.0,-10.0,False,False,1.040019907,1.040019907
877,395,scene_3.1,scene_3.1_y02,2,27,9,121.306242146,7.260306399,-341.044047334,0.0,180.0,-10.0,True,False,1.040019907,1.040019907
878,396,scene_3.1,scene_3.1_y02,2,27,10,121.306242146,7.260306399,-340.004027428,0.0,180.0,-10.0,False,False,1.040019907,1.040019907
879,397,scene_3.1,scene_3.1_y02,2,27,11,121.306242146,7.260306399,-338.964007521,0.0,180.0,-10.0,False,False,1.040019907,1.040019907
880,398,scene_3.1,scene_3.1_y02,2,27,12,121.306242146,7.260306399,-337.923987615,0.0,180.0,-10.0,True,False,1.040019907,1.040019907
881,399,scene_3.1,scene_3.1_y02,2,27,13,121.306242146,7.260306399,-336.883967708,0.0,180.0,-10.0,False,False,1.040019907,1.040019907
882,400,scene_3.1,scene_3.1_y02,2,27,14,121.306242146,7.260306399,-335.843947801,0.0,180.0,-10.0,False,False,1.040019907,1.040019907
883,401,scene_3.1,scene_3.1_y02,2,27,15,121.306242146,7.260306399,-334.803927895,0.0,180.0,-10.0,True,False,1.040019907,1.040019907
884,402,scene_3.1,scene_3.1_y02,2,27,16,121.306242146,7.260306399,-333.763907988,0.0,180.0,-10.0,False,False,1.040019907,1.040019907
885,403,scene_3.1,scene_3.1_y02,2,27,17,121.306242146,7.260306399,-332.723888082,0.0,180.0,-10.0,False,False,1.040019907,1.040019907
886,404,scene_3.1,scene_3.1_y02,2,27,18,121.306242146,7.260306399,-331.683868175,0.0,180.0,-10.0,True,False,1.040019907,1.040019907
887,405,scene_3.1,scene_3.1_y02,2,27,19,121.306242146,7.260306399,-330.643848268,0.0,180.0,-10.0,False,False,1.040019907,1.040019907
888,406,scene_3.1,scene_3.1_y02,2,27,20,121.306242146,7.260306399,-329.603828362,0.0,180.0,-10.0,False,False,1.040019907,1.040019907
889,407,scene_3.1,scene_3.1_y02,2,27,21,121.306242146,7.260306399,-328.563808455,0.0,180.0,-10.0,True,False,1.040019907,1.040019907
890,408,scene_3.1,scene_3.1_y02,2,27,22,121.306242146,7.260306399,-327.523788548,0.0,180.0,-10.0,False,False,1.040019907,1.040019907
891,409,scene_3.1,scene_3.1_y02,2,27,23,121.306242146,7.260306399,-326.483768642,0.0,180.0,-10.0,False,False,1.040019907,1.040019907
892,410,scene_3.1,scene_3.1_y02,2,27,24,121.306242146,7.260306399,-325.443748735,0.0,180.0,-10.0,True,False,1.040019907,1.040019907
893,411,scene_3.1,scene_3.1_y02,2,27,25,121.306242146,7.260306399,-324.403728829,0.0,180.0,-10.0,False,False,1.040019907,1.040019907
894,412,scene_3.1,scene_3.1_y02,2,27,26,121.306242146,7.260306399,-323.363708922,0.0,180.0,-10.0,False,False,1.040019907,1.040019907
895,413,scene_3.1,scene_3.1_y02,2,27,27,121.306242146,7.260306399,-322.323689015,0.0,180.0,-10.0,True,False,1.040019907,1.040019907
896,414,scene_3.1,scene_3.1_y02,2,27,28,121.306242146,7.260306399,-321.283669109,0.0,180.0,-10.0,False,False,1.040019907,1.040019907
897,415,scene_3.1,scene_3.1_y02,2,27,29,121.306242146,7.260306399,-320.243649202,0.0,180.0,-10.0,False,False,1.040019907,1.040019907
898,416,scene_3.1,scene_3.1_y02,2,27,30,121.306242146,7.260306399,-319.203629296,0.0,180.0,-10.0,True,False,1.040019907,1.040019907
899,417,scene_3.1,scene_3.1_y02,2,27,31,121.306242146,7.260306399,-318.163609389,0.0,180.0,-10.0,False,False,1.040019907,1.040019907
900,418,scene_3.1,scene_3.1_y02,2,27,32,121.306242146,7.260306399,-317.123589482,0.0,180.0,-10.0,False,False,1.040019907,1.040019907
901,419,scene_3.1,scene_3.1_y02,2,27,33,121.306242146,7.260306399,-316.083569576,0.0,180.0,-10.0,True,False,1.040019907,1.040019907
902,420,scene_3.1,scene_3.1_y02,2,27,34,121.306242146,7.260306399,-315.043549669,0.0,180.0,-10.0,False,False,1.040019907,1.040019907
903,421,scene_3.1,scene_3.1_y02,2,27,35,121.306242146,7.260306399,-314.003529762,0.0,180.0,-10.0,False,False,1.040019907,1.040019907
904,422,scene_3.1,scene_3.1_y02,2,27,36,121.306242146,7.260306399,-312.963509856,0.0,180.0,-10.0,True,False,1.040019907,1.040019907
905,423,scene_3.1,scene_3.1_y02,2,27,37,121.306242146,7.260306399,-311.923489949,270.0,90.0,-10.0,False,False,1.040019907,1.196261079
906,424,scene_3.1,scene_3.1_y02,2,26,37,120.109981066,7.260306399,-311.923489949,180.0,0.0,-10.0,False,False,1.196261079,1.040019907
907,425,scene_3.1,scene_3.1_y02,2,26,36,120.109981066,7.260306399,-312.963509856,180.0,0.0,-10.0,False,False,1.040019907,1.040019907
908,426,scene_3.1,scene_3.1_y02,2,26,35,120.109981066,7.260306399,-314.003529762,180.0,0.0,-10.0,False,False,1.040019907,1.040019907
909,427,scene_3.1,scene_3.1_y02,2,26,34,120.109981066,7.260306399,-315.043549669,180.0,0.0,-10.0,False,False,1.040019907,1.040019907
910,428,scene_3.1,scene_3.1_y02,2,26,33,120.109981066,7.260306399,-316.083569576,180.0,0.0,-10.0,False,False,1.040019907,1.040019907
911,429,scene_3.1,scene_3.1_y02,2,26,32,120.109981066,7.260306399,-317.123589482,180.0,0.0,-10.0,False,False,1.040019907,1.040019907
912,430,scene_3.1,scene_3.1_y02,2,26,31,120.109981066,7.260306399,-318.163609389,180.0,0.0,-10.0,False,False,1.040019907,1.040019907
913,431,scene_3.1,scene_3.1_y02,2,26,30,120.109981066,7.260306399,-319.203629296,180.0,0.0,-10.0,False,False,1.040019907,1.040019907
914,432,scene_3.1,scene_3.1_y02,2,26,29,120.109981066,7.260306399,-320.243649202,180.0,0.0,-10.0,False,False,1.040019907,1.040019907
915,433,scene_3.1,scene_3.1_y02,2,26,28,120.109981066,7.260306399,-321.283669109,180.0,0.0,-10.0,False,False,1.040019907,1.040019907
916,434,scene_3.1,scene_3.1_y02,2,26,27,120.109981066,7.260306399,-322.323689015,180.0,0.0,-10.0,False,False,1.040019907,1.040019907
917,435,scene_3.1,scene_3.1_y02,2,26,26,120.109981066,7.260306399,-323.363708922,180.0,0.0,-10.0,False,False,1.040019907,1.040019907
918,436,scene_3.1,scene_3.1_y02,2,26,25,120.109981066,7.260306399,-324.403728829,180.0,0.0,-10.0,False,False,1.040019907,1.040019907
919,437,scene_3.1,scene_3.1_y02,2,26,24,120.109981066,7.260306399,-325.443748735,180.0,0.0,-10.0,False,False,1.040019907,1.040019907
920,438,scene_3.1,scene_3.1_y02,2,26,23,120.109981066,7.260306399,-326.483768642,180.0,0.0,-10.0,False,False,1.040019907,1.040019907
921,439,scene_3.1,scene_3.1_y02,2,26,22,120.109981066,7.260306399,-327.523788548,180.0,0.0,-10.0,False,False,1.040019907,1.040019907
922,440,scene_3.1,scene_3.1_y02,2,26,21,120.109981066,7.260306399,-328.563808455,180.0,0.0,-10.0,False,False,1.040019907,1.040019907
923,441,scene_3.1,scene_3.1_y02,2,26,20,120.109981066,7.260306399,-329.603828362,180.0,0.0,-10.0,False,False,1.040019907,1.040019907
924,442,scene_3.1,scene_3.1_y02,2,26,19,120.109981066,7.260306399,-330.643848268,180.0,0.0,-10.0,False,False,1.040019907,1.040019907
925,443,scene_3.1,scene_3.1_y02,2,26,18,120.109981066,7.260306399,-331.683868175,180.0,0.0,-10.0,False,False,1.040019907,1.040019907
926,444,scene_3.1,scene_3.1_y02,2,26,17,120.109981066,7.260306399,-332.723888082,180.0,0.0,-10.0,False,False,1.040019907,1.040019907
927,445,scene_3.1,scene_3.1_y02,2,26,16,120.109981066,7.260306399,-333.763907988,180.0,0.0,-10.0,False,False,1.040019907,1.040019907
928,446,scene_3.1,scene_3.1_y02,2,26,15,120.109981066,7.260306399,-334.803927895,180.0,0.0,-10.0,False,False,1.040019907,1.040019907
929,447,scene_3.1,scene_3.1_y02,2,26,14,120.109981066,7.260306399,-335.843947801,180.0,0.0,-10.0,False,False,1.040019907,1.040019907
930,448,scene_3.1,scene_3.1_y02,2,26,13,120.109981066,7.260306399,-336.883967708,180.0,0.0,-10.0,False,False,1.040019907,1.040019907
931,449,scene_3.1,scene_3.1_y02,2,26,12,120.109981066,7.260306399,-337.923987615,180.0,0.0,-10.0,False,False,1.040019907,1.040019907
932,450,scene_3.1,scene_3.1_y02,2,26,11,120.109981066,7.260306399,-338.964007521,180.0,0.0,-10.0,False,False,1.040019907,1.040019907
933,451,scene_3.1,scene_3.1_y02,2,26,10,120.109981066,7.260306399,-340.004027428,180.0,0.0,-10.0,False,False,1.040019907,1.040019907
934,452,scene_3.1,scene_3.1_y02,2,26,9,120.109981066,7.260306399,-341.044047334,180.0,0.0,-10.0,False,False,1.040019907,1.040019907
935,453,scene_3.1,scene_3.1_y02,2,26,8,120.109981066,7.260306399,-342.084067241,180.0,0.0,-10.0,False,False,1.040019907,1.040019907
936,454,scene_3.1,scene_3.1_y02,2,26,7,120.109981066,7.260306399,-343.124087148,180.0,0.0,-10.0,False,False,1.040019907,1.040019907
937,455,scene_3.1,scene_3.1_y02,2,26,6,120.109981066,7.260306399,-344.164107054,180.0,0.0,-10.0,False,False,1.040019907,1.040019907
938,456,scene_3.1,scene_3.1_y02,2,26,5,120.109981066,7.260306399,-345.204126961,180.0,0.0,-10.0,False,False,1.040019907,1.040019907
939,457,scene_3.1,scene_3.1_y02,2,26,4,120.109981066,7.260306399,-346.244146868,180.0,0.0,-10.0,False,False,1.040019907,1.040019907
940,458,scene_3.1,scene_3.1_y02,2,26,3,120.109981066,7.260306399,-347.284166774,180.0,0.0,-10.0,False,False,1.040019907,1.040019907
941,459,scene_3.1,scene_3.1_y02,2,26,2,120.109981066,7.260306399,-348.324186681,180.0,0.0,-10.0,False,False,1.040019907,1.040019907
942,460,scene_3.1,scene_3.1_y02,2,26,1,120.109981066,7.260306399,-349.364206587,270.0,90.0,-10.0,False,False,1.040019907,1.196261079
943,461,scene_3.1,scene_3.1_y02,2,25,1,118.913719987,7.260306399,-349.364206587,0.0,180.0,-10.0,False,False,1.196261079,1.040019907
944,462,scene_3.1,scene_3.1_y02,2,25,2,118.913719987,7.260306399,-348.324186681,0.0,180.0,-10.0,False,False,1.040019907,1.040019907
945,463,scene_3.1,scene_3.1_y02,2,25,3,118.913719987,7.260306399,-347.284166774,0.0,180.0,-10.0,False,False,1.040019907,1.040019907
946,464,scene_3.1,scene_3.1_y02,2,25,4,118.913719987,7.260306399,-346.244146868,0.0,180.0,-10.0,False,False,1.040019907,1.040019907
947,465,scene_3.1,scene_3.1_y02,2,25,5,118.913719987,7.260306399,-345.204126961,0.0,180.0,-10.0,False,False,1.040019907,1.040019907
948,466,scene_3.1,scene_3.1_y02,2,25,6,118.913719987,7.260306399,-344.164107054,0.0,180.0,-10.0,False,False,1.040019907,1.040019907
949,467,scene_3.1,scene_3.1_y02,2,25,7,118.913719987,7.260306399,-343.124087148,0.0,180.0,-10.0,False,False,1.040019907,1.040019907
950,468,scene_3.1,scene_3.1_y02,2,25,8,118.913719987,7.260306399,-342.084067241,0.0,180.0,-10.0,False,False,1.040019907,1.040019907
951,469,scene_3.1,scene_3.1_y02,2,25,9,118.913719987,7.260306399,-341.044047334,0.0,180.0,-10.0,False,False,1.040019907,1.040019907
952,470,scene_3.1,scene_3.1_y02,2,25,10,118.913719987,7.260306399,-340.004027428,0.0,180.0,-10.0,False,False,1.040019907,1.040019907
953,471,scene_3.1,scene_3.1_y02,2,25,11,118.913719987,7.260306399,-338.964007521,0.0,180.0,-10.0,False,False,1.040019907,1.040019907
954,472,scene_3.1,scene_3.1_y02,2,25,12,118.913719987,7.260306399,-337.923987615,0.0,180.0,-10.0,False,False,1.040019907,1.040019907
955,473,scene_3.1,scene_3.1_y02,2,25,13,118.913719987,7.260306399,-336.883967708,0.0,180.0,-10.0,False,False,1.040019907,1.040019907
956,474,scene_3.1,scene_3.1_y02,2,25,14,118.913719987,7.260306399,-335.843947801,0.0,180.0,-10.0,False,False,1.040019907,1.040019907
957,475,scene_3.1,scene_3.1_y02,2,25,15,118.913719987,7.260306399,-334.803927895,0.0,180.0,-10.0,False,False,1.040019907,1.040019907
958,476,scene_3.1,scene_3.1_y02,2,25,16,118.913719987,7.260306399,-333.763907988,0.0,180.0,-10.0,False,False,1.040019907,1.040019907
959,477,scene_3.1,scene_3.1_y02,2,25,17,118.913719987,7.260306399,-332.723888082,0.0,180.0,-10.0,False,False,1.040019907,1.040019907
960,478,scene_3.1,scene_3.1_y02,2,25,18,118.913719987,7.260306399,-331.683868175,0.0,180.0,-10.0,False,False,1.040019907,1.040019907
961,479,scene_3.1,scene_3.1_y02,2,25,19,118.913719987,7.260306399,-330.643848268,0.0,180.0,-10.0,False,False,1.040019907,1.040019907
962,480,scene_3.1,scene_3.1_y02,2,25,20,118.913719987,7.260306399,-329.603828362,0.0,180.0,-10.0,False,False,1.040019907,1.040019907
963,481,scene_3.1,scene_3.1_y02,2,25,21,118.913719987,7.260306399,-328.563808455,0.0,180.0,-10.0,False,False,1.040019907,1.040019907
964,482,scene_3.1,scene_3.1_y02,2,25,22,118.913719987,7.260306399,-327.523788548,0.0,180.0,-10.0,False,False,1.040019907,1.040019907
965,483,scene_3.1,scene_3.1_y02,2,25,23,118.913719987,7.260306399,-326.483768642,0.0,180.0,-10.0,False,False,1.040019907,1.040019907
966,484,scene_3.1,scene_3.1_y02,2,25,24,118.913719987,7.260306399,-325.443748735,0.0,180.0,-10.0,False,False,1.040019907,1.040019907
967,485,scene_3.1,scene_3.1_y02,2,25,25,118.913719987,7.260306399,-324.403728829,0.0,180.0,-10.0,False,False,1.040019907,1.040019907
968,486,scene_3.1,scene_3.1_y02,2,25,26,118.913719987,7.260306399,-323.363708922,0.0,180.0,-10.0,False,False,1.040019907,1.040019907
969,487,scene_3.1,scene_3.1_y02,2,25,27,118.913719987,7.260306399,-322.323689015,0.0,180.0,-10.0,False,False,1.040019907,1.040019907
970,488,scene_3.1,scene_3.1_y02,2,25,28,118.913719987,7.260306399,-321.283669109,0.0,180.0,-10.0,False,False,1.040019907,1.040019907
971,489,scene_3.1,scene_3.1_y02,2,25,29,118.913719987,7.260306399,-320.243649202,0.0,180.0,-10.0,False,False,1.040019907,1.040019907
972,490,scene_3.1,scene_3.1_y02,2,25,30,118.913719987,7.260306399,-319.203629296,0.0,180.0,-10.0,False,False,1.040019907,1.040019907
973,491,scene_3.1,scene_3.1_y02,2,25,31,118.913719987,7.260306399,-318.163609389,0.0,180.0,-10.0,False,False,1.040019907,1.040019907
974,492,scene_3.1,scene_3.1_y02,2,25,32,118.913719987,7.260306399,-317.123589482,0.0,180.0,-10.0,False,False,1.040019907,1.040019907
975,493,scene_3.1,scene_3.1_y02,2,25,33,118.913719987,7.260306399,-316.083569576,0.0,180.0,-10.0,False,False,1.040019907,1.040019907
976,494,scene_3.1,scene_3.1_y02,2,25,34,118.913719987,7.260306399,-315.043549669,0.0,180.0,-10.0,False,False,1.040019907,1.040019907
977,495,scene_3.1,scene_3.1_y02,2,25,35,118.913719987,7.260306399,-314.003529762,0.0,180.0,-10.0,False,False,1.040019907,1.040019907
978,496,scene_3.1,scene_3.1_y02,2,25,36,118.913719987,7.260306399,-312.963509856,0.0,180.0,-10.0,False,False,1.040019907,1.040019907
979,497,scene_3.1,scene_3.1_y02,2,25,37,118.913719987,7.260306399,-311.923489949,270.0,90.0,-10.0,False,False,1.040019907,1.196261079
980,498,scene_3.1,scene_3.1_y02,2,24,37,117.717458908,7.260306399,-311.923489949,180.0,0.0,-10.0,False,False,1.196261079,1.040019907
981,499,scene_3.1,scene_3.1_y02,2,24,36,117.717458908,7.260306399,-312.963509856,180.0,0.0,-10.0,True,False,1.040019907,1.040019907
982,500,scene_3.1,scene_3.1_y02,2,24,35,117.717458908,7.260306399,-314.003529762,180.0,0.0,-10.0,False,False,1.040019907,1.040019907
983,501,scene_3.1,scene_3.1_y02,2,24,34,117.717458908,7.260306399,-315.043549669,180.0,0.0,-10.0,False,False,1.040019907,1.040019907
984,502,scene_3.1,scene_3.1_y02,2,24,33,117.717458908,7.260306399,-316.083569576,180.0,0.0,-10.0,True,False,1.040019907,1.040019907
985,503,scene_3.1,scene_3.1_y02,2,24,32,117.717458908,7.260306399,-317.123589482,180.0,0.0,-10.0,False,False,1.040019907,1.040019907
986,504,scene_3.1,scene_3.1_y02,2,24,31,117.717458908,7.260306399,-318.163609389,180.0,0.0,-10.0,False,False,1.040019907,1.040019907
987,505,scene_3.1,scene_3.1_y02,2,24,30,117.717458908,7.260306399,-319.203629296,180.0,0.0,-10.0,True,False,1.040019907,1.040019907
988,506,scene_3.1,scene_3.1_y02,2,24,29,117.717458908,7.260306399,-320.243649202,180.0,0.0,-10.0,False,False,1.040019907,1.040019907
989,507,scene_3.1,scene_3.1_y02,2,24,28,117.717458908,7.260306399,-321.283669109,180.0,0.0,-10.0,False,False,1.040019907,1.040019907
990,508,scene_3.1,scene_3.1_y02,2,24,27,117.717458908,7.260306399,-322.323689015,180.0,0.0,-10.0,True,False,1.040019907,1.040019907
991,509,scene_3.1,scene_3.1_y02,2,24,26,117.717458908,7.260306399,-323.363708922,180.0,0.0,-10.0,False,False,1.040019907,1.040019907
992,510,scene_3.1,scene_3.1_y02,2,24,25,117.717458908,7.260306399,-324.403728829,180.0,0.0,-10.0,False,False,1.040019907,1.040019907
993,511,scene_3.1,scene_3.1_y02,2,24,24,117.717458908,7.260306399,-325.443748735,180.0,0.0,-10.0,True,False,1.040019907,1.040019907
994,512,scene_3.1,scene_3.1_y02,2,24,23,117.717458908,7.260306399,-326.483768642,180.0,0.0,-10.0,False,False,1.040019907,1.040019907
995,513,scene_3.1,scene_3.1_y02,2,24,22,117.717458908,7.260306399,-327.523788548,180.0,0.0,-10.0,False,False,1.040019907,1.040019907
996,514,scene_3.1,scene_3.1_y02,2,24,21,117.717458908,7.260306399,-328.563808455,180.0,0.0,-10.0,True,False,1.040019907,1.040019907
997,515,scene_3.1,scene_3.1_y02,2,24,20,117.717458908,7.260306399,-329.603828362,180.0,0.0,-10.0,False,False,1.040019907,1.040019907
998,516,scene_3.1,scene_3.1_y02,2,24,19,117.717458908,7.260306399,-330.643848268,180.0,0.0,-10.0,False,False,1.040019907,1.040019907
999,517,scene_3.1,scene_3.1_y02,2,24,18,117.717458908,7.260306399,-331.683868175,180.0,0.0,-10.0,True,False,1.040019907,1.040019907
1000,518,scene_3.1,scene_3.1_y02,2,24,17,117.717458908,7.260306399,-332.723888082,180.0,0.0,-10.0,False,False,1.040019907,1.040019907
1001,519,scene_3.1,scene_3.1_y02,2,24,16,117.717458908,7.260306399,-333.763907988,180.0,0.0,-10.0,False,False,1.040019907,1.040019907
1002,520,scene_3.1,scene_3.1_y02,2,24,15,117.717458908,7.260306399,-334.803927895,180.0,0.0,-10.0,True,False,1.040019907,1.040019907
1003,521,scene_3.1,scene_3.1_y02,2,24,14,117.717458908,7.260306399,-335.843947801,180.0,0.0,-10.0,False,False,1.040019907,1.040019907
1004,522,scene_3.1,scene_3.1_y02,2,24,13,117.717458908,7.260306399,-336.883967708,180.0,0.0,-10.0,False,False,1.040019907,1.040019907
1005,523,scene_3.1,scene_3.1_y02,2,24,12,117.717458908,7.260306399,-337.923987615,180.0,0.0,-10.0,True,False,1.040019907,1.040019907
1006,524,scene_3.1,scene_3.1_y02,2,24,11,117.717458908,7.260306399,-338.964007521,180.0,0.0,-10.0,False,False,1.040019907,1.040019907
1007,525,scene_3.1,scene_3.1_y02,2,24,10,117.717458908,7.260306399,-340.004027428,180.0,0.0,-10.0,False,False,1.040019907,1.040019907
1008,526,scene_3.1,scene_3.1_y02,2,24,9,117.717458908,7.260306399,-341.044047334,180.0,0.0,-10.0,True,False,1.040019907,1.040019907
1009,527,scene_3.1,scene_3.1_y02,2,24,8,117.717458908,7.260306399,-342.084067241,180.0,0.0,-10.0,False,False,1.040019907,1.040019907
1010,528,scene_3.1,scene_3.1_y02,2,24,7,117.717458908,7.260306399,-343.124087148,180.0,0.0,-10.0,False,False,1.040019907,1.040019907
1011,529,scene_3.1,scene_3.1_y02,2,24,6,117.717458908,7.260306399,-344.164107054,180.0,0.0,-10.0,True,False,1.040019907,1.040019907
1012,530,scene_3.1,scene_3.1_y02,2,24,5,117.717458908,7.260306399,-345.204126961,180.0,0.0,-10.0,False,False,1.040019907,1.040019907
1013,531,scene_3.1,scene_3.1_y02,2,24,4,117.717458908,7.260306399,-346.244146868,180.0,0.0,-10.0,False,False,1.040019907,1.040019907
1014,532,scene_3.1,scene_3.1_y02,2,24,3,117.717458908,7.260306399,-347.284166774,180.0,0.0,-10.0,True,False,1.040019907,1.040019907
1015,533,scene_3.1,scene_3.1_y02,2,24,2,117.717458908,7.260306399,-348.324186681,180.0,0.0,-10.0,False,False,1.040019907,1.040019907
1016,534,scene_3.1,scene_3.1_y02,2,24,1,117.717458908,7.260306399,-349.364206587,270.0,90.0,-10.0,False,False,1.040019907,1.196261079
1017,535,scene_3.1,scene_3.1_y02,2,23,1,116.521197829,7.260306399,-349.364206587,0.0,180.0,-10.0,False,False,1.196261079,1.040019907
1018,536,scene_3.1,scene_3.1_y02,2,23,2,116.521197829,7.260306399,-348.324186681,0.0,180.0,-10.0,False,False,1.040019907,1.040019907
1019,537,scene_3.1,scene_3.1_y02,2,23,3,116.521197829,7.260306399,-347.284166774,0.0,180.0,-10.0,False,False,1.040019907,1.040019907
1020,538,scene_3.1,scene_3.1_y02,2,23,4,116.521197829,7.260306399,-346.244146868,0.0,180.0,-10.0,False,False,1.040019907,1.040019907
1021,539,scene_3.1,scene_3.1_y02,2,23,5,116.521197829,7.260306399,-345.204126961,0.0,180.0,-10.0,False,False,1.040019907,1.040019907
1022,540,scene_3.1,scene_3.1_y02,2,23,6,116.521197829,7.260306399,-344.164107054,0.0,180.0,-10.0,False,False,1.040019907,1.040019907
1023,541,scene_3.1,scene_3.1_y02,2,23,7,116.521197829,7.260306399,-343.124087148,0.0,180.0,-10.0,False,False,1.040019907,1.040019907
1024,542,scene_3.1,scene_3.1_y02,2,23,8,116.521197829,7.260306399,-342.084067241,0.0,180.0,-10.0,False,False,1.040019907,1.040019907
1025,543,scene_3.1,scene_3.1_y02,2,23,9,116.521197829,7.260306399,-341.044047334,0.0,180.0,-10.0,False,False,1.040019907,1.040019907
1026,544,scene_3.1,scene_3.1_y02,2,23,10,116.521197829,7.260306399,-340.004027428,0.0,180.0,-10.0,False,False,1.040019907,1.040019907
1027,545,scene_3.1,scene_3.1_y02,2,23,11,116.521197829,7.260306399,-338.964007521,0.0,180.0,-10.0,False,False,1.040019907,1.040019907
1028,546,scene_3.1,scene_3.1_y02,2,23,12,116.521197829,7.260306399,-337.923987615,0.0,180.0,-10.0,False,False,1.040019907,1.040019907
1029,547,scene_3.1,scene_3.1_y02,2,23,13,116.521197829,7.260306399,-336.883967708,0.0,180.0,-10.0,False,False,1.040019907,1.040019907
1030,548,scene_3.1,scene_3.1_y02,2,23,14,116.521197829,7.260306399,-335.843947801,0.0,180.0,-10.0,False,False,1.040019907,1.040019907
1031,549,scene_3.1,scene_3.1_y02,2,23,15,116.521197829,7.260306399,-334.803927895,0.0,180.0,-10.0,False,False,1.040019907,1.040019907
1032,550,scene_3.1,scene_3.1_y02,2,23,16,116.521197829,7.260306399,-333.763907988,0.0,180.0,-10.0,False,False,1.040019907,1.040019907
1033,551,scene_3.1,scene_3.1_y02,2,23,17,116.521197829,7.260306399,-332.723888082,0.0,180.0,-10.0,False,False,1.040019907,1.040019907
1034,552,scene_3.1,scene_3.1_y02,2,23,18,116.521197829,7.260306399,-331.683868175,0.0,180.0,-10.0,False,False,1.040019907,1.040019907
1035,553,scene_3.1,scene_3.1_y02,2,23,19,116.521197829,7.260306399,-330.643848268,0.0,180.0,-10.0,False,False,1.040019907,1.040019907
1036,554,scene_3.1,scene_3.1_y02,2,23,20,116.521197829,7.260306399,-329.603828362,0.0,180.0,-10.0,False,False,1.040019907,1.040019907
1037,555,scene_3.1,scene_3.1_y02,2,23,21,116.521197829,7.260306399,-328.563808455,0.0,180.0,-10.0,False,False,1.040019907,1.040019907
1038,556,scene_3.1,scene_3.1_y02,2,23,22,116.521197829,7.260306399,-327.523788548,0.0,180.0,-10.0,False,False,1.040019907,1.040019907
1039,557,scene_3.1,scene_3.1_y02,2,23,23,116.521197829,7.260306399,-326.483768642,0.0,180.0,-10.0,False,False,1.040019907,1.040019907
1040,558,scene_3.1,scene_3.1_y02,2,23,24,116.521197829,7.260306399,-325.443748735,0.0,180.0,-10.0,False,False,1.040019907,1.040019907
1041,559,scene_3.1,scene_3.1_y02,2,23,25,116.521197829,7.260306399,-324.403728829,0.0,180.0,-10.0,False,False,1.040019907,1.040019907
1042,560,scene_3.1,scene_3.1_y02,2,23,26,116.521197829,7.260306399,-323.363708922,0.0,180.0,-10.0,False,False,1.040019907,1.040019907
1043,561,scene_3.1,scene_3.1_y02,2,23,27,116.521197829,7.260306399,-322.323689015,0.0,180.0,-10.0,False,False,1.040019907,1.040019907
1044,562,scene_3.1,scene_3.1_y02,2,23,28,116.521197829,7.260306399,-321.283669109,0.0,180.0,-10.0,False,False,1.040019907,1.040019907
1045,563,scene_3.1,scene_3.1_y02,2,23,29,116.521197829,7.260306399,-320.243649202,0.0,180.0,-10.0,False,False,1.040019907,1.040019907
1046,564,scene_3.1,scene_3.1_y02,2,23,30,116.521197829,7.260306399,-319.203629296,0.0,180.0,-10.0,False,False,1.040019907,1.040019907
1047,565,scene_3.1,scene_3.1_y02,2,23,31,116.521197829,7.260306399,-318.163609389,0.0,180.0,-10.0,False,False,1.040019907,1.040019907
1048,566,scene_3.1,scene_3.1_y02,2,23,32,116.521197829,7.260306399,-317.123589482,0.0,180.0,-10.0,False,False,1.040019907,1.040019907
1049,567,scene_3.1,scene_3.1_y02,2,23,33,116.521197829,7.260306399,-316.083569576,0.0,180.0,-10.0,False,False,1.040019907,1.040019907
1050,568,scene_3.1,scene_3.1_y02,2,23,34,116.521197829,7.260306399,-315.043549669,0.0,180.0,-10.0,False,False,1.040019907,1.040019907
1051,569,scene_3.1,scene_3.1_y02,2,23,35,116.521197829,7.260306399,-314.003529762,0.0,180.0,-10.0,False,False,1.040019907,1.040019907
1052,570,scene_3.1,scene_3.1_y02,2,23,36,116.521197829,7.260306399,-312.963509856,0.0,180.0,-10.0,False,False,1.040019907,1.040019907
1053,571,scene_3.1,scene_3.1_y02,2,23,37,116.521197829,7.260306399,-311.923489949,270.0,90.0,-10.0,False,False,1.040019907,1.196261079
1054,572,scene_3.1,scene_3.1_y02,2,22,37,115.32493675,7.260306399,-311.923489949,180.0,0.0,-10.0,False,False,1.196261079,1.040019907
1055,573,scene_3.1,scene_3.1_y02,2,22,36,115.32493675,7.260306399,-312.963509856,180.0,0.0,-10.0,False,False,1.040019907,1.040019907
1056,574,scene_3.1,scene_3.1_y02,2,22,35,115.32493675,7.260306399,-314.003529762,180.0,0.0,-10.0,False,False,1.040019907,1.040019907
1057,575,scene_3.1,scene_3.1_y02,2,22,34,115.32493675,7.260306399,-315.043549669,180.0,0.0,-10.0,False,False,1.040019907,1.040019907
1058,576,scene_3.1,scene_3.1_y02,2,22,33,115.32493675,7.260306399,-316.083569576,180.0,0.0,-10.0,False,False,1.040019907,1.040019907
1059,577,scene_3.1,scene_3.1_y02,2,22,32,115.32493675,7.260306399,-317.123589482,180.0,0.0,-10.0,False,False,1.040019907,1.040019907
1060,578,scene_3.1,scene_3.1_y02,2,22,31,115.32493675,7.260306399,-318.163609389,180.0,0.0,-10.0,False,False,1.040019907,1.040019907
1061,579,scene_3.1,scene_3.1_y02,2,22,30,115.32493675,7.260306399,-319.203629296,180.0,0.0,-10.0,False,False,1.040019907,1.040019907
1062,580,scene_3.1,scene_3.1_y02,2,22,29,115.32493675,7.260306399,-320.243649202,180.0,0.0,-10.0,False,False,1.040019907,1.040019907
1063,581,scene_3.1,scene_3.1_y02,2,22,28,115.32493675,7.260306399,-321.283669109,180.0,0.0,-10.0,False,False,1.040019907,1.040019907
1064,582,scene_3.1,scene_3.1_y02,2,22,27,115.32493675,7.260306399,-322.323689015,180.0,0.0,-10.0,False,False,1.040019907,1.040019907
1065,583,scene_3.1,scene_3.1_y02,2,22,26,115.32493675,7.260306399,-323.363708922,180.0,0.0,-10.0,False,False,1.040019907,1.040019907
1066,584,scene_3.1,scene_3.1_y02,2,22,25,115.32493675,7.260306399,-324.403728829,180.0,0.0,-10.0,False,False,1.040019907,1.040019907
1067,585,scene_3.1,scene_3.1_y02,2,22,24,115.32493675,7.260306399,-325.443748735,180.0,0.0,-10.0,False,False,1.040019907,1.040019907
1068,586,scene_3.1,scene_3.1_y02,2,22,23,115.32493675,7.260306399,-326.483768642,180.0,0.0,-10.0,False,False,1.040019907,1.040019907
1069,587,scene_3.1,scene_3.1_y02,2,22,22,115.32493675,7.260306399,-327.523788548,180.0,0.0,-10.0,False,False,1.040019907,1.040019907
1070,588,scene_3.1,scene_3.1_y02,2,22,21,115.32493675,7.260306399,-328.563808455,180.0,0.0,-10.0,False,False,1.040019907,1.040019907
1071,589,scene_3.1,scene_3.1_y02,2,22,20,115.32493675,7.260306399,-329.603828362,180.0,0.0,-10.0,False,False,1.040019907,1.040019907
1072,590,scene_3.1,scene_3.1_y02,2,22,19,115.32493675,7.260306399,-330.643848268,180.0,0.0,-10.0,False,False,1.040019907,1.040019907
1073,591,scene_3.1,scene_3.1_y02,2,22,18,115.32493675,7.260306399,-331.683868175,180.0,0.0,-10.0,False,False,1.040019907,1.040019907
1074,592,scene_3.1,scene_3.1_y02,2,22,17,115.32493675,7.260306399,-332.723888082,180.0,0.0,-10.0,False,False,1.040019907,1.040019907
1075,593,scene_3.1,scene_3.1_y02,2,22,16,115.32493675,7.260306399,-333.763907988,180.0,0.0,-10.0,False,False,1.040019907,1.040019907
1076,594,scene_3.1,scene_3.1_y02,2,22,15,115.32493675,7.260306399,-334.803927895,180.0,0.0,-10.0,False,False,1.040019907,1.040019907
1077,595,scene_3.1,scene_3.1_y02,2,22,14,115.32493675,7.260306399,-335.843947801,180.0,0.0,-10.0,False,False,1.040019907,1.040019907
1078,596,scene_3.1,scene_3.1_y02,2,22,13,115.32493675,7.260306399,-336.883967708,180.0,0.0,-10.0,False,False,1.040019907,1.040019907
1079,597,scene_3.1,scene_3.1_y02,2,22,12,115.32493675,7.260306399,-337.923987615,180.0,0.0,-10.0,False,False,1.040019907,1.040019907
1080,598,scene_3.1,scene_3.1_y02,2,22,11,115.32493675,7.260306399,-338.964007521,180.0,0.0,-10.0,False,False,1.040019907,1.040019907
1081,599,scene_3.1,scene_3.1_y02,2,22,10,115.32493675,7.260306399,-340.004027428,180.0,0.0,-10.0,False,False,1.040019907,1.040019907
1082,600,scene_3.1,scene_3.1_y02,2,22,9,115.32493675,7.260306399,-341.044047334,180.0,0.0,-10.0,False,False,1.040019907,1.040019907
1083,601,scene_3.1,scene_3.1_y02,2,22,8,115.32493675,7.260306399,-342.084067241,180.0,0.0,-10.0,False,False,1.040019907,1.040019907
1084,602,scene_3.1,scene_3.1_y02,2,22,7,115.32493675,7.260306399,-343.124087148,180.0,0.0,-10.0,False,False,1.040019907,1.040019907
1085,603,scene_3.1,scene_3.1_y02,2,22,6,115.32493675,7.260306399,-344.164107054,180.0,0.0,-10.0,False,False,1.040019907,1.040019907
1086,604,scene_3.1,scene_3.1_y02,2,22,5,115.32493675,7.260306399,-345.204126961,180.0,0.0,-10.0,False,False,1.040019907,1.040019907
1087,605,scene_3.1,scene_3.1_y02,2,22,4,115.32493675,7.260306399,-346.244146868,180.0,0.0,-10.0,False,False,1.040019907,1.040019907
1088,606,scene_3.1,scene_3.1_y02,2,22,3,115.32493675,7.260306399,-347.284166774,180.0,0.0,-10.0,False,False,1.040019907,1.040019907
1089,607,scene_3.1,scene_3.1_y02,2,22,2,115.32493675,7.260306399,-348.324186681,180.0,0.0,-10.0,False,False,1.040019907,1.040019907
1090,608,scene_3.1,scene_3.1_y02,2,22,1,115.32493675,7.260306399,-349.364206587,270.0,90.0,-10.0,False,False,1.040019907,1.196261079
1091,609,scene_3.1,scene_3.1_y02,2,21,1,114.12867567,7.260306399,-349.364206587,0.0,180.0,-10.0,False,False,1.196261079,1.040019907
1092,610,scene_3.1,scene_3.1_y02,2,21,2,114.12867567,7.260306399,-348.324186681,0.0,180.0,-10.0,False,False,1.040019907,1.040019907
1093,611,scene_3.1,scene_3.1_y02,2,21,3,114.12867567,7.260306399,-347.284166774,0.0,180.0,-10.0,True,False,1.040019907,1.040019907
1094,612,scene_3.1,scene_3.1_y02,2,21,4,114.12867567,7.260306399,-346.244146868,0.0,180.0,-10.0,False,False,1.040019907,1.040019907
1095,613,scene_3.1,scene_3.1_y02,2,21,5,114.12867567,7.260306399,-345.204126961,0.0,180.0,-10.0,False,False,1.040019907,1.040019907
1096,614,scene_3.1,scene_3.1_y02,2,21,6,114.12867567,7.260306399,-344.164107054,0.0,180.0,-10.0,True,False,1.040019907,1.040019907
1097,615,scene_3.1,scene_3.1_y02,2,21,7,114.12867567,7.260306399,-343.124087148,0.0,180.0,-10.0,False,False,1.040019907,1.040019907
1098,616,scene_3.1,scene_3.1_y02,2,21,8,114.12867567,7.260306399,-342.084067241,0.0,180.0,-10.0,False,False,1.040019907,1.040019907
1099,617,scene_3.1,scene_3.1_y02,2,21,9,114.12867567,7.260306399,-341.044047334,0.0,180.0,-10.0,True,False,1.040019907,1.040019907
1100,618,scene_3.1,scene_3.1_y02,2,21,10,114.12867567,7.260306399,-340.004027428,0.0,180.0,-10.0,False,False,1.040019907,1.040019907
1101,619,scene_3.1,scene_3.1_y02,2,21,11,114.12867567,7.260306399,-338.964007521,0.0,180.0,-10.0,False,False,1.040019907,1.040019907
1102,620,scene_3.1,scene_3.1_y02,2,21,12,114.12867567,7.260306399,-337.923987615,0.0,180.0,-10.0,True,False,1.040019907,1.040019907
1103,621,scene_3.1,scene_3.1_y02,2,21,13,114.12867567,7.260306399,-336.883967708,0.0,180.0,-10.0,False,False,1.040019907,1.040019907
1104,622,scene_3.1,scene_3.1_y02,2,21,14,114.12867567,7.260306399,-335.843947801,0.0,180.0,-10.0,False,False,1.040019907,1.040019907
1105,623,scene_3.1,scene_3.1_y02,2,21,15,114.12867567,7.260306399,-334.803927895,0.0,180.0,-10.0,True,False,1.040019907,1.040019907
1106,624,scene_3.1,scene_3.1_y02,2,21,16,114.12867567,7.260306399,-333.763907988,0.0,180.0,-10.0,False,False,1.040019907,1.040019907
1107,625,scene_3.1,scene_3.1_y02,2,21,17,114.12867567,7.260306399,-332.723888082,0.0,180.0,-10.0,False,False,1.040019907,1.040019907
1108,626,scene_3.1,scene_3.1_y02,2,21,18,114.12867567,7.260306399,-331.683868175,0.0,180.0,-10.0,True,False,1.040019907,1.040019907
1109,627,scene_3.1,scene_3.1_y02,2,21,19,114.12867567,7.260306399,-330.643848268,0.0,180.0,-10.0,False,False,1.040019907,1.040019907
1110,628,scene_3.1,scene_3.1_y02,2,21,20,114.12867567,7.260306399,-329.603828362,0.0,180.0,-10.0,False,False,1.040019907,1.040019907
1111,629,scene_3.1,scene_3.1_y02,2,21,21,114.12867567,7.260306399,-328.563808455,0.0,180.0,-10.0,True,False,1.040019907,1.040019907
1112,630,scene_3.1,scene_3.1_y02,2,21,22,114.12867567,7.260306399,-327.523788548,0.0,180.0,-10.0,False,False,1.040019907,1.040019907
1113,631,scene_3.1,scene_3.1_y02,2,21,23,114.12867567,7.260306399,-326.483768642,0.0,180.0,-10.0,False,False,1.040019907,1.040019907
1114,632,scene_3.1,scene_3.1_y02,2,21,24,114.12867567,7.260306399,-325.443748735,0.0,180.0,-10.0,True,False,1.040019907,1.040019907
1115,633,scene_3.1,scene_3.1_y02,2,21,25,114.12867567,7.260306399,-324.403728829,0.0,180.0,-10.0,False,False,1.040019907,1.040019907
1116,634,scene_3.1,scene_3.1_y02,2,21,26,114.12867567,7.260306399,-323.363708922,0.0,180.0,-10.0,False,False,1.040019907,1.040019907
1117,635,scene_3.1,scene_3.1_y02,2,21,27,114.12867567,7.260306399,-322.323689015,0.0,180.0,-10.0,True,False,1.040019907,1.040019907
1118,636,scene_3.1,scene_3.1_y02,2,21,28,114.12867567,7.260306399,-321.283669109,0.0,180.0,-10.0,False,False,1.040019907,1.040019907
1119,637,scene_3.1,scene_3.1_y02,2,21,29,114.12867567,7.260306399,-320.243649202,0.0,180.0,-10.0,False,False,1.040019907,1.040019907
1120,638,scene_3.1,scene_3.1_y02,2,21,30,114.12867567,7.260306399,-319.203629296,0.0,180.0,-10.0,True,False,1.040019907,1.040019907
1121,639,scene_3.1,scene_3.1_y02,2,21,31,114.12867567,7.260306399,-318.163609389,0.0,180.0,-10.0,False,False,1.040019907,1.040019907
1122,640,scene_3.1,scene_3.1_y02,2,21,32,114.12867567,7.260306399,-317.123589482,0.0,180.0,-10.0,False,False,1.040019907,1.040019907
1123,641,scene_3.1,scene_3.1_y02,2,21,33,114.12867567,7.260306399,-316.083569576,0.0,180.0,-10.0,True,False,1.040019907,1.040019907
1124,642,scene_3.1,scene_3.1_y02,2,21,34,114.12867567,7.260306399,-315.043549669,0.0,180.0,-10.0,False,False,1.040019907,1.040019907
1125,643,scene_3.1,scene_3.1_y02,2,21,35,114.12867567,7.260306399,-314.003529762,0.0,180.0,-10.0,False,False,1.040019907,1.040019907
1126,644,scene_3.1,scene_3.1_y02,2,21,36,114.12867567,7.260306399,-312.963509856,0.0,180.0,-10.0,True,False,1.040019907,1.040019907
1127,645,scene_3.1,scene_3.1_y02,2,21,37,114.12867567,7.260306399,-311.923489949,270.0,90.0,-10.0,False,False,1.040019907,1.196261079
1128,646,scene_3.1,scene_3.1_y02,2,20,37,112.932414591,7.260306399,-311.923489949,180.0,0.0,-10.0,False,False,1.196261079,1.040019907
1129,647,scene_3.1,scene_3.1_y02,2,20,36,112.932414591,7.260306399,-312.963509856,180.0,0.0,-10.0,False,False,1.040019907,1.040019907
1130,648,scene_3.1,scene_3.1_y02,2,20,35,112.932414591,7.260306399,-314.003529762,180.0,0.0,-10.0,False,False,1.040019907,1.040019907
1131,649,scene_3.1,scene_3.1_y02,2,20,34,112.932414591,7.260306399,-315.043549669,180.0,0.0,-10.0,False,False,1.040019907,1.040019907
1132,650,scene_3.1,scene_3.1_y02,2,20,33,112.932414591,7.260306399,-316.083569576,180.0,0.0,-10.0,False,False,1.040019907,1.040019907
1133,651,scene_3.1,scene_3.1_y02,2,20,32,112.932414591,7.260306399,-317.123589482,180.0,0.0,-10.0,False,False,1.040019907,1.040019907
1134,652,scene_3.1,scene_3.1_y02,2,20,31,112.932414591,7.260306399,-318.163609389,180.0,0.0,-10.0,False,False,1.040019907,1.040019907
1135,653,scene_3.1,scene_3.1_y02,2,20,30,112.932414591,7.260306399,-319.203629296,180.0,0.0,-10.0,False,False,1.040019907,1.040019907
1136,654,scene_3.1,scene_3.1_y02,2,20,29,112.932414591,7.260306399,-320.243649202,180.0,0.0,-10.0,False,False,1.040019907,1.040019907
1137,655,scene_3.1,scene_3.1_y02,2,20,28,112.932414591,7.260306399,-321.283669109,180.0,0.0,-10.0,False,False,1.040019907,1.040019907
1138,656,scene_3.1,scene_3.1_y02,2,20,27,112.932414591,7.260306399,-322.323689015,180.0,0.0,-10.0,False,False,1.040019907,1.040019907
1139,657,scene_3.1,scene_3.1_y02,2,20,26,112.932414591,7.260306399,-323.363708922,180.0,0.0,-10.0,False,False,1.040019907,1.040019907
1140,658,scene_3.1,scene_3.1_y02,2,20,25,112.932414591,7.260306399,-324.403728829,180.0,0.0,-10.0,False,False,1.040019907,1.040019907
1141,659,scene_3.1,scene_3.1_y02,2,20,24,112.932414591,7.260306399,-325.443748735,180.0,0.0,-10.0,False,False,1.040019907,1.040019907
1142,660,scene_3.1,scene_3.1_y02,2,20,23,112.932414591,7.260306399,-326.483768642,180.0,0.0,-10.0,False,False,1.040019907,1.040019907
1143,661,scene_3.1,scene_3.1_y02,2,20,22,112.932414591,7.260306399,-327.523788548,180.0,0.0,-10.0,False,False,1.040019907,1.040019907
1144,662,scene_3.1,scene_3.1_y02,2,20,21,112.932414591,7.260306399,-328.563808455,180.0,0.0,-10.0,False,False,1.040019907,1.040019907
1145,663,scene_3.1,scene_3.1_y02,2,20,20,112.932414591,7.260306399,-329.603828362,180.0,0.0,-10.0,False,False,1.040019907,1.040019907
1146,664,scene_3.1,scene_3.1_y02,2,20,19,112.932414591,7.260306399,-330.643848268,180.0,0.0,-10.0,False,False,1.040019907,1.040019907
1147,665,scene_3.1,scene_3.1_y02,2,20,18,112.932414591,7.260306399,-331.683868175,180.0,0.0,-10.0,False,False,1.040019907,1.040019907
1148,666,scene_3.1,scene_3.1_y02,2,20,17,112.932414591,7.260306399,-332.723888082,180.0,0.0,-10.0,False,False,1.040019907,1.040019907
1149,667,scene_3.1,scene_3.1_y02,2,20,16,112.932414591,7.260306399,-333.763907988,180.0,0.0,-10.0,False,False,1.040019907,1.040019907
1150,668,scene_3.1,scene_3.1_y02,2,20,15,112.932414591,7.260306399,-334.803927895,180.0,0.0,-10.0,False,False,1.040019907,1.040019907
1151,669,scene_3.1,scene_3.1_y02,2,20,14,112.932414591,7.260306399,-335.843947801,180.0,0.0,-10.0,False,False,1.040019907,1.040019907
1152,670,scene_3.1,scene_3.1_y02,2,20,13,112.932414591,7.260306399,-336.883967708,180.0,0.0,-10.0,False,False,1.040019907,1.040019907
1153,671,scene_3.1,scene_3.1_y02,2,20,12,112.932414591,7.260306399,-337.923987615,180.0,0.0,-10.0,False,False,1.040019907,1.040019907
1154,672,scene_3.1,scene_3.1_y02,2,20,11,112.932414591,7.260306399,-338.964007521,180.0,0.0,-10.0,False,False,1.040019907,1.040019907
1155,673,scene_3.1,scene_3.1_y02,2,20,10,112.932414591,7.260306399,-340.004027428,180.0,0.0,-10.0,False,False,1.040019907,1.040019907
1156,674,scene_3.1,scene_3.1_y02,2,20,9,112.932414591,7.260306399,-341.044047334,180.0,0.0,-10.0,False,False,1.040019907,1.040019907
1157,675,scene_3.1,scene_3.1_y02,2,20,8,112.932414591,7.260306399,-342.084067241,180.0,0.0,-10.0,False,False,1.040019907,1.040019907
1158,676,scene_3.1,scene_3.1_y02,2,20,7,112.932414591,7.260306399,-343.124087148,180.0,0.0,-10.0,False,False,1.040019907,1.040019907
1159,677,scene_3.1,scene_3.1_y02,2,20,6,112.932414591,7.260306399,-344.164107054,180.0,0.0,-10.0,False,False,1.040019907,1.040019907
1160,678,scene_3.1,scene_3.1_y02,2,20,5,112.932414591,7.260306399,-345.204126961,180.0,0.0,-10.0,False,False,1.040019907,1.040019907
1161,679,scene_3.1,scene_3.1_y02,2,20,4,112.932414591,7.260306399,-346.244146868,180.0,0.0,-10.0,False,False,1.040019907,1.040019907
1162,680,scene_3.1,scene_3.1_y02,2,20,3,112.932414591,7.260306399,-347.284166774,180.0,0.0,-10.0,False,False,1.040019907,1.040019907
1163,681,scene_3.1,scene_3.1_y02,2,20,2,112.932414591,7.260306399,-348.324186681,180.0,0.0,-10.0,False,False,1.040019907,1.040019907
1164,682,scene_3.1,scene_3.1_y02,2,20,1,112.932414591,7.260306399,-349.364206587,270.0,90.0,-10.0,False,False,1.040019907,1.196261079
1165,683,scene_3.1,scene_3.1_y02,2,19,1,111.736153512,7.260306399,-349.364206587,0.0,180.0,-10.0,False,False,1.196261079,1.040019907
1166,684,scene_3.1,scene_3.1_y02,2,19,2,111.736153512,7.260306399,-348.324186681,0.0,180.0,-10.0,False,False,1.040019907,1.040019907
1167,685,scene_3.1,scene_3.1_y02,2,19,3,111.736153512,7.260306399,-347.284166774,0.0,180.0,-10.0,False,False,1.040019907,1.040019907
1168,686,scene_3.1,scene_3.1_y02,2,19,4,111.736153512,7.260306399,-346.244146868,0.0,180.0,-10.0,False,False,1.040019907,1.040019907
1169,687,scene_3.1,scene_3.1_y02,2,19,5,111.736153512,7.260306399,-345.204126961,0.0,180.0,-10.0,False,False,1.040019907,1.040019907
1170,688,scene_3.1,scene_3.1_y02,2,19,6,111.736153512,7.260306399,-344.164107054,0.0,180.0,-10.0,False,False,1.040019907,1.040019907
1171,689,scene_3.1,scene_3.1_y02,2,19,7,111.736153512,7.260306399,-343.124087148,0.0,180.0,-10.0,False,False,1.040019907,1.040019907
1172,690,scene_3.1,scene_3.1_y02,2,19,8,111.736153512,7.260306399,-342.084067241,0.0,180.0,-10.0,False,False,1.040019907,1.040019907
1173,691,scene_3.1,scene_3.1_y02,2,19,9,111.736153512,7.260306399,-341.044047334,0.0,180.0,-10.0,False,False,1.040019907,1.040019907
1174,692,scene_3.1,scene_3.1_y02,2,19,10,111.736153512,7.260306399,-340.004027428,0.0,180.0,-10.0,False,False,1.040019907,1.040019907
1175,693,scene_3.1,scene_3.1_y02,2,19,11,111.736153512,7.260306399,-338.964007521,0.0,180.0,-10.0,False,False,1.040019907,1.040019907
1176,694,scene_3.1,scene_3.1_y02,2,19,12,111.736153512,7.260306399,-337.923987615,0.0,180.0,-10.0,False,False,1.040019907,1.040019907
1177,695,scene_3.1,scene_3.1_y02,2,19,13,111.736153512,7.260306399,-336.883967708,0.0,180.0,-10.0,False,False,1.040019907,1.040019907
1178,696,scene_3.1,scene_3.1_y02,2,19,14,111.736153512,7.260306399,-335.843947801,0.0,180.0,-10.0,False,False,1.040019907,1.040019907
1179,697,scene_3.1,scene_3.1_y02,2,19,15,111.736153512,7.260306399,-334.803927895,0.0,180.0,-10.0,False,False,1.040019907,1.040019907
1180,698,scene_3.1,scene_3.1_y02,2,19,16,111.736153512,7.260306399,-333.763907988,0.0,180.0,-10.0,False,False,1.040019907,1.040019907
1181,699,scene_3.1,scene_3.1_y02,2,19,17,111.736153512,7.260306399,-332.723888082,0.0,180.0,-10.0,False,False,1.040019907,1.040019907
1182,700,scene_3.1,scene_3.1_y02,2,19,18,111.736153512,7.260306399,-331.683868175,0.0,180.0,-10.0,False,False,1.040019907,1.040019907
1183,701,scene_3.1,scene_3.1_y02,2,19,19,111.736153512,7.260306399,-330.643848268,0.0,180.0,-10.0,False,False,1.040019907,1.040019907
1184,702,scene_3.1,scene_3.1_y02,2,19,20,111.736153512,7.260306399,-329.603828362,0.0,180.0,-10.0,False,False,1.040019907,1.040019907
1185,703,scene_3.1,scene_3.1_y02,2,19,21,111.736153512,7.260306399,-328.563808455,0.0,180.0,-10.0,False,False,1.040019907,1.040019907
1186,704,scene_3.1,scene_3.1_y02,2,19,22,111.736153512,7.260306399,-327.523788548,0.0,180.0,-10.0,False,False,1.040019907,1.040019907
1187,705,scene_3.1,scene_3.1_y02,2,19,23,111.736153512,7.260306399,-326.483768642,0.0,180.0,-10.0,False,False,1.040019907,1.040019907
1188,706,scene_3.1,scene_3.1_y02,2,19,24,111.736153512,7.260306399,-325.443748735,0.0,180.0,-10.0,False,False,1.040019907,1.040019907
1189,707,scene_3.1,scene_3.1_y02,2,19,25,111.736153512,7.260306399,-324.403728829,0.0,180.0,-10.0,False,False,1.040019907,1.040019907
1190,708,scene_3.1,scene_3.1_y02,2,19,26,111.736153512,7.260306399,-323.363708922,0.0,180.0,-10.0,False,False,1.040019907,1.040019907
1191,709,scene_3.1,scene_3.1_y02,2,19,27,111.736153512,7.260306399,-322.323689015,0.0,180.0,-10.0,False,False,1.040019907,1.040019907
1192,710,scene_3.1,scene_3.1_y02,2,19,28,111.736153512,7.260306399,-321.283669109,0.0,180.0,-10.0,False,False,1.040019907,1.040019907
1193,711,scene_3.1,scene_3.1_y02,2,19,29,111.736153512,7.260306399,-320.243649202,0.0,180.0,-10.0,False,False,1.040019907,1.040019907
1194,712,scene_3.1,scene_3.1_y02,2,19,30,111.736153512,7.260306399,-319.203629296,0.0,180.0,-10.0,False,False,1.040019907,1.040019907
1195,713,scene_3.1,scene_3.1_y02,2,19,31,111.736153512,7.260306399,-318.163609389,0.0,180.0,-10.0,False,False,1.040019907,1.040019907
1196,714,scene_3.1,scene_3.1_y02,2,19,32,111.736153512,7.260306399,-317.123589482,0.0,180.0,-10.0,False,False,1.040019907,1.040019907
1197,715,scene_3.1,scene_3.1_y02,2,19,33,111.736153512,7.260306399,-316.083569576,0.0,180.0,-10.0,False,False,1.040019907,1.040019907
1198,716,scene_3.1,scene_3.1_y02,2,19,34,111.736153512,7.260306399,-315.043549669,0.0,180.0,-10.0,False,False,1.040019907,1.040019907
1199,717,scene_3.1,scene_3.1_y02,2,19,35,111.736153512,7.260306399,-314.003529762,0.0,180.0,-10.0,False,False,1.040019907,1.040019907
1200,718,scene_3.1,scene_3.1_y02,2,19,36,111.736153512,7.260306399,-312.963509856,0.0,180.0,-10.0,False,False,1.040019907,1.040019907
1201,719,scene_3.1,scene_3.1_y02,2,19,37,111.736153512,7.260306399,-311.923489949,0.0,180.0,-10.0,False,False,1.040019907,1.040019907
1202,720,scene_3.1,scene_3.1_y02,2,19,38,111.736153512,7.260306399,-310.883470043,270.0,90.0,-10.0,False,False,1.040019907,1.196261079
1203,721,scene_3.1,scene_3.1_y02,2,18,38,110.539892433,7.260306399,-310.883470043,180.0,0.0,-10.0,False,False,1.196261079,1.040019907
1204,722,scene_3.1,scene_3.1_y02,2,18,37,110.539892433,7.260306399,-311.923489949,180.0,0.0,-10.0,False,False,1.040019907,1.040019907
1205,723,scene_3.1,scene_3.1_y02,2,18,36,110.539892433,7.260306399,-312.963509856,180.0,0.0,-10.0,True,False,1.040019907,1.040019907
1206,724,scene_3.1,scene_3.1_y02,2,18,35,110.539892433,7.260306399,-314.003529762,180.0,0.0,-10.0,False,False,1.040019907,1.040019907
1207,725,scene_3.1,scene_3.1_y02,2,18,34,110.539892433,7.260306399,-315.043549669,180.0,0.0,-10.0,False,False,1.040019907,1.040019907
1208,726,scene_3.1,scene_3.1_y02,2,18,33,110.539892433,7.260306399,-316.083569576,180.0,0.0,-10.0,True,False,1.040019907,1.040019907
1209,727,scene_3.1,scene_3.1_y02,2,18,32,110.539892433,7.260306399,-317.123589482,180.0,0.0,-10.0,False,False,1.040019907,1.040019907
1210,728,scene_3.1,scene_3.1_y02,2,18,31,110.539892433,7.260306399,-318.163609389,180.0,0.0,-10.0,False,False,1.040019907,1.040019907
1211,729,scene_3.1,scene_3.1_y02,2,18,30,110.539892433,7.260306399,-319.203629296,180.0,0.0,-10.0,True,False,1.040019907,1.040019907
1212,730,scene_3.1,scene_3.1_y02,2,18,29,110.539892433,7.260306399,-320.243649202,180.0,0.0,-10.0,False,False,1.040019907,1.040019907
1213,731,scene_3.1,scene_3.1_y02,2,18,28,110.539892433,7.260306399,-321.283669109,180.0,0.0,-10.0,False,False,1.040019907,1.040019907
1214,732,scene_3.1,scene_3.1_y02,2,18,27,110.539892433,7.260306399,-322.323689015,180.0,0.0,-10.0,True,False,1.040019907,1.040019907
1215,733,scene_3.1,scene_3.1_y02,2,18,26,110.539892433,7.260306399,-323.363708922,180.0,0.0,-10.0,False,False,1.040019907,1.040019907
1216,734,scene_3.1,scene_3.1_y02,2,18,25,110.539892433,7.260306399,-324.403728829,180.0,0.0,-10.0,False,False,1.040019907,1.040019907
1217,735,scene_3.1,scene_3.1_y02,2,18,24,110.539892433,7.260306399,-325.443748735,180.0,0.0,-10.0,True,False,1.040019907,1.040019907
1218,736,scene_3.1,scene_3.1_y02,2,18,23,110.539892433,7.260306399,-326.483768642,180.0,0.0,-10.0,False,False,1.040019907,1.040019907
1219,737,scene_3.1,scene_3.1_y02,2,18,22,110.539892433,7.260306399,-327.523788548,180.0,0.0,-10.0,False,False,1.040019907,1.040019907
1220,738,scene_3.1,scene_3.1_y02,2,18,21,110.539892433,7.260306399,-328.563808455,180.0,0.0,-10.0,True,False,1.040019907,1.040019907
1221,739,scene_3.1,scene_3.1_y02,2,18,20,110.539892433,7.260306399,-329.603828362,180.0,0.0,-10.0,False,False,1.040019907,1.040019907
1222,740,scene_3.1,scene_3.1_y02,2,18,19,110.539892433,7.260306399,-330.643848268,180.0,0.0,-10.0,False,False,1.040019907,1.040019907
1223,741,scene_3.1,scene_3.1_y02,2,18,18,110.539892433,7.260306399,-331.683868175,180.0,0.0,-10.0,True,False,1.040019907,1.040019907
1224,742,scene_3.1,scene_3.1_y02,2,18,17,110.539892433,7.260306399,-332.723888082,180.0,0.0,-10.0,False,False,1.040019907,1.040019907
1225,743,scene_3.1,scene_3.1_y02,2,18,16,110.539892433,7.260306399,-333.763907988,180.0,0.0,-10.0,False,False,1.040019907,1.040019907
1226,744,scene_3.1,scene_3.1_y02,2,18,15,110.539892433,7.260306399,-334.803927895,180.0,0.0,-10.0,True,False,1.040019907,1.040019907
1227,745,scene_3.1,scene_3.1_y02,2,18,14,110.539892433,7.260306399,-335.843947801,180.0,0.0,-10.0,False,False,1.040019907,1.040019907
1228,746,scene_3.1,scene_3.1_y02,2,18,13,110.539892433,7.260306399,-336.883967708,180.0,0.0,-10.0,False,False,1.040019907,1.040019907
1229,747,scene_3.1,scene_3.1_y02,2,18,12,110.539892433,7.260306399,-337.923987615,180.0,0.0,-10.0,True,False,1.040019907,1.040019907
1230,748,scene_3.1,scene_3.1_y02,2,18,11,110.539892433,7.260306399,-338.964007521,180.0,0.0,-10.0,False,False,1.040019907,1.040019907
1231,749,scene_3.1,scene_3.1_y02,2,18,10,110.539892433,7.260306399,-340.004027428,180.0,0.0,-10.0,False,False,1.040019907,1.040019907
1232,750,scene_3.1,scene_3.1_y02,2,18,9,110.539892433,7.260306399,-341.044047334,180.0,0.0,-10.0,True,False,1.040019907,1.040019907
1233,751,scene_3.1,scene_3.1_y02,2,18,8,110.539892433,7.260306399,-342.084067241,180.0,0.0,-10.0,False,False,1.040019907,1.040019907
1234,752,scene_3.1,scene_3.1_y02,2,18,7,110.539892433,7.260306399,-343.124087148,180.0,0.0,-10.0,False,False,1.040019907,1.040019907
1235,753,scene_3.1,scene_3.1_y02,2,18,6,110.539892433,7.260306399,-344.164107054,180.0,0.0,-10.0,True,False,1.040019907,1.040019907
1236,754,scene_3.1,scene_3.1_y02,2,18,5,110.539892433,7.260306399,-345.204126961,180.0,0.0,-10.0,False,False,1.040019907,1.040019907
1237,755,scene_3.1,scene_3.1_y02,2,18,4,110.539892433,7.260306399,-346.244146868,180.0,0.0,-10.0,False,False,1.040019907,1.040019907
1238,756,scene_3.1,scene_3.1_y02,2,18,3,110.539892433,7.260306399,-347.284166774,180.0,0.0,-10.0,True,False,1.040019907,1.040019907
1239,757,scene_3.1,scene_3.1_y02,2,18,2,110.539892433,7.260306399,-348.324186681,180.0,0.0,-10.0,False,False,1.040019907,1.040019907
1240,758,scene_3.1,scene_3.1_y02,2,18,1,110.539892433,7.260306399,-349.364206587,228.996562381,48.996562381,-10.0,False,False,1.040019907,1.58514415
1241,759,scene_3.1,scene_3.1_y02,2,17,0,109.343631353,7.260306399,-350.404226494,0.0,180.0,-10.0,False,False,1.58514415,1.040019907
1242,760,scene_3.1,scene_3.1_y02,2,17,1,109.343631353,7.260306399,-349.364206587,0.0,180.0,-10.0,False,False,1.040019907,1.040019907
1243,761,scene_3.1,scene_3.1_y02,2,17,2,109.343631353,7.260306399,-348.324186681,0.0,180.0,-10.0,False,False,1.040019907,1.040019907
1244,762,scene_3.1,scene_3.1_y02,2,17,3,109.343631353,7.260306399,-347.284166774,0.0,180.0,-10.0,False,False,1.040019907,1.040019907
1245,763,scene_3.1,scene_3.1_y02,2,17,4,109.343631353,7.260306399,-346.244146868,0.0,180.0,-10.0,False,False,1.040019907,1.040019907
1246,764,scene_3.1,scene_3.1_y02,2,17,5,109.343631353,7.260306399,-345.204126961,0.0,180.0,-10.0,False,False,1.040019907,1.040019907
1247,765,scene_3.1,scene_3.1_y02,2,17,6,109.343631353,7.260306399,-344.164107054,0.0,180.0,-10.0,False,False,1.040019907,1.040019907
1248,766,scene_3.1,scene_3.1_y02,2,17,7,109.343631353,7.260306399,-343.124087148,0.0,180.0,-10.0,False,False,1.040019907,1.040019907
1249,767,scene_3.1,scene_3.1_y02,2,17,8,109.343631353,7.260306399,-342.084067241,0.0,180.0,-10.0,False,False,1.040019907,1.040019907
1250,768,scene_3.1,scene_3.1_y02,2,17,9,109.343631353,7.260306399,-341.044047334,0.0,180.0,-10.0,False,False,1.040019907,1.040019907
1251,769,scene_3.1,scene_3.1_y02,2,17,10,109.343631353,7.260306399,-340.004027428,0.0,180.0,-10.0,False,False,1.040019907,1.040019907
1252,770,scene_3.1,scene_3.1_y02,2,17,11,109.343631353,7.260306399,-338.964007521,0.0,180.0,-10.0,False,False,1.040019907,1.040019907
1253,771,scene_3.1,scene_3.1_y02,2,17,12,109.343631353,7.260306399,-337.923987615,0.0,180.0,-10.0,False,False,1.040019907,1.040019907
1254,772,scene_3.1,scene_3.1_y02,2,17,13,109.343631353,7.260306399,-336.883967708,0.0,180.0,-10.0,False,False,1.040019907,1.040019907
1255,773,scene_3.1,scene_3.1_y02,2,17,14,109.343631353,7.260306399,-335.843947801,0.0,180.0,-10.0,False,False,1.040019907,1.040019907
1256,774,scene_3.1,scene_3.1_y02,2,17,15,109.343631353,7.260306399,-334.803927895,0.0,180.0,-10.0,False,False,1.040019907,1.040019907
1257,775,scene_3.1,scene_3.1_y02,2,17,16,109.343631353,7.260306399,-333.763907988,0.0,180.0,-10.0,False,False,1.040019907,1.040019907
1258,776,scene_3.1,scene_3.1_y02,2,17,17,109.343631353,7.260306399,-332.723888082,0.0,180.0,-10.0,False,False,1.040019907,1.040019907
1259,777,scene_3.1,scene_3.1_y02,2,17,18,109.343631353,7.260306399,-331.683868175,0.0,180.0,-10.0,False,False,1.040019907,1.040019907
1260,778,scene_3.1,scene_3.1_y02,2,17,19,109.343631353,7.260306399,-330.643848268,0.0,180.0,-10.0,False,False,1.040019907,1.040019907
1261,779,scene_3.1,scene_3.1_y02,2,17,20,109.343631353,7.260306399,-329.603828362,0.0,180.0,-10.0,False,False,1.040019907,1.040019907
1262,780,scene_3.1,scene_3.1_y02,2,17,21,109.343631353,7.260306399,-328.563808455,0.0,180.0,-10.0,False,False,1.040019907,1.040019907
1263,781,scene_3.1,scene_3.1_y02,2,17,22,109.343631353,7.260306399,-327.523788548,0.0,180.0,-10.0,False,False,1.040019907,1.040019907
1264,782,scene_3.1,scene_3.1_y02,2,17,23,109.343631353,7.260306399,-326.483768642,0.0,180.0,-10.0,False,False,1.040019907,1.040019907
1265,783,scene_3.1,scene_3.1_y02,2,17,24,109.343631353,7.260306399,-325.443748735,0.0,180.0,-10.0,False,False,1.040019907,1.040019907
1266,784,scene_3.1,scene_3.1_y02,2,17,25,109.343631353,7.260306399,-324.403728829,0.0,180.0,-10.0,False,False,1.040019907,1.040019907
1267,785,scene_3.1,scene_3.1_y02,2,17,26,109.343631353,7.260306399,-323.363708922,0.0,180.0,-10.0,False,False,1.040019907,1.040019907
1268,786,scene_3.1,scene_3.1_y02,2,17,27,109.343631353,7.260306399,-322.323689015,0.0,180.0,-10.0,False,False,1.040019907,1.040019907
1269,787,scene_3.1,scene_3.1_y02,2,17,28,109.343631353,7.260306399,-321.283669109,0.0,180.0,-10.0,False,False,1.040019907,1.040019907
1270,788,scene_3.1,scene_3.1_y02,2,17,29,109.343631353,7.260306399,-320.243649202,0.0,180.0,-10.0,False,False,1.040019907,1.040019907
1271,789,scene_3.1,scene_3.1_y02,2,17,30,109.343631353,7.260306399,-319.203629296,0.0,180.0,-10.0,False,False,1.040019907,1.040019907
1272,790,scene_3.1,scene_3.1_y02,2,17,31,109.343631353,7.260306399,-318.163609389,0.0,180.0,-10.0,False,False,1.040019907,1.040019907
1273,791,scene_3.1,scene_3.1_y02,2,17,32,109.343631353,7.260306399,-317.123589482,0.0,180.0,-10.0,False,False,1.040019907,1.040019907
1274,792,scene_3.1,scene_3.1_y02,2,17,33,109.343631353,7.260306399,-316.083569576,0.0,180.0,-10.0,False,False,1.040019907,1.040019907
1275,793,scene_3.1,scene_3.1_y02,2,17,34,109.343631353,7.260306399,-315.043549669,0.0,180.0,-10.0,False,False,1.040019907,1.040019907
1276,794,scene_3.1,scene_3.1_y02,2,17,35,109.343631353,7.260306399,-314.003529762,0.0,180.0,-10.0,False,False,1.040019907,1.040019907
1277,795,scene_3.1,scene_3.1_y02,2,17,36,109.343631353,7.260306399,-312.963509856,0.0,180.0,-10.0,False,False,1.040019907,1.040019907
1278,796,scene_3.1,scene_3.1_y02,2,17,37,109.343631353,7.260306399,-311.923489949,0.0,180.0,-10.0,False,False,1.040019907,1.040019907
1279,797,scene_3.1,scene_3.1_y02,2,17,38,109.343631353,7.260306399,-310.883470043,270.0,90.0,-10.0,False,False,1.040019907,1.196261079
1280,798,scene_3.1,scene_3.1_y02,2,16,38,108.147370274,7.260306399,-310.883470043,180.0,0.0,-10.0,False,False,1.196261079,1.040019907
1281,799,scene_3.1,scene_3.1_y02,2,16,37,108.147370274,7.260306399,-311.923489949,180.0,0.0,-10.0,False,False,1.040019907,1.040019907
1282,800,scene_3.1,scene_3.1_y02,2,16,36,108.147370274,7.260306399,-312.963509856,180.0,0.0,-10.0,False,False,1.040019907,1.040019907
1283,801,scene_3.1,scene_3.1_y02,2,16,35,108.147370274,7.260306399,-314.003529762,180.0,0.0,-10.0,False,False,1.040019907,1.040019907
1284,802,scene_3.1,scene_3.1_y02,2,16,34,108.147370274,7.260306399,-315.043549669,180.0,0.0,-10.0,False,False,1.040019907,1.040019907
1285,803,scene_3.1,scene_3.1_y02,2,16,33,108.147370274,7.260306399,-316.083569576,180.0,0.0,-10.0,False,False,1.040019907,1.040019907
1286,804,scene_3.1,scene_3.1_y02,2,16,32,108.147370274,7.260306399,-317.123589482,180.0,0.0,-10.0,False,False,1.040019907,1.040019907
1287,805,scene_3.1,scene_3.1_y02,2,16,31,108.147370274,7.260306399,-318.163609389,180.0,0.0,-10.0,False,False,1.040019907,1.040019907
1288,806,scene_3.1,scene_3.1_y02,2,16,30,108.147370274,7.260306399,-319.203629296,180.0,0.0,-10.0,False,False,1.040019907,1.040019907
1289,807,scene_3.1,scene_3.1_y02,2,16,29,108.147370274,7.260306399,-320.243649202,180.0,0.0,-10.0,False,False,1.040019907,1.040019907
1290,808,scene_3.1,scene_3.1_y02,2,16,28,108.147370274,7.260306399,-321.283669109,180.0,0.0,-10.0,False,False,1.040019907,1.040019907
1291,809,scene_3.1,scene_3.1_y02,2,16,27,108.147370274,7.260306399,-322.323689015,180.0,0.0,-10.0,False,False,1.040019907,1.040019907
1292,810,scene_3.1,scene_3.1_y02,2,16,26,108.147370274,7.260306399,-323.363708922,180.0,0.0,-10.0,False,False,1.040019907,1.040019907
1293,811,scene_3.1,scene_3.1_y02,2,16,25,108.147370274,7.260306399,-324.403728829,180.0,0.0,-10.0,False,False,1.040019907,1.040019907
1294,812,scene_3.1,scene_3.1_y02,2,16,24,108.147370274,7.260306399,-325.443748735,180.0,0.0,-10.0,False,False,1.040019907,1.040019907
1295,813,scene_3.1,scene_3.1_y02,2,16,23,108.147370274,7.260306399,-326.483768642,180.0,0.0,-10.0,False,False,1.040019907,1.040019907
1296,814,scene_3.1,scene_3.1_y02,2,16,22,108.147370274,7.260306399,-327.523788548,180.0,0.0,-10.0,False,False,1.040019907,1.040019907
1297,815,scene_3.1,scene_3.1_y02,2,16,21,108.147370274,7.260306399,-328.563808455,180.0,0.0,-10.0,False,False,1.040019907,1.040019907
1298,816,scene_3.1,scene_3.1_y02,2,16,20,108.147370274,7.260306399,-329.603828362,180.0,0.0,-10.0,False,False,1.040019907,1.040019907
1299,817,scene_3.1,scene_3.1_y02,2,16,19,108.147370274,7.260306399,-330.643848268,180.0,0.0,-10.0,False,False,1.040019907,1.040019907
1300,818,scene_3.1,scene_3.1_y02,2,16,18,108.147370274,7.260306399,-331.683868175,180.0,0.0,-10.0,False,False,1.040019907,1.040019907
1301,819,scene_3.1,scene_3.1_y02,2,16,17,108.147370274,7.260306399,-332.723888082,180.0,0.0,-10.0,False,False,1.040019907,1.040019907
1302,820,scene_3.1,scene_3.1_y02,2,16,16,108.147370274,7.260306399,-333.763907988,180.0,0.0,-10.0,False,False,1.040019907,1.040019907
1303,821,scene_3.1,scene_3.1_y02,2,16,15,108.147370274,7.260306399,-334.803927895,180.0,0.0,-10.0,False,False,1.040019907,1.040019907
1304,822,scene_3.1,scene_3.1_y02,2,16,14,108.147370274,7.260306399,-335.843947801,180.0,0.0,-10.0,False,False,1.040019907,1.040019907
1305,823,scene_3.1,scene_3.1_y02,2,16,13,108.147370274,7.260306399,-336.883967708,180.0,0.0,-10.0,False,False,1.040019907,1.040019907
1306,824,scene_3.1,scene_3.1_y02,2,16,12,108.147370274,7.260306399,-337.923987615,180.0,0.0,-10.0,False,False,1.040019907,1.040019907
1307,825,scene_3.1,scene_3.1_y02,2,16,11,108.147370274,7.260306399,-338.964007521,180.0,0.0,-10.0,False,False,1.040019907,1.040019907
1308,826,scene_3.1,scene_3.1_y02,2,16,10,108.147370274,7.260306399,-340.004027428,180.0,0.0,-10.0,False,False,1.040019907,1.040019907
1309,827,scene_3.1,scene_3.1_y02,2,16,9,108.147370274,7.260306399,-341.044047334,180.0,0.0,-10.0,False,False,1.040019907,1.040019907
1310,828,scene_3.1,scene_3.1_y02,2,16,8,108.147370274,7.260306399,-342.084067241,180.0,0.0,-10.0,False,False,1.040019907,1.040019907
1311,829,scene_3.1,scene_3.1_y02,2,16,7,108.147370274,7.260306399,-343.124087148,180.0,0.0,-10.0,False,False,1.040019907,1.040019907
1312,830,scene_3.1,scene_3.1_y02,2,16,6,108.147370274,7.260306399,-344.164107054,180.0,0.0,-10.0,False,False,1.040019907,1.040019907
1313,831,scene_3.1,scene_3.1_y02,2,16,5,108.147370274,7.260306399,-345.204126961,180.0,0.0,-10.0,False,False,1.040019907,1.040019907
1314,832,scene_3.1,scene_3.1_y02,2,16,4,108.147370274,7.260306399,-346.244146868,180.0,0.0,-10.0,False,False,1.040019907,1.040019907
1315,833,scene_3.1,scene_3.1_y02,2,16,3,108.147370274,7.260306399,-347.284166774,180.0,0.0,-10.0,False,False,1.040019907,1.040019907
1316,834,scene_3.1,scene_3.1_y02,2,16,2,108.147370274,7.260306399,-348.324186681,180.0,0.0,-10.0,False,False,1.040019907,1.040019907
1317,835,scene_3.1,scene_3.1_y02,2,16,1,108.147370274,7.260306399,-349.364206587,180.0,0.0,-10.0,False,False,1.040019907,1.040019907
1318,836,scene_3.1,scene_3.1_y02,2,16,0,108.147370274,7.260306399,-350.404226494,270.0,90.0,-10.0,False,False,1.040019907,1.196261079
1319,837,scene_3.1,scene_3.1_y02,2,15,0,106.951109195,7.260306399,-350.404226494,0.0,180.0,-10.0,True,False,1.196261079,1.040019907
1320,838,scene_3.1,scene_3.1_y02,2,15,1,106.951109195,7.260306399,-349.364206587,0.0,180.0,-10.0,False,False,1.040019907,1.040019907
1321,839,scene_3.1,scene_3.1_y02,2,15,2,106.951109195,7.260306399,-348.324186681,0.0,180.0,-10.0,False,False,1.040019907,1.040019907
1322,840,scene_3.1,scene_3.1_y02,2,15,3,106.951109195,7.260306399,-347.284166774,0.0,180.0,-10.0,True,False,1.040019907,1.040019907
1323,841,scene_3.1,scene_3.1_y02,2,15,4,106.951109195,7.260306399,-346.244146868,0.0,180.0,-10.0,False,False,1.040019907,1.040019907
1324,842,scene_3.1,scene_3.1_y02,2,15,5,106.951109195,7.260306399,-345.204126961,0.0,180.0,-10.0,False,False,1.040019907,1.040019907
1325,843,scene_3.1,scene_3.1_y02,2,15,6,106.951109195,7.260306399,-344.164107054,0.0,180.0,-10.0,True,False,1.040019907,1.040019907
1326,844,scene_3.1,scene_3.1_y02,2,15,7,106.951109195,7.260306399,-343.124087148,0.0,180.0,-10.0,False,False,1.040019907,1.040019907
1327,845,scene_3.1,scene_3.1_y02,2,15,8,106.951109195,7.260306399,-342.084067241,0.0,180.0,-10.0,False,False,1.040019907,1.040019907
1328,846,scene_3.1,scene_3.1_y02,2,15,9,106.951109195,7.260306399,-341.044047334,0.0,180.0,-10.0,True,False,1.040019907,1.040019907
1329,847,scene_3.1,scene_3.1_y02,2,15,10,106.951109195,7.260306399,-340.004027428,0.0,180.0,-10.0,False,False,1.040019907,1.040019907
1330,848,scene_3.1,scene_3.1_y02,2,15,11,106.951109195,7.260306399,-338.964007521,0.0,180.0,-10.0,False,False,1.040019907,1.040019907
1331,849,scene_3.1,scene_3.1_y02,2,15,12,106.951109195,7.260306399,-337.923987615,0.0,180.0,-10.0,True,False,1.040019907,1.040019907
1332,850,scene_3.1,scene_3.1_y02,2,15,13,106.951109195,7.260306399,-336.883967708,0.0,180.0,-10.0,False,False,1.040019907,1.040019907
1333,851,scene_3.1,scene_3.1_y02,2,15,14,106.951109195,7.260306399,-335.843947801,0.0,180.0,-10.0,False,False,1.040019907,1.040019907
1334,852,scene_3.1,scene_3.1_y02,2,15,15,106.951109195,7.260306399,-334.803927895,0.0,180.0,-10.0,True,False,1.040019907,1.040019907
1335,853,scene_3.1,scene_3.1_y02,2,15,16,106.951109195,7.260306399,-333.763907988,0.0,180.0,-10.0,False,False,1.040019907,1.040019907
1336,854,scene_3.1,scene_3.1_y02,2,15,17,106.951109195,7.260306399,-332.723888082,0.0,180.0,-10.0,False,False,1.040019907,1.040019907
1337,855,scene_3.1,scene_3.1_y02,2,15,18,106.951109195,7.260306399,-331.683868175,0.0,180.0,-10.0,True,False,1.040019907,1.040019907
1338,856,scene_3.1,scene_3.1_y02,2,15,19,106.951109195,7.260306399,-330.643848268,0.0,180.0,-10.0,False,False,1.040019907,1.040019907
1339,857,scene_3.1,scene_3.1_y02,2,15,20,106.951109195,7.260306399,-329.603828362,0.0,180.0,-10.0,False,False,1.040019907,1.040019907
1340,858,scene_3.1,scene_3.1_y02,2,15,21,106.951109195,7.260306399,-328.563808455,0.0,180.0,-10.0,True,False,1.040019907,1.040019907
1341,859,scene_3.1,scene_3.1_y02,2,15,22,106.951109195,7.260306399,-327.523788548,0.0,180.0,-10.0,False,False,1.040019907,1.040019907
1342,860,scene_3.1,scene_3.1_y02,2,15,23,106.951109195,7.260306399,-326.483768642,0.0,180.0,-10.0,False,False,1.040019907,1.040019907
1343,861,scene_3.1,scene_3.1_y02,2,15,24,106.951109195,7.260306399,-325.443748735,0.0,180.0,-10.0,True,False,1.040019907,1.040019907
1344,862,scene_3.1,scene_3.1_y02,2,15,25,106.951109195,7.260306399,-324.403728829,0.0,180.0,-10.0,False,False,1.040019907,1.040019907
1345,863,scene_3.1,scene_3.1_y02,2,15,26,106.951109195,7.260306399,-323.363708922,0.0,180.0,-10.0,False,False,1.040019907,1.040019907
1346,864,scene_3.1,scene_3.1_y02,2,15,27,106.951109195,7.260306399,-322.323689015,0.0,180.0,-10.0,True,False,1.040019907,1.040019907
1347,865,scene_3.1,scene_3.1_y02,2,15,28,106.951109195,7.260306399,-321.283669109,0.0,180.0,-10.0,False,False,1.040019907,1.040019907
1348,866,scene_3.1,scene_3.1_y02,2,15,29,106.951109195,7.260306399,-320.243649202,0.0,180.0,-10.0,False,False,1.040019907,1.040019907
1349,867,scene_3.1,scene_3.1_y02,2,15,30,106.951109195,7.260306399,-319.203629296,0.0,180.0,-10.0,True,False,1.040019907,1.040019907
1350,868,scene_3.1,scene_3.1_y02,2,15,31,106.951109195,7.260306399,-318.163609389,0.0,180.0,-10.0,False,False,1.040019907,1.040019907
1351,869,scene_3.1,scene_3.1_y02,2,15,32,106.951109195,7.260306399,-317.123589482,0.0,180.0,-10.0,False,False,1.040019907,1.040019907
1352,870,scene_3.1,scene_3.1_y02,2,15,33,106.951109195,7.260306399,-316.083569576,0.0,180.0,-10.0,True,False,1.040019907,1.040019907
1353,871,scene_3.1,scene_3.1_y02,2,15,34,106.951109195,7.260306399,-315.043549669,0.0,180.0,-10.0,False,False,1.040019907,1.040019907
1354,872,scene_3.1,scene_3.1_y02,2,15,35,106.951109195,7.260306399,-314.003529762,0.0,180.0,-10.0,False,False,1.040019907,1.040019907
1355,873,scene_3.1,scene_3.1_y02,2,15,36,106.951109195,7.260306399,-312.963509856,0.0,180.0,-10.0,True,False,1.040019907,1.040019907
1356,874,scene_3.1,scene_3.1_y02,2,15,37,106.951109195,7.260306399,-311.923489949,0.0,180.0,-10.0,False,False,1.040019907,1.040019907
1357,875,scene_3.1,scene_3.1_y02,2,15,38,106.951109195,7.260306399,-310.883470043,270.0,90.0,-10.0,False,False,1.040019907,1.196261079
1358,876,scene_3.1,scene_3.1_y02,2,14,38,105.754848116,7.260306399,-310.883470043,180.0,0.0,-10.0,False,False,1.196261079,1.040019907
1359,877,scene_3.1,scene_3.1_y02,2,14,37,105.754848116,7.260306399,-311.923489949,180.0,0.0,-10.0,False,False,1.040019907,1.040019907
1360,878,scene_3.1,scene_3.1_y02,2,14,36,105.754848116,7.260306399,-312.963509856,180.0,0.0,-10.0,False,False,1.040019907,1.040019907
1361,879,scene_3.1,scene_3.1_y02,2,14,35,105.754848116,7.260306399,-314.003529762,180.0,0.0,-10.0,False,False,1.040019907,1.040019907
1362,880,scene_3.1,scene_3.1_y02,2,14,34,105.754848116,7.260306399,-315.043549669,180.0,0.0,-10.0,False,False,1.040019907,1.040019907
1363,881,scene_3.1,scene_3.1_y02,2,14,33,105.754848116,7.260306399,-316.083569576,180.0,0.0,-10.0,False,False,1.040019907,1.040019907
1364,882,scene_3.1,scene_3.1_y02,2,14,32,105.754848116,7.260306399,-317.123589482,180.0,0.0,-10.0,False,False,1.040019907,1.040019907
1365,883,scene_3.1,scene_3.1_y02,2,14,31,105.754848116,7.260306399,-318.163609389,180.0,0.0,-10.0,False,False,1.040019907,1.040019907
1366,884,scene_3.1,scene_3.1_y02,2,14,30,105.754848116,7.260306399,-319.203629296,180.0,0.0,-10.0,False,False,1.040019907,1.040019907
1367,885,scene_3.1,scene_3.1_y02,2,14,29,105.754848116,7.260306399,-320.243649202,180.0,0.0,-10.0,False,False,1.040019907,1.040019907
1368,886,scene_3.1,scene_3.1_y02,2,14,28,105.754848116,7.260306399,-321.283669109,180.0,0.0,-10.0,False,False,1.040019907,1.040019907
1369,887,scene_3.1,scene_3.1_y02,2,14,27,105.754848116,7.260306399,-322.323689015,180.0,0.0,-10.0,False,False,1.040019907,1.040019907
1370,888,scene_3.1,scene_3.1_y02,2,14,26,105.754848116,7.260306399,-323.363708922,180.0,0.0,-10.0,False,False,1.040019907,1.040019907
1371,889,scene_3.1,scene_3.1_y02,2,14,25,105.754848116,7.260306399,-324.403728829,180.0,0.0,-10.0,False,False,1.040019907,1.040019907
1372,890,scene_3.1,scene_3.1_y02,2,14,24,105.754848116,7.260306399,-325.443748735,180.0,0.0,-10.0,False,False,1.040019907,1.040019907
1373,891,scene_3.1,scene_3.1_y02,2,14,23,105.754848116,7.260306399,-326.483768642,180.0,0.0,-10.0,False,False,1.040019907,1.040019907
1374,892,scene_3.1,scene_3.1_y02,2,14,22,105.754848116,7.260306399,-327.523788548,180.0,0.0,-10.0,False,False,1.040019907,1.040019907
1375,893,scene_3.1,scene_3.1_y02,2,14,21,105.754848116,7.260306399,-328.563808455,180.0,0.0,-10.0,False,False,1.040019907,1.040019907
1376,894,scene_3.1,scene_3.1_y02,2,14,20,105.754848116,7.260306399,-329.603828362,180.0,0.0,-10.0,False,False,1.040019907,1.040019907
1377,895,scene_3.1,scene_3.1_y02,2,14,19,105.754848116,7.260306399,-330.643848268,180.0,0.0,-10.0,False,False,1.040019907,1.040019907
1378,896,scene_3.1,scene_3.1_y02,2,14,18,105.754848116,7.260306399,-331.683868175,180.0,0.0,-10.0,False,False,1.040019907,1.040019907
1379,897,scene_3.1,scene_3.1_y02,2,14,17,105.754848116,7.260306399,-332.723888082,180.0,0.0,-10.0,False,False,1.040019907,1.040019907
1380,898,scene_3.1,scene_3.1_y02,2,14,16,105.754848116,7.260306399,-333.763907988,180.0,0.0,-10.0,False,False,1.040019907,1.040019907
1381,899,scene_3.1,scene_3.1_y02,2,14,15,105.754848116,7.260306399,-334.803927895,180.0,0.0,-10.0,False,False,1.040019907,1.040019907
1382,900,scene_3.1,scene_3.1_y02,2,14,14,105.754848116,7.260306399,-335.843947801,180.0,0.0,-10.0,False,False,1.040019907,1.040019907
1383,901,scene_3.1,scene_3.1_y02,2,14,13,105.754848116,7.260306399,-336.883967708,180.0,0.0,-10.0,False,False,1.040019907,1.040019907
1384,902,scene_3.1,scene_3.1_y02,2,14,12,105.754848116,7.260306399,-337.923987615,180.0,0.0,-10.0,False,False,1.040019907,1.040019907
1385,903,scene_3.1,scene_3.1_y02,2,14,11,105.754848116,7.260306399,-338.964007521,180.0,0.0,-10.0,False,False,1.040019907,1.040019907
1386,904,scene_3.1,scene_3.1_y02,2,14,10,105.754848116,7.260306399,-340.004027428,180.0,0.0,-10.0,False,False,1.040019907,1.040019907
1387,905,scene_3.1,scene_3.1_y02,2,14,9,105.754848116,7.260306399,-341.044047334,180.0,0.0,-10.0,False,False,1.040019907,1.040019907
1388,906,scene_3.1,scene_3.1_y02,2,14,8,105.754848116,7.260306399,-342.084067241,180.0,0.0,-10.0,False,False,1.040019907,1.040019907
1389,907,scene_3.1,scene_3.1_y02,2,14,7,105.754848116,7.260306399,-343.124087148,180.0,0.0,-10.0,False,False,1.040019907,1.040019907
1390,908,scene_3.1,scene_3.1_y02,2,14,6,105.754848116,7.260306399,-344.164107054,180.0,0.0,-10.0,False,False,1.040019907,1.040019907
1391,909,scene_3.1,scene_3.1_y02,2,14,5,105.754848116,7.260306399,-345.204126961,180.0,0.0,-10.0,False,False,1.040019907,1.040019907
1392,910,scene_3.1,scene_3.1_y02,2,14,4,105.754848116,7.260306399,-346.244146868,180.0,0.0,-10.0,False,False,1.040019907,1.040019907
1393,911,scene_3.1,scene_3.1_y02,2,14,3,105.754848116,7.260306399,-347.284166774,180.0,0.0,-10.0,False,False,1.040019907,1.040019907
1394,912,scene_3.1,scene_3.1_y02,2,14,2,105.754848116,7.260306399,-348.324186681,180.0,0.0,-10.0,False,False,1.040019907,1.040019907
1395,913,scene_3.1,scene_3.1_y02,2,14,1,105.754848116,7.260306399,-349.364206587,180.0,0.0,-10.0,False,False,1.040019907,1.040019907
1396,914,scene_3.1,scene_3.1_y02,2,14,0,105.754848116,7.260306399,-350.404226494,270.0,90.0,-10.0,False,False,1.040019907,1.196261079
1397,915,scene_3.1,scene_3.1_y02,2,13,0,104.558587037,7.260306399,-350.404226494,0.0,180.0,-10.0,False,False,1.196261079,1.040019907
1398,916,scene_3.1,scene_3.1_y02,2,13,1,104.558587037,7.260306399,-349.364206587,0.0,180.0,-10.0,False,False,1.040019907,1.040019907
1399,917,scene_3.1,scene_3.1_y02,2,13,2,104.558587037,7.260306399,-348.324186681,0.0,180.0,-10.0,False,False,1.040019907,1.040019907
1400,918,scene_3.1,scene_3.1_y02,2,13,3,104.558587037,7.260306399,-347.284166774,0.0,180.0,-10.0,False,False,1.040019907,1.040019907
1401,919,scene_3.1,scene_3.1_y02,2,13,4,104.558587037,7.260306399,-346.244146868,0.0,180.0,-10.0,False,False,1.040019907,1.040019907
1402,920,scene_3.1,scene_3.1_y02,2,13,5,104.558587037,7.260306399,-345.204126961,0.0,180.0,-10.0,False,False,1.040019907,1.040019907
1403,921,scene_3.1,scene_3.1_y02,2,13,6,104.558587037,7.260306399,-344.164107054,0.0,180.0,-10.0,False,False,1.040019907,1.040019907
1404,922,scene_3.1,scene_3.1_y02,2,13,7,104.558587037,7.260306399,-343.124087148,0.0,180.0,-10.0,False,False,1.040019907,1.040019907
1405,923,scene_3.1,scene_3.1_y02,2,13,8,104.558587037,7.260306399,-342.084067241,0.0,180.0,-10.0,False,False,1.040019907,1.040019907
1406,924,scene_3.1,scene_3.1_y02,2,13,9,104.558587037,7.260306399,-341.044047334,0.0,180.0,-10.0,False,False,1.040019907,1.040019907
1407,925,scene_3.1,scene_3.1_y02,2,13,10,104.558587037,7.260306399,-340.004027428,0.0,180.0,-10.0,False,False,1.040019907,1.040019907
1408,926,scene_3.1,scene_3.1_y02,2,13,11,104.558587037,7.260306399,-338.964007521,0.0,180.0,-10.0,False,False,1.040019907,1.040019907
1409,927,scene_3.1,scene_3.1_y02,2,13,12,104.558587037,7.260306399,-337.923987615,0.0,180.0,-10.0,False,False,1.040019907,1.040019907
1410,928,scene_3.1,scene_3.1_y02,2,13,13,104.558587037,7.260306399,-336.883967708,0.0,180.0,-10.0,False,False,1.040019907,1.040019907
1411,929,scene_3.1,scene_3.1_y02,2,13,14,104.558587037,7.260306399,-335.843947801,0.0,180.0,-10.0,False,False,1.040019907,1.040019907
1412,930,scene_3.1,scene_3.1_y02,2,13,15,104.558587037,7.260306399,-334.803927895,0.0,180.0,-10.0,False,False,1.040019907,1.040019907
1413,931,scene_3.1,scene_3.1_y02,2,13,16,104.558587037,7.260306399,-333.763907988,0.0,180.0,-10.0,False,False,1.040019907,1.040019907
1414,932,scene_3.1,scene_3.1_y02,2,13,17,104.558587037,7.260306399,-332.723888082,0.0,180.0,-10.0,False,False,1.040019907,1.040019907
1415,933,scene_3.1,scene_3.1_y02,2,13,18,104.558587037,7.260306399,-331.683868175,0.0,180.0,-10.0,False,False,1.040019907,1.040019907
1416,934,scene_3.1,scene_3.1_y02,2,13,19,104.558587037,7.260306399,-330.643848268,0.0,180.0,-10.0,False,False,1.040019907,1.040019907
1417,935,scene_3.1,scene_3.1_y02,2,13,20,104.558587037,7.260306399,-329.603828362,0.0,180.0,-10.0,False,False,1.040019907,1.040019907
1418,936,scene_3.1,scene_3.1_y02,2,13,21,104.558587037,7.260306399,-328.563808455,0.0,180.0,-10.0,False,False,1.040019907,1.040019907
1419,937,scene_3.1,scene_3.1_y02,2,13,22,104.558587037,7.260306399,-327.523788548,0.0,180.0,-10.0,False,False,1.040019907,1.040019907
1420,938,scene_3.1,scene_3.1_y02,2,13,23,104.558587037,7.260306399,-326.483768642,0.0,180.0,-10.0,False,False,1.040019907,1.040019907
1421,939,scene_3.1,scene_3.1_y02,2,13,24,104.558587037,7.260306399,-325.443748735,0.0,180.0,-10.0,False,False,1.040019907,1.040019907
1422,940,scene_3.1,scene_3.1_y02,2,13,25,104.558587037,7.260306399,-324.403728829,0.0,180.0,-10.0,False,False,1.040019907,1.040019907
1423,941,scene_3.1,scene_3.1_y02,2,13,26,104.558587037,7.260306399,-323.363708922,0.0,180.0,-10.0,False,False,1.040019907,1.040019907
1424,942,scene_3.1,scene_3.1_y02,2,13,27,104.558587037,7.260306399,-322.323689015,0.0,180.0,-10.0,False,False,1.040019907,1.040019907
1425,943,scene_3.1,scene_3.1_y02,2,13,28,104.558587037,7.260306399,-321.283669109,0.0,180.0,-10.0,False,False,1.040019907,1.040019907
1426,944,scene_3.1,scene_3.1_y02,2,13,29,104.558587037,7.260306399,-320.243649202,0.0,180.0,-10.0,False,False,1.040019907,1.040019907
1427,945,scene_3.1,scene_3.1_y02,2,13,30,104.558587037,7.260306399,-319.203629296,0.0,180.0,-10.0,False,False,1.040019907,1.040019907
1428,946,scene_3.1,scene_3.1_y02,2,13,31,104.558587037,7.260306399,-318.163609389,0.0,180.0,-10.0,False,False,1.040019907,1.040019907
1429,947,scene_3.1,scene_3.1_y02,2,13,32,104.558587037,7.260306399,-317.123589482,0.0,180.0,-10.0,False,False,1.040019907,1.040019907
1430,948,scene_3.1,scene_3.1_y02,2,13,33,104.558587037,7.260306399,-316.083569576,0.0,180.0,-10.0,False,False,1.040019907,1.040019907
1431,949,scene_3.1,scene_3.1_y02,2,13,34,104.558587037,7.260306399,-315.043549669,0.0,180.0,-10.0,False,False,1.040019907,1.040019907
1432,950,scene_3.1,scene_3.1_y02,2,13,35,104.558587037,7.260306399,-314.003529762,0.0,180.0,-10.0,False,False,1.040019907,1.040019907
1433,951,scene_3.1,scene_3.1_y02,2,13,36,104.558587037,7.260306399,-312.963509856,0.0,180.0,-10.0,False,False,1.040019907,1.040019907
1434,952,scene_3.1,scene_3.1_y02,2,13,37,104.558587037,7.260306399,-311.923489949,270.0,90.0,-10.0,False,False,1.040019907,1.196261079
1435,953,scene_3.1,scene_3.1_y02,2,12,37,103.362325957,7.260306399,-311.923489949,180.0,0.0,-10.0,False,False,1.196261079,1.040019907
1436,954,scene_3.1,scene_3.1_y02,2,12,36,103.362325957,7.260306399,-312.963509856,180.0,0.0,-10.0,True,False,1.040019907,1.040019907
1437,955,scene_3.1,scene_3.1_y02,2,12,35,103.362325957,7.260306399,-314.003529762,180.0,0.0,-10.0,False,False,1.040019907,1.040019907
1438,956,scene_3.1,scene_3.1_y02,2,12,34,103.362325957,7.260306399,-315.043549669,180.0,0.0,-10.0,False,False,1.040019907,1.040019907
1439,957,scene_3.1,scene_3.1_y02,2,12,33,103.362325957,7.260306399,-316.083569576,180.0,0.0,-10.0,True,False,1.040019907,1.040019907
1440,958,scene_3.1,scene_3.1_y02,2,12,32,103.362325957,7.260306399,-317.123589482,180.0,0.0,-10.0,False,False,1.040019907,1.040019907
1441,959,scene_3.1,scene_3.1_y02,2,12,31,103.362325957,7.260306399,-318.163609389,180.0,0.0,-10.0,False,False,1.040019907,1.040019907
1442,960,scene_3.1,scene_3.1_y02,2,12,30,103.362325957,7.260306399,-319.203629296,180.0,0.0,-10.0,True,False,1.040019907,1.040019907
1443,961,scene_3.1,scene_3.1_y02,2,12,29,103.362325957,7.260306399,-320.243649202,180.0,0.0,-10.0,False,False,1.040019907,1.040019907
1444,962,scene_3.1,scene_3.1_y02,2,12,28,103.362325957,7.260306399,-321.283669109,180.0,0.0,-10.0,False,False,1.040019907,1.040019907
1445,963,scene_3.1,scene_3.1_y02,2,12,27,103.362325957,7.260306399,-322.323689015,180.0,0.0,-10.0,True,False,1.040019907,1.040019907
1446,964,scene_3.1,scene_3.1_y02,2,12,26,103.362325957,7.260306399,-323.363708922,180.0,0.0,-10.0,False,False,1.040019907,1.040019907
1447,965,scene_3.1,scene_3.1_y02,2,12,25,103.362325957,7.260306399,-324.403728829,180.0,0.0,-10.0,False,False,1.040019907,1.040019907
1448,966,scene_3.1,scene_3.1_y02,2,12,24,103.362325957,7.260306399,-325.443748735,180.0,0.0,-10.0,True,False,1.040019907,1.040019907
1449,967,scene_3.1,scene_3.1_y02,2,12,23,103.362325957,7.260306399,-326.483768642,180.0,0.0,-10.0,False,False,1.040019907,1.040019907
1450,968,scene_3.1,scene_3.1_y02,2,12,22,103.362325957,7.260306399,-327.523788548,180.0,0.0,-10.0,False,False,1.040019907,1.040019907
1451,969,scene_3.1,scene_3.1_y02,2,12,21,103.362325957,7.260306399,-328.563808455,180.0,0.0,-10.0,True,False,1.040019907,1.040019907
1452,970,scene_3.1,scene_3.1_y02,2,12,20,103.362325957,7.260306399,-329.603828362,180.0,0.0,-10.0,False,False,1.040019907,1.040019907
1453,971,scene_3.1,scene_3.1_y02,2,12,19,103.362325957,7.260306399,-330.643848268,180.0,0.0,-10.0,False,False,1.040019907,1.040019907
1454,972,scene_3.1,scene_3.1_y02,2,12,18,103.362325957,7.260306399,-331.683868175,180.0,0.0,-10.0,True,False,1.040019907,1.040019907
1455,973,scene_3.1,scene_3.1_y02,2,12,17,103.362325957,7.260306399,-332.723888082,180.0,0.0,-10.0,False,False,1.040019907,1.040019907
1456,974,scene_3.1,scene_3.1_y02,2,12,16,103.362325957,7.260306399,-333.763907988,180.0,0.0,-10.0,False,False,1.040019907,1.040019907
1457,975,scene_3.1,scene_3.1_y02,2,12,15,103.362325957,7.260306399,-334.803927895,180.0,0.0,-10.0,True,False,1.040019907,1.040019907
1458,976,scene_3.1,scene_3.1_y02,2,12,14,103.362325957,7.260306399,-335.843947801,180.0,0.0,-10.0,False,False,1.040019907,1.040019907
1459,977,scene_3.1,scene_3.1_y02,2,12,13,103.362325957,7.260306399,-336.883967708,180.0,0.0,-10.0,False,False,1.040019907,1.040019907
1460,978,scene_3.1,scene_3.1_y02,2,12,12,103.362325957,7.260306399,-337.923987615,180.0,0.0,-10.0,True,False,1.040019907,1.040019907
1461,979,scene_3.1,scene_3.1_y02,2,12,11,103.362325957,7.260306399,-338.964007521,180.0,0.0,-10.0,False,False,1.040019907,1.040019907
1462,980,scene_3.1,scene_3.1_y02,2,12,10,103.362325957,7.260306399,-340.004027428,180.0,0.0,-10.0,False,False,1.040019907,1.040019907
1463,981,scene_3.1,scene_3.1_y02,2,12,9,103.362325957,7.260306399,-341.044047334,180.0,0.0,-10.0,True,False,1.040019907,1.040019907
1464,982,scene_3.1,scene_3.1_y02,2,12,8,103.362325957,7.260306399,-342.084067241,180.0,0.0,-10.0,False,False,1.040019907,1.040019907
1465,983,scene_3.1,scene_3.1_y02,2,12,7,103.362325957,7.260306399,-343.124087148,180.0,0.0,-10.0,False,False,1.040019907,1.040019907
1466,984,scene_3.1,scene_3.1_y02,2,12,6,103.362325957,7.260306399,-344.164107054,180.0,0.0,-10.0,True,False,1.040019907,1.040019907
1467,985,scene_3.1,scene_3.1_y02,2,12,5,103.362325957,7.260306399,-345.204126961,180.0,0.0,-10.0,False,False,1.040019907,1.040019907
1468,986,scene_3.1,scene_3.1_y02,2,12,4,103.362325957,7.260306399,-346.244146868,180.0,0.0,-10.0,False,False,1.040019907,1.040019907
1469,987,scene_3.1,scene_3.1_y02,2,12,3,103.362325957,7.260306399,-347.284166774,180.0,0.0,-10.0,True,False,1.040019907,1.040019907
1470,988,scene_3.1,scene_3.1_y02,2,12,2,103.362325957,7.260306399,-348.324186681,180.0,0.0,-10.0,False,False,1.040019907,1.040019907
1471,989,scene_3.1,scene_3.1_y02,2,12,1,103.362325957,7.260306399,-349.364206587,180.0,0.0,-10.0,False,False,1.040019907,1.040019907
1472,990,scene_3.1,scene_3.1_y02,2,12,0,103.362325957,7.260306399,-350.404226494,270.0,90.0,-10.0,True,False,1.040019907,1.196261079
1473,991,scene_3.1,scene_3.1_y02,2,11,0,102.166064878,7.260306399,-350.404226494,0.0,180.0,-10.0,False,False,1.196261079,1.040019907
1474,992,scene_3.1,scene_3.1_y02,2,11,1,102.166064878,7.260306399,-349.364206587,0.0,180.0,-10.0,False,False,1.040019907,1.040019907
1475,993,scene_3.1,scene_3.1_y02,2,11,2,102.166064878,7.260306399,-348.324186681,0.0,180.0,-10.0,False,False,1.040019907,1.040019907
1476,994,scene_3.1,scene_3.1_y02,2,11,3,102.166064878,7.260306399,-347.284166774,0.0,180.0,-10.0,False,False,1.040019907,1.040019907
1477,995,scene_3.1,scene_3.1_y02,2,11,4,102.166064878,7.260306399,-346.244146868,0.0,180.0,-10.0,False,False,1.040019907,1.040019907
1478,996,scene_3.1,scene_3.1_y02,2,11,5,102.166064878,7.260306399,-345.204126961,0.0,180.0,-10.0,False,False,1.040019907,1.040019907
1479,997,scene_3.1,scene_3.1_y02,2,11,6,102.166064878,7.260306399,-344.164107054,0.0,180.0,-10.0,False,False,1.040019907,1.040019907
1480,998,scene_3.1,scene_3.1_y02,2,11,7,102.166064878,7.260306399,-343.124087148,0.0,180.0,-10.0,False,False,1.040019907,1.040019907
1481,999,scene_3.1,scene_3.1_y02,2,11,8,102.166064878,7.260306399,-342.084067241,0.0,180.0,-10.0,False,False,1.040019907,1.040019907
1482,1000,scene_3.1,scene_3.1_y02,2,11,9,102.166064878,7.260306399,-341.044047334,0.0,180.0,-10.0,False,False,1.040019907,1.040019907
1483,1001,scene_3.1,scene_3.1_y02,2,11,10,102.166064878,7.260306399,-340.004027428,0.0,180.0,-10.0,False,False,1.040019907,1.040019907
1484,1002,scene_3.1,scene_3.1_y02,2,11,11,102.166064878,7.260306399,-338.964007521,0.0,180.0,-10.0,False,False,1.040019907,1.040019907
1485,1003,scene_3.1,scene_3.1_y02,2,11,12,102.166064878,7.260306399,-337.923987615,0.0,180.0,-10.0,False,False,1.040019907,1.040019907
1486,1004,scene_3.1,scene_3.1_y02,2,11,13,102.166064878,7.260306399,-336.883967708,0.0,180.0,-10.0,False,False,1.040019907,1.040019907
1487,1005,scene_3.1,scene_3.1_y02,2,11,14,102.166064878,7.260306399,-335.843947801,0.0,180.0,-10.0,False,False,1.040019907,1.040019907
1488,1006,scene_3.1,scene_3.1_y02,2,11,15,102.166064878,7.260306399,-334.803927895,0.0,180.0,-10.0,False,False,1.040019907,1.040019907
1489,1007,scene_3.1,scene_3.1_y02,2,11,16,102.166064878,7.260306399,-333.763907988,0.0,180.0,-10.0,False,False,1.040019907,1.040019907
1490,1008,scene_3.1,scene_3.1_y02,2,11,17,102.166064878,7.260306399,-332.723888082,0.0,180.0,-10.0,False,False,1.040019907,1.040019907
1491,1009,scene_3.1,scene_3.1_y02,2,11,18,102.166064878,7.260306399,-331.683868175,0.0,180.0,-10.0,False,False,1.040019907,1.040019907
1492,1010,scene_3.1,scene_3.1_y02,2,11,19,102.166064878,7.260306399,-330.643848268,0.0,180.0,-10.0,False,False,1.040019907,1.040019907
1493,1011,scene_3.1,scene_3.1_y02,2,11,20,102.166064878,7.260306399,-329.603828362,0.0,180.0,-10.0,False,False,1.040019907,1.040019907
1494,1012,scene_3.1,scene_3.1_y02,2,11,21,102.166064878,7.260306399,-328.563808455,0.0,180.0,-10.0,False,False,1.040019907,1.040019907
1495,1013,scene_3.1,scene_3.1_y02,2,11,22,102.166064878,7.260306399,-327.523788548,0.0,180.0,-10.0,False,False,1.040019907,1.040019907
1496,1014,scene_3.1,scene_3.1_y02,2,11,23,102.166064878,7.260306399,-326.483768642,0.0,180.0,-10.0,False,False,1.040019907,1.040019907
1497,1015,scene_3.1,scene_3.1_y02,2,11,24,102.166064878,7.260306399,-325.443748735,0.0,180.0,-10.0,False,False,1.040019907,1.040019907
1498,1016,scene_3.1,scene_3.1_y02,2,11,25,102.166064878,7.260306399,-324.403728829,0.0,180.0,-10.0,False,False,1.040019907,1.040019907
1499,1017,scene_3.1,scene_3.1_y02,2,11,26,102.166064878,7.260306399,-323.363708922,0.0,180.0,-10.0,False,False,1.040019907,1.040019907
1500,1018,scene_3.1,scene_3.1_y02,2,11,27,102.166064878,7.260306399,-322.323689015,0.0,180.0,-10.0,False,False,1.040019907,1.040019907
1501,1019,scene_3.1,scene_3.1_y02,2,11,28,102.166064878,7.260306399,-321.283669109,0.0,180.0,-10.0,False,False,1.040019907,1.040019907
1502,1020,scene_3.1,scene_3.1_y02,2,11,29,102.166064878,7.260306399,-320.243649202,0.0,180.0,-10.0,False,False,1.040019907,1.040019907
1503,1021,scene_3.1,scene_3.1_y02,2,11,30,102.166064878,7.260306399,-319.203629296,0.0,180.0,-10.0,False,False,1.040019907,1.040019907
1504,1022,scene_3.1,scene_3.1_y02,2,11,31,102.166064878,7.260306399,-318.163609389,0.0,180.0,-10.0,False,False,1.040019907,1.040019907
1505,1023,scene_3.1,scene_3.1_y02,2,11,32,102.166064878,7.260306399,-317.123589482,0.0,180.0,-10.0,False,False,1.040019907,1.040019907
1506,1024,scene_3.1,scene_3.1_y02,2,11,33,102.166064878,7.260306399,-316.083569576,0.0,180.0,-10.0,False,False,1.040019907,1.040019907
1507,1025,scene_3.1,scene_3.1_y02,2,11,34,102.166064878,7.260306399,-315.043549669,0.0,180.0,-10.0,False,False,1.040019907,1.040019907
1508,1026,scene_3.1,scene_3.1_y02,2,11,35,102.166064878,7.260306399,-314.003529762,0.0,180.0,-10.0,False,False,1.040019907,1.040019907
1509,1027,scene_3.1,scene_3.1_y02,2,11,36,102.166064878,7.260306399,-312.963509856,0.0,180.0,-10.0,False,False,1.040019907,1.040019907
1510,1028,scene_3.1,scene_3.1_y02,2,11,37,102.166064878,7.260306399,-311.923489949,228.996562381,48.996562381,-10.0,False,False,1.040019907,1.58514415
1511,1029,scene_3.1,scene_3.1_y02,2,10,36,100.969803799,7.260306399,-312.963509856,180.0,0.0,-10.0,False,False,1.58514415,1.040019907
1512,1030,scene_3.1,scene_3.1_y02,2,10,35,100.969803799,7.260306399,-314.003529762,180.0,0.0,-10.0,False,False,1.040019907,1.040019907
1513,1031,scene_3.1,scene_3.1_y02,2,10,34,100.969803799,7.260306399,-315.043549669,180.0,0.0,-10.0,False,False,1.040019907,1.040019907
1514,1032,scene_3.1,scene_3.1_y02,2,10,33,100.969803799,7.260306399,-316.083569576,180.0,0.0,-10.0,False,False,1.040019907,1.040019907
1515,1033,scene_3.1,scene_3.1_y02,2,10,32,100.969803799,7.260306399,-317.123589482,180.0,0.0,-10.0,False,False,1.040019907,1.040019907
1516,1034,scene_3.1,scene_3.1_y02,2,10,31,100.969803799,7.260306399,-318.163609389,180.0,0.0,-10.0,False,False,1.040019907,1.040019907
1517,1035,scene_3.1,scene_3.1_y02,2,10,30,100.969803799,7.260306399,-319.203629296,180.0,0.0,-10.0,False,False,1.040019907,1.040019907
1518,1036,scene_3.1,scene_3.1_y02,2,10,29,100.969803799,7.260306399,-320.243649202,180.0,0.0,-10.0,False,False,1.040019907,1.040019907
1519,1037,scene_3.1,scene_3.1_y02,2,10,28,100.969803799,7.260306399,-321.283669109,180.0,0.0,-10.0,False,False,1.040019907,1.040019907
1520,1038,scene_3.1,scene_3.1_y02,2,10,27,100.969803799,7.260306399,-322.323689015,180.0,0.0,-10.0,False,False,1.040019907,1.040019907
1521,1039,scene_3.1,scene_3.1_y02,2,10,26,100.969803799,7.260306399,-323.363708922,180.0,0.0,-10.0,False,False,1.040019907,1.040019907
1522,1040,scene_3.1,scene_3.1_y02,2,10,25,100.969803799,7.260306399,-324.403728829,180.0,0.0,-10.0,False,False,1.040019907,1.040019907
1523,1041,scene_3.1,scene_3.1_y02,2,10,24,100.969803799,7.260306399,-325.443748735,180.0,0.0,-10.0,False,False,1.040019907,1.040019907
1524,1042,scene_3.1,scene_3.1_y02,2,10,23,100.969803799,7.260306399,-326.483768642,180.0,0.0,-10.0,False,False,1.040019907,1.040019907
1525,1043,scene_3.1,scene_3.1_y02,2,10,22,100.969803799,7.260306399,-327.523788548,180.0,0.0,-10.0,False,False,1.040019907,1.040019907
1526,1044,scene_3.1,scene_3.1_y02,2,10,21,100.969803799,7.260306399,-328.563808455,180.0,0.0,-10.0,False,False,1.040019907,1.040019907
1527,1045,scene_3.1,scene_3.1_y02,2,10,20,100.969803799,7.260306399,-329.603828362,180.0,0.0,-10.0,False,False,1.040019907,1.040019907
1528,1046,scene_3.1,scene_3.1_y02,2,10,19,100.969803799,7.260306399,-330.643848268,180.0,0.0,-10.0,False,False,1.040019907,1.040019907
1529,1047,scene_3.1,scene_3.1_y02,2,10,18,100.969803799,7.260306399,-331.683868175,180.0,0.0,-10.0,False,False,1.040019907,1.040019907
1530,1048,scene_3.1,scene_3.1_y02,2,10,17,100.969803799,7.260306399,-332.723888082,180.0,0.0,-10.0,False,False,1.040019907,1.040019907
1531,1049,scene_3.1,scene_3.1_y02,2,10,16,100.969803799,7.260306399,-333.763907988,180.0,0.0,-10.0,False,False,1.040019907,1.040019907
1532,1050,scene_3.1,scene_3.1_y02,2,10,15,100.969803799,7.260306399,-334.803927895,180.0,0.0,-10.0,False,False,1.040019907,1.040019907
1533,1051,scene_3.1,scene_3.1_y02,2,10,14,100.969803799,7.260306399,-335.843947801,180.0,0.0,-10.0,False,False,1.040019907,1.040019907
1534,1052,scene_3.1,scene_3.1_y02,2,10,13,100.969803799,7.260306399,-336.883967708,180.0,0.0,-10.0,False,False,1.040019907,1.040019907
1535,1053,scene_3.1,scene_3.1_y02,2,10,12,100.969803799,7.260306399,-337.923987615,180.0,0.0,-10.0,False,False,1.040019907,1.040019907
1536,1054,scene_3.1,scene_3.1_y02,2,10,11,100.969803799,7.260306399,-338.964007521,180.0,0.0,-10.0,False,False,1.040019907,1.040019907
1537,1055,scene_3.1,scene_3.1_y02,2,10,10,100.969803799,7.260306399,-340.004027428,180.0,0.0,-10.0,False,False,1.040019907,1.040019907
1538,1056,scene_3.1,scene_3.1_y02,2,10,9,100.969803799,7.260306399,-341.044047334,180.0,0.0,-10.0,False,False,1.040019907,1.040019907
1539,1057,scene_3.1,scene_3.1_y02,2,10,8,100.969803799,7.260306399,-342.084067241,180.0,0.0,-10.0,False,False,1.040019907,1.040019907
1540,1058,scene_3.1,scene_3.1_y02,2,10,7,100.969803799,7.260306399,-343.124087148,180.0,0.0,-10.0,False,False,1.040019907,1.040019907
1541,1059,scene_3.1,scene_3.1_y02,2,10,6,100.969803799,7.260306399,-344.164107054,180.0,0.0,-10.0,False,False,1.040019907,1.040019907
1542,1060,scene_3.1,scene_3.1_y02,2,10,5,100.969803799,7.260306399,-345.204126961,180.0,0.0,-10.0,False,False,1.040019907,1.040019907
1543,1061,scene_3.1,scene_3.1_y02,2,10,4,100.969803799,7.260306399,-346.244146868,180.0,0.0,-10.0,False,False,1.040019907,1.040019907
1544,1062,scene_3.1,scene_3.1_y02,2,10,3,100.969803799,7.260306399,-347.284166774,180.0,0.0,-10.0,False,False,1.040019907,1.040019907
1545,1063,scene_3.1,scene_3.1_y02,2,10,2,100.969803799,7.260306399,-348.324186681,180.0,0.0,-10.0,False,False,1.040019907,1.040019907
1546,1064,scene_3.1,scene_3.1_y02,2,10,1,100.969803799,7.260306399,-349.364206587,180.0,0.0,-10.0,False,False,1.040019907,1.040019907
1547,1065,scene_3.1,scene_3.1_y02,2,10,0,100.969803799,7.260306399,-350.404226494,270.0,90.0,-10.0,False,False,1.040019907,1.196261079
1548,1066,scene_3.1,scene_3.1_y02,2,9,0,99.77354272,7.260306399,-350.404226494,0.0,180.0,-10.0,True,False,1.196261079,1.040019907
1549,1067,scene_3.1,scene_3.1_y02,2,9,1,99.77354272,7.260306399,-349.364206587,0.0,180.0,-10.0,False,False,1.040019907,1.040019907
1550,1068,scene_3.1,scene_3.1_y02,2,9,2,99.77354272,7.260306399,-348.324186681,0.0,180.0,-10.0,False,False,1.040019907,1.040019907
1551,1069,scene_3.1,scene_3.1_y02,2,9,3,99.77354272,7.260306399,-347.284166774,0.0,180.0,-10.0,True,False,1.040019907,1.040019907
1552,1070,scene_3.1,scene_3.1_y02,2,9,4,99.77354272,7.260306399,-346.244146868,0.0,180.0,-10.0,False,False,1.040019907,1.040019907
1553,1071,scene_3.1,scene_3.1_y02,2,9,5,99.77354272,7.260306399,-345.204126961,0.0,180.0,-10.0,False,False,1.040019907,1.040019907
1554,1072,scene_3.1,scene_3.1_y02,2,9,6,99.77354272,7.260306399,-344.164107054,0.0,180.0,-10.0,True,False,1.040019907,1.040019907
1555,1073,scene_3.1,scene_3.1_y02,2,9,7,99.77354272,7.260306399,-343.124087148,0.0,180.0,-10.0,False,False,1.040019907,1.040019907
1556,1074,scene_3.1,scene_3.1_y02,2,9,8,99.77354272,7.260306399,-342.084067241,0.0,180.0,-10.0,False,False,1.040019907,1.040019907
1557,1075,scene_3.1,scene_3.1_y02,2,9,9,99.77354272,7.260306399,-341.044047334,0.0,180.0,-10.0,True,False,1.040019907,1.040019907
1558,1076,scene_3.1,scene_3.1_y02,2,9,10,99.77354272,7.260306399,-340.004027428,0.0,180.0,-10.0,False,False,1.040019907,1.040019907
1559,1077,scene_3.1,scene_3.1_y02,2,9,11,99.77354272,7.260306399,-338.964007521,0.0,180.0,-10.0,False,False,1.040019907,1.040019907
1560,1078,scene_3.1,scene_3.1_y02,2,9,12,99.77354272,7.260306399,-337.923987615,0.0,180.0,-10.0,True,False,1.040019907,1.040019907
1561,1079,scene_3.1,scene_3.1_y02,2,9,13,99.77354272,7.260306399,-336.883967708,0.0,180.0,-10.0,False,False,1.040019907,1.040019907
1562,1080,scene_3.1,scene_3.1_y02,2,9,14,99.77354272,7.260306399,-335.843947801,0.0,180.0,-10.0,False,False,1.040019907,1.040019907
1563,1081,scene_3.1,scene_3.1_y02,2,9,15,99.77354272,7.260306399,-334.803927895,0.0,180.0,-10.0,True,False,1.040019907,1.040019907
1564,1082,scene_3.1,scene_3.1_y02,2,9,16,99.77354272,7.260306399,-333.763907988,0.0,180.0,-10.0,False,False,1.040019907,1.040019907
1565,1083,scene_3.1,scene_3.1_y02,2,9,17,99.77354272,7.260306399,-332.723888082,0.0,180.0,-10.0,False,False,1.040019907,1.040019907
1566,1084,scene_3.1,scene_3.1_y02,2,9,18,99.77354272,7.260306399,-331.683868175,0.0,180.0,-10.0,True,False,1.040019907,1.040019907
1567,1085,scene_3.1,scene_3.1_y02,2,9,19,99.77354272,7.260306399,-330.643848268,0.0,180.0,-10.0,False,False,1.040019907,1.040019907
1568,1086,scene_3.1,scene_3.1_y02,2,9,20,99.77354272,7.260306399,-329.603828362,0.0,180.0,-10.0,False,False,1.040019907,1.040019907
1569,1087,scene_3.1,scene_3.1_y02,2,9,21,99.77354272,7.260306399,-328.563808455,0.0,180.0,-10.0,True,False,1.040019907,1.040019907
1570,1088,scene_3.1,scene_3.1_y02,2,9,22,99.77354272,7.260306399,-327.523788548,0.0,180.0,-10.0,False,False,1.040019907,1.040019907
1571,1089,scene_3.1,scene_3.1_y02,2,9,23,99.77354272,7.260306399,-326.483768642,0.0,180.0,-10.0,False,False,1.040019907,1.040019907
1572,1090,scene_3.1,scene_3.1_y02,2,9,24,99.77354272,7.260306399,-325.443748735,0.0,180.0,-10.0,True,False,1.040019907,1.040019907
1573,1091,scene_3.1,scene_3.1_y02,2,9,25,99.77354272,7.260306399,-324.403728829,0.0,180.0,-10.0,False,False,1.040019907,1.040019907
1574,1092,scene_3.1,scene_3.1_y02,2,9,26,99.77354272,7.260306399,-323.363708922,0.0,180.0,-10.0,False,False,1.040019907,1.040019907
1575,1093,scene_3.1,scene_3.1_y02,2,9,27,99.77354272,7.260306399,-322.323689015,0.0,180.0,-10.0,True,False,1.040019907,1.040019907
1576,1094,scene_3.1,scene_3.1_y02,2,9,28,99.77354272,7.260306399,-321.283669109,0.0,180.0,-10.0,False,False,1.040019907,1.040019907
1577,1095,scene_3.1,scene_3.1_y02,2,9,29,99.77354272,7.260306399,-320.243649202,0.0,180.0,-10.0,False,False,1.040019907,1.040019907
1578,1096,scene_3.1,scene_3.1_y02,2,9,30,99.77354272,7.260306399,-319.203629296,0.0,180.0,-10.0,True,False,1.040019907,1.040019907
1579,1097,scene_3.1,scene_3.1_y02,2,9,31,99.77354272,7.260306399,-318.163609389,0.0,180.0,-10.0,False,False,1.040019907,1.040019907
1580,1098,scene_3.1,scene_3.1_y02,2,9,32,99.77354272,7.260306399,-317.123589482,0.0,180.0,-10.0,False,False,1.040019907,1.040019907
1581,1099,scene_3.1,scene_3.1_y02,2,9,33,99.77354272,7.260306399,-316.083569576,0.0,180.0,-10.0,True,False,1.040019907,1.040019907
1582,1100,scene_3.1,scene_3.1_y02,2,9,34,99.77354272,7.260306399,-315.043549669,0.0,180.0,-10.0,False,False,1.040019907,1.040019907
1583,1101,scene_3.1,scene_3.1_y02,2,9,35,99.77354272,7.260306399,-314.003529762,0.0,180.0,-10.0,False,False,1.040019907,1.040019907
1584,1102,scene_3.1,scene_3.1_y02,2,9,36,99.77354272,7.260306399,-312.963509856,228.996562381,48.996562381,-10.0,True,False,1.040019907,1.58514415
1585,1103,scene_3.1,scene_3.1_y02,2,8,35,98.577281641,7.260306399,-314.003529762,180.0,0.0,-10.0,False,False,1.58514415,1.040019907
1586,1104,scene_3.1,scene_3.1_y02,2,8,34,98.577281641,7.260306399,-315.043549669,180.0,0.0,-10.0,False,False,1.040019907,1.040019907
1587,1105,scene_3.1,scene_3.1_y02,2,8,33,98.577281641,7.260306399,-316.083569576,180.0,0.0,-10.0,False,False,1.040019907,1.040019907
1588,1106,scene_3.1,scene_3.1_y02,2,8,32,98.577281641,7.260306399,-317.123589482,180.0,0.0,-10.0,False,False,1.040019907,1.040019907
1589,1107,scene_3.1,scene_3.1_y02,2,8,31,98.577281641,7.260306399,-318.163609389,180.0,0.0,-10.0,False,False,1.040019907,1.040019907
1590,1108,scene_3.1,scene_3.1_y02,2,8,30,98.577281641,7.260306399,-319.203629296,180.0,0.0,-10.0,False,False,1.040019907,1.040019907
1591,1109,scene_3.1,scene_3.1_y02,2,8,29,98.577281641,7.260306399,-320.243649202,180.0,0.0,-10.0,False,False,1.040019907,1.040019907
1592,1110,scene_3.1,scene_3.1_y02,2,8,28,98.577281641,7.260306399,-321.283669109,180.0,0.0,-10.0,False,False,1.040019907,1.040019907
1593,1111,scene_3.1,scene_3.1_y02,2,8,27,98.577281641,7.260306399,-322.323689015,180.0,0.0,-10.0,False,False,1.040019907,1.040019907
1594,1112,scene_3.1,scene_3.1_y02,2,8,26,98.577281641,7.260306399,-323.363708922,180.0,0.0,-10.0,False,False,1.040019907,1.040019907
1595,1113,scene_3.1,scene_3.1_y02,2,8,25,98.577281641,7.260306399,-324.403728829,180.0,0.0,-10.0,False,False,1.040019907,1.040019907
1596,1114,scene_3.1,scene_3.1_y02,2,8,24,98.577281641,7.260306399,-325.443748735,180.0,0.0,-10.0,False,False,1.040019907,1.040019907
1597,1115,scene_3.1,scene_3.1_y02,2,8,23,98.577281641,7.260306399,-326.483768642,180.0,0.0,-10.0,False,False,1.040019907,1.040019907
1598,1116,scene_3.1,scene_3.1_y02,2,8,22,98.577281641,7.260306399,-327.523788548,180.0,0.0,-10.0,False,False,1.040019907,1.040019907
1599,1117,scene_3.1,scene_3.1_y02,2,8,21,98.577281641,7.260306399,-328.563808455,180.0,0.0,-10.0,False,False,1.040019907,1.040019907
1600,1118,scene_3.1,scene_3.1_y02,2,8,20,98.577281641,7.260306399,-329.603828362,180.0,0.0,-10.0,False,False,1.040019907,1.040019907
1601,1119,scene_3.1,scene_3.1_y02,2,8,19,98.577281641,7.260306399,-330.643848268,180.0,0.0,-10.0,False,False,1.040019907,1.040019907
1602,1120,scene_3.1,scene_3.1_y02,2,8,18,98.577281641,7.260306399,-331.683868175,180.0,0.0,-10.0,False,False,1.040019907,1.040019907
1603,1121,scene_3.1,scene_3.1_y02,2,8,17,98.577281641,7.260306399,-332.723888082,180.0,0.0,-10.0,False,False,1.040019907,1.040019907
1604,1122,scene_3.1,scene_3.1_y02,2,8,16,98.577281641,7.260306399,-333.763907988,180.0,0.0,-10.0,False,False,1.040019907,1.040019907
1605,1123,scene_3.1,scene_3.1_y02,2,8,15,98.577281641,7.260306399,-334.803927895,180.0,0.0,-10.0,False,False,1.040019907,1.040019907
1606,1124,scene_3.1,scene_3.1_y02,2,8,14,98.577281641,7.260306399,-335.843947801,180.0,0.0,-10.0,False,False,1.040019907,1.040019907
1607,1125,scene_3.1,scene_3.1_y02,2,8,13,98.577281641,7.260306399,-336.883967708,180.0,0.0,-10.0,False,False,1.040019907,1.040019907
1608,1126,scene_3.1,scene_3.1_y02,2,8,12,98.577281641,7.260306399,-337.923987615,180.0,0.0,-10.0,False,False,1.040019907,1.040019907
1609,1127,scene_3.1,scene_3.1_y02,2,8,11,98.577281641,7.260306399,-338.964007521,180.0,0.0,-10.0,False,False,1.040019907,1.040019907
1610,1128,scene_3.1,scene_3.1_y02,2,8,10,98.577281641,7.260306399,-340.004027428,180.0,0.0,-10.0,False,False,1.040019907,1.040019907
1611,1129,scene_3.1,scene_3.1_y02,2,8,9,98.577281641,7.260306399,-341.044047334,180.0,0.0,-10.0,False,False,1.040019907,1.040019907
1612,1130,scene_3.1,scene_3.1_y02,2,8,8,98.577281641,7.260306399,-342.084067241,180.0,0.0,-10.0,False,False,1.040019907,1.040019907
1613,1131,scene_3.1,scene_3.1_y02,2,8,7,98.577281641,7.260306399,-343.124087148,180.0,0.0,-10.0,False,False,1.040019907,1.040019907
1614,1132,scene_3.1,scene_3.1_y02,2,8,6,98.577281641,7.260306399,-344.164107054,180.0,0.0,-10.0,False,False,1.040019907,1.040019907
1615,1133,scene_3.1,scene_3.1_y02,2,8,5,98.577281641,7.260306399,-345.204126961,180.0,0.0,-10.0,False,False,1.040019907,1.040019907
1616,1134,scene_3.1,scene_3.1_y02,2,8,4,98.577281641,7.260306399,-346.244146868,180.0,0.0,-10.0,False,False,1.040019907,1.040019907
1617,1135,scene_3.1,scene_3.1_y02,2,8,3,98.577281641,7.260306399,-347.284166774,180.0,0.0,-10.0,False,False,1.040019907,1.040019907
1618,1136,scene_3.1,scene_3.1_y02,2,8,2,98.577281641,7.260306399,-348.324186681,180.0,0.0,-10.0,False,False,1.040019907,1.040019907
1619,1137,scene_3.1,scene_3.1_y02,2,8,1,98.577281641,7.260306399,-349.364206587,343.957026704,163.957026704,-10.0,False,False,1.040019907,1.442886885
1620,1138,scene_3.1,scene_3.1_y02,2,-1,-1,98.178527948,7.260306399,-347.977513379,343.957026704,163.957026704,-10.0,False,True,1.442886885,1.442886885
1621,1139,scene_3.1,scene_3.1_y02,2,-1,-1,97.779774255,7.260306399,-346.59082017,343.957026704,163.957026704,-10.0,False,True,1.442886885,1.442886885
1622,1140,scene_3.1,scene_3.1_y02,2,7,5,97.381020561,7.260306399,-345.204126961,0.0,180.0,-10.0,False,False,1.442886885,1.040019907
1623,1141,scene_3.1,scene_3.1_y02,2,7,6,97.381020561,7.260306399,-344.164107054,0.0,180.0,-10.0,False,False,1.040019907,1.040019907
1624,1142,scene_3.1,scene_3.1_y02,2,7,7,97.381020561,7.260306399,-343.124087148,0.0,180.0,-10.0,False,False,1.040019907,1.040019907
1625,1143,scene_3.1,scene_3.1_y02,2,7,8,97.381020561,7.260306399,-342.084067241,0.0,180.0,-10.0,False,False,1.040019907,1.040019907
1626,1144,scene_3.1,scene_3.1_y02,2,7,9,97.381020561,7.260306399,-341.044047334,0.0,180.0,-10.0,False,False,1.040019907,1.040019907
1627,1145,scene_3.1,scene_3.1_y02,2,7,10,97.381020561,7.260306399,-340.004027428,0.0,180.0,-10.0,False,False,1.040019907,1.040019907
1628,1146,scene_3.1,scene_3.1_y02,2,7,11,97.381020561,7.260306399,-338.964007521,0.0,180.0,-10.0,False,False,1.040019907,1.040019907
1629,1147,scene_3.1,scene_3.1_y02,2,7,12,97.381020561,7.260306399,-337.923987615,0.0,180.0,-10.0,False,False,1.040019907,1.040019907
1630,1148,scene_3.1,scene_3.1_y02,2,7,13,97.381020561,7.260306399,-336.883967708,0.0,180.0,-10.0,False,False,1.040019907,1.040019907
1631,1149,scene_3.1,scene_3.1_y02,2,7,14,97.381020561,7.260306399,-335.843947801,0.0,180.0,-10.0,False,False,1.040019907,1.040019907
1632,1150,scene_3.1,scene_3.1_y02,2,7,15,97.381020561,7.260306399,-334.803927895,0.0,180.0,-10.0,False,False,1.040019907,1.040019907
1633,1151,scene_3.1,scene_3.1_y02,2,7,16,97.381020561,7.260306399,-333.763907988,0.0,180.0,-10.0,False,False,1.040019907,1.040019907
1634,1152,scene_3.1,scene_3.1_y02,2,7,17,97.381020561,7.260306399,-332.723888082,0.0,180.0,-10.0,False,False,1.040019907,1.040019907
1635,1153,scene_3.1,scene_3.1_y02,2,7,18,97.381020561,7.260306399,-331.683868175,0.0,180.0,-10.0,False,False,1.040019907,1.040019907
1636,1154,scene_3.1,scene_3.1_y02,2,7,19,97.381020561,7.260306399,-330.643848268,0.0,180.0,-10.0,False,False,1.040019907,1.040019907
1637,1155,scene_3.1,scene_3.1_y02,2,7,20,97.381020561,7.260306399,-329.603828362,0.0,180.0,-10.0,False,False,1.040019907,1.040019907
1638,1156,scene_3.1,scene_3.1_y02,2,7,21,97.381020561,7.260306399,-328.563808455,0.0,180.0,-10.0,False,False,1.040019907,1.040019907
1639,1157,scene_3.1,scene_3.1_y02,2,7,22,97.381020561,7.260306399,-327.523788548,0.0,180.0,-10.0,False,False,1.040019907,1.040019907
1640,1158,scene_3.1,scene_3.1_y02,2,7,23,97.381020561,7.260306399,-326.483768642,0.0,180.0,-10.0,False,False,1.040019907,1.040019907
1641,1159,scene_3.1,scene_3.1_y02,2,7,24,97.381020561,7.260306399,-325.443748735,0.0,180.0,-10.0,False,False,1.040019907,1.040019907
1642,1160,scene_3.1,scene_3.1_y02,2,7,25,97.381020561,7.260306399,-324.403728829,0.0,180.0,-10.0,False,False,1.040019907,1.040019907
1643,1161,scene_3.1,scene_3.1_y02,2,7,26,97.381020561,7.260306399,-323.363708922,0.0,180.0,-10.0,False,False,1.040019907,1.040019907
1644,1162,scene_3.1,scene_3.1_y02,2,7,27,97.381020561,7.260306399,-322.323689015,0.0,180.0,-10.0,False,False,1.040019907,1.040019907
1645,1163,scene_3.1,scene_3.1_y02,2,7,28,97.381020561,7.260306399,-321.283669109,0.0,180.0,-10.0,False,False,1.040019907,1.040019907
1646,1164,scene_3.1,scene_3.1_y02,2,7,29,97.381020561,7.260306399,-320.243649202,0.0,180.0,-10.0,False,False,1.040019907,1.040019907
1647,1165,scene_3.1,scene_3.1_y02,2,7,30,97.381020561,7.260306399,-319.203629296,0.0,180.0,-10.0,False,False,1.040019907,1.040019907
1648,1166,scene_3.1,scene_3.1_y02,2,7,31,97.381020561,7.260306399,-318.163609389,0.0,180.0,-10.0,False,False,1.040019907,1.040019907
1649,1167,scene_3.1,scene_3.1_y02,2,7,32,97.381020561,7.260306399,-317.123589482,0.0,180.0,-10.0,False,False,1.040019907,1.040019907
1650,1168,scene_3.1,scene_3.1_y02,2,7,33,97.381020561,7.260306399,-316.083569576,0.0,180.0,-10.0,False,False,1.040019907,1.040019907
1651,1169,scene_3.1,scene_3.1_y02,2,7,34,97.381020561,7.260306399,-315.043549669,0.0,180.0,-10.0,False,False,1.040019907,1.040019907
1652,1170,scene_3.1,scene_3.1_y02,2,7,35,97.381020561,7.260306399,-314.003529762,228.996562381,48.996562381,-10.0,False,False,1.040019907,1.58514415
1653,1171,scene_3.1,scene_3.1_y02,2,6,34,96.184759482,7.260306399,-315.043549669,180.0,0.0,-10.0,False,False,1.58514415,1.040019907
1654,1172,scene_3.1,scene_3.1_y02,2,6,33,96.184759482,7.260306399,-316.083569576,180.0,0.0,-10.0,True,False,1.040019907,1.040019907
1655,1173,scene_3.1,scene_3.1_y02,2,6,32,96.184759482,7.260306399,-317.123589482,180.0,0.0,-10.0,False,False,1.040019907,1.040019907
1656,1174,scene_3.1,scene_3.1_y02,2,6,31,96.184759482,7.260306399,-318.163609389,180.0,0.0,-10.0,False,False,1.040019907,1.040019907
1657,1175,scene_3.1,scene_3.1_y02,2,6,30,96.184759482,7.260306399,-319.203629296,180.0,0.0,-10.0,True,False,1.040019907,1.040019907
1658,1176,scene_3.1,scene_3.1_y02,2,6,29,96.184759482,7.260306399,-320.243649202,180.0,0.0,-10.0,False,False,1.040019907,1.040019907
1659,1177,scene_3.1,scene_3.1_y02,2,6,28,96.184759482,7.260306399,-321.283669109,180.0,0.0,-10.0,False,False,1.040019907,1.040019907
1660,1178,scene_3.1,scene_3.1_y02,2,6,27,96.184759482,7.260306399,-322.323689015,180.0,0.0,-10.0,True,False,1.040019907,1.040019907
1661,1179,scene_3.1,scene_3.1_y02,2,6,26,96.184759482,7.260306399,-323.363708922,180.0,0.0,-10.0,False,False,1.040019907,1.040019907
1662,1180,scene_3.1,scene_3.1_y02,2,6,25,96.184759482,7.260306399,-324.403728829,180.0,0.0,-10.0,False,False,1.040019907,1.040019907
1663,1181,scene_3.1,scene_3.1_y02,2,6,24,96.184759482,7.260306399,-325.443748735,180.0,0.0,-10.0,True,False,1.040019907,1.040019907
1664,1182,scene_3.1,scene_3.1_y02,2,6,23,96.184759482,7.260306399,-326.483768642,180.0,0.0,-10.0,False,False,1.040019907,1.040019907
1665,1183,scene_3.1,scene_3.1_y02,2,6,22,96.184759482,7.260306399,-327.523788548,180.0,0.0,-10.0,False,False,1.040019907,1.040019907
1666,1184,scene_3.1,scene_3.1_y02,2,6,21,96.184759482,7.260306399,-328.563808455,180.0,0.0,-10.0,True,False,1.040019907,1.040019907
1667,1185,scene_3.1,scene_3.1_y02,2,6,20,96.184759482,7.260306399,-329.603828362,180.0,0.0,-10.0,False,False,1.040019907,1.040019907
1668,1186,scene_3.1,scene_3.1_y02,2,6,19,96.184759482,7.260306399,-330.643848268,180.0,0.0,-10.0,False,False,1.040019907,1.040019907
1669,1187,scene_3.1,scene_3.1_y02,2,6,18,96.184759482,7.260306399,-331.683868175,180.0,0.0,-10.0,True,False,1.040019907,1.040019907
1670,1188,scene_3.1,scene_3.1_y02,2,6,17,96.184759482,7.260306399,-332.723888082,180.0,0.0,-10.0,False,False,1.040019907,1.040019907
1671,1189,scene_3.1,scene_3.1_y02,2,6,16,96.184759482,7.260306399,-333.763907988,180.0,0.0,-10.0,False,False,1.040019907,1.040019907
1672,1190,scene_3.1,scene_3.1_y02,2,6,15,96.184759482,7.260306399,-334.803927895,180.0,0.0,-10.0,True,False,1.040019907,1.040019907
1673,1191,scene_3.1,scene_3.1_y02,2,6,14,96.184759482,7.260306399,-335.843947801,180.0,0.0,-10.0,False,False,1.040019907,1.040019907
1674,1192,scene_3.1,scene_3.1_y02,2,6,13,96.184759482,7.260306399,-336.883967708,180.0,0.0,-10.0,False,False,1.040019907,1.040019907
1675,1193,scene_3.1,scene_3.1_y02,2,6,12,96.184759482,7.260306399,-337.923987615,180.0,0.0,-10.0,True,False,1.040019907,1.040019907
1676,1194,scene_3.1,scene_3.1_y02,2,6,11,96.184759482,7.260306399,-338.964007521,347.044742977,167.044742977,-10.0,False,False,1.040019907,1.778641046
1677,1195,scene_3.1,scene_3.1_y02,2,-1,-1,95.786005789,7.260306399,-337.23064101,347.044742977,167.044742977,-10.0,False,True,1.778641046,1.778641046
1678,1196,scene_3.1,scene_3.1_y02,2,-1,-1,95.387252096,7.260306399,-335.497274499,347.044742977,167.044742977,-10.0,False,True,1.778641046,1.778641046
1679,1197,scene_3.1,scene_3.1_y02,2,5,16,94.988498403,7.260306399,-333.763907988,0.0,180.0,-10.0,False,False,1.778641046,1.040019907
1680,1198,scene_3.1,scene_3.1_y02,2,5,17,94.988498403,7.260306399,-332.723888082,0.0,180.0,-10.0,False,False,1.040019907,1.040019907
1681,1199,scene_3.1,scene_3.1_y02,2,5,18,94.988498403,7.260306399,-331.683868175,0.0,180.0,-10.0,False,False,1.040019907,1.040019907
1682,1200,scene_3.1,scene_3.1_y02,2,5,19,94.988498403,7.260306399,-330.643848268,0.0,180.0,-10.0,False,False,1.040019907,1.040019907
1683,1201,scene_3.1,scene_3.1_y02,2,5,20,94.988498403,7.260306399,-329.603828362,0.0,180.0,-10.0,False,False,1.040019907,1.040019907
1684,1202,scene_3.1,scene_3.1_y02,2,5,21,94.988498403,7.260306399,-328.563808455,0.0,180.0,-10.0,False,False,1.040019907,1.040019907
1685,1203,scene_3.1,scene_3.1_y02,2,5,22,94.988498403,7.260306399,-327.523788548,0.0,180.0,-10.0,False,False,1.040019907,1.040019907
1686,1204,scene_3.1,scene_3.1_y02,2,5,23,94.988498403,7.260306399,-326.483768642,0.0,180.0,-10.0,False,False,1.040019907,1.040019907
1687,1205,scene_3.1,scene_3.1_y02,2,5,24,94.988498403,7.260306399,-325.443748735,0.0,180.0,-10.0,False,False,1.040019907,1.040019907
1688,1206,scene_3.1,scene_3.1_y02,2,5,25,94.988498403,7.260306399,-324.403728829,0.0,180.0,-10.0,False,False,1.040019907,1.040019907
1689,1207,scene_3.1,scene_3.1_y02,2,5,26,94.988498403,7.260306399,-323.363708922,0.0,180.0,-10.0,False,False,1.040019907,1.040019907
1690,1208,scene_3.1,scene_3.1_y02,2,5,27,94.988498403,7.260306399,-322.323689015,0.0,180.0,-10.0,False,False,1.040019907,1.040019907
1691,1209,scene_3.1,scene_3.1_y02,2,5,28,94.988498403,7.260306399,-321.283669109,0.0,180.0,-10.0,False,False,1.040019907,1.040019907
1692,1210,scene_3.1,scene_3.1_y02,2,5,29,94.988498403,7.260306399,-320.243649202,0.0,180.0,-10.0,False,False,1.040019907,1.040019907
1693,1211,scene_3.1,scene_3.1_y02,2,5,30,94.988498403,7.260306399,-319.203629296,0.0,180.0,-10.0,False,False,1.040019907,1.040019907
1694,1212,scene_3.1,scene_3.1_y02,2,5,31,94.988498403,7.260306399,-318.163609389,0.0,180.0,-10.0,False,False,1.040019907,1.040019907
1695,1213,scene_3.1,scene_3.1_y02,2,5,32,94.988498403,7.260306399,-317.123589482,0.0,180.0,-10.0,False,False,1.040019907,1.040019907
1696,1214,scene_3.1,scene_3.1_y02,2,5,33,94.988498403,7.260306399,-316.083569576,0.0,180.0,-10.0,False,False,1.040019907,1.040019907
1697,1215,scene_3.1,scene_3.1_y02,2,5,34,94.988498403,7.260306399,-315.043549669,270.0,90.0,-10.0,False,False,1.040019907,1.196261079
1698,1216,scene_3.1,scene_3.1_y02,2,4,34,93.792237324,7.260306399,-315.043549669,180.0,0.0,-10.0,False,False,1.196261079,1.040019907
1699,1217,scene_3.1,scene_3.1_y02,2,4,33,93.792237324,7.260306399,-316.083569576,180.0,0.0,-10.0,False,False,1.040019907,1.040019907
1700,1218,scene_3.1,scene_3.1_y02,2,4,32,93.792237324,7.260306399,-317.123589482,180.0,0.0,-10.0,False,False,1.040019907,1.040019907
1701,1219,scene_3.1,scene_3.1_y02,2,4,31,93.792237324,7.260306399,-318.163609389,180.0,0.0,-10.0,False,False,1.040019907,1.040019907
1702,1220,scene_3.1,scene_3.1_y02,2,4,30,93.792237324,7.260306399,-319.203629296,180.0,0.0,-10.0,False,False,1.040019907,1.040019907
1703,1221,scene_3.1,scene_3.1_y02,2,4,29,93.792237324,7.260306399,-320.243649202,180.0,0.0,-10.0,False,False,1.040019907,1.040019907
1704,1222,scene_3.1,scene_3.1_y02,2,4,28,93.792237324,7.260306399,-321.283669109,180.0,0.0,-10.0,False,False,1.040019907,1.040019907
1705,1223,scene_3.1,scene_3.1_y02,2,4,27,93.792237324,7.260306399,-322.323689015,180.0,0.0,-10.0,False,False,1.040019907,1.040019907
1706,1224,scene_3.1,scene_3.1_y02,2,4,26,93.792237324,7.260306399,-323.363708922,180.0,0.0,-10.0,False,False,1.040019907,1.040019907
1707,1225,scene_3.1,scene_3.1_y02,2,4,25,93.792237324,7.260306399,-324.403728829,180.0,0.0,-10.0,False,False,1.040019907,1.040019907
1708,1226,scene_3.1,scene_3.1_y02,2,4,24,93.792237324,7.260306399,-325.443748735,180.0,0.0,-10.0,False,False,1.040019907,1.040019907
1709,1227,scene_3.1,scene_3.1_y02,2,4,23,93.792237324,7.260306399,-326.483768642,180.0,0.0,-10.0,False,False,1.040019907,1.040019907
1710,1228,scene_3.1,scene_3.1_y02,2,4,22,93.792237324,7.260306399,-327.523788548,180.0,0.0,-10.0,False,False,1.040019907,1.040019907
1711,1229,scene_3.1,scene_3.1_y02,2,4,21,93.792237324,7.260306399,-328.563808455,347.044742977,167.044742977,-10.0,False,False,1.040019907,1.778641046
1712,1230,scene_3.1,scene_3.1_y02,2,-1,-1,93.393483631,7.260306399,-326.830441944,347.044742977,167.044742977,-10.0,False,True,1.778641046,1.778641046
1713,1231,scene_3.1,scene_3.1_y02,2,-1,-1,92.994729938,7.260306399,-325.097075433,347.044742977,167.044742977,-10.0,False,True,1.778641046,1.778641046
1714,1232,scene_3.1,scene_3.1_y02,2,3,26,92.595976245,7.260306399,-323.363708922,0.0,180.0,-10.0,False,False,1.778641046,1.040019907
1715,1233,scene_3.1,scene_3.1_y02,2,3,27,92.595976245,7.260306399,-322.323689015,0.0,180.0,-10.0,True,False,1.040019907,1.040019907
1716,1234,scene_3.1,scene_3.1_y02,2,3,28,92.595976245,7.260306399,-321.283669109,0.0,180.0,-10.0,False,False,1.040019907,1.040019907
1717,1235,scene_3.1,scene_3.1_y02,2,3,29,92.595976245,7.260306399,-320.243649202,0.0,180.0,-10.0,False,False,1.040019907,1.040019907
1718,1236,scene_3.1,scene_3.1_y02,2,3,30,92.595976245,7.260306399,-319.203629296,0.0,180.0,-10.0,True,False,1.040019907,1.040019907
1719,1237,scene_3.1,scene_3.1_y02,2,3,31,92.595976245,7.260306399,-318.163609389,0.0,180.0,-10.0,False,False,1.040019907,1.040019907
1720,1238,scene_3.1,scene_3.1_y02,2,3,32,92.595976245,7.260306399,-317.123589482,0.0,180.0,-10.0,False,False,1.040019907,1.040019907
1721,1239,scene_3.1,scene_3.1_y02,2,3,33,92.595976245,7.260306399,-316.083569576,270.0,90.0,-10.0,True,False,1.040019907,1.196261079
1722,1240,scene_3.1,scene_3.1_y02,2,2,33,91.399715165,7.260306399,-316.083569576,180.0,0.0,-10.0,False,False,1.196261079,1.040019907
1723,1241,scene_3.1,scene_3.1_y02,2,2,32,91.399715165,7.260306399,-317.123589482,180.0,0.0,-10.0,False,False,1.040019907,0.0
1724,1,scene_3.1,scene_3.1_y03,3,1,34,90.203454086,10.696959072,-315.043549669,0.0,180.0,-25.0,False,False,4.191442209,1.040019907
1725,2,scene_3.1,scene_3.1_y03,3,1,35,90.203454086,10.696959072,-314.003529762,0.0,180.0,-25.0,False,False,1.040019907,1.040019907
1726,3,scene_3.1,scene_3.1_y03,3,1,36,90.203454086,10.696959072,-312.963509856,0.0,180.0,-25.0,False,False,1.040019907,1.040019907
1727,4,scene_3.1,scene_3.1_y03,3,1,37,90.203454086,10.696959072,-311.923489949,0.0,180.0,-25.0,False,False,1.040019907,1.040019907
1728,5,scene_3.1,scene_3.1_y03,3,1,38,90.203454086,10.696959072,-310.883470043,0.0,180.0,-25.0,False,False,1.040019907,1.040019907
1729,6,scene_3.1,scene_3.1_y03,3,1,39,90.203454086,10.696959072,-309.843450136,90.0,270.0,-25.0,False,False,1.040019907,1.196261079
1730,7,scene_3.1,scene_3.1_y03,3,2,39,91.399715165,10.696959072,-309.843450136,180.0,0.0,-25.0,False,False,1.196261079,1.040019907
1731,8,scene_3.1,scene_3.1_y03,3,2,38,91.399715165,10.696959072,-310.883470043,180.0,0.0,-25.0,False,False,1.040019907,1.040019907
1732,9,scene_3.1,scene_3.1_y03,3,2,37,91.399715165,10.696959072,-311.923489949,180.0,0.0,-25.0,False,False,1.040019907,1.040019907
1733,10,scene_3.1,scene_3.1_y03,3,2,36,91.399715165,10.696959072,-312.963509856,180.0,0.0,-25.0,False,False,1.040019907,1.040019907
1734,11,scene_3.1,scene_3.1_y03,3,2,35,91.399715165,10.696959072,-314.003529762,180.0,0.0,-25.0,False,False,1.040019907,1.040019907
1735,12,scene_3.1,scene_3.1_y03,3,2,34,91.399715165,10.696959072,-315.043549669,180.0,0.0,-25.0,False,False,1.040019907,1.040019907
1736,13,scene_3.1,scene_3.1_y03,3,2,33,91.399715165,10.696959072,-316.083569576,180.0,0.0,-25.0,False,False,1.040019907,1.040019907
1737,14,scene_3.1,scene_3.1_y03,3,2,32,91.399715165,10.696959072,-317.123589482,180.0,0.0,-25.0,False,False,1.040019907,1.040019907
1738,15,scene_3.1,scene_3.1_y03,3,2,31,91.399715165,10.696959072,-318.163609389,180.0,0.0,-25.0,False,False,1.040019907,1.040019907
1739,16,scene_3.1,scene_3.1_y03,3,2,30,91.399715165,10.696959072,-319.203629296,180.0,0.0,-25.0,False,False,1.040019907,1.040019907
1740,17,scene_3.1,scene_3.1_y03,3,2,29,91.399715165,10.696959072,-320.243649202,167.044742977,347.044742977,-25.0,False,False,1.040019907,1.778641046
1741,18,scene_3.1,scene_3.1_y03,3,-1,-1,91.798468858,10.696959072,-321.977015713,167.044742977,347.044742977,-25.0,False,True,1.778641046,1.778641046
1742,19,scene_3.1,scene_3.1_y03,3,-1,-1,92.197222552,10.696959072,-323.710382224,167.044742977,347.044742977,-25.0,False,True,1.778641046,1.778641046
1743,20,scene_3.1,scene_3.1_y03,3,3,24,92.595976245,10.696959072,-325.443748735,0.0,180.0,-25.0,True,False,1.778641046,1.040019907
1744,21,scene_3.1,scene_3.1_y03,3,3,25,92.595976245,10.696959072,-324.403728829,0.0,180.0,-25.0,False,False,1.040019907,1.040019907
1745,22,scene_3.1,scene_3.1_y03,3,3,26,92.595976245,10.696959072,-323.363708922,0.0,180.0,-25.0,False,False,1.040019907,1.040019907
1746,23,scene_3.1,scene_3.1_y03,3,3,27,92.595976245,10.696959072,-322.323689015,0.0,180.0,-25.0,True,False,1.040019907,1.040019907
1747,24,scene_3.1,scene_3.1_y03,3,3,28,92.595976245,10.696959072,-321.283669109,0.0,180.0,-25.0,False,False,1.040019907,1.040019907
1748,25,scene_3.1,scene_3.1_y03,3,3,29,92.595976245,10.696959072,-320.243649202,0.0,180.0,-25.0,False,False,1.040019907,1.040019907
1749,26,scene_3.1,scene_3.1_y03,3,3,30,92.595976245,10.696959072,-319.203629296,0.0,180.0,-25.0,True,False,1.040019907,1.040019907
1750,27,scene_3.1,scene_3.1_y03,3,3,31,92.595976245,10.696959072,-318.163609389,0.0,180.0,-25.0,False,False,1.040019907,1.040019907
1751,28,scene_3.1,scene_3.1_y03,3,3,32,92.595976245,10.696959072,-317.123589482,0.0,180.0,-25.0,False,False,1.040019907,1.040019907
1752,29,scene_3.1,scene_3.1_y03,3,3,33,92.595976245,10.696959072,-316.083569576,0.0,180.0,-25.0,True,False,1.040019907,1.040019907
1753,30,scene_3.1,scene_3.1_y03,3,3,34,92.595976245,10.696959072,-315.043549669,0.0,180.0,-25.0,False,False,1.040019907,1.040019907
1754,31,scene_3.1,scene_3.1_y03,3,3,35,92.595976245,10.696959072,-314.003529762,0.0,180.0,-25.0,False,False,1.040019907,1.040019907
1755,32,scene_3.1,scene_3.1_y03,3,3,36,92.595976245,10.696959072,-312.963509856,0.0,180.0,-25.0,True,False,1.040019907,1.040019907
1756,33,scene_3.1,scene_3.1_y03,3,3,37,92.595976245,10.696959072,-311.923489949,0.0,180.0,-25.0,False,False,1.040019907,1.040019907
1757,34,scene_3.1,scene_3.1_y03,3,3,38,92.595976245,10.696959072,-310.883470043,90.0,270.0,-25.0,False,False,1.040019907,1.196261079
1758,35,scene_3.1,scene_3.1_y03,3,4,38,93.792237324,10.696959072,-310.883470043,180.0,0.0,-25.0,False,False,1.196261079,1.040019907
1759,36,scene_3.1,scene_3.1_y03,3,4,37,93.792237324,10.696959072,-311.923489949,180.0,0.0,-25.0,False,False,1.040019907,1.040019907
1760,37,scene_3.1,scene_3.1_y03,3,4,36,93.792237324,10.696959072,-312.963509856,180.0,0.0,-25.0,False,False,1.040019907,1.040019907
1761,38,scene_3.1,scene_3.1_y03,3,4,35,93.792237324,10.696959072,-314.003529762,180.0,0.0,-25.0,False,False,1.040019907,1.040019907
1762,39,scene_3.1,scene_3.1_y03,3,4,34,93.792237324,10.696959072,-315.043549669,180.0,0.0,-25.0,False,False,1.040019907,1.040019907
1763,40,scene_3.1,scene_3.1_y03,3,4,33,93.792237324,10.696959072,-316.083569576,180.0,0.0,-25.0,False,False,1.040019907,1.040019907
1764,41,scene_3.1,scene_3.1_y03,3,4,32,93.792237324,10.696959072,-317.123589482,180.0,0.0,-25.0,False,False,1.040019907,1.040019907
1765,42,scene_3.1,scene_3.1_y03,3,4,31,93.792237324,10.696959072,-318.163609389,180.0,0.0,-25.0,False,False,1.040019907,1.040019907
1766,43,scene_3.1,scene_3.1_y03,3,4,30,93.792237324,10.696959072,-319.203629296,180.0,0.0,-25.0,False,False,1.040019907,1.040019907
1767,44,scene_3.1,scene_3.1_y03,3,4,29,93.792237324,10.696959072,-320.243649202,180.0,0.0,-25.0,False,False,1.040019907,1.040019907
1768,45,scene_3.1,scene_3.1_y03,3,4,28,93.792237324,10.696959072,-321.283669109,180.0,0.0,-25.0,False,False,1.040019907,1.040019907
1769,46,scene_3.1,scene_3.1_y03,3,4,27,93.792237324,10.696959072,-322.323689015,180.0,0.0,-25.0,False,False,1.040019907,1.040019907
1770,47,scene_3.1,scene_3.1_y03,3,4,26,93.792237324,10.696959072,-323.363708922,180.0,0.0,-25.0,False,False,1.040019907,1.040019907
1771,48,scene_3.1,scene_3.1_y03,3,4,25,93.792237324,10.696959072,-324.403728829,180.0,0.0,-25.0,False,False,1.040019907,1.040019907
1772,49,scene_3.1,scene_3.1_y03,3,4,24,93.792237324,10.696959072,-325.443748735,180.0,0.0,-25.0,False,False,1.040019907,1.040019907
1773,50,scene_3.1,scene_3.1_y03,3,4,23,93.792237324,10.696959072,-326.483768642,180.0,0.0,-25.0,False,False,1.040019907,1.040019907
1774,51,scene_3.1,scene_3.1_y03,3,4,22,93.792237324,10.696959072,-327.523788548,180.0,0.0,-25.0,False,False,1.040019907,1.040019907
1775,52,scene_3.1,scene_3.1_y03,3,4,21,93.792237324,10.696959072,-328.563808455,180.0,0.0,-25.0,False,False,1.040019907,1.040019907
1776,53,scene_3.1,scene_3.1_y03,3,4,20,93.792237324,10.696959072,-329.603828362,180.0,0.0,-25.0,False,False,1.040019907,1.040019907
1777,54,scene_3.1,scene_3.1_y03,3,4,19,93.792237324,10.696959072,-330.643848268,167.044742977,347.044742977,-25.0,False,False,1.040019907,1.778641046
1778,55,scene_3.1,scene_3.1_y03,3,-1,-1,94.190991017,10.696959072,-332.377214779,167.044742977,347.044742977,-25.0,False,True,1.778641046,1.778641046
1779,56,scene_3.1,scene_3.1_y03,3,-1,-1,94.58974471,10.696959072,-334.11058129,167.044742977,347.044742977,-25.0,False,True,1.778641046,1.778641046
1780,57,scene_3.1,scene_3.1_y03,3,5,14,94.988498403,10.696959072,-335.843947801,0.0,180.0,-25.0,False,False,1.778641046,1.040019907
1781,58,scene_3.1,scene_3.1_y03,3,5,15,94.988498403,10.696959072,-334.803927895,0.0,180.0,-25.0,False,False,1.040019907,1.040019907
1782,59,scene_3.1,scene_3.1_y03,3,5,16,94.988498403,10.696959072,-333.763907988,0.0,180.0,-25.0,False,False,1.040019907,1.040019907
1783,60,scene_3.1,scene_3.1_y03,3,5,17,94.988498403,10.696959072,-332.723888082,0.0,180.0,-25.0,False,False,1.040019907,1.040019907
1784,61,scene_3.1,scene_3.1_y03,3,5,18,94.988498403,10.696959072,-331.683868175,0.0,180.0,-25.0,False,False,1.040019907,1.040019907
1785,62,scene_3.1,scene_3.1_y03,3,5,19,94.988498403,10.696959072,-330.643848268,0.0,180.0,-25.0,False,False,1.040019907,1.040019907
1786,63,scene_3.1,scene_3.1_y03,3,5,20,94.988498403,10.696959072,-329.603828362,0.0,180.0,-25.0,False,False,1.040019907,1.040019907
1787,64,scene_3.1,scene_3.1_y03,3,5,21,94.988498403,10.696959072,-328.563808455,0.0,180.0,-25.0,False,False,1.040019907,1.040019907
1788,65,scene_3.1,scene_3.1_y03,3,5,22,94.988498403,10.696959072,-327.523788548,0.0,180.0,-25.0,False,False,1.040019907,1.040019907
1789,66,scene_3.1,scene_3.1_y03,3,5,23,94.988498403,10.696959072,-326.483768642,0.0,180.0,-25.0,False,False,1.040019907,1.040019907
1790,67,scene_3.1,scene_3.1_y03,3,5,24,94.988498403,10.696959072,-325.443748735,0.0,180.0,-25.0,False,False,1.040019907,1.040019907
1791,68,scene_3.1,scene_3.1_y03,3,5,25,94.988498403,10.696959072,-324.403728829,0.0,180.0,-25.0,False,False,1.040019907,1.040019907
1792,69,scene_3.1,scene_3.1_y03,3,5,26,94.988498403,10.696959072,-323.363708922,0.0,180.0,-25.0,False,False,1.040019907,1.040019907
1793,70,scene_3.1,scene_3.1_y03,3,5,27,94.988498403,10.696959072,-322.323689015,0.0,180.0,-25.0,False,False,1.040019907,1.040019907
1794,71,scene_3.1,scene_3.1_y03,3,5,28,94.988498403,10.696959072,-321.283669109,0.0,180.0,-25.0,False,False,1.040019907,1.040019907
1795,72,scene_3.1,scene_3.1_y03,3,5,29,94.988498403,10.696959072,-320.243649202,0.0,180.0,-25.0,False,False,1.040019907,1.040019907
1796,73,scene_3.1,scene_3.1_y03,3,5,30,94.988498403,10.696959072,-319.203629296,0.0,180.0,-25.0,False,False,1.040019907,1.040019907
1797,74,scene_3.1,scene_3.1_y03,3,5,31,94.988498403,10.696959072,-318.163609389,0.0,180.0,-25.0,False,False,1.040019907,1.040019907
1798,75,scene_3.1,scene_3.1_y03,3,5,32,94.988498403,10.696959072,-317.123589482,0.0,180.0,-25.0,False,False,1.040019907,1.040019907
1799,76,scene_3.1,scene_3.1_y03,3,5,33,94.988498403,10.696959072,-316.083569576,0.0,180.0,-25.0,False,False,1.040019907,1.040019907
1800,77,scene_3.1,scene_3.1_y03,3,5,34,94.988498403,10.696959072,-315.043549669,0.0,180.0,-25.0,False,False,1.040019907,1.040019907
1801,78,scene_3.1,scene_3.1_y03,3,5,35,94.988498403,10.696959072,-314.003529762,0.0,180.0,-25.0,False,False,1.040019907,1.040019907
1802,79,scene_3.1,scene_3.1_y03,3,5,36,94.988498403,10.696959072,-312.963509856,0.0,180.0,-25.0,False,False,1.040019907,1.040019907
1803,80,scene_3.1,scene_3.1_y03,3,5,37,94.988498403,10.696959072,-311.923489949,0.0,180.0,-25.0,False,False,1.040019907,1.040019907
1804,81,scene_3.1,scene_3.1_y03,3,5,38,94.988498403,10.696959072,-310.883470043,90.0,270.0,-25.0,False,False,1.040019907,1.196261079
1805,82,scene_3.1,scene_3.1_y03,3,6,38,96.184759482,10.696959072,-310.883470043,180.0,0.0,-25.0,False,False,1.196261079,1.040019907
1806,83,scene_3.1,scene_3.1_y03,3,6,37,96.184759482,10.696959072,-311.923489949,180.0,0.0,-25.0,False,False,1.040019907,1.040019907
1807,84,scene_3.1,scene_3.1_y03,3,6,36,96.184759482,10.696959072,-312.963509856,180.0,0.0,-25.0,True,False,1.040019907,1.040019907
1808,85,scene_3.1,scene_3.1_y03,3,6,35,96.184759482,10.696959072,-314.003529762,180.0,0.0,-25.0,False,False,1.040019907,1.040019907
1809,86,scene_3.1,scene_3.1_y03,3,6,34,96.184759482,10.696959072,-315.043549669,180.0,0.0,-25.0,False,False,1.040019907,1.040019907
1810,87,scene_3.1,scene_3.1_y03,3,6,33,96.184759482,10.696959072,-316.083569576,180.0,0.0,-25.0,True,False,1.040019907,1.040019907
1811,88,scene_3.1,scene_3.1_y03,3,6,32,96.184759482,10.696959072,-317.123589482,180.0,0.0,-25.0,False,False,1.040019907,1.040019907
1812,89,scene_3.1,scene_3.1_y03,3,6,31,96.184759482,10.696959072,-318.163609389,180.0,0.0,-25.0,False,False,1.040019907,1.040019907
1813,90,scene_3.1,scene_3.1_y03,3,6,30,96.184759482,10.696959072,-319.203629296,180.0,0.0,-25.0,True,False,1.040019907,1.040019907
1814,91,scene_3.1,scene_3.1_y03,3,6,29,96.184759482,10.696959072,-320.243649202,180.0,0.0,-25.0,False,False,1.040019907,1.040019907
1815,92,scene_3.1,scene_3.1_y03,3,6,28,96.184759482,10.696959072,-321.283669109,180.0,0.0,-25.0,False,False,1.040019907,1.040019907
1816,93,scene_3.1,scene_3.1_y03,3,6,27,96.184759482,10.696959072,-322.323689015,180.0,0.0,-25.0,True,False,1.040019907,1.040019907
1817,94,scene_3.1,scene_3.1_y03,3,6,26,96.184759482,10.696959072,-323.363708922,180.0,0.0,-25.0,False,False,1.040019907,1.040019907
1818,95,scene_3.1,scene_3.1_y03,3,6,25,96.184759482,10.696959072,-324.403728829,180.0,0.0,-25.0,False,False,1.040019907,1.040019907
1819,96,scene_3.1,scene_3.1_y03,3,6,24,96.184759482,10.696959072,-325.443748735,180.0,0.0,-25.0,True,False,1.040019907,1.040019907
1820,97,scene_3.1,scene_3.1_y03,3,6,23,96.184759482,10.696959072,-326.483768642,180.0,0.0,-25.0,False,False,1.040019907,1.040019907
1821,98,scene_3.1,scene_3.1_y03,3,6,22,96.184759482,10.696959072,-327.523788548,180.0,0.0,-25.0,False,False,1.040019907,1.040019907
1822,99,scene_3.1,scene_3.1_y03,3,6,21,96.184759482,10.696959072,-328.563808455,180.0,0.0,-25.0,True,False,1.040019907,1.040019907
1823,100,scene_3.1,scene_3.1_y03,3,6,20,96.184759482,10.696959072,-329.603828362,180.0,0.0,-25.0,False,False,1.040019907,1.040019907
1824,101,scene_3.1,scene_3.1_y03,3,6,19,96.184759482,10.696959072,-330.643848268,180.0,0.0,-25.0,False,False,1.040019907,1.040019907
1825,102,scene_3.1,scene_3.1_y03,3,6,18,96.184759482,10.696959072,-331.683868175,180.0,0.0,-25.0,True,False,1.040019907,1.040019907
1826,103,scene_3.1,scene_3.1_y03,3,6,17,96.184759482,10.696959072,-332.723888082,180.0,0.0,-25.0,False,False,1.040019907,1.040019907
1827,104,scene_3.1,scene_3.1_y03,3,6,16,96.184759482,10.696959072,-333.763907988,180.0,0.0,-25.0,False,False,1.040019907,1.040019907
1828,105,scene_3.1,scene_3.1_y03,3,6,15,96.184759482,10.696959072,-334.803927895,180.0,0.0,-25.0,True,False,1.040019907,1.040019907
1829,106,scene_3.1,scene_3.1_y03,3,6,14,96.184759482,10.696959072,-335.843947801,180.0,0.0,-25.0,False,False,1.040019907,1.040019907
1830,107,scene_3.1,scene_3.1_y03,3,6,13,96.184759482,10.696959072,-336.883967708,180.0,0.0,-25.0,False,False,1.040019907,1.040019907
1831,108,scene_3.1,scene_3.1_y03,3,6,12,96.184759482,10.696959072,-337.923987615,180.0,0.0,-25.0,True,False,1.040019907,1.040019907
1832,109,scene_3.1,scene_3.1_y03,3,6,11,96.184759482,10.696959072,-338.964007521,180.0,0.0,-25.0,False,False,1.040019907,1.040019907
1833,110,scene_3.1,scene_3.1_y03,3,6,10,96.184759482,10.696959072,-340.004027428,180.0,0.0,-25.0,False,False,1.040019907,1.040019907
1834,111,scene_3.1,scene_3.1_y03,3,6,9,96.184759482,10.696959072,-341.044047334,163.957026704,343.957026704,-25.0,True,False,1.040019907,1.442886885
1835,112,scene_3.1,scene_3.1_y03,3,-1,-1,96.583513175,10.696959072,-342.430740543,163.957026704,343.957026704,-25.0,False,True,1.442886885,1.442886885
1836,113,scene_3.1,scene_3.1_y03,3,-1,-1,96.982266868,10.696959072,-343.817433752,163.957026704,343.957026704,-25.0,False,True,1.442886885,1.442886885
1837,114,scene_3.1,scene_3.1_y03,3,7,5,97.381020561,10.696959072,-345.204126961,0.0,180.0,-25.0,False,False,1.442886885,1.040019907
1838,115,scene_3.1,scene_3.1_y03,3,7,6,97.381020561,10.696959072,-344.164107054,0.0,180.0,-25.0,False,False,1.040019907,1.040019907
1839,116,scene_3.1,scene_3.1_y03,3,7,7,97.381020561,10.696959072,-343.124087148,0.0,180.0,-25.0,False,False,1.040019907,1.040019907
1840,117,scene_3.1,scene_3.1_y03,3,7,8,97.381020561,10.696959072,-342.084067241,0.0,180.0,-25.0,False,False,1.040019907,1.040019907
1841,118,scene_3.1,scene_3.1_y03,3,7,9,97.381020561,10.696959072,-341.044047334,0.0,180.0,-25.0,False,False,1.040019907,1.040019907
1842,119,scene_3.1,scene_3.1_y03,3,7,10,97.381020561,10.696959072,-340.004027428,0.0,180.0,-25.0,False,False,1.040019907,1.040019907
1843,120,scene_3.1,scene_3.1_y03,3,7,11,97.381020561,10.696959072,-338.964007521,0.0,180.0,-25.0,False,False,1.040019907,1.040019907
1844,121,scene_3.1,scene_3.1_y03,3,7,12,97.381020561,10.696959072,-337.923987615,0.0,180.0,-25.0,False,False,1.040019907,1.040019907
1845,122,scene_3.1,scene_3.1_y03,3,7,13,97.381020561,10.696959072,-336.883967708,0.0,180.0,-25.0,False,False,1.040019907,1.040019907
1846,123,scene_3.1,scene_3.1_y03,3,7,14,97.381020561,10.696959072,-335.843947801,0.0,180.0,-25.0,False,False,1.040019907,1.040019907
1847,124,scene_3.1,scene_3.1_y03,3,7,15,97.381020561,10.696959072,-334.803927895,0.0,180.0,-25.0,False,False,1.040019907,1.040019907
1848,125,scene_3.1,scene_3.1_y03,3,7,16,97.381020561,10.696959072,-333.763907988,0.0,180.0,-25.0,False,False,1.040019907,1.040019907
1849,126,scene_3.1,scene_3.1_y03,3,7,17,97.381020561,10.696959072,-332.723888082,0.0,180.0,-25.0,False,False,1.040019907,1.040019907
1850,127,scene_3.1,scene_3.1_y03,3,7,18,97.381020561,10.696959072,-331.683868175,0.0,180.0,-25.0,False,False,1.040019907,1.040019907
1851,128,scene_3.1,scene_3.1_y03,3,7,19,97.381020561,10.696959072,-330.643848268,0.0,180.0,-25.0,False,False,1.040019907,1.040019907
1852,129,scene_3.1,scene_3.1_y03,3,7,20,97.381020561,10.696959072,-329.603828362,0.0,180.0,-25.0,False,False,1.040019907,1.040019907
1853,130,scene_3.1,scene_3.1_y03,3,7,21,97.381020561,10.696959072,-328.563808455,0.0,180.0,-25.0,False,False,1.040019907,1.040019907
1854,131,scene_3.1,scene_3.1_y03,3,7,22,97.381020561,10.696959072,-327.523788548,0.0,180.0,-25.0,False,False,1.040019907,1.040019907
1855,132,scene_3.1,scene_3.1_y03,3,7,23,97.381020561,10.696959072,-326.483768642,0.0,180.0,-25.0,False,False,1.040019907,1.040019907
1856,133,scene_3.1,scene_3.1_y03,3,7,24,97.381020561,10.696959072,-325.443748735,0.0,180.0,-25.0,False,False,1.040019907,1.040019907
1857,134,scene_3.1,scene_3.1_y03,3,7,25,97.381020561,10.696959072,-324.403728829,0.0,180.0,-25.0,False,False,1.040019907,1.040019907
1858,135,scene_3.1,scene_3.1_y03,3,7,26,97.381020561,10.696959072,-323.363708922,0.0,180.0,-25.0,False,False,1.040019907,1.040019907
1859,136,scene_3.1,scene_3.1_y03,3,7,27,97.381020561,10.696959072,-322.323689015,0.0,180.0,-25.0,False,False,1.040019907,1.040019907
1860,137,scene_3.1,scene_3.1_y03,3,7,28,97.381020561,10.696959072,-321.283669109,0.0,180.0,-25.0,False,False,1.040019907,1.040019907
1861,138,scene_3.1,scene_3.1_y03,3,7,29,97.381020561,10.696959072,-320.243649202,0.0,180.0,-25.0,False,False,1.040019907,1.040019907
1862,139,scene_3.1,scene_3.1_y03,3,7,30,97.381020561,10.696959072,-319.203629296,0.0,180.0,-25.0,False,False,1.040019907,1.040019907
1863,140,scene_3.1,scene_3.1_y03,3,7,31,97.381020561,10.696959072,-318.163609389,0.0,180.0,-25.0,False,False,1.040019907,1.040019907
1864,141,scene_3.1,scene_3.1_y03,3,7,32,97.381020561,10.696959072,-317.123589482,0.0,180.0,-25.0,False,False,1.040019907,1.040019907
1865,142,scene_3.1,scene_3.1_y03,3,7,33,97.381020561,10.696959072,-316.083569576,0.0,180.0,-25.0,False,False,1.040019907,1.040019907
1866,143,scene_3.1,scene_3.1_y03,3,7,34,97.381020561,10.696959072,-315.043549669,0.0,180.0,-25.0,False,False,1.040019907,1.040019907
1867,144,scene_3.1,scene_3.1_y03,3,7,35,97.381020561,10.696959072,-314.003529762,0.0,180.0,-25.0,False,False,1.040019907,1.040019907
1868,145,scene_3.1,scene_3.1_y03,3,7,36,97.381020561,10.696959072,-312.963509856,0.0,180.0,-25.0,False,False,1.040019907,1.040019907
1869,146,scene_3.1,scene_3.1_y03,3,7,37,97.381020561,10.696959072,-311.923489949,0.0,180.0,-25.0,False,False,1.040019907,1.040019907
1870,147,scene_3.1,scene_3.1_y03,3,7,38,97.381020561,10.696959072,-310.883470043,90.0,270.0,-25.0,False,False,1.040019907,1.196261079
1871,148,scene_3.1,scene_3.1_y03,3,8,38,98.577281641,10.696959072,-310.883470043,180.0,0.0,-25.0,False,False,1.196261079,1.040019907
1872,149,scene_3.1,scene_3.1_y03,3,8,37,98.577281641,10.696959072,-311.923489949,180.0,0.0,-25.0,False,False,1.040019907,1.040019907
1873,150,scene_3.1,scene_3.1_y03,3,8,36,98.577281641,10.696959072,-312.963509856,180.0,0.0,-25.0,False,False,1.040019907,1.040019907
1874,151,scene_3.1,scene_3.1_y03,3,8,35,98.577281641,10.696959072,-314.003529762,180.0,0.0,-25.0,False,False,1.040019907,1.040019907
1875,152,scene_3.1,scene_3.1_y03,3,8,34,98.577281641,10.696959072,-315.043549669,180.0,0.0,-25.0,False,False,1.040019907,1.040019907
1876,153,scene_3.1,scene_3.1_y03,3,8,33,98.577281641,10.696959072,-316.083569576,180.0,0.0,-25.0,False,False,1.040019907,1.040019907
1877,154,scene_3.1,scene_3.1_y03,3,8,32,98.577281641,10.696959072,-317.123589482,180.0,0.0,-25.0,False,False,1.040019907,1.040019907
1878,155,scene_3.1,scene_3.1_y03,3,8,31,98.577281641,10.696959072,-318.163609389,180.0,0.0,-25.0,False,False,1.040019907,1.040019907
1879,156,scene_3.1,scene_3.1_y03,3,8,30,98.577281641,10.696959072,-319.203629296,180.0,0.0,-25.0,False,False,1.040019907,1.040019907
1880,157,scene_3.1,scene_3.1_y03,3,8,29,98.577281641,10.696959072,-320.243649202,180.0,0.0,-25.0,False,False,1.040019907,1.040019907
1881,158,scene_3.1,scene_3.1_y03,3,8,28,98.577281641,10.696959072,-321.283669109,180.0,0.0,-25.0,False,False,1.040019907,1.040019907
1882,159,scene_3.1,scene_3.1_y03,3,8,27,98.577281641,10.696959072,-322.323689015,180.0,0.0,-25.0,False,False,1.040019907,1.040019907
1883,160,scene_3.1,scene_3.1_y03,3,8,26,98.577281641,10.696959072,-323.363708922,180.0,0.0,-25.0,False,False,1.040019907,1.040019907
1884,161,scene_3.1,scene_3.1_y03,3,8,25,98.577281641,10.696959072,-324.403728829,180.0,0.0,-25.0,False,False,1.040019907,1.040019907
1885,162,scene_3.1,scene_3.1_y03,3,8,24,98.577281641,10.696959072,-325.443748735,180.0,0.0,-25.0,False,False,1.040019907,1.040019907
1886,163,scene_3.1,scene_3.1_y03,3,8,23,98.577281641,10.696959072,-326.483768642,180.0,0.0,-25.0,False,False,1.040019907,1.040019907
1887,164,scene_3.1,scene_3.1_y03,3,8,22,98.577281641,10.696959072,-327.523788548,180.0,0.0,-25.0,False,False,1.040019907,1.040019907
1888,165,scene_3.1,scene_3.1_y03,3,8,21,98.577281641,10.696959072,-328.563808455,180.0,0.0,-25.0,False,False,1.040019907,1.040019907
1889,166,scene_3.1,scene_3.1_y03,3,8,20,98.577281641,10.696959072,-329.603828362,180.0,0.0,-25.0,False,False,1.040019907,1.040019907
1890,167,scene_3.1,scene_3.1_y03,3,8,19,98.577281641,10.696959072,-330.643848268,180.0,0.0,-25.0,False,False,1.040019907,1.040019907
1891,168,scene_3.1,scene_3.1_y03,3,8,18,98.577281641,10.696959072,-331.683868175,180.0,0.0,-25.0,False,False,1.040019907,1.040019907
1892,169,scene_3.1,scene_3.1_y03,3,8,17,98.577281641,10.696959072,-332.723888082,180.0,0.0,-25.0,False,False,1.040019907,1.040019907
1893,170,scene_3.1,scene_3.1_y03,3,8,16,98.577281641,10.696959072,-333.763907988,180.0,0.0,-25.0,False,False,1.040019907,1.040019907
1894,171,scene_3.1,scene_3.1_y03,3,8,15,98.577281641,10.696959072,-334.803927895,180.0,0.0,-25.0,False,False,1.040019907,1.040019907
1895,172,scene_3.1,scene_3.1_y03,3,8,14,98.577281641,10.696959072,-335.843947801,180.0,0.0,-25.0,False,False,1.040019907,1.040019907
1896,173,scene_3.1,scene_3.1_y03,3,8,13,98.577281641,10.696959072,-336.883967708,180.0,0.0,-25.0,False,False,1.040019907,1.040019907
1897,174,scene_3.1,scene_3.1_y03,3,8,12,98.577281641,10.696959072,-337.923987615,180.0,0.0,-25.0,False,False,1.040019907,1.040019907
1898,175,scene_3.1,scene_3.1_y03,3,8,11,98.577281641,10.696959072,-338.964007521,180.0,0.0,-25.0,False,False,1.040019907,1.040019907
1899,176,scene_3.1,scene_3.1_y03,3,8,10,98.577281641,10.696959072,-340.004027428,180.0,0.0,-25.0,False,False,1.040019907,1.040019907
1900,177,scene_3.1,scene_3.1_y03,3,8,9,98.577281641,10.696959072,-341.044047334,180.0,0.0,-25.0,False,False,1.040019907,1.040019907
1901,178,scene_3.1,scene_3.1_y03,3,8,8,98.577281641,10.696959072,-342.084067241,180.0,0.0,-25.0,False,False,1.040019907,1.040019907
1902,179,scene_3.1,scene_3.1_y03,3,8,7,98.577281641,10.696959072,-343.124087148,180.0,0.0,-25.0,False,False,1.040019907,1.040019907
1903,180,scene_3.1,scene_3.1_y03,3,8,6,98.577281641,10.696959072,-344.164107054,180.0,0.0,-25.0,False,False,1.040019907,1.040019907
1904,181,scene_3.1,scene_3.1_y03,3,8,5,98.577281641,10.696959072,-345.204126961,180.0,0.0,-25.0,False,False,1.040019907,1.040019907
1905,182,scene_3.1,scene_3.1_y03,3,8,4,98.577281641,10.696959072,-346.244146868,180.0,0.0,-25.0,False,False,1.040019907,1.040019907
1906,183,scene_3.1,scene_3.1_y03,3,8,3,98.577281641,10.696959072,-347.284166774,180.0,0.0,-25.0,False,False,1.040019907,1.040019907
1907,184,scene_3.1,scene_3.1_y03,3,8,2,98.577281641,10.696959072,-348.324186681,180.0,0.0,-25.0,False,False,1.040019907,1.040019907
1908,185,scene_3.1,scene_3.1_y03,3,8,1,98.577281641,10.696959072,-349.364206587,131.003437619,311.003437619,-25.0,False,False,1.040019907,1.58514415
1909,186,scene_3.1,scene_3.1_y03,3,9,0,99.77354272,10.696959072,-350.404226494,0.0,180.0,-25.0,True,False,1.58514415,1.040019907
1910,187,scene_3.1,scene_3.1_y03,3,9,1,99.77354272,10.696959072,-349.364206587,0.0,180.0,-25.0,False,False,1.040019907,1.040019907
1911,188,scene_3.1,scene_3.1_y03,3,9,2,99.77354272,10.696959072,-348.324186681,0.0,180.0,-25.0,False,False,1.040019907,1.040019907
1912,189,scene_3.1,scene_3.1_y03,3,9,3,99.77354272,10.696959072,-347.284166774,0.0,180.0,-25.0,True,False,1.040019907,1.040019907
1913,190,scene_3.1,scene_3.1_y03,3,9,4,99.77354272,10.696959072,-346.244146868,0.0,180.0,-25.0,False,False,1.040019907,1.040019907
1914,191,scene_3.1,scene_3.1_y03,3,9,5,99.77354272,10.696959072,-345.204126961,0.0,180.0,-25.0,False,False,1.040019907,1.040019907
1915,192,scene_3.1,scene_3.1_y03,3,9,6,99.77354272,10.696959072,-344.164107054,0.0,180.0,-25.0,True,False,1.040019907,1.040019907
1916,193,scene_3.1,scene_3.1_y03,3,9,7,99.77354272,10.696959072,-343.124087148,0.0,180.0,-25.0,False,False,1.040019907,1.040019907
1917,194,scene_3.1,scene_3.1_y03,3,9,8,99.77354272,10.696959072,-342.084067241,0.0,180.0,-25.0,False,False,1.040019907,1.040019907
1918,195,scene_3.1,scene_3.1_y03,3,9,9,99.77354272,10.696959072,-341.044047334,0.0,180.0,-25.0,True,False,1.040019907,1.040019907
1919,196,scene_3.1,scene_3.1_y03,3,9,10,99.77354272,10.696959072,-340.004027428,0.0,180.0,-25.0,False,False,1.040019907,1.040019907
1920,197,scene_3.1,scene_3.1_y03,3,9,11,99.77354272,10.696959072,-338.964007521,0.0,180.0,-25.0,False,False,1.040019907,1.040019907
1921,198,scene_3.1,scene_3.1_y03,3,9,12,99.77354272,10.696959072,-337.923987615,0.0,180.0,-25.0,True,False,1.040019907,1.040019907
1922,199,scene_3.1,scene_3.1_y03,3,9,13,99.77354272,10.696959072,-336.883967708,0.0,180.0,-25.0,False,False,1.040019907,1.040019907
1923,200,scene_3.1,scene_3.1_y03,3,9,14,99.77354272,10.696959072,-335.843947801,0.0,180.0,-25.0,False,False,1.040019907,1.040019907
1924,201,scene_3.1,scene_3.1_y03,3,9,15,99.77354272,10.696959072,-334.803927895,0.0,180.0,-25.0,True,False,1.040019907,1.040019907
1925,202,scene_3.1,scene_3.1_y03,3,9,16,99.77354272,10.696959072,-333.763907988,0.0,180.0,-25.0,False,False,1.040019907,1.040019907
1926,203,scene_3.1,scene_3.1_y03,3,9,17,99.77354272,10.696959072,-332.723888082,0.0,180.0,-25.0,False,False,1.040019907,1.040019907
1927,204,scene_3.1,scene_3.1_y03,3,9,18,99.77354272,10.696959072,-331.683868175,0.0,180.0,-25.0,True,False,1.040019907,1.040019907
1928,205,scene_3.1,scene_3.1_y03,3,9,19,99.77354272,10.696959072,-330.643848268,0.0,180.0,-25.0,False,False,1.040019907,1.040019907
1929,206,scene_3.1,scene_3.1_y03,3,9,20,99.77354272,10.696959072,-329.603828362,0.0,180.0,-25.0,False,False,1.040019907,1.040019907
1930,207,scene_3.1,scene_3.1_y03,3,9,21,99.77354272,10.696959072,-328.563808455,0.0,180.0,-25.0,True,False,1.040019907,1.040019907
1931,208,scene_3.1,scene_3.1_y03,3,9,22,99.77354272,10.696959072,-327.523788548,0.0,180.0,-25.0,False,False,1.040019907,1.040019907
1932,209,scene_3.1,scene_3.1_y03,3,9,23,99.77354272,10.696959072,-326.483768642,0.0,180.0,-25.0,False,False,1.040019907,1.040019907
1933,210,scene_3.1,scene_3.1_y03,3,9,24,99.77354272,10.696959072,-325.443748735,0.0,180.0,-25.0,True,False,1.040019907,1.040019907
1934,211,scene_3.1,scene_3.1_y03,3,9,25,99.77354272,10.696959072,-324.403728829,0.0,180.0,-25.0,False,False,1.040019907,1.040019907
1935,212,scene_3.1,scene_3.1_y03,3,9,26,99.77354272,10.696959072,-323.363708922,0.0,180.0,-25.0,False,False,1.040019907,1.040019907
1936,213,scene_3.1,scene_3.1_y03,3,9,27,99.77354272,10.696959072,-322.323689015,0.0,180.0,-25.0,True,False,1.040019907,1.040019907
1937,214,scene_3.1,scene_3.1_y03,3,9,28,99.77354272,10.696959072,-321.283669109,0.0,180.0,-25.0,False,False,1.040019907,1.040019907
1938,215,scene_3.1,scene_3.1_y03,3,9,29,99.77354272,10.696959072,-320.243649202,0.0,180.0,-25.0,False,False,1.040019907,1.040019907
1939,216,scene_3.1,scene_3.1_y03,3,9,30,99.77354272,10.696959072,-319.203629296,0.0,180.0,-25.0,True,False,1.040019907,1.040019907
1940,217,scene_3.1,scene_3.1_y03,3,9,31,99.77354272,10.696959072,-318.163609389,0.0,180.0,-25.0,False,False,1.040019907,1.040019907
1941,218,scene_3.1,scene_3.1_y03,3,9,32,99.77354272,10.696959072,-317.123589482,0.0,180.0,-25.0,False,False,1.040019907,1.040019907
1942,219,scene_3.1,scene_3.1_y03,3,9,33,99.77354272,10.696959072,-316.083569576,0.0,180.0,-25.0,True,False,1.040019907,1.040019907
1943,220,scene_3.1,scene_3.1_y03,3,9,34,99.77354272,10.696959072,-315.043549669,0.0,180.0,-25.0,False,False,1.040019907,1.040019907
1944,221,scene_3.1,scene_3.1_y03,3,9,35,99.77354272,10.696959072,-314.003529762,0.0,180.0,-25.0,False,False,1.040019907,1.040019907
1945,222,scene_3.1,scene_3.1_y03,3,9,36,99.77354272,10.696959072,-312.963509856,0.0,180.0,-25.0,True,False,1.040019907,1.040019907
1946,223,scene_3.1,scene_3.1_y03,3,9,37,99.77354272,10.696959072,-311.923489949,0.0,180.0,-25.0,False,False,1.040019907,1.040019907
1947,224,scene_3.1,scene_3.1_y03,3,9,38,99.77354272,10.696959072,-310.883470043,90.0,270.0,-25.0,False,False,1.040019907,1.196261079
1948,225,scene_3.1,scene_3.1_y03,3,10,38,100.969803799,10.696959072,-310.883470043,180.0,0.0,-25.0,False,False,1.196261079,1.040019907
1949,226,scene_3.1,scene_3.1_y03,3,10,37,100.969803799,10.696959072,-311.923489949,180.0,0.0,-25.0,False,False,1.040019907,1.040019907
1950,227,scene_3.1,scene_3.1_y03,3,10,36,100.969803799,10.696959072,-312.963509856,180.0,0.0,-25.0,False,False,1.040019907,1.040019907
1951,228,scene_3.1,scene_3.1_y03,3,10,35,100.969803799,10.696959072,-314.003529762,180.0,0.0,-25.0,False,False,1.040019907,1.040019907
1952,229,scene_3.1,scene_3.1_y03,3,10,34,100.969803799,10.696959072,-315.043549669,180.0,0.0,-25.0,False,False,1.040019907,1.040019907
1953,230,scene_3.1,scene_3.1_y03,3,10,33,100.969803799,10.696959072,-316.083569576,180.0,0.0,-25.0,False,False,1.040019907,1.040019907
1954,231,scene_3.1,scene_3.1_y03,3,10,32,100.969803799,10.696959072,-317.123589482,180.0,0.0,-25.0,False,False,1.040019907,1.040019907
1955,232,scene_3.1,scene_3.1_y03,3,10,31,100.969803799,10.696959072,-318.163609389,180.0,0.0,-25.0,False,False,1.040019907,1.040019907
1956,233,scene_3.1,scene_3.1_y03,3,10,30,100.969803799,10.696959072,-319.203629296,180.0,0.0,-25.0,False,False,1.040019907,1.040019907
1957,234,scene_3.1,scene_3.1_y03,3,10,29,100.969803799,10.696959072,-320.243649202,180.0,0.0,-25.0,False,False,1.040019907,1.040019907
1958,235,scene_3.1,scene_3.1_y03,3,10,28,100.969803799,10.696959072,-321.283669109,180.0,0.0,-25.0,False,False,1.040019907,1.040019907
1959,236,scene_3.1,scene_3.1_y03,3,10,27,100.969803799,10.696959072,-322.323689015,180.0,0.0,-25.0,False,False,1.040019907,1.040019907
1960,237,scene_3.1,scene_3.1_y03,3,10,26,100.969803799,10.696959072,-323.363708922,180.0,0.0,-25.0,False,False,1.040019907,1.040019907
1961,238,scene_3.1,scene_3.1_y03,3,10,25,100.969803799,10.696959072,-324.403728829,180.0,0.0,-25.0,False,False,1.040019907,1.040019907
1962,239,scene_3.1,scene_3.1_y03,3,10,24,100.969803799,10.696959072,-325.443748735,180.0,0.0,-25.0,False,False,1.040019907,1.040019907
1963,240,scene_3.1,scene_3.1_y03,3,10,23,100.969803799,10.696959072,-326.483768642,180.0,0.0,-25.0,False,False,1.040019907,1.040019907
1964,241,scene_3.1,scene_3.1_y03,3,10,22,100.969803799,10.696959072,-327.523788548,180.0,0.0,-25.0,False,False,1.040019907,1.040019907
1965,242,scene_3.1,scene_3.1_y03,3,10,21,100.969803799,10.696959072,-328.563808455,180.0,0.0,-25.0,False,False,1.040019907,1.040019907
1966,243,scene_3.1,scene_3.1_y03,3,10,20,100.969803799,10.696959072,-329.603828362,180.0,0.0,-25.0,False,False,1.040019907,1.040019907
1967,244,scene_3.1,scene_3.1_y03,3,10,19,100.969803799,10.696959072,-330.643848268,180.0,0.0,-25.0,False,False,1.040019907,1.040019907
1968,245,scene_3.1,scene_3.1_y03,3,10,18,100.969803799,10.696959072,-331.683868175,180.0,0.0,-25.0,False,False,1.040019907,1.040019907
1969,246,scene_3.1,scene_3.1_y03,3,10,17,100.969803799,10.696959072,-332.723888082,180.0,0.0,-25.0,False,False,1.040019907,1.040019907
1970,247,scene_3.1,scene_3.1_y03,3,10,16,100.969803799,10.696959072,-333.763907988,180.0,0.0,-25.0,False,False,1.040019907,1.040019907
1971,248,scene_3.1,scene_3.1_y03,3,10,15,100.969803799,10.696959072,-334.803927895,180.0,0.0,-25.0,False,False,1.040019907,1.040019907
1972,249,scene_3.1,scene_3.1_y03,3,10,14,100.969803799,10.696959072,-335.843947801,180.0,0.0,-25.0,False,False,1.040019907,1.040019907
1973,250,scene_3.1,scene_3.1_y03,3,10,13,100.969803799,10.696959072,-336.883967708,180.0,0.0,-25.0,False,False,1.040019907,1.040019907
1974,251,scene_3.1,scene_3.1_y03,3,10,12,100.969803799,10.696959072,-337.923987615,180.0,0.0,-25.0,False,False,1.040019907,1.040019907
1975,252,scene_3.1,scene_3.1_y03,3,10,11,100.969803799,10.696959072,-338.964007521,180.0,0.0,-25.0,False,False,1.040019907,1.040019907
1976,253,scene_3.1,scene_3.1_y03,3,10,10,100.969803799,10.696959072,-340.004027428,180.0,0.0,-25.0,False,False,1.040019907,1.040019907
1977,254,scene_3.1,scene_3.1_y03,3,10,9,100.969803799,10.696959072,-341.044047334,180.0,0.0,-25.0,False,False,1.040019907,1.040019907
1978,255,scene_3.1,scene_3.1_y03,3,10,8,100.969803799,10.696959072,-342.084067241,180.0,0.0,-25.0,False,False,1.040019907,1.040019907
1979,256,scene_3.1,scene_3.1_y03,3,10,7,100.969803799,10.696959072,-343.124087148,180.0,0.0,-25.0,False,False,1.040019907,1.040019907
1980,257,scene_3.1,scene_3.1_y03,3,10,6,100.969803799,10.696959072,-344.164107054,180.0,0.0,-25.0,False,False,1.040019907,1.040019907
1981,258,scene_3.1,scene_3.1_y03,3,10,5,100.969803799,10.696959072,-345.204126961,180.0,0.0,-25.0,False,False,1.040019907,1.040019907
1982,259,scene_3.1,scene_3.1_y03,3,10,4,100.969803799,10.696959072,-346.244146868,180.0,0.0,-25.0,False,False,1.040019907,1.040019907
1983,260,scene_3.1,scene_3.1_y03,3,10,3,100.969803799,10.696959072,-347.284166774,180.0,0.0,-25.0,False,False,1.040019907,1.040019907
1984,261,scene_3.1,scene_3.1_y03,3,10,2,100.969803799,10.696959072,-348.324186681,180.0,0.0,-25.0,False,False,1.040019907,1.040019907
1985,262,scene_3.1,scene_3.1_y03,3,10,1,100.969803799,10.696959072,-349.364206587,180.0,0.0,-25.0,False,False,1.040019907,1.040019907
1986,263,scene_3.1,scene_3.1_y03,3,10,0,100.969803799,10.696959072,-350.404226494,90.0,270.0,-25.0,False,False,1.040019907,1.196261079
1987,264,scene_3.1,scene_3.1_y03,3,11,0,102.166064878,10.696959072,-350.404226494,0.0,180.0,-25.0,False,False,1.196261079,1.040019907
1988,265,scene_3.1,scene_3.1_y03,3,11,1,102.166064878,10.696959072,-349.364206587,0.0,180.0,-25.0,False,False,1.040019907,1.040019907
1989,266,scene_3.1,scene_3.1_y03,3,11,2,102.166064878,10.696959072,-348.324186681,0.0,180.0,-25.0,False,False,1.040019907,1.040019907
1990,267,scene_3.1,scene_3.1_y03,3,11,3,102.166064878,10.696959072,-347.284166774,0.0,180.0,-25.0,False,False,1.040019907,1.040019907
1991,268,scene_3.1,scene_3.1_y03,3,11,4,102.166064878,10.696959072,-346.244146868,0.0,180.0,-25.0,False,False,1.040019907,1.040019907
1992,269,scene_3.1,scene_3.1_y03,3,11,5,102.166064878,10.696959072,-345.204126961,0.0,180.0,-25.0,False,False,1.040019907,1.040019907
1993,270,scene_3.1,scene_3.1_y03,3,11,6,102.166064878,10.696959072,-344.164107054,0.0,180.0,-25.0,False,False,1.040019907,1.040019907
1994,271,scene_3.1,scene_3.1_y03,3,11,7,102.166064878,10.696959072,-343.124087148,0.0,180.0,-25.0,False,False,1.040019907,1.040019907
1995,272,scene_3.1,scene_3.1_y03,3,11,8,102.166064878,10.696959072,-342.084067241,0.0,180.0,-25.0,False,False,1.040019907,1.040019907
1996,273,scene_3.1,scene_3.1_y03,3,11,9,102.166064878,10.696959072,-341.044047334,0.0,180.0,-25.0,False,False,1.040019907,1.040019907
1997,274,scene_3.1,scene_3.1_y03,3,11,10,102.166064878,10.696959072,-340.004027428,0.0,180.0,-25.0,False,False,1.040019907,1.040019907
1998,275,scene_3.1,scene_3.1_y03,3,11,11,102.166064878,10.696959072,-338.964007521,0.0,180.0,-25.0,False,False,1.040019907,1.040019907
1999,276,scene_3.1,scene_3.1_y03,3,11,12,102.166064878,10.696959072,-337.923987615,0.0,180.0,-25.0,False,False,1.040019907,1.040019907
2000,277,scene_3.1,scene_3.1_y03,3,11,13,102.166064878,10.696959072,-336.883967708,0.0,180.0,-25.0,False,False,1.040019907,1.040019907
2001,278,scene_3.1,scene_3.1_y03,3,11,14,102.166064878,10.696959072,-335.843947801,0.0,180.0,-25.0,False,False,1.040019907,1.040019907
2002,279,scene_3.1,scene_3.1_y03,3,11,15,102.166064878,10.696959072,-334.803927895,0.0,180.0,-25.0,False,False,1.040019907,1.040019907
2003,280,scene_3.1,scene_3.1_y03,3,11,16,102.166064878,10.696959072,-333.763907988,0.0,180.0,-25.0,False,False,1.040019907,1.040019907
2004,281,scene_3.1,scene_3.1_y03,3,11,17,102.166064878,10.696959072,-332.723888082,0.0,180.0,-25.0,False,False,1.040019907,1.040019907
2005,282,scene_3.1,scene_3.1_y03,3,11,18,102.166064878,10.696959072,-331.683868175,0.0,180.0,-25.0,False,False,1.040019907,1.040019907
2006,283,scene_3.1,scene_3.1_y03,3,11,19,102.166064878,10.696959072,-330.643848268,0.0,180.0,-25.0,False,False,1.040019907,1.040019907
2007,284,scene_3.1,scene_3.1_y03,3,11,20,102.166064878,10.696959072,-329.603828362,0.0,180.0,-25.0,False,False,1.040019907,1.040019907
2008,285,scene_3.1,scene_3.1_y03,3,11,21,102.166064878,10.696959072,-328.563808455,0.0,180.0,-25.0,False,False,1.040019907,1.040019907
2009,286,scene_3.1,scene_3.1_y03,3,11,22,102.166064878,10.696959072,-327.523788548,0.0,180.0,-25.0,False,False,1.040019907,1.040019907
2010,287,scene_3.1,scene_3.1_y03,3,11,23,102.166064878,10.696959072,-326.483768642,0.0,180.0,-25.0,False,False,1.040019907,1.040019907
2011,288,scene_3.1,scene_3.1_y03,3,11,24,102.166064878,10.696959072,-325.443748735,0.0,180.0,-25.0,False,False,1.040019907,1.040019907
2012,289,scene_3.1,scene_3.1_y03,3,11,25,102.166064878,10.696959072,-324.403728829,0.0,180.0,-25.0,False,False,1.040019907,1.040019907
2013,290,scene_3.1,scene_3.1_y03,3,11,26,102.166064878,10.696959072,-323.363708922,0.0,180.0,-25.0,False,False,1.040019907,1.040019907
2014,291,scene_3.1,scene_3.1_y03,3,11,27,102.166064878,10.696959072,-322.323689015,0.0,180.0,-25.0,False,False,1.040019907,1.040019907
2015,292,scene_3.1,scene_3.1_y03,3,11,28,102.166064878,10.696959072,-321.283669109,0.0,180.0,-25.0,False,False,1.040019907,1.040019907
2016,293,scene_3.1,scene_3.1_y03,3,11,29,102.166064878,10.696959072,-320.243649202,0.0,180.0,-25.0,False,False,1.040019907,1.040019907
2017,294,scene_3.1,scene_3.1_y03,3,11,30,102.166064878,10.696959072,-319.203629296,0.0,180.0,-25.0,False,False,1.040019907,1.040019907
2018,295,scene_3.1,scene_3.1_y03,3,11,31,102.166064878,10.696959072,-318.163609389,0.0,180.0,-25.0,False,False,1.040019907,1.040019907
2019,296,scene_3.1,scene_3.1_y03,3,11,32,102.166064878,10.696959072,-317.123589482,0.0,180.0,-25.0,False,False,1.040019907,1.040019907
2020,297,scene_3.1,scene_3.1_y03,3,11,33,102.166064878,10.696959072,-316.083569576,0.0,180.0,-25.0,False,False,1.040019907,1.040019907
2021,298,scene_3.1,scene_3.1_y03,3,11,34,102.166064878,10.696959072,-315.043549669,0.0,180.0,-25.0,False,False,1.040019907,1.040019907
2022,299,scene_3.1,scene_3.1_y03,3,11,35,102.166064878,10.696959072,-314.003529762,0.0,180.0,-25.0,False,False,1.040019907,1.040019907
2023,300,scene_3.1,scene_3.1_y03,3,11,36,102.166064878,10.696959072,-312.963509856,0.0,180.0,-25.0,False,False,1.040019907,1.040019907
2024,301,scene_3.1,scene_3.1_y03,3,11,37,102.166064878,10.696959072,-311.923489949,0.0,180.0,-25.0,False,False,1.040019907,1.040019907
2025,302,scene_3.1,scene_3.1_y03,3,11,38,102.166064878,10.696959072,-310.883470043,90.0,270.0,-25.0,False,False,1.040019907,1.196261079
2026,303,scene_3.1,scene_3.1_y03,3,12,38,103.362325957,10.696959072,-310.883470043,180.0,0.0,-25.0,False,False,1.196261079,1.040019907
2027,304,scene_3.1,scene_3.1_y03,3,12,37,103.362325957,10.696959072,-311.923489949,180.0,0.0,-25.0,False,False,1.040019907,1.040019907
2028,305,scene_3.1,scene_3.1_y03,3,12,36,103.362325957,10.696959072,-312.963509856,180.0,0.0,-25.0,True,False,1.040019907,1.040019907
2029,306,scene_3.1,scene_3.1_y03,3,12,35,103.362325957,10.696959072,-314.003529762,180.0,0.0,-25.0,False,False,1.040019907,1.040019907
2030,307,scene_3.1,scene_3.1_y03,3,12,34,103.362325957,10.696959072,-315.043549669,180.0,0.0,-25.0,False,False,1.040019907,1.040019907
2031,308,scene_3.1,scene_3.1_y03,3,12,33,103.362325957,10.696959072,-316.083569576,180.0,0.0,-25.0,True,False,1.040019907,1.040019907
2032,309,scene_3.1,scene_3.1_y03,3,12,32,103.362325957,10.696959072,-317.123589482,180.0,0.0,-25.0,False,False,1.040019907,1.040019907
2033,310,scene_3.1,scene_3.1_y03,3,12,31,103.362325957,10.696959072,-318.163609389,180.0,0.0,-25.0,False,False,1.040019907,1.040019907
2034,311,scene_3.1,scene_3.1_y03,3,12,30,103.362325957,10.696959072,-319.203629296,180.0,0.0,-25.0,True,False,1.040019907,1.040019907
2035,312,scene_3.1,scene_3.1_y03,3,12,29,103.362325957,10.696959072,-320.243649202,180.0,0.0,-25.0,False,False,1.040019907,1.040019907
2036,313,scene_3.1,scene_3.1_y03,3,12,28,103.362325957,10.696959072,-321.283669109,180.0,0.0,-25.0,False,False,1.040019907,1.040019907
2037,314,scene_3.1,scene_3.1_y03,3,12,27,103.362325957,10.696959072,-322.323689015,180.0,0.0,-25.0,True,False,1.040019907,1.040019907
2038,315,scene_3.1,scene_3.1_y03,3,12,26,103.362325957,10.696959072,-323.363708922,180.0,0.0,-25.0,False,False,1.040019907,1.040019907
2039,316,scene_3.1,scene_3.1_y03,3,12,25,103.362325957,10.696959072,-324.403728829,180.0,0.0,-25.0,False,False,1.040019907,1.040019907
2040,317,scene_3.1,scene_3.1_y03,3,12,24,103.362325957,10.696959072,-325.443748735,180.0,0.0,-25.0,True,False,1.040019907,1.040019907
2041,318,scene_3.1,scene_3.1_y03,3,12,23,103.362325957,10.696959072,-326.483768642,180.0,0.0,-25.0,False,False,1.040019907,1.040019907
2042,319,scene_3.1,scene_3.1_y03,3,12,22,103.362325957,10.696959072,-327.523788548,180.0,0.0,-25.0,False,False,1.040019907,1.040019907
2043,320,scene_3.1,scene_3.1_y03,3,12,21,103.362325957,10.696959072,-328.563808455,180.0,0.0,-25.0,True,False,1.040019907,1.040019907
2044,321,scene_3.1,scene_3.1_y03,3,12,20,103.362325957,10.696959072,-329.603828362,180.0,0.0,-25.0,False,False,1.040019907,1.040019907
2045,322,scene_3.1,scene_3.1_y03,3,12,19,103.362325957,10.696959072,-330.643848268,180.0,0.0,-25.0,False,False,1.040019907,1.040019907
2046,323,scene_3.1,scene_3.1_y03,3,12,18,103.362325957,10.696959072,-331.683868175,180.0,0.0,-25.0,True,False,1.040019907,1.040019907
2047,324,scene_3.1,scene_3.1_y03,3,12,17,103.362325957,10.696959072,-332.723888082,180.0,0.0,-25.0,False,False,1.040019907,1.040019907
2048,325,scene_3.1,scene_3.1_y03,3,12,16,103.362325957,10.696959072,-333.763907988,180.0,0.0,-25.0,False,False,1.040019907,1.040019907
2049,326,scene_3.1,scene_3.1_y03,3,12,15,103.362325957,10.696959072,-334.803927895,180.0,0.0,-25.0,True,False,1.040019907,1.040019907
2050,327,scene_3.1,scene_3.1_y03,3,12,14,103.362325957,10.696959072,-335.843947801,180.0,0.0,-25.0,False,False,1.040019907,1.040019907
2051,328,scene_3.1,scene_3.1_y03,3,12,13,103.362325957,10.696959072,-336.883967708,180.0,0.0,-25.0,False,False,1.040019907,1.040019907
2052,329,scene_3.1,scene_3.1_y03,3,12,12,103.362325957,10.696959072,-337.923987615,180.0,0.0,-25.0,True,False,1.040019907,1.040019907
2053,330,scene_3.1,scene_3.1_y03,3,12,11,103.362325957,10.696959072,-338.964007521,180.0,0.0,-25.0,False,False,1.040019907,1.040019907
2054,331,scene_3.1,scene_3.1_y03,3,12,10,103.362325957,10.696959072,-340.004027428,180.0,0.0,-25.0,False,False,1.040019907,1.040019907
2055,332,scene_3.1,scene_3.1_y03,3,12,9,103.362325957,10.696959072,-341.044047334,180.0,0.0,-25.0,True,False,1.040019907,1.040019907
2056,333,scene_3.1,scene_3.1_y03,3,12,8,103.362325957,10.696959072,-342.084067241,180.0,0.0,-25.0,False,False,1.040019907,1.040019907
2057,334,scene_3.1,scene_3.1_y03,3,12,7,103.362325957,10.696959072,-343.124087148,180.0,0.0,-25.0,False,False,1.040019907,1.040019907
2058,335,scene_3.1,scene_3.1_y03,3,12,6,103.362325957,10.696959072,-344.164107054,180.0,0.0,-25.0,True,False,1.040019907,1.040019907
2059,336,scene_3.1,scene_3.1_y03,3,12,5,103.362325957,10.696959072,-345.204126961,180.0,0.0,-25.0,False,False,1.040019907,1.040019907
2060,337,scene_3.1,scene_3.1_y03,3,12,4,103.362325957,10.696959072,-346.244146868,180.0,0.0,-25.0,False,False,1.040019907,1.040019907
2061,338,scene_3.1,scene_3.1_y03,3,12,3,103.362325957,10.696959072,-347.284166774,180.0,0.0,-25.0,True,False,1.040019907,1.040019907
2062,339,scene_3.1,scene_3.1_y03,3,12,2,103.362325957,10.696959072,-348.324186681,180.0,0.0,-25.0,False,False,1.040019907,1.040019907
2063,340,scene_3.1,scene_3.1_y03,3,12,1,103.362325957,10.696959072,-349.364206587,180.0,0.0,-25.0,False,False,1.040019907,1.040019907
2064,341,scene_3.1,scene_3.1_y03,3,12,0,103.362325957,10.696959072,-350.404226494,90.0,270.0,-25.0,True,False,1.040019907,1.196261079
2065,342,scene_3.1,scene_3.1_y03,3,13,0,104.558587037,10.696959072,-350.404226494,0.0,180.0,-25.0,False,False,1.196261079,1.040019907
2066,343,scene_3.1,scene_3.1_y03,3,13,1,104.558587037,10.696959072,-349.364206587,0.0,180.0,-25.0,False,False,1.040019907,1.040019907
2067,344,scene_3.1,scene_3.1_y03,3,13,2,104.558587037,10.696959072,-348.324186681,0.0,180.0,-25.0,False,False,1.040019907,1.040019907
2068,345,scene_3.1,scene_3.1_y03,3,13,3,104.558587037,10.696959072,-347.284166774,0.0,180.0,-25.0,False,False,1.040019907,1.040019907
2069,346,scene_3.1,scene_3.1_y03,3,13,4,104.558587037,10.696959072,-346.244146868,0.0,180.0,-25.0,False,False,1.040019907,1.040019907
2070,347,scene_3.1,scene_3.1_y03,3,13,5,104.558587037,10.696959072,-345.204126961,0.0,180.0,-25.0,False,False,1.040019907,1.040019907
2071,348,scene_3.1,scene_3.1_y03,3,13,6,104.558587037,10.696959072,-344.164107054,0.0,180.0,-25.0,False,False,1.040019907,1.040019907
2072,349,scene_3.1,scene_3.1_y03,3,13,7,104.558587037,10.696959072,-343.124087148,0.0,180.0,-25.0,False,False,1.040019907,1.040019907
2073,350,scene_3.1,scene_3.1_y03,3,13,8,104.558587037,10.696959072,-342.084067241,0.0,180.0,-25.0,False,False,1.040019907,1.040019907
2074,351,scene_3.1,scene_3.1_y03,3,13,9,104.558587037,10.696959072,-341.044047334,0.0,180.0,-25.0,False,False,1.040019907,1.040019907
2075,352,scene_3.1,scene_3.1_y03,3,13,10,104.558587037,10.696959072,-340.004027428,0.0,180.0,-25.0,False,False,1.040019907,1.040019907
2076,353,scene_3.1,scene_3.1_y03,3,13,11,104.558587037,10.696959072,-338.964007521,0.0,180.0,-25.0,False,False,1.040019907,1.040019907
2077,354,scene_3.1,scene_3.1_y03,3,13,12,104.558587037,10.696959072,-337.923987615,0.0,180.0,-25.0,False,False,1.040019907,1.040019907
2078,355,scene_3.1,scene_3.1_y03,3,13,13,104.558587037,10.696959072,-336.883967708,0.0,180.0,-25.0,False,False,1.040019907,1.040019907
2079,356,scene_3.1,scene_3.1_y03,3,13,14,104.558587037,10.696959072,-335.843947801,0.0,180.0,-25.0,False,False,1.040019907,1.040019907
2080,357,scene_3.1,scene_3.1_y03,3,13,15,104.558587037,10.696959072,-334.803927895,0.0,180.0,-25.0,False,False,1.040019907,1.040019907
2081,358,scene_3.1,scene_3.1_y03,3,13,16,104.558587037,10.696959072,-333.763907988,0.0,180.0,-25.0,False,False,1.040019907,1.040019907
2082,359,scene_3.1,scene_3.1_y03,3,13,17,104.558587037,10.696959072,-332.723888082,0.0,180.0,-25.0,False,False,1.040019907,1.040019907
2083,360,scene_3.1,scene_3.1_y03,3,13,18,104.558587037,10.696959072,-331.683868175,0.0,180.0,-25.0,False,False,1.040019907,1.040019907
2084,361,scene_3.1,scene_3.1_y03,3,13,19,104.558587037,10.696959072,-330.643848268,0.0,180.0,-25.0,False,False,1.040019907,1.040019907
2085,362,scene_3.1,scene_3.1_y03,3,13,20,104.558587037,10.696959072,-329.603828362,0.0,180.0,-25.0,False,False,1.040019907,1.040019907
2086,363,scene_3.1,scene_3.1_y03,3,13,21,104.558587037,10.696959072,-328.563808455,0.0,180.0,-25.0,False,False,1.040019907,1.040019907
2087,364,scene_3.1,scene_3.1_y03,3,13,22,104.558587037,10.696959072,-327.523788548,0.0,180.0,-25.0,False,False,1.040019907,1.040019907
2088,365,scene_3.1,scene_3.1_y03,3,13,23,104.558587037,10.696959072,-326.483768642,0.0,180.0,-25.0,False,False,1.040019907,1.040019907
2089,366,scene_3.1,scene_3.1_y03,3,13,24,104.558587037,10.696959072,-325.443748735,0.0,180.0,-25.0,False,False,1.040019907,1.040019907
2090,367,scene_3.1,scene_3.1_y03,3,13,25,104.558587037,10.696959072,-324.403728829,0.0,180.0,-25.0,False,False,1.040019907,1.040019907
2091,368,scene_3.1,scene_3.1_y03,3,13,26,104.558587037,10.696959072,-323.363708922,0.0,180.0,-25.0,False,False,1.040019907,1.040019907
2092,369,scene_3.1,scene_3.1_y03,3,13,27,104.558587037,10.696959072,-322.323689015,0.0,180.0,-25.0,False,False,1.040019907,1.040019907
2093,370,scene_3.1,scene_3.1_y03,3,13,28,104.558587037,10.696959072,-321.283669109,0.0,180.0,-25.0,False,False,1.040019907,1.040019907
2094,371,scene_3.1,scene_3.1_y03,3,13,29,104.558587037,10.696959072,-320.243649202,0.0,180.0,-25.0,False,False,1.040019907,1.040019907
2095,372,scene_3.1,scene_3.1_y03,3,13,30,104.558587037,10.696959072,-319.203629296,0.0,180.0,-25.0,False,False,1.040019907,1.040019907
2096,373,scene_3.1,scene_3.1_y03,3,13,31,104.558587037,10.696959072,-318.163609389,0.0,180.0,-25.0,False,False,1.040019907,1.040019907
2097,374,scene_3.1,scene_3.1_y03,3,13,32,104.558587037,10.696959072,-317.123589482,0.0,180.0,-25.0,False,False,1.040019907,1.040019907
2098,375,scene_3.1,scene_3.1_y03,3,13,33,104.558587037,10.696959072,-316.083569576,0.0,180.0,-25.0,False,False,1.040019907,1.040019907
2099,376,scene_3.1,scene_3.1_y03,3,13,34,104.558587037,10.696959072,-315.043549669,0.0,180.0,-25.0,False,False,1.040019907,1.040019907
2100,377,scene_3.1,scene_3.1_y03,3,13,35,104.558587037,10.696959072,-314.003529762,0.0,180.0,-25.0,False,False,1.040019907,1.040019907
2101,378,scene_3.1,scene_3.1_y03,3,13,36,104.558587037,10.696959072,-312.963509856,0.0,180.0,-25.0,False,False,1.040019907,1.040019907
2102,379,scene_3.1,scene_3.1_y03,3,13,37,104.558587037,10.696959072,-311.923489949,0.0,180.0,-25.0,False,False,1.040019907,1.040019907
2103,380,scene_3.1,scene_3.1_y03,3,13,38,104.558587037,10.696959072,-310.883470043,90.0,270.0,-25.0,False,False,1.040019907,1.196261079
2104,381,scene_3.1,scene_3.1_y03,3,14,38,105.754848116,10.696959072,-310.883470043,180.0,0.0,-25.0,False,False,1.196261079,1.040019907
2105,382,scene_3.1,scene_3.1_y03,3,14,37,105.754848116,10.696959072,-311.923489949,180.0,0.0,-25.0,False,False,1.040019907,1.040019907
2106,383,scene_3.1,scene_3.1_y03,3,14,36,105.754848116,10.696959072,-312.963509856,180.0,0.0,-25.0,False,False,1.040019907,1.040019907
2107,384,scene_3.1,scene_3.1_y03,3,14,35,105.754848116,10.696959072,-314.003529762,180.0,0.0,-25.0,False,False,1.040019907,1.040019907
2108,385,scene_3.1,scene_3.1_y03,3,14,34,105.754848116,10.696959072,-315.043549669,180.0,0.0,-25.0,False,False,1.040019907,1.040019907
2109,386,scene_3.1,scene_3.1_y03,3,14,33,105.754848116,10.696959072,-316.083569576,180.0,0.0,-25.0,False,False,1.040019907,1.040019907
2110,387,scene_3.1,scene_3.1_y03,3,14,32,105.754848116,10.696959072,-317.123589482,180.0,0.0,-25.0,False,False,1.040019907,1.040019907
2111,388,scene_3.1,scene_3.1_y03,3,14,31,105.754848116,10.696959072,-318.163609389,180.0,0.0,-25.0,False,False,1.040019907,1.040019907
2112,389,scene_3.1,scene_3.1_y03,3,14,30,105.754848116,10.696959072,-319.203629296,180.0,0.0,-25.0,False,False,1.040019907,1.040019907
2113,390,scene_3.1,scene_3.1_y03,3,14,29,105.754848116,10.696959072,-320.243649202,180.0,0.0,-25.0,False,False,1.040019907,1.040019907
2114,391,scene_3.1,scene_3.1_y03,3,14,28,105.754848116,10.696959072,-321.283669109,180.0,0.0,-25.0,False,False,1.040019907,1.040019907
2115,392,scene_3.1,scene_3.1_y03,3,14,27,105.754848116,10.696959072,-322.323689015,180.0,0.0,-25.0,False,False,1.040019907,1.040019907
2116,393,scene_3.1,scene_3.1_y03,3,14,26,105.754848116,10.696959072,-323.363708922,180.0,0.0,-25.0,False,False,1.040019907,1.040019907
2117,394,scene_3.1,scene_3.1_y03,3,14,25,105.754848116,10.696959072,-324.403728829,180.0,0.0,-25.0,False,False,1.040019907,1.040019907
2118,395,scene_3.1,scene_3.1_y03,3,14,24,105.754848116,10.696959072,-325.443748735,180.0,0.0,-25.0,False,False,1.040019907,1.040019907
2119,396,scene_3.1,scene_3.1_y03,3,14,23,105.754848116,10.696959072,-326.483768642,180.0,0.0,-25.0,False,False,1.040019907,1.040019907
2120,397,scene_3.1,scene_3.1_y03,3,14,22,105.754848116,10.696959072,-327.523788548,180.0,0.0,-25.0,False,False,1.040019907,1.040019907
2121,398,scene_3.1,scene_3.1_y03,3,14,21,105.754848116,10.696959072,-328.563808455,180.0,0.0,-25.0,False,False,1.040019907,1.040019907
2122,399,scene_3.1,scene_3.1_y03,3,14,20,105.754848116,10.696959072,-329.603828362,180.0,0.0,-25.0,False,False,1.040019907,1.040019907
2123,400,scene_3.1,scene_3.1_y03,3,14,19,105.754848116,10.696959072,-330.643848268,180.0,0.0,-25.0,False,False,1.040019907,1.040019907
2124,401,scene_3.1,scene_3.1_y03,3,14,18,105.754848116,10.696959072,-331.683868175,180.0,0.0,-25.0,False,False,1.040019907,1.040019907
2125,402,scene_3.1,scene_3.1_y03,3,14,17,105.754848116,10.696959072,-332.723888082,180.0,0.0,-25.0,False,False,1.040019907,1.040019907
2126,403,scene_3.1,scene_3.1_y03,3,14,16,105.754848116,10.696959072,-333.763907988,180.0,0.0,-25.0,False,False,1.040019907,1.040019907
2127,404,scene_3.1,scene_3.1_y03,3,14,15,105.754848116,10.696959072,-334.803927895,180.0,0.0,-25.0,False,False,1.040019907,1.040019907
2128,405,scene_3.1,scene_3.1_y03,3,14,14,105.754848116,10.696959072,-335.843947801,180.0,0.0,-25.0,False,False,1.040019907,1.040019907
2129,406,scene_3.1,scene_3.1_y03,3,14,13,105.754848116,10.696959072,-336.883967708,180.0,0.0,-25.0,False,False,1.040019907,1.040019907
2130,407,scene_3.1,scene_3.1_y03,3,14,12,105.754848116,10.696959072,-337.923987615,180.0,0.0,-25.0,False,False,1.040019907,1.040019907
2131,408,scene_3.1,scene_3.1_y03,3,14,11,105.754848116,10.696959072,-338.964007521,180.0,0.0,-25.0,False,False,1.040019907,1.040019907
2132,409,scene_3.1,scene_3.1_y03,3,14,10,105.754848116,10.696959072,-340.004027428,180.0,0.0,-25.0,False,False,1.040019907,1.040019907
2133,410,scene_3.1,scene_3.1_y03,3,14,9,105.754848116,10.696959072,-341.044047334,180.0,0.0,-25.0,False,False,1.040019907,1.040019907
2134,411,scene_3.1,scene_3.1_y03,3,14,8,105.754848116,10.696959072,-342.084067241,180.0,0.0,-25.0,False,False,1.040019907,1.040019907
2135,412,scene_3.1,scene_3.1_y03,3,14,7,105.754848116,10.696959072,-343.124087148,180.0,0.0,-25.0,False,False,1.040019907,1.040019907
2136,413,scene_3.1,scene_3.1_y03,3,14,6,105.754848116,10.696959072,-344.164107054,180.0,0.0,-25.0,False,False,1.040019907,1.040019907
2137,414,scene_3.1,scene_3.1_y03,3,14,5,105.754848116,10.696959072,-345.204126961,180.0,0.0,-25.0,False,False,1.040019907,1.040019907
2138,415,scene_3.1,scene_3.1_y03,3,14,4,105.754848116,10.696959072,-346.244146868,180.0,0.0,-25.0,False,False,1.040019907,1.040019907
2139,416,scene_3.1,scene_3.1_y03,3,14,3,105.754848116,10.696959072,-347.284166774,180.0,0.0,-25.0,False,False,1.040019907,1.040019907
2140,417,scene_3.1,scene_3.1_y03,3,14,2,105.754848116,10.696959072,-348.324186681,180.0,0.0,-25.0,False,False,1.040019907,1.040019907
2141,418,scene_3.1,scene_3.1_y03,3,14,1,105.754848116,10.696959072,-349.364206587,180.0,0.0,-25.0,False,False,1.040019907,1.040019907
2142,419,scene_3.1,scene_3.1_y03,3,14,0,105.754848116,10.696959072,-350.404226494,90.0,270.0,-25.0,False,False,1.040019907,1.196261079
2143,420,scene_3.1,scene_3.1_y03,3,15,0,106.951109195,10.696959072,-350.404226494,0.0,180.0,-25.0,True,False,1.196261079,1.040019907
2144,421,scene_3.1,scene_3.1_y03,3,15,1,106.951109195,10.696959072,-349.364206587,0.0,180.0,-25.0,False,False,1.040019907,1.040019907
2145,422,scene_3.1,scene_3.1_y03,3,15,2,106.951109195,10.696959072,-348.324186681,0.0,180.0,-25.0,False,False,1.040019907,1.040019907
2146,423,scene_3.1,scene_3.1_y03,3,15,3,106.951109195,10.696959072,-347.284166774,0.0,180.0,-25.0,True,False,1.040019907,1.040019907
2147,424,scene_3.1,scene_3.1_y03,3,15,4,106.951109195,10.696959072,-346.244146868,0.0,180.0,-25.0,False,False,1.040019907,1.040019907
2148,425,scene_3.1,scene_3.1_y03,3,15,5,106.951109195,10.696959072,-345.204126961,0.0,180.0,-25.0,False,False,1.040019907,1.040019907
2149,426,scene_3.1,scene_3.1_y03,3,15,6,106.951109195,10.696959072,-344.164107054,0.0,180.0,-25.0,True,False,1.040019907,1.040019907
2150,427,scene_3.1,scene_3.1_y03,3,15,7,106.951109195,10.696959072,-343.124087148,0.0,180.0,-25.0,False,False,1.040019907,1.040019907
2151,428,scene_3.1,scene_3.1_y03,3,15,8,106.951109195,10.696959072,-342.084067241,0.0,180.0,-25.0,False,False,1.040019907,1.040019907
2152,429,scene_3.1,scene_3.1_y03,3,15,9,106.951109195,10.696959072,-341.044047334,0.0,180.0,-25.0,True,False,1.040019907,1.040019907
2153,430,scene_3.1,scene_3.1_y03,3,15,10,106.951109195,10.696959072,-340.004027428,0.0,180.0,-25.0,False,False,1.040019907,1.040019907
2154,431,scene_3.1,scene_3.1_y03,3,15,11,106.951109195,10.696959072,-338.964007521,0.0,180.0,-25.0,False,False,1.040019907,1.040019907
2155,432,scene_3.1,scene_3.1_y03,3,15,12,106.951109195,10.696959072,-337.923987615,0.0,180.0,-25.0,True,False,1.040019907,1.040019907
2156,433,scene_3.1,scene_3.1_y03,3,15,13,106.951109195,10.696959072,-336.883967708,0.0,180.0,-25.0,False,False,1.040019907,1.040019907
2157,434,scene_3.1,scene_3.1_y03,3,15,14,106.951109195,10.696959072,-335.843947801,0.0,180.0,-25.0,False,False,1.040019907,1.040019907
2158,435,scene_3.1,scene_3.1_y03,3,15,15,106.951109195,10.696959072,-334.803927895,0.0,180.0,-25.0,True,False,1.040019907,1.040019907
2159,436,scene_3.1,scene_3.1_y03,3,15,16,106.951109195,10.696959072,-333.763907988,0.0,180.0,-25.0,False,False,1.040019907,1.040019907
2160,437,scene_3.1,scene_3.1_y03,3,15,17,106.951109195,10.696959072,-332.723888082,0.0,180.0,-25.0,False,False,1.040019907,1.040019907
2161,438,scene_3.1,scene_3.1_y03,3,15,18,106.951109195,10.696959072,-331.683868175,0.0,180.0,-25.0,True,False,1.040019907,1.040019907
2162,439,scene_3.1,scene_3.1_y03,3,15,19,106.951109195,10.696959072,-330.643848268,0.0,180.0,-25.0,False,False,1.040019907,1.040019907
2163,440,scene_3.1,scene_3.1_y03,3,15,20,106.951109195,10.696959072,-329.603828362,0.0,180.0,-25.0,False,False,1.040019907,1.040019907
2164,441,scene_3.1,scene_3.1_y03,3,15,21,106.951109195,10.696959072,-328.563808455,0.0,180.0,-25.0,True,False,1.040019907,1.040019907
2165,442,scene_3.1,scene_3.1_y03,3,15,22,106.951109195,10.696959072,-327.523788548,0.0,180.0,-25.0,False,False,1.040019907,1.040019907
2166,443,scene_3.1,scene_3.1_y03,3,15,23,106.951109195,10.696959072,-326.483768642,0.0,180.0,-25.0,False,False,1.040019907,1.040019907
2167,444,scene_3.1,scene_3.1_y03,3,15,24,106.951109195,10.696959072,-325.443748735,0.0,180.0,-25.0,True,False,1.040019907,1.040019907
2168,445,scene_3.1,scene_3.1_y03,3,15,25,106.951109195,10.696959072,-324.403728829,0.0,180.0,-25.0,False,False,1.040019907,1.040019907
2169,446,scene_3.1,scene_3.1_y03,3,15,26,106.951109195,10.696959072,-323.363708922,0.0,180.0,-25.0,False,False,1.040019907,1.040019907
2170,447,scene_3.1,scene_3.1_y03,3,15,27,106.951109195,10.696959072,-322.323689015,0.0,180.0,-25.0,True,False,1.040019907,1.040019907
2171,448,scene_3.1,scene_3.1_y03,3,15,28,106.951109195,10.696959072,-321.283669109,0.0,180.0,-25.0,False,False,1.040019907,1.040019907
2172,449,scene_3.1,scene_3.1_y03,3,15,29,106.951109195,10.696959072,-320.243649202,0.0,180.0,-25.0,False,False,1.040019907,1.040019907
2173,450,scene_3.1,scene_3.1_y03,3,15,30,106.951109195,10.696959072,-319.203629296,0.0,180.0,-25.0,True,False,1.040019907,1.040019907
2174,451,scene_3.1,scene_3.1_y03,3,15,31,106.951109195,10.696959072,-318.163609389,0.0,180.0,-25.0,False,False,1.040019907,1.040019907
2175,452,scene_3.1,scene_3.1_y03,3,15,32,106.951109195,10.696959072,-317.123589482,0.0,180.0,-25.0,False,False,1.040019907,1.040019907
2176,453,scene_3.1,scene_3.1_y03,3,15,33,106.951109195,10.696959072,-316.083569576,0.0,180.0,-25.0,True,False,1.040019907,1.040019907
2177,454,scene_3.1,scene_3.1_y03,3,15,34,106.951109195,10.696959072,-315.043549669,0.0,180.0,-25.0,False,False,1.040019907,1.040019907
2178,455,scene_3.1,scene_3.1_y03,3,15,35,106.951109195,10.696959072,-314.003529762,0.0,180.0,-25.0,False,False,1.040019907,1.040019907
2179,456,scene_3.1,scene_3.1_y03,3,15,36,106.951109195,10.696959072,-312.963509856,0.0,180.0,-25.0,True,False,1.040019907,1.040019907
2180,457,scene_3.1,scene_3.1_y03,3,15,37,106.951109195,10.696959072,-311.923489949,0.0,180.0,-25.0,False,False,1.040019907,1.040019907
2181,458,scene_3.1,scene_3.1_y03,3,15,38,106.951109195,10.696959072,-310.883470043,90.0,270.0,-25.0,False,False,1.040019907,1.196261079
2182,459,scene_3.1,scene_3.1_y03,3,16,38,108.147370274,10.696959072,-310.883470043,180.0,0.0,-25.0,False,False,1.196261079,1.040019907
2183,460,scene_3.1,scene_3.1_y03,3,16,37,108.147370274,10.696959072,-311.923489949,180.0,0.0,-25.0,False,False,1.040019907,1.040019907
2184,461,scene_3.1,scene_3.1_y03,3,16,36,108.147370274,10.696959072,-312.963509856,180.0,0.0,-25.0,False,False,1.040019907,1.040019907
2185,462,scene_3.1,scene_3.1_y03,3,16,35,108.147370274,10.696959072,-314.003529762,180.0,0.0,-25.0,False,False,1.040019907,1.040019907
2186,463,scene_3.1,scene_3.1_y03,3,16,34,108.147370274,10.696959072,-315.043549669,180.0,0.0,-25.0,False,False,1.040019907,1.040019907
2187,464,scene_3.1,scene_3.1_y03,3,16,33,108.147370274,10.696959072,-316.083569576,180.0,0.0,-25.0,False,False,1.040019907,1.040019907
2188,465,scene_3.1,scene_3.1_y03,3,16,32,108.147370274,10.696959072,-317.123589482,180.0,0.0,-25.0,False,False,1.040019907,1.040019907
2189,466,scene_3.1,scene_3.1_y03,3,16,31,108.147370274,10.696959072,-318.163609389,180.0,0.0,-25.0,False,False,1.040019907,1.040019907
2190,467,scene_3.1,scene_3.1_y03,3,16,30,108.147370274,10.696959072,-319.203629296,180.0,0.0,-25.0,False,False,1.040019907,1.040019907
2191,468,scene_3.1,scene_3.1_y03,3,16,29,108.147370274,10.696959072,-320.243649202,180.0,0.0,-25.0,False,False,1.040019907,1.040019907
2192,469,scene_3.1,scene_3.1_y03,3,16,28,108.147370274,10.696959072,-321.283669109,180.0,0.0,-25.0,False,False,1.040019907,1.040019907
2193,470,scene_3.1,scene_3.1_y03,3,16,27,108.147370274,10.696959072,-322.323689015,180.0,0.0,-25.0,False,False,1.040019907,1.040019907
2194,471,scene_3.1,scene_3.1_y03,3,16,26,108.147370274,10.696959072,-323.363708922,180.0,0.0,-25.0,False,False,1.040019907,1.040019907
2195,472,scene_3.1,scene_3.1_y03,3,16,25,108.147370274,10.696959072,-324.403728829,180.0,0.0,-25.0,False,False,1.040019907,1.040019907
2196,473,scene_3.1,scene_3.1_y03,3,16,24,108.147370274,10.696959072,-325.443748735,180.0,0.0,-25.0,False,False,1.040019907,1.040019907
2197,474,scene_3.1,scene_3.1_y03,3,16,23,108.147370274,10.696959072,-326.483768642,180.0,0.0,-25.0,False,False,1.040019907,1.040019907
2198,475,scene_3.1,scene_3.1_y03,3,16,22,108.147370274,10.696959072,-327.523788548,180.0,0.0,-25.0,False,False,1.040019907,1.040019907
2199,476,scene_3.1,scene_3.1_y03,3,16,21,108.147370274,10.696959072,-328.563808455,180.0,0.0,-25.0,False,False,1.040019907,1.040019907
2200,477,scene_3.1,scene_3.1_y03,3,16,20,108.147370274,10.696959072,-329.603828362,180.0,0.0,-25.0,False,False,1.040019907,1.040019907
2201,478,scene_3.1,scene_3.1_y03,3,16,19,108.147370274,10.696959072,-330.643848268,180.0,0.0,-25.0,False,False,1.040019907,1.040019907
2202,479,scene_3.1,scene_3.1_y03,3,16,18,108.147370274,10.696959072,-331.683868175,180.0,0.0,-25.0,False,False,1.040019907,1.040019907
2203,480,scene_3.1,scene_3.1_y03,3,16,17,108.147370274,10.696959072,-332.723888082,180.0,0.0,-25.0,False,False,1.040019907,1.040019907
2204,481,scene_3.1,scene_3.1_y03,3,16,16,108.147370274,10.696959072,-333.763907988,180.0,0.0,-25.0,False,False,1.040019907,1.040019907
2205,482,scene_3.1,scene_3.1_y03,3,16,15,108.147370274,10.696959072,-334.803927895,180.0,0.0,-25.0,False,False,1.040019907,1.040019907
2206,483,scene_3.1,scene_3.1_y03,3,16,14,108.147370274,10.696959072,-335.843947801,180.0,0.0,-25.0,False,False,1.040019907,1.040019907
2207,484,scene_3.1,scene_3.1_y03,3,16,13,108.147370274,10.696959072,-336.883967708,180.0,0.0,-25.0,False,False,1.040019907,1.040019907
2208,485,scene_3.1,scene_3.1_y03,3,16,12,108.147370274,10.696959072,-337.923987615,180.0,0.0,-25.0,False,False,1.040019907,1.040019907
2209,486,scene_3.1,scene_3.1_y03,3,16,11,108.147370274,10.696959072,-338.964007521,180.0,0.0,-25.0,False,False,1.040019907,1.040019907
2210,487,scene_3.1,scene_3.1_y03,3,16,10,108.147370274,10.696959072,-340.004027428,180.0,0.0,-25.0,False,False,1.040019907,1.040019907
2211,488,scene_3.1,scene_3.1_y03,3,16,9,108.147370274,10.696959072,-341.044047334,180.0,0.0,-25.0,False,False,1.040019907,1.040019907
2212,489,scene_3.1,scene_3.1_y03,3,16,8,108.147370274,10.696959072,-342.084067241,180.0,0.0,-25.0,False,False,1.040019907,1.040019907
2213,490,scene_3.1,scene_3.1_y03,3,16,7,108.147370274,10.696959072,-343.124087148,180.0,0.0,-25.0,False,False,1.040019907,1.040019907
2214,491,scene_3.1,scene_3.1_y03,3,16,6,108.147370274,10.696959072,-344.164107054,180.0,0.0,-25.0,False,False,1.040019907,1.040019907
2215,492,scene_3.1,scene_3.1_y03,3,16,5,108.147370274,10.696959072,-345.204126961,180.0,0.0,-25.0,False,False,1.040019907,1.040019907
2216,493,scene_3.1,scene_3.1_y03,3,16,4,108.147370274,10.696959072,-346.244146868,180.0,0.0,-25.0,False,False,1.040019907,1.040019907
2217,494,scene_3.1,scene_3.1_y03,3,16,3,108.147370274,10.696959072,-347.284166774,180.0,0.0,-25.0,False,False,1.040019907,1.040019907
2218,495,scene_3.1,scene_3.1_y03,3,16,2,108.147370274,10.696959072,-348.324186681,180.0,0.0,-25.0,False,False,1.040019907,1.040019907
2219,496,scene_3.1,scene_3.1_y03,3,16,1,108.147370274,10.696959072,-349.364206587,180.0,0.0,-25.0,False,False,1.040019907,1.040019907
2220,497,scene_3.1,scene_3.1_y03,3,16,0,108.147370274,10.696959072,-350.404226494,90.0,270.0,-25.0,False,False,1.040019907,1.196261079
2221,498,scene_3.1,scene_3.1_y03,3,17,0,109.343631353,10.696959072,-350.404226494,0.0,180.0,-25.0,False,False,1.196261079,1.040019907
2222,499,scene_3.1,scene_3.1_y03,3,17,1,109.343631353,10.696959072,-349.364206587,0.0,180.0,-25.0,False,False,1.040019907,1.040019907
2223,500,scene_3.1,scene_3.1_y03,3,17,2,109.343631353,10.696959072,-348.324186681,0.0,180.0,-25.0,False,False,1.040019907,1.040019907
2224,501,scene_3.1,scene_3.1_y03,3,17,3,109.343631353,10.696959072,-347.284166774,0.0,180.0,-25.0,False,False,1.040019907,1.040019907
2225,502,scene_3.1,scene_3.1_y03,3,17,4,109.343631353,10.696959072,-346.244146868,0.0,180.0,-25.0,False,False,1.040019907,1.040019907
2226,503,scene_3.1,scene_3.1_y03,3,17,5,109.343631353,10.696959072,-345.204126961,0.0,180.0,-25.0,False,False,1.040019907,1.040019907
2227,504,scene_3.1,scene_3.1_y03,3,17,6,109.343631353,10.696959072,-344.164107054,0.0,180.0,-25.0,False,False,1.040019907,1.040019907
2228,505,scene_3.1,scene_3.1_y03,3,17,7,109.343631353,10.696959072,-343.124087148,0.0,180.0,-25.0,False,False,1.040019907,1.040019907
2229,506,scene_3.1,scene_3.1_y03,3,17,8,109.343631353,10.696959072,-342.084067241,0.0,180.0,-25.0,False,False,1.040019907,1.040019907
2230,507,scene_3.1,scene_3.1_y03,3,17,9,109.343631353,10.696959072,-341.044047334,0.0,180.0,-25.0,False,False,1.040019907,1.040019907
2231,508,scene_3.1,scene_3.1_y03,3,17,10,109.343631353,10.696959072,-340.004027428,0.0,180.0,-25.0,False,False,1.040019907,1.040019907
2232,509,scene_3.1,scene_3.1_y03,3,17,11,109.343631353,10.696959072,-338.964007521,0.0,180.0,-25.0,False,False,1.040019907,1.040019907
2233,510,scene_3.1,scene_3.1_y03,3,17,12,109.343631353,10.696959072,-337.923987615,0.0,180.0,-25.0,False,False,1.040019907,1.040019907
2234,511,scene_3.1,scene_3.1_y03,3,17,13,109.343631353,10.696959072,-336.883967708,0.0,180.0,-25.0,False,False,1.040019907,1.040019907
2235,512,scene_3.1,scene_3.1_y03,3,17,14,109.343631353,10.696959072,-335.843947801,0.0,180.0,-25.0,False,False,1.040019907,1.040019907
2236,513,scene_3.1,scene_3.1_y03,3,17,15,109.343631353,10.696959072,-334.803927895,0.0,180.0,-25.0,False,False,1.040019907,1.040019907
2237,514,scene_3.1,scene_3.1_y03,3,17,16,109.343631353,10.696959072,-333.763907988,0.0,180.0,-25.0,False,False,1.040019907,1.040019907
2238,515,scene_3.1,scene_3.1_y03,3,17,17,109.343631353,10.696959072,-332.723888082,0.0,180.0,-25.0,False,False,1.040019907,1.040019907
2239,516,scene_3.1,scene_3.1_y03,3,17,18,109.343631353,10.696959072,-331.683868175,0.0,180.0,-25.0,False,False,1.040019907,1.040019907
2240,517,scene_3.1,scene_3.1_y03,3,17,19,109.343631353,10.696959072,-330.643848268,0.0,180.0,-25.0,False,False,1.040019907,1.040019907
2241,518,scene_3.1,scene_3.1_y03,3,17,20,109.343631353,10.696959072,-329.603828362,0.0,180.0,-25.0,False,False,1.040019907,1.040019907
2242,519,scene_3.1,scene_3.1_y03,3,17,21,109.343631353,10.696959072,-328.563808455,0.0,180.0,-25.0,False,False,1.040019907,1.040019907
2243,520,scene_3.1,scene_3.1_y03,3,17,22,109.343631353,10.696959072,-327.523788548,0.0,180.0,-25.0,False,False,1.040019907,1.040019907
2244,521,scene_3.1,scene_3.1_y03,3,17,23,109.343631353,10.696959072,-326.483768642,0.0,180.0,-25.0,False,False,1.040019907,1.040019907
2245,522,scene_3.1,scene_3.1_y03,3,17,24,109.343631353,10.696959072,-325.443748735,0.0,180.0,-25.0,False,False,1.040019907,1.040019907
2246,523,scene_3.1,scene_3.1_y03,3,17,25,109.343631353,10.696959072,-324.403728829,0.0,180.0,-25.0,False,False,1.040019907,1.040019907
2247,524,scene_3.1,scene_3.1_y03,3,17,26,109.343631353,10.696959072,-323.363708922,0.0,180.0,-25.0,False,False,1.040019907,1.040019907
2248,525,scene_3.1,scene_3.1_y03,3,17,27,109.343631353,10.696959072,-322.323689015,0.0,180.0,-25.0,False,False,1.040019907,1.040019907
2249,526,scene_3.1,scene_3.1_y03,3,17,28,109.343631353,10.696959072,-321.283669109,0.0,180.0,-25.0,False,False,1.040019907,1.040019907
2250,527,scene_3.1,scene_3.1_y03,3,17,29,109.343631353,10.696959072,-320.243649202,0.0,180.0,-25.0,False,False,1.040019907,1.040019907
2251,528,scene_3.1,scene_3.1_y03,3,17,30,109.343631353,10.696959072,-319.203629296,0.0,180.0,-25.0,False,False,1.040019907,1.040019907
2252,529,scene_3.1,scene_3.1_y03,3,17,31,109.343631353,10.696959072,-318.163609389,0.0,180.0,-25.0,False,False,1.040019907,1.040019907
2253,530,scene_3.1,scene_3.1_y03,3,17,32,109.343631353,10.696959072,-317.123589482,0.0,180.0,-25.0,False,False,1.040019907,1.040019907
2254,531,scene_3.1,scene_3.1_y03,3,17,33,109.343631353,10.696959072,-316.083569576,0.0,180.0,-25.0,False,False,1.040019907,1.040019907
2255,532,scene_3.1,scene_3.1_y03,3,17,34,109.343631353,10.696959072,-315.043549669,0.0,180.0,-25.0,False,False,1.040019907,1.040019907
2256,533,scene_3.1,scene_3.1_y03,3,17,35,109.343631353,10.696959072,-314.003529762,0.0,180.0,-25.0,False,False,1.040019907,1.040019907
2257,534,scene_3.1,scene_3.1_y03,3,17,36,109.343631353,10.696959072,-312.963509856,0.0,180.0,-25.0,False,False,1.040019907,1.040019907
2258,535,scene_3.1,scene_3.1_y03,3,17,37,109.343631353,10.696959072,-311.923489949,0.0,180.0,-25.0,False,False,1.040019907,1.040019907
2259,536,scene_3.1,scene_3.1_y03,3,17,38,109.343631353,10.696959072,-310.883470043,90.0,270.0,-25.0,False,False,1.040019907,1.196261079
2260,537,scene_3.1,scene_3.1_y03,3,18,38,110.539892433,10.696959072,-310.883470043,180.0,0.0,-25.0,False,False,1.196261079,1.040019907
2261,538,scene_3.1,scene_3.1_y03,3,18,37,110.539892433,10.696959072,-311.923489949,180.0,0.0,-25.0,False,False,1.040019907,1.040019907
2262,539,scene_3.1,scene_3.1_y03,3,18,36,110.539892433,10.696959072,-312.963509856,180.0,0.0,-25.0,True,False,1.040019907,1.040019907
2263,540,scene_3.1,scene_3.1_y03,3,18,35,110.539892433,10.696959072,-314.003529762,180.0,0.0,-25.0,False,False,1.040019907,1.040019907
2264,541,scene_3.1,scene_3.1_y03,3,18,34,110.539892433,10.696959072,-315.043549669,180.0,0.0,-25.0,False,False,1.040019907,1.040019907
2265,542,scene_3.1,scene_3.1_y03,3,18,33,110.539892433,10.696959072,-316.083569576,180.0,0.0,-25.0,True,False,1.040019907,1.040019907
2266,543,scene_3.1,scene_3.1_y03,3,18,32,110.539892433,10.696959072,-317.123589482,180.0,0.0,-25.0,False,False,1.040019907,1.040019907
2267,544,scene_3.1,scene_3.1_y03,3,18,31,110.539892433,10.696959072,-318.163609389,180.0,0.0,-25.0,False,False,1.040019907,1.040019907
2268,545,scene_3.1,scene_3.1_y03,3,18,30,110.539892433,10.696959072,-319.203629296,180.0,0.0,-25.0,True,False,1.040019907,1.040019907
2269,546,scene_3.1,scene_3.1_y03,3,18,29,110.539892433,10.696959072,-320.243649202,180.0,0.0,-25.0,False,False,1.040019907,1.040019907
2270,547,scene_3.1,scene_3.1_y03,3,18,28,110.539892433,10.696959072,-321.283669109,180.0,0.0,-25.0,False,False,1.040019907,1.040019907
2271,548,scene_3.1,scene_3.1_y03,3,18,27,110.539892433,10.696959072,-322.323689015,180.0,0.0,-25.0,True,False,1.040019907,1.040019907
2272,549,scene_3.1,scene_3.1_y03,3,18,26,110.539892433,10.696959072,-323.363708922,180.0,0.0,-25.0,False,False,1.040019907,1.040019907
2273,550,scene_3.1,scene_3.1_y03,3,18,25,110.539892433,10.696959072,-324.403728829,180.0,0.0,-25.0,False,False,1.040019907,1.040019907
2274,551,scene_3.1,scene_3.1_y03,3,18,24,110.539892433,10.696959072,-325.443748735,180.0,0.0,-25.0,True,False,1.040019907,1.040019907
2275,552,scene_3.1,scene_3.1_y03,3,18,23,110.539892433,10.696959072,-326.483768642,180.0,0.0,-25.0,False,False,1.040019907,1.040019907
2276,553,scene_3.1,scene_3.1_y03,3,18,22,110.539892433,10.696959072,-327.523788548,180.0,0.0,-25.0,False,False,1.040019907,1.040019907
2277,554,scene_3.1,scene_3.1_y03,3,18,21,110.539892433,10.696959072,-328.563808455,180.0,0.0,-25.0,True,False,1.040019907,1.040019907
2278,555,scene_3.1,scene_3.1_y03,3,18,20,110.539892433,10.696959072,-329.603828362,180.0,0.0,-25.0,False,False,1.040019907,1.040019907
2279,556,scene_3.1,scene_3.1_y03,3,18,19,110.539892433,10.696959072,-330.643848268,180.0,0.0,-25.0,False,False,1.040019907,1.040019907
2280,557,scene_3.1,scene_3.1_y03,3,18,18,110.539892433,10.696959072,-331.683868175,180.0,0.0,-25.0,True,False,1.040019907,1.040019907
2281,558,scene_3.1,scene_3.1_y03,3,18,17,110.539892433,10.696959072,-332.723888082,180.0,0.0,-25.0,False,False,1.040019907,1.040019907
2282,559,scene_3.1,scene_3.1_y03,3,18,16,110.539892433,10.696959072,-333.763907988,180.0,0.0,-25.0,False,False,1.040019907,1.040019907
2283,560,scene_3.1,scene_3.1_y03,3,18,15,110.539892433,10.696959072,-334.803927895,180.0,0.0,-25.0,True,False,1.040019907,1.040019907
2284,561,scene_3.1,scene_3.1_y03,3,18,14,110.539892433,10.696959072,-335.843947801,180.0,0.0,-25.0,False,False,1.040019907,1.040019907
2285,562,scene_3.1,scene_3.1_y03,3,18,13,110.539892433,10.696959072,-336.883967708,180.0,0.0,-25.0,False,False,1.040019907,1.040019907
2286,563,scene_3.1,scene_3.1_y03,3,18,12,110.539892433,10.696959072,-337.923987615,180.0,0.0,-25.0,True,False,1.040019907,1.040019907
2287,564,scene_3.1,scene_3.1_y03,3,18,11,110.539892433,10.696959072,-338.964007521,180.0,0.0,-25.0,False,False,1.040019907,1.040019907
2288,565,scene_3.1,scene_3.1_y03,3,18,10,110.539892433,10.696959072,-340.004027428,180.0,0.0,-25.0,False,False,1.040019907,1.040019907
2289,566,scene_3.1,scene_3.1_y03,3,18,9,110.539892433,10.696959072,-341.044047334,180.0,0.0,-25.0,True,False,1.040019907,1.040019907
2290,567,scene_3.1,scene_3.1_y03,3,18,8,110.539892433,10.696959072,-342.084067241,180.0,0.0,-25.0,False,False,1.040019907,1.040019907
2291,568,scene_3.1,scene_3.1_y03,3,18,7,110.539892433,10.696959072,-343.124087148,180.0,0.0,-25.0,False,False,1.040019907,1.040019907
2292,569,scene_3.1,scene_3.1_y03,3,18,6,110.539892433,10.696959072,-344.164107054,180.0,0.0,-25.0,True,False,1.040019907,1.040019907
2293,570,scene_3.1,scene_3.1_y03,3,18,5,110.539892433,10.696959072,-345.204126961,180.0,0.0,-25.0,False,False,1.040019907,1.040019907
2294,571,scene_3.1,scene_3.1_y03,3,18,4,110.539892433,10.696959072,-346.244146868,180.0,0.0,-25.0,False,False,1.040019907,1.040019907
2295,572,scene_3.1,scene_3.1_y03,3,18,3,110.539892433,10.696959072,-347.284166774,180.0,0.0,-25.0,True,False,1.040019907,1.040019907
2296,573,scene_3.1,scene_3.1_y03,3,18,2,110.539892433,10.696959072,-348.324186681,180.0,0.0,-25.0,False,False,1.040019907,1.040019907
2297,574,scene_3.1,scene_3.1_y03,3,18,1,110.539892433,10.696959072,-349.364206587,90.0,270.0,-25.0,False,False,1.040019907,1.196261079
2298,575,scene_3.1,scene_3.1_y03,3,19,1,111.736153512,10.696959072,-349.364206587,0.0,180.0,-25.0,False,False,1.196261079,1.040019907
2299,576,scene_3.1,scene_3.1_y03,3,19,2,111.736153512,10.696959072,-348.324186681,0.0,180.0,-25.0,False,False,1.040019907,1.040019907
2300,577,scene_3.1,scene_3.1_y03,3,19,3,111.736153512,10.696959072,-347.284166774,0.0,180.0,-25.0,False,False,1.040019907,1.040019907
2301,578,scene_3.1,scene_3.1_y03,3,19,4,111.736153512,10.696959072,-346.244146868,0.0,180.0,-25.0,False,False,1.040019907,1.040019907
2302,579,scene_3.1,scene_3.1_y03,3,19,5,111.736153512,10.696959072,-345.204126961,0.0,180.0,-25.0,False,False,1.040019907,1.040019907
2303,580,scene_3.1,scene_3.1_y03,3,19,6,111.736153512,10.696959072,-344.164107054,0.0,180.0,-25.0,False,False,1.040019907,1.040019907
2304,581,scene_3.1,scene_3.1_y03,3,19,7,111.736153512,10.696959072,-343.124087148,0.0,180.0,-25.0,False,False,1.040019907,1.040019907
2305,582,scene_3.1,scene_3.1_y03,3,19,8,111.736153512,10.696959072,-342.084067241,0.0,180.0,-25.0,False,False,1.040019907,1.040019907
2306,583,scene_3.1,scene_3.1_y03,3,19,9,111.736153512,10.696959072,-341.044047334,0.0,180.0,-25.0,False,False,1.040019907,1.040019907
2307,584,scene_3.1,scene_3.1_y03,3,19,10,111.736153512,10.696959072,-340.004027428,0.0,180.0,-25.0,False,False,1.040019907,1.040019907
2308,585,scene_3.1,scene_3.1_y03,3,19,11,111.736153512,10.696959072,-338.964007521,0.0,180.0,-25.0,False,False,1.040019907,1.040019907
2309,586,scene_3.1,scene_3.1_y03,3,19,12,111.736153512,10.696959072,-337.923987615,0.0,180.0,-25.0,False,False,1.040019907,1.040019907
2310,587,scene_3.1,scene_3.1_y03,3,19,13,111.736153512,10.696959072,-336.883967708,0.0,180.0,-25.0,False,False,1.040019907,1.040019907
2311,588,scene_3.1,scene_3.1_y03,3,19,14,111.736153512,10.696959072,-335.843947801,0.0,180.0,-25.0,False,False,1.040019907,1.040019907
2312,589,scene_3.1,scene_3.1_y03,3,19,15,111.736153512,10.696959072,-334.803927895,0.0,180.0,-25.0,False,False,1.040019907,1.040019907
2313,590,scene_3.1,scene_3.1_y03,3,19,16,111.736153512,10.696959072,-333.763907988,0.0,180.0,-25.0,False,False,1.040019907,1.040019907
2314,591,scene_3.1,scene_3.1_y03,3,19,17,111.736153512,10.696959072,-332.723888082,0.0,180.0,-25.0,False,False,1.040019907,1.040019907
2315,592,scene_3.1,scene_3.1_y03,3,19,18,111.736153512,10.696959072,-331.683868175,0.0,180.0,-25.0,False,False,1.040019907,1.040019907
2316,593,scene_3.1,scene_3.1_y03,3,19,19,111.736153512,10.696959072,-330.643848268,0.0,180.0,-25.0,False,False,1.040019907,1.040019907
2317,594,scene_3.1,scene_3.1_y03,3,19,20,111.736153512,10.696959072,-329.603828362,0.0,180.0,-25.0,False,False,1.040019907,1.040019907
2318,595,scene_3.1,scene_3.1_y03,3,19,21,111.736153512,10.696959072,-328.563808455,0.0,180.0,-25.0,False,False,1.040019907,1.040019907
2319,596,scene_3.1,scene_3.1_y03,3,19,22,111.736153512,10.696959072,-327.523788548,0.0,180.0,-25.0,False,False,1.040019907,1.040019907
2320,597,scene_3.1,scene_3.1_y03,3,19,23,111.736153512,10.696959072,-326.483768642,0.0,180.0,-25.0,False,False,1.040019907,1.040019907
2321,598,scene_3.1,scene_3.1_y03,3,19,24,111.736153512,10.696959072,-325.443748735,0.0,180.0,-25.0,False,False,1.040019907,1.040019907
2322,599,scene_3.1,scene_3.1_y03,3,19,25,111.736153512,10.696959072,-324.403728829,0.0,180.0,-25.0,False,False,1.040019907,1.040019907
2323,600,scene_3.1,scene_3.1_y03,3,19,26,111.736153512,10.696959072,-323.363708922,0.0,180.0,-25.0,False,False,1.040019907,1.040019907
2324,601,scene_3.1,scene_3.1_y03,3,19,27,111.736153512,10.696959072,-322.323689015,0.0,180.0,-25.0,False,False,1.040019907,1.040019907
2325,602,scene_3.1,scene_3.1_y03,3,19,28,111.736153512,10.696959072,-321.283669109,0.0,180.0,-25.0,False,False,1.040019907,1.040019907
2326,603,scene_3.1,scene_3.1_y03,3,19,29,111.736153512,10.696959072,-320.243649202,0.0,180.0,-25.0,False,False,1.040019907,1.040019907
2327,604,scene_3.1,scene_3.1_y03,3,19,30,111.736153512,10.696959072,-319.203629296,0.0,180.0,-25.0,False,False,1.040019907,1.040019907
2328,605,scene_3.1,scene_3.1_y03,3,19,31,111.736153512,10.696959072,-318.163609389,0.0,180.0,-25.0,False,False,1.040019907,1.040019907
2329,606,scene_3.1,scene_3.1_y03,3,19,32,111.736153512,10.696959072,-317.123589482,0.0,180.0,-25.0,False,False,1.040019907,1.040019907
2330,607,scene_3.1,scene_3.1_y03,3,19,33,111.736153512,10.696959072,-316.083569576,0.0,180.0,-25.0,False,False,1.040019907,1.040019907
2331,608,scene_3.1,scene_3.1_y03,3,19,34,111.736153512,10.696959072,-315.043549669,0.0,180.0,-25.0,False,False,1.040019907,1.040019907
2332,609,scene_3.1,scene_3.1_y03,3,19,35,111.736153512,10.696959072,-314.003529762,0.0,180.0,-25.0,False,False,1.040019907,1.040019907
2333,610,scene_3.1,scene_3.1_y03,3,19,36,111.736153512,10.696959072,-312.963509856,0.0,180.0,-25.0,False,False,1.040019907,1.040019907
2334,611,scene_3.1,scene_3.1_y03,3,19,37,111.736153512,10.696959072,-311.923489949,0.0,180.0,-25.0,False,False,1.040019907,1.040019907
2335,612,scene_3.1,scene_3.1_y03,3,19,38,111.736153512,10.696959072,-310.883470043,131.003437619,311.003437619,-25.0,False,False,1.040019907,1.58514415
2336,613,scene_3.1,scene_3.1_y03,3,20,37,112.932414591,10.696959072,-311.923489949,180.0,0.0,-25.0,False,False,1.58514415,1.040019907
2337,614,scene_3.1,scene_3.1_y03,3,20,36,112.932414591,10.696959072,-312.963509856,180.0,0.0,-25.0,False,False,1.040019907,1.040019907
2338,615,scene_3.1,scene_3.1_y03,3,20,35,112.932414591,10.696959072,-314.003529762,180.0,0.0,-25.0,False,False,1.040019907,1.040019907
2339,616,scene_3.1,scene_3.1_y03,3,20,34,112.932414591,10.696959072,-315.043549669,180.0,0.0,-25.0,False,False,1.040019907,1.040019907
2340,617,scene_3.1,scene_3.1_y03,3,20,33,112.932414591,10.696959072,-316.083569576,180.0,0.0,-25.0,False,False,1.040019907,1.040019907
2341,618,scene_3.1,scene_3.1_y03,3,20,32,112.932414591,10.696959072,-317.123589482,180.0,0.0,-25.0,False,False,1.040019907,1.040019907
2342,619,scene_3.1,scene_3.1_y03,3,20,31,112.932414591,10.696959072,-318.163609389,180.0,0.0,-25.0,False,False,1.040019907,1.040019907
2343,620,scene_3.1,scene_3.1_y03,3,20,30,112.932414591,10.696959072,-319.203629296,180.0,0.0,-25.0,False,False,1.040019907,1.040019907
2344,621,scene_3.1,scene_3.1_y03,3,20,29,112.932414591,10.696959072,-320.243649202,180.0,0.0,-25.0,False,False,1.040019907,1.040019907
2345,622,scene_3.1,scene_3.1_y03,3,20,28,112.932414591,10.696959072,-321.283669109,180.0,0.0,-25.0,False,False,1.040019907,1.040019907
2346,623,scene_3.1,scene_3.1_y03,3,20,27,112.932414591,10.696959072,-322.323689015,180.0,0.0,-25.0,False,False,1.040019907,1.040019907
2347,624,scene_3.1,scene_3.1_y03,3,20,26,112.932414591,10.696959072,-323.363708922,180.0,0.0,-25.0,False,False,1.040019907,1.040019907
2348,625,scene_3.1,scene_3.1_y03,3,20,25,112.932414591,10.696959072,-324.403728829,180.0,0.0,-25.0,False,False,1.040019907,1.040019907
2349,626,scene_3.1,scene_3.1_y03,3,20,24,112.932414591,10.696959072,-325.443748735,180.0,0.0,-25.0,False,False,1.040019907,1.040019907
2350,627,scene_3.1,scene_3.1_y03,3,20,23,112.932414591,10.696959072,-326.483768642,180.0,0.0,-25.0,False,False,1.040019907,1.040019907
2351,628,scene_3.1,scene_3.1_y03,3,20,22,112.932414591,10.696959072,-327.523788548,180.0,0.0,-25.0,False,False,1.040019907,1.040019907
2352,629,scene_3.1,scene_3.1_y03,3,20,21,112.932414591,10.696959072,-328.563808455,180.0,0.0,-25.0,False,False,1.040019907,1.040019907
2353,630,scene_3.1,scene_3.1_y03,3,20,20,112.932414591,10.696959072,-329.603828362,180.0,0.0,-25.0,False,False,1.040019907,1.040019907
2354,631,scene_3.1,scene_3.1_y03,3,20,19,112.932414591,10.696959072,-330.643848268,180.0,0.0,-25.0,False,False,1.040019907,1.040019907
2355,632,scene_3.1,scene_3.1_y03,3,20,18,112.932414591,10.696959072,-331.683868175,180.0,0.0,-25.0,False,False,1.040019907,1.040019907
2356,633,scene_3.1,scene_3.1_y03,3,20,17,112.932414591,10.696959072,-332.723888082,180.0,0.0,-25.0,False,False,1.040019907,1.040019907
2357,634,scene_3.1,scene_3.1_y03,3,20,16,112.932414591,10.696959072,-333.763907988,180.0,0.0,-25.0,False,False,1.040019907,1.040019907
2358,635,scene_3.1,scene_3.1_y03,3,20,15,112.932414591,10.696959072,-334.803927895,180.0,0.0,-25.0,False,False,1.040019907,1.040019907
2359,636,scene_3.1,scene_3.1_y03,3,20,14,112.932414591,10.696959072,-335.843947801,180.0,0.0,-25.0,False,False,1.040019907,1.040019907
2360,637,scene_3.1,scene_3.1_y03,3,20,13,112.932414591,10.696959072,-336.883967708,180.0,0.0,-25.0,False,False,1.040019907,1.040019907
2361,638,scene_3.1,scene_3.1_y03,3,20,12,112.932414591,10.696959072,-337.923987615,180.0,0.0,-25.0,False,False,1.040019907,1.040019907
2362,639,scene_3.1,scene_3.1_y03,3,20,11,112.932414591,10.696959072,-338.964007521,180.0,0.0,-25.0,False,False,1.040019907,1.040019907
2363,640,scene_3.1,scene_3.1_y03,3,20,10,112.932414591,10.696959072,-340.004027428,180.0,0.0,-25.0,False,False,1.040019907,1.040019907
2364,641,scene_3.1,scene_3.1_y03,3,20,9,112.932414591,10.696959072,-341.044047334,180.0,0.0,-25.0,False,False,1.040019907,1.040019907
2365,642,scene_3.1,scene_3.1_y03,3,20,8,112.932414591,10.696959072,-342.084067241,180.0,0.0,-25.0,False,False,1.040019907,1.040019907
2366,643,scene_3.1,scene_3.1_y03,3,20,7,112.932414591,10.696959072,-343.124087148,180.0,0.0,-25.0,False,False,1.040019907,1.040019907
2367,644,scene_3.1,scene_3.1_y03,3,20,6,112.932414591,10.696959072,-344.164107054,180.0,0.0,-25.0,False,False,1.040019907,1.040019907
2368,645,scene_3.1,scene_3.1_y03,3,20,5,112.932414591,10.696959072,-345.204126961,180.0,0.0,-25.0,False,False,1.040019907,1.040019907
2369,646,scene_3.1,scene_3.1_y03,3,20,4,112.932414591,10.696959072,-346.244146868,180.0,0.0,-25.0,False,False,1.040019907,1.040019907
2370,647,scene_3.1,scene_3.1_y03,3,20,3,112.932414591,10.696959072,-347.284166774,180.0,0.0,-25.0,False,False,1.040019907,1.040019907
2371,648,scene_3.1,scene_3.1_y03,3,20,2,112.932414591,10.696959072,-348.324186681,180.0,0.0,-25.0,False,False,1.040019907,1.040019907
2372,649,scene_3.1,scene_3.1_y03,3,20,1,112.932414591,10.696959072,-349.364206587,90.0,270.0,-25.0,False,False,1.040019907,1.196261079
2373,650,scene_3.1,scene_3.1_y03,3,21,1,114.12867567,10.696959072,-349.364206587,0.0,180.0,-25.0,False,False,1.196261079,1.040019907
2374,651,scene_3.1,scene_3.1_y03,3,21,2,114.12867567,10.696959072,-348.324186681,0.0,180.0,-25.0,False,False,1.040019907,1.040019907
2375,652,scene_3.1,scene_3.1_y03,3,21,3,114.12867567,10.696959072,-347.284166774,0.0,180.0,-25.0,True,False,1.040019907,1.040019907
2376,653,scene_3.1,scene_3.1_y03,3,21,4,114.12867567,10.696959072,-346.244146868,0.0,180.0,-25.0,False,False,1.040019907,1.040019907
2377,654,scene_3.1,scene_3.1_y03,3,21,5,114.12867567,10.696959072,-345.204126961,0.0,180.0,-25.0,False,False,1.040019907,1.040019907
2378,655,scene_3.1,scene_3.1_y03,3,21,6,114.12867567,10.696959072,-344.164107054,0.0,180.0,-25.0,True,False,1.040019907,1.040019907
2379,656,scene_3.1,scene_3.1_y03,3,21,7,114.12867567,10.696959072,-343.124087148,0.0,180.0,-25.0,False,False,1.040019907,1.040019907
2380,657,scene_3.1,scene_3.1_y03,3,21,8,114.12867567,10.696959072,-342.084067241,0.0,180.0,-25.0,False,False,1.040019907,1.040019907
2381,658,scene_3.1,scene_3.1_y03,3,21,9,114.12867567,10.696959072,-341.044047334,0.0,180.0,-25.0,True,False,1.040019907,1.040019907
2382,659,scene_3.1,scene_3.1_y03,3,21,10,114.12867567,10.696959072,-340.004027428,0.0,180.0,-25.0,False,False,1.040019907,1.040019907
2383,660,scene_3.1,scene_3.1_y03,3,21,11,114.12867567,10.696959072,-338.964007521,0.0,180.0,-25.0,False,False,1.040019907,1.040019907
2384,661,scene_3.1,scene_3.1_y03,3,21,12,114.12867567,10.696959072,-337.923987615,0.0,180.0,-25.0,True,False,1.040019907,1.040019907
2385,662,scene_3.1,scene_3.1_y03,3,21,13,114.12867567,10.696959072,-336.883967708,0.0,180.0,-25.0,False,False,1.040019907,1.040019907
2386,663,scene_3.1,scene_3.1_y03,3,21,14,114.12867567,10.696959072,-335.843947801,0.0,180.0,-25.0,False,False,1.040019907,1.040019907
2387,664,scene_3.1,scene_3.1_y03,3,21,15,114.12867567,10.696959072,-334.803927895,0.0,180.0,-25.0,True,False,1.040019907,1.040019907
2388,665,scene_3.1,scene_3.1_y03,3,21,16,114.12867567,10.696959072,-333.763907988,0.0,180.0,-25.0,False,False,1.040019907,1.040019907
2389,666,scene_3.1,scene_3.1_y03,3,21,17,114.12867567,10.696959072,-332.723888082,0.0,180.0,-25.0,False,False,1.040019907,1.040019907
2390,667,scene_3.1,scene_3.1_y03,3,21,18,114.12867567,10.696959072,-331.683868175,0.0,180.0,-25.0,True,False,1.040019907,1.040019907
2391,668,scene_3.1,scene_3.1_y03,3,21,19,114.12867567,10.696959072,-330.643848268,0.0,180.0,-25.0,False,False,1.040019907,1.040019907
2392,669,scene_3.1,scene_3.1_y03,3,21,20,114.12867567,10.696959072,-329.603828362,0.0,180.0,-25.0,False,False,1.040019907,1.040019907
2393,670,scene_3.1,scene_3.1_y03,3,21,21,114.12867567,10.696959072,-328.563808455,0.0,180.0,-25.0,True,False,1.040019907,1.040019907
2394,671,scene_3.1,scene_3.1_y03,3,21,22,114.12867567,10.696959072,-327.523788548,0.0,180.0,-25.0,False,False,1.040019907,1.040019907
2395,672,scene_3.1,scene_3.1_y03,3,21,23,114.12867567,10.696959072,-326.483768642,0.0,180.0,-25.0,False,False,1.040019907,1.040019907
2396,673,scene_3.1,scene_3.1_y03,3,21,24,114.12867567,10.696959072,-325.443748735,0.0,180.0,-25.0,True,False,1.040019907,1.040019907
2397,674,scene_3.1,scene_3.1_y03,3,21,25,114.12867567,10.696959072,-324.403728829,0.0,180.0,-25.0,False,False,1.040019907,1.040019907
2398,675,scene_3.1,scene_3.1_y03,3,21,26,114.12867567,10.696959072,-323.363708922,0.0,180.0,-25.0,False,False,1.040019907,1.040019907
2399,676,scene_3.1,scene_3.1_y03,3,21,27,114.12867567,10.696959072,-322.323689015,0.0,180.0,-25.0,True,False,1.040019907,1.040019907
2400,677,scene_3.1,scene_3.1_y03,3,21,28,114.12867567,10.696959072,-321.283669109,0.0,180.0,-25.0,False,False,1.040019907,1.040019907
2401,678,scene_3.1,scene_3.1_y03,3,21,29,114.12867567,10.696959072,-320.243649202,0.0,180.0,-25.0,False,False,1.040019907,1.040019907
2402,679,scene_3.1,scene_3.1_y03,3,21,30,114.12867567,10.696959072,-319.203629296,0.0,180.0,-25.0,True,False,1.040019907,1.040019907
2403,680,scene_3.1,scene_3.1_y03,3,21,31,114.12867567,10.696959072,-318.163609389,0.0,180.0,-25.0,False,False,1.040019907,1.040019907
2404,681,scene_3.1,scene_3.1_y03,3,21,32,114.12867567,10.696959072,-317.123589482,0.0,180.0,-25.0,False,False,1.040019907,1.040019907
2405,682,scene_3.1,scene_3.1_y03,3,21,33,114.12867567,10.696959072,-316.083569576,0.0,180.0,-25.0,True,False,1.040019907,1.040019907
2406,683,scene_3.1,scene_3.1_y03,3,21,34,114.12867567,10.696959072,-315.043549669,0.0,180.0,-25.0,False,False,1.040019907,1.040019907
2407,684,scene_3.1,scene_3.1_y03,3,21,35,114.12867567,10.696959072,-314.003529762,0.0,180.0,-25.0,False,False,1.040019907,1.040019907
2408,685,scene_3.1,scene_3.1_y03,3,21,36,114.12867567,10.696959072,-312.963509856,0.0,180.0,-25.0,True,False,1.040019907,1.040019907
2409,686,scene_3.1,scene_3.1_y03,3,21,37,114.12867567,10.696959072,-311.923489949,90.0,270.0,-25.0,False,False,1.040019907,1.196261079
2410,687,scene_3.1,scene_3.1_y03,3,22,37,115.32493675,10.696959072,-311.923489949,180.0,0.0,-25.0,False,False,1.196261079,1.040019907
2411,688,scene_3.1,scene_3.1_y03,3,22,36,115.32493675,10.696959072,-312.963509856,180.0,0.0,-25.0,False,False,1.040019907,1.040019907
2412,689,scene_3.1,scene_3.1_y03,3,22,35,115.32493675,10.696959072,-314.003529762,180.0,0.0,-25.0,False,False,1.040019907,1.040019907
2413,690,scene_3.1,scene_3.1_y03,3,22,34,115.32493675,10.696959072,-315.043549669,180.0,0.0,-25.0,False,False,1.040019907,1.040019907
2414,691,scene_3.1,scene_3.1_y03,3,22,33,115.32493675,10.696959072,-316.083569576,180.0,0.0,-25.0,False,False,1.040019907,1.040019907
2415,692,scene_3.1,scene_3.1_y03,3,22,32,115.32493675,10.696959072,-317.123589482,180.0,0.0,-25.0,False,False,1.040019907,1.040019907
2416,693,scene_3.1,scene_3.1_y03,3,22,31,115.32493675,10.696959072,-318.163609389,180.0,0.0,-25.0,False,False,1.040019907,1.040019907
2417,694,scene_3.1,scene_3.1_y03,3,22,30,115.32493675,10.696959072,-319.203629296,180.0,0.0,-25.0,False,False,1.040019907,1.040019907
2418,695,scene_3.1,scene_3.1_y03,3,22,29,115.32493675,10.696959072,-320.243649202,180.0,0.0,-25.0,False,False,1.040019907,1.040019907
2419,696,scene_3.1,scene_3.1_y03,3,22,28,115.32493675,10.696959072,-321.283669109,180.0,0.0,-25.0,False,False,1.040019907,1.040019907
2420,697,scene_3.1,scene_3.1_y03,3,22,27,115.32493675,10.696959072,-322.323689015,180.0,0.0,-25.0,False,False,1.040019907,1.040019907
2421,698,scene_3.1,scene_3.1_y03,3,22,26,115.32493675,10.696959072,-323.363708922,180.0,0.0,-25.0,False,False,1.040019907,1.040019907
2422,699,scene_3.1,scene_3.1_y03,3,22,25,115.32493675,10.696959072,-324.403728829,180.0,0.0,-25.0,False,False,1.040019907,1.040019907
2423,700,scene_3.1,scene_3.1_y03,3,22,24,115.32493675,10.696959072,-325.443748735,180.0,0.0,-25.0,False,False,1.040019907,1.040019907
2424,701,scene_3.1,scene_3.1_y03,3,22,23,115.32493675,10.696959072,-326.483768642,180.0,0.0,-25.0,False,False,1.040019907,1.040019907
2425,702,scene_3.1,scene_3.1_y03,3,22,22,115.32493675,10.696959072,-327.523788548,180.0,0.0,-25.0,False,False,1.040019907,1.040019907
2426,703,scene_3.1,scene_3.1_y03,3,22,21,115.32493675,10.696959072,-328.563808455,180.0,0.0,-25.0,False,False,1.040019907,1.040019907
2427,704,scene_3.1,scene_3.1_y03,3,22,20,115.32493675,10.696959072,-329.603828362,180.0,0.0,-25.0,False,False,1.040019907,1.040019907
2428,705,scene_3.1,scene_3.1_y03,3,22,19,115.32493675,10.696959072,-330.643848268,180.0,0.0,-25.0,False,False,1.040019907,1.040019907
2429,706,scene_3.1,scene_3.1_y03,3,22,18,115.32493675,10.696959072,-331.683868175,180.0,0.0,-25.0,False,False,1.040019907,1.040019907
2430,707,scene_3.1,scene_3.1_y03,3,22,17,115.32493675,10.696959072,-332.723888082,180.0,0.0,-25.0,False,False,1.040019907,1.040019907
2431,708,scene_3.1,scene_3.1_y03,3,22,16,115.32493675,10.696959072,-333.763907988,180.0,0.0,-25.0,False,False,1.040019907,1.040019907
2432,709,scene_3.1,scene_3.1_y03,3,22,15,115.32493675,10.696959072,-334.803927895,180.0,0.0,-25.0,False,False,1.040019907,1.040019907
2433,710,scene_3.1,scene_3.1_y03,3,22,14,115.32493675,10.696959072,-335.843947801,180.0,0.0,-25.0,False,False,1.040019907,1.040019907
2434,711,scene_3.1,scene_3.1_y03,3,22,13,115.32493675,10.696959072,-336.883967708,180.0,0.0,-25.0,False,False,1.040019907,1.040019907
2435,712,scene_3.1,scene_3.1_y03,3,22,12,115.32493675,10.696959072,-337.923987615,180.0,0.0,-25.0,False,False,1.040019907,1.040019907
2436,713,scene_3.1,scene_3.1_y03,3,22,11,115.32493675,10.696959072,-338.964007521,180.0,0.0,-25.0,False,False,1.040019907,1.040019907
2437,714,scene_3.1,scene_3.1_y03,3,22,10,115.32493675,10.696959072,-340.004027428,180.0,0.0,-25.0,False,False,1.040019907,1.040019907
2438,715,scene_3.1,scene_3.1_y03,3,22,9,115.32493675,10.696959072,-341.044047334,180.0,0.0,-25.0,False,False,1.040019907,1.040019907
2439,716,scene_3.1,scene_3.1_y03,3,22,8,115.32493675,10.696959072,-342.084067241,180.0,0.0,-25.0,False,False,1.040019907,1.040019907
2440,717,scene_3.1,scene_3.1_y03,3,22,7,115.32493675,10.696959072,-343.124087148,180.0,0.0,-25.0,False,False,1.040019907,1.040019907
2441,718,scene_3.1,scene_3.1_y03,3,22,6,115.32493675,10.696959072,-344.164107054,180.0,0.0,-25.0,False,False,1.040019907,1.040019907
2442,719,scene_3.1,scene_3.1_y03,3,22,5,115.32493675,10.696959072,-345.204126961,180.0,0.0,-25.0,False,False,1.040019907,1.040019907
2443,720,scene_3.1,scene_3.1_y03,3,22,4,115.32493675,10.696959072,-346.244146868,180.0,0.0,-25.0,False,False,1.040019907,1.040019907
2444,721,scene_3.1,scene_3.1_y03,3,22,3,115.32493675,10.696959072,-347.284166774,180.0,0.0,-25.0,False,False,1.040019907,1.040019907
2445,722,scene_3.1,scene_3.1_y03,3,22,2,115.32493675,10.696959072,-348.324186681,180.0,0.0,-25.0,False,False,1.040019907,1.040019907
2446,723,scene_3.1,scene_3.1_y03,3,22,1,115.32493675,10.696959072,-349.364206587,90.0,270.0,-25.0,False,False,1.040019907,1.196261079
2447,724,scene_3.1,scene_3.1_y03,3,23,1,116.521197829,10.696959072,-349.364206587,0.0,180.0,-25.0,False,False,1.196261079,1.040019907
2448,725,scene_3.1,scene_3.1_y03,3,23,2,116.521197829,10.696959072,-348.324186681,0.0,180.0,-25.0,False,False,1.040019907,1.040019907
2449,726,scene_3.1,scene_3.1_y03,3,23,3,116.521197829,10.696959072,-347.284166774,0.0,180.0,-25.0,False,False,1.040019907,1.040019907
2450,727,scene_3.1,scene_3.1_y03,3,23,4,116.521197829,10.696959072,-346.244146868,0.0,180.0,-25.0,False,False,1.040019907,1.040019907
2451,728,scene_3.1,scene_3.1_y03,3,23,5,116.521197829,10.696959072,-345.204126961,0.0,180.0,-25.0,False,False,1.040019907,1.040019907
2452,729,scene_3.1,scene_3.1_y03,3,23,6,116.521197829,10.696959072,-344.164107054,0.0,180.0,-25.0,False,False,1.040019907,1.040019907
2453,730,scene_3.1,scene_3.1_y03,3,23,7,116.521197829,10.696959072,-343.124087148,0.0,180.0,-25.0,False,False,1.040019907,1.040019907
2454,731,scene_3.1,scene_3.1_y03,3,23,8,116.521197829,10.696959072,-342.084067241,0.0,180.0,-25.0,False,False,1.040019907,1.040019907
2455,732,scene_3.1,scene_3.1_y03,3,23,9,116.521197829,10.696959072,-341.044047334,0.0,180.0,-25.0,False,False,1.040019907,1.040019907
2456,733,scene_3.1,scene_3.1_y03,3,23,10,116.521197829,10.696959072,-340.004027428,0.0,180.0,-25.0,False,False,1.040019907,1.040019907
2457,734,scene_3.1,scene_3.1_y03,3,23,11,116.521197829,10.696959072,-338.964007521,0.0,180.0,-25.0,False,False,1.040019907,1.040019907
2458,735,scene_3.1,scene_3.1_y03,3,23,12,116.521197829,10.696959072,-337.923987615,0.0,180.0,-25.0,False,False,1.040019907,1.040019907
2459,736,scene_3.1,scene_3.1_y03,3,23,13,116.521197829,10.696959072,-336.883967708,0.0,180.0,-25.0,False,False,1.040019907,1.040019907
2460,737,scene_3.1,scene_3.1_y03,3,23,14,116.521197829,10.696959072,-335.843947801,0.0,180.0,-25.0,False,False,1.040019907,1.040019907
2461,738,scene_3.1,scene_3.1_y03,3,23,15,116.521197829,10.696959072,-334.803927895,0.0,180.0,-25.0,False,False,1.040019907,1.040019907
2462,739,scene_3.1,scene_3.1_y03,3,23,16,116.521197829,10.696959072,-333.763907988,0.0,180.0,-25.0,False,False,1.040019907,1.040019907
2463,740,scene_3.1,scene_3.1_y03,3,23,17,116.521197829,10.696959072,-332.723888082,0.0,180.0,-25.0,False,False,1.040019907,1.040019907
2464,741,scene_3.1,scene_3.1_y03,3,23,18,116.521197829,10.696959072,-331.683868175,0.0,180.0,-25.0,False,False,1.040019907,1.040019907
2465,742,scene_3.1,scene_3.1_y03,3,23,19,116.521197829,10.696959072,-330.643848268,0.0,180.0,-25.0,False,False,1.040019907,1.040019907
2466,743,scene_3.1,scene_3.1_y03,3,23,20,116.521197829,10.696959072,-329.603828362,0.0,180.0,-25.0,False,False,1.040019907,1.040019907
2467,744,scene_3.1,scene_3.1_y03,3,23,21,116.521197829,10.696959072,-328.563808455,0.0,180.0,-25.0,False,False,1.040019907,1.040019907
2468,745,scene_3.1,scene_3.1_y03,3,23,22,116.521197829,10.696959072,-327.523788548,0.0,180.0,-25.0,False,False,1.040019907,1.040019907
2469,746,scene_3.1,scene_3.1_y03,3,23,23,116.521197829,10.696959072,-326.483768642,0.0,180.0,-25.0,False,False,1.040019907,1.040019907
2470,747,scene_3.1,scene_3.1_y03,3,23,24,116.521197829,10.696959072,-325.443748735,0.0,180.0,-25.0,False,False,1.040019907,1.040019907
2471,748,scene_3.1,scene_3.1_y03,3,23,25,116.521197829,10.696959072,-324.403728829,0.0,180.0,-25.0,False,False,1.040019907,1.040019907
2472,749,scene_3.1,scene_3.1_y03,3,23,26,116.521197829,10.696959072,-323.363708922,0.0,180.0,-25.0,False,False,1.040019907,1.040019907
2473,750,scene_3.1,scene_3.1_y03,3,23,27,116.521197829,10.696959072,-322.323689015,0.0,180.0,-25.0,False,False,1.040019907,1.040019907
2474,751,scene_3.1,scene_3.1_y03,3,23,28,116.521197829,10.696959072,-321.283669109,0.0,180.0,-25.0,False,False,1.040019907,1.040019907
2475,752,scene_3.1,scene_3.1_y03,3,23,29,116.521197829,10.696959072,-320.243649202,0.0,180.0,-25.0,False,False,1.040019907,1.040019907
2476,753,scene_3.1,scene_3.1_y03,3,23,30,116.521197829,10.696959072,-319.203629296,0.0,180.0,-25.0,False,False,1.040019907,1.040019907
2477,754,scene_3.1,scene_3.1_y03,3,23,31,116.521197829,10.696959072,-318.163609389,0.0,180.0,-25.0,False,False,1.040019907,1.040019907
2478,755,scene_3.1,scene_3.1_y03,3,23,32,116.521197829,10.696959072,-317.123589482,0.0,180.0,-25.0,False,False,1.040019907,1.040019907
2479,756,scene_3.1,scene_3.1_y03,3,23,33,116.521197829,10.696959072,-316.083569576,0.0,180.0,-25.0,False,False,1.040019907,1.040019907
2480,757,scene_3.1,scene_3.1_y03,3,23,34,116.521197829,10.696959072,-315.043549669,0.0,180.0,-25.0,False,False,1.040019907,1.040019907
2481,758,scene_3.1,scene_3.1_y03,3,23,35,116.521197829,10.696959072,-314.003529762,0.0,180.0,-25.0,False,False,1.040019907,1.040019907
2482,759,scene_3.1,scene_3.1_y03,3,23,36,116.521197829,10.696959072,-312.963509856,0.0,180.0,-25.0,False,False,1.040019907,1.040019907
2483,760,scene_3.1,scene_3.1_y03,3,23,37,116.521197829,10.696959072,-311.923489949,90.0,270.0,-25.0,False,False,1.040019907,1.196261079
2484,761,scene_3.1,scene_3.1_y03,3,24,37,117.717458908,10.696959072,-311.923489949,180.0,0.0,-25.0,False,False,1.196261079,1.040019907
2485,762,scene_3.1,scene_3.1_y03,3,24,36,117.717458908,10.696959072,-312.963509856,180.0,0.0,-25.0,True,False,1.040019907,1.040019907
2486,763,scene_3.1,scene_3.1_y03,3,24,35,117.717458908,10.696959072,-314.003529762,180.0,0.0,-25.0,False,False,1.040019907,1.040019907
2487,764,scene_3.1,scene_3.1_y03,3,24,34,117.717458908,10.696959072,-315.043549669,180.0,0.0,-25.0,False,False,1.040019907,1.040019907
2488,765,scene_3.1,scene_3.1_y03,3,24,33,117.717458908,10.696959072,-316.083569576,180.0,0.0,-25.0,True,False,1.040019907,1.040019907
2489,766,scene_3.1,scene_3.1_y03,3,24,32,117.717458908,10.696959072,-317.123589482,180.0,0.0,-25.0,False,False,1.040019907,1.040019907
2490,767,scene_3.1,scene_3.1_y03,3,24,31,117.717458908,10.696959072,-318.163609389,180.0,0.0,-25.0,False,False,1.040019907,1.040019907
2491,768,scene_3.1,scene_3.1_y03,3,24,30,117.717458908,10.696959072,-319.203629296,180.0,0.0,-25.0,True,False,1.040019907,1.040019907
2492,769,scene_3.1,scene_3.1_y03,3,24,29,117.717458908,10.696959072,-320.243649202,180.0,0.0,-25.0,False,False,1.040019907,1.040019907
2493,770,scene_3.1,scene_3.1_y03,3,24,28,117.717458908,10.696959072,-321.283669109,180.0,0.0,-25.0,False,False,1.040019907,1.040019907
2494,771,scene_3.1,scene_3.1_y03,3,24,27,117.717458908,10.696959072,-322.323689015,180.0,0.0,-25.0,True,False,1.040019907,1.040019907
2495,772,scene_3.1,scene_3.1_y03,3,24,26,117.717458908,10.696959072,-323.363708922,180.0,0.0,-25.0,False,False,1.040019907,1.040019907
2496,773,scene_3.1,scene_3.1_y03,3,24,25,117.717458908,10.696959072,-324.403728829,180.0,0.0,-25.0,False,False,1.040019907,1.040019907
2497,774,scene_3.1,scene_3.1_y03,3,24,24,117.717458908,10.696959072,-325.443748735,180.0,0.0,-25.0,True,False,1.040019907,1.040019907
2498,775,scene_3.1,scene_3.1_y03,3,24,23,117.717458908,10.696959072,-326.483768642,180.0,0.0,-25.0,False,False,1.040019907,1.040019907
2499,776,scene_3.1,scene_3.1_y03,3,24,22,117.717458908,10.696959072,-327.523788548,180.0,0.0,-25.0,False,False,1.040019907,1.040019907
2500,777,scene_3.1,scene_3.1_y03,3,24,21,117.717458908,10.696959072,-328.563808455,180.0,0.0,-25.0,True,False,1.040019907,1.040019907
2501,778,scene_3.1,scene_3.1_y03,3,24,20,117.717458908,10.696959072,-329.603828362,180.0,0.0,-25.0,False,False,1.040019907,1.040019907
2502,779,scene_3.1,scene_3.1_y03,3,24,19,117.717458908,10.696959072,-330.643848268,180.0,0.0,-25.0,False,False,1.040019907,1.040019907
2503,780,scene_3.1,scene_3.1_y03,3,24,18,117.717458908,10.696959072,-331.683868175,180.0,0.0,-25.0,True,False,1.040019907,1.040019907
2504,781,scene_3.1,scene_3.1_y03,3,24,17,117.717458908,10.696959072,-332.723888082,180.0,0.0,-25.0,False,False,1.040019907,1.040019907
2505,782,scene_3.1,scene_3.1_y03,3,24,16,117.717458908,10.696959072,-333.763907988,180.0,0.0,-25.0,False,False,1.040019907,1.040019907
2506,783,scene_3.1,scene_3.1_y03,3,24,15,117.717458908,10.696959072,-334.803927895,180.0,0.0,-25.0,True,False,1.040019907,1.040019907
2507,784,scene_3.1,scene_3.1_y03,3,24,14,117.717458908,10.696959072,-335.843947801,180.0,0.0,-25.0,False,False,1.040019907,1.040019907
2508,785,scene_3.1,scene_3.1_y03,3,24,13,117.717458908,10.696959072,-336.883967708,180.0,0.0,-25.0,False,False,1.040019907,1.040019907
2509,786,scene_3.1,scene_3.1_y03,3,24,12,117.717458908,10.696959072,-337.923987615,180.0,0.0,-25.0,True,False,1.040019907,1.040019907
2510,787,scene_3.1,scene_3.1_y03,3,24,11,117.717458908,10.696959072,-338.964007521,180.0,0.0,-25.0,False,False,1.040019907,1.040019907
2511,788,scene_3.1,scene_3.1_y03,3,24,10,117.717458908,10.696959072,-340.004027428,180.0,0.0,-25.0,False,False,1.040019907,1.040019907
2512,789,scene_3.1,scene_3.1_y03,3,24,9,117.717458908,10.696959072,-341.044047334,180.0,0.0,-25.0,True,False,1.040019907,1.040019907
2513,790,scene_3.1,scene_3.1_y03,3,24,8,117.717458908,10.696959072,-342.084067241,180.0,0.0,-25.0,False,False,1.040019907,1.040019907
2514,791,scene_3.1,scene_3.1_y03,3,24,7,117.717458908,10.696959072,-343.124087148,180.0,0.0,-25.0,False,False,1.040019907,1.040019907
2515,792,scene_3.1,scene_3.1_y03,3,24,6,117.717458908,10.696959072,-344.164107054,180.0,0.0,-25.0,True,False,1.040019907,1.040019907
2516,793,scene_3.1,scene_3.1_y03,3,24,5,117.717458908,10.696959072,-345.204126961,180.0,0.0,-25.0,False,False,1.040019907,1.040019907
2517,794,scene_3.1,scene_3.1_y03,3,24,4,117.717458908,10.696959072,-346.244146868,180.0,0.0,-25.0,False,False,1.040019907,1.040019907
2518,795,scene_3.1,scene_3.1_y03,3,24,3,117.717458908,10.696959072,-347.284166774,180.0,0.0,-25.0,True,False,1.040019907,1.040019907
2519,796,scene_3.1,scene_3.1_y03,3,24,2,117.717458908,10.696959072,-348.324186681,180.0,0.0,-25.0,False,False,1.040019907,1.040019907
2520,797,scene_3.1,scene_3.1_y03,3,24,1,117.717458908,10.696959072,-349.364206587,90.0,270.0,-25.0,False,False,1.040019907,1.196261079
2521,798,scene_3.1,scene_3.1_y03,3,25,1,118.913719987,10.696959072,-349.364206587,0.0,180.0,-25.0,False,False,1.196261079,1.040019907
2522,799,scene_3.1,scene_3.1_y03,3,25,2,118.913719987,10.696959072,-348.324186681,0.0,180.0,-25.0,False,False,1.040019907,1.040019907
2523,800,scene_3.1,scene_3.1_y03,3,25,3,118.913719987,10.696959072,-347.284166774,0.0,180.0,-25.0,False,False,1.040019907,1.040019907
2524,801,scene_3.1,scene_3.1_y03,3,25,4,118.913719987,10.696959072,-346.244146868,0.0,180.0,-25.0,False,False,1.040019907,1.040019907
2525,802,scene_3.1,scene_3.1_y03,3,25,5,118.913719987,10.696959072,-345.204126961,0.0,180.0,-25.0,False,False,1.040019907,1.040019907
2526,803,scene_3.1,scene_3.1_y03,3,25,6,118.913719987,10.696959072,-344.164107054,0.0,180.0,-25.0,False,False,1.040019907,1.040019907
2527,804,scene_3.1,scene_3.1_y03,3,25,7,118.913719987,10.696959072,-343.124087148,0.0,180.0,-25.0,False,False,1.040019907,1.040019907
2528,805,scene_3.1,scene_3.1_y03,3,25,8,118.913719987,10.696959072,-342.084067241,0.0,180.0,-25.0,False,False,1.040019907,1.040019907
2529,806,scene_3.1,scene_3.1_y03,3,25,9,118.913719987,10.696959072,-341.044047334,0.0,180.0,-25.0,False,False,1.040019907,1.040019907
2530,807,scene_3.1,scene_3.1_y03,3,25,10,118.913719987,10.696959072,-340.004027428,0.0,180.0,-25.0,False,False,1.040019907,1.040019907
2531,808,scene_3.1,scene_3.1_y03,3,25,11,118.913719987,10.696959072,-338.964007521,0.0,180.0,-25.0,False,False,1.040019907,1.040019907
2532,809,scene_3.1,scene_3.1_y03,3,25,12,118.913719987,10.696959072,-337.923987615,0.0,180.0,-25.0,False,False,1.040019907,1.040019907
2533,810,scene_3.1,scene_3.1_y03,3,25,13,118.913719987,10.696959072,-336.883967708,0.0,180.0,-25.0,False,False,1.040019907,1.040019907
2534,811,scene_3.1,scene_3.1_y03,3,25,14,118.913719987,10.696959072,-335.843947801,0.0,180.0,-25.0,False,False,1.040019907,1.040019907
2535,812,scene_3.1,scene_3.1_y03,3,25,15,118.913719987,10.696959072,-334.803927895,0.0,180.0,-25.0,False,False,1.040019907,1.040019907
2536,813,scene_3.1,scene_3.1_y03,3,25,16,118.913719987,10.696959072,-333.763907988,0.0,180.0,-25.0,False,False,1.040019907,1.040019907
2537,814,scene_3.1,scene_3.1_y03,3,25,17,118.913719987,10.696959072,-332.723888082,0.0,180.0,-25.0,False,False,1.040019907,1.040019907
2538,815,scene_3.1,scene_3.1_y03,3,25,18,118.913719987,10.696959072,-331.683868175,0.0,180.0,-25.0,False,False,1.040019907,1.040019907
2539,816,scene_3.1,scene_3.1_y03,3,25,19,118.913719987,10.696959072,-330.643848268,0.0,180.0,-25.0,False,False,1.040019907,1.040019907
2540,817,scene_3.1,scene_3.1_y03,3,25,20,118.913719987,10.696959072,-329.603828362,0.0,180.0,-25.0,False,False,1.040019907,1.040019907
2541,818,scene_3.1,scene_3.1_y03,3,25,21,118.913719987,10.696959072,-328.563808455,0.0,180.0,-25.0,False,False,1.040019907,1.040019907
2542,819,scene_3.1,scene_3.1_y03,3,25,22,118.913719987,10.696959072,-327.523788548,0.0,180.0,-25.0,False,False,1.040019907,1.040019907
2543,820,scene_3.1,scene_3.1_y03,3,25,23,118.913719987,10.696959072,-326.483768642,0.0,180.0,-25.0,False,False,1.040019907,1.040019907
2544,821,scene_3.1,scene_3.1_y03,3,25,24,118.913719987,10.696959072,-325.443748735,0.0,180.0,-25.0,False,False,1.040019907,1.040019907
2545,822,scene_3.1,scene_3.1_y03,3,25,25,118.913719987,10.696959072,-324.403728829,0.0,180.0,-25.0,False,False,1.040019907,1.040019907
2546,823,scene_3.1,scene_3.1_y03,3,25,26,118.913719987,10.696959072,-323.363708922,0.0,180.0,-25.0,False,False,1.040019907,1.040019907
2547,824,scene_3.1,scene_3.1_y03,3,25,27,118.913719987,10.696959072,-322.323689015,0.0,180.0,-25.0,False,False,1.040019907,1.040019907
2548,825,scene_3.1,scene_3.1_y03,3,25,28,118.913719987,10.696959072,-321.283669109,0.0,180.0,-25.0,False,False,1.040019907,1.040019907
2549,826,scene_3.1,scene_3.1_y03,3,25,29,118.913719987,10.696959072,-320.243649202,0.0,180.0,-25.0,False,False,1.040019907,1.040019907
2550,827,scene_3.1,scene_3.1_y03,3,25,30,118.913719987,10.696959072,-319.203629296,0.0,180.0,-25.0,False,False,1.040019907,1.040019907
2551,828,scene_3.1,scene_3.1_y03,3,25,31,118.913719987,10.696959072,-318.163609389,0.0,180.0,-25.0,False,False,1.040019907,1.040019907
2552,829,scene_3.1,scene_3.1_y03,3,25,32,118.913719987,10.696959072,-317.123589482,0.0,180.0,-25.0,False,False,1.040019907,1.040019907
2553,830,scene_3.1,scene_3.1_y03,3,25,33,118.913719987,10.696959072,-316.083569576,0.0,180.0,-25.0,False,False,1.040019907,1.040019907
2554,831,scene_3.1,scene_3.1_y03,3,25,34,118.913719987,10.696959072,-315.043549669,0.0,180.0,-25.0,False,False,1.040019907,1.040019907
2555,832,scene_3.1,scene_3.1_y03,3,25,35,118.913719987,10.696959072,-314.003529762,0.0,180.0,-25.0,False,False,1.040019907,1.040019907
2556,833,scene_3.1,scene_3.1_y03,3,25,36,118.913719987,10.696959072,-312.963509856,0.0,180.0,-25.0,False,False,1.040019907,1.040019907
2557,834,scene_3.1,scene_3.1_y03,3,25,37,118.913719987,10.696959072,-311.923489949,90.0,270.0,-25.0,False,False,1.040019907,1.196261079
2558,835,scene_3.1,scene_3.1_y03,3,26,37,120.109981066,10.696959072,-311.923489949,180.0,0.0,-25.0,False,False,1.196261079,1.040019907
2559,836,scene_3.1,scene_3.1_y03,3,26,36,120.109981066,10.696959072,-312.963509856,180.0,0.0,-25.0,False,False,1.040019907,1.040019907
2560,837,scene_3.1,scene_3.1_y03,3,26,35,120.109981066,10.696959072,-314.003529762,180.0,0.0,-25.0,False,False,1.040019907,1.040019907
2561,838,scene_3.1,scene_3.1_y03,3,26,34,120.109981066,10.696959072,-315.043549669,180.0,0.0,-25.0,False,False,1.040019907,1.040019907
2562,839,scene_3.1,scene_3.1_y03,3,26,33,120.109981066,10.696959072,-316.083569576,180.0,0.0,-25.0,False,False,1.040019907,1.040019907
2563,840,scene_3.1,scene_3.1_y03,3,26,32,120.109981066,10.696959072,-317.123589482,180.0,0.0,-25.0,False,False,1.040019907,1.040019907
2564,841,scene_3.1,scene_3.1_y03,3,26,31,120.109981066,10.696959072,-318.163609389,180.0,0.0,-25.0,False,False,1.040019907,1.040019907
2565,842,scene_3.1,scene_3.1_y03,3,26,30,120.109981066,10.696959072,-319.203629296,180.0,0.0,-25.0,False,False,1.040019907,1.040019907
2566,843,scene_3.1,scene_3.1_y03,3,26,29,120.109981066,10.696959072,-320.243649202,180.0,0.0,-25.0,False,False,1.040019907,1.040019907
2567,844,scene_3.1,scene_3.1_y03,3,26,28,120.109981066,10.696959072,-321.283669109,180.0,0.0,-25.0,False,False,1.040019907,1.040019907
2568,845,scene_3.1,scene_3.1_y03,3,26,27,120.109981066,10.696959072,-322.323689015,180.0,0.0,-25.0,False,False,1.040019907,1.040019907
2569,846,scene_3.1,scene_3.1_y03,3,26,26,120.109981066,10.696959072,-323.363708922,180.0,0.0,-25.0,False,False,1.040019907,1.040019907
2570,847,scene_3.1,scene_3.1_y03,3,26,25,120.109981066,10.696959072,-324.403728829,180.0,0.0,-25.0,False,False,1.040019907,1.040019907
2571,848,scene_3.1,scene_3.1_y03,3,26,24,120.109981066,10.696959072,-325.443748735,180.0,0.0,-25.0,False,False,1.040019907,1.040019907
2572,849,scene_3.1,scene_3.1_y03,3,26,23,120.109981066,10.696959072,-326.483768642,180.0,0.0,-25.0,False,False,1.040019907,1.040019907
2573,850,scene_3.1,scene_3.1_y03,3,26,22,120.109981066,10.696959072,-327.523788548,180.0,0.0,-25.0,False,False,1.040019907,1.040019907
2574,851,scene_3.1,scene_3.1_y03,3,26,21,120.109981066,10.696959072,-328.563808455,180.0,0.0,-25.0,False,False,1.040019907,1.040019907
2575,852,scene_3.1,scene_3.1_y03,3,26,20,120.109981066,10.696959072,-329.603828362,180.0,0.0,-25.0,False,False,1.040019907,1.040019907
2576,853,scene_3.1,scene_3.1_y03,3,26,19,120.109981066,10.696959072,-330.643848268,180.0,0.0,-25.0,False,False,1.040019907,1.040019907
2577,854,scene_3.1,scene_3.1_y03,3,26,18,120.109981066,10.696959072,-331.683868175,180.0,0.0,-25.0,False,False,1.040019907,1.040019907
2578,855,scene_3.1,scene_3.1_y03,3,26,17,120.109981066,10.696959072,-332.723888082,180.0,0.0,-25.0,False,False,1.040019907,1.040019907
2579,856,scene_3.1,scene_3.1_y03,3,26,16,120.109981066,10.696959072,-333.763907988,180.0,0.0,-25.0,False,False,1.040019907,1.040019907
2580,857,scene_3.1,scene_3.1_y03,3,26,15,120.109981066,10.696959072,-334.803927895,180.0,0.0,-25.0,False,False,1.040019907,1.040019907
2581,858,scene_3.1,scene_3.1_y03,3,26,14,120.109981066,10.696959072,-335.843947801,180.0,0.0,-25.0,False,False,1.040019907,1.040019907
2582,859,scene_3.1,scene_3.1_y03,3,26,13,120.109981066,10.696959072,-336.883967708,180.0,0.0,-25.0,False,False,1.040019907,1.040019907
2583,860,scene_3.1,scene_3.1_y03,3,26,12,120.109981066,10.696959072,-337.923987615,180.0,0.0,-25.0,False,False,1.040019907,1.040019907
2584,861,scene_3.1,scene_3.1_y03,3,26,11,120.109981066,10.696959072,-338.964007521,180.0,0.0,-25.0,False,False,1.040019907,1.040019907
2585,862,scene_3.1,scene_3.1_y03,3,26,10,120.109981066,10.696959072,-340.004027428,180.0,0.0,-25.0,False,False,1.040019907,1.040019907
2586,863,scene_3.1,scene_3.1_y03,3,26,9,120.109981066,10.696959072,-341.044047334,180.0,0.0,-25.0,False,False,1.040019907,1.040019907
2587,864,scene_3.1,scene_3.1_y03,3,26,8,120.109981066,10.696959072,-342.084067241,180.0,0.0,-25.0,False,False,1.040019907,1.040019907
2588,865,scene_3.1,scene_3.1_y03,3,26,7,120.109981066,10.696959072,-343.124087148,180.0,0.0,-25.0,False,False,1.040019907,1.040019907
2589,866,scene_3.1,scene_3.1_y03,3,26,6,120.109981066,10.696959072,-344.164107054,180.0,0.0,-25.0,False,False,1.040019907,1.040019907
2590,867,scene_3.1,scene_3.1_y03,3,26,5,120.109981066,10.696959072,-345.204126961,180.0,0.0,-25.0,False,False,1.040019907,1.040019907
2591,868,scene_3.1,scene_3.1_y03,3,26,4,120.109981066,10.696959072,-346.244146868,180.0,0.0,-25.0,False,False,1.040019907,1.040019907
2592,869,scene_3.1,scene_3.1_y03,3,26,3,120.109981066,10.696959072,-347.284166774,180.0,0.0,-25.0,False,False,1.040019907,1.040019907
2593,870,scene_3.1,scene_3.1_y03,3,26,2,120.109981066,10.696959072,-348.324186681,180.0,0.0,-25.0,False,False,1.040019907,1.040019907
2594,871,scene_3.1,scene_3.1_y03,3,26,1,120.109981066,10.696959072,-349.364206587,90.0,270.0,-25.0,False,False,1.040019907,1.196261079
2595,872,scene_3.1,scene_3.1_y03,3,27,1,121.306242146,10.696959072,-349.364206587,0.0,180.0,-25.0,False,False,1.196261079,1.040019907
2596,873,scene_3.1,scene_3.1_y03,3,27,2,121.306242146,10.696959072,-348.324186681,0.0,180.0,-25.0,False,False,1.040019907,1.040019907
2597,874,scene_3.1,scene_3.1_y03,3,27,3,121.306242146,10.696959072,-347.284166774,0.0,180.0,-25.0,True,False,1.040019907,1.040019907
2598,875,scene_3.1,scene_3.1_y03,3,27,4,121.306242146,10.696959072,-346.244146868,0.0,180.0,-25.0,False,False,1.040019907,1.040019907
2599,876,scene_3.1,scene_3.1_y03,3,27,5,121.306242146,10.696959072,-345.204126961,0.0,180.0,-25.0,False,False,1.040019907,1.040019907
2600,877,scene_3.1,scene_3.1_y03,3,27,6,121.306242146,10.696959072,-344.164107054,0.0,180.0,-25.0,True,False,1.040019907,1.040019907
2601,878,scene_3.1,scene_3.1_y03,3,27,7,121.306242146,10.696959072,-343.124087148,0.0,180.0,-25.0,False,False,1.040019907,1.040019907
2602,879,scene_3.1,scene_3.1_y03,3,27,8,121.306242146,10.696959072,-342.084067241,0.0,180.0,-25.0,False,False,1.040019907,1.040019907
2603,880,scene_3.1,scene_3.1_y03,3,27,9,121.306242146,10.696959072,-341.044047334,0.0,180.0,-25.0,True,False,1.040019907,1.040019907
2604,881,scene_3.1,scene_3.1_y03,3,27,10,121.306242146,10.696959072,-340.004027428,0.0,180.0,-25.0,False,False,1.040019907,1.040019907
2605,882,scene_3.1,scene_3.1_y03,3,27,11,121.306242146,10.696959072,-338.964007521,0.0,180.0,-25.0,False,False,1.040019907,1.040019907
2606,883,scene_3.1,scene_3.1_y03,3,27,12,121.306242146,10.696959072,-337.923987615,0.0,180.0,-25.0,True,False,1.040019907,1.040019907
2607,884,scene_3.1,scene_3.1_y03,3,27,13,121.306242146,10.696959072,-336.883967708,0.0,180.0,-25.0,False,False,1.040019907,1.040019907
2608,885,scene_3.1,scene_3.1_y03,3,27,14,121.306242146,10.696959072,-335.843947801,0.0,180.0,-25.0,False,False,1.040019907,1.040019907
2609,886,scene_3.1,scene_3.1_y03,3,27,15,121.306242146,10.696959072,-334.803927895,0.0,180.0,-25.0,True,False,1.040019907,1.040019907
2610,887,scene_3.1,scene_3.1_y03,3,27,16,121.306242146,10.696959072,-333.763907988,0.0,180.0,-25.0,False,False,1.040019907,1.040019907
2611,888,scene_3.1,scene_3.1_y03,3,27,17,121.306242146,10.696959072,-332.723888082,0.0,180.0,-25.0,False,False,1.040019907,1.040019907
2612,889,scene_3.1,scene_3.1_y03,3,27,18,121.306242146,10.696959072,-331.683868175,0.0,180.0,-25.0,True,False,1.040019907,1.040019907
2613,890,scene_3.1,scene_3.1_y03,3,27,19,121.306242146,10.696959072,-330.643848268,0.0,180.0,-25.0,False,False,1.040019907,1.040019907
2614,891,scene_3.1,scene_3.1_y03,3,27,20,121.306242146,10.696959072,-329.603828362,0.0,180.0,-25.0,False,False,1.040019907,1.040019907
2615,892,scene_3.1,scene_3.1_y03,3,27,21,121.306242146,10.696959072,-328.563808455,0.0,180.0,-25.0,True,False,1.040019907,1.040019907
2616,893,scene_3.1,scene_3.1_y03,3,27,22,121.306242146,10.696959072,-327.523788548,0.0,180.0,-25.0,False,False,1.040019907,1.040019907
2617,894,scene_3.1,scene_3.1_y03,3,27,23,121.306242146,10.696959072,-326.483768642,0.0,180.0,-25.0,False,False,1.040019907,1.040019907
2618,895,scene_3.1,scene_3.1_y03,3,27,24,121.306242146,10.696959072,-325.443748735,0.0,180.0,-25.0,True,False,1.040019907,1.040019907
2619,896,scene_3.1,scene_3.1_y03,3,27,25,121.306242146,10.696959072,-324.403728829,0.0,180.0,-25.0,False,False,1.040019907,1.040019907
2620,897,scene_3.1,scene_3.1_y03,3,27,26,121.306242146,10.696959072,-323.363708922,0.0,180.0,-25.0,False,False,1.040019907,1.040019907
2621,898,scene_3.1,scene_3.1_y03,3,27,27,121.306242146,10.696959072,-322.323689015,0.0,180.0,-25.0,True,False,1.040019907,1.040019907
2622,899,scene_3.1,scene_3.1_y03,3,27,28,121.306242146,10.696959072,-321.283669109,0.0,180.0,-25.0,False,False,1.040019907,1.040019907
2623,900,scene_3.1,scene_3.1_y03,3,27,29,121.306242146,10.696959072,-320.243649202,0.0,180.0,-25.0,False,False,1.040019907,1.040019907
2624,901,scene_3.1,scene_3.1_y03,3,27,30,121.306242146,10.696959072,-319.203629296,0.0,180.0,-25.0,True,False,1.040019907,1.040019907
2625,902,scene_3.1,scene_3.1_y03,3,27,31,121.306242146,10.696959072,-318.163609389,0.0,180.0,-25.0,False,False,1.040019907,1.040019907
2626,903,scene_3.1,scene_3.1_y03,3,27,32,121.306242146,10.696959072,-317.123589482,0.0,180.0,-25.0,False,False,1.040019907,1.040019907
2627,904,scene_3.1,scene_3.1_y03,3,27,33,121.306242146,10.696959072,-316.083569576,0.0,180.0,-25.0,True,False,1.040019907,1.040019907
2628,905,scene_3.1,scene_3.1_y03,3,27,34,121.306242146,10.696959072,-315.043549669,0.0,180.0,-25.0,False,False,1.040019907,1.040019907
2629,906,scene_3.1,scene_3.1_y03,3,27,35,121.306242146,10.696959072,-314.003529762,0.0,180.0,-25.0,False,False,1.040019907,1.040019907
2630,907,scene_3.1,scene_3.1_y03,3,27,36,121.306242146,10.696959072,-312.963509856,0.0,180.0,-25.0,True,False,1.040019907,1.040019907
2631,908,scene_3.1,scene_3.1_y03,3,27,37,121.306242146,10.696959072,-311.923489949,90.0,270.0,-25.0,False,False,1.040019907,1.196261079
2632,909,scene_3.1,scene_3.1_y03,3,28,37,122.502503225,10.696959072,-311.923489949,180.0,0.0,-25.0,False,False,1.196261079,1.040019907
2633,910,scene_3.1,scene_3.1_y03,3,28,36,122.502503225,10.696959072,-312.963509856,180.0,0.0,-25.0,False,False,1.040019907,1.040019907
2634,911,scene_3.1,scene_3.1_y03,3,28,35,122.502503225,10.696959072,-314.003529762,180.0,0.0,-25.0,False,False,1.040019907,1.040019907
2635,912,scene_3.1,scene_3.1_y03,3,28,34,122.502503225,10.696959072,-315.043549669,180.0,0.0,-25.0,False,False,1.040019907,1.040019907
2636,913,scene_3.1,scene_3.1_y03,3,28,33,122.502503225,10.696959072,-316.083569576,180.0,0.0,-25.0,False,False,1.040019907,1.040019907
2637,914,scene_3.1,scene_3.1_y03,3,28,32,122.502503225,10.696959072,-317.123589482,180.0,0.0,-25.0,False,False,1.040019907,1.040019907
2638,915,scene_3.1,scene_3.1_y03,3,28,31,122.502503225,10.696959072,-318.163609389,180.0,0.0,-25.0,False,False,1.040019907,1.040019907
2639,916,scene_3.1,scene_3.1_y03,3,28,30,122.502503225,10.696959072,-319.203629296,180.0,0.0,-25.0,False,False,1.040019907,1.040019907
2640,917,scene_3.1,scene_3.1_y03,3,28,29,122.502503225,10.696959072,-320.243649202,180.0,0.0,-25.0,False,False,1.040019907,1.040019907
2641,918,scene_3.1,scene_3.1_y03,3,28,28,122.502503225,10.696959072,-321.283669109,180.0,0.0,-25.0,False,False,1.040019907,1.040019907
2642,919,scene_3.1,scene_3.1_y03,3,28,27,122.502503225,10.696959072,-322.323689015,180.0,0.0,-25.0,False,False,1.040019907,1.040019907
2643,920,scene_3.1,scene_3.1_y03,3,28,26,122.502503225,10.696959072,-323.363708922,180.0,0.0,-25.0,False,False,1.040019907,1.040019907
2644,921,scene_3.1,scene_3.1_y03,3,28,25,122.502503225,10.696959072,-324.403728829,180.0,0.0,-25.0,False,False,1.040019907,1.040019907
2645,922,scene_3.1,scene_3.1_y03,3,28,24,122.502503225,10.696959072,-325.443748735,180.0,0.0,-25.0,False,False,1.040019907,1.040019907
2646,923,scene_3.1,scene_3.1_y03,3,28,23,122.502503225,10.696959072,-326.483768642,180.0,0.0,-25.0,False,False,1.040019907,1.040019907
2647,924,scene_3.1,scene_3.1_y03,3,28,22,122.502503225,10.696959072,-327.523788548,180.0,0.0,-25.0,False,False,1.040019907,1.040019907
2648,925,scene_3.1,scene_3.1_y03,3,28,21,122.502503225,10.696959072,-328.563808455,180.0,0.0,-25.0,False,False,1.040019907,1.040019907
2649,926,scene_3.1,scene_3.1_y03,3,28,20,122.502503225,10.696959072,-329.603828362,180.0,0.0,-25.0,False,False,1.040019907,1.040019907
2650,927,scene_3.1,scene_3.1_y03,3,28,19,122.502503225,10.696959072,-330.643848268,180.0,0.0,-25.0,False,False,1.040019907,1.040019907
2651,928,scene_3.1,scene_3.1_y03,3,28,18,122.502503225,10.696959072,-331.683868175,180.0,0.0,-25.0,False,False,1.040019907,1.040019907
2652,929,scene_3.1,scene_3.1_y03,3,28,17,122.502503225,10.696959072,-332.723888082,180.0,0.0,-25.0,False,False,1.040019907,1.040019907
2653,930,scene_3.1,scene_3.1_y03,3,28,16,122.502503225,10.696959072,-333.763907988,180.0,0.0,-25.0,False,False,1.040019907,1.040019907
2654,931,scene_3.1,scene_3.1_y03,3,28,15,122.502503225,10.696959072,-334.803927895,180.0,0.0,-25.0,False,False,1.040019907,1.040019907
2655,932,scene_3.1,scene_3.1_y03,3,28,14,122.502503225,10.696959072,-335.843947801,180.0,0.0,-25.0,False,False,1.040019907,1.040019907
2656,933,scene_3.1,scene_3.1_y03,3,28,13,122.502503225,10.696959072,-336.883967708,180.0,0.0,-25.0,False,False,1.040019907,1.040019907
2657,934,scene_3.1,scene_3.1_y03,3,28,12,122.502503225,10.696959072,-337.923987615,180.0,0.0,-25.0,False,False,1.040019907,1.040019907
2658,935,scene_3.1,scene_3.1_y03,3,28,11,122.502503225,10.696959072,-338.964007521,180.0,0.0,-25.0,False,False,1.040019907,1.040019907
2659,936,scene_3.1,scene_3.1_y03,3,28,10,122.502503225,10.696959072,-340.004027428,180.0,0.0,-25.0,False,False,1.040019907,1.040019907
2660,937,scene_3.1,scene_3.1_y03,3,28,9,122.502503225,10.696959072,-341.044047334,180.0,0.0,-25.0,False,False,1.040019907,1.040019907
2661,938,scene_3.1,scene_3.1_y03,3,28,8,122.502503225,10.696959072,-342.084067241,180.0,0.0,-25.0,False,False,1.040019907,1.040019907
2662,939,scene_3.1,scene_3.1_y03,3,28,7,122.502503225,10.696959072,-343.124087148,180.0,0.0,-25.0,False,False,1.040019907,1.040019907
2663,940,scene_3.1,scene_3.1_y03,3,28,6,122.502503225,10.696959072,-344.164107054,180.0,0.0,-25.0,False,False,1.040019907,1.040019907
2664,941,scene_3.1,scene_3.1_y03,3,28,5,122.502503225,10.696959072,-345.204126961,180.0,0.0,-25.0,False,False,1.040019907,1.040019907
2665,942,scene_3.1,scene_3.1_y03,3,28,4,122.502503225,10.696959072,-346.244146868,180.0,0.0,-25.0,False,False,1.040019907,1.040019907
2666,943,scene_3.1,scene_3.1_y03,3,28,3,122.502503225,10.696959072,-347.284166774,180.0,0.0,-25.0,False,False,1.040019907,1.040019907
2667,944,scene_3.1,scene_3.1_y03,3,28,2,122.502503225,10.696959072,-348.324186681,180.0,0.0,-25.0,False,False,1.040019907,1.040019907
2668,945,scene_3.1,scene_3.1_y03,3,28,1,122.502503225,10.696959072,-349.364206587,48.996562381,228.996562381,-25.0,False,False,1.040019907,1.58514415
2669,946,scene_3.1,scene_3.1_y03,3,29,2,123.698764304,10.696959072,-348.324186681,0.0,180.0,-25.0,False,False,1.58514415,1.040019907
2670,947,scene_3.1,scene_3.1_y03,3,29,3,123.698764304,10.696959072,-347.284166774,0.0,180.0,-25.0,False,False,1.040019907,1.040019907
2671,948,scene_3.1,scene_3.1_y03,3,29,4,123.698764304,10.696959072,-346.244146868,0.0,180.0,-25.0,False,False,1.040019907,1.040019907
2672,949,scene_3.1,scene_3.1_y03,3,29,5,123.698764304,10.696959072,-345.204126961,0.0,180.0,-25.0,False,False,1.040019907,1.040019907
2673,950,scene_3.1,scene_3.1_y03,3,29,6,123.698764304,10.696959072,-344.164107054,0.0,180.0,-25.0,False,False,1.040019907,1.040019907
2674,951,scene_3.1,scene_3.1_y03,3,29,7,123.698764304,10.696959072,-343.124087148,0.0,180.0,-25.0,False,False,1.040019907,1.040019907
2675,952,scene_3.1,scene_3.1_y03,3,29,8,123.698764304,10.696959072,-342.084067241,0.0,180.0,-25.0,False,False,1.040019907,1.040019907
2676,953,scene_3.1,scene_3.1_y03,3,29,9,123.698764304,10.696959072,-341.044047334,0.0,180.0,-25.0,False,False,1.040019907,1.040019907
2677,954,scene_3.1,scene_3.1_y03,3,29,10,123.698764304,10.696959072,-340.004027428,0.0,180.0,-25.0,False,False,1.040019907,1.040019907
2678,955,scene_3.1,scene_3.1_y03,3,29,11,123.698764304,10.696959072,-338.964007521,0.0,180.0,-25.0,False,False,1.040019907,1.040019907
2679,956,scene_3.1,scene_3.1_y03,3,29,12,123.698764304,10.696959072,-337.923987615,0.0,180.0,-25.0,False,False,1.040019907,1.040019907
2680,957,scene_3.1,scene_3.1_y03,3,29,13,123.698764304,10.696959072,-336.883967708,0.0,180.0,-25.0,False,False,1.040019907,1.040019907
2681,958,scene_3.1,scene_3.1_y03,3,29,14,123.698764304,10.696959072,-335.843947801,0.0,180.0,-25.0,False,False,1.040019907,1.040019907
2682,959,scene_3.1,scene_3.1_y03,3,29,15,123.698764304,10.696959072,-334.803927895,0.0,180.0,-25.0,False,False,1.040019907,1.040019907
2683,960,scene_3.1,scene_3.1_y03,3,29,16,123.698764304,10.696959072,-333.763907988,0.0,180.0,-25.0,False,False,1.040019907,1.040019907
2684,961,scene_3.1,scene_3.1_y03,3,29,17,123.698764304,10.696959072,-332.723888082,0.0,180.0,-25.0,False,False,1.040019907,1.040019907
2685,962,scene_3.1,scene_3.1_y03,3,29,18,123.698764304,10.696959072,-331.683868175,0.0,180.0,-25.0,False,False,1.040019907,1.040019907
2686,963,scene_3.1,scene_3.1_y03,3,29,19,123.698764304,10.696959072,-330.643848268,0.0,180.0,-25.0,False,False,1.040019907,1.040019907
2687,964,scene_3.1,scene_3.1_y03,3,29,20,123.698764304,10.696959072,-329.603828362,0.0,180.0,-25.0,False,False,1.040019907,1.040019907
2688,965,scene_3.1,scene_3.1_y03,3,29,21,123.698764304,10.696959072,-328.563808455,0.0,180.0,-25.0,False,False,1.040019907,1.040019907
2689,966,scene_3.1,scene_3.1_y03,3,29,22,123.698764304,10.696959072,-327.523788548,0.0,180.0,-25.0,False,False,1.040019907,1.040019907
2690,967,scene_3.1,scene_3.1_y03,3,29,23,123.698764304,10.696959072,-326.483768642,0.0,180.0,-25.0,False,False,1.040019907,1.040019907
2691,968,scene_3.1,scene_3.1_y03,3,29,24,123.698764304,10.696959072,-325.443748735,0.0,180.0,-25.0,False,False,1.040019907,1.040019907
2692,969,scene_3.1,scene_3.1_y03,3,29,25,123.698764304,10.696959072,-324.403728829,0.0,180.0,-25.0,False,False,1.040019907,1.040019907
2693,970,scene_3.1,scene_3.1_y03,3,29,26,123.698764304,10.696959072,-323.363708922,0.0,180.0,-25.0,False,False,1.040019907,1.040019907
2694,971,scene_3.1,scene_3.1_y03,3,29,27,123.698764304,10.696959072,-322.323689015,0.0,180.0,-25.0,False,False,1.040019907,1.040019907
2695,972,scene_3.1,scene_3.1_y03,3,29,28,123.698764304,10.696959072,-321.283669109,0.0,180.0,-25.0,False,False,1.040019907,1.040019907
2696,973,scene_3.1,scene_3.1_y03,3,29,29,123.698764304,10.696959072,-320.243649202,0.0,180.0,-25.0,False,False,1.040019907,1.040019907
2697,974,scene_3.1,scene_3.1_y03,3,29,30,123.698764304,10.696959072,-319.203629296,0.0,180.0,-25.0,False,False,1.040019907,1.040019907
2698,975,scene_3.1,scene_3.1_y03,3,29,31,123.698764304,10.696959072,-318.163609389,0.0,180.0,-25.0,False,False,1.040019907,1.040019907
2699,976,scene_3.1,scene_3.1_y03,3,29,32,123.698764304,10.696959072,-317.123589482,0.0,180.0,-25.0,False,False,1.040019907,1.040019907
2700,977,scene_3.1,scene_3.1_y03,3,29,33,123.698764304,10.696959072,-316.083569576,0.0,180.0,-25.0,False,False,1.040019907,1.040019907
2701,978,scene_3.1,scene_3.1_y03,3,29,34,123.698764304,10.696959072,-315.043549669,0.0,180.0,-25.0,False,False,1.040019907,1.040019907
2702,979,scene_3.1,scene_3.1_y03,3,29,35,123.698764304,10.696959072,-314.003529762,0.0,180.0,-25.0,False,False,1.040019907,1.040019907
2703,980,scene_3.1,scene_3.1_y03,3,29,36,123.698764304,10.696959072,-312.963509856,0.0,180.0,-25.0,False,False,1.040019907,1.040019907
2704,981,scene_3.1,scene_3.1_y03,3,29,37,123.698764304,10.696959072,-311.923489949,90.0,270.0,-25.0,False,False,1.040019907,1.196261079
2705,982,scene_3.1,scene_3.1_y03,3,30,37,124.895025383,10.696959072,-311.923489949,180.0,0.0,-25.0,False,False,1.196261079,1.040019907
2706,983,scene_3.1,scene_3.1_y03,3,30,36,124.895025383,10.696959072,-312.963509856,180.0,0.0,-25.0,True,False,1.040019907,1.040019907
2707,984,scene_3.1,scene_3.1_y03,3,30,35,124.895025383,10.696959072,-314.003529762,180.0,0.0,-25.0,False,False,1.040019907,1.040019907
2708,985,scene_3.1,scene_3.1_y03,3,30,34,124.895025383,10.696959072,-315.043549669,180.0,0.0,-25.0,False,False,1.040019907,1.040019907
2709,986,scene_3.1,scene_3.1_y03,3,30,33,124.895025383,10.696959072,-316.083569576,180.0,0.0,-25.0,True,False,1.040019907,1.040019907
2710,987,scene_3.1,scene_3.1_y03,3,30,32,124.895025383,10.696959072,-317.123589482,180.0,0.0,-25.0,False,False,1.040019907,1.040019907
2711,988,scene_3.1,scene_3.1_y03,3,30,31,124.895025383,10.696959072,-318.163609389,180.0,0.0,-25.0,False,False,1.040019907,1.040019907
2712,989,scene_3.1,scene_3.1_y03,3,30,30,124.895025383,10.696959072,-319.203629296,180.0,0.0,-25.0,True,False,1.040019907,1.040019907
2713,990,scene_3.1,scene_3.1_y03,3,30,29,124.895025383,10.696959072,-320.243649202,180.0,0.0,-25.0,False,False,1.040019907,1.040019907
2714,991,scene_3.1,scene_3.1_y03,3,30,28,124.895025383,10.696959072,-321.283669109,180.0,0.0,-25.0,False,False,1.040019907,1.040019907
2715,992,scene_3.1,scene_3.1_y03,3,30,27,124.895025383,10.696959072,-322.323689015,180.0,0.0,-25.0,True,False,1.040019907,1.040019907
2716,993,scene_3.1,scene_3.1_y03,3,30,26,124.895025383,10.696959072,-323.363708922,180.0,0.0,-25.0,False,False,1.040019907,1.040019907
2717,994,scene_3.1,scene_3.1_y03,3,30,25,124.895025383,10.696959072,-324.403728829,180.0,0.0,-25.0,False,False,1.040019907,1.040019907
2718,995,scene_3.1,scene_3.1_y03,3,30,24,124.895025383,10.696959072,-325.443748735,180.0,0.0,-25.0,True,False,1.040019907,1.040019907
2719,996,scene_3.1,scene_3.1_y03,3,30,23,124.895025383,10.696959072,-326.483768642,180.0,0.0,-25.0,False,False,1.040019907,1.040019907
2720,997,scene_3.1,scene_3.1_y03,3,30,22,124.895025383,10.696959072,-327.523788548,180.0,0.0,-25.0,False,False,1.040019907,1.040019907
2721,998,scene_3.1,scene_3.1_y03,3,30,21,124.895025383,10.696959072,-328.563808455,180.0,0.0,-25.0,True,False,1.040019907,1.040019907
2722,999,scene_3.1,scene_3.1_y03,3,30,20,124.895025383,10.696959072,-329.603828362,180.0,0.0,-25.0,False,False,1.040019907,1.040019907
2723,1000,scene_3.1,scene_3.1_y03,3,30,19,124.895025383,10.696959072,-330.643848268,180.0,0.0,-25.0,False,False,1.040019907,1.040019907
2724,1001,scene_3.1,scene_3.1_y03,3,30,18,124.895025383,10.696959072,-331.683868175,180.0,0.0,-25.0,True,False,1.040019907,1.040019907
2725,1002,scene_3.1,scene_3.1_y03,3,30,17,124.895025383,10.696959072,-332.723888082,180.0,0.0,-25.0,False,False,1.040019907,1.040019907
2726,1003,scene_3.1,scene_3.1_y03,3,30,16,124.895025383,10.696959072,-333.763907988,180.0,0.0,-25.0,False,False,1.040019907,1.040019907
2727,1004,scene_3.1,scene_3.1_y03,3,30,15,124.895025383,10.696959072,-334.803927895,180.0,0.0,-25.0,True,False,1.040019907,1.040019907
2728,1005,scene_3.1,scene_3.1_y03,3,30,14,124.895025383,10.696959072,-335.843947801,180.0,0.0,-25.0,False,False,1.040019907,1.040019907
2729,1006,scene_3.1,scene_3.1_y03,3,30,13,124.895025383,10.696959072,-336.883967708,180.0,0.0,-25.0,False,False,1.040019907,1.040019907
2730,1007,scene_3.1,scene_3.1_y03,3,30,12,124.895025383,10.696959072,-337.923987615,180.0,0.0,-25.0,True,False,1.040019907,1.040019907
2731,1008,scene_3.1,scene_3.1_y03,3,30,11,124.895025383,10.696959072,-338.964007521,180.0,0.0,-25.0,False,False,1.040019907,1.040019907
2732,1009,scene_3.1,scene_3.1_y03,3,30,10,124.895025383,10.696959072,-340.004027428,180.0,0.0,-25.0,False,False,1.040019907,1.040019907
2733,1010,scene_3.1,scene_3.1_y03,3,30,9,124.895025383,10.696959072,-341.044047334,180.0,0.0,-25.0,True,False,1.040019907,1.040019907
2734,1011,scene_3.1,scene_3.1_y03,3,30,8,124.895025383,10.696959072,-342.084067241,180.0,0.0,-25.0,False,False,1.040019907,1.040019907
2735,1012,scene_3.1,scene_3.1_y03,3,30,7,124.895025383,10.696959072,-343.124087148,180.0,0.0,-25.0,False,False,1.040019907,1.040019907
2736,1013,scene_3.1,scene_3.1_y03,3,30,6,124.895025383,10.696959072,-344.164107054,180.0,0.0,-25.0,True,False,1.040019907,1.040019907
2737,1014,scene_3.1,scene_3.1_y03,3,30,5,124.895025383,10.696959072,-345.204126961,180.0,0.0,-25.0,False,False,1.040019907,1.040019907
2738,1015,scene_3.1,scene_3.1_y03,3,30,4,124.895025383,10.696959072,-346.244146868,180.0,0.0,-25.0,False,False,1.040019907,1.040019907
2739,1016,scene_3.1,scene_3.1_y03,3,30,3,124.895025383,10.696959072,-347.284166774,180.0,0.0,-25.0,True,False,1.040019907,1.040019907
2740,1017,scene_3.1,scene_3.1_y03,3,30,2,124.895025383,10.696959072,-348.324186681,90.0,270.0,-25.0,False,False,1.040019907,1.196261079
2741,1018,scene_3.1,scene_3.1_y03,3,31,2,126.091286462,10.696959072,-348.324186681,0.0,180.0,-25.0,False,False,1.196261079,1.040019907
2742,1019,scene_3.1,scene_3.1_y03,3,31,3,126.091286462,10.696959072,-347.284166774,0.0,180.0,-25.0,False,False,1.040019907,1.040019907
2743,1020,scene_3.1,scene_3.1_y03,3,31,4,126.091286462,10.696959072,-346.244146868,0.0,180.0,-25.0,False,False,1.040019907,1.040019907
2744,1021,scene_3.1,scene_3.1_y03,3,31,5,126.091286462,10.696959072,-345.204126961,0.0,180.0,-25.0,False,False,1.040019907,1.040019907
2745,1022,scene_3.1,scene_3.1_y03,3,31,6,126.091286462,10.696959072,-344.164107054,0.0,180.0,-25.0,False,False,1.040019907,1.040019907
2746,1023,scene_3.1,scene_3.1_y03,3,31,7,126.091286462,10.696959072,-343.124087148,0.0,180.0,-25.0,False,False,1.040019907,1.040019907
2747,1024,scene_3.1,scene_3.1_y03,3,31,8,126.091286462,10.696959072,-342.084067241,0.0,180.0,-25.0,False,False,1.040019907,1.040019907
2748,1025,scene_3.1,scene_3.1_y03,3,31,9,126.091286462,10.696959072,-341.044047334,0.0,180.0,-25.0,False,False,1.040019907,1.040019907
2749,1026,scene_3.1,scene_3.1_y03,3,31,10,126.091286462,10.696959072,-340.004027428,0.0,180.0,-25.0,False,False,1.040019907,1.040019907
2750,1027,scene_3.1,scene_3.1_y03,3,31,11,126.091286462,10.696959072,-338.964007521,0.0,180.0,-25.0,False,False,1.040019907,1.040019907
2751,1028,scene_3.1,scene_3.1_y03,3,31,12,126.091286462,10.696959072,-337.923987615,0.0,180.0,-25.0,False,False,1.040019907,1.040019907
2752,1029,scene_3.1,scene_3.1_y03,3,31,13,126.091286462,10.696959072,-336.883967708,0.0,180.0,-25.0,False,False,1.040019907,1.040019907
2753,1030,scene_3.1,scene_3.1_y03,3,31,14,126.091286462,10.696959072,-335.843947801,0.0,180.0,-25.0,False,False,1.040019907,1.040019907
2754,1031,scene_3.1,scene_3.1_y03,3,31,15,126.091286462,10.696959072,-334.803927895,0.0,180.0,-25.0,False,False,1.040019907,1.040019907
2755,1032,scene_3.1,scene_3.1_y03,3,31,16,126.091286462,10.696959072,-333.763907988,0.0,180.0,-25.0,False,False,1.040019907,1.040019907
2756,1033,scene_3.1,scene_3.1_y03,3,31,17,126.091286462,10.696959072,-332.723888082,0.0,180.0,-25.0,False,False,1.040019907,1.040019907
2757,1034,scene_3.1,scene_3.1_y03,3,31,18,126.091286462,10.696959072,-331.683868175,0.0,180.0,-25.0,False,False,1.040019907,1.040019907
2758,1035,scene_3.1,scene_3.1_y03,3,31,19,126.091286462,10.696959072,-330.643848268,0.0,180.0,-25.0,False,False,1.040019907,1.040019907
2759,1036,scene_3.1,scene_3.1_y03,3,31,20,126.091286462,10.696959072,-329.603828362,0.0,180.0,-25.0,False,False,1.040019907,1.040019907
2760,1037,scene_3.1,scene_3.1_y03,3,31,21,126.091286462,10.696959072,-328.563808455,0.0,180.0,-25.0,False,False,1.040019907,1.040019907
2761,1038,scene_3.1,scene_3.1_y03,3,31,22,126.091286462,10.696959072,-327.523788548,0.0,180.0,-25.0,False,False,1.040019907,1.040019907
2762,1039,scene_3.1,scene_3.1_y03,3,31,23,126.091286462,10.696959072,-326.483768642,0.0,180.0,-25.0,False,False,1.040019907,1.040019907
2763,1040,scene_3.1,scene_3.1_y03,3,31,24,126.091286462,10.696959072,-325.443748735,0.0,180.0,-25.0,False,False,1.040019907,1.040019907
2764,1041,scene_3.1,scene_3.1_y03,3,31,25,126.091286462,10.696959072,-324.403728829,0.0,180.0,-25.0,False,False,1.040019907,1.040019907
2765,1042,scene_3.1,scene_3.1_y03,3,31,26,126.091286462,10.696959072,-323.363708922,0.0,180.0,-25.0,False,False,1.040019907,1.040019907
2766,1043,scene_3.1,scene_3.1_y03,3,31,27,126.091286462,10.696959072,-322.323689015,0.0,180.0,-25.0,False,False,1.040019907,1.040019907
2767,1044,scene_3.1,scene_3.1_y03,3,31,28,126.091286462,10.696959072,-321.283669109,0.0,180.0,-25.0,False,False,1.040019907,1.040019907
2768,1045,scene_3.1,scene_3.1_y03,3,31,29,126.091286462,10.696959072,-320.243649202,0.0,180.0,-25.0,False,False,1.040019907,1.040019907
2769,1046,scene_3.1,scene_3.1_y03,3,31,30,126.091286462,10.696959072,-319.203629296,0.0,180.0,-25.0,False,False,1.040019907,1.040019907
2770,1047,scene_3.1,scene_3.1_y03,3,31,31,126.091286462,10.696959072,-318.163609389,0.0,180.0,-25.0,False,False,1.040019907,1.040019907
2771,1048,scene_3.1,scene_3.1_y03,3,31,32,126.091286462,10.696959072,-317.123589482,0.0,180.0,-25.0,False,False,1.040019907,1.040019907
2772,1049,scene_3.1,scene_3.1_y03,3,31,33,126.091286462,10.696959072,-316.083569576,0.0,180.0,-25.0,False,False,1.040019907,1.040019907
2773,1050,scene_3.1,scene_3.1_y03,3,31,34,126.091286462,10.696959072,-315.043549669,0.0,180.0,-25.0,False,False,1.040019907,1.040019907
2774,1051,scene_3.1,scene_3.1_y03,3,31,35,126.091286462,10.696959072,-314.003529762,0.0,180.0,-25.0,False,False,1.040019907,1.040019907
2775,1052,scene_3.1,scene_3.1_y03,3,31,36,126.091286462,10.696959072,-312.963509856,0.0,180.0,-25.0,False,False,1.040019907,1.040019907
2776,1053,scene_3.1,scene_3.1_y03,3,31,37,126.091286462,10.696959072,-311.923489949,90.0,270.0,-25.0,False,False,1.040019907,1.196261079
2777,1054,scene_3.1,scene_3.1_y03,3,32,37,127.287547542,10.696959072,-311.923489949,180.0,0.0,-25.0,False,False,1.196261079,1.040019907
2778,1055,scene_3.1,scene_3.1_y03,3,32,36,127.287547542,10.696959072,-312.963509856,180.0,0.0,-25.0,False,False,1.040019907,1.040019907
2779,1056,scene_3.1,scene_3.1_y03,3,32,35,127.287547542,10.696959072,-314.003529762,180.0,0.0,-25.0,False,False,1.040019907,1.040019907
2780,1057,scene_3.1,scene_3.1_y03,3,32,34,127.287547542,10.696959072,-315.043549669,180.0,0.0,-25.0,False,False,1.040019907,1.040019907
2781,1058,scene_3.1,scene_3.1_y03,3,32,33,127.287547542,10.696959072,-316.083569576,180.0,0.0,-25.0,False,False,1.040019907,1.040019907
2782,1059,scene_3.1,scene_3.1_y03,3,32,32,127.287547542,10.696959072,-317.123589482,180.0,0.0,-25.0,False,False,1.040019907,1.040019907
2783,1060,scene_3.1,scene_3.1_y03,3,32,31,127.287547542,10.696959072,-318.163609389,180.0,0.0,-25.0,False,False,1.040019907,1.040019907
2784,1061,scene_3.1,scene_3.1_y03,3,32,30,127.287547542,10.696959072,-319.203629296,180.0,0.0,-25.0,False,False,1.040019907,1.040019907
2785,1062,scene_3.1,scene_3.1_y03,3,32,29,127.287547542,10.696959072,-320.243649202,180.0,0.0,-25.0,False,False,1.040019907,1.040019907
2786,1063,scene_3.1,scene_3.1_y03,3,32,28,127.287547542,10.696959072,-321.283669109,180.0,0.0,-25.0,False,False,1.040019907,1.040019907
2787,1064,scene_3.1,scene_3.1_y03,3,32,27,127.287547542,10.696959072,-322.323689015,180.0,0.0,-25.0,False,False,1.040019907,1.040019907
2788,1065,scene_3.1,scene_3.1_y03,3,32,26,127.287547542,10.696959072,-323.363708922,180.0,0.0,-25.0,False,False,1.040019907,1.040019907
2789,1066,scene_3.1,scene_3.1_y03,3,32,25,127.287547542,10.696959072,-324.403728829,180.0,0.0,-25.0,False,False,1.040019907,1.040019907
2790,1067,scene_3.1,scene_3.1_y03,3,32,24,127.287547542,10.696959072,-325.443748735,180.0,0.0,-25.0,False,False,1.040019907,1.040019907
2791,1068,scene_3.1,scene_3.1_y03,3,32,23,127.287547542,10.696959072,-326.483768642,180.0,0.0,-25.0,False,False,1.040019907,1.040019907
2792,1069,scene_3.1,scene_3.1_y03,3,32,22,127.287547542,10.696959072,-327.523788548,180.0,0.0,-25.0,False,False,1.040019907,1.040019907
2793,1070,scene_3.1,scene_3.1_y03,3,32,21,127.287547542,10.696959072,-328.563808455,180.0,0.0,-25.0,False,False,1.040019907,1.040019907
2794,1071,scene_3.1,scene_3.1_y03,3,32,20,127.287547542,10.696959072,-329.603828362,180.0,0.0,-25.0,False,False,1.040019907,1.040019907
2795,1072,scene_3.1,scene_3.1_y03,3,32,19,127.287547542,10.696959072,-330.643848268,180.0,0.0,-25.0,False,False,1.040019907,1.040019907
2796,1073,scene_3.1,scene_3.1_y03,3,32,18,127.287547542,10.696959072,-331.683868175,180.0,0.0,-25.0,False,False,1.040019907,1.040019907
2797,1074,scene_3.1,scene_3.1_y03,3,32,17,127.287547542,10.696959072,-332.723888082,180.0,0.0,-25.0,False,False,1.040019907,1.040019907
2798,1075,scene_3.1,scene_3.1_y03,3,32,16,127.287547542,10.696959072,-333.763907988,180.0,0.0,-25.0,False,False,1.040019907,1.040019907
2799,1076,scene_3.1,scene_3.1_y03,3,32,15,127.287547542,10.696959072,-334.803927895,180.0,0.0,-25.0,False,False,1.040019907,1.040019907
2800,1077,scene_3.1,scene_3.1_y03,3,32,14,127.287547542,10.696959072,-335.843947801,180.0,0.0,-25.0,False,False,1.040019907,1.040019907
2801,1078,scene_3.1,scene_3.1_y03,3,32,13,127.287547542,10.696959072,-336.883967708,180.0,0.0,-25.0,False,False,1.040019907,1.040019907
2802,1079,scene_3.1,scene_3.1_y03,3,32,12,127.287547542,10.696959072,-337.923987615,180.0,0.0,-25.0,False,False,1.040019907,1.040019907
2803,1080,scene_3.1,scene_3.1_y03,3,32,11,127.287547542,10.696959072,-338.964007521,180.0,0.0,-25.0,False,False,1.040019907,1.040019907
2804,1081,scene_3.1,scene_3.1_y03,3,32,10,127.287547542,10.696959072,-340.004027428,180.0,0.0,-25.0,False,False,1.040019907,1.040019907
2805,1082,scene_3.1,scene_3.1_y03,3,32,9,127.287547542,10.696959072,-341.044047334,180.0,0.0,-25.0,False,False,1.040019907,1.040019907
2806,1083,scene_3.1,scene_3.1_y03,3,32,8,127.287547542,10.696959072,-342.084067241,180.0,0.0,-25.0,False,False,1.040019907,1.040019907
2807,1084,scene_3.1,scene_3.1_y03,3,32,7,127.287547542,10.696959072,-343.124087148,180.0,0.0,-25.0,False,False,1.040019907,1.040019907
2808,1085,scene_3.1,scene_3.1_y03,3,32,6,127.287547542,10.696959072,-344.164107054,180.0,0.0,-25.0,False,False,1.040019907,1.040019907
2809,1086,scene_3.1,scene_3.1_y03,3,32,5,127.287547542,10.696959072,-345.204126961,180.0,0.0,-25.0,False,False,1.040019907,1.040019907
2810,1087,scene_3.1,scene_3.1_y03,3,32,4,127.287547542,10.696959072,-346.244146868,180.0,0.0,-25.0,False,False,1.040019907,1.040019907
2811,1088,scene_3.1,scene_3.1_y03,3,32,3,127.287547542,10.696959072,-347.284166774,180.0,0.0,-25.0,False,False,1.040019907,1.040019907
2812,1089,scene_3.1,scene_3.1_y03,3,32,2,127.287547542,10.696959072,-348.324186681,90.0,270.0,-25.0,False,False,1.040019907,1.196261079
2813,1090,scene_3.1,scene_3.1_y03,3,33,2,128.483808621,10.696959072,-348.324186681,0.0,180.0,-25.0,False,False,1.196261079,1.040019907
2814,1091,scene_3.1,scene_3.1_y03,3,33,3,128.483808621,10.696959072,-347.284166774,0.0,180.0,-25.0,True,False,1.040019907,1.040019907
2815,1092,scene_3.1,scene_3.1_y03,3,33,4,128.483808621,10.696959072,-346.244146868,0.0,180.0,-25.0,False,False,1.040019907,1.040019907
2816,1093,scene_3.1,scene_3.1_y03,3,33,5,128.483808621,10.696959072,-345.204126961,0.0,180.0,-25.0,False,False,1.040019907,1.040019907
2817,1094,scene_3.1,scene_3.1_y03,3,33,6,128.483808621,10.696959072,-344.164107054,0.0,180.0,-25.0,True,False,1.040019907,1.040019907
2818,1095,scene_3.1,scene_3.1_y03,3,33,7,128.483808621,10.696959072,-343.124087148,0.0,180.0,-25.0,False,False,1.040019907,1.040019907
2819,1096,scene_3.1,scene_3.1_y03,3,33,8,128.483808621,10.696959072,-342.084067241,0.0,180.0,-25.0,False,False,1.040019907,1.040019907
2820,1097,scene_3.1,scene_3.1_y03,3,33,9,128.483808621,10.696959072,-341.044047334,0.0,180.0,-25.0,True,False,1.040019907,1.040019907
2821,1098,scene_3.1,scene_3.1_y03,3,33,10,128.483808621,10.696959072,-340.004027428,0.0,180.0,-25.0,False,False,1.040019907,1.040019907
2822,1099,scene_3.1,scene_3.1_y03,3,33,11,128.483808621,10.696959072,-338.964007521,0.0,180.0,-25.0,False,False,1.040019907,1.040019907
2823,1100,scene_3.1,scene_3.1_y03,3,33,12,128.483808621,10.696959072,-337.923987615,0.0,180.0,-25.0,True,False,1.040019907,1.040019907
2824,1101,scene_3.1,scene_3.1_y03,3,33,13,128.483808621,10.696959072,-336.883967708,0.0,180.0,-25.0,False,False,1.040019907,1.040019907
2825,1102,scene_3.1,scene_3.1_y03,3,33,14,128.483808621,10.696959072,-335.843947801,0.0,180.0,-25.0,False,False,1.040019907,1.040019907
2826,1103,scene_3.1,scene_3.1_y03,3,33,15,128.483808621,10.696959072,-334.803927895,0.0,180.0,-25.0,True,False,1.040019907,1.040019907
2827,1104,scene_3.1,scene_3.1_y03,3,33,16,128.483808621,10.696959072,-333.763907988,0.0,180.0,-25.0,False,False,1.040019907,1.040019907
2828,1105,scene_3.1,scene_3.1_y03,3,33,17,128.483808621,10.696959072,-332.723888082,0.0,180.0,-25.0,False,False,1.040019907,1.040019907
2829,1106,scene_3.1,scene_3.1_y03,3,33,18,128.483808621,10.696959072,-331.683868175,0.0,180.0,-25.0,True,False,1.040019907,1.040019907
2830,1107,scene_3.1,scene_3.1_y03,3,33,19,128.483808621,10.696959072,-330.643848268,0.0,180.0,-25.0,False,False,1.040019907,1.040019907
2831,1108,scene_3.1,scene_3.1_y03,3,33,20,128.483808621,10.696959072,-329.603828362,0.0,180.0,-25.0,False,False,1.040019907,1.040019907
2832,1109,scene_3.1,scene_3.1_y03,3,33,21,128.483808621,10.696959072,-328.563808455,0.0,180.0,-25.0,True,False,1.040019907,1.040019907
2833,1110,scene_3.1,scene_3.1_y03,3,33,22,128.483808621,10.696959072,-327.523788548,0.0,180.0,-25.0,False,False,1.040019907,1.040019907
2834,1111,scene_3.1,scene_3.1_y03,3,33,23,128.483808621,10.696959072,-326.483768642,0.0,180.0,-25.0,False,False,1.040019907,1.040019907
2835,1112,scene_3.1,scene_3.1_y03,3,33,24,128.483808621,10.696959072,-325.443748735,0.0,180.0,-25.0,True,False,1.040019907,1.040019907
2836,1113,scene_3.1,scene_3.1_y03,3,33,25,128.483808621,10.696959072,-324.403728829,0.0,180.0,-25.0,False,False,1.040019907,1.040019907
2837,1114,scene_3.1,scene_3.1_y03,3,33,26,128.483808621,10.696959072,-323.363708922,0.0,180.0,-25.0,False,False,1.040019907,1.040019907
2838,1115,scene_3.1,scene_3.1_y03,3,33,27,128.483808621,10.696959072,-322.323689015,0.0,180.0,-25.0,True,False,1.040019907,1.040019907
2839,1116,scene_3.1,scene_3.1_y03,3,33,28,128.483808621,10.696959072,-321.283669109,0.0,180.0,-25.0,False,False,1.040019907,1.040019907
2840,1117,scene_3.1,scene_3.1_y03,3,33,29,128.483808621,10.696959072,-320.243649202,0.0,180.0,-25.0,False,False,1.040019907,1.040019907
2841,1118,scene_3.1,scene_3.1_y03,3,33,30,128.483808621,10.696959072,-319.203629296,0.0,180.0,-25.0,True,False,1.040019907,1.040019907
2842,1119,scene_3.1,scene_3.1_y03,3,33,31,128.483808621,10.696959072,-318.163609389,0.0,180.0,-25.0,False,False,1.040019907,1.040019907
2843,1120,scene_3.1,scene_3.1_y03,3,33,32,128.483808621,10.696959072,-317.123589482,0.0,180.0,-25.0,False,False,1.040019907,1.040019907
2844,1121,scene_3.1,scene_3.1_y03,3,33,33,128.483808621,10.696959072,-316.083569576,0.0,180.0,-25.0,True,False,1.040019907,1.040019907
2845,1122,scene_3.1,scene_3.1_y03,3,33,34,128.483808621,10.696959072,-315.043549669,0.0,180.0,-25.0,False,False,1.040019907,1.040019907
2846,1123,scene_3.1,scene_3.1_y03,3,33,35,128.483808621,10.696959072,-314.003529762,0.0,180.0,-25.0,False,False,1.040019907,1.040019907
2847,1124,scene_3.1,scene_3.1_y03,3,33,36,128.483808621,10.696959072,-312.963509856,0.0,180.0,-25.0,True,False,1.040019907,1.040019907
2848,1125,scene_3.1,scene_3.1_y03,3,33,37,128.483808621,10.696959072,-311.923489949,131.003437619,311.003437619,-25.0,False,False,1.040019907,1.58514415
2849,1126,scene_3.1,scene_3.1_y03,3,34,36,129.6800697,10.696959072,-312.963509856,180.0,0.0,-25.0,False,False,1.58514415,1.040019907
2850,1127,scene_3.1,scene_3.1_y03,3,34,35,129.6800697,10.696959072,-314.003529762,180.0,0.0,-25.0,False,False,1.040019907,1.040019907
2851,1128,scene_3.1,scene_3.1_y03,3,34,34,129.6800697,10.696959072,-315.043549669,180.0,0.0,-25.0,False,False,1.040019907,1.040019907
2852,1129,scene_3.1,scene_3.1_y03,3,34,33,129.6800697,10.696959072,-316.083569576,180.0,0.0,-25.0,False,False,1.040019907,1.040019907
2853,1130,scene_3.1,scene_3.1_y03,3,34,32,129.6800697,10.696959072,-317.123589482,180.0,0.0,-25.0,False,False,1.040019907,1.040019907
2854,1131,scene_3.1,scene_3.1_y03,3,34,31,129.6800697,10.696959072,-318.163609389,180.0,0.0,-25.0,False,False,1.040019907,1.040019907
2855,1132,scene_3.1,scene_3.1_y03,3,34,30,129.6800697,10.696959072,-319.203629296,180.0,0.0,-25.0,False,False,1.040019907,1.040019907
2856,1133,scene_3.1,scene_3.1_y03,3,34,29,129.6800697,10.696959072,-320.243649202,180.0,0.0,-25.0,False,False,1.040019907,1.040019907
2857,1134,scene_3.1,scene_3.1_y03,3,34,28,129.6800697,10.696959072,-321.283669109,180.0,0.0,-25.0,False,False,1.040019907,1.040019907
2858,1135,scene_3.1,scene_3.1_y03,3,34,27,129.6800697,10.696959072,-322.323689015,180.0,0.0,-25.0,False,False,1.040019907,1.040019907
2859,1136,scene_3.1,scene_3.1_y03,3,34,26,129.6800697,10.696959072,-323.363708922,180.0,0.0,-25.0,False,False,1.040019907,1.040019907
2860,1137,scene_3.1,scene_3.1_y03,3,34,25,129.6800697,10.696959072,-324.403728829,180.0,0.0,-25.0,False,False,1.040019907,1.040019907
2861,1138,scene_3.1,scene_3.1_y03,3,34,24,129.6800697,10.696959072,-325.443748735,180.0,0.0,-25.0,False,False,1.040019907,1.040019907
2862,1139,scene_3.1,scene_3.1_y03,3,34,23,129.6800697,10.696959072,-326.483768642,180.0,0.0,-25.0,False,False,1.040019907,1.040019907
2863,1140,scene_3.1,scene_3.1_y03,3,34,22,129.6800697,10.696959072,-327.523788548,180.0,0.0,-25.0,False,False,1.040019907,1.040019907
2864,1141,scene_3.1,scene_3.1_y03,3,34,21,129.6800697,10.696959072,-328.563808455,180.0,0.0,-25.0,False,False,1.040019907,1.040019907
2865,1142,scene_3.1,scene_3.1_y03,3,34,20,129.6800697,10.696959072,-329.603828362,180.0,0.0,-25.0,False,False,1.040019907,1.040019907
2866,1143,scene_3.1,scene_3.1_y03,3,34,19,129.6800697,10.696959072,-330.643848268,180.0,0.0,-25.0,False,False,1.040019907,1.040019907
2867,1144,scene_3.1,scene_3.1_y03,3,34,18,129.6800697,10.696959072,-331.683868175,180.0,0.0,-25.0,False,False,1.040019907,1.040019907
2868,1145,scene_3.1,scene_3.1_y03,3,34,17,129.6800697,10.696959072,-332.723888082,180.0,0.0,-25.0,False,False,1.040019907,1.040019907
2869,1146,scene_3.1,scene_3.1_y03,3,34,16,129.6800697,10.696959072,-333.763907988,180.0,0.0,-25.0,False,False,1.040019907,1.040019907
2870,1147,scene_3.1,scene_3.1_y03,3,34,15,129.6800697,10.696959072,-334.803927895,180.0,0.0,-25.0,False,False,1.040019907,1.040019907
2871,1148,scene_3.1,scene_3.1_y03,3,34,14,129.6800697,10.696959072,-335.843947801,180.0,0.0,-25.0,False,False,1.040019907,1.040019907
2872,1149,scene_3.1,scene_3.1_y03,3,34,13,129.6800697,10.696959072,-336.883967708,180.0,0.0,-25.0,False,False,1.040019907,1.040019907
2873,1150,scene_3.1,scene_3.1_y03,3,34,12,129.6800697,10.696959072,-337.923987615,180.0,0.0,-25.0,False,False,1.040019907,1.040019907
2874,1151,scene_3.1,scene_3.1_y03,3,34,11,129.6800697,10.696959072,-338.964007521,180.0,0.0,-25.0,False,False,1.040019907,1.040019907
2875,1152,scene_3.1,scene_3.1_y03,3,34,10,129.6800697,10.696959072,-340.004027428,180.0,0.0,-25.0,False,False,1.040019907,1.040019907
2876,1153,scene_3.1,scene_3.1_y03,3,34,9,129.6800697,10.696959072,-341.044047334,180.0,0.0,-25.0,False,False,1.040019907,1.040019907
2877,1154,scene_3.1,scene_3.1_y03,3,34,8,129.6800697,10.696959072,-342.084067241,180.0,0.0,-25.0,False,False,1.040019907,1.040019907
2878,1155,scene_3.1,scene_3.1_y03,3,34,7,129.6800697,10.696959072,-343.124087148,180.0,0.0,-25.0,False,False,1.040019907,1.040019907
2879,1156,scene_3.1,scene_3.1_y03,3,34,6,129.6800697,10.696959072,-344.164107054,180.0,0.0,-25.0,False,False,1.040019907,1.040019907
2880,1157,scene_3.1,scene_3.1_y03,3,34,5,129.6800697,10.696959072,-345.204126961,180.0,0.0,-25.0,False,False,1.040019907,1.040019907
2881,1158,scene_3.1,scene_3.1_y03,3,34,4,129.6800697,10.696959072,-346.244146868,180.0,0.0,-25.0,False,False,1.040019907,1.040019907
2882,1159,scene_3.1,scene_3.1_y03,3,34,3,129.6800697,10.696959072,-347.284166774,180.0,0.0,-25.0,False,False,1.040019907,1.040019907
2883,1160,scene_3.1,scene_3.1_y03,3,34,2,129.6800697,10.696959072,-348.324186681,48.996562381,228.996562381,-25.0,False,False,1.040019907,1.58514415
2884,1161,scene_3.1,scene_3.1_y03,3,35,3,130.876330779,10.696959072,-347.284166774,0.0,180.0,-25.0,False,False,1.58514415,1.040019907
2885,1162,scene_3.1,scene_3.1_y03,3,35,4,130.876330779,10.696959072,-346.244146868,0.0,180.0,-25.0,False,False,1.040019907,1.040019907
2886,1163,scene_3.1,scene_3.1_y03,3,35,5,130.876330779,10.696959072,-345.204126961,0.0,180.0,-25.0,False,False,1.040019907,1.040019907
2887,1164,scene_3.1,scene_3.1_y03,3,35,6,130.876330779,10.696959072,-344.164107054,0.0,180.0,-25.0,False,False,1.040019907,1.040019907
2888,1165,scene_3.1,scene_3.1_y03,3,35,7,130.876330779,10.696959072,-343.124087148,0.0,180.0,-25.0,False,False,1.040019907,1.040019907
2889,1166,scene_3.1,scene_3.1_y03,3,35,8,130.876330779,10.696959072,-342.084067241,0.0,180.0,-25.0,False,False,1.040019907,1.040019907
2890,1167,scene_3.1,scene_3.1_y03,3,35,9,130.876330779,10.696959072,-341.044047334,0.0,180.0,-25.0,False,False,1.040019907,1.040019907
2891,1168,scene_3.1,scene_3.1_y03,3,35,10,130.876330779,10.696959072,-340.004027428,0.0,180.0,-25.0,False,False,1.040019907,1.040019907
2892,1169,scene_3.1,scene_3.1_y03,3,35,11,130.876330779,10.696959072,-338.964007521,0.0,180.0,-25.0,False,False,1.040019907,1.040019907
2893,1170,scene_3.1,scene_3.1_y03,3,35,12,130.876330779,10.696959072,-337.923987615,0.0,180.0,-25.0,False,False,1.040019907,1.040019907
2894,1171,scene_3.1,scene_3.1_y03,3,35,13,130.876330779,10.696959072,-336.883967708,0.0,180.0,-25.0,False,False,1.040019907,1.040019907
2895,1172,scene_3.1,scene_3.1_y03,3,35,14,130.876330779,10.696959072,-335.843947801,0.0,180.0,-25.0,False,False,1.040019907,1.040019907
2896,1173,scene_3.1,scene_3.1_y03,3,35,15,130.876330779,10.696959072,-334.803927895,0.0,180.0,-25.0,False,False,1.040019907,1.040019907
2897,1174,scene_3.1,scene_3.1_y03,3,35,16,130.876330779,10.696959072,-333.763907988,0.0,180.0,-25.0,False,False,1.040019907,1.040019907
2898,1175,scene_3.1,scene_3.1_y03,3,35,17,130.876330779,10.696959072,-332.723888082,0.0,180.0,-25.0,False,False,1.040019907,1.040019907
2899,1176,scene_3.1,scene_3.1_y03,3,35,18,130.876330779,10.696959072,-331.683868175,0.0,180.0,-25.0,False,False,1.040019907,1.040019907
2900,1177,scene_3.1,scene_3.1_y03,3,35,19,130.876330779,10.696959072,-330.643848268,0.0,180.0,-25.0,False,False,1.040019907,1.040019907
2901,1178,scene_3.1,scene_3.1_y03,3,35,20,130.876330779,10.696959072,-329.603828362,0.0,180.0,-25.0,False,False,1.040019907,1.040019907
2902,1179,scene_3.1,scene_3.1_y03,3,35,21,130.876330779,10.696959072,-328.563808455,0.0,180.0,-25.0,False,False,1.040019907,1.040019907
2903,1180,scene_3.1,scene_3.1_y03,3,35,22,130.876330779,10.696959072,-327.523788548,0.0,180.0,-25.0,False,False,1.040019907,1.040019907
2904,1181,scene_3.1,scene_3.1_y03,3,35,23,130.876330779,10.696959072,-326.483768642,0.0,180.0,-25.0,False,False,1.040019907,1.040019907
2905,1182,scene_3.1,scene_3.1_y03,3,35,24,130.876330779,10.696959072,-325.443748735,0.0,180.0,-25.0,False,False,1.040019907,1.040019907
2906,1183,scene_3.1,scene_3.1_y03,3,35,25,130.876330779,10.696959072,-324.403728829,0.0,180.0,-25.0,False,False,1.040019907,1.040019907
2907,1184,scene_3.1,scene_3.1_y03,3,35,26,130.876330779,10.696959072,-323.363708922,0.0,180.0,-25.0,False,False,1.040019907,1.040019907
2908,1185,scene_3.1,scene_3.1_y03,3,35,27,130.876330779,10.696959072,-322.323689015,0.0,180.0,-25.0,False,False,1.040019907,1.040019907
2909,1186,scene_3.1,scene_3.1_y03,3,35,28,130.876330779,10.696959072,-321.283669109,0.0,180.0,-25.0,False,False,1.040019907,1.040019907
2910,1187,scene_3.1,scene_3.1_y03,3,35,29,130.876330779,10.696959072,-320.243649202,0.0,180.0,-25.0,False,False,1.040019907,1.040019907
2911,1188,scene_3.1,scene_3.1_y03,3,35,30,130.876330779,10.696959072,-319.203629296,0.0,180.0,-25.0,False,False,1.040019907,1.040019907
2912,1189,scene_3.1,scene_3.1_y03,3,35,31,130.876330779,10.696959072,-318.163609389,0.0,180.0,-25.0,False,False,1.040019907,1.040019907
2913,1190,scene_3.1,scene_3.1_y03,3,35,32,130.876330779,10.696959072,-317.123589482,0.0,180.0,-25.0,False,False,1.040019907,1.040019907
2914,1191,scene_3.1,scene_3.1_y03,3,35,33,130.876330779,10.696959072,-316.083569576,0.0,180.0,-25.0,False,False,1.040019907,1.040019907
2915,1192,scene_3.1,scene_3.1_y03,3,35,34,130.876330779,10.696959072,-315.043549669,0.0,180.0,-25.0,False,False,1.040019907,1.040019907
2916,1193,scene_3.1,scene_3.1_y03,3,35,35,130.876330779,10.696959072,-314.003529762,0.0,180.0,-25.0,False,False,1.040019907,1.040019907
2917,1194,scene_3.1,scene_3.1_y03,3,35,36,130.876330779,10.696959072,-312.963509856,90.0,270.0,-25.0,False,False,1.040019907,1.196261079
2918,1195,scene_3.1,scene_3.1_y03,3,36,36,132.072591858,10.696959072,-312.963509856,180.0,0.0,-25.0,True,False,1.196261079,1.040019907
2919,1196,scene_3.1,scene_3.1_y03,3,36,35,132.072591858,10.696959072,-314.003529762,180.0,0.0,-25.0,False,False,1.040019907,1.040019907
2920,1197,scene_3.1,scene_3.1_y03,3,36,34,132.072591858,10.696959072,-315.043549669,180.0,0.0,-25.0,False,False,1.040019907,1.040019907
2921,1198,scene_3.1,scene_3.1_y03,3,36,33,132.072591858,10.696959072,-316.083569576,180.0,0.0,-25.0,True,False,1.040019907,1.040019907
2922,1199,scene_3.1,scene_3.1_y03,3,36,32,132.072591858,10.696959072,-317.123589482,180.0,0.0,-25.0,False,False,1.040019907,1.040019907
2923,1200,scene_3.1,scene_3.1_y03,3,36,31,132.072591858,10.696959072,-318.163609389,180.0,0.0,-25.0,False,False,1.040019907,1.040019907
2924,1201,scene_3.1,scene_3.1_y03,3,36,30,132.072591858,10.696959072,-319.203629296,180.0,0.0,-25.0,True,False,1.040019907,1.040019907
2925,1202,scene_3.1,scene_3.1_y03,3,36,29,132.072591858,10.696959072,-320.243649202,180.0,0.0,-25.0,False,False,1.040019907,1.040019907
2926,1203,scene_3.1,scene_3.1_y03,3,36,28,132.072591858,10.696959072,-321.283669109,180.0,0.0,-25.0,False,False,1.040019907,1.040019907
2927,1204,scene_3.1,scene_3.1_y03,3,36,27,132.072591858,10.696959072,-322.323689015,180.0,0.0,-25.0,True,False,1.040019907,1.040019907
2928,1205,scene_3.1,scene_3.1_y03,3,36,26,132.072591858,10.696959072,-323.363708922,180.0,0.0,-25.0,False,False,1.040019907,1.040019907
2929,1206,scene_3.1,scene_3.1_y03,3,36,25,132.072591858,10.696959072,-324.403728829,180.0,0.0,-25.0,False,False,1.040019907,1.040019907
2930,1207,scene_3.1,scene_3.1_y03,3,36,24,132.072591858,10.696959072,-325.443748735,180.0,0.0,-25.0,True,False,1.040019907,1.040019907
2931,1208,scene_3.1,scene_3.1_y03,3,36,23,132.072591858,10.696959072,-326.483768642,180.0,0.0,-25.0,False,False,1.040019907,1.040019907
2932,1209,scene_3.1,scene_3.1_y03,3,36,22,132.072591858,10.696959072,-327.523788548,180.0,0.0,-25.0,False,False,1.040019907,1.040019907
2933,1210,scene_3.1,scene_3.1_y03,3,36,21,132.072591858,10.696959072,-328.563808455,180.0,0.0,-25.0,True,False,1.040019907,1.040019907
2934,1211,scene_3.1,scene_3.1_y03,3,36,20,132.072591858,10.696959072,-329.603828362,180.0,0.0,-25.0,False,False,1.040019907,1.040019907
2935,1212,scene_3.1,scene_3.1_y03,3,36,19,132.072591858,10.696959072,-330.643848268,180.0,0.0,-25.0,False,False,1.040019907,1.040019907
2936,1213,scene_3.1,scene_3.1_y03,3,36,18,132.072591858,10.696959072,-331.683868175,180.0,0.0,-25.0,True,False,1.040019907,1.040019907
2937,1214,scene_3.1,scene_3.1_y03,3,36,17,132.072591858,10.696959072,-332.723888082,180.0,0.0,-25.0,False,False,1.040019907,1.040019907
2938,1215,scene_3.1,scene_3.1_y03,3,36,16,132.072591858,10.696959072,-333.763907988,180.0,0.0,-25.0,False,False,1.040019907,1.040019907
2939,1216,scene_3.1,scene_3.1_y03,3,36,15,132.072591858,10.696959072,-334.803927895,180.0,0.0,-25.0,True,False,1.040019907,1.040019907
2940,1217,scene_3.1,scene_3.1_y03,3,36,14,132.072591858,10.696959072,-335.843947801,180.0,0.0,-25.0,False,False,1.040019907,1.040019907
2941,1218,scene_3.1,scene_3.1_y03,3,36,13,132.072591858,10.696959072,-336.883967708,180.0,0.0,-25.0,False,False,1.040019907,1.040019907
2942,1219,scene_3.1,scene_3.1_y03,3,36,12,132.072591858,10.696959072,-337.923987615,180.0,0.0,-25.0,True,False,1.040019907,1.040019907
2943,1220,scene_3.1,scene_3.1_y03,3,36,11,132.072591858,10.696959072,-338.964007521,180.0,0.0,-25.0,False,False,1.040019907,1.040019907
2944,1221,scene_3.1,scene_3.1_y03,3,36,10,132.072591858,10.696959072,-340.004027428,180.0,0.0,-25.0,False,False,1.040019907,1.040019907
2945,1222,scene_3.1,scene_3.1_y03,3,36,9,132.072591858,10.696959072,-341.044047334,180.0,0.0,-25.0,True,False,1.040019907,1.040019907
2946,1223,scene_3.1,scene_3.1_y03,3,36,8,132.072591858,10.696959072,-342.084067241,180.0,0.0,-25.0,False,False,1.040019907,1.040019907
2947,1224,scene_3.1,scene_3.1_y03,3,36,7,132.072591858,10.696959072,-343.124087148,180.0,0.0,-25.0,False,False,1.040019907,1.040019907
2948,1225,scene_3.1,scene_3.1_y03,3,36,6,132.072591858,10.696959072,-344.164107054,180.0,0.0,-25.0,True,False,1.040019907,1.040019907
2949,1226,scene_3.1,scene_3.1_y03,3,36,5,132.072591858,10.696959072,-345.204126961,180.0,0.0,-25.0,False,False,1.040019907,1.040019907
2950,1227,scene_3.1,scene_3.1_y03,3,36,4,132.072591858,10.696959072,-346.244146868,180.0,0.0,-25.0,False,False,1.040019907,1.040019907
2951,1228,scene_3.1,scene_3.1_y03,3,36,3,132.072591858,10.696959072,-347.284166774,90.0,270.0,-25.0,True,False,1.040019907,1.196261079
2952,1229,scene_3.1,scene_3.1_y03,3,37,3,133.268852938,10.696959072,-347.284166774,0.0,180.0,-25.0,False,False,1.196261079,1.040019907
2953,1230,scene_3.1,scene_3.1_y03,3,37,4,133.268852938,10.696959072,-346.244146868,0.0,180.0,-25.0,False,False,1.040019907,1.040019907
2954,1231,scene_3.1,scene_3.1_y03,3,37,5,133.268852938,10.696959072,-345.204126961,0.0,180.0,-25.0,False,False,1.040019907,1.040019907
2955,1232,scene_3.1,scene_3.1_y03,3,37,6,133.268852938,10.696959072,-344.164107054,0.0,180.0,-25.0,False,False,1.040019907,1.040019907
2956,1233,scene_3.1,scene_3.1_y03,3,37,7,133.268852938,10.696959072,-343.124087148,0.0,180.0,-25.0,False,False,1.040019907,1.040019907
2957,1234,scene_3.1,scene_3.1_y03,3,37,8,133.268852938,10.696959072,-342.084067241,0.0,180.0,-25.0,False,False,1.040019907,1.040019907
2958,1235,scene_3.1,scene_3.1_y03,3,37,9,133.268852938,10.696959072,-341.044047334,0.0,180.0,-25.0,False,False,1.040019907,1.040019907
2959,1236,scene_3.1,scene_3.1_y03,3,37,10,133.268852938,10.696959072,-340.004027428,0.0,180.0,-25.0,False,False,1.040019907,1.040019907
2960,1237,scene_3.1,scene_3.1_y03,3,37,11,133.268852938,10.696959072,-338.964007521,0.0,180.0,-25.0,False,False,1.040019907,1.040019907
2961,1238,scene_3.1,scene_3.1_y03,3,37,12,133.268852938,10.696959072,-337.923987615,0.0,180.0,-25.0,False,False,1.040019907,1.040019907
2962,1239,scene_3.1,scene_3.1_y03,3,37,13,133.268852938,10.696959072,-336.883967708,0.0,180.0,-25.0,False,False,1.040019907,1.040019907
2963,1240,scene_3.1,scene_3.1_y03,3,37,14,133.268852938,10.696959072,-335.843947801,0.0,180.0,-25.0,False,False,1.040019907,1.040019907
2964,1241,scene_3.1,scene_3.1_y03,3,37,15,133.268852938,10.696959072,-334.803927895,0.0,180.0,-25.0,False,False,1.040019907,1.040019907
2965,1242,scene_3.1,scene_3.1_y03,3,37,16,133.268852938,10.696959072,-333.763907988,0.0,180.0,-25.0,False,False,1.040019907,1.040019907
2966,1243,scene_3.1,scene_3.1_y03,3,37,17,133.268852938,10.696959072,-332.723888082,0.0,180.0,-25.0,False,False,1.040019907,1.040019907
2967,1244,scene_3.1,scene_3.1_y03,3,37,18,133.268852938,10.696959072,-331.683868175,0.0,180.0,-25.0,False,False,1.040019907,1.040019907
2968,1245,scene_3.1,scene_3.1_y03,3,37,19,133.268852938,10.696959072,-330.643848268,0.0,180.0,-25.0,False,False,1.040019907,1.040019907
2969,1246,scene_3.1,scene_3.1_y03,3,37,20,133.268852938,10.696959072,-329.603828362,0.0,180.0,-25.0,False,False,1.040019907,1.040019907
2970,1247,scene_3.1,scene_3.1_y03,3,37,21,133.268852938,10.696959072,-328.563808455,0.0,180.0,-25.0,False,False,1.040019907,1.040019907
2971,1248,scene_3.1,scene_3.1_y03,3,37,22,133.268852938,10.696959072,-327.523788548,0.0,180.0,-25.0,False,False,1.040019907,1.040019907
2972,1249,scene_3.1,scene_3.1_y03,3,37,23,133.268852938,10.696959072,-326.483768642,0.0,180.0,-25.0,False,False,1.040019907,1.040019907
2973,1250,scene_3.1,scene_3.1_y03,3,37,24,133.268852938,10.696959072,-325.443748735,0.0,180.0,-25.0,False,False,1.040019907,1.040019907
2974,1251,scene_3.1,scene_3.1_y03,3,37,25,133.268852938,10.696959072,-324.403728829,0.0,180.0,-25.0,False,False,1.040019907,1.040019907
2975,1252,scene_3.1,scene_3.1_y03,3,37,26,133.268852938,10.696959072,-323.363708922,0.0,180.0,-25.0,False,False,1.040019907,1.040019907
2976,1253,scene_3.1,scene_3.1_y03,3,37,27,133.268852938,10.696959072,-322.323689015,0.0,180.0,-25.0,False,False,1.040019907,1.040019907
2977,1254,scene_3.1,scene_3.1_y03,3,37,28,133.268852938,10.696959072,-321.283669109,0.0,180.0,-25.0,False,False,1.040019907,1.040019907
2978,1255,scene_3.1,scene_3.1_y03,3,37,29,133.268852938,10.696959072,-320.243649202,0.0,180.0,-25.0,False,False,1.040019907,1.040019907
2979,1256,scene_3.1,scene_3.1_y03,3,37,30,133.268852938,10.696959072,-319.203629296,0.0,180.0,-25.0,False,False,1.040019907,1.040019907
2980,1257,scene_3.1,scene_3.1_y03,3,37,31,133.268852938,10.696959072,-318.163609389,0.0,180.0,-25.0,False,False,1.040019907,1.040019907
2981,1258,scene_3.1,scene_3.1_y03,3,37,32,133.268852938,10.696959072,-317.123589482,0.0,180.0,-25.0,False,False,1.040019907,1.040019907
2982,1259,scene_3.1,scene_3.1_y03,3,37,33,133.268852938,10.696959072,-316.083569576,0.0,180.0,-25.0,False,False,1.040019907,1.040019907
2983,1260,scene_3.1,scene_3.1_y03,3,37,34,133.268852938,10.696959072,-315.043549669,0.0,180.0,-25.0,False,False,1.040019907,1.040019907
2984,1261,scene_3.1,scene_3.1_y03,3,37,35,133.268852938,10.696959072,-314.003529762,0.0,180.0,-25.0,False,False,1.040019907,1.040019907
2985,1262,scene_3.1,scene_3.1_y03,3,37,36,133.268852938,10.696959072,-312.963509856,90.0,270.0,-25.0,False,False,1.040019907,1.196261079
2986,1263,scene_3.1,scene_3.1_y03,3,38,36,134.465114017,10.696959072,-312.963509856,180.0,0.0,-25.0,False,False,1.196261079,1.040019907
2987,1264,scene_3.1,scene_3.1_y03,3,38,35,134.465114017,10.696959072,-314.003529762,180.0,0.0,-25.0,False,False,1.040019907,1.040019907
2988,1265,scene_3.1,scene_3.1_y03,3,38,34,134.465114017,10.696959072,-315.043549669,180.0,0.0,-25.0,False,False,1.040019907,1.040019907
2989,1266,scene_3.1,scene_3.1_y03,3,38,33,134.465114017,10.696959072,-316.083569576,180.0,0.0,-25.0,False,False,1.040019907,1.040019907
2990,1267,scene_3.1,scene_3.1_y03,3,38,32,134.465114017,10.696959072,-317.123589482,180.0,0.0,-25.0,False,False,1.040019907,1.040019907
2991,1268,scene_3.1,scene_3.1_y03,3,38,31,134.465114017,10.696959072,-318.163609389,180.0,0.0,-25.0,False,False,1.040019907,1.040019907
2992,1269,scene_3.1,scene_3.1_y03,3,38,30,134.465114017,10.696959072,-319.203629296,180.0,0.0,-25.0,False,False,1.040019907,1.040019907
2993,1270,scene_3.1,scene_3.1_y03,3,38,29,134.465114017,10.696959072,-320.243649202,180.0,0.0,-25.0,False,False,1.040019907,1.040019907
2994,1271,scene_3.1,scene_3.1_y03,3,38,28,134.465114017,10.696959072,-321.283669109,180.0,0.0,-25.0,False,False,1.040019907,1.040019907
2995,1272,scene_3.1,scene_3.1_y03,3,38,27,134.465114017,10.696959072,-322.323689015,180.0,0.0,-25.0,False,False,1.040019907,1.040019907
2996,1273,scene_3.1,scene_3.1_y03,3,38,26,134.465114017,10.696959072,-323.363708922,180.0,0.0,-25.0,False,False,1.040019907,1.040019907
2997,1274,scene_3.1,scene_3.1_y03,3,38,25,134.465114017,10.696959072,-324.403728829,180.0,0.0,-25.0,False,False,1.040019907,1.040019907
2998,1275,scene_3.1,scene_3.1_y03,3,38,24,134.465114017,10.696959072,-325.443748735,180.0,0.0,-25.0,False,False,1.040019907,1.040019907
2999,1276,scene_3.1,scene_3.1_y03,3,38,23,134.465114017,10.696959072,-326.483768642,180.0,0.0,-25.0,False,False,1.040019907,1.040019907
3000,1277,scene_3.1,scene_3.1_y03,3,38,22,134.465114017,10.696959072,-327.523788548,180.0,0.0,-25.0,False,False,1.040019907,1.040019907
3001,1278,scene_3.1,scene_3.1_y03,3,38,21,134.465114017,10.696959072,-328.563808455,180.0,0.0,-25.0,False,False,1.040019907,1.040019907
3002,1279,scene_3.1,scene_3.1_y03,3,38,20,134.465114017,10.696959072,-329.603828362,180.0,0.0,-25.0,False,False,1.040019907,1.040019907
3003,1280,scene_3.1,scene_3.1_y03,3,38,19,134.465114017,10.696959072,-330.643848268,180.0,0.0,-25.0,False,False,1.040019907,1.040019907
3004,1281,scene_3.1,scene_3.1_y03,3,38,18,134.465114017,10.696959072,-331.683868175,180.0,0.0,-25.0,False,False,1.040019907,1.040019907
3005,1282,scene_3.1,scene_3.1_y03,3,38,17,134.465114017,10.696959072,-332.723888082,180.0,0.0,-25.0,False,False,1.040019907,1.040019907
3006,1283,scene_3.1,scene_3.1_y03,3,38,16,134.465114017,10.696959072,-333.763907988,180.0,0.0,-25.0,False,False,1.040019907,1.040019907
3007,1284,scene_3.1,scene_3.1_y03,3,38,15,134.465114017,10.696959072,-334.803927895,180.0,0.0,-25.0,False,False,1.040019907,1.040019907
3008,1285,scene_3.1,scene_3.1_y03,3,38,14,134.465114017,10.696959072,-335.843947801,180.0,0.0,-25.0,False,False,1.040019907,1.040019907
3009,1286,scene_3.1,scene_3.1_y03,3,38,13,134.465114017,10.696959072,-336.883967708,180.0,0.0,-25.0,False,False,1.040019907,1.040019907
3010,1287,scene_3.1,scene_3.1_y03,3,38,12,134.465114017,10.696959072,-337.923987615,180.0,0.0,-25.0,False,False,1.040019907,1.040019907
3011,1288,scene_3.1,scene_3.1_y03,3,38,11,134.465114017,10.696959072,-338.964007521,180.0,0.0,-25.0,False,False,1.040019907,1.040019907
3012,1289,scene_3.1,scene_3.1_y03,3,38,10,134.465114017,10.696959072,-340.004027428,180.0,0.0,-25.0,False,False,1.040019907,1.040019907
3013,1290,scene_3.1,scene_3.1_y03,3,38,9,134.465114017,10.696959072,-341.044047334,180.0,0.0,-25.0,False,False,1.040019907,1.040019907
3014,1291,scene_3.1,scene_3.1_y03,3,38,8,134.465114017,10.696959072,-342.084067241,180.0,0.0,-25.0,False,False,1.040019907,1.040019907
3015,1292,scene_3.1,scene_3.1_y03,3,38,7,134.465114017,10.696959072,-343.124087148,180.0,0.0,-25.0,False,False,1.040019907,1.040019907
3016,1293,scene_3.1,scene_3.1_y03,3,38,6,134.465114017,10.696959072,-344.164107054,180.0,0.0,-25.0,False,False,1.040019907,1.040019907
3017,1294,scene_3.1,scene_3.1_y03,3,38,5,134.465114017,10.696959072,-345.204126961,180.0,0.0,-25.0,False,False,1.040019907,1.040019907
3018,1295,scene_3.1,scene_3.1_y03,3,38,4,134.465114017,10.696959072,-346.244146868,180.0,0.0,-25.0,False,False,1.040019907,1.040019907
3019,1296,scene_3.1,scene_3.1_y03,3,38,3,134.465114017,10.696959072,-347.284166774,180.0,0.0,-25.0,False,False,1.040019907,0.0
3020,1,scene_3.1,scene_3.1_y04,4,39,17,135.661375096,14.133611744,-332.723888082,180.0,0.0,-40.0,False,False,15.008109067,1.040019907
3021,2,scene_3.1,scene_3.1_y04,4,39,16,135.661375096,14.133611744,-333.763907988,180.0,0.0,-40.0,False,False,1.040019907,1.040019907
3022,3,scene_3.1,scene_3.1_y04,4,39,15,135.661375096,14.133611744,-334.803927895,180.0,0.0,-40.0,True,False,1.040019907,1.040019907
3023,4,scene_3.1,scene_3.1_y04,4,39,14,135.661375096,14.133611744,-335.843947801,180.0,0.0,-40.0,False,False,1.040019907,1.040019907
3024,5,scene_3.1,scene_3.1_y04,4,39,13,135.661375096,14.133611744,-336.883967708,180.0,0.0,-40.0,False,False,1.040019907,1.040019907
3025,6,scene_3.1,scene_3.1_y04,4,39,12,135.661375096,14.133611744,-337.923987615,180.0,0.0,-40.0,True,False,1.040019907,1.040019907
3026,7,scene_3.1,scene_3.1_y04,4,39,11,135.661375096,14.133611744,-338.964007521,180.0,0.0,-40.0,False,False,1.040019907,1.040019907
3027,8,scene_3.1,scene_3.1_y04,4,39,10,135.661375096,14.133611744,-340.004027428,180.0,0.0,-40.0,False,False,1.040019907,1.040019907
3028,9,scene_3.1,scene_3.1_y04,4,39,9,135.661375096,14.133611744,-341.044047334,192.955257023,12.955257023,-40.0,True,False,1.040019907,1.778641046
3029,10,scene_3.1,scene_3.1_y04,4,-1,-1,135.262621403,14.133611744,-342.777413845,192.955257023,12.955257023,-40.0,False,True,1.778641046,1.778641046
3030,11,scene_3.1,scene_3.1_y04,4,-1,-1,134.86386771,14.133611744,-344.510780357,192.955257023,12.955257023,-40.0,False,True,1.778641046,1.778641046
3031,12,scene_3.1,scene_3.1_y04,4,38,4,134.465114017,14.133611744,-346.244146868,0.0,180.0,-40.0,False,False,1.778641046,1.040019907
3032,13,scene_3.1,scene_3.1_y04,4,38,5,134.465114017,14.133611744,-345.204126961,0.0,180.0,-40.0,False,False,1.040019907,1.040019907
3033,14,scene_3.1,scene_3.1_y04,4,38,6,134.465114017,14.133611744,-344.164107054,0.0,180.0,-40.0,False,False,1.040019907,1.040019907
3034,15,scene_3.1,scene_3.1_y04,4,38,7,134.465114017,14.133611744,-343.124087148,0.0,180.0,-40.0,False,False,1.040019907,1.040019907
3035,16,scene_3.1,scene_3.1_y04,4,38,8,134.465114017,14.133611744,-342.084067241,0.0,180.0,-40.0,False,False,1.040019907,1.040019907
3036,17,scene_3.1,scene_3.1_y04,4,38,9,134.465114017,14.133611744,-341.044047334,0.0,180.0,-40.0,False,False,1.040019907,1.040019907
3037,18,scene_3.1,scene_3.1_y04,4,38,10,134.465114017,14.133611744,-340.004027428,0.0,180.0,-40.0,False,False,1.040019907,1.040019907
3038,19,scene_3.1,scene_3.1_y04,4,38,11,134.465114017,14.133611744,-338.964007521,0.0,180.0,-40.0,False,False,1.040019907,1.040019907
3039,20,scene_3.1,scene_3.1_y04,4,38,12,134.465114017,14.133611744,-337.923987615,0.0,180.0,-40.0,False,False,1.040019907,1.040019907
3040,21,scene_3.1,scene_3.1_y04,4,38,13,134.465114017,14.133611744,-336.883967708,0.0,180.0,-40.0,False,False,1.040019907,1.040019907
3041,22,scene_3.1,scene_3.1_y04,4,38,14,134.465114017,14.133611744,-335.843947801,0.0,180.0,-40.0,False,False,1.040019907,1.040019907
3042,23,scene_3.1,scene_3.1_y04,4,38,15,134.465114017,14.133611744,-334.803927895,0.0,180.0,-40.0,False,False,1.040019907,1.040019907
3043,24,scene_3.1,scene_3.1_y04,4,38,16,134.465114017,14.133611744,-333.763907988,0.0,180.0,-40.0,False,False,1.040019907,1.040019907
3044,25,scene_3.1,scene_3.1_y04,4,38,17,134.465114017,14.133611744,-332.723888082,0.0,180.0,-40.0,False,False,1.040019907,1.040019907
3045,26,scene_3.1,scene_3.1_y04,4,38,18,134.465114017,14.133611744,-331.683868175,0.0,180.0,-40.0,False,False,1.040019907,1.040019907
3046,27,scene_3.1,scene_3.1_y04,4,38,19,134.465114017,14.133611744,-330.643848268,0.0,180.0,-40.0,False,False,1.040019907,1.040019907
3047,28,scene_3.1,scene_3.1_y04,4,38,20,134.465114017,14.133611744,-329.603828362,0.0,180.0,-40.0,False,False,1.040019907,1.040019907
3048,29,scene_3.1,scene_3.1_y04,4,38,21,134.465114017,14.133611744,-328.563808455,0.0,180.0,-40.0,False,False,1.040019907,1.040019907
3049,30,scene_3.1,scene_3.1_y04,4,38,22,134.465114017,14.133611744,-327.523788548,0.0,180.0,-40.0,False,False,1.040019907,1.040019907
3050,31,scene_3.1,scene_3.1_y04,4,38,23,134.465114017,14.133611744,-326.483768642,0.0,180.0,-40.0,False,False,1.040019907,1.040019907
3051,32,scene_3.1,scene_3.1_y04,4,38,24,134.465114017,14.133611744,-325.443748735,0.0,180.0,-40.0,False,False,1.040019907,1.040019907
3052,33,scene_3.1,scene_3.1_y04,4,38,25,134.465114017,14.133611744,-324.403728829,0.0,180.0,-40.0,False,False,1.040019907,1.040019907
3053,34,scene_3.1,scene_3.1_y04,4,38,26,134.465114017,14.133611744,-323.363708922,0.0,180.0,-40.0,False,False,1.040019907,1.040019907
3054,35,scene_3.1,scene_3.1_y04,4,38,27,134.465114017,14.133611744,-322.323689015,0.0,180.0,-40.0,False,False,1.040019907,1.040019907
3055,36,scene_3.1,scene_3.1_y04,4,38,28,134.465114017,14.133611744,-321.283669109,0.0,180.0,-40.0,False,False,1.040019907,1.040019907
3056,37,scene_3.1,scene_3.1_y04,4,38,29,134.465114017,14.133611744,-320.243649202,0.0,180.0,-40.0,False,False,1.040019907,1.040019907
3057,38,scene_3.1,scene_3.1_y04,4,38,30,134.465114017,14.133611744,-319.203629296,0.0,180.0,-40.0,False,False,1.040019907,1.040019907
3058,39,scene_3.1,scene_3.1_y04,4,38,31,134.465114017,14.133611744,-318.163609389,0.0,180.0,-40.0,False,False,1.040019907,1.040019907
3059,40,scene_3.1,scene_3.1_y04,4,38,32,134.465114017,14.133611744,-317.123589482,0.0,180.0,-40.0,False,False,1.040019907,1.040019907
3060,41,scene_3.1,scene_3.1_y04,4,38,33,134.465114017,14.133611744,-316.083569576,0.0,180.0,-40.0,False,False,1.040019907,1.040019907
3061,42,scene_3.1,scene_3.1_y04,4,38,34,134.465114017,14.133611744,-315.043549669,0.0,180.0,-40.0,False,False,1.040019907,1.040019907
3062,43,scene_3.1,scene_3.1_y04,4,38,35,134.465114017,14.133611744,-314.003529762,0.0,180.0,-40.0,False,False,1.040019907,1.040019907
3063,44,scene_3.1,scene_3.1_y04,4,38,36,134.465114017,14.133611744,-312.963509856,270.0,90.0,-40.0,False,False,1.040019907,1.196261079
3064,45,scene_3.1,scene_3.1_y04,4,37,36,133.268852938,14.133611744,-312.963509856,180.0,0.0,-40.0,False,False,1.196261079,1.040019907
3065,46,scene_3.1,scene_3.1_y04,4,37,35,133.268852938,14.133611744,-314.003529762,180.0,0.0,-40.0,False,False,1.040019907,1.040019907
3066,47,scene_3.1,scene_3.1_y04,4,37,34,133.268852938,14.133611744,-315.043549669,180.0,0.0,-40.0,False,False,1.040019907,1.040019907
3067,48,scene_3.1,scene_3.1_y04,4,37,33,133.268852938,14.133611744,-316.083569576,180.0,0.0,-40.0,False,False,1.040019907,1.040019907
3068,49,scene_3.1,scene_3.1_y04,4,37,32,133.268852938,14.133611744,-317.123589482,180.0,0.0,-40.0,False,False,1.040019907,1.040019907
3069,50,scene_3.1,scene_3.1_y04,4,37,31,133.268852938,14.133611744,-318.163609389,180.0,0.0,-40.0,False,False,1.040019907,1.040019907
3070,51,scene_3.1,scene_3.1_y04,4,37,30,133.268852938,14.133611744,-319.203629296,180.0,0.0,-40.0,False,False,1.040019907,1.040019907
3071,52,scene_3.1,scene_3.1_y04,4,37,29,133.268852938,14.133611744,-320.243649202,180.0,0.0,-40.0,False,False,1.040019907,1.040019907
3072,53,scene_3.1,scene_3.1_y04,4,37,28,133.268852938,14.133611744,-321.283669109,180.0,0.0,-40.0,False,False,1.040019907,1.040019907
3073,54,scene_3.1,scene_3.1_y04,4,37,27,133.268852938,14.133611744,-322.323689015,180.0,0.0,-40.0,False,False,1.040019907,1.040019907
3074,55,scene_3.1,scene_3.1_y04,4,37,26,133.268852938,14.133611744,-323.363708922,180.0,0.0,-40.0,False,False,1.040019907,1.040019907
3075,56,scene_3.1,scene_3.1_y04,4,37,25,133.268852938,14.133611744,-324.403728829,180.0,0.0,-40.0,False,False,1.040019907,1.040019907
3076,57,scene_3.1,scene_3.1_y04,4,37,24,133.268852938,14.133611744,-325.443748735,180.0,0.0,-40.0,False,False,1.040019907,1.040019907
3077,58,scene_3.1,scene_3.1_y04,4,37,23,133.268852938,14.133611744,-326.483768642,180.0,0.0,-40.0,False,False,1.040019907,1.040019907
3078,59,scene_3.1,scene_3.1_y04,4,37,22,133.268852938,14.133611744,-327.523788548,180.0,0.0,-40.0,False,False,1.040019907,1.040019907
3079,60,scene_3.1,scene_3.1_y04,4,37,21,133.268852938,14.133611744,-328.563808455,180.0,0.0,-40.0,False,False,1.040019907,1.040019907
3080,61,scene_3.1,scene_3.1_y04,4,37,20,133.268852938,14.133611744,-329.603828362,180.0,0.0,-40.0,False,False,1.040019907,1.040019907
3081,62,scene_3.1,scene_3.1_y04,4,37,19,133.268852938,14.133611744,-330.643848268,180.0,0.0,-40.0,False,False,1.040019907,1.040019907
3082,63,scene_3.1,scene_3.1_y04,4,37,18,133.268852938,14.133611744,-331.683868175,180.0,0.0,-40.0,False,False,1.040019907,1.040019907
3083,64,scene_3.1,scene_3.1_y04,4,37,17,133.268852938,14.133611744,-332.723888082,180.0,0.0,-40.0,False,False,1.040019907,1.040019907
3084,65,scene_3.1,scene_3.1_y04,4,37,16,133.268852938,14.133611744,-333.763907988,180.0,0.0,-40.0,False,False,1.040019907,1.040019907
3085,66,scene_3.1,scene_3.1_y04,4,37,15,133.268852938,14.133611744,-334.803927895,180.0,0.0,-40.0,False,False,1.040019907,1.040019907
3086,67,scene_3.1,scene_3.1_y04,4,37,14,133.268852938,14.133611744,-335.843947801,180.0,0.0,-40.0,False,False,1.040019907,1.040019907
3087,68,scene_3.1,scene_3.1_y04,4,37,13,133.268852938,14.133611744,-336.883967708,180.0,0.0,-40.0,False,False,1.040019907,1.040019907
3088,69,scene_3.1,scene_3.1_y04,4,37,12,133.268852938,14.133611744,-337.923987615,180.0,0.0,-40.0,False,False,1.040019907,1.040019907
3089,70,scene_3.1,scene_3.1_y04,4,37,11,133.268852938,14.133611744,-338.964007521,180.0,0.0,-40.0,False,False,1.040019907,1.040019907
3090,71,scene_3.1,scene_3.1_y04,4,37,10,133.268852938,14.133611744,-340.004027428,180.0,0.0,-40.0,False,False,1.040019907,1.040019907
3091,72,scene_3.1,scene_3.1_y04,4,37,9,133.268852938,14.133611744,-341.044047334,180.0,0.0,-40.0,False,False,1.040019907,1.040019907
3092,73,scene_3.1,scene_3.1_y04,4,37,8,133.268852938,14.133611744,-342.084067241,180.0,0.0,-40.0,False,False,1.040019907,1.040019907
3093,74,scene_3.1,scene_3.1_y04,4,37,7,133.268852938,14.133611744,-343.124087148,180.0,0.0,-40.0,False,False,1.040019907,1.040019907
3094,75,scene_3.1,scene_3.1_y04,4,37,6,133.268852938,14.133611744,-344.164107054,180.0,0.0,-40.0,False,False,1.040019907,1.040019907
3095,76,scene_3.1,scene_3.1_y04,4,37,5,133.268852938,14.133611744,-345.204126961,180.0,0.0,-40.0,False,False,1.040019907,1.040019907
3096,77,scene_3.1,scene_3.1_y04,4,37,4,133.268852938,14.133611744,-346.244146868,228.996562381,48.996562381,-40.0,False,False,1.040019907,1.58514415
3097,78,scene_3.1,scene_3.1_y04,4,36,3,132.072591858,14.133611744,-347.284166774,0.0,180.0,-40.0,True,False,1.58514415,1.040019907
3098,79,scene_3.1,scene_3.1_y04,4,36,4,132.072591858,14.133611744,-346.244146868,0.0,180.0,-40.0,False,False,1.040019907,1.040019907
3099,80,scene_3.1,scene_3.1_y04,4,36,5,132.072591858,14.133611744,-345.204126961,0.0,180.0,-40.0,False,False,1.040019907,1.040019907
3100,81,scene_3.1,scene_3.1_y04,4,36,6,132.072591858,14.133611744,-344.164107054,0.0,180.0,-40.0,True,False,1.040019907,1.040019907
3101,82,scene_3.1,scene_3.1_y04,4,36,7,132.072591858,14.133611744,-343.124087148,0.0,180.0,-40.0,False,False,1.040019907,1.040019907
3102,83,scene_3.1,scene_3.1_y04,4,36,8,132.072591858,14.133611744,-342.084067241,0.0,180.0,-40.0,False,False,1.040019907,1.040019907
3103,84,scene_3.1,scene_3.1_y04,4,36,9,132.072591858,14.133611744,-341.044047334,0.0,180.0,-40.0,True,False,1.040019907,1.040019907
3104,85,scene_3.1,scene_3.1_y04,4,36,10,132.072591858,14.133611744,-340.004027428,0.0,180.0,-40.0,False,False,1.040019907,1.040019907
3105,86,scene_3.1,scene_3.1_y04,4,36,11,132.072591858,14.133611744,-338.964007521,0.0,180.0,-40.0,False,False,1.040019907,1.040019907
3106,87,scene_3.1,scene_3.1_y04,4,36,12,132.072591858,14.133611744,-337.923987615,0.0,180.0,-40.0,True,False,1.040019907,1.040019907
3107,88,scene_3.1,scene_3.1_y04,4,36,13,132.072591858,14.133611744,-336.883967708,0.0,180.0,-40.0,False,False,1.040019907,1.040019907
3108,89,scene_3.1,scene_3.1_y04,4,36,14,132.072591858,14.133611744,-335.843947801,0.0,180.0,-40.0,False,False,1.040019907,1.040019907
3109,90,scene_3.1,scene_3.1_y04,4,36,15,132.072591858,14.133611744,-334.803927895,0.0,180.0,-40.0,True,False,1.040019907,1.040019907
3110,91,scene_3.1,scene_3.1_y04,4,36,16,132.072591858,14.133611744,-333.763907988,0.0,180.0,-40.0,False,False,1.040019907,1.040019907
3111,92,scene_3.1,scene_3.1_y04,4,36,17,132.072591858,14.133611744,-332.723888082,0.0,180.0,-40.0,False,False,1.040019907,1.040019907
3112,93,scene_3.1,scene_3.1_y04,4,36,18,132.072591858,14.133611744,-331.683868175,0.0,180.0,-40.0,True,False,1.040019907,1.040019907
3113,94,scene_3.1,scene_3.1_y04,4,36,19,132.072591858,14.133611744,-330.643848268,0.0,180.0,-40.0,False,False,1.040019907,1.040019907
3114,95,scene_3.1,scene_3.1_y04,4,36,20,132.072591858,14.133611744,-329.603828362,0.0,180.0,-40.0,False,False,1.040019907,1.040019907
3115,96,scene_3.1,scene_3.1_y04,4,36,21,132.072591858,14.133611744,-328.563808455,0.0,180.0,-40.0,True,False,1.040019907,1.040019907
3116,97,scene_3.1,scene_3.1_y04,4,36,22,132.072591858,14.133611744,-327.523788548,0.0,180.0,-40.0,False,False,1.040019907,1.040019907
3117,98,scene_3.1,scene_3.1_y04,4,36,23,132.072591858,14.133611744,-326.483768642,0.0,180.0,-40.0,False,False,1.040019907,1.040019907
3118,99,scene_3.1,scene_3.1_y04,4,36,24,132.072591858,14.133611744,-325.443748735,0.0,180.0,-40.0,True,False,1.040019907,1.040019907
3119,100,scene_3.1,scene_3.1_y04,4,36,25,132.072591858,14.133611744,-324.403728829,0.0,180.0,-40.0,False,False,1.040019907,1.040019907
3120,101,scene_3.1,scene_3.1_y04,4,36,26,132.072591858,14.133611744,-323.363708922,0.0,180.0,-40.0,False,False,1.040019907,1.040019907
3121,102,scene_3.1,scene_3.1_y04,4,36,27,132.072591858,14.133611744,-322.323689015,0.0,180.0,-40.0,True,False,1.040019907,1.040019907
3122,103,scene_3.1,scene_3.1_y04,4,36,28,132.072591858,14.133611744,-321.283669109,0.0,180.0,-40.0,False,False,1.040019907,1.040019907
3123,104,scene_3.1,scene_3.1_y04,4,36,29,132.072591858,14.133611744,-320.243649202,0.0,180.0,-40.0,False,False,1.040019907,1.040019907
3124,105,scene_3.1,scene_3.1_y04,4,36,30,132.072591858,14.133611744,-319.203629296,0.0,180.0,-40.0,True,False,1.040019907,1.040019907
3125,106,scene_3.1,scene_3.1_y04,4,36,31,132.072591858,14.133611744,-318.163609389,0.0,180.0,-40.0,False,False,1.040019907,1.040019907
3126,107,scene_3.1,scene_3.1_y04,4,36,32,132.072591858,14.133611744,-317.123589482,0.0,180.0,-40.0,False,False,1.040019907,1.040019907
3127,108,scene_3.1,scene_3.1_y04,4,36,33,132.072591858,14.133611744,-316.083569576,0.0,180.0,-40.0,True,False,1.040019907,1.040019907
3128,109,scene_3.1,scene_3.1_y04,4,36,34,132.072591858,14.133611744,-315.043549669,0.0,180.0,-40.0,False,False,1.040019907,1.040019907
3129,110,scene_3.1,scene_3.1_y04,4,36,35,132.072591858,14.133611744,-314.003529762,0.0,180.0,-40.0,False,False,1.040019907,1.040019907
3130,111,scene_3.1,scene_3.1_y04,4,36,36,132.072591858,14.133611744,-312.963509856,270.0,90.0,-40.0,True,False,1.040019907,1.196261079
3131,112,scene_3.1,scene_3.1_y04,4,35,36,130.876330779,14.133611744,-312.963509856,180.0,0.0,-40.0,False,False,1.196261079,1.040019907
3132,113,scene_3.1,scene_3.1_y04,4,35,35,130.876330779,14.133611744,-314.003529762,180.0,0.0,-40.0,False,False,1.040019907,1.040019907
3133,114,scene_3.1,scene_3.1_y04,4,35,34,130.876330779,14.133611744,-315.043549669,180.0,0.0,-40.0,False,False,1.040019907,1.040019907
3134,115,scene_3.1,scene_3.1_y04,4,35,33,130.876330779,14.133611744,-316.083569576,180.0,0.0,-40.0,False,False,1.040019907,1.040019907
3135,116,scene_3.1,scene_3.1_y04,4,35,32,130.876330779,14.133611744,-317.123589482,180.0,0.0,-40.0,False,False,1.040019907,1.040019907
3136,117,scene_3.1,scene_3.1_y04,4,35,31,130.876330779,14.133611744,-318.163609389,180.0,0.0,-40.0,False,False,1.040019907,1.040019907
3137,118,scene_3.1,scene_3.1_y04,4,35,30,130.876330779,14.133611744,-319.203629296,180.0,0.0,-40.0,False,False,1.040019907,1.040019907
3138,119,scene_3.1,scene_3.1_y04,4,35,29,130.876330779,14.133611744,-320.243649202,180.0,0.0,-40.0,False,False,1.040019907,1.040019907
3139,120,scene_3.1,scene_3.1_y04,4,35,28,130.876330779,14.133611744,-321.283669109,180.0,0.0,-40.0,False,False,1.040019907,1.040019907
3140,121,scene_3.1,scene_3.1_y04,4,35,27,130.876330779,14.133611744,-322.323689015,180.0,0.0,-40.0,False,False,1.040019907,1.040019907
3141,122,scene_3.1,scene_3.1_y04,4,35,26,130.876330779,14.133611744,-323.363708922,180.0,0.0,-40.0,False,False,1.040019907,1.040019907
3142,123,scene_3.1,scene_3.1_y04,4,35,25,130.876330779,14.133611744,-324.403728829,180.0,0.0,-40.0,False,False,1.040019907,1.040019907
3143,124,scene_3.1,scene_3.1_y04,4,35,24,130.876330779,14.133611744,-325.443748735,180.0,0.0,-40.0,False,False,1.040019907,1.040019907
3144,125,scene_3.1,scene_3.1_y04,4,35,23,130.876330779,14.133611744,-326.483768642,180.0,0.0,-40.0,False,False,1.040019907,1.040019907
3145,126,scene_3.1,scene_3.1_y04,4,35,22,130.876330779,14.133611744,-327.523788548,180.0,0.0,-40.0,False,False,1.040019907,1.040019907
3146,127,scene_3.1,scene_3.1_y04,4,35,21,130.876330779,14.133611744,-328.563808455,180.0,0.0,-40.0,False,False,1.040019907,1.040019907
3147,128,scene_3.1,scene_3.1_y04,4,35,20,130.876330779,14.133611744,-329.603828362,180.0,0.0,-40.0,False,False,1.040019907,1.040019907
3148,129,scene_3.1,scene_3.1_y04,4,35,19,130.876330779,14.133611744,-330.643848268,180.0,0.0,-40.0,False,False,1.040019907,1.040019907
3149,130,scene_3.1,scene_3.1_y04,4,35,18,130.876330779,14.133611744,-331.683868175,180.0,0.0,-40.0,False,False,1.040019907,1.040019907
3150,131,scene_3.1,scene_3.1_y04,4,35,17,130.876330779,14.133611744,-332.723888082,180.0,0.0,-40.0,False,False,1.040019907,1.040019907
3151,132,scene_3.1,scene_3.1_y04,4,35,16,130.876330779,14.133611744,-333.763907988,180.0,0.0,-40.0,False,False,1.040019907,1.040019907
3152,133,scene_3.1,scene_3.1_y04,4,35,15,130.876330779,14.133611744,-334.803927895,180.0,0.0,-40.0,False,False,1.040019907,1.040019907
3153,134,scene_3.1,scene_3.1_y04,4,35,14,130.876330779,14.133611744,-335.843947801,180.0,0.0,-40.0,False,False,1.040019907,1.040019907
3154,135,scene_3.1,scene_3.1_y04,4,35,13,130.876330779,14.133611744,-336.883967708,180.0,0.0,-40.0,False,False,1.040019907,1.040019907
3155,136,scene_3.1,scene_3.1_y04,4,35,12,130.876330779,14.133611744,-337.923987615,180.0,0.0,-40.0,False,False,1.040019907,1.040019907
3156,137,scene_3.1,scene_3.1_y04,4,35,11,130.876330779,14.133611744,-338.964007521,180.0,0.0,-40.0,False,False,1.040019907,1.040019907
3157,138,scene_3.1,scene_3.1_y04,4,35,10,130.876330779,14.133611744,-340.004027428,180.0,0.0,-40.0,False,False,1.040019907,1.040019907
3158,139,scene_3.1,scene_3.1_y04,4,35,9,130.876330779,14.133611744,-341.044047334,180.0,0.0,-40.0,False,False,1.040019907,1.040019907
3159,140,scene_3.1,scene_3.1_y04,4,35,8,130.876330779,14.133611744,-342.084067241,180.0,0.0,-40.0,False,False,1.040019907,1.040019907
3160,141,scene_3.1,scene_3.1_y04,4,35,7,130.876330779,14.133611744,-343.124087148,180.0,0.0,-40.0,False,False,1.040019907,1.040019907
3161,142,scene_3.1,scene_3.1_y04,4,35,6,130.876330779,14.133611744,-344.164107054,180.0,0.0,-40.0,False,False,1.040019907,1.040019907
3162,143,scene_3.1,scene_3.1_y04,4,35,5,130.876330779,14.133611744,-345.204126961,180.0,0.0,-40.0,False,False,1.040019907,1.040019907
3163,144,scene_3.1,scene_3.1_y04,4,35,4,130.876330779,14.133611744,-346.244146868,180.0,0.0,-40.0,False,False,1.040019907,1.040019907
3164,145,scene_3.1,scene_3.1_y04,4,35,3,130.876330779,14.133611744,-347.284166774,270.0,90.0,-40.0,False,False,1.040019907,1.196261079
3165,146,scene_3.1,scene_3.1_y04,4,34,3,129.6800697,14.133611744,-347.284166774,0.0,180.0,-40.0,False,False,1.196261079,1.040019907
3166,147,scene_3.1,scene_3.1_y04,4,34,4,129.6800697,14.133611744,-346.244146868,0.0,180.0,-40.0,False,False,1.040019907,1.040019907
3167,148,scene_3.1,scene_3.1_y04,4,34,5,129.6800697,14.133611744,-345.204126961,0.0,180.0,-40.0,False,False,1.040019907,1.040019907
3168,149,scene_3.1,scene_3.1_y04,4,34,6,129.6800697,14.133611744,-344.164107054,0.0,180.0,-40.0,False,False,1.040019907,1.040019907
3169,150,scene_3.1,scene_3.1_y04,4,34,7,129.6800697,14.133611744,-343.124087148,0.0,180.0,-40.0,False,False,1.040019907,1.040019907
3170,151,scene_3.1,scene_3.1_y04,4,34,8,129.6800697,14.133611744,-342.084067241,0.0,180.0,-40.0,False,False,1.040019907,1.040019907
3171,152,scene_3.1,scene_3.1_y04,4,34,9,129.6800697,14.133611744,-341.044047334,0.0,180.0,-40.0,False,False,1.040019907,1.040019907
3172,153,scene_3.1,scene_3.1_y04,4,34,10,129.6800697,14.133611744,-340.004027428,0.0,180.0,-40.0,False,False,1.040019907,1.040019907
3173,154,scene_3.1,scene_3.1_y04,4,34,11,129.6800697,14.133611744,-338.964007521,0.0,180.0,-40.0,False,False,1.040019907,1.040019907
3174,155,scene_3.1,scene_3.1_y04,4,34,12,129.6800697,14.133611744,-337.923987615,0.0,180.0,-40.0,False,False,1.040019907,1.040019907
3175,156,scene_3.1,scene_3.1_y04,4,34,13,129.6800697,14.133611744,-336.883967708,0.0,180.0,-40.0,False,False,1.040019907,1.040019907
3176,157,scene_3.1,scene_3.1_y04,4,34,14,129.6800697,14.133611744,-335.843947801,0.0,180.0,-40.0,False,False,1.040019907,1.040019907
3177,158,scene_3.1,scene_3.1_y04,4,34,15,129.6800697,14.133611744,-334.803927895,0.0,180.0,-40.0,False,False,1.040019907,1.040019907
3178,159,scene_3.1,scene_3.1_y04,4,34,16,129.6800697,14.133611744,-333.763907988,0.0,180.0,-40.0,False,False,1.040019907,1.040019907
3179,160,scene_3.1,scene_3.1_y04,4,34,17,129.6800697,14.133611744,-332.723888082,0.0,180.0,-40.0,False,False,1.040019907,1.040019907
3180,161,scene_3.1,scene_3.1_y04,4,34,18,129.6800697,14.133611744,-331.683868175,0.0,180.0,-40.0,False,False,1.040019907,1.040019907
3181,162,scene_3.1,scene_3.1_y04,4,34,19,129.6800697,14.133611744,-330.643848268,0.0,180.0,-40.0,False,False,1.040019907,1.040019907
3182,163,scene_3.1,scene_3.1_y04,4,34,20,129.6800697,14.133611744,-329.603828362,0.0,180.0,-40.0,False,False,1.040019907,1.040019907
3183,164,scene_3.1,scene_3.1_y04,4,34,21,129.6800697,14.133611744,-328.563808455,0.0,180.0,-40.0,False,False,1.040019907,1.040019907
3184,165,scene_3.1,scene_3.1_y04,4,34,22,129.6800697,14.133611744,-327.523788548,0.0,180.0,-40.0,False,False,1.040019907,1.040019907
3185,166,scene_3.1,scene_3.1_y04,4,34,23,129.6800697,14.133611744,-326.483768642,0.0,180.0,-40.0,False,False,1.040019907,1.040019907
3186,167,scene_3.1,scene_3.1_y04,4,34,24,129.6800697,14.133611744,-325.443748735,0.0,180.0,-40.0,False,False,1.040019907,1.040019907
3187,168,scene_3.1,scene_3.1_y04,4,34,25,129.6800697,14.133611744,-324.403728829,0.0,180.0,-40.0,False,False,1.040019907,1.040019907
3188,169,scene_3.1,scene_3.1_y04,4,34,26,129.6800697,14.133611744,-323.363708922,0.0,180.0,-40.0,False,False,1.040019907,1.040019907
3189,170,scene_3.1,scene_3.1_y04,4,34,27,129.6800697,14.133611744,-322.323689015,0.0,180.0,-40.0,False,False,1.040019907,1.040019907
3190,171,scene_3.1,scene_3.1_y04,4,34,28,129.6800697,14.133611744,-321.283669109,0.0,180.0,-40.0,False,False,1.040019907,1.040019907
3191,172,scene_3.1,scene_3.1_y04,4,34,29,129.6800697,14.133611744,-320.243649202,0.0,180.0,-40.0,False,False,1.040019907,1.040019907
3192,173,scene_3.1,scene_3.1_y04,4,34,30,129.6800697,14.133611744,-319.203629296,0.0,180.0,-40.0,False,False,1.040019907,1.040019907
3193,174,scene_3.1,scene_3.1_y04,4,34,31,129.6800697,14.133611744,-318.163609389,0.0,180.0,-40.0,False,False,1.040019907,1.040019907
3194,175,scene_3.1,scene_3.1_y04,4,34,32,129.6800697,14.133611744,-317.123589482,0.0,180.0,-40.0,False,False,1.040019907,1.040019907
3195,176,scene_3.1,scene_3.1_y04,4,34,33,129.6800697,14.133611744,-316.083569576,0.0,180.0,-40.0,False,False,1.040019907,1.040019907
3196,177,scene_3.1,scene_3.1_y04,4,34,34,129.6800697,14.133611744,-315.043549669,0.0,180.0,-40.0,False,False,1.040019907,1.040019907
3197,178,scene_3.1,scene_3.1_y04,4,34,35,129.6800697,14.133611744,-314.003529762,0.0,180.0,-40.0,False,False,1.040019907,1.040019907
3198,179,scene_3.1,scene_3.1_y04,4,34,36,129.6800697,14.133611744,-312.963509856,311.003437619,131.003437619,-40.0,False,False,1.040019907,1.58514415
3199,180,scene_3.1,scene_3.1_y04,4,33,37,128.483808621,14.133611744,-311.923489949,180.0,0.0,-40.0,False,False,1.58514415,1.040019907
3200,181,scene_3.1,scene_3.1_y04,4,33,36,128.483808621,14.133611744,-312.963509856,180.0,0.0,-40.0,True,False,1.040019907,1.040019907
3201,182,scene_3.1,scene_3.1_y04,4,33,35,128.483808621,14.133611744,-314.003529762,180.0,0.0,-40.0,False,False,1.040019907,1.040019907
3202,183,scene_3.1,scene_3.1_y04,4,33,34,128.483808621,14.133611744,-315.043549669,180.0,0.0,-40.0,False,False,1.040019907,1.040019907
3203,184,scene_3.1,scene_3.1_y04,4,33,33,128.483808621,14.133611744,-316.083569576,180.0,0.0,-40.0,True,False,1.040019907,1.040019907
3204,185,scene_3.1,scene_3.1_y04,4,33,32,128.483808621,14.133611744,-317.123589482,180.0,0.0,-40.0,False,False,1.040019907,1.040019907
3205,186,scene_3.1,scene_3.1_y04,4,33,31,128.483808621,14.133611744,-318.163609389,180.0,0.0,-40.0,False,False,1.040019907,1.040019907
3206,187,scene_3.1,scene_3.1_y04,4,33,30,128.483808621,14.133611744,-319.203629296,180.0,0.0,-40.0,True,False,1.040019907,1.040019907
3207,188,scene_3.1,scene_3.1_y04,4,33,29,128.483808621,14.133611744,-320.243649202,180.0,0.0,-40.0,False,False,1.040019907,1.040019907
3208,189,scene_3.1,scene_3.1_y04,4,33,28,128.483808621,14.133611744,-321.283669109,180.0,0.0,-40.0,False,False,1.040019907,1.040019907
3209,190,scene_3.1,scene_3.1_y04,4,33,27,128.483808621,14.133611744,-322.323689015,180.0,0.0,-40.0,True,False,1.040019907,1.040019907
3210,191,scene_3.1,scene_3.1_y04,4,33,26,128.483808621,14.133611744,-323.363708922,180.0,0.0,-40.0,False,False,1.040019907,1.040019907
3211,192,scene_3.1,scene_3.1_y04,4,33,25,128.483808621,14.133611744,-324.403728829,180.0,0.0,-40.0,False,False,1.040019907,1.040019907
3212,193,scene_3.1,scene_3.1_y04,4,33,24,128.483808621,14.133611744,-325.443748735,180.0,0.0,-40.0,True,False,1.040019907,1.040019907
3213,194,scene_3.1,scene_3.1_y04,4,33,23,128.483808621,14.133611744,-326.483768642,180.0,0.0,-40.0,False,False,1.040019907,1.040019907
3214,195,scene_3.1,scene_3.1_y04,4,33,22,128.483808621,14.133611744,-327.523788548,180.0,0.0,-40.0,False,False,1.040019907,1.040019907
3215,196,scene_3.1,scene_3.1_y04,4,33,21,128.483808621,14.133611744,-328.563808455,180.0,0.0,-40.0,True,False,1.040019907,1.040019907
3216,197,scene_3.1,scene_3.1_y04,4,33,20,128.483808621,14.133611744,-329.603828362,180.0,0.0,-40.0,False,False,1.040019907,1.040019907
3217,198,scene_3.1,scene_3.1_y04,4,33,19,128.483808621,14.133611744,-330.643848268,180.0,0.0,-40.0,False,False,1.040019907,1.040019907
3218,199,scene_3.1,scene_3.1_y04,4,33,18,128.483808621,14.133611744,-331.683868175,180.0,0.0,-40.0,True,False,1.040019907,1.040019907
3219,200,scene_3.1,scene_3.1_y04,4,33,17,128.483808621,14.133611744,-332.723888082,180.0,0.0,-40.0,False,False,1.040019907,1.040019907
3220,201,scene_3.1,scene_3.1_y04,4,33,16,128.483808621,14.133611744,-333.763907988,180.0,0.0,-40.0,False,False,1.040019907,1.040019907
3221,202,scene_3.1,scene_3.1_y04,4,33,15,128.483808621,14.133611744,-334.803927895,180.0,0.0,-40.0,True,False,1.040019907,1.040019907
3222,203,scene_3.1,scene_3.1_y04,4,33,14,128.483808621,14.133611744,-335.843947801,180.0,0.0,-40.0,False,False,1.040019907,1.040019907
3223,204,scene_3.1,scene_3.1_y04,4,33,13,128.483808621,14.133611744,-336.883967708,180.0,0.0,-40.0,False,False,1.040019907,1.040019907
3224,205,scene_3.1,scene_3.1_y04,4,33,12,128.483808621,14.133611744,-337.923987615,180.0,0.0,-40.0,True,False,1.040019907,1.040019907
3225,206,scene_3.1,scene_3.1_y04,4,33,11,128.483808621,14.133611744,-338.964007521,180.0,0.0,-40.0,False,False,1.040019907,1.040019907
3226,207,scene_3.1,scene_3.1_y04,4,33,10,128.483808621,14.133611744,-340.004027428,180.0,0.0,-40.0,False,False,1.040019907,1.040019907
3227,208,scene_3.1,scene_3.1_y04,4,33,9,128.483808621,14.133611744,-341.044047334,180.0,0.0,-40.0,True,False,1.040019907,1.040019907
3228,209,scene_3.1,scene_3.1_y04,4,33,8,128.483808621,14.133611744,-342.084067241,180.0,0.0,-40.0,False,False,1.040019907,1.040019907
3229,210,scene_3.1,scene_3.1_y04,4,33,7,128.483808621,14.133611744,-343.124087148,180.0,0.0,-40.0,False,False,1.040019907,1.040019907
3230,211,scene_3.1,scene_3.1_y04,4,33,6,128.483808621,14.133611744,-344.164107054,180.0,0.0,-40.0,True,False,1.040019907,1.040019907
3231,212,scene_3.1,scene_3.1_y04,4,33,5,128.483808621,14.133611744,-345.204126961,180.0,0.0,-40.0,False,False,1.040019907,1.040019907
3232,213,scene_3.1,scene_3.1_y04,4,33,4,128.483808621,14.133611744,-346.244146868,180.0,0.0,-40.0,False,False,1.040019907,1.040019907
3233,214,scene_3.1,scene_3.1_y04,4,33,3,128.483808621,14.133611744,-347.284166774,270.0,90.0,-40.0,True,False,1.040019907,1.196261079
3234,215,scene_3.1,scene_3.1_y04,4,32,3,127.287547542,14.133611744,-347.284166774,0.0,180.0,-40.0,False,False,1.196261079,1.040019907
3235,216,scene_3.1,scene_3.1_y04,4,32,4,127.287547542,14.133611744,-346.244146868,0.0,180.0,-40.0,False,False,1.040019907,1.040019907
3236,217,scene_3.1,scene_3.1_y04,4,32,5,127.287547542,14.133611744,-345.204126961,0.0,180.0,-40.0,False,False,1.040019907,1.040019907
3237,218,scene_3.1,scene_3.1_y04,4,32,6,127.287547542,14.133611744,-344.164107054,0.0,180.0,-40.0,False,False,1.040019907,1.040019907
3238,219,scene_3.1,scene_3.1_y04,4,32,7,127.287547542,14.133611744,-343.124087148,0.0,180.0,-40.0,False,False,1.040019907,1.040019907
3239,220,scene_3.1,scene_3.1_y04,4,32,8,127.287547542,14.133611744,-342.084067241,0.0,180.0,-40.0,False,False,1.040019907,1.040019907
3240,221,scene_3.1,scene_3.1_y04,4,32,9,127.287547542,14.133611744,-341.044047334,0.0,180.0,-40.0,False,False,1.040019907,1.040019907
3241,222,scene_3.1,scene_3.1_y04,4,32,10,127.287547542,14.133611744,-340.004027428,0.0,180.0,-40.0,False,False,1.040019907,1.040019907
3242,223,scene_3.1,scene_3.1_y04,4,32,11,127.287547542,14.133611744,-338.964007521,0.0,180.0,-40.0,False,False,1.040019907,1.040019907
3243,224,scene_3.1,scene_3.1_y04,4,32,12,127.287547542,14.133611744,-337.923987615,0.0,180.0,-40.0,False,False,1.040019907,1.040019907
3244,225,scene_3.1,scene_3.1_y04,4,32,13,127.287547542,14.133611744,-336.883967708,0.0,180.0,-40.0,False,False,1.040019907,1.040019907
3245,226,scene_3.1,scene_3.1_y04,4,32,14,127.287547542,14.133611744,-335.843947801,0.0,180.0,-40.0,False,False,1.040019907,1.040019907
3246,227,scene_3.1,scene_3.1_y04,4,32,15,127.287547542,14.133611744,-334.803927895,0.0,180.0,-40.0,False,False,1.040019907,1.040019907
3247,228,scene_3.1,scene_3.1_y04,4,32,16,127.287547542,14.133611744,-333.763907988,0.0,180.0,-40.0,False,False,1.040019907,1.040019907
3248,229,scene_3.1,scene_3.1_y04,4,32,17,127.287547542,14.133611744,-332.723888082,0.0,180.0,-40.0,False,False,1.040019907,1.040019907
3249,230,scene_3.1,scene_3.1_y04,4,32,18,127.287547542,14.133611744,-331.683868175,0.0,180.0,-40.0,False,False,1.040019907,1.040019907
3250,231,scene_3.1,scene_3.1_y04,4,32,19,127.287547542,14.133611744,-330.643848268,0.0,180.0,-40.0,False,False,1.040019907,1.040019907
3251,232,scene_3.1,scene_3.1_y04,4,32,20,127.287547542,14.133611744,-329.603828362,0.0,180.0,-40.0,False,False,1.040019907,1.040019907
3252,233,scene_3.1,scene_3.1_y04,4,32,21,127.287547542,14.133611744,-328.563808455,0.0,180.0,-40.0,False,False,1.040019907,1.040019907
3253,234,scene_3.1,scene_3.1_y04,4,32,22,127.287547542,14.133611744,-327.523788548,0.0,180.0,-40.0,False,False,1.040019907,1.040019907
3254,235,scene_3.1,scene_3.1_y04,4,32,23,127.287547542,14.133611744,-326.483768642,0.0,180.0,-40.0,False,False,1.040019907,1.040019907
3255,236,scene_3.1,scene_3.1_y04,4,32,24,127.287547542,14.133611744,-325.443748735,0.0,180.0,-40.0,False,False,1.040019907,1.040019907
3256,237,scene_3.1,scene_3.1_y04,4,32,25,127.287547542,14.133611744,-324.403728829,0.0,180.0,-40.0,False,False,1.040019907,1.040019907
3257,238,scene_3.1,scene_3.1_y04,4,32,26,127.287547542,14.133611744,-323.363708922,0.0,180.0,-40.0,False,False,1.040019907,1.040019907
3258,239,scene_3.1,scene_3.1_y04,4,32,27,127.287547542,14.133611744,-322.323689015,0.0,180.0,-40.0,False,False,1.040019907,1.040019907
3259,240,scene_3.1,scene_3.1_y04,4,32,28,127.287547542,14.133611744,-321.283669109,0.0,180.0,-40.0,False,False,1.040019907,1.040019907
3260,241,scene_3.1,scene_3.1_y04,4,32,29,127.287547542,14.133611744,-320.243649202,0.0,180.0,-40.0,False,False,1.040019907,1.040019907
3261,242,scene_3.1,scene_3.1_y04,4,32,30,127.287547542,14.133611744,-319.203629296,0.0,180.0,-40.0,False,False,1.040019907,1.040019907
3262,243,scene_3.1,scene_3.1_y04,4,32,31,127.287547542,14.133611744,-318.163609389,0.0,180.0,-40.0,False,False,1.040019907,1.040019907
3263,244,scene_3.1,scene_3.1_y04,4,32,32,127.287547542,14.133611744,-317.123589482,0.0,180.0,-40.0,False,False,1.040019907,1.040019907
3264,245,scene_3.1,scene_3.1_y04,4,32,33,127.287547542,14.133611744,-316.083569576,0.0,180.0,-40.0,False,False,1.040019907,1.040019907
3265,246,scene_3.1,scene_3.1_y04,4,32,34,127.287547542,14.133611744,-315.043549669,0.0,180.0,-40.0,False,False,1.040019907,1.040019907
3266,247,scene_3.1,scene_3.1_y04,4,32,35,127.287547542,14.133611744,-314.003529762,0.0,180.0,-40.0,False,False,1.040019907,1.040019907
3267,248,scene_3.1,scene_3.1_y04,4,32,36,127.287547542,14.133611744,-312.963509856,0.0,180.0,-40.0,False,False,1.040019907,1.040019907
3268,249,scene_3.1,scene_3.1_y04,4,32,37,127.287547542,14.133611744,-311.923489949,270.0,90.0,-40.0,False,False,1.040019907,1.196261079
3269,250,scene_3.1,scene_3.1_y04,4,31,37,126.091286462,14.133611744,-311.923489949,180.0,0.0,-40.0,False,False,1.196261079,1.040019907
3270,251,scene_3.1,scene_3.1_y04,4,31,36,126.091286462,14.133611744,-312.963509856,180.0,0.0,-40.0,False,False,1.040019907,1.040019907
3271,252,scene_3.1,scene_3.1_y04,4,31,35,126.091286462,14.133611744,-314.003529762,180.0,0.0,-40.0,False,False,1.040019907,1.040019907
3272,253,scene_3.1,scene_3.1_y04,4,31,34,126.091286462,14.133611744,-315.043549669,180.0,0.0,-40.0,False,False,1.040019907,1.040019907
3273,254,scene_3.1,scene_3.1_y04,4,31,33,126.091286462,14.133611744,-316.083569576,180.0,0.0,-40.0,False,False,1.040019907,1.040019907
3274,255,scene_3.1,scene_3.1_y04,4,31,32,126.091286462,14.133611744,-317.123589482,180.0,0.0,-40.0,False,False,1.040019907,1.040019907
3275,256,scene_3.1,scene_3.1_y04,4,31,31,126.091286462,14.133611744,-318.163609389,180.0,0.0,-40.0,False,False,1.040019907,1.040019907
3276,257,scene_3.1,scene_3.1_y04,4,31,30,126.091286462,14.133611744,-319.203629296,180.0,0.0,-40.0,False,False,1.040019907,1.040019907
3277,258,scene_3.1,scene_3.1_y04,4,31,29,126.091286462,14.133611744,-320.243649202,180.0,0.0,-40.0,False,False,1.040019907,1.040019907
3278,259,scene_3.1,scene_3.1_y04,4,31,28,126.091286462,14.133611744,-321.283669109,180.0,0.0,-40.0,False,False,1.040019907,1.040019907
3279,260,scene_3.1,scene_3.1_y04,4,31,27,126.091286462,14.133611744,-322.323689015,180.0,0.0,-40.0,False,False,1.040019907,1.040019907
3280,261,scene_3.1,scene_3.1_y04,4,31,26,126.091286462,14.133611744,-323.363708922,180.0,0.0,-40.0,False,False,1.040019907,1.040019907
3281,262,scene_3.1,scene_3.1_y04,4,31,25,126.091286462,14.133611744,-324.403728829,180.0,0.0,-40.0,False,False,1.040019907,1.040019907
3282,263,scene_3.1,scene_3.1_y04,4,31,24,126.091286462,14.133611744,-325.443748735,180.0,0.0,-40.0,False,False,1.040019907,1.040019907
3283,264,scene_3.1,scene_3.1_y04,4,31,23,126.091286462,14.133611744,-326.483768642,180.0,0.0,-40.0,False,False,1.040019907,1.040019907
3284,265,scene_3.1,scene_3.1_y04,4,31,22,126.091286462,14.133611744,-327.523788548,180.0,0.0,-40.0,False,False,1.040019907,1.040019907
3285,266,scene_3.1,scene_3.1_y04,4,31,21,126.091286462,14.133611744,-328.563808455,180.0,0.0,-40.0,False,False,1.040019907,1.040019907
3286,267,scene_3.1,scene_3.1_y04,4,31,20,126.091286462,14.133611744,-329.603828362,180.0,0.0,-40.0,False,False,1.040019907,1.040019907
3287,268,scene_3.1,scene_3.1_y04,4,31,19,126.091286462,14.133611744,-330.643848268,180.0,0.0,-40.0,False,False,1.040019907,1.040019907
3288,269,scene_3.1,scene_3.1_y04,4,31,18,126.091286462,14.133611744,-331.683868175,180.0,0.0,-40.0,False,False,1.040019907,1.040019907
3289,270,scene_3.1,scene_3.1_y04,4,31,17,126.091286462,14.133611744,-332.723888082,180.0,0.0,-40.0,False,False,1.040019907,1.040019907
3290,271,scene_3.1,scene_3.1_y04,4,31,16,126.091286462,14.133611744,-333.763907988,180.0,0.0,-40.0,False,False,1.040019907,1.040019907
3291,272,scene_3.1,scene_3.1_y04,4,31,15,126.091286462,14.133611744,-334.803927895,180.0,0.0,-40.0,False,False,1.040019907,1.040019907
3292,273,scene_3.1,scene_3.1_y04,4,31,14,126.091286462,14.133611744,-335.843947801,180.0,0.0,-40.0,False,False,1.040019907,1.040019907
3293,274,scene_3.1,scene_3.1_y04,4,31,13,126.091286462,14.133611744,-336.883967708,180.0,0.0,-40.0,False,False,1.040019907,1.040019907
3294,275,scene_3.1,scene_3.1_y04,4,31,12,126.091286462,14.133611744,-337.923987615,180.0,0.0,-40.0,False,False,1.040019907,1.040019907
3295,276,scene_3.1,scene_3.1_y04,4,31,11,126.091286462,14.133611744,-338.964007521,180.0,0.0,-40.0,False,False,1.040019907,1.040019907
3296,277,scene_3.1,scene_3.1_y04,4,31,10,126.091286462,14.133611744,-340.004027428,180.0,0.0,-40.0,False,False,1.040019907,1.040019907
3297,278,scene_3.1,scene_3.1_y04,4,31,9,126.091286462,14.133611744,-341.044047334,180.0,0.0,-40.0,False,False,1.040019907,1.040019907
3298,279,scene_3.1,scene_3.1_y04,4,31,8,126.091286462,14.133611744,-342.084067241,180.0,0.0,-40.0,False,False,1.040019907,1.040019907
3299,280,scene_3.1,scene_3.1_y04,4,31,7,126.091286462,14.133611744,-343.124087148,180.0,0.0,-40.0,False,False,1.040019907,1.040019907
3300,281,scene_3.1,scene_3.1_y04,4,31,6,126.091286462,14.133611744,-344.164107054,180.0,0.0,-40.0,False,False,1.040019907,1.040019907
3301,282,scene_3.1,scene_3.1_y04,4,31,5,126.091286462,14.133611744,-345.204126961,180.0,0.0,-40.0,False,False,1.040019907,1.040019907
3302,283,scene_3.1,scene_3.1_y04,4,31,4,126.091286462,14.133611744,-346.244146868,180.0,0.0,-40.0,False,False,1.040019907,1.040019907
3303,284,scene_3.1,scene_3.1_y04,4,31,3,126.091286462,14.133611744,-347.284166774,228.996562381,48.996562381,-40.0,False,False,1.040019907,1.58514415
3304,285,scene_3.1,scene_3.1_y04,4,30,2,124.895025383,14.133611744,-348.324186681,0.0,180.0,-40.0,False,False,1.58514415,1.040019907
3305,286,scene_3.1,scene_3.1_y04,4,30,3,124.895025383,14.133611744,-347.284166774,0.0,180.0,-40.0,True,False,1.040019907,1.040019907
3306,287,scene_3.1,scene_3.1_y04,4,30,4,124.895025383,14.133611744,-346.244146868,0.0,180.0,-40.0,False,False,1.040019907,1.040019907
3307,288,scene_3.1,scene_3.1_y04,4,30,5,124.895025383,14.133611744,-345.204126961,0.0,180.0,-40.0,False,False,1.040019907,1.040019907
3308,289,scene_3.1,scene_3.1_y04,4,30,6,124.895025383,14.133611744,-344.164107054,0.0,180.0,-40.0,True,False,1.040019907,1.040019907
3309,290,scene_3.1,scene_3.1_y04,4,30,7,124.895025383,14.133611744,-343.124087148,0.0,180.0,-40.0,False,False,1.040019907,1.040019907
3310,291,scene_3.1,scene_3.1_y04,4,30,8,124.895025383,14.133611744,-342.084067241,0.0,180.0,-40.0,False,False,1.040019907,1.040019907
3311,292,scene_3.1,scene_3.1_y04,4,30,9,124.895025383,14.133611744,-341.044047334,0.0,180.0,-40.0,True,False,1.040019907,1.040019907
3312,293,scene_3.1,scene_3.1_y04,4,30,10,124.895025383,14.133611744,-340.004027428,0.0,180.0,-40.0,False,False,1.040019907,1.040019907
3313,294,scene_3.1,scene_3.1_y04,4,30,11,124.895025383,14.133611744,-338.964007521,0.0,180.0,-40.0,False,False,1.040019907,1.040019907
3314,295,scene_3.1,scene_3.1_y04,4,30,12,124.895025383,14.133611744,-337.923987615,0.0,180.0,-40.0,True,False,1.040019907,1.040019907
3315,296,scene_3.1,scene_3.1_y04,4,30,13,124.895025383,14.133611744,-336.883967708,0.0,180.0,-40.0,False,False,1.040019907,1.040019907
3316,297,scene_3.1,scene_3.1_y04,4,30,14,124.895025383,14.133611744,-335.843947801,0.0,180.0,-40.0,False,False,1.040019907,1.040019907
3317,298,scene_3.1,scene_3.1_y04,4,30,15,124.895025383,14.133611744,-334.803927895,0.0,180.0,-40.0,True,False,1.040019907,1.040019907
3318,299,scene_3.1,scene_3.1_y04,4,30,16,124.895025383,14.133611744,-333.763907988,0.0,180.0,-40.0,False,False,1.040019907,1.040019907
3319,300,scene_3.1,scene_3.1_y04,4,30,17,124.895025383,14.133611744,-332.723888082,0.0,180.0,-40.0,False,False,1.040019907,1.040019907
3320,301,scene_3.1,scene_3.1_y04,4,30,18,124.895025383,14.133611744,-331.683868175,0.0,180.0,-40.0,True,False,1.040019907,1.040019907
3321,302,scene_3.1,scene_3.1_y04,4,30,19,124.895025383,14.133611744,-330.643848268,0.0,180.0,-40.0,False,False,1.040019907,1.040019907
3322,303,scene_3.1,scene_3.1_y04,4,30,20,124.895025383,14.133611744,-329.603828362,0.0,180.0,-40.0,False,False,1.040019907,1.040019907
3323,304,scene_3.1,scene_3.1_y04,4,30,21,124.895025383,14.133611744,-328.563808455,0.0,180.0,-40.0,True,False,1.040019907,1.040019907
3324,305,scene_3.1,scene_3.1_y04,4,30,22,124.895025383,14.133611744,-327.523788548,0.0,180.0,-40.0,False,False,1.040019907,1.040019907
3325,306,scene_3.1,scene_3.1_y04,4,30,23,124.895025383,14.133611744,-326.483768642,0.0,180.0,-40.0,False,False,1.040019907,1.040019907
3326,307,scene_3.1,scene_3.1_y04,4,30,24,124.895025383,14.133611744,-325.443748735,0.0,180.0,-40.0,True,False,1.040019907,1.040019907
3327,308,scene_3.1,scene_3.1_y04,4,30,25,124.895025383,14.133611744,-324.403728829,0.0,180.0,-40.0,False,False,1.040019907,1.040019907
3328,309,scene_3.1,scene_3.1_y04,4,30,26,124.895025383,14.133611744,-323.363708922,0.0,180.0,-40.0,False,False,1.040019907,1.040019907
3329,310,scene_3.1,scene_3.1_y04,4,30,27,124.895025383,14.133611744,-322.323689015,0.0,180.0,-40.0,True,False,1.040019907,1.040019907
3330,311,scene_3.1,scene_3.1_y04,4,30,28,124.895025383,14.133611744,-321.283669109,0.0,180.0,-40.0,False,False,1.040019907,1.040019907
3331,312,scene_3.1,scene_3.1_y04,4,30,29,124.895025383,14.133611744,-320.243649202,0.0,180.0,-40.0,False,False,1.040019907,1.040019907
3332,313,scene_3.1,scene_3.1_y04,4,30,30,124.895025383,14.133611744,-319.203629296,0.0,180.0,-40.0,True,False,1.040019907,1.040019907
3333,314,scene_3.1,scene_3.1_y04,4,30,31,124.895025383,14.133611744,-318.163609389,0.0,180.0,-40.0,False,False,1.040019907,1.040019907
3334,315,scene_3.1,scene_3.1_y04,4,30,32,124.895025383,14.133611744,-317.123589482,0.0,180.0,-40.0,False,False,1.040019907,1.040019907
3335,316,scene_3.1,scene_3.1_y04,4,30,33,124.895025383,14.133611744,-316.083569576,0.0,180.0,-40.0,True,False,1.040019907,1.040019907
3336,317,scene_3.1,scene_3.1_y04,4,30,34,124.895025383,14.133611744,-315.043549669,0.0,180.0,-40.0,False,False,1.040019907,1.040019907
3337,318,scene_3.1,scene_3.1_y04,4,30,35,124.895025383,14.133611744,-314.003529762,0.0,180.0,-40.0,False,False,1.040019907,1.040019907
3338,319,scene_3.1,scene_3.1_y04,4,30,36,124.895025383,14.133611744,-312.963509856,0.0,180.0,-40.0,True,False,1.040019907,1.040019907
3339,320,scene_3.1,scene_3.1_y04,4,30,37,124.895025383,14.133611744,-311.923489949,270.0,90.0,-40.0,False,False,1.040019907,1.196261079
3340,321,scene_3.1,scene_3.1_y04,4,29,37,123.698764304,14.133611744,-311.923489949,180.0,0.0,-40.0,False,False,1.196261079,1.040019907
3341,322,scene_3.1,scene_3.1_y04,4,29,36,123.698764304,14.133611744,-312.963509856,180.0,0.0,-40.0,False,False,1.040019907,1.040019907
3342,323,scene_3.1,scene_3.1_y04,4,29,35,123.698764304,14.133611744,-314.003529762,180.0,0.0,-40.0,False,False,1.040019907,1.040019907
3343,324,scene_3.1,scene_3.1_y04,4,29,34,123.698764304,14.133611744,-315.043549669,180.0,0.0,-40.0,False,False,1.040019907,1.040019907
3344,325,scene_3.1,scene_3.1_y04,4,29,33,123.698764304,14.133611744,-316.083569576,180.0,0.0,-40.0,False,False,1.040019907,1.040019907
3345,326,scene_3.1,scene_3.1_y04,4,29,32,123.698764304,14.133611744,-317.123589482,180.0,0.0,-40.0,False,False,1.040019907,1.040019907
3346,327,scene_3.1,scene_3.1_y04,4,29,31,123.698764304,14.133611744,-318.163609389,180.0,0.0,-40.0,False,False,1.040019907,1.040019907
3347,328,scene_3.1,scene_3.1_y04,4,29,30,123.698764304,14.133611744,-319.203629296,180.0,0.0,-40.0,False,False,1.040019907,1.040019907
3348,329,scene_3.1,scene_3.1_y04,4,29,29,123.698764304,14.133611744,-320.243649202,180.0,0.0,-40.0,False,False,1.040019907,1.040019907
3349,330,scene_3.1,scene_3.1_y04,4,29,28,123.698764304,14.133611744,-321.283669109,180.0,0.0,-40.0,False,False,1.040019907,1.040019907
3350,331,scene_3.1,scene_3.1_y04,4,29,27,123.698764304,14.133611744,-322.323689015,180.0,0.0,-40.0,False,False,1.040019907,1.040019907
3351,332,scene_3.1,scene_3.1_y04,4,29,26,123.698764304,14.133611744,-323.363708922,180.0,0.0,-40.0,False,False,1.040019907,1.040019907
3352,333,scene_3.1,scene_3.1_y04,4,29,25,123.698764304,14.133611744,-324.403728829,180.0,0.0,-40.0,False,False,1.040019907,1.040019907
3353,334,scene_3.1,scene_3.1_y04,4,29,24,123.698764304,14.133611744,-325.443748735,180.0,0.0,-40.0,False,False,1.040019907,1.040019907
3354,335,scene_3.1,scene_3.1_y04,4,29,23,123.698764304,14.133611744,-326.483768642,180.0,0.0,-40.0,False,False,1.040019907,1.040019907
3355,336,scene_3.1,scene_3.1_y04,4,29,22,123.698764304,14.133611744,-327.523788548,180.0,0.0,-40.0,False,False,1.040019907,1.040019907
3356,337,scene_3.1,scene_3.1_y04,4,29,21,123.698764304,14.133611744,-328.563808455,180.0,0.0,-40.0,False,False,1.040019907,1.040019907
3357,338,scene_3.1,scene_3.1_y04,4,29,20,123.698764304,14.133611744,-329.603828362,180.0,0.0,-40.0,False,False,1.040019907,1.040019907
3358,339,scene_3.1,scene_3.1_y04,4,29,19,123.698764304,14.133611744,-330.643848268,180.0,0.0,-40.0,False,False,1.040019907,1.040019907
3359,340,scene_3.1,scene_3.1_y04,4,29,18,123.698764304,14.133611744,-331.683868175,180.0,0.0,-40.0,False,False,1.040019907,1.040019907
3360,341,scene_3.1,scene_3.1_y04,4,29,17,123.698764304,14.133611744,-332.723888082,180.0,0.0,-40.0,False,False,1.040019907,1.040019907
3361,342,scene_3.1,scene_3.1_y04,4,29,16,123.698764304,14.133611744,-333.763907988,180.0,0.0,-40.0,False,False,1.040019907,1.040019907
3362,343,scene_3.1,scene_3.1_y04,4,29,15,123.698764304,14.133611744,-334.803927895,180.0,0.0,-40.0,False,False,1.040019907,1.040019907
3363,344,scene_3.1,scene_3.1_y04,4,29,14,123.698764304,14.133611744,-335.843947801,180.0,0.0,-40.0,False,False,1.040019907,1.040019907
3364,345,scene_3.1,scene_3.1_y04,4,29,13,123.698764304,14.133611744,-336.883967708,180.0,0.0,-40.0,False,False,1.040019907,1.040019907
3365,346,scene_3.1,scene_3.1_y04,4,29,12,123.698764304,14.133611744,-337.923987615,180.0,0.0,-40.0,False,False,1.040019907,1.040019907
3366,347,scene_3.1,scene_3.1_y04,4,29,11,123.698764304,14.133611744,-338.964007521,180.0,0.0,-40.0,False,False,1.040019907,1.040019907
3367,348,scene_3.1,scene_3.1_y04,4,29,10,123.698764304,14.133611744,-340.004027428,180.0,0.0,-40.0,False,False,1.040019907,1.040019907
3368,349,scene_3.1,scene_3.1_y04,4,29,9,123.698764304,14.133611744,-341.044047334,180.0,0.0,-40.0,False,False,1.040019907,1.040019907
3369,350,scene_3.1,scene_3.1_y04,4,29,8,123.698764304,14.133611744,-342.084067241,180.0,0.0,-40.0,False,False,1.040019907,1.040019907
3370,351,scene_3.1,scene_3.1_y04,4,29,7,123.698764304,14.133611744,-343.124087148,180.0,0.0,-40.0,False,False,1.040019907,1.040019907
3371,352,scene_3.1,scene_3.1_y04,4,29,6,123.698764304,14.133611744,-344.164107054,180.0,0.0,-40.0,False,False,1.040019907,1.040019907
3372,353,scene_3.1,scene_3.1_y04,4,29,5,123.698764304,14.133611744,-345.204126961,180.0,0.0,-40.0,False,False,1.040019907,1.040019907
3373,354,scene_3.1,scene_3.1_y04,4,29,4,123.698764304,14.133611744,-346.244146868,180.0,0.0,-40.0,False,False,1.040019907,1.040019907
3374,355,scene_3.1,scene_3.1_y04,4,29,3,123.698764304,14.133611744,-347.284166774,180.0,0.0,-40.0,False,False,1.040019907,1.040019907
3375,356,scene_3.1,scene_3.1_y04,4,29,2,123.698764304,14.133611744,-348.324186681,270.0,90.0,-40.0,False,False,1.040019907,1.196261079
3376,357,scene_3.1,scene_3.1_y04,4,28,2,122.502503225,14.133611744,-348.324186681,0.0,180.0,-40.0,False,False,1.196261079,1.040019907
3377,358,scene_3.1,scene_3.1_y04,4,28,3,122.502503225,14.133611744,-347.284166774,0.0,180.0,-40.0,False,False,1.040019907,1.040019907
3378,359,scene_3.1,scene_3.1_y04,4,28,4,122.502503225,14.133611744,-346.244146868,0.0,180.0,-40.0,False,False,1.040019907,1.040019907
3379,360,scene_3.1,scene_3.1_y04,4,28,5,122.502503225,14.133611744,-345.204126961,0.0,180.0,-40.0,False,False,1.040019907,1.040019907
3380,361,scene_3.1,scene_3.1_y04,4,28,6,122.502503225,14.133611744,-344.164107054,0.0,180.0,-40.0,False,False,1.040019907,1.040019907
3381,362,scene_3.1,scene_3.1_y04,4,28,7,122.502503225,14.133611744,-343.124087148,0.0,180.0,-40.0,False,False,1.040019907,1.040019907
3382,363,scene_3.1,scene_3.1_y04,4,28,8,122.502503225,14.133611744,-342.084067241,0.0,180.0,-40.0,False,False,1.040019907,1.040019907
3383,364,scene_3.1,scene_3.1_y04,4,28,9,122.502503225,14.133611744,-341.044047334,0.0,180.0,-40.0,False,False,1.040019907,1.040019907
3384,365,scene_3.1,scene_3.1_y04,4,28,10,122.502503225,14.133611744,-340.004027428,0.0,180.0,-40.0,False,False,1.040019907,1.040019907
3385,366,scene_3.1,scene_3.1_y04,4,28,11,122.502503225,14.133611744,-338.964007521,0.0,180.0,-40.0,False,False,1.040019907,1.040019907
3386,367,scene_3.1,scene_3.1_y04,4,28,12,122.502503225,14.133611744,-337.923987615,0.0,180.0,-40.0,False,False,1.040019907,1.040019907
3387,368,scene_3.1,scene_3.1_y04,4,28,13,122.502503225,14.133611744,-336.883967708,0.0,180.0,-40.0,False,False,1.040019907,1.040019907
3388,369,scene_3.1,scene_3.1_y04,4,28,14,122.502503225,14.133611744,-335.843947801,0.0,180.0,-40.0,False,False,1.040019907,1.040019907
3389,370,scene_3.1,scene_3.1_y04,4,28,15,122.502503225,14.133611744,-334.803927895,0.0,180.0,-40.0,False,False,1.040019907,1.040019907
3390,371,scene_3.1,scene_3.1_y04,4,28,16,122.502503225,14.133611744,-333.763907988,0.0,180.0,-40.0,False,False,1.040019907,1.040019907
3391,372,scene_3.1,scene_3.1_y04,4,28,17,122.502503225,14.133611744,-332.723888082,0.0,180.0,-40.0,False,False,1.040019907,1.040019907
3392,373,scene_3.1,scene_3.1_y04,4,28,18,122.502503225,14.133611744,-331.683868175,0.0,180.0,-40.0,False,False,1.040019907,1.040019907
3393,374,scene_3.1,scene_3.1_y04,4,28,19,122.502503225,14.133611744,-330.643848268,0.0,180.0,-40.0,False,False,1.040019907,1.040019907
3394,375,scene_3.1,scene_3.1_y04,4,28,20,122.502503225,14.133611744,-329.603828362,0.0,180.0,-40.0,False,False,1.040019907,1.040019907
3395,376,scene_3.1,scene_3.1_y04,4,28,21,122.502503225,14.133611744,-328.563808455,0.0,180.0,-40.0,False,False,1.040019907,1.040019907
3396,377,scene_3.1,scene_3.1_y04,4,28,22,122.502503225,14.133611744,-327.523788548,0.0,180.0,-40.0,False,False,1.040019907,1.040019907
3397,378,scene_3.1,scene_3.1_y04,4,28,23,122.502503225,14.133611744,-326.483768642,0.0,180.0,-40.0,False,False,1.040019907,1.040019907
3398,379,scene_3.1,scene_3.1_y04,4,28,24,122.502503225,14.133611744,-325.443748735,0.0,180.0,-40.0,False,False,1.040019907,1.040019907
3399,380,scene_3.1,scene_3.1_y04,4,28,25,122.502503225,14.133611744,-324.403728829,0.0,180.0,-40.0,False,False,1.040019907,1.040019907
3400,381,scene_3.1,scene_3.1_y04,4,28,26,122.502503225,14.133611744,-323.363708922,0.0,180.0,-40.0,False,False,1.040019907,1.040019907
3401,382,scene_3.1,scene_3.1_y04,4,28,27,122.502503225,14.133611744,-322.323689015,0.0,180.0,-40.0,False,False,1.040019907,1.040019907
3402,383,scene_3.1,scene_3.1_y04,4,28,28,122.502503225,14.133611744,-321.283669109,0.0,180.0,-40.0,False,False,1.040019907,1.040019907
3403,384,scene_3.1,scene_3.1_y04,4,28,29,122.502503225,14.133611744,-320.243649202,0.0,180.0,-40.0,False,False,1.040019907,1.040019907
3404,385,scene_3.1,scene_3.1_y04,4,28,30,122.502503225,14.133611744,-319.203629296,0.0,180.0,-40.0,False,False,1.040019907,1.040019907
3405,386,scene_3.1,scene_3.1_y04,4,28,31,122.502503225,14.133611744,-318.163609389,0.0,180.0,-40.0,False,False,1.040019907,1.040019907
3406,387,scene_3.1,scene_3.1_y04,4,28,32,122.502503225,14.133611744,-317.123589482,0.0,180.0,-40.0,False,False,1.040019907,1.040019907
3407,388,scene_3.1,scene_3.1_y04,4,28,33,122.502503225,14.133611744,-316.083569576,0.0,180.0,-40.0,False,False,1.040019907,1.040019907
3408,389,scene_3.1,scene_3.1_y04,4,28,34,122.502503225,14.133611744,-315.043549669,0.0,180.0,-40.0,False,False,1.040019907,1.040019907
3409,390,scene_3.1,scene_3.1_y04,4,28,35,122.502503225,14.133611744,-314.003529762,0.0,180.0,-40.0,False,False,1.040019907,1.040019907
3410,391,scene_3.1,scene_3.1_y04,4,28,36,122.502503225,14.133611744,-312.963509856,0.0,180.0,-40.0,False,False,1.040019907,1.040019907
3411,392,scene_3.1,scene_3.1_y04,4,28,37,122.502503225,14.133611744,-311.923489949,270.0,90.0,-40.0,False,False,1.040019907,1.196261079
3412,393,scene_3.1,scene_3.1_y04,4,27,37,121.306242146,14.133611744,-311.923489949,180.0,0.0,-40.0,False,False,1.196261079,1.040019907
3413,394,scene_3.1,scene_3.1_y04,4,27,36,121.306242146,14.133611744,-312.963509856,180.0,0.0,-40.0,True,False,1.040019907,1.040019907
3414,395,scene_3.1,scene_3.1_y04,4,27,35,121.306242146,14.133611744,-314.003529762,180.0,0.0,-40.0,False,False,1.040019907,1.040019907
3415,396,scene_3.1,scene_3.1_y04,4,27,34,121.306242146,14.133611744,-315.043549669,180.0,0.0,-40.0,False,False,1.040019907,1.040019907
3416,397,scene_3.1,scene_3.1_y04,4,27,33,121.306242146,14.133611744,-316.083569576,180.0,0.0,-40.0,True,False,1.040019907,1.040019907
3417,398,scene_3.1,scene_3.1_y04,4,27,32,121.306242146,14.133611744,-317.123589482,180.0,0.0,-40.0,False,False,1.040019907,1.040019907
3418,399,scene_3.1,scene_3.1_y04,4,27,31,121.306242146,14.133611744,-318.163609389,180.0,0.0,-40.0,False,False,1.040019907,1.040019907
3419,400,scene_3.1,scene_3.1_y04,4,27,30,121.306242146,14.133611744,-319.203629296,180.0,0.0,-40.0,True,False,1.040019907,1.040019907
3420,401,scene_3.1,scene_3.1_y04,4,27,29,121.306242146,14.133611744,-320.243649202,180.0,0.0,-40.0,False,False,1.040019907,1.040019907
3421,402,scene_3.1,scene_3.1_y04,4,27,28,121.306242146,14.133611744,-321.283669109,180.0,0.0,-40.0,False,False,1.040019907,1.040019907
3422,403,scene_3.1,scene_3.1_y04,4,27,27,121.306242146,14.133611744,-322.323689015,180.0,0.0,-40.0,True,False,1.040019907,1.040019907
3423,404,scene_3.1,scene_3.1_y04,4,27,26,121.306242146,14.133611744,-323.363708922,180.0,0.0,-40.0,False,False,1.040019907,1.040019907
3424,405,scene_3.1,scene_3.1_y04,4,27,25,121.306242146,14.133611744,-324.403728829,180.0,0.0,-40.0,False,False,1.040019907,1.040019907
3425,406,scene_3.1,scene_3.1_y04,4,27,24,121.306242146,14.133611744,-325.443748735,180.0,0.0,-40.0,True,False,1.040019907,1.040019907
3426,407,scene_3.1,scene_3.1_y04,4,27,23,121.306242146,14.133611744,-326.483768642,180.0,0.0,-40.0,False,False,1.040019907,1.040019907
3427,408,scene_3.1,scene_3.1_y04,4,27,22,121.306242146,14.133611744,-327.523788548,180.0,0.0,-40.0,False,False,1.040019907,1.040019907
3428,409,scene_3.1,scene_3.1_y04,4,27,21,121.306242146,14.133611744,-328.563808455,180.0,0.0,-40.0,True,False,1.040019907,1.040019907
3429,410,scene_3.1,scene_3.1_y04,4,27,20,121.306242146,14.133611744,-329.603828362,180.0,0.0,-40.0,False,False,1.040019907,1.040019907
3430,411,scene_3.1,scene_3.1_y04,4,27,19,121.306242146,14.133611744,-330.643848268,180.0,0.0,-40.0,False,False,1.040019907,1.040019907
3431,412,scene_3.1,scene_3.1_y04,4,27,18,121.306242146,14.133611744,-331.683868175,180.0,0.0,-40.0,True,False,1.040019907,1.040019907
3432,413,scene_3.1,scene_3.1_y04,4,27,17,121.306242146,14.133611744,-332.723888082,180.0,0.0,-40.0,False,False,1.040019907,1.040019907
3433,414,scene_3.1,scene_3.1_y04,4,27,16,121.306242146,14.133611744,-333.763907988,180.0,0.0,-40.0,False,False,1.040019907,1.040019907
3434,415,scene_3.1,scene_3.1_y04,4,27,15,121.306242146,14.133611744,-334.803927895,180.0,0.0,-40.0,True,False,1.040019907,1.040019907
3435,416,scene_3.1,scene_3.1_y04,4,27,14,121.306242146,14.133611744,-335.843947801,180.0,0.0,-40.0,False,False,1.040019907,1.040019907
3436,417,scene_3.1,scene_3.1_y04,4,27,13,121.306242146,14.133611744,-336.883967708,180.0,0.0,-40.0,False,False,1.040019907,1.040019907
3437,418,scene_3.1,scene_3.1_y04,4,27,12,121.306242146,14.133611744,-337.923987615,180.0,0.0,-40.0,True,False,1.040019907,1.040019907
3438,419,scene_3.1,scene_3.1_y04,4,27,11,121.306242146,14.133611744,-338.964007521,180.0,0.0,-40.0,False,False,1.040019907,1.040019907
3439,420,scene_3.1,scene_3.1_y04,4,27,10,121.306242146,14.133611744,-340.004027428,180.0,0.0,-40.0,False,False,1.040019907,1.040019907
3440,421,scene_3.1,scene_3.1_y04,4,27,9,121.306242146,14.133611744,-341.044047334,180.0,0.0,-40.0,True,False,1.040019907,1.040019907
3441,422,scene_3.1,scene_3.1_y04,4,27,8,121.306242146,14.133611744,-342.084067241,180.0,0.0,-40.0,False,False,1.040019907,1.040019907
3442,423,scene_3.1,scene_3.1_y04,4,27,7,121.306242146,14.133611744,-343.124087148,180.0,0.0,-40.0,False,False,1.040019907,1.040019907
3443,424,scene_3.1,scene_3.1_y04,4,27,6,121.306242146,14.133611744,-344.164107054,180.0,0.0,-40.0,True,False,1.040019907,1.040019907
3444,425,scene_3.1,scene_3.1_y04,4,27,5,121.306242146,14.133611744,-345.204126961,180.0,0.0,-40.0,False,False,1.040019907,1.040019907
3445,426,scene_3.1,scene_3.1_y04,4,27,4,121.306242146,14.133611744,-346.244146868,180.0,0.0,-40.0,False,False,1.040019907,1.040019907
3446,427,scene_3.1,scene_3.1_y04,4,27,3,121.306242146,14.133611744,-347.284166774,180.0,0.0,-40.0,True,False,1.040019907,1.040019907
3447,428,scene_3.1,scene_3.1_y04,4,27,2,121.306242146,14.133611744,-348.324186681,270.0,90.0,-40.0,False,False,1.040019907,1.196261079
3448,429,scene_3.1,scene_3.1_y04,4,26,2,120.109981066,14.133611744,-348.324186681,0.0,180.0,-40.0,False,False,1.196261079,1.040019907
3449,430,scene_3.1,scene_3.1_y04,4,26,3,120.109981066,14.133611744,-347.284166774,0.0,180.0,-40.0,False,False,1.040019907,1.040019907
3450,431,scene_3.1,scene_3.1_y04,4,26,4,120.109981066,14.133611744,-346.244146868,0.0,180.0,-40.0,False,False,1.040019907,1.040019907
3451,432,scene_3.1,scene_3.1_y04,4,26,5,120.109981066,14.133611744,-345.204126961,0.0,180.0,-40.0,False,False,1.040019907,1.040019907
3452,433,scene_3.1,scene_3.1_y04,4,26,6,120.109981066,14.133611744,-344.164107054,0.0,180.0,-40.0,False,False,1.040019907,1.040019907
3453,434,scene_3.1,scene_3.1_y04,4,26,7,120.109981066,14.133611744,-343.124087148,0.0,180.0,-40.0,False,False,1.040019907,1.040019907
3454,435,scene_3.1,scene_3.1_y04,4,26,8,120.109981066,14.133611744,-342.084067241,0.0,180.0,-40.0,False,False,1.040019907,1.040019907
3455,436,scene_3.1,scene_3.1_y04,4,26,9,120.109981066,14.133611744,-341.044047334,0.0,180.0,-40.0,False,False,1.040019907,1.040019907
3456,437,scene_3.1,scene_3.1_y04,4,26,10,120.109981066,14.133611744,-340.004027428,0.0,180.0,-40.0,False,False,1.040019907,1.040019907
3457,438,scene_3.1,scene_3.1_y04,4,26,11,120.109981066,14.133611744,-338.964007521,0.0,180.0,-40.0,False,False,1.040019907,1.040019907
3458,439,scene_3.1,scene_3.1_y04,4,26,12,120.109981066,14.133611744,-337.923987615,0.0,180.0,-40.0,False,False,1.040019907,1.040019907
3459,440,scene_3.1,scene_3.1_y04,4,26,13,120.109981066,14.133611744,-336.883967708,0.0,180.0,-40.0,False,False,1.040019907,1.040019907
3460,441,scene_3.1,scene_3.1_y04,4,26,14,120.109981066,14.133611744,-335.843947801,0.0,180.0,-40.0,False,False,1.040019907,1.040019907
3461,442,scene_3.1,scene_3.1_y04,4,26,15,120.109981066,14.133611744,-334.803927895,0.0,180.0,-40.0,False,False,1.040019907,1.040019907
3462,443,scene_3.1,scene_3.1_y04,4,26,16,120.109981066,14.133611744,-333.763907988,0.0,180.0,-40.0,False,False,1.040019907,1.040019907
3463,444,scene_3.1,scene_3.1_y04,4,26,17,120.109981066,14.133611744,-332.723888082,0.0,180.0,-40.0,False,False,1.040019907,1.040019907
3464,445,scene_3.1,scene_3.1_y04,4,26,18,120.109981066,14.133611744,-331.683868175,0.0,180.0,-40.0,False,False,1.040019907,1.040019907
3465,446,scene_3.1,scene_3.1_y04,4,26,19,120.109981066,14.133611744,-330.643848268,0.0,180.0,-40.0,False,False,1.040019907,1.040019907
3466,447,scene_3.1,scene_3.1_y04,4,26,20,120.109981066,14.133611744,-329.603828362,0.0,180.0,-40.0,False,False,1.040019907,1.040019907
3467,448,scene_3.1,scene_3.1_y04,4,26,21,120.109981066,14.133611744,-328.563808455,0.0,180.0,-40.0,False,False,1.040019907,1.040019907
3468,449,scene_3.1,scene_3.1_y04,4,26,22,120.109981066,14.133611744,-327.523788548,0.0,180.0,-40.0,False,False,1.040019907,1.040019907
3469,450,scene_3.1,scene_3.1_y04,4,26,23,120.109981066,14.133611744,-326.483768642,0.0,180.0,-40.0,False,False,1.040019907,1.040019907
3470,451,scene_3.1,scene_3.1_y04,4,26,24,120.109981066,14.133611744,-325.443748735,0.0,180.0,-40.0,False,False,1.040019907,1.040019907
3471,452,scene_3.1,scene_3.1_y04,4,26,25,120.109981066,14.133611744,-324.403728829,0.0,180.0,-40.0,False,False,1.040019907,1.040019907
3472,453,scene_3.1,scene_3.1_y04,4,26,26,120.109981066,14.133611744,-323.363708922,0.0,180.0,-40.0,False,False,1.040019907,1.040019907
3473,454,scene_3.1,scene_3.1_y04,4,26,27,120.109981066,14.133611744,-322.323689015,0.0,180.0,-40.0,False,False,1.040019907,1.040019907
3474,455,scene_3.1,scene_3.1_y04,4,26,28,120.109981066,14.133611744,-321.283669109,0.0,180.0,-40.0,False,False,1.040019907,1.040019907
3475,456,scene_3.1,scene_3.1_y04,4,26,29,120.109981066,14.133611744,-320.243649202,0.0,180.0,-40.0,False,False,1.040019907,1.040019907
3476,457,scene_3.1,scene_3.1_y04,4,26,30,120.109981066,14.133611744,-319.203629296,0.0,180.0,-40.0,False,False,1.040019907,1.040019907
3477,458,scene_3.1,scene_3.1_y04,4,26,31,120.109981066,14.133611744,-318.163609389,0.0,180.0,-40.0,False,False,1.040019907,1.040019907
3478,459,scene_3.1,scene_3.1_y04,4,26,32,120.109981066,14.133611744,-317.123589482,0.0,180.0,-40.0,False,False,1.040019907,1.040019907
3479,460,scene_3.1,scene_3.1_y04,4,26,33,120.109981066,14.133611744,-316.083569576,0.0,180.0,-40.0,False,False,1.040019907,1.040019907
3480,461,scene_3.1,scene_3.1_y04,4,26,34,120.109981066,14.133611744,-315.043549669,0.0,180.0,-40.0,False,False,1.040019907,1.040019907
3481,462,scene_3.1,scene_3.1_y04,4,26,35,120.109981066,14.133611744,-314.003529762,0.0,180.0,-40.0,False,False,1.040019907,1.040019907
3482,463,scene_3.1,scene_3.1_y04,4,26,36,120.109981066,14.133611744,-312.963509856,0.0,180.0,-40.0,False,False,1.040019907,1.040019907
3483,464,scene_3.1,scene_3.1_y04,4,26,37,120.109981066,14.133611744,-311.923489949,270.0,90.0,-40.0,False,False,1.040019907,1.196261079
3484,465,scene_3.1,scene_3.1_y04,4,25,37,118.913719987,14.133611744,-311.923489949,180.0,0.0,-40.0,False,False,1.196261079,1.040019907
3485,466,scene_3.1,scene_3.1_y04,4,25,36,118.913719987,14.133611744,-312.963509856,180.0,0.0,-40.0,False,False,1.040019907,1.040019907
3486,467,scene_3.1,scene_3.1_y04,4,25,35,118.913719987,14.133611744,-314.003529762,180.0,0.0,-40.0,False,False,1.040019907,1.040019907
3487,468,scene_3.1,scene_3.1_y04,4,25,34,118.913719987,14.133611744,-315.043549669,180.0,0.0,-40.0,False,False,1.040019907,1.040019907
3488,469,scene_3.1,scene_3.1_y04,4,25,33,118.913719987,14.133611744,-316.083569576,180.0,0.0,-40.0,False,False,1.040019907,1.040019907
3489,470,scene_3.1,scene_3.1_y04,4,25,32,118.913719987,14.133611744,-317.123589482,180.0,0.0,-40.0,False,False,1.040019907,1.040019907
3490,471,scene_3.1,scene_3.1_y04,4,25,31,118.913719987,14.133611744,-318.163609389,180.0,0.0,-40.0,False,False,1.040019907,1.040019907
3491,472,scene_3.1,scene_3.1_y04,4,25,30,118.913719987,14.133611744,-319.203629296,180.0,0.0,-40.0,False,False,1.040019907,1.040019907
3492,473,scene_3.1,scene_3.1_y04,4,25,29,118.913719987,14.133611744,-320.243649202,180.0,0.0,-40.0,False,False,1.040019907,1.040019907
3493,474,scene_3.1,scene_3.1_y04,4,25,28,118.913719987,14.133611744,-321.283669109,180.0,0.0,-40.0,False,False,1.040019907,1.040019907
3494,475,scene_3.1,scene_3.1_y04,4,25,27,118.913719987,14.133611744,-322.323689015,180.0,0.0,-40.0,False,False,1.040019907,1.040019907
3495,476,scene_3.1,scene_3.1_y04,4,25,26,118.913719987,14.133611744,-323.363708922,180.0,0.0,-40.0,False,False,1.040019907,1.040019907
3496,477,scene_3.1,scene_3.1_y04,4,25,25,118.913719987,14.133611744,-324.403728829,180.0,0.0,-40.0,False,False,1.040019907,1.040019907
3497,478,scene_3.1,scene_3.1_y04,4,25,24,118.913719987,14.133611744,-325.443748735,180.0,0.0,-40.0,False,False,1.040019907,1.040019907
3498,479,scene_3.1,scene_3.1_y04,4,25,23,118.913719987,14.133611744,-326.483768642,180.0,0.0,-40.0,False,False,1.040019907,1.040019907
3499,480,scene_3.1,scene_3.1_y04,4,25,22,118.913719987,14.133611744,-327.523788548,180.0,0.0,-40.0,False,False,1.040019907,1.040019907
3500,481,scene_3.1,scene_3.1_y04,4,25,21,118.913719987,14.133611744,-328.563808455,180.0,0.0,-40.0,False,False,1.040019907,1.040019907
3501,482,scene_3.1,scene_3.1_y04,4,25,20,118.913719987,14.133611744,-329.603828362,180.0,0.0,-40.0,False,False,1.040019907,1.040019907
3502,483,scene_3.1,scene_3.1_y04,4,25,19,118.913719987,14.133611744,-330.643848268,180.0,0.0,-40.0,False,False,1.040019907,1.040019907
3503,484,scene_3.1,scene_3.1_y04,4,25,18,118.913719987,14.133611744,-331.683868175,180.0,0.0,-40.0,False,False,1.040019907,1.040019907
3504,485,scene_3.1,scene_3.1_y04,4,25,17,118.913719987,14.133611744,-332.723888082,180.0,0.0,-40.0,False,False,1.040019907,1.040019907
3505,486,scene_3.1,scene_3.1_y04,4,25,16,118.913719987,14.133611744,-333.763907988,180.0,0.0,-40.0,False,False,1.040019907,1.040019907
3506,487,scene_3.1,scene_3.1_y04,4,25,15,118.913719987,14.133611744,-334.803927895,180.0,0.0,-40.0,False,False,1.040019907,1.040019907
3507,488,scene_3.1,scene_3.1_y04,4,25,14,118.913719987,14.133611744,-335.843947801,180.0,0.0,-40.0,False,False,1.040019907,1.040019907
3508,489,scene_3.1,scene_3.1_y04,4,25,13,118.913719987,14.133611744,-336.883967708,180.0,0.0,-40.0,False,False,1.040019907,1.040019907
3509,490,scene_3.1,scene_3.1_y04,4,25,12,118.913719987,14.133611744,-337.923987615,180.0,0.0,-40.0,False,False,1.040019907,1.040019907
3510,491,scene_3.1,scene_3.1_y04,4,25,11,118.913719987,14.133611744,-338.964007521,180.0,0.0,-40.0,False,False,1.040019907,1.040019907
3511,492,scene_3.1,scene_3.1_y04,4,25,10,118.913719987,14.133611744,-340.004027428,180.0,0.0,-40.0,False,False,1.040019907,1.040019907
3512,493,scene_3.1,scene_3.1_y04,4,25,9,118.913719987,14.133611744,-341.044047334,180.0,0.0,-40.0,False,False,1.040019907,1.040019907
3513,494,scene_3.1,scene_3.1_y04,4,25,8,118.913719987,14.133611744,-342.084067241,180.0,0.0,-40.0,False,False,1.040019907,1.040019907
3514,495,scene_3.1,scene_3.1_y04,4,25,7,118.913719987,14.133611744,-343.124087148,180.0,0.0,-40.0,False,False,1.040019907,1.040019907
3515,496,scene_3.1,scene_3.1_y04,4,25,6,118.913719987,14.133611744,-344.164107054,180.0,0.0,-40.0,False,False,1.040019907,1.040019907
3516,497,scene_3.1,scene_3.1_y04,4,25,5,118.913719987,14.133611744,-345.204126961,180.0,0.0,-40.0,False,False,1.040019907,1.040019907
3517,498,scene_3.1,scene_3.1_y04,4,25,4,118.913719987,14.133611744,-346.244146868,180.0,0.0,-40.0,False,False,1.040019907,1.040019907
3518,499,scene_3.1,scene_3.1_y04,4,25,3,118.913719987,14.133611744,-347.284166774,180.0,0.0,-40.0,False,False,1.040019907,1.040019907
3519,500,scene_3.1,scene_3.1_y04,4,25,2,118.913719987,14.133611744,-348.324186681,270.0,90.0,-40.0,False,False,1.040019907,1.196261079
3520,501,scene_3.1,scene_3.1_y04,4,24,2,117.717458908,14.133611744,-348.324186681,0.0,180.0,-40.0,False,False,1.196261079,1.040019907
3521,502,scene_3.1,scene_3.1_y04,4,24,3,117.717458908,14.133611744,-347.284166774,0.0,180.0,-40.0,True,False,1.040019907,1.040019907
3522,503,scene_3.1,scene_3.1_y04,4,24,4,117.717458908,14.133611744,-346.244146868,0.0,180.0,-40.0,False,False,1.040019907,1.040019907
3523,504,scene_3.1,scene_3.1_y04,4,24,5,117.717458908,14.133611744,-345.204126961,0.0,180.0,-40.0,False,False,1.040019907,1.040019907
3524,505,scene_3.1,scene_3.1_y04,4,24,6,117.717458908,14.133611744,-344.164107054,0.0,180.0,-40.0,True,False,1.040019907,1.040019907
3525,506,scene_3.1,scene_3.1_y04,4,24,7,117.717458908,14.133611744,-343.124087148,0.0,180.0,-40.0,False,False,1.040019907,1.040019907
3526,507,scene_3.1,scene_3.1_y04,4,24,8,117.717458908,14.133611744,-342.084067241,0.0,180.0,-40.0,False,False,1.040019907,1.040019907
3527,508,scene_3.1,scene_3.1_y04,4,24,9,117.717458908,14.133611744,-341.044047334,0.0,180.0,-40.0,True,False,1.040019907,1.040019907
3528,509,scene_3.1,scene_3.1_y04,4,24,10,117.717458908,14.133611744,-340.004027428,0.0,180.0,-40.0,False,False,1.040019907,1.040019907
3529,510,scene_3.1,scene_3.1_y04,4,24,11,117.717458908,14.133611744,-338.964007521,0.0,180.0,-40.0,False,False,1.040019907,1.040019907
3530,511,scene_3.1,scene_3.1_y04,4,24,12,117.717458908,14.133611744,-337.923987615,0.0,180.0,-40.0,True,False,1.040019907,1.040019907
3531,512,scene_3.1,scene_3.1_y04,4,24,13,117.717458908,14.133611744,-336.883967708,0.0,180.0,-40.0,False,False,1.040019907,1.040019907
3532,513,scene_3.1,scene_3.1_y04,4,24,14,117.717458908,14.133611744,-335.843947801,0.0,180.0,-40.0,False,False,1.040019907,1.040019907
3533,514,scene_3.1,scene_3.1_y04,4,24,15,117.717458908,14.133611744,-334.803927895,0.0,180.0,-40.0,True,False,1.040019907,1.040019907
3534,515,scene_3.1,scene_3.1_y04,4,24,16,117.717458908,14.133611744,-333.763907988,0.0,180.0,-40.0,False,False,1.040019907,1.040019907
3535,516,scene_3.1,scene_3.1_y04,4,24,17,117.717458908,14.133611744,-332.723888082,0.0,180.0,-40.0,False,False,1.040019907,1.040019907
3536,517,scene_3.1,scene_3.1_y04,4,24,18,117.717458908,14.133611744,-331.683868175,0.0,180.0,-40.0,True,False,1.040019907,1.040019907
3537,518,scene_3.1,scene_3.1_y04,4,24,19,117.717458908,14.133611744,-330.643848268,0.0,180.0,-40.0,False,False,1.040019907,1.040019907
3538,519,scene_3.1,scene_3.1_y04,4,24,20,117.717458908,14.133611744,-329.603828362,0.0,180.0,-40.0,False,False,1.040019907,1.040019907
3539,520,scene_3.1,scene_3.1_y04,4,24,21,117.717458908,14.133611744,-328.563808455,0.0,180.0,-40.0,True,False,1.040019907,1.040019907
3540,521,scene_3.1,scene_3.1_y04,4,24,22,117.717458908,14.133611744,-327.523788548,0.0,180.0,-40.0,False,False,1.040019907,1.040019907
3541,522,scene_3.1,scene_3.1_y04,4,24,23,117.717458908,14.133611744,-326.483768642,0.0,180.0,-40.0,False,False,1.040019907,1.040019907
3542,523,scene_3.1,scene_3.1_y04,4,24,24,117.717458908,14.133611744,-325.443748735,0.0,180.0,-40.0,True,False,1.040019907,1.040019907
3543,524,scene_3.1,scene_3.1_y04,4,24,25,117.717458908,14.133611744,-324.403728829,0.0,180.0,-40.0,False,False,1.040019907,1.040019907
3544,525,scene_3.1,scene_3.1_y04,4,24,26,117.717458908,14.133611744,-323.363708922,0.0,180.0,-40.0,False,False,1.040019907,1.040019907
3545,526,scene_3.1,scene_3.1_y04,4,24,27,117.717458908,14.133611744,-322.323689015,0.0,180.0,-40.0,True,False,1.040019907,1.040019907
3546,527,scene_3.1,scene_3.1_y04,4,24,28,117.717458908,14.133611744,-321.283669109,0.0,180.0,-40.0,False,False,1.040019907,1.040019907
3547,528,scene_3.1,scene_3.1_y04,4,24,29,117.717458908,14.133611744,-320.243649202,0.0,180.0,-40.0,False,False,1.040019907,1.040019907
3548,529,scene_3.1,scene_3.1_y04,4,24,30,117.717458908,14.133611744,-319.203629296,0.0,180.0,-40.0,True,False,1.040019907,1.040019907
3549,530,scene_3.1,scene_3.1_y04,4,24,31,117.717458908,14.133611744,-318.163609389,0.0,180.0,-40.0,False,False,1.040019907,1.040019907
3550,531,scene_3.1,scene_3.1_y04,4,24,32,117.717458908,14.133611744,-317.123589482,0.0,180.0,-40.0,False,False,1.040019907,1.040019907
3551,532,scene_3.1,scene_3.1_y04,4,24,33,117.717458908,14.133611744,-316.083569576,0.0,180.0,-40.0,True,False,1.040019907,1.040019907
3552,533,scene_3.1,scene_3.1_y04,4,24,34,117.717458908,14.133611744,-315.043549669,0.0,180.0,-40.0,False,False,1.040019907,1.040019907
3553,534,scene_3.1,scene_3.1_y04,4,24,35,117.717458908,14.133611744,-314.003529762,0.0,180.0,-40.0,False,False,1.040019907,1.040019907
3554,535,scene_3.1,scene_3.1_y04,4,24,36,117.717458908,14.133611744,-312.963509856,0.0,180.0,-40.0,True,False,1.040019907,1.040019907
3555,536,scene_3.1,scene_3.1_y04,4,24,37,117.717458908,14.133611744,-311.923489949,270.0,90.0,-40.0,False,False,1.040019907,1.196261079
3556,537,scene_3.1,scene_3.1_y04,4,23,37,116.521197829,14.133611744,-311.923489949,180.0,0.0,-40.0,False,False,1.196261079,1.040019907
3557,538,scene_3.1,scene_3.1_y04,4,23,36,116.521197829,14.133611744,-312.963509856,180.0,0.0,-40.0,False,False,1.040019907,1.040019907
3558,539,scene_3.1,scene_3.1_y04,4,23,35,116.521197829,14.133611744,-314.003529762,180.0,0.0,-40.0,False,False,1.040019907,1.040019907
3559,540,scene_3.1,scene_3.1_y04,4,23,34,116.521197829,14.133611744,-315.043549669,180.0,0.0,-40.0,False,False,1.040019907,1.040019907
3560,541,scene_3.1,scene_3.1_y04,4,23,33,116.521197829,14.133611744,-316.083569576,180.0,0.0,-40.0,False,False,1.040019907,1.040019907
3561,542,scene_3.1,scene_3.1_y04,4,23,32,116.521197829,14.133611744,-317.123589482,180.0,0.0,-40.0,False,False,1.040019907,1.040019907
3562,543,scene_3.1,scene_3.1_y04,4,23,31,116.521197829,14.133611744,-318.163609389,180.0,0.0,-40.0,False,False,1.040019907,1.040019907
3563,544,scene_3.1,scene_3.1_y04,4,23,30,116.521197829,14.133611744,-319.203629296,180.0,0.0,-40.0,False,False,1.040019907,1.040019907
3564,545,scene_3.1,scene_3.1_y04,4,23,29,116.521197829,14.133611744,-320.243649202,180.0,0.0,-40.0,False,False,1.040019907,1.040019907
3565,546,scene_3.1,scene_3.1_y04,4,23,28,116.521197829,14.133611744,-321.283669109,180.0,0.0,-40.0,False,False,1.040019907,1.040019907
3566,547,scene_3.1,scene_3.1_y04,4,23,27,116.521197829,14.133611744,-322.323689015,180.0,0.0,-40.0,False,False,1.040019907,1.040019907
3567,548,scene_3.1,scene_3.1_y04,4,23,26,116.521197829,14.133611744,-323.363708922,180.0,0.0,-40.0,False,False,1.040019907,1.040019907
3568,549,scene_3.1,scene_3.1_y04,4,23,25,116.521197829,14.133611744,-324.403728829,180.0,0.0,-40.0,False,False,1.040019907,1.040019907
3569,550,scene_3.1,scene_3.1_y04,4,23,24,116.521197829,14.133611744,-325.443748735,180.0,0.0,-40.0,False,False,1.040019907,1.040019907
3570,551,scene_3.1,scene_3.1_y04,4,23,23,116.521197829,14.133611744,-326.483768642,180.0,0.0,-40.0,False,False,1.040019907,1.040019907
3571,552,scene_3.1,scene_3.1_y04,4,23,22,116.521197829,14.133611744,-327.523788548,180.0,0.0,-40.0,False,False,1.040019907,1.040019907
3572,553,scene_3.1,scene_3.1_y04,4,23,21,116.521197829,14.133611744,-328.563808455,180.0,0.0,-40.0,False,False,1.040019907,1.040019907
3573,554,scene_3.1,scene_3.1_y04,4,23,20,116.521197829,14.133611744,-329.603828362,180.0,0.0,-40.0,False,False,1.040019907,1.040019907
3574,555,scene_3.1,scene_3.1_y04,4,23,19,116.521197829,14.133611744,-330.643848268,180.0,0.0,-40.0,False,False,1.040019907,1.040019907
3575,556,scene_3.1,scene_3.1_y04,4,23,18,116.521197829,14.133611744,-331.683868175,180.0,0.0,-40.0,False,False,1.040019907,1.040019907
3576,557,scene_3.1,scene_3.1_y04,4,23,17,116.521197829,14.133611744,-332.723888082,180.0,0.0,-40.0,False,False,1.040019907,1.040019907
3577,558,scene_3.1,scene_3.1_y04,4,23,16,116.521197829,14.133611744,-333.763907988,180.0,0.0,-40.0,False,False,1.040019907,1.040019907
3578,559,scene_3.1,scene_3.1_y04,4,23,15,116.521197829,14.133611744,-334.803927895,180.0,0.0,-40.0,False,False,1.040019907,1.040019907
3579,560,scene_3.1,scene_3.1_y04,4,23,14,116.521197829,14.133611744,-335.843947801,180.0,0.0,-40.0,False,False,1.040019907,1.040019907
3580,561,scene_3.1,scene_3.1_y04,4,23,13,116.521197829,14.133611744,-336.883967708,180.0,0.0,-40.0,False,False,1.040019907,1.040019907
3581,562,scene_3.1,scene_3.1_y04,4,23,12,116.521197829,14.133611744,-337.923987615,180.0,0.0,-40.0,False,False,1.040019907,1.040019907
3582,563,scene_3.1,scene_3.1_y04,4,23,11,116.521197829,14.133611744,-338.964007521,180.0,0.0,-40.0,False,False,1.040019907,1.040019907
3583,564,scene_3.1,scene_3.1_y04,4,23,10,116.521197829,14.133611744,-340.004027428,180.0,0.0,-40.0,False,False,1.040019907,1.040019907
3584,565,scene_3.1,scene_3.1_y04,4,23,9,116.521197829,14.133611744,-341.044047334,180.0,0.0,-40.0,False,False,1.040019907,1.040019907
3585,566,scene_3.1,scene_3.1_y04,4,23,8,116.521197829,14.133611744,-342.084067241,180.0,0.0,-40.0,False,False,1.040019907,1.040019907
3586,567,scene_3.1,scene_3.1_y04,4,23,7,116.521197829,14.133611744,-343.124087148,180.0,0.0,-40.0,False,False,1.040019907,1.040019907
3587,568,scene_3.1,scene_3.1_y04,4,23,6,116.521197829,14.133611744,-344.164107054,180.0,0.0,-40.0,False,False,1.040019907,1.040019907
3588,569,scene_3.1,scene_3.1_y04,4,23,5,116.521197829,14.133611744,-345.204126961,180.0,0.0,-40.0,False,False,1.040019907,1.040019907
3589,570,scene_3.1,scene_3.1_y04,4,23,4,116.521197829,14.133611744,-346.244146868,180.0,0.0,-40.0,False,False,1.040019907,1.040019907
3590,571,scene_3.1,scene_3.1_y04,4,23,3,116.521197829,14.133611744,-347.284166774,180.0,0.0,-40.0,False,False,1.040019907,1.040019907
3591,572,scene_3.1,scene_3.1_y04,4,23,2,116.521197829,14.133611744,-348.324186681,180.0,0.0,-40.0,False,False,1.040019907,1.040019907
3592,573,scene_3.1,scene_3.1_y04,4,23,1,116.521197829,14.133611744,-349.364206587,270.0,90.0,-40.0,False,False,1.040019907,1.196261079
3593,574,scene_3.1,scene_3.1_y04,4,22,1,115.32493675,14.133611744,-349.364206587,0.0,180.0,-40.0,False,False,1.196261079,1.040019907
3594,575,scene_3.1,scene_3.1_y04,4,22,2,115.32493675,14.133611744,-348.324186681,0.0,180.0,-40.0,False,False,1.040019907,1.040019907
3595,576,scene_3.1,scene_3.1_y04,4,22,3,115.32493675,14.133611744,-347.284166774,0.0,180.0,-40.0,False,False,1.040019907,1.040019907
3596,577,scene_3.1,scene_3.1_y04,4,22,4,115.32493675,14.133611744,-346.244146868,0.0,180.0,-40.0,False,False,1.040019907,1.040019907
3597,578,scene_3.1,scene_3.1_y04,4,22,5,115.32493675,14.133611744,-345.204126961,0.0,180.0,-40.0,False,False,1.040019907,1.040019907
3598,579,scene_3.1,scene_3.1_y04,4,22,6,115.32493675,14.133611744,-344.164107054,0.0,180.0,-40.0,False,False,1.040019907,1.040019907
3599,580,scene_3.1,scene_3.1_y04,4,22,7,115.32493675,14.133611744,-343.124087148,0.0,180.0,-40.0,False,False,1.040019907,1.040019907
3600,581,scene_3.1,scene_3.1_y04,4,22,8,115.32493675,14.133611744,-342.084067241,0.0,180.0,-40.0,False,False,1.040019907,1.040019907
3601,582,scene_3.1,scene_3.1_y04,4,22,9,115.32493675,14.133611744,-341.044047334,0.0,180.0,-40.0,False,False,1.040019907,1.040019907
3602,583,scene_3.1,scene_3.1_y04,4,22,10,115.32493675,14.133611744,-340.004027428,0.0,180.0,-40.0,False,False,1.040019907,1.040019907
3603,584,scene_3.1,scene_3.1_y04,4,22,11,115.32493675,14.133611744,-338.964007521,0.0,180.0,-40.0,False,False,1.040019907,1.040019907
3604,585,scene_3.1,scene_3.1_y04,4,22,12,115.32493675,14.133611744,-337.923987615,0.0,180.0,-40.0,False,False,1.040019907,1.040019907
3605,586,scene_3.1,scene_3.1_y04,4,22,13,115.32493675,14.133611744,-336.883967708,0.0,180.0,-40.0,False,False,1.040019907,1.040019907
3606,587,scene_3.1,scene_3.1_y04,4,22,14,115.32493675,14.133611744,-335.843947801,0.0,180.0,-40.0,False,False,1.040019907,1.040019907
3607,588,scene_3.1,scene_3.1_y04,4,22,15,115.32493675,14.133611744,-334.803927895,0.0,180.0,-40.0,False,False,1.040019907,1.040019907
3608,589,scene_3.1,scene_3.1_y04,4,22,16,115.32493675,14.133611744,-333.763907988,0.0,180.0,-40.0,False,False,1.040019907,1.040019907
3609,590,scene_3.1,scene_3.1_y04,4,22,17,115.32493675,14.133611744,-332.723888082,0.0,180.0,-40.0,False,False,1.040019907,1.040019907
3610,591,scene_3.1,scene_3.1_y04,4,22,18,115.32493675,14.133611744,-331.683868175,0.0,180.0,-40.0,False,False,1.040019907,1.040019907
3611,592,scene_3.1,scene_3.1_y04,4,22,19,115.32493675,14.133611744,-330.643848268,0.0,180.0,-40.0,False,False,1.040019907,1.040019907
3612,593,scene_3.1,scene_3.1_y04,4,22,20,115.32493675,14.133611744,-329.603828362,0.0,180.0,-40.0,False,False,1.040019907,1.040019907
3613,594,scene_3.1,scene_3.1_y04,4,22,21,115.32493675,14.133611744,-328.563808455,0.0,180.0,-40.0,False,False,1.040019907,1.040019907
3614,595,scene_3.1,scene_3.1_y04,4,22,22,115.32493675,14.133611744,-327.523788548,0.0,180.0,-40.0,False,False,1.040019907,1.040019907
3615,596,scene_3.1,scene_3.1_y04,4,22,23,115.32493675,14.133611744,-326.483768642,0.0,180.0,-40.0,False,False,1.040019907,1.040019907
3616,597,scene_3.1,scene_3.1_y04,4,22,24,115.32493675,14.133611744,-325.443748735,0.0,180.0,-40.0,False,False,1.040019907,1.040019907
3617,598,scene_3.1,scene_3.1_y04,4,22,25,115.32493675,14.133611744,-324.403728829,0.0,180.0,-40.0,False,False,1.040019907,1.040019907
3618,599,scene_3.1,scene_3.1_y04,4,22,26,115.32493675,14.133611744,-323.363708922,0.0,180.0,-40.0,False,False,1.040019907,1.040019907
3619,600,scene_3.1,scene_3.1_y04,4,22,27,115.32493675,14.133611744,-322.323689015,0.0,180.0,-40.0,False,False,1.040019907,1.040019907
3620,601,scene_3.1,scene_3.1_y04,4,22,28,115.32493675,14.133611744,-321.283669109,0.0,180.0,-40.0,False,False,1.040019907,1.040019907
3621,602,scene_3.1,scene_3.1_y04,4,22,29,115.32493675,14.133611744,-320.243649202,0.0,180.0,-40.0,False,False,1.040019907,1.040019907
3622,603,scene_3.1,scene_3.1_y04,4,22,30,115.32493675,14.133611744,-319.203629296,0.0,180.0,-40.0,False,False,1.040019907,1.040019907
3623,604,scene_3.1,scene_3.1_y04,4,22,31,115.32493675,14.133611744,-318.163609389,0.0,180.0,-40.0,False,False,1.040019907,1.040019907
3624,605,scene_3.1,scene_3.1_y04,4,22,32,115.32493675,14.133611744,-317.123589482,0.0,180.0,-40.0,False,False,1.040019907,1.040019907
3625,606,scene_3.1,scene_3.1_y04,4,22,33,115.32493675,14.133611744,-316.083569576,0.0,180.0,-40.0,False,False,1.040019907,1.040019907
3626,607,scene_3.1,scene_3.1_y04,4,22,34,115.32493675,14.133611744,-315.043549669,0.0,180.0,-40.0,False,False,1.040019907,1.040019907
3627,608,scene_3.1,scene_3.1_y04,4,22,35,115.32493675,14.133611744,-314.003529762,0.0,180.0,-40.0,False,False,1.040019907,1.040019907
3628,609,scene_3.1,scene_3.1_y04,4,22,36,115.32493675,14.133611744,-312.963509856,0.0,180.0,-40.0,False,False,1.040019907,1.040019907
3629,610,scene_3.1,scene_3.1_y04,4,22,37,115.32493675,14.133611744,-311.923489949,270.0,90.0,-40.0,False,False,1.040019907,1.196261079
3630,611,scene_3.1,scene_3.1_y04,4,21,37,114.12867567,14.133611744,-311.923489949,180.0,0.0,-40.0,False,False,1.196261079,1.040019907
3631,612,scene_3.1,scene_3.1_y04,4,21,36,114.12867567,14.133611744,-312.963509856,180.0,0.0,-40.0,True,False,1.040019907,1.040019907
3632,613,scene_3.1,scene_3.1_y04,4,21,35,114.12867567,14.133611744,-314.003529762,180.0,0.0,-40.0,False,False,1.040019907,1.040019907
3633,614,scene_3.1,scene_3.1_y04,4,21,34,114.12867567,14.133611744,-315.043549669,180.0,0.0,-40.0,False,False,1.040019907,1.040019907
3634,615,scene_3.1,scene_3.1_y04,4,21,33,114.12867567,14.133611744,-316.083569576,180.0,0.0,-40.0,True,False,1.040019907,1.040019907
3635,616,scene_3.1,scene_3.1_y04,4,21,32,114.12867567,14.133611744,-317.123589482,180.0,0.0,-40.0,False,False,1.040019907,1.040019907
3636,617,scene_3.1,scene_3.1_y04,4,21,31,114.12867567,14.133611744,-318.163609389,180.0,0.0,-40.0,False,False,1.040019907,1.040019907
3637,618,scene_3.1,scene_3.1_y04,4,21,30,114.12867567,14.133611744,-319.203629296,180.0,0.0,-40.0,True,False,1.040019907,1.040019907
3638,619,scene_3.1,scene_3.1_y04,4,21,29,114.12867567,14.133611744,-320.243649202,180.0,0.0,-40.0,False,False,1.040019907,1.040019907
3639,620,scene_3.1,scene_3.1_y04,4,21,28,114.12867567,14.133611744,-321.283669109,180.0,0.0,-40.0,False,False,1.040019907,1.040019907
3640,621,scene_3.1,scene_3.1_y04,4,21,27,114.12867567,14.133611744,-322.323689015,180.0,0.0,-40.0,True,False,1.040019907,1.040019907
3641,622,scene_3.1,scene_3.1_y04,4,21,26,114.12867567,14.133611744,-323.363708922,180.0,0.0,-40.0,False,False,1.040019907,1.040019907
3642,623,scene_3.1,scene_3.1_y04,4,21,25,114.12867567,14.133611744,-324.403728829,180.0,0.0,-40.0,False,False,1.040019907,1.040019907
3643,624,scene_3.1,scene_3.1_y04,4,21,24,114.12867567,14.133611744,-325.443748735,180.0,0.0,-40.0,True,False,1.040019907,1.040019907
3644,625,scene_3.1,scene_3.1_y04,4,21,23,114.12867567,14.133611744,-326.483768642,180.0,0.0,-40.0,False,False,1.040019907,1.040019907
3645,626,scene_3.1,scene_3.1_y04,4,21,22,114.12867567,14.133611744,-327.523788548,180.0,0.0,-40.0,False,False,1.040019907,1.040019907
3646,627,scene_3.1,scene_3.1_y04,4,21,21,114.12867567,14.133611744,-328.563808455,180.0,0.0,-40.0,True,False,1.040019907,1.040019907
3647,628,scene_3.1,scene_3.1_y04,4,21,20,114.12867567,14.133611744,-329.603828362,180.0,0.0,-40.0,False,False,1.040019907,1.040019907
3648,629,scene_3.1,scene_3.1_y04,4,21,19,114.12867567,14.133611744,-330.643848268,180.0,0.0,-40.0,False,False,1.040019907,1.040019907
3649,630,scene_3.1,scene_3.1_y04,4,21,18,114.12867567,14.133611744,-331.683868175,180.0,0.0,-40.0,True,False,1.040019907,1.040019907
3650,631,scene_3.1,scene_3.1_y04,4,21,17,114.12867567,14.133611744,-332.723888082,180.0,0.0,-40.0,False,False,1.040019907,1.040019907
3651,632,scene_3.1,scene_3.1_y04,4,21,16,114.12867567,14.133611744,-333.763907988,180.0,0.0,-40.0,False,False,1.040019907,1.040019907
3652,633,scene_3.1,scene_3.1_y04,4,21,15,114.12867567,14.133611744,-334.803927895,180.0,0.0,-40.0,True,False,1.040019907,1.040019907
3653,634,scene_3.1,scene_3.1_y04,4,21,14,114.12867567,14.133611744,-335.843947801,180.0,0.0,-40.0,False,False,1.040019907,1.040019907
3654,635,scene_3.1,scene_3.1_y04,4,21,13,114.12867567,14.133611744,-336.883967708,180.0,0.0,-40.0,False,False,1.040019907,1.040019907
3655,636,scene_3.1,scene_3.1_y04,4,21,12,114.12867567,14.133611744,-337.923987615,180.0,0.0,-40.0,True,False,1.040019907,1.040019907
3656,637,scene_3.1,scene_3.1_y04,4,21,11,114.12867567,14.133611744,-338.964007521,180.0,0.0,-40.0,False,False,1.040019907,1.040019907
3657,638,scene_3.1,scene_3.1_y04,4,21,10,114.12867567,14.133611744,-340.004027428,180.0,0.0,-40.0,False,False,1.040019907,1.040019907
3658,639,scene_3.1,scene_3.1_y04,4,21,9,114.12867567,14.133611744,-341.044047334,180.0,0.0,-40.0,True,False,1.040019907,1.040019907
3659,640,scene_3.1,scene_3.1_y04,4,21,8,114.12867567,14.133611744,-342.084067241,180.0,0.0,-40.0,False,False,1.040019907,1.040019907
3660,641,scene_3.1,scene_3.1_y04,4,21,7,114.12867567,14.133611744,-343.124087148,180.0,0.0,-40.0,False,False,1.040019907,1.040019907
3661,642,scene_3.1,scene_3.1_y04,4,21,6,114.12867567,14.133611744,-344.164107054,180.0,0.0,-40.0,True,False,1.040019907,1.040019907
3662,643,scene_3.1,scene_3.1_y04,4,21,5,114.12867567,14.133611744,-345.204126961,180.0,0.0,-40.0,False,False,1.040019907,1.040019907
3663,644,scene_3.1,scene_3.1_y04,4,21,4,114.12867567,14.133611744,-346.244146868,180.0,0.0,-40.0,False,False,1.040019907,1.040019907
3664,645,scene_3.1,scene_3.1_y04,4,21,3,114.12867567,14.133611744,-347.284166774,180.0,0.0,-40.0,True,False,1.040019907,1.040019907
3665,646,scene_3.1,scene_3.1_y04,4,21,2,114.12867567,14.133611744,-348.324186681,180.0,0.0,-40.0,False,False,1.040019907,1.040019907
3666,647,scene_3.1,scene_3.1_y04,4,21,1,114.12867567,14.133611744,-349.364206587,270.0,90.0,-40.0,False,False,1.040019907,1.196261079
3667,648,scene_3.1,scene_3.1_y04,4,20,1,112.932414591,14.133611744,-349.364206587,0.0,180.0,-40.0,False,False,1.196261079,1.040019907
3668,649,scene_3.1,scene_3.1_y04,4,20,2,112.932414591,14.133611744,-348.324186681,0.0,180.0,-40.0,False,False,1.040019907,1.040019907
3669,650,scene_3.1,scene_3.1_y04,4,20,3,112.932414591,14.133611744,-347.284166774,0.0,180.0,-40.0,False,False,1.040019907,1.040019907
3670,651,scene_3.1,scene_3.1_y04,4,20,4,112.932414591,14.133611744,-346.244146868,0.0,180.0,-40.0,False,False,1.040019907,1.040019907
3671,652,scene_3.1,scene_3.1_y04,4,20,5,112.932414591,14.133611744,-345.204126961,0.0,180.0,-40.0,False,False,1.040019907,1.040019907
3672,653,scene_3.1,scene_3.1_y04,4,20,6,112.932414591,14.133611744,-344.164107054,0.0,180.0,-40.0,False,False,1.040019907,1.040019907
3673,654,scene_3.1,scene_3.1_y04,4,20,7,112.932414591,14.133611744,-343.124087148,0.0,180.0,-40.0,False,False,1.040019907,1.040019907
3674,655,scene_3.1,scene_3.1_y04,4,20,8,112.932414591,14.133611744,-342.084067241,0.0,180.0,-40.0,False,False,1.040019907,1.040019907
3675,656,scene_3.1,scene_3.1_y04,4,20,9,112.932414591,14.133611744,-341.044047334,0.0,180.0,-40.0,False,False,1.040019907,1.040019907
3676,657,scene_3.1,scene_3.1_y04,4,20,10,112.932414591,14.133611744,-340.004027428,0.0,180.0,-40.0,False,False,1.040019907,1.040019907
3677,658,scene_3.1,scene_3.1_y04,4,20,11,112.932414591,14.133611744,-338.964007521,0.0,180.0,-40.0,False,False,1.040019907,1.040019907
3678,659,scene_3.1,scene_3.1_y04,4,20,12,112.932414591,14.133611744,-337.923987615,0.0,180.0,-40.0,False,False,1.040019907,1.040019907
3679,660,scene_3.1,scene_3.1_y04,4,20,13,112.932414591,14.133611744,-336.883967708,0.0,180.0,-40.0,False,False,1.040019907,1.040019907
3680,661,scene_3.1,scene_3.1_y04,4,20,14,112.932414591,14.133611744,-335.843947801,0.0,180.0,-40.0,False,False,1.040019907,1.040019907
3681,662,scene_3.1,scene_3.1_y04,4,20,15,112.932414591,14.133611744,-334.803927895,0.0,180.0,-40.0,False,False,1.040019907,1.040019907
3682,663,scene_3.1,scene_3.1_y04,4,20,16,112.932414591,14.133611744,-333.763907988,0.0,180.0,-40.0,False,False,1.040019907,1.040019907
3683,664,scene_3.1,scene_3.1_y04,4,20,17,112.932414591,14.133611744,-332.723888082,0.0,180.0,-40.0,False,False,1.040019907,1.040019907
3684,665,scene_3.1,scene_3.1_y04,4,20,18,112.932414591,14.133611744,-331.683868175,0.0,180.0,-40.0,False,False,1.040019907,1.040019907
3685,666,scene_3.1,scene_3.1_y04,4,20,19,112.932414591,14.133611744,-330.643848268,0.0,180.0,-40.0,False,False,1.040019907,1.040019907
3686,667,scene_3.1,scene_3.1_y04,4,20,20,112.932414591,14.133611744,-329.603828362,0.0,180.0,-40.0,False,False,1.040019907,1.040019907
3687,668,scene_3.1,scene_3.1_y04,4,20,21,112.932414591,14.133611744,-328.563808455,0.0,180.0,-40.0,False,False,1.040019907,1.040019907
3688,669,scene_3.1,scene_3.1_y04,4,20,22,112.932414591,14.133611744,-327.523788548,0.0,180.0,-40.0,False,False,1.040019907,1.040019907
3689,670,scene_3.1,scene_3.1_y04,4,20,23,112.932414591,14.133611744,-326.483768642,0.0,180.0,-40.0,False,False,1.040019907,1.040019907
3690,671,scene_3.1,scene_3.1_y04,4,20,24,112.932414591,14.133611744,-325.443748735,0.0,180.0,-40.0,False,False,1.040019907,1.040019907
3691,672,scene_3.1,scene_3.1_y04,4,20,25,112.932414591,14.133611744,-324.403728829,0.0,180.0,-40.0,False,False,1.040019907,1.040019907
3692,673,scene_3.1,scene_3.1_y04,4,20,26,112.932414591,14.133611744,-323.363708922,0.0,180.0,-40.0,False,False,1.040019907,1.040019907
3693,674,scene_3.1,scene_3.1_y04,4,20,27,112.932414591,14.133611744,-322.323689015,0.0,180.0,-40.0,False,False,1.040019907,1.040019907
3694,675,scene_3.1,scene_3.1_y04,4,20,28,112.932414591,14.133611744,-321.283669109,0.0,180.0,-40.0,False,False,1.040019907,1.040019907
3695,676,scene_3.1,scene_3.1_y04,4,20,29,112.932414591,14.133611744,-320.243649202,0.0,180.0,-40.0,False,False,1.040019907,1.040019907
3696,677,scene_3.1,scene_3.1_y04,4,20,30,112.932414591,14.133611744,-319.203629296,0.0,180.0,-40.0,False,False,1.040019907,1.040019907
3697,678,scene_3.1,scene_3.1_y04,4,20,31,112.932414591,14.133611744,-318.163609389,0.0,180.0,-40.0,False,False,1.040019907,1.040019907
3698,679,scene_3.1,scene_3.1_y04,4,20,32,112.932414591,14.133611744,-317.123589482,0.0,180.0,-40.0,False,False,1.040019907,1.040019907
3699,680,scene_3.1,scene_3.1_y04,4,20,33,112.932414591,14.133611744,-316.083569576,0.0,180.0,-40.0,False,False,1.040019907,1.040019907
3700,681,scene_3.1,scene_3.1_y04,4,20,34,112.932414591,14.133611744,-315.043549669,0.0,180.0,-40.0,False,False,1.040019907,1.040019907
3701,682,scene_3.1,scene_3.1_y04,4,20,35,112.932414591,14.133611744,-314.003529762,0.0,180.0,-40.0,False,False,1.040019907,1.040019907
3702,683,scene_3.1,scene_3.1_y04,4,20,36,112.932414591,14.133611744,-312.963509856,0.0,180.0,-40.0,False,False,1.040019907,1.040019907
3703,684,scene_3.1,scene_3.1_y04,4,20,37,112.932414591,14.133611744,-311.923489949,270.0,90.0,-40.0,False,False,1.040019907,1.196261079
3704,685,scene_3.1,scene_3.1_y04,4,19,37,111.736153512,14.133611744,-311.923489949,180.0,0.0,-40.0,False,False,1.196261079,1.040019907
3705,686,scene_3.1,scene_3.1_y04,4,19,36,111.736153512,14.133611744,-312.963509856,180.0,0.0,-40.0,False,False,1.040019907,1.040019907
3706,687,scene_3.1,scene_3.1_y04,4,19,35,111.736153512,14.133611744,-314.003529762,180.0,0.0,-40.0,False,False,1.040019907,1.040019907
3707,688,scene_3.1,scene_3.1_y04,4,19,34,111.736153512,14.133611744,-315.043549669,180.0,0.0,-40.0,False,False,1.040019907,1.040019907
3708,689,scene_3.1,scene_3.1_y04,4,19,33,111.736153512,14.133611744,-316.083569576,180.0,0.0,-40.0,False,False,1.040019907,1.040019907
3709,690,scene_3.1,scene_3.1_y04,4,19,32,111.736153512,14.133611744,-317.123589482,180.0,0.0,-40.0,False,False,1.040019907,1.040019907
3710,691,scene_3.1,scene_3.1_y04,4,19,31,111.736153512,14.133611744,-318.163609389,180.0,0.0,-40.0,False,False,1.040019907,1.040019907
3711,692,scene_3.1,scene_3.1_y04,4,19,30,111.736153512,14.133611744,-319.203629296,180.0,0.0,-40.0,False,False,1.040019907,1.040019907
3712,693,scene_3.1,scene_3.1_y04,4,19,29,111.736153512,14.133611744,-320.243649202,180.0,0.0,-40.0,False,False,1.040019907,1.040019907
3713,694,scene_3.1,scene_3.1_y04,4,19,28,111.736153512,14.133611744,-321.283669109,180.0,0.0,-40.0,False,False,1.040019907,1.040019907
3714,695,scene_3.1,scene_3.1_y04,4,19,27,111.736153512,14.133611744,-322.323689015,180.0,0.0,-40.0,False,False,1.040019907,1.040019907
3715,696,scene_3.1,scene_3.1_y04,4,19,26,111.736153512,14.133611744,-323.363708922,180.0,0.0,-40.0,False,False,1.040019907,1.040019907
3716,697,scene_3.1,scene_3.1_y04,4,19,25,111.736153512,14.133611744,-324.403728829,180.0,0.0,-40.0,False,False,1.040019907,1.040019907
3717,698,scene_3.1,scene_3.1_y04,4,19,24,111.736153512,14.133611744,-325.443748735,180.0,0.0,-40.0,False,False,1.040019907,1.040019907
3718,699,scene_3.1,scene_3.1_y04,4,19,23,111.736153512,14.133611744,-326.483768642,180.0,0.0,-40.0,False,False,1.040019907,1.040019907
3719,700,scene_3.1,scene_3.1_y04,4,19,22,111.736153512,14.133611744,-327.523788548,180.0,0.0,-40.0,False,False,1.040019907,1.040019907
3720,701,scene_3.1,scene_3.1_y04,4,19,21,111.736153512,14.133611744,-328.563808455,180.0,0.0,-40.0,False,False,1.040019907,1.040019907
3721,702,scene_3.1,scene_3.1_y04,4,19,20,111.736153512,14.133611744,-329.603828362,180.0,0.0,-40.0,False,False,1.040019907,1.040019907
3722,703,scene_3.1,scene_3.1_y04,4,19,19,111.736153512,14.133611744,-330.643848268,180.0,0.0,-40.0,False,False,1.040019907,1.040019907
3723,704,scene_3.1,scene_3.1_y04,4,19,18,111.736153512,14.133611744,-331.683868175,180.0,0.0,-40.0,False,False,1.040019907,1.040019907
3724,705,scene_3.1,scene_3.1_y04,4,19,17,111.736153512,14.133611744,-332.723888082,180.0,0.0,-40.0,False,False,1.040019907,1.040019907
3725,706,scene_3.1,scene_3.1_y04,4,19,16,111.736153512,14.133611744,-333.763907988,180.0,0.0,-40.0,False,False,1.040019907,1.040019907
3726,707,scene_3.1,scene_3.1_y04,4,19,15,111.736153512,14.133611744,-334.803927895,180.0,0.0,-40.0,False,False,1.040019907,1.040019907
3727,708,scene_3.1,scene_3.1_y04,4,19,14,111.736153512,14.133611744,-335.843947801,180.0,0.0,-40.0,False,False,1.040019907,1.040019907
3728,709,scene_3.1,scene_3.1_y04,4,19,13,111.736153512,14.133611744,-336.883967708,180.0,0.0,-40.0,False,False,1.040019907,1.040019907
3729,710,scene_3.1,scene_3.1_y04,4,19,12,111.736153512,14.133611744,-337.923987615,180.0,0.0,-40.0,False,False,1.040019907,1.040019907
3730,711,scene_3.1,scene_3.1_y04,4,19,11,111.736153512,14.133611744,-338.964007521,180.0,0.0,-40.0,False,False,1.040019907,1.040019907
3731,712,scene_3.1,scene_3.1_y04,4,19,10,111.736153512,14.133611744,-340.004027428,180.0,0.0,-40.0,False,False,1.040019907,1.040019907
3732,713,scene_3.1,scene_3.1_y04,4,19,9,111.736153512,14.133611744,-341.044047334,180.0,0.0,-40.0,False,False,1.040019907,1.040019907
3733,714,scene_3.1,scene_3.1_y04,4,19,8,111.736153512,14.133611744,-342.084067241,180.0,0.0,-40.0,False,False,1.040019907,1.040019907
3734,715,scene_3.1,scene_3.1_y04,4,19,7,111.736153512,14.133611744,-343.124087148,180.0,0.0,-40.0,False,False,1.040019907,1.040019907
3735,716,scene_3.1,scene_3.1_y04,4,19,6,111.736153512,14.133611744,-344.164107054,180.0,0.0,-40.0,False,False,1.040019907,1.040019907
3736,717,scene_3.1,scene_3.1_y04,4,19,5,111.736153512,14.133611744,-345.204126961,180.0,0.0,-40.0,False,False,1.040019907,1.040019907
3737,718,scene_3.1,scene_3.1_y04,4,19,4,111.736153512,14.133611744,-346.244146868,180.0,0.0,-40.0,False,False,1.040019907,1.040019907
3738,719,scene_3.1,scene_3.1_y04,4,19,3,111.736153512,14.133611744,-347.284166774,180.0,0.0,-40.0,False,False,1.040019907,1.040019907
3739,720,scene_3.1,scene_3.1_y04,4,19,2,111.736153512,14.133611744,-348.324186681,180.0,0.0,-40.0,False,False,1.040019907,1.040019907
3740,721,scene_3.1,scene_3.1_y04,4,19,1,111.736153512,14.133611744,-349.364206587,270.0,90.0,-40.0,False,False,1.040019907,1.196261079
3741,722,scene_3.1,scene_3.1_y04,4,18,1,110.539892433,14.133611744,-349.364206587,0.0,180.0,-40.0,False,False,1.196261079,1.040019907
3742,723,scene_3.1,scene_3.1_y04,4,18,2,110.539892433,14.133611744,-348.324186681,0.0,180.0,-40.0,False,False,1.040019907,1.040019907
3743,724,scene_3.1,scene_3.1_y04,4,18,3,110.539892433,14.133611744,-347.284166774,0.0,180.0,-40.0,True,False,1.040019907,1.040019907
3744,725,scene_3.1,scene_3.1_y04,4,18,4,110.539892433,14.133611744,-346.244146868,0.0,180.0,-40.0,False,False,1.040019907,1.040019907
3745,726,scene_3.1,scene_3.1_y04,4,18,5,110.539892433,14.133611744,-345.204126961,0.0,180.0,-40.0,False,False,1.040019907,1.040019907
3746,727,scene_3.1,scene_3.1_y04,4,18,6,110.539892433,14.133611744,-344.164107054,0.0,180.0,-40.0,True,False,1.040019907,1.040019907
3747,728,scene_3.1,scene_3.1_y04,4,18,7,110.539892433,14.133611744,-343.124087148,0.0,180.0,-40.0,False,False,1.040019907,1.040019907
3748,729,scene_3.1,scene_3.1_y04,4,18,8,110.539892433,14.133611744,-342.084067241,0.0,180.0,-40.0,False,False,1.040019907,1.040019907
3749,730,scene_3.1,scene_3.1_y04,4,18,9,110.539892433,14.133611744,-341.044047334,0.0,180.0,-40.0,True,False,1.040019907,1.040019907
3750,731,scene_3.1,scene_3.1_y04,4,18,10,110.539892433,14.133611744,-340.004027428,0.0,180.0,-40.0,False,False,1.040019907,1.040019907
3751,732,scene_3.1,scene_3.1_y04,4,18,11,110.539892433,14.133611744,-338.964007521,0.0,180.0,-40.0,False,False,1.040019907,1.040019907
3752,733,scene_3.1,scene_3.1_y04,4,18,12,110.539892433,14.133611744,-337.923987615,0.0,180.0,-40.0,True,False,1.040019907,1.040019907
3753,734,scene_3.1,scene_3.1_y04,4,18,13,110.539892433,14.133611744,-336.883967708,0.0,180.0,-40.0,False,False,1.040019907,1.040019907
3754,735,scene_3.1,scene_3.1_y04,4,18,14,110.539892433,14.133611744,-335.843947801,0.0,180.0,-40.0,False,False,1.040019907,1.040019907
3755,736,scene_3.1,scene_3.1_y04,4,18,15,110.539892433,14.133611744,-334.803927895,0.0,180.0,-40.0,True,False,1.040019907,1.040019907
3756,737,scene_3.1,scene_3.1_y04,4,18,16,110.539892433,14.133611744,-333.763907988,0.0,180.0,-40.0,False,False,1.040019907,1.040019907
3757,738,scene_3.1,scene_3.1_y04,4,18,17,110.539892433,14.133611744,-332.723888082,0.0,180.0,-40.0,False,False,1.040019907,1.040019907
3758,739,scene_3.1,scene_3.1_y04,4,18,18,110.539892433,14.133611744,-331.683868175,0.0,180.0,-40.0,True,False,1.040019907,1.040019907
3759,740,scene_3.1,scene_3.1_y04,4,18,19,110.539892433,14.133611744,-330.643848268,0.0,180.0,-40.0,False,False,1.040019907,1.040019907
3760,741,scene_3.1,scene_3.1_y04,4,18,20,110.539892433,14.133611744,-329.603828362,0.0,180.0,-40.0,False,False,1.040019907,1.040019907
3761,742,scene_3.1,scene_3.1_y04,4,18,21,110.539892433,14.133611744,-328.563808455,0.0,180.0,-40.0,True,False,1.040019907,1.040019907
3762,743,scene_3.1,scene_3.1_y04,4,18,22,110.539892433,14.133611744,-327.523788548,0.0,180.0,-40.0,False,False,1.040019907,1.040019907
3763,744,scene_3.1,scene_3.1_y04,4,18,23,110.539892433,14.133611744,-326.483768642,0.0,180.0,-40.0,False,False,1.040019907,1.040019907
3764,745,scene_3.1,scene_3.1_y04,4,18,24,110.539892433,14.133611744,-325.443748735,0.0,180.0,-40.0,True,False,1.040019907,1.040019907
3765,746,scene_3.1,scene_3.1_y04,4,18,25,110.539892433,14.133611744,-324.403728829,0.0,180.0,-40.0,False,False,1.040019907,1.040019907
3766,747,scene_3.1,scene_3.1_y04,4,18,26,110.539892433,14.133611744,-323.363708922,0.0,180.0,-40.0,False,False,1.040019907,1.040019907
3767,748,scene_3.1,scene_3.1_y04,4,18,27,110.539892433,14.133611744,-322.323689015,0.0,180.0,-40.0,True,False,1.040019907,1.040019907
3768,749,scene_3.1,scene_3.1_y04,4,18,28,110.539892433,14.133611744,-321.283669109,0.0,180.0,-40.0,False,False,1.040019907,1.040019907
3769,750,scene_3.1,scene_3.1_y04,4,18,29,110.539892433,14.133611744,-320.243649202,0.0,180.0,-40.0,False,False,1.040019907,1.040019907
3770,751,scene_3.1,scene_3.1_y04,4,18,30,110.539892433,14.133611744,-319.203629296,0.0,180.0,-40.0,True,False,1.040019907,1.040019907
3771,752,scene_3.1,scene_3.1_y04,4,18,31,110.539892433,14.133611744,-318.163609389,0.0,180.0,-40.0,False,False,1.040019907,1.040019907
3772,753,scene_3.1,scene_3.1_y04,4,18,32,110.539892433,14.133611744,-317.123589482,0.0,180.0,-40.0,False,False,1.040019907,1.040019907
3773,754,scene_3.1,scene_3.1_y04,4,18,33,110.539892433,14.133611744,-316.083569576,0.0,180.0,-40.0,True,False,1.040019907,1.040019907
3774,755,scene_3.1,scene_3.1_y04,4,18,34,110.539892433,14.133611744,-315.043549669,0.0,180.0,-40.0,False,False,1.040019907,1.040019907
3775,756,scene_3.1,scene_3.1_y04,4,18,35,110.539892433,14.133611744,-314.003529762,0.0,180.0,-40.0,False,False,1.040019907,1.040019907
3776,757,scene_3.1,scene_3.1_y04,4,18,36,110.539892433,14.133611744,-312.963509856,0.0,180.0,-40.0,True,False,1.040019907,1.040019907
3777,758,scene_3.1,scene_3.1_y04,4,18,37,110.539892433,14.133611744,-311.923489949,270.0,90.0,-40.0,False,False,1.040019907,1.196261079
3778,759,scene_3.1,scene_3.1_y04,4,17,37,109.343631353,14.133611744,-311.923489949,180.0,0.0,-40.0,False,False,1.196261079,1.040019907
3779,760,scene_3.1,scene_3.1_y04,4,17,36,109.343631353,14.133611744,-312.963509856,180.0,0.0,-40.0,False,False,1.040019907,1.040019907
3780,761,scene_3.1,scene_3.1_y04,4,17,35,109.343631353,14.133611744,-314.003529762,180.0,0.0,-40.0,False,False,1.040019907,1.040019907
3781,762,scene_3.1,scene_3.1_y04,4,17,34,109.343631353,14.133611744,-315.043549669,180.0,0.0,-40.0,False,False,1.040019907,1.040019907
3782,763,scene_3.1,scene_3.1_y04,4,17,33,109.343631353,14.133611744,-316.083569576,180.0,0.0,-40.0,False,False,1.040019907,1.040019907
3783,764,scene_3.1,scene_3.1_y04,4,17,32,109.343631353,14.133611744,-317.123589482,180.0,0.0,-40.0,False,False,1.040019907,1.040019907
3784,765,scene_3.1,scene_3.1_y04,4,17,31,109.343631353,14.133611744,-318.163609389,180.0,0.0,-40.0,False,False,1.040019907,1.040019907
3785,766,scene_3.1,scene_3.1_y04,4,17,30,109.343631353,14.133611744,-319.203629296,180.0,0.0,-40.0,False,False,1.040019907,1.040019907
3786,767,scene_3.1,scene_3.1_y04,4,17,29,109.343631353,14.133611744,-320.243649202,180.0,0.0,-40.0,False,False,1.040019907,1.040019907
3787,768,scene_3.1,scene_3.1_y04,4,17,28,109.343631353,14.133611744,-321.283669109,180.0,0.0,-40.0,False,False,1.040019907,1.040019907
3788,769,scene_3.1,scene_3.1_y04,4,17,27,109.343631353,14.133611744,-322.323689015,180.0,0.0,-40.0,False,False,1.040019907,1.040019907
3789,770,scene_3.1,scene_3.1_y04,4,17,26,109.343631353,14.133611744,-323.363708922,180.0,0.0,-40.0,False,False,1.040019907,1.040019907
3790,771,scene_3.1,scene_3.1_y04,4,17,25,109.343631353,14.133611744,-324.403728829,180.0,0.0,-40.0,False,False,1.040019907,1.040019907
3791,772,scene_3.1,scene_3.1_y04,4,17,24,109.343631353,14.133611744,-325.443748735,180.0,0.0,-40.0,False,False,1.040019907,1.040019907
3792,773,scene_3.1,scene_3.1_y04,4,17,23,109.343631353,14.133611744,-326.483768642,180.0,0.0,-40.0,False,False,1.040019907,1.040019907
3793,774,scene_3.1,scene_3.1_y04,4,17,22,109.343631353,14.133611744,-327.523788548,180.0,0.0,-40.0,False,False,1.040019907,1.040019907
3794,775,scene_3.1,scene_3.1_y04,4,17,21,109.343631353,14.133611744,-328.563808455,180.0,0.0,-40.0,False,False,1.040019907,1.040019907
3795,776,scene_3.1,scene_3.1_y04,4,17,20,109.343631353,14.133611744,-329.603828362,180.0,0.0,-40.0,False,False,1.040019907,1.040019907
3796,777,scene_3.1,scene_3.1_y04,4,17,19,109.343631353,14.133611744,-330.643848268,180.0,0.0,-40.0,False,False,1.040019907,1.040019907
3797,778,scene_3.1,scene_3.1_y04,4,17,18,109.343631353,14.133611744,-331.683868175,180.0,0.0,-40.0,False,False,1.040019907,1.040019907
3798,779,scene_3.1,scene_3.1_y04,4,17,17,109.343631353,14.133611744,-332.723888082,180.0,0.0,-40.0,False,False,1.040019907,1.040019907
3799,780,scene_3.1,scene_3.1_y04,4,17,16,109.343631353,14.133611744,-333.763907988,180.0,0.0,-40.0,False,False,1.040019907,1.040019907
3800,781,scene_3.1,scene_3.1_y04,4,17,15,109.343631353,14.133611744,-334.803927895,180.0,0.0,-40.0,False,False,1.040019907,1.040019907
3801,782,scene_3.1,scene_3.1_y04,4,17,14,109.343631353,14.133611744,-335.843947801,180.0,0.0,-40.0,False,False,1.040019907,1.040019907
3802,783,scene_3.1,scene_3.1_y04,4,17,13,109.343631353,14.133611744,-336.883967708,180.0,0.0,-40.0,False,False,1.040019907,1.040019907
3803,784,scene_3.1,scene_3.1_y04,4,17,12,109.343631353,14.133611744,-337.923987615,180.0,0.0,-40.0,False,False,1.040019907,1.040019907
3804,785,scene_3.1,scene_3.1_y04,4,17,11,109.343631353,14.133611744,-338.964007521,180.0,0.0,-40.0,False,False,1.040019907,1.040019907
3805,786,scene_3.1,scene_3.1_y04,4,17,10,109.343631353,14.133611744,-340.004027428,180.0,0.0,-40.0,False,False,1.040019907,1.040019907
3806,787,scene_3.1,scene_3.1_y04,4,17,9,109.343631353,14.133611744,-341.044047334,180.0,0.0,-40.0,False,False,1.040019907,1.040019907
3807,788,scene_3.1,scene_3.1_y04,4,17,8,109.343631353,14.133611744,-342.084067241,180.0,0.0,-40.0,False,False,1.040019907,1.040019907
3808,789,scene_3.1,scene_3.1_y04,4,17,7,109.343631353,14.133611744,-343.124087148,180.0,0.0,-40.0,False,False,1.040019907,1.040019907
3809,790,scene_3.1,scene_3.1_y04,4,17,6,109.343631353,14.133611744,-344.164107054,180.0,0.0,-40.0,False,False,1.040019907,1.040019907
3810,791,scene_3.1,scene_3.1_y04,4,17,5,109.343631353,14.133611744,-345.204126961,180.0,0.0,-40.0,False,False,1.040019907,1.040019907
3811,792,scene_3.1,scene_3.1_y04,4,17,4,109.343631353,14.133611744,-346.244146868,180.0,0.0,-40.0,False,False,1.040019907,1.040019907
3812,793,scene_3.1,scene_3.1_y04,4,17,3,109.343631353,14.133611744,-347.284166774,180.0,0.0,-40.0,False,False,1.040019907,1.040019907
3813,794,scene_3.1,scene_3.1_y04,4,17,2,109.343631353,14.133611744,-348.324186681,180.0,0.0,-40.0,False,False,1.040019907,1.040019907
3814,795,scene_3.1,scene_3.1_y04,4,17,1,109.343631353,14.133611744,-349.364206587,180.0,0.0,-40.0,False,False,1.040019907,1.040019907
3815,796,scene_3.1,scene_3.1_y04,4,17,0,109.343631353,14.133611744,-350.404226494,270.0,90.0,-40.0,False,False,1.040019907,1.196261079
3816,797,scene_3.1,scene_3.1_y04,4,16,0,108.147370274,14.133611744,-350.404226494,0.0,180.0,-40.0,False,False,1.196261079,1.040019907
3817,798,scene_3.1,scene_3.1_y04,4,16,1,108.147370274,14.133611744,-349.364206587,0.0,180.0,-40.0,False,False,1.040019907,1.040019907
3818,799,scene_3.1,scene_3.1_y04,4,16,2,108.147370274,14.133611744,-348.324186681,0.0,180.0,-40.0,False,False,1.040019907,1.040019907
3819,800,scene_3.1,scene_3.1_y04,4,16,3,108.147370274,14.133611744,-347.284166774,0.0,180.0,-40.0,False,False,1.040019907,1.040019907
3820,801,scene_3.1,scene_3.1_y04,4,16,4,108.147370274,14.133611744,-346.244146868,0.0,180.0,-40.0,False,False,1.040019907,1.040019907
3821,802,scene_3.1,scene_3.1_y04,4,16,5,108.147370274,14.133611744,-345.204126961,0.0,180.0,-40.0,False,False,1.040019907,1.040019907
3822,803,scene_3.1,scene_3.1_y04,4,16,6,108.147370274,14.133611744,-344.164107054,0.0,180.0,-40.0,False,False,1.040019907,1.040019907
3823,804,scene_3.1,scene_3.1_y04,4,16,7,108.147370274,14.133611744,-343.124087148,0.0,180.0,-40.0,False,False,1.040019907,1.040019907
3824,805,scene_3.1,scene_3.1_y04,4,16,8,108.147370274,14.133611744,-342.084067241,0.0,180.0,-40.0,False,False,1.040019907,1.040019907
3825,806,scene_3.1,scene_3.1_y04,4,16,9,108.147370274,14.133611744,-341.044047334,0.0,180.0,-40.0,False,False,1.040019907,1.040019907
3826,807,scene_3.1,scene_3.1_y04,4,16,10,108.147370274,14.133611744,-340.004027428,0.0,180.0,-40.0,False,False,1.040019907,1.040019907
3827,808,scene_3.1,scene_3.1_y04,4,16,11,108.147370274,14.133611744,-338.964007521,0.0,180.0,-40.0,False,False,1.040019907,1.040019907
3828,809,scene_3.1,scene_3.1_y04,4,16,12,108.147370274,14.133611744,-337.923987615,0.0,180.0,-40.0,False,False,1.040019907,1.040019907
3829,810,scene_3.1,scene_3.1_y04,4,16,13,108.147370274,14.133611744,-336.883967708,0.0,180.0,-40.0,False,False,1.040019907,1.040019907
3830,811,scene_3.1,scene_3.1_y04,4,16,14,108.147370274,14.133611744,-335.843947801,0.0,180.0,-40.0,False,False,1.040019907,1.040019907
3831,812,scene_3.1,scene_3.1_y04,4,16,15,108.147370274,14.133611744,-334.803927895,0.0,180.0,-40.0,False,False,1.040019907,1.040019907
3832,813,scene_3.1,scene_3.1_y04,4,16,16,108.147370274,14.133611744,-333.763907988,0.0,180.0,-40.0,False,False,1.040019907,1.040019907
3833,814,scene_3.1,scene_3.1_y04,4,16,17,108.147370274,14.133611744,-332.723888082,0.0,180.0,-40.0,False,False,1.040019907,1.040019907
3834,815,scene_3.1,scene_3.1_y04,4,16,18,108.147370274,14.133611744,-331.683868175,0.0,180.0,-40.0,False,False,1.040019907,1.040019907
3835,816,scene_3.1,scene_3.1_y04,4,16,19,108.147370274,14.133611744,-330.643848268,0.0,180.0,-40.0,False,False,1.040019907,1.040019907
3836,817,scene_3.1,scene_3.1_y04,4,16,20,108.147370274,14.133611744,-329.603828362,0.0,180.0,-40.0,False,False,1.040019907,1.040019907
3837,818,scene_3.1,scene_3.1_y04,4,16,21,108.147370274,14.133611744,-328.563808455,0.0,180.0,-40.0,False,False,1.040019907,1.040019907
3838,819,scene_3.1,scene_3.1_y04,4,16,22,108.147370274,14.133611744,-327.523788548,0.0,180.0,-40.0,False,False,1.040019907,1.040019907
3839,820,scene_3.1,scene_3.1_y04,4,16,23,108.147370274,14.133611744,-326.483768642,0.0,180.0,-40.0,False,False,1.040019907,1.040019907
3840,821,scene_3.1,scene_3.1_y04,4,16,24,108.147370274,14.133611744,-325.443748735,0.0,180.0,-40.0,False,False,1.040019907,1.040019907
3841,822,scene_3.1,scene_3.1_y04,4,16,25,108.147370274,14.133611744,-324.403728829,0.0,180.0,-40.0,False,False,1.040019907,1.040019907
3842,823,scene_3.1,scene_3.1_y04,4,16,26,108.147370274,14.133611744,-323.363708922,0.0,180.0,-40.0,False,False,1.040019907,1.040019907
3843,824,scene_3.1,scene_3.1_y04,4,16,27,108.147370274,14.133611744,-322.323689015,0.0,180.0,-40.0,False,False,1.040019907,1.040019907
3844,825,scene_3.1,scene_3.1_y04,4,16,28,108.147370274,14.133611744,-321.283669109,0.0,180.0,-40.0,False,False,1.040019907,1.040019907
3845,826,scene_3.1,scene_3.1_y04,4,16,29,108.147370274,14.133611744,-320.243649202,0.0,180.0,-40.0,False,False,1.040019907,1.040019907
3846,827,scene_3.1,scene_3.1_y04,4,16,30,108.147370274,14.133611744,-319.203629296,0.0,180.0,-40.0,False,False,1.040019907,1.040019907
3847,828,scene_3.1,scene_3.1_y04,4,16,31,108.147370274,14.133611744,-318.163609389,0.0,180.0,-40.0,False,False,1.040019907,1.040019907
3848,829,scene_3.1,scene_3.1_y04,4,16,32,108.147370274,14.133611744,-317.123589482,0.0,180.0,-40.0,False,False,1.040019907,1.040019907
3849,830,scene_3.1,scene_3.1_y04,4,16,33,108.147370274,14.133611744,-316.083569576,0.0,180.0,-40.0,False,False,1.040019907,1.040019907
3850,831,scene_3.1,scene_3.1_y04,4,16,34,108.147370274,14.133611744,-315.043549669,0.0,180.0,-40.0,False,False,1.040019907,1.040019907
3851,832,scene_3.1,scene_3.1_y04,4,16,35,108.147370274,14.133611744,-314.003529762,0.0,180.0,-40.0,False,False,1.040019907,1.040019907
3852,833,scene_3.1,scene_3.1_y04,4,16,36,108.147370274,14.133611744,-312.963509856,0.0,180.0,-40.0,False,False,1.040019907,1.040019907
3853,834,scene_3.1,scene_3.1_y04,4,16,37,108.147370274,14.133611744,-311.923489949,311.003437619,131.003437619,-40.0,False,False,1.040019907,1.58514415
3854,835,scene_3.1,scene_3.1_y04,4,15,38,106.951109195,14.133611744,-310.883470043,180.0,0.0,-40.0,False,False,1.58514415,1.040019907
3855,836,scene_3.1,scene_3.1_y04,4,15,37,106.951109195,14.133611744,-311.923489949,180.0,0.0,-40.0,False,False,1.040019907,1.040019907
3856,837,scene_3.1,scene_3.1_y04,4,15,36,106.951109195,14.133611744,-312.963509856,180.0,0.0,-40.0,True,False,1.040019907,1.040019907
3857,838,scene_3.1,scene_3.1_y04,4,15,35,106.951109195,14.133611744,-314.003529762,180.0,0.0,-40.0,False,False,1.040019907,1.040019907
3858,839,scene_3.1,scene_3.1_y04,4,15,34,106.951109195,14.133611744,-315.043549669,180.0,0.0,-40.0,False,False,1.040019907,1.040019907
3859,840,scene_3.1,scene_3.1_y04,4,15,33,106.951109195,14.133611744,-316.083569576,180.0,0.0,-40.0,True,False,1.040019907,1.040019907
3860,841,scene_3.1,scene_3.1_y04,4,15,32,106.951109195,14.133611744,-317.123589482,180.0,0.0,-40.0,False,False,1.040019907,1.040019907
3861,842,scene_3.1,scene_3.1_y04,4,15,31,106.951109195,14.133611744,-318.163609389,180.0,0.0,-40.0,False,False,1.040019907,1.040019907
3862,843,scene_3.1,scene_3.1_y04,4,15,30,106.951109195,14.133611744,-319.203629296,180.0,0.0,-40.0,True,False,1.040019907,1.040019907
3863,844,scene_3.1,scene_3.1_y04,4,15,29,106.951109195,14.133611744,-320.243649202,180.0,0.0,-40.0,False,False,1.040019907,1.040019907
3864,845,scene_3.1,scene_3.1_y04,4,15,28,106.951109195,14.133611744,-321.283669109,180.0,0.0,-40.0,False,False,1.040019907,1.040019907
3865,846,scene_3.1,scene_3.1_y04,4,15,27,106.951109195,14.133611744,-322.323689015,180.0,0.0,-40.0,True,False,1.040019907,1.040019907
3866,847,scene_3.1,scene_3.1_y04,4,15,26,106.951109195,14.133611744,-323.363708922,180.0,0.0,-40.0,False,False,1.040019907,1.040019907
3867,848,scene_3.1,scene_3.1_y04,4,15,25,106.951109195,14.133611744,-324.403728829,180.0,0.0,-40.0,False,False,1.040019907,1.040019907
3868,849,scene_3.1,scene_3.1_y04,4,15,24,106.951109195,14.133611744,-325.443748735,180.0,0.0,-40.0,True,False,1.040019907,1.040019907
3869,850,scene_3.1,scene_3.1_y04,4,15,23,106.951109195,14.133611744,-326.483768642,180.0,0.0,-40.0,False,False,1.040019907,1.040019907
3870,851,scene_3.1,scene_3.1_y04,4,15,22,106.951109195,14.133611744,-327.523788548,180.0,0.0,-40.0,False,False,1.040019907,1.040019907
3871,852,scene_3.1,scene_3.1_y04,4,15,21,106.951109195,14.133611744,-328.563808455,180.0,0.0,-40.0,True,False,1.040019907,1.040019907
3872,853,scene_3.1,scene_3.1_y04,4,15,20,106.951109195,14.133611744,-329.603828362,180.0,0.0,-40.0,False,False,1.040019907,1.040019907
3873,854,scene_3.1,scene_3.1_y04,4,15,19,106.951109195,14.133611744,-330.643848268,180.0,0.0,-40.0,False,False,1.040019907,1.040019907
3874,855,scene_3.1,scene_3.1_y04,4,15,18,106.951109195,14.133611744,-331.683868175,180.0,0.0,-40.0,True,False,1.040019907,1.040019907
3875,856,scene_3.1,scene_3.1_y04,4,15,17,106.951109195,14.133611744,-332.723888082,180.0,0.0,-40.0,False,False,1.040019907,1.040019907
3876,857,scene_3.1,scene_3.1_y04,4,15,16,106.951109195,14.133611744,-333.763907988,180.0,0.0,-40.0,False,False,1.040019907,1.040019907
3877,858,scene_3.1,scene_3.1_y04,4,15,15,106.951109195,14.133611744,-334.803927895,180.0,0.0,-40.0,True,False,1.040019907,1.040019907
3878,859,scene_3.1,scene_3.1_y04,4,15,14,106.951109195,14.133611744,-335.843947801,180.0,0.0,-40.0,False,False,1.040019907,1.040019907
3879,860,scene_3.1,scene_3.1_y04,4,15,13,106.951109195,14.133611744,-336.883967708,180.0,0.0,-40.0,False,False,1.040019907,1.040019907
3880,861,scene_3.1,scene_3.1_y04,4,15,12,106.951109195,14.133611744,-337.923987615,180.0,0.0,-40.0,True,False,1.040019907,1.040019907
3881,862,scene_3.1,scene_3.1_y04,4,15,11,106.951109195,14.133611744,-338.964007521,180.0,0.0,-40.0,False,False,1.040019907,1.040019907
3882,863,scene_3.1,scene_3.1_y04,4,15,10,106.951109195,14.133611744,-340.004027428,180.0,0.0,-40.0,False,False,1.040019907,1.040019907
3883,864,scene_3.1,scene_3.1_y04,4,15,9,106.951109195,14.133611744,-341.044047334,180.0,0.0,-40.0,True,False,1.040019907,1.040019907
3884,865,scene_3.1,scene_3.1_y04,4,15,8,106.951109195,14.133611744,-342.084067241,180.0,0.0,-40.0,False,False,1.040019907,1.040019907
3885,866,scene_3.1,scene_3.1_y04,4,15,7,106.951109195,14.133611744,-343.124087148,180.0,0.0,-40.0,False,False,1.040019907,1.040019907
3886,867,scene_3.1,scene_3.1_y04,4,15,6,106.951109195,14.133611744,-344.164107054,180.0,0.0,-40.0,True,False,1.040019907,1.040019907
3887,868,scene_3.1,scene_3.1_y04,4,15,5,106.951109195,14.133611744,-345.204126961,180.0,0.0,-40.0,False,False,1.040019907,1.040019907
3888,869,scene_3.1,scene_3.1_y04,4,15,4,106.951109195,14.133611744,-346.244146868,180.0,0.0,-40.0,False,False,1.040019907,1.040019907
3889,870,scene_3.1,scene_3.1_y04,4,15,3,106.951109195,14.133611744,-347.284166774,180.0,0.0,-40.0,True,False,1.040019907,1.040019907
3890,871,scene_3.1,scene_3.1_y04,4,15,2,106.951109195,14.133611744,-348.324186681,180.0,0.0,-40.0,False,False,1.040019907,1.040019907
3891,872,scene_3.1,scene_3.1_y04,4,15,1,106.951109195,14.133611744,-349.364206587,180.0,0.0,-40.0,False,False,1.040019907,1.040019907
3892,873,scene_3.1,scene_3.1_y04,4,15,0,106.951109195,14.133611744,-350.404226494,270.0,90.0,-40.0,True,False,1.040019907,1.196261079
3893,874,scene_3.1,scene_3.1_y04,4,14,0,105.754848116,14.133611744,-350.404226494,0.0,180.0,-40.0,False,False,1.196261079,1.040019907
3894,875,scene_3.1,scene_3.1_y04,4,14,1,105.754848116,14.133611744,-349.364206587,0.0,180.0,-40.0,False,False,1.040019907,1.040019907
3895,876,scene_3.1,scene_3.1_y04,4,14,2,105.754848116,14.133611744,-348.324186681,0.0,180.0,-40.0,False,False,1.040019907,1.040019907
3896,877,scene_3.1,scene_3.1_y04,4,14,3,105.754848116,14.133611744,-347.284166774,0.0,180.0,-40.0,False,False,1.040019907,1.040019907
3897,878,scene_3.1,scene_3.1_y04,4,14,4,105.754848116,14.133611744,-346.244146868,0.0,180.0,-40.0,False,False,1.040019907,1.040019907
3898,879,scene_3.1,scene_3.1_y04,4,14,5,105.754848116,14.133611744,-345.204126961,0.0,180.0,-40.0,False,False,1.040019907,1.040019907
3899,880,scene_3.1,scene_3.1_y04,4,14,6,105.754848116,14.133611744,-344.164107054,0.0,180.0,-40.0,False,False,1.040019907,1.040019907
3900,881,scene_3.1,scene_3.1_y04,4,14,7,105.754848116,14.133611744,-343.124087148,0.0,180.0,-40.0,False,False,1.040019907,1.040019907
3901,882,scene_3.1,scene_3.1_y04,4,14,8,105.754848116,14.133611744,-342.084067241,0.0,180.0,-40.0,False,False,1.040019907,1.040019907
3902,883,scene_3.1,scene_3.1_y04,4,14,9,105.754848116,14.133611744,-341.044047334,0.0,180.0,-40.0,False,False,1.040019907,1.040019907
3903,884,scene_3.1,scene_3.1_y04,4,14,10,105.754848116,14.133611744,-340.004027428,0.0,180.0,-40.0,False,False,1.040019907,1.040019907
3904,885,scene_3.1,scene_3.1_y04,4,14,11,105.754848116,14.133611744,-338.964007521,0.0,180.0,-40.0,False,False,1.040019907,1.040019907
3905,886,scene_3.1,scene_3.1_y04,4,14,12,105.754848116,14.133611744,-337.923987615,0.0,180.0,-40.0,False,False,1.040019907,1.040019907
3906,887,scene_3.1,scene_3.1_y04,4,14,13,105.754848116,14.133611744,-336.883967708,0.0,180.0,-40.0,False,False,1.040019907,1.040019907
3907,888,scene_3.1,scene_3.1_y04,4,14,14,105.754848116,14.133611744,-335.843947801,0.0,180.0,-40.0,False,False,1.040019907,1.040019907
3908,889,scene_3.1,scene_3.1_y04,4,14,15,105.754848116,14.133611744,-334.803927895,0.0,180.0,-40.0,False,False,1.040019907,1.040019907
3909,890,scene_3.1,scene_3.1_y04,4,14,16,105.754848116,14.133611744,-333.763907988,0.0,180.0,-40.0,False,False,1.040019907,1.040019907
3910,891,scene_3.1,scene_3.1_y04,4,14,17,105.754848116,14.133611744,-332.723888082,0.0,180.0,-40.0,False,False,1.040019907,1.040019907
3911,892,scene_3.1,scene_3.1_y04,4,14,18,105.754848116,14.133611744,-331.683868175,0.0,180.0,-40.0,False,False,1.040019907,1.040019907
3912,893,scene_3.1,scene_3.1_y04,4,14,19,105.754848116,14.133611744,-330.643848268,0.0,180.0,-40.0,False,False,1.040019907,1.040019907
3913,894,scene_3.1,scene_3.1_y04,4,14,20,105.754848116,14.133611744,-329.603828362,0.0,180.0,-40.0,False,False,1.040019907,1.040019907
3914,895,scene_3.1,scene_3.1_y04,4,14,21,105.754848116,14.133611744,-328.563808455,0.0,180.0,-40.0,False,False,1.040019907,1.040019907
3915,896,scene_3.1,scene_3.1_y04,4,14,22,105.754848116,14.133611744,-327.523788548,0.0,180.0,-40.0,False,False,1.040019907,1.040019907
3916,897,scene_3.1,scene_3.1_y04,4,14,23,105.754848116,14.133611744,-326.483768642,0.0,180.0,-40.0,False,False,1.040019907,1.040019907
3917,898,scene_3.1,scene_3.1_y04,4,14,24,105.754848116,14.133611744,-325.443748735,0.0,180.0,-40.0,False,False,1.040019907,1.040019907
3918,899,scene_3.1,scene_3.1_y04,4,14,25,105.754848116,14.133611744,-324.403728829,0.0,180.0,-40.0,False,False,1.040019907,1.040019907
3919,900,scene_3.1,scene_3.1_y04,4,14,26,105.754848116,14.133611744,-323.363708922,0.0,180.0,-40.0,False,False,1.040019907,1.040019907
3920,901,scene_3.1,scene_3.1_y04,4,14,27,105.754848116,14.133611744,-322.323689015,0.0,180.0,-40.0,False,False,1.040019907,1.040019907
3921,902,scene_3.1,scene_3.1_y04,4,14,28,105.754848116,14.133611744,-321.283669109,0.0,180.0,-40.0,False,False,1.040019907,1.040019907
3922,903,scene_3.1,scene_3.1_y04,4,14,29,105.754848116,14.133611744,-320.243649202,0.0,180.0,-40.0,False,False,1.040019907,1.040019907
3923,904,scene_3.1,scene_3.1_y04,4,14,30,105.754848116,14.133611744,-319.203629296,0.0,180.0,-40.0,False,False,1.040019907,1.040019907
3924,905,scene_3.1,scene_3.1_y04,4,14,31,105.754848116,14.133611744,-318.163609389,0.0,180.0,-40.0,False,False,1.040019907,1.040019907
3925,906,scene_3.1,scene_3.1_y04,4,14,32,105.754848116,14.133611744,-317.123589482,0.0,180.0,-40.0,False,False,1.040019907,1.040019907
3926,907,scene_3.1,scene_3.1_y04,4,14,33,105.754848116,14.133611744,-316.083569576,0.0,180.0,-40.0,False,False,1.040019907,1.040019907
3927,908,scene_3.1,scene_3.1_y04,4,14,34,105.754848116,14.133611744,-315.043549669,0.0,180.0,-40.0,False,False,1.040019907,1.040019907
3928,909,scene_3.1,scene_3.1_y04,4,14,35,105.754848116,14.133611744,-314.003529762,0.0,180.0,-40.0,False,False,1.040019907,1.040019907
3929,910,scene_3.1,scene_3.1_y04,4,14,36,105.754848116,14.133611744,-312.963509856,0.0,180.0,-40.0,False,False,1.040019907,1.040019907
3930,911,scene_3.1,scene_3.1_y04,4,14,37,105.754848116,14.133611744,-311.923489949,0.0,180.0,-40.0,False,False,1.040019907,1.040019907
3931,912,scene_3.1,scene_3.1_y04,4,14,38,105.754848116,14.133611744,-310.883470043,270.0,90.0,-40.0,False,False,1.040019907,1.196261079
3932,913,scene_3.1,scene_3.1_y04,4,13,38,104.558587037,14.133611744,-310.883470043,180.0,0.0,-40.0,False,False,1.196261079,1.040019907
3933,914,scene_3.1,scene_3.1_y04,4,13,37,104.558587037,14.133611744,-311.923489949,180.0,0.0,-40.0,False,False,1.040019907,1.040019907
3934,915,scene_3.1,scene_3.1_y04,4,13,36,104.558587037,14.133611744,-312.963509856,180.0,0.0,-40.0,False,False,1.040019907,1.040019907
3935,916,scene_3.1,scene_3.1_y04,4,13,35,104.558587037,14.133611744,-314.003529762,180.0,0.0,-40.0,False,False,1.040019907,1.040019907
3936,917,scene_3.1,scene_3.1_y04,4,13,34,104.558587037,14.133611744,-315.043549669,180.0,0.0,-40.0,False,False,1.040019907,1.040019907
3937,918,scene_3.1,scene_3.1_y04,4,13,33,104.558587037,14.133611744,-316.083569576,180.0,0.0,-40.0,False,False,1.040019907,1.040019907
3938,919,scene_3.1,scene_3.1_y04,4,13,32,104.558587037,14.133611744,-317.123589482,180.0,0.0,-40.0,False,False,1.040019907,1.040019907
3939,920,scene_3.1,scene_3.1_y04,4,13,31,104.558587037,14.133611744,-318.163609389,180.0,0.0,-40.0,False,False,1.040019907,1.040019907
3940,921,scene_3.1,scene_3.1_y04,4,13,30,104.558587037,14.133611744,-319.203629296,180.0,0.0,-40.0,False,False,1.040019907,1.040019907
3941,922,scene_3.1,scene_3.1_y04,4,13,29,104.558587037,14.133611744,-320.243649202,180.0,0.0,-40.0,False,False,1.040019907,1.040019907
3942,923,scene_3.1,scene_3.1_y04,4,13,28,104.558587037,14.133611744,-321.283669109,180.0,0.0,-40.0,False,False,1.040019907,1.040019907
3943,924,scene_3.1,scene_3.1_y04,4,13,27,104.558587037,14.133611744,-322.323689015,180.0,0.0,-40.0,False,False,1.040019907,1.040019907
3944,925,scene_3.1,scene_3.1_y04,4,13,26,104.558587037,14.133611744,-323.363708922,180.0,0.0,-40.0,False,False,1.040019907,1.040019907
3945,926,scene_3.1,scene_3.1_y04,4,13,25,104.558587037,14.133611744,-324.403728829,180.0,0.0,-40.0,False,False,1.040019907,1.040019907
3946,927,scene_3.1,scene_3.1_y04,4,13,24,104.558587037,14.133611744,-325.443748735,180.0,0.0,-40.0,False,False,1.040019907,1.040019907
3947,928,scene_3.1,scene_3.1_y04,4,13,23,104.558587037,14.133611744,-326.483768642,180.0,0.0,-40.0,False,False,1.040019907,1.040019907
3948,929,scene_3.1,scene_3.1_y04,4,13,22,104.558587037,14.133611744,-327.523788548,180.0,0.0,-40.0,False,False,1.040019907,1.040019907
3949,930,scene_3.1,scene_3.1_y04,4,13,21,104.558587037,14.133611744,-328.563808455,180.0,0.0,-40.0,False,False,1.040019907,1.040019907
3950,931,scene_3.1,scene_3.1_y04,4,13,20,104.558587037,14.133611744,-329.603828362,180.0,0.0,-40.0,False,False,1.040019907,1.040019907
3951,932,scene_3.1,scene_3.1_y04,4,13,19,104.558587037,14.133611744,-330.643848268,180.0,0.0,-40.0,False,False,1.040019907,1.040019907
3952,933,scene_3.1,scene_3.1_y04,4,13,18,104.558587037,14.133611744,-331.683868175,180.0,0.0,-40.0,False,False,1.040019907,1.040019907
3953,934,scene_3.1,scene_3.1_y04,4,13,17,104.558587037,14.133611744,-332.723888082,180.0,0.0,-40.0,False,False,1.040019907,1.040019907
3954,935,scene_3.1,scene_3.1_y04,4,13,16,104.558587037,14.133611744,-333.763907988,180.0,0.0,-40.0,False,False,1.040019907,1.040019907
3955,936,scene_3.1,scene_3.1_y04,4,13,15,104.558587037,14.133611744,-334.803927895,180.0,0.0,-40.0,False,False,1.040019907,1.040019907
3956,937,scene_3.1,scene_3.1_y04,4,13,14,104.558587037,14.133611744,-335.843947801,180.0,0.0,-40.0,False,False,1.040019907,1.040019907
3957,938,scene_3.1,scene_3.1_y04,4,13,13,104.558587037,14.133611744,-336.883967708,180.0,0.0,-40.0,False,False,1.040019907,1.040019907
3958,939,scene_3.1,scene_3.1_y04,4,13,12,104.558587037,14.133611744,-337.923987615,180.0,0.0,-40.0,False,False,1.040019907,1.040019907
3959,940,scene_3.1,scene_3.1_y04,4,13,11,104.558587037,14.133611744,-338.964007521,180.0,0.0,-40.0,False,False,1.040019907,1.040019907
3960,941,scene_3.1,scene_3.1_y04,4,13,10,104.558587037,14.133611744,-340.004027428,180.0,0.0,-40.0,False,False,1.040019907,1.040019907
3961,942,scene_3.1,scene_3.1_y04,4,13,9,104.558587037,14.133611744,-341.044047334,180.0,0.0,-40.0,False,False,1.040019907,1.040019907
3962,943,scene_3.1,scene_3.1_y04,4,13,8,104.558587037,14.133611744,-342.084067241,180.0,0.0,-40.0,False,False,1.040019907,1.040019907
3963,944,scene_3.1,scene_3.1_y04,4,13,7,104.558587037,14.133611744,-343.124087148,180.0,0.0,-40.0,False,False,1.040019907,1.040019907
3964,945,scene_3.1,scene_3.1_y04,4,13,6,104.558587037,14.133611744,-344.164107054,180.0,0.0,-40.0,False,False,1.040019907,1.040019907
3965,946,scene_3.1,scene_3.1_y04,4,13,5,104.558587037,14.133611744,-345.204126961,180.0,0.0,-40.0,False,False,1.040019907,1.040019907
3966,947,scene_3.1,scene_3.1_y04,4,13,4,104.558587037,14.133611744,-346.244146868,180.0,0.0,-40.0,False,False,1.040019907,1.040019907
3967,948,scene_3.1,scene_3.1_y04,4,13,3,104.558587037,14.133611744,-347.284166774,180.0,0.0,-40.0,False,False,1.040019907,1.040019907
3968,949,scene_3.1,scene_3.1_y04,4,13,2,104.558587037,14.133611744,-348.324186681,180.0,0.0,-40.0,False,False,1.040019907,1.040019907
3969,950,scene_3.1,scene_3.1_y04,4,13,1,104.558587037,14.133611744,-349.364206587,180.0,0.0,-40.0,False,False,1.040019907,1.040019907
3970,951,scene_3.1,scene_3.1_y04,4,13,0,104.558587037,14.133611744,-350.404226494,270.0,90.0,-40.0,False,False,1.040019907,1.196261079
3971,952,scene_3.1,scene_3.1_y04,4,12,0,103.362325957,14.133611744,-350.404226494,0.0,180.0,-40.0,True,False,1.196261079,1.040019907
3972,953,scene_3.1,scene_3.1_y04,4,12,1,103.362325957,14.133611744,-349.364206587,0.0,180.0,-40.0,False,False,1.040019907,1.040019907
3973,954,scene_3.1,scene_3.1_y04,4,12,2,103.362325957,14.133611744,-348.324186681,0.0,180.0,-40.0,False,False,1.040019907,1.040019907
3974,955,scene_3.1,scene_3.1_y04,4,12,3,103.362325957,14.133611744,-347.284166774,0.0,180.0,-40.0,True,False,1.040019907,1.040019907
3975,956,scene_3.1,scene_3.1_y04,4,12,4,103.362325957,14.133611744,-346.244146868,0.0,180.0,-40.0,False,False,1.040019907,1.040019907
3976,957,scene_3.1,scene_3.1_y04,4,12,5,103.362325957,14.133611744,-345.204126961,0.0,180.0,-40.0,False,False,1.040019907,1.040019907
3977,958,scene_3.1,scene_3.1_y04,4,12,6,103.362325957,14.133611744,-344.164107054,0.0,180.0,-40.0,True,False,1.040019907,1.040019907
3978,959,scene_3.1,scene_3.1_y04,4,12,7,103.362325957,14.133611744,-343.124087148,0.0,180.0,-40.0,False,False,1.040019907,1.040019907
3979,960,scene_3.1,scene_3.1_y04,4,12,8,103.362325957,14.133611744,-342.084067241,0.0,180.0,-40.0,False,False,1.040019907,1.040019907
3980,961,scene_3.1,scene_3.1_y04,4,12,9,103.362325957,14.133611744,-341.044047334,0.0,180.0,-40.0,True,False,1.040019907,1.040019907
3981,962,scene_3.1,scene_3.1_y04,4,12,10,103.362325957,14.133611744,-340.004027428,0.0,180.0,-40.0,False,False,1.040019907,1.040019907
3982,963,scene_3.1,scene_3.1_y04,4,12,11,103.362325957,14.133611744,-338.964007521,0.0,180.0,-40.0,False,False,1.040019907,1.040019907
3983,964,scene_3.1,scene_3.1_y04,4,12,12,103.362325957,14.133611744,-337.923987615,0.0,180.0,-40.0,True,False,1.040019907,1.040019907
3984,965,scene_3.1,scene_3.1_y04,4,12,13,103.362325957,14.133611744,-336.883967708,0.0,180.0,-40.0,False,False,1.040019907,1.040019907
3985,966,scene_3.1,scene_3.1_y04,4,12,14,103.362325957,14.133611744,-335.843947801,0.0,180.0,-40.0,False,False,1.040019907,1.040019907
3986,967,scene_3.1,scene_3.1_y04,4,12,15,103.362325957,14.133611744,-334.803927895,0.0,180.0,-40.0,True,False,1.040019907,1.040019907
3987,968,scene_3.1,scene_3.1_y04,4,12,16,103.362325957,14.133611744,-333.763907988,0.0,180.0,-40.0,False,False,1.040019907,1.040019907
3988,969,scene_3.1,scene_3.1_y04,4,12,17,103.362325957,14.133611744,-332.723888082,0.0,180.0,-40.0,False,False,1.040019907,1.040019907
3989,970,scene_3.1,scene_3.1_y04,4,12,18,103.362325957,14.133611744,-331.683868175,0.0,180.0,-40.0,True,False,1.040019907,1.040019907
3990,971,scene_3.1,scene_3.1_y04,4,12,19,103.362325957,14.133611744,-330.643848268,0.0,180.0,-40.0,False,False,1.040019907,1.040019907
3991,972,scene_3.1,scene_3.1_y04,4,12,20,103.362325957,14.133611744,-329.603828362,0.0,180.0,-40.0,False,False,1.040019907,1.040019907
3992,973,scene_3.1,scene_3.1_y04,4,12,21,103.362325957,14.133611744,-328.563808455,0.0,180.0,-40.0,True,False,1.040019907,1.040019907
3993,974,scene_3.1,scene_3.1_y04,4,12,22,103.362325957,14.133611744,-327.523788548,0.0,180.0,-40.0,False,False,1.040019907,1.040019907
3994,975,scene_3.1,scene_3.1_y04,4,12,23,103.362325957,14.133611744,-326.483768642,0.0,180.0,-40.0,False,False,1.040019907,1.040019907
3995,976,scene_3.1,scene_3.1_y04,4,12,24,103.362325957,14.133611744,-325.443748735,0.0,180.0,-40.0,True,False,1.040019907,1.040019907
3996,977,scene_3.1,scene_3.1_y04,4,12,25,103.362325957,14.133611744,-324.403728829,0.0,180.0,-40.0,False,False,1.040019907,1.040019907
3997,978,scene_3.1,scene_3.1_y04,4,12,26,103.362325957,14.133611744,-323.363708922,0.0,180.0,-40.0,False,False,1.040019907,1.040019907
3998,979,scene_3.1,scene_3.1_y04,4,12,27,103.362325957,14.133611744,-322.323689015,0.0,180.0,-40.0,True,False,1.040019907,1.040019907
3999,980,scene_3.1,scene_3.1_y04,4,12,28,103.362325957,14.133611744,-321.283669109,0.0,180.0,-40.0,False,False,1.040019907,1.040019907
4000,981,scene_3.1,scene_3.1_y04,4,12,29,103.362325957,14.133611744,-320.243649202,0.0,180.0,-40.0,False,False,1.040019907,1.040019907
4001,982,scene_3.1,scene_3.1_y04,4,12,30,103.362325957,14.133611744,-319.203629296,0.0,180.0,-40.0,True,False,1.040019907,1.040019907
4002,983,scene_3.1,scene_3.1_y04,4,12,31,103.362325957,14.133611744,-318.163609389,0.0,180.0,-40.0,False,False,1.040019907,1.040019907
4003,984,scene_3.1,scene_3.1_y04,4,12,32,103.362325957,14.133611744,-317.123589482,0.0,180.0,-40.0,False,False,1.040019907,1.040019907
4004,985,scene_3.1,scene_3.1_y04,4,12,33,103.362325957,14.133611744,-316.083569576,0.0,180.0,-40.0,True,False,1.040019907,1.040019907
4005,986,scene_3.1,scene_3.1_y04,4,12,34,103.362325957,14.133611744,-315.043549669,0.0,180.0,-40.0,False,False,1.040019907,1.040019907
4006,987,scene_3.1,scene_3.1_y04,4,12,35,103.362325957,14.133611744,-314.003529762,0.0,180.0,-40.0,False,False,1.040019907,1.040019907
4007,988,scene_3.1,scene_3.1_y04,4,12,36,103.362325957,14.133611744,-312.963509856,0.0,180.0,-40.0,True,False,1.040019907,1.040019907
4008,989,scene_3.1,scene_3.1_y04,4,12,37,103.362325957,14.133611744,-311.923489949,0.0,180.0,-40.0,False,False,1.040019907,1.040019907
4009,990,scene_3.1,scene_3.1_y04,4,12,38,103.362325957,14.133611744,-310.883470043,270.0,90.0,-40.0,False,False,1.040019907,1.196261079
4010,991,scene_3.1,scene_3.1_y04,4,11,38,102.166064878,14.133611744,-310.883470043,180.0,0.0,-40.0,False,False,1.196261079,1.040019907
4011,992,scene_3.1,scene_3.1_y04,4,11,37,102.166064878,14.133611744,-311.923489949,180.0,0.0,-40.0,False,False,1.040019907,1.040019907
4012,993,scene_3.1,scene_3.1_y04,4,11,36,102.166064878,14.133611744,-312.963509856,180.0,0.0,-40.0,False,False,1.040019907,1.040019907
4013,994,scene_3.1,scene_3.1_y04,4,11,35,102.166064878,14.133611744,-314.003529762,180.0,0.0,-40.0,False,False,1.040019907,1.040019907
4014,995,scene_3.1,scene_3.1_y04,4,11,34,102.166064878,14.133611744,-315.043549669,180.0,0.0,-40.0,False,False,1.040019907,1.040019907
4015,996,scene_3.1,scene_3.1_y04,4,11,33,102.166064878,14.133611744,-316.083569576,180.0,0.0,-40.0,False,False,1.040019907,1.040019907
4016,997,scene_3.1,scene_3.1_y04,4,11,32,102.166064878,14.133611744,-317.123589482,180.0,0.0,-40.0,False,False,1.040019907,1.040019907
4017,998,scene_3.1,scene_3.1_y04,4,11,31,102.166064878,14.133611744,-318.163609389,180.0,0.0,-40.0,False,False,1.040019907,1.040019907
4018,999,scene_3.1,scene_3.1_y04,4,11,30,102.166064878,14.133611744,-319.203629296,180.0,0.0,-40.0,False,False,1.040019907,1.040019907
4019,1000,scene_3.1,scene_3.1_y04,4,11,29,102.166064878,14.133611744,-320.243649202,180.0,0.0,-40.0,False,False,1.040019907,1.040019907
4020,1001,scene_3.1,scene_3.1_y04,4,11,28,102.166064878,14.133611744,-321.283669109,180.0,0.0,-40.0,False,False,1.040019907,1.040019907
4021,1002,scene_3.1,scene_3.1_y04,4,11,27,102.166064878,14.133611744,-322.323689015,180.0,0.0,-40.0,False,False,1.040019907,1.040019907
4022,1003,scene_3.1,scene_3.1_y04,4,11,26,102.166064878,14.133611744,-323.363708922,180.0,0.0,-40.0,False,False,1.040019907,1.040019907
4023,1004,scene_3.1,scene_3.1_y04,4,11,25,102.166064878,14.133611744,-324.403728829,180.0,0.0,-40.0,False,False,1.040019907,1.040019907
4024,1005,scene_3.1,scene_3.1_y04,4,11,24,102.166064878,14.133611744,-325.443748735,180.0,0.0,-40.0,False,False,1.040019907,1.040019907
4025,1006,scene_3.1,scene_3.1_y04,4,11,23,102.166064878,14.133611744,-326.483768642,180.0,0.0,-40.0,False,False,1.040019907,1.040019907
4026,1007,scene_3.1,scene_3.1_y04,4,11,22,102.166064878,14.133611744,-327.523788548,180.0,0.0,-40.0,False,False,1.040019907,1.040019907
4027,1008,scene_3.1,scene_3.1_y04,4,11,21,102.166064878,14.133611744,-328.563808455,180.0,0.0,-40.0,False,False,1.040019907,1.040019907
4028,1009,scene_3.1,scene_3.1_y04,4,11,20,102.166064878,14.133611744,-329.603828362,180.0,0.0,-40.0,False,False,1.040019907,1.040019907
4029,1010,scene_3.1,scene_3.1_y04,4,11,19,102.166064878,14.133611744,-330.643848268,180.0,0.0,-40.0,False,False,1.040019907,1.040019907
4030,1011,scene_3.1,scene_3.1_y04,4,11,18,102.166064878,14.133611744,-331.683868175,180.0,0.0,-40.0,False,False,1.040019907,1.040019907
4031,1012,scene_3.1,scene_3.1_y04,4,11,17,102.166064878,14.133611744,-332.723888082,180.0,0.0,-40.0,False,False,1.040019907,1.040019907
4032,1013,scene_3.1,scene_3.1_y04,4,11,16,102.166064878,14.133611744,-333.763907988,180.0,0.0,-40.0,False,False,1.040019907,1.040019907
4033,1014,scene_3.1,scene_3.1_y04,4,11,15,102.166064878,14.133611744,-334.803927895,180.0,0.0,-40.0,False,False,1.040019907,1.040019907
4034,1015,scene_3.1,scene_3.1_y04,4,11,14,102.166064878,14.133611744,-335.843947801,180.0,0.0,-40.0,False,False,1.040019907,1.040019907
4035,1016,scene_3.1,scene_3.1_y04,4,11,13,102.166064878,14.133611744,-336.883967708,180.0,0.0,-40.0,False,False,1.040019907,1.040019907
4036,1017,scene_3.1,scene_3.1_y04,4,11,12,102.166064878,14.133611744,-337.923987615,180.0,0.0,-40.0,False,False,1.040019907,1.040019907
4037,1018,scene_3.1,scene_3.1_y04,4,11,11,102.166064878,14.133611744,-338.964007521,180.0,0.0,-40.0,False,False,1.040019907,1.040019907
4038,1019,scene_3.1,scene_3.1_y04,4,11,10,102.166064878,14.133611744,-340.004027428,180.0,0.0,-40.0,False,False,1.040019907,1.040019907
4039,1020,scene_3.1,scene_3.1_y04,4,11,9,102.166064878,14.133611744,-341.044047334,180.0,0.0,-40.0,False,False,1.040019907,1.040019907
4040,1021,scene_3.1,scene_3.1_y04,4,11,8,102.166064878,14.133611744,-342.084067241,180.0,0.0,-40.0,False,False,1.040019907,1.040019907
4041,1022,scene_3.1,scene_3.1_y04,4,11,7,102.166064878,14.133611744,-343.124087148,180.0,0.0,-40.0,False,False,1.040019907,1.040019907
4042,1023,scene_3.1,scene_3.1_y04,4,11,6,102.166064878,14.133611744,-344.164107054,180.0,0.0,-40.0,False,False,1.040019907,1.040019907
4043,1024,scene_3.1,scene_3.1_y04,4,11,5,102.166064878,14.133611744,-345.204126961,180.0,0.0,-40.0,False,False,1.040019907,1.040019907
4044,1025,scene_3.1,scene_3.1_y04,4,11,4,102.166064878,14.133611744,-346.244146868,180.0,0.0,-40.0,False,False,1.040019907,1.040019907
4045,1026,scene_3.1,scene_3.1_y04,4,11,3,102.166064878,14.133611744,-347.284166774,180.0,0.0,-40.0,False,False,1.040019907,1.040019907
4046,1027,scene_3.1,scene_3.1_y04,4,11,2,102.166064878,14.133611744,-348.324186681,180.0,0.0,-40.0,False,False,1.040019907,1.040019907
4047,1028,scene_3.1,scene_3.1_y04,4,11,1,102.166064878,14.133611744,-349.364206587,180.0,0.0,-40.0,False,False,1.040019907,1.040019907
4048,1029,scene_3.1,scene_3.1_y04,4,11,0,102.166064878,14.133611744,-350.404226494,270.0,90.0,-40.0,False,False,1.040019907,1.196261079
4049,1030,scene_3.1,scene_3.1_y04,4,10,0,100.969803799,14.133611744,-350.404226494,0.0,180.0,-40.0,False,False,1.196261079,1.040019907
4050,1031,scene_3.1,scene_3.1_y04,4,10,1,100.969803799,14.133611744,-349.364206587,0.0,180.0,-40.0,False,False,1.040019907,1.040019907
4051,1032,scene_3.1,scene_3.1_y04,4,10,2,100.969803799,14.133611744,-348.324186681,0.0,180.0,-40.0,False,False,1.040019907,1.040019907
4052,1033,scene_3.1,scene_3.1_y04,4,10,3,100.969803799,14.133611744,-347.284166774,0.0,180.0,-40.0,False,False,1.040019907,1.040019907
4053,1034,scene_3.1,scene_3.1_y04,4,10,4,100.969803799,14.133611744,-346.244146868,0.0,180.0,-40.0,False,False,1.040019907,1.040019907
4054,1035,scene_3.1,scene_3.1_y04,4,10,5,100.969803799,14.133611744,-345.204126961,0.0,180.0,-40.0,False,False,1.040019907,1.040019907
4055,1036,scene_3.1,scene_3.1_y04,4,10,6,100.969803799,14.133611744,-344.164107054,0.0,180.0,-40.0,False,False,1.040019907,1.040019907
4056,1037,scene_3.1,scene_3.1_y04,4,10,7,100.969803799,14.133611744,-343.124087148,0.0,180.0,-40.0,False,False,1.040019907,1.040019907
4057,1038,scene_3.1,scene_3.1_y04,4,10,8,100.969803799,14.133611744,-342.084067241,0.0,180.0,-40.0,False,False,1.040019907,1.040019907
4058,1039,scene_3.1,scene_3.1_y04,4,10,9,100.969803799,14.133611744,-341.044047334,0.0,180.0,-40.0,False,False,1.040019907,1.040019907
4059,1040,scene_3.1,scene_3.1_y04,4,10,10,100.969803799,14.133611744,-340.004027428,0.0,180.0,-40.0,False,False,1.040019907,1.040019907
4060,1041,scene_3.1,scene_3.1_y04,4,10,11,100.969803799,14.133611744,-338.964007521,0.0,180.0,-40.0,False,False,1.040019907,1.040019907
4061,1042,scene_3.1,scene_3.1_y04,4,10,12,100.969803799,14.133611744,-337.923987615,0.0,180.0,-40.0,False,False,1.040019907,1.040019907
4062,1043,scene_3.1,scene_3.1_y04,4,10,13,100.969803799,14.133611744,-336.883967708,0.0,180.0,-40.0,False,False,1.040019907,1.040019907
4063,1044,scene_3.1,scene_3.1_y04,4,10,14,100.969803799,14.133611744,-335.843947801,0.0,180.0,-40.0,False,False,1.040019907,1.040019907
4064,1045,scene_3.1,scene_3.1_y04,4,10,15,100.969803799,14.133611744,-334.803927895,0.0,180.0,-40.0,False,False,1.040019907,1.040019907
4065,1046,scene_3.1,scene_3.1_y04,4,10,16,100.969803799,14.133611744,-333.763907988,0.0,180.0,-40.0,False,False,1.040019907,1.040019907
4066,1047,scene_3.1,scene_3.1_y04,4,10,17,100.969803799,14.133611744,-332.723888082,0.0,180.0,-40.0,False,False,1.040019907,1.040019907
4067,1048,scene_3.1,scene_3.1_y04,4,10,18,100.969803799,14.133611744,-331.683868175,0.0,180.0,-40.0,False,False,1.040019907,1.040019907
4068,1049,scene_3.1,scene_3.1_y04,4,10,19,100.969803799,14.133611744,-330.643848268,0.0,180.0,-40.0,False,False,1.040019907,1.040019907
4069,1050,scene_3.1,scene_3.1_y04,4,10,20,100.969803799,14.133611744,-329.603828362,0.0,180.0,-40.0,False,False,1.040019907,1.040019907
4070,1051,scene_3.1,scene_3.1_y04,4,10,21,100.969803799,14.133611744,-328.563808455,0.0,180.0,-40.0,False,False,1.040019907,1.040019907
4071,1052,scene_3.1,scene_3.1_y04,4,10,22,100.969803799,14.133611744,-327.523788548,0.0,180.0,-40.0,False,False,1.040019907,1.040019907
4072,1053,scene_3.1,scene_3.1_y04,4,10,23,100.969803799,14.133611744,-326.483768642,0.0,180.0,-40.0,False,False,1.040019907,1.040019907
4073,1054,scene_3.1,scene_3.1_y04,4,10,24,100.969803799,14.133611744,-325.443748735,0.0,180.0,-40.0,False,False,1.040019907,1.040019907
4074,1055,scene_3.1,scene_3.1_y04,4,10,25,100.969803799,14.133611744,-324.403728829,0.0,180.0,-40.0,False,False,1.040019907,1.040019907
4075,1056,scene_3.1,scene_3.1_y04,4,10,26,100.969803799,14.133611744,-323.363708922,0.0,180.0,-40.0,False,False,1.040019907,1.040019907
4076,1057,scene_3.1,scene_3.1_y04,4,10,27,100.969803799,14.133611744,-322.323689015,0.0,180.0,-40.0,False,False,1.040019907,1.040019907
4077,1058,scene_3.1,scene_3.1_y04,4,10,28,100.969803799,14.133611744,-321.283669109,0.0,180.0,-40.0,False,False,1.040019907,1.040019907
4078,1059,scene_3.1,scene_3.1_y04,4,10,29,100.969803799,14.133611744,-320.243649202,0.0,180.0,-40.0,False,False,1.040019907,1.040019907
4079,1060,scene_3.1,scene_3.1_y04,4,10,30,100.969803799,14.133611744,-319.203629296,0.0,180.0,-40.0,False,False,1.040019907,1.040019907
4080,1061,scene_3.1,scene_3.1_y04,4,10,31,100.969803799,14.133611744,-318.163609389,0.0,180.0,-40.0,False,False,1.040019907,1.040019907
4081,1062,scene_3.1,scene_3.1_y04,4,10,32,100.969803799,14.133611744,-317.123589482,0.0,180.0,-40.0,False,False,1.040019907,1.040019907
4082,1063,scene_3.1,scene_3.1_y04,4,10,33,100.969803799,14.133611744,-316.083569576,0.0,180.0,-40.0,False,False,1.040019907,1.040019907
4083,1064,scene_3.1,scene_3.1_y04,4,10,34,100.969803799,14.133611744,-315.043549669,0.0,180.0,-40.0,False,False,1.040019907,1.040019907
4084,1065,scene_3.1,scene_3.1_y04,4,10,35,100.969803799,14.133611744,-314.003529762,0.0,180.0,-40.0,False,False,1.040019907,1.040019907
4085,1066,scene_3.1,scene_3.1_y04,4,10,36,100.969803799,14.133611744,-312.963509856,0.0,180.0,-40.0,False,False,1.040019907,1.040019907
4086,1067,scene_3.1,scene_3.1_y04,4,10,37,100.969803799,14.133611744,-311.923489949,0.0,180.0,-40.0,False,False,1.040019907,1.040019907
4087,1068,scene_3.1,scene_3.1_y04,4,10,38,100.969803799,14.133611744,-310.883470043,270.0,90.0,-40.0,False,False,1.040019907,1.196261079
4088,1069,scene_3.1,scene_3.1_y04,4,9,38,99.77354272,14.133611744,-310.883470043,180.0,0.0,-40.0,False,False,1.196261079,1.040019907
4089,1070,scene_3.1,scene_3.1_y04,4,9,37,99.77354272,14.133611744,-311.923489949,180.0,0.0,-40.0,False,False,1.040019907,1.040019907
4090,1071,scene_3.1,scene_3.1_y04,4,9,36,99.77354272,14.133611744,-312.963509856,180.0,0.0,-40.0,True,False,1.040019907,1.040019907
4091,1072,scene_3.1,scene_3.1_y04,4,9,35,99.77354272,14.133611744,-314.003529762,180.0,0.0,-40.0,False,False,1.040019907,1.040019907
4092,1073,scene_3.1,scene_3.1_y04,4,9,34,99.77354272,14.133611744,-315.043549669,180.0,0.0,-40.0,False,False,1.040019907,1.040019907
4093,1074,scene_3.1,scene_3.1_y04,4,9,33,99.77354272,14.133611744,-316.083569576,180.0,0.0,-40.0,True,False,1.040019907,1.040019907
4094,1075,scene_3.1,scene_3.1_y04,4,9,32,99.77354272,14.133611744,-317.123589482,180.0,0.0,-40.0,False,False,1.040019907,1.040019907
4095,1076,scene_3.1,scene_3.1_y04,4,9,31,99.77354272,14.133611744,-318.163609389,180.0,0.0,-40.0,False,False,1.040019907,1.040019907
4096,1077,scene_3.1,scene_3.1_y04,4,9,30,99.77354272,14.133611744,-319.203629296,180.0,0.0,-40.0,True,False,1.040019907,1.040019907
4097,1078,scene_3.1,scene_3.1_y04,4,9,29,99.77354272,14.133611744,-320.243649202,180.0,0.0,-40.0,False,False,1.040019907,1.040019907
4098,1079,scene_3.1,scene_3.1_y04,4,9,28,99.77354272,14.133611744,-321.283669109,180.0,0.0,-40.0,False,False,1.040019907,1.040019907
4099,1080,scene_3.1,scene_3.1_y04,4,9,27,99.77354272,14.133611744,-322.323689015,180.0,0.0,-40.0,True,False,1.040019907,1.040019907
4100,1081,scene_3.1,scene_3.1_y04,4,9,26,99.77354272,14.133611744,-323.363708922,180.0,0.0,-40.0,False,False,1.040019907,1.040019907
4101,1082,scene_3.1,scene_3.1_y04,4,9,25,99.77354272,14.133611744,-324.403728829,180.0,0.0,-40.0,False,False,1.040019907,1.040019907
4102,1083,scene_3.1,scene_3.1_y04,4,9,24,99.77354272,14.133611744,-325.443748735,180.0,0.0,-40.0,True,False,1.040019907,1.040019907
4103,1084,scene_3.1,scene_3.1_y04,4,9,23,99.77354272,14.133611744,-326.483768642,180.0,0.0,-40.0,False,False,1.040019907,1.040019907
4104,1085,scene_3.1,scene_3.1_y04,4,9,22,99.77354272,14.133611744,-327.523788548,180.0,0.0,-40.0,False,False,1.040019907,1.040019907
4105,1086,scene_3.1,scene_3.1_y04,4,9,21,99.77354272,14.133611744,-328.563808455,180.0,0.0,-40.0,True,False,1.040019907,1.040019907
4106,1087,scene_3.1,scene_3.1_y04,4,9,20,99.77354272,14.133611744,-329.603828362,180.0,0.0,-40.0,False,False,1.040019907,1.040019907
4107,1088,scene_3.1,scene_3.1_y04,4,9,19,99.77354272,14.133611744,-330.643848268,180.0,0.0,-40.0,False,False,1.040019907,1.040019907
4108,1089,scene_3.1,scene_3.1_y04,4,9,18,99.77354272,14.133611744,-331.683868175,180.0,0.0,-40.0,True,False,1.040019907,1.040019907
4109,1090,scene_3.1,scene_3.1_y04,4,9,17,99.77354272,14.133611744,-332.723888082,180.0,0.0,-40.0,False,False,1.040019907,1.040019907
4110,1091,scene_3.1,scene_3.1_y04,4,9,16,99.77354272,14.133611744,-333.763907988,180.0,0.0,-40.0,False,False,1.040019907,1.040019907
4111,1092,scene_3.1,scene_3.1_y04,4,9,15,99.77354272,14.133611744,-334.803927895,180.0,0.0,-40.0,True,False,1.040019907,1.040019907
4112,1093,scene_3.1,scene_3.1_y04,4,9,14,99.77354272,14.133611744,-335.843947801,180.0,0.0,-40.0,False,False,1.040019907,1.040019907
4113,1094,scene_3.1,scene_3.1_y04,4,9,13,99.77354272,14.133611744,-336.883967708,180.0,0.0,-40.0,False,False,1.040019907,1.040019907
4114,1095,scene_3.1,scene_3.1_y04,4,9,12,99.77354272,14.133611744,-337.923987615,180.0,0.0,-40.0,True,False,1.040019907,1.040019907
4115,1096,scene_3.1,scene_3.1_y04,4,9,11,99.77354272,14.133611744,-338.964007521,180.0,0.0,-40.0,False,False,1.040019907,1.040019907
4116,1097,scene_3.1,scene_3.1_y04,4,9,10,99.77354272,14.133611744,-340.004027428,180.0,0.0,-40.0,False,False,1.040019907,1.040019907
4117,1098,scene_3.1,scene_3.1_y04,4,9,9,99.77354272,14.133611744,-341.044047334,180.0,0.0,-40.0,True,False,1.040019907,1.040019907
4118,1099,scene_3.1,scene_3.1_y04,4,9,8,99.77354272,14.133611744,-342.084067241,180.0,0.0,-40.0,False,False,1.040019907,1.040019907
4119,1100,scene_3.1,scene_3.1_y04,4,9,7,99.77354272,14.133611744,-343.124087148,180.0,0.0,-40.0,False,False,1.040019907,1.040019907
4120,1101,scene_3.1,scene_3.1_y04,4,9,6,99.77354272,14.133611744,-344.164107054,180.0,0.0,-40.0,True,False,1.040019907,1.040019907
4121,1102,scene_3.1,scene_3.1_y04,4,9,5,99.77354272,14.133611744,-345.204126961,180.0,0.0,-40.0,False,False,1.040019907,1.040019907
4122,1103,scene_3.1,scene_3.1_y04,4,9,4,99.77354272,14.133611744,-346.244146868,180.0,0.0,-40.0,False,False,1.040019907,1.040019907
4123,1104,scene_3.1,scene_3.1_y04,4,9,3,99.77354272,14.133611744,-347.284166774,180.0,0.0,-40.0,True,False,1.040019907,1.040019907
4124,1105,scene_3.1,scene_3.1_y04,4,9,2,99.77354272,14.133611744,-348.324186681,180.0,0.0,-40.0,False,False,1.040019907,1.040019907
4125,1106,scene_3.1,scene_3.1_y04,4,9,1,99.77354272,14.133611744,-349.364206587,180.0,0.0,-40.0,False,False,1.040019907,1.040019907
4126,1107,scene_3.1,scene_3.1_y04,4,9,0,99.77354272,14.133611744,-350.404226494,311.003437619,131.003437619,-40.0,True,False,1.040019907,1.58514415
4127,1108,scene_3.1,scene_3.1_y04,4,8,1,98.577281641,14.133611744,-349.364206587,0.0,180.0,-40.0,False,False,1.58514415,1.040019907
4128,1109,scene_3.1,scene_3.1_y04,4,8,2,98.577281641,14.133611744,-348.324186681,0.0,180.0,-40.0,False,False,1.040019907,1.040019907
4129,1110,scene_3.1,scene_3.1_y04,4,8,3,98.577281641,14.133611744,-347.284166774,0.0,180.0,-40.0,False,False,1.040019907,1.040019907
4130,1111,scene_3.1,scene_3.1_y04,4,8,4,98.577281641,14.133611744,-346.244146868,0.0,180.0,-40.0,False,False,1.040019907,1.040019907
4131,1112,scene_3.1,scene_3.1_y04,4,8,5,98.577281641,14.133611744,-345.204126961,0.0,180.0,-40.0,False,False,1.040019907,1.040019907
4132,1113,scene_3.1,scene_3.1_y04,4,8,6,98.577281641,14.133611744,-344.164107054,0.0,180.0,-40.0,False,False,1.040019907,1.040019907
4133,1114,scene_3.1,scene_3.1_y04,4,8,7,98.577281641,14.133611744,-343.124087148,0.0,180.0,-40.0,False,False,1.040019907,1.040019907
4134,1115,scene_3.1,scene_3.1_y04,4,8,8,98.577281641,14.133611744,-342.084067241,0.0,180.0,-40.0,False,False,1.040019907,1.040019907
4135,1116,scene_3.1,scene_3.1_y04,4,8,9,98.577281641,14.133611744,-341.044047334,0.0,180.0,-40.0,False,False,1.040019907,1.040019907
4136,1117,scene_3.1,scene_3.1_y04,4,8,10,98.577281641,14.133611744,-340.004027428,0.0,180.0,-40.0,False,False,1.040019907,1.040019907
4137,1118,scene_3.1,scene_3.1_y04,4,8,11,98.577281641,14.133611744,-338.964007521,0.0,180.0,-40.0,False,False,1.040019907,1.040019907
4138,1119,scene_3.1,scene_3.1_y04,4,8,12,98.577281641,14.133611744,-337.923987615,0.0,180.0,-40.0,False,False,1.040019907,1.040019907
4139,1120,scene_3.1,scene_3.1_y04,4,8,13,98.577281641,14.133611744,-336.883967708,0.0,180.0,-40.0,False,False,1.040019907,1.040019907
4140,1121,scene_3.1,scene_3.1_y04,4,8,14,98.577281641,14.133611744,-335.843947801,0.0,180.0,-40.0,False,False,1.040019907,1.040019907
4141,1122,scene_3.1,scene_3.1_y04,4,8,15,98.577281641,14.133611744,-334.803927895,0.0,180.0,-40.0,False,False,1.040019907,1.040019907
4142,1123,scene_3.1,scene_3.1_y04,4,8,16,98.577281641,14.133611744,-333.763907988,0.0,180.0,-40.0,False,False,1.040019907,1.040019907
4143,1124,scene_3.1,scene_3.1_y04,4,8,17,98.577281641,14.133611744,-332.723888082,0.0,180.0,-40.0,False,False,1.040019907,1.040019907
4144,1125,scene_3.1,scene_3.1_y04,4,8,18,98.577281641,14.133611744,-331.683868175,0.0,180.0,-40.0,False,False,1.040019907,1.040019907
4145,1126,scene_3.1,scene_3.1_y04,4,8,19,98.577281641,14.133611744,-330.643848268,0.0,180.0,-40.0,False,False,1.040019907,1.040019907
4146,1127,scene_3.1,scene_3.1_y04,4,8,20,98.577281641,14.133611744,-329.603828362,0.0,180.0,-40.0,False,False,1.040019907,1.040019907
4147,1128,scene_3.1,scene_3.1_y04,4,8,21,98.577281641,14.133611744,-328.563808455,0.0,180.0,-40.0,False,False,1.040019907,1.040019907
4148,1129,scene_3.1,scene_3.1_y04,4,8,22,98.577281641,14.133611744,-327.523788548,0.0,180.0,-40.0,False,False,1.040019907,1.040019907
4149,1130,scene_3.1,scene_3.1_y04,4,8,23,98.577281641,14.133611744,-326.483768642,0.0,180.0,-40.0,False,False,1.040019907,1.040019907
4150,1131,scene_3.1,scene_3.1_y04,4,8,24,98.577281641,14.133611744,-325.443748735,0.0,180.0,-40.0,False,False,1.040019907,1.040019907
4151,1132,scene_3.1,scene_3.1_y04,4,8,25,98.577281641,14.133611744,-324.403728829,0.0,180.0,-40.0,False,False,1.040019907,1.040019907
4152,1133,scene_3.1,scene_3.1_y04,4,8,26,98.577281641,14.133611744,-323.363708922,0.0,180.0,-40.0,False,False,1.040019907,1.040019907
4153,1134,scene_3.1,scene_3.1_y04,4,8,27,98.577281641,14.133611744,-322.323689015,0.0,180.0,-40.0,False,False,1.040019907,1.040019907
4154,1135,scene_3.1,scene_3.1_y04,4,8,28,98.577281641,14.133611744,-321.283669109,0.0,180.0,-40.0,False,False,1.040019907,1.040019907
4155,1136,scene_3.1,scene_3.1_y04,4,8,29,98.577281641,14.133611744,-320.243649202,0.0,180.0,-40.0,False,False,1.040019907,1.040019907
4156,1137,scene_3.1,scene_3.1_y04,4,8,30,98.577281641,14.133611744,-319.203629296,0.0,180.0,-40.0,False,False,1.040019907,1.040019907
4157,1138,scene_3.1,scene_3.1_y04,4,8,31,98.577281641,14.133611744,-318.163609389,0.0,180.0,-40.0,False,False,1.040019907,1.040019907
4158,1139,scene_3.1,scene_3.1_y04,4,8,32,98.577281641,14.133611744,-317.123589482,0.0,180.0,-40.0,False,False,1.040019907,1.040019907
4159,1140,scene_3.1,scene_3.1_y04,4,8,33,98.577281641,14.133611744,-316.083569576,0.0,180.0,-40.0,False,False,1.040019907,1.040019907
4160,1141,scene_3.1,scene_3.1_y04,4,8,34,98.577281641,14.133611744,-315.043549669,0.0,180.0,-40.0,False,False,1.040019907,1.040019907
4161,1142,scene_3.1,scene_3.1_y04,4,8,35,98.577281641,14.133611744,-314.003529762,0.0,180.0,-40.0,False,False,1.040019907,1.040019907
4162,1143,scene_3.1,scene_3.1_y04,4,8,36,98.577281641,14.133611744,-312.963509856,0.0,180.0,-40.0,False,False,1.040019907,1.040019907
4163,1144,scene_3.1,scene_3.1_y04,4,8,37,98.577281641,14.133611744,-311.923489949,0.0,180.0,-40.0,False,False,1.040019907,1.040019907
4164,1145,scene_3.1,scene_3.1_y04,4,8,38,98.577281641,14.133611744,-310.883470043,270.0,90.0,-40.0,False,False,1.040019907,1.196261079
4165,1146,scene_3.1,scene_3.1_y04,4,7,38,97.381020561,14.133611744,-310.883470043,180.0,0.0,-40.0,False,False,1.196261079,1.040019907
4166,1147,scene_3.1,scene_3.1_y04,4,7,37,97.381020561,14.133611744,-311.923489949,180.0,0.0,-40.0,False,False,1.040019907,1.040019907
4167,1148,scene_3.1,scene_3.1_y04,4,7,36,97.381020561,14.133611744,-312.963509856,180.0,0.0,-40.0,False,False,1.040019907,1.040019907
4168,1149,scene_3.1,scene_3.1_y04,4,7,35,97.381020561,14.133611744,-314.003529762,180.0,0.0,-40.0,False,False,1.040019907,1.040019907
4169,1150,scene_3.1,scene_3.1_y04,4,7,34,97.381020561,14.133611744,-315.043549669,180.0,0.0,-40.0,False,False,1.040019907,1.040019907
4170,1151,scene_3.1,scene_3.1_y04,4,7,33,97.381020561,14.133611744,-316.083569576,180.0,0.0,-40.0,False,False,1.040019907,1.040019907
4171,1152,scene_3.1,scene_3.1_y04,4,7,32,97.381020561,14.133611744,-317.123589482,180.0,0.0,-40.0,False,False,1.040019907,1.040019907
4172,1153,scene_3.1,scene_3.1_y04,4,7,31,97.381020561,14.133611744,-318.163609389,180.0,0.0,-40.0,False,False,1.040019907,1.040019907
4173,1154,scene_3.1,scene_3.1_y04,4,7,30,97.381020561,14.133611744,-319.203629296,180.0,0.0,-40.0,False,False,1.040019907,1.040019907
4174,1155,scene_3.1,scene_3.1_y04,4,7,29,97.381020561,14.133611744,-320.243649202,180.0,0.0,-40.0,False,False,1.040019907,1.040019907
4175,1156,scene_3.1,scene_3.1_y04,4,7,28,97.381020561,14.133611744,-321.283669109,180.0,0.0,-40.0,False,False,1.040019907,1.040019907
4176,1157,scene_3.1,scene_3.1_y04,4,7,27,97.381020561,14.133611744,-322.323689015,180.0,0.0,-40.0,False,False,1.040019907,1.040019907
4177,1158,scene_3.1,scene_3.1_y04,4,7,26,97.381020561,14.133611744,-323.363708922,180.0,0.0,-40.0,False,False,1.040019907,1.040019907
4178,1159,scene_3.1,scene_3.1_y04,4,7,25,97.381020561,14.133611744,-324.403728829,180.0,0.0,-40.0,False,False,1.040019907,1.040019907
4179,1160,scene_3.1,scene_3.1_y04,4,7,24,97.381020561,14.133611744,-325.443748735,180.0,0.0,-40.0,False,False,1.040019907,1.040019907
4180,1161,scene_3.1,scene_3.1_y04,4,7,23,97.381020561,14.133611744,-326.483768642,180.0,0.0,-40.0,False,False,1.040019907,1.040019907
4181,1162,scene_3.1,scene_3.1_y04,4,7,22,97.381020561,14.133611744,-327.523788548,180.0,0.0,-40.0,False,False,1.040019907,1.040019907
4182,1163,scene_3.1,scene_3.1_y04,4,7,21,97.381020561,14.133611744,-328.563808455,180.0,0.0,-40.0,False,False,1.040019907,1.040019907
4183,1164,scene_3.1,scene_3.1_y04,4,7,20,97.381020561,14.133611744,-329.603828362,180.0,0.0,-40.0,False,False,1.040019907,1.040019907
4184,1165,scene_3.1,scene_3.1_y04,4,7,19,97.381020561,14.133611744,-330.643848268,180.0,0.0,-40.0,False,False,1.040019907,1.040019907
4185,1166,scene_3.1,scene_3.1_y04,4,7,18,97.381020561,14.133611744,-331.683868175,180.0,0.0,-40.0,False,False,1.040019907,1.040019907
4186,1167,scene_3.1,scene_3.1_y04,4,7,17,97.381020561,14.133611744,-332.723888082,180.0,0.0,-40.0,False,False,1.040019907,1.040019907
4187,1168,scene_3.1,scene_3.1_y04,4,7,16,97.381020561,14.133611744,-333.763907988,180.0,0.0,-40.0,False,False,1.040019907,1.040019907
4188,1169,scene_3.1,scene_3.1_y04,4,7,15,97.381020561,14.133611744,-334.803927895,180.0,0.0,-40.0,False,False,1.040019907,1.040019907
4189,1170,scene_3.1,scene_3.1_y04,4,7,14,97.381020561,14.133611744,-335.843947801,180.0,0.0,-40.0,False,False,1.040019907,1.040019907
4190,1171,scene_3.1,scene_3.1_y04,4,7,13,97.381020561,14.133611744,-336.883967708,180.0,0.0,-40.0,False,False,1.040019907,1.040019907
4191,1172,scene_3.1,scene_3.1_y04,4,7,12,97.381020561,14.133611744,-337.923987615,180.0,0.0,-40.0,False,False,1.040019907,1.040019907
4192,1173,scene_3.1,scene_3.1_y04,4,7,11,97.381020561,14.133611744,-338.964007521,180.0,0.0,-40.0,False,False,1.040019907,1.040019907
4193,1174,scene_3.1,scene_3.1_y04,4,7,10,97.381020561,14.133611744,-340.004027428,180.0,0.0,-40.0,False,False,1.040019907,1.040019907
4194,1175,scene_3.1,scene_3.1_y04,4,7,9,97.381020561,14.133611744,-341.044047334,180.0,0.0,-40.0,False,False,1.040019907,1.040019907
4195,1176,scene_3.1,scene_3.1_y04,4,7,8,97.381020561,14.133611744,-342.084067241,180.0,0.0,-40.0,False,False,1.040019907,1.040019907
4196,1177,scene_3.1,scene_3.1_y04,4,7,7,97.381020561,14.133611744,-343.124087148,180.0,0.0,-40.0,False,False,1.040019907,1.040019907
4197,1178,scene_3.1,scene_3.1_y04,4,7,6,97.381020561,14.133611744,-344.164107054,180.0,0.0,-40.0,False,False,1.040019907,1.040019907
4198,1179,scene_3.1,scene_3.1_y04,4,7,5,97.381020561,14.133611744,-345.204126961,343.957026704,163.957026704,-40.0,False,False,1.040019907,1.442886885
4199,1180,scene_3.1,scene_3.1_y04,4,-1,-1,96.982266868,14.133611744,-343.817433752,343.957026704,163.957026704,-40.0,False,True,1.442886885,1.442886885
4200,1181,scene_3.1,scene_3.1_y04,4,-1,-1,96.583513175,14.133611744,-342.430740543,343.957026704,163.957026704,-40.0,False,True,1.442886885,1.442886885
4201,1182,scene_3.1,scene_3.1_y04,4,6,9,96.184759482,14.133611744,-341.044047334,0.0,180.0,-40.0,True,False,1.442886885,1.040019907
4202,1183,scene_3.1,scene_3.1_y04,4,6,10,96.184759482,14.133611744,-340.004027428,0.0,180.0,-40.0,False,False,1.040019907,1.040019907
4203,1184,scene_3.1,scene_3.1_y04,4,6,11,96.184759482,14.133611744,-338.964007521,0.0,180.0,-40.0,False,False,1.040019907,1.040019907
4204,1185,scene_3.1,scene_3.1_y04,4,6,12,96.184759482,14.133611744,-337.923987615,0.0,180.0,-40.0,True,False,1.040019907,1.040019907
4205,1186,scene_3.1,scene_3.1_y04,4,6,13,96.184759482,14.133611744,-336.883967708,0.0,180.0,-40.0,False,False,1.040019907,1.040019907
4206,1187,scene_3.1,scene_3.1_y04,4,6,14,96.184759482,14.133611744,-335.843947801,0.0,180.0,-40.0,False,False,1.040019907,1.040019907
4207,1188,scene_3.1,scene_3.1_y04,4,6,15,96.184759482,14.133611744,-334.803927895,0.0,180.0,-40.0,True,False,1.040019907,1.040019907
4208,1189,scene_3.1,scene_3.1_y04,4,6,16,96.184759482,14.133611744,-333.763907988,0.0,180.0,-40.0,False,False,1.040019907,1.040019907
4209,1190,scene_3.1,scene_3.1_y04,4,6,17,96.184759482,14.133611744,-332.723888082,0.0,180.0,-40.0,False,False,1.040019907,1.040019907
4210,1191,scene_3.1,scene_3.1_y04,4,6,18,96.184759482,14.133611744,-331.683868175,0.0,180.0,-40.0,True,False,1.040019907,1.040019907
4211,1192,scene_3.1,scene_3.1_y04,4,6,19,96.184759482,14.133611744,-330.643848268,0.0,180.0,-40.0,False,False,1.040019907,1.040019907
4212,1193,scene_3.1,scene_3.1_y04,4,6,20,96.184759482,14.133611744,-329.603828362,0.0,180.0,-40.0,False,False,1.040019907,1.040019907
4213,1194,scene_3.1,scene_3.1_y04,4,6,21,96.184759482,14.133611744,-328.563808455,0.0,180.0,-40.0,True,False,1.040019907,1.040019907
4214,1195,scene_3.1,scene_3.1_y04,4,6,22,96.184759482,14.133611744,-327.523788548,0.0,180.0,-40.0,False,False,1.040019907,1.040019907
4215,1196,scene_3.1,scene_3.1_y04,4,6,23,96.184759482,14.133611744,-326.483768642,0.0,180.0,-40.0,False,False,1.040019907,1.040019907
4216,1197,scene_3.1,scene_3.1_y04,4,6,24,96.184759482,14.133611744,-325.443748735,0.0,180.0,-40.0,True,False,1.040019907,1.040019907
4217,1198,scene_3.1,scene_3.1_y04,4,6,25,96.184759482,14.133611744,-324.403728829,0.0,180.0,-40.0,False,False,1.040019907,1.040019907
4218,1199,scene_3.1,scene_3.1_y04,4,6,26,96.184759482,14.133611744,-323.363708922,0.0,180.0,-40.0,False,False,1.040019907,1.040019907
4219,1200,scene_3.1,scene_3.1_y04,4,6,27,96.184759482,14.133611744,-322.323689015,0.0,180.0,-40.0,True,False,1.040019907,1.040019907
4220,1201,scene_3.1,scene_3.1_y04,4,6,28,96.184759482,14.133611744,-321.283669109,0.0,180.0,-40.0,False,False,1.040019907,1.040019907
4221,1202,scene_3.1,scene_3.1_y04,4,6,29,96.184759482,14.133611744,-320.243649202,0.0,180.0,-40.0,False,False,1.040019907,1.040019907
4222,1203,scene_3.1,scene_3.1_y04,4,6,30,96.184759482,14.133611744,-319.203629296,0.0,180.0,-40.0,True,False,1.040019907,1.040019907
4223,1204,scene_3.1,scene_3.1_y04,4,6,31,96.184759482,14.133611744,-318.163609389,0.0,180.0,-40.0,False,False,1.040019907,1.040019907
4224,1205,scene_3.1,scene_3.1_y04,4,6,32,96.184759482,14.133611744,-317.123589482,0.0,180.0,-40.0,False,False,1.040019907,1.040019907
4225,1206,scene_3.1,scene_3.1_y04,4,6,33,96.184759482,14.133611744,-316.083569576,0.0,180.0,-40.0,True,False,1.040019907,1.040019907
4226,1207,scene_3.1,scene_3.1_y04,4,6,34,96.184759482,14.133611744,-315.043549669,0.0,180.0,-40.0,False,False,1.040019907,1.040019907
4227,1208,scene_3.1,scene_3.1_y04,4,6,35,96.184759482,14.133611744,-314.003529762,0.0,180.0,-40.0,False,False,1.040019907,1.040019907
4228,1209,scene_3.1,scene_3.1_y04,4,6,36,96.184759482,14.133611744,-312.963509856,0.0,180.0,-40.0,True,False,1.040019907,1.040019907
4229,1210,scene_3.1,scene_3.1_y04,4,6,37,96.184759482,14.133611744,-311.923489949,0.0,180.0,-40.0,False,False,1.040019907,1.040019907
4230,1211,scene_3.1,scene_3.1_y04,4,6,38,96.184759482,14.133611744,-310.883470043,270.0,90.0,-40.0,False,False,1.040019907,1.196261079
4231,1212,scene_3.1,scene_3.1_y04,4,5,38,94.988498403,14.133611744,-310.883470043,180.0,0.0,-40.0,False,False,1.196261079,1.040019907
4232,1213,scene_3.1,scene_3.1_y04,4,5,37,94.988498403,14.133611744,-311.923489949,180.0,0.0,-40.0,False,False,1.040019907,1.040019907
4233,1214,scene_3.1,scene_3.1_y04,4,5,36,94.988498403,14.133611744,-312.963509856,180.0,0.0,-40.0,False,False,1.040019907,1.040019907
4234,1215,scene_3.1,scene_3.1_y04,4,5,35,94.988498403,14.133611744,-314.003529762,180.0,0.0,-40.0,False,False,1.040019907,1.040019907
4235,1216,scene_3.1,scene_3.1_y04,4,5,34,94.988498403,14.133611744,-315.043549669,180.0,0.0,-40.0,False,False,1.040019907,1.040019907
4236,1217,scene_3.1,scene_3.1_y04,4,5,33,94.988498403,14.133611744,-316.083569576,180.0,0.0,-40.0,False,False,1.040019907,1.040019907
4237,1218,scene_3.1,scene_3.1_y04,4,5,32,94.988498403,14.133611744,-317.123589482,180.0,0.0,-40.0,False,False,1.040019907,1.040019907
4238,1219,scene_3.1,scene_3.1_y04,4,5,31,94.988498403,14.133611744,-318.163609389,180.0,0.0,-40.0,False,False,1.040019907,1.040019907
4239,1220,scene_3.1,scene_3.1_y04,4,5,30,94.988498403,14.133611744,-319.203629296,180.0,0.0,-40.0,False,False,1.040019907,1.040019907
4240,1221,scene_3.1,scene_3.1_y04,4,5,29,94.988498403,14.133611744,-320.243649202,180.0,0.0,-40.0,False,False,1.040019907,1.040019907
4241,1222,scene_3.1,scene_3.1_y04,4,5,28,94.988498403,14.133611744,-321.283669109,180.0,0.0,-40.0,False,False,1.040019907,1.040019907
4242,1223,scene_3.1,scene_3.1_y04,4,5,27,94.988498403,14.133611744,-322.323689015,180.0,0.0,-40.0,False,False,1.040019907,1.040019907
4243,1224,scene_3.1,scene_3.1_y04,4,5,26,94.988498403,14.133611744,-323.363708922,180.0,0.0,-40.0,False,False,1.040019907,1.040019907
4244,1225,scene_3.1,scene_3.1_y04,4,5,25,94.988498403,14.133611744,-324.403728829,180.0,0.0,-40.0,False,False,1.040019907,1.040019907
4245,1226,scene_3.1,scene_3.1_y04,4,5,24,94.988498403,14.133611744,-325.443748735,180.0,0.0,-40.0,False,False,1.040019907,1.040019907
4246,1227,scene_3.1,scene_3.1_y04,4,5,23,94.988498403,14.133611744,-326.483768642,180.0,0.0,-40.0,False,False,1.040019907,1.040019907
4247,1228,scene_3.1,scene_3.1_y04,4,5,22,94.988498403,14.133611744,-327.523788548,180.0,0.0,-40.0,False,False,1.040019907,1.040019907
4248,1229,scene_3.1,scene_3.1_y04,4,5,21,94.988498403,14.133611744,-328.563808455,180.0,0.0,-40.0,False,False,1.040019907,1.040019907
4249,1230,scene_3.1,scene_3.1_y04,4,5,20,94.988498403,14.133611744,-329.603828362,180.0,0.0,-40.0,False,False,1.040019907,1.040019907
4250,1231,scene_3.1,scene_3.1_y04,4,5,19,94.988498403,14.133611744,-330.643848268,180.0,0.0,-40.0,False,False,1.040019907,1.040019907
4251,1232,scene_3.1,scene_3.1_y04,4,5,18,94.988498403,14.133611744,-331.683868175,180.0,0.0,-40.0,False,False,1.040019907,1.040019907
4252,1233,scene_3.1,scene_3.1_y04,4,5,17,94.988498403,14.133611744,-332.723888082,180.0,0.0,-40.0,False,False,1.040019907,1.040019907
4253,1234,scene_3.1,scene_3.1_y04,4,5,16,94.988498403,14.133611744,-333.763907988,180.0,0.0,-40.0,False,False,1.040019907,1.040019907
4254,1235,scene_3.1,scene_3.1_y04,4,5,15,94.988498403,14.133611744,-334.803927895,180.0,0.0,-40.0,False,False,1.040019907,1.040019907
4255,1236,scene_3.1,scene_3.1_y04,4,5,14,94.988498403,14.133611744,-335.843947801,343.957026704,163.957026704,-40.0,False,False,1.040019907,1.442886885
4256,1237,scene_3.1,scene_3.1_y04,4,-1,-1,94.58974471,14.133611744,-334.457254593,343.957026704,163.957026704,-40.0,False,True,1.442886885,1.442886885
4257,1238,scene_3.1,scene_3.1_y04,4,-1,-1,94.190991017,14.133611744,-333.070561384,343.957026704,163.957026704,-40.0,False,True,1.442886885,1.442886885
4258,1239,scene_3.1,scene_3.1_y04,4,4,18,93.792237324,14.133611744,-331.683868175,0.0,180.0,-40.0,False,False,1.442886885,1.040019907
4259,1240,scene_3.1,scene_3.1_y04,4,4,19,93.792237324,14.133611744,-330.643848268,0.0,180.0,-40.0,False,False,1.040019907,1.040019907
4260,1241,scene_3.1,scene_3.1_y04,4,4,20,93.792237324,14.133611744,-329.603828362,0.0,180.0,-40.0,False,False,1.040019907,1.040019907
4261,1242,scene_3.1,scene_3.1_y04,4,4,21,93.792237324,14.133611744,-328.563808455,0.0,180.0,-40.0,False,False,1.040019907,1.040019907
4262,1243,scene_3.1,scene_3.1_y04,4,4,22,93.792237324,14.133611744,-327.523788548,0.0,180.0,-40.0,False,False,1.040019907,1.040019907
4263,1244,scene_3.1,scene_3.1_y04,4,4,23,93.792237324,14.133611744,-326.483768642,0.0,180.0,-40.0,False,False,1.040019907,1.040019907
4264,1245,scene_3.1,scene_3.1_y04,4,4,24,93.792237324,14.133611744,-325.443748735,0.0,180.0,-40.0,False,False,1.040019907,1.040019907
4265,1246,scene_3.1,scene_3.1_y04,4,4,25,93.792237324,14.133611744,-324.403728829,0.0,180.0,-40.0,False,False,1.040019907,1.040019907
4266,1247,scene_3.1,scene_3.1_y04,4,4,26,93.792237324,14.133611744,-323.363708922,0.0,180.0,-40.0,False,False,1.040019907,1.040019907
4267,1248,scene_3.1,scene_3.1_y04,4,4,27,93.792237324,14.133611744,-322.323689015,0.0,180.0,-40.0,False,False,1.040019907,1.040019907
4268,1249,scene_3.1,scene_3.1_y04,4,4,28,93.792237324,14.133611744,-321.283669109,0.0,180.0,-40.0,False,False,1.040019907,1.040019907
4269,1250,scene_3.1,scene_3.1_y04,4,4,29,93.792237324,14.133611744,-320.243649202,0.0,180.0,-40.0,False,False,1.040019907,1.040019907
4270,1251,scene_3.1,scene_3.1_y04,4,4,30,93.792237324,14.133611744,-319.203629296,0.0,180.0,-40.0,False,False,1.040019907,1.040019907
4271,1252,scene_3.1,scene_3.1_y04,4,4,31,93.792237324,14.133611744,-318.163609389,0.0,180.0,-40.0,False,False,1.040019907,1.040019907
4272,1253,scene_3.1,scene_3.1_y04,4,4,32,93.792237324,14.133611744,-317.123589482,0.0,180.0,-40.0,False,False,1.040019907,1.040019907
4273,1254,scene_3.1,scene_3.1_y04,4,4,33,93.792237324,14.133611744,-316.083569576,0.0,180.0,-40.0,False,False,1.040019907,1.040019907
4274,1255,scene_3.1,scene_3.1_y04,4,4,34,93.792237324,14.133611744,-315.043549669,0.0,180.0,-40.0,False,False,1.040019907,1.040019907
4275,1256,scene_3.1,scene_3.1_y04,4,4,35,93.792237324,14.133611744,-314.003529762,0.0,180.0,-40.0,False,False,1.040019907,1.040019907
4276,1257,scene_3.1,scene_3.1_y04,4,4,36,93.792237324,14.133611744,-312.963509856,0.0,180.0,-40.0,False,False,1.040019907,1.040019907
4277,1258,scene_3.1,scene_3.1_y04,4,4,37,93.792237324,14.133611744,-311.923489949,0.0,180.0,-40.0,False,False,1.040019907,1.040019907
4278,1259,scene_3.1,scene_3.1_y04,4,4,38,93.792237324,14.133611744,-310.883470043,270.0,90.0,-40.0,False,False,1.040019907,1.196261079
4279,1260,scene_3.1,scene_3.1_y04,4,3,38,92.595976245,14.133611744,-310.883470043,180.0,0.0,-40.0,False,False,1.196261079,1.040019907
4280,1261,scene_3.1,scene_3.1_y04,4,3,37,92.595976245,14.133611744,-311.923489949,180.0,0.0,-40.0,False,False,1.040019907,1.040019907
4281,1262,scene_3.1,scene_3.1_y04,4,3,36,92.595976245,14.133611744,-312.963509856,180.0,0.0,-40.0,True,False,1.040019907,1.040019907
4282,1263,scene_3.1,scene_3.1_y04,4,3,35,92.595976245,14.133611744,-314.003529762,180.0,0.0,-40.0,False,False,1.040019907,1.040019907
4283,1264,scene_3.1,scene_3.1_y04,4,3,34,92.595976245,14.133611744,-315.043549669,180.0,0.0,-40.0,False,False,1.040019907,1.040019907
4284,1265,scene_3.1,scene_3.1_y04,4,3,33,92.595976245,14.133611744,-316.083569576,180.0,0.0,-40.0,True,False,1.040019907,1.040019907
4285,1266,scene_3.1,scene_3.1_y04,4,3,32,92.595976245,14.133611744,-317.123589482,180.0,0.0,-40.0,False,False,1.040019907,1.040019907
4286,1267,scene_3.1,scene_3.1_y04,4,3,31,92.595976245,14.133611744,-318.163609389,180.0,0.0,-40.0,False,False,1.040019907,1.040019907
4287,1268,scene_3.1,scene_3.1_y04,4,3,30,92.595976245,14.133611744,-319.203629296,180.0,0.0,-40.0,True,False,1.040019907,1.040019907
4288,1269,scene_3.1,scene_3.1_y04,4,3,29,92.595976245,14.133611744,-320.243649202,180.0,0.0,-40.0,False,False,1.040019907,1.040019907
4289,1270,scene_3.1,scene_3.1_y04,4,3,28,92.595976245,14.133611744,-321.283669109,180.0,0.0,-40.0,False,False,1.040019907,1.040019907
4290,1271,scene_3.1,scene_3.1_y04,4,3,27,92.595976245,14.133611744,-322.323689015,180.0,0.0,-40.0,True,False,1.040019907,1.040019907
4291,1272,scene_3.1,scene_3.1_y04,4,3,26,92.595976245,14.133611744,-323.363708922,180.0,0.0,-40.0,False,False,1.040019907,1.040019907
4292,1273,scene_3.1,scene_3.1_y04,4,3,25,92.595976245,14.133611744,-324.403728829,180.0,0.0,-40.0,False,False,1.040019907,1.040019907
4293,1274,scene_3.1,scene_3.1_y04,4,3,24,92.595976245,14.133611744,-325.443748735,180.0,0.0,-40.0,True,False,1.040019907,1.040019907
4294,1275,scene_3.1,scene_3.1_y04,4,3,23,92.595976245,14.133611744,-326.483768642,180.0,0.0,-40.0,False,False,1.040019907,1.040019907
4295,1276,scene_3.1,scene_3.1_y04,4,3,22,92.595976245,14.133611744,-327.523788548,347.044742977,167.044742977,-40.0,False,False,1.040019907,1.778641046
4296,1277,scene_3.1,scene_3.1_y04,4,-1,-1,92.197222552,14.133611744,-325.790422037,347.044742977,167.044742977,-40.0,False,True,1.778641046,1.778641046
4297,1278,scene_3.1,scene_3.1_y04,4,-1,-1,91.798468858,14.133611744,-324.057055526,347.044742977,167.044742977,-40.0,False,True,1.778641046,1.778641046
4298,1279,scene_3.1,scene_3.1_y04,4,2,27,91.399715165,14.133611744,-322.323689015,0.0,180.0,-40.0,False,False,1.778641046,1.040019907
4299,1280,scene_3.1,scene_3.1_y04,4,2,28,91.399715165,14.133611744,-321.283669109,0.0,180.0,-40.0,False,False,1.040019907,1.040019907
4300,1281,scene_3.1,scene_3.1_y04,4,2,29,91.399715165,14.133611744,-320.243649202,0.0,180.0,-40.0,False,False,1.040019907,1.040019907
4301,1282,scene_3.1,scene_3.1_y04,4,2,30,91.399715165,14.133611744,-319.203629296,0.0,180.0,-40.0,False,False,1.040019907,1.040019907
4302,1283,scene_3.1,scene_3.1_y04,4,2,31,91.399715165,14.133611744,-318.163609389,0.0,180.0,-40.0,False,False,1.040019907,1.040019907
4303,1284,scene_3.1,scene_3.1_y04,4,2,32,91.399715165,14.133611744,-317.123589482,0.0,180.0,-40.0,False,False,1.040019907,1.040019907
4304,1285,scene_3.1,scene_3.1_y04,4,2,33,91.399715165,14.133611744,-316.083569576,0.0,180.0,-40.0,False,False,1.040019907,1.040019907
4305,1286,scene_3.1,scene_3.1_y04,4,2,34,91.399715165,14.133611744,-315.043549669,0.0,180.0,-40.0,False,False,1.040019907,1.040019907
4306,1287,scene_3.1,scene_3.1_y04,4,2,35,91.399715165,14.133611744,-314.003529762,0.0,180.0,-40.0,False,False,1.040019907,1.040019907
4307,1288,scene_3.1,scene_3.1_y04,4,2,36,91.399715165,14.133611744,-312.963509856,0.0,180.0,-40.0,False,False,1.040019907,1.040019907
4308,1289,scene_3.1,scene_3.1_y04,4,2,37,91.399715165,14.133611744,-311.923489949,0.0,180.0,-40.0,False,False,1.040019907,1.040019907
4309,1290,scene_3.1,scene_3.1_y04,4,2,38,91.399715165,14.133611744,-310.883470043,270.0,90.0,-40.0,False,False,1.040019907,1.196261079
4310,1291,scene_3.1,scene_3.1_y04,4,1,38,90.203454086,14.133611744,-310.883470043,180.0,0.0,-40.0,False,False,1.196261079,1.040019907
4311,1292,scene_3.1,scene_3.1_y04,4,1,37,90.203454086,14.133611744,-311.923489949,180.0,0.0,-40.0,False,False,1.040019907,1.040019907
4312,1293,scene_3.1,scene_3.1_y04,4,1,36,90.203454086,14.133611744,-312.963509856,180.0,0.0,-40.0,False,False,1.040019907,1.040019907
4313,1294,scene_3.1,scene_3.1_y04,4,1,35,90.203454086,14.133611744,-314.003529762,180.0,0.0,-40.0,False,False,1.040019907,1.040019907
4314,1295,scene_3.1,scene_3.1_y04,4,1,34,90.203454086,14.133611744,-315.043549669,180.0,0.0,-40.0,False,False,1.040019907,1.040019907
4315,1296,scene_3.1,scene_3.1_y04,4,1,33,90.203454086,14.133611744,-316.083569576,180.0,0.0,-40.0,False,False,1.040019907,1.040019907
4316,1297,scene_3.1,scene_3.1_y04,4,1,32,90.203454086,14.133611744,-317.123589482,347.044742977,167.044742977,-40.0,False,False,1.040019907,1.778641046
4317,1298,scene_3.1,scene_3.1_y04,4,-1,-1,89.804700393,14.133611744,-315.390222971,347.044742977,167.044742977,-40.0,False,True,1.778641046,1.778641046
4318,1299,scene_3.1,scene_3.1_y04,4,-1,-1,89.4059467,14.133611744,-313.65685646,347.044742977,167.044742977,-40.0,False,True,1.778641046,1.778641046
4319,1300,scene_3.1,scene_3.1_y04,4,0,37,89.007193007,14.133611744,-311.923489949,0.0,180.0,-40.0,False,False,1.778641046,1.040019907
4320,1301,scene_3.1,scene_3.1_y04,4,0,38,89.007193007,14.133611744,-310.883470043,0.0,180.0,-40.0,False,False,1.040019907,0.0
4321,1,scene_3.1,scene_3.1_y05,5,2,28,91.399715165,17.570264417,-321.283669109,180.0,0.0,-55.0,False,False,11.211551386,1.040019907
4322,2,scene_3.1,scene_3.1_y05,5,2,27,91.399715165,17.570264417,-322.323689015,180.0,0.0,-55.0,False,False,1.040019907,1.040019907
4323,3,scene_3.1,scene_3.1_y05,5,2,26,91.399715165,17.570264417,-323.363708922,163.957026704,343.957026704,-55.0,False,False,1.040019907,1.442886885
4324,4,scene_3.1,scene_3.1_y05,5,-1,-1,91.798468858,17.570264417,-324.750402131,163.957026704,343.957026704,-55.0,False,True,1.442886885,1.442886885
4325,5,scene_3.1,scene_3.1_y05,5,-1,-1,92.197222552,17.570264417,-326.13709534,163.957026704,343.957026704,-55.0,False,True,1.442886885,1.442886885
4326,6,scene_3.1,scene_3.1_y05,5,3,22,92.595976245,17.570264417,-327.523788548,0.0,180.0,-55.0,False,False,1.442886885,1.040019907
4327,7,scene_3.1,scene_3.1_y05,5,3,23,92.595976245,17.570264417,-326.483768642,0.0,180.0,-55.0,False,False,1.040019907,1.040019907
4328,8,scene_3.1,scene_3.1_y05,5,3,24,92.595976245,17.570264417,-325.443748735,0.0,180.0,-55.0,True,False,1.040019907,1.040019907
4329,9,scene_3.1,scene_3.1_y05,5,3,25,92.595976245,17.570264417,-324.403728829,0.0,180.0,-55.0,False,False,1.040019907,1.040019907
4330,10,scene_3.1,scene_3.1_y05,5,3,26,92.595976245,17.570264417,-323.363708922,0.0,180.0,-55.0,False,False,1.040019907,1.040019907
4331,11,scene_3.1,scene_3.1_y05,5,3,27,92.595976245,17.570264417,-322.323689015,90.0,270.0,-55.0,True,False,1.040019907,1.196261079
4332,12,scene_3.1,scene_3.1_y05,5,4,27,93.792237324,17.570264417,-322.323689015,180.0,0.0,-55.0,False,False,1.196261079,1.040019907
4333,13,scene_3.1,scene_3.1_y05,5,4,26,93.792237324,17.570264417,-323.363708922,180.0,0.0,-55.0,False,False,1.040019907,1.040019907
4334,14,scene_3.1,scene_3.1_y05,5,4,25,93.792237324,17.570264417,-324.403728829,180.0,0.0,-55.0,False,False,1.040019907,1.040019907
4335,15,scene_3.1,scene_3.1_y05,5,4,24,93.792237324,17.570264417,-325.443748735,180.0,0.0,-55.0,False,False,1.040019907,1.040019907
4336,16,scene_3.1,scene_3.1_y05,5,4,23,93.792237324,17.570264417,-326.483768642,180.0,0.0,-55.0,False,False,1.040019907,1.040019907
4337,17,scene_3.1,scene_3.1_y05,5,4,22,93.792237324,17.570264417,-327.523788548,180.0,0.0,-55.0,False,False,1.040019907,1.040019907
4338,18,scene_3.1,scene_3.1_y05,5,4,21,93.792237324,17.570264417,-328.563808455,180.0,0.0,-55.0,False,False,1.040019907,1.040019907
4339,19,scene_3.1,scene_3.1_y05,5,4,20,93.792237324,17.570264417,-329.603828362,180.0,0.0,-55.0,False,False,1.040019907,1.040019907
4340,20,scene_3.1,scene_3.1_y05,5,4,19,93.792237324,17.570264417,-330.643848268,180.0,0.0,-55.0,False,False,1.040019907,1.040019907
4341,21,scene_3.1,scene_3.1_y05,5,4,18,93.792237324,17.570264417,-331.683868175,163.957026704,343.957026704,-55.0,False,False,1.040019907,1.442886885
4342,22,scene_3.1,scene_3.1_y05,5,-1,-1,94.190991017,17.570264417,-333.070561384,163.957026704,343.957026704,-55.0,False,True,1.442886885,1.442886885
4343,23,scene_3.1,scene_3.1_y05,5,-1,-1,94.58974471,17.570264417,-334.457254593,163.957026704,343.957026704,-55.0,False,True,1.442886885,1.442886885
4344,24,scene_3.1,scene_3.1_y05,5,5,14,94.988498403,17.570264417,-335.843947801,0.0,180.0,-55.0,False,False,1.442886885,1.040019907
4345,25,scene_3.1,scene_3.1_y05,5,5,15,94.988498403,17.570264417,-334.803927895,0.0,180.0,-55.0,False,False,1.040019907,1.040019907
4346,26,scene_3.1,scene_3.1_y05,5,5,16,94.988498403,17.570264417,-333.763907988,0.0,180.0,-55.0,False,False,1.040019907,1.040019907
4347,27,scene_3.1,scene_3.1_y05,5,5,17,94.988498403,17.570264417,-332.723888082,0.0,180.0,-55.0,False,False,1.040019907,1.040019907
4348,28,scene_3.1,scene_3.1_y05,5,5,18,94.988498403,17.570264417,-331.683868175,0.0,180.0,-55.0,False,False,1.040019907,1.040019907
4349,29,scene_3.1,scene_3.1_y05,5,5,19,94.988498403,17.570264417,-330.643848268,0.0,180.0,-55.0,False,False,1.040019907,1.040019907
4350,30,scene_3.1,scene_3.1_y05,5,5,20,94.988498403,17.570264417,-329.603828362,0.0,180.0,-55.0,False,False,1.040019907,1.040019907
4351,31,scene_3.1,scene_3.1_y05,5,5,21,94.988498403,17.570264417,-328.563808455,0.0,180.0,-55.0,False,False,1.040019907,1.040019907
4352,32,scene_3.1,scene_3.1_y05,5,5,22,94.988498403,17.570264417,-327.523788548,0.0,180.0,-55.0,False,False,1.040019907,1.040019907
4353,33,scene_3.1,scene_3.1_y05,5,5,23,94.988498403,17.570264417,-326.483768642,0.0,180.0,-55.0,False,False,1.040019907,1.040019907
4354,34,scene_3.1,scene_3.1_y05,5,5,24,94.988498403,17.570264417,-325.443748735,0.0,180.0,-55.0,False,False,1.040019907,1.040019907
4355,35,scene_3.1,scene_3.1_y05,5,5,25,94.988498403,17.570264417,-324.403728829,0.0,180.0,-55.0,False,False,1.040019907,1.040019907
4356,36,scene_3.1,scene_3.1_y05,5,5,26,94.988498403,17.570264417,-323.363708922,0.0,180.0,-55.0,False,False,1.040019907,1.040019907
4357,37,scene_3.1,scene_3.1_y05,5,5,27,94.988498403,17.570264417,-322.323689015,90.0,270.0,-55.0,False,False,1.040019907,1.196261079
4358,38,scene_3.1,scene_3.1_y05,5,6,27,96.184759482,17.570264417,-322.323689015,180.0,0.0,-55.0,True,False,1.196261079,1.040019907
4359,39,scene_3.1,scene_3.1_y05,5,6,26,96.184759482,17.570264417,-323.363708922,180.0,0.0,-55.0,False,False,1.040019907,1.040019907
4360,40,scene_3.1,scene_3.1_y05,5,6,25,96.184759482,17.570264417,-324.403728829,180.0,0.0,-55.0,False,False,1.040019907,1.040019907
4361,41,scene_3.1,scene_3.1_y05,5,6,24,96.184759482,17.570264417,-325.443748735,180.0,0.0,-55.0,True,False,1.040019907,1.040019907
4362,42,scene_3.1,scene_3.1_y05,5,6,23,96.184759482,17.570264417,-326.483768642,180.0,0.0,-55.0,False,False,1.040019907,1.040019907
4363,43,scene_3.1,scene_3.1_y05,5,6,22,96.184759482,17.570264417,-327.523788548,180.0,0.0,-55.0,False,False,1.040019907,1.040019907
4364,44,scene_3.1,scene_3.1_y05,5,6,21,96.184759482,17.570264417,-328.563808455,180.0,0.0,-55.0,True,False,1.040019907,1.040019907
4365,45,scene_3.1,scene_3.1_y05,5,6,20,96.184759482,17.570264417,-329.603828362,180.0,0.0,-55.0,False,False,1.040019907,1.040019907
4366,46,scene_3.1,scene_3.1_y05,5,6,19,96.184759482,17.570264417,-330.643848268,180.0,0.0,-55.0,False,False,1.040019907,1.040019907
4367,47,scene_3.1,scene_3.1_y05,5,6,18,96.184759482,17.570264417,-331.683868175,180.0,0.0,-55.0,True,False,1.040019907,1.040019907
4368,48,scene_3.1,scene_3.1_y05,5,6,17,96.184759482,17.570264417,-332.723888082,180.0,0.0,-55.0,False,False,1.040019907,1.040019907
4369,49,scene_3.1,scene_3.1_y05,5,6,16,96.184759482,17.570264417,-333.763907988,180.0,0.0,-55.0,False,False,1.040019907,1.040019907
4370,50,scene_3.1,scene_3.1_y05,5,6,15,96.184759482,17.570264417,-334.803927895,180.0,0.0,-55.0,True,False,1.040019907,1.040019907
4371,51,scene_3.1,scene_3.1_y05,5,6,14,96.184759482,17.570264417,-335.843947801,180.0,0.0,-55.0,False,False,1.040019907,1.040019907
4372,52,scene_3.1,scene_3.1_y05,5,6,13,96.184759482,17.570264417,-336.883967708,180.0,0.0,-55.0,False,False,1.040019907,1.040019907
4373,53,scene_3.1,scene_3.1_y05,5,6,12,96.184759482,17.570264417,-337.923987615,180.0,0.0,-55.0,True,False,1.040019907,1.040019907
4374,54,scene_3.1,scene_3.1_y05,5,6,11,96.184759482,17.570264417,-338.964007521,180.0,0.0,-55.0,False,False,1.040019907,1.040019907
4375,55,scene_3.1,scene_3.1_y05,5,6,10,96.184759482,17.570264417,-340.004027428,180.0,0.0,-55.0,False,False,1.040019907,1.040019907
4376,56,scene_3.1,scene_3.1_y05,5,6,9,96.184759482,17.570264417,-341.044047334,163.957026704,343.957026704,-55.0,True,False,1.040019907,1.442886885
4377,57,scene_3.1,scene_3.1_y05,5,-1,-1,96.583513175,17.570264417,-342.430740543,163.957026704,343.957026704,-55.0,False,True,1.442886885,1.442886885
4378,58,scene_3.1,scene_3.1_y05,5,-1,-1,96.982266868,17.570264417,-343.817433752,163.957026704,343.957026704,-55.0,False,True,1.442886885,1.442886885
4379,59,scene_3.1,scene_3.1_y05,5,7,5,97.381020561,17.570264417,-345.204126961,0.0,180.0,-55.0,False,False,1.442886885,1.040019907
4380,60,scene_3.1,scene_3.1_y05,5,7,6,97.381020561,17.570264417,-344.164107054,0.0,180.0,-55.0,False,False,1.040019907,1.040019907
4381,61,scene_3.1,scene_3.1_y05,5,7,7,97.381020561,17.570264417,-343.124087148,0.0,180.0,-55.0,False,False,1.040019907,1.040019907
4382,62,scene_3.1,scene_3.1_y05,5,7,8,97.381020561,17.570264417,-342.084067241,0.0,180.0,-55.0,False,False,1.040019907,1.040019907
4383,63,scene_3.1,scene_3.1_y05,5,7,9,97.381020561,17.570264417,-341.044047334,0.0,180.0,-55.0,False,False,1.040019907,1.040019907
4384,64,scene_3.1,scene_3.1_y05,5,7,10,97.381020561,17.570264417,-340.004027428,0.0,180.0,-55.0,False,False,1.040019907,1.040019907
4385,65,scene_3.1,scene_3.1_y05,5,7,11,97.381020561,17.570264417,-338.964007521,0.0,180.0,-55.0,False,False,1.040019907,1.040019907
4386,66,scene_3.1,scene_3.1_y05,5,7,12,97.381020561,17.570264417,-337.923987615,0.0,180.0,-55.0,False,False,1.040019907,1.040019907
4387,67,scene_3.1,scene_3.1_y05,5,7,13,97.381020561,17.570264417,-336.883967708,0.0,180.0,-55.0,False,False,1.040019907,1.040019907
4388,68,scene_3.1,scene_3.1_y05,5,7,14,97.381020561,17.570264417,-335.843947801,0.0,180.0,-55.0,False,False,1.040019907,1.040019907
4389,69,scene_3.1,scene_3.1_y05,5,7,15,97.381020561,17.570264417,-334.803927895,0.0,180.0,-55.0,False,False,1.040019907,1.040019907
4390,70,scene_3.1,scene_3.1_y05,5,7,16,97.381020561,17.570264417,-333.763907988,0.0,180.0,-55.0,False,False,1.040019907,1.040019907
4391,71,scene_3.1,scene_3.1_y05,5,7,17,97.381020561,17.570264417,-332.723888082,0.0,180.0,-55.0,False,False,1.040019907,1.040019907
4392,72,scene_3.1,scene_3.1_y05,5,7,18,97.381020561,17.570264417,-331.683868175,0.0,180.0,-55.0,False,False,1.040019907,1.040019907
4393,73,scene_3.1,scene_3.1_y05,5,7,19,97.381020561,17.570264417,-330.643848268,0.0,180.0,-55.0,False,False,1.040019907,1.040019907
4394,74,scene_3.1,scene_3.1_y05,5,7,20,97.381020561,17.570264417,-329.603828362,0.0,180.0,-55.0,False,False,1.040019907,1.040019907
4395,75,scene_3.1,scene_3.1_y05,5,7,21,97.381020561,17.570264417,-328.563808455,0.0,180.0,-55.0,False,False,1.040019907,1.040019907
4396,76,scene_3.1,scene_3.1_y05,5,7,22,97.381020561,17.570264417,-327.523788548,0.0,180.0,-55.0,False,False,1.040019907,1.040019907
4397,77,scene_3.1,scene_3.1_y05,5,7,23,97.381020561,17.570264417,-326.483768642,0.0,180.0,-55.0,False,False,1.040019907,1.040019907
4398,78,scene_3.1,scene_3.1_y05,5,7,24,97.381020561,17.570264417,-325.443748735,0.0,180.0,-55.0,False,False,1.040019907,1.040019907
4399,79,scene_3.1,scene_3.1_y05,5,7,25,97.381020561,17.570264417,-324.403728829,0.0,180.0,-55.0,False,False,1.040019907,1.040019907
4400,80,scene_3.1,scene_3.1_y05,5,7,26,97.381020561,17.570264417,-323.363708922,0.0,180.0,-55.0,False,False,1.040019907,1.040019907
4401,81,scene_3.1,scene_3.1_y05,5,7,27,97.381020561,17.570264417,-322.323689015,90.0,270.0,-55.0,False,False,1.040019907,1.196261079
4402,82,scene_3.1,scene_3.1_y05,5,8,27,98.577281641,17.570264417,-322.323689015,180.0,0.0,-55.0,False,False,1.196261079,1.040019907
4403,83,scene_3.1,scene_3.1_y05,5,8,26,98.577281641,17.570264417,-323.363708922,180.0,0.0,-55.0,False,False,1.040019907,1.040019907
4404,84,scene_3.1,scene_3.1_y05,5,8,25,98.577281641,17.570264417,-324.403728829,180.0,0.0,-55.0,False,False,1.040019907,1.040019907
4405,85,scene_3.1,scene_3.1_y05,5,8,24,98.577281641,17.570264417,-325.443748735,180.0,0.0,-55.0,False,False,1.040019907,1.040019907
4406,86,scene_3.1,scene_3.1_y05,5,8,23,98.577281641,17.570264417,-326.483768642,180.0,0.0,-55.0,False,False,1.040019907,1.040019907
4407,87,scene_3.1,scene_3.1_y05,5,8,22,98.577281641,17.570264417,-327.523788548,180.0,0.0,-55.0,False,False,1.040019907,1.040019907
4408,88,scene_3.1,scene_3.1_y05,5,8,21,98.577281641,17.570264417,-328.563808455,180.0,0.0,-55.0,False,False,1.040019907,1.040019907
4409,89,scene_3.1,scene_3.1_y05,5,8,20,98.577281641,17.570264417,-329.603828362,180.0,0.0,-55.0,False,False,1.040019907,1.040019907
4410,90,scene_3.1,scene_3.1_y05,5,8,19,98.577281641,17.570264417,-330.643848268,180.0,0.0,-55.0,False,False,1.040019907,1.040019907
4411,91,scene_3.1,scene_3.1_y05,5,8,18,98.577281641,17.570264417,-331.683868175,180.0,0.0,-55.0,False,False,1.040019907,1.040019907
4412,92,scene_3.1,scene_3.1_y05,5,8,17,98.577281641,17.570264417,-332.723888082,180.0,0.0,-55.0,False,False,1.040019907,1.040019907
4413,93,scene_3.1,scene_3.1_y05,5,8,16,98.577281641,17.570264417,-333.763907988,180.0,0.0,-55.0,False,False,1.040019907,1.040019907
4414,94,scene_3.1,scene_3.1_y05,5,8,15,98.577281641,17.570264417,-334.803927895,180.0,0.0,-55.0,False,False,1.040019907,1.040019907
4415,95,scene_3.1,scene_3.1_y05,5,8,14,98.577281641,17.570264417,-335.843947801,180.0,0.0,-55.0,False,False,1.040019907,1.040019907
4416,96,scene_3.1,scene_3.1_y05,5,8,13,98.577281641,17.570264417,-336.883967708,180.0,0.0,-55.0,False,False,1.040019907,1.040019907
4417,97,scene_3.1,scene_3.1_y05,5,8,12,98.577281641,17.570264417,-337.923987615,180.0,0.0,-55.0,False,False,1.040019907,1.040019907
4418,98,scene_3.1,scene_3.1_y05,5,8,11,98.577281641,17.570264417,-338.964007521,180.0,0.0,-55.0,False,False,1.040019907,1.040019907
4419,99,scene_3.1,scene_3.1_y05,5,8,10,98.577281641,17.570264417,-340.004027428,180.0,0.0,-55.0,False,False,1.040019907,1.040019907
4420,100,scene_3.1,scene_3.1_y05,5,8,9,98.577281641,17.570264417,-341.044047334,180.0,0.0,-55.0,False,False,1.040019907,1.040019907
4421,101,scene_3.1,scene_3.1_y05,5,8,8,98.577281641,17.570264417,-342.084067241,180.0,0.0,-55.0,False,False,1.040019907,1.040019907
4422,102,scene_3.1,scene_3.1_y05,5,8,7,98.577281641,17.570264417,-343.124087148,180.0,0.0,-55.0,False,False,1.040019907,1.040019907
4423,103,scene_3.1,scene_3.1_y05,5,8,6,98.577281641,17.570264417,-344.164107054,180.0,0.0,-55.0,False,False,1.040019907,1.040019907
4424,104,scene_3.1,scene_3.1_y05,5,8,5,98.577281641,17.570264417,-345.204126961,180.0,0.0,-55.0,False,False,1.040019907,1.040019907
4425,105,scene_3.1,scene_3.1_y05,5,8,4,98.577281641,17.570264417,-346.244146868,180.0,0.0,-55.0,False,False,1.040019907,1.040019907
4426,106,scene_3.1,scene_3.1_y05,5,8,3,98.577281641,17.570264417,-347.284166774,180.0,0.0,-55.0,False,False,1.040019907,1.040019907
4427,107,scene_3.1,scene_3.1_y05,5,8,2,98.577281641,17.570264417,-348.324186681,180.0,0.0,-55.0,False,False,1.040019907,1.040019907
4428,108,scene_3.1,scene_3.1_y05,5,8,1,98.577281641,17.570264417,-349.364206587,131.003437619,311.003437619,-55.0,False,False,1.040019907,1.58514415
4429,109,scene_3.1,scene_3.1_y05,5,9,0,99.77354272,17.570264417,-350.404226494,0.0,180.0,-55.0,True,False,1.58514415,1.040019907
4430,110,scene_3.1,scene_3.1_y05,5,9,1,99.77354272,17.570264417,-349.364206587,0.0,180.0,-55.0,False,False,1.040019907,1.040019907
4431,111,scene_3.1,scene_3.1_y05,5,9,2,99.77354272,17.570264417,-348.324186681,0.0,180.0,-55.0,False,False,1.040019907,1.040019907
4432,112,scene_3.1,scene_3.1_y05,5,9,3,99.77354272,17.570264417,-347.284166774,0.0,180.0,-55.0,True,False,1.040019907,1.040019907
4433,113,scene_3.1,scene_3.1_y05,5,9,4,99.77354272,17.570264417,-346.244146868,0.0,180.0,-55.0,False,False,1.040019907,1.040019907
4434,114,scene_3.1,scene_3.1_y05,5,9,5,99.77354272,17.570264417,-345.204126961,0.0,180.0,-55.0,False,False,1.040019907,1.040019907
4435,115,scene_3.1,scene_3.1_y05,5,9,6,99.77354272,17.570264417,-344.164107054,0.0,180.0,-55.0,True,False,1.040019907,1.040019907
4436,116,scene_3.1,scene_3.1_y05,5,9,7,99.77354272,17.570264417,-343.124087148,0.0,180.0,-55.0,False,False,1.040019907,1.040019907
4437,117,scene_3.1,scene_3.1_y05,5,9,8,99.77354272,17.570264417,-342.084067241,0.0,180.0,-55.0,False,False,1.040019907,1.040019907
4438,118,scene_3.1,scene_3.1_y05,5,9,9,99.77354272,17.570264417,-341.044047334,0.0,180.0,-55.0,True,False,1.040019907,1.040019907
4439,119,scene_3.1,scene_3.1_y05,5,9,10,99.77354272,17.570264417,-340.004027428,0.0,180.0,-55.0,False,False,1.040019907,1.040019907
4440,120,scene_3.1,scene_3.1_y05,5,9,11,99.77354272,17.570264417,-338.964007521,0.0,180.0,-55.0,False,False,1.040019907,1.040019907
4441,121,scene_3.1,scene_3.1_y05,5,9,12,99.77354272,17.570264417,-337.923987615,0.0,180.0,-55.0,True,False,1.040019907,1.040019907
4442,122,scene_3.1,scene_3.1_y05,5,9,13,99.77354272,17.570264417,-336.883967708,0.0,180.0,-55.0,False,False,1.040019907,1.040019907
4443,123,scene_3.1,scene_3.1_y05,5,9,14,99.77354272,17.570264417,-335.843947801,0.0,180.0,-55.0,False,False,1.040019907,1.040019907
4444,124,scene_3.1,scene_3.1_y05,5,9,15,99.77354272,17.570264417,-334.803927895,0.0,180.0,-55.0,True,False,1.040019907,1.040019907
4445,125,scene_3.1,scene_3.1_y05,5,9,16,99.77354272,17.570264417,-333.763907988,0.0,180.0,-55.0,False,False,1.040019907,1.040019907
4446,126,scene_3.1,scene_3.1_y05,5,9,17,99.77354272,17.570264417,-332.723888082,0.0,180.0,-55.0,False,False,1.040019907,1.040019907
4447,127,scene_3.1,scene_3.1_y05,5,9,18,99.77354272,17.570264417,-331.683868175,0.0,180.0,-55.0,True,False,1.040019907,1.040019907
4448,128,scene_3.1,scene_3.1_y05,5,9,19,99.77354272,17.570264417,-330.643848268,0.0,180.0,-55.0,False,False,1.040019907,1.040019907
4449,129,scene_3.1,scene_3.1_y05,5,9,20,99.77354272,17.570264417,-329.603828362,0.0,180.0,-55.0,False,False,1.040019907,1.040019907
4450,130,scene_3.1,scene_3.1_y05,5,9,21,99.77354272,17.570264417,-328.563808455,0.0,180.0,-55.0,True,False,1.040019907,1.040019907
4451,131,scene_3.1,scene_3.1_y05,5,9,22,99.77354272,17.570264417,-327.523788548,0.0,180.0,-55.0,False,False,1.040019907,1.040019907
4452,132,scene_3.1,scene_3.1_y05,5,9,23,99.77354272,17.570264417,-326.483768642,0.0,180.0,-55.0,False,False,1.040019907,1.040019907
4453,133,scene_3.1,scene_3.1_y05,5,9,24,99.77354272,17.570264417,-325.443748735,0.0,180.0,-55.0,True,False,1.040019907,1.040019907
4454,134,scene_3.1,scene_3.1_y05,5,9,25,99.77354272,17.570264417,-324.403728829,0.0,180.0,-55.0,False,False,1.040019907,1.040019907
4455,135,scene_3.1,scene_3.1_y05,5,9,26,99.77354272,17.570264417,-323.363708922,90.0,270.0,-55.0,False,False,1.040019907,1.196261079
4456,136,scene_3.1,scene_3.1_y05,5,10,26,100.969803799,17.570264417,-323.363708922,180.0,0.0,-55.0,False,False,1.196261079,1.040019907
4457,137,scene_3.1,scene_3.1_y05,5,10,25,100.969803799,17.570264417,-324.403728829,180.0,0.0,-55.0,False,False,1.040019907,1.040019907
4458,138,scene_3.1,scene_3.1_y05,5,10,24,100.969803799,17.570264417,-325.443748735,180.0,0.0,-55.0,False,False,1.040019907,1.040019907
4459,139,scene_3.1,scene_3.1_y05,5,10,23,100.969803799,17.570264417,-326.483768642,180.0,0.0,-55.0,False,False,1.040019907,1.040019907
4460,140,scene_3.1,scene_3.1_y05,5,10,22,100.969803799,17.570264417,-327.523788548,180.0,0.0,-55.0,False,False,1.040019907,1.040019907
4461,141,scene_3.1,scene_3.1_y05,5,10,21,100.969803799,17.570264417,-328.563808455,180.0,0.0,-55.0,False,False,1.040019907,1.040019907
4462,142,scene_3.1,scene_3.1_y05,5,10,20,100.969803799,17.570264417,-329.603828362,180.0,0.0,-55.0,False,False,1.040019907,1.040019907
4463,143,scene_3.1,scene_3.1_y05,5,10,19,100.969803799,17.570264417,-330.643848268,180.0,0.0,-55.0,False,False,1.040019907,1.040019907
4464,144,scene_3.1,scene_3.1_y05,5,10,18,100.969803799,17.570264417,-331.683868175,180.0,0.0,-55.0,False,False,1.040019907,1.040019907
4465,145,scene_3.1,scene_3.1_y05,5,10,17,100.969803799,17.570264417,-332.723888082,180.0,0.0,-55.0,False,False,1.040019907,1.040019907
4466,146,scene_3.1,scene_3.1_y05,5,10,16,100.969803799,17.570264417,-333.763907988,180.0,0.0,-55.0,False,False,1.040019907,1.040019907
4467,147,scene_3.1,scene_3.1_y05,5,10,15,100.969803799,17.570264417,-334.803927895,180.0,0.0,-55.0,False,False,1.040019907,1.040019907
4468,148,scene_3.1,scene_3.1_y05,5,10,14,100.969803799,17.570264417,-335.843947801,180.0,0.0,-55.0,False,False,1.040019907,1.040019907
4469,149,scene_3.1,scene_3.1_y05,5,10,13,100.969803799,17.570264417,-336.883967708,180.0,0.0,-55.0,False,False,1.040019907,1.040019907
4470,150,scene_3.1,scene_3.1_y05,5,10,12,100.969803799,17.570264417,-337.923987615,180.0,0.0,-55.0,False,False,1.040019907,1.040019907
4471,151,scene_3.1,scene_3.1_y05,5,10,11,100.969803799,17.570264417,-338.964007521,180.0,0.0,-55.0,False,False,1.040019907,1.040019907
4472,152,scene_3.1,scene_3.1_y05,5,10,10,100.969803799,17.570264417,-340.004027428,180.0,0.0,-55.0,False,False,1.040019907,1.040019907
4473,153,scene_3.1,scene_3.1_y05,5,10,9,100.969803799,17.570264417,-341.044047334,180.0,0.0,-55.0,False,False,1.040019907,1.040019907
4474,154,scene_3.1,scene_3.1_y05,5,10,8,100.969803799,17.570264417,-342.084067241,180.0,0.0,-55.0,False,False,1.040019907,1.040019907
4475,155,scene_3.1,scene_3.1_y05,5,10,7,100.969803799,17.570264417,-343.124087148,180.0,0.0,-55.0,False,False,1.040019907,1.040019907
4476,156,scene_3.1,scene_3.1_y05,5,10,6,100.969803799,17.570264417,-344.164107054,180.0,0.0,-55.0,False,False,1.040019907,1.040019907
4477,157,scene_3.1,scene_3.1_y05,5,10,5,100.969803799,17.570264417,-345.204126961,180.0,0.0,-55.0,False,False,1.040019907,1.040019907
4478,158,scene_3.1,scene_3.1_y05,5,10,4,100.969803799,17.570264417,-346.244146868,180.0,0.0,-55.0,False,False,1.040019907,1.040019907
4479,159,scene_3.1,scene_3.1_y05,5,10,3,100.969803799,17.570264417,-347.284166774,180.0,0.0,-55.0,False,False,1.040019907,1.040019907
4480,160,scene_3.1,scene_3.1_y05,5,10,2,100.969803799,17.570264417,-348.324186681,180.0,0.0,-55.0,False,False,1.040019907,1.040019907
4481,161,scene_3.1,scene_3.1_y05,5,10,1,100.969803799,17.570264417,-349.364206587,180.0,0.0,-55.0,False,False,1.040019907,1.040019907
4482,162,scene_3.1,scene_3.1_y05,5,10,0,100.969803799,17.570264417,-350.404226494,90.0,270.0,-55.0,False,False,1.040019907,1.196261079
4483,163,scene_3.1,scene_3.1_y05,5,11,0,102.166064878,17.570264417,-350.404226494,0.0,180.0,-55.0,False,False,1.196261079,1.040019907
4484,164,scene_3.1,scene_3.1_y05,5,11,1,102.166064878,17.570264417,-349.364206587,0.0,180.0,-55.0,False,False,1.040019907,1.040019907
4485,165,scene_3.1,scene_3.1_y05,5,11,2,102.166064878,17.570264417,-348.324186681,0.0,180.0,-55.0,False,False,1.040019907,1.040019907
4486,166,scene_3.1,scene_3.1_y05,5,11,3,102.166064878,17.570264417,-347.284166774,0.0,180.0,-55.0,False,False,1.040019907,1.040019907
4487,167,scene_3.1,scene_3.1_y05,5,11,4,102.166064878,17.570264417,-346.244146868,0.0,180.0,-55.0,False,False,1.040019907,1.040019907
4488,168,scene_3.1,scene_3.1_y05,5,11,5,102.166064878,17.570264417,-345.204126961,0.0,180.0,-55.0,False,False,1.040019907,1.040019907
4489,169,scene_3.1,scene_3.1_y05,5,11,6,102.166064878,17.570264417,-344.164107054,0.0,180.0,-55.0,False,False,1.040019907,1.040019907
4490,170,scene_3.1,scene_3.1_y05,5,11,7,102.166064878,17.570264417,-343.124087148,0.0,180.0,-55.0,False,False,1.040019907,1.040019907
4491,171,scene_3.1,scene_3.1_y05,5,11,8,102.166064878,17.570264417,-342.084067241,0.0,180.0,-55.0,False,False,1.040019907,1.040019907
4492,172,scene_3.1,scene_3.1_y05,5,11,9,102.166064878,17.570264417,-341.044047334,0.0,180.0,-55.0,False,False,1.040019907,1.040019907
4493,173,scene_3.1,scene_3.1_y05,5,11,10,102.166064878,17.570264417,-340.004027428,0.0,180.0,-55.0,False,False,1.040019907,1.040019907
4494,174,scene_3.1,scene_3.1_y05,5,11,11,102.166064878,17.570264417,-338.964007521,0.0,180.0,-55.0,False,False,1.040019907,1.040019907
4495,175,scene_3.1,scene_3.1_y05,5,11,12,102.166064878,17.570264417,-337.923987615,0.0,180.0,-55.0,False,False,1.040019907,1.040019907
4496,176,scene_3.1,scene_3.1_y05,5,11,13,102.166064878,17.570264417,-336.883967708,0.0,180.0,-55.0,False,False,1.040019907,1.040019907
4497,177,scene_3.1,scene_3.1_y05,5,11,14,102.166064878,17.570264417,-335.843947801,0.0,180.0,-55.0,False,False,1.040019907,1.040019907
4498,178,scene_3.1,scene_3.1_y05,5,11,15,102.166064878,17.570264417,-334.803927895,0.0,180.0,-55.0,False,False,1.040019907,1.040019907
4499,179,scene_3.1,scene_3.1_y05,5,11,16,102.166064878,17.570264417,-333.763907988,0.0,180.0,-55.0,False,False,1.040019907,1.040019907
4500,180,scene_3.1,scene_3.1_y05,5,11,17,102.166064878,17.570264417,-332.723888082,0.0,180.0,-55.0,False,False,1.040019907,1.040019907
4501,181,scene_3.1,scene_3.1_y05,5,11,18,102.166064878,17.570264417,-331.683868175,0.0,180.0,-55.0,False,False,1.040019907,1.040019907
4502,182,scene_3.1,scene_3.1_y05,5,11,19,102.166064878,17.570264417,-330.643848268,0.0,180.0,-55.0,False,False,1.040019907,1.040019907
4503,183,scene_3.1,scene_3.1_y05,5,11,20,102.166064878,17.570264417,-329.603828362,0.0,180.0,-55.0,False,False,1.040019907,1.040019907
4504,184,scene_3.1,scene_3.1_y05,5,11,21,102.166064878,17.570264417,-328.563808455,0.0,180.0,-55.0,False,False,1.040019907,1.040019907
4505,185,scene_3.1,scene_3.1_y05,5,11,22,102.166064878,17.570264417,-327.523788548,0.0,180.0,-55.0,False,False,1.040019907,1.040019907
4506,186,scene_3.1,scene_3.1_y05,5,11,23,102.166064878,17.570264417,-326.483768642,0.0,180.0,-55.0,False,False,1.040019907,1.040019907
4507,187,scene_3.1,scene_3.1_y05,5,11,24,102.166064878,17.570264417,-325.443748735,0.0,180.0,-55.0,False,False,1.040019907,1.040019907
4508,188,scene_3.1,scene_3.1_y05,5,11,25,102.166064878,17.570264417,-324.403728829,0.0,180.0,-55.0,False,False,1.040019907,1.040019907
4509,189,scene_3.1,scene_3.1_y05,5,11,26,102.166064878,17.570264417,-323.363708922,90.0,270.0,-55.0,False,False,1.040019907,1.196261079
4510,190,scene_3.1,scene_3.1_y05,5,12,26,103.362325957,17.570264417,-323.363708922,180.0,0.0,-55.0,False,False,1.196261079,1.040019907
4511,191,scene_3.1,scene_3.1_y05,5,12,25,103.362325957,17.570264417,-324.403728829,180.0,0.0,-55.0,False,False,1.040019907,1.040019907
4512,192,scene_3.1,scene_3.1_y05,5,12,24,103.362325957,17.570264417,-325.443748735,180.0,0.0,-55.0,True,False,1.040019907,1.040019907
4513,193,scene_3.1,scene_3.1_y05,5,12,23,103.362325957,17.570264417,-326.483768642,180.0,0.0,-55.0,False,False,1.040019907,1.040019907
4514,194,scene_3.1,scene_3.1_y05,5,12,22,103.362325957,17.570264417,-327.523788548,180.0,0.0,-55.0,False,False,1.040019907,1.040019907
4515,195,scene_3.1,scene_3.1_y05,5,12,21,103.362325957,17.570264417,-328.563808455,180.0,0.0,-55.0,True,False,1.040019907,1.040019907
4516,196,scene_3.1,scene_3.1_y05,5,12,20,103.362325957,17.570264417,-329.603828362,180.0,0.0,-55.0,False,False,1.040019907,1.040019907
4517,197,scene_3.1,scene_3.1_y05,5,12,19,103.362325957,17.570264417,-330.643848268,180.0,0.0,-55.0,False,False,1.040019907,1.040019907
4518,198,scene_3.1,scene_3.1_y05,5,12,18,103.362325957,17.570264417,-331.683868175,180.0,0.0,-55.0,True,False,1.040019907,1.040019907
4519,199,scene_3.1,scene_3.1_y05,5,12,17,103.362325957,17.570264417,-332.723888082,180.0,0.0,-55.0,False,False,1.040019907,1.040019907
4520,200,scene_3.1,scene_3.1_y05,5,12,16,103.362325957,17.570264417,-333.763907988,180.0,0.0,-55.0,False,False,1.040019907,1.040019907
4521,201,scene_3.1,scene_3.1_y05,5,12,15,103.362325957,17.570264417,-334.803927895,180.0,0.0,-55.0,True,False,1.040019907,1.040019907
4522,202,scene_3.1,scene_3.1_y05,5,12,14,103.362325957,17.570264417,-335.843947801,180.0,0.0,-55.0,False,False,1.040019907,1.040019907
4523,203,scene_3.1,scene_3.1_y05,5,12,13,103.362325957,17.570264417,-336.883967708,180.0,0.0,-55.0,False,False,1.040019907,1.040019907
4524,204,scene_3.1,scene_3.1_y05,5,12,12,103.362325957,17.570264417,-337.923987615,180.0,0.0,-55.0,True,False,1.040019907,1.040019907
4525,205,scene_3.1,scene_3.1_y05,5,12,11,103.362325957,17.570264417,-338.964007521,180.0,0.0,-55.0,False,False,1.040019907,1.040019907
4526,206,scene_3.1,scene_3.1_y05,5,12,10,103.362325957,17.570264417,-340.004027428,180.0,0.0,-55.0,False,False,1.040019907,1.040019907
4527,207,scene_3.1,scene_3.1_y05,5,12,9,103.362325957,17.570264417,-341.044047334,180.0,0.0,-55.0,True,False,1.040019907,1.040019907
4528,208,scene_3.1,scene_3.1_y05,5,12,8,103.362325957,17.570264417,-342.084067241,180.0,0.0,-55.0,False,False,1.040019907,1.040019907
4529,209,scene_3.1,scene_3.1_y05,5,12,7,103.362325957,17.570264417,-343.124087148,180.0,0.0,-55.0,False,False,1.040019907,1.040019907
4530,210,scene_3.1,scene_3.1_y05,5,12,6,103.362325957,17.570264417,-344.164107054,180.0,0.0,-55.0,True,False,1.040019907,1.040019907
4531,211,scene_3.1,scene_3.1_y05,5,12,5,103.362325957,17.570264417,-345.204126961,180.0,0.0,-55.0,False,False,1.040019907,1.040019907
4532,212,scene_3.1,scene_3.1_y05,5,12,4,103.362325957,17.570264417,-346.244146868,180.0,0.0,-55.0,False,False,1.040019907,1.040019907
4533,213,scene_3.1,scene_3.1_y05,5,12,3,103.362325957,17.570264417,-347.284166774,180.0,0.0,-55.0,True,False,1.040019907,1.040019907
4534,214,scene_3.1,scene_3.1_y05,5,12,2,103.362325957,17.570264417,-348.324186681,180.0,0.0,-55.0,False,False,1.040019907,1.040019907
4535,215,scene_3.1,scene_3.1_y05,5,12,1,103.362325957,17.570264417,-349.364206587,180.0,0.0,-55.0,False,False,1.040019907,1.040019907
4536,216,scene_3.1,scene_3.1_y05,5,12,0,103.362325957,17.570264417,-350.404226494,48.996562381,228.996562381,-55.0,True,False,1.040019907,1.58514415
4537,217,scene_3.1,scene_3.1_y05,5,13,1,104.558587037,17.570264417,-349.364206587,0.0,180.0,-55.0,False,False,1.58514415,1.040019907
4538,218,scene_3.1,scene_3.1_y05,5,13,2,104.558587037,17.570264417,-348.324186681,0.0,180.0,-55.0,False,False,1.040019907,1.040019907
4539,219,scene_3.1,scene_3.1_y05,5,13,3,104.558587037,17.570264417,-347.284166774,0.0,180.0,-55.0,False,False,1.040019907,1.040019907
4540,220,scene_3.1,scene_3.1_y05,5,13,4,104.558587037,17.570264417,-346.244146868,0.0,180.0,-55.0,False,False,1.040019907,1.040019907
4541,221,scene_3.1,scene_3.1_y05,5,13,5,104.558587037,17.570264417,-345.204126961,0.0,180.0,-55.0,False,False,1.040019907,1.040019907
4542,222,scene_3.1,scene_3.1_y05,5,13,6,104.558587037,17.570264417,-344.164107054,0.0,180.0,-55.0,False,False,1.040019907,1.040019907
4543,223,scene_3.1,scene_3.1_y05,5,13,7,104.558587037,17.570264417,-343.124087148,0.0,180.0,-55.0,False,False,1.040019907,1.040019907
4544,224,scene_3.1,scene_3.1_y05,5,13,8,104.558587037,17.570264417,-342.084067241,0.0,180.0,-55.0,False,False,1.040019907,1.040019907
4545,225,scene_3.1,scene_3.1_y05,5,13,9,104.558587037,17.570264417,-341.044047334,0.0,180.0,-55.0,False,False,1.040019907,1.040019907
4546,226,scene_3.1,scene_3.1_y05,5,13,10,104.558587037,17.570264417,-340.004027428,0.0,180.0,-55.0,False,False,1.040019907,1.040019907
4547,227,scene_3.1,scene_3.1_y05,5,13,11,104.558587037,17.570264417,-338.964007521,0.0,180.0,-55.0,False,False,1.040019907,1.040019907
4548,228,scene_3.1,scene_3.1_y05,5,13,12,104.558587037,17.570264417,-337.923987615,0.0,180.0,-55.0,False,False,1.040019907,1.040019907
4549,229,scene_3.1,scene_3.1_y05,5,13,13,104.558587037,17.570264417,-336.883967708,0.0,180.0,-55.0,False,False,1.040019907,1.040019907
4550,230,scene_3.1,scene_3.1_y05,5,13,14,104.558587037,17.570264417,-335.843947801,0.0,180.0,-55.0,False,False,1.040019907,1.040019907
4551,231,scene_3.1,scene_3.1_y05,5,13,15,104.558587037,17.570264417,-334.803927895,0.0,180.0,-55.0,False,False,1.040019907,1.040019907
4552,232,scene_3.1,scene_3.1_y05,5,13,16,104.558587037,17.570264417,-333.763907988,0.0,180.0,-55.0,False,False,1.040019907,1.040019907
4553,233,scene_3.1,scene_3.1_y05,5,13,17,104.558587037,17.570264417,-332.723888082,0.0,180.0,-55.0,False,False,1.040019907,1.040019907
4554,234,scene_3.1,scene_3.1_y05,5,13,18,104.558587037,17.570264417,-331.683868175,0.0,180.0,-55.0,False,False,1.040019907,1.040019907
4555,235,scene_3.1,scene_3.1_y05,5,13,19,104.558587037,17.570264417,-330.643848268,0.0,180.0,-55.0,False,False,1.040019907,1.040019907
4556,236,scene_3.1,scene_3.1_y05,5,13,20,104.558587037,17.570264417,-329.603828362,0.0,180.0,-55.0,False,False,1.040019907,1.040019907
4557,237,scene_3.1,scene_3.1_y05,5,13,21,104.558587037,17.570264417,-328.563808455,0.0,180.0,-55.0,False,False,1.040019907,1.040019907
4558,238,scene_3.1,scene_3.1_y05,5,13,22,104.558587037,17.570264417,-327.523788548,0.0,180.0,-55.0,False,False,1.040019907,1.040019907
4559,239,scene_3.1,scene_3.1_y05,5,13,23,104.558587037,17.570264417,-326.483768642,0.0,180.0,-55.0,False,False,1.040019907,1.040019907
4560,240,scene_3.1,scene_3.1_y05,5,13,24,104.558587037,17.570264417,-325.443748735,0.0,180.0,-55.0,False,False,1.040019907,1.040019907
4561,241,scene_3.1,scene_3.1_y05,5,13,25,104.558587037,17.570264417,-324.403728829,0.0,180.0,-55.0,False,False,1.040019907,1.040019907
4562,242,scene_3.1,scene_3.1_y05,5,13,26,104.558587037,17.570264417,-323.363708922,131.003437619,311.003437619,-55.0,False,False,1.040019907,1.58514415
4563,243,scene_3.1,scene_3.1_y05,5,14,25,105.754848116,17.570264417,-324.403728829,180.0,0.0,-55.0,False,False,1.58514415,1.040019907
4564,244,scene_3.1,scene_3.1_y05,5,14,24,105.754848116,17.570264417,-325.443748735,180.0,0.0,-55.0,False,False,1.040019907,1.040019907
4565,245,scene_3.1,scene_3.1_y05,5,14,23,105.754848116,17.570264417,-326.483768642,180.0,0.0,-55.0,False,False,1.040019907,1.040019907
4566,246,scene_3.1,scene_3.1_y05,5,14,22,105.754848116,17.570264417,-327.523788548,180.0,0.0,-55.0,False,False,1.040019907,1.040019907
4567,247,scene_3.1,scene_3.1_y05,5,14,21,105.754848116,17.570264417,-328.563808455,180.0,0.0,-55.0,False,False,1.040019907,1.040019907
4568,248,scene_3.1,scene_3.1_y05,5,14,20,105.754848116,17.570264417,-329.603828362,180.0,0.0,-55.0,False,False,1.040019907,1.040019907
4569,249,scene_3.1,scene_3.1_y05,5,14,19,105.754848116,17.570264417,-330.643848268,180.0,0.0,-55.0,False,False,1.040019907,1.040019907
4570,250,scene_3.1,scene_3.1_y05,5,14,18,105.754848116,17.570264417,-331.683868175,180.0,0.0,-55.0,False,False,1.040019907,1.040019907
4571,251,scene_3.1,scene_3.1_y05,5,14,17,105.754848116,17.570264417,-332.723888082,180.0,0.0,-55.0,False,False,1.040019907,1.040019907
4572,252,scene_3.1,scene_3.1_y05,5,14,16,105.754848116,17.570264417,-333.763907988,180.0,0.0,-55.0,False,False,1.040019907,1.040019907
4573,253,scene_3.1,scene_3.1_y05,5,14,15,105.754848116,17.570264417,-334.803927895,180.0,0.0,-55.0,False,False,1.040019907,1.040019907
4574,254,scene_3.1,scene_3.1_y05,5,14,14,105.754848116,17.570264417,-335.843947801,180.0,0.0,-55.0,False,False,1.040019907,1.040019907
4575,255,scene_3.1,scene_3.1_y05,5,14,13,105.754848116,17.570264417,-336.883967708,180.0,0.0,-55.0,False,False,1.040019907,1.040019907
4576,256,scene_3.1,scene_3.1_y05,5,14,12,105.754848116,17.570264417,-337.923987615,180.0,0.0,-55.0,False,False,1.040019907,1.040019907
4577,257,scene_3.1,scene_3.1_y05,5,14,11,105.754848116,17.570264417,-338.964007521,180.0,0.0,-55.0,False,False,1.040019907,1.040019907
4578,258,scene_3.1,scene_3.1_y05,5,14,10,105.754848116,17.570264417,-340.004027428,180.0,0.0,-55.0,False,False,1.040019907,1.040019907
4579,259,scene_3.1,scene_3.1_y05,5,14,9,105.754848116,17.570264417,-341.044047334,180.0,0.0,-55.0,False,False,1.040019907,1.040019907
4580,260,scene_3.1,scene_3.1_y05,5,14,8,105.754848116,17.570264417,-342.084067241,180.0,0.0,-55.0,False,False,1.040019907,1.040019907
4581,261,scene_3.1,scene_3.1_y05,5,14,7,105.754848116,17.570264417,-343.124087148,180.0,0.0,-55.0,False,False,1.040019907,1.040019907
4582,262,scene_3.1,scene_3.1_y05,5,14,6,105.754848116,17.570264417,-344.164107054,180.0,0.0,-55.0,False,False,1.040019907,1.040019907
4583,263,scene_3.1,scene_3.1_y05,5,14,5,105.754848116,17.570264417,-345.204126961,180.0,0.0,-55.0,False,False,1.040019907,1.040019907
4584,264,scene_3.1,scene_3.1_y05,5,14,4,105.754848116,17.570264417,-346.244146868,180.0,0.0,-55.0,False,False,1.040019907,1.040019907
4585,265,scene_3.1,scene_3.1_y05,5,14,3,105.754848116,17.570264417,-347.284166774,180.0,0.0,-55.0,False,False,1.040019907,1.040019907
4586,266,scene_3.1,scene_3.1_y05,5,14,2,105.754848116,17.570264417,-348.324186681,180.0,0.0,-55.0,False,False,1.040019907,1.040019907
4587,267,scene_3.1,scene_3.1_y05,5,14,1,105.754848116,17.570264417,-349.364206587,90.0,270.0,-55.0,False,False,1.040019907,1.196261079
4588,268,scene_3.1,scene_3.1_y05,5,15,1,106.951109195,17.570264417,-349.364206587,0.0,180.0,-55.0,False,False,1.196261079,1.040019907
4589,269,scene_3.1,scene_3.1_y05,5,15,2,106.951109195,17.570264417,-348.324186681,0.0,180.0,-55.0,False,False,1.040019907,1.040019907
4590,270,scene_3.1,scene_3.1_y05,5,15,3,106.951109195,17.570264417,-347.284166774,0.0,180.0,-55.0,True,False,1.040019907,1.040019907
4591,271,scene_3.1,scene_3.1_y05,5,15,4,106.951109195,17.570264417,-346.244146868,0.0,180.0,-55.0,False,False,1.040019907,1.040019907
4592,272,scene_3.1,scene_3.1_y05,5,15,5,106.951109195,17.570264417,-345.204126961,0.0,180.0,-55.0,False,False,1.040019907,1.040019907
4593,273,scene_3.1,scene_3.1_y05,5,15,6,106.951109195,17.570264417,-344.164107054,0.0,180.0,-55.0,True,False,1.040019907,1.040019907
4594,274,scene_3.1,scene_3.1_y05,5,15,7,106.951109195,17.570264417,-343.124087148,0.0,180.0,-55.0,False,False,1.040019907,1.040019907
4595,275,scene_3.1,scene_3.1_y05,5,15,8,106.951109195,17.570264417,-342.084067241,0.0,180.0,-55.0,False,False,1.040019907,1.040019907
4596,276,scene_3.1,scene_3.1_y05,5,15,9,106.951109195,17.570264417,-341.044047334,0.0,180.0,-55.0,True,False,1.040019907,1.040019907
4597,277,scene_3.1,scene_3.1_y05,5,15,10,106.951109195,17.570264417,-340.004027428,0.0,180.0,-55.0,False,False,1.040019907,1.040019907
4598,278,scene_3.1,scene_3.1_y05,5,15,11,106.951109195,17.570264417,-338.964007521,0.0,180.0,-55.0,False,False,1.040019907,1.040019907
4599,279,scene_3.1,scene_3.1_y05,5,15,12,106.951109195,17.570264417,-337.923987615,0.0,180.0,-55.0,True,False,1.040019907,1.040019907
4600,280,scene_3.1,scene_3.1_y05,5,15,13,106.951109195,17.570264417,-336.883967708,0.0,180.0,-55.0,False,False,1.040019907,1.040019907
4601,281,scene_3.1,scene_3.1_y05,5,15,14,106.951109195,17.570264417,-335.843947801,0.0,180.0,-55.0,False,False,1.040019907,1.040019907
4602,282,scene_3.1,scene_3.1_y05,5,15,15,106.951109195,17.570264417,-334.803927895,0.0,180.0,-55.0,True,False,1.040019907,1.040019907
4603,283,scene_3.1,scene_3.1_y05,5,15,16,106.951109195,17.570264417,-333.763907988,0.0,180.0,-55.0,False,False,1.040019907,1.040019907
4604,284,scene_3.1,scene_3.1_y05,5,15,17,106.951109195,17.570264417,-332.723888082,0.0,180.0,-55.0,False,False,1.040019907,1.040019907
4605,285,scene_3.1,scene_3.1_y05,5,15,18,106.951109195,17.570264417,-331.683868175,0.0,180.0,-55.0,True,False,1.040019907,1.040019907
4606,286,scene_3.1,scene_3.1_y05,5,15,19,106.951109195,17.570264417,-330.643848268,0.0,180.0,-55.0,False,False,1.040019907,1.040019907
4607,287,scene_3.1,scene_3.1_y05,5,15,20,106.951109195,17.570264417,-329.603828362,0.0,180.0,-55.0,False,False,1.040019907,1.040019907
4608,288,scene_3.1,scene_3.1_y05,5,15,21,106.951109195,17.570264417,-328.563808455,0.0,180.0,-55.0,True,False,1.040019907,1.040019907
4609,289,scene_3.1,scene_3.1_y05,5,15,22,106.951109195,17.570264417,-327.523788548,0.0,180.0,-55.0,False,False,1.040019907,1.040019907
4610,290,scene_3.1,scene_3.1_y05,5,15,23,106.951109195,17.570264417,-326.483768642,0.0,180.0,-55.0,False,False,1.040019907,1.040019907
4611,291,scene_3.1,scene_3.1_y05,5,15,24,106.951109195,17.570264417,-325.443748735,0.0,180.0,-55.0,True,False,1.040019907,1.040019907
4612,292,scene_3.1,scene_3.1_y05,5,15,25,106.951109195,17.570264417,-324.403728829,90.0,270.0,-55.0,False,False,1.040019907,1.196261079
4613,293,scene_3.1,scene_3.1_y05,5,16,25,108.147370274,17.570264417,-324.403728829,180.0,0.0,-55.0,False,False,1.196261079,1.040019907
4614,294,scene_3.1,scene_3.1_y05,5,16,24,108.147370274,17.570264417,-325.443748735,180.0,0.0,-55.0,False,False,1.040019907,1.040019907
4615,295,scene_3.1,scene_3.1_y05,5,16,23,108.147370274,17.570264417,-326.483768642,180.0,0.0,-55.0,False,False,1.040019907,1.040019907
4616,296,scene_3.1,scene_3.1_y05,5,16,22,108.147370274,17.570264417,-327.523788548,180.0,0.0,-55.0,False,False,1.040019907,1.040019907
4617,297,scene_3.1,scene_3.1_y05,5,16,21,108.147370274,17.570264417,-328.563808455,180.0,0.0,-55.0,False,False,1.040019907,1.040019907
4618,298,scene_3.1,scene_3.1_y05,5,16,20,108.147370274,17.570264417,-329.603828362,180.0,0.0,-55.0,False,False,1.040019907,1.040019907
4619,299,scene_3.1,scene_3.1_y05,5,16,19,108.147370274,17.570264417,-330.643848268,180.0,0.0,-55.0,False,False,1.040019907,1.040019907
4620,300,scene_3.1,scene_3.1_y05,5,16,18,108.147370274,17.570264417,-331.683868175,180.0,0.0,-55.0,False,False,1.040019907,1.040019907
4621,301,scene_3.1,scene_3.1_y05,5,16,17,108.147370274,17.570264417,-332.723888082,180.0,0.0,-55.0,False,False,1.040019907,1.040019907
4622,302,scene_3.1,scene_3.1_y05,5,16,16,108.147370274,17.570264417,-333.763907988,180.0,0.0,-55.0,False,False,1.040019907,1.040019907
4623,303,scene_3.1,scene_3.1_y05,5,16,15,108.147370274,17.570264417,-334.803927895,180.0,0.0,-55.0,False,False,1.040019907,1.040019907
4624,304,scene_3.1,scene_3.1_y05,5,16,14,108.147370274,17.570264417,-335.843947801,180.0,0.0,-55.0,False,False,1.040019907,1.040019907
4625,305,scene_3.1,scene_3.1_y05,5,16,13,108.147370274,17.570264417,-336.883967708,180.0,0.0,-55.0,False,False,1.040019907,1.040019907
4626,306,scene_3.1,scene_3.1_y05,5,16,12,108.147370274,17.570264417,-337.923987615,180.0,0.0,-55.0,False,False,1.040019907,1.040019907
4627,307,scene_3.1,scene_3.1_y05,5,16,11,108.147370274,17.570264417,-338.964007521,180.0,0.0,-55.0,False,False,1.040019907,1.040019907
4628,308,scene_3.1,scene_3.1_y05,5,16,10,108.147370274,17.570264417,-340.004027428,180.0,0.0,-55.0,False,False,1.040019907,1.040019907
4629,309,scene_3.1,scene_3.1_y05,5,16,9,108.147370274,17.570264417,-341.044047334,180.0,0.0,-55.0,False,False,1.040019907,1.040019907
4630,310,scene_3.1,scene_3.1_y05,5,16,8,108.147370274,17.570264417,-342.084067241,180.0,0.0,-55.0,False,False,1.040019907,1.040019907
4631,311,scene_3.1,scene_3.1_y05,5,16,7,108.147370274,17.570264417,-343.124087148,180.0,0.0,-55.0,False,False,1.040019907,1.040019907
4632,312,scene_3.1,scene_3.1_y05,5,16,6,108.147370274,17.570264417,-344.164107054,180.0,0.0,-55.0,False,False,1.040019907,1.040019907
4633,313,scene_3.1,scene_3.1_y05,5,16,5,108.147370274,17.570264417,-345.204126961,180.0,0.0,-55.0,False,False,1.040019907,1.040019907
4634,314,scene_3.1,scene_3.1_y05,5,16,4,108.147370274,17.570264417,-346.244146868,180.0,0.0,-55.0,False,False,1.040019907,1.040019907
4635,315,scene_3.1,scene_3.1_y05,5,16,3,108.147370274,17.570264417,-347.284166774,180.0,0.0,-55.0,False,False,1.040019907,1.040019907
4636,316,scene_3.1,scene_3.1_y05,5,16,2,108.147370274,17.570264417,-348.324186681,180.0,0.0,-55.0,False,False,1.040019907,1.040019907
4637,317,scene_3.1,scene_3.1_y05,5,16,1,108.147370274,17.570264417,-349.364206587,90.0,270.0,-55.0,False,False,1.040019907,1.196261079
4638,318,scene_3.1,scene_3.1_y05,5,17,1,109.343631353,17.570264417,-349.364206587,0.0,180.0,-55.0,False,False,1.196261079,1.040019907
4639,319,scene_3.1,scene_3.1_y05,5,17,2,109.343631353,17.570264417,-348.324186681,0.0,180.0,-55.0,False,False,1.040019907,1.040019907
4640,320,scene_3.1,scene_3.1_y05,5,17,3,109.343631353,17.570264417,-347.284166774,0.0,180.0,-55.0,False,False,1.040019907,1.040019907
4641,321,scene_3.1,scene_3.1_y05,5,17,4,109.343631353,17.570264417,-346.244146868,0.0,180.0,-55.0,False,False,1.040019907,1.040019907
4642,322,scene_3.1,scene_3.1_y05,5,17,5,109.343631353,17.570264417,-345.204126961,0.0,180.0,-55.0,False,False,1.040019907,1.040019907
4643,323,scene_3.1,scene_3.1_y05,5,17,6,109.343631353,17.570264417,-344.164107054,0.0,180.0,-55.0,False,False,1.040019907,1.040019907
4644,324,scene_3.1,scene_3.1_y05,5,17,7,109.343631353,17.570264417,-343.124087148,0.0,180.0,-55.0,False,False,1.040019907,1.040019907
4645,325,scene_3.1,scene_3.1_y05,5,17,8,109.343631353,17.570264417,-342.084067241,0.0,180.0,-55.0,False,False,1.040019907,1.040019907
4646,326,scene_3.1,scene_3.1_y05,5,17,9,109.343631353,17.570264417,-341.044047334,0.0,180.0,-55.0,False,False,1.040019907,1.040019907
4647,327,scene_3.1,scene_3.1_y05,5,17,10,109.343631353,17.570264417,-340.004027428,0.0,180.0,-55.0,False,False,1.040019907,1.040019907
4648,328,scene_3.1,scene_3.1_y05,5,17,11,109.343631353,17.570264417,-338.964007521,0.0,180.0,-55.0,False,False,1.040019907,1.040019907
4649,329,scene_3.1,scene_3.1_y05,5,17,12,109.343631353,17.570264417,-337.923987615,0.0,180.0,-55.0,False,False,1.040019907,1.040019907
4650,330,scene_3.1,scene_3.1_y05,5,17,13,109.343631353,17.570264417,-336.883967708,0.0,180.0,-55.0,False,False,1.040019907,1.040019907
4651,331,scene_3.1,scene_3.1_y05,5,17,14,109.343631353,17.570264417,-335.843947801,0.0,180.0,-55.0,False,False,1.040019907,1.040019907
4652,332,scene_3.1,scene_3.1_y05,5,17,15,109.343631353,17.570264417,-334.803927895,0.0,180.0,-55.0,False,False,1.040019907,1.040019907
4653,333,scene_3.1,scene_3.1_y05,5,17,16,109.343631353,17.570264417,-333.763907988,0.0,180.0,-55.0,False,False,1.040019907,1.040019907
4654,334,scene_3.1,scene_3.1_y05,5,17,17,109.343631353,17.570264417,-332.723888082,0.0,180.0,-55.0,False,False,1.040019907,1.040019907
4655,335,scene_3.1,scene_3.1_y05,5,17,18,109.343631353,17.570264417,-331.683868175,0.0,180.0,-55.0,False,False,1.040019907,1.040019907
4656,336,scene_3.1,scene_3.1_y05,5,17,19,109.343631353,17.570264417,-330.643848268,0.0,180.0,-55.0,False,False,1.040019907,1.040019907
4657,337,scene_3.1,scene_3.1_y05,5,17,20,109.343631353,17.570264417,-329.603828362,0.0,180.0,-55.0,False,False,1.040019907,1.040019907
4658,338,scene_3.1,scene_3.1_y05,5,17,21,109.343631353,17.570264417,-328.563808455,0.0,180.0,-55.0,False,False,1.040019907,1.040019907
4659,339,scene_3.1,scene_3.1_y05,5,17,22,109.343631353,17.570264417,-327.523788548,0.0,180.0,-55.0,False,False,1.040019907,1.040019907
4660,340,scene_3.1,scene_3.1_y05,5,17,23,109.343631353,17.570264417,-326.483768642,0.0,180.0,-55.0,False,False,1.040019907,1.040019907
4661,341,scene_3.1,scene_3.1_y05,5,17,24,109.343631353,17.570264417,-325.443748735,0.0,180.0,-55.0,False,False,1.040019907,1.040019907
4662,342,scene_3.1,scene_3.1_y05,5,17,25,109.343631353,17.570264417,-324.403728829,90.0,270.0,-55.0,False,False,1.040019907,1.196261079
4663,343,scene_3.1,scene_3.1_y05,5,18,25,110.539892433,17.570264417,-324.403728829,180.0,0.0,-55.0,False,False,1.196261079,1.040019907
4664,344,scene_3.1,scene_3.1_y05,5,18,24,110.539892433,17.570264417,-325.443748735,180.0,0.0,-55.0,True,False,1.040019907,1.040019907
4665,345,scene_3.1,scene_3.1_y05,5,18,23,110.539892433,17.570264417,-326.483768642,180.0,0.0,-55.0,False,False,1.040019907,1.040019907
4666,346,scene_3.1,scene_3.1_y05,5,18,22,110.539892433,17.570264417,-327.523788548,180.0,0.0,-55.0,False,False,1.040019907,1.040019907
4667,347,scene_3.1,scene_3.1_y05,5,18,21,110.539892433,17.570264417,-328.563808455,180.0,0.0,-55.0,True,False,1.040019907,1.040019907
4668,348,scene_3.1,scene_3.1_y05,5,18,20,110.539892433,17.570264417,-329.603828362,180.0,0.0,-55.0,False,False,1.040019907,1.040019907
4669,349,scene_3.1,scene_3.1_y05,5,18,19,110.539892433,17.570264417,-330.643848268,180.0,0.0,-55.0,False,False,1.040019907,1.040019907
4670,350,scene_3.1,scene_3.1_y05,5,18,18,110.539892433,17.570264417,-331.683868175,180.0,0.0,-55.0,True,False,1.040019907,1.040019907
4671,351,scene_3.1,scene_3.1_y05,5,18,17,110.539892433,17.570264417,-332.723888082,180.0,0.0,-55.0,False,False,1.040019907,1.040019907
4672,352,scene_3.1,scene_3.1_y05,5,18,16,110.539892433,17.570264417,-333.763907988,180.0,0.0,-55.0,False,False,1.040019907,1.040019907
4673,353,scene_3.1,scene_3.1_y05,5,18,15,110.539892433,17.570264417,-334.803927895,180.0,0.0,-55.0,True,False,1.040019907,1.040019907
4674,354,scene_3.1,scene_3.1_y05,5,18,14,110.539892433,17.570264417,-335.843947801,180.0,0.0,-55.0,False,False,1.040019907,1.040019907
4675,355,scene_3.1,scene_3.1_y05,5,18,13,110.539892433,17.570264417,-336.883967708,180.0,0.0,-55.0,False,False,1.040019907,1.040019907
4676,356,scene_3.1,scene_3.1_y05,5,18,12,110.539892433,17.570264417,-337.923987615,180.0,0.0,-55.0,True,False,1.040019907,1.040019907
4677,357,scene_3.1,scene_3.1_y05,5,18,11,110.539892433,17.570264417,-338.964007521,180.0,0.0,-55.0,False,False,1.040019907,1.040019907
4678,358,scene_3.1,scene_3.1_y05,5,18,10,110.539892433,17.570264417,-340.004027428,180.0,0.0,-55.0,False,False,1.040019907,1.040019907
4679,359,scene_3.1,scene_3.1_y05,5,18,9,110.539892433,17.570264417,-341.044047334,180.0,0.0,-55.0,True,False,1.040019907,1.040019907
4680,360,scene_3.1,scene_3.1_y05,5,18,8,110.539892433,17.570264417,-342.084067241,180.0,0.0,-55.0,False,False,1.040019907,1.040019907
4681,361,scene_3.1,scene_3.1_y05,5,18,7,110.539892433,17.570264417,-343.124087148,180.0,0.0,-55.0,False,False,1.040019907,1.040019907
4682,362,scene_3.1,scene_3.1_y05,5,18,6,110.539892433,17.570264417,-344.164107054,180.0,0.0,-55.0,True,False,1.040019907,1.040019907
4683,363,scene_3.1,scene_3.1_y05,5,18,5,110.539892433,17.570264417,-345.204126961,180.0,0.0,-55.0,False,False,1.040019907,1.040019907
4684,364,scene_3.1,scene_3.1_y05,5,18,4,110.539892433,17.570264417,-346.244146868,180.0,0.0,-55.0,False,False,1.040019907,1.040019907
4685,365,scene_3.1,scene_3.1_y05,5,18,3,110.539892433,17.570264417,-347.284166774,180.0,0.0,-55.0,True,False,1.040019907,1.040019907
4686,366,scene_3.1,scene_3.1_y05,5,18,2,110.539892433,17.570264417,-348.324186681,180.0,0.0,-55.0,False,False,1.040019907,1.040019907
4687,367,scene_3.1,scene_3.1_y05,5,18,1,110.539892433,17.570264417,-349.364206587,90.0,270.0,-55.0,False,False,1.040019907,1.196261079
4688,368,scene_3.1,scene_3.1_y05,5,19,1,111.736153512,17.570264417,-349.364206587,0.0,180.0,-55.0,False,False,1.196261079,1.040019907
4689,369,scene_3.1,scene_3.1_y05,5,19,2,111.736153512,17.570264417,-348.324186681,0.0,180.0,-55.0,False,False,1.040019907,1.040019907
4690,370,scene_3.1,scene_3.1_y05,5,19,3,111.736153512,17.570264417,-347.284166774,0.0,180.0,-55.0,False,False,1.040019907,1.040019907
4691,371,scene_3.1,scene_3.1_y05,5,19,4,111.736153512,17.570264417,-346.244146868,0.0,180.0,-55.0,False,False,1.040019907,1.040019907
4692,372,scene_3.1,scene_3.1_y05,5,19,5,111.736153512,17.570264417,-345.204126961,0.0,180.0,-55.0,False,False,1.040019907,1.040019907
4693,373,scene_3.1,scene_3.1_y05,5,19,6,111.736153512,17.570264417,-344.164107054,0.0,180.0,-55.0,False,False,1.040019907,1.040019907
4694,374,scene_3.1,scene_3.1_y05,5,19,7,111.736153512,17.570264417,-343.124087148,0.0,180.0,-55.0,False,False,1.040019907,1.040019907
4695,375,scene_3.1,scene_3.1_y05,5,19,8,111.736153512,17.570264417,-342.084067241,0.0,180.0,-55.0,False,False,1.040019907,1.040019907
4696,376,scene_3.1,scene_3.1_y05,5,19,9,111.736153512,17.570264417,-341.044047334,0.0,180.0,-55.0,False,False,1.040019907,1.040019907
4697,377,scene_3.1,scene_3.1_y05,5,19,10,111.736153512,17.570264417,-340.004027428,0.0,180.0,-55.0,False,False,1.040019907,1.040019907
4698,378,scene_3.1,scene_3.1_y05,5,19,11,111.736153512,17.570264417,-338.964007521,0.0,180.0,-55.0,False,False,1.040019907,1.040019907
4699,379,scene_3.1,scene_3.1_y05,5,19,12,111.736153512,17.570264417,-337.923987615,0.0,180.0,-55.0,False,False,1.040019907,1.040019907
4700,380,scene_3.1,scene_3.1_y05,5,19,13,111.736153512,17.570264417,-336.883967708,0.0,180.0,-55.0,False,False,1.040019907,1.040019907
4701,381,scene_3.1,scene_3.1_y05,5,19,14,111.736153512,17.570264417,-335.843947801,0.0,180.0,-55.0,False,False,1.040019907,1.040019907
4702,382,scene_3.1,scene_3.1_y05,5,19,15,111.736153512,17.570264417,-334.803927895,0.0,180.0,-55.0,False,False,1.040019907,1.040019907
4703,383,scene_3.1,scene_3.1_y05,5,19,16,111.736153512,17.570264417,-333.763907988,0.0,180.0,-55.0,False,False,1.040019907,1.040019907
4704,384,scene_3.1,scene_3.1_y05,5,19,17,111.736153512,17.570264417,-332.723888082,0.0,180.0,-55.0,False,False,1.040019907,1.040019907
4705,385,scene_3.1,scene_3.1_y05,5,19,18,111.736153512,17.570264417,-331.683868175,0.0,180.0,-55.0,False,False,1.040019907,1.040019907
4706,386,scene_3.1,scene_3.1_y05,5,19,19,111.736153512,17.570264417,-330.643848268,0.0,180.0,-55.0,False,False,1.040019907,1.040019907
4707,387,scene_3.1,scene_3.1_y05,5,19,20,111.736153512,17.570264417,-329.603828362,0.0,180.0,-55.0,False,False,1.040019907,1.040019907
4708,388,scene_3.1,scene_3.1_y05,5,19,21,111.736153512,17.570264417,-328.563808455,0.0,180.0,-55.0,False,False,1.040019907,1.040019907
4709,389,scene_3.1,scene_3.1_y05,5,19,22,111.736153512,17.570264417,-327.523788548,0.0,180.0,-55.0,False,False,1.040019907,1.040019907
4710,390,scene_3.1,scene_3.1_y05,5,19,23,111.736153512,17.570264417,-326.483768642,0.0,180.0,-55.0,False,False,1.040019907,1.040019907
4711,391,scene_3.1,scene_3.1_y05,5,19,24,111.736153512,17.570264417,-325.443748735,0.0,180.0,-55.0,False,False,1.040019907,1.040019907
4712,392,scene_3.1,scene_3.1_y05,5,19,25,111.736153512,17.570264417,-324.403728829,131.003437619,311.003437619,-55.0,False,False,1.040019907,1.58514415
4713,393,scene_3.1,scene_3.1_y05,5,20,24,112.932414591,17.570264417,-325.443748735,180.0,0.0,-55.0,False,False,1.58514415,1.040019907
4714,394,scene_3.1,scene_3.1_y05,5,20,23,112.932414591,17.570264417,-326.483768642,180.0,0.0,-55.0,False,False,1.040019907,1.040019907
4715,395,scene_3.1,scene_3.1_y05,5,20,22,112.932414591,17.570264417,-327.523788548,180.0,0.0,-55.0,False,False,1.040019907,1.040019907
4716,396,scene_3.1,scene_3.1_y05,5,20,21,112.932414591,17.570264417,-328.563808455,180.0,0.0,-55.0,False,False,1.040019907,1.040019907
4717,397,scene_3.1,scene_3.1_y05,5,20,20,112.932414591,17.570264417,-329.603828362,180.0,0.0,-55.0,False,False,1.040019907,1.040019907
4718,398,scene_3.1,scene_3.1_y05,5,20,19,112.932414591,17.570264417,-330.643848268,180.0,0.0,-55.0,False,False,1.040019907,1.040019907
4719,399,scene_3.1,scene_3.1_y05,5,20,18,112.932414591,17.570264417,-331.683868175,180.0,0.0,-55.0,False,False,1.040019907,1.040019907
4720,400,scene_3.1,scene_3.1_y05,5,20,17,112.932414591,17.570264417,-332.723888082,180.0,0.0,-55.0,False,False,1.040019907,1.040019907
4721,401,scene_3.1,scene_3.1_y05,5,20,16,112.932414591,17.570264417,-333.763907988,180.0,0.0,-55.0,False,False,1.040019907,1.040019907
4722,402,scene_3.1,scene_3.1_y05,5,20,15,112.932414591,17.570264417,-334.803927895,180.0,0.0,-55.0,False,False,1.040019907,1.040019907
4723,403,scene_3.1,scene_3.1_y05,5,20,14,112.932414591,17.570264417,-335.843947801,180.0,0.0,-55.0,False,False,1.040019907,1.040019907
4724,404,scene_3.1,scene_3.1_y05,5,20,13,112.932414591,17.570264417,-336.883967708,180.0,0.0,-55.0,False,False,1.040019907,1.040019907
4725,405,scene_3.1,scene_3.1_y05,5,20,12,112.932414591,17.570264417,-337.923987615,180.0,0.0,-55.0,False,False,1.040019907,1.040019907
4726,406,scene_3.1,scene_3.1_y05,5,20,11,112.932414591,17.570264417,-338.964007521,180.0,0.0,-55.0,False,False,1.040019907,1.040019907
4727,407,scene_3.1,scene_3.1_y05,5,20,10,112.932414591,17.570264417,-340.004027428,180.0,0.0,-55.0,False,False,1.040019907,1.040019907
4728,408,scene_3.1,scene_3.1_y05,5,20,9,112.932414591,17.570264417,-341.044047334,180.0,0.0,-55.0,False,False,1.040019907,1.040019907
4729,409,scene_3.1,scene_3.1_y05,5,20,8,112.932414591,17.570264417,-342.084067241,180.0,0.0,-55.0,False,False,1.040019907,1.040019907
4730,410,scene_3.1,scene_3.1_y05,5,20,7,112.932414591,17.570264417,-343.124087148,180.0,0.0,-55.0,False,False,1.040019907,1.040019907
4731,411,scene_3.1,scene_3.1_y05,5,20,6,112.932414591,17.570264417,-344.164107054,180.0,0.0,-55.0,False,False,1.040019907,1.040019907
4732,412,scene_3.1,scene_3.1_y05,5,20,5,112.932414591,17.570264417,-345.204126961,180.0,0.0,-55.0,False,False,1.040019907,1.040019907
4733,413,scene_3.1,scene_3.1_y05,5,20,4,112.932414591,17.570264417,-346.244146868,180.0,0.0,-55.0,False,False,1.040019907,1.040019907
4734,414,scene_3.1,scene_3.1_y05,5,20,3,112.932414591,17.570264417,-347.284166774,180.0,0.0,-55.0,False,False,1.040019907,1.040019907
4735,415,scene_3.1,scene_3.1_y05,5,20,2,112.932414591,17.570264417,-348.324186681,90.0,270.0,-55.0,False,False,1.040019907,1.196261079
4736,416,scene_3.1,scene_3.1_y05,5,21,2,114.12867567,17.570264417,-348.324186681,0.0,180.0,-55.0,False,False,1.196261079,1.040019907
4737,417,scene_3.1,scene_3.1_y05,5,21,3,114.12867567,17.570264417,-347.284166774,0.0,180.0,-55.0,True,False,1.040019907,1.040019907
4738,418,scene_3.1,scene_3.1_y05,5,21,4,114.12867567,17.570264417,-346.244146868,0.0,180.0,-55.0,False,False,1.040019907,1.040019907
4739,419,scene_3.1,scene_3.1_y05,5,21,5,114.12867567,17.570264417,-345.204126961,0.0,180.0,-55.0,False,False,1.040019907,1.040019907
4740,420,scene_3.1,scene_3.1_y05,5,21,6,114.12867567,17.570264417,-344.164107054,0.0,180.0,-55.0,True,False,1.040019907,1.040019907
4741,421,scene_3.1,scene_3.1_y05,5,21,7,114.12867567,17.570264417,-343.124087148,0.0,180.0,-55.0,False,False,1.040019907,1.040019907
4742,422,scene_3.1,scene_3.1_y05,5,21,8,114.12867567,17.570264417,-342.084067241,0.0,180.0,-55.0,False,False,1.040019907,1.040019907
4743,423,scene_3.1,scene_3.1_y05,5,21,9,114.12867567,17.570264417,-341.044047334,0.0,180.0,-55.0,True,False,1.040019907,1.040019907
4744,424,scene_3.1,scene_3.1_y05,5,21,10,114.12867567,17.570264417,-340.004027428,0.0,180.0,-55.0,False,False,1.040019907,1.040019907
4745,425,scene_3.1,scene_3.1_y05,5,21,11,114.12867567,17.570264417,-338.964007521,0.0,180.0,-55.0,False,False,1.040019907,1.040019907
4746,426,scene_3.1,scene_3.1_y05,5,21,12,114.12867567,17.570264417,-337.923987615,0.0,180.0,-55.0,True,False,1.040019907,1.040019907
4747,427,scene_3.1,scene_3.1_y05,5,21,13,114.12867567,17.570264417,-336.883967708,0.0,180.0,-55.0,False,False,1.040019907,1.040019907
4748,428,scene_3.1,scene_3.1_y05,5,21,14,114.12867567,17.570264417,-335.843947801,0.0,180.0,-55.0,False,False,1.040019907,1.040019907
4749,429,scene_3.1,scene_3.1_y05,5,21,15,114.12867567,17.570264417,-334.803927895,0.0,180.0,-55.0,True,False,1.040019907,1.040019907
4750,430,scene_3.1,scene_3.1_y05,5,21,16,114.12867567,17.570264417,-333.763907988,0.0,180.0,-55.0,False,False,1.040019907,1.040019907
4751,431,scene_3.1,scene_3.1_y05,5,21,17,114.12867567,17.570264417,-332.723888082,0.0,180.0,-55.0,False,False,1.040019907,1.040019907
4752,432,scene_3.1,scene_3.1_y05,5,21,18,114.12867567,17.570264417,-331.683868175,0.0,180.0,-55.0,True,False,1.040019907,1.040019907
4753,433,scene_3.1,scene_3.1_y05,5,21,19,114.12867567,17.570264417,-330.643848268,0.0,180.0,-55.0,False,False,1.040019907,1.040019907
4754,434,scene_3.1,scene_3.1_y05,5,21,20,114.12867567,17.570264417,-329.603828362,0.0,180.0,-55.0,False,False,1.040019907,1.040019907
4755,435,scene_3.1,scene_3.1_y05,5,21,21,114.12867567,17.570264417,-328.563808455,0.0,180.0,-55.0,True,False,1.040019907,1.040019907
4756,436,scene_3.1,scene_3.1_y05,5,21,22,114.12867567,17.570264417,-327.523788548,0.0,180.0,-55.0,False,False,1.040019907,1.040019907
4757,437,scene_3.1,scene_3.1_y05,5,21,23,114.12867567,17.570264417,-326.483768642,0.0,180.0,-55.0,False,False,1.040019907,1.040019907
4758,438,scene_3.1,scene_3.1_y05,5,21,24,114.12867567,17.570264417,-325.443748735,90.0,270.0,-55.0,True,False,1.040019907,1.196261079
4759,439,scene_3.1,scene_3.1_y05,5,22,24,115.32493675,17.570264417,-325.443748735,180.0,0.0,-55.0,False,False,1.196261079,1.040019907
4760,440,scene_3.1,scene_3.1_y05,5,22,23,115.32493675,17.570264417,-326.483768642,180.0,0.0,-55.0,False,False,1.040019907,1.040019907
4761,441,scene_3.1,scene_3.1_y05,5,22,22,115.32493675,17.570264417,-327.523788548,180.0,0.0,-55.0,False,False,1.040019907,1.040019907
4762,442,scene_3.1,scene_3.1_y05,5,22,21,115.32493675,17.570264417,-328.563808455,180.0,0.0,-55.0,False,False,1.040019907,1.040019907
4763,443,scene_3.1,scene_3.1_y05,5,22,20,115.32493675,17.570264417,-329.603828362,180.0,0.0,-55.0,False,False,1.040019907,1.040019907
4764,444,scene_3.1,scene_3.1_y05,5,22,19,115.32493675,17.570264417,-330.643848268,180.0,0.0,-55.0,False,False,1.040019907,1.040019907
4765,445,scene_3.1,scene_3.1_y05,5,22,18,115.32493675,17.570264417,-331.683868175,180.0,0.0,-55.0,False,False,1.040019907,1.040019907
4766,446,scene_3.1,scene_3.1_y05,5,22,17,115.32493675,17.570264417,-332.723888082,180.0,0.0,-55.0,False,False,1.040019907,1.040019907
4767,447,scene_3.1,scene_3.1_y05,5,22,16,115.32493675,17.570264417,-333.763907988,180.0,0.0,-55.0,False,False,1.040019907,1.040019907
4768,448,scene_3.1,scene_3.1_y05,5,22,15,115.32493675,17.570264417,-334.803927895,180.0,0.0,-55.0,False,False,1.040019907,1.040019907
4769,449,scene_3.1,scene_3.1_y05,5,22,14,115.32493675,17.570264417,-335.843947801,180.0,0.0,-55.0,False,False,1.040019907,1.040019907
4770,450,scene_3.1,scene_3.1_y05,5,22,13,115.32493675,17.570264417,-336.883967708,180.0,0.0,-55.0,False,False,1.040019907,1.040019907
4771,451,scene_3.1,scene_3.1_y05,5,22,12,115.32493675,17.570264417,-337.923987615,180.0,0.0,-55.0,False,False,1.040019907,1.040019907
4772,452,scene_3.1,scene_3.1_y05,5,22,11,115.32493675,17.570264417,-338.964007521,180.0,0.0,-55.0,False,False,1.040019907,1.040019907
4773,453,scene_3.1,scene_3.1_y05,5,22,10,115.32493675,17.570264417,-340.004027428,180.0,0.0,-55.0,False,False,1.040019907,1.040019907
4774,454,scene_3.1,scene_3.1_y05,5,22,9,115.32493675,17.570264417,-341.044047334,180.0,0.0,-55.0,False,False,1.040019907,1.040019907
4775,455,scene_3.1,scene_3.1_y05,5,22,8,115.32493675,17.570264417,-342.084067241,180.0,0.0,-55.0,False,False,1.040019907,1.040019907
4776,456,scene_3.1,scene_3.1_y05,5,22,7,115.32493675,17.570264417,-343.124087148,180.0,0.0,-55.0,False,False,1.040019907,1.040019907
4777,457,scene_3.1,scene_3.1_y05,5,22,6,115.32493675,17.570264417,-344.164107054,180.0,0.0,-55.0,False,False,1.040019907,1.040019907
4778,458,scene_3.1,scene_3.1_y05,5,22,5,115.32493675,17.570264417,-345.204126961,180.0,0.0,-55.0,False,False,1.040019907,1.040019907
4779,459,scene_3.1,scene_3.1_y05,5,22,4,115.32493675,17.570264417,-346.244146868,180.0,0.0,-55.0,False,False,1.040019907,1.040019907
4780,460,scene_3.1,scene_3.1_y05,5,22,3,115.32493675,17.570264417,-347.284166774,180.0,0.0,-55.0,False,False,1.040019907,1.040019907
4781,461,scene_3.1,scene_3.1_y05,5,22,2,115.32493675,17.570264417,-348.324186681,90.0,270.0,-55.0,False,False,1.040019907,1.196261079
4782,462,scene_3.1,scene_3.1_y05,5,23,2,116.521197829,17.570264417,-348.324186681,0.0,180.0,-55.0,False,False,1.196261079,1.040019907
4783,463,scene_3.1,scene_3.1_y05,5,23,3,116.521197829,17.570264417,-347.284166774,0.0,180.0,-55.0,False,False,1.040019907,1.040019907
4784,464,scene_3.1,scene_3.1_y05,5,23,4,116.521197829,17.570264417,-346.244146868,0.0,180.0,-55.0,False,False,1.040019907,1.040019907
4785,465,scene_3.1,scene_3.1_y05,5,23,5,116.521197829,17.570264417,-345.204126961,0.0,180.0,-55.0,False,False,1.040019907,1.040019907
4786,466,scene_3.1,scene_3.1_y05,5,23,6,116.521197829,17.570264417,-344.164107054,0.0,180.0,-55.0,False,False,1.040019907,1.040019907
4787,467,scene_3.1,scene_3.1_y05,5,23,7,116.521197829,17.570264417,-343.124087148,0.0,180.0,-55.0,False,False,1.040019907,1.040019907
4788,468,scene_3.1,scene_3.1_y05,5,23,8,116.521197829,17.570264417,-342.084067241,0.0,180.0,-55.0,False,False,1.040019907,1.040019907
4789,469,scene_3.1,scene_3.1_y05,5,23,9,116.521197829,17.570264417,-341.044047334,0.0,180.0,-55.0,False,False,1.040019907,1.040019907
4790,470,scene_3.1,scene_3.1_y05,5,23,10,116.521197829,17.570264417,-340.004027428,0.0,180.0,-55.0,False,False,1.040019907,1.040019907
4791,471,scene_3.1,scene_3.1_y05,5,23,11,116.521197829,17.570264417,-338.964007521,0.0,180.0,-55.0,False,False,1.040019907,1.040019907
4792,472,scene_3.1,scene_3.1_y05,5,23,12,116.521197829,17.570264417,-337.923987615,0.0,180.0,-55.0,False,False,1.040019907,1.040019907
4793,473,scene_3.1,scene_3.1_y05,5,23,13,116.521197829,17.570264417,-336.883967708,0.0,180.0,-55.0,False,False,1.040019907,1.040019907
4794,474,scene_3.1,scene_3.1_y05,5,23,14,116.521197829,17.570264417,-335.843947801,0.0,180.0,-55.0,False,False,1.040019907,1.040019907
4795,475,scene_3.1,scene_3.1_y05,5,23,15,116.521197829,17.570264417,-334.803927895,0.0,180.0,-55.0,False,False,1.040019907,1.040019907
4796,476,scene_3.1,scene_3.1_y05,5,23,16,116.521197829,17.570264417,-333.763907988,0.0,180.0,-55.0,False,False,1.040019907,1.040019907
4797,477,scene_3.1,scene_3.1_y05,5,23,17,116.521197829,17.570264417,-332.723888082,0.0,180.0,-55.0,False,False,1.040019907,1.040019907
4798,478,scene_3.1,scene_3.1_y05,5,23,18,116.521197829,17.570264417,-331.683868175,0.0,180.0,-55.0,False,False,1.040019907,1.040019907
4799,479,scene_3.1,scene_3.1_y05,5,23,19,116.521197829,17.570264417,-330.643848268,0.0,180.0,-55.0,False,False,1.040019907,1.040019907
4800,480,scene_3.1,scene_3.1_y05,5,23,20,116.521197829,17.570264417,-329.603828362,0.0,180.0,-55.0,False,False,1.040019907,1.040019907
4801,481,scene_3.1,scene_3.1_y05,5,23,21,116.521197829,17.570264417,-328.563808455,0.0,180.0,-55.0,False,False,1.040019907,1.040019907
4802,482,scene_3.1,scene_3.1_y05,5,23,22,116.521197829,17.570264417,-327.523788548,0.0,180.0,-55.0,False,False,1.040019907,1.040019907
4803,483,scene_3.1,scene_3.1_y05,5,23,23,116.521197829,17.570264417,-326.483768642,0.0,180.0,-55.0,False,False,1.040019907,1.040019907
4804,484,scene_3.1,scene_3.1_y05,5,23,24,116.521197829,17.570264417,-325.443748735,90.0,270.0,-55.0,False,False,1.040019907,1.196261079
4805,485,scene_3.1,scene_3.1_y05,5,24,24,117.717458908,17.570264417,-325.443748735,180.0,0.0,-55.0,True,False,1.196261079,1.040019907
4806,486,scene_3.1,scene_3.1_y05,5,24,23,117.717458908,17.570264417,-326.483768642,180.0,0.0,-55.0,False,False,1.040019907,1.040019907
4807,487,scene_3.1,scene_3.1_y05,5,24,22,117.717458908,17.570264417,-327.523788548,180.0,0.0,-55.0,False,False,1.040019907,1.040019907
4808,488,scene_3.1,scene_3.1_y05,5,24,21,117.717458908,17.570264417,-328.563808455,180.0,0.0,-55.0,True,False,1.040019907,1.040019907
4809,489,scene_3.1,scene_3.1_y05,5,24,20,117.717458908,17.570264417,-329.603828362,180.0,0.0,-55.0,False,False,1.040019907,1.040019907
4810,490,scene_3.1,scene_3.1_y05,5,24,19,117.717458908,17.570264417,-330.643848268,180.0,0.0,-55.0,False,False,1.040019907,1.040019907
4811,491,scene_3.1,scene_3.1_y05,5,24,18,117.717458908,17.570264417,-331.683868175,180.0,0.0,-55.0,True,False,1.040019907,1.040019907
4812,492,scene_3.1,scene_3.1_y05,5,24,17,117.717458908,17.570264417,-332.723888082,180.0,0.0,-55.0,False,False,1.040019907,1.040019907
4813,493,scene_3.1,scene_3.1_y05,5,24,16,117.717458908,17.570264417,-333.763907988,180.0,0.0,-55.0,False,False,1.040019907,1.040019907
4814,494,scene_3.1,scene_3.1_y05,5,24,15,117.717458908,17.570264417,-334.803927895,180.0,0.0,-55.0,True,False,1.040019907,1.040019907
4815,495,scene_3.1,scene_3.1_y05,5,24,14,117.717458908,17.570264417,-335.843947801,180.0,0.0,-55.0,False,False,1.040019907,1.040019907
4816,496,scene_3.1,scene_3.1_y05,5,24,13,117.717458908,17.570264417,-336.883967708,180.0,0.0,-55.0,False,False,1.040019907,1.040019907
4817,497,scene_3.1,scene_3.1_y05,5,24,12,117.717458908,17.570264417,-337.923987615,180.0,0.0,-55.0,True,False,1.040019907,1.040019907
4818,498,scene_3.1,scene_3.1_y05,5,24,11,117.717458908,17.570264417,-338.964007521,180.0,0.0,-55.0,False,False,1.040019907,1.040019907
4819,499,scene_3.1,scene_3.1_y05,5,24,10,117.717458908,17.570264417,-340.004027428,180.0,0.0,-55.0,False,False,1.040019907,1.040019907
4820,500,scene_3.1,scene_3.1_y05,5,24,9,117.717458908,17.570264417,-341.044047334,180.0,0.0,-55.0,True,False,1.040019907,1.040019907
4821,501,scene_3.1,scene_3.1_y05,5,24,8,117.717458908,17.570264417,-342.084067241,180.0,0.0,-55.0,False,False,1.040019907,1.040019907
4822,502,scene_3.1,scene_3.1_y05,5,24,7,117.717458908,17.570264417,-343.124087148,180.0,0.0,-55.0,False,False,1.040019907,1.040019907
4823,503,scene_3.1,scene_3.1_y05,5,24,6,117.717458908,17.570264417,-344.164107054,180.0,0.0,-55.0,True,False,1.040019907,1.040019907
4824,504,scene_3.1,scene_3.1_y05,5,24,5,117.717458908,17.570264417,-345.204126961,16.042973296,196.042973296,-55.0,False,False,1.040019907,1.442886885
4825,505,scene_3.1,scene_3.1_y05,5,-1,-1,118.116212601,17.570264417,-343.817433752,16.042973296,196.042973296,-55.0,False,True,1.442886885,1.442886885
4826,506,scene_3.1,scene_3.1_y05,5,-1,-1,118.514966294,17.570264417,-342.430740543,16.042973296,196.042973296,-55.0,False,True,1.442886885,1.442886885
4827,507,scene_3.1,scene_3.1_y05,5,25,9,118.913719987,17.570264417,-341.044047334,0.0,180.0,-55.0,False,False,1.442886885,1.040019907
4828,508,scene_3.1,scene_3.1_y05,5,25,10,118.913719987,17.570264417,-340.004027428,0.0,180.0,-55.0,False,False,1.040019907,1.040019907
4829,509,scene_3.1,scene_3.1_y05,5,25,11,118.913719987,17.570264417,-338.964007521,0.0,180.0,-55.0,False,False,1.040019907,1.040019907
4830,510,scene_3.1,scene_3.1_y05,5,25,12,118.913719987,17.570264417,-337.923987615,0.0,180.0,-55.0,False,False,1.040019907,1.040019907
4831,511,scene_3.1,scene_3.1_y05,5,25,13,118.913719987,17.570264417,-336.883967708,0.0,180.0,-55.0,False,False,1.040019907,1.040019907
4832,512,scene_3.1,scene_3.1_y05,5,25,14,118.913719987,17.570264417,-335.843947801,0.0,180.0,-55.0,False,False,1.040019907,1.040019907
4833,513,scene_3.1,scene_3.1_y05,5,25,15,118.913719987,17.570264417,-334.803927895,0.0,180.0,-55.0,False,False,1.040019907,1.040019907
4834,514,scene_3.1,scene_3.1_y05,5,25,16,118.913719987,17.570264417,-333.763907988,0.0,180.0,-55.0,False,False,1.040019907,1.040019907
4835,515,scene_3.1,scene_3.1_y05,5,25,17,118.913719987,17.570264417,-332.723888082,0.0,180.0,-55.0,False,False,1.040019907,1.040019907
4836,516,scene_3.1,scene_3.1_y05,5,25,18,118.913719987,17.570264417,-331.683868175,0.0,180.0,-55.0,False,False,1.040019907,1.040019907
4837,517,scene_3.1,scene_3.1_y05,5,25,19,118.913719987,17.570264417,-330.643848268,0.0,180.0,-55.0,False,False,1.040019907,1.040019907
4838,518,scene_3.1,scene_3.1_y05,5,25,20,118.913719987,17.570264417,-329.603828362,0.0,180.0,-55.0,False,False,1.040019907,1.040019907
4839,519,scene_3.1,scene_3.1_y05,5,25,21,118.913719987,17.570264417,-328.563808455,0.0,180.0,-55.0,False,False,1.040019907,1.040019907
4840,520,scene_3.1,scene_3.1_y05,5,25,22,118.913719987,17.570264417,-327.523788548,0.0,180.0,-55.0,False,False,1.040019907,1.040019907
4841,521,scene_3.1,scene_3.1_y05,5,25,23,118.913719987,17.570264417,-326.483768642,0.0,180.0,-55.0,False,False,1.040019907,1.040019907
4842,522,scene_3.1,scene_3.1_y05,5,25,24,118.913719987,17.570264417,-325.443748735,131.003437619,311.003437619,-55.0,False,False,1.040019907,1.58514415
4843,523,scene_3.1,scene_3.1_y05,5,26,23,120.109981066,17.570264417,-326.483768642,180.0,0.0,-55.0,False,False,1.58514415,1.040019907
4844,524,scene_3.1,scene_3.1_y05,5,26,22,120.109981066,17.570264417,-327.523788548,180.0,0.0,-55.0,False,False,1.040019907,1.040019907
4845,525,scene_3.1,scene_3.1_y05,5,26,21,120.109981066,17.570264417,-328.563808455,180.0,0.0,-55.0,False,False,1.040019907,1.040019907
4846,526,scene_3.1,scene_3.1_y05,5,26,20,120.109981066,17.570264417,-329.603828362,180.0,0.0,-55.0,False,False,1.040019907,1.040019907
4847,527,scene_3.1,scene_3.1_y05,5,26,19,120.109981066,17.570264417,-330.643848268,180.0,0.0,-55.0,False,False,1.040019907,1.040019907
4848,528,scene_3.1,scene_3.1_y05,5,26,18,120.109981066,17.570264417,-331.683868175,180.0,0.0,-55.0,False,False,1.040019907,1.040019907
4849,529,scene_3.1,scene_3.1_y05,5,26,17,120.109981066,17.570264417,-332.723888082,180.0,0.0,-55.0,False,False,1.040019907,1.040019907
4850,530,scene_3.1,scene_3.1_y05,5,26,16,120.109981066,17.570264417,-333.763907988,180.0,0.0,-55.0,False,False,1.040019907,1.040019907
4851,531,scene_3.1,scene_3.1_y05,5,26,15,120.109981066,17.570264417,-334.803927895,9.331364933,189.331364933,-55.0,False,False,1.040019907,1.844442149
4852,532,scene_3.1,scene_3.1_y05,5,-1,-1,120.409046336,17.570264417,-332.983893058,9.331364933,189.331364933,-55.0,False,True,1.844442149,1.844442149
4853,533,scene_3.1,scene_3.1_y05,5,-1,-1,120.708111606,17.570264417,-331.163858222,9.331364933,189.331364933,-55.0,False,True,1.844442149,1.844442149
4854,534,scene_3.1,scene_3.1_y05,5,-1,-1,121.007176876,17.570264417,-329.343823385,9.331364933,189.331364933,-55.0,False,True,1.844442149,1.844442149
4855,535,scene_3.1,scene_3.1_y05,5,27,22,121.306242146,17.570264417,-327.523788548,0.0,180.0,-55.0,False,False,1.844442149,1.040019907
4856,536,scene_3.1,scene_3.1_y05,5,27,23,121.306242146,17.570264417,-326.483768642,0.0,180.0,-55.0,False,False,1.040019907,0.0
