sample_index,position_index,scene_id,layer_id,height_index,pattern,x,y,z,yaw_deg,yaw_rad,pitch_deg,pitch_rad,yaw_offset_deg,legacy_anchor,route_bridge
1,1,scene_1.2,scene_1.2_y01,5,route_left,121.65,2.75,11.49,325.0,5.672320069,10.0,0.174532925,-35.0,True,False
2,1,scene_1.2,scene_1.2_y01,5,route_forward,121.65,2.75,11.49,0.0,0.0,10.0,0.174532925,0.0,True,False
3,1,scene_1.2,scene_1.2_y01,5,route_right,121.65,2.75,11.49,35.0,0.610865238,10.0,0.174532925,35.0,True,False
4,2,scene_1.2,scene_1.2_y01,5,route_left,121.65,2.75,11.0075,325.0,5.672320069,10.0,0.174532925,-35.0,True,False
5,2,scene_1.2,scene_1.2_y01,5,route_forward,121.65,2.75,11.0075,0.0,0.0,10.0,0.174532925,0.0,True,False
6,2,scene_1.2,scene_1.2_y01,5,route_right,121.65,2.75,11.0075,35.0,0.610865238,10.0,0.174532925,35.0,True,False
7,3,scene_1.2,scene_1.2_y01,5,route_left,121.65,2.75,10.525,325.0,5.672320069,10.0,0.174532925,-35.0,True,False
8,3,scene_1.2,scene_1.2_y01,5,route_forward,121.65,2.75,10.525,0.0,0.0,10.0,0.174532925,0.0,True,False
9,3,scene_1.2,scene_1.2_y01,5,route_right,121.65,2.75,10.525,35.0,0.610865238,10.0,0.174532925,35.0,True,False
10,4,scene_1.2,scene_1.2_y01,5,route_left,121.65,2.75,10.0425,325.0,5.672320069,10.0,0.174532925,-35.0,True,False
11,4,scene_1.2,scene_1.2_y01,5,route_forward,121.65,2.75,10.0425,0.0,0.0,10.0,0.174532925,0.0,True,False
12,4,scene_1.2,scene_1.2_y01,5,route_right,121.65,2.75,10.0425,35.0,0.610865238,10.0,0.174532925,35.0,True,False
13,5,scene_1.2,scene_1.2_y01,5,route_left,121.65,2.75,9.56,55.0,0.959931089,10.0,0.174532925,-35.0,True,False
14,5,scene_1.2,scene_1.2_y01,5,route_forward,121.65,2.75,9.56,90.0,1.570796327,10.0,0.174532925,0.0,True,False
15,5,scene_1.2,scene_1.2_y01,5,route_right,121.65,2.75,9.56,125.0,2.181661565,10.0,0.174532925,35.0,True,False
16,6,scene_1.2,scene_1.2_y01,5,route_left,120.359354839,2.75,9.56,145.0,2.530727415,10.0,0.174532925,-35.0,False,False
17,6,scene_1.2,scene_1.2_y01,5,route_forward,120.359354839,2.75,9.56,180.0,3.141592654,10.0,0.174532925,0.0,False,False
18,6,scene_1.2,scene_1.2_y01,5,route_right,120.359354839,2.75,9.56,215.0,3.752457892,10.0,0.174532925,35.0,False,False
19,7,scene_1.2,scene_1.2_y01,5,route_left,120.359354839,2.75,10.0425,145.0,2.530727415,10.0,0.174532925,-35.0,False,False
20,7,scene_1.2,scene_1.2_y01,5,route_forward,120.359354839,2.75,10.0425,180.0,3.141592654,10.0,0.174532925,0.0,False,False
21,7,scene_1.2,scene_1.2_y01,5,route_right,120.359354839,2.75,10.0425,215.0,3.752457892,10.0,0.174532925,35.0,False,False
22,8,scene_1.2,scene_1.2_y01,5,route_left,120.359354839,2.75,10.525,145.0,2.530727415,10.0,0.174532925,-35.0,False,False
23,8,scene_1.2,scene_1.2_y01,5,route_forward,120.359354839,2.75,10.525,180.0,3.141592654,10.0,0.174532925,0.0,False,False
24,8,scene_1.2,scene_1.2_y01,5,route_right,120.359354839,2.75,10.525,215.0,3.752457892,10.0,0.174532925,35.0,False,False
25,9,scene_1.2,scene_1.2_y01,5,route_left,120.359354839,2.75,11.0075,145.0,2.530727415,10.0,0.174532925,-35.0,False,False
26,9,scene_1.2,scene_1.2_y01,5,route_forward,120.359354839,2.75,11.0075,180.0,3.141592654,10.0,0.174532925,0.0,False,False
27,9,scene_1.2,scene_1.2_y01,5,route_right,120.359354839,2.75,11.0075,215.0,3.752457892,10.0,0.174532925,35.0,False,False
28,10,scene_1.2,scene_1.2_y01,5,route_left,120.359354839,2.75,11.49,55.0,0.959931089,10.0,0.174532925,-35.0,False,False
29,10,scene_1.2,scene_1.2_y01,5,route_forward,120.359354839,2.75,11.49,90.0,1.570796327,10.0,0.174532925,0.0,False,False
30,10,scene_1.2,scene_1.2_y01,5,route_right,120.359354839,2.75,11.49,125.0,2.181661565,10.0,0.174532925,35.0,False,False
31,11,scene_1.2,scene_1.2_y01,5,route_left,119.068709677,2.75,11.49,325.0,5.672320069,10.0,0.174532925,-35.0,True,False
32,11,scene_1.2,scene_1.2_y01,5,route_forward,119.068709677,2.75,11.49,0.0,0.0,10.0,0.174532925,0.0,True,False
33,11,scene_1.2,scene_1.2_y01,5,route_right,119.068709677,2.75,11.49,35.0,0.610865238,10.0,0.174532925,35.0,True,False
34,12,scene_1.2,scene_1.2_y01,5,route_left,119.068709677,2.75,11.0075,325.0,5.672320069,10.0,0.174532925,-35.0,True,False
35,12,scene_1.2,scene_1.2_y01,5,route_forward,119.068709677,2.75,11.0075,0.0,0.0,10.0,0.174532925,0.0,True,False
36,12,scene_1.2,scene_1.2_y01,5,route_right,119.068709677,2.75,11.0075,35.0,0.610865238,10.0,0.174532925,35.0,True,False
37,13,scene_1.2,scene_1.2_y01,5,route_left,119.068709677,2.75,10.525,325.0,5.672320069,10.0,0.174532925,-35.0,True,False
38,13,scene_1.2,scene_1.2_y01,5,route_forward,119.068709677,2.75,10.525,0.0,0.0,10.0,0.174532925,0.0,True,False
39,13,scene_1.2,scene_1.2_y01,5,route_right,119.068709677,2.75,10.525,35.0,0.610865238,10.0,0.174532925,35.0,True,False
40,14,scene_1.2,scene_1.2_y01,5,route_left,119.068709677,2.75,10.0425,325.0,5.672320069,10.0,0.174532925,-35.0,True,False
41,14,scene_1.2,scene_1.2_y01,5,route_forward,119.068709677,2.75,10.0425,0.0,0.0,10.0,0.174532925,0.0,True,False
42,14,scene_1.2,scene_1.2_y01,5,route_right,119.068709677,2.75,10.0425,35.0,0.610865238,10.0,0.174532925,35.0,True,False
43,15,scene_1.2,scene_1.2_y01,5,route_left,119.068709677,2.75,9.56,55.0,0.959931089,10.0,0.174532925,-35.0,True,False
44,15,scene_1.2,scene_1.2_y01,5,route_forward,119.068709677,2.75,9.56,90.0,1.570796327,10.0,0.174532925,0.0,True,False
45,15,scene_1.2,scene_1.2_y01,5,route_right,119.068709677,2.75,9.56,125.0,2.181661565,10.0,0.174532925,35.0,True,False
46,16,scene_1.2,scene_1.2_y01,5,route_left,117.778064516,2.75,9.56,145.0,2.530727415,10.0,0.174532925,-35.0,False,False
47,16,scene_1.2,scene_1.2_y01,5,route_forward,117.778064516,2.75,9.56,180.0,3.141592654,10.0,0.174532925,0.0,False,False
48,16,scene_1.2,scene_1.2_y01,5,route_right,117.778064516,2.75,9.56,215.0,3.752457892,10.0,0.174532925,35.0,False,False
49,17,scene_1.2,scene_1.2_y01,5,route_left,117.778064516,2.75,10.0425,145.0,2.530727415,10.0,0.174532925,-35.0,False,False
50,17,scene_1.2,scene_1.2_y01,5,route_forward,117.778064516,2.75,10.0425,180.0,3.141592654,10.0,0.174532925,0.0,False,False
51,17,scene_1.2,scene_1.2_y01,5,route_right,117.778064516,2.75,10.0425,215.0,3.752457892,10.0,0.174532925,35.0,False,False
52,18,scene_1.2,scene_1.2_y01,5,route_left,117.778064516,2.75,10.525,145.0,2.530727415,10.0,0.174532925,-35.0,False,False
53,18,scene_1.2,scene_1.2_y01,5,route_forward,117.778064516,2.75,10.525,180.0,3.141592654,10.0,0.174532925,0.0,False,False
54,18,scene_1.2,scene_1.2_y01,5,route_right,117.778064516,2.75,10.525,215.0,3.752457892,10.0,0.174532925,35.0,False,False
55,19,scene_1.2,scene_1.2_y01,5,route_left,117.778064516,2.75,11.0075,145.0,2.530727415,10.0,0.174532925,-35.0,False,False
56,19,scene_1.2,scene_1.2_y01,5,route_forward,117.778064516,2.75,11.0075,180.0,3.141592654,10.0,0.174532925,0.0,False,False
57,19,scene_1.2,scene_1.2_y01,5,route_right,117.778064516,2.75,11.0075,215.0,3.752457892,10.0,0.174532925,35.0,False,False
58,20,scene_1.2,scene_1.2_y01,5,route_left,117.778064516,2.75,11.49,55.0,0.959931089,10.0,0.174532925,-35.0,False,False
59,20,scene_1.2,scene_1.2_y01,5,route_forward,117.778064516,2.75,11.49,90.0,1.570796327,10.0,0.174532925,0.0,False,False
60,20,scene_1.2,scene_1.2_y01,5,route_right,117.778064516,2.75,11.49,125.0,2.181661565,10.0,0.174532925,35.0,False,False
61,21,scene_1.2,scene_1.2_y01,5,route_left,116.487419355,2.75,11.49,325.0,5.672320069,10.0,0.174532925,-35.0,True,False
62,21,scene_1.2,scene_1.2_y01,5,route_forward,116.487419355,2.75,11.49,0.0,0.0,10.0,0.174532925,0.0,True,False
63,21,scene_1.2,scene_1.2_y01,5,route_right,116.487419355,2.75,11.49,35.0,0.610865238,10.0,0.174532925,35.0,True,False
64,22,scene_1.2,scene_1.2_y01,5,route_left,116.487419355,2.75,11.0075,325.0,5.672320069,10.0,0.174532925,-35.0,True,False
65,22,scene_1.2,scene_1.2_y01,5,route_forward,116.487419355,2.75,11.0075,0.0,0.0,10.0,0.174532925,0.0,True,False
66,22,scene_1.2,scene_1.2_y01,5,route_right,116.487419355,2.75,11.0075,35.0,0.610865238,10.0,0.174532925,35.0,True,False
67,23,scene_1.2,scene_1.2_y01,5,route_left,116.487419355,2.75,10.525,325.0,5.672320069,10.0,0.174532925,-35.0,True,False
68,23,scene_1.2,scene_1.2_y01,5,route_forward,116.487419355,2.75,10.525,0.0,0.0,10.0,0.174532925,0.0,True,False
69,23,scene_1.2,scene_1.2_y01,5,route_right,116.487419355,2.75,10.525,35.0,0.610865238,10.0,0.174532925,35.0,True,False
70,24,scene_1.2,scene_1.2_y01,5,route_left,116.487419355,2.75,10.0425,325.0,5.672320069,10.0,0.174532925,-35.0,True,False
71,24,scene_1.2,scene_1.2_y01,5,route_forward,116.487419355,2.75,10.0425,0.0,0.0,10.0,0.174532925,0.0,True,False
72,24,scene_1.2,scene_1.2_y01,5,route_right,116.487419355,2.75,10.0425,35.0,0.610865238,10.0,0.174532925,35.0,True,False
73,25,scene_1.2,scene_1.2_y01,5,route_left,116.487419355,2.75,9.56,55.0,0.959931089,10.0,0.174532925,-35.0,True,False
74,25,scene_1.2,scene_1.2_y01,5,route_forward,116.487419355,2.75,9.56,90.0,1.570796327,10.0,0.174532925,0.0,True,False
75,25,scene_1.2,scene_1.2_y01,5,route_right,116.487419355,2.75,9.56,125.0,2.181661565,10.0,0.174532925,35.0,True,False
76,26,scene_1.2,scene_1.2_y01,5,route_left,115.196774194,2.75,9.56,145.0,2.530727415,10.0,0.174532925,-35.0,False,False
77,26,scene_1.2,scene_1.2_y01,5,route_forward,115.196774194,2.75,9.56,180.0,3.141592654,10.0,0.174532925,0.0,False,False
78,26,scene_1.2,scene_1.2_y01,5,route_right,115.196774194,2.75,9.56,215.0,3.752457892,10.0,0.174532925,35.0,False,False
79,27,scene_1.2,scene_1.2_y01,5,route_left,115.196774194,2.75,10.0425,145.0,2.530727415,10.0,0.174532925,-35.0,False,False
80,27,scene_1.2,scene_1.2_y01,5,route_forward,115.196774194,2.75,10.0425,180.0,3.141592654,10.0,0.174532925,0.0,False,False
81,27,scene_1.2,scene_1.2_y01,5,route_right,115.196774194,2.75,10.0425,215.0,3.752457892,10.0,0.174532925,35.0,False,False
82,28,scene_1.2,scene_1.2_y01,5,route_left,115.196774194,2.75,10.525,145.0,2.530727415,10.0,0.174532925,-35.0,False,False
83,28,scene_1.2,scene_1.2_y01,5,route_forward,115.196774194,2.75,10.525,180.0,3.141592654,10.0,0.174532925,0.0,False,False
84,28,scene_1.2,scene_1.2_y01,5,route_right,115.196774194,2.75,10.525,215.0,3.752457892,10.0,0.174532925,35.0,False,False
85,29,scene_1.2,scene_1.2_y01,5,route_left,115.196774194,2.75,11.0075,145.0,2.530727415,10.0,0.174532925,-35.0,False,False
86,29,scene_1.2,scene_1.2_y01,5,route_forward,115.196774194,2.75,11.0075,180.0,3.141592654,10.0,0.174532925,0.0,False,False
87,29,scene_1.2,scene_1.2_y01,5,route_right,115.196774194,2.75,11.0075,215.0,3.752457892,10.0,0.174532925,35.0,False,False
88,30,scene_1.2,scene_1.2_y01,5,route_left,115.196774194,2.75,11.49,55.0,0.959931089,10.0,0.174532925,-35.0,False,False
89,30,scene_1.2,scene_1.2_y01,5,route_forward,115.196774194,2.75,11.49,90.0,1.570796327,10.0,0.174532925,0.0,False,False
90,30,scene_1.2,scene_1.2_y01,5,route_right,115.196774194,2.75,11.49,125.0,2.181661565,10.0,0.174532925,35.0,False,False
91,31,scene_1.2,scene_1.2_y01,5,route_left,113.906129032,2.75,11.49,325.0,5.672320069,10.0,0.174532925,-35.0,True,False
92,31,scene_1.2,scene_1.2_y01,5,route_forward,113.906129032,2.75,11.49,0.0,0.0,10.0,0.174532925,0.0,True,False
93,31,scene_1.2,scene_1.2_y01,5,route_right,113.906129032,2.75,11.49,35.0,0.610865238,10.0,0.174532925,35.0,True,False
94,32,scene_1.2,scene_1.2_y01,5,route_left,113.906129032,2.75,11.0075,325.0,5.672320069,10.0,0.174532925,-35.0,True,False
95,32,scene_1.2,scene_1.2_y01,5,route_forward,113.906129032,2.75,11.0075,0.0,0.0,10.0,0.174532925,0.0,True,False
96,32,scene_1.2,scene_1.2_y01,5,route_right,113.906129032,2.75,11.0075,35.0,0.610865238,10.0,0.174532925,35.0,True,False
97,33,scene_1.2,scene_1.2_y01,5,route_left,113.906129032,2.75,10.525,325.0,5.672320069,10.0,0.174532925,-35.0,True,False
98,33,scene_1.2,scene_1.2_y01,5,route_forward,113.906129032,2.75,10.525,0.0,0.0,10.0,0.174532925,0.0,True,False
99,33,scene_1.2,scene_1.2_y01,5,route_right,113.906129032,2.75,10.525,35.0,0.610865238,10.0,0.174532925,35.0,True,False
100,34,scene_1.2,scene_1.2_y01,5,route_left,113.906129032,2.75,10.0425,325.0,5.672320069,10.0,0.174532925,-35.0,True,False
101,34,scene_1.2,scene_1.2_y01,5,route_forward,113.906129032,2.75,10.0425,0.0,0.0,10.0,0.174532925,0.0,True,False
102,34,scene_1.2,scene_1.2_y01,5,route_right,113.906129032,2.75,10.0425,35.0,0.610865238,10.0,0.174532925,35.0,True,False
103,35,scene_1.2,scene_1.2_y01,5,route_left,113.906129032,2.75,9.56,55.0,0.959931089,10.0,0.174532925,-35.0,True,False
104,35,scene_1.2,scene_1.2_y01,5,route_forward,113.906129032,2.75,9.56,90.0,1.570796327,10.0,0.174532925,0.0,True,False
105,35,scene_1.2,scene_1.2_y01,5,route_right,113.906129032,2.75,9.56,125.0,2.181661565,10.0,0.174532925,35.0,True,False
106,36,scene_1.2,scene_1.2_y01,5,route_left,112.615483871,2.75,9.56,145.0,2.530727415,10.0,0.174532925,-35.0,False,False
107,36,scene_1.2,scene_1.2_y01,5,route_forward,112.615483871,2.75,9.56,180.0,3.141592654,10.0,0.174532925,0.0,False,False
108,36,scene_1.2,scene_1.2_y01,5,route_right,112.615483871,2.75,9.56,215.0,3.752457892,10.0,0.174532925,35.0,False,False
109,37,scene_1.2,scene_1.2_y01,5,route_left,112.615483871,2.75,10.0425,145.0,2.530727415,10.0,0.174532925,-35.0,False,False
110,37,scene_1.2,scene_1.2_y01,5,route_forward,112.615483871,2.75,10.0425,180.0,3.141592654,10.0,0.174532925,0.0,False,False
111,37,scene_1.2,scene_1.2_y01,5,route_right,112.615483871,2.75,10.0425,215.0,3.752457892,10.0,0.174532925,35.0,False,False
112,38,scene_1.2,scene_1.2_y01,5,route_left,112.615483871,2.75,10.525,145.0,2.530727415,10.0,0.174532925,-35.0,False,False
113,38,scene_1.2,scene_1.2_y01,5,route_forward,112.615483871,2.75,10.525,180.0,3.141592654,10.0,0.174532925,0.0,False,False
114,38,scene_1.2,scene_1.2_y01,5,route_right,112.615483871,2.75,10.525,215.0,3.752457892,10.0,0.174532925,35.0,False,False
115,39,scene_1.2,scene_1.2_y01,5,route_left,112.615483871,2.75,11.0075,145.0,2.530727415,10.0,0.174532925,-35.0,False,False
116,39,scene_1.2,scene_1.2_y01,5,route_forward,112.615483871,2.75,11.0075,180.0,3.141592654,10.0,0.174532925,0.0,False,False
117,39,scene_1.2,scene_1.2_y01,5,route_right,112.615483871,2.75,11.0075,215.0,3.752457892,10.0,0.174532925,35.0,False,False
118,40,scene_1.2,scene_1.2_y01,5,route_left,112.615483871,2.75,11.49,55.0,0.959931089,10.0,0.174532925,-35.0,False,False
119,40,scene_1.2,scene_1.2_y01,5,route_forward,112.615483871,2.75,11.49,90.0,1.570796327,10.0,0.174532925,0.0,False,False
120,40,scene_1.2,scene_1.2_y01,5,route_right,112.615483871,2.75,11.49,125.0,2.181661565,10.0,0.174532925,35.0,False,False
121,41,scene_1.2,scene_1.2_y01,5,route_left,111.32483871,2.75,11.49,325.0,5.672320069,10.0,0.174532925,-35.0,True,False
122,41,scene_1.2,scene_1.2_y01,5,route_forward,111.32483871,2.75,11.49,0.0,0.0,10.0,0.174532925,0.0,True,False
123,41,scene_1.2,scene_1.2_y01,5,route_right,111.32483871,2.75,11.49,35.0,0.610865238,10.0,0.174532925,35.0,True,False
124,42,scene_1.2,scene_1.2_y01,5,route_left,111.32483871,2.75,11.0075,325.0,5.672320069,10.0,0.174532925,-35.0,True,False
125,42,scene_1.2,scene_1.2_y01,5,route_forward,111.32483871,2.75,11.0075,0.0,0.0,10.0,0.174532925,0.0,True,False
126,42,scene_1.2,scene_1.2_y01,5,route_right,111.32483871,2.75,11.0075,35.0,0.610865238,10.0,0.174532925,35.0,True,False
127,43,scene_1.2,scene_1.2_y01,5,route_left,111.32483871,2.75,10.525,325.0,5.672320069,10.0,0.174532925,-35.0,True,False
128,43,scene_1.2,scene_1.2_y01,5,route_forward,111.32483871,2.75,10.525,0.0,0.0,10.0,0.174532925,0.0,True,False
129,43,scene_1.2,scene_1.2_y01,5,route_right,111.32483871,2.75,10.525,35.0,0.610865238,10.0,0.174532925,35.0,True,False
130,44,scene_1.2,scene_1.2_y01,5,route_left,111.32483871,2.75,10.0425,325.0,5.672320069,10.0,0.174532925,-35.0,True,False
131,44,scene_1.2,scene_1.2_y01,5,route_forward,111.32483871,2.75,10.0425,0.0,0.0,10.0,0.174532925,0.0,True,False
132,44,scene_1.2,scene_1.2_y01,5,route_right,111.32483871,2.75,10.0425,35.0,0.610865238,10.0,0.174532925,35.0,True,False
133,45,scene_1.2,scene_1.2_y01,5,route_left,111.32483871,2.75,9.56,55.0,0.959931089,10.0,0.174532925,-35.0,True,False
134,45,scene_1.2,scene_1.2_y01,5,route_forward,111.32483871,2.75,9.56,90.0,1.570796327,10.0,0.174532925,0.0,True,False
135,45,scene_1.2,scene_1.2_y01,5,route_right,111.32483871,2.75,9.56,125.0,2.181661565,10.0,0.174532925,35.0,True,False
136,46,scene_1.2,scene_1.2_y01,5,route_left,110.034193548,2.75,9.56,145.0,2.530727415,10.0,0.174532925,-35.0,False,False
137,46,scene_1.2,scene_1.2_y01,5,route_forward,110.034193548,2.75,9.56,180.0,3.141592654,10.0,0.174532925,0.0,False,False
138,46,scene_1.2,scene_1.2_y01,5,route_right,110.034193548,2.75,9.56,215.0,3.752457892,10.0,0.174532925,35.0,False,False
139,47,scene_1.2,scene_1.2_y01,5,route_left,110.034193548,2.75,10.0425,145.0,2.530727415,10.0,0.174532925,-35.0,False,False
140,47,scene_1.2,scene_1.2_y01,5,route_forward,110.034193548,2.75,10.0425,180.0,3.141592654,10.0,0.174532925,0.0,False,False
141,47,scene_1.2,scene_1.2_y01,5,route_right,110.034193548,2.75,10.0425,215.0,3.752457892,10.0,0.174532925,35.0,False,False
142,48,scene_1.2,scene_1.2_y01,5,route_left,110.034193548,2.75,10.525,145.0,2.530727415,10.0,0.174532925,-35.0,False,False
143,48,scene_1.2,scene_1.2_y01,5,route_forward,110.034193548,2.75,10.525,180.0,3.141592654,10.0,0.174532925,0.0,False,False
144,48,scene_1.2,scene_1.2_y01,5,route_right,110.034193548,2.75,10.525,215.0,3.752457892,10.0,0.174532925,35.0,False,False
145,49,scene_1.2,scene_1.2_y01,5,route_left,110.034193548,2.75,11.0075,145.0,2.530727415,10.0,0.174532925,-35.0,False,False
146,49,scene_1.2,scene_1.2_y01,5,route_forward,110.034193548,2.75,11.0075,180.0,3.141592654,10.0,0.174532925,0.0,False,False
147,49,scene_1.2,scene_1.2_y01,5,route_right,110.034193548,2.75,11.0075,215.0,3.752457892,10.0,0.174532925,35.0,False,False
148,50,scene_1.2,scene_1.2_y01,5,route_left,110.034193548,2.75,11.49,55.0,0.959931089,10.0,0.174532925,-35.0,False,False
149,50,scene_1.2,scene_1.2_y01,5,route_forward,110.034193548,2.75,11.49,90.0,1.570796327,10.0,0.174532925,0.0,False,False
150,50,scene_1.2,scene_1.2_y01,5,route_right,110.034193548,2.75,11.49,125.0,2.181661565,10.0,0.174532925,35.0,False,False
151,51,scene_1.2,scene_1.2_y01,5,route_left,108.743548387,2.75,11.49,325.0,5.672320069,10.0,0.174532925,-35.0,True,False
152,51,scene_1.2,scene_1.2_y01,5,route_forward,108.743548387,2.75,11.49,0.0,0.0,10.0,0.174532925,0.0,True,False
153,51,scene_1.2,scene_1.2_y01,5,route_right,108.743548387,2.75,11.49,35.0,0.610865238,10.0,0.174532925,35.0,True,False
154,52,scene_1.2,scene_1.2_y01,5,route_left,108.743548387,2.75,11.0075,325.0,5.672320069,10.0,0.174532925,-35.0,True,False
155,52,scene_1.2,scene_1.2_y01,5,route_forward,108.743548387,2.75,11.0075,0.0,0.0,10.0,0.174532925,0.0,True,False
156,52,scene_1.2,scene_1.2_y01,5,route_right,108.743548387,2.75,11.0075,35.0,0.610865238,10.0,0.174532925,35.0,True,False
157,53,scene_1.2,scene_1.2_y01,5,route_left,108.743548387,2.75,10.525,325.0,5.672320069,10.0,0.174532925,-35.0,True,False
158,53,scene_1.2,scene_1.2_y01,5,route_forward,108.743548387,2.75,10.525,0.0,0.0,10.0,0.174532925,0.0,True,False
159,53,scene_1.2,scene_1.2_y01,5,route_right,108.743548387,2.75,10.525,35.0,0.610865238,10.0,0.174532925,35.0,True,False
160,54,scene_1.2,scene_1.2_y01,5,route_left,108.743548387,2.75,10.0425,325.0,5.672320069,10.0,0.174532925,-35.0,True,False
161,54,scene_1.2,scene_1.2_y01,5,route_forward,108.743548387,2.75,10.0425,0.0,0.0,10.0,0.174532925,0.0,True,False
162,54,scene_1.2,scene_1.2_y01,5,route_right,108.743548387,2.75,10.0425,35.0,0.610865238,10.0,0.174532925,35.0,True,False
163,55,scene_1.2,scene_1.2_y01,5,route_left,108.743548387,2.75,9.56,55.0,0.959931089,10.0,0.174532925,-35.0,True,False
164,55,scene_1.2,scene_1.2_y01,5,route_forward,108.743548387,2.75,9.56,90.0,1.570796327,10.0,0.174532925,0.0,True,False
165,55,scene_1.2,scene_1.2_y01,5,route_right,108.743548387,2.75,9.56,125.0,2.181661565,10.0,0.174532925,35.0,True,False
166,56,scene_1.2,scene_1.2_y01,5,route_left,107.452903226,2.75,9.56,145.0,2.530727415,10.0,0.174532925,-35.0,False,False
167,56,scene_1.2,scene_1.2_y01,5,route_forward,107.452903226,2.75,9.56,180.0,3.141592654,10.0,0.174532925,0.0,False,False
168,56,scene_1.2,scene_1.2_y01,5,route_right,107.452903226,2.75,9.56,215.0,3.752457892,10.0,0.174532925,35.0,False,False
169,57,scene_1.2,scene_1.2_y01,5,route_left,107.452903226,2.75,10.0425,145.0,2.530727415,10.0,0.174532925,-35.0,False,False
170,57,scene_1.2,scene_1.2_y01,5,route_forward,107.452903226,2.75,10.0425,180.0,3.141592654,10.0,0.174532925,0.0,False,False
171,57,scene_1.2,scene_1.2_y01,5,route_right,107.452903226,2.75,10.0425,215.0,3.752457892,10.0,0.174532925,35.0,False,False
172,58,scene_1.2,scene_1.2_y01,5,route_left,107.452903226,2.75,10.525,145.0,2.530727415,10.0,0.174532925,-35.0,False,False
173,58,scene_1.2,scene_1.2_y01,5,route_forward,107.452903226,2.75,10.525,180.0,3.141592654,10.0,0.174532925,0.0,False,False
174,58,scene_1.2,scene_1.2_y01,5,route_right,107.452903226,2.75,10.525,215.0,3.752457892,10.0,0.174532925,35.0,False,False
175,59,scene_1.2,scene_1.2_y01,5,route_left,107.452903226,2.75,11.0075,145.0,2.530727415,10.0,0.174532925,-35.0,False,False
176,59,scene_1.2,scene_1.2_y01,5,route_forward,107.452903226,2.75,11.0075,180.0,3.141592654,10.0,0.174532925,0.0,False,False
177,59,scene_1.2,scene_1.2_y01,5,route_right,107.452903226,2.75,11.0075,215.0,3.752457892,10.0,0.174532925,35.0,False,False
178,60,scene_1.2,scene_1.2_y01,5,route_left,107.452903226,2.75,11.49,55.0,0.959931089,10.0,0.174532925,-35.0,False,False
179,60,scene_1.2,scene_1.2_y01,5,route_forward,107.452903226,2.75,11.49,90.0,1.570796327,10.0,0.174532925,0.0,False,False
180,60,scene_1.2,scene_1.2_y01,5,route_right,107.452903226,2.75,11.49,125.0,2.181661565,10.0,0.174532925,35.0,False,False
181,61,scene_1.2,scene_1.2_y01,5,route_left,106.162258065,2.75,11.49,325.0,5.672320069,10.0,0.174532925,-35.0,True,False
182,61,scene_1.2,scene_1.2_y01,5,route_forward,106.162258065,2.75,11.49,0.0,0.0,10.0,0.174532925,0.0,True,False
183,61,scene_1.2,scene_1.2_y01,5,route_right,106.162258065,2.75,11.49,35.0,0.610865238,10.0,0.174532925,35.0,True,False
184,62,scene_1.2,scene_1.2_y01,5,route_left,106.162258065,2.75,11.0075,325.0,5.672320069,10.0,0.174532925,-35.0,True,False
185,62,scene_1.2,scene_1.2_y01,5,route_forward,106.162258065,2.75,11.0075,0.0,0.0,10.0,0.174532925,0.0,True,False
186,62,scene_1.2,scene_1.2_y01,5,route_right,106.162258065,2.75,11.0075,35.0,0.610865238,10.0,0.174532925,35.0,True,False
187,63,scene_1.2,scene_1.2_y01,5,route_left,106.162258065,2.75,10.525,325.0,5.672320069,10.0,0.174532925,-35.0,True,False
188,63,scene_1.2,scene_1.2_y01,5,route_forward,106.162258065,2.75,10.525,0.0,0.0,10.0,0.174532925,0.0,True,False
189,63,scene_1.2,scene_1.2_y01,5,route_right,106.162258065,2.75,10.525,35.0,0.610865238,10.0,0.174532925,35.0,True,False
190,64,scene_1.2,scene_1.2_y01,5,route_left,106.162258065,2.75,10.0425,325.0,5.672320069,10.0,0.174532925,-35.0,True,False
191,64,scene_1.2,scene_1.2_y01,5,route_forward,106.162258065,2.75,10.0425,0.0,0.0,10.0,0.174532925,0.0,True,False
192,64,scene_1.2,scene_1.2_y01,5,route_right,106.162258065,2.75,10.0425,35.0,0.610865238,10.0,0.174532925,35.0,True,False
193,65,scene_1.2,scene_1.2_y01,5,route_left,106.162258065,2.75,9.56,55.0,0.959931089,10.0,0.174532925,-35.0,True,False
194,65,scene_1.2,scene_1.2_y01,5,route_forward,106.162258065,2.75,9.56,90.0,1.570796327,10.0,0.174532925,0.0,True,False
195,65,scene_1.2,scene_1.2_y01,5,route_right,106.162258065,2.75,9.56,125.0,2.181661565,10.0,0.174532925,35.0,True,False
196,66,scene_1.2,scene_1.2_y01,5,route_left,104.871612903,2.75,9.56,145.0,2.530727415,10.0,0.174532925,-35.0,False,False
197,66,scene_1.2,scene_1.2_y01,5,route_forward,104.871612903,2.75,9.56,180.0,3.141592654,10.0,0.174532925,0.0,False,False
198,66,scene_1.2,scene_1.2_y01,5,route_right,104.871612903,2.75,9.56,215.0,3.752457892,10.0,0.174532925,35.0,False,False
199,67,scene_1.2,scene_1.2_y01,5,route_left,104.871612903,2.75,10.0425,145.0,2.530727415,10.0,0.174532925,-35.0,False,False
200,67,scene_1.2,scene_1.2_y01,5,route_forward,104.871612903,2.75,10.0425,180.0,3.141592654,10.0,0.174532925,0.0,False,False
201,67,scene_1.2,scene_1.2_y01,5,route_right,104.871612903,2.75,10.0425,215.0,3.752457892,10.0,0.174532925,35.0,False,False
202,68,scene_1.2,scene_1.2_y01,5,route_left,104.871612903,2.75,10.525,145.0,2.530727415,10.0,0.174532925,-35.0,False,False
203,68,scene_1.2,scene_1.2_y01,5,route_forward,104.871612903,2.75,10.525,180.0,3.141592654,10.0,0.174532925,0.0,False,False
204,68,scene_1.2,scene_1.2_y01,5,route_right,104.871612903,2.75,10.525,215.0,3.752457892,10.0,0.174532925,35.0,False,False
205,69,scene_1.2,scene_1.2_y01,5,route_left,104.871612903,2.75,11.0075,145.0,2.530727415,10.0,0.174532925,-35.0,False,False
206,69,scene_1.2,scene_1.2_y01,5,route_forward,104.871612903,2.75,11.0075,180.0,3.141592654,10.0,0.174532925,0.0,False,False
207,69,scene_1.2,scene_1.2_y01,5,route_right,104.871612903,2.75,11.0075,215.0,3.752457892,10.0,0.174532925,35.0,False,False
208,70,scene_1.2,scene_1.2_y01,5,route_left,104.871612903,2.75,11.49,55.0,0.959931089,10.0,0.174532925,-35.0,False,False
209,70,scene_1.2,scene_1.2_y01,5,route_forward,104.871612903,2.75,11.49,90.0,1.570796327,10.0,0.174532925,0.0,False,False
210,70,scene_1.2,scene_1.2_y01,5,route_right,104.871612903,2.75,11.49,125.0,2.181661565,10.0,0.174532925,35.0,False,False
211,71,scene_1.2,scene_1.2_y01,5,route_left,103.580967742,2.75,11.49,325.0,5.672320069,10.0,0.174532925,-35.0,True,False
212,71,scene_1.2,scene_1.2_y01,5,route_forward,103.580967742,2.75,11.49,0.0,0.0,10.0,0.174532925,0.0,True,False
213,71,scene_1.2,scene_1.2_y01,5,route_right,103.580967742,2.75,11.49,35.0,0.610865238,10.0,0.174532925,35.0,True,False
214,72,scene_1.2,scene_1.2_y01,5,route_left,103.580967742,2.75,11.0075,325.0,5.672320069,10.0,0.174532925,-35.0,True,False
215,72,scene_1.2,scene_1.2_y01,5,route_forward,103.580967742,2.75,11.0075,0.0,0.0,10.0,0.174532925,0.0,True,False
216,72,scene_1.2,scene_1.2_y01,5,route_right,103.580967742,2.75,11.0075,35.0,0.610865238,10.0,0.174532925,35.0,True,False
217,73,scene_1.2,scene_1.2_y01,5,route_left,103.580967742,2.75,10.525,325.0,5.672320069,10.0,0.174532925,-35.0,True,False
218,73,scene_1.2,scene_1.2_y01,5,route_forward,103.580967742,2.75,10.525,0.0,0.0,10.0,0.174532925,0.0,True,False
219,73,scene_1.2,scene_1.2_y01,5,route_right,103.580967742,2.75,10.525,35.0,0.610865238,10.0,0.174532925,35.0,True,False
220,74,scene_1.2,scene_1.2_y01,5,route_left,103.580967742,2.75,10.0425,325.0,5.672320069,10.0,0.174532925,-35.0,True,False
221,74,scene_1.2,scene_1.2_y01,5,route_forward,103.580967742,2.75,10.0425,0.0,0.0,10.0,0.174532925,0.0,True,False
222,74,scene_1.2,scene_1.2_y01,5,route_right,103.580967742,2.75,10.0425,35.0,0.610865238,10.0,0.174532925,35.0,True,False
223,75,scene_1.2,scene_1.2_y01,5,route_left,103.580967742,2.75,9.56,55.0,0.959931089,10.0,0.174532925,-35.0,True,False
224,75,scene_1.2,scene_1.2_y01,5,route_forward,103.580967742,2.75,9.56,90.0,1.570796327,10.0,0.174532925,0.0,True,False
225,75,scene_1.2,scene_1.2_y01,5,route_right,103.580967742,2.75,9.56,125.0,2.181661565,10.0,0.174532925,35.0,True,False
226,76,scene_1.2,scene_1.2_y01,5,route_left,102.290322581,2.75,9.56,145.0,2.530727415,10.0,0.174532925,-35.0,False,False
227,76,scene_1.2,scene_1.2_y01,5,route_forward,102.290322581,2.75,9.56,180.0,3.141592654,10.0,0.174532925,0.0,False,False
228,76,scene_1.2,scene_1.2_y01,5,route_right,102.290322581,2.75,9.56,215.0,3.752457892,10.0,0.174532925,35.0,False,False
229,77,scene_1.2,scene_1.2_y01,5,route_left,102.290322581,2.75,10.0425,145.0,2.530727415,10.0,0.174532925,-35.0,False,False
230,77,scene_1.2,scene_1.2_y01,5,route_forward,102.290322581,2.75,10.0425,180.0,3.141592654,10.0,0.174532925,0.0,False,False
231,77,scene_1.2,scene_1.2_y01,5,route_right,102.290322581,2.75,10.0425,215.0,3.752457892,10.0,0.174532925,35.0,False,False
232,78,scene_1.2,scene_1.2_y01,5,route_left,102.290322581,2.75,10.525,145.0,2.530727415,10.0,0.174532925,-35.0,False,False
233,78,scene_1.2,scene_1.2_y01,5,route_forward,102.290322581,2.75,10.525,180.0,3.141592654,10.0,0.174532925,0.0,False,False
234,78,scene_1.2,scene_1.2_y01,5,route_right,102.290322581,2.75,10.525,215.0,3.752457892,10.0,0.174532925,35.0,False,False
235,79,scene_1.2,scene_1.2_y01,5,route_left,102.290322581,2.75,11.0075,145.0,2.530727415,10.0,0.174532925,-35.0,False,False
236,79,scene_1.2,scene_1.2_y01,5,route_forward,102.290322581,2.75,11.0075,180.0,3.141592654,10.0,0.174532925,0.0,False,False
237,79,scene_1.2,scene_1.2_y01,5,route_right,102.290322581,2.75,11.0075,215.0,3.752457892,10.0,0.174532925,35.0,False,False
238,80,scene_1.2,scene_1.2_y01,5,route_left,102.290322581,2.75,11.49,55.0,0.959931089,10.0,0.174532925,-35.0,False,False
239,80,scene_1.2,scene_1.2_y01,5,route_forward,102.290322581,2.75,11.49,90.0,1.570796327,10.0,0.174532925,0.0,False,False
240,80,scene_1.2,scene_1.2_y01,5,route_right,102.290322581,2.75,11.49,125.0,2.181661565,10.0,0.174532925,35.0,False,False
241,81,scene_1.2,scene_1.2_y01,5,route_left,100.999677419,2.75,11.49,325.0,5.672320069,10.0,0.174532925,-35.0,True,False
242,81,scene_1.2,scene_1.2_y01,5,route_forward,100.999677419,2.75,11.49,0.0,0.0,10.0,0.174532925,0.0,True,False
243,81,scene_1.2,scene_1.2_y01,5,route_right,100.999677419,2.75,11.49,35.0,0.610865238,10.0,0.174532925,35.0,True,False
244,82,scene_1.2,scene_1.2_y01,5,route_left,100.999677419,2.75,11.0075,325.0,5.672320069,10.0,0.174532925,-35.0,True,False
245,82,scene_1.2,scene_1.2_y01,5,route_forward,100.999677419,2.75,11.0075,0.0,0.0,10.0,0.174532925,0.0,True,False
246,82,scene_1.2,scene_1.2_y01,5,route_right,100.999677419,2.75,11.0075,35.0,0.610865238,10.0,0.174532925,35.0,True,False
247,83,scene_1.2,scene_1.2_y01,5,route_left,100.999677419,2.75,10.525,325.0,5.672320069,10.0,0.174532925,-35.0,True,False
248,83,scene_1.2,scene_1.2_y01,5,route_forward,100.999677419,2.75,10.525,0.0,0.0,10.0,0.174532925,0.0,True,False
249,83,scene_1.2,scene_1.2_y01,5,route_right,100.999677419,2.75,10.525,35.0,0.610865238,10.0,0.174532925,35.0,True,False
250,84,scene_1.2,scene_1.2_y01,5,route_left,100.999677419,2.75,10.0425,325.0,5.672320069,10.0,0.174532925,-35.0,True,False
251,84,scene_1.2,scene_1.2_y01,5,route_forward,100.999677419,2.75,10.0425,0.0,0.0,10.0,0.174532925,0.0,True,False
252,84,scene_1.2,scene_1.2_y01,5,route_right,100.999677419,2.75,10.0425,35.0,0.610865238,10.0,0.174532925,35.0,True,False
253,85,scene_1.2,scene_1.2_y01,5,route_left,100.999677419,2.75,9.56,55.0,0.959931089,10.0,0.174532925,-35.0,True,False
254,85,scene_1.2,scene_1.2_y01,5,route_forward,100.999677419,2.75,9.56,90.0,1.570796327,10.0,0.174532925,0.0,True,False
255,85,scene_1.2,scene_1.2_y01,5,route_right,100.999677419,2.75,9.56,125.0,2.181661565,10.0,0.174532925,35.0,True,False
256,86,scene_1.2,scene_1.2_y01,5,route_left,99.709032258,2.75,9.56,145.0,2.530727415,10.0,0.174532925,-35.0,False,False
257,86,scene_1.2,scene_1.2_y01,5,route_forward,99.709032258,2.75,9.56,180.0,3.141592654,10.0,0.174532925,0.0,False,False
258,86,scene_1.2,scene_1.2_y01,5,route_right,99.709032258,2.75,9.56,215.0,3.752457892,10.0,0.174532925,35.0,False,False
259,87,scene_1.2,scene_1.2_y01,5,route_left,99.709032258,2.75,10.0425,145.0,2.530727415,10.0,0.174532925,-35.0,False,False
260,87,scene_1.2,scene_1.2_y01,5,route_forward,99.709032258,2.75,10.0425,180.0,3.141592654,10.0,0.174532925,0.0,False,False
261,87,scene_1.2,scene_1.2_y01,5,route_right,99.709032258,2.75,10.0425,215.0,3.752457892,10.0,0.174532925,35.0,False,False
262,88,scene_1.2,scene_1.2_y01,5,route_left,99.709032258,2.75,10.525,145.0,2.530727415,10.0,0.174532925,-35.0,False,False
263,88,scene_1.2,scene_1.2_y01,5,route_forward,99.709032258,2.75,10.525,180.0,3.141592654,10.0,0.174532925,0.0,False,False
264,88,scene_1.2,scene_1.2_y01,5,route_right,99.709032258,2.75,10.525,215.0,3.752457892,10.0,0.174532925,35.0,False,False
265,89,scene_1.2,scene_1.2_y01,5,route_left,99.709032258,2.75,11.0075,145.0,2.530727415,10.0,0.174532925,-35.0,False,False
266,89,scene_1.2,scene_1.2_y01,5,route_forward,99.709032258,2.75,11.0075,180.0,3.141592654,10.0,0.174532925,0.0,False,False
267,89,scene_1.2,scene_1.2_y01,5,route_right,99.709032258,2.75,11.0075,215.0,3.752457892,10.0,0.174532925,35.0,False,False
268,90,scene_1.2,scene_1.2_y01,5,route_left,99.709032258,2.75,11.49,55.0,0.959931089,10.0,0.174532925,-35.0,False,False
269,90,scene_1.2,scene_1.2_y01,5,route_forward,99.709032258,2.75,11.49,90.0,1.570796327,10.0,0.174532925,0.0,False,False
270,90,scene_1.2,scene_1.2_y01,5,route_right,99.709032258,2.75,11.49,125.0,2.181661565,10.0,0.174532925,35.0,False,False
271,91,scene_1.2,scene_1.2_y01,5,route_left,98.418387097,2.75,11.49,325.0,5.672320069,10.0,0.174532925,-35.0,True,False
272,91,scene_1.2,scene_1.2_y01,5,route_forward,98.418387097,2.75,11.49,0.0,0.0,10.0,0.174532925,0.0,True,False
273,91,scene_1.2,scene_1.2_y01,5,route_right,98.418387097,2.75,11.49,35.0,0.610865238,10.0,0.174532925,35.0,True,False
274,92,scene_1.2,scene_1.2_y01,5,route_left,98.418387097,2.75,11.0075,325.0,5.672320069,10.0,0.174532925,-35.0,True,False
275,92,scene_1.2,scene_1.2_y01,5,route_forward,98.418387097,2.75,11.0075,0.0,0.0,10.0,0.174532925,0.0,True,False
276,92,scene_1.2,scene_1.2_y01,5,route_right,98.418387097,2.75,11.0075,35.0,0.610865238,10.0,0.174532925,35.0,True,False
277,93,scene_1.2,scene_1.2_y01,5,route_left,98.418387097,2.75,10.525,325.0,5.672320069,10.0,0.174532925,-35.0,True,False
278,93,scene_1.2,scene_1.2_y01,5,route_forward,98.418387097,2.75,10.525,0.0,0.0,10.0,0.174532925,0.0,True,False
279,93,scene_1.2,scene_1.2_y01,5,route_right,98.418387097,2.75,10.525,35.0,0.610865238,10.0,0.174532925,35.0,True,False
280,94,scene_1.2,scene_1.2_y01,5,route_left,98.418387097,2.75,10.0425,325.0,5.672320069,10.0,0.174532925,-35.0,True,False
281,94,scene_1.2,scene_1.2_y01,5,route_forward,98.418387097,2.75,10.0425,0.0,0.0,10.0,0.174532925,0.0,True,False
282,94,scene_1.2,scene_1.2_y01,5,route_right,98.418387097,2.75,10.0425,35.0,0.610865238,10.0,0.174532925,35.0,True,False
283,95,scene_1.2,scene_1.2_y01,5,route_left,98.418387097,2.75,9.56,55.0,0.959931089,10.0,0.174532925,-35.0,True,False
284,95,scene_1.2,scene_1.2_y01,5,route_forward,98.418387097,2.75,9.56,90.0,1.570796327,10.0,0.174532925,0.0,True,False
285,95,scene_1.2,scene_1.2_y01,5,route_right,98.418387097,2.75,9.56,125.0,2.181661565,10.0,0.174532925,35.0,True,False
286,96,scene_1.2,scene_1.2_y01,5,route_left,97.127741935,2.75,9.56,145.0,2.530727415,10.0,0.174532925,-35.0,False,False
287,96,scene_1.2,scene_1.2_y01,5,route_forward,97.127741935,2.75,9.56,180.0,3.141592654,10.0,0.174532925,0.0,False,False
288,96,scene_1.2,scene_1.2_y01,5,route_right,97.127741935,2.75,9.56,215.0,3.752457892,10.0,0.174532925,35.0,False,False
289,97,scene_1.2,scene_1.2_y01,5,route_left,97.127741935,2.75,10.0425,145.0,2.530727415,10.0,0.174532925,-35.0,False,False
290,97,scene_1.2,scene_1.2_y01,5,route_forward,97.127741935,2.75,10.0425,180.0,3.141592654,10.0,0.174532925,0.0,False,False
291,97,scene_1.2,scene_1.2_y01,5,route_right,97.127741935,2.75,10.0425,215.0,3.752457892,10.0,0.174532925,35.0,False,False
292,98,scene_1.2,scene_1.2_y01,5,route_left,97.127741935,2.75,10.525,145.0,2.530727415,10.0,0.174532925,-35.0,False,False
293,98,scene_1.2,scene_1.2_y01,5,route_forward,97.127741935,2.75,10.525,180.0,3.141592654,10.0,0.174532925,0.0,False,False
294,98,scene_1.2,scene_1.2_y01,5,route_right,97.127741935,2.75,10.525,215.0,3.752457892,10.0,0.174532925,35.0,False,False
295,99,scene_1.2,scene_1.2_y01,5,route_left,97.127741935,2.75,11.0075,145.0,2.530727415,10.0,0.174532925,-35.0,False,False
296,99,scene_1.2,scene_1.2_y01,5,route_forward,97.127741935,2.75,11.0075,180.0,3.141592654,10.0,0.174532925,0.0,False,False
297,99,scene_1.2,scene_1.2_y01,5,route_right,97.127741935,2.75,11.0075,215.0,3.752457892,10.0,0.174532925,35.0,False,False
298,100,scene_1.2,scene_1.2_y01,5,route_left,97.127741935,2.75,11.49,55.0,0.959931089,10.0,0.174532925,-35.0,False,False
299,100,scene_1.2,scene_1.2_y01,5,route_forward,97.127741935,2.75,11.49,90.0,1.570796327,10.0,0.174532925,0.0,False,False
300,100,scene_1.2,scene_1.2_y01,5,route_right,97.127741935,2.75,11.49,125.0,2.181661565,10.0,0.174532925,35.0,False,False
301,101,scene_1.2,scene_1.2_y01,5,route_left,95.837096774,2.75,11.49,325.0,5.672320069,10.0,0.174532925,-35.0,True,False
302,101,scene_1.2,scene_1.2_y01,5,route_forward,95.837096774,2.75,11.49,0.0,0.0,10.0,0.174532925,0.0,True,False
303,101,scene_1.2,scene_1.2_y01,5,route_right,95.837096774,2.75,11.49,35.0,0.610865238,10.0,0.174532925,35.0,True,False
304,102,scene_1.2,scene_1.2_y01,5,route_left,95.837096774,2.75,11.0075,325.0,5.672320069,10.0,0.174532925,-35.0,True,False
305,102,scene_1.2,scene_1.2_y01,5,route_forward,95.837096774,2.75,11.0075,0.0,0.0,10.0,0.174532925,0.0,True,False
306,102,scene_1.2,scene_1.2_y01,5,route_right,95.837096774,2.75,11.0075,35.0,0.610865238,10.0,0.174532925,35.0,True,False
307,103,scene_1.2,scene_1.2_y01,5,route_left,95.837096774,2.75,10.525,325.0,5.672320069,10.0,0.174532925,-35.0,True,False
308,103,scene_1.2,scene_1.2_y01,5,route_forward,95.837096774,2.75,10.525,0.0,0.0,10.0,0.174532925,0.0,True,False
309,103,scene_1.2,scene_1.2_y01,5,route_right,95.837096774,2.75,10.525,35.0,0.610865238,10.0,0.174532925,35.0,True,False
310,104,scene_1.2,scene_1.2_y01,5,route_left,95.837096774,2.75,10.0425,325.0,5.672320069,10.0,0.174532925,-35.0,True,False
311,104,scene_1.2,scene_1.2_y01,5,route_forward,95.837096774,2.75,10.0425,0.0,0.0,10.0,0.174532925,0.0,True,False
312,104,scene_1.2,scene_1.2_y01,5,route_right,95.837096774,2.75,10.0425,35.0,0.610865238,10.0,0.174532925,35.0,True,False
313,105,scene_1.2,scene_1.2_y01,5,route_left,95.837096774,2.75,9.56,55.0,0.959931089,10.0,0.174532925,-35.0,True,False
314,105,scene_1.2,scene_1.2_y01,5,route_forward,95.837096774,2.75,9.56,90.0,1.570796327,10.0,0.174532925,0.0,True,False
315,105,scene_1.2,scene_1.2_y01,5,route_right,95.837096774,2.75,9.56,125.0,2.181661565,10.0,0.174532925,35.0,True,False
316,106,scene_1.2,scene_1.2_y01,5,route_left,94.546451613,2.75,9.56,145.0,2.530727415,10.0,0.174532925,-35.0,False,False
317,106,scene_1.2,scene_1.2_y01,5,route_forward,94.546451613,2.75,9.56,180.0,3.141592654,10.0,0.174532925,0.0,False,False
318,106,scene_1.2,scene_1.2_y01,5,route_right,94.546451613,2.75,9.56,215.0,3.752457892,10.0,0.174532925,35.0,False,False
319,107,scene_1.2,scene_1.2_y01,5,route_left,94.546451613,2.75,10.0425,145.0,2.530727415,10.0,0.174532925,-35.0,False,False
320,107,scene_1.2,scene_1.2_y01,5,route_forward,94.546451613,2.75,10.0425,180.0,3.141592654,10.0,0.174532925,0.0,False,False
321,107,scene_1.2,scene_1.2_y01,5,route_right,94.546451613,2.75,10.0425,215.0,3.752457892,10.0,0.174532925,35.0,False,False
322,108,scene_1.2,scene_1.2_y01,5,route_left,94.546451613,2.75,10.525,145.0,2.530727415,10.0,0.174532925,-35.0,False,False
323,108,scene_1.2,scene_1.2_y01,5,route_forward,94.546451613,2.75,10.525,180.0,3.141592654,10.0,0.174532925,0.0,False,False
324,108,scene_1.2,scene_1.2_y01,5,route_right,94.546451613,2.75,10.525,215.0,3.752457892,10.0,0.174532925,35.0,False,False
325,109,scene_1.2,scene_1.2_y01,5,route_left,94.546451613,2.75,11.0075,145.0,2.530727415,10.0,0.174532925,-35.0,False,False
326,109,scene_1.2,scene_1.2_y01,5,route_forward,94.546451613,2.75,11.0075,180.0,3.141592654,10.0,0.174532925,0.0,False,False
327,109,scene_1.2,scene_1.2_y01,5,route_right,94.546451613,2.75,11.0075,215.0,3.752457892,10.0,0.174532925,35.0,False,False
328,110,scene_1.2,scene_1.2_y01,5,route_left,94.546451613,2.75,11.49,55.0,0.959931089,10.0,0.174532925,-35.0,False,False
329,110,scene_1.2,scene_1.2_y01,5,route_forward,94.546451613,2.75,11.49,90.0,1.570796327,10.0,0.174532925,0.0,False,False
330,110,scene_1.2,scene_1.2_y01,5,route_right,94.546451613,2.75,11.49,125.0,2.181661565,10.0,0.174532925,35.0,False,False
331,111,scene_1.2,scene_1.2_y01,5,route_left,93.255806452,2.75,11.49,325.0,5.672320069,10.0,0.174532925,-35.0,True,False
332,111,scene_1.2,scene_1.2_y01,5,route_forward,93.255806452,2.75,11.49,0.0,0.0,10.0,0.174532925,0.0,True,False
333,111,scene_1.2,scene_1.2_y01,5,route_right,93.255806452,2.75,11.49,35.0,0.610865238,10.0,0.174532925,35.0,True,False
334,112,scene_1.2,scene_1.2_y01,5,route_left,93.255806452,2.75,11.0075,325.0,5.672320069,10.0,0.174532925,-35.0,True,False
335,112,scene_1.2,scene_1.2_y01,5,route_forward,93.255806452,2.75,11.0075,0.0,0.0,10.0,0.174532925,0.0,True,False
336,112,scene_1.2,scene_1.2_y01,5,route_right,93.255806452,2.75,11.0075,35.0,0.610865238,10.0,0.174532925,35.0,True,False
337,113,scene_1.2,scene_1.2_y01,5,route_left,93.255806452,2.75,10.525,325.0,5.672320069,10.0,0.174532925,-35.0,True,False
338,113,scene_1.2,scene_1.2_y01,5,route_forward,93.255806452,2.75,10.525,0.0,0.0,10.0,0.174532925,0.0,True,False
339,113,scene_1.2,scene_1.2_y01,5,route_right,93.255806452,2.75,10.525,35.0,0.610865238,10.0,0.174532925,35.0,True,False
340,114,scene_1.2,scene_1.2_y01,5,route_left,93.255806452,2.75,10.0425,325.0,5.672320069,10.0,0.174532925,-35.0,True,False
341,114,scene_1.2,scene_1.2_y01,5,route_forward,93.255806452,2.75,10.0425,0.0,0.0,10.0,0.174532925,0.0,True,False
342,114,scene_1.2,scene_1.2_y01,5,route_right,93.255806452,2.75,10.0425,35.0,0.610865238,10.0,0.174532925,35.0,True,False
343,115,scene_1.2,scene_1.2_y01,5,route_left,93.255806452,2.75,9.56,55.0,0.959931089,10.0,0.174532925,-35.0,True,False
344,115,scene_1.2,scene_1.2_y01,5,route_forward,93.255806452,2.75,9.56,90.0,1.570796327,10.0,0.174532925,0.0,True,False
345,115,scene_1.2,scene_1.2_y01,5,route_right,93.255806452,2.75,9.56,125.0,2.181661565,10.0,0.174532925,35.0,True,False
346,116,scene_1.2,scene_1.2_y01,5,route_left,91.96516129,2.75,9.56,145.0,2.530727415,10.0,0.174532925,-35.0,False,False
347,116,scene_1.2,scene_1.2_y01,5,route_forward,91.96516129,2.75,9.56,180.0,3.141592654,10.0,0.174532925,0.0,False,False
348,116,scene_1.2,scene_1.2_y01,5,route_right,91.96516129,2.75,9.56,215.0,3.752457892,10.0,0.174532925,35.0,False,False
349,117,scene_1.2,scene_1.2_y01,5,route_left,91.96516129,2.75,10.0425,145.0,2.530727415,10.0,0.174532925,-35.0,False,False
350,117,scene_1.2,scene_1.2_y01,5,route_forward,91.96516129,2.75,10.0425,180.0,3.141592654,10.0,0.174532925,0.0,False,False
351,117,scene_1.2,scene_1.2_y01,5,route_right,91.96516129,2.75,10.0425,215.0,3.752457892,10.0,0.174532925,35.0,False,False
352,118,scene_1.2,scene_1.2_y01,5,route_left,91.96516129,2.75,10.525,145.0,2.530727415,10.0,0.174532925,-35.0,False,False
353,118,scene_1.2,scene_1.2_y01,5,route_forward,91.96516129,2.75,10.525,180.0,3.141592654,10.0,0.174532925,0.0,False,False
354,118,scene_1.2,scene_1.2_y01,5,route_right,91.96516129,2.75,10.525,215.0,3.752457892,10.0,0.174532925,35.0,False,False
355,119,scene_1.2,scene_1.2_y01,5,route_left,91.96516129,2.75,11.0075,145.0,2.530727415,10.0,0.174532925,-35.0,False,False
356,119,scene_1.2,scene_1.2_y01,5,route_forward,91.96516129,2.75,11.0075,180.0,3.141592654,10.0,0.174532925,0.0,False,False
357,119,scene_1.2,scene_1.2_y01,5,route_right,91.96516129,2.75,11.0075,215.0,3.752457892,10.0,0.174532925,35.0,False,False
358,120,scene_1.2,scene_1.2_y01,5,route_left,91.96516129,2.75,11.49,55.0,0.959931089,10.0,0.174532925,-35.0,False,False
359,120,scene_1.2,scene_1.2_y01,5,route_forward,91.96516129,2.75,11.49,90.0,1.570796327,10.0,0.174532925,0.0,False,False
360,120,scene_1.2,scene_1.2_y01,5,route_right,91.96516129,2.75,11.49,125.0,2.181661565,10.0,0.174532925,35.0,False,False
361,121,scene_1.2,scene_1.2_y01,5,route_left,90.674516129,2.75,11.49,325.0,5.672320069,10.0,0.174532925,-35.0,True,False
362,121,scene_1.2,scene_1.2_y01,5,route_forward,90.674516129,2.75,11.49,0.0,0.0,10.0,0.174532925,0.0,True,False
363,121,scene_1.2,scene_1.2_y01,5,route_right,90.674516129,2.75,11.49,35.0,0.610865238,10.0,0.174532925,35.0,True,False
364,122,scene_1.2,scene_1.2_y01,5,route_left,90.674516129,2.75,11.0075,325.0,5.672320069,10.0,0.174532925,-35.0,True,False
365,122,scene_1.2,scene_1.2_y01,5,route_forward,90.674516129,2.75,11.0075,0.0,0.0,10.0,0.174532925,0.0,True,False
366,122,scene_1.2,scene_1.2_y01,5,route_right,90.674516129,2.75,11.0075,35.0,0.610865238,10.0,0.174532925,35.0,True,False
367,123,scene_1.2,scene_1.2_y01,5,route_left,90.674516129,2.75,10.525,325.0,5.672320069,10.0,0.174532925,-35.0,True,False
368,123,scene_1.2,scene_1.2_y01,5,route_forward,90.674516129,2.75,10.525,0.0,0.0,10.0,0.174532925,0.0,True,False
369,123,scene_1.2,scene_1.2_y01,5,route_right,90.674516129,2.75,10.525,35.0,0.610865238,10.0,0.174532925,35.0,True,False
370,124,scene_1.2,scene_1.2_y01,5,route_left,90.674516129,2.75,10.0425,325.0,5.672320069,10.0,0.174532925,-35.0,True,False
371,124,scene_1.2,scene_1.2_y01,5,route_forward,90.674516129,2.75,10.0425,0.0,0.0,10.0,0.174532925,0.0,True,False
372,124,scene_1.2,scene_1.2_y01,5,route_right,90.674516129,2.75,10.0425,35.0,0.610865238,10.0,0.174532925,35.0,True,False
373,125,scene_1.2,scene_1.2_y01,5,route_left,90.674516129,2.75,9.56,55.0,0.959931089,10.0,0.174532925,-35.0,True,False
374,125,scene_1.2,scene_1.2_y01,5,route_forward,90.674516129,2.75,9.56,90.0,1.570796327,10.0,0.174532925,0.0,True,False
375,125,scene_1.2,scene_1.2_y01,5,route_right,90.674516129,2.75,9.56,125.0,2.181661565,10.0,0.174532925,35.0,True,False
376,126,scene_1.2,scene_1.2_y01,5,route_left,89.383870968,2.75,9.56,145.0,2.530727415,10.0,0.174532925,-35.0,False,False
377,126,scene_1.2,scene_1.2_y01,5,route_forward,89.383870968,2.75,9.56,180.0,3.141592654,10.0,0.174532925,0.0,False,False
378,126,scene_1.2,scene_1.2_y01,5,route_right,89.383870968,2.75,9.56,215.0,3.752457892,10.0,0.174532925,35.0,False,False
379,127,scene_1.2,scene_1.2_y01,5,route_left,89.383870968,2.75,10.0425,145.0,2.530727415,10.0,0.174532925,-35.0,False,False
380,127,scene_1.2,scene_1.2_y01,5,route_forward,89.383870968,2.75,10.0425,180.0,3.141592654,10.0,0.174532925,0.0,False,False
381,127,scene_1.2,scene_1.2_y01,5,route_right,89.383870968,2.75,10.0425,215.0,3.752457892,10.0,0.174532925,35.0,False,False
382,128,scene_1.2,scene_1.2_y01,5,route_left,89.383870968,2.75,10.525,145.0,2.530727415,10.0,0.174532925,-35.0,False,False
383,128,scene_1.2,scene_1.2_y01,5,route_forward,89.383870968,2.75,10.525,180.0,3.141592654,10.0,0.174532925,0.0,False,False
384,128,scene_1.2,scene_1.2_y01,5,route_right,89.383870968,2.75,10.525,215.0,3.752457892,10.0,0.174532925,35.0,False,False
385,129,scene_1.2,scene_1.2_y01,5,route_left,89.383870968,2.75,11.0075,145.0,2.530727415,10.0,0.174532925,-35.0,False,False
386,129,scene_1.2,scene_1.2_y01,5,route_forward,89.383870968,2.75,11.0075,180.0,3.141592654,10.0,0.174532925,0.0,False,False
387,129,scene_1.2,scene_1.2_y01,5,route_right,89.383870968,2.75,11.0075,215.0,3.752457892,10.0,0.174532925,35.0,False,False
388,130,scene_1.2,scene_1.2_y01,5,route_left,89.383870968,2.75,11.49,55.0,0.959931089,10.0,0.174532925,-35.0,False,False
389,130,scene_1.2,scene_1.2_y01,5,route_forward,89.383870968,2.75,11.49,90.0,1.570796327,10.0,0.174532925,0.0,False,False
390,130,scene_1.2,scene_1.2_y01,5,route_right,89.383870968,2.75,11.49,125.0,2.181661565,10.0,0.174532925,35.0,False,False
391,131,scene_1.2,scene_1.2_y01,5,route_left,88.093225806,2.75,11.49,325.0,5.672320069,10.0,0.174532925,-35.0,True,False
392,131,scene_1.2,scene_1.2_y01,5,route_forward,88.093225806,2.75,11.49,0.0,0.0,10.0,0.174532925,0.0,True,False
393,131,scene_1.2,scene_1.2_y01,5,route_right,88.093225806,2.75,11.49,35.0,0.610865238,10.0,0.174532925,35.0,True,False
394,132,scene_1.2,scene_1.2_y01,5,route_left,88.093225806,2.75,11.0075,325.0,5.672320069,10.0,0.174532925,-35.0,True,False
395,132,scene_1.2,scene_1.2_y01,5,route_forward,88.093225806,2.75,11.0075,0.0,0.0,10.0,0.174532925,0.0,True,False
396,132,scene_1.2,scene_1.2_y01,5,route_right,88.093225806,2.75,11.0075,35.0,0.610865238,10.0,0.174532925,35.0,True,False
397,133,scene_1.2,scene_1.2_y01,5,route_left,88.093225806,2.75,10.525,325.0,5.672320069,10.0,0.174532925,-35.0,True,False
398,133,scene_1.2,scene_1.2_y01,5,route_forward,88.093225806,2.75,10.525,0.0,0.0,10.0,0.174532925,0.0,True,False
399,133,scene_1.2,scene_1.2_y01,5,route_right,88.093225806,2.75,10.525,35.0,0.610865238,10.0,0.174532925,35.0,True,False
400,134,scene_1.2,scene_1.2_y01,5,route_left,88.093225806,2.75,10.0425,325.0,5.672320069,10.0,0.174532925,-35.0,True,False
401,134,scene_1.2,scene_1.2_y01,5,route_forward,88.093225806,2.75,10.0425,0.0,0.0,10.0,0.174532925,0.0,True,False
402,134,scene_1.2,scene_1.2_y01,5,route_right,88.093225806,2.75,10.0425,35.0,0.610865238,10.0,0.174532925,35.0,True,False
403,135,scene_1.2,scene_1.2_y01,5,route_left,88.093225806,2.75,9.56,55.0,0.959931089,10.0,0.174532925,-35.0,True,False
404,135,scene_1.2,scene_1.2_y01,5,route_forward,88.093225806,2.75,9.56,90.0,1.570796327,10.0,0.174532925,0.0,True,False
405,135,scene_1.2,scene_1.2_y01,5,route_right,88.093225806,2.75,9.56,125.0,2.181661565,10.0,0.174532925,35.0,True,False
406,136,scene_1.2,scene_1.2_y01,5,route_left,86.802580645,2.75,9.56,145.0,2.530727415,10.0,0.174532925,-35.0,False,False
407,136,scene_1.2,scene_1.2_y01,5,route_forward,86.802580645,2.75,9.56,180.0,3.141592654,10.0,0.174532925,0.0,False,False
408,136,scene_1.2,scene_1.2_y01,5,route_right,86.802580645,2.75,9.56,215.0,3.752457892,10.0,0.174532925,35.0,False,False
409,137,scene_1.2,scene_1.2_y01,5,route_left,86.802580645,2.75,10.0425,145.0,2.530727415,10.0,0.174532925,-35.0,False,False
410,137,scene_1.2,scene_1.2_y01,5,route_forward,86.802580645,2.75,10.0425,180.0,3.141592654,10.0,0.174532925,0.0,False,False
411,137,scene_1.2,scene_1.2_y01,5,route_right,86.802580645,2.75,10.0425,215.0,3.752457892,10.0,0.174532925,35.0,False,False
412,138,scene_1.2,scene_1.2_y01,5,route_left,86.802580645,2.75,10.525,145.0,2.530727415,10.0,0.174532925,-35.0,False,False
413,138,scene_1.2,scene_1.2_y01,5,route_forward,86.802580645,2.75,10.525,180.0,3.141592654,10.0,0.174532925,0.0,False,False
414,138,scene_1.2,scene_1.2_y01,5,route_right,86.802580645,2.75,10.525,215.0,3.752457892,10.0,0.174532925,35.0,False,False
415,139,scene_1.2,scene_1.2_y01,5,route_left,86.802580645,2.75,11.0075,145.0,2.530727415,10.0,0.174532925,-35.0,False,False
416,139,scene_1.2,scene_1.2_y01,5,route_forward,86.802580645,2.75,11.0075,180.0,3.141592654,10.0,0.174532925,0.0,False,False
417,139,scene_1.2,scene_1.2_y01,5,route_right,86.802580645,2.75,11.0075,215.0,3.752457892,10.0,0.174532925,35.0,False,False
418,140,scene_1.2,scene_1.2_y01,5,route_left,86.802580645,2.75,11.49,55.0,0.959931089,10.0,0.174532925,-35.0,False,False
419,140,scene_1.2,scene_1.2_y01,5,route_forward,86.802580645,2.75,11.49,90.0,1.570796327,10.0,0.174532925,0.0,False,False
420,140,scene_1.2,scene_1.2_y01,5,route_right,86.802580645,2.75,11.49,125.0,2.181661565,10.0,0.174532925,35.0,False,False
421,141,scene_1.2,scene_1.2_y01,5,route_left,85.511935484,2.75,11.49,325.0,5.672320069,10.0,0.174532925,-35.0,True,False
422,141,scene_1.2,scene_1.2_y01,5,route_forward,85.511935484,2.75,11.49,0.0,0.0,10.0,0.174532925,0.0,True,False
423,141,scene_1.2,scene_1.2_y01,5,route_right,85.511935484,2.75,11.49,35.0,0.610865238,10.0,0.174532925,35.0,True,False
424,142,scene_1.2,scene_1.2_y01,5,route_left,85.511935484,2.75,11.0075,325.0,5.672320069,10.0,0.174532925,-35.0,True,False
425,142,scene_1.2,scene_1.2_y01,5,route_forward,85.511935484,2.75,11.0075,0.0,0.0,10.0,0.174532925,0.0,True,False
426,142,scene_1.2,scene_1.2_y01,5,route_right,85.511935484,2.75,11.0075,35.0,0.610865238,10.0,0.174532925,35.0,True,False
427,143,scene_1.2,scene_1.2_y01,5,route_left,85.511935484,2.75,10.525,325.0,5.672320069,10.0,0.174532925,-35.0,True,False
428,143,scene_1.2,scene_1.2_y01,5,route_forward,85.511935484,2.75,10.525,0.0,0.0,10.0,0.174532925,0.0,True,False
429,143,scene_1.2,scene_1.2_y01,5,route_right,85.511935484,2.75,10.525,35.0,0.610865238,10.0,0.174532925,35.0,True,False
430,144,scene_1.2,scene_1.2_y01,5,route_left,85.511935484,2.75,10.0425,325.0,5.672320069,10.0,0.174532925,-35.0,True,False
431,144,scene_1.2,scene_1.2_y01,5,route_forward,85.511935484,2.75,10.0425,0.0,0.0,10.0,0.174532925,0.0,True,False
432,144,scene_1.2,scene_1.2_y01,5,route_right,85.511935484,2.75,10.0425,35.0,0.610865238,10.0,0.174532925,35.0,True,False
433,145,scene_1.2,scene_1.2_y01,5,route_left,85.511935484,2.75,9.56,55.0,0.959931089,10.0,0.174532925,-35.0,True,False
434,145,scene_1.2,scene_1.2_y01,5,route_forward,85.511935484,2.75,9.56,90.0,1.570796327,10.0,0.174532925,0.0,True,False
435,145,scene_1.2,scene_1.2_y01,5,route_right,85.511935484,2.75,9.56,125.0,2.181661565,10.0,0.174532925,35.0,True,False
436,146,scene_1.2,scene_1.2_y01,5,route_left,84.221290323,2.75,9.56,145.0,2.530727415,10.0,0.174532925,-35.0,False,False
437,146,scene_1.2,scene_1.2_y01,5,route_forward,84.221290323,2.75,9.56,180.0,3.141592654,10.0,0.174532925,0.0,False,False
438,146,scene_1.2,scene_1.2_y01,5,route_right,84.221290323,2.75,9.56,215.0,3.752457892,10.0,0.174532925,35.0,False,False
439,147,scene_1.2,scene_1.2_y01,5,route_left,84.221290323,2.75,10.0425,145.0,2.530727415,10.0,0.174532925,-35.0,False,False
440,147,scene_1.2,scene_1.2_y01,5,route_forward,84.221290323,2.75,10.0425,180.0,3.141592654,10.0,0.174532925,0.0,False,False
441,147,scene_1.2,scene_1.2_y01,5,route_right,84.221290323,2.75,10.0425,215.0,3.752457892,10.0,0.174532925,35.0,False,False
442,148,scene_1.2,scene_1.2_y01,5,route_left,84.221290323,2.75,10.525,145.0,2.530727415,10.0,0.174532925,-35.0,False,False
443,148,scene_1.2,scene_1.2_y01,5,route_forward,84.221290323,2.75,10.525,180.0,3.141592654,10.0,0.174532925,0.0,False,False
444,148,scene_1.2,scene_1.2_y01,5,route_right,84.221290323,2.75,10.525,215.0,3.752457892,10.0,0.174532925,35.0,False,False
445,149,scene_1.2,scene_1.2_y01,5,route_left,84.221290323,2.75,11.0075,145.0,2.530727415,10.0,0.174532925,-35.0,False,False
446,149,scene_1.2,scene_1.2_y01,5,route_forward,84.221290323,2.75,11.0075,180.0,3.141592654,10.0,0.174532925,0.0,False,False
447,149,scene_1.2,scene_1.2_y01,5,route_right,84.221290323,2.75,11.0075,215.0,3.752457892,10.0,0.174532925,35.0,False,False
448,150,scene_1.2,scene_1.2_y01,5,route_left,84.221290323,2.75,11.49,55.0,0.959931089,10.0,0.174532925,-35.0,False,False
449,150,scene_1.2,scene_1.2_y01,5,route_forward,84.221290323,2.75,11.49,90.0,1.570796327,10.0,0.174532925,0.0,False,False
450,150,scene_1.2,scene_1.2_y01,5,route_right,84.221290323,2.75,11.49,125.0,2.181661565,10.0,0.174532925,35.0,False,False
451,151,scene_1.2,scene_1.2_y01,5,route_left,82.930645161,2.75,11.49,325.0,5.672320069,10.0,0.174532925,-35.0,True,False
452,151,scene_1.2,scene_1.2_y01,5,route_forward,82.930645161,2.75,11.49,0.0,0.0,10.0,0.174532925,0.0,True,False
453,151,scene_1.2,scene_1.2_y01,5,route_right,82.930645161,2.75,11.49,35.0,0.610865238,10.0,0.174532925,35.0,True,False
454,152,scene_1.2,scene_1.2_y01,5,route_left,82.930645161,2.75,11.0075,325.0,5.672320069,10.0,0.174532925,-35.0,True,False
455,152,scene_1.2,scene_1.2_y01,5,route_forward,82.930645161,2.75,11.0075,0.0,0.0,10.0,0.174532925,0.0,True,False
456,152,scene_1.2,scene_1.2_y01,5,route_right,82.930645161,2.75,11.0075,35.0,0.610865238,10.0,0.174532925,35.0,True,False
457,153,scene_1.2,scene_1.2_y01,5,route_left,82.930645161,2.75,10.525,325.0,5.672320069,10.0,0.174532925,-35.0,True,False
458,153,scene_1.2,scene_1.2_y01,5,route_forward,82.930645161,2.75,10.525,0.0,0.0,10.0,0.174532925,0.0,True,False
459,153,scene_1.2,scene_1.2_y01,5,route_right,82.930645161,2.75,10.525,35.0,0.610865238,10.0,0.174532925,35.0,True,False
460,154,scene_1.2,scene_1.2_y01,5,route_left,82.930645161,2.75,10.0425,325.0,5.672320069,10.0,0.174532925,-35.0,True,False
461,154,scene_1.2,scene_1.2_y01,5,route_forward,82.930645161,2.75,10.0425,0.0,0.0,10.0,0.174532925,0.0,True,False
462,154,scene_1.2,scene_1.2_y01,5,route_right,82.930645161,2.75,10.0425,35.0,0.610865238,10.0,0.174532925,35.0,True,False
463,155,scene_1.2,scene_1.2_y01,5,route_left,82.930645161,2.75,9.56,55.0,0.959931089,10.0,0.174532925,-35.0,True,False
464,155,scene_1.2,scene_1.2_y01,5,route_forward,82.930645161,2.75,9.56,90.0,1.570796327,10.0,0.174532925,0.0,True,False
465,155,scene_1.2,scene_1.2_y01,5,route_right,82.930645161,2.75,9.56,125.0,2.181661565,10.0,0.174532925,35.0,True,False
466,156,scene_1.2,scene_1.2_y01,5,route_left,81.64,2.75,9.56,145.0,2.530727415,10.0,0.174532925,-35.0,False,False
467,156,scene_1.2,scene_1.2_y01,5,route_forward,81.64,2.75,9.56,180.0,3.141592654,10.0,0.174532925,0.0,False,False
468,156,scene_1.2,scene_1.2_y01,5,route_right,81.64,2.75,9.56,215.0,3.752457892,10.0,0.174532925,35.0,False,False
469,157,scene_1.2,scene_1.2_y01,5,route_left,81.64,2.75,10.0425,145.0,2.530727415,10.0,0.174532925,-35.0,False,False
470,157,scene_1.2,scene_1.2_y01,5,route_forward,81.64,2.75,10.0425,180.0,3.141592654,10.0,0.174532925,0.0,False,False
471,157,scene_1.2,scene_1.2_y01,5,route_right,81.64,2.75,10.0425,215.0,3.752457892,10.0,0.174532925,35.0,False,False
472,158,scene_1.2,scene_1.2_y01,5,route_left,81.64,2.75,10.525,145.0,2.530727415,10.0,0.174532925,-35.0,False,False
473,158,scene_1.2,scene_1.2_y01,5,route_forward,81.64,2.75,10.525,180.0,3.141592654,10.0,0.174532925,0.0,False,False
474,158,scene_1.2,scene_1.2_y01,5,route_right,81.64,2.75,10.525,215.0,3.752457892,10.0,0.174532925,35.0,False,False
475,159,scene_1.2,scene_1.2_y01,5,route_left,81.64,2.75,11.0075,145.0,2.530727415,10.0,0.174532925,-35.0,False,False
476,159,scene_1.2,scene_1.2_y01,5,route_forward,81.64,2.75,11.0075,180.0,3.141592654,10.0,0.174532925,0.0,False,False
477,159,scene_1.2,scene_1.2_y01,5,route_right,81.64,2.75,11.0075,215.0,3.752457892,10.0,0.174532925,35.0,False,False
478,160,scene_1.2,scene_1.2_y01,5,route_left,81.64,2.75,11.49,55.0,0.959931089,10.0,0.174532925,-35.0,False,False
479,160,scene_1.2,scene_1.2_y01,5,route_forward,81.64,2.75,11.49,90.0,1.570796327,10.0,0.174532925,0.0,False,False
480,160,scene_1.2,scene_1.2_y01,5,route_right,81.64,2.75,11.49,125.0,2.181661565,10.0,0.174532925,35.0,False,False
481,161,scene_1.2,scene_1.2_y01,5,route_left,80.349354839,2.75,11.49,325.0,5.672320069,10.0,0.174532925,-35.0,True,False
482,161,scene_1.2,scene_1.2_y01,5,route_forward,80.349354839,2.75,11.49,0.0,0.0,10.0,0.174532925,0.0,True,False
483,161,scene_1.2,scene_1.2_y01,5,route_right,80.349354839,2.75,11.49,35.0,0.610865238,10.0,0.174532925,35.0,True,False
484,162,scene_1.2,scene_1.2_y01,5,route_left,80.349354839,2.75,11.0075,325.0,5.672320069,10.0,0.174532925,-35.0,True,False
485,162,scene_1.2,scene_1.2_y01,5,route_forward,80.349354839,2.75,11.0075,0.0,0.0,10.0,0.174532925,0.0,True,False
486,162,scene_1.2,scene_1.2_y01,5,route_right,80.349354839,2.75,11.0075,35.0,0.610865238,10.0,0.174532925,35.0,True,False
487,163,scene_1.2,scene_1.2_y01,5,route_left,80.349354839,2.75,10.525,325.0,5.672320069,10.0,0.174532925,-35.0,True,False
488,163,scene_1.2,scene_1.2_y01,5,route_forward,80.349354839,2.75,10.525,0.0,0.0,10.0,0.174532925,0.0,True,False
489,163,scene_1.2,scene_1.2_y01,5,route_right,80.349354839,2.75,10.525,35.0,0.610865238,10.0,0.174532925,35.0,True,False
490,164,scene_1.2,scene_1.2_y01,5,route_left,80.349354839,2.75,10.0425,325.0,5.672320069,10.0,0.174532925,-35.0,True,False
491,164,scene_1.2,scene_1.2_y01,5,route_forward,80.349354839,2.75,10.0425,0.0,0.0,10.0,0.174532925,0.0,True,False
492,164,scene_1.2,scene_1.2_y01,5,route_right,80.349354839,2.75,10.0425,35.0,0.610865238,10.0,0.174532925,35.0,True,False
493,165,scene_1.2,scene_1.2_y01,5,route_left,80.349354839,2.75,9.56,55.0,0.959931089,10.0,0.174532925,-35.0,True,False
494,165,scene_1.2,scene_1.2_y01,5,route_forward,80.349354839,2.75,9.56,90.0,1.570796327,10.0,0.174532925,0.0,True,False
495,165,scene_1.2,scene_1.2_y01,5,route_right,80.349354839,2.75,9.56,125.0,2.181661565,10.0,0.174532925,35.0,True,False
496,166,scene_1.2,scene_1.2_y01,5,route_left,79.058709677,2.75,9.56,145.0,2.530727415,10.0,0.174532925,-35.0,False,False
497,166,scene_1.2,scene_1.2_y01,5,route_forward,79.058709677,2.75,9.56,180.0,3.141592654,10.0,0.174532925,0.0,False,False
498,166,scene_1.2,scene_1.2_y01,5,route_right,79.058709677,2.75,9.56,215.0,3.752457892,10.0,0.174532925,35.0,False,False
499,167,scene_1.2,scene_1.2_y01,5,route_left,79.058709677,2.75,10.0425,145.0,2.530727415,10.0,0.174532925,-35.0,False,False
500,167,scene_1.2,scene_1.2_y01,5,route_forward,79.058709677,2.75,10.0425,180.0,3.141592654,10.0,0.174532925,0.0,False,False
501,167,scene_1.2,scene_1.2_y01,5,route_right,79.058709677,2.75,10.0425,215.0,3.752457892,10.0,0.174532925,35.0,False,False
502,168,scene_1.2,scene_1.2_y01,5,route_left,79.058709677,2.75,10.525,145.0,2.530727415,10.0,0.174532925,-35.0,False,False
503,168,scene_1.2,scene_1.2_y01,5,route_forward,79.058709677,2.75,10.525,180.0,3.141592654,10.0,0.174532925,0.0,False,False
504,168,scene_1.2,scene_1.2_y01,5,route_right,79.058709677,2.75,10.525,215.0,3.752457892,10.0,0.174532925,35.0,False,False
505,169,scene_1.2,scene_1.2_y01,5,route_left,79.058709677,2.75,11.0075,145.0,2.530727415,10.0,0.174532925,-35.0,False,False
506,169,scene_1.2,scene_1.2_y01,5,route_forward,79.058709677,2.75,11.0075,180.0,3.141592654,10.0,0.174532925,0.0,False,False
507,169,scene_1.2,scene_1.2_y01,5,route_right,79.058709677,2.75,11.0075,215.0,3.752457892,10.0,0.174532925,35.0,False,False
508,170,scene_1.2,scene_1.2_y01,5,route_left,79.058709677,2.75,11.49,55.0,0.959931089,10.0,0.174532925,-35.0,False,False
509,170,scene_1.2,scene_1.2_y01,5,route_forward,79.058709677,2.75,11.49,90.0,1.570796327,10.0,0.174532925,0.0,False,False
510,170,scene_1.2,scene_1.2_y01,5,route_right,79.058709677,2.75,11.49,125.0,2.181661565,10.0,0.174532925,35.0,False,False
511,171,scene_1.2,scene_1.2_y01,5,route_left,77.768064516,2.75,11.49,325.0,5.672320069,10.0,0.174532925,-35.0,True,False
512,171,scene_1.2,scene_1.2_y01,5,route_forward,77.768064516,2.75,11.49,0.0,0.0,10.0,0.174532925,0.0,True,False
513,171,scene_1.2,scene_1.2_y01,5,route_right,77.768064516,2.75,11.49,35.0,0.610865238,10.0,0.174532925,35.0,True,False
514,172,scene_1.2,scene_1.2_y01,5,route_left,77.768064516,2.75,11.0075,325.0,5.672320069,10.0,0.174532925,-35.0,True,False
515,172,scene_1.2,scene_1.2_y01,5,route_forward,77.768064516,2.75,11.0075,0.0,0.0,10.0,0.174532925,0.0,True,False
516,172,scene_1.2,scene_1.2_y01,5,route_right,77.768064516,2.75,11.0075,35.0,0.610865238,10.0,0.174532925,35.0,True,False
517,173,scene_1.2,scene_1.2_y01,5,route_left,77.768064516,2.75,10.525,325.0,5.672320069,10.0,0.174532925,-35.0,True,False
518,173,scene_1.2,scene_1.2_y01,5,route_forward,77.768064516,2.75,10.525,0.0,0.0,10.0,0.174532925,0.0,True,False
519,173,scene_1.2,scene_1.2_y01,5,route_right,77.768064516,2.75,10.525,35.0,0.610865238,10.0,0.174532925,35.0,True,False
520,174,scene_1.2,scene_1.2_y01,5,route_left,77.768064516,2.75,10.0425,325.0,5.672320069,10.0,0.174532925,-35.0,True,False
521,174,scene_1.2,scene_1.2_y01,5,route_forward,77.768064516,2.75,10.0425,0.0,0.0,10.0,0.174532925,0.0,True,False
522,174,scene_1.2,scene_1.2_y01,5,route_right,77.768064516,2.75,10.0425,35.0,0.610865238,10.0,0.174532925,35.0,True,False
523,175,scene_1.2,scene_1.2_y01,5,route_left,77.768064516,2.75,9.56,55.0,0.959931089,10.0,0.174532925,-35.0,True,False
524,175,scene_1.2,scene_1.2_y01,5,route_forward,77.768064516,2.75,9.56,90.0,1.570796327,10.0,0.174532925,0.0,True,False
525,175,scene_1.2,scene_1.2_y01,5,route_right,77.768064516,2.75,9.56,125.0,2.181661565,10.0,0.174532925,35.0,True,False
526,176,scene_1.2,scene_1.2_y01,5,route_left,76.477419355,2.75,9.56,145.0,2.530727415,10.0,0.174532925,-35.0,False,False
527,176,scene_1.2,scene_1.2_y01,5,route_forward,76.477419355,2.75,9.56,180.0,3.141592654,10.0,0.174532925,0.0,False,False
528,176,scene_1.2,scene_1.2_y01,5,route_right,76.477419355,2.75,9.56,215.0,3.752457892,10.0,0.174532925,35.0,False,False
529,177,scene_1.2,scene_1.2_y01,5,route_left,76.477419355,2.75,10.0425,145.0,2.530727415,10.0,0.174532925,-35.0,False,False
530,177,scene_1.2,scene_1.2_y01,5,route_forward,76.477419355,2.75,10.0425,180.0,3.141592654,10.0,0.174532925,0.0,False,False
531,177,scene_1.2,scene_1.2_y01,5,route_right,76.477419355,2.75,10.0425,215.0,3.752457892,10.0,0.174532925,35.0,False,False
532,178,scene_1.2,scene_1.2_y01,5,route_left,76.477419355,2.75,10.525,145.0,2.530727415,10.0,0.174532925,-35.0,False,False
533,178,scene_1.2,scene_1.2_y01,5,route_forward,76.477419355,2.75,10.525,180.0,3.141592654,10.0,0.174532925,0.0,False,False
534,178,scene_1.2,scene_1.2_y01,5,route_right,76.477419355,2.75,10.525,215.0,3.752457892,10.0,0.174532925,35.0,False,False
535,179,scene_1.2,scene_1.2_y01,5,route_left,76.477419355,2.75,11.0075,145.0,2.530727415,10.0,0.174532925,-35.0,False,False
536,179,scene_1.2,scene_1.2_y01,5,route_forward,76.477419355,2.75,11.0075,180.0,3.141592654,10.0,0.174532925,0.0,False,False
537,179,scene_1.2,scene_1.2_y01,5,route_right,76.477419355,2.75,11.0075,215.0,3.752457892,10.0,0.174532925,35.0,False,False
538,180,scene_1.2,scene_1.2_y01,5,route_left,76.477419355,2.75,11.49,55.0,0.959931089,10.0,0.174532925,-35.0,False,False
539,180,scene_1.2,scene_1.2_y01,5,route_forward,76.477419355,2.75,11.49,90.0,1.570796327,10.0,0.174532925,0.0,False,False
540,180,scene_1.2,scene_1.2_y01,5,route_right,76.477419355,2.75,11.49,125.0,2.181661565,10.0,0.174532925,35.0,False,False
541,181,scene_1.2,scene_1.2_y01,5,route_left,75.186774194,2.75,11.49,325.0,5.672320069,10.0,0.174532925,-35.0,True,False
542,181,scene_1.2,scene_1.2_y01,5,route_forward,75.186774194,2.75,11.49,0.0,0.0,10.0,0.174532925,0.0,True,False
543,181,scene_1.2,scene_1.2_y01,5,route_right,75.186774194,2.75,11.49,35.0,0.610865238,10.0,0.174532925,35.0,True,False
544,182,scene_1.2,scene_1.2_y01,5,route_left,75.186774194,2.75,11.0075,325.0,5.672320069,10.0,0.174532925,-35.0,True,False
545,182,scene_1.2,scene_1.2_y01,5,route_forward,75.186774194,2.75,11.0075,0.0,0.0,10.0,0.174532925,0.0,True,False
546,182,scene_1.2,scene_1.2_y01,5,route_right,75.186774194,2.75,11.0075,35.0,0.610865238,10.0,0.174532925,35.0,True,False
547,183,scene_1.2,scene_1.2_y01,5,route_left,75.186774194,2.75,10.525,325.0,5.672320069,10.0,0.174532925,-35.0,True,False
548,183,scene_1.2,scene_1.2_y01,5,route_forward,75.186774194,2.75,10.525,0.0,0.0,10.0,0.174532925,0.0,True,False
549,183,scene_1.2,scene_1.2_y01,5,route_right,75.186774194,2.75,10.525,35.0,0.610865238,10.0,0.174532925,35.0,True,False
550,184,scene_1.2,scene_1.2_y01,5,route_left,75.186774194,2.75,10.0425,325.0,5.672320069,10.0,0.174532925,-35.0,True,False
551,184,scene_1.2,scene_1.2_y01,5,route_forward,75.186774194,2.75,10.0425,0.0,0.0,10.0,0.174532925,0.0,True,False
552,184,scene_1.2,scene_1.2_y01,5,route_right,75.186774194,2.75,10.0425,35.0,0.610865238,10.0,0.174532925,35.0,True,False
553,185,scene_1.2,scene_1.2_y01,5,route_left,75.186774194,2.75,9.56,55.0,0.959931089,10.0,0.174532925,-35.0,True,False
554,185,scene_1.2,scene_1.2_y01,5,route_forward,75.186774194,2.75,9.56,90.0,1.570796327,10.0,0.174532925,0.0,True,False
555,185,scene_1.2,scene_1.2_y01,5,route_right,75.186774194,2.75,9.56,125.0,2.181661565,10.0,0.174532925,35.0,True,False
556,186,scene_1.2,scene_1.2_y01,5,route_left,73.896129032,2.75,9.56,145.0,2.530727415,10.0,0.174532925,-35.0,False,False
557,186,scene_1.2,scene_1.2_y01,5,route_forward,73.896129032,2.75,9.56,180.0,3.141592654,10.0,0.174532925,0.0,False,False
558,186,scene_1.2,scene_1.2_y01,5,route_right,73.896129032,2.75,9.56,215.0,3.752457892,10.0,0.174532925,35.0,False,False
559,187,scene_1.2,scene_1.2_y01,5,route_left,73.896129032,2.75,10.0425,145.0,2.530727415,10.0,0.174532925,-35.0,False,False
560,187,scene_1.2,scene_1.2_y01,5,route_forward,73.896129032,2.75,10.0425,180.0,3.141592654,10.0,0.174532925,0.0,False,False
561,187,scene_1.2,scene_1.2_y01,5,route_right,73.896129032,2.75,10.0425,215.0,3.752457892,10.0,0.174532925,35.0,False,False
562,188,scene_1.2,scene_1.2_y01,5,route_left,73.896129032,2.75,10.525,145.0,2.530727415,10.0,0.174532925,-35.0,False,False
563,188,scene_1.2,scene_1.2_y01,5,route_forward,73.896129032,2.75,10.525,180.0,3.141592654,10.0,0.174532925,0.0,False,False
564,188,scene_1.2,scene_1.2_y01,5,route_right,73.896129032,2.75,10.525,215.0,3.752457892,10.0,0.174532925,35.0,False,False
565,189,scene_1.2,scene_1.2_y01,5,route_left,73.896129032,2.75,11.0075,145.0,2.530727415,10.0,0.174532925,-35.0,False,False
566,189,scene_1.2,scene_1.2_y01,5,route_forward,73.896129032,2.75,11.0075,180.0,3.141592654,10.0,0.174532925,0.0,False,False
567,189,scene_1.2,scene_1.2_y01,5,route_right,73.896129032,2.75,11.0075,215.0,3.752457892,10.0,0.174532925,35.0,False,False
568,190,scene_1.2,scene_1.2_y01,5,route_left,73.896129032,2.75,11.49,55.0,0.959931089,10.0,0.174532925,-35.0,False,False
569,190,scene_1.2,scene_1.2_y01,5,route_forward,73.896129032,2.75,11.49,90.0,1.570796327,10.0,0.174532925,0.0,False,False
570,190,scene_1.2,scene_1.2_y01,5,route_right,73.896129032,2.75,11.49,125.0,2.181661565,10.0,0.174532925,35.0,False,False
571,191,scene_1.2,scene_1.2_y01,5,route_left,72.605483871,2.75,11.49,325.0,5.672320069,10.0,0.174532925,-35.0,True,False
572,191,scene_1.2,scene_1.2_y01,5,route_forward,72.605483871,2.75,11.49,0.0,0.0,10.0,0.174532925,0.0,True,False
573,191,scene_1.2,scene_1.2_y01,5,route_right,72.605483871,2.75,11.49,35.0,0.610865238,10.0,0.174532925,35.0,True,False
574,192,scene_1.2,scene_1.2_y01,5,route_left,72.605483871,2.75,11.0075,325.0,5.672320069,10.0,0.174532925,-35.0,True,False
575,192,scene_1.2,scene_1.2_y01,5,route_forward,72.605483871,2.75,11.0075,0.0,0.0,10.0,0.174532925,0.0,True,False
576,192,scene_1.2,scene_1.2_y01,5,route_right,72.605483871,2.75,11.0075,35.0,0.610865238,10.0,0.174532925,35.0,True,False
577,193,scene_1.2,scene_1.2_y01,5,route_left,72.605483871,2.75,10.525,325.0,5.672320069,10.0,0.174532925,-35.0,True,False
578,193,scene_1.2,scene_1.2_y01,5,route_forward,72.605483871,2.75,10.525,0.0,0.0,10.0,0.174532925,0.0,True,False
579,193,scene_1.2,scene_1.2_y01,5,route_right,72.605483871,2.75,10.525,35.0,0.610865238,10.0,0.174532925,35.0,True,False
580,194,scene_1.2,scene_1.2_y01,5,route_left,72.605483871,2.75,10.0425,325.0,5.672320069,10.0,0.174532925,-35.0,True,False
581,194,scene_1.2,scene_1.2_y01,5,route_forward,72.605483871,2.75,10.0425,0.0,0.0,10.0,0.174532925,0.0,True,False
582,194,scene_1.2,scene_1.2_y01,5,route_right,72.605483871,2.75,10.0425,35.0,0.610865238,10.0,0.174532925,35.0,True,False
583,195,scene_1.2,scene_1.2_y01,5,route_left,72.605483871,2.75,9.56,55.0,0.959931089,10.0,0.174532925,-35.0,True,False
584,195,scene_1.2,scene_1.2_y01,5,route_forward,72.605483871,2.75,9.56,90.0,1.570796327,10.0,0.174532925,0.0,True,False
585,195,scene_1.2,scene_1.2_y01,5,route_right,72.605483871,2.75,9.56,125.0,2.181661565,10.0,0.174532925,35.0,True,False
586,196,scene_1.2,scene_1.2_y01,5,route_left,71.31483871,2.75,9.56,145.0,2.530727415,10.0,0.174532925,-35.0,False,False
587,196,scene_1.2,scene_1.2_y01,5,route_forward,71.31483871,2.75,9.56,180.0,3.141592654,10.0,0.174532925,0.0,False,False
588,196,scene_1.2,scene_1.2_y01,5,route_right,71.31483871,2.75,9.56,215.0,3.752457892,10.0,0.174532925,35.0,False,False
589,197,scene_1.2,scene_1.2_y01,5,route_left,71.31483871,2.75,10.0425,145.0,2.530727415,10.0,0.174532925,-35.0,False,False
590,197,scene_1.2,scene_1.2_y01,5,route_forward,71.31483871,2.75,10.0425,180.0,3.141592654,10.0,0.174532925,0.0,False,False
591,197,scene_1.2,scene_1.2_y01,5,route_right,71.31483871,2.75,10.0425,215.0,3.752457892,10.0,0.174532925,35.0,False,False
592,198,scene_1.2,scene_1.2_y01,5,route_left,71.31483871,2.75,10.525,145.0,2.530727415,10.0,0.174532925,-35.0,False,False
593,198,scene_1.2,scene_1.2_y01,5,route_forward,71.31483871,2.75,10.525,180.0,3.141592654,10.0,0.174532925,0.0,False,False
594,198,scene_1.2,scene_1.2_y01,5,route_right,71.31483871,2.75,10.525,215.0,3.752457892,10.0,0.174532925,35.0,False,False
595,199,scene_1.2,scene_1.2_y01,5,route_left,71.31483871,2.75,11.0075,145.0,2.530727415,10.0,0.174532925,-35.0,False,False
596,199,scene_1.2,scene_1.2_y01,5,route_forward,71.31483871,2.75,11.0075,180.0,3.141592654,10.0,0.174532925,0.0,False,False
597,199,scene_1.2,scene_1.2_y01,5,route_right,71.31483871,2.75,11.0075,215.0,3.752457892,10.0,0.174532925,35.0,False,False
598,200,scene_1.2,scene_1.2_y01,5,route_left,71.31483871,2.75,11.49,55.0,0.959931089,10.0,0.174532925,-35.0,False,False
599,200,scene_1.2,scene_1.2_y01,5,route_forward,71.31483871,2.75,11.49,90.0,1.570796327,10.0,0.174532925,0.0,False,False
600,200,scene_1.2,scene_1.2_y01,5,route_right,71.31483871,2.75,11.49,125.0,2.181661565,10.0,0.174532925,35.0,False,False
601,201,scene_1.2,scene_1.2_y01,5,route_left,70.024193548,2.75,11.49,325.0,5.672320069,10.0,0.174532925,-35.0,True,False
602,201,scene_1.2,scene_1.2_y01,5,route_forward,70.024193548,2.75,11.49,0.0,0.0,10.0,0.174532925,0.0,True,False
603,201,scene_1.2,scene_1.2_y01,5,route_right,70.024193548,2.75,11.49,35.0,0.610865238,10.0,0.174532925,35.0,True,False
604,202,scene_1.2,scene_1.2_y01,5,route_left,70.024193548,2.75,11.0075,325.0,5.672320069,10.0,0.174532925,-35.0,True,False
605,202,scene_1.2,scene_1.2_y01,5,route_forward,70.024193548,2.75,11.0075,0.0,0.0,10.0,0.174532925,0.0,True,False
606,202,scene_1.2,scene_1.2_y01,5,route_right,70.024193548,2.75,11.0075,35.0,0.610865238,10.0,0.174532925,35.0,True,False
607,203,scene_1.2,scene_1.2_y01,5,route_left,70.024193548,2.75,10.525,325.0,5.672320069,10.0,0.174532925,-35.0,True,False
608,203,scene_1.2,scene_1.2_y01,5,route_forward,70.024193548,2.75,10.525,0.0,0.0,10.0,0.174532925,0.0,True,False
609,203,scene_1.2,scene_1.2_y01,5,route_right,70.024193548,2.75,10.525,35.0,0.610865238,10.0,0.174532925,35.0,True,False
610,204,scene_1.2,scene_1.2_y01,5,route_left,70.024193548,2.75,10.0425,325.0,5.672320069,10.0,0.174532925,-35.0,True,False
611,204,scene_1.2,scene_1.2_y01,5,route_forward,70.024193548,2.75,10.0425,0.0,0.0,10.0,0.174532925,0.0,True,False
612,204,scene_1.2,scene_1.2_y01,5,route_right,70.024193548,2.75,10.0425,35.0,0.610865238,10.0,0.174532925,35.0,True,False
613,205,scene_1.2,scene_1.2_y01,5,route_left,70.024193548,2.75,9.56,55.0,0.959931089,10.0,0.174532925,-35.0,True,False
614,205,scene_1.2,scene_1.2_y01,5,route_forward,70.024193548,2.75,9.56,90.0,1.570796327,10.0,0.174532925,0.0,True,False
615,205,scene_1.2,scene_1.2_y01,5,route_right,70.024193548,2.75,9.56,125.0,2.181661565,10.0,0.174532925,35.0,True,False
616,206,scene_1.2,scene_1.2_y01,5,route_left,68.733548387,2.75,9.56,145.0,2.530727415,10.0,0.174532925,-35.0,False,False
617,206,scene_1.2,scene_1.2_y01,5,route_forward,68.733548387,2.75,9.56,180.0,3.141592654,10.0,0.174532925,0.0,False,False
618,206,scene_1.2,scene_1.2_y01,5,route_right,68.733548387,2.75,9.56,215.0,3.752457892,10.0,0.174532925,35.0,False,False
619,207,scene_1.2,scene_1.2_y01,5,route_left,68.733548387,2.75,10.0425,145.0,2.530727415,10.0,0.174532925,-35.0,False,False
620,207,scene_1.2,scene_1.2_y01,5,route_forward,68.733548387,2.75,10.0425,180.0,3.141592654,10.0,0.174532925,0.0,False,False
621,207,scene_1.2,scene_1.2_y01,5,route_right,68.733548387,2.75,10.0425,215.0,3.752457892,10.0,0.174532925,35.0,False,False
622,208,scene_1.2,scene_1.2_y01,5,route_left,68.733548387,2.75,10.525,145.0,2.530727415,10.0,0.174532925,-35.0,False,False
623,208,scene_1.2,scene_1.2_y01,5,route_forward,68.733548387,2.75,10.525,180.0,3.141592654,10.0,0.174532925,0.0,False,False
624,208,scene_1.2,scene_1.2_y01,5,route_right,68.733548387,2.75,10.525,215.0,3.752457892,10.0,0.174532925,35.0,False,False
625,209,scene_1.2,scene_1.2_y01,5,route_left,68.733548387,2.75,11.0075,145.0,2.530727415,10.0,0.174532925,-35.0,False,False
626,209,scene_1.2,scene_1.2_y01,5,route_forward,68.733548387,2.75,11.0075,180.0,3.141592654,10.0,0.174532925,0.0,False,False
627,209,scene_1.2,scene_1.2_y01,5,route_right,68.733548387,2.75,11.0075,215.0,3.752457892,10.0,0.174532925,35.0,False,False
628,210,scene_1.2,scene_1.2_y01,5,route_left,68.733548387,2.75,11.49,55.0,0.959931089,10.0,0.174532925,-35.0,False,False
629,210,scene_1.2,scene_1.2_y01,5,route_forward,68.733548387,2.75,11.49,90.0,1.570796327,10.0,0.174532925,0.0,False,False
630,210,scene_1.2,scene_1.2_y01,5,route_right,68.733548387,2.75,11.49,125.0,2.181661565,10.0,0.174532925,35.0,False,False
631,211,scene_1.2,scene_1.2_y01,5,route_left,67.442903226,2.75,11.49,325.0,5.672320069,10.0,0.174532925,-35.0,True,False
632,211,scene_1.2,scene_1.2_y01,5,route_forward,67.442903226,2.75,11.49,0.0,0.0,10.0,0.174532925,0.0,True,False
633,211,scene_1.2,scene_1.2_y01,5,route_right,67.442903226,2.75,11.49,35.0,0.610865238,10.0,0.174532925,35.0,True,False
634,212,scene_1.2,scene_1.2_y01,5,route_left,67.442903226,2.75,11.0075,325.0,5.672320069,10.0,0.174532925,-35.0,True,False
635,212,scene_1.2,scene_1.2_y01,5,route_forward,67.442903226,2.75,11.0075,0.0,0.0,10.0,0.174532925,0.0,True,False
636,212,scene_1.2,scene_1.2_y01,5,route_right,67.442903226,2.75,11.0075,35.0,0.610865238,10.0,0.174532925,35.0,True,False
637,213,scene_1.2,scene_1.2_y01,5,route_left,67.442903226,2.75,10.525,325.0,5.672320069,10.0,0.174532925,-35.0,True,False
638,213,scene_1.2,scene_1.2_y01,5,route_forward,67.442903226,2.75,10.525,0.0,0.0,10.0,0.174532925,0.0,True,False
639,213,scene_1.2,scene_1.2_y01,5,route_right,67.442903226,2.75,10.525,35.0,0.610865238,10.0,0.174532925,35.0,True,False
640,214,scene_1.2,scene_1.2_y01,5,route_left,67.442903226,2.75,10.0425,325.0,5.672320069,10.0,0.174532925,-35.0,True,False
641,214,scene_1.2,scene_1.2_y01,5,route_forward,67.442903226,2.75,10.0425,0.0,0.0,10.0,0.174532925,0.0,True,False
642,214,scene_1.2,scene_1.2_y01,5,route_right,67.442903226,2.75,10.0425,35.0,0.610865238,10.0,0.174532925,35.0,True,False
643,215,scene_1.2,scene_1.2_y01,5,route_left,67.442903226,2.75,9.56,55.0,0.959931089,10.0,0.174532925,-35.0,True,False
644,215,scene_1.2,scene_1.2_y01,5,route_forward,67.442903226,2.75,9.56,90.0,1.570796327,10.0,0.174532925,0.0,True,False
645,215,scene_1.2,scene_1.2_y01,5,route_right,67.442903226,2.75,9.56,125.0,2.181661565,10.0,0.174532925,35.0,True,False
646,216,scene_1.2,scene_1.2_y01,5,route_left,66.152258065,2.75,9.56,145.0,2.530727415,10.0,0.174532925,-35.0,False,False
647,216,scene_1.2,scene_1.2_y01,5,route_forward,66.152258065,2.75,9.56,180.0,3.141592654,10.0,0.174532925,0.0,False,False
648,216,scene_1.2,scene_1.2_y01,5,route_right,66.152258065,2.75,9.56,215.0,3.752457892,10.0,0.174532925,35.0,False,False
649,217,scene_1.2,scene_1.2_y01,5,route_left,66.152258065,2.75,10.0425,145.0,2.530727415,10.0,0.174532925,-35.0,False,False
650,217,scene_1.2,scene_1.2_y01,5,route_forward,66.152258065,2.75,10.0425,180.0,3.141592654,10.0,0.174532925,0.0,False,False
651,217,scene_1.2,scene_1.2_y01,5,route_right,66.152258065,2.75,10.0425,215.0,3.752457892,10.0,0.174532925,35.0,False,False
652,218,scene_1.2,scene_1.2_y01,5,route_left,66.152258065,2.75,10.525,145.0,2.530727415,10.0,0.174532925,-35.0,False,False
653,218,scene_1.2,scene_1.2_y01,5,route_forward,66.152258065,2.75,10.525,180.0,3.141592654,10.0,0.174532925,0.0,False,False
654,218,scene_1.2,scene_1.2_y01,5,route_right,66.152258065,2.75,10.525,215.0,3.752457892,10.0,0.174532925,35.0,False,False
655,219,scene_1.2,scene_1.2_y01,5,route_left,66.152258065,2.75,11.0075,145.0,2.530727415,10.0,0.174532925,-35.0,False,False
656,219,scene_1.2,scene_1.2_y01,5,route_forward,66.152258065,2.75,11.0075,180.0,3.141592654,10.0,0.174532925,0.0,False,False
657,219,scene_1.2,scene_1.2_y01,5,route_right,66.152258065,2.75,11.0075,215.0,3.752457892,10.0,0.174532925,35.0,False,False
658,220,scene_1.2,scene_1.2_y01,5,route_left,66.152258065,2.75,11.49,55.0,0.959931089,10.0,0.174532925,-35.0,False,False
659,220,scene_1.2,scene_1.2_y01,5,route_forward,66.152258065,2.75,11.49,90.0,1.570796327,10.0,0.174532925,0.0,False,False
660,220,scene_1.2,scene_1.2_y01,5,route_right,66.152258065,2.75,11.49,125.0,2.181661565,10.0,0.174532925,35.0,False,False
661,221,scene_1.2,scene_1.2_y01,5,route_left,64.861612903,2.75,11.49,325.0,5.672320069,10.0,0.174532925,-35.0,True,False
662,221,scene_1.2,scene_1.2_y01,5,route_forward,64.861612903,2.75,11.49,0.0,0.0,10.0,0.174532925,0.0,True,False
663,221,scene_1.2,scene_1.2_y01,5,route_right,64.861612903,2.75,11.49,35.0,0.610865238,10.0,0.174532925,35.0,True,False
664,222,scene_1.2,scene_1.2_y01,5,route_left,64.861612903,2.75,11.0075,325.0,5.672320069,10.0,0.174532925,-35.0,True,False
665,222,scene_1.2,scene_1.2_y01,5,route_forward,64.861612903,2.75,11.0075,0.0,0.0,10.0,0.174532925,0.0,True,False
666,222,scene_1.2,scene_1.2_y01,5,route_right,64.861612903,2.75,11.0075,35.0,0.610865238,10.0,0.174532925,35.0,True,False
667,223,scene_1.2,scene_1.2_y01,5,route_left,64.861612903,2.75,10.525,325.0,5.672320069,10.0,0.174532925,-35.0,True,False
668,223,scene_1.2,scene_1.2_y01,5,route_forward,64.861612903,2.75,10.525,0.0,0.0,10.0,0.174532925,0.0,True,False
669,223,scene_1.2,scene_1.2_y01,5,route_right,64.861612903,2.75,10.525,35.0,0.610865238,10.0,0.174532925,35.0,True,False
670,224,scene_1.2,scene_1.2_y01,5,route_left,64.861612903,2.75,10.0425,325.0,5.672320069,10.0,0.174532925,-35.0,True,False
671,224,scene_1.2,scene_1.2_y01,5,route_forward,64.861612903,2.75,10.0425,0.0,0.0,10.0,0.174532925,0.0,True,False
672,224,scene_1.2,scene_1.2_y01,5,route_right,64.861612903,2.75,10.0425,35.0,0.610865238,10.0,0.174532925,35.0,True,False
673,225,scene_1.2,scene_1.2_y01,5,route_left,64.861612903,2.75,9.56,55.0,0.959931089,10.0,0.174532925,-35.0,True,False
674,225,scene_1.2,scene_1.2_y01,5,route_forward,64.861612903,2.75,9.56,90.0,1.570796327,10.0,0.174532925,0.0,True,False
675,225,scene_1.2,scene_1.2_y01,5,route_right,64.861612903,2.75,9.56,125.0,2.181661565,10.0,0.174532925,35.0,True,False
676,226,scene_1.2,scene_1.2_y01,5,route_left,63.570967742,2.75,9.56,145.0,2.530727415,10.0,0.174532925,-35.0,False,False
677,226,scene_1.2,scene_1.2_y01,5,route_forward,63.570967742,2.75,9.56,180.0,3.141592654,10.0,0.174532925,0.0,False,False
678,226,scene_1.2,scene_1.2_y01,5,route_right,63.570967742,2.75,9.56,215.0,3.752457892,10.0,0.174532925,35.0,False,False
679,227,scene_1.2,scene_1.2_y01,5,route_left,63.570967742,2.75,10.0425,145.0,2.530727415,10.0,0.174532925,-35.0,False,False
680,227,scene_1.2,scene_1.2_y01,5,route_forward,63.570967742,2.75,10.0425,180.0,3.141592654,10.0,0.174532925,0.0,False,False
681,227,scene_1.2,scene_1.2_y01,5,route_right,63.570967742,2.75,10.0425,215.0,3.752457892,10.0,0.174532925,35.0,False,False
682,228,scene_1.2,scene_1.2_y01,5,route_left,63.570967742,2.75,10.525,145.0,2.530727415,10.0,0.174532925,-35.0,False,False
683,228,scene_1.2,scene_1.2_y01,5,route_forward,63.570967742,2.75,10.525,180.0,3.141592654,10.0,0.174532925,0.0,False,False
684,228,scene_1.2,scene_1.2_y01,5,route_right,63.570967742,2.75,10.525,215.0,3.752457892,10.0,0.174532925,35.0,False,False
685,229,scene_1.2,scene_1.2_y01,5,route_left,63.570967742,2.75,11.0075,145.0,2.530727415,10.0,0.174532925,-35.0,False,False
686,229,scene_1.2,scene_1.2_y01,5,route_forward,63.570967742,2.75,11.0075,180.0,3.141592654,10.0,0.174532925,0.0,False,False
687,229,scene_1.2,scene_1.2_y01,5,route_right,63.570967742,2.75,11.0075,215.0,3.752457892,10.0,0.174532925,35.0,False,False
688,230,scene_1.2,scene_1.2_y01,5,route_left,63.570967742,2.75,11.49,55.0,0.959931089,10.0,0.174532925,-35.0,False,False
689,230,scene_1.2,scene_1.2_y01,5,route_forward,63.570967742,2.75,11.49,90.0,1.570796327,10.0,0.174532925,0.0,False,False
690,230,scene_1.2,scene_1.2_y01,5,route_right,63.570967742,2.75,11.49,125.0,2.181661565,10.0,0.174532925,35.0,False,False
691,231,scene_1.2,scene_1.2_y01,5,route_left,62.280322581,2.75,11.49,325.0,5.672320069,10.0,0.174532925,-35.0,True,False
692,231,scene_1.2,scene_1.2_y01,5,route_forward,62.280322581,2.75,11.49,0.0,0.0,10.0,0.174532925,0.0,True,False
693,231,scene_1.2,scene_1.2_y01,5,route_right,62.280322581,2.75,11.49,35.0,0.610865238,10.0,0.174532925,35.0,True,False
694,232,scene_1.2,scene_1.2_y01,5,route_left,62.280322581,2.75,11.0075,325.0,5.672320069,10.0,0.174532925,-35.0,True,False
695,232,scene_1.2,scene_1.2_y01,5,route_forward,62.280322581,2.75,11.0075,0.0,0.0,10.0,0.174532925,0.0,True,False
696,232,scene_1.2,scene_1.2_y01,5,route_right,62.280322581,2.75,11.0075,35.0,0.610865238,10.0,0.174532925,35.0,True,False
697,233,scene_1.2,scene_1.2_y01,5,route_left,62.280322581,2.75,10.525,325.0,5.672320069,10.0,0.174532925,-35.0,True,False
698,233,scene_1.2,scene_1.2_y01,5,route_forward,62.280322581,2.75,10.525,0.0,0.0,10.0,0.174532925,0.0,True,False
699,233,scene_1.2,scene_1.2_y01,5,route_right,62.280322581,2.75,10.525,35.0,0.610865238,10.0,0.174532925,35.0,True,False
700,234,scene_1.2,scene_1.2_y01,5,route_left,62.280322581,2.75,10.0425,325.0,5.672320069,10.0,0.174532925,-35.0,True,False
701,234,scene_1.2,scene_1.2_y01,5,route_forward,62.280322581,2.75,10.0425,0.0,0.0,10.0,0.174532925,0.0,True,False
702,234,scene_1.2,scene_1.2_y01,5,route_right,62.280322581,2.75,10.0425,35.0,0.610865238,10.0,0.174532925,35.0,True,False
703,235,scene_1.2,scene_1.2_y01,5,route_left,62.280322581,2.75,9.56,55.0,0.959931089,10.0,0.174532925,-35.0,True,False
704,235,scene_1.2,scene_1.2_y01,5,route_forward,62.280322581,2.75,9.56,90.0,1.570796327,10.0,0.174532925,0.0,True,False
705,235,scene_1.2,scene_1.2_y01,5,route_right,62.280322581,2.75,9.56,125.0,2.181661565,10.0,0.174532925,35.0,True,False
706,236,scene_1.2,scene_1.2_y01,5,route_left,60.989677419,2.75,9.56,145.0,2.530727415,10.0,0.174532925,-35.0,False,False
707,236,scene_1.2,scene_1.2_y01,5,route_forward,60.989677419,2.75,9.56,180.0,3.141592654,10.0,0.174532925,0.0,False,False
708,236,scene_1.2,scene_1.2_y01,5,route_right,60.989677419,2.75,9.56,215.0,3.752457892,10.0,0.174532925,35.0,False,False
709,237,scene_1.2,scene_1.2_y01,5,route_left,60.989677419,2.75,10.0425,145.0,2.530727415,10.0,0.174532925,-35.0,False,False
710,237,scene_1.2,scene_1.2_y01,5,route_forward,60.989677419,2.75,10.0425,180.0,3.141592654,10.0,0.174532925,0.0,False,False
711,237,scene_1.2,scene_1.2_y01,5,route_right,60.989677419,2.75,10.0425,215.0,3.752457892,10.0,0.174532925,35.0,False,False
712,238,scene_1.2,scene_1.2_y01,5,route_left,60.989677419,2.75,10.525,145.0,2.530727415,10.0,0.174532925,-35.0,False,False
713,238,scene_1.2,scene_1.2_y01,5,route_forward,60.989677419,2.75,10.525,180.0,3.141592654,10.0,0.174532925,0.0,False,False
714,238,scene_1.2,scene_1.2_y01,5,route_right,60.989677419,2.75,10.525,215.0,3.752457892,10.0,0.174532925,35.0,False,False
715,239,scene_1.2,scene_1.2_y01,5,route_left,60.989677419,2.75,11.0075,145.0,2.530727415,10.0,0.174532925,-35.0,False,False
716,239,scene_1.2,scene_1.2_y01,5,route_forward,60.989677419,2.75,11.0075,180.0,3.141592654,10.0,0.174532925,0.0,False,False
717,239,scene_1.2,scene_1.2_y01,5,route_right,60.989677419,2.75,11.0075,215.0,3.752457892,10.0,0.174532925,35.0,False,False
718,240,scene_1.2,scene_1.2_y01,5,route_left,60.989677419,2.75,11.49,55.0,0.959931089,10.0,0.174532925,-35.0,False,False
719,240,scene_1.2,scene_1.2_y01,5,route_forward,60.989677419,2.75,11.49,90.0,1.570796327,10.0,0.174532925,0.0,False,False
720,240,scene_1.2,scene_1.2_y01,5,route_right,60.989677419,2.75,11.49,125.0,2.181661565,10.0,0.174532925,35.0,False,False
721,241,scene_1.2,scene_1.2_y01,5,route_left,59.699032258,2.75,11.49,325.0,5.672320069,10.0,0.174532925,-35.0,True,False
722,241,scene_1.2,scene_1.2_y01,5,route_forward,59.699032258,2.75,11.49,0.0,0.0,10.0,0.174532925,0.0,True,False
723,241,scene_1.2,scene_1.2_y01,5,route_right,59.699032258,2.75,11.49,35.0,0.610865238,10.0,0.174532925,35.0,True,False
724,242,scene_1.2,scene_1.2_y01,5,route_left,59.699032258,2.75,11.0075,325.0,5.672320069,10.0,0.174532925,-35.0,True,False
725,242,scene_1.2,scene_1.2_y01,5,route_forward,59.699032258,2.75,11.0075,0.0,0.0,10.0,0.174532925,0.0,True,False
726,242,scene_1.2,scene_1.2_y01,5,route_right,59.699032258,2.75,11.0075,35.0,0.610865238,10.0,0.174532925,35.0,True,False
727,243,scene_1.2,scene_1.2_y01,5,route_left,59.699032258,2.75,10.525,325.0,5.672320069,10.0,0.174532925,-35.0,True,False
728,243,scene_1.2,scene_1.2_y01,5,route_forward,59.699032258,2.75,10.525,0.0,0.0,10.0,0.174532925,0.0,True,False
729,243,scene_1.2,scene_1.2_y01,5,route_right,59.699032258,2.75,10.525,35.0,0.610865238,10.0,0.174532925,35.0,True,False
730,244,scene_1.2,scene_1.2_y01,5,route_left,59.699032258,2.75,10.0425,325.0,5.672320069,10.0,0.174532925,-35.0,True,False
731,244,scene_1.2,scene_1.2_y01,5,route_forward,59.699032258,2.75,10.0425,0.0,0.0,10.0,0.174532925,0.0,True,False
732,244,scene_1.2,scene_1.2_y01,5,route_right,59.699032258,2.75,10.0425,35.0,0.610865238,10.0,0.174532925,35.0,True,False
733,245,scene_1.2,scene_1.2_y01,5,route_left,59.699032258,2.75,9.56,55.0,0.959931089,10.0,0.174532925,-35.0,True,False
734,245,scene_1.2,scene_1.2_y01,5,route_forward,59.699032258,2.75,9.56,90.0,1.570796327,10.0,0.174532925,0.0,True,False
735,245,scene_1.2,scene_1.2_y01,5,route_right,59.699032258,2.75,9.56,125.0,2.181661565,10.0,0.174532925,35.0,True,False
736,246,scene_1.2,scene_1.2_y01,5,route_left,58.408387097,2.75,9.56,145.0,2.530727415,10.0,0.174532925,-35.0,False,False
737,246,scene_1.2,scene_1.2_y01,5,route_forward,58.408387097,2.75,9.56,180.0,3.141592654,10.0,0.174532925,0.0,False,False
738,246,scene_1.2,scene_1.2_y01,5,route_right,58.408387097,2.75,9.56,215.0,3.752457892,10.0,0.174532925,35.0,False,False
739,247,scene_1.2,scene_1.2_y01,5,route_left,58.408387097,2.75,10.0425,145.0,2.530727415,10.0,0.174532925,-35.0,False,False
740,247,scene_1.2,scene_1.2_y01,5,route_forward,58.408387097,2.75,10.0425,180.0,3.141592654,10.0,0.174532925,0.0,False,False
741,247,scene_1.2,scene_1.2_y01,5,route_right,58.408387097,2.75,10.0425,215.0,3.752457892,10.0,0.174532925,35.0,False,False
742,248,scene_1.2,scene_1.2_y01,5,route_left,58.408387097,2.75,10.525,145.0,2.530727415,10.0,0.174532925,-35.0,False,False
743,248,scene_1.2,scene_1.2_y01,5,route_forward,58.408387097,2.75,10.525,180.0,3.141592654,10.0,0.174532925,0.0,False,False
744,248,scene_1.2,scene_1.2_y01,5,route_right,58.408387097,2.75,10.525,215.0,3.752457892,10.0,0.174532925,35.0,False,False
745,249,scene_1.2,scene_1.2_y01,5,route_left,58.408387097,2.75,11.0075,145.0,2.530727415,10.0,0.174532925,-35.0,False,False
746,249,scene_1.2,scene_1.2_y01,5,route_forward,58.408387097,2.75,11.0075,180.0,3.141592654,10.0,0.174532925,0.0,False,False
747,249,scene_1.2,scene_1.2_y01,5,route_right,58.408387097,2.75,11.0075,215.0,3.752457892,10.0,0.174532925,35.0,False,False
748,250,scene_1.2,scene_1.2_y01,5,route_left,58.408387097,2.75,11.49,55.0,0.959931089,10.0,0.174532925,-35.0,False,False
749,250,scene_1.2,scene_1.2_y01,5,route_forward,58.408387097,2.75,11.49,90.0,1.570796327,10.0,0.174532925,0.0,False,False
750,250,scene_1.2,scene_1.2_y01,5,route_right,58.408387097,2.75,11.49,125.0,2.181661565,10.0,0.174532925,35.0,False,False
751,251,scene_1.2,scene_1.2_y01,5,route_left,57.117741935,2.75,11.49,325.0,5.672320069,10.0,0.174532925,-35.0,True,False
752,251,scene_1.2,scene_1.2_y01,5,route_forward,57.117741935,2.75,11.49,0.0,0.0,10.0,0.174532925,0.0,True,False
753,251,scene_1.2,scene_1.2_y01,5,route_right,57.117741935,2.75,11.49,35.0,0.610865238,10.0,0.174532925,35.0,True,False
754,252,scene_1.2,scene_1.2_y01,5,route_left,57.117741935,2.75,11.0075,325.0,5.672320069,10.0,0.174532925,-35.0,True,False
755,252,scene_1.2,scene_1.2_y01,5,route_forward,57.117741935,2.75,11.0075,0.0,0.0,10.0,0.174532925,0.0,True,False
756,252,scene_1.2,scene_1.2_y01,5,route_right,57.117741935,2.75,11.0075,35.0,0.610865238,10.0,0.174532925,35.0,True,False
757,253,scene_1.2,scene_1.2_y01,5,route_left,57.117741935,2.75,10.525,325.0,5.672320069,10.0,0.174532925,-35.0,True,False
758,253,scene_1.2,scene_1.2_y01,5,route_forward,57.117741935,2.75,10.525,0.0,0.0,10.0,0.174532925,0.0,True,False
759,253,scene_1.2,scene_1.2_y01,5,route_right,57.117741935,2.75,10.525,35.0,0.610865238,10.0,0.174532925,35.0,True,False
760,254,scene_1.2,scene_1.2_y01,5,route_left,57.117741935,2.75,10.0425,325.0,5.672320069,10.0,0.174532925,-35.0,True,False
761,254,scene_1.2,scene_1.2_y01,5,route_forward,57.117741935,2.75,10.0425,0.0,0.0,10.0,0.174532925,0.0,True,False
762,254,scene_1.2,scene_1.2_y01,5,route_right,57.117741935,2.75,10.0425,35.0,0.610865238,10.0,0.174532925,35.0,True,False
763,255,scene_1.2,scene_1.2_y01,5,route_left,57.117741935,2.75,9.56,55.0,0.959931089,10.0,0.174532925,-35.0,True,False
764,255,scene_1.2,scene_1.2_y01,5,route_forward,57.117741935,2.75,9.56,90.0,1.570796327,10.0,0.174532925,0.0,True,False
765,255,scene_1.2,scene_1.2_y01,5,route_right,57.117741935,2.75,9.56,125.0,2.181661565,10.0,0.174532925,35.0,True,False
766,256,scene_1.2,scene_1.2_y01,5,route_left,55.827096774,2.75,9.56,145.0,2.530727415,10.0,0.174532925,-35.0,False,False
767,256,scene_1.2,scene_1.2_y01,5,route_forward,55.827096774,2.75,9.56,180.0,3.141592654,10.0,0.174532925,0.0,False,False
768,256,scene_1.2,scene_1.2_y01,5,route_right,55.827096774,2.75,9.56,215.0,3.752457892,10.0,0.174532925,35.0,False,False
769,257,scene_1.2,scene_1.2_y01,5,route_left,55.827096774,2.75,10.0425,145.0,2.530727415,10.0,0.174532925,-35.0,False,False
770,257,scene_1.2,scene_1.2_y01,5,route_forward,55.827096774,2.75,10.0425,180.0,3.141592654,10.0,0.174532925,0.0,False,False
771,257,scene_1.2,scene_1.2_y01,5,route_right,55.827096774,2.75,10.0425,215.0,3.752457892,10.0,0.174532925,35.0,False,False
772,258,scene_1.2,scene_1.2_y01,5,route_left,55.827096774,2.75,10.525,145.0,2.530727415,10.0,0.174532925,-35.0,False,False
773,258,scene_1.2,scene_1.2_y01,5,route_forward,55.827096774,2.75,10.525,180.0,3.141592654,10.0,0.174532925,0.0,False,False
774,258,scene_1.2,scene_1.2_y01,5,route_right,55.827096774,2.75,10.525,215.0,3.752457892,10.0,0.174532925,35.0,False,False
775,259,scene_1.2,scene_1.2_y01,5,route_left,55.827096774,2.75,11.0075,145.0,2.530727415,10.0,0.174532925,-35.0,False,False
776,259,scene_1.2,scene_1.2_y01,5,route_forward,55.827096774,2.75,11.0075,180.0,3.141592654,10.0,0.174532925,0.0,False,False
777,259,scene_1.2,scene_1.2_y01,5,route_right,55.827096774,2.75,11.0075,215.0,3.752457892,10.0,0.174532925,35.0,False,False
778,260,scene_1.2,scene_1.2_y01,5,route_left,55.827096774,2.75,11.49,55.0,0.959931089,10.0,0.174532925,-35.0,False,False
779,260,scene_1.2,scene_1.2_y01,5,route_forward,55.827096774,2.75,11.49,90.0,1.570796327,10.0,0.174532925,0.0,False,False
780,260,scene_1.2,scene_1.2_y01,5,route_right,55.827096774,2.75,11.49,125.0,2.181661565,10.0,0.174532925,35.0,False,False
781,261,scene_1.2,scene_1.2_y01,5,route_left,54.536451613,2.75,11.49,325.0,5.672320069,10.0,0.174532925,-35.0,True,False
782,261,scene_1.2,scene_1.2_y01,5,route_forward,54.536451613,2.75,11.49,0.0,0.0,10.0,0.174532925,0.0,True,False
783,261,scene_1.2,scene_1.2_y01,5,route_right,54.536451613,2.75,11.49,35.0,0.610865238,10.0,0.174532925,35.0,True,False
784,262,scene_1.2,scene_1.2_y01,5,route_left,54.536451613,2.75,11.0075,325.0,5.672320069,10.0,0.174532925,-35.0,True,False
785,262,scene_1.2,scene_1.2_y01,5,route_forward,54.536451613,2.75,11.0075,0.0,0.0,10.0,0.174532925,0.0,True,False
786,262,scene_1.2,scene_1.2_y01,5,route_right,54.536451613,2.75,11.0075,35.0,0.610865238,10.0,0.174532925,35.0,True,False
787,263,scene_1.2,scene_1.2_y01,5,route_left,54.536451613,2.75,10.525,325.0,5.672320069,10.0,0.174532925,-35.0,True,False
788,263,scene_1.2,scene_1.2_y01,5,route_forward,54.536451613,2.75,10.525,0.0,0.0,10.0,0.174532925,0.0,True,False
789,263,scene_1.2,scene_1.2_y01,5,route_right,54.536451613,2.75,10.525,35.0,0.610865238,10.0,0.174532925,35.0,True,False
790,264,scene_1.2,scene_1.2_y01,5,route_left,54.536451613,2.75,10.0425,325.0,5.672320069,10.0,0.174532925,-35.0,True,False
791,264,scene_1.2,scene_1.2_y01,5,route_forward,54.536451613,2.75,10.0425,0.0,0.0,10.0,0.174532925,0.0,True,False
792,264,scene_1.2,scene_1.2_y01,5,route_right,54.536451613,2.75,10.0425,35.0,0.610865238,10.0,0.174532925,35.0,True,False
793,265,scene_1.2,scene_1.2_y01,5,route_left,54.536451613,2.75,9.56,55.0,0.959931089,10.0,0.174532925,-35.0,True,False
794,265,scene_1.2,scene_1.2_y01,5,route_forward,54.536451613,2.75,9.56,90.0,1.570796327,10.0,0.174532925,0.0,True,False
795,265,scene_1.2,scene_1.2_y01,5,route_right,54.536451613,2.75,9.56,125.0,2.181661565,10.0,0.174532925,35.0,True,False
796,266,scene_1.2,scene_1.2_y01,5,route_left,53.245806452,2.75,9.56,145.0,2.530727415,10.0,0.174532925,-35.0,False,False
797,266,scene_1.2,scene_1.2_y01,5,route_forward,53.245806452,2.75,9.56,180.0,3.141592654,10.0,0.174532925,0.0,False,False
798,266,scene_1.2,scene_1.2_y01,5,route_right,53.245806452,2.75,9.56,215.0,3.752457892,10.0,0.174532925,35.0,False,False
799,267,scene_1.2,scene_1.2_y01,5,route_left,53.245806452,2.75,10.0425,145.0,2.530727415,10.0,0.174532925,-35.0,False,False
800,267,scene_1.2,scene_1.2_y01,5,route_forward,53.245806452,2.75,10.0425,180.0,3.141592654,10.0,0.174532925,0.0,False,False
801,267,scene_1.2,scene_1.2_y01,5,route_right,53.245806452,2.75,10.0425,215.0,3.752457892,10.0,0.174532925,35.0,False,False
802,268,scene_1.2,scene_1.2_y01,5,route_left,53.245806452,2.75,10.525,145.0,2.530727415,10.0,0.174532925,-35.0,False,False
803,268,scene_1.2,scene_1.2_y01,5,route_forward,53.245806452,2.75,10.525,180.0,3.141592654,10.0,0.174532925,0.0,False,False
804,268,scene_1.2,scene_1.2_y01,5,route_right,53.245806452,2.75,10.525,215.0,3.752457892,10.0,0.174532925,35.0,False,False
805,269,scene_1.2,scene_1.2_y01,5,route_left,53.245806452,2.75,11.0075,145.0,2.530727415,10.0,0.174532925,-35.0,False,False
806,269,scene_1.2,scene_1.2_y01,5,route_forward,53.245806452,2.75,11.0075,180.0,3.141592654,10.0,0.174532925,0.0,False,False
807,269,scene_1.2,scene_1.2_y01,5,route_right,53.245806452,2.75,11.0075,215.0,3.752457892,10.0,0.174532925,35.0,False,False
808,270,scene_1.2,scene_1.2_y01,5,route_left,53.245806452,2.75,11.49,55.0,0.959931089,10.0,0.174532925,-35.0,False,False
809,270,scene_1.2,scene_1.2_y01,5,route_forward,53.245806452,2.75,11.49,90.0,1.570796327,10.0,0.174532925,0.0,False,False
810,270,scene_1.2,scene_1.2_y01,5,route_right,53.245806452,2.75,11.49,125.0,2.181661565,10.0,0.174532925,35.0,False,False
811,271,scene_1.2,scene_1.2_y01,5,route_left,51.95516129,2.75,11.49,325.0,5.672320069,10.0,0.174532925,-35.0,True,False
812,271,scene_1.2,scene_1.2_y01,5,route_forward,51.95516129,2.75,11.49,0.0,0.0,10.0,0.174532925,0.0,True,False
813,271,scene_1.2,scene_1.2_y01,5,route_right,51.95516129,2.75,11.49,35.0,0.610865238,10.0,0.174532925,35.0,True,False
814,272,scene_1.2,scene_1.2_y01,5,route_left,51.95516129,2.75,11.0075,325.0,5.672320069,10.0,0.174532925,-35.0,True,False
815,272,scene_1.2,scene_1.2_y01,5,route_forward,51.95516129,2.75,11.0075,0.0,0.0,10.0,0.174532925,0.0,True,False
816,272,scene_1.2,scene_1.2_y01,5,route_right,51.95516129,2.75,11.0075,35.0,0.610865238,10.0,0.174532925,35.0,True,False
817,273,scene_1.2,scene_1.2_y01,5,route_left,51.95516129,2.75,10.525,325.0,5.672320069,10.0,0.174532925,-35.0,True,False
818,273,scene_1.2,scene_1.2_y01,5,route_forward,51.95516129,2.75,10.525,0.0,0.0,10.0,0.174532925,0.0,True,False
819,273,scene_1.2,scene_1.2_y01,5,route_right,51.95516129,2.75,10.525,35.0,0.610865238,10.0,0.174532925,35.0,True,False
820,274,scene_1.2,scene_1.2_y01,5,route_left,51.95516129,2.75,10.0425,325.0,5.672320069,10.0,0.174532925,-35.0,True,False
821,274,scene_1.2,scene_1.2_y01,5,route_forward,51.95516129,2.75,10.0425,0.0,0.0,10.0,0.174532925,0.0,True,False
822,274,scene_1.2,scene_1.2_y01,5,route_right,51.95516129,2.75,10.0425,35.0,0.610865238,10.0,0.174532925,35.0,True,False
823,275,scene_1.2,scene_1.2_y01,5,route_left,51.95516129,2.75,9.56,55.0,0.959931089,10.0,0.174532925,-35.0,True,False
824,275,scene_1.2,scene_1.2_y01,5,route_forward,51.95516129,2.75,9.56,90.0,1.570796327,10.0,0.174532925,0.0,True,False
825,275,scene_1.2,scene_1.2_y01,5,route_right,51.95516129,2.75,9.56,125.0,2.181661565,10.0,0.174532925,35.0,True,False
826,276,scene_1.2,scene_1.2_y01,5,route_left,50.664516129,2.75,9.56,145.0,2.530727415,10.0,0.174532925,-35.0,False,False
827,276,scene_1.2,scene_1.2_y01,5,route_forward,50.664516129,2.75,9.56,180.0,3.141592654,10.0,0.174532925,0.0,False,False
828,276,scene_1.2,scene_1.2_y01,5,route_right,50.664516129,2.75,9.56,215.0,3.752457892,10.0,0.174532925,35.0,False,False
829,277,scene_1.2,scene_1.2_y01,5,route_left,50.664516129,2.75,10.0425,145.0,2.530727415,10.0,0.174532925,-35.0,False,False
830,277,scene_1.2,scene_1.2_y01,5,route_forward,50.664516129,2.75,10.0425,180.0,3.141592654,10.0,0.174532925,0.0,False,False
831,277,scene_1.2,scene_1.2_y01,5,route_right,50.664516129,2.75,10.0425,215.0,3.752457892,10.0,0.174532925,35.0,False,False
832,278,scene_1.2,scene_1.2_y01,5,route_left,50.664516129,2.75,10.525,145.0,2.530727415,10.0,0.174532925,-35.0,False,False
833,278,scene_1.2,scene_1.2_y01,5,route_forward,50.664516129,2.75,10.525,180.0,3.141592654,10.0,0.174532925,0.0,False,False
834,278,scene_1.2,scene_1.2_y01,5,route_right,50.664516129,2.75,10.525,215.0,3.752457892,10.0,0.174532925,35.0,False,False
835,279,scene_1.2,scene_1.2_y01,5,route_left,50.664516129,2.75,11.0075,145.0,2.530727415,10.0,0.174532925,-35.0,False,False
836,279,scene_1.2,scene_1.2_y01,5,route_forward,50.664516129,2.75,11.0075,180.0,3.141592654,10.0,0.174532925,0.0,False,False
837,279,scene_1.2,scene_1.2_y01,5,route_right,50.664516129,2.75,11.0075,215.0,3.752457892,10.0,0.174532925,35.0,False,False
838,280,scene_1.2,scene_1.2_y01,5,route_left,50.664516129,2.75,11.49,55.0,0.959931089,10.0,0.174532925,-35.0,False,False
839,280,scene_1.2,scene_1.2_y01,5,route_forward,50.664516129,2.75,11.49,90.0,1.570796327,10.0,0.174532925,0.0,False,False
840,280,scene_1.2,scene_1.2_y01,5,route_right,50.664516129,2.75,11.49,125.0,2.181661565,10.0,0.174532925,35.0,False,False
841,281,scene_1.2,scene_1.2_y01,5,route_left,49.373870968,2.75,11.49,325.0,5.672320069,10.0,0.174532925,-35.0,True,False
842,281,scene_1.2,scene_1.2_y01,5,route_forward,49.373870968,2.75,11.49,0.0,0.0,10.0,0.174532925,0.0,True,False
843,281,scene_1.2,scene_1.2_y01,5,route_right,49.373870968,2.75,11.49,35.0,0.610865238,10.0,0.174532925,35.0,True,False
844,282,scene_1.2,scene_1.2_y01,5,route_left,49.373870968,2.75,11.0075,325.0,5.672320069,10.0,0.174532925,-35.0,True,False
845,282,scene_1.2,scene_1.2_y01,5,route_forward,49.373870968,2.75,11.0075,0.0,0.0,10.0,0.174532925,0.0,True,False
846,282,scene_1.2,scene_1.2_y01,5,route_right,49.373870968,2.75,11.0075,35.0,0.610865238,10.0,0.174532925,35.0,True,False
847,283,scene_1.2,scene_1.2_y01,5,route_left,49.373870968,2.75,10.525,325.0,5.672320069,10.0,0.174532925,-35.0,True,False
848,283,scene_1.2,scene_1.2_y01,5,route_forward,49.373870968,2.75,10.525,0.0,0.0,10.0,0.174532925,0.0,True,False
849,283,scene_1.2,scene_1.2_y01,5,route_right,49.373870968,2.75,10.525,35.0,0.610865238,10.0,0.174532925,35.0,True,False
850,284,scene_1.2,scene_1.2_y01,5,route_left,49.373870968,2.75,10.0425,325.0,5.672320069,10.0,0.174532925,-35.0,True,False
851,284,scene_1.2,scene_1.2_y01,5,route_forward,49.373870968,2.75,10.0425,0.0,0.0,10.0,0.174532925,0.0,True,False
852,284,scene_1.2,scene_1.2_y01,5,route_right,49.373870968,2.75,10.0425,35.0,0.610865238,10.0,0.174532925,35.0,True,False
853,285,scene_1.2,scene_1.2_y01,5,route_left,49.373870968,2.75,9.56,55.0,0.959931089,10.0,0.174532925,-35.0,True,False
854,285,scene_1.2,scene_1.2_y01,5,route_forward,49.373870968,2.75,9.56,90.0,1.570796327,10.0,0.174532925,0.0,True,False
855,285,scene_1.2,scene_1.2_y01,5,route_right,49.373870968,2.75,9.56,125.0,2.181661565,10.0,0.174532925,35.0,True,False
856,286,scene_1.2,scene_1.2_y01,5,route_left,48.083225806,2.75,9.56,145.0,2.530727415,10.0,0.174532925,-35.0,False,False
857,286,scene_1.2,scene_1.2_y01,5,route_forward,48.083225806,2.75,9.56,180.0,3.141592654,10.0,0.174532925,0.0,False,False
858,286,scene_1.2,scene_1.2_y01,5,route_right,48.083225806,2.75,9.56,215.0,3.752457892,10.0,0.174532925,35.0,False,False
859,287,scene_1.2,scene_1.2_y01,5,route_left,48.083225806,2.75,10.0425,145.0,2.530727415,10.0,0.174532925,-35.0,False,False
860,287,scene_1.2,scene_1.2_y01,5,route_forward,48.083225806,2.75,10.0425,180.0,3.141592654,10.0,0.174532925,0.0,False,False
861,287,scene_1.2,scene_1.2_y01,5,route_right,48.083225806,2.75,10.0425,215.0,3.752457892,10.0,0.174532925,35.0,False,False
862,288,scene_1.2,scene_1.2_y01,5,route_left,48.083225806,2.75,10.525,145.0,2.530727415,10.0,0.174532925,-35.0,False,False
863,288,scene_1.2,scene_1.2_y01,5,route_forward,48.083225806,2.75,10.525,180.0,3.141592654,10.0,0.174532925,0.0,False,False
864,288,scene_1.2,scene_1.2_y01,5,route_right,48.083225806,2.75,10.525,215.0,3.752457892,10.0,0.174532925,35.0,False,False
865,289,scene_1.2,scene_1.2_y01,5,route_left,48.083225806,2.75,11.0075,145.0,2.530727415,10.0,0.174532925,-35.0,False,False
866,289,scene_1.2,scene_1.2_y01,5,route_forward,48.083225806,2.75,11.0075,180.0,3.141592654,10.0,0.174532925,0.0,False,False
867,289,scene_1.2,scene_1.2_y01,5,route_right,48.083225806,2.75,11.0075,215.0,3.752457892,10.0,0.174532925,35.0,False,False
868,290,scene_1.2,scene_1.2_y01,5,route_left,48.083225806,2.75,11.49,55.0,0.959931089,10.0,0.174532925,-35.0,False,False
869,290,scene_1.2,scene_1.2_y01,5,route_forward,48.083225806,2.75,11.49,90.0,1.570796327,10.0,0.174532925,0.0,False,False
870,290,scene_1.2,scene_1.2_y01,5,route_right,48.083225806,2.75,11.49,125.0,2.181661565,10.0,0.174532925,35.0,False,False
871,291,scene_1.2,scene_1.2_y01,5,route_left,46.792580645,2.75,11.49,325.0,5.672320069,10.0,0.174532925,-35.0,True,False
872,291,scene_1.2,scene_1.2_y01,5,route_forward,46.792580645,2.75,11.49,0.0,0.0,10.0,0.174532925,0.0,True,False
873,291,scene_1.2,scene_1.2_y01,5,route_right,46.792580645,2.75,11.49,35.0,0.610865238,10.0,0.174532925,35.0,True,False
874,292,scene_1.2,scene_1.2_y01,5,route_left,46.792580645,2.75,11.0075,325.0,5.672320069,10.0,0.174532925,-35.0,True,False
875,292,scene_1.2,scene_1.2_y01,5,route_forward,46.792580645,2.75,11.0075,0.0,0.0,10.0,0.174532925,0.0,True,False
876,292,scene_1.2,scene_1.2_y01,5,route_right,46.792580645,2.75,11.0075,35.0,0.610865238,10.0,0.174532925,35.0,True,False
877,293,scene_1.2,scene_1.2_y01,5,route_left,46.792580645,2.75,10.525,325.0,5.672320069,10.0,0.174532925,-35.0,True,False
878,293,scene_1.2,scene_1.2_y01,5,route_forward,46.792580645,2.75,10.525,0.0,0.0,10.0,0.174532925,0.0,True,False
879,293,scene_1.2,scene_1.2_y01,5,route_right,46.792580645,2.75,10.525,35.0,0.610865238,10.0,0.174532925,35.0,True,False
880,294,scene_1.2,scene_1.2_y01,5,route_left,46.792580645,2.75,10.0425,325.0,5.672320069,10.0,0.174532925,-35.0,True,False
881,294,scene_1.2,scene_1.2_y01,5,route_forward,46.792580645,2.75,10.0425,0.0,0.0,10.0,0.174532925,0.0,True,False
882,294,scene_1.2,scene_1.2_y01,5,route_right,46.792580645,2.75,10.0425,35.0,0.610865238,10.0,0.174532925,35.0,True,False
883,295,scene_1.2,scene_1.2_y01,5,route_left,46.792580645,2.75,9.56,55.0,0.959931089,10.0,0.174532925,-35.0,True,False
884,295,scene_1.2,scene_1.2_y01,5,route_forward,46.792580645,2.75,9.56,90.0,1.570796327,10.0,0.174532925,0.0,True,False
885,295,scene_1.2,scene_1.2_y01,5,route_right,46.792580645,2.75,9.56,125.0,2.181661565,10.0,0.174532925,35.0,True,False
886,296,scene_1.2,scene_1.2_y01,5,route_left,45.501935484,2.75,9.56,145.0,2.530727415,10.0,0.174532925,-35.0,False,False
887,296,scene_1.2,scene_1.2_y01,5,route_forward,45.501935484,2.75,9.56,180.0,3.141592654,10.0,0.174532925,0.0,False,False
888,296,scene_1.2,scene_1.2_y01,5,route_right,45.501935484,2.75,9.56,215.0,3.752457892,10.0,0.174532925,35.0,False,False
889,297,scene_1.2,scene_1.2_y01,5,route_left,45.501935484,2.75,10.0425,145.0,2.530727415,10.0,0.174532925,-35.0,False,False
890,297,scene_1.2,scene_1.2_y01,5,route_forward,45.501935484,2.75,10.0425,180.0,3.141592654,10.0,0.174532925,0.0,False,False
891,297,scene_1.2,scene_1.2_y01,5,route_right,45.501935484,2.75,10.0425,215.0,3.752457892,10.0,0.174532925,35.0,False,False
892,298,scene_1.2,scene_1.2_y01,5,route_left,45.501935484,2.75,10.525,145.0,2.530727415,10.0,0.174532925,-35.0,False,False
893,298,scene_1.2,scene_1.2_y01,5,route_forward,45.501935484,2.75,10.525,180.0,3.141592654,10.0,0.174532925,0.0,False,False
894,298,scene_1.2,scene_1.2_y01,5,route_right,45.501935484,2.75,10.525,215.0,3.752457892,10.0,0.174532925,35.0,False,False
895,299,scene_1.2,scene_1.2_y01,5,route_left,45.501935484,2.75,11.0075,145.0,2.530727415,10.0,0.174532925,-35.0,False,False
896,299,scene_1.2,scene_1.2_y01,5,route_forward,45.501935484,2.75,11.0075,180.0,3.141592654,10.0,0.174532925,0.0,False,False
897,299,scene_1.2,scene_1.2_y01,5,route_right,45.501935484,2.75,11.0075,215.0,3.752457892,10.0,0.174532925,35.0,False,False
898,300,scene_1.2,scene_1.2_y01,5,route_left,45.501935484,2.75,11.49,55.0,0.959931089,10.0,0.174532925,-35.0,False,False
899,300,scene_1.2,scene_1.2_y01,5,route_forward,45.501935484,2.75,11.49,90.0,1.570796327,10.0,0.174532925,0.0,False,False
900,300,scene_1.2,scene_1.2_y01,5,route_right,45.501935484,2.75,11.49,125.0,2.181661565,10.0,0.174532925,35.0,False,False
901,301,scene_1.2,scene_1.2_y01,5,route_left,44.211290323,2.75,11.49,325.0,5.672320069,10.0,0.174532925,-35.0,True,False
902,301,scene_1.2,scene_1.2_y01,5,route_forward,44.211290323,2.75,11.49,0.0,0.0,10.0,0.174532925,0.0,True,False
903,301,scene_1.2,scene_1.2_y01,5,route_right,44.211290323,2.75,11.49,35.0,0.610865238,10.0,0.174532925,35.0,True,False
904,302,scene_1.2,scene_1.2_y01,5,route_left,44.211290323,2.75,11.0075,325.0,5.672320069,10.0,0.174532925,-35.0,True,False
905,302,scene_1.2,scene_1.2_y01,5,route_forward,44.211290323,2.75,11.0075,0.0,0.0,10.0,0.174532925,0.0,True,False
906,302,scene_1.2,scene_1.2_y01,5,route_right,44.211290323,2.75,11.0075,35.0,0.610865238,10.0,0.174532925,35.0,True,False
907,303,scene_1.2,scene_1.2_y01,5,route_left,44.211290323,2.75,10.525,325.0,5.672320069,10.0,0.174532925,-35.0,True,False
908,303,scene_1.2,scene_1.2_y01,5,route_forward,44.211290323,2.75,10.525,0.0,0.0,10.0,0.174532925,0.0,True,False
909,303,scene_1.2,scene_1.2_y01,5,route_right,44.211290323,2.75,10.525,35.0,0.610865238,10.0,0.174532925,35.0,True,False
910,304,scene_1.2,scene_1.2_y01,5,route_left,44.211290323,2.75,10.0425,325.0,5.672320069,10.0,0.174532925,-35.0,True,False
911,304,scene_1.2,scene_1.2_y01,5,route_forward,44.211290323,2.75,10.0425,0.0,0.0,10.0,0.174532925,0.0,True,False
912,304,scene_1.2,scene_1.2_y01,5,route_right,44.211290323,2.75,10.0425,35.0,0.610865238,10.0,0.174532925,35.0,True,False
913,305,scene_1.2,scene_1.2_y01,5,route_left,44.211290323,2.75,9.56,55.0,0.959931089,10.0,0.174532925,-35.0,True,False
914,305,scene_1.2,scene_1.2_y01,5,route_forward,44.211290323,2.75,9.56,90.0,1.570796327,10.0,0.174532925,0.0,True,False
915,305,scene_1.2,scene_1.2_y01,5,route_right,44.211290323,2.75,9.56,125.0,2.181661565,10.0,0.174532925,35.0,True,False
916,306,scene_1.2,scene_1.2_y01,5,route_left,42.920645161,2.75,9.56,145.0,2.530727415,10.0,0.174532925,-35.0,False,False
917,306,scene_1.2,scene_1.2_y01,5,route_forward,42.920645161,2.75,9.56,180.0,3.141592654,10.0,0.174532925,0.0,False,False
918,306,scene_1.2,scene_1.2_y01,5,route_right,42.920645161,2.75,9.56,215.0,3.752457892,10.0,0.174532925,35.0,False,False
919,307,scene_1.2,scene_1.2_y01,5,route_left,42.920645161,2.75,10.0425,145.0,2.530727415,10.0,0.174532925,-35.0,False,False
920,307,scene_1.2,scene_1.2_y01,5,route_forward,42.920645161,2.75,10.0425,180.0,3.141592654,10.0,0.174532925,0.0,False,False
921,307,scene_1.2,scene_1.2_y01,5,route_right,42.920645161,2.75,10.0425,215.0,3.752457892,10.0,0.174532925,35.0,False,False
922,308,scene_1.2,scene_1.2_y01,5,route_left,42.920645161,2.75,10.525,145.0,2.530727415,10.0,0.174532925,-35.0,False,False
923,308,scene_1.2,scene_1.2_y01,5,route_forward,42.920645161,2.75,10.525,180.0,3.141592654,10.0,0.174532925,0.0,False,False
924,308,scene_1.2,scene_1.2_y01,5,route_right,42.920645161,2.75,10.525,215.0,3.752457892,10.0,0.174532925,35.0,False,False
925,309,scene_1.2,scene_1.2_y01,5,route_left,42.920645161,2.75,11.0075,145.0,2.530727415,10.0,0.174532925,-35.0,False,False
926,309,scene_1.2,scene_1.2_y01,5,route_forward,42.920645161,2.75,11.0075,180.0,3.141592654,10.0,0.174532925,0.0,False,False
927,309,scene_1.2,scene_1.2_y01,5,route_right,42.920645161,2.75,11.0075,215.0,3.752457892,10.0,0.174532925,35.0,False,False
928,310,scene_1.2,scene_1.2_y01,5,route_left,42.920645161,2.75,11.49,55.0,0.959931089,10.0,0.174532925,-35.0,False,False
929,310,scene_1.2,scene_1.2_y01,5,route_forward,42.920645161,2.75,11.49,90.0,1.570796327,10.0,0.174532925,0.0,False,False
930,310,scene_1.2,scene_1.2_y01,5,route_right,42.920645161,2.75,11.49,125.0,2.181661565,10.0,0.174532925,35.0,False,False
931,311,scene_1.2,scene_1.2_y01,5,route_left,41.63,2.75,11.49,325.0,5.672320069,10.0,0.174532925,-35.0,True,False
932,311,scene_1.2,scene_1.2_y01,5,route_forward,41.63,2.75,11.49,0.0,0.0,10.0,0.174532925,0.0,True,False
933,311,scene_1.2,scene_1.2_y01,5,route_right,41.63,2.75,11.49,35.0,0.610865238,10.0,0.174532925,35.0,True,False
934,312,scene_1.2,scene_1.2_y01,5,route_left,41.63,2.75,11.0075,325.0,5.672320069,10.0,0.174532925,-35.0,True,False
935,312,scene_1.2,scene_1.2_y01,5,route_forward,41.63,2.75,11.0075,0.0,0.0,10.0,0.174532925,0.0,True,False
936,312,scene_1.2,scene_1.2_y01,5,route_right,41.63,2.75,11.0075,35.0,0.610865238,10.0,0.174532925,35.0,True,False
937,313,scene_1.2,scene_1.2_y01,5,route_left,41.63,2.75,10.525,325.0,5.672320069,10.0,0.174532925,-35.0,True,False
938,313,scene_1.2,scene_1.2_y01,5,route_forward,41.63,2.75,10.525,0.0,0.0,10.0,0.174532925,0.0,True,False
939,313,scene_1.2,scene_1.2_y01,5,route_right,41.63,2.75,10.525,35.0,0.610865238,10.0,0.174532925,35.0,True,False
940,314,scene_1.2,scene_1.2_y01,5,route_left,41.63,2.75,10.0425,325.0,5.672320069,10.0,0.174532925,-35.0,True,False
941,314,scene_1.2,scene_1.2_y01,5,route_forward,41.63,2.75,10.0425,0.0,0.0,10.0,0.174532925,0.0,True,False
942,314,scene_1.2,scene_1.2_y01,5,route_right,41.63,2.75,10.0425,35.0,0.610865238,10.0,0.174532925,35.0,True,False
943,315,scene_1.2,scene_1.2_y01,5,route_left,41.63,2.75,9.56,325.0,5.672320069,10.0,0.174532925,-35.0,True,False
944,315,scene_1.2,scene_1.2_y01,5,route_forward,41.63,2.75,9.56,0.0,0.0,10.0,0.174532925,0.0,True,False
945,315,scene_1.2,scene_1.2_y01,5,route_right,41.63,2.75,9.56,35.0,0.610865238,10.0,0.174532925,35.0,True,False
946,316,scene_1.2,scene_1.2_y02,6,route_left,41.63,3.63,9.56,145.0,2.530727415,0.0,0.0,-35.0,True,False
947,316,scene_1.2,scene_1.2_y02,6,route_forward,41.63,3.63,9.56,180.0,3.141592654,0.0,0.0,0.0,True,False
948,316,scene_1.2,scene_1.2_y02,6,route_right,41.63,3.63,9.56,215.0,3.752457892,0.0,0.0,35.0,True,False
949,317,scene_1.2,scene_1.2_y02,6,route_left,41.63,3.63,10.0425,145.0,2.530727415,0.0,0.0,-35.0,True,False
950,317,scene_1.2,scene_1.2_y02,6,route_forward,41.63,3.63,10.0425,180.0,3.141592654,0.0,0.0,0.0,True,False
951,317,scene_1.2,scene_1.2_y02,6,route_right,41.63,3.63,10.0425,215.0,3.752457892,0.0,0.0,35.0,True,False
952,318,scene_1.2,scene_1.2_y02,6,route_left,41.63,3.63,10.525,145.0,2.530727415,0.0,0.0,-35.0,True,False
953,318,scene_1.2,scene_1.2_y02,6,route_forward,41.63,3.63,10.525,180.0,3.141592654,0.0,0.0,0.0,True,False
954,318,scene_1.2,scene_1.2_y02,6,route_right,41.63,3.63,10.525,215.0,3.752457892,0.0,0.0,35.0,True,False
955,319,scene_1.2,scene_1.2_y02,6,route_left,41.63,3.63,11.0075,145.0,2.530727415,0.0,0.0,-35.0,True,False
956,319,scene_1.2,scene_1.2_y02,6,route_forward,41.63,3.63,11.0075,180.0,3.141592654,0.0,0.0,0.0,True,False
957,319,scene_1.2,scene_1.2_y02,6,route_right,41.63,3.63,11.0075,215.0,3.752457892,0.0,0.0,35.0,True,False
958,320,scene_1.2,scene_1.2_y02,6,route_left,41.63,3.63,11.49,235.0,4.101523742,0.0,0.0,-35.0,True,False
959,320,scene_1.2,scene_1.2_y02,6,route_forward,41.63,3.63,11.49,270.0,4.71238898,0.0,0.0,0.0,True,False
960,320,scene_1.2,scene_1.2_y02,6,route_right,41.63,3.63,11.49,305.0,5.323254219,0.0,0.0,35.0,True,False
961,321,scene_1.2,scene_1.2_y02,6,route_left,42.920645161,3.63,11.49,325.0,5.672320069,0.0,0.0,-35.0,False,False
962,321,scene_1.2,scene_1.2_y02,6,route_forward,42.920645161,3.63,11.49,0.0,0.0,0.0,0.0,0.0,False,False
963,321,scene_1.2,scene_1.2_y02,6,route_right,42.920645161,3.63,11.49,35.0,0.610865238,0.0,0.0,35.0,False,False
964,322,scene_1.2,scene_1.2_y02,6,route_left,42.920645161,3.63,11.0075,325.0,5.672320069,0.0,0.0,-35.0,False,False
965,322,scene_1.2,scene_1.2_y02,6,route_forward,42.920645161,3.63,11.0075,0.0,0.0,0.0,0.0,0.0,False,False
966,322,scene_1.2,scene_1.2_y02,6,route_right,42.920645161,3.63,11.0075,35.0,0.610865238,0.0,0.0,35.0,False,False
967,323,scene_1.2,scene_1.2_y02,6,route_left,42.920645161,3.63,10.525,325.0,5.672320069,0.0,0.0,-35.0,False,False
968,323,scene_1.2,scene_1.2_y02,6,route_forward,42.920645161,3.63,10.525,0.0,0.0,0.0,0.0,0.0,False,False
969,323,scene_1.2,scene_1.2_y02,6,route_right,42.920645161,3.63,10.525,35.0,0.610865238,0.0,0.0,35.0,False,False
970,324,scene_1.2,scene_1.2_y02,6,route_left,42.920645161,3.63,10.0425,325.0,5.672320069,0.0,0.0,-35.0,False,False
971,324,scene_1.2,scene_1.2_y02,6,route_forward,42.920645161,3.63,10.0425,0.0,0.0,0.0,0.0,0.0,False,False
972,324,scene_1.2,scene_1.2_y02,6,route_right,42.920645161,3.63,10.0425,35.0,0.610865238,0.0,0.0,35.0,False,False
973,325,scene_1.2,scene_1.2_y02,6,route_left,42.920645161,3.63,9.56,235.0,4.101523742,0.0,0.0,-35.0,False,False
974,325,scene_1.2,scene_1.2_y02,6,route_forward,42.920645161,3.63,9.56,270.0,4.71238898,0.0,0.0,0.0,False,False
975,325,scene_1.2,scene_1.2_y02,6,route_right,42.920645161,3.63,9.56,305.0,5.323254219,0.0,0.0,35.0,False,False
976,326,scene_1.2,scene_1.2_y02,6,route_left,44.211290323,3.63,9.56,145.0,2.530727415,0.0,0.0,-35.0,True,False
977,326,scene_1.2,scene_1.2_y02,6,route_forward,44.211290323,3.63,9.56,180.0,3.141592654,0.0,0.0,0.0,True,False
978,326,scene_1.2,scene_1.2_y02,6,route_right,44.211290323,3.63,9.56,215.0,3.752457892,0.0,0.0,35.0,True,False
979,327,scene_1.2,scene_1.2_y02,6,route_left,44.211290323,3.63,10.0425,145.0,2.530727415,0.0,0.0,-35.0,True,False
980,327,scene_1.2,scene_1.2_y02,6,route_forward,44.211290323,3.63,10.0425,180.0,3.141592654,0.0,0.0,0.0,True,False
981,327,scene_1.2,scene_1.2_y02,6,route_right,44.211290323,3.63,10.0425,215.0,3.752457892,0.0,0.0,35.0,True,False
982,328,scene_1.2,scene_1.2_y02,6,route_left,44.211290323,3.63,10.525,145.0,2.530727415,0.0,0.0,-35.0,True,False
983,328,scene_1.2,scene_1.2_y02,6,route_forward,44.211290323,3.63,10.525,180.0,3.141592654,0.0,0.0,0.0,True,False
984,328,scene_1.2,scene_1.2_y02,6,route_right,44.211290323,3.63,10.525,215.0,3.752457892,0.0,0.0,35.0,True,False
985,329,scene_1.2,scene_1.2_y02,6,route_left,44.211290323,3.63,11.0075,145.0,2.530727415,0.0,0.0,-35.0,True,False
986,329,scene_1.2,scene_1.2_y02,6,route_forward,44.211290323,3.63,11.0075,180.0,3.141592654,0.0,0.0,0.0,True,False
987,329,scene_1.2,scene_1.2_y02,6,route_right,44.211290323,3.63,11.0075,215.0,3.752457892,0.0,0.0,35.0,True,False
988,330,scene_1.2,scene_1.2_y02,6,route_left,44.211290323,3.63,11.49,235.0,4.101523742,0.0,0.0,-35.0,True,False
989,330,scene_1.2,scene_1.2_y02,6,route_forward,44.211290323,3.63,11.49,270.0,4.71238898,0.0,0.0,0.0,True,False
990,330,scene_1.2,scene_1.2_y02,6,route_right,44.211290323,3.63,11.49,305.0,5.323254219,0.0,0.0,35.0,True,False
991,331,scene_1.2,scene_1.2_y02,6,route_left,45.501935484,3.63,11.49,325.0,5.672320069,0.0,0.0,-35.0,False,False
992,331,scene_1.2,scene_1.2_y02,6,route_forward,45.501935484,3.63,11.49,0.0,0.0,0.0,0.0,0.0,False,False
993,331,scene_1.2,scene_1.2_y02,6,route_right,45.501935484,3.63,11.49,35.0,0.610865238,0.0,0.0,35.0,False,False
994,332,scene_1.2,scene_1.2_y02,6,route_left,45.501935484,3.63,11.0075,325.0,5.672320069,0.0,0.0,-35.0,False,False
995,332,scene_1.2,scene_1.2_y02,6,route_forward,45.501935484,3.63,11.0075,0.0,0.0,0.0,0.0,0.0,False,False
996,332,scene_1.2,scene_1.2_y02,6,route_right,45.501935484,3.63,11.0075,35.0,0.610865238,0.0,0.0,35.0,False,False
997,333,scene_1.2,scene_1.2_y02,6,route_left,45.501935484,3.63,10.525,325.0,5.672320069,0.0,0.0,-35.0,False,False
998,333,scene_1.2,scene_1.2_y02,6,route_forward,45.501935484,3.63,10.525,0.0,0.0,0.0,0.0,0.0,False,False
999,333,scene_1.2,scene_1.2_y02,6,route_right,45.501935484,3.63,10.525,35.0,0.610865238,0.0,0.0,35.0,False,False
1000,334,scene_1.2,scene_1.2_y02,6,route_left,45.501935484,3.63,10.0425,325.0,5.672320069,0.0,0.0,-35.0,False,False
1001,334,scene_1.2,scene_1.2_y02,6,route_forward,45.501935484,3.63,10.0425,0.0,0.0,0.0,0.0,0.0,False,False
1002,334,scene_1.2,scene_1.2_y02,6,route_right,45.501935484,3.63,10.0425,35.0,0.610865238,0.0,0.0,35.0,False,False
1003,335,scene_1.2,scene_1.2_y02,6,route_left,45.501935484,3.63,9.56,235.0,4.101523742,0.0,0.0,-35.0,False,False
1004,335,scene_1.2,scene_1.2_y02,6,route_forward,45.501935484,3.63,9.56,270.0,4.71238898,0.0,0.0,0.0,False,False
1005,335,scene_1.2,scene_1.2_y02,6,route_right,45.501935484,3.63,9.56,305.0,5.323254219,0.0,0.0,35.0,False,False
1006,336,scene_1.2,scene_1.2_y02,6,route_left,46.792580645,3.63,9.56,145.0,2.530727415,0.0,0.0,-35.0,True,False
1007,336,scene_1.2,scene_1.2_y02,6,route_forward,46.792580645,3.63,9.56,180.0,3.141592654,0.0,0.0,0.0,True,False
1008,336,scene_1.2,scene_1.2_y02,6,route_right,46.792580645,3.63,9.56,215.0,3.752457892,0.0,0.0,35.0,True,False
1009,337,scene_1.2,scene_1.2_y02,6,route_left,46.792580645,3.63,10.0425,145.0,2.530727415,0.0,0.0,-35.0,True,False
1010,337,scene_1.2,scene_1.2_y02,6,route_forward,46.792580645,3.63,10.0425,180.0,3.141592654,0.0,0.0,0.0,True,False
1011,337,scene_1.2,scene_1.2_y02,6,route_right,46.792580645,3.63,10.0425,215.0,3.752457892,0.0,0.0,35.0,True,False
1012,338,scene_1.2,scene_1.2_y02,6,route_left,46.792580645,3.63,10.525,145.0,2.530727415,0.0,0.0,-35.0,True,False
1013,338,scene_1.2,scene_1.2_y02,6,route_forward,46.792580645,3.63,10.525,180.0,3.141592654,0.0,0.0,0.0,True,False
1014,338,scene_1.2,scene_1.2_y02,6,route_right,46.792580645,3.63,10.525,215.0,3.752457892,0.0,0.0,35.0,True,False
1015,339,scene_1.2,scene_1.2_y02,6,route_left,46.792580645,3.63,11.0075,145.0,2.530727415,0.0,0.0,-35.0,True,False
1016,339,scene_1.2,scene_1.2_y02,6,route_forward,46.792580645,3.63,11.0075,180.0,3.141592654,0.0,0.0,0.0,True,False
1017,339,scene_1.2,scene_1.2_y02,6,route_right,46.792580645,3.63,11.0075,215.0,3.752457892,0.0,0.0,35.0,True,False
1018,340,scene_1.2,scene_1.2_y02,6,route_left,46.792580645,3.63,11.49,235.0,4.101523742,0.0,0.0,-35.0,True,False
1019,340,scene_1.2,scene_1.2_y02,6,route_forward,46.792580645,3.63,11.49,270.0,4.71238898,0.0,0.0,0.0,True,False
1020,340,scene_1.2,scene_1.2_y02,6,route_right,46.792580645,3.63,11.49,305.0,5.323254219,0.0,0.0,35.0,True,False
1021,341,scene_1.2,scene_1.2_y02,6,route_left,48.083225806,3.63,11.49,325.0,5.672320069,0.0,0.0,-35.0,False,False
1022,341,scene_1.2,scene_1.2_y02,6,route_forward,48.083225806,3.63,11.49,0.0,0.0,0.0,0.0,0.0,False,False
1023,341,scene_1.2,scene_1.2_y02,6,route_right,48.083225806,3.63,11.49,35.0,0.610865238,0.0,0.0,35.0,False,False
1024,342,scene_1.2,scene_1.2_y02,6,route_left,48.083225806,3.63,11.0075,325.0,5.672320069,0.0,0.0,-35.0,False,False
1025,342,scene_1.2,scene_1.2_y02,6,route_forward,48.083225806,3.63,11.0075,0.0,0.0,0.0,0.0,0.0,False,False
1026,342,scene_1.2,scene_1.2_y02,6,route_right,48.083225806,3.63,11.0075,35.0,0.610865238,0.0,0.0,35.0,False,False
1027,343,scene_1.2,scene_1.2_y02,6,route_left,48.083225806,3.63,10.525,325.0,5.672320069,0.0,0.0,-35.0,False,False
1028,343,scene_1.2,scene_1.2_y02,6,route_forward,48.083225806,3.63,10.525,0.0,0.0,0.0,0.0,0.0,False,False
1029,343,scene_1.2,scene_1.2_y02,6,route_right,48.083225806,3.63,10.525,35.0,0.610865238,0.0,0.0,35.0,False,False
1030,344,scene_1.2,scene_1.2_y02,6,route_left,48.083225806,3.63,10.0425,325.0,5.672320069,0.0,0.0,-35.0,False,False
1031,344,scene_1.2,scene_1.2_y02,6,route_forward,48.083225806,3.63,10.0425,0.0,0.0,0.0,0.0,0.0,False,False
1032,344,scene_1.2,scene_1.2_y02,6,route_right,48.083225806,3.63,10.0425,35.0,0.610865238,0.0,0.0,35.0,False,False
1033,345,scene_1.2,scene_1.2_y02,6,route_left,48.083225806,3.63,9.56,235.0,4.101523742,0.0,0.0,-35.0,False,False
1034,345,scene_1.2,scene_1.2_y02,6,route_forward,48.083225806,3.63,9.56,270.0,4.71238898,0.0,0.0,0.0,False,False
1035,345,scene_1.2,scene_1.2_y02,6,route_right,48.083225806,3.63,9.56,305.0,5.323254219,0.0,0.0,35.0,False,False
1036,346,scene_1.2,scene_1.2_y02,6,route_left,49.373870968,3.63,9.56,145.0,2.530727415,0.0,0.0,-35.0,True,False
1037,346,scene_1.2,scene_1.2_y02,6,route_forward,49.373870968,3.63,9.56,180.0,3.141592654,0.0,0.0,0.0,True,False
1038,346,scene_1.2,scene_1.2_y02,6,route_right,49.373870968,3.63,9.56,215.0,3.752457892,0.0,0.0,35.0,True,False
1039,347,scene_1.2,scene_1.2_y02,6,route_left,49.373870968,3.63,10.0425,145.0,2.530727415,0.0,0.0,-35.0,True,False
1040,347,scene_1.2,scene_1.2_y02,6,route_forward,49.373870968,3.63,10.0425,180.0,3.141592654,0.0,0.0,0.0,True,False
1041,347,scene_1.2,scene_1.2_y02,6,route_right,49.373870968,3.63,10.0425,215.0,3.752457892,0.0,0.0,35.0,True,False
1042,348,scene_1.2,scene_1.2_y02,6,route_left,49.373870968,3.63,10.525,145.0,2.530727415,0.0,0.0,-35.0,True,False
1043,348,scene_1.2,scene_1.2_y02,6,route_forward,49.373870968,3.63,10.525,180.0,3.141592654,0.0,0.0,0.0,True,False
1044,348,scene_1.2,scene_1.2_y02,6,route_right,49.373870968,3.63,10.525,215.0,3.752457892,0.0,0.0,35.0,True,False
1045,349,scene_1.2,scene_1.2_y02,6,route_left,49.373870968,3.63,11.0075,145.0,2.530727415,0.0,0.0,-35.0,True,False
1046,349,scene_1.2,scene_1.2_y02,6,route_forward,49.373870968,3.63,11.0075,180.0,3.141592654,0.0,0.0,0.0,True,False
1047,349,scene_1.2,scene_1.2_y02,6,route_right,49.373870968,3.63,11.0075,215.0,3.752457892,0.0,0.0,35.0,True,False
1048,350,scene_1.2,scene_1.2_y02,6,route_left,49.373870968,3.63,11.49,235.0,4.101523742,0.0,0.0,-35.0,True,False
1049,350,scene_1.2,scene_1.2_y02,6,route_forward,49.373870968,3.63,11.49,270.0,4.71238898,0.0,0.0,0.0,True,False
1050,350,scene_1.2,scene_1.2_y02,6,route_right,49.373870968,3.63,11.49,305.0,5.323254219,0.0,0.0,35.0,True,False
1051,351,scene_1.2,scene_1.2_y02,6,route_left,50.664516129,3.63,11.49,325.0,5.672320069,0.0,0.0,-35.0,False,False
1052,351,scene_1.2,scene_1.2_y02,6,route_forward,50.664516129,3.63,11.49,0.0,0.0,0.0,0.0,0.0,False,False
1053,351,scene_1.2,scene_1.2_y02,6,route_right,50.664516129,3.63,11.49,35.0,0.610865238,0.0,0.0,35.0,False,False
1054,352,scene_1.2,scene_1.2_y02,6,route_left,50.664516129,3.63,11.0075,325.0,5.672320069,0.0,0.0,-35.0,False,False
1055,352,scene_1.2,scene_1.2_y02,6,route_forward,50.664516129,3.63,11.0075,0.0,0.0,0.0,0.0,0.0,False,False
1056,352,scene_1.2,scene_1.2_y02,6,route_right,50.664516129,3.63,11.0075,35.0,0.610865238,0.0,0.0,35.0,False,False
1057,353,scene_1.2,scene_1.2_y02,6,route_left,50.664516129,3.63,10.525,325.0,5.672320069,0.0,0.0,-35.0,False,False
1058,353,scene_1.2,scene_1.2_y02,6,route_forward,50.664516129,3.63,10.525,0.0,0.0,0.0,0.0,0.0,False,False
1059,353,scene_1.2,scene_1.2_y02,6,route_right,50.664516129,3.63,10.525,35.0,0.610865238,0.0,0.0,35.0,False,False
1060,354,scene_1.2,scene_1.2_y02,6,route_left,50.664516129,3.63,10.0425,325.0,5.672320069,0.0,0.0,-35.0,False,False
1061,354,scene_1.2,scene_1.2_y02,6,route_forward,50.664516129,3.63,10.0425,0.0,0.0,0.0,0.0,0.0,False,False
1062,354,scene_1.2,scene_1.2_y02,6,route_right,50.664516129,3.63,10.0425,35.0,0.610865238,0.0,0.0,35.0,False,False
1063,355,scene_1.2,scene_1.2_y02,6,route_left,50.664516129,3.63,9.56,235.0,4.101523742,0.0,0.0,-35.0,False,False
1064,355,scene_1.2,scene_1.2_y02,6,route_forward,50.664516129,3.63,9.56,270.0,4.71238898,0.0,0.0,0.0,False,False
1065,355,scene_1.2,scene_1.2_y02,6,route_right,50.664516129,3.63,9.56,305.0,5.323254219,0.0,0.0,35.0,False,False
1066,356,scene_1.2,scene_1.2_y02,6,route_left,51.95516129,3.63,9.56,145.0,2.530727415,0.0,0.0,-35.0,True,False
1067,356,scene_1.2,scene_1.2_y02,6,route_forward,51.95516129,3.63,9.56,180.0,3.141592654,0.0,0.0,0.0,True,False
1068,356,scene_1.2,scene_1.2_y02,6,route_right,51.95516129,3.63,9.56,215.0,3.752457892,0.0,0.0,35.0,True,False
1069,357,scene_1.2,scene_1.2_y02,6,route_left,51.95516129,3.63,10.0425,145.0,2.530727415,0.0,0.0,-35.0,True,False
1070,357,scene_1.2,scene_1.2_y02,6,route_forward,51.95516129,3.63,10.0425,180.0,3.141592654,0.0,0.0,0.0,True,False
1071,357,scene_1.2,scene_1.2_y02,6,route_right,51.95516129,3.63,10.0425,215.0,3.752457892,0.0,0.0,35.0,True,False
1072,358,scene_1.2,scene_1.2_y02,6,route_left,51.95516129,3.63,10.525,145.0,2.530727415,0.0,0.0,-35.0,True,False
1073,358,scene_1.2,scene_1.2_y02,6,route_forward,51.95516129,3.63,10.525,180.0,3.141592654,0.0,0.0,0.0,True,False
1074,358,scene_1.2,scene_1.2_y02,6,route_right,51.95516129,3.63,10.525,215.0,3.752457892,0.0,0.0,35.0,True,False
1075,359,scene_1.2,scene_1.2_y02,6,route_left,51.95516129,3.63,11.0075,145.0,2.530727415,0.0,0.0,-35.0,True,False
1076,359,scene_1.2,scene_1.2_y02,6,route_forward,51.95516129,3.63,11.0075,180.0,3.141592654,0.0,0.0,0.0,True,False
1077,359,scene_1.2,scene_1.2_y02,6,route_right,51.95516129,3.63,11.0075,215.0,3.752457892,0.0,0.0,35.0,True,False
1078,360,scene_1.2,scene_1.2_y02,6,route_left,51.95516129,3.63,11.49,235.0,4.101523742,0.0,0.0,-35.0,True,False
1079,360,scene_1.2,scene_1.2_y02,6,route_forward,51.95516129,3.63,11.49,270.0,4.71238898,0.0,0.0,0.0,True,False
1080,360,scene_1.2,scene_1.2_y02,6,route_right,51.95516129,3.63,11.49,305.0,5.323254219,0.0,0.0,35.0,True,False
1081,361,scene_1.2,scene_1.2_y02,6,route_left,53.245806452,3.63,11.49,325.0,5.672320069,0.0,0.0,-35.0,False,False
1082,361,scene_1.2,scene_1.2_y02,6,route_forward,53.245806452,3.63,11.49,0.0,0.0,0.0,0.0,0.0,False,False
1083,361,scene_1.2,scene_1.2_y02,6,route_right,53.245806452,3.63,11.49,35.0,0.610865238,0.0,0.0,35.0,False,False
1084,362,scene_1.2,scene_1.2_y02,6,route_left,53.245806452,3.63,11.0075,325.0,5.672320069,0.0,0.0,-35.0,False,False
1085,362,scene_1.2,scene_1.2_y02,6,route_forward,53.245806452,3.63,11.0075,0.0,0.0,0.0,0.0,0.0,False,False
1086,362,scene_1.2,scene_1.2_y02,6,route_right,53.245806452,3.63,11.0075,35.0,0.610865238,0.0,0.0,35.0,False,False
1087,363,scene_1.2,scene_1.2_y02,6,route_left,53.245806452,3.63,10.525,325.0,5.672320069,0.0,0.0,-35.0,False,False
1088,363,scene_1.2,scene_1.2_y02,6,route_forward,53.245806452,3.63,10.525,0.0,0.0,0.0,0.0,0.0,False,False
1089,363,scene_1.2,scene_1.2_y02,6,route_right,53.245806452,3.63,10.525,35.0,0.610865238,0.0,0.0,35.0,False,False
1090,364,scene_1.2,scene_1.2_y02,6,route_left,53.245806452,3.63,10.0425,325.0,5.672320069,0.0,0.0,-35.0,False,False
1091,364,scene_1.2,scene_1.2_y02,6,route_forward,53.245806452,3.63,10.0425,0.0,0.0,0.0,0.0,0.0,False,False
1092,364,scene_1.2,scene_1.2_y02,6,route_right,53.245806452,3.63,10.0425,35.0,0.610865238,0.0,0.0,35.0,False,False
1093,365,scene_1.2,scene_1.2_y02,6,route_left,53.245806452,3.63,9.56,235.0,4.101523742,0.0,0.0,-35.0,False,False
1094,365,scene_1.2,scene_1.2_y02,6,route_forward,53.245806452,3.63,9.56,270.0,4.71238898,0.0,0.0,0.0,False,False
1095,365,scene_1.2,scene_1.2_y02,6,route_right,53.245806452,3.63,9.56,305.0,5.323254219,0.0,0.0,35.0,False,False
1096,366,scene_1.2,scene_1.2_y02,6,route_left,54.536451613,3.63,9.56,145.0,2.530727415,0.0,0.0,-35.0,True,False
1097,366,scene_1.2,scene_1.2_y02,6,route_forward,54.536451613,3.63,9.56,180.0,3.141592654,0.0,0.0,0.0,True,False
1098,366,scene_1.2,scene_1.2_y02,6,route_right,54.536451613,3.63,9.56,215.0,3.752457892,0.0,0.0,35.0,True,False
1099,367,scene_1.2,scene_1.2_y02,6,route_left,54.536451613,3.63,10.0425,145.0,2.530727415,0.0,0.0,-35.0,True,False
1100,367,scene_1.2,scene_1.2_y02,6,route_forward,54.536451613,3.63,10.0425,180.0,3.141592654,0.0,0.0,0.0,True,False
1101,367,scene_1.2,scene_1.2_y02,6,route_right,54.536451613,3.63,10.0425,215.0,3.752457892,0.0,0.0,35.0,True,False
1102,368,scene_1.2,scene_1.2_y02,6,route_left,54.536451613,3.63,10.525,145.0,2.530727415,0.0,0.0,-35.0,True,False
1103,368,scene_1.2,scene_1.2_y02,6,route_forward,54.536451613,3.63,10.525,180.0,3.141592654,0.0,0.0,0.0,True,False
1104,368,scene_1.2,scene_1.2_y02,6,route_right,54.536451613,3.63,10.525,215.0,3.752457892,0.0,0.0,35.0,True,False
1105,369,scene_1.2,scene_1.2_y02,6,route_left,54.536451613,3.63,11.0075,145.0,2.530727415,0.0,0.0,-35.0,True,False
1106,369,scene_1.2,scene_1.2_y02,6,route_forward,54.536451613,3.63,11.0075,180.0,3.141592654,0.0,0.0,0.0,True,False
1107,369,scene_1.2,scene_1.2_y02,6,route_right,54.536451613,3.63,11.0075,215.0,3.752457892,0.0,0.0,35.0,True,False
1108,370,scene_1.2,scene_1.2_y02,6,route_left,54.536451613,3.63,11.49,235.0,4.101523742,0.0,0.0,-35.0,True,False
1109,370,scene_1.2,scene_1.2_y02,6,route_forward,54.536451613,3.63,11.49,270.0,4.71238898,0.0,0.0,0.0,True,False
1110,370,scene_1.2,scene_1.2_y02,6,route_right,54.536451613,3.63,11.49,305.0,5.323254219,0.0,0.0,35.0,True,False
1111,371,scene_1.2,scene_1.2_y02,6,route_left,55.827096774,3.63,11.49,325.0,5.672320069,0.0,0.0,-35.0,False,False
1112,371,scene_1.2,scene_1.2_y02,6,route_forward,55.827096774,3.63,11.49,0.0,0.0,0.0,0.0,0.0,False,False
1113,371,scene_1.2,scene_1.2_y02,6,route_right,55.827096774,3.63,11.49,35.0,0.610865238,0.0,0.0,35.0,False,False
1114,372,scene_1.2,scene_1.2_y02,6,route_left,55.827096774,3.63,11.0075,325.0,5.672320069,0.0,0.0,-35.0,False,False
1115,372,scene_1.2,scene_1.2_y02,6,route_forward,55.827096774,3.63,11.0075,0.0,0.0,0.0,0.0,0.0,False,False
1116,372,scene_1.2,scene_1.2_y02,6,route_right,55.827096774,3.63,11.0075,35.0,0.610865238,0.0,0.0,35.0,False,False
1117,373,scene_1.2,scene_1.2_y02,6,route_left,55.827096774,3.63,10.525,325.0,5.672320069,0.0,0.0,-35.0,False,False
1118,373,scene_1.2,scene_1.2_y02,6,route_forward,55.827096774,3.63,10.525,0.0,0.0,0.0,0.0,0.0,False,False
1119,373,scene_1.2,scene_1.2_y02,6,route_right,55.827096774,3.63,10.525,35.0,0.610865238,0.0,0.0,35.0,False,False
1120,374,scene_1.2,scene_1.2_y02,6,route_left,55.827096774,3.63,10.0425,325.0,5.672320069,0.0,0.0,-35.0,False,False
1121,374,scene_1.2,scene_1.2_y02,6,route_forward,55.827096774,3.63,10.0425,0.0,0.0,0.0,0.0,0.0,False,False
1122,374,scene_1.2,scene_1.2_y02,6,route_right,55.827096774,3.63,10.0425,35.0,0.610865238,0.0,0.0,35.0,False,False
1123,375,scene_1.2,scene_1.2_y02,6,route_left,55.827096774,3.63,9.56,235.0,4.101523742,0.0,0.0,-35.0,False,False
1124,375,scene_1.2,scene_1.2_y02,6,route_forward,55.827096774,3.63,9.56,270.0,4.71238898,0.0,0.0,0.0,False,False
1125,375,scene_1.2,scene_1.2_y02,6,route_right,55.827096774,3.63,9.56,305.0,5.323254219,0.0,0.0,35.0,False,False
1126,376,scene_1.2,scene_1.2_y02,6,route_left,57.117741935,3.63,9.56,145.0,2.530727415,0.0,0.0,-35.0,True,False
1127,376,scene_1.2,scene_1.2_y02,6,route_forward,57.117741935,3.63,9.56,180.0,3.141592654,0.0,0.0,0.0,True,False
1128,376,scene_1.2,scene_1.2_y02,6,route_right,57.117741935,3.63,9.56,215.0,3.752457892,0.0,0.0,35.0,True,False
1129,377,scene_1.2,scene_1.2_y02,6,route_left,57.117741935,3.63,10.0425,145.0,2.530727415,0.0,0.0,-35.0,True,False
1130,377,scene_1.2,scene_1.2_y02,6,route_forward,57.117741935,3.63,10.0425,180.0,3.141592654,0.0,0.0,0.0,True,False
1131,377,scene_1.2,scene_1.2_y02,6,route_right,57.117741935,3.63,10.0425,215.0,3.752457892,0.0,0.0,35.0,True,False
1132,378,scene_1.2,scene_1.2_y02,6,route_left,57.117741935,3.63,10.525,145.0,2.530727415,0.0,0.0,-35.0,True,False
1133,378,scene_1.2,scene_1.2_y02,6,route_forward,57.117741935,3.63,10.525,180.0,3.141592654,0.0,0.0,0.0,True,False
1134,378,scene_1.2,scene_1.2_y02,6,route_right,57.117741935,3.63,10.525,215.0,3.752457892,0.0,0.0,35.0,True,False
1135,379,scene_1.2,scene_1.2_y02,6,route_left,57.117741935,3.63,11.0075,145.0,2.530727415,0.0,0.0,-35.0,True,False
1136,379,scene_1.2,scene_1.2_y02,6,route_forward,57.117741935,3.63,11.0075,180.0,3.141592654,0.0,0.0,0.0,True,False
1137,379,scene_1.2,scene_1.2_y02,6,route_right,57.117741935,3.63,11.0075,215.0,3.752457892,0.0,0.0,35.0,True,False
1138,380,scene_1.2,scene_1.2_y02,6,route_left,57.117741935,3.63,11.49,235.0,4.101523742,0.0,0.0,-35.0,True,False
1139,380,scene_1.2,scene_1.2_y02,6,route_forward,57.117741935,3.63,11.49,270.0,4.71238898,0.0,0.0,0.0,True,False
1140,380,scene_1.2,scene_1.2_y02,6,route_right,57.117741935,3.63,11.49,305.0,5.323254219,0.0,0.0,35.0,True,False
1141,381,scene_1.2,scene_1.2_y02,6,route_left,58.408387097,3.63,11.49,325.0,5.672320069,0.0,0.0,-35.0,False,False
1142,381,scene_1.2,scene_1.2_y02,6,route_forward,58.408387097,3.63,11.49,0.0,0.0,0.0,0.0,0.0,False,False
1143,381,scene_1.2,scene_1.2_y02,6,route_right,58.408387097,3.63,11.49,35.0,0.610865238,0.0,0.0,35.0,False,False
1144,382,scene_1.2,scene_1.2_y02,6,route_left,58.408387097,3.63,11.0075,325.0,5.672320069,0.0,0.0,-35.0,False,False
1145,382,scene_1.2,scene_1.2_y02,6,route_forward,58.408387097,3.63,11.0075,0.0,0.0,0.0,0.0,0.0,False,False
1146,382,scene_1.2,scene_1.2_y02,6,route_right,58.408387097,3.63,11.0075,35.0,0.610865238,0.0,0.0,35.0,False,False
1147,383,scene_1.2,scene_1.2_y02,6,route_left,58.408387097,3.63,10.525,325.0,5.672320069,0.0,0.0,-35.0,False,False
1148,383,scene_1.2,scene_1.2_y02,6,route_forward,58.408387097,3.63,10.525,0.0,0.0,0.0,0.0,0.0,False,False
1149,383,scene_1.2,scene_1.2_y02,6,route_right,58.408387097,3.63,10.525,35.0,0.610865238,0.0,0.0,35.0,False,False
1150,384,scene_1.2,scene_1.2_y02,6,route_left,58.408387097,3.63,10.0425,325.0,5.672320069,0.0,0.0,-35.0,False,False
1151,384,scene_1.2,scene_1.2_y02,6,route_forward,58.408387097,3.63,10.0425,0.0,0.0,0.0,0.0,0.0,False,False
1152,384,scene_1.2,scene_1.2_y02,6,route_right,58.408387097,3.63,10.0425,35.0,0.610865238,0.0,0.0,35.0,False,False
1153,385,scene_1.2,scene_1.2_y02,6,route_left,58.408387097,3.63,9.56,235.0,4.101523742,0.0,0.0,-35.0,False,False
1154,385,scene_1.2,scene_1.2_y02,6,route_forward,58.408387097,3.63,9.56,270.0,4.71238898,0.0,0.0,0.0,False,False
1155,385,scene_1.2,scene_1.2_y02,6,route_right,58.408387097,3.63,9.56,305.0,5.323254219,0.0,0.0,35.0,False,False
1156,386,scene_1.2,scene_1.2_y02,6,route_left,59.699032258,3.63,9.56,145.0,2.530727415,0.0,0.0,-35.0,True,False
1157,386,scene_1.2,scene_1.2_y02,6,route_forward,59.699032258,3.63,9.56,180.0,3.141592654,0.0,0.0,0.0,True,False
1158,386,scene_1.2,scene_1.2_y02,6,route_right,59.699032258,3.63,9.56,215.0,3.752457892,0.0,0.0,35.0,True,False
1159,387,scene_1.2,scene_1.2_y02,6,route_left,59.699032258,3.63,10.0425,145.0,2.530727415,0.0,0.0,-35.0,True,False
1160,387,scene_1.2,scene_1.2_y02,6,route_forward,59.699032258,3.63,10.0425,180.0,3.141592654,0.0,0.0,0.0,True,False
1161,387,scene_1.2,scene_1.2_y02,6,route_right,59.699032258,3.63,10.0425,215.0,3.752457892,0.0,0.0,35.0,True,False
1162,388,scene_1.2,scene_1.2_y02,6,route_left,59.699032258,3.63,10.525,145.0,2.530727415,0.0,0.0,-35.0,True,False
1163,388,scene_1.2,scene_1.2_y02,6,route_forward,59.699032258,3.63,10.525,180.0,3.141592654,0.0,0.0,0.0,True,False
1164,388,scene_1.2,scene_1.2_y02,6,route_right,59.699032258,3.63,10.525,215.0,3.752457892,0.0,0.0,35.0,True,False
1165,389,scene_1.2,scene_1.2_y02,6,route_left,59.699032258,3.63,11.0075,145.0,2.530727415,0.0,0.0,-35.0,True,False
1166,389,scene_1.2,scene_1.2_y02,6,route_forward,59.699032258,3.63,11.0075,180.0,3.141592654,0.0,0.0,0.0,True,False
1167,389,scene_1.2,scene_1.2_y02,6,route_right,59.699032258,3.63,11.0075,215.0,3.752457892,0.0,0.0,35.0,True,False
1168,390,scene_1.2,scene_1.2_y02,6,route_left,59.699032258,3.63,11.49,235.0,4.101523742,0.0,0.0,-35.0,True,False
1169,390,scene_1.2,scene_1.2_y02,6,route_forward,59.699032258,3.63,11.49,270.0,4.71238898,0.0,0.0,0.0,True,False
1170,390,scene_1.2,scene_1.2_y02,6,route_right,59.699032258,3.63,11.49,305.0,5.323254219,0.0,0.0,35.0,True,False
1171,391,scene_1.2,scene_1.2_y02,6,route_left,60.989677419,3.63,11.49,325.0,5.672320069,0.0,0.0,-35.0,False,False
1172,391,scene_1.2,scene_1.2_y02,6,route_forward,60.989677419,3.63,11.49,0.0,0.0,0.0,0.0,0.0,False,False
1173,391,scene_1.2,scene_1.2_y02,6,route_right,60.989677419,3.63,11.49,35.0,0.610865238,0.0,0.0,35.0,False,False
1174,392,scene_1.2,scene_1.2_y02,6,route_left,60.989677419,3.63,11.0075,325.0,5.672320069,0.0,0.0,-35.0,False,False
1175,392,scene_1.2,scene_1.2_y02,6,route_forward,60.989677419,3.63,11.0075,0.0,0.0,0.0,0.0,0.0,False,False
1176,392,scene_1.2,scene_1.2_y02,6,route_right,60.989677419,3.63,11.0075,35.0,0.610865238,0.0,0.0,35.0,False,False
1177,393,scene_1.2,scene_1.2_y02,6,route_left,60.989677419,3.63,10.525,325.0,5.672320069,0.0,0.0,-35.0,False,False
1178,393,scene_1.2,scene_1.2_y02,6,route_forward,60.989677419,3.63,10.525,0.0,0.0,0.0,0.0,0.0,False,False
1179,393,scene_1.2,scene_1.2_y02,6,route_right,60.989677419,3.63,10.525,35.0,0.610865238,0.0,0.0,35.0,False,False
1180,394,scene_1.2,scene_1.2_y02,6,route_left,60.989677419,3.63,10.0425,325.0,5.672320069,0.0,0.0,-35.0,False,False
1181,394,scene_1.2,scene_1.2_y02,6,route_forward,60.989677419,3.63,10.0425,0.0,0.0,0.0,0.0,0.0,False,False
1182,394,scene_1.2,scene_1.2_y02,6,route_right,60.989677419,3.63,10.0425,35.0,0.610865238,0.0,0.0,35.0,False,False
1183,395,scene_1.2,scene_1.2_y02,6,route_left,60.989677419,3.63,9.56,235.0,4.101523742,0.0,0.0,-35.0,False,False
1184,395,scene_1.2,scene_1.2_y02,6,route_forward,60.989677419,3.63,9.56,270.0,4.71238898,0.0,0.0,0.0,False,False
1185,395,scene_1.2,scene_1.2_y02,6,route_right,60.989677419,3.63,9.56,305.0,5.323254219,0.0,0.0,35.0,False,False
1186,396,scene_1.2,scene_1.2_y02,6,route_left,62.280322581,3.63,9.56,145.0,2.530727415,0.0,0.0,-35.0,True,False
1187,396,scene_1.2,scene_1.2_y02,6,route_forward,62.280322581,3.63,9.56,180.0,3.141592654,0.0,0.0,0.0,True,False
1188,396,scene_1.2,scene_1.2_y02,6,route_right,62.280322581,3.63,9.56,215.0,3.752457892,0.0,0.0,35.0,True,False
1189,397,scene_1.2,scene_1.2_y02,6,route_left,62.280322581,3.63,10.0425,145.0,2.530727415,0.0,0.0,-35.0,True,False
1190,397,scene_1.2,scene_1.2_y02,6,route_forward,62.280322581,3.63,10.0425,180.0,3.141592654,0.0,0.0,0.0,True,False
1191,397,scene_1.2,scene_1.2_y02,6,route_right,62.280322581,3.63,10.0425,215.0,3.752457892,0.0,0.0,35.0,True,False
1192,398,scene_1.2,scene_1.2_y02,6,route_left,62.280322581,3.63,10.525,145.0,2.530727415,0.0,0.0,-35.0,True,False
1193,398,scene_1.2,scene_1.2_y02,6,route_forward,62.280322581,3.63,10.525,180.0,3.141592654,0.0,0.0,0.0,True,False
1194,398,scene_1.2,scene_1.2_y02,6,route_right,62.280322581,3.63,10.525,215.0,3.752457892,0.0,0.0,35.0,True,False
1195,399,scene_1.2,scene_1.2_y02,6,route_left,62.280322581,3.63,11.0075,145.0,2.530727415,0.0,0.0,-35.0,True,False
1196,399,scene_1.2,scene_1.2_y02,6,route_forward,62.280322581,3.63,11.0075,180.0,3.141592654,0.0,0.0,0.0,True,False
1197,399,scene_1.2,scene_1.2_y02,6,route_right,62.280322581,3.63,11.0075,215.0,3.752457892,0.0,0.0,35.0,True,False
1198,400,scene_1.2,scene_1.2_y02,6,route_left,62.280322581,3.63,11.49,235.0,4.101523742,0.0,0.0,-35.0,True,False
1199,400,scene_1.2,scene_1.2_y02,6,route_forward,62.280322581,3.63,11.49,270.0,4.71238898,0.0,0.0,0.0,True,False
1200,400,scene_1.2,scene_1.2_y02,6,route_right,62.280322581,3.63,11.49,305.0,5.323254219,0.0,0.0,35.0,True,False
1201,401,scene_1.2,scene_1.2_y02,6,route_left,63.570967742,3.63,11.49,325.0,5.672320069,0.0,0.0,-35.0,False,False
1202,401,scene_1.2,scene_1.2_y02,6,route_forward,63.570967742,3.63,11.49,0.0,0.0,0.0,0.0,0.0,False,False
1203,401,scene_1.2,scene_1.2_y02,6,route_right,63.570967742,3.63,11.49,35.0,0.610865238,0.0,0.0,35.0,False,False
1204,402,scene_1.2,scene_1.2_y02,6,route_left,63.570967742,3.63,11.0075,325.0,5.672320069,0.0,0.0,-35.0,False,False
1205,402,scene_1.2,scene_1.2_y02,6,route_forward,63.570967742,3.63,11.0075,0.0,0.0,0.0,0.0,0.0,False,False
1206,402,scene_1.2,scene_1.2_y02,6,route_right,63.570967742,3.63,11.0075,35.0,0.610865238,0.0,0.0,35.0,False,False
1207,403,scene_1.2,scene_1.2_y02,6,route_left,63.570967742,3.63,10.525,325.0,5.672320069,0.0,0.0,-35.0,False,False
1208,403,scene_1.2,scene_1.2_y02,6,route_forward,63.570967742,3.63,10.525,0.0,0.0,0.0,0.0,0.0,False,False
1209,403,scene_1.2,scene_1.2_y02,6,route_right,63.570967742,3.63,10.525,35.0,0.610865238,0.0,0.0,35.0,False,False
1210,404,scene_1.2,scene_1.2_y02,6,route_left,63.570967742,3.63,10.0425,325.0,5.672320069,0.0,0.0,-35.0,False,False
1211,404,scene_1.2,scene_1.2_y02,6,route_forward,63.570967742,3.63,10.0425,0.0,0.0,0.0,0.0,0.0,False,False
1212,404,scene_1.2,scene_1.2_y02,6,route_right,63.570967742,3.63,10.0425,35.0,0.610865238,0.0,0.0,35.0,False,False
1213,405,scene_1.2,scene_1.2_y02,6,route_left,63.570967742,3.63,9.56,235.0,4.101523742,0.0,0.0,-35.0,False,False
1214,405,scene_1.2,scene_1.2_y02,6,route_forward,63.570967742,3.63,9.56,270.0,4.71238898,0.0,0.0,0.0,False,False
1215,405,scene_1.2,scene_1.2_y02,6,route_right,63.570967742,3.63,9.56,305.0,5.323254219,0.0,0.0,35.0,False,False
1216,406,scene_1.2,scene_1.2_y02,6,route_left,64.861612903,3.63,9.56,145.0,2.530727415,0.0,0.0,-35.0,True,False
1217,406,scene_1.2,scene_1.2_y02,6,route_forward,64.861612903,3.63,9.56,180.0,3.141592654,0.0,0.0,0.0,True,False
1218,406,scene_1.2,scene_1.2_y02,6,route_right,64.861612903,3.63,9.56,215.0,3.752457892,0.0,0.0,35.0,True,False
1219,407,scene_1.2,scene_1.2_y02,6,route_left,64.861612903,3.63,10.0425,145.0,2.530727415,0.0,0.0,-35.0,True,False
1220,407,scene_1.2,scene_1.2_y02,6,route_forward,64.861612903,3.63,10.0425,180.0,3.141592654,0.0,0.0,0.0,True,False
1221,407,scene_1.2,scene_1.2_y02,6,route_right,64.861612903,3.63,10.0425,215.0,3.752457892,0.0,0.0,35.0,True,False
1222,408,scene_1.2,scene_1.2_y02,6,route_left,64.861612903,3.63,10.525,145.0,2.530727415,0.0,0.0,-35.0,True,False
1223,408,scene_1.2,scene_1.2_y02,6,route_forward,64.861612903,3.63,10.525,180.0,3.141592654,0.0,0.0,0.0,True,False
1224,408,scene_1.2,scene_1.2_y02,6,route_right,64.861612903,3.63,10.525,215.0,3.752457892,0.0,0.0,35.0,True,False
1225,409,scene_1.2,scene_1.2_y02,6,route_left,64.861612903,3.63,11.0075,145.0,2.530727415,0.0,0.0,-35.0,True,False
1226,409,scene_1.2,scene_1.2_y02,6,route_forward,64.861612903,3.63,11.0075,180.0,3.141592654,0.0,0.0,0.0,True,False
1227,409,scene_1.2,scene_1.2_y02,6,route_right,64.861612903,3.63,11.0075,215.0,3.752457892,0.0,0.0,35.0,True,False
1228,410,scene_1.2,scene_1.2_y02,6,route_left,64.861612903,3.63,11.49,235.0,4.101523742,0.0,0.0,-35.0,True,False
1229,410,scene_1.2,scene_1.2_y02,6,route_forward,64.861612903,3.63,11.49,270.0,4.71238898,0.0,0.0,0.0,True,False
1230,410,scene_1.2,scene_1.2_y02,6,route_right,64.861612903,3.63,11.49,305.0,5.323254219,0.0,0.0,35.0,True,False
1231,411,scene_1.2,scene_1.2_y02,6,route_left,66.152258065,3.63,11.49,325.0,5.672320069,0.0,0.0,-35.0,False,False
1232,411,scene_1.2,scene_1.2_y02,6,route_forward,66.152258065,3.63,11.49,0.0,0.0,0.0,0.0,0.0,False,False
1233,411,scene_1.2,scene_1.2_y02,6,route_right,66.152258065,3.63,11.49,35.0,0.610865238,0.0,0.0,35.0,False,False
1234,412,scene_1.2,scene_1.2_y02,6,route_left,66.152258065,3.63,11.0075,325.0,5.672320069,0.0,0.0,-35.0,False,False
1235,412,scene_1.2,scene_1.2_y02,6,route_forward,66.152258065,3.63,11.0075,0.0,0.0,0.0,0.0,0.0,False,False
1236,412,scene_1.2,scene_1.2_y02,6,route_right,66.152258065,3.63,11.0075,35.0,0.610865238,0.0,0.0,35.0,False,False
1237,413,scene_1.2,scene_1.2_y02,6,route_left,66.152258065,3.63,10.525,325.0,5.672320069,0.0,0.0,-35.0,False,False
1238,413,scene_1.2,scene_1.2_y02,6,route_forward,66.152258065,3.63,10.525,0.0,0.0,0.0,0.0,0.0,False,False
1239,413,scene_1.2,scene_1.2_y02,6,route_right,66.152258065,3.63,10.525,35.0,0.610865238,0.0,0.0,35.0,False,False
1240,414,scene_1.2,scene_1.2_y02,6,route_left,66.152258065,3.63,10.0425,325.0,5.672320069,0.0,0.0,-35.0,False,False
1241,414,scene_1.2,scene_1.2_y02,6,route_forward,66.152258065,3.63,10.0425,0.0,0.0,0.0,0.0,0.0,False,False
1242,414,scene_1.2,scene_1.2_y02,6,route_right,66.152258065,3.63,10.0425,35.0,0.610865238,0.0,0.0,35.0,False,False
1243,415,scene_1.2,scene_1.2_y02,6,route_left,66.152258065,3.63,9.56,235.0,4.101523742,0.0,0.0,-35.0,False,False
1244,415,scene_1.2,scene_1.2_y02,6,route_forward,66.152258065,3.63,9.56,270.0,4.71238898,0.0,0.0,0.0,False,False
1245,415,scene_1.2,scene_1.2_y02,6,route_right,66.152258065,3.63,9.56,305.0,5.323254219,0.0,0.0,35.0,False,False
1246,416,scene_1.2,scene_1.2_y02,6,route_left,67.442903226,3.63,9.56,145.0,2.530727415,0.0,0.0,-35.0,True,False
1247,416,scene_1.2,scene_1.2_y02,6,route_forward,67.442903226,3.63,9.56,180.0,3.141592654,0.0,0.0,0.0,True,False
1248,416,scene_1.2,scene_1.2_y02,6,route_right,67.442903226,3.63,9.56,215.0,3.752457892,0.0,0.0,35.0,True,False
1249,417,scene_1.2,scene_1.2_y02,6,route_left,67.442903226,3.63,10.0425,145.0,2.530727415,0.0,0.0,-35.0,True,False
1250,417,scene_1.2,scene_1.2_y02,6,route_forward,67.442903226,3.63,10.0425,180.0,3.141592654,0.0,0.0,0.0,True,False
1251,417,scene_1.2,scene_1.2_y02,6,route_right,67.442903226,3.63,10.0425,215.0,3.752457892,0.0,0.0,35.0,True,False
1252,418,scene_1.2,scene_1.2_y02,6,route_left,67.442903226,3.63,10.525,145.0,2.530727415,0.0,0.0,-35.0,True,False
1253,418,scene_1.2,scene_1.2_y02,6,route_forward,67.442903226,3.63,10.525,180.0,3.141592654,0.0,0.0,0.0,True,False
1254,418,scene_1.2,scene_1.2_y02,6,route_right,67.442903226,3.63,10.525,215.0,3.752457892,0.0,0.0,35.0,True,False
1255,419,scene_1.2,scene_1.2_y02,6,route_left,67.442903226,3.63,11.0075,145.0,2.530727415,0.0,0.0,-35.0,True,False
1256,419,scene_1.2,scene_1.2_y02,6,route_forward,67.442903226,3.63,11.0075,180.0,3.141592654,0.0,0.0,0.0,True,False
1257,419,scene_1.2,scene_1.2_y02,6,route_right,67.442903226,3.63,11.0075,215.0,3.752457892,0.0,0.0,35.0,True,False
1258,420,scene_1.2,scene_1.2_y02,6,route_left,67.442903226,3.63,11.49,235.0,4.101523742,0.0,0.0,-35.0,True,False
1259,420,scene_1.2,scene_1.2_y02,6,route_forward,67.442903226,3.63,11.49,270.0,4.71238898,0.0,0.0,0.0,True,False
1260,420,scene_1.2,scene_1.2_y02,6,route_right,67.442903226,3.63,11.49,305.0,5.323254219,0.0,0.0,35.0,True,False
1261,421,scene_1.2,scene_1.2_y02,6,route_left,68.733548387,3.63,11.49,325.0,5.672320069,0.0,0.0,-35.0,False,False
1262,421,scene_1.2,scene_1.2_y02,6,route_forward,68.733548387,3.63,11.49,0.0,0.0,0.0,0.0,0.0,False,False
1263,421,scene_1.2,scene_1.2_y02,6,route_right,68.733548387,3.63,11.49,35.0,0.610865238,0.0,0.0,35.0,False,False
1264,422,scene_1.2,scene_1.2_y02,6,route_left,68.733548387,3.63,11.0075,325.0,5.672320069,0.0,0.0,-35.0,False,False
1265,422,scene_1.2,scene_1.2_y02,6,route_forward,68.733548387,3.63,11.0075,0.0,0.0,0.0,0.0,0.0,False,False
1266,422,scene_1.2,scene_1.2_y02,6,route_right,68.733548387,3.63,11.0075,35.0,0.610865238,0.0,0.0,35.0,False,False
1267,423,scene_1.2,scene_1.2_y02,6,route_left,68.733548387,3.63,10.525,325.0,5.672320069,0.0,0.0,-35.0,False,False
1268,423,scene_1.2,scene_1.2_y02,6,route_forward,68.733548387,3.63,10.525,0.0,0.0,0.0,0.0,0.0,False,False
1269,423,scene_1.2,scene_1.2_y02,6,route_right,68.733548387,3.63,10.525,35.0,0.610865238,0.0,0.0,35.0,False,False
1270,424,scene_1.2,scene_1.2_y02,6,route_left,68.733548387,3.63,10.0425,325.0,5.672320069,0.0,0.0,-35.0,False,False
1271,424,scene_1.2,scene_1.2_y02,6,route_forward,68.733548387,3.63,10.0425,0.0,0.0,0.0,0.0,0.0,False,False
1272,424,scene_1.2,scene_1.2_y02,6,route_right,68.733548387,3.63,10.0425,35.0,0.610865238,0.0,0.0,35.0,False,False
1273,425,scene_1.2,scene_1.2_y02,6,route_left,68.733548387,3.63,9.56,235.0,4.101523742,0.0,0.0,-35.0,False,False
1274,425,scene_1.2,scene_1.2_y02,6,route_forward,68.733548387,3.63,9.56,270.0,4.71238898,0.0,0.0,0.0,False,False
1275,425,scene_1.2,scene_1.2_y02,6,route_right,68.733548387,3.63,9.56,305.0,5.323254219,0.0,0.0,35.0,False,False
1276,426,scene_1.2,scene_1.2_y02,6,route_left,70.024193548,3.63,9.56,145.0,2.530727415,0.0,0.0,-35.0,True,False
1277,426,scene_1.2,scene_1.2_y02,6,route_forward,70.024193548,3.63,9.56,180.0,3.141592654,0.0,0.0,0.0,True,False
1278,426,scene_1.2,scene_1.2_y02,6,route_right,70.024193548,3.63,9.56,215.0,3.752457892,0.0,0.0,35.0,True,False
1279,427,scene_1.2,scene_1.2_y02,6,route_left,70.024193548,3.63,10.0425,145.0,2.530727415,0.0,0.0,-35.0,True,False
1280,427,scene_1.2,scene_1.2_y02,6,route_forward,70.024193548,3.63,10.0425,180.0,3.141592654,0.0,0.0,0.0,True,False
1281,427,scene_1.2,scene_1.2_y02,6,route_right,70.024193548,3.63,10.0425,215.0,3.752457892,0.0,0.0,35.0,True,False
1282,428,scene_1.2,scene_1.2_y02,6,route_left,70.024193548,3.63,10.525,145.0,2.530727415,0.0,0.0,-35.0,True,False
1283,428,scene_1.2,scene_1.2_y02,6,route_forward,70.024193548,3.63,10.525,180.0,3.141592654,0.0,0.0,0.0,True,False
1284,428,scene_1.2,scene_1.2_y02,6,route_right,70.024193548,3.63,10.525,215.0,3.752457892,0.0,0.0,35.0,True,False
1285,429,scene_1.2,scene_1.2_y02,6,route_left,70.024193548,3.63,11.0075,145.0,2.530727415,0.0,0.0,-35.0,True,False
1286,429,scene_1.2,scene_1.2_y02,6,route_forward,70.024193548,3.63,11.0075,180.0,3.141592654,0.0,0.0,0.0,True,False
1287,429,scene_1.2,scene_1.2_y02,6,route_right,70.024193548,3.63,11.0075,215.0,3.752457892,0.0,0.0,35.0,True,False
1288,430,scene_1.2,scene_1.2_y02,6,route_left,70.024193548,3.63,11.49,235.0,4.101523742,0.0,0.0,-35.0,True,False
1289,430,scene_1.2,scene_1.2_y02,6,route_forward,70.024193548,3.63,11.49,270.0,4.71238898,0.0,0.0,0.0,True,False
1290,430,scene_1.2,scene_1.2_y02,6,route_right,70.024193548,3.63,11.49,305.0,5.323254219,0.0,0.0,35.0,True,False
1291,431,scene_1.2,scene_1.2_y02,6,route_left,71.31483871,3.63,11.49,325.0,5.672320069,0.0,0.0,-35.0,False,False
1292,431,scene_1.2,scene_1.2_y02,6,route_forward,71.31483871,3.63,11.49,0.0,0.0,0.0,0.0,0.0,False,False
1293,431,scene_1.2,scene_1.2_y02,6,route_right,71.31483871,3.63,11.49,35.0,0.610865238,0.0,0.0,35.0,False,False
1294,432,scene_1.2,scene_1.2_y02,6,route_left,71.31483871,3.63,11.0075,325.0,5.672320069,0.0,0.0,-35.0,False,False
1295,432,scene_1.2,scene_1.2_y02,6,route_forward,71.31483871,3.63,11.0075,0.0,0.0,0.0,0.0,0.0,False,False
1296,432,scene_1.2,scene_1.2_y02,6,route_right,71.31483871,3.63,11.0075,35.0,0.610865238,0.0,0.0,35.0,False,False
1297,433,scene_1.2,scene_1.2_y02,6,route_left,71.31483871,3.63,10.525,325.0,5.672320069,0.0,0.0,-35.0,False,False
1298,433,scene_1.2,scene_1.2_y02,6,route_forward,71.31483871,3.63,10.525,0.0,0.0,0.0,0.0,0.0,False,False
1299,433,scene_1.2,scene_1.2_y02,6,route_right,71.31483871,3.63,10.525,35.0,0.610865238,0.0,0.0,35.0,False,False
1300,434,scene_1.2,scene_1.2_y02,6,route_left,71.31483871,3.63,10.0425,325.0,5.672320069,0.0,0.0,-35.0,False,False
1301,434,scene_1.2,scene_1.2_y02,6,route_forward,71.31483871,3.63,10.0425,0.0,0.0,0.0,0.0,0.0,False,False
1302,434,scene_1.2,scene_1.2_y02,6,route_right,71.31483871,3.63,10.0425,35.0,0.610865238,0.0,0.0,35.0,False,False
1303,435,scene_1.2,scene_1.2_y02,6,route_left,71.31483871,3.63,9.56,235.0,4.101523742,0.0,0.0,-35.0,False,False
1304,435,scene_1.2,scene_1.2_y02,6,route_forward,71.31483871,3.63,9.56,270.0,4.71238898,0.0,0.0,0.0,False,False
1305,435,scene_1.2,scene_1.2_y02,6,route_right,71.31483871,3.63,9.56,305.0,5.323254219,0.0,0.0,35.0,False,False
1306,436,scene_1.2,scene_1.2_y02,6,route_left,72.605483871,3.63,9.56,145.0,2.530727415,0.0,0.0,-35.0,True,False
1307,436,scene_1.2,scene_1.2_y02,6,route_forward,72.605483871,3.63,9.56,180.0,3.141592654,0.0,0.0,0.0,True,False
1308,436,scene_1.2,scene_1.2_y02,6,route_right,72.605483871,3.63,9.56,215.0,3.752457892,0.0,0.0,35.0,True,False
1309,437,scene_1.2,scene_1.2_y02,6,route_left,72.605483871,3.63,10.0425,145.0,2.530727415,0.0,0.0,-35.0,True,False
1310,437,scene_1.2,scene_1.2_y02,6,route_forward,72.605483871,3.63,10.0425,180.0,3.141592654,0.0,0.0,0.0,True,False
1311,437,scene_1.2,scene_1.2_y02,6,route_right,72.605483871,3.63,10.0425,215.0,3.752457892,0.0,0.0,35.0,True,False
1312,438,scene_1.2,scene_1.2_y02,6,route_left,72.605483871,3.63,10.525,145.0,2.530727415,0.0,0.0,-35.0,True,False
1313,438,scene_1.2,scene_1.2_y02,6,route_forward,72.605483871,3.63,10.525,180.0,3.141592654,0.0,0.0,0.0,True,False
1314,438,scene_1.2,scene_1.2_y02,6,route_right,72.605483871,3.63,10.525,215.0,3.752457892,0.0,0.0,35.0,True,False
1315,439,scene_1.2,scene_1.2_y02,6,route_left,72.605483871,3.63,11.0075,145.0,2.530727415,0.0,0.0,-35.0,True,False
1316,439,scene_1.2,scene_1.2_y02,6,route_forward,72.605483871,3.63,11.0075,180.0,3.141592654,0.0,0.0,0.0,True,False
1317,439,scene_1.2,scene_1.2_y02,6,route_right,72.605483871,3.63,11.0075,215.0,3.752457892,0.0,0.0,35.0,True,False
1318,440,scene_1.2,scene_1.2_y02,6,route_left,72.605483871,3.63,11.49,235.0,4.101523742,0.0,0.0,-35.0,True,False
1319,440,scene_1.2,scene_1.2_y02,6,route_forward,72.605483871,3.63,11.49,270.0,4.71238898,0.0,0.0,0.0,True,False
1320,440,scene_1.2,scene_1.2_y02,6,route_right,72.605483871,3.63,11.49,305.0,5.323254219,0.0,0.0,35.0,True,False
1321,441,scene_1.2,scene_1.2_y02,6,route_left,73.896129032,3.63,11.49,325.0,5.672320069,0.0,0.0,-35.0,False,False
1322,441,scene_1.2,scene_1.2_y02,6,route_forward,73.896129032,3.63,11.49,0.0,0.0,0.0,0.0,0.0,False,False
1323,441,scene_1.2,scene_1.2_y02,6,route_right,73.896129032,3.63,11.49,35.0,0.610865238,0.0,0.0,35.0,False,False
1324,442,scene_1.2,scene_1.2_y02,6,route_left,73.896129032,3.63,11.0075,325.0,5.672320069,0.0,0.0,-35.0,False,False
1325,442,scene_1.2,scene_1.2_y02,6,route_forward,73.896129032,3.63,11.0075,0.0,0.0,0.0,0.0,0.0,False,False
1326,442,scene_1.2,scene_1.2_y02,6,route_right,73.896129032,3.63,11.0075,35.0,0.610865238,0.0,0.0,35.0,False,False
1327,443,scene_1.2,scene_1.2_y02,6,route_left,73.896129032,3.63,10.525,325.0,5.672320069,0.0,0.0,-35.0,False,False
1328,443,scene_1.2,scene_1.2_y02,6,route_forward,73.896129032,3.63,10.525,0.0,0.0,0.0,0.0,0.0,False,False
1329,443,scene_1.2,scene_1.2_y02,6,route_right,73.896129032,3.63,10.525,35.0,0.610865238,0.0,0.0,35.0,False,False
1330,444,scene_1.2,scene_1.2_y02,6,route_left,73.896129032,3.63,10.0425,325.0,5.672320069,0.0,0.0,-35.0,False,False
1331,444,scene_1.2,scene_1.2_y02,6,route_forward,73.896129032,3.63,10.0425,0.0,0.0,0.0,0.0,0.0,False,False
1332,444,scene_1.2,scene_1.2_y02,6,route_right,73.896129032,3.63,10.0425,35.0,0.610865238,0.0,0.0,35.0,False,False
1333,445,scene_1.2,scene_1.2_y02,6,route_left,73.896129032,3.63,9.56,235.0,4.101523742,0.0,0.0,-35.0,False,False
1334,445,scene_1.2,scene_1.2_y02,6,route_forward,73.896129032,3.63,9.56,270.0,4.71238898,0.0,0.0,0.0,False,False
1335,445,scene_1.2,scene_1.2_y02,6,route_right,73.896129032,3.63,9.56,305.0,5.323254219,0.0,0.0,35.0,False,False
1336,446,scene_1.2,scene_1.2_y02,6,route_left,75.186774194,3.63,9.56,145.0,2.530727415,0.0,0.0,-35.0,True,False
1337,446,scene_1.2,scene_1.2_y02,6,route_forward,75.186774194,3.63,9.56,180.0,3.141592654,0.0,0.0,0.0,True,False
1338,446,scene_1.2,scene_1.2_y02,6,route_right,75.186774194,3.63,9.56,215.0,3.752457892,0.0,0.0,35.0,True,False
1339,447,scene_1.2,scene_1.2_y02,6,route_left,75.186774194,3.63,10.0425,145.0,2.530727415,0.0,0.0,-35.0,True,False
1340,447,scene_1.2,scene_1.2_y02,6,route_forward,75.186774194,3.63,10.0425,180.0,3.141592654,0.0,0.0,0.0,True,False
1341,447,scene_1.2,scene_1.2_y02,6,route_right,75.186774194,3.63,10.0425,215.0,3.752457892,0.0,0.0,35.0,True,False
1342,448,scene_1.2,scene_1.2_y02,6,route_left,75.186774194,3.63,10.525,145.0,2.530727415,0.0,0.0,-35.0,True,False
1343,448,scene_1.2,scene_1.2_y02,6,route_forward,75.186774194,3.63,10.525,180.0,3.141592654,0.0,0.0,0.0,True,False
1344,448,scene_1.2,scene_1.2_y02,6,route_right,75.186774194,3.63,10.525,215.0,3.752457892,0.0,0.0,35.0,True,False
1345,449,scene_1.2,scene_1.2_y02,6,route_left,75.186774194,3.63,11.0075,145.0,2.530727415,0.0,0.0,-35.0,True,False
1346,449,scene_1.2,scene_1.2_y02,6,route_forward,75.186774194,3.63,11.0075,180.0,3.141592654,0.0,0.0,0.0,True,False
1347,449,scene_1.2,scene_1.2_y02,6,route_right,75.186774194,3.63,11.0075,215.0,3.752457892,0.0,0.0,35.0,True,False
1348,450,scene_1.2,scene_1.2_y02,6,route_left,75.186774194,3.63,11.49,235.0,4.101523742,0.0,0.0,-35.0,True,False
1349,450,scene_1.2,scene_1.2_y02,6,route_forward,75.186774194,3.63,11.49,270.0,4.71238898,0.0,0.0,0.0,True,False
1350,450,scene_1.2,scene_1.2_y02,6,route_right,75.186774194,3.63,11.49,305.0,5.323254219,0.0,0.0,35.0,True,False
1351,451,scene_1.2,scene_1.2_y02,6,route_left,76.477419355,3.63,11.49,325.0,5.672320069,0.0,0.0,-35.0,False,False
1352,451,scene_1.2,scene_1.2_y02,6,route_forward,76.477419355,3.63,11.49,0.0,0.0,0.0,0.0,0.0,False,False
1353,451,scene_1.2,scene_1.2_y02,6,route_right,76.477419355,3.63,11.49,35.0,0.610865238,0.0,0.0,35.0,False,False
1354,452,scene_1.2,scene_1.2_y02,6,route_left,76.477419355,3.63,11.0075,325.0,5.672320069,0.0,0.0,-35.0,False,False
1355,452,scene_1.2,scene_1.2_y02,6,route_forward,76.477419355,3.63,11.0075,0.0,0.0,0.0,0.0,0.0,False,False
1356,452,scene_1.2,scene_1.2_y02,6,route_right,76.477419355,3.63,11.0075,35.0,0.610865238,0.0,0.0,35.0,False,False
1357,453,scene_1.2,scene_1.2_y02,6,route_left,76.477419355,3.63,10.525,325.0,5.672320069,0.0,0.0,-35.0,False,False
1358,453,scene_1.2,scene_1.2_y02,6,route_forward,76.477419355,3.63,10.525,0.0,0.0,0.0,0.0,0.0,False,False
1359,453,scene_1.2,scene_1.2_y02,6,route_right,76.477419355,3.63,10.525,35.0,0.610865238,0.0,0.0,35.0,False,False
1360,454,scene_1.2,scene_1.2_y02,6,route_left,76.477419355,3.63,10.0425,325.0,5.672320069,0.0,0.0,-35.0,False,False
1361,454,scene_1.2,scene_1.2_y02,6,route_forward,76.477419355,3.63,10.0425,0.0,0.0,0.0,0.0,0.0,False,False
1362,454,scene_1.2,scene_1.2_y02,6,route_right,76.477419355,3.63,10.0425,35.0,0.610865238,0.0,0.0,35.0,False,False
1363,455,scene_1.2,scene_1.2_y02,6,route_left,76.477419355,3.63,9.56,235.0,4.101523742,0.0,0.0,-35.0,False,False
1364,455,scene_1.2,scene_1.2_y02,6,route_forward,76.477419355,3.63,9.56,270.0,4.71238898,0.0,0.0,0.0,False,False
1365,455,scene_1.2,scene_1.2_y02,6,route_right,76.477419355,3.63,9.56,305.0,5.323254219,0.0,0.0,35.0,False,False
1366,456,scene_1.2,scene_1.2_y02,6,route_left,77.768064516,3.63,9.56,145.0,2.530727415,0.0,0.0,-35.0,True,False
1367,456,scene_1.2,scene_1.2_y02,6,route_forward,77.768064516,3.63,9.56,180.0,3.141592654,0.0,0.0,0.0,True,False
1368,456,scene_1.2,scene_1.2_y02,6,route_right,77.768064516,3.63,9.56,215.0,3.752457892,0.0,0.0,35.0,True,False
1369,457,scene_1.2,scene_1.2_y02,6,route_left,77.768064516,3.63,10.0425,145.0,2.530727415,0.0,0.0,-35.0,True,False
1370,457,scene_1.2,scene_1.2_y02,6,route_forward,77.768064516,3.63,10.0425,180.0,3.141592654,0.0,0.0,0.0,True,False
1371,457,scene_1.2,scene_1.2_y02,6,route_right,77.768064516,3.63,10.0425,215.0,3.752457892,0.0,0.0,35.0,True,False
1372,458,scene_1.2,scene_1.2_y02,6,route_left,77.768064516,3.63,10.525,145.0,2.530727415,0.0,0.0,-35.0,True,False
1373,458,scene_1.2,scene_1.2_y02,6,route_forward,77.768064516,3.63,10.525,180.0,3.141592654,0.0,0.0,0.0,True,False
1374,458,scene_1.2,scene_1.2_y02,6,route_right,77.768064516,3.63,10.525,215.0,3.752457892,0.0,0.0,35.0,True,False
1375,459,scene_1.2,scene_1.2_y02,6,route_left,77.768064516,3.63,11.0075,145.0,2.530727415,0.0,0.0,-35.0,True,False
1376,459,scene_1.2,scene_1.2_y02,6,route_forward,77.768064516,3.63,11.0075,180.0,3.141592654,0.0,0.0,0.0,True,False
1377,459,scene_1.2,scene_1.2_y02,6,route_right,77.768064516,3.63,11.0075,215.0,3.752457892,0.0,0.0,35.0,True,False
1378,460,scene_1.2,scene_1.2_y02,6,route_left,77.768064516,3.63,11.49,235.0,4.101523742,0.0,0.0,-35.0,True,False
1379,460,scene_1.2,scene_1.2_y02,6,route_forward,77.768064516,3.63,11.49,270.0,4.71238898,0.0,0.0,0.0,True,False
1380,460,scene_1.2,scene_1.2_y02,6,route_right,77.768064516,3.63,11.49,305.0,5.323254219,0.0,0.0,35.0,True,False
1381,461,scene_1.2,scene_1.2_y02,6,route_left,79.058709677,3.63,11.49,325.0,5.672320069,0.0,0.0,-35.0,False,False
1382,461,scene_1.2,scene_1.2_y02,6,route_forward,79.058709677,3.63,11.49,0.0,0.0,0.0,0.0,0.0,False,False
1383,461,scene_1.2,scene_1.2_y02,6,route_right,79.058709677,3.63,11.49,35.0,0.610865238,0.0,0.0,35.0,False,False
1384,462,scene_1.2,scene_1.2_y02,6,route_left,79.058709677,3.63,11.0075,325.0,5.672320069,0.0,0.0,-35.0,False,False
1385,462,scene_1.2,scene_1.2_y02,6,route_forward,79.058709677,3.63,11.0075,0.0,0.0,0.0,0.0,0.0,False,False
1386,462,scene_1.2,scene_1.2_y02,6,route_right,79.058709677,3.63,11.0075,35.0,0.610865238,0.0,0.0,35.0,False,False
1387,463,scene_1.2,scene_1.2_y02,6,route_left,79.058709677,3.63,10.525,325.0,5.672320069,0.0,0.0,-35.0,False,False
1388,463,scene_1.2,scene_1.2_y02,6,route_forward,79.058709677,3.63,10.525,0.0,0.0,0.0,0.0,0.0,False,False
1389,463,scene_1.2,scene_1.2_y02,6,route_right,79.058709677,3.63,10.525,35.0,0.610865238,0.0,0.0,35.0,False,False
1390,464,scene_1.2,scene_1.2_y02,6,route_left,79.058709677,3.63,10.0425,325.0,5.672320069,0.0,0.0,-35.0,False,False
1391,464,scene_1.2,scene_1.2_y02,6,route_forward,79.058709677,3.63,10.0425,0.0,0.0,0.0,0.0,0.0,False,False
1392,464,scene_1.2,scene_1.2_y02,6,route_right,79.058709677,3.63,10.0425,35.0,0.610865238,0.0,0.0,35.0,False,False
1393,465,scene_1.2,scene_1.2_y02,6,route_left,79.058709677,3.63,9.56,235.0,4.101523742,0.0,0.0,-35.0,False,False
1394,465,scene_1.2,scene_1.2_y02,6,route_forward,79.058709677,3.63,9.56,270.0,4.71238898,0.0,0.0,0.0,False,False
1395,465,scene_1.2,scene_1.2_y02,6,route_right,79.058709677,3.63,9.56,305.0,5.323254219,0.0,0.0,35.0,False,False
1396,466,scene_1.2,scene_1.2_y02,6,route_left,80.349354839,3.63,9.56,145.0,2.530727415,0.0,0.0,-35.0,True,False
1397,466,scene_1.2,scene_1.2_y02,6,route_forward,80.349354839,3.63,9.56,180.0,3.141592654,0.0,0.0,0.0,True,False
1398,466,scene_1.2,scene_1.2_y02,6,route_right,80.349354839,3.63,9.56,215.0,3.752457892,0.0,0.0,35.0,True,False
1399,467,scene_1.2,scene_1.2_y02,6,route_left,80.349354839,3.63,10.0425,145.0,2.530727415,0.0,0.0,-35.0,True,False
1400,467,scene_1.2,scene_1.2_y02,6,route_forward,80.349354839,3.63,10.0425,180.0,3.141592654,0.0,0.0,0.0,True,False
1401,467,scene_1.2,scene_1.2_y02,6,route_right,80.349354839,3.63,10.0425,215.0,3.752457892,0.0,0.0,35.0,True,False
1402,468,scene_1.2,scene_1.2_y02,6,route_left,80.349354839,3.63,10.525,145.0,2.530727415,0.0,0.0,-35.0,True,False
1403,468,scene_1.2,scene_1.2_y02,6,route_forward,80.349354839,3.63,10.525,180.0,3.141592654,0.0,0.0,0.0,True,False
1404,468,scene_1.2,scene_1.2_y02,6,route_right,80.349354839,3.63,10.525,215.0,3.752457892,0.0,0.0,35.0,True,False
1405,469,scene_1.2,scene_1.2_y02,6,route_left,80.349354839,3.63,11.0075,145.0,2.530727415,0.0,0.0,-35.0,True,False
1406,469,scene_1.2,scene_1.2_y02,6,route_forward,80.349354839,3.63,11.0075,180.0,3.141592654,0.0,0.0,0.0,True,False
1407,469,scene_1.2,scene_1.2_y02,6,route_right,80.349354839,3.63,11.0075,215.0,3.752457892,0.0,0.0,35.0,True,False
1408,470,scene_1.2,scene_1.2_y02,6,route_left,80.349354839,3.63,11.49,235.0,4.101523742,0.0,0.0,-35.0,True,False
1409,470,scene_1.2,scene_1.2_y02,6,route_forward,80.349354839,3.63,11.49,270.0,4.71238898,0.0,0.0,0.0,True,False
1410,470,scene_1.2,scene_1.2_y02,6,route_right,80.349354839,3.63,11.49,305.0,5.323254219,0.0,0.0,35.0,True,False
1411,471,scene_1.2,scene_1.2_y02,6,route_left,81.64,3.63,11.49,325.0,5.672320069,0.0,0.0,-35.0,False,False
1412,471,scene_1.2,scene_1.2_y02,6,route_forward,81.64,3.63,11.49,0.0,0.0,0.0,0.0,0.0,False,False
1413,471,scene_1.2,scene_1.2_y02,6,route_right,81.64,3.63,11.49,35.0,0.610865238,0.0,0.0,35.0,False,False
1414,472,scene_1.2,scene_1.2_y02,6,route_left,81.64,3.63,11.0075,325.0,5.672320069,0.0,0.0,-35.0,False,False
1415,472,scene_1.2,scene_1.2_y02,6,route_forward,81.64,3.63,11.0075,0.0,0.0,0.0,0.0,0.0,False,False
1416,472,scene_1.2,scene_1.2_y02,6,route_right,81.64,3.63,11.0075,35.0,0.610865238,0.0,0.0,35.0,False,False
1417,473,scene_1.2,scene_1.2_y02,6,route_left,81.64,3.63,10.525,325.0,5.672320069,0.0,0.0,-35.0,False,False
1418,473,scene_1.2,scene_1.2_y02,6,route_forward,81.64,3.63,10.525,0.0,0.0,0.0,0.0,0.0,False,False
1419,473,scene_1.2,scene_1.2_y02,6,route_right,81.64,3.63,10.525,35.0,0.610865238,0.0,0.0,35.0,False,False
1420,474,scene_1.2,scene_1.2_y02,6,route_left,81.64,3.63,10.0425,325.0,5.672320069,0.0,0.0,-35.0,False,False
1421,474,scene_1.2,scene_1.2_y02,6,route_forward,81.64,3.63,10.0425,0.0,0.0,0.0,0.0,0.0,False,False
1422,474,scene_1.2,scene_1.2_y02,6,route_right,81.64,3.63,10.0425,35.0,0.610865238,0.0,0.0,35.0,False,False
1423,475,scene_1.2,scene_1.2_y02,6,route_left,81.64,3.63,9.56,235.0,4.101523742,0.0,0.0,-35.0,False,False
1424,475,scene_1.2,scene_1.2_y02,6,route_forward,81.64,3.63,9.56,270.0,4.71238898,0.0,0.0,0.0,False,False
1425,475,scene_1.2,scene_1.2_y02,6,route_right,81.64,3.63,9.56,305.0,5.323254219,0.0,0.0,35.0,False,False
1426,476,scene_1.2,scene_1.2_y02,6,route_left,82.930645161,3.63,9.56,145.0,2.530727415,0.0,0.0,-35.0,True,False
1427,476,scene_1.2,scene_1.2_y02,6,route_forward,82.930645161,3.63,9.56,180.0,3.141592654,0.0,0.0,0.0,True,False
1428,476,scene_1.2,scene_1.2_y02,6,route_right,82.930645161,3.63,9.56,215.0,3.752457892,0.0,0.0,35.0,True,False
1429,477,scene_1.2,scene_1.2_y02,6,route_left,82.930645161,3.63,10.0425,145.0,2.530727415,0.0,0.0,-35.0,True,False
1430,477,scene_1.2,scene_1.2_y02,6,route_forward,82.930645161,3.63,10.0425,180.0,3.141592654,0.0,0.0,0.0,True,False
1431,477,scene_1.2,scene_1.2_y02,6,route_right,82.930645161,3.63,10.0425,215.0,3.752457892,0.0,0.0,35.0,True,False
1432,478,scene_1.2,scene_1.2_y02,6,route_left,82.930645161,3.63,10.525,145.0,2.530727415,0.0,0.0,-35.0,True,False
1433,478,scene_1.2,scene_1.2_y02,6,route_forward,82.930645161,3.63,10.525,180.0,3.141592654,0.0,0.0,0.0,True,False
1434,478,scene_1.2,scene_1.2_y02,6,route_right,82.930645161,3.63,10.525,215.0,3.752457892,0.0,0.0,35.0,True,False
1435,479,scene_1.2,scene_1.2_y02,6,route_left,82.930645161,3.63,11.0075,145.0,2.530727415,0.0,0.0,-35.0,True,False
1436,479,scene_1.2,scene_1.2_y02,6,route_forward,82.930645161,3.63,11.0075,180.0,3.141592654,0.0,0.0,0.0,True,False
1437,479,scene_1.2,scene_1.2_y02,6,route_right,82.930645161,3.63,11.0075,215.0,3.752457892,0.0,0.0,35.0,True,False
1438,480,scene_1.2,scene_1.2_y02,6,route_left,82.930645161,3.63,11.49,235.0,4.101523742,0.0,0.0,-35.0,True,False
1439,480,scene_1.2,scene_1.2_y02,6,route_forward,82.930645161,3.63,11.49,270.0,4.71238898,0.0,0.0,0.0,True,False
1440,480,scene_1.2,scene_1.2_y02,6,route_right,82.930645161,3.63,11.49,305.0,5.323254219,0.0,0.0,35.0,True,False
1441,481,scene_1.2,scene_1.2_y02,6,route_left,84.221290323,3.63,11.49,325.0,5.672320069,0.0,0.0,-35.0,False,False
1442,481,scene_1.2,scene_1.2_y02,6,route_forward,84.221290323,3.63,11.49,0.0,0.0,0.0,0.0,0.0,False,False
1443,481,scene_1.2,scene_1.2_y02,6,route_right,84.221290323,3.63,11.49,35.0,0.610865238,0.0,0.0,35.0,False,False
1444,482,scene_1.2,scene_1.2_y02,6,route_left,84.221290323,3.63,11.0075,325.0,5.672320069,0.0,0.0,-35.0,False,False
1445,482,scene_1.2,scene_1.2_y02,6,route_forward,84.221290323,3.63,11.0075,0.0,0.0,0.0,0.0,0.0,False,False
1446,482,scene_1.2,scene_1.2_y02,6,route_right,84.221290323,3.63,11.0075,35.0,0.610865238,0.0,0.0,35.0,False,False
1447,483,scene_1.2,scene_1.2_y02,6,route_left,84.221290323,3.63,10.525,325.0,5.672320069,0.0,0.0,-35.0,False,False
1448,483,scene_1.2,scene_1.2_y02,6,route_forward,84.221290323,3.63,10.525,0.0,0.0,0.0,0.0,0.0,False,False
1449,483,scene_1.2,scene_1.2_y02,6,route_right,84.221290323,3.63,10.525,35.0,0.610865238,0.0,0.0,35.0,False,False
1450,484,scene_1.2,scene_1.2_y02,6,route_left,84.221290323,3.63,10.0425,325.0,5.672320069,0.0,0.0,-35.0,False,False
1451,484,scene_1.2,scene_1.2_y02,6,route_forward,84.221290323,3.63,10.0425,0.0,0.0,0.0,0.0,0.0,False,False
1452,484,scene_1.2,scene_1.2_y02,6,route_right,84.221290323,3.63,10.0425,35.0,0.610865238,0.0,0.0,35.0,False,False
1453,485,scene_1.2,scene_1.2_y02,6,route_left,84.221290323,3.63,9.56,235.0,4.101523742,0.0,0.0,-35.0,False,False
1454,485,scene_1.2,scene_1.2_y02,6,route_forward,84.221290323,3.63,9.56,270.0,4.71238898,0.0,0.0,0.0,False,False
1455,485,scene_1.2,scene_1.2_y02,6,route_right,84.221290323,3.63,9.56,305.0,5.323254219,0.0,0.0,35.0,False,False
1456,486,scene_1.2,scene_1.2_y02,6,route_left,85.511935484,3.63,9.56,145.0,2.530727415,0.0,0.0,-35.0,True,False
1457,486,scene_1.2,scene_1.2_y02,6,route_forward,85.511935484,3.63,9.56,180.0,3.141592654,0.0,0.0,0.0,True,False
1458,486,scene_1.2,scene_1.2_y02,6,route_right,85.511935484,3.63,9.56,215.0,3.752457892,0.0,0.0,35.0,True,False
1459,487,scene_1.2,scene_1.2_y02,6,route_left,85.511935484,3.63,10.0425,145.0,2.530727415,0.0,0.0,-35.0,True,False
1460,487,scene_1.2,scene_1.2_y02,6,route_forward,85.511935484,3.63,10.0425,180.0,3.141592654,0.0,0.0,0.0,True,False
1461,487,scene_1.2,scene_1.2_y02,6,route_right,85.511935484,3.63,10.0425,215.0,3.752457892,0.0,0.0,35.0,True,False
1462,488,scene_1.2,scene_1.2_y02,6,route_left,85.511935484,3.63,10.525,145.0,2.530727415,0.0,0.0,-35.0,True,False
1463,488,scene_1.2,scene_1.2_y02,6,route_forward,85.511935484,3.63,10.525,180.0,3.141592654,0.0,0.0,0.0,True,False
1464,488,scene_1.2,scene_1.2_y02,6,route_right,85.511935484,3.63,10.525,215.0,3.752457892,0.0,0.0,35.0,True,False
1465,489,scene_1.2,scene_1.2_y02,6,route_left,85.511935484,3.63,11.0075,145.0,2.530727415,0.0,0.0,-35.0,True,False
1466,489,scene_1.2,scene_1.2_y02,6,route_forward,85.511935484,3.63,11.0075,180.0,3.141592654,0.0,0.0,0.0,True,False
1467,489,scene_1.2,scene_1.2_y02,6,route_right,85.511935484,3.63,11.0075,215.0,3.752457892,0.0,0.0,35.0,True,False
1468,490,scene_1.2,scene_1.2_y02,6,route_left,85.511935484,3.63,11.49,235.0,4.101523742,0.0,0.0,-35.0,True,False
1469,490,scene_1.2,scene_1.2_y02,6,route_forward,85.511935484,3.63,11.49,270.0,4.71238898,0.0,0.0,0.0,True,False
1470,490,scene_1.2,scene_1.2_y02,6,route_right,85.511935484,3.63,11.49,305.0,5.323254219,0.0,0.0,35.0,True,False
1471,491,scene_1.2,scene_1.2_y02,6,route_left,86.802580645,3.63,11.49,325.0,5.672320069,0.0,0.0,-35.0,False,False
1472,491,scene_1.2,scene_1.2_y02,6,route_forward,86.802580645,3.63,11.49,0.0,0.0,0.0,0.0,0.0,False,False
1473,491,scene_1.2,scene_1.2_y02,6,route_right,86.802580645,3.63,11.49,35.0,0.610865238,0.0,0.0,35.0,False,False
1474,492,scene_1.2,scene_1.2_y02,6,route_left,86.802580645,3.63,11.0075,325.0,5.672320069,0.0,0.0,-35.0,False,False
1475,492,scene_1.2,scene_1.2_y02,6,route_forward,86.802580645,3.63,11.0075,0.0,0.0,0.0,0.0,0.0,False,False
1476,492,scene_1.2,scene_1.2_y02,6,route_right,86.802580645,3.63,11.0075,35.0,0.610865238,0.0,0.0,35.0,False,False
1477,493,scene_1.2,scene_1.2_y02,6,route_left,86.802580645,3.63,10.525,325.0,5.672320069,0.0,0.0,-35.0,False,False
1478,493,scene_1.2,scene_1.2_y02,6,route_forward,86.802580645,3.63,10.525,0.0,0.0,0.0,0.0,0.0,False,False
1479,493,scene_1.2,scene_1.2_y02,6,route_right,86.802580645,3.63,10.525,35.0,0.610865238,0.0,0.0,35.0,False,False
1480,494,scene_1.2,scene_1.2_y02,6,route_left,86.802580645,3.63,10.0425,325.0,5.672320069,0.0,0.0,-35.0,False,False
1481,494,scene_1.2,scene_1.2_y02,6,route_forward,86.802580645,3.63,10.0425,0.0,0.0,0.0,0.0,0.0,False,False
1482,494,scene_1.2,scene_1.2_y02,6,route_right,86.802580645,3.63,10.0425,35.0,0.610865238,0.0,0.0,35.0,False,False
1483,495,scene_1.2,scene_1.2_y02,6,route_left,86.802580645,3.63,9.56,235.0,4.101523742,0.0,0.0,-35.0,False,False
1484,495,scene_1.2,scene_1.2_y02,6,route_forward,86.802580645,3.63,9.56,270.0,4.71238898,0.0,0.0,0.0,False,False
1485,495,scene_1.2,scene_1.2_y02,6,route_right,86.802580645,3.63,9.56,305.0,5.323254219,0.0,0.0,35.0,False,False
1486,496,scene_1.2,scene_1.2_y02,6,route_left,88.093225806,3.63,9.56,145.0,2.530727415,0.0,0.0,-35.0,True,False
1487,496,scene_1.2,scene_1.2_y02,6,route_forward,88.093225806,3.63,9.56,180.0,3.141592654,0.0,0.0,0.0,True,False
1488,496,scene_1.2,scene_1.2_y02,6,route_right,88.093225806,3.63,9.56,215.0,3.752457892,0.0,0.0,35.0,True,False
1489,497,scene_1.2,scene_1.2_y02,6,route_left,88.093225806,3.63,10.0425,145.0,2.530727415,0.0,0.0,-35.0,True,False
1490,497,scene_1.2,scene_1.2_y02,6,route_forward,88.093225806,3.63,10.0425,180.0,3.141592654,0.0,0.0,0.0,True,False
1491,497,scene_1.2,scene_1.2_y02,6,route_right,88.093225806,3.63,10.0425,215.0,3.752457892,0.0,0.0,35.0,True,False
1492,498,scene_1.2,scene_1.2_y02,6,route_left,88.093225806,3.63,10.525,145.0,2.530727415,0.0,0.0,-35.0,True,False
1493,498,scene_1.2,scene_1.2_y02,6,route_forward,88.093225806,3.63,10.525,180.0,3.141592654,0.0,0.0,0.0,True,False
1494,498,scene_1.2,scene_1.2_y02,6,route_right,88.093225806,3.63,10.525,215.0,3.752457892,0.0,0.0,35.0,True,False
1495,499,scene_1.2,scene_1.2_y02,6,route_left,88.093225806,3.63,11.0075,145.0,2.530727415,0.0,0.0,-35.0,True,False
1496,499,scene_1.2,scene_1.2_y02,6,route_forward,88.093225806,3.63,11.0075,180.0,3.141592654,0.0,0.0,0.0,True,False
1497,499,scene_1.2,scene_1.2_y02,6,route_right,88.093225806,3.63,11.0075,215.0,3.752457892,0.0,0.0,35.0,True,False
1498,500,scene_1.2,scene_1.2_y02,6,route_left,88.093225806,3.63,11.49,235.0,4.101523742,0.0,0.0,-35.0,True,False
1499,500,scene_1.2,scene_1.2_y02,6,route_forward,88.093225806,3.63,11.49,270.0,4.71238898,0.0,0.0,0.0,True,False
1500,500,scene_1.2,scene_1.2_y02,6,route_right,88.093225806,3.63,11.49,305.0,5.323254219,0.0,0.0,35.0,True,False
1501,501,scene_1.2,scene_1.2_y02,6,route_left,89.383870968,3.63,11.49,325.0,5.672320069,0.0,0.0,-35.0,False,False
1502,501,scene_1.2,scene_1.2_y02,6,route_forward,89.383870968,3.63,11.49,0.0,0.0,0.0,0.0,0.0,False,False
1503,501,scene_1.2,scene_1.2_y02,6,route_right,89.383870968,3.63,11.49,35.0,0.610865238,0.0,0.0,35.0,False,False
1504,502,scene_1.2,scene_1.2_y02,6,route_left,89.383870968,3.63,11.0075,325.0,5.672320069,0.0,0.0,-35.0,False,False
1505,502,scene_1.2,scene_1.2_y02,6,route_forward,89.383870968,3.63,11.0075,0.0,0.0,0.0,0.0,0.0,False,False
1506,502,scene_1.2,scene_1.2_y02,6,route_right,89.383870968,3.63,11.0075,35.0,0.610865238,0.0,0.0,35.0,False,False
1507,503,scene_1.2,scene_1.2_y02,6,route_left,89.383870968,3.63,10.525,325.0,5.672320069,0.0,0.0,-35.0,False,False
1508,503,scene_1.2,scene_1.2_y02,6,route_forward,89.383870968,3.63,10.525,0.0,0.0,0.0,0.0,0.0,False,False
1509,503,scene_1.2,scene_1.2_y02,6,route_right,89.383870968,3.63,10.525,35.0,0.610865238,0.0,0.0,35.0,False,False
1510,504,scene_1.2,scene_1.2_y02,6,route_left,89.383870968,3.63,10.0425,325.0,5.672320069,0.0,0.0,-35.0,False,False
1511,504,scene_1.2,scene_1.2_y02,6,route_forward,89.383870968,3.63,10.0425,0.0,0.0,0.0,0.0,0.0,False,False
1512,504,scene_1.2,scene_1.2_y02,6,route_right,89.383870968,3.63,10.0425,35.0,0.610865238,0.0,0.0,35.0,False,False
1513,505,scene_1.2,scene_1.2_y02,6,route_left,89.383870968,3.63,9.56,235.0,4.101523742,0.0,0.0,-35.0,False,False
1514,505,scene_1.2,scene_1.2_y02,6,route_forward,89.383870968,3.63,9.56,270.0,4.71238898,0.0,0.0,0.0,False,False
1515,505,scene_1.2,scene_1.2_y02,6,route_right,89.383870968,3.63,9.56,305.0,5.323254219,0.0,0.0,35.0,False,False
1516,506,scene_1.2,scene_1.2_y02,6,route_left,90.674516129,3.63,9.56,145.0,2.530727415,0.0,0.0,-35.0,True,False
1517,506,scene_1.2,scene_1.2_y02,6,route_forward,90.674516129,3.63,9.56,180.0,3.141592654,0.0,0.0,0.0,True,False
1518,506,scene_1.2,scene_1.2_y02,6,route_right,90.674516129,3.63,9.56,215.0,3.752457892,0.0,0.0,35.0,True,False
1519,507,scene_1.2,scene_1.2_y02,6,route_left,90.674516129,3.63,10.0425,145.0,2.530727415,0.0,0.0,-35.0,True,False
1520,507,scene_1.2,scene_1.2_y02,6,route_forward,90.674516129,3.63,10.0425,180.0,3.141592654,0.0,0.0,0.0,True,False
1521,507,scene_1.2,scene_1.2_y02,6,route_right,90.674516129,3.63,10.0425,215.0,3.752457892,0.0,0.0,35.0,True,False
1522,508,scene_1.2,scene_1.2_y02,6,route_left,90.674516129,3.63,10.525,145.0,2.530727415,0.0,0.0,-35.0,True,False
1523,508,scene_1.2,scene_1.2_y02,6,route_forward,90.674516129,3.63,10.525,180.0,3.141592654,0.0,0.0,0.0,True,False
1524,508,scene_1.2,scene_1.2_y02,6,route_right,90.674516129,3.63,10.525,215.0,3.752457892,0.0,0.0,35.0,True,False
1525,509,scene_1.2,scene_1.2_y02,6,route_left,90.674516129,3.63,11.0075,145.0,2.530727415,0.0,0.0,-35.0,True,False
1526,509,scene_1.2,scene_1.2_y02,6,route_forward,90.674516129,3.63,11.0075,180.0,3.141592654,0.0,0.0,0.0,True,False
1527,509,scene_1.2,scene_1.2_y02,6,route_right,90.674516129,3.63,11.0075,215.0,3.752457892,0.0,0.0,35.0,True,False
1528,510,scene_1.2,scene_1.2_y02,6,route_left,90.674516129,3.63,11.49,235.0,4.101523742,0.0,0.0,-35.0,True,False
1529,510,scene_1.2,scene_1.2_y02,6,route_forward,90.674516129,3.63,11.49,270.0,4.71238898,0.0,0.0,0.0,True,False
1530,510,scene_1.2,scene_1.2_y02,6,route_right,90.674516129,3.63,11.49,305.0,5.323254219,0.0,0.0,35.0,True,False
1531,511,scene_1.2,scene_1.2_y02,6,route_left,91.96516129,3.63,11.49,325.0,5.672320069,0.0,0.0,-35.0,False,False
1532,511,scene_1.2,scene_1.2_y02,6,route_forward,91.96516129,3.63,11.49,0.0,0.0,0.0,0.0,0.0,False,False
1533,511,scene_1.2,scene_1.2_y02,6,route_right,91.96516129,3.63,11.49,35.0,0.610865238,0.0,0.0,35.0,False,False
1534,512,scene_1.2,scene_1.2_y02,6,route_left,91.96516129,3.63,11.0075,325.0,5.672320069,0.0,0.0,-35.0,False,False
1535,512,scene_1.2,scene_1.2_y02,6,route_forward,91.96516129,3.63,11.0075,0.0,0.0,0.0,0.0,0.0,False,False
1536,512,scene_1.2,scene_1.2_y02,6,route_right,91.96516129,3.63,11.0075,35.0,0.610865238,0.0,0.0,35.0,False,False
1537,513,scene_1.2,scene_1.2_y02,6,route_left,91.96516129,3.63,10.525,325.0,5.672320069,0.0,0.0,-35.0,False,False
1538,513,scene_1.2,scene_1.2_y02,6,route_forward,91.96516129,3.63,10.525,0.0,0.0,0.0,0.0,0.0,False,False
1539,513,scene_1.2,scene_1.2_y02,6,route_right,91.96516129,3.63,10.525,35.0,0.610865238,0.0,0.0,35.0,False,False
1540,514,scene_1.2,scene_1.2_y02,6,route_left,91.96516129,3.63,10.0425,325.0,5.672320069,0.0,0.0,-35.0,False,False
1541,514,scene_1.2,scene_1.2_y02,6,route_forward,91.96516129,3.63,10.0425,0.0,0.0,0.0,0.0,0.0,False,False
1542,514,scene_1.2,scene_1.2_y02,6,route_right,91.96516129,3.63,10.0425,35.0,0.610865238,0.0,0.0,35.0,False,False
1543,515,scene_1.2,scene_1.2_y02,6,route_left,91.96516129,3.63,9.56,235.0,4.101523742,0.0,0.0,-35.0,False,False
1544,515,scene_1.2,scene_1.2_y02,6,route_forward,91.96516129,3.63,9.56,270.0,4.71238898,0.0,0.0,0.0,False,False
1545,515,scene_1.2,scene_1.2_y02,6,route_right,91.96516129,3.63,9.56,305.0,5.323254219,0.0,0.0,35.0,False,False
1546,516,scene_1.2,scene_1.2_y02,6,route_left,93.255806452,3.63,9.56,145.0,2.530727415,0.0,0.0,-35.0,True,False
1547,516,scene_1.2,scene_1.2_y02,6,route_forward,93.255806452,3.63,9.56,180.0,3.141592654,0.0,0.0,0.0,True,False
1548,516,scene_1.2,scene_1.2_y02,6,route_right,93.255806452,3.63,9.56,215.0,3.752457892,0.0,0.0,35.0,True,False
1549,517,scene_1.2,scene_1.2_y02,6,route_left,93.255806452,3.63,10.0425,145.0,2.530727415,0.0,0.0,-35.0,True,False
1550,517,scene_1.2,scene_1.2_y02,6,route_forward,93.255806452,3.63,10.0425,180.0,3.141592654,0.0,0.0,0.0,True,False
1551,517,scene_1.2,scene_1.2_y02,6,route_right,93.255806452,3.63,10.0425,215.0,3.752457892,0.0,0.0,35.0,True,False
1552,518,scene_1.2,scene_1.2_y02,6,route_left,93.255806452,3.63,10.525,145.0,2.530727415,0.0,0.0,-35.0,True,False
1553,518,scene_1.2,scene_1.2_y02,6,route_forward,93.255806452,3.63,10.525,180.0,3.141592654,0.0,0.0,0.0,True,False
1554,518,scene_1.2,scene_1.2_y02,6,route_right,93.255806452,3.63,10.525,215.0,3.752457892,0.0,0.0,35.0,True,False
1555,519,scene_1.2,scene_1.2_y02,6,route_left,93.255806452,3.63,11.0075,145.0,2.530727415,0.0,0.0,-35.0,True,False
1556,519,scene_1.2,scene_1.2_y02,6,route_forward,93.255806452,3.63,11.0075,180.0,3.141592654,0.0,0.0,0.0,True,False
1557,519,scene_1.2,scene_1.2_y02,6,route_right,93.255806452,3.63,11.0075,215.0,3.752457892,0.0,0.0,35.0,True,False
1558,520,scene_1.2,scene_1.2_y02,6,route_left,93.255806452,3.63,11.49,235.0,4.101523742,0.0,0.0,-35.0,True,False
1559,520,scene_1.2,scene_1.2_y02,6,route_forward,93.255806452,3.63,11.49,270.0,4.71238898,0.0,0.0,0.0,True,False
1560,520,scene_1.2,scene_1.2_y02,6,route_right,93.255806452,3.63,11.49,305.0,5.323254219,0.0,0.0,35.0,True,False
1561,521,scene_1.2,scene_1.2_y02,6,route_left,94.546451613,3.63,11.49,325.0,5.672320069,0.0,0.0,-35.0,False,False
1562,521,scene_1.2,scene_1.2_y02,6,route_forward,94.546451613,3.63,11.49,0.0,0.0,0.0,0.0,0.0,False,False
1563,521,scene_1.2,scene_1.2_y02,6,route_right,94.546451613,3.63,11.49,35.0,0.610865238,0.0,0.0,35.0,False,False
1564,522,scene_1.2,scene_1.2_y02,6,route_left,94.546451613,3.63,11.0075,325.0,5.672320069,0.0,0.0,-35.0,False,False
1565,522,scene_1.2,scene_1.2_y02,6,route_forward,94.546451613,3.63,11.0075,0.0,0.0,0.0,0.0,0.0,False,False
1566,522,scene_1.2,scene_1.2_y02,6,route_right,94.546451613,3.63,11.0075,35.0,0.610865238,0.0,0.0,35.0,False,False
1567,523,scene_1.2,scene_1.2_y02,6,route_left,94.546451613,3.63,10.525,325.0,5.672320069,0.0,0.0,-35.0,False,False
1568,523,scene_1.2,scene_1.2_y02,6,route_forward,94.546451613,3.63,10.525,0.0,0.0,0.0,0.0,0.0,False,False
1569,523,scene_1.2,scene_1.2_y02,6,route_right,94.546451613,3.63,10.525,35.0,0.610865238,0.0,0.0,35.0,False,False
1570,524,scene_1.2,scene_1.2_y02,6,route_left,94.546451613,3.63,10.0425,325.0,5.672320069,0.0,0.0,-35.0,False,False
1571,524,scene_1.2,scene_1.2_y02,6,route_forward,94.546451613,3.63,10.0425,0.0,0.0,0.0,0.0,0.0,False,False
1572,524,scene_1.2,scene_1.2_y02,6,route_right,94.546451613,3.63,10.0425,35.0,0.610865238,0.0,0.0,35.0,False,False
1573,525,scene_1.2,scene_1.2_y02,6,route_left,94.546451613,3.63,9.56,235.0,4.101523742,0.0,0.0,-35.0,False,False
1574,525,scene_1.2,scene_1.2_y02,6,route_forward,94.546451613,3.63,9.56,270.0,4.71238898,0.0,0.0,0.0,False,False
1575,525,scene_1.2,scene_1.2_y02,6,route_right,94.546451613,3.63,9.56,305.0,5.323254219,0.0,0.0,35.0,False,False
1576,526,scene_1.2,scene_1.2_y02,6,route_left,95.837096774,3.63,9.56,145.0,2.530727415,0.0,0.0,-35.0,True,False
1577,526,scene_1.2,scene_1.2_y02,6,route_forward,95.837096774,3.63,9.56,180.0,3.141592654,0.0,0.0,0.0,True,False
1578,526,scene_1.2,scene_1.2_y02,6,route_right,95.837096774,3.63,9.56,215.0,3.752457892,0.0,0.0,35.0,True,False
1579,527,scene_1.2,scene_1.2_y02,6,route_left,95.837096774,3.63,10.0425,145.0,2.530727415,0.0,0.0,-35.0,True,False
1580,527,scene_1.2,scene_1.2_y02,6,route_forward,95.837096774,3.63,10.0425,180.0,3.141592654,0.0,0.0,0.0,True,False
1581,527,scene_1.2,scene_1.2_y02,6,route_right,95.837096774,3.63,10.0425,215.0,3.752457892,0.0,0.0,35.0,True,False
1582,528,scene_1.2,scene_1.2_y02,6,route_left,95.837096774,3.63,10.525,145.0,2.530727415,0.0,0.0,-35.0,True,False
1583,528,scene_1.2,scene_1.2_y02,6,route_forward,95.837096774,3.63,10.525,180.0,3.141592654,0.0,0.0,0.0,True,False
1584,528,scene_1.2,scene_1.2_y02,6,route_right,95.837096774,3.63,10.525,215.0,3.752457892,0.0,0.0,35.0,True,False
1585,529,scene_1.2,scene_1.2_y02,6,route_left,95.837096774,3.63,11.0075,145.0,2.530727415,0.0,0.0,-35.0,True,False
1586,529,scene_1.2,scene_1.2_y02,6,route_forward,95.837096774,3.63,11.0075,180.0,3.141592654,0.0,0.0,0.0,True,False
1587,529,scene_1.2,scene_1.2_y02,6,route_right,95.837096774,3.63,11.0075,215.0,3.752457892,0.0,0.0,35.0,True,False
1588,530,scene_1.2,scene_1.2_y02,6,route_left,95.837096774,3.63,11.49,235.0,4.101523742,0.0,0.0,-35.0,True,False
1589,530,scene_1.2,scene_1.2_y02,6,route_forward,95.837096774,3.63,11.49,270.0,4.71238898,0.0,0.0,0.0,True,False
1590,530,scene_1.2,scene_1.2_y02,6,route_right,95.837096774,3.63,11.49,305.0,5.323254219,0.0,0.0,35.0,True,False
1591,531,scene_1.2,scene_1.2_y02,6,route_left,97.127741935,3.63,11.49,325.0,5.672320069,0.0,0.0,-35.0,False,False
1592,531,scene_1.2,scene_1.2_y02,6,route_forward,97.127741935,3.63,11.49,0.0,0.0,0.0,0.0,0.0,False,False
1593,531,scene_1.2,scene_1.2_y02,6,route_right,97.127741935,3.63,11.49,35.0,0.610865238,0.0,0.0,35.0,False,False
1594,532,scene_1.2,scene_1.2_y02,6,route_left,97.127741935,3.63,11.0075,325.0,5.672320069,0.0,0.0,-35.0,False,False
1595,532,scene_1.2,scene_1.2_y02,6,route_forward,97.127741935,3.63,11.0075,0.0,0.0,0.0,0.0,0.0,False,False
1596,532,scene_1.2,scene_1.2_y02,6,route_right,97.127741935,3.63,11.0075,35.0,0.610865238,0.0,0.0,35.0,False,False
1597,533,scene_1.2,scene_1.2_y02,6,route_left,97.127741935,3.63,10.525,325.0,5.672320069,0.0,0.0,-35.0,False,False
1598,533,scene_1.2,scene_1.2_y02,6,route_forward,97.127741935,3.63,10.525,0.0,0.0,0.0,0.0,0.0,False,False
1599,533,scene_1.2,scene_1.2_y02,6,route_right,97.127741935,3.63,10.525,35.0,0.610865238,0.0,0.0,35.0,False,False
1600,534,scene_1.2,scene_1.2_y02,6,route_left,97.127741935,3.63,10.0425,325.0,5.672320069,0.0,0.0,-35.0,False,False
1601,534,scene_1.2,scene_1.2_y02,6,route_forward,97.127741935,3.63,10.0425,0.0,0.0,0.0,0.0,0.0,False,False
1602,534,scene_1.2,scene_1.2_y02,6,route_right,97.127741935,3.63,10.0425,35.0,0.610865238,0.0,0.0,35.0,False,False
1603,535,scene_1.2,scene_1.2_y02,6,route_left,97.127741935,3.63,9.56,235.0,4.101523742,0.0,0.0,-35.0,False,False
1604,535,scene_1.2,scene_1.2_y02,6,route_forward,97.127741935,3.63,9.56,270.0,4.71238898,0.0,0.0,0.0,False,False
1605,535,scene_1.2,scene_1.2_y02,6,route_right,97.127741935,3.63,9.56,305.0,5.323254219,0.0,0.0,35.0,False,False
1606,536,scene_1.2,scene_1.2_y02,6,route_left,98.418387097,3.63,9.56,145.0,2.530727415,0.0,0.0,-35.0,True,False
1607,536,scene_1.2,scene_1.2_y02,6,route_forward,98.418387097,3.63,9.56,180.0,3.141592654,0.0,0.0,0.0,True,False
1608,536,scene_1.2,scene_1.2_y02,6,route_right,98.418387097,3.63,9.56,215.0,3.752457892,0.0,0.0,35.0,True,False
1609,537,scene_1.2,scene_1.2_y02,6,route_left,98.418387097,3.63,10.0425,145.0,2.530727415,0.0,0.0,-35.0,True,False
1610,537,scene_1.2,scene_1.2_y02,6,route_forward,98.418387097,3.63,10.0425,180.0,3.141592654,0.0,0.0,0.0,True,False
1611,537,scene_1.2,scene_1.2_y02,6,route_right,98.418387097,3.63,10.0425,215.0,3.752457892,0.0,0.0,35.0,True,False
1612,538,scene_1.2,scene_1.2_y02,6,route_left,98.418387097,3.63,10.525,145.0,2.530727415,0.0,0.0,-35.0,True,False
1613,538,scene_1.2,scene_1.2_y02,6,route_forward,98.418387097,3.63,10.525,180.0,3.141592654,0.0,0.0,0.0,True,False
1614,538,scene_1.2,scene_1.2_y02,6,route_right,98.418387097,3.63,10.525,215.0,3.752457892,0.0,0.0,35.0,True,False
1615,539,scene_1.2,scene_1.2_y02,6,route_left,98.418387097,3.63,11.0075,145.0,2.530727415,0.0,0.0,-35.0,True,False
1616,539,scene_1.2,scene_1.2_y02,6,route_forward,98.418387097,3.63,11.0075,180.0,3.141592654,0.0,0.0,0.0,True,False
1617,539,scene_1.2,scene_1.2_y02,6,route_right,98.418387097,3.63,11.0075,215.0,3.752457892,0.0,0.0,35.0,True,False
1618,540,scene_1.2,scene_1.2_y02,6,route_left,98.418387097,3.63,11.49,235.0,4.101523742,0.0,0.0,-35.0,True,False
1619,540,scene_1.2,scene_1.2_y02,6,route_forward,98.418387097,3.63,11.49,270.0,4.71238898,0.0,0.0,0.0,True,False
1620,540,scene_1.2,scene_1.2_y02,6,route_right,98.418387097,3.63,11.49,305.0,5.323254219,0.0,0.0,35.0,True,False
1621,541,scene_1.2,scene_1.2_y02,6,route_left,99.709032258,3.63,11.49,325.0,5.672320069,0.0,0.0,-35.0,False,False
1622,541,scene_1.2,scene_1.2_y02,6,route_forward,99.709032258,3.63,11.49,0.0,0.0,0.0,0.0,0.0,False,False
1623,541,scene_1.2,scene_1.2_y02,6,route_right,99.709032258,3.63,11.49,35.0,0.610865238,0.0,0.0,35.0,False,False
1624,542,scene_1.2,scene_1.2_y02,6,route_left,99.709032258,3.63,11.0075,325.0,5.672320069,0.0,0.0,-35.0,False,False
1625,542,scene_1.2,scene_1.2_y02,6,route_forward,99.709032258,3.63,11.0075,0.0,0.0,0.0,0.0,0.0,False,False
1626,542,scene_1.2,scene_1.2_y02,6,route_right,99.709032258,3.63,11.0075,35.0,0.610865238,0.0,0.0,35.0,False,False
1627,543,scene_1.2,scene_1.2_y02,6,route_left,99.709032258,3.63,10.525,325.0,5.672320069,0.0,0.0,-35.0,False,False
1628,543,scene_1.2,scene_1.2_y02,6,route_forward,99.709032258,3.63,10.525,0.0,0.0,0.0,0.0,0.0,False,False
1629,543,scene_1.2,scene_1.2_y02,6,route_right,99.709032258,3.63,10.525,35.0,0.610865238,0.0,0.0,35.0,False,False
1630,544,scene_1.2,scene_1.2_y02,6,route_left,99.709032258,3.63,10.0425,325.0,5.672320069,0.0,0.0,-35.0,False,False
1631,544,scene_1.2,scene_1.2_y02,6,route_forward,99.709032258,3.63,10.0425,0.0,0.0,0.0,0.0,0.0,False,False
1632,544,scene_1.2,scene_1.2_y02,6,route_right,99.709032258,3.63,10.0425,35.0,0.610865238,0.0,0.0,35.0,False,False
1633,545,scene_1.2,scene_1.2_y02,6,route_left,99.709032258,3.63,9.56,235.0,4.101523742,0.0,0.0,-35.0,False,False
1634,545,scene_1.2,scene_1.2_y02,6,route_forward,99.709032258,3.63,9.56,270.0,4.71238898,0.0,0.0,0.0,False,False
1635,545,scene_1.2,scene_1.2_y02,6,route_right,99.709032258,3.63,9.56,305.0,5.323254219,0.0,0.0,35.0,False,False
1636,546,scene_1.2,scene_1.2_y02,6,route_left,100.999677419,3.63,9.56,145.0,2.530727415,0.0,0.0,-35.0,True,False
1637,546,scene_1.2,scene_1.2_y02,6,route_forward,100.999677419,3.63,9.56,180.0,3.141592654,0.0,0.0,0.0,True,False
1638,546,scene_1.2,scene_1.2_y02,6,route_right,100.999677419,3.63,9.56,215.0,3.752457892,0.0,0.0,35.0,True,False
1639,547,scene_1.2,scene_1.2_y02,6,route_left,100.999677419,3.63,10.0425,145.0,2.530727415,0.0,0.0,-35.0,True,False
1640,547,scene_1.2,scene_1.2_y02,6,route_forward,100.999677419,3.63,10.0425,180.0,3.141592654,0.0,0.0,0.0,True,False
1641,547,scene_1.2,scene_1.2_y02,6,route_right,100.999677419,3.63,10.0425,215.0,3.752457892,0.0,0.0,35.0,True,False
1642,548,scene_1.2,scene_1.2_y02,6,route_left,100.999677419,3.63,10.525,145.0,2.530727415,0.0,0.0,-35.0,True,False
1643,548,scene_1.2,scene_1.2_y02,6,route_forward,100.999677419,3.63,10.525,180.0,3.141592654,0.0,0.0,0.0,True,False
1644,548,scene_1.2,scene_1.2_y02,6,route_right,100.999677419,3.63,10.525,215.0,3.752457892,0.0,0.0,35.0,True,False
1645,549,scene_1.2,scene_1.2_y02,6,route_left,100.999677419,3.63,11.0075,145.0,2.530727415,0.0,0.0,-35.0,True,False
1646,549,scene_1.2,scene_1.2_y02,6,route_forward,100.999677419,3.63,11.0075,180.0,3.141592654,0.0,0.0,0.0,True,False
1647,549,scene_1.2,scene_1.2_y02,6,route_right,100.999677419,3.63,11.0075,215.0,3.752457892,0.0,0.0,35.0,True,False
1648,550,scene_1.2,scene_1.2_y02,6,route_left,100.999677419,3.63,11.49,235.0,4.101523742,0.0,0.0,-35.0,True,False
1649,550,scene_1.2,scene_1.2_y02,6,route_forward,100.999677419,3.63,11.49,270.0,4.71238898,0.0,0.0,0.0,True,False
1650,550,scene_1.2,scene_1.2_y02,6,route_right,100.999677419,3.63,11.49,305.0,5.323254219,0.0,0.0,35.0,True,False
1651,551,scene_1.2,scene_1.2_y02,6,route_left,102.290322581,3.63,11.49,325.0,5.672320069,0.0,0.0,-35.0,False,False
1652,551,scene_1.2,scene_1.2_y02,6,route_forward,102.290322581,3.63,11.49,0.0,0.0,0.0,0.0,0.0,False,False
1653,551,scene_1.2,scene_1.2_y02,6,route_right,102.290322581,3.63,11.49,35.0,0.610865238,0.0,0.0,35.0,False,False
1654,552,scene_1.2,scene_1.2_y02,6,route_left,102.290322581,3.63,11.0075,325.0,5.672320069,0.0,0.0,-35.0,False,False
1655,552,scene_1.2,scene_1.2_y02,6,route_forward,102.290322581,3.63,11.0075,0.0,0.0,0.0,0.0,0.0,False,False
1656,552,scene_1.2,scene_1.2_y02,6,route_right,102.290322581,3.63,11.0075,35.0,0.610865238,0.0,0.0,35.0,False,False
1657,553,scene_1.2,scene_1.2_y02,6,route_left,102.290322581,3.63,10.525,325.0,5.672320069,0.0,0.0,-35.0,False,False
1658,553,scene_1.2,scene_1.2_y02,6,route_forward,102.290322581,3.63,10.525,0.0,0.0,0.0,0.0,0.0,False,False
1659,553,scene_1.2,scene_1.2_y02,6,route_right,102.290322581,3.63,10.525,35.0,0.610865238,0.0,0.0,35.0,False,False
1660,554,scene_1.2,scene_1.2_y02,6,route_left,102.290322581,3.63,10.0425,325.0,5.672320069,0.0,0.0,-35.0,False,False
1661,554,scene_1.2,scene_1.2_y02,6,route_forward,102.290322581,3.63,10.0425,0.0,0.0,0.0,0.0,0.0,False,False
1662,554,scene_1.2,scene_1.2_y02,6,route_right,102.290322581,3.63,10.0425,35.0,0.610865238,0.0,0.0,35.0,False,False
1663,555,scene_1.2,scene_1.2_y02,6,route_left,102.290322581,3.63,9.56,235.0,4.101523742,0.0,0.0,-35.0,False,False
1664,555,scene_1.2,scene_1.2_y02,6,route_forward,102.290322581,3.63,9.56,270.0,4.71238898,0.0,0.0,0.0,False,False
1665,555,scene_1.2,scene_1.2_y02,6,route_right,102.290322581,3.63,9.56,305.0,5.323254219,0.0,0.0,35.0,False,False
1666,556,scene_1.2,scene_1.2_y02,6,route_left,103.580967742,3.63,9.56,145.0,2.530727415,0.0,0.0,-35.0,True,False
1667,556,scene_1.2,scene_1.2_y02,6,route_forward,103.580967742,3.63,9.56,180.0,3.141592654,0.0,0.0,0.0,True,False
1668,556,scene_1.2,scene_1.2_y02,6,route_right,103.580967742,3.63,9.56,215.0,3.752457892,0.0,0.0,35.0,True,False
1669,557,scene_1.2,scene_1.2_y02,6,route_left,103.580967742,3.63,10.0425,145.0,2.530727415,0.0,0.0,-35.0,True,False
1670,557,scene_1.2,scene_1.2_y02,6,route_forward,103.580967742,3.63,10.0425,180.0,3.141592654,0.0,0.0,0.0,True,False
1671,557,scene_1.2,scene_1.2_y02,6,route_right,103.580967742,3.63,10.0425,215.0,3.752457892,0.0,0.0,35.0,True,False
1672,558,scene_1.2,scene_1.2_y02,6,route_left,103.580967742,3.63,10.525,145.0,2.530727415,0.0,0.0,-35.0,True,False
1673,558,scene_1.2,scene_1.2_y02,6,route_forward,103.580967742,3.63,10.525,180.0,3.141592654,0.0,0.0,0.0,True,False
1674,558,scene_1.2,scene_1.2_y02,6,route_right,103.580967742,3.63,10.525,215.0,3.752457892,0.0,0.0,35.0,True,False
1675,559,scene_1.2,scene_1.2_y02,6,route_left,103.580967742,3.63,11.0075,145.0,2.530727415,0.0,0.0,-35.0,True,False
1676,559,scene_1.2,scene_1.2_y02,6,route_forward,103.580967742,3.63,11.0075,180.0,3.141592654,0.0,0.0,0.0,True,False
1677,559,scene_1.2,scene_1.2_y02,6,route_right,103.580967742,3.63,11.0075,215.0,3.752457892,0.0,0.0,35.0,True,False
1678,560,scene_1.2,scene_1.2_y02,6,route_left,103.580967742,3.63,11.49,235.0,4.101523742,0.0,0.0,-35.0,True,False
1679,560,scene_1.2,scene_1.2_y02,6,route_forward,103.580967742,3.63,11.49,270.0,4.71238898,0.0,0.0,0.0,True,False
1680,560,scene_1.2,scene_1.2_y02,6,route_right,103.580967742,3.63,11.49,305.0,5.323254219,0.0,0.0,35.0,True,False
1681,561,scene_1.2,scene_1.2_y02,6,route_left,104.871612903,3.63,11.49,325.0,5.672320069,0.0,0.0,-35.0,False,False
1682,561,scene_1.2,scene_1.2_y02,6,route_forward,104.871612903,3.63,11.49,0.0,0.0,0.0,0.0,0.0,False,False
1683,561,scene_1.2,scene_1.2_y02,6,route_right,104.871612903,3.63,11.49,35.0,0.610865238,0.0,0.0,35.0,False,False
1684,562,scene_1.2,scene_1.2_y02,6,route_left,104.871612903,3.63,11.0075,325.0,5.672320069,0.0,0.0,-35.0,False,False
1685,562,scene_1.2,scene_1.2_y02,6,route_forward,104.871612903,3.63,11.0075,0.0,0.0,0.0,0.0,0.0,False,False
1686,562,scene_1.2,scene_1.2_y02,6,route_right,104.871612903,3.63,11.0075,35.0,0.610865238,0.0,0.0,35.0,False,False
1687,563,scene_1.2,scene_1.2_y02,6,route_left,104.871612903,3.63,10.525,325.0,5.672320069,0.0,0.0,-35.0,False,False
1688,563,scene_1.2,scene_1.2_y02,6,route_forward,104.871612903,3.63,10.525,0.0,0.0,0.0,0.0,0.0,False,False
1689,563,scene_1.2,scene_1.2_y02,6,route_right,104.871612903,3.63,10.525,35.0,0.610865238,0.0,0.0,35.0,False,False
1690,564,scene_1.2,scene_1.2_y02,6,route_left,104.871612903,3.63,10.0425,325.0,5.672320069,0.0,0.0,-35.0,False,False
1691,564,scene_1.2,scene_1.2_y02,6,route_forward,104.871612903,3.63,10.0425,0.0,0.0,0.0,0.0,0.0,False,False
1692,564,scene_1.2,scene_1.2_y02,6,route_right,104.871612903,3.63,10.0425,35.0,0.610865238,0.0,0.0,35.0,False,False
1693,565,scene_1.2,scene_1.2_y02,6,route_left,104.871612903,3.63,9.56,235.0,4.101523742,0.0,0.0,-35.0,False,False
1694,565,scene_1.2,scene_1.2_y02,6,route_forward,104.871612903,3.63,9.56,270.0,4.71238898,0.0,0.0,0.0,False,False
1695,565,scene_1.2,scene_1.2_y02,6,route_right,104.871612903,3.63,9.56,305.0,5.323254219,0.0,0.0,35.0,False,False
1696,566,scene_1.2,scene_1.2_y02,6,route_left,106.162258065,3.63,9.56,145.0,2.530727415,0.0,0.0,-35.0,True,False
1697,566,scene_1.2,scene_1.2_y02,6,route_forward,106.162258065,3.63,9.56,180.0,3.141592654,0.0,0.0,0.0,True,False
1698,566,scene_1.2,scene_1.2_y02,6,route_right,106.162258065,3.63,9.56,215.0,3.752457892,0.0,0.0,35.0,True,False
1699,567,scene_1.2,scene_1.2_y02,6,route_left,106.162258065,3.63,10.0425,145.0,2.530727415,0.0,0.0,-35.0,True,False
1700,567,scene_1.2,scene_1.2_y02,6,route_forward,106.162258065,3.63,10.0425,180.0,3.141592654,0.0,0.0,0.0,True,False
1701,567,scene_1.2,scene_1.2_y02,6,route_right,106.162258065,3.63,10.0425,215.0,3.752457892,0.0,0.0,35.0,True,False
1702,568,scene_1.2,scene_1.2_y02,6,route_left,106.162258065,3.63,10.525,145.0,2.530727415,0.0,0.0,-35.0,True,False
1703,568,scene_1.2,scene_1.2_y02,6,route_forward,106.162258065,3.63,10.525,180.0,3.141592654,0.0,0.0,0.0,True,False
1704,568,scene_1.2,scene_1.2_y02,6,route_right,106.162258065,3.63,10.525,215.0,3.752457892,0.0,0.0,35.0,True,False
1705,569,scene_1.2,scene_1.2_y02,6,route_left,106.162258065,3.63,11.0075,145.0,2.530727415,0.0,0.0,-35.0,True,False
1706,569,scene_1.2,scene_1.2_y02,6,route_forward,106.162258065,3.63,11.0075,180.0,3.141592654,0.0,0.0,0.0,True,False
1707,569,scene_1.2,scene_1.2_y02,6,route_right,106.162258065,3.63,11.0075,215.0,3.752457892,0.0,0.0,35.0,True,False
1708,570,scene_1.2,scene_1.2_y02,6,route_left,106.162258065,3.63,11.49,235.0,4.101523742,0.0,0.0,-35.0,True,False
1709,570,scene_1.2,scene_1.2_y02,6,route_forward,106.162258065,3.63,11.49,270.0,4.71238898,0.0,0.0,0.0,True,False
1710,570,scene_1.2,scene_1.2_y02,6,route_right,106.162258065,3.63,11.49,305.0,5.323254219,0.0,0.0,35.0,True,False
1711,571,scene_1.2,scene_1.2_y02,6,route_left,107.452903226,3.63,11.49,325.0,5.672320069,0.0,0.0,-35.0,False,False
1712,571,scene_1.2,scene_1.2_y02,6,route_forward,107.452903226,3.63,11.49,0.0,0.0,0.0,0.0,0.0,False,False
1713,571,scene_1.2,scene_1.2_y02,6,route_right,107.452903226,3.63,11.49,35.0,0.610865238,0.0,0.0,35.0,False,False
1714,572,scene_1.2,scene_1.2_y02,6,route_left,107.452903226,3.63,11.0075,325.0,5.672320069,0.0,0.0,-35.0,False,False
1715,572,scene_1.2,scene_1.2_y02,6,route_forward,107.452903226,3.63,11.0075,0.0,0.0,0.0,0.0,0.0,False,False
1716,572,scene_1.2,scene_1.2_y02,6,route_right,107.452903226,3.63,11.0075,35.0,0.610865238,0.0,0.0,35.0,False,False
1717,573,scene_1.2,scene_1.2_y02,6,route_left,107.452903226,3.63,10.525,325.0,5.672320069,0.0,0.0,-35.0,False,False
1718,573,scene_1.2,scene_1.2_y02,6,route_forward,107.452903226,3.63,10.525,0.0,0.0,0.0,0.0,0.0,False,False
1719,573,scene_1.2,scene_1.2_y02,6,route_right,107.452903226,3.63,10.525,35.0,0.610865238,0.0,0.0,35.0,False,False
1720,574,scene_1.2,scene_1.2_y02,6,route_left,107.452903226,3.63,10.0425,325.0,5.672320069,0.0,0.0,-35.0,False,False
1721,574,scene_1.2,scene_1.2_y02,6,route_forward,107.452903226,3.63,10.0425,0.0,0.0,0.0,0.0,0.0,False,False
1722,574,scene_1.2,scene_1.2_y02,6,route_right,107.452903226,3.63,10.0425,35.0,0.610865238,0.0,0.0,35.0,False,False
1723,575,scene_1.2,scene_1.2_y02,6,route_left,107.452903226,3.63,9.56,235.0,4.101523742,0.0,0.0,-35.0,False,False
1724,575,scene_1.2,scene_1.2_y02,6,route_forward,107.452903226,3.63,9.56,270.0,4.71238898,0.0,0.0,0.0,False,False
1725,575,scene_1.2,scene_1.2_y02,6,route_right,107.452903226,3.63,9.56,305.0,5.323254219,0.0,0.0,35.0,False,False
1726,576,scene_1.2,scene_1.2_y02,6,route_left,108.743548387,3.63,9.56,145.0,2.530727415,0.0,0.0,-35.0,True,False
1727,576,scene_1.2,scene_1.2_y02,6,route_forward,108.743548387,3.63,9.56,180.0,3.141592654,0.0,0.0,0.0,True,False
1728,576,scene_1.2,scene_1.2_y02,6,route_right,108.743548387,3.63,9.56,215.0,3.752457892,0.0,0.0,35.0,True,False
1729,577,scene_1.2,scene_1.2_y02,6,route_left,108.743548387,3.63,10.0425,145.0,2.530727415,0.0,0.0,-35.0,True,False
1730,577,scene_1.2,scene_1.2_y02,6,route_forward,108.743548387,3.63,10.0425,180.0,3.141592654,0.0,0.0,0.0,True,False
1731,577,scene_1.2,scene_1.2_y02,6,route_right,108.743548387,3.63,10.0425,215.0,3.752457892,0.0,0.0,35.0,True,False
1732,578,scene_1.2,scene_1.2_y02,6,route_left,108.743548387,3.63,10.525,145.0,2.530727415,0.0,0.0,-35.0,True,False
1733,578,scene_1.2,scene_1.2_y02,6,route_forward,108.743548387,3.63,10.525,180.0,3.141592654,0.0,0.0,0.0,True,False
1734,578,scene_1.2,scene_1.2_y02,6,route_right,108.743548387,3.63,10.525,215.0,3.752457892,0.0,0.0,35.0,True,False
1735,579,scene_1.2,scene_1.2_y02,6,route_left,108.743548387,3.63,11.0075,145.0,2.530727415,0.0,0.0,-35.0,True,False
1736,579,scene_1.2,scene_1.2_y02,6,route_forward,108.743548387,3.63,11.0075,180.0,3.141592654,0.0,0.0,0.0,True,False
1737,579,scene_1.2,scene_1.2_y02,6,route_right,108.743548387,3.63,11.0075,215.0,3.752457892,0.0,0.0,35.0,True,False
1738,580,scene_1.2,scene_1.2_y02,6,route_left,108.743548387,3.63,11.49,235.0,4.101523742,0.0,0.0,-35.0,True,False
1739,580,scene_1.2,scene_1.2_y02,6,route_forward,108.743548387,3.63,11.49,270.0,4.71238898,0.0,0.0,0.0,True,False
1740,580,scene_1.2,scene_1.2_y02,6,route_right,108.743548387,3.63,11.49,305.0,5.323254219,0.0,0.0,35.0,True,False
1741,581,scene_1.2,scene_1.2_y02,6,route_left,110.034193548,3.63,11.49,325.0,5.672320069,0.0,0.0,-35.0,False,False
1742,581,scene_1.2,scene_1.2_y02,6,route_forward,110.034193548,3.63,11.49,0.0,0.0,0.0,0.0,0.0,False,False
1743,581,scene_1.2,scene_1.2_y02,6,route_right,110.034193548,3.63,11.49,35.0,0.610865238,0.0,0.0,35.0,False,False
1744,582,scene_1.2,scene_1.2_y02,6,route_left,110.034193548,3.63,11.0075,325.0,5.672320069,0.0,0.0,-35.0,False,False
1745,582,scene_1.2,scene_1.2_y02,6,route_forward,110.034193548,3.63,11.0075,0.0,0.0,0.0,0.0,0.0,False,False
1746,582,scene_1.2,scene_1.2_y02,6,route_right,110.034193548,3.63,11.0075,35.0,0.610865238,0.0,0.0,35.0,False,False
1747,583,scene_1.2,scene_1.2_y02,6,route_left,110.034193548,3.63,10.525,325.0,5.672320069,0.0,0.0,-35.0,False,False
1748,583,scene_1.2,scene_1.2_y02,6,route_forward,110.034193548,3.63,10.525,0.0,0.0,0.0,0.0,0.0,False,False
1749,583,scene_1.2,scene_1.2_y02,6,route_right,110.034193548,3.63,10.525,35.0,0.610865238,0.0,0.0,35.0,False,False
1750,584,scene_1.2,scene_1.2_y02,6,route_left,110.034193548,3.63,10.0425,325.0,5.672320069,0.0,0.0,-35.0,False,False
1751,584,scene_1.2,scene_1.2_y02,6,route_forward,110.034193548,3.63,10.0425,0.0,0.0,0.0,0.0,0.0,False,False
1752,584,scene_1.2,scene_1.2_y02,6,route_right,110.034193548,3.63,10.0425,35.0,0.610865238,0.0,0.0,35.0,False,False
1753,585,scene_1.2,scene_1.2_y02,6,route_left,110.034193548,3.63,9.56,235.0,4.101523742,0.0,0.0,-35.0,False,False
1754,585,scene_1.2,scene_1.2_y02,6,route_forward,110.034193548,3.63,9.56,270.0,4.71238898,0.0,0.0,0.0,False,False
1755,585,scene_1.2,scene_1.2_y02,6,route_right,110.034193548,3.63,9.56,305.0,5.323254219,0.0,0.0,35.0,False,False
1756,586,scene_1.2,scene_1.2_y02,6,route_left,111.32483871,3.63,9.56,145.0,2.530727415,0.0,0.0,-35.0,True,False
1757,586,scene_1.2,scene_1.2_y02,6,route_forward,111.32483871,3.63,9.56,180.0,3.141592654,0.0,0.0,0.0,True,False
1758,586,scene_1.2,scene_1.2_y02,6,route_right,111.32483871,3.63,9.56,215.0,3.752457892,0.0,0.0,35.0,True,False
1759,587,scene_1.2,scene_1.2_y02,6,route_left,111.32483871,3.63,10.0425,145.0,2.530727415,0.0,0.0,-35.0,True,False
1760,587,scene_1.2,scene_1.2_y02,6,route_forward,111.32483871,3.63,10.0425,180.0,3.141592654,0.0,0.0,0.0,True,False
1761,587,scene_1.2,scene_1.2_y02,6,route_right,111.32483871,3.63,10.0425,215.0,3.752457892,0.0,0.0,35.0,True,False
1762,588,scene_1.2,scene_1.2_y02,6,route_left,111.32483871,3.63,10.525,145.0,2.530727415,0.0,0.0,-35.0,True,False
1763,588,scene_1.2,scene_1.2_y02,6,route_forward,111.32483871,3.63,10.525,180.0,3.141592654,0.0,0.0,0.0,True,False
1764,588,scene_1.2,scene_1.2_y02,6,route_right,111.32483871,3.63,10.525,215.0,3.752457892,0.0,0.0,35.0,True,False
1765,589,scene_1.2,scene_1.2_y02,6,route_left,111.32483871,3.63,11.0075,145.0,2.530727415,0.0,0.0,-35.0,True,False
1766,589,scene_1.2,scene_1.2_y02,6,route_forward,111.32483871,3.63,11.0075,180.0,3.141592654,0.0,0.0,0.0,True,False
1767,589,scene_1.2,scene_1.2_y02,6,route_right,111.32483871,3.63,11.0075,215.0,3.752457892,0.0,0.0,35.0,True,False
1768,590,scene_1.2,scene_1.2_y02,6,route_left,111.32483871,3.63,11.49,235.0,4.101523742,0.0,0.0,-35.0,True,False
1769,590,scene_1.2,scene_1.2_y02,6,route_forward,111.32483871,3.63,11.49,270.0,4.71238898,0.0,0.0,0.0,True,False
1770,590,scene_1.2,scene_1.2_y02,6,route_right,111.32483871,3.63,11.49,305.0,5.323254219,0.0,0.0,35.0,True,False
1771,591,scene_1.2,scene_1.2_y02,6,route_left,112.615483871,3.63,11.49,325.0,5.672320069,0.0,0.0,-35.0,False,False
1772,591,scene_1.2,scene_1.2_y02,6,route_forward,112.615483871,3.63,11.49,0.0,0.0,0.0,0.0,0.0,False,False
1773,591,scene_1.2,scene_1.2_y02,6,route_right,112.615483871,3.63,11.49,35.0,0.610865238,0.0,0.0,35.0,False,False
1774,592,scene_1.2,scene_1.2_y02,6,route_left,112.615483871,3.63,11.0075,325.0,5.672320069,0.0,0.0,-35.0,False,False
1775,592,scene_1.2,scene_1.2_y02,6,route_forward,112.615483871,3.63,11.0075,0.0,0.0,0.0,0.0,0.0,False,False
1776,592,scene_1.2,scene_1.2_y02,6,route_right,112.615483871,3.63,11.0075,35.0,0.610865238,0.0,0.0,35.0,False,False
1777,593,scene_1.2,scene_1.2_y02,6,route_left,112.615483871,3.63,10.525,325.0,5.672320069,0.0,0.0,-35.0,False,False
1778,593,scene_1.2,scene_1.2_y02,6,route_forward,112.615483871,3.63,10.525,0.0,0.0,0.0,0.0,0.0,False,False
1779,593,scene_1.2,scene_1.2_y02,6,route_right,112.615483871,3.63,10.525,35.0,0.610865238,0.0,0.0,35.0,False,False
1780,594,scene_1.2,scene_1.2_y02,6,route_left,112.615483871,3.63,10.0425,325.0,5.672320069,0.0,0.0,-35.0,False,False
1781,594,scene_1.2,scene_1.2_y02,6,route_forward,112.615483871,3.63,10.0425,0.0,0.0,0.0,0.0,0.0,False,False
1782,594,scene_1.2,scene_1.2_y02,6,route_right,112.615483871,3.63,10.0425,35.0,0.610865238,0.0,0.0,35.0,False,False
1783,595,scene_1.2,scene_1.2_y02,6,route_left,112.615483871,3.63,9.56,235.0,4.101523742,0.0,0.0,-35.0,False,False
1784,595,scene_1.2,scene_1.2_y02,6,route_forward,112.615483871,3.63,9.56,270.0,4.71238898,0.0,0.0,0.0,False,False
1785,595,scene_1.2,scene_1.2_y02,6,route_right,112.615483871,3.63,9.56,305.0,5.323254219,0.0,0.0,35.0,False,False
1786,596,scene_1.2,scene_1.2_y02,6,route_left,113.906129032,3.63,9.56,145.0,2.530727415,0.0,0.0,-35.0,True,False
1787,596,scene_1.2,scene_1.2_y02,6,route_forward,113.906129032,3.63,9.56,180.0,3.141592654,0.0,0.0,0.0,True,False
1788,596,scene_1.2,scene_1.2_y02,6,route_right,113.906129032,3.63,9.56,215.0,3.752457892,0.0,0.0,35.0,True,False
1789,597,scene_1.2,scene_1.2_y02,6,route_left,113.906129032,3.63,10.0425,145.0,2.530727415,0.0,0.0,-35.0,True,False
1790,597,scene_1.2,scene_1.2_y02,6,route_forward,113.906129032,3.63,10.0425,180.0,3.141592654,0.0,0.0,0.0,True,False
1791,597,scene_1.2,scene_1.2_y02,6,route_right,113.906129032,3.63,10.0425,215.0,3.752457892,0.0,0.0,35.0,True,False
1792,598,scene_1.2,scene_1.2_y02,6,route_left,113.906129032,3.63,10.525,145.0,2.530727415,0.0,0.0,-35.0,True,False
1793,598,scene_1.2,scene_1.2_y02,6,route_forward,113.906129032,3.63,10.525,180.0,3.141592654,0.0,0.0,0.0,True,False
1794,598,scene_1.2,scene_1.2_y02,6,route_right,113.906129032,3.63,10.525,215.0,3.752457892,0.0,0.0,35.0,True,False
1795,599,scene_1.2,scene_1.2_y02,6,route_left,113.906129032,3.63,11.0075,145.0,2.530727415,0.0,0.0,-35.0,True,False
1796,599,scene_1.2,scene_1.2_y02,6,route_forward,113.906129032,3.63,11.0075,180.0,3.141592654,0.0,0.0,0.0,True,False
1797,599,scene_1.2,scene_1.2_y02,6,route_right,113.906129032,3.63,11.0075,215.0,3.752457892,0.0,0.0,35.0,True,False
1798,600,scene_1.2,scene_1.2_y02,6,route_left,113.906129032,3.63,11.49,235.0,4.101523742,0.0,0.0,-35.0,True,False
1799,600,scene_1.2,scene_1.2_y02,6,route_forward,113.906129032,3.63,11.49,270.0,4.71238898,0.0,0.0,0.0,True,False
1800,600,scene_1.2,scene_1.2_y02,6,route_right,113.906129032,3.63,11.49,305.0,5.323254219,0.0,0.0,35.0,True,False
1801,601,scene_1.2,scene_1.2_y02,6,route_left,115.196774194,3.63,11.49,325.0,5.672320069,0.0,0.0,-35.0,False,False
1802,601,scene_1.2,scene_1.2_y02,6,route_forward,115.196774194,3.63,11.49,0.0,0.0,0.0,0.0,0.0,False,False
1803,601,scene_1.2,scene_1.2_y02,6,route_right,115.196774194,3.63,11.49,35.0,0.610865238,0.0,0.0,35.0,False,False
1804,602,scene_1.2,scene_1.2_y02,6,route_left,115.196774194,3.63,11.0075,325.0,5.672320069,0.0,0.0,-35.0,False,False
1805,602,scene_1.2,scene_1.2_y02,6,route_forward,115.196774194,3.63,11.0075,0.0,0.0,0.0,0.0,0.0,False,False
1806,602,scene_1.2,scene_1.2_y02,6,route_right,115.196774194,3.63,11.0075,35.0,0.610865238,0.0,0.0,35.0,False,False
1807,603,scene_1.2,scene_1.2_y02,6,route_left,115.196774194,3.63,10.525,325.0,5.672320069,0.0,0.0,-35.0,False,False
1808,603,scene_1.2,scene_1.2_y02,6,route_forward,115.196774194,3.63,10.525,0.0,0.0,0.0,0.0,0.0,False,False
1809,603,scene_1.2,scene_1.2_y02,6,route_right,115.196774194,3.63,10.525,35.0,0.610865238,0.0,0.0,35.0,False,False
1810,604,scene_1.2,scene_1.2_y02,6,route_left,115.196774194,3.63,10.0425,325.0,5.672320069,0.0,0.0,-35.0,False,False
1811,604,scene_1.2,scene_1.2_y02,6,route_forward,115.196774194,3.63,10.0425,0.0,0.0,0.0,0.0,0.0,False,False
1812,604,scene_1.2,scene_1.2_y02,6,route_right,115.196774194,3.63,10.0425,35.0,0.610865238,0.0,0.0,35.0,False,False
1813,605,scene_1.2,scene_1.2_y02,6,route_left,115.196774194,3.63,9.56,235.0,4.101523742,0.0,0.0,-35.0,False,False
1814,605,scene_1.2,scene_1.2_y02,6,route_forward,115.196774194,3.63,9.56,270.0,4.71238898,0.0,0.0,0.0,False,False
1815,605,scene_1.2,scene_1.2_y02,6,route_right,115.196774194,3.63,9.56,305.0,5.323254219,0.0,0.0,35.0,False,False
1816,606,scene_1.2,scene_1.2_y02,6,route_left,116.487419355,3.63,9.56,145.0,2.530727415,0.0,0.0,-35.0,True,False
1817,606,scene_1.2,scene_1.2_y02,6,route_forward,116.487419355,3.63,9.56,180.0,3.141592654,0.0,0.0,0.0,True,False
1818,606,scene_1.2,scene_1.2_y02,6,route_right,116.487419355,3.63,9.56,215.0,3.752457892,0.0,0.0,35.0,True,False
1819,607,scene_1.2,scene_1.2_y02,6,route_left,116.487419355,3.63,10.0425,145.0,2.530727415,0.0,0.0,-35.0,True,False
1820,607,scene_1.2,scene_1.2_y02,6,route_forward,116.487419355,3.63,10.0425,180.0,3.141592654,0.0,0.0,0.0,True,False
1821,607,scene_1.2,scene_1.2_y02,6,route_right,116.487419355,3.63,10.0425,215.0,3.752457892,0.0,0.0,35.0,True,False
1822,608,scene_1.2,scene_1.2_y02,6,route_left,116.487419355,3.63,10.525,145.0,2.530727415,0.0,0.0,-35.0,True,False
1823,608,scene_1.2,scene_1.2_y02,6,route_forward,116.487419355,3.63,10.525,180.0,3.141592654,0.0,0.0,0.0,True,False
1824,608,scene_1.2,scene_1.2_y02,6,route_right,116.487419355,3.63,10.525,215.0,3.752457892,0.0,0.0,35.0,True,False
1825,609,scene_1.2,scene_1.2_y02,6,route_left,116.487419355,3.63,11.0075,145.0,2.530727415,0.0,0.0,-35.0,True,False
1826,609,scene_1.2,scene_1.2_y02,6,route_forward,116.487419355,3.63,11.0075,180.0,3.141592654,0.0,0.0,0.0,True,False
1827,609,scene_1.2,scene_1.2_y02,6,route_right,116.487419355,3.63,11.0075,215.0,3.752457892,0.0,0.0,35.0,True,False
1828,610,scene_1.2,scene_1.2_y02,6,route_left,116.487419355,3.63,11.49,235.0,4.101523742,0.0,0.0,-35.0,True,False
1829,610,scene_1.2,scene_1.2_y02,6,route_forward,116.487419355,3.63,11.49,270.0,4.71238898,0.0,0.0,0.0,True,False
1830,610,scene_1.2,scene_1.2_y02,6,route_right,116.487419355,3.63,11.49,305.0,5.323254219,0.0,0.0,35.0,True,False
1831,611,scene_1.2,scene_1.2_y02,6,route_left,117.778064516,3.63,11.49,325.0,5.672320069,0.0,0.0,-35.0,False,False
1832,611,scene_1.2,scene_1.2_y02,6,route_forward,117.778064516,3.63,11.49,0.0,0.0,0.0,0.0,0.0,False,False
1833,611,scene_1.2,scene_1.2_y02,6,route_right,117.778064516,3.63,11.49,35.0,0.610865238,0.0,0.0,35.0,False,False
1834,612,scene_1.2,scene_1.2_y02,6,route_left,117.778064516,3.63,11.0075,325.0,5.672320069,0.0,0.0,-35.0,False,False
1835,612,scene_1.2,scene_1.2_y02,6,route_forward,117.778064516,3.63,11.0075,0.0,0.0,0.0,0.0,0.0,False,False
1836,612,scene_1.2,scene_1.2_y02,6,route_right,117.778064516,3.63,11.0075,35.0,0.610865238,0.0,0.0,35.0,False,False
1837,613,scene_1.2,scene_1.2_y02,6,route_left,117.778064516,3.63,10.525,325.0,5.672320069,0.0,0.0,-35.0,False,False
1838,613,scene_1.2,scene_1.2_y02,6,route_forward,117.778064516,3.63,10.525,0.0,0.0,0.0,0.0,0.0,False,False
1839,613,scene_1.2,scene_1.2_y02,6,route_right,117.778064516,3.63,10.525,35.0,0.610865238,0.0,0.0,35.0,False,False
1840,614,scene_1.2,scene_1.2_y02,6,route_left,117.778064516,3.63,10.0425,325.0,5.672320069,0.0,0.0,-35.0,False,False
1841,614,scene_1.2,scene_1.2_y02,6,route_forward,117.778064516,3.63,10.0425,0.0,0.0,0.0,0.0,0.0,False,False
1842,614,scene_1.2,scene_1.2_y02,6,route_right,117.778064516,3.63,10.0425,35.0,0.610865238,0.0,0.0,35.0,False,False
1843,615,scene_1.2,scene_1.2_y02,6,route_left,117.778064516,3.63,9.56,235.0,4.101523742,0.0,0.0,-35.0,False,False
1844,615,scene_1.2,scene_1.2_y02,6,route_forward,117.778064516,3.63,9.56,270.0,4.71238898,0.0,0.0,0.0,False,False
1845,615,scene_1.2,scene_1.2_y02,6,route_right,117.778064516,3.63,9.56,305.0,5.323254219,0.0,0.0,35.0,False,False
1846,616,scene_1.2,scene_1.2_y02,6,route_left,119.068709677,3.63,9.56,145.0,2.530727415,0.0,0.0,-35.0,True,False
1847,616,scene_1.2,scene_1.2_y02,6,route_forward,119.068709677,3.63,9.56,180.0,3.141592654,0.0,0.0,0.0,True,False
1848,616,scene_1.2,scene_1.2_y02,6,route_right,119.068709677,3.63,9.56,215.0,3.752457892,0.0,0.0,35.0,True,False
1849,617,scene_1.2,scene_1.2_y02,6,route_left,119.068709677,3.63,10.0425,145.0,2.530727415,0.0,0.0,-35.0,True,False
1850,617,scene_1.2,scene_1.2_y02,6,route_forward,119.068709677,3.63,10.0425,180.0,3.141592654,0.0,0.0,0.0,True,False
1851,617,scene_1.2,scene_1.2_y02,6,route_right,119.068709677,3.63,10.0425,215.0,3.752457892,0.0,0.0,35.0,True,False
1852,618,scene_1.2,scene_1.2_y02,6,route_left,119.068709677,3.63,10.525,145.0,2.530727415,0.0,0.0,-35.0,True,False
1853,618,scene_1.2,scene_1.2_y02,6,route_forward,119.068709677,3.63,10.525,180.0,3.141592654,0.0,0.0,0.0,True,False
1854,618,scene_1.2,scene_1.2_y02,6,route_right,119.068709677,3.63,10.525,215.0,3.752457892,0.0,0.0,35.0,True,False
1855,619,scene_1.2,scene_1.2_y02,6,route_left,119.068709677,3.63,11.0075,145.0,2.530727415,0.0,0.0,-35.0,True,False
1856,619,scene_1.2,scene_1.2_y02,6,route_forward,119.068709677,3.63,11.0075,180.0,3.141592654,0.0,0.0,0.0,True,False
1857,619,scene_1.2,scene_1.2_y02,6,route_right,119.068709677,3.63,11.0075,215.0,3.752457892,0.0,0.0,35.0,True,False
1858,620,scene_1.2,scene_1.2_y02,6,route_left,119.068709677,3.63,11.49,235.0,4.101523742,0.0,0.0,-35.0,True,False
1859,620,scene_1.2,scene_1.2_y02,6,route_forward,119.068709677,3.63,11.49,270.0,4.71238898,0.0,0.0,0.0,True,False
1860,620,scene_1.2,scene_1.2_y02,6,route_right,119.068709677,3.63,11.49,305.0,5.323254219,0.0,0.0,35.0,True,False
1861,621,scene_1.2,scene_1.2_y02,6,route_left,120.359354839,3.63,11.49,325.0,5.672320069,0.0,0.0,-35.0,False,False
1862,621,scene_1.2,scene_1.2_y02,6,route_forward,120.359354839,3.63,11.49,0.0,0.0,0.0,0.0,0.0,False,False
1863,621,scene_1.2,scene_1.2_y02,6,route_right,120.359354839,3.63,11.49,35.0,0.610865238,0.0,0.0,35.0,False,False
1864,622,scene_1.2,scene_1.2_y02,6,route_left,120.359354839,3.63,11.0075,325.0,5.672320069,0.0,0.0,-35.0,False,False
1865,622,scene_1.2,scene_1.2_y02,6,route_forward,120.359354839,3.63,11.0075,0.0,0.0,0.0,0.0,0.0,False,False
1866,622,scene_1.2,scene_1.2_y02,6,route_right,120.359354839,3.63,11.0075,35.0,0.610865238,0.0,0.0,35.0,False,False
1867,623,scene_1.2,scene_1.2_y02,6,route_left,120.359354839,3.63,10.525,325.0,5.672320069,0.0,0.0,-35.0,False,False
1868,623,scene_1.2,scene_1.2_y02,6,route_forward,120.359354839,3.63,10.525,0.0,0.0,0.0,0.0,0.0,False,False
1869,623,scene_1.2,scene_1.2_y02,6,route_right,120.359354839,3.63,10.525,35.0,0.610865238,0.0,0.0,35.0,False,False
1870,624,scene_1.2,scene_1.2_y02,6,route_left,120.359354839,3.63,10.0425,325.0,5.672320069,0.0,0.0,-35.0,False,False
1871,624,scene_1.2,scene_1.2_y02,6,route_forward,120.359354839,3.63,10.0425,0.0,0.0,0.0,0.0,0.0,False,False
1872,624,scene_1.2,scene_1.2_y02,6,route_right,120.359354839,3.63,10.0425,35.0,0.610865238,0.0,0.0,35.0,False,False
1873,625,scene_1.2,scene_1.2_y02,6,route_left,120.359354839,3.63,9.56,235.0,4.101523742,0.0,0.0,-35.0,False,False
1874,625,scene_1.2,scene_1.2_y02,6,route_forward,120.359354839,3.63,9.56,270.0,4.71238898,0.0,0.0,0.0,False,False
1875,625,scene_1.2,scene_1.2_y02,6,route_right,120.359354839,3.63,9.56,305.0,5.323254219,0.0,0.0,35.0,False,False
1876,626,scene_1.2,scene_1.2_y02,6,route_left,121.65,3.63,9.56,145.0,2.530727415,0.0,0.0,-35.0,True,False
1877,626,scene_1.2,scene_1.2_y02,6,route_forward,121.65,3.63,9.56,180.0,3.141592654,0.0,0.0,0.0,True,False
1878,626,scene_1.2,scene_1.2_y02,6,route_right,121.65,3.63,9.56,215.0,3.752457892,0.0,0.0,35.0,True,False
1879,627,scene_1.2,scene_1.2_y02,6,route_left,121.65,3.63,10.0425,145.0,2.530727415,0.0,0.0,-35.0,True,False
1880,627,scene_1.2,scene_1.2_y02,6,route_forward,121.65,3.63,10.0425,180.0,3.141592654,0.0,0.0,0.0,True,False
1881,627,scene_1.2,scene_1.2_y02,6,route_right,121.65,3.63,10.0425,215.0,3.752457892,0.0,0.0,35.0,True,False
1882,628,scene_1.2,scene_1.2_y02,6,route_left,121.65,3.63,10.525,145.0,2.530727415,0.0,0.0,-35.0,True,False
1883,628,scene_1.2,scene_1.2_y02,6,route_forward,121.65,3.63,10.525,180.0,3.141592654,0.0,0.0,0.0,True,False
1884,628,scene_1.2,scene_1.2_y02,6,route_right,121.65,3.63,10.525,215.0,3.752457892,0.0,0.0,35.0,True,False
1885,629,scene_1.2,scene_1.2_y02,6,route_left,121.65,3.63,11.0075,145.0,2.530727415,0.0,0.0,-35.0,True,False
1886,629,scene_1.2,scene_1.2_y02,6,route_forward,121.65,3.63,11.0075,180.0,3.141592654,0.0,0.0,0.0,True,False
1887,629,scene_1.2,scene_1.2_y02,6,route_right,121.65,3.63,11.0075,215.0,3.752457892,0.0,0.0,35.0,True,False
1888,630,scene_1.2,scene_1.2_y02,6,route_left,121.65,3.63,11.49,145.0,2.530727415,0.0,0.0,-35.0,True,False
1889,630,scene_1.2,scene_1.2_y02,6,route_forward,121.65,3.63,11.49,180.0,3.141592654,0.0,0.0,0.0,True,False
1890,630,scene_1.2,scene_1.2_y02,6,route_right,121.65,3.63,11.49,215.0,3.752457892,0.0,0.0,35.0,True,False
1891,631,scene_1.2,scene_1.2_y03,7,route_left,121.65,4.52,11.49,325.0,5.672320069,-10.0,-0.174532925,-35.0,True,False
1892,631,scene_1.2,scene_1.2_y03,7,route_forward,121.65,4.52,11.49,0.0,0.0,-10.0,-0.174532925,0.0,True,False
1893,631,scene_1.2,scene_1.2_y03,7,route_right,121.65,4.52,11.49,35.0,0.610865238,-10.0,-0.174532925,35.0,True,False
1894,632,scene_1.2,scene_1.2_y03,7,route_left,121.65,4.52,11.0075,325.0,5.672320069,-10.0,-0.174532925,-35.0,True,False
1895,632,scene_1.2,scene_1.2_y03,7,route_forward,121.65,4.52,11.0075,0.0,0.0,-10.0,-0.174532925,0.0,True,False
1896,632,scene_1.2,scene_1.2_y03,7,route_right,121.65,4.52,11.0075,35.0,0.610865238,-10.0,-0.174532925,35.0,True,False
1897,633,scene_1.2,scene_1.2_y03,7,route_left,121.65,4.52,10.525,325.0,5.672320069,-10.0,-0.174532925,-35.0,True,False
1898,633,scene_1.2,scene_1.2_y03,7,route_forward,121.65,4.52,10.525,0.0,0.0,-10.0,-0.174532925,0.0,True,False
1899,633,scene_1.2,scene_1.2_y03,7,route_right,121.65,4.52,10.525,35.0,0.610865238,-10.0,-0.174532925,35.0,True,False
1900,634,scene_1.2,scene_1.2_y03,7,route_left,121.65,4.52,10.0425,325.0,5.672320069,-10.0,-0.174532925,-35.0,True,False
1901,634,scene_1.2,scene_1.2_y03,7,route_forward,121.65,4.52,10.0425,0.0,0.0,-10.0,-0.174532925,0.0,True,False
1902,634,scene_1.2,scene_1.2_y03,7,route_right,121.65,4.52,10.0425,35.0,0.610865238,-10.0,-0.174532925,35.0,True,False
1903,635,scene_1.2,scene_1.2_y03,7,route_left,121.65,4.52,9.56,55.0,0.959931089,-10.0,-0.174532925,-35.0,True,False
1904,635,scene_1.2,scene_1.2_y03,7,route_forward,121.65,4.52,9.56,90.0,1.570796327,-10.0,-0.174532925,0.0,True,False
1905,635,scene_1.2,scene_1.2_y03,7,route_right,121.65,4.52,9.56,125.0,2.181661565,-10.0,-0.174532925,35.0,True,False
1906,636,scene_1.2,scene_1.2_y03,7,route_left,120.359354839,4.52,9.56,145.0,2.530727415,-10.0,-0.174532925,-35.0,False,False
1907,636,scene_1.2,scene_1.2_y03,7,route_forward,120.359354839,4.52,9.56,180.0,3.141592654,-10.0,-0.174532925,0.0,False,False
1908,636,scene_1.2,scene_1.2_y03,7,route_right,120.359354839,4.52,9.56,215.0,3.752457892,-10.0,-0.174532925,35.0,False,False
1909,637,scene_1.2,scene_1.2_y03,7,route_left,120.359354839,4.52,10.0425,145.0,2.530727415,-10.0,-0.174532925,-35.0,False,False
1910,637,scene_1.2,scene_1.2_y03,7,route_forward,120.359354839,4.52,10.0425,180.0,3.141592654,-10.0,-0.174532925,0.0,False,False
1911,637,scene_1.2,scene_1.2_y03,7,route_right,120.359354839,4.52,10.0425,215.0,3.752457892,-10.0,-0.174532925,35.0,False,False
1912,638,scene_1.2,scene_1.2_y03,7,route_left,120.359354839,4.52,10.525,145.0,2.530727415,-10.0,-0.174532925,-35.0,False,False
1913,638,scene_1.2,scene_1.2_y03,7,route_forward,120.359354839,4.52,10.525,180.0,3.141592654,-10.0,-0.174532925,0.0,False,False
1914,638,scene_1.2,scene_1.2_y03,7,route_right,120.359354839,4.52,10.525,215.0,3.752457892,-10.0,-0.174532925,35.0,False,False
1915,639,scene_1.2,scene_1.2_y03,7,route_left,120.359354839,4.52,11.0075,145.0,2.530727415,-10.0,-0.174532925,-35.0,False,False
1916,639,scene_1.2,scene_1.2_y03,7,route_forward,120.359354839,4.52,11.0075,180.0,3.141592654,-10.0,-0.174532925,0.0,False,False
1917,639,scene_1.2,scene_1.2_y03,7,route_right,120.359354839,4.52,11.0075,215.0,3.752457892,-10.0,-0.174532925,35.0,False,False
1918,640,scene_1.2,scene_1.2_y03,7,route_left,120.359354839,4.52,11.49,55.0,0.959931089,-10.0,-0.174532925,-35.0,False,False
1919,640,scene_1.2,scene_1.2_y03,7,route_forward,120.359354839,4.52,11.49,90.0,1.570796327,-10.0,-0.174532925,0.0,False,False
1920,640,scene_1.2,scene_1.2_y03,7,route_right,120.359354839,4.52,11.49,125.0,2.181661565,-10.0,-0.174532925,35.0,False,False
1921,641,scene_1.2,scene_1.2_y03,7,route_left,119.068709677,4.52,11.49,325.0,5.672320069,-10.0,-0.174532925,-35.0,True,False
1922,641,scene_1.2,scene_1.2_y03,7,route_forward,119.068709677,4.52,11.49,0.0,0.0,-10.0,-0.174532925,0.0,True,False
1923,641,scene_1.2,scene_1.2_y03,7,route_right,119.068709677,4.52,11.49,35.0,0.610865238,-10.0,-0.174532925,35.0,True,False
1924,642,scene_1.2,scene_1.2_y03,7,route_left,119.068709677,4.52,11.0075,325.0,5.672320069,-10.0,-0.174532925,-35.0,True,False
1925,642,scene_1.2,scene_1.2_y03,7,route_forward,119.068709677,4.52,11.0075,0.0,0.0,-10.0,-0.174532925,0.0,True,False
1926,642,scene_1.2,scene_1.2_y03,7,route_right,119.068709677,4.52,11.0075,35.0,0.610865238,-10.0,-0.174532925,35.0,True,False
1927,643,scene_1.2,scene_1.2_y03,7,route_left,119.068709677,4.52,10.525,325.0,5.672320069,-10.0,-0.174532925,-35.0,True,False
1928,643,scene_1.2,scene_1.2_y03,7,route_forward,119.068709677,4.52,10.525,0.0,0.0,-10.0,-0.174532925,0.0,True,False
1929,643,scene_1.2,scene_1.2_y03,7,route_right,119.068709677,4.52,10.525,35.0,0.610865238,-10.0,-0.174532925,35.0,True,False
1930,644,scene_1.2,scene_1.2_y03,7,route_left,119.068709677,4.52,10.0425,325.0,5.672320069,-10.0,-0.174532925,-35.0,True,False
1931,644,scene_1.2,scene_1.2_y03,7,route_forward,119.068709677,4.52,10.0425,0.0,0.0,-10.0,-0.174532925,0.0,True,False
1932,644,scene_1.2,scene_1.2_y03,7,route_right,119.068709677,4.52,10.0425,35.0,0.610865238,-10.0,-0.174532925,35.0,True,False
1933,645,scene_1.2,scene_1.2_y03,7,route_left,119.068709677,4.52,9.56,55.0,0.959931089,-10.0,-0.174532925,-35.0,True,False
1934,645,scene_1.2,scene_1.2_y03,7,route_forward,119.068709677,4.52,9.56,90.0,1.570796327,-10.0,-0.174532925,0.0,True,False
1935,645,scene_1.2,scene_1.2_y03,7,route_right,119.068709677,4.52,9.56,125.0,2.181661565,-10.0,-0.174532925,35.0,True,False
1936,646,scene_1.2,scene_1.2_y03,7,route_left,117.778064516,4.52,9.56,145.0,2.530727415,-10.0,-0.174532925,-35.0,False,False
1937,646,scene_1.2,scene_1.2_y03,7,route_forward,117.778064516,4.52,9.56,180.0,3.141592654,-10.0,-0.174532925,0.0,False,False
1938,646,scene_1.2,scene_1.2_y03,7,route_right,117.778064516,4.52,9.56,215.0,3.752457892,-10.0,-0.174532925,35.0,False,False
1939,647,scene_1.2,scene_1.2_y03,7,route_left,117.778064516,4.52,10.0425,145.0,2.530727415,-10.0,-0.174532925,-35.0,False,False
1940,647,scene_1.2,scene_1.2_y03,7,route_forward,117.778064516,4.52,10.0425,180.0,3.141592654,-10.0,-0.174532925,0.0,False,False
1941,647,scene_1.2,scene_1.2_y03,7,route_right,117.778064516,4.52,10.0425,215.0,3.752457892,-10.0,-0.174532925,35.0,False,False
1942,648,scene_1.2,scene_1.2_y03,7,route_left,117.778064516,4.52,10.525,145.0,2.530727415,-10.0,-0.174532925,-35.0,False,False
1943,648,scene_1.2,scene_1.2_y03,7,route_forward,117.778064516,4.52,10.525,180.0,3.141592654,-10.0,-0.174532925,0.0,False,False
1944,648,scene_1.2,scene_1.2_y03,7,route_right,117.778064516,4.52,10.525,215.0,3.752457892,-10.0,-0.174532925,35.0,False,False
1945,649,scene_1.2,scene_1.2_y03,7,route_left,117.778064516,4.52,11.0075,145.0,2.530727415,-10.0,-0.174532925,-35.0,False,False
1946,649,scene_1.2,scene_1.2_y03,7,route_forward,117.778064516,4.52,11.0075,180.0,3.141592654,-10.0,-0.174532925,0.0,False,False
1947,649,scene_1.2,scene_1.2_y03,7,route_right,117.778064516,4.52,11.0075,215.0,3.752457892,-10.0,-0.174532925,35.0,False,False
1948,650,scene_1.2,scene_1.2_y03,7,route_left,117.778064516,4.52,11.49,55.0,0.959931089,-10.0,-0.174532925,-35.0,False,False
1949,650,scene_1.2,scene_1.2_y03,7,route_forward,117.778064516,4.52,11.49,90.0,1.570796327,-10.0,-0.174532925,0.0,False,False
1950,650,scene_1.2,scene_1.2_y03,7,route_right,117.778064516,4.52,11.49,125.0,2.181661565,-10.0,-0.174532925,35.0,False,False
1951,651,scene_1.2,scene_1.2_y03,7,route_left,116.487419355,4.52,11.49,325.0,5.672320069,-10.0,-0.174532925,-35.0,True,False
1952,651,scene_1.2,scene_1.2_y03,7,route_forward,116.487419355,4.52,11.49,0.0,0.0,-10.0,-0.174532925,0.0,True,False
1953,651,scene_1.2,scene_1.2_y03,7,route_right,116.487419355,4.52,11.49,35.0,0.610865238,-10.0,-0.174532925,35.0,True,False
1954,652,scene_1.2,scene_1.2_y03,7,route_left,116.487419355,4.52,11.0075,325.0,5.672320069,-10.0,-0.174532925,-35.0,True,False
1955,652,scene_1.2,scene_1.2_y03,7,route_forward,116.487419355,4.52,11.0075,0.0,0.0,-10.0,-0.174532925,0.0,True,False
1956,652,scene_1.2,scene_1.2_y03,7,route_right,116.487419355,4.52,11.0075,35.0,0.610865238,-10.0,-0.174532925,35.0,True,False
1957,653,scene_1.2,scene_1.2_y03,7,route_left,116.487419355,4.52,10.525,325.0,5.672320069,-10.0,-0.174532925,-35.0,True,False
1958,653,scene_1.2,scene_1.2_y03,7,route_forward,116.487419355,4.52,10.525,0.0,0.0,-10.0,-0.174532925,0.0,True,False
1959,653,scene_1.2,scene_1.2_y03,7,route_right,116.487419355,4.52,10.525,35.0,0.610865238,-10.0,-0.174532925,35.0,True,False
1960,654,scene_1.2,scene_1.2_y03,7,route_left,116.487419355,4.52,10.0425,325.0,5.672320069,-10.0,-0.174532925,-35.0,True,False
1961,654,scene_1.2,scene_1.2_y03,7,route_forward,116.487419355,4.52,10.0425,0.0,0.0,-10.0,-0.174532925,0.0,True,False
1962,654,scene_1.2,scene_1.2_y03,7,route_right,116.487419355,4.52,10.0425,35.0,0.610865238,-10.0,-0.174532925,35.0,True,False
1963,655,scene_1.2,scene_1.2_y03,7,route_left,116.487419355,4.52,9.56,55.0,0.959931089,-10.0,-0.174532925,-35.0,True,False
1964,655,scene_1.2,scene_1.2_y03,7,route_forward,116.487419355,4.52,9.56,90.0,1.570796327,-10.0,-0.174532925,0.0,True,False
1965,655,scene_1.2,scene_1.2_y03,7,route_right,116.487419355,4.52,9.56,125.0,2.181661565,-10.0,-0.174532925,35.0,True,False
1966,656,scene_1.2,scene_1.2_y03,7,route_left,115.196774194,4.52,9.56,145.0,2.530727415,-10.0,-0.174532925,-35.0,False,False
1967,656,scene_1.2,scene_1.2_y03,7,route_forward,115.196774194,4.52,9.56,180.0,3.141592654,-10.0,-0.174532925,0.0,False,False
1968,656,scene_1.2,scene_1.2_y03,7,route_right,115.196774194,4.52,9.56,215.0,3.752457892,-10.0,-0.174532925,35.0,False,False
1969,657,scene_1.2,scene_1.2_y03,7,route_left,115.196774194,4.52,10.0425,145.0,2.530727415,-10.0,-0.174532925,-35.0,False,False
1970,657,scene_1.2,scene_1.2_y03,7,route_forward,115.196774194,4.52,10.0425,180.0,3.141592654,-10.0,-0.174532925,0.0,False,False
1971,657,scene_1.2,scene_1.2_y03,7,route_right,115.196774194,4.52,10.0425,215.0,3.752457892,-10.0,-0.174532925,35.0,False,False
1972,658,scene_1.2,scene_1.2_y03,7,route_left,115.196774194,4.52,10.525,145.0,2.530727415,-10.0,-0.174532925,-35.0,False,False
1973,658,scene_1.2,scene_1.2_y03,7,route_forward,115.196774194,4.52,10.525,180.0,3.141592654,-10.0,-0.174532925,0.0,False,False
1974,658,scene_1.2,scene_1.2_y03,7,route_right,115.196774194,4.52,10.525,215.0,3.752457892,-10.0,-0.174532925,35.0,False,False
1975,659,scene_1.2,scene_1.2_y03,7,route_left,115.196774194,4.52,11.0075,145.0,2.530727415,-10.0,-0.174532925,-35.0,False,False
1976,659,scene_1.2,scene_1.2_y03,7,route_forward,115.196774194,4.52,11.0075,180.0,3.141592654,-10.0,-0.174532925,0.0,False,False
1977,659,scene_1.2,scene_1.2_y03,7,route_right,115.196774194,4.52,11.0075,215.0,3.752457892,-10.0,-0.174532925,35.0,False,False
1978,660,scene_1.2,scene_1.2_y03,7,route_left,115.196774194,4.52,11.49,55.0,0.959931089,-10.0,-0.174532925,-35.0,False,False
1979,660,scene_1.2,scene_1.2_y03,7,route_forward,115.196774194,4.52,11.49,90.0,1.570796327,-10.0,-0.174532925,0.0,False,False
1980,660,scene_1.2,scene_1.2_y03,7,route_right,115.196774194,4.52,11.49,125.0,2.181661565,-10.0,-0.174532925,35.0,False,False
1981,661,scene_1.2,scene_1.2_y03,7,route_left,113.906129032,4.52,11.49,325.0,5.672320069,-10.0,-0.174532925,-35.0,True,False
1982,661,scene_1.2,scene_1.2_y03,7,route_forward,113.906129032,4.52,11.49,0.0,0.0,-10.0,-0.174532925,0.0,True,False
1983,661,scene_1.2,scene_1.2_y03,7,route_right,113.906129032,4.52,11.49,35.0,0.610865238,-10.0,-0.174532925,35.0,True,False
1984,662,scene_1.2,scene_1.2_y03,7,route_left,113.906129032,4.52,11.0075,325.0,5.672320069,-10.0,-0.174532925,-35.0,True,False
1985,662,scene_1.2,scene_1.2_y03,7,route_forward,113.906129032,4.52,11.0075,0.0,0.0,-10.0,-0.174532925,0.0,True,False
1986,662,scene_1.2,scene_1.2_y03,7,route_right,113.906129032,4.52,11.0075,35.0,0.610865238,-10.0,-0.174532925,35.0,True,False
1987,663,scene_1.2,scene_1.2_y03,7,route_left,113.906129032,4.52,10.525,325.0,5.672320069,-10.0,-0.174532925,-35.0,True,False
1988,663,scene_1.2,scene_1.2_y03,7,route_forward,113.906129032,4.52,10.525,0.0,0.0,-10.0,-0.174532925,0.0,True,False
1989,663,scene_1.2,scene_1.2_y03,7,route_right,113.906129032,4.52,10.525,35.0,0.610865238,-10.0,-0.174532925,35.0,True,False
1990,664,scene_1.2,scene_1.2_y03,7,route_left,113.906129032,4.52,10.0425,325.0,5.672320069,-10.0,-0.174532925,-35.0,True,False
1991,664,scene_1.2,scene_1.2_y03,7,route_forward,113.906129032,4.52,10.0425,0.0,0.0,-10.0,-0.174532925,0.0,True,False
1992,664,scene_1.2,scene_1.2_y03,7,route_right,113.906129032,4.52,10.0425,35.0,0.610865238,-10.0,-0.174532925,35.0,True,False
1993,665,scene_1.2,scene_1.2_y03,7,route_left,113.906129032,4.52,9.56,55.0,0.959931089,-10.0,-0.174532925,-35.0,True,False
1994,665,scene_1.2,scene_1.2_y03,7,route_forward,113.906129032,4.52,9.56,90.0,1.570796327,-10.0,-0.174532925,0.0,True,False
1995,665,scene_1.2,scene_1.2_y03,7,route_right,113.906129032,4.52,9.56,125.0,2.181661565,-10.0,-0.174532925,35.0,True,False
1996,666,scene_1.2,scene_1.2_y03,7,route_left,112.615483871,4.52,9.56,145.0,2.530727415,-10.0,-0.174532925,-35.0,False,False
1997,666,scene_1.2,scene_1.2_y03,7,route_forward,112.615483871,4.52,9.56,180.0,3.141592654,-10.0,-0.174532925,0.0,False,False
1998,666,scene_1.2,scene_1.2_y03,7,route_right,112.615483871,4.52,9.56,215.0,3.752457892,-10.0,-0.174532925,35.0,False,False
1999,667,scene_1.2,scene_1.2_y03,7,route_left,112.615483871,4.52,10.0425,145.0,2.530727415,-10.0,-0.174532925,-35.0,False,False
2000,667,scene_1.2,scene_1.2_y03,7,route_forward,112.615483871,4.52,10.0425,180.0,3.141592654,-10.0,-0.174532925,0.0,False,False
2001,667,scene_1.2,scene_1.2_y03,7,route_right,112.615483871,4.52,10.0425,215.0,3.752457892,-10.0,-0.174532925,35.0,False,False
2002,668,scene_1.2,scene_1.2_y03,7,route_left,112.615483871,4.52,10.525,145.0,2.530727415,-10.0,-0.174532925,-35.0,False,False
2003,668,scene_1.2,scene_1.2_y03,7,route_forward,112.615483871,4.52,10.525,180.0,3.141592654,-10.0,-0.174532925,0.0,False,False
2004,668,scene_1.2,scene_1.2_y03,7,route_right,112.615483871,4.52,10.525,215.0,3.752457892,-10.0,-0.174532925,35.0,False,False
2005,669,scene_1.2,scene_1.2_y03,7,route_left,112.615483871,4.52,11.0075,145.0,2.530727415,-10.0,-0.174532925,-35.0,False,False
2006,669,scene_1.2,scene_1.2_y03,7,route_forward,112.615483871,4.52,11.0075,180.0,3.141592654,-10.0,-0.174532925,0.0,False,False
2007,669,scene_1.2,scene_1.2_y03,7,route_right,112.615483871,4.52,11.0075,215.0,3.752457892,-10.0,-0.174532925,35.0,False,False
2008,670,scene_1.2,scene_1.2_y03,7,route_left,112.615483871,4.52,11.49,55.0,0.959931089,-10.0,-0.174532925,-35.0,False,False
2009,670,scene_1.2,scene_1.2_y03,7,route_forward,112.615483871,4.52,11.49,90.0,1.570796327,-10.0,-0.174532925,0.0,False,False
2010,670,scene_1.2,scene_1.2_y03,7,route_right,112.615483871,4.52,11.49,125.0,2.181661565,-10.0,-0.174532925,35.0,False,False
2011,671,scene_1.2,scene_1.2_y03,7,route_left,111.32483871,4.52,11.49,325.0,5.672320069,-10.0,-0.174532925,-35.0,True,False
2012,671,scene_1.2,scene_1.2_y03,7,route_forward,111.32483871,4.52,11.49,0.0,0.0,-10.0,-0.174532925,0.0,True,False
2013,671,scene_1.2,scene_1.2_y03,7,route_right,111.32483871,4.52,11.49,35.0,0.610865238,-10.0,-0.174532925,35.0,True,False
2014,672,scene_1.2,scene_1.2_y03,7,route_left,111.32483871,4.52,11.0075,325.0,5.672320069,-10.0,-0.174532925,-35.0,True,False
2015,672,scene_1.2,scene_1.2_y03,7,route_forward,111.32483871,4.52,11.0075,0.0,0.0,-10.0,-0.174532925,0.0,True,False
2016,672,scene_1.2,scene_1.2_y03,7,route_right,111.32483871,4.52,11.0075,35.0,0.610865238,-10.0,-0.174532925,35.0,True,False
2017,673,scene_1.2,scene_1.2_y03,7,route_left,111.32483871,4.52,10.525,325.0,5.672320069,-10.0,-0.174532925,-35.0,True,False
2018,673,scene_1.2,scene_1.2_y03,7,route_forward,111.32483871,4.52,10.525,0.0,0.0,-10.0,-0.174532925,0.0,True,False
2019,673,scene_1.2,scene_1.2_y03,7,route_right,111.32483871,4.52,10.525,35.0,0.610865238,-10.0,-0.174532925,35.0,True,False
2020,674,scene_1.2,scene_1.2_y03,7,route_left,111.32483871,4.52,10.0425,325.0,5.672320069,-10.0,-0.174532925,-35.0,True,False
2021,674,scene_1.2,scene_1.2_y03,7,route_forward,111.32483871,4.52,10.0425,0.0,0.0,-10.0,-0.174532925,0.0,True,False
2022,674,scene_1.2,scene_1.2_y03,7,route_right,111.32483871,4.52,10.0425,35.0,0.610865238,-10.0,-0.174532925,35.0,True,False
2023,675,scene_1.2,scene_1.2_y03,7,route_left,111.32483871,4.52,9.56,55.0,0.959931089,-10.0,-0.174532925,-35.0,True,False
2024,675,scene_1.2,scene_1.2_y03,7,route_forward,111.32483871,4.52,9.56,90.0,1.570796327,-10.0,-0.174532925,0.0,True,False
2025,675,scene_1.2,scene_1.2_y03,7,route_right,111.32483871,4.52,9.56,125.0,2.181661565,-10.0,-0.174532925,35.0,True,False
2026,676,scene_1.2,scene_1.2_y03,7,route_left,110.034193548,4.52,9.56,145.0,2.530727415,-10.0,-0.174532925,-35.0,False,False
2027,676,scene_1.2,scene_1.2_y03,7,route_forward,110.034193548,4.52,9.56,180.0,3.141592654,-10.0,-0.174532925,0.0,False,False
2028,676,scene_1.2,scene_1.2_y03,7,route_right,110.034193548,4.52,9.56,215.0,3.752457892,-10.0,-0.174532925,35.0,False,False
2029,677,scene_1.2,scene_1.2_y03,7,route_left,110.034193548,4.52,10.0425,145.0,2.530727415,-10.0,-0.174532925,-35.0,False,False
2030,677,scene_1.2,scene_1.2_y03,7,route_forward,110.034193548,4.52,10.0425,180.0,3.141592654,-10.0,-0.174532925,0.0,False,False
2031,677,scene_1.2,scene_1.2_y03,7,route_right,110.034193548,4.52,10.0425,215.0,3.752457892,-10.0,-0.174532925,35.0,False,False
2032,678,scene_1.2,scene_1.2_y03,7,route_left,110.034193548,4.52,10.525,145.0,2.530727415,-10.0,-0.174532925,-35.0,False,False
2033,678,scene_1.2,scene_1.2_y03,7,route_forward,110.034193548,4.52,10.525,180.0,3.141592654,-10.0,-0.174532925,0.0,False,False
2034,678,scene_1.2,scene_1.2_y03,7,route_right,110.034193548,4.52,10.525,215.0,3.752457892,-10.0,-0.174532925,35.0,False,False
2035,679,scene_1.2,scene_1.2_y03,7,route_left,110.034193548,4.52,11.0075,145.0,2.530727415,-10.0,-0.174532925,-35.0,False,False
2036,679,scene_1.2,scene_1.2_y03,7,route_forward,110.034193548,4.52,11.0075,180.0,3.141592654,-10.0,-0.174532925,0.0,False,False
2037,679,scene_1.2,scene_1.2_y03,7,route_right,110.034193548,4.52,11.0075,215.0,3.752457892,-10.0,-0.174532925,35.0,False,False
2038,680,scene_1.2,scene_1.2_y03,7,route_left,110.034193548,4.52,11.49,55.0,0.959931089,-10.0,-0.174532925,-35.0,False,False
2039,680,scene_1.2,scene_1.2_y03,7,route_forward,110.034193548,4.52,11.49,90.0,1.570796327,-10.0,-0.174532925,0.0,False,False
2040,680,scene_1.2,scene_1.2_y03,7,route_right,110.034193548,4.52,11.49,125.0,2.181661565,-10.0,-0.174532925,35.0,False,False
2041,681,scene_1.2,scene_1.2_y03,7,route_left,108.743548387,4.52,11.49,325.0,5.672320069,-10.0,-0.174532925,-35.0,True,False
2042,681,scene_1.2,scene_1.2_y03,7,route_forward,108.743548387,4.52,11.49,0.0,0.0,-10.0,-0.174532925,0.0,True,False
2043,681,scene_1.2,scene_1.2_y03,7,route_right,108.743548387,4.52,11.49,35.0,0.610865238,-10.0,-0.174532925,35.0,True,False
2044,682,scene_1.2,scene_1.2_y03,7,route_left,108.743548387,4.52,11.0075,325.0,5.672320069,-10.0,-0.174532925,-35.0,True,False
2045,682,scene_1.2,scene_1.2_y03,7,route_forward,108.743548387,4.52,11.0075,0.0,0.0,-10.0,-0.174532925,0.0,True,False
2046,682,scene_1.2,scene_1.2_y03,7,route_right,108.743548387,4.52,11.0075,35.0,0.610865238,-10.0,-0.174532925,35.0,True,False
2047,683,scene_1.2,scene_1.2_y03,7,route_left,108.743548387,4.52,10.525,325.0,5.672320069,-10.0,-0.174532925,-35.0,True,False
2048,683,scene_1.2,scene_1.2_y03,7,route_forward,108.743548387,4.52,10.525,0.0,0.0,-10.0,-0.174532925,0.0,True,False
2049,683,scene_1.2,scene_1.2_y03,7,route_right,108.743548387,4.52,10.525,35.0,0.610865238,-10.0,-0.174532925,35.0,True,False
2050,684,scene_1.2,scene_1.2_y03,7,route_left,108.743548387,4.52,10.0425,325.0,5.672320069,-10.0,-0.174532925,-35.0,True,False
2051,684,scene_1.2,scene_1.2_y03,7,route_forward,108.743548387,4.52,10.0425,0.0,0.0,-10.0,-0.174532925,0.0,True,False
2052,684,scene_1.2,scene_1.2_y03,7,route_right,108.743548387,4.52,10.0425,35.0,0.610865238,-10.0,-0.174532925,35.0,True,False
2053,685,scene_1.2,scene_1.2_y03,7,route_left,108.743548387,4.52,9.56,55.0,0.959931089,-10.0,-0.174532925,-35.0,True,False
2054,685,scene_1.2,scene_1.2_y03,7,route_forward,108.743548387,4.52,9.56,90.0,1.570796327,-10.0,-0.174532925,0.0,True,False
2055,685,scene_1.2,scene_1.2_y03,7,route_right,108.743548387,4.52,9.56,125.0,2.181661565,-10.0,-0.174532925,35.0,True,False
2056,686,scene_1.2,scene_1.2_y03,7,route_left,107.452903226,4.52,9.56,145.0,2.530727415,-10.0,-0.174532925,-35.0,False,False
2057,686,scene_1.2,scene_1.2_y03,7,route_forward,107.452903226,4.52,9.56,180.0,3.141592654,-10.0,-0.174532925,0.0,False,False
2058,686,scene_1.2,scene_1.2_y03,7,route_right,107.452903226,4.52,9.56,215.0,3.752457892,-10.0,-0.174532925,35.0,False,False
2059,687,scene_1.2,scene_1.2_y03,7,route_left,107.452903226,4.52,10.0425,145.0,2.530727415,-10.0,-0.174532925,-35.0,False,False
2060,687,scene_1.2,scene_1.2_y03,7,route_forward,107.452903226,4.52,10.0425,180.0,3.141592654,-10.0,-0.174532925,0.0,False,False
2061,687,scene_1.2,scene_1.2_y03,7,route_right,107.452903226,4.52,10.0425,215.0,3.752457892,-10.0,-0.174532925,35.0,False,False
2062,688,scene_1.2,scene_1.2_y03,7,route_left,107.452903226,4.52,10.525,145.0,2.530727415,-10.0,-0.174532925,-35.0,False,False
2063,688,scene_1.2,scene_1.2_y03,7,route_forward,107.452903226,4.52,10.525,180.0,3.141592654,-10.0,-0.174532925,0.0,False,False
2064,688,scene_1.2,scene_1.2_y03,7,route_right,107.452903226,4.52,10.525,215.0,3.752457892,-10.0,-0.174532925,35.0,False,False
2065,689,scene_1.2,scene_1.2_y03,7,route_left,107.452903226,4.52,11.0075,145.0,2.530727415,-10.0,-0.174532925,-35.0,False,False
2066,689,scene_1.2,scene_1.2_y03,7,route_forward,107.452903226,4.52,11.0075,180.0,3.141592654,-10.0,-0.174532925,0.0,False,False
2067,689,scene_1.2,scene_1.2_y03,7,route_right,107.452903226,4.52,11.0075,215.0,3.752457892,-10.0,-0.174532925,35.0,False,False
2068,690,scene_1.2,scene_1.2_y03,7,route_left,107.452903226,4.52,11.49,55.0,0.959931089,-10.0,-0.174532925,-35.0,False,False
2069,690,scene_1.2,scene_1.2_y03,7,route_forward,107.452903226,4.52,11.49,90.0,1.570796327,-10.0,-0.174532925,0.0,False,False
2070,690,scene_1.2,scene_1.2_y03,7,route_right,107.452903226,4.52,11.49,125.0,2.181661565,-10.0,-0.174532925,35.0,False,False
2071,691,scene_1.2,scene_1.2_y03,7,route_left,106.162258065,4.52,11.49,325.0,5.672320069,-10.0,-0.174532925,-35.0,True,False
2072,691,scene_1.2,scene_1.2_y03,7,route_forward,106.162258065,4.52,11.49,0.0,0.0,-10.0,-0.174532925,0.0,True,False
2073,691,scene_1.2,scene_1.2_y03,7,route_right,106.162258065,4.52,11.49,35.0,0.610865238,-10.0,-0.174532925,35.0,True,False
2074,692,scene_1.2,scene_1.2_y03,7,route_left,106.162258065,4.52,11.0075,325.0,5.672320069,-10.0,-0.174532925,-35.0,True,False
2075,692,scene_1.2,scene_1.2_y03,7,route_forward,106.162258065,4.52,11.0075,0.0,0.0,-10.0,-0.174532925,0.0,True,False
2076,692,scene_1.2,scene_1.2_y03,7,route_right,106.162258065,4.52,11.0075,35.0,0.610865238,-10.0,-0.174532925,35.0,True,False
2077,693,scene_1.2,scene_1.2_y03,7,route_left,106.162258065,4.52,10.525,325.0,5.672320069,-10.0,-0.174532925,-35.0,True,False
2078,693,scene_1.2,scene_1.2_y03,7,route_forward,106.162258065,4.52,10.525,0.0,0.0,-10.0,-0.174532925,0.0,True,False
2079,693,scene_1.2,scene_1.2_y03,7,route_right,106.162258065,4.52,10.525,35.0,0.610865238,-10.0,-0.174532925,35.0,True,False
2080,694,scene_1.2,scene_1.2_y03,7,route_left,106.162258065,4.52,10.0425,325.0,5.672320069,-10.0,-0.174532925,-35.0,True,False
2081,694,scene_1.2,scene_1.2_y03,7,route_forward,106.162258065,4.52,10.0425,0.0,0.0,-10.0,-0.174532925,0.0,True,False
2082,694,scene_1.2,scene_1.2_y03,7,route_right,106.162258065,4.52,10.0425,35.0,0.610865238,-10.0,-0.174532925,35.0,True,False
2083,695,scene_1.2,scene_1.2_y03,7,route_left,106.162258065,4.52,9.56,55.0,0.959931089,-10.0,-0.174532925,-35.0,True,False
2084,695,scene_1.2,scene_1.2_y03,7,route_forward,106.162258065,4.52,9.56,90.0,1.570796327,-10.0,-0.174532925,0.0,True,False
2085,695,scene_1.2,scene_1.2_y03,7,route_right,106.162258065,4.52,9.56,125.0,2.181661565,-10.0,-0.174532925,35.0,True,False
2086,696,scene_1.2,scene_1.2_y03,7,route_left,104.871612903,4.52,9.56,145.0,2.530727415,-10.0,-0.174532925,-35.0,False,False
2087,696,scene_1.2,scene_1.2_y03,7,route_forward,104.871612903,4.52,9.56,180.0,3.141592654,-10.0,-0.174532925,0.0,False,False
2088,696,scene_1.2,scene_1.2_y03,7,route_right,104.871612903,4.52,9.56,215.0,3.752457892,-10.0,-0.174532925,35.0,False,False
2089,697,scene_1.2,scene_1.2_y03,7,route_left,104.871612903,4.52,10.0425,145.0,2.530727415,-10.0,-0.174532925,-35.0,False,False
2090,697,scene_1.2,scene_1.2_y03,7,route_forward,104.871612903,4.52,10.0425,180.0,3.141592654,-10.0,-0.174532925,0.0,False,False
2091,697,scene_1.2,scene_1.2_y03,7,route_right,104.871612903,4.52,10.0425,215.0,3.752457892,-10.0,-0.174532925,35.0,False,False
2092,698,scene_1.2,scene_1.2_y03,7,route_left,104.871612903,4.52,10.525,145.0,2.530727415,-10.0,-0.174532925,-35.0,False,False
2093,698,scene_1.2,scene_1.2_y03,7,route_forward,104.871612903,4.52,10.525,180.0,3.141592654,-10.0,-0.174532925,0.0,False,False
2094,698,scene_1.2,scene_1.2_y03,7,route_right,104.871612903,4.52,10.525,215.0,3.752457892,-10.0,-0.174532925,35.0,False,False
2095,699,scene_1.2,scene_1.2_y03,7,route_left,104.871612903,4.52,11.0075,145.0,2.530727415,-10.0,-0.174532925,-35.0,False,False
2096,699,scene_1.2,scene_1.2_y03,7,route_forward,104.871612903,4.52,11.0075,180.0,3.141592654,-10.0,-0.174532925,0.0,False,False
2097,699,scene_1.2,scene_1.2_y03,7,route_right,104.871612903,4.52,11.0075,215.0,3.752457892,-10.0,-0.174532925,35.0,False,False
2098,700,scene_1.2,scene_1.2_y03,7,route_left,104.871612903,4.52,11.49,55.0,0.959931089,-10.0,-0.174532925,-35.0,False,False
2099,700,scene_1.2,scene_1.2_y03,7,route_forward,104.871612903,4.52,11.49,90.0,1.570796327,-10.0,-0.174532925,0.0,False,False
2100,700,scene_1.2,scene_1.2_y03,7,route_right,104.871612903,4.52,11.49,125.0,2.181661565,-10.0,-0.174532925,35.0,False,False
2101,701,scene_1.2,scene_1.2_y03,7,route_left,103.580967742,4.52,11.49,325.0,5.672320069,-10.0,-0.174532925,-35.0,True,False
2102,701,scene_1.2,scene_1.2_y03,7,route_forward,103.580967742,4.52,11.49,0.0,0.0,-10.0,-0.174532925,0.0,True,False
2103,701,scene_1.2,scene_1.2_y03,7,route_right,103.580967742,4.52,11.49,35.0,0.610865238,-10.0,-0.174532925,35.0,True,False
2104,702,scene_1.2,scene_1.2_y03,7,route_left,103.580967742,4.52,11.0075,325.0,5.672320069,-10.0,-0.174532925,-35.0,True,False
2105,702,scene_1.2,scene_1.2_y03,7,route_forward,103.580967742,4.52,11.0075,0.0,0.0,-10.0,-0.174532925,0.0,True,False
2106,702,scene_1.2,scene_1.2_y03,7,route_right,103.580967742,4.52,11.0075,35.0,0.610865238,-10.0,-0.174532925,35.0,True,False
2107,703,scene_1.2,scene_1.2_y03,7,route_left,103.580967742,4.52,10.525,325.0,5.672320069,-10.0,-0.174532925,-35.0,True,False
2108,703,scene_1.2,scene_1.2_y03,7,route_forward,103.580967742,4.52,10.525,0.0,0.0,-10.0,-0.174532925,0.0,True,False
2109,703,scene_1.2,scene_1.2_y03,7,route_right,103.580967742,4.52,10.525,35.0,0.610865238,-10.0,-0.174532925,35.0,True,False
2110,704,scene_1.2,scene_1.2_y03,7,route_left,103.580967742,4.52,10.0425,325.0,5.672320069,-10.0,-0.174532925,-35.0,True,False
2111,704,scene_1.2,scene_1.2_y03,7,route_forward,103.580967742,4.52,10.0425,0.0,0.0,-10.0,-0.174532925,0.0,True,False
2112,704,scene_1.2,scene_1.2_y03,7,route_right,103.580967742,4.52,10.0425,35.0,0.610865238,-10.0,-0.174532925,35.0,True,False
2113,705,scene_1.2,scene_1.2_y03,7,route_left,103.580967742,4.52,9.56,55.0,0.959931089,-10.0,-0.174532925,-35.0,True,False
2114,705,scene_1.2,scene_1.2_y03,7,route_forward,103.580967742,4.52,9.56,90.0,1.570796327,-10.0,-0.174532925,0.0,True,False
2115,705,scene_1.2,scene_1.2_y03,7,route_right,103.580967742,4.52,9.56,125.0,2.181661565,-10.0,-0.174532925,35.0,True,False
2116,706,scene_1.2,scene_1.2_y03,7,route_left,102.290322581,4.52,9.56,145.0,2.530727415,-10.0,-0.174532925,-35.0,False,False
2117,706,scene_1.2,scene_1.2_y03,7,route_forward,102.290322581,4.52,9.56,180.0,3.141592654,-10.0,-0.174532925,0.0,False,False
2118,706,scene_1.2,scene_1.2_y03,7,route_right,102.290322581,4.52,9.56,215.0,3.752457892,-10.0,-0.174532925,35.0,False,False
2119,707,scene_1.2,scene_1.2_y03,7,route_left,102.290322581,4.52,10.0425,145.0,2.530727415,-10.0,-0.174532925,-35.0,False,False
2120,707,scene_1.2,scene_1.2_y03,7,route_forward,102.290322581,4.52,10.0425,180.0,3.141592654,-10.0,-0.174532925,0.0,False,False
2121,707,scene_1.2,scene_1.2_y03,7,route_right,102.290322581,4.52,10.0425,215.0,3.752457892,-10.0,-0.174532925,35.0,False,False
2122,708,scene_1.2,scene_1.2_y03,7,route_left,102.290322581,4.52,10.525,145.0,2.530727415,-10.0,-0.174532925,-35.0,False,False
2123,708,scene_1.2,scene_1.2_y03,7,route_forward,102.290322581,4.52,10.525,180.0,3.141592654,-10.0,-0.174532925,0.0,False,False
2124,708,scene_1.2,scene_1.2_y03,7,route_right,102.290322581,4.52,10.525,215.0,3.752457892,-10.0,-0.174532925,35.0,False,False
2125,709,scene_1.2,scene_1.2_y03,7,route_left,102.290322581,4.52,11.0075,145.0,2.530727415,-10.0,-0.174532925,-35.0,False,False
2126,709,scene_1.2,scene_1.2_y03,7,route_forward,102.290322581,4.52,11.0075,180.0,3.141592654,-10.0,-0.174532925,0.0,False,False
2127,709,scene_1.2,scene_1.2_y03,7,route_right,102.290322581,4.52,11.0075,215.0,3.752457892,-10.0,-0.174532925,35.0,False,False
2128,710,scene_1.2,scene_1.2_y03,7,route_left,102.290322581,4.52,11.49,55.0,0.959931089,-10.0,-0.174532925,-35.0,False,False
2129,710,scene_1.2,scene_1.2_y03,7,route_forward,102.290322581,4.52,11.49,90.0,1.570796327,-10.0,-0.174532925,0.0,False,False
2130,710,scene_1.2,scene_1.2_y03,7,route_right,102.290322581,4.52,11.49,125.0,2.181661565,-10.0,-0.174532925,35.0,False,False
2131,711,scene_1.2,scene_1.2_y03,7,route_left,100.999677419,4.52,11.49,325.0,5.672320069,-10.0,-0.174532925,-35.0,True,False
2132,711,scene_1.2,scene_1.2_y03,7,route_forward,100.999677419,4.52,11.49,0.0,0.0,-10.0,-0.174532925,0.0,True,False
2133,711,scene_1.2,scene_1.2_y03,7,route_right,100.999677419,4.52,11.49,35.0,0.610865238,-10.0,-0.174532925,35.0,True,False
2134,712,scene_1.2,scene_1.2_y03,7,route_left,100.999677419,4.52,11.0075,325.0,5.672320069,-10.0,-0.174532925,-35.0,True,False
2135,712,scene_1.2,scene_1.2_y03,7,route_forward,100.999677419,4.52,11.0075,0.0,0.0,-10.0,-0.174532925,0.0,True,False
2136,712,scene_1.2,scene_1.2_y03,7,route_right,100.999677419,4.52,11.0075,35.0,0.610865238,-10.0,-0.174532925,35.0,True,False
2137,713,scene_1.2,scene_1.2_y03,7,route_left,100.999677419,4.52,10.525,325.0,5.672320069,-10.0,-0.174532925,-35.0,True,False
2138,713,scene_1.2,scene_1.2_y03,7,route_forward,100.999677419,4.52,10.525,0.0,0.0,-10.0,-0.174532925,0.0,True,False
2139,713,scene_1.2,scene_1.2_y03,7,route_right,100.999677419,4.52,10.525,35.0,0.610865238,-10.0,-0.174532925,35.0,True,False
2140,714,scene_1.2,scene_1.2_y03,7,route_left,100.999677419,4.52,10.0425,325.0,5.672320069,-10.0,-0.174532925,-35.0,True,False
2141,714,scene_1.2,scene_1.2_y03,7,route_forward,100.999677419,4.52,10.0425,0.0,0.0,-10.0,-0.174532925,0.0,True,False
2142,714,scene_1.2,scene_1.2_y03,7,route_right,100.999677419,4.52,10.0425,35.0,0.610865238,-10.0,-0.174532925,35.0,True,False
2143,715,scene_1.2,scene_1.2_y03,7,route_left,100.999677419,4.52,9.56,55.0,0.959931089,-10.0,-0.174532925,-35.0,True,False
2144,715,scene_1.2,scene_1.2_y03,7,route_forward,100.999677419,4.52,9.56,90.0,1.570796327,-10.0,-0.174532925,0.0,True,False
2145,715,scene_1.2,scene_1.2_y03,7,route_right,100.999677419,4.52,9.56,125.0,2.181661565,-10.0,-0.174532925,35.0,True,False
2146,716,scene_1.2,scene_1.2_y03,7,route_left,99.709032258,4.52,9.56,145.0,2.530727415,-10.0,-0.174532925,-35.0,False,False
2147,716,scene_1.2,scene_1.2_y03,7,route_forward,99.709032258,4.52,9.56,180.0,3.141592654,-10.0,-0.174532925,0.0,False,False
2148,716,scene_1.2,scene_1.2_y03,7,route_right,99.709032258,4.52,9.56,215.0,3.752457892,-10.0,-0.174532925,35.0,False,False
2149,717,scene_1.2,scene_1.2_y03,7,route_left,99.709032258,4.52,10.0425,145.0,2.530727415,-10.0,-0.174532925,-35.0,False,False
2150,717,scene_1.2,scene_1.2_y03,7,route_forward,99.709032258,4.52,10.0425,180.0,3.141592654,-10.0,-0.174532925,0.0,False,False
2151,717,scene_1.2,scene_1.2_y03,7,route_right,99.709032258,4.52,10.0425,215.0,3.752457892,-10.0,-0.174532925,35.0,False,False
2152,718,scene_1.2,scene_1.2_y03,7,route_left,99.709032258,4.52,10.525,145.0,2.530727415,-10.0,-0.174532925,-35.0,False,False
2153,718,scene_1.2,scene_1.2_y03,7,route_forward,99.709032258,4.52,10.525,180.0,3.141592654,-10.0,-0.174532925,0.0,False,False
2154,718,scene_1.2,scene_1.2_y03,7,route_right,99.709032258,4.52,10.525,215.0,3.752457892,-10.0,-0.174532925,35.0,False,False
2155,719,scene_1.2,scene_1.2_y03,7,route_left,99.709032258,4.52,11.0075,145.0,2.530727415,-10.0,-0.174532925,-35.0,False,False
2156,719,scene_1.2,scene_1.2_y03,7,route_forward,99.709032258,4.52,11.0075,180.0,3.141592654,-10.0,-0.174532925,0.0,False,False
2157,719,scene_1.2,scene_1.2_y03,7,route_right,99.709032258,4.52,11.0075,215.0,3.752457892,-10.0,-0.174532925,35.0,False,False
2158,720,scene_1.2,scene_1.2_y03,7,route_left,99.709032258,4.52,11.49,55.0,0.959931089,-10.0,-0.174532925,-35.0,False,False
2159,720,scene_1.2,scene_1.2_y03,7,route_forward,99.709032258,4.52,11.49,90.0,1.570796327,-10.0,-0.174532925,0.0,False,False
2160,720,scene_1.2,scene_1.2_y03,7,route_right,99.709032258,4.52,11.49,125.0,2.181661565,-10.0,-0.174532925,35.0,False,False
2161,721,scene_1.2,scene_1.2_y03,7,route_left,98.418387097,4.52,11.49,325.0,5.672320069,-10.0,-0.174532925,-35.0,True,False
2162,721,scene_1.2,scene_1.2_y03,7,route_forward,98.418387097,4.52,11.49,0.0,0.0,-10.0,-0.174532925,0.0,True,False
2163,721,scene_1.2,scene_1.2_y03,7,route_right,98.418387097,4.52,11.49,35.0,0.610865238,-10.0,-0.174532925,35.0,True,False
2164,722,scene_1.2,scene_1.2_y03,7,route_left,98.418387097,4.52,11.0075,325.0,5.672320069,-10.0,-0.174532925,-35.0,True,False
2165,722,scene_1.2,scene_1.2_y03,7,route_forward,98.418387097,4.52,11.0075,0.0,0.0,-10.0,-0.174532925,0.0,True,False
2166,722,scene_1.2,scene_1.2_y03,7,route_right,98.418387097,4.52,11.0075,35.0,0.610865238,-10.0,-0.174532925,35.0,True,False
2167,723,scene_1.2,scene_1.2_y03,7,route_left,98.418387097,4.52,10.525,325.0,5.672320069,-10.0,-0.174532925,-35.0,True,False
2168,723,scene_1.2,scene_1.2_y03,7,route_forward,98.418387097,4.52,10.525,0.0,0.0,-10.0,-0.174532925,0.0,True,False
2169,723,scene_1.2,scene_1.2_y03,7,route_right,98.418387097,4.52,10.525,35.0,0.610865238,-10.0,-0.174532925,35.0,True,False
2170,724,scene_1.2,scene_1.2_y03,7,route_left,98.418387097,4.52,10.0425,325.0,5.672320069,-10.0,-0.174532925,-35.0,True,False
2171,724,scene_1.2,scene_1.2_y03,7,route_forward,98.418387097,4.52,10.0425,0.0,0.0,-10.0,-0.174532925,0.0,True,False
2172,724,scene_1.2,scene_1.2_y03,7,route_right,98.418387097,4.52,10.0425,35.0,0.610865238,-10.0,-0.174532925,35.0,True,False
2173,725,scene_1.2,scene_1.2_y03,7,route_left,98.418387097,4.52,9.56,55.0,0.959931089,-10.0,-0.174532925,-35.0,True,False
2174,725,scene_1.2,scene_1.2_y03,7,route_forward,98.418387097,4.52,9.56,90.0,1.570796327,-10.0,-0.174532925,0.0,True,False
2175,725,scene_1.2,scene_1.2_y03,7,route_right,98.418387097,4.52,9.56,125.0,2.181661565,-10.0,-0.174532925,35.0,True,False
2176,726,scene_1.2,scene_1.2_y03,7,route_left,97.127741935,4.52,9.56,145.0,2.530727415,-10.0,-0.174532925,-35.0,False,False
2177,726,scene_1.2,scene_1.2_y03,7,route_forward,97.127741935,4.52,9.56,180.0,3.141592654,-10.0,-0.174532925,0.0,False,False
2178,726,scene_1.2,scene_1.2_y03,7,route_right,97.127741935,4.52,9.56,215.0,3.752457892,-10.0,-0.174532925,35.0,False,False
2179,727,scene_1.2,scene_1.2_y03,7,route_left,97.127741935,4.52,10.0425,145.0,2.530727415,-10.0,-0.174532925,-35.0,False,False
2180,727,scene_1.2,scene_1.2_y03,7,route_forward,97.127741935,4.52,10.0425,180.0,3.141592654,-10.0,-0.174532925,0.0,False,False
2181,727,scene_1.2,scene_1.2_y03,7,route_right,97.127741935,4.52,10.0425,215.0,3.752457892,-10.0,-0.174532925,35.0,False,False
2182,728,scene_1.2,scene_1.2_y03,7,route_left,97.127741935,4.52,10.525,145.0,2.530727415,-10.0,-0.174532925,-35.0,False,False
2183,728,scene_1.2,scene_1.2_y03,7,route_forward,97.127741935,4.52,10.525,180.0,3.141592654,-10.0,-0.174532925,0.0,False,False
2184,728,scene_1.2,scene_1.2_y03,7,route_right,97.127741935,4.52,10.525,215.0,3.752457892,-10.0,-0.174532925,35.0,False,False
2185,729,scene_1.2,scene_1.2_y03,7,route_left,97.127741935,4.52,11.0075,145.0,2.530727415,-10.0,-0.174532925,-35.0,False,False
2186,729,scene_1.2,scene_1.2_y03,7,route_forward,97.127741935,4.52,11.0075,180.0,3.141592654,-10.0,-0.174532925,0.0,False,False
2187,729,scene_1.2,scene_1.2_y03,7,route_right,97.127741935,4.52,11.0075,215.0,3.752457892,-10.0,-0.174532925,35.0,False,False
2188,730,scene_1.2,scene_1.2_y03,7,route_left,97.127741935,4.52,11.49,55.0,0.959931089,-10.0,-0.174532925,-35.0,False,False
2189,730,scene_1.2,scene_1.2_y03,7,route_forward,97.127741935,4.52,11.49,90.0,1.570796327,-10.0,-0.174532925,0.0,False,False
2190,730,scene_1.2,scene_1.2_y03,7,route_right,97.127741935,4.52,11.49,125.0,2.181661565,-10.0,-0.174532925,35.0,False,False
2191,731,scene_1.2,scene_1.2_y03,7,route_left,95.837096774,4.52,11.49,325.0,5.672320069,-10.0,-0.174532925,-35.0,True,False
2192,731,scene_1.2,scene_1.2_y03,7,route_forward,95.837096774,4.52,11.49,0.0,0.0,-10.0,-0.174532925,0.0,True,False
2193,731,scene_1.2,scene_1.2_y03,7,route_right,95.837096774,4.52,11.49,35.0,0.610865238,-10.0,-0.174532925,35.0,True,False
2194,732,scene_1.2,scene_1.2_y03,7,route_left,95.837096774,4.52,11.0075,325.0,5.672320069,-10.0,-0.174532925,-35.0,True,False
2195,732,scene_1.2,scene_1.2_y03,7,route_forward,95.837096774,4.52,11.0075,0.0,0.0,-10.0,-0.174532925,0.0,True,False
2196,732,scene_1.2,scene_1.2_y03,7,route_right,95.837096774,4.52,11.0075,35.0,0.610865238,-10.0,-0.174532925,35.0,True,False
2197,733,scene_1.2,scene_1.2_y03,7,route_left,95.837096774,4.52,10.525,325.0,5.672320069,-10.0,-0.174532925,-35.0,True,False
2198,733,scene_1.2,scene_1.2_y03,7,route_forward,95.837096774,4.52,10.525,0.0,0.0,-10.0,-0.174532925,0.0,True,False
2199,733,scene_1.2,scene_1.2_y03,7,route_right,95.837096774,4.52,10.525,35.0,0.610865238,-10.0,-0.174532925,35.0,True,False
2200,734,scene_1.2,scene_1.2_y03,7,route_left,95.837096774,4.52,10.0425,325.0,5.672320069,-10.0,-0.174532925,-35.0,True,False
2201,734,scene_1.2,scene_1.2_y03,7,route_forward,95.837096774,4.52,10.0425,0.0,0.0,-10.0,-0.174532925,0.0,True,False
2202,734,scene_1.2,scene_1.2_y03,7,route_right,95.837096774,4.52,10.0425,35.0,0.610865238,-10.0,-0.174532925,35.0,True,False
2203,735,scene_1.2,scene_1.2_y03,7,route_left,95.837096774,4.52,9.56,55.0,0.959931089,-10.0,-0.174532925,-35.0,True,False
2204,735,scene_1.2,scene_1.2_y03,7,route_forward,95.837096774,4.52,9.56,90.0,1.570796327,-10.0,-0.174532925,0.0,True,False
2205,735,scene_1.2,scene_1.2_y03,7,route_right,95.837096774,4.52,9.56,125.0,2.181661565,-10.0,-0.174532925,35.0,True,False
2206,736,scene_1.2,scene_1.2_y03,7,route_left,94.546451613,4.52,9.56,145.0,2.530727415,-10.0,-0.174532925,-35.0,False,False
2207,736,scene_1.2,scene_1.2_y03,7,route_forward,94.546451613,4.52,9.56,180.0,3.141592654,-10.0,-0.174532925,0.0,False,False
2208,736,scene_1.2,scene_1.2_y03,7,route_right,94.546451613,4.52,9.56,215.0,3.752457892,-10.0,-0.174532925,35.0,False,False
2209,737,scene_1.2,scene_1.2_y03,7,route_left,94.546451613,4.52,10.0425,145.0,2.530727415,-10.0,-0.174532925,-35.0,False,False
2210,737,scene_1.2,scene_1.2_y03,7,route_forward,94.546451613,4.52,10.0425,180.0,3.141592654,-10.0,-0.174532925,0.0,False,False
2211,737,scene_1.2,scene_1.2_y03,7,route_right,94.546451613,4.52,10.0425,215.0,3.752457892,-10.0,-0.174532925,35.0,False,False
2212,738,scene_1.2,scene_1.2_y03,7,route_left,94.546451613,4.52,10.525,145.0,2.530727415,-10.0,-0.174532925,-35.0,False,False
2213,738,scene_1.2,scene_1.2_y03,7,route_forward,94.546451613,4.52,10.525,180.0,3.141592654,-10.0,-0.174532925,0.0,False,False
2214,738,scene_1.2,scene_1.2_y03,7,route_right,94.546451613,4.52,10.525,215.0,3.752457892,-10.0,-0.174532925,35.0,False,False
2215,739,scene_1.2,scene_1.2_y03,7,route_left,94.546451613,4.52,11.0075,145.0,2.530727415,-10.0,-0.174532925,-35.0,False,False
2216,739,scene_1.2,scene_1.2_y03,7,route_forward,94.546451613,4.52,11.0075,180.0,3.141592654,-10.0,-0.174532925,0.0,False,False
2217,739,scene_1.2,scene_1.2_y03,7,route_right,94.546451613,4.52,11.0075,215.0,3.752457892,-10.0,-0.174532925,35.0,False,False
2218,740,scene_1.2,scene_1.2_y03,7,route_left,94.546451613,4.52,11.49,55.0,0.959931089,-10.0,-0.174532925,-35.0,False,False
2219,740,scene_1.2,scene_1.2_y03,7,route_forward,94.546451613,4.52,11.49,90.0,1.570796327,-10.0,-0.174532925,0.0,False,False
2220,740,scene_1.2,scene_1.2_y03,7,route_right,94.546451613,4.52,11.49,125.0,2.181661565,-10.0,-0.174532925,35.0,False,False
2221,741,scene_1.2,scene_1.2_y03,7,route_left,93.255806452,4.52,11.49,325.0,5.672320069,-10.0,-0.174532925,-35.0,True,False
2222,741,scene_1.2,scene_1.2_y03,7,route_forward,93.255806452,4.52,11.49,0.0,0.0,-10.0,-0.174532925,0.0,True,False
2223,741,scene_1.2,scene_1.2_y03,7,route_right,93.255806452,4.52,11.49,35.0,0.610865238,-10.0,-0.174532925,35.0,True,False
2224,742,scene_1.2,scene_1.2_y03,7,route_left,93.255806452,4.52,11.0075,325.0,5.672320069,-10.0,-0.174532925,-35.0,True,False
2225,742,scene_1.2,scene_1.2_y03,7,route_forward,93.255806452,4.52,11.0075,0.0,0.0,-10.0,-0.174532925,0.0,True,False
2226,742,scene_1.2,scene_1.2_y03,7,route_right,93.255806452,4.52,11.0075,35.0,0.610865238,-10.0,-0.174532925,35.0,True,False
2227,743,scene_1.2,scene_1.2_y03,7,route_left,93.255806452,4.52,10.525,325.0,5.672320069,-10.0,-0.174532925,-35.0,True,False
2228,743,scene_1.2,scene_1.2_y03,7,route_forward,93.255806452,4.52,10.525,0.0,0.0,-10.0,-0.174532925,0.0,True,False
2229,743,scene_1.2,scene_1.2_y03,7,route_right,93.255806452,4.52,10.525,35.0,0.610865238,-10.0,-0.174532925,35.0,True,False
2230,744,scene_1.2,scene_1.2_y03,7,route_left,93.255806452,4.52,10.0425,325.0,5.672320069,-10.0,-0.174532925,-35.0,True,False
2231,744,scene_1.2,scene_1.2_y03,7,route_forward,93.255806452,4.52,10.0425,0.0,0.0,-10.0,-0.174532925,0.0,True,False
2232,744,scene_1.2,scene_1.2_y03,7,route_right,93.255806452,4.52,10.0425,35.0,0.610865238,-10.0,-0.174532925,35.0,True,False
2233,745,scene_1.2,scene_1.2_y03,7,route_left,93.255806452,4.52,9.56,55.0,0.959931089,-10.0,-0.174532925,-35.0,True,False
2234,745,scene_1.2,scene_1.2_y03,7,route_forward,93.255806452,4.52,9.56,90.0,1.570796327,-10.0,-0.174532925,0.0,True,False
2235,745,scene_1.2,scene_1.2_y03,7,route_right,93.255806452,4.52,9.56,125.0,2.181661565,-10.0,-0.174532925,35.0,True,False
2236,746,scene_1.2,scene_1.2_y03,7,route_left,91.96516129,4.52,9.56,145.0,2.530727415,-10.0,-0.174532925,-35.0,False,False
2237,746,scene_1.2,scene_1.2_y03,7,route_forward,91.96516129,4.52,9.56,180.0,3.141592654,-10.0,-0.174532925,0.0,False,False
2238,746,scene_1.2,scene_1.2_y03,7,route_right,91.96516129,4.52,9.56,215.0,3.752457892,-10.0,-0.174532925,35.0,False,False
2239,747,scene_1.2,scene_1.2_y03,7,route_left,91.96516129,4.52,10.0425,145.0,2.530727415,-10.0,-0.174532925,-35.0,False,False
2240,747,scene_1.2,scene_1.2_y03,7,route_forward,91.96516129,4.52,10.0425,180.0,3.141592654,-10.0,-0.174532925,0.0,False,False
2241,747,scene_1.2,scene_1.2_y03,7,route_right,91.96516129,4.52,10.0425,215.0,3.752457892,-10.0,-0.174532925,35.0,False,False
2242,748,scene_1.2,scene_1.2_y03,7,route_left,91.96516129,4.52,10.525,145.0,2.530727415,-10.0,-0.174532925,-35.0,False,False
2243,748,scene_1.2,scene_1.2_y03,7,route_forward,91.96516129,4.52,10.525,180.0,3.141592654,-10.0,-0.174532925,0.0,False,False
2244,748,scene_1.2,scene_1.2_y03,7,route_right,91.96516129,4.52,10.525,215.0,3.752457892,-10.0,-0.174532925,35.0,False,False
2245,749,scene_1.2,scene_1.2_y03,7,route_left,91.96516129,4.52,11.0075,145.0,2.530727415,-10.0,-0.174532925,-35.0,False,False
2246,749,scene_1.2,scene_1.2_y03,7,route_forward,91.96516129,4.52,11.0075,180.0,3.141592654,-10.0,-0.174532925,0.0,False,False
2247,749,scene_1.2,scene_1.2_y03,7,route_right,91.96516129,4.52,11.0075,215.0,3.752457892,-10.0,-0.174532925,35.0,False,False
2248,750,scene_1.2,scene_1.2_y03,7,route_left,91.96516129,4.52,11.49,55.0,0.959931089,-10.0,-0.174532925,-35.0,False,False
2249,750,scene_1.2,scene_1.2_y03,7,route_forward,91.96516129,4.52,11.49,90.0,1.570796327,-10.0,-0.174532925,0.0,False,False
2250,750,scene_1.2,scene_1.2_y03,7,route_right,91.96516129,4.52,11.49,125.0,2.181661565,-10.0,-0.174532925,35.0,False,False
2251,751,scene_1.2,scene_1.2_y03,7,route_left,90.674516129,4.52,11.49,325.0,5.672320069,-10.0,-0.174532925,-35.0,True,False
2252,751,scene_1.2,scene_1.2_y03,7,route_forward,90.674516129,4.52,11.49,0.0,0.0,-10.0,-0.174532925,0.0,True,False
2253,751,scene_1.2,scene_1.2_y03,7,route_right,90.674516129,4.52,11.49,35.0,0.610865238,-10.0,-0.174532925,35.0,True,False
2254,752,scene_1.2,scene_1.2_y03,7,route_left,90.674516129,4.52,11.0075,325.0,5.672320069,-10.0,-0.174532925,-35.0,True,False
2255,752,scene_1.2,scene_1.2_y03,7,route_forward,90.674516129,4.52,11.0075,0.0,0.0,-10.0,-0.174532925,0.0,True,False
2256,752,scene_1.2,scene_1.2_y03,7,route_right,90.674516129,4.52,11.0075,35.0,0.610865238,-10.0,-0.174532925,35.0,True,False
2257,753,scene_1.2,scene_1.2_y03,7,route_left,90.674516129,4.52,10.525,325.0,5.672320069,-10.0,-0.174532925,-35.0,True,False
2258,753,scene_1.2,scene_1.2_y03,7,route_forward,90.674516129,4.52,10.525,0.0,0.0,-10.0,-0.174532925,0.0,True,False
2259,753,scene_1.2,scene_1.2_y03,7,route_right,90.674516129,4.52,10.525,35.0,0.610865238,-10.0,-0.174532925,35.0,True,False
2260,754,scene_1.2,scene_1.2_y03,7,route_left,90.674516129,4.52,10.0425,325.0,5.672320069,-10.0,-0.174532925,-35.0,True,False
2261,754,scene_1.2,scene_1.2_y03,7,route_forward,90.674516129,4.52,10.0425,0.0,0.0,-10.0,-0.174532925,0.0,True,False
2262,754,scene_1.2,scene_1.2_y03,7,route_right,90.674516129,4.52,10.0425,35.0,0.610865238,-10.0,-0.174532925,35.0,True,False
2263,755,scene_1.2,scene_1.2_y03,7,route_left,90.674516129,4.52,9.56,55.0,0.959931089,-10.0,-0.174532925,-35.0,True,False
2264,755,scene_1.2,scene_1.2_y03,7,route_forward,90.674516129,4.52,9.56,90.0,1.570796327,-10.0,-0.174532925,0.0,True,False
2265,755,scene_1.2,scene_1.2_y03,7,route_right,90.674516129,4.52,9.56,125.0,2.181661565,-10.0,-0.174532925,35.0,True,False
2266,756,scene_1.2,scene_1.2_y03,7,route_left,89.383870968,4.52,9.56,145.0,2.530727415,-10.0,-0.174532925,-35.0,False,False
2267,756,scene_1.2,scene_1.2_y03,7,route_forward,89.383870968,4.52,9.56,180.0,3.141592654,-10.0,-0.174532925,0.0,False,False
2268,756,scene_1.2,scene_1.2_y03,7,route_right,89.383870968,4.52,9.56,215.0,3.752457892,-10.0,-0.174532925,35.0,False,False
2269,757,scene_1.2,scene_1.2_y03,7,route_left,89.383870968,4.52,10.0425,145.0,2.530727415,-10.0,-0.174532925,-35.0,False,False
2270,757,scene_1.2,scene_1.2_y03,7,route_forward,89.383870968,4.52,10.0425,180.0,3.141592654,-10.0,-0.174532925,0.0,False,False
2271,757,scene_1.2,scene_1.2_y03,7,route_right,89.383870968,4.52,10.0425,215.0,3.752457892,-10.0,-0.174532925,35.0,False,False
2272,758,scene_1.2,scene_1.2_y03,7,route_left,89.383870968,4.52,10.525,145.0,2.530727415,-10.0,-0.174532925,-35.0,False,False
2273,758,scene_1.2,scene_1.2_y03,7,route_forward,89.383870968,4.52,10.525,180.0,3.141592654,-10.0,-0.174532925,0.0,False,False
2274,758,scene_1.2,scene_1.2_y03,7,route_right,89.383870968,4.52,10.525,215.0,3.752457892,-10.0,-0.174532925,35.0,False,False
2275,759,scene_1.2,scene_1.2_y03,7,route_left,89.383870968,4.52,11.0075,145.0,2.530727415,-10.0,-0.174532925,-35.0,False,False
2276,759,scene_1.2,scene_1.2_y03,7,route_forward,89.383870968,4.52,11.0075,180.0,3.141592654,-10.0,-0.174532925,0.0,False,False
2277,759,scene_1.2,scene_1.2_y03,7,route_right,89.383870968,4.52,11.0075,215.0,3.752457892,-10.0,-0.174532925,35.0,False,False
2278,760,scene_1.2,scene_1.2_y03,7,route_left,89.383870968,4.52,11.49,55.0,0.959931089,-10.0,-0.174532925,-35.0,False,False
2279,760,scene_1.2,scene_1.2_y03,7,route_forward,89.383870968,4.52,11.49,90.0,1.570796327,-10.0,-0.174532925,0.0,False,False
2280,760,scene_1.2,scene_1.2_y03,7,route_right,89.383870968,4.52,11.49,125.0,2.181661565,-10.0,-0.174532925,35.0,False,False
2281,761,scene_1.2,scene_1.2_y03,7,route_left,88.093225806,4.52,11.49,325.0,5.672320069,-10.0,-0.174532925,-35.0,True,False
2282,761,scene_1.2,scene_1.2_y03,7,route_forward,88.093225806,4.52,11.49,0.0,0.0,-10.0,-0.174532925,0.0,True,False
2283,761,scene_1.2,scene_1.2_y03,7,route_right,88.093225806,4.52,11.49,35.0,0.610865238,-10.0,-0.174532925,35.0,True,False
2284,762,scene_1.2,scene_1.2_y03,7,route_left,88.093225806,4.52,11.0075,325.0,5.672320069,-10.0,-0.174532925,-35.0,True,False
2285,762,scene_1.2,scene_1.2_y03,7,route_forward,88.093225806,4.52,11.0075,0.0,0.0,-10.0,-0.174532925,0.0,True,False
2286,762,scene_1.2,scene_1.2_y03,7,route_right,88.093225806,4.52,11.0075,35.0,0.610865238,-10.0,-0.174532925,35.0,True,False
2287,763,scene_1.2,scene_1.2_y03,7,route_left,88.093225806,4.52,10.525,325.0,5.672320069,-10.0,-0.174532925,-35.0,True,False
2288,763,scene_1.2,scene_1.2_y03,7,route_forward,88.093225806,4.52,10.525,0.0,0.0,-10.0,-0.174532925,0.0,True,False
2289,763,scene_1.2,scene_1.2_y03,7,route_right,88.093225806,4.52,10.525,35.0,0.610865238,-10.0,-0.174532925,35.0,True,False
2290,764,scene_1.2,scene_1.2_y03,7,route_left,88.093225806,4.52,10.0425,325.0,5.672320069,-10.0,-0.174532925,-35.0,True,False
2291,764,scene_1.2,scene_1.2_y03,7,route_forward,88.093225806,4.52,10.0425,0.0,0.0,-10.0,-0.174532925,0.0,True,False
2292,764,scene_1.2,scene_1.2_y03,7,route_right,88.093225806,4.52,10.0425,35.0,0.610865238,-10.0,-0.174532925,35.0,True,False
2293,765,scene_1.2,scene_1.2_y03,7,route_left,88.093225806,4.52,9.56,55.0,0.959931089,-10.0,-0.174532925,-35.0,True,False
2294,765,scene_1.2,scene_1.2_y03,7,route_forward,88.093225806,4.52,9.56,90.0,1.570796327,-10.0,-0.174532925,0.0,True,False
2295,765,scene_1.2,scene_1.2_y03,7,route_right,88.093225806,4.52,9.56,125.0,2.181661565,-10.0,-0.174532925,35.0,True,False
2296,766,scene_1.2,scene_1.2_y03,7,route_left,86.802580645,4.52,9.56,145.0,2.530727415,-10.0,-0.174532925,-35.0,False,False
2297,766,scene_1.2,scene_1.2_y03,7,route_forward,86.802580645,4.52,9.56,180.0,3.141592654,-10.0,-0.174532925,0.0,False,False
2298,766,scene_1.2,scene_1.2_y03,7,route_right,86.802580645,4.52,9.56,215.0,3.752457892,-10.0,-0.174532925,35.0,False,False
2299,767,scene_1.2,scene_1.2_y03,7,route_left,86.802580645,4.52,10.0425,145.0,2.530727415,-10.0,-0.174532925,-35.0,False,False
2300,767,scene_1.2,scene_1.2_y03,7,route_forward,86.802580645,4.52,10.0425,180.0,3.141592654,-10.0,-0.174532925,0.0,False,False
2301,767,scene_1.2,scene_1.2_y03,7,route_right,86.802580645,4.52,10.0425,215.0,3.752457892,-10.0,-0.174532925,35.0,False,False
2302,768,scene_1.2,scene_1.2_y03,7,route_left,86.802580645,4.52,10.525,145.0,2.530727415,-10.0,-0.174532925,-35.0,False,False
2303,768,scene_1.2,scene_1.2_y03,7,route_forward,86.802580645,4.52,10.525,180.0,3.141592654,-10.0,-0.174532925,0.0,False,False
2304,768,scene_1.2,scene_1.2_y03,7,route_right,86.802580645,4.52,10.525,215.0,3.752457892,-10.0,-0.174532925,35.0,False,False
2305,769,scene_1.2,scene_1.2_y03,7,route_left,86.802580645,4.52,11.0075,145.0,2.530727415,-10.0,-0.174532925,-35.0,False,False
2306,769,scene_1.2,scene_1.2_y03,7,route_forward,86.802580645,4.52,11.0075,180.0,3.141592654,-10.0,-0.174532925,0.0,False,False
2307,769,scene_1.2,scene_1.2_y03,7,route_right,86.802580645,4.52,11.0075,215.0,3.752457892,-10.0,-0.174532925,35.0,False,False
2308,770,scene_1.2,scene_1.2_y03,7,route_left,86.802580645,4.52,11.49,55.0,0.959931089,-10.0,-0.174532925,-35.0,False,False
2309,770,scene_1.2,scene_1.2_y03,7,route_forward,86.802580645,4.52,11.49,90.0,1.570796327,-10.0,-0.174532925,0.0,False,False
2310,770,scene_1.2,scene_1.2_y03,7,route_right,86.802580645,4.52,11.49,125.0,2.181661565,-10.0,-0.174532925,35.0,False,False
2311,771,scene_1.2,scene_1.2_y03,7,route_left,85.511935484,4.52,11.49,325.0,5.672320069,-10.0,-0.174532925,-35.0,True,False
2312,771,scene_1.2,scene_1.2_y03,7,route_forward,85.511935484,4.52,11.49,0.0,0.0,-10.0,-0.174532925,0.0,True,False
2313,771,scene_1.2,scene_1.2_y03,7,route_right,85.511935484,4.52,11.49,35.0,0.610865238,-10.0,-0.174532925,35.0,True,False
2314,772,scene_1.2,scene_1.2_y03,7,route_left,85.511935484,4.52,11.0075,325.0,5.672320069,-10.0,-0.174532925,-35.0,True,False
2315,772,scene_1.2,scene_1.2_y03,7,route_forward,85.511935484,4.52,11.0075,0.0,0.0,-10.0,-0.174532925,0.0,True,False
2316,772,scene_1.2,scene_1.2_y03,7,route_right,85.511935484,4.52,11.0075,35.0,0.610865238,-10.0,-0.174532925,35.0,True,False
2317,773,scene_1.2,scene_1.2_y03,7,route_left,85.511935484,4.52,10.525,325.0,5.672320069,-10.0,-0.174532925,-35.0,True,False
2318,773,scene_1.2,scene_1.2_y03,7,route_forward,85.511935484,4.52,10.525,0.0,0.0,-10.0,-0.174532925,0.0,True,False
2319,773,scene_1.2,scene_1.2_y03,7,route_right,85.511935484,4.52,10.525,35.0,0.610865238,-10.0,-0.174532925,35.0,True,False
2320,774,scene_1.2,scene_1.2_y03,7,route_left,85.511935484,4.52,10.0425,325.0,5.672320069,-10.0,-0.174532925,-35.0,True,False
2321,774,scene_1.2,scene_1.2_y03,7,route_forward,85.511935484,4.52,10.0425,0.0,0.0,-10.0,-0.174532925,0.0,True,False
2322,774,scene_1.2,scene_1.2_y03,7,route_right,85.511935484,4.52,10.0425,35.0,0.610865238,-10.0,-0.174532925,35.0,True,False
2323,775,scene_1.2,scene_1.2_y03,7,route_left,85.511935484,4.52,9.56,55.0,0.959931089,-10.0,-0.174532925,-35.0,True,False
2324,775,scene_1.2,scene_1.2_y03,7,route_forward,85.511935484,4.52,9.56,90.0,1.570796327,-10.0,-0.174532925,0.0,True,False
2325,775,scene_1.2,scene_1.2_y03,7,route_right,85.511935484,4.52,9.56,125.0,2.181661565,-10.0,-0.174532925,35.0,True,False
2326,776,scene_1.2,scene_1.2_y03,7,route_left,84.221290323,4.52,9.56,145.0,2.530727415,-10.0,-0.174532925,-35.0,False,False
2327,776,scene_1.2,scene_1.2_y03,7,route_forward,84.221290323,4.52,9.56,180.0,3.141592654,-10.0,-0.174532925,0.0,False,False
2328,776,scene_1.2,scene_1.2_y03,7,route_right,84.221290323,4.52,9.56,215.0,3.752457892,-10.0,-0.174532925,35.0,False,False
2329,777,scene_1.2,scene_1.2_y03,7,route_left,84.221290323,4.52,10.0425,145.0,2.530727415,-10.0,-0.174532925,-35.0,False,False
2330,777,scene_1.2,scene_1.2_y03,7,route_forward,84.221290323,4.52,10.0425,180.0,3.141592654,-10.0,-0.174532925,0.0,False,False
2331,777,scene_1.2,scene_1.2_y03,7,route_right,84.221290323,4.52,10.0425,215.0,3.752457892,-10.0,-0.174532925,35.0,False,False
2332,778,scene_1.2,scene_1.2_y03,7,route_left,84.221290323,4.52,10.525,145.0,2.530727415,-10.0,-0.174532925,-35.0,False,False
2333,778,scene_1.2,scene_1.2_y03,7,route_forward,84.221290323,4.52,10.525,180.0,3.141592654,-10.0,-0.174532925,0.0,False,False
2334,778,scene_1.2,scene_1.2_y03,7,route_right,84.221290323,4.52,10.525,215.0,3.752457892,-10.0,-0.174532925,35.0,False,False
2335,779,scene_1.2,scene_1.2_y03,7,route_left,84.221290323,4.52,11.0075,145.0,2.530727415,-10.0,-0.174532925,-35.0,False,False
2336,779,scene_1.2,scene_1.2_y03,7,route_forward,84.221290323,4.52,11.0075,180.0,3.141592654,-10.0,-0.174532925,0.0,False,False
2337,779,scene_1.2,scene_1.2_y03,7,route_right,84.221290323,4.52,11.0075,215.0,3.752457892,-10.0,-0.174532925,35.0,False,False
2338,780,scene_1.2,scene_1.2_y03,7,route_left,84.221290323,4.52,11.49,55.0,0.959931089,-10.0,-0.174532925,-35.0,False,False
2339,780,scene_1.2,scene_1.2_y03,7,route_forward,84.221290323,4.52,11.49,90.0,1.570796327,-10.0,-0.174532925,0.0,False,False
2340,780,scene_1.2,scene_1.2_y03,7,route_right,84.221290323,4.52,11.49,125.0,2.181661565,-10.0,-0.174532925,35.0,False,False
2341,781,scene_1.2,scene_1.2_y03,7,route_left,82.930645161,4.52,11.49,325.0,5.672320069,-10.0,-0.174532925,-35.0,True,False
2342,781,scene_1.2,scene_1.2_y03,7,route_forward,82.930645161,4.52,11.49,0.0,0.0,-10.0,-0.174532925,0.0,True,False
2343,781,scene_1.2,scene_1.2_y03,7,route_right,82.930645161,4.52,11.49,35.0,0.610865238,-10.0,-0.174532925,35.0,True,False
2344,782,scene_1.2,scene_1.2_y03,7,route_left,82.930645161,4.52,11.0075,325.0,5.672320069,-10.0,-0.174532925,-35.0,True,False
2345,782,scene_1.2,scene_1.2_y03,7,route_forward,82.930645161,4.52,11.0075,0.0,0.0,-10.0,-0.174532925,0.0,True,False
2346,782,scene_1.2,scene_1.2_y03,7,route_right,82.930645161,4.52,11.0075,35.0,0.610865238,-10.0,-0.174532925,35.0,True,False
2347,783,scene_1.2,scene_1.2_y03,7,route_left,82.930645161,4.52,10.525,325.0,5.672320069,-10.0,-0.174532925,-35.0,True,False
2348,783,scene_1.2,scene_1.2_y03,7,route_forward,82.930645161,4.52,10.525,0.0,0.0,-10.0,-0.174532925,0.0,True,False
2349,783,scene_1.2,scene_1.2_y03,7,route_right,82.930645161,4.52,10.525,35.0,0.610865238,-10.0,-0.174532925,35.0,True,False
2350,784,scene_1.2,scene_1.2_y03,7,route_left,82.930645161,4.52,10.0425,325.0,5.672320069,-10.0,-0.174532925,-35.0,True,False
2351,784,scene_1.2,scene_1.2_y03,7,route_forward,82.930645161,4.52,10.0425,0.0,0.0,-10.0,-0.174532925,0.0,True,False
2352,784,scene_1.2,scene_1.2_y03,7,route_right,82.930645161,4.52,10.0425,35.0,0.610865238,-10.0,-0.174532925,35.0,True,False
2353,785,scene_1.2,scene_1.2_y03,7,route_left,82.930645161,4.52,9.56,55.0,0.959931089,-10.0,-0.174532925,-35.0,True,False
2354,785,scene_1.2,scene_1.2_y03,7,route_forward,82.930645161,4.52,9.56,90.0,1.570796327,-10.0,-0.174532925,0.0,True,False
2355,785,scene_1.2,scene_1.2_y03,7,route_right,82.930645161,4.52,9.56,125.0,2.181661565,-10.0,-0.174532925,35.0,True,False
2356,786,scene_1.2,scene_1.2_y03,7,route_left,81.64,4.52,9.56,145.0,2.530727415,-10.0,-0.174532925,-35.0,False,False
2357,786,scene_1.2,scene_1.2_y03,7,route_forward,81.64,4.52,9.56,180.0,3.141592654,-10.0,-0.174532925,0.0,False,False
2358,786,scene_1.2,scene_1.2_y03,7,route_right,81.64,4.52,9.56,215.0,3.752457892,-10.0,-0.174532925,35.0,False,False
2359,787,scene_1.2,scene_1.2_y03,7,route_left,81.64,4.52,10.0425,145.0,2.530727415,-10.0,-0.174532925,-35.0,False,False
2360,787,scene_1.2,scene_1.2_y03,7,route_forward,81.64,4.52,10.0425,180.0,3.141592654,-10.0,-0.174532925,0.0,False,False
2361,787,scene_1.2,scene_1.2_y03,7,route_right,81.64,4.52,10.0425,215.0,3.752457892,-10.0,-0.174532925,35.0,False,False
2362,788,scene_1.2,scene_1.2_y03,7,route_left,81.64,4.52,10.525,145.0,2.530727415,-10.0,-0.174532925,-35.0,False,False
2363,788,scene_1.2,scene_1.2_y03,7,route_forward,81.64,4.52,10.525,180.0,3.141592654,-10.0,-0.174532925,0.0,False,False
2364,788,scene_1.2,scene_1.2_y03,7,route_right,81.64,4.52,10.525,215.0,3.752457892,-10.0,-0.174532925,35.0,False,False
2365,789,scene_1.2,scene_1.2_y03,7,route_left,81.64,4.52,11.0075,145.0,2.530727415,-10.0,-0.174532925,-35.0,False,False
2366,789,scene_1.2,scene_1.2_y03,7,route_forward,81.64,4.52,11.0075,180.0,3.141592654,-10.0,-0.174532925,0.0,False,False
2367,789,scene_1.2,scene_1.2_y03,7,route_right,81.64,4.52,11.0075,215.0,3.752457892,-10.0,-0.174532925,35.0,False,False
2368,790,scene_1.2,scene_1.2_y03,7,route_left,81.64,4.52,11.49,55.0,0.959931089,-10.0,-0.174532925,-35.0,False,False
2369,790,scene_1.2,scene_1.2_y03,7,route_forward,81.64,4.52,11.49,90.0,1.570796327,-10.0,-0.174532925,0.0,False,False
2370,790,scene_1.2,scene_1.2_y03,7,route_right,81.64,4.52,11.49,125.0,2.181661565,-10.0,-0.174532925,35.0,False,False
2371,791,scene_1.2,scene_1.2_y03,7,route_left,80.349354839,4.52,11.49,325.0,5.672320069,-10.0,-0.174532925,-35.0,True,False
2372,791,scene_1.2,scene_1.2_y03,7,route_forward,80.349354839,4.52,11.49,0.0,0.0,-10.0,-0.174532925,0.0,True,False
2373,791,scene_1.2,scene_1.2_y03,7,route_right,80.349354839,4.52,11.49,35.0,0.610865238,-10.0,-0.174532925,35.0,True,False
2374,792,scene_1.2,scene_1.2_y03,7,route_left,80.349354839,4.52,11.0075,325.0,5.672320069,-10.0,-0.174532925,-35.0,True,False
2375,792,scene_1.2,scene_1.2_y03,7,route_forward,80.349354839,4.52,11.0075,0.0,0.0,-10.0,-0.174532925,0.0,True,False
2376,792,scene_1.2,scene_1.2_y03,7,route_right,80.349354839,4.52,11.0075,35.0,0.610865238,-10.0,-0.174532925,35.0,True,False
2377,793,scene_1.2,scene_1.2_y03,7,route_left,80.349354839,4.52,10.525,325.0,5.672320069,-10.0,-0.174532925,-35.0,True,False
2378,793,scene_1.2,scene_1.2_y03,7,route_forward,80.349354839,4.52,10.525,0.0,0.0,-10.0,-0.174532925,0.0,True,False
2379,793,scene_1.2,scene_1.2_y03,7,route_right,80.349354839,4.52,10.525,35.0,0.610865238,-10.0,-0.174532925,35.0,True,False
2380,794,scene_1.2,scene_1.2_y03,7,route_left,80.349354839,4.52,10.0425,325.0,5.672320069,-10.0,-0.174532925,-35.0,True,False
2381,794,scene_1.2,scene_1.2_y03,7,route_forward,80.349354839,4.52,10.0425,0.0,0.0,-10.0,-0.174532925,0.0,True,False
2382,794,scene_1.2,scene_1.2_y03,7,route_right,80.349354839,4.52,10.0425,35.0,0.610865238,-10.0,-0.174532925,35.0,True,False
2383,795,scene_1.2,scene_1.2_y03,7,route_left,80.349354839,4.52,9.56,55.0,0.959931089,-10.0,-0.174532925,-35.0,True,False
2384,795,scene_1.2,scene_1.2_y03,7,route_forward,80.349354839,4.52,9.56,90.0,1.570796327,-10.0,-0.174532925,0.0,True,False
2385,795,scene_1.2,scene_1.2_y03,7,route_right,80.349354839,4.52,9.56,125.0,2.181661565,-10.0,-0.174532925,35.0,True,False
2386,796,scene_1.2,scene_1.2_y03,7,route_left,79.058709677,4.52,9.56,145.0,2.530727415,-10.0,-0.174532925,-35.0,False,False
2387,796,scene_1.2,scene_1.2_y03,7,route_forward,79.058709677,4.52,9.56,180.0,3.141592654,-10.0,-0.174532925,0.0,False,False
2388,796,scene_1.2,scene_1.2_y03,7,route_right,79.058709677,4.52,9.56,215.0,3.752457892,-10.0,-0.174532925,35.0,False,False
2389,797,scene_1.2,scene_1.2_y03,7,route_left,79.058709677,4.52,10.0425,145.0,2.530727415,-10.0,-0.174532925,-35.0,False,False
2390,797,scene_1.2,scene_1.2_y03,7,route_forward,79.058709677,4.52,10.0425,180.0,3.141592654,-10.0,-0.174532925,0.0,False,False
2391,797,scene_1.2,scene_1.2_y03,7,route_right,79.058709677,4.52,10.0425,215.0,3.752457892,-10.0,-0.174532925,35.0,False,False
2392,798,scene_1.2,scene_1.2_y03,7,route_left,79.058709677,4.52,10.525,145.0,2.530727415,-10.0,-0.174532925,-35.0,False,False
2393,798,scene_1.2,scene_1.2_y03,7,route_forward,79.058709677,4.52,10.525,180.0,3.141592654,-10.0,-0.174532925,0.0,False,False
2394,798,scene_1.2,scene_1.2_y03,7,route_right,79.058709677,4.52,10.525,215.0,3.752457892,-10.0,-0.174532925,35.0,False,False
2395,799,scene_1.2,scene_1.2_y03,7,route_left,79.058709677,4.52,11.0075,145.0,2.530727415,-10.0,-0.174532925,-35.0,False,False
2396,799,scene_1.2,scene_1.2_y03,7,route_forward,79.058709677,4.52,11.0075,180.0,3.141592654,-10.0,-0.174532925,0.0,False,False
2397,799,scene_1.2,scene_1.2_y03,7,route_right,79.058709677,4.52,11.0075,215.0,3.752457892,-10.0,-0.174532925,35.0,False,False
2398,800,scene_1.2,scene_1.2_y03,7,route_left,79.058709677,4.52,11.49,55.0,0.959931089,-10.0,-0.174532925,-35.0,False,False
2399,800,scene_1.2,scene_1.2_y03,7,route_forward,79.058709677,4.52,11.49,90.0,1.570796327,-10.0,-0.174532925,0.0,False,False
2400,800,scene_1.2,scene_1.2_y03,7,route_right,79.058709677,4.52,11.49,125.0,2.181661565,-10.0,-0.174532925,35.0,False,False
2401,801,scene_1.2,scene_1.2_y03,7,route_left,77.768064516,4.52,11.49,325.0,5.672320069,-10.0,-0.174532925,-35.0,True,False
2402,801,scene_1.2,scene_1.2_y03,7,route_forward,77.768064516,4.52,11.49,0.0,0.0,-10.0,-0.174532925,0.0,True,False
2403,801,scene_1.2,scene_1.2_y03,7,route_right,77.768064516,4.52,11.49,35.0,0.610865238,-10.0,-0.174532925,35.0,True,False
2404,802,scene_1.2,scene_1.2_y03,7,route_left,77.768064516,4.52,11.0075,325.0,5.672320069,-10.0,-0.174532925,-35.0,True,False
2405,802,scene_1.2,scene_1.2_y03,7,route_forward,77.768064516,4.52,11.0075,0.0,0.0,-10.0,-0.174532925,0.0,True,False
2406,802,scene_1.2,scene_1.2_y03,7,route_right,77.768064516,4.52,11.0075,35.0,0.610865238,-10.0,-0.174532925,35.0,True,False
2407,803,scene_1.2,scene_1.2_y03,7,route_left,77.768064516,4.52,10.525,325.0,5.672320069,-10.0,-0.174532925,-35.0,True,False
2408,803,scene_1.2,scene_1.2_y03,7,route_forward,77.768064516,4.52,10.525,0.0,0.0,-10.0,-0.174532925,0.0,True,False
2409,803,scene_1.2,scene_1.2_y03,7,route_right,77.768064516,4.52,10.525,35.0,0.610865238,-10.0,-0.174532925,35.0,True,False
2410,804,scene_1.2,scene_1.2_y03,7,route_left,77.768064516,4.52,10.0425,325.0,5.672320069,-10.0,-0.174532925,-35.0,True,False
2411,804,scene_1.2,scene_1.2_y03,7,route_forward,77.768064516,4.52,10.0425,0.0,0.0,-10.0,-0.174532925,0.0,True,False
2412,804,scene_1.2,scene_1.2_y03,7,route_right,77.768064516,4.52,10.0425,35.0,0.610865238,-10.0,-0.174532925,35.0,True,False
2413,805,scene_1.2,scene_1.2_y03,7,route_left,77.768064516,4.52,9.56,55.0,0.959931089,-10.0,-0.174532925,-35.0,True,False
2414,805,scene_1.2,scene_1.2_y03,7,route_forward,77.768064516,4.52,9.56,90.0,1.570796327,-10.0,-0.174532925,0.0,True,False
2415,805,scene_1.2,scene_1.2_y03,7,route_right,77.768064516,4.52,9.56,125.0,2.181661565,-10.0,-0.174532925,35.0,True,False
2416,806,scene_1.2,scene_1.2_y03,7,route_left,76.477419355,4.52,9.56,145.0,2.530727415,-10.0,-0.174532925,-35.0,False,False
2417,806,scene_1.2,scene_1.2_y03,7,route_forward,76.477419355,4.52,9.56,180.0,3.141592654,-10.0,-0.174532925,0.0,False,False
2418,806,scene_1.2,scene_1.2_y03,7,route_right,76.477419355,4.52,9.56,215.0,3.752457892,-10.0,-0.174532925,35.0,False,False
2419,807,scene_1.2,scene_1.2_y03,7,route_left,76.477419355,4.52,10.0425,145.0,2.530727415,-10.0,-0.174532925,-35.0,False,False
2420,807,scene_1.2,scene_1.2_y03,7,route_forward,76.477419355,4.52,10.0425,180.0,3.141592654,-10.0,-0.174532925,0.0,False,False
2421,807,scene_1.2,scene_1.2_y03,7,route_right,76.477419355,4.52,10.0425,215.0,3.752457892,-10.0,-0.174532925,35.0,False,False
2422,808,scene_1.2,scene_1.2_y03,7,route_left,76.477419355,4.52,10.525,145.0,2.530727415,-10.0,-0.174532925,-35.0,False,False
2423,808,scene_1.2,scene_1.2_y03,7,route_forward,76.477419355,4.52,10.525,180.0,3.141592654,-10.0,-0.174532925,0.0,False,False
2424,808,scene_1.2,scene_1.2_y03,7,route_right,76.477419355,4.52,10.525,215.0,3.752457892,-10.0,-0.174532925,35.0,False,False
2425,809,scene_1.2,scene_1.2_y03,7,route_left,76.477419355,4.52,11.0075,145.0,2.530727415,-10.0,-0.174532925,-35.0,False,False
2426,809,scene_1.2,scene_1.2_y03,7,route_forward,76.477419355,4.52,11.0075,180.0,3.141592654,-10.0,-0.174532925,0.0,False,False
2427,809,scene_1.2,scene_1.2_y03,7,route_right,76.477419355,4.52,11.0075,215.0,3.752457892,-10.0,-0.174532925,35.0,False,False
2428,810,scene_1.2,scene_1.2_y03,7,route_left,76.477419355,4.52,11.49,55.0,0.959931089,-10.0,-0.174532925,-35.0,False,False
2429,810,scene_1.2,scene_1.2_y03,7,route_forward,76.477419355,4.52,11.49,90.0,1.570796327,-10.0,-0.174532925,0.0,False,False
2430,810,scene_1.2,scene_1.2_y03,7,route_right,76.477419355,4.52,11.49,125.0,2.181661565,-10.0,-0.174532925,35.0,False,False
2431,811,scene_1.2,scene_1.2_y03,7,route_left,75.186774194,4.52,11.49,325.0,5.672320069,-10.0,-0.174532925,-35.0,True,False
2432,811,scene_1.2,scene_1.2_y03,7,route_forward,75.186774194,4.52,11.49,0.0,0.0,-10.0,-0.174532925,0.0,True,False
2433,811,scene_1.2,scene_1.2_y03,7,route_right,75.186774194,4.52,11.49,35.0,0.610865238,-10.0,-0.174532925,35.0,True,False
2434,812,scene_1.2,scene_1.2_y03,7,route_left,75.186774194,4.52,11.0075,325.0,5.672320069,-10.0,-0.174532925,-35.0,True,False
2435,812,scene_1.2,scene_1.2_y03,7,route_forward,75.186774194,4.52,11.0075,0.0,0.0,-10.0,-0.174532925,0.0,True,False
2436,812,scene_1.2,scene_1.2_y03,7,route_right,75.186774194,4.52,11.0075,35.0,0.610865238,-10.0,-0.174532925,35.0,True,False
2437,813,scene_1.2,scene_1.2_y03,7,route_left,75.186774194,4.52,10.525,325.0,5.672320069,-10.0,-0.174532925,-35.0,True,False
2438,813,scene_1.2,scene_1.2_y03,7,route_forward,75.186774194,4.52,10.525,0.0,0.0,-10.0,-0.174532925,0.0,True,False
2439,813,scene_1.2,scene_1.2_y03,7,route_right,75.186774194,4.52,10.525,35.0,0.610865238,-10.0,-0.174532925,35.0,True,False
2440,814,scene_1.2,scene_1.2_y03,7,route_left,75.186774194,4.52,10.0425,325.0,5.672320069,-10.0,-0.174532925,-35.0,True,False
2441,814,scene_1.2,scene_1.2_y03,7,route_forward,75.186774194,4.52,10.0425,0.0,0.0,-10.0,-0.174532925,0.0,True,False
2442,814,scene_1.2,scene_1.2_y03,7,route_right,75.186774194,4.52,10.0425,35.0,0.610865238,-10.0,-0.174532925,35.0,True,False
2443,815,scene_1.2,scene_1.2_y03,7,route_left,75.186774194,4.52,9.56,55.0,0.959931089,-10.0,-0.174532925,-35.0,True,False
2444,815,scene_1.2,scene_1.2_y03,7,route_forward,75.186774194,4.52,9.56,90.0,1.570796327,-10.0,-0.174532925,0.0,True,False
2445,815,scene_1.2,scene_1.2_y03,7,route_right,75.186774194,4.52,9.56,125.0,2.181661565,-10.0,-0.174532925,35.0,True,False
2446,816,scene_1.2,scene_1.2_y03,7,route_left,73.896129032,4.52,9.56,145.0,2.530727415,-10.0,-0.174532925,-35.0,False,False
2447,816,scene_1.2,scene_1.2_y03,7,route_forward,73.896129032,4.52,9.56,180.0,3.141592654,-10.0,-0.174532925,0.0,False,False
2448,816,scene_1.2,scene_1.2_y03,7,route_right,73.896129032,4.52,9.56,215.0,3.752457892,-10.0,-0.174532925,35.0,False,False
2449,817,scene_1.2,scene_1.2_y03,7,route_left,73.896129032,4.52,10.0425,145.0,2.530727415,-10.0,-0.174532925,-35.0,False,False
2450,817,scene_1.2,scene_1.2_y03,7,route_forward,73.896129032,4.52,10.0425,180.0,3.141592654,-10.0,-0.174532925,0.0,False,False
2451,817,scene_1.2,scene_1.2_y03,7,route_right,73.896129032,4.52,10.0425,215.0,3.752457892,-10.0,-0.174532925,35.0,False,False
2452,818,scene_1.2,scene_1.2_y03,7,route_left,73.896129032,4.52,10.525,145.0,2.530727415,-10.0,-0.174532925,-35.0,False,False
2453,818,scene_1.2,scene_1.2_y03,7,route_forward,73.896129032,4.52,10.525,180.0,3.141592654,-10.0,-0.174532925,0.0,False,False
2454,818,scene_1.2,scene_1.2_y03,7,route_right,73.896129032,4.52,10.525,215.0,3.752457892,-10.0,-0.174532925,35.0,False,False
2455,819,scene_1.2,scene_1.2_y03,7,route_left,73.896129032,4.52,11.0075,145.0,2.530727415,-10.0,-0.174532925,-35.0,False,False
2456,819,scene_1.2,scene_1.2_y03,7,route_forward,73.896129032,4.52,11.0075,180.0,3.141592654,-10.0,-0.174532925,0.0,False,False
2457,819,scene_1.2,scene_1.2_y03,7,route_right,73.896129032,4.52,11.0075,215.0,3.752457892,-10.0,-0.174532925,35.0,False,False
2458,820,scene_1.2,scene_1.2_y03,7,route_left,73.896129032,4.52,11.49,55.0,0.959931089,-10.0,-0.174532925,-35.0,False,False
2459,820,scene_1.2,scene_1.2_y03,7,route_forward,73.896129032,4.52,11.49,90.0,1.570796327,-10.0,-0.174532925,0.0,False,False
2460,820,scene_1.2,scene_1.2_y03,7,route_right,73.896129032,4.52,11.49,125.0,2.181661565,-10.0,-0.174532925,35.0,False,False
2461,821,scene_1.2,scene_1.2_y03,7,route_left,72.605483871,4.52,11.49,325.0,5.672320069,-10.0,-0.174532925,-35.0,True,False
2462,821,scene_1.2,scene_1.2_y03,7,route_forward,72.605483871,4.52,11.49,0.0,0.0,-10.0,-0.174532925,0.0,True,False
2463,821,scene_1.2,scene_1.2_y03,7,route_right,72.605483871,4.52,11.49,35.0,0.610865238,-10.0,-0.174532925,35.0,True,False
2464,822,scene_1.2,scene_1.2_y03,7,route_left,72.605483871,4.52,11.0075,325.0,5.672320069,-10.0,-0.174532925,-35.0,True,False
2465,822,scene_1.2,scene_1.2_y03,7,route_forward,72.605483871,4.52,11.0075,0.0,0.0,-10.0,-0.174532925,0.0,True,False
2466,822,scene_1.2,scene_1.2_y03,7,route_right,72.605483871,4.52,11.0075,35.0,0.610865238,-10.0,-0.174532925,35.0,True,False
2467,823,scene_1.2,scene_1.2_y03,7,route_left,72.605483871,4.52,10.525,325.0,5.672320069,-10.0,-0.174532925,-35.0,True,False
2468,823,scene_1.2,scene_1.2_y03,7,route_forward,72.605483871,4.52,10.525,0.0,0.0,-10.0,-0.174532925,0.0,True,False
2469,823,scene_1.2,scene_1.2_y03,7,route_right,72.605483871,4.52,10.525,35.0,0.610865238,-10.0,-0.174532925,35.0,True,False
2470,824,scene_1.2,scene_1.2_y03,7,route_left,72.605483871,4.52,10.0425,325.0,5.672320069,-10.0,-0.174532925,-35.0,True,False
2471,824,scene_1.2,scene_1.2_y03,7,route_forward,72.605483871,4.52,10.0425,0.0,0.0,-10.0,-0.174532925,0.0,True,False
2472,824,scene_1.2,scene_1.2_y03,7,route_right,72.605483871,4.52,10.0425,35.0,0.610865238,-10.0,-0.174532925,35.0,True,False
2473,825,scene_1.2,scene_1.2_y03,7,route_left,72.605483871,4.52,9.56,55.0,0.959931089,-10.0,-0.174532925,-35.0,True,False
2474,825,scene_1.2,scene_1.2_y03,7,route_forward,72.605483871,4.52,9.56,90.0,1.570796327,-10.0,-0.174532925,0.0,True,False
2475,825,scene_1.2,scene_1.2_y03,7,route_right,72.605483871,4.52,9.56,125.0,2.181661565,-10.0,-0.174532925,35.0,True,False
2476,826,scene_1.2,scene_1.2_y03,7,route_left,71.31483871,4.52,9.56,145.0,2.530727415,-10.0,-0.174532925,-35.0,False,False
2477,826,scene_1.2,scene_1.2_y03,7,route_forward,71.31483871,4.52,9.56,180.0,3.141592654,-10.0,-0.174532925,0.0,False,False
2478,826,scene_1.2,scene_1.2_y03,7,route_right,71.31483871,4.52,9.56,215.0,3.752457892,-10.0,-0.174532925,35.0,False,False
2479,827,scene_1.2,scene_1.2_y03,7,route_left,71.31483871,4.52,10.0425,145.0,2.530727415,-10.0,-0.174532925,-35.0,False,False
2480,827,scene_1.2,scene_1.2_y03,7,route_forward,71.31483871,4.52,10.0425,180.0,3.141592654,-10.0,-0.174532925,0.0,False,False
2481,827,scene_1.2,scene_1.2_y03,7,route_right,71.31483871,4.52,10.0425,215.0,3.752457892,-10.0,-0.174532925,35.0,False,False
2482,828,scene_1.2,scene_1.2_y03,7,route_left,71.31483871,4.52,10.525,145.0,2.530727415,-10.0,-0.174532925,-35.0,False,False
2483,828,scene_1.2,scene_1.2_y03,7,route_forward,71.31483871,4.52,10.525,180.0,3.141592654,-10.0,-0.174532925,0.0,False,False
2484,828,scene_1.2,scene_1.2_y03,7,route_right,71.31483871,4.52,10.525,215.0,3.752457892,-10.0,-0.174532925,35.0,False,False
2485,829,scene_1.2,scene_1.2_y03,7,route_left,71.31483871,4.52,11.0075,145.0,2.530727415,-10.0,-0.174532925,-35.0,False,False
2486,829,scene_1.2,scene_1.2_y03,7,route_forward,71.31483871,4.52,11.0075,180.0,3.141592654,-10.0,-0.174532925,0.0,False,False
2487,829,scene_1.2,scene_1.2_y03,7,route_right,71.31483871,4.52,11.0075,215.0,3.752457892,-10.0,-0.174532925,35.0,False,False
2488,830,scene_1.2,scene_1.2_y03,7,route_left,71.31483871,4.52,11.49,55.0,0.959931089,-10.0,-0.174532925,-35.0,False,False
2489,830,scene_1.2,scene_1.2_y03,7,route_forward,71.31483871,4.52,11.49,90.0,1.570796327,-10.0,-0.174532925,0.0,False,False
2490,830,scene_1.2,scene_1.2_y03,7,route_right,71.31483871,4.52,11.49,125.0,2.181661565,-10.0,-0.174532925,35.0,False,False
2491,831,scene_1.2,scene_1.2_y03,7,route_left,70.024193548,4.52,11.49,325.0,5.672320069,-10.0,-0.174532925,-35.0,True,False
2492,831,scene_1.2,scene_1.2_y03,7,route_forward,70.024193548,4.52,11.49,0.0,0.0,-10.0,-0.174532925,0.0,True,False
2493,831,scene_1.2,scene_1.2_y03,7,route_right,70.024193548,4.52,11.49,35.0,0.610865238,-10.0,-0.174532925,35.0,True,False
2494,832,scene_1.2,scene_1.2_y03,7,route_left,70.024193548,4.52,11.0075,325.0,5.672320069,-10.0,-0.174532925,-35.0,True,False
2495,832,scene_1.2,scene_1.2_y03,7,route_forward,70.024193548,4.52,11.0075,0.0,0.0,-10.0,-0.174532925,0.0,True,False
2496,832,scene_1.2,scene_1.2_y03,7,route_right,70.024193548,4.52,11.0075,35.0,0.610865238,-10.0,-0.174532925,35.0,True,False
2497,833,scene_1.2,scene_1.2_y03,7,route_left,70.024193548,4.52,10.525,325.0,5.672320069,-10.0,-0.174532925,-35.0,True,False
2498,833,scene_1.2,scene_1.2_y03,7,route_forward,70.024193548,4.52,10.525,0.0,0.0,-10.0,-0.174532925,0.0,True,False
2499,833,scene_1.2,scene_1.2_y03,7,route_right,70.024193548,4.52,10.525,35.0,0.610865238,-10.0,-0.174532925,35.0,True,False
2500,834,scene_1.2,scene_1.2_y03,7,route_left,70.024193548,4.52,10.0425,325.0,5.672320069,-10.0,-0.174532925,-35.0,True,False
2501,834,scene_1.2,scene_1.2_y03,7,route_forward,70.024193548,4.52,10.0425,0.0,0.0,-10.0,-0.174532925,0.0,True,False
2502,834,scene_1.2,scene_1.2_y03,7,route_right,70.024193548,4.52,10.0425,35.0,0.610865238,-10.0,-0.174532925,35.0,True,False
2503,835,scene_1.2,scene_1.2_y03,7,route_left,70.024193548,4.52,9.56,55.0,0.959931089,-10.0,-0.174532925,-35.0,True,False
2504,835,scene_1.2,scene_1.2_y03,7,route_forward,70.024193548,4.52,9.56,90.0,1.570796327,-10.0,-0.174532925,0.0,True,False
2505,835,scene_1.2,scene_1.2_y03,7,route_right,70.024193548,4.52,9.56,125.0,2.181661565,-10.0,-0.174532925,35.0,True,False
2506,836,scene_1.2,scene_1.2_y03,7,route_left,68.733548387,4.52,9.56,145.0,2.530727415,-10.0,-0.174532925,-35.0,False,False
2507,836,scene_1.2,scene_1.2_y03,7,route_forward,68.733548387,4.52,9.56,180.0,3.141592654,-10.0,-0.174532925,0.0,False,False
2508,836,scene_1.2,scene_1.2_y03,7,route_right,68.733548387,4.52,9.56,215.0,3.752457892,-10.0,-0.174532925,35.0,False,False
2509,837,scene_1.2,scene_1.2_y03,7,route_left,68.733548387,4.52,10.0425,145.0,2.530727415,-10.0,-0.174532925,-35.0,False,False
2510,837,scene_1.2,scene_1.2_y03,7,route_forward,68.733548387,4.52,10.0425,180.0,3.141592654,-10.0,-0.174532925,0.0,False,False
2511,837,scene_1.2,scene_1.2_y03,7,route_right,68.733548387,4.52,10.0425,215.0,3.752457892,-10.0,-0.174532925,35.0,False,False
2512,838,scene_1.2,scene_1.2_y03,7,route_left,68.733548387,4.52,10.525,145.0,2.530727415,-10.0,-0.174532925,-35.0,False,False
2513,838,scene_1.2,scene_1.2_y03,7,route_forward,68.733548387,4.52,10.525,180.0,3.141592654,-10.0,-0.174532925,0.0,False,False
2514,838,scene_1.2,scene_1.2_y03,7,route_right,68.733548387,4.52,10.525,215.0,3.752457892,-10.0,-0.174532925,35.0,False,False
2515,839,scene_1.2,scene_1.2_y03,7,route_left,68.733548387,4.52,11.0075,145.0,2.530727415,-10.0,-0.174532925,-35.0,False,False
2516,839,scene_1.2,scene_1.2_y03,7,route_forward,68.733548387,4.52,11.0075,180.0,3.141592654,-10.0,-0.174532925,0.0,False,False
2517,839,scene_1.2,scene_1.2_y03,7,route_right,68.733548387,4.52,11.0075,215.0,3.752457892,-10.0,-0.174532925,35.0,False,False
2518,840,scene_1.2,scene_1.2_y03,7,route_left,68.733548387,4.52,11.49,55.0,0.959931089,-10.0,-0.174532925,-35.0,False,False
2519,840,scene_1.2,scene_1.2_y03,7,route_forward,68.733548387,4.52,11.49,90.0,1.570796327,-10.0,-0.174532925,0.0,False,False
2520,840,scene_1.2,scene_1.2_y03,7,route_right,68.733548387,4.52,11.49,125.0,2.181661565,-10.0,-0.174532925,35.0,False,False
2521,841,scene_1.2,scene_1.2_y03,7,route_left,67.442903226,4.52,11.49,325.0,5.672320069,-10.0,-0.174532925,-35.0,True,False
2522,841,scene_1.2,scene_1.2_y03,7,route_forward,67.442903226,4.52,11.49,0.0,0.0,-10.0,-0.174532925,0.0,True,False
2523,841,scene_1.2,scene_1.2_y03,7,route_right,67.442903226,4.52,11.49,35.0,0.610865238,-10.0,-0.174532925,35.0,True,False
2524,842,scene_1.2,scene_1.2_y03,7,route_left,67.442903226,4.52,11.0075,325.0,5.672320069,-10.0,-0.174532925,-35.0,True,False
2525,842,scene_1.2,scene_1.2_y03,7,route_forward,67.442903226,4.52,11.0075,0.0,0.0,-10.0,-0.174532925,0.0,True,False
2526,842,scene_1.2,scene_1.2_y03,7,route_right,67.442903226,4.52,11.0075,35.0,0.610865238,-10.0,-0.174532925,35.0,True,False
2527,843,scene_1.2,scene_1.2_y03,7,route_left,67.442903226,4.52,10.525,325.0,5.672320069,-10.0,-0.174532925,-35.0,True,False
2528,843,scene_1.2,scene_1.2_y03,7,route_forward,67.442903226,4.52,10.525,0.0,0.0,-10.0,-0.174532925,0.0,True,False
2529,843,scene_1.2,scene_1.2_y03,7,route_right,67.442903226,4.52,10.525,35.0,0.610865238,-10.0,-0.174532925,35.0,True,False
2530,844,scene_1.2,scene_1.2_y03,7,route_left,67.442903226,4.52,10.0425,325.0,5.672320069,-10.0,-0.174532925,-35.0,True,False
2531,844,scene_1.2,scene_1.2_y03,7,route_forward,67.442903226,4.52,10.0425,0.0,0.0,-10.0,-0.174532925,0.0,True,False
2532,844,scene_1.2,scene_1.2_y03,7,route_right,67.442903226,4.52,10.0425,35.0,0.610865238,-10.0,-0.174532925,35.0,True,False
2533,845,scene_1.2,scene_1.2_y03,7,route_left,67.442903226,4.52,9.56,55.0,0.959931089,-10.0,-0.174532925,-35.0,True,False
2534,845,scene_1.2,scene_1.2_y03,7,route_forward,67.442903226,4.52,9.56,90.0,1.570796327,-10.0,-0.174532925,0.0,True,False
2535,845,scene_1.2,scene_1.2_y03,7,route_right,67.442903226,4.52,9.56,125.0,2.181661565,-10.0,-0.174532925,35.0,True,False
2536,846,scene_1.2,scene_1.2_y03,7,route_left,66.152258065,4.52,9.56,145.0,2.530727415,-10.0,-0.174532925,-35.0,False,False
2537,846,scene_1.2,scene_1.2_y03,7,route_forward,66.152258065,4.52,9.56,180.0,3.141592654,-10.0,-0.174532925,0.0,False,False
2538,846,scene_1.2,scene_1.2_y03,7,route_right,66.152258065,4.52,9.56,215.0,3.752457892,-10.0,-0.174532925,35.0,False,False
2539,847,scene_1.2,scene_1.2_y03,7,route_left,66.152258065,4.52,10.0425,145.0,2.530727415,-10.0,-0.174532925,-35.0,False,False
2540,847,scene_1.2,scene_1.2_y03,7,route_forward,66.152258065,4.52,10.0425,180.0,3.141592654,-10.0,-0.174532925,0.0,False,False
2541,847,scene_1.2,scene_1.2_y03,7,route_right,66.152258065,4.52,10.0425,215.0,3.752457892,-10.0,-0.174532925,35.0,False,False
2542,848,scene_1.2,scene_1.2_y03,7,route_left,66.152258065,4.52,10.525,145.0,2.530727415,-10.0,-0.174532925,-35.0,False,False
2543,848,scene_1.2,scene_1.2_y03,7,route_forward,66.152258065,4.52,10.525,180.0,3.141592654,-10.0,-0.174532925,0.0,False,False
2544,848,scene_1.2,scene_1.2_y03,7,route_right,66.152258065,4.52,10.525,215.0,3.752457892,-10.0,-0.174532925,35.0,False,False
2545,849,scene_1.2,scene_1.2_y03,7,route_left,66.152258065,4.52,11.0075,145.0,2.530727415,-10.0,-0.174532925,-35.0,False,False
2546,849,scene_1.2,scene_1.2_y03,7,route_forward,66.152258065,4.52,11.0075,180.0,3.141592654,-10.0,-0.174532925,0.0,False,False
2547,849,scene_1.2,scene_1.2_y03,7,route_right,66.152258065,4.52,11.0075,215.0,3.752457892,-10.0,-0.174532925,35.0,False,False
2548,850,scene_1.2,scene_1.2_y03,7,route_left,66.152258065,4.52,11.49,55.0,0.959931089,-10.0,-0.174532925,-35.0,False,False
2549,850,scene_1.2,scene_1.2_y03,7,route_forward,66.152258065,4.52,11.49,90.0,1.570796327,-10.0,-0.174532925,0.0,False,False
2550,850,scene_1.2,scene_1.2_y03,7,route_right,66.152258065,4.52,11.49,125.0,2.181661565,-10.0,-0.174532925,35.0,False,False
2551,851,scene_1.2,scene_1.2_y03,7,route_left,64.861612903,4.52,11.49,325.0,5.672320069,-10.0,-0.174532925,-35.0,True,False
2552,851,scene_1.2,scene_1.2_y03,7,route_forward,64.861612903,4.52,11.49,0.0,0.0,-10.0,-0.174532925,0.0,True,False
2553,851,scene_1.2,scene_1.2_y03,7,route_right,64.861612903,4.52,11.49,35.0,0.610865238,-10.0,-0.174532925,35.0,True,False
2554,852,scene_1.2,scene_1.2_y03,7,route_left,64.861612903,4.52,11.0075,325.0,5.672320069,-10.0,-0.174532925,-35.0,True,False
2555,852,scene_1.2,scene_1.2_y03,7,route_forward,64.861612903,4.52,11.0075,0.0,0.0,-10.0,-0.174532925,0.0,True,False
2556,852,scene_1.2,scene_1.2_y03,7,route_right,64.861612903,4.52,11.0075,35.0,0.610865238,-10.0,-0.174532925,35.0,True,False
2557,853,scene_1.2,scene_1.2_y03,7,route_left,64.861612903,4.52,10.525,325.0,5.672320069,-10.0,-0.174532925,-35.0,True,False
2558,853,scene_1.2,scene_1.2_y03,7,route_forward,64.861612903,4.52,10.525,0.0,0.0,-10.0,-0.174532925,0.0,True,False
2559,853,scene_1.2,scene_1.2_y03,7,route_right,64.861612903,4.52,10.525,35.0,0.610865238,-10.0,-0.174532925,35.0,True,False
2560,854,scene_1.2,scene_1.2_y03,7,route_left,64.861612903,4.52,10.0425,325.0,5.672320069,-10.0,-0.174532925,-35.0,True,False
2561,854,scene_1.2,scene_1.2_y03,7,route_forward,64.861612903,4.52,10.0425,0.0,0.0,-10.0,-0.174532925,0.0,True,False
2562,854,scene_1.2,scene_1.2_y03,7,route_right,64.861612903,4.52,10.0425,35.0,0.610865238,-10.0,-0.174532925,35.0,True,False
2563,855,scene_1.2,scene_1.2_y03,7,route_left,64.861612903,4.52,9.56,55.0,0.959931089,-10.0,-0.174532925,-35.0,True,False
2564,855,scene_1.2,scene_1.2_y03,7,route_forward,64.861612903,4.52,9.56,90.0,1.570796327,-10.0,-0.174532925,0.0,True,False
2565,855,scene_1.2,scene_1.2_y03,7,route_right,64.861612903,4.52,9.56,125.0,2.181661565,-10.0,-0.174532925,35.0,True,False
2566,856,scene_1.2,scene_1.2_y03,7,route_left,63.570967742,4.52,9.56,145.0,2.530727415,-10.0,-0.174532925,-35.0,False,False
2567,856,scene_1.2,scene_1.2_y03,7,route_forward,63.570967742,4.52,9.56,180.0,3.141592654,-10.0,-0.174532925,0.0,False,False
2568,856,scene_1.2,scene_1.2_y03,7,route_right,63.570967742,4.52,9.56,215.0,3.752457892,-10.0,-0.174532925,35.0,False,False
2569,857,scene_1.2,scene_1.2_y03,7,route_left,63.570967742,4.52,10.0425,145.0,2.530727415,-10.0,-0.174532925,-35.0,False,False
2570,857,scene_1.2,scene_1.2_y03,7,route_forward,63.570967742,4.52,10.0425,180.0,3.141592654,-10.0,-0.174532925,0.0,False,False
2571,857,scene_1.2,scene_1.2_y03,7,route_right,63.570967742,4.52,10.0425,215.0,3.752457892,-10.0,-0.174532925,35.0,False,False
2572,858,scene_1.2,scene_1.2_y03,7,route_left,63.570967742,4.52,10.525,145.0,2.530727415,-10.0,-0.174532925,-35.0,False,False
2573,858,scene_1.2,scene_1.2_y03,7,route_forward,63.570967742,4.52,10.525,180.0,3.141592654,-10.0,-0.174532925,0.0,False,False
2574,858,scene_1.2,scene_1.2_y03,7,route_right,63.570967742,4.52,10.525,215.0,3.752457892,-10.0,-0.174532925,35.0,False,False
2575,859,scene_1.2,scene_1.2_y03,7,route_left,63.570967742,4.52,11.0075,145.0,2.530727415,-10.0,-0.174532925,-35.0,False,False
2576,859,scene_1.2,scene_1.2_y03,7,route_forward,63.570967742,4.52,11.0075,180.0,3.141592654,-10.0,-0.174532925,0.0,False,False
2577,859,scene_1.2,scene_1.2_y03,7,route_right,63.570967742,4.52,11.0075,215.0,3.752457892,-10.0,-0.174532925,35.0,False,False
2578,860,scene_1.2,scene_1.2_y03,7,route_left,63.570967742,4.52,11.49,55.0,0.959931089,-10.0,-0.174532925,-35.0,False,False
2579,860,scene_1.2,scene_1.2_y03,7,route_forward,63.570967742,4.52,11.49,90.0,1.570796327,-10.0,-0.174532925,0.0,False,False
2580,860,scene_1.2,scene_1.2_y03,7,route_right,63.570967742,4.52,11.49,125.0,2.181661565,-10.0,-0.174532925,35.0,False,False
2581,861,scene_1.2,scene_1.2_y03,7,route_left,62.280322581,4.52,11.49,325.0,5.672320069,-10.0,-0.174532925,-35.0,True,False
2582,861,scene_1.2,scene_1.2_y03,7,route_forward,62.280322581,4.52,11.49,0.0,0.0,-10.0,-0.174532925,0.0,True,False
2583,861,scene_1.2,scene_1.2_y03,7,route_right,62.280322581,4.52,11.49,35.0,0.610865238,-10.0,-0.174532925,35.0,True,False
2584,862,scene_1.2,scene_1.2_y03,7,route_left,62.280322581,4.52,11.0075,325.0,5.672320069,-10.0,-0.174532925,-35.0,True,False
2585,862,scene_1.2,scene_1.2_y03,7,route_forward,62.280322581,4.52,11.0075,0.0,0.0,-10.0,-0.174532925,0.0,True,False
2586,862,scene_1.2,scene_1.2_y03,7,route_right,62.280322581,4.52,11.0075,35.0,0.610865238,-10.0,-0.174532925,35.0,True,False
2587,863,scene_1.2,scene_1.2_y03,7,route_left,62.280322581,4.52,10.525,325.0,5.672320069,-10.0,-0.174532925,-35.0,True,False
2588,863,scene_1.2,scene_1.2_y03,7,route_forward,62.280322581,4.52,10.525,0.0,0.0,-10.0,-0.174532925,0.0,True,False
2589,863,scene_1.2,scene_1.2_y03,7,route_right,62.280322581,4.52,10.525,35.0,0.610865238,-10.0,-0.174532925,35.0,True,False
2590,864,scene_1.2,scene_1.2_y03,7,route_left,62.280322581,4.52,10.0425,325.0,5.672320069,-10.0,-0.174532925,-35.0,True,False
2591,864,scene_1.2,scene_1.2_y03,7,route_forward,62.280322581,4.52,10.0425,0.0,0.0,-10.0,-0.174532925,0.0,True,False
2592,864,scene_1.2,scene_1.2_y03,7,route_right,62.280322581,4.52,10.0425,35.0,0.610865238,-10.0,-0.174532925,35.0,True,False
2593,865,scene_1.2,scene_1.2_y03,7,route_left,62.280322581,4.52,9.56,55.0,0.959931089,-10.0,-0.174532925,-35.0,True,False
2594,865,scene_1.2,scene_1.2_y03,7,route_forward,62.280322581,4.52,9.56,90.0,1.570796327,-10.0,-0.174532925,0.0,True,False
2595,865,scene_1.2,scene_1.2_y03,7,route_right,62.280322581,4.52,9.56,125.0,2.181661565,-10.0,-0.174532925,35.0,True,False
2596,866,scene_1.2,scene_1.2_y03,7,route_left,60.989677419,4.52,9.56,145.0,2.530727415,-10.0,-0.174532925,-35.0,False,False
2597,866,scene_1.2,scene_1.2_y03,7,route_forward,60.989677419,4.52,9.56,180.0,3.141592654,-10.0,-0.174532925,0.0,False,False
2598,866,scene_1.2,scene_1.2_y03,7,route_right,60.989677419,4.52,9.56,215.0,3.752457892,-10.0,-0.174532925,35.0,False,False
2599,867,scene_1.2,scene_1.2_y03,7,route_left,60.989677419,4.52,10.0425,145.0,2.530727415,-10.0,-0.174532925,-35.0,False,False
2600,867,scene_1.2,scene_1.2_y03,7,route_forward,60.989677419,4.52,10.0425,180.0,3.141592654,-10.0,-0.174532925,0.0,False,False
2601,867,scene_1.2,scene_1.2_y03,7,route_right,60.989677419,4.52,10.0425,215.0,3.752457892,-10.0,-0.174532925,35.0,False,False
2602,868,scene_1.2,scene_1.2_y03,7,route_left,60.989677419,4.52,10.525,145.0,2.530727415,-10.0,-0.174532925,-35.0,False,False
2603,868,scene_1.2,scene_1.2_y03,7,route_forward,60.989677419,4.52,10.525,180.0,3.141592654,-10.0,-0.174532925,0.0,False,False
2604,868,scene_1.2,scene_1.2_y03,7,route_right,60.989677419,4.52,10.525,215.0,3.752457892,-10.0,-0.174532925,35.0,False,False
2605,869,scene_1.2,scene_1.2_y03,7,route_left,60.989677419,4.52,11.0075,145.0,2.530727415,-10.0,-0.174532925,-35.0,False,False
2606,869,scene_1.2,scene_1.2_y03,7,route_forward,60.989677419,4.52,11.0075,180.0,3.141592654,-10.0,-0.174532925,0.0,False,False
2607,869,scene_1.2,scene_1.2_y03,7,route_right,60.989677419,4.52,11.0075,215.0,3.752457892,-10.0,-0.174532925,35.0,False,False
2608,870,scene_1.2,scene_1.2_y03,7,route_left,60.989677419,4.52,11.49,55.0,0.959931089,-10.0,-0.174532925,-35.0,False,False
2609,870,scene_1.2,scene_1.2_y03,7,route_forward,60.989677419,4.52,11.49,90.0,1.570796327,-10.0,-0.174532925,0.0,False,False
2610,870,scene_1.2,scene_1.2_y03,7,route_right,60.989677419,4.52,11.49,125.0,2.181661565,-10.0,-0.174532925,35.0,False,False
2611,871,scene_1.2,scene_1.2_y03,7,route_left,59.699032258,4.52,11.49,325.0,5.672320069,-10.0,-0.174532925,-35.0,True,False
2612,871,scene_1.2,scene_1.2_y03,7,route_forward,59.699032258,4.52,11.49,0.0,0.0,-10.0,-0.174532925,0.0,True,False
2613,871,scene_1.2,scene_1.2_y03,7,route_right,59.699032258,4.52,11.49,35.0,0.610865238,-10.0,-0.174532925,35.0,True,False
2614,872,scene_1.2,scene_1.2_y03,7,route_left,59.699032258,4.52,11.0075,325.0,5.672320069,-10.0,-0.174532925,-35.0,True,False
2615,872,scene_1.2,scene_1.2_y03,7,route_forward,59.699032258,4.52,11.0075,0.0,0.0,-10.0,-0.174532925,0.0,True,False
2616,872,scene_1.2,scene_1.2_y03,7,route_right,59.699032258,4.52,11.0075,35.0,0.610865238,-10.0,-0.174532925,35.0,True,False
2617,873,scene_1.2,scene_1.2_y03,7,route_left,59.699032258,4.52,10.525,325.0,5.672320069,-10.0,-0.174532925,-35.0,True,False
2618,873,scene_1.2,scene_1.2_y03,7,route_forward,59.699032258,4.52,10.525,0.0,0.0,-10.0,-0.174532925,0.0,True,False
2619,873,scene_1.2,scene_1.2_y03,7,route_right,59.699032258,4.52,10.525,35.0,0.610865238,-10.0,-0.174532925,35.0,True,False
2620,874,scene_1.2,scene_1.2_y03,7,route_left,59.699032258,4.52,10.0425,325.0,5.672320069,-10.0,-0.174532925,-35.0,True,False
2621,874,scene_1.2,scene_1.2_y03,7,route_forward,59.699032258,4.52,10.0425,0.0,0.0,-10.0,-0.174532925,0.0,True,False
2622,874,scene_1.2,scene_1.2_y03,7,route_right,59.699032258,4.52,10.0425,35.0,0.610865238,-10.0,-0.174532925,35.0,True,False
2623,875,scene_1.2,scene_1.2_y03,7,route_left,59.699032258,4.52,9.56,55.0,0.959931089,-10.0,-0.174532925,-35.0,True,False
2624,875,scene_1.2,scene_1.2_y03,7,route_forward,59.699032258,4.52,9.56,90.0,1.570796327,-10.0,-0.174532925,0.0,True,False
2625,875,scene_1.2,scene_1.2_y03,7,route_right,59.699032258,4.52,9.56,125.0,2.181661565,-10.0,-0.174532925,35.0,True,False
2626,876,scene_1.2,scene_1.2_y03,7,route_left,58.408387097,4.52,9.56,145.0,2.530727415,-10.0,-0.174532925,-35.0,False,False
2627,876,scene_1.2,scene_1.2_y03,7,route_forward,58.408387097,4.52,9.56,180.0,3.141592654,-10.0,-0.174532925,0.0,False,False
2628,876,scene_1.2,scene_1.2_y03,7,route_right,58.408387097,4.52,9.56,215.0,3.752457892,-10.0,-0.174532925,35.0,False,False
2629,877,scene_1.2,scene_1.2_y03,7,route_left,58.408387097,4.52,10.0425,145.0,2.530727415,-10.0,-0.174532925,-35.0,False,False
2630,877,scene_1.2,scene_1.2_y03,7,route_forward,58.408387097,4.52,10.0425,180.0,3.141592654,-10.0,-0.174532925,0.0,False,False
2631,877,scene_1.2,scene_1.2_y03,7,route_right,58.408387097,4.52,10.0425,215.0,3.752457892,-10.0,-0.174532925,35.0,False,False
2632,878,scene_1.2,scene_1.2_y03,7,route_left,58.408387097,4.52,10.525,145.0,2.530727415,-10.0,-0.174532925,-35.0,False,False
2633,878,scene_1.2,scene_1.2_y03,7,route_forward,58.408387097,4.52,10.525,180.0,3.141592654,-10.0,-0.174532925,0.0,False,False
2634,878,scene_1.2,scene_1.2_y03,7,route_right,58.408387097,4.52,10.525,215.0,3.752457892,-10.0,-0.174532925,35.0,False,False
2635,879,scene_1.2,scene_1.2_y03,7,route_left,58.408387097,4.52,11.0075,145.0,2.530727415,-10.0,-0.174532925,-35.0,False,False
2636,879,scene_1.2,scene_1.2_y03,7,route_forward,58.408387097,4.52,11.0075,180.0,3.141592654,-10.0,-0.174532925,0.0,False,False
2637,879,scene_1.2,scene_1.2_y03,7,route_right,58.408387097,4.52,11.0075,215.0,3.752457892,-10.0,-0.174532925,35.0,False,False
2638,880,scene_1.2,scene_1.2_y03,7,route_left,58.408387097,4.52,11.49,55.0,0.959931089,-10.0,-0.174532925,-35.0,False,False
2639,880,scene_1.2,scene_1.2_y03,7,route_forward,58.408387097,4.52,11.49,90.0,1.570796327,-10.0,-0.174532925,0.0,False,False
2640,880,scene_1.2,scene_1.2_y03,7,route_right,58.408387097,4.52,11.49,125.0,2.181661565,-10.0,-0.174532925,35.0,False,False
2641,881,scene_1.2,scene_1.2_y03,7,route_left,57.117741935,4.52,11.49,325.0,5.672320069,-10.0,-0.174532925,-35.0,True,False
2642,881,scene_1.2,scene_1.2_y03,7,route_forward,57.117741935,4.52,11.49,0.0,0.0,-10.0,-0.174532925,0.0,True,False
2643,881,scene_1.2,scene_1.2_y03,7,route_right,57.117741935,4.52,11.49,35.0,0.610865238,-10.0,-0.174532925,35.0,True,False
2644,882,scene_1.2,scene_1.2_y03,7,route_left,57.117741935,4.52,11.0075,325.0,5.672320069,-10.0,-0.174532925,-35.0,True,False
2645,882,scene_1.2,scene_1.2_y03,7,route_forward,57.117741935,4.52,11.0075,0.0,0.0,-10.0,-0.174532925,0.0,True,False
2646,882,scene_1.2,scene_1.2_y03,7,route_right,57.117741935,4.52,11.0075,35.0,0.610865238,-10.0,-0.174532925,35.0,True,False
2647,883,scene_1.2,scene_1.2_y03,7,route_left,57.117741935,4.52,10.525,325.0,5.672320069,-10.0,-0.174532925,-35.0,True,False
2648,883,scene_1.2,scene_1.2_y03,7,route_forward,57.117741935,4.52,10.525,0.0,0.0,-10.0,-0.174532925,0.0,True,False
2649,883,scene_1.2,scene_1.2_y03,7,route_right,57.117741935,4.52,10.525,35.0,0.610865238,-10.0,-0.174532925,35.0,True,False
2650,884,scene_1.2,scene_1.2_y03,7,route_left,57.117741935,4.52,10.0425,325.0,5.672320069,-10.0,-0.174532925,-35.0,True,False
2651,884,scene_1.2,scene_1.2_y03,7,route_forward,57.117741935,4.52,10.0425,0.0,0.0,-10.0,-0.174532925,0.0,True,False
2652,884,scene_1.2,scene_1.2_y03,7,route_right,57.117741935,4.52,10.0425,35.0,0.610865238,-10.0,-0.174532925,35.0,True,False
2653,885,scene_1.2,scene_1.2_y03,7,route_left,57.117741935,4.52,9.56,55.0,0.959931089,-10.0,-0.174532925,-35.0,True,False
2654,885,scene_1.2,scene_1.2_y03,7,route_forward,57.117741935,4.52,9.56,90.0,1.570796327,-10.0,-0.174532925,0.0,True,False
2655,885,scene_1.2,scene_1.2_y03,7,route_right,57.117741935,4.52,9.56,125.0,2.181661565,-10.0,-0.174532925,35.0,True,False
2656,886,scene_1.2,scene_1.2_y03,7,route_left,55.827096774,4.52,9.56,145.0,2.530727415,-10.0,-0.174532925,-35.0,False,False
2657,886,scene_1.2,scene_1.2_y03,7,route_forward,55.827096774,4.52,9.56,180.0,3.141592654,-10.0,-0.174532925,0.0,False,False
2658,886,scene_1.2,scene_1.2_y03,7,route_right,55.827096774,4.52,9.56,215.0,3.752457892,-10.0,-0.174532925,35.0,False,False
2659,887,scene_1.2,scene_1.2_y03,7,route_left,55.827096774,4.52,10.0425,145.0,2.530727415,-10.0,-0.174532925,-35.0,False,False
2660,887,scene_1.2,scene_1.2_y03,7,route_forward,55.827096774,4.52,10.0425,180.0,3.141592654,-10.0,-0.174532925,0.0,False,False
2661,887,scene_1.2,scene_1.2_y03,7,route_right,55.827096774,4.52,10.0425,215.0,3.752457892,-10.0,-0.174532925,35.0,False,False
2662,888,scene_1.2,scene_1.2_y03,7,route_left,55.827096774,4.52,10.525,145.0,2.530727415,-10.0,-0.174532925,-35.0,False,False
2663,888,scene_1.2,scene_1.2_y03,7,route_forward,55.827096774,4.52,10.525,180.0,3.141592654,-10.0,-0.174532925,0.0,False,False
2664,888,scene_1.2,scene_1.2_y03,7,route_right,55.827096774,4.52,10.525,215.0,3.752457892,-10.0,-0.174532925,35.0,False,False
2665,889,scene_1.2,scene_1.2_y03,7,route_left,55.827096774,4.52,11.0075,145.0,2.530727415,-10.0,-0.174532925,-35.0,False,False
2666,889,scene_1.2,scene_1.2_y03,7,route_forward,55.827096774,4.52,11.0075,180.0,3.141592654,-10.0,-0.174532925,0.0,False,False
2667,889,scene_1.2,scene_1.2_y03,7,route_right,55.827096774,4.52,11.0075,215.0,3.752457892,-10.0,-0.174532925,35.0,False,False
2668,890,scene_1.2,scene_1.2_y03,7,route_left,55.827096774,4.52,11.49,55.0,0.959931089,-10.0,-0.174532925,-35.0,False,False
2669,890,scene_1.2,scene_1.2_y03,7,route_forward,55.827096774,4.52,11.49,90.0,1.570796327,-10.0,-0.174532925,0.0,False,False
2670,890,scene_1.2,scene_1.2_y03,7,route_right,55.827096774,4.52,11.49,125.0,2.181661565,-10.0,-0.174532925,35.0,False,False
2671,891,scene_1.2,scene_1.2_y03,7,route_left,54.536451613,4.52,11.49,325.0,5.672320069,-10.0,-0.174532925,-35.0,True,False
2672,891,scene_1.2,scene_1.2_y03,7,route_forward,54.536451613,4.52,11.49,0.0,0.0,-10.0,-0.174532925,0.0,True,False
2673,891,scene_1.2,scene_1.2_y03,7,route_right,54.536451613,4.52,11.49,35.0,0.610865238,-10.0,-0.174532925,35.0,True,False
2674,892,scene_1.2,scene_1.2_y03,7,route_left,54.536451613,4.52,11.0075,325.0,5.672320069,-10.0,-0.174532925,-35.0,True,False
2675,892,scene_1.2,scene_1.2_y03,7,route_forward,54.536451613,4.52,11.0075,0.0,0.0,-10.0,-0.174532925,0.0,True,False
2676,892,scene_1.2,scene_1.2_y03,7,route_right,54.536451613,4.52,11.0075,35.0,0.610865238,-10.0,-0.174532925,35.0,True,False
2677,893,scene_1.2,scene_1.2_y03,7,route_left,54.536451613,4.52,10.525,325.0,5.672320069,-10.0,-0.174532925,-35.0,True,False
2678,893,scene_1.2,scene_1.2_y03,7,route_forward,54.536451613,4.52,10.525,0.0,0.0,-10.0,-0.174532925,0.0,True,False
2679,893,scene_1.2,scene_1.2_y03,7,route_right,54.536451613,4.52,10.525,35.0,0.610865238,-10.0,-0.174532925,35.0,True,False
2680,894,scene_1.2,scene_1.2_y03,7,route_left,54.536451613,4.52,10.0425,325.0,5.672320069,-10.0,-0.174532925,-35.0,True,False
2681,894,scene_1.2,scene_1.2_y03,7,route_forward,54.536451613,4.52,10.0425,0.0,0.0,-10.0,-0.174532925,0.0,True,False
2682,894,scene_1.2,scene_1.2_y03,7,route_right,54.536451613,4.52,10.0425,35.0,0.610865238,-10.0,-0.174532925,35.0,True,False
2683,895,scene_1.2,scene_1.2_y03,7,route_left,54.536451613,4.52,9.56,55.0,0.959931089,-10.0,-0.174532925,-35.0,True,False
2684,895,scene_1.2,scene_1.2_y03,7,route_forward,54.536451613,4.52,9.56,90.0,1.570796327,-10.0,-0.174532925,0.0,True,False
2685,895,scene_1.2,scene_1.2_y03,7,route_right,54.536451613,4.52,9.56,125.0,2.181661565,-10.0,-0.174532925,35.0,True,False
2686,896,scene_1.2,scene_1.2_y03,7,route_left,53.245806452,4.52,9.56,145.0,2.530727415,-10.0,-0.174532925,-35.0,False,False
2687,896,scene_1.2,scene_1.2_y03,7,route_forward,53.245806452,4.52,9.56,180.0,3.141592654,-10.0,-0.174532925,0.0,False,False
2688,896,scene_1.2,scene_1.2_y03,7,route_right,53.245806452,4.52,9.56,215.0,3.752457892,-10.0,-0.174532925,35.0,False,False
2689,897,scene_1.2,scene_1.2_y03,7,route_left,53.245806452,4.52,10.0425,145.0,2.530727415,-10.0,-0.174532925,-35.0,False,False
2690,897,scene_1.2,scene_1.2_y03,7,route_forward,53.245806452,4.52,10.0425,180.0,3.141592654,-10.0,-0.174532925,0.0,False,False
2691,897,scene_1.2,scene_1.2_y03,7,route_right,53.245806452,4.52,10.0425,215.0,3.752457892,-10.0,-0.174532925,35.0,False,False
2692,898,scene_1.2,scene_1.2_y03,7,route_left,53.245806452,4.52,10.525,145.0,2.530727415,-10.0,-0.174532925,-35.0,False,False
2693,898,scene_1.2,scene_1.2_y03,7,route_forward,53.245806452,4.52,10.525,180.0,3.141592654,-10.0,-0.174532925,0.0,False,False
2694,898,scene_1.2,scene_1.2_y03,7,route_right,53.245806452,4.52,10.525,215.0,3.752457892,-10.0,-0.174532925,35.0,False,False
2695,899,scene_1.2,scene_1.2_y03,7,route_left,53.245806452,4.52,11.0075,145.0,2.530727415,-10.0,-0.174532925,-35.0,False,False
2696,899,scene_1.2,scene_1.2_y03,7,route_forward,53.245806452,4.52,11.0075,180.0,3.141592654,-10.0,-0.174532925,0.0,False,False
2697,899,scene_1.2,scene_1.2_y03,7,route_right,53.245806452,4.52,11.0075,215.0,3.752457892,-10.0,-0.174532925,35.0,False,False
2698,900,scene_1.2,scene_1.2_y03,7,route_left,53.245806452,4.52,11.49,55.0,0.959931089,-10.0,-0.174532925,-35.0,False,False
2699,900,scene_1.2,scene_1.2_y03,7,route_forward,53.245806452,4.52,11.49,90.0,1.570796327,-10.0,-0.174532925,0.0,False,False
2700,900,scene_1.2,scene_1.2_y03,7,route_right,53.245806452,4.52,11.49,125.0,2.181661565,-10.0,-0.174532925,35.0,False,False
2701,901,scene_1.2,scene_1.2_y03,7,route_left,51.95516129,4.52,11.49,325.0,5.672320069,-10.0,-0.174532925,-35.0,True,False
2702,901,scene_1.2,scene_1.2_y03,7,route_forward,51.95516129,4.52,11.49,0.0,0.0,-10.0,-0.174532925,0.0,True,False
2703,901,scene_1.2,scene_1.2_y03,7,route_right,51.95516129,4.52,11.49,35.0,0.610865238,-10.0,-0.174532925,35.0,True,False
2704,902,scene_1.2,scene_1.2_y03,7,route_left,51.95516129,4.52,11.0075,325.0,5.672320069,-10.0,-0.174532925,-35.0,True,False
2705,902,scene_1.2,scene_1.2_y03,7,route_forward,51.95516129,4.52,11.0075,0.0,0.0,-10.0,-0.174532925,0.0,True,False
2706,902,scene_1.2,scene_1.2_y03,7,route_right,51.95516129,4.52,11.0075,35.0,0.610865238,-10.0,-0.174532925,35.0,True,False
2707,903,scene_1.2,scene_1.2_y03,7,route_left,51.95516129,4.52,10.525,325.0,5.672320069,-10.0,-0.174532925,-35.0,True,False
2708,903,scene_1.2,scene_1.2_y03,7,route_forward,51.95516129,4.52,10.525,0.0,0.0,-10.0,-0.174532925,0.0,True,False
2709,903,scene_1.2,scene_1.2_y03,7,route_right,51.95516129,4.52,10.525,35.0,0.610865238,-10.0,-0.174532925,35.0,True,False
2710,904,scene_1.2,scene_1.2_y03,7,route_left,51.95516129,4.52,10.0425,325.0,5.672320069,-10.0,-0.174532925,-35.0,True,False
2711,904,scene_1.2,scene_1.2_y03,7,route_forward,51.95516129,4.52,10.0425,0.0,0.0,-10.0,-0.174532925,0.0,True,False
2712,904,scene_1.2,scene_1.2_y03,7,route_right,51.95516129,4.52,10.0425,35.0,0.610865238,-10.0,-0.174532925,35.0,True,False
2713,905,scene_1.2,scene_1.2_y03,7,route_left,51.95516129,4.52,9.56,55.0,0.959931089,-10.0,-0.174532925,-35.0,True,False
2714,905,scene_1.2,scene_1.2_y03,7,route_forward,51.95516129,4.52,9.56,90.0,1.570796327,-10.0,-0.174532925,0.0,True,False
2715,905,scene_1.2,scene_1.2_y03,7,route_right,51.95516129,4.52,9.56,125.0,2.181661565,-10.0,-0.174532925,35.0,True,False
2716,906,scene_1.2,scene_1.2_y03,7,route_left,50.664516129,4.52,9.56,145.0,2.530727415,-10.0,-0.174532925,-35.0,False,False
2717,906,scene_1.2,scene_1.2_y03,7,route_forward,50.664516129,4.52,9.56,180.0,3.141592654,-10.0,-0.174532925,0.0,False,False
2718,906,scene_1.2,scene_1.2_y03,7,route_right,50.664516129,4.52,9.56,215.0,3.752457892,-10.0,-0.174532925,35.0,False,False
2719,907,scene_1.2,scene_1.2_y03,7,route_left,50.664516129,4.52,10.0425,145.0,2.530727415,-10.0,-0.174532925,-35.0,False,False
2720,907,scene_1.2,scene_1.2_y03,7,route_forward,50.664516129,4.52,10.0425,180.0,3.141592654,-10.0,-0.174532925,0.0,False,False
2721,907,scene_1.2,scene_1.2_y03,7,route_right,50.664516129,4.52,10.0425,215.0,3.752457892,-10.0,-0.174532925,35.0,False,False
2722,908,scene_1.2,scene_1.2_y03,7,route_left,50.664516129,4.52,10.525,145.0,2.530727415,-10.0,-0.174532925,-35.0,False,False
2723,908,scene_1.2,scene_1.2_y03,7,route_forward,50.664516129,4.52,10.525,180.0,3.141592654,-10.0,-0.174532925,0.0,False,False
2724,908,scene_1.2,scene_1.2_y03,7,route_right,50.664516129,4.52,10.525,215.0,3.752457892,-10.0,-0.174532925,35.0,False,False
2725,909,scene_1.2,scene_1.2_y03,7,route_left,50.664516129,4.52,11.0075,145.0,2.530727415,-10.0,-0.174532925,-35.0,False,False
2726,909,scene_1.2,scene_1.2_y03,7,route_forward,50.664516129,4.52,11.0075,180.0,3.141592654,-10.0,-0.174532925,0.0,False,False
2727,909,scene_1.2,scene_1.2_y03,7,route_right,50.664516129,4.52,11.0075,215.0,3.752457892,-10.0,-0.174532925,35.0,False,False
2728,910,scene_1.2,scene_1.2_y03,7,route_left,50.664516129,4.52,11.49,55.0,0.959931089,-10.0,-0.174532925,-35.0,False,False
2729,910,scene_1.2,scene_1.2_y03,7,route_forward,50.664516129,4.52,11.49,90.0,1.570796327,-10.0,-0.174532925,0.0,False,False
2730,910,scene_1.2,scene_1.2_y03,7,route_right,50.664516129,4.52,11.49,125.0,2.181661565,-10.0,-0.174532925,35.0,False,False
2731,911,scene_1.2,scene_1.2_y03,7,route_left,49.373870968,4.52,11.49,325.0,5.672320069,-10.0,-0.174532925,-35.0,True,False
2732,911,scene_1.2,scene_1.2_y03,7,route_forward,49.373870968,4.52,11.49,0.0,0.0,-10.0,-0.174532925,0.0,True,False
2733,911,scene_1.2,scene_1.2_y03,7,route_right,49.373870968,4.52,11.49,35.0,0.610865238,-10.0,-0.174532925,35.0,True,False
2734,912,scene_1.2,scene_1.2_y03,7,route_left,49.373870968,4.52,11.0075,325.0,5.672320069,-10.0,-0.174532925,-35.0,True,False
2735,912,scene_1.2,scene_1.2_y03,7,route_forward,49.373870968,4.52,11.0075,0.0,0.0,-10.0,-0.174532925,0.0,True,False
2736,912,scene_1.2,scene_1.2_y03,7,route_right,49.373870968,4.52,11.0075,35.0,0.610865238,-10.0,-0.174532925,35.0,True,False
2737,913,scene_1.2,scene_1.2_y03,7,route_left,49.373870968,4.52,10.525,325.0,5.672320069,-10.0,-0.174532925,-35.0,True,False
2738,913,scene_1.2,scene_1.2_y03,7,route_forward,49.373870968,4.52,10.525,0.0,0.0,-10.0,-0.174532925,0.0,True,False
2739,913,scene_1.2,scene_1.2_y03,7,route_right,49.373870968,4.52,10.525,35.0,0.610865238,-10.0,-0.174532925,35.0,True,False
2740,914,scene_1.2,scene_1.2_y03,7,route_left,49.373870968,4.52,10.0425,325.0,5.672320069,-10.0,-0.174532925,-35.0,True,False
2741,914,scene_1.2,scene_1.2_y03,7,route_forward,49.373870968,4.52,10.0425,0.0,0.0,-10.0,-0.174532925,0.0,True,False
2742,914,scene_1.2,scene_1.2_y03,7,route_right,49.373870968,4.52,10.0425,35.0,0.610865238,-10.0,-0.174532925,35.0,True,False
2743,915,scene_1.2,scene_1.2_y03,7,route_left,49.373870968,4.52,9.56,55.0,0.959931089,-10.0,-0.174532925,-35.0,True,False
2744,915,scene_1.2,scene_1.2_y03,7,route_forward,49.373870968,4.52,9.56,90.0,1.570796327,-10.0,-0.174532925,0.0,True,False
2745,915,scene_1.2,scene_1.2_y03,7,route_right,49.373870968,4.52,9.56,125.0,2.181661565,-10.0,-0.174532925,35.0,True,False
2746,916,scene_1.2,scene_1.2_y03,7,route_left,48.083225806,4.52,9.56,145.0,2.530727415,-10.0,-0.174532925,-35.0,False,False
2747,916,scene_1.2,scene_1.2_y03,7,route_forward,48.083225806,4.52,9.56,180.0,3.141592654,-10.0,-0.174532925,0.0,False,False
2748,916,scene_1.2,scene_1.2_y03,7,route_right,48.083225806,4.52,9.56,215.0,3.752457892,-10.0,-0.174532925,35.0,False,False
2749,917,scene_1.2,scene_1.2_y03,7,route_left,48.083225806,4.52,10.0425,145.0,2.530727415,-10.0,-0.174532925,-35.0,False,False
2750,917,scene_1.2,scene_1.2_y03,7,route_forward,48.083225806,4.52,10.0425,180.0,3.141592654,-10.0,-0.174532925,0.0,False,False
2751,917,scene_1.2,scene_1.2_y03,7,route_right,48.083225806,4.52,10.0425,215.0,3.752457892,-10.0,-0.174532925,35.0,False,False
2752,918,scene_1.2,scene_1.2_y03,7,route_left,48.083225806,4.52,10.525,145.0,2.530727415,-10.0,-0.174532925,-35.0,False,False
2753,918,scene_1.2,scene_1.2_y03,7,route_forward,48.083225806,4.52,10.525,180.0,3.141592654,-10.0,-0.174532925,0.0,False,False
2754,918,scene_1.2,scene_1.2_y03,7,route_right,48.083225806,4.52,10.525,215.0,3.752457892,-10.0,-0.174532925,35.0,False,False
2755,919,scene_1.2,scene_1.2_y03,7,route_left,48.083225806,4.52,11.0075,145.0,2.530727415,-10.0,-0.174532925,-35.0,False,False
2756,919,scene_1.2,scene_1.2_y03,7,route_forward,48.083225806,4.52,11.0075,180.0,3.141592654,-10.0,-0.174532925,0.0,False,False
2757,919,scene_1.2,scene_1.2_y03,7,route_right,48.083225806,4.52,11.0075,215.0,3.752457892,-10.0,-0.174532925,35.0,False,False
2758,920,scene_1.2,scene_1.2_y03,7,route_left,48.083225806,4.52,11.49,55.0,0.959931089,-10.0,-0.174532925,-35.0,False,False
2759,920,scene_1.2,scene_1.2_y03,7,route_forward,48.083225806,4.52,11.49,90.0,1.570796327,-10.0,-0.174532925,0.0,False,False
2760,920,scene_1.2,scene_1.2_y03,7,route_right,48.083225806,4.52,11.49,125.0,2.181661565,-10.0,-0.174532925,35.0,False,False
2761,921,scene_1.2,scene_1.2_y03,7,route_left,46.792580645,4.52,11.49,325.0,5.672320069,-10.0,-0.174532925,-35.0,True,False
2762,921,scene_1.2,scene_1.2_y03,7,route_forward,46.792580645,4.52,11.49,0.0,0.0,-10.0,-0.174532925,0.0,True,False
2763,921,scene_1.2,scene_1.2_y03,7,route_right,46.792580645,4.52,11.49,35.0,0.610865238,-10.0,-0.174532925,35.0,True,False
2764,922,scene_1.2,scene_1.2_y03,7,route_left,46.792580645,4.52,11.0075,325.0,5.672320069,-10.0,-0.174532925,-35.0,True,False
2765,922,scene_1.2,scene_1.2_y03,7,route_forward,46.792580645,4.52,11.0075,0.0,0.0,-10.0,-0.174532925,0.0,True,False
2766,922,scene_1.2,scene_1.2_y03,7,route_right,46.792580645,4.52,11.0075,35.0,0.610865238,-10.0,-0.174532925,35.0,True,False
2767,923,scene_1.2,scene_1.2_y03,7,route_left,46.792580645,4.52,10.525,325.0,5.672320069,-10.0,-0.174532925,-35.0,True,False
2768,923,scene_1.2,scene_1.2_y03,7,route_forward,46.792580645,4.52,10.525,0.0,0.0,-10.0,-0.174532925,0.0,True,False
2769,923,scene_1.2,scene_1.2_y03,7,route_right,46.792580645,4.52,10.525,35.0,0.610865238,-10.0,-0.174532925,35.0,True,False
2770,924,scene_1.2,scene_1.2_y03,7,route_left,46.792580645,4.52,10.0425,325.0,5.672320069,-10.0,-0.174532925,-35.0,True,False
2771,924,scene_1.2,scene_1.2_y03,7,route_forward,46.792580645,4.52,10.0425,0.0,0.0,-10.0,-0.174532925,0.0,True,False
2772,924,scene_1.2,scene_1.2_y03,7,route_right,46.792580645,4.52,10.0425,35.0,0.610865238,-10.0,-0.174532925,35.0,True,False
2773,925,scene_1.2,scene_1.2_y03,7,route_left,46.792580645,4.52,9.56,55.0,0.959931089,-10.0,-0.174532925,-35.0,True,False
2774,925,scene_1.2,scene_1.2_y03,7,route_forward,46.792580645,4.52,9.56,90.0,1.570796327,-10.0,-0.174532925,0.0,True,False
2775,925,scene_1.2,scene_1.2_y03,7,route_right,46.792580645,4.52,9.56,125.0,2.181661565,-10.0,-0.174532925,35.0,True,False
2776,926,scene_1.2,scene_1.2_y03,7,route_left,45.501935484,4.52,9.56,145.0,2.530727415,-10.0,-0.174532925,-35.0,False,False
2777,926,scene_1.2,scene_1.2_y03,7,route_forward,45.501935484,4.52,9.56,180.0,3.141592654,-10.0,-0.174532925,0.0,False,False
2778,926,scene_1.2,scene_1.2_y03,7,route_right,45.501935484,4.52,9.56,215.0,3.752457892,-10.0,-0.174532925,35.0,False,False
2779,927,scene_1.2,scene_1.2_y03,7,route_left,45.501935484,4.52,10.0425,145.0,2.530727415,-10.0,-0.174532925,-35.0,False,False
2780,927,scene_1.2,scene_1.2_y03,7,route_forward,45.501935484,4.52,10.0425,180.0,3.141592654,-10.0,-0.174532925,0.0,False,False
2781,927,scene_1.2,scene_1.2_y03,7,route_right,45.501935484,4.52,10.0425,215.0,3.752457892,-10.0,-0.174532925,35.0,False,False
2782,928,scene_1.2,scene_1.2_y03,7,route_left,45.501935484,4.52,10.525,145.0,2.530727415,-10.0,-0.174532925,-35.0,False,False
2783,928,scene_1.2,scene_1.2_y03,7,route_forward,45.501935484,4.52,10.525,180.0,3.141592654,-10.0,-0.174532925,0.0,False,False
2784,928,scene_1.2,scene_1.2_y03,7,route_right,45.501935484,4.52,10.525,215.0,3.752457892,-10.0,-0.174532925,35.0,False,False
2785,929,scene_1.2,scene_1.2_y03,7,route_left,45.501935484,4.52,11.0075,145.0,2.530727415,-10.0,-0.174532925,-35.0,False,False
2786,929,scene_1.2,scene_1.2_y03,7,route_forward,45.501935484,4.52,11.0075,180.0,3.141592654,-10.0,-0.174532925,0.0,False,False
2787,929,scene_1.2,scene_1.2_y03,7,route_right,45.501935484,4.52,11.0075,215.0,3.752457892,-10.0,-0.174532925,35.0,False,False
2788,930,scene_1.2,scene_1.2_y03,7,route_left,45.501935484,4.52,11.49,55.0,0.959931089,-10.0,-0.174532925,-35.0,False,False
2789,930,scene_1.2,scene_1.2_y03,7,route_forward,45.501935484,4.52,11.49,90.0,1.570796327,-10.0,-0.174532925,0.0,False,False
2790,930,scene_1.2,scene_1.2_y03,7,route_right,45.501935484,4.52,11.49,125.0,2.181661565,-10.0,-0.174532925,35.0,False,False
2791,931,scene_1.2,scene_1.2_y03,7,route_left,44.211290323,4.52,11.49,325.0,5.672320069,-10.0,-0.174532925,-35.0,True,False
2792,931,scene_1.2,scene_1.2_y03,7,route_forward,44.211290323,4.52,11.49,0.0,0.0,-10.0,-0.174532925,0.0,True,False
2793,931,scene_1.2,scene_1.2_y03,7,route_right,44.211290323,4.52,11.49,35.0,0.610865238,-10.0,-0.174532925,35.0,True,False
2794,932,scene_1.2,scene_1.2_y03,7,route_left,44.211290323,4.52,11.0075,325.0,5.672320069,-10.0,-0.174532925,-35.0,True,False
2795,932,scene_1.2,scene_1.2_y03,7,route_forward,44.211290323,4.52,11.0075,0.0,0.0,-10.0,-0.174532925,0.0,True,False
2796,932,scene_1.2,scene_1.2_y03,7,route_right,44.211290323,4.52,11.0075,35.0,0.610865238,-10.0,-0.174532925,35.0,True,False
2797,933,scene_1.2,scene_1.2_y03,7,route_left,44.211290323,4.52,10.525,325.0,5.672320069,-10.0,-0.174532925,-35.0,True,False
2798,933,scene_1.2,scene_1.2_y03,7,route_forward,44.211290323,4.52,10.525,0.0,0.0,-10.0,-0.174532925,0.0,True,False
2799,933,scene_1.2,scene_1.2_y03,7,route_right,44.211290323,4.52,10.525,35.0,0.610865238,-10.0,-0.174532925,35.0,True,False
2800,934,scene_1.2,scene_1.2_y03,7,route_left,44.211290323,4.52,10.0425,325.0,5.672320069,-10.0,-0.174532925,-35.0,True,False
2801,934,scene_1.2,scene_1.2_y03,7,route_forward,44.211290323,4.52,10.0425,0.0,0.0,-10.0,-0.174532925,0.0,True,False
2802,934,scene_1.2,scene_1.2_y03,7,route_right,44.211290323,4.52,10.0425,35.0,0.610865238,-10.0,-0.174532925,35.0,True,False
2803,935,scene_1.2,scene_1.2_y03,7,route_left,44.211290323,4.52,9.56,55.0,0.959931089,-10.0,-0.174532925,-35.0,True,False
2804,935,scene_1.2,scene_1.2_y03,7,route_forward,44.211290323,4.52,9.56,90.0,1.570796327,-10.0,-0.174532925,0.0,True,False
2805,935,scene_1.2,scene_1.2_y03,7,route_right,44.211290323,4.52,9.56,125.0,2.181661565,-10.0,-0.174532925,35.0,True,False
2806,936,scene_1.2,scene_1.2_y03,7,route_left,42.920645161,4.52,9.56,145.0,2.530727415,-10.0,-0.174532925,-35.0,False,False
2807,936,scene_1.2,scene_1.2_y03,7,route_forward,42.920645161,4.52,9.56,180.0,3.141592654,-10.0,-0.174532925,0.0,False,False
2808,936,scene_1.2,scene_1.2_y03,7,route_right,42.920645161,4.52,9.56,215.0,3.752457892,-10.0,-0.174532925,35.0,False,False
2809,937,scene_1.2,scene_1.2_y03,7,route_left,42.920645161,4.52,10.0425,145.0,2.530727415,-10.0,-0.174532925,-35.0,False,False
2810,937,scene_1.2,scene_1.2_y03,7,route_forward,42.920645161,4.52,10.0425,180.0,3.141592654,-10.0,-0.174532925,0.0,False,False
2811,937,scene_1.2,scene_1.2_y03,7,route_right,42.920645161,4.52,10.0425,215.0,3.752457892,-10.0,-0.174532925,35.0,False,False
2812,938,scene_1.2,scene_1.2_y03,7,route_left,42.920645161,4.52,10.525,145.0,2.530727415,-10.0,-0.174532925,-35.0,False,False
2813,938,scene_1.2,scene_1.2_y03,7,route_forward,42.920645161,4.52,10.525,180.0,3.141592654,-10.0,-0.174532925,0.0,False,False
2814,938,scene_1.2,scene_1.2_y03,7,route_right,42.920645161,4.52,10.525,215.0,3.752457892,-10.0,-0.174532925,35.0,False,False
2815,939,scene_1.2,scene_1.2_y03,7,route_left,42.920645161,4.52,11.0075,145.0,2.530727415,-10.0,-0.174532925,-35.0,False,False
2816,939,scene_1.2,scene_1.2_y03,7,route_forward,42.920645161,4.52,11.0075,180.0,3.141592654,-10.0,-0.174532925,0.0,False,False
2817,939,scene_1.2,scene_1.2_y03,7,route_right,42.920645161,4.52,11.0075,215.0,3.752457892,-10.0,-0.174532925,35.0,False,False
2818,940,scene_1.2,scene_1.2_y03,7,route_left,42.920645161,4.52,11.49,55.0,0.959931089,-10.0,-0.174532925,-35.0,False,False
2819,940,scene_1.2,scene_1.2_y03,7,route_forward,42.920645161,4.52,11.49,90.0,1.570796327,-10.0,-0.174532925,0.0,False,False
2820,940,scene_1.2,scene_1.2_y03,7,route_right,42.920645161,4.52,11.49,125.0,2.181661565,-10.0,-0.174532925,35.0,False,False
2821,941,scene_1.2,scene_1.2_y03,7,route_left,41.63,4.52,11.49,325.0,5.672320069,-10.0,-0.174532925,-35.0,True,False
2822,941,scene_1.2,scene_1.2_y03,7,route_forward,41.63,4.52,11.49,0.0,0.0,-10.0,-0.174532925,0.0,True,False
2823,941,scene_1.2,scene_1.2_y03,7,route_right,41.63,4.52,11.49,35.0,0.610865238,-10.0,-0.174532925,35.0,True,False
2824,942,scene_1.2,scene_1.2_y03,7,route_left,41.63,4.52,11.0075,325.0,5.672320069,-10.0,-0.174532925,-35.0,True,False
2825,942,scene_1.2,scene_1.2_y03,7,route_forward,41.63,4.52,11.0075,0.0,0.0,-10.0,-0.174532925,0.0,True,False
2826,942,scene_1.2,scene_1.2_y03,7,route_right,41.63,4.52,11.0075,35.0,0.610865238,-10.0,-0.174532925,35.0,True,False
2827,943,scene_1.2,scene_1.2_y03,7,route_left,41.63,4.52,10.525,325.0,5.672320069,-10.0,-0.174532925,-35.0,True,False
2828,943,scene_1.2,scene_1.2_y03,7,route_forward,41.63,4.52,10.525,0.0,0.0,-10.0,-0.174532925,0.0,True,False
2829,943,scene_1.2,scene_1.2_y03,7,route_right,41.63,4.52,10.525,35.0,0.610865238,-10.0,-0.174532925,35.0,True,False
2830,944,scene_1.2,scene_1.2_y03,7,route_left,41.63,4.52,10.0425,325.0,5.672320069,-10.0,-0.174532925,-35.0,True,False
2831,944,scene_1.2,scene_1.2_y03,7,route_forward,41.63,4.52,10.0425,0.0,0.0,-10.0,-0.174532925,0.0,True,False
2832,944,scene_1.2,scene_1.2_y03,7,route_right,41.63,4.52,10.0425,35.0,0.610865238,-10.0,-0.174532925,35.0,True,False
2833,945,scene_1.2,scene_1.2_y03,7,route_left,41.63,4.52,9.56,325.0,5.672320069,-10.0,-0.174532925,-35.0,True,False
2834,945,scene_1.2,scene_1.2_y03,7,route_forward,41.63,4.52,9.56,0.0,0.0,-10.0,-0.174532925,0.0,True,False
2835,945,scene_1.2,scene_1.2_y03,7,route_right,41.63,4.52,9.56,35.0,0.610865238,-10.0,-0.174532925,35.0,True,False
2836,946,scene_1.2,scene_1.2_y04,8,route_left,41.63,5.4,9.56,145.0,2.530727415,-20.0,-0.34906585,-35.0,True,False
2837,946,scene_1.2,scene_1.2_y04,8,route_forward,41.63,5.4,9.56,180.0,3.141592654,-20.0,-0.34906585,0.0,True,False
2838,946,scene_1.2,scene_1.2_y04,8,route_right,41.63,5.4,9.56,215.0,3.752457892,-20.0,-0.34906585,35.0,True,False
2839,947,scene_1.2,scene_1.2_y04,8,route_left,41.63,5.4,10.0425,145.0,2.530727415,-20.0,-0.34906585,-35.0,True,False
2840,947,scene_1.2,scene_1.2_y04,8,route_forward,41.63,5.4,10.0425,180.0,3.141592654,-20.0,-0.34906585,0.0,True,False
2841,947,scene_1.2,scene_1.2_y04,8,route_right,41.63,5.4,10.0425,215.0,3.752457892,-20.0,-0.34906585,35.0,True,False
2842,948,scene_1.2,scene_1.2_y04,8,route_left,41.63,5.4,10.525,145.0,2.530727415,-20.0,-0.34906585,-35.0,True,False
2843,948,scene_1.2,scene_1.2_y04,8,route_forward,41.63,5.4,10.525,180.0,3.141592654,-20.0,-0.34906585,0.0,True,False
2844,948,scene_1.2,scene_1.2_y04,8,route_right,41.63,5.4,10.525,215.0,3.752457892,-20.0,-0.34906585,35.0,True,False
2845,949,scene_1.2,scene_1.2_y04,8,route_left,41.63,5.4,11.0075,145.0,2.530727415,-20.0,-0.34906585,-35.0,True,False
2846,949,scene_1.2,scene_1.2_y04,8,route_forward,41.63,5.4,11.0075,180.0,3.141592654,-20.0,-0.34906585,0.0,True,False
2847,949,scene_1.2,scene_1.2_y04,8,route_right,41.63,5.4,11.0075,215.0,3.752457892,-20.0,-0.34906585,35.0,True,False
2848,950,scene_1.2,scene_1.2_y04,8,route_left,41.63,5.4,11.49,235.0,4.101523742,-20.0,-0.34906585,-35.0,True,False
2849,950,scene_1.2,scene_1.2_y04,8,route_forward,41.63,5.4,11.49,270.0,4.71238898,-20.0,-0.34906585,0.0,True,False
2850,950,scene_1.2,scene_1.2_y04,8,route_right,41.63,5.4,11.49,305.0,5.323254219,-20.0,-0.34906585,35.0,True,False
2851,951,scene_1.2,scene_1.2_y04,8,route_left,42.920645161,5.4,11.49,325.0,5.672320069,-20.0,-0.34906585,-35.0,False,False
2852,951,scene_1.2,scene_1.2_y04,8,route_forward,42.920645161,5.4,11.49,0.0,0.0,-20.0,-0.34906585,0.0,False,False
2853,951,scene_1.2,scene_1.2_y04,8,route_right,42.920645161,5.4,11.49,35.0,0.610865238,-20.0,-0.34906585,35.0,False,False
2854,952,scene_1.2,scene_1.2_y04,8,route_left,42.920645161,5.4,11.0075,325.0,5.672320069,-20.0,-0.34906585,-35.0,False,False
2855,952,scene_1.2,scene_1.2_y04,8,route_forward,42.920645161,5.4,11.0075,0.0,0.0,-20.0,-0.34906585,0.0,False,False
2856,952,scene_1.2,scene_1.2_y04,8,route_right,42.920645161,5.4,11.0075,35.0,0.610865238,-20.0,-0.34906585,35.0,False,False
2857,953,scene_1.2,scene_1.2_y04,8,route_left,42.920645161,5.4,10.525,325.0,5.672320069,-20.0,-0.34906585,-35.0,False,False
2858,953,scene_1.2,scene_1.2_y04,8,route_forward,42.920645161,5.4,10.525,0.0,0.0,-20.0,-0.34906585,0.0,False,False
2859,953,scene_1.2,scene_1.2_y04,8,route_right,42.920645161,5.4,10.525,35.0,0.610865238,-20.0,-0.34906585,35.0,False,False
2860,954,scene_1.2,scene_1.2_y04,8,route_left,42.920645161,5.4,10.0425,325.0,5.672320069,-20.0,-0.34906585,-35.0,False,False
2861,954,scene_1.2,scene_1.2_y04,8,route_forward,42.920645161,5.4,10.0425,0.0,0.0,-20.0,-0.34906585,0.0,False,False
2862,954,scene_1.2,scene_1.2_y04,8,route_right,42.920645161,5.4,10.0425,35.0,0.610865238,-20.0,-0.34906585,35.0,False,False
2863,955,scene_1.2,scene_1.2_y04,8,route_left,42.920645161,5.4,9.56,235.0,4.101523742,-20.0,-0.34906585,-35.0,False,False
2864,955,scene_1.2,scene_1.2_y04,8,route_forward,42.920645161,5.4,9.56,270.0,4.71238898,-20.0,-0.34906585,0.0,False,False
2865,955,scene_1.2,scene_1.2_y04,8,route_right,42.920645161,5.4,9.56,305.0,5.323254219,-20.0,-0.34906585,35.0,False,False
2866,956,scene_1.2,scene_1.2_y04,8,route_left,44.211290323,5.4,9.56,145.0,2.530727415,-20.0,-0.34906585,-35.0,True,False
2867,956,scene_1.2,scene_1.2_y04,8,route_forward,44.211290323,5.4,9.56,180.0,3.141592654,-20.0,-0.34906585,0.0,True,False
2868,956,scene_1.2,scene_1.2_y04,8,route_right,44.211290323,5.4,9.56,215.0,3.752457892,-20.0,-0.34906585,35.0,True,False
2869,957,scene_1.2,scene_1.2_y04,8,route_left,44.211290323,5.4,10.0425,145.0,2.530727415,-20.0,-0.34906585,-35.0,True,False
2870,957,scene_1.2,scene_1.2_y04,8,route_forward,44.211290323,5.4,10.0425,180.0,3.141592654,-20.0,-0.34906585,0.0,True,False
2871,957,scene_1.2,scene_1.2_y04,8,route_right,44.211290323,5.4,10.0425,215.0,3.752457892,-20.0,-0.34906585,35.0,True,False
2872,958,scene_1.2,scene_1.2_y04,8,route_left,44.211290323,5.4,10.525,145.0,2.530727415,-20.0,-0.34906585,-35.0,True,False
2873,958,scene_1.2,scene_1.2_y04,8,route_forward,44.211290323,5.4,10.525,180.0,3.141592654,-20.0,-0.34906585,0.0,True,False
2874,958,scene_1.2,scene_1.2_y04,8,route_right,44.211290323,5.4,10.525,215.0,3.752457892,-20.0,-0.34906585,35.0,True,False
2875,959,scene_1.2,scene_1.2_y04,8,route_left,44.211290323,5.4,11.0075,145.0,2.530727415,-20.0,-0.34906585,-35.0,True,False
2876,959,scene_1.2,scene_1.2_y04,8,route_forward,44.211290323,5.4,11.0075,180.0,3.141592654,-20.0,-0.34906585,0.0,True,False
2877,959,scene_1.2,scene_1.2_y04,8,route_right,44.211290323,5.4,11.0075,215.0,3.752457892,-20.0,-0.34906585,35.0,True,False
2878,960,scene_1.2,scene_1.2_y04,8,route_left,44.211290323,5.4,11.49,235.0,4.101523742,-20.0,-0.34906585,-35.0,True,False
2879,960,scene_1.2,scene_1.2_y04,8,route_forward,44.211290323,5.4,11.49,270.0,4.71238898,-20.0,-0.34906585,0.0,True,False
2880,960,scene_1.2,scene_1.2_y04,8,route_right,44.211290323,5.4,11.49,305.0,5.323254219,-20.0,-0.34906585,35.0,True,False
2881,961,scene_1.2,scene_1.2_y04,8,route_left,45.501935484,5.4,11.49,325.0,5.672320069,-20.0,-0.34906585,-35.0,False,False
2882,961,scene_1.2,scene_1.2_y04,8,route_forward,45.501935484,5.4,11.49,0.0,0.0,-20.0,-0.34906585,0.0,False,False
2883,961,scene_1.2,scene_1.2_y04,8,route_right,45.501935484,5.4,11.49,35.0,0.610865238,-20.0,-0.34906585,35.0,False,False
2884,962,scene_1.2,scene_1.2_y04,8,route_left,45.501935484,5.4,11.0075,325.0,5.672320069,-20.0,-0.34906585,-35.0,False,False
2885,962,scene_1.2,scene_1.2_y04,8,route_forward,45.501935484,5.4,11.0075,0.0,0.0,-20.0,-0.34906585,0.0,False,False
2886,962,scene_1.2,scene_1.2_y04,8,route_right,45.501935484,5.4,11.0075,35.0,0.610865238,-20.0,-0.34906585,35.0,False,False
2887,963,scene_1.2,scene_1.2_y04,8,route_left,45.501935484,5.4,10.525,325.0,5.672320069,-20.0,-0.34906585,-35.0,False,False
2888,963,scene_1.2,scene_1.2_y04,8,route_forward,45.501935484,5.4,10.525,0.0,0.0,-20.0,-0.34906585,0.0,False,False
2889,963,scene_1.2,scene_1.2_y04,8,route_right,45.501935484,5.4,10.525,35.0,0.610865238,-20.0,-0.34906585,35.0,False,False
2890,964,scene_1.2,scene_1.2_y04,8,route_left,45.501935484,5.4,10.0425,325.0,5.672320069,-20.0,-0.34906585,-35.0,False,False
2891,964,scene_1.2,scene_1.2_y04,8,route_forward,45.501935484,5.4,10.0425,0.0,0.0,-20.0,-0.34906585,0.0,False,False
2892,964,scene_1.2,scene_1.2_y04,8,route_right,45.501935484,5.4,10.0425,35.0,0.610865238,-20.0,-0.34906585,35.0,False,False
2893,965,scene_1.2,scene_1.2_y04,8,route_left,45.501935484,5.4,9.56,235.0,4.101523742,-20.0,-0.34906585,-35.0,False,False
2894,965,scene_1.2,scene_1.2_y04,8,route_forward,45.501935484,5.4,9.56,270.0,4.71238898,-20.0,-0.34906585,0.0,False,False
2895,965,scene_1.2,scene_1.2_y04,8,route_right,45.501935484,5.4,9.56,305.0,5.323254219,-20.0,-0.34906585,35.0,False,False
2896,966,scene_1.2,scene_1.2_y04,8,route_left,46.792580645,5.4,9.56,145.0,2.530727415,-20.0,-0.34906585,-35.0,True,False
2897,966,scene_1.2,scene_1.2_y04,8,route_forward,46.792580645,5.4,9.56,180.0,3.141592654,-20.0,-0.34906585,0.0,True,False
2898,966,scene_1.2,scene_1.2_y04,8,route_right,46.792580645,5.4,9.56,215.0,3.752457892,-20.0,-0.34906585,35.0,True,False
2899,967,scene_1.2,scene_1.2_y04,8,route_left,46.792580645,5.4,10.0425,145.0,2.530727415,-20.0,-0.34906585,-35.0,True,False
2900,967,scene_1.2,scene_1.2_y04,8,route_forward,46.792580645,5.4,10.0425,180.0,3.141592654,-20.0,-0.34906585,0.0,True,False
2901,967,scene_1.2,scene_1.2_y04,8,route_right,46.792580645,5.4,10.0425,215.0,3.752457892,-20.0,-0.34906585,35.0,True,False
2902,968,scene_1.2,scene_1.2_y04,8,route_left,46.792580645,5.4,10.525,145.0,2.530727415,-20.0,-0.34906585,-35.0,True,False
2903,968,scene_1.2,scene_1.2_y04,8,route_forward,46.792580645,5.4,10.525,180.0,3.141592654,-20.0,-0.34906585,0.0,True,False
2904,968,scene_1.2,scene_1.2_y04,8,route_right,46.792580645,5.4,10.525,215.0,3.752457892,-20.0,-0.34906585,35.0,True,False
2905,969,scene_1.2,scene_1.2_y04,8,route_left,46.792580645,5.4,11.0075,145.0,2.530727415,-20.0,-0.34906585,-35.0,True,False
2906,969,scene_1.2,scene_1.2_y04,8,route_forward,46.792580645,5.4,11.0075,180.0,3.141592654,-20.0,-0.34906585,0.0,True,False
2907,969,scene_1.2,scene_1.2_y04,8,route_right,46.792580645,5.4,11.0075,215.0,3.752457892,-20.0,-0.34906585,35.0,True,False
2908,970,scene_1.2,scene_1.2_y04,8,route_left,46.792580645,5.4,11.49,235.0,4.101523742,-20.0,-0.34906585,-35.0,True,False
2909,970,scene_1.2,scene_1.2_y04,8,route_forward,46.792580645,5.4,11.49,270.0,4.71238898,-20.0,-0.34906585,0.0,True,False
2910,970,scene_1.2,scene_1.2_y04,8,route_right,46.792580645,5.4,11.49,305.0,5.323254219,-20.0,-0.34906585,35.0,True,False
2911,971,scene_1.2,scene_1.2_y04,8,route_left,48.083225806,5.4,11.49,325.0,5.672320069,-20.0,-0.34906585,-35.0,False,False
2912,971,scene_1.2,scene_1.2_y04,8,route_forward,48.083225806,5.4,11.49,0.0,0.0,-20.0,-0.34906585,0.0,False,False
2913,971,scene_1.2,scene_1.2_y04,8,route_right,48.083225806,5.4,11.49,35.0,0.610865238,-20.0,-0.34906585,35.0,False,False
2914,972,scene_1.2,scene_1.2_y04,8,route_left,48.083225806,5.4,11.0075,325.0,5.672320069,-20.0,-0.34906585,-35.0,False,False
2915,972,scene_1.2,scene_1.2_y04,8,route_forward,48.083225806,5.4,11.0075,0.0,0.0,-20.0,-0.34906585,0.0,False,False
2916,972,scene_1.2,scene_1.2_y04,8,route_right,48.083225806,5.4,11.0075,35.0,0.610865238,-20.0,-0.34906585,35.0,False,False
2917,973,scene_1.2,scene_1.2_y04,8,route_left,48.083225806,5.4,10.525,325.0,5.672320069,-20.0,-0.34906585,-35.0,False,False
2918,973,scene_1.2,scene_1.2_y04,8,route_forward,48.083225806,5.4,10.525,0.0,0.0,-20.0,-0.34906585,0.0,False,False
2919,973,scene_1.2,scene_1.2_y04,8,route_right,48.083225806,5.4,10.525,35.0,0.610865238,-20.0,-0.34906585,35.0,False,False
2920,974,scene_1.2,scene_1.2_y04,8,route_left,48.083225806,5.4,10.0425,325.0,5.672320069,-20.0,-0.34906585,-35.0,False,False
2921,974,scene_1.2,scene_1.2_y04,8,route_forward,48.083225806,5.4,10.0425,0.0,0.0,-20.0,-0.34906585,0.0,False,False
2922,974,scene_1.2,scene_1.2_y04,8,route_right,48.083225806,5.4,10.0425,35.0,0.610865238,-20.0,-0.34906585,35.0,False,False
2923,975,scene_1.2,scene_1.2_y04,8,route_left,48.083225806,5.4,9.56,235.0,4.101523742,-20.0,-0.34906585,-35.0,False,False
2924,975,scene_1.2,scene_1.2_y04,8,route_forward,48.083225806,5.4,9.56,270.0,4.71238898,-20.0,-0.34906585,0.0,False,False
2925,975,scene_1.2,scene_1.2_y04,8,route_right,48.083225806,5.4,9.56,305.0,5.323254219,-20.0,-0.34906585,35.0,False,False
2926,976,scene_1.2,scene_1.2_y04,8,route_left,49.373870968,5.4,9.56,145.0,2.530727415,-20.0,-0.34906585,-35.0,True,False
2927,976,scene_1.2,scene_1.2_y04,8,route_forward,49.373870968,5.4,9.56,180.0,3.141592654,-20.0,-0.34906585,0.0,True,False
2928,976,scene_1.2,scene_1.2_y04,8,route_right,49.373870968,5.4,9.56,215.0,3.752457892,-20.0,-0.34906585,35.0,True,False
2929,977,scene_1.2,scene_1.2_y04,8,route_left,49.373870968,5.4,10.0425,145.0,2.530727415,-20.0,-0.34906585,-35.0,True,False
2930,977,scene_1.2,scene_1.2_y04,8,route_forward,49.373870968,5.4,10.0425,180.0,3.141592654,-20.0,-0.34906585,0.0,True,False
2931,977,scene_1.2,scene_1.2_y04,8,route_right,49.373870968,5.4,10.0425,215.0,3.752457892,-20.0,-0.34906585,35.0,True,False
2932,978,scene_1.2,scene_1.2_y04,8,route_left,49.373870968,5.4,10.525,145.0,2.530727415,-20.0,-0.34906585,-35.0,True,False
2933,978,scene_1.2,scene_1.2_y04,8,route_forward,49.373870968,5.4,10.525,180.0,3.141592654,-20.0,-0.34906585,0.0,True,False
2934,978,scene_1.2,scene_1.2_y04,8,route_right,49.373870968,5.4,10.525,215.0,3.752457892,-20.0,-0.34906585,35.0,True,False
2935,979,scene_1.2,scene_1.2_y04,8,route_left,49.373870968,5.4,11.0075,145.0,2.530727415,-20.0,-0.34906585,-35.0,True,False
2936,979,scene_1.2,scene_1.2_y04,8,route_forward,49.373870968,5.4,11.0075,180.0,3.141592654,-20.0,-0.34906585,0.0,True,False
2937,979,scene_1.2,scene_1.2_y04,8,route_right,49.373870968,5.4,11.0075,215.0,3.752457892,-20.0,-0.34906585,35.0,True,False
2938,980,scene_1.2,scene_1.2_y04,8,route_left,49.373870968,5.4,11.49,235.0,4.101523742,-20.0,-0.34906585,-35.0,True,False
2939,980,scene_1.2,scene_1.2_y04,8,route_forward,49.373870968,5.4,11.49,270.0,4.71238898,-20.0,-0.34906585,0.0,True,False
2940,980,scene_1.2,scene_1.2_y04,8,route_right,49.373870968,5.4,11.49,305.0,5.323254219,-20.0,-0.34906585,35.0,True,False
2941,981,scene_1.2,scene_1.2_y04,8,route_left,50.664516129,5.4,11.49,325.0,5.672320069,-20.0,-0.34906585,-35.0,False,False
2942,981,scene_1.2,scene_1.2_y04,8,route_forward,50.664516129,5.4,11.49,0.0,0.0,-20.0,-0.34906585,0.0,False,False
2943,981,scene_1.2,scene_1.2_y04,8,route_right,50.664516129,5.4,11.49,35.0,0.610865238,-20.0,-0.34906585,35.0,False,False
2944,982,scene_1.2,scene_1.2_y04,8,route_left,50.664516129,5.4,11.0075,325.0,5.672320069,-20.0,-0.34906585,-35.0,False,False
2945,982,scene_1.2,scene_1.2_y04,8,route_forward,50.664516129,5.4,11.0075,0.0,0.0,-20.0,-0.34906585,0.0,False,False
2946,982,scene_1.2,scene_1.2_y04,8,route_right,50.664516129,5.4,11.0075,35.0,0.610865238,-20.0,-0.34906585,35.0,False,False
2947,983,scene_1.2,scene_1.2_y04,8,route_left,50.664516129,5.4,10.525,325.0,5.672320069,-20.0,-0.34906585,-35.0,False,False
2948,983,scene_1.2,scene_1.2_y04,8,route_forward,50.664516129,5.4,10.525,0.0,0.0,-20.0,-0.34906585,0.0,False,False
2949,983,scene_1.2,scene_1.2_y04,8,route_right,50.664516129,5.4,10.525,35.0,0.610865238,-20.0,-0.34906585,35.0,False,False
2950,984,scene_1.2,scene_1.2_y04,8,route_left,50.664516129,5.4,10.0425,325.0,5.672320069,-20.0,-0.34906585,-35.0,False,False
2951,984,scene_1.2,scene_1.2_y04,8,route_forward,50.664516129,5.4,10.0425,0.0,0.0,-20.0,-0.34906585,0.0,False,False
2952,984,scene_1.2,scene_1.2_y04,8,route_right,50.664516129,5.4,10.0425,35.0,0.610865238,-20.0,-0.34906585,35.0,False,False
2953,985,scene_1.2,scene_1.2_y04,8,route_left,50.664516129,5.4,9.56,235.0,4.101523742,-20.0,-0.34906585,-35.0,False,False
2954,985,scene_1.2,scene_1.2_y04,8,route_forward,50.664516129,5.4,9.56,270.0,4.71238898,-20.0,-0.34906585,0.0,False,False
2955,985,scene_1.2,scene_1.2_y04,8,route_right,50.664516129,5.4,9.56,305.0,5.323254219,-20.0,-0.34906585,35.0,False,False
2956,986,scene_1.2,scene_1.2_y04,8,route_left,51.95516129,5.4,9.56,145.0,2.530727415,-20.0,-0.34906585,-35.0,True,False
2957,986,scene_1.2,scene_1.2_y04,8,route_forward,51.95516129,5.4,9.56,180.0,3.141592654,-20.0,-0.34906585,0.0,True,False
2958,986,scene_1.2,scene_1.2_y04,8,route_right,51.95516129,5.4,9.56,215.0,3.752457892,-20.0,-0.34906585,35.0,True,False
2959,987,scene_1.2,scene_1.2_y04,8,route_left,51.95516129,5.4,10.0425,145.0,2.530727415,-20.0,-0.34906585,-35.0,True,False
2960,987,scene_1.2,scene_1.2_y04,8,route_forward,51.95516129,5.4,10.0425,180.0,3.141592654,-20.0,-0.34906585,0.0,True,False
2961,987,scene_1.2,scene_1.2_y04,8,route_right,51.95516129,5.4,10.0425,215.0,3.752457892,-20.0,-0.34906585,35.0,True,False
2962,988,scene_1.2,scene_1.2_y04,8,route_left,51.95516129,5.4,10.525,145.0,2.530727415,-20.0,-0.34906585,-35.0,True,False
2963,988,scene_1.2,scene_1.2_y04,8,route_forward,51.95516129,5.4,10.525,180.0,3.141592654,-20.0,-0.34906585,0.0,True,False
2964,988,scene_1.2,scene_1.2_y04,8,route_right,51.95516129,5.4,10.525,215.0,3.752457892,-20.0,-0.34906585,35.0,True,False
2965,989,scene_1.2,scene_1.2_y04,8,route_left,51.95516129,5.4,11.0075,145.0,2.530727415,-20.0,-0.34906585,-35.0,True,False
2966,989,scene_1.2,scene_1.2_y04,8,route_forward,51.95516129,5.4,11.0075,180.0,3.141592654,-20.0,-0.34906585,0.0,True,False
2967,989,scene_1.2,scene_1.2_y04,8,route_right,51.95516129,5.4,11.0075,215.0,3.752457892,-20.0,-0.34906585,35.0,True,False
2968,990,scene_1.2,scene_1.2_y04,8,route_left,51.95516129,5.4,11.49,235.0,4.101523742,-20.0,-0.34906585,-35.0,True,False
2969,990,scene_1.2,scene_1.2_y04,8,route_forward,51.95516129,5.4,11.49,270.0,4.71238898,-20.0,-0.34906585,0.0,True,False
2970,990,scene_1.2,scene_1.2_y04,8,route_right,51.95516129,5.4,11.49,305.0,5.323254219,-20.0,-0.34906585,35.0,True,False
2971,991,scene_1.2,scene_1.2_y04,8,route_left,53.245806452,5.4,11.49,325.0,5.672320069,-20.0,-0.34906585,-35.0,False,False
2972,991,scene_1.2,scene_1.2_y04,8,route_forward,53.245806452,5.4,11.49,0.0,0.0,-20.0,-0.34906585,0.0,False,False
2973,991,scene_1.2,scene_1.2_y04,8,route_right,53.245806452,5.4,11.49,35.0,0.610865238,-20.0,-0.34906585,35.0,False,False
2974,992,scene_1.2,scene_1.2_y04,8,route_left,53.245806452,5.4,11.0075,325.0,5.672320069,-20.0,-0.34906585,-35.0,False,False
2975,992,scene_1.2,scene_1.2_y04,8,route_forward,53.245806452,5.4,11.0075,0.0,0.0,-20.0,-0.34906585,0.0,False,False
2976,992,scene_1.2,scene_1.2_y04,8,route_right,53.245806452,5.4,11.0075,35.0,0.610865238,-20.0,-0.34906585,35.0,False,False
2977,993,scene_1.2,scene_1.2_y04,8,route_left,53.245806452,5.4,10.525,325.0,5.672320069,-20.0,-0.34906585,-35.0,False,False
2978,993,scene_1.2,scene_1.2_y04,8,route_forward,53.245806452,5.4,10.525,0.0,0.0,-20.0,-0.34906585,0.0,False,False
2979,993,scene_1.2,scene_1.2_y04,8,route_right,53.245806452,5.4,10.525,35.0,0.610865238,-20.0,-0.34906585,35.0,False,False
2980,994,scene_1.2,scene_1.2_y04,8,route_left,53.245806452,5.4,10.0425,325.0,5.672320069,-20.0,-0.34906585,-35.0,False,False
2981,994,scene_1.2,scene_1.2_y04,8,route_forward,53.245806452,5.4,10.0425,0.0,0.0,-20.0,-0.34906585,0.0,False,False
2982,994,scene_1.2,scene_1.2_y04,8,route_right,53.245806452,5.4,10.0425,35.0,0.610865238,-20.0,-0.34906585,35.0,False,False
2983,995,scene_1.2,scene_1.2_y04,8,route_left,53.245806452,5.4,9.56,235.0,4.101523742,-20.0,-0.34906585,-35.0,False,False
2984,995,scene_1.2,scene_1.2_y04,8,route_forward,53.245806452,5.4,9.56,270.0,4.71238898,-20.0,-0.34906585,0.0,False,False
2985,995,scene_1.2,scene_1.2_y04,8,route_right,53.245806452,5.4,9.56,305.0,5.323254219,-20.0,-0.34906585,35.0,False,False
2986,996,scene_1.2,scene_1.2_y04,8,route_left,54.536451613,5.4,9.56,145.0,2.530727415,-20.0,-0.34906585,-35.0,True,False
2987,996,scene_1.2,scene_1.2_y04,8,route_forward,54.536451613,5.4,9.56,180.0,3.141592654,-20.0,-0.34906585,0.0,True,False
2988,996,scene_1.2,scene_1.2_y04,8,route_right,54.536451613,5.4,9.56,215.0,3.752457892,-20.0,-0.34906585,35.0,True,False
2989,997,scene_1.2,scene_1.2_y04,8,route_left,54.536451613,5.4,10.0425,145.0,2.530727415,-20.0,-0.34906585,-35.0,True,False
2990,997,scene_1.2,scene_1.2_y04,8,route_forward,54.536451613,5.4,10.0425,180.0,3.141592654,-20.0,-0.34906585,0.0,True,False
2991,997,scene_1.2,scene_1.2_y04,8,route_right,54.536451613,5.4,10.0425,215.0,3.752457892,-20.0,-0.34906585,35.0,True,False
2992,998,scene_1.2,scene_1.2_y04,8,route_left,54.536451613,5.4,10.525,145.0,2.530727415,-20.0,-0.34906585,-35.0,True,False
2993,998,scene_1.2,scene_1.2_y04,8,route_forward,54.536451613,5.4,10.525,180.0,3.141592654,-20.0,-0.34906585,0.0,True,False
2994,998,scene_1.2,scene_1.2_y04,8,route_right,54.536451613,5.4,10.525,215.0,3.752457892,-20.0,-0.34906585,35.0,True,False
2995,999,scene_1.2,scene_1.2_y04,8,route_left,54.536451613,5.4,11.0075,145.0,2.530727415,-20.0,-0.34906585,-35.0,True,False
2996,999,scene_1.2,scene_1.2_y04,8,route_forward,54.536451613,5.4,11.0075,180.0,3.141592654,-20.0,-0.34906585,0.0,True,False
2997,999,scene_1.2,scene_1.2_y04,8,route_right,54.536451613,5.4,11.0075,215.0,3.752457892,-20.0,-0.34906585,35.0,True,False
2998,1000,scene_1.2,scene_1.2_y04,8,route_left,54.536451613,5.4,11.49,235.0,4.101523742,-20.0,-0.34906585,-35.0,True,False
2999,1000,scene_1.2,scene_1.2_y04,8,route_forward,54.536451613,5.4,11.49,270.0,4.71238898,-20.0,-0.34906585,0.0,True,False
3000,1000,scene_1.2,scene_1.2_y04,8,route_right,54.536451613,5.4,11.49,305.0,5.323254219,-20.0,-0.34906585,35.0,True,False
3001,1001,scene_1.2,scene_1.2_y04,8,route_left,55.827096774,5.4,11.49,325.0,5.672320069,-20.0,-0.34906585,-35.0,False,False
3002,1001,scene_1.2,scene_1.2_y04,8,route_forward,55.827096774,5.4,11.49,0.0,0.0,-20.0,-0.34906585,0.0,False,False
3003,1001,scene_1.2,scene_1.2_y04,8,route_right,55.827096774,5.4,11.49,35.0,0.610865238,-20.0,-0.34906585,35.0,False,False
3004,1002,scene_1.2,scene_1.2_y04,8,route_left,55.827096774,5.4,11.0075,325.0,5.672320069,-20.0,-0.34906585,-35.0,False,False
3005,1002,scene_1.2,scene_1.2_y04,8,route_forward,55.827096774,5.4,11.0075,0.0,0.0,-20.0,-0.34906585,0.0,False,False
3006,1002,scene_1.2,scene_1.2_y04,8,route_right,55.827096774,5.4,11.0075,35.0,0.610865238,-20.0,-0.34906585,35.0,False,False
3007,1003,scene_1.2,scene_1.2_y04,8,route_left,55.827096774,5.4,10.525,325.0,5.672320069,-20.0,-0.34906585,-35.0,False,False
3008,1003,scene_1.2,scene_1.2_y04,8,route_forward,55.827096774,5.4,10.525,0.0,0.0,-20.0,-0.34906585,0.0,False,False
3009,1003,scene_1.2,scene_1.2_y04,8,route_right,55.827096774,5.4,10.525,35.0,0.610865238,-20.0,-0.34906585,35.0,False,False
3010,1004,scene_1.2,scene_1.2_y04,8,route_left,55.827096774,5.4,10.0425,325.0,5.672320069,-20.0,-0.34906585,-35.0,False,False
3011,1004,scene_1.2,scene_1.2_y04,8,route_forward,55.827096774,5.4,10.0425,0.0,0.0,-20.0,-0.34906585,0.0,False,False
3012,1004,scene_1.2,scene_1.2_y04,8,route_right,55.827096774,5.4,10.0425,35.0,0.610865238,-20.0,-0.34906585,35.0,False,False
3013,1005,scene_1.2,scene_1.2_y04,8,route_left,55.827096774,5.4,9.56,235.0,4.101523742,-20.0,-0.34906585,-35.0,False,False
3014,1005,scene_1.2,scene_1.2_y04,8,route_forward,55.827096774,5.4,9.56,270.0,4.71238898,-20.0,-0.34906585,0.0,False,False
3015,1005,scene_1.2,scene_1.2_y04,8,route_right,55.827096774,5.4,9.56,305.0,5.323254219,-20.0,-0.34906585,35.0,False,False
3016,1006,scene_1.2,scene_1.2_y04,8,route_left,57.117741935,5.4,9.56,145.0,2.530727415,-20.0,-0.34906585,-35.0,True,False
3017,1006,scene_1.2,scene_1.2_y04,8,route_forward,57.117741935,5.4,9.56,180.0,3.141592654,-20.0,-0.34906585,0.0,True,False
3018,1006,scene_1.2,scene_1.2_y04,8,route_right,57.117741935,5.4,9.56,215.0,3.752457892,-20.0,-0.34906585,35.0,True,False
3019,1007,scene_1.2,scene_1.2_y04,8,route_left,57.117741935,5.4,10.0425,145.0,2.530727415,-20.0,-0.34906585,-35.0,True,False
3020,1007,scene_1.2,scene_1.2_y04,8,route_forward,57.117741935,5.4,10.0425,180.0,3.141592654,-20.0,-0.34906585,0.0,True,False
3021,1007,scene_1.2,scene_1.2_y04,8,route_right,57.117741935,5.4,10.0425,215.0,3.752457892,-20.0,-0.34906585,35.0,True,False
3022,1008,scene_1.2,scene_1.2_y04,8,route_left,57.117741935,5.4,10.525,145.0,2.530727415,-20.0,-0.34906585,-35.0,True,False
3023,1008,scene_1.2,scene_1.2_y04,8,route_forward,57.117741935,5.4,10.525,180.0,3.141592654,-20.0,-0.34906585,0.0,True,False
3024,1008,scene_1.2,scene_1.2_y04,8,route_right,57.117741935,5.4,10.525,215.0,3.752457892,-20.0,-0.34906585,35.0,True,False
3025,1009,scene_1.2,scene_1.2_y04,8,route_left,57.117741935,5.4,11.0075,145.0,2.530727415,-20.0,-0.34906585,-35.0,True,False
3026,1009,scene_1.2,scene_1.2_y04,8,route_forward,57.117741935,5.4,11.0075,180.0,3.141592654,-20.0,-0.34906585,0.0,True,False
3027,1009,scene_1.2,scene_1.2_y04,8,route_right,57.117741935,5.4,11.0075,215.0,3.752457892,-20.0,-0.34906585,35.0,True,False
3028,1010,scene_1.2,scene_1.2_y04,8,route_left,57.117741935,5.4,11.49,235.0,4.101523742,-20.0,-0.34906585,-35.0,True,False
3029,1010,scene_1.2,scene_1.2_y04,8,route_forward,57.117741935,5.4,11.49,270.0,4.71238898,-20.0,-0.34906585,0.0,True,False
3030,1010,scene_1.2,scene_1.2_y04,8,route_right,57.117741935,5.4,11.49,305.0,5.323254219,-20.0,-0.34906585,35.0,True,False
3031,1011,scene_1.2,scene_1.2_y04,8,route_left,58.408387097,5.4,11.49,325.0,5.672320069,-20.0,-0.34906585,-35.0,False,False
3032,1011,scene_1.2,scene_1.2_y04,8,route_forward,58.408387097,5.4,11.49,0.0,0.0,-20.0,-0.34906585,0.0,False,False
3033,1011,scene_1.2,scene_1.2_y04,8,route_right,58.408387097,5.4,11.49,35.0,0.610865238,-20.0,-0.34906585,35.0,False,False
3034,1012,scene_1.2,scene_1.2_y04,8,route_left,58.408387097,5.4,11.0075,325.0,5.672320069,-20.0,-0.34906585,-35.0,False,False
3035,1012,scene_1.2,scene_1.2_y04,8,route_forward,58.408387097,5.4,11.0075,0.0,0.0,-20.0,-0.34906585,0.0,False,False
3036,1012,scene_1.2,scene_1.2_y04,8,route_right,58.408387097,5.4,11.0075,35.0,0.610865238,-20.0,-0.34906585,35.0,False,False
3037,1013,scene_1.2,scene_1.2_y04,8,route_left,58.408387097,5.4,10.525,325.0,5.672320069,-20.0,-0.34906585,-35.0,False,False
3038,1013,scene_1.2,scene_1.2_y04,8,route_forward,58.408387097,5.4,10.525,0.0,0.0,-20.0,-0.34906585,0.0,False,False
3039,1013,scene_1.2,scene_1.2_y04,8,route_right,58.408387097,5.4,10.525,35.0,0.610865238,-20.0,-0.34906585,35.0,False,False
3040,1014,scene_1.2,scene_1.2_y04,8,route_left,58.408387097,5.4,10.0425,325.0,5.672320069,-20.0,-0.34906585,-35.0,False,False
3041,1014,scene_1.2,scene_1.2_y04,8,route_forward,58.408387097,5.4,10.0425,0.0,0.0,-20.0,-0.34906585,0.0,False,False
3042,1014,scene_1.2,scene_1.2_y04,8,route_right,58.408387097,5.4,10.0425,35.0,0.610865238,-20.0,-0.34906585,35.0,False,False
3043,1015,scene_1.2,scene_1.2_y04,8,route_left,58.408387097,5.4,9.56,235.0,4.101523742,-20.0,-0.34906585,-35.0,False,False
3044,1015,scene_1.2,scene_1.2_y04,8,route_forward,58.408387097,5.4,9.56,270.0,4.71238898,-20.0,-0.34906585,0.0,False,False
3045,1015,scene_1.2,scene_1.2_y04,8,route_right,58.408387097,5.4,9.56,305.0,5.323254219,-20.0,-0.34906585,35.0,False,False
3046,1016,scene_1.2,scene_1.2_y04,8,route_left,59.699032258,5.4,9.56,145.0,2.530727415,-20.0,-0.34906585,-35.0,True,False
3047,1016,scene_1.2,scene_1.2_y04,8,route_forward,59.699032258,5.4,9.56,180.0,3.141592654,-20.0,-0.34906585,0.0,True,False
3048,1016,scene_1.2,scene_1.2_y04,8,route_right,59.699032258,5.4,9.56,215.0,3.752457892,-20.0,-0.34906585,35.0,True,False
3049,1017,scene_1.2,scene_1.2_y04,8,route_left,59.699032258,5.4,10.0425,145.0,2.530727415,-20.0,-0.34906585,-35.0,True,False
3050,1017,scene_1.2,scene_1.2_y04,8,route_forward,59.699032258,5.4,10.0425,180.0,3.141592654,-20.0,-0.34906585,0.0,True,False
3051,1017,scene_1.2,scene_1.2_y04,8,route_right,59.699032258,5.4,10.0425,215.0,3.752457892,-20.0,-0.34906585,35.0,True,False
3052,1018,scene_1.2,scene_1.2_y04,8,route_left,59.699032258,5.4,10.525,145.0,2.530727415,-20.0,-0.34906585,-35.0,True,False
3053,1018,scene_1.2,scene_1.2_y04,8,route_forward,59.699032258,5.4,10.525,180.0,3.141592654,-20.0,-0.34906585,0.0,True,False
3054,1018,scene_1.2,scene_1.2_y04,8,route_right,59.699032258,5.4,10.525,215.0,3.752457892,-20.0,-0.34906585,35.0,True,False
3055,1019,scene_1.2,scene_1.2_y04,8,route_left,59.699032258,5.4,11.0075,145.0,2.530727415,-20.0,-0.34906585,-35.0,True,False
3056,1019,scene_1.2,scene_1.2_y04,8,route_forward,59.699032258,5.4,11.0075,180.0,3.141592654,-20.0,-0.34906585,0.0,True,False
3057,1019,scene_1.2,scene_1.2_y04,8,route_right,59.699032258,5.4,11.0075,215.0,3.752457892,-20.0,-0.34906585,35.0,True,False
3058,1020,scene_1.2,scene_1.2_y04,8,route_left,59.699032258,5.4,11.49,235.0,4.101523742,-20.0,-0.34906585,-35.0,True,False
3059,1020,scene_1.2,scene_1.2_y04,8,route_forward,59.699032258,5.4,11.49,270.0,4.71238898,-20.0,-0.34906585,0.0,True,False
3060,1020,scene_1.2,scene_1.2_y04,8,route_right,59.699032258,5.4,11.49,305.0,5.323254219,-20.0,-0.34906585,35.0,True,False
3061,1021,scene_1.2,scene_1.2_y04,8,route_left,60.989677419,5.4,11.49,325.0,5.672320069,-20.0,-0.34906585,-35.0,False,False
3062,1021,scene_1.2,scene_1.2_y04,8,route_forward,60.989677419,5.4,11.49,0.0,0.0,-20.0,-0.34906585,0.0,False,False
3063,1021,scene_1.2,scene_1.2_y04,8,route_right,60.989677419,5.4,11.49,35.0,0.610865238,-20.0,-0.34906585,35.0,False,False
3064,1022,scene_1.2,scene_1.2_y04,8,route_left,60.989677419,5.4,11.0075,325.0,5.672320069,-20.0,-0.34906585,-35.0,False,False
3065,1022,scene_1.2,scene_1.2_y04,8,route_forward,60.989677419,5.4,11.0075,0.0,0.0,-20.0,-0.34906585,0.0,False,False
3066,1022,scene_1.2,scene_1.2_y04,8,route_right,60.989677419,5.4,11.0075,35.0,0.610865238,-20.0,-0.34906585,35.0,False,False
3067,1023,scene_1.2,scene_1.2_y04,8,route_left,60.989677419,5.4,10.525,325.0,5.672320069,-20.0,-0.34906585,-35.0,False,False
3068,1023,scene_1.2,scene_1.2_y04,8,route_forward,60.989677419,5.4,10.525,0.0,0.0,-20.0,-0.34906585,0.0,False,False
3069,1023,scene_1.2,scene_1.2_y04,8,route_right,60.989677419,5.4,10.525,35.0,0.610865238,-20.0,-0.34906585,35.0,False,False
3070,1024,scene_1.2,scene_1.2_y04,8,route_left,60.989677419,5.4,10.0425,325.0,5.672320069,-20.0,-0.34906585,-35.0,False,False
3071,1024,scene_1.2,scene_1.2_y04,8,route_forward,60.989677419,5.4,10.0425,0.0,0.0,-20.0,-0.34906585,0.0,False,False
3072,1024,scene_1.2,scene_1.2_y04,8,route_right,60.989677419,5.4,10.0425,35.0,0.610865238,-20.0,-0.34906585,35.0,False,False
3073,1025,scene_1.2,scene_1.2_y04,8,route_left,60.989677419,5.4,9.56,235.0,4.101523742,-20.0,-0.34906585,-35.0,False,False
3074,1025,scene_1.2,scene_1.2_y04,8,route_forward,60.989677419,5.4,9.56,270.0,4.71238898,-20.0,-0.34906585,0.0,False,False
3075,1025,scene_1.2,scene_1.2_y04,8,route_right,60.989677419,5.4,9.56,305.0,5.323254219,-20.0,-0.34906585,35.0,False,False
3076,1026,scene_1.2,scene_1.2_y04,8,route_left,62.280322581,5.4,9.56,145.0,2.530727415,-20.0,-0.34906585,-35.0,True,False
3077,1026,scene_1.2,scene_1.2_y04,8,route_forward,62.280322581,5.4,9.56,180.0,3.141592654,-20.0,-0.34906585,0.0,True,False
3078,1026,scene_1.2,scene_1.2_y04,8,route_right,62.280322581,5.4,9.56,215.0,3.752457892,-20.0,-0.34906585,35.0,True,False
3079,1027,scene_1.2,scene_1.2_y04,8,route_left,62.280322581,5.4,10.0425,145.0,2.530727415,-20.0,-0.34906585,-35.0,True,False
3080,1027,scene_1.2,scene_1.2_y04,8,route_forward,62.280322581,5.4,10.0425,180.0,3.141592654,-20.0,-0.34906585,0.0,True,False
3081,1027,scene_1.2,scene_1.2_y04,8,route_right,62.280322581,5.4,10.0425,215.0,3.752457892,-20.0,-0.34906585,35.0,True,False
3082,1028,scene_1.2,scene_1.2_y04,8,route_left,62.280322581,5.4,10.525,145.0,2.530727415,-20.0,-0.34906585,-35.0,True,False
3083,1028,scene_1.2,scene_1.2_y04,8,route_forward,62.280322581,5.4,10.525,180.0,3.141592654,-20.0,-0.34906585,0.0,True,False
3084,1028,scene_1.2,scene_1.2_y04,8,route_right,62.280322581,5.4,10.525,215.0,3.752457892,-20.0,-0.34906585,35.0,True,False
3085,1029,scene_1.2,scene_1.2_y04,8,route_left,62.280322581,5.4,11.0075,145.0,2.530727415,-20.0,-0.34906585,-35.0,True,False
3086,1029,scene_1.2,scene_1.2_y04,8,route_forward,62.280322581,5.4,11.0075,180.0,3.141592654,-20.0,-0.34906585,0.0,True,False
3087,1029,scene_1.2,scene_1.2_y04,8,route_right,62.280322581,5.4,11.0075,215.0,3.752457892,-20.0,-0.34906585,35.0,True,False
3088,1030,scene_1.2,scene_1.2_y04,8,route_left,62.280322581,5.4,11.49,235.0,4.101523742,-20.0,-0.34906585,-35.0,True,False
3089,1030,scene_1.2,scene_1.2_y04,8,route_forward,62.280322581,5.4,11.49,270.0,4.71238898,-20.0,-0.34906585,0.0,True,False
3090,1030,scene_1.2,scene_1.2_y04,8,route_right,62.280322581,5.4,11.49,305.0,5.323254219,-20.0,-0.34906585,35.0,True,False
3091,1031,scene_1.2,scene_1.2_y04,8,route_left,63.570967742,5.4,11.49,325.0,5.672320069,-20.0,-0.34906585,-35.0,False,False
3092,1031,scene_1.2,scene_1.2_y04,8,route_forward,63.570967742,5.4,11.49,0.0,0.0,-20.0,-0.34906585,0.0,False,False
3093,1031,scene_1.2,scene_1.2_y04,8,route_right,63.570967742,5.4,11.49,35.0,0.610865238,-20.0,-0.34906585,35.0,False,False
3094,1032,scene_1.2,scene_1.2_y04,8,route_left,63.570967742,5.4,11.0075,325.0,5.672320069,-20.0,-0.34906585,-35.0,False,False
3095,1032,scene_1.2,scene_1.2_y04,8,route_forward,63.570967742,5.4,11.0075,0.0,0.0,-20.0,-0.34906585,0.0,False,False
3096,1032,scene_1.2,scene_1.2_y04,8,route_right,63.570967742,5.4,11.0075,35.0,0.610865238,-20.0,-0.34906585,35.0,False,False
3097,1033,scene_1.2,scene_1.2_y04,8,route_left,63.570967742,5.4,10.525,325.0,5.672320069,-20.0,-0.34906585,-35.0,False,False
3098,1033,scene_1.2,scene_1.2_y04,8,route_forward,63.570967742,5.4,10.525,0.0,0.0,-20.0,-0.34906585,0.0,False,False
3099,1033,scene_1.2,scene_1.2_y04,8,route_right,63.570967742,5.4,10.525,35.0,0.610865238,-20.0,-0.34906585,35.0,False,False
3100,1034,scene_1.2,scene_1.2_y04,8,route_left,63.570967742,5.4,10.0425,325.0,5.672320069,-20.0,-0.34906585,-35.0,False,False
3101,1034,scene_1.2,scene_1.2_y04,8,route_forward,63.570967742,5.4,10.0425,0.0,0.0,-20.0,-0.34906585,0.0,False,False
3102,1034,scene_1.2,scene_1.2_y04,8,route_right,63.570967742,5.4,10.0425,35.0,0.610865238,-20.0,-0.34906585,35.0,False,False
3103,1035,scene_1.2,scene_1.2_y04,8,route_left,63.570967742,5.4,9.56,235.0,4.101523742,-20.0,-0.34906585,-35.0,False,False
3104,1035,scene_1.2,scene_1.2_y04,8,route_forward,63.570967742,5.4,9.56,270.0,4.71238898,-20.0,-0.34906585,0.0,False,False
3105,1035,scene_1.2,scene_1.2_y04,8,route_right,63.570967742,5.4,9.56,305.0,5.323254219,-20.0,-0.34906585,35.0,False,False
3106,1036,scene_1.2,scene_1.2_y04,8,route_left,64.861612903,5.4,9.56,145.0,2.530727415,-20.0,-0.34906585,-35.0,True,False
3107,1036,scene_1.2,scene_1.2_y04,8,route_forward,64.861612903,5.4,9.56,180.0,3.141592654,-20.0,-0.34906585,0.0,True,False
3108,1036,scene_1.2,scene_1.2_y04,8,route_right,64.861612903,5.4,9.56,215.0,3.752457892,-20.0,-0.34906585,35.0,True,False
3109,1037,scene_1.2,scene_1.2_y04,8,route_left,64.861612903,5.4,10.0425,145.0,2.530727415,-20.0,-0.34906585,-35.0,True,False
3110,1037,scene_1.2,scene_1.2_y04,8,route_forward,64.861612903,5.4,10.0425,180.0,3.141592654,-20.0,-0.34906585,0.0,True,False
3111,1037,scene_1.2,scene_1.2_y04,8,route_right,64.861612903,5.4,10.0425,215.0,3.752457892,-20.0,-0.34906585,35.0,True,False
3112,1038,scene_1.2,scene_1.2_y04,8,route_left,64.861612903,5.4,10.525,145.0,2.530727415,-20.0,-0.34906585,-35.0,True,False
3113,1038,scene_1.2,scene_1.2_y04,8,route_forward,64.861612903,5.4,10.525,180.0,3.141592654,-20.0,-0.34906585,0.0,True,False
3114,1038,scene_1.2,scene_1.2_y04,8,route_right,64.861612903,5.4,10.525,215.0,3.752457892,-20.0,-0.34906585,35.0,True,False
3115,1039,scene_1.2,scene_1.2_y04,8,route_left,64.861612903,5.4,11.0075,145.0,2.530727415,-20.0,-0.34906585,-35.0,True,False
3116,1039,scene_1.2,scene_1.2_y04,8,route_forward,64.861612903,5.4,11.0075,180.0,3.141592654,-20.0,-0.34906585,0.0,True,False
3117,1039,scene_1.2,scene_1.2_y04,8,route_right,64.861612903,5.4,11.0075,215.0,3.752457892,-20.0,-0.34906585,35.0,True,False
3118,1040,scene_1.2,scene_1.2_y04,8,route_left,64.861612903,5.4,11.49,235.0,4.101523742,-20.0,-0.34906585,-35.0,True,False
3119,1040,scene_1.2,scene_1.2_y04,8,route_forward,64.861612903,5.4,11.49,270.0,4.71238898,-20.0,-0.34906585,0.0,True,False
3120,1040,scene_1.2,scene_1.2_y04,8,route_right,64.861612903,5.4,11.49,305.0,5.323254219,-20.0,-0.34906585,35.0,True,False
3121,1041,scene_1.2,scene_1.2_y04,8,route_left,66.152258065,5.4,11.49,325.0,5.672320069,-20.0,-0.34906585,-35.0,False,False
3122,1041,scene_1.2,scene_1.2_y04,8,route_forward,66.152258065,5.4,11.49,0.0,0.0,-20.0,-0.34906585,0.0,False,False
3123,1041,scene_1.2,scene_1.2_y04,8,route_right,66.152258065,5.4,11.49,35.0,0.610865238,-20.0,-0.34906585,35.0,False,False
3124,1042,scene_1.2,scene_1.2_y04,8,route_left,66.152258065,5.4,11.0075,325.0,5.672320069,-20.0,-0.34906585,-35.0,False,False
3125,1042,scene_1.2,scene_1.2_y04,8,route_forward,66.152258065,5.4,11.0075,0.0,0.0,-20.0,-0.34906585,0.0,False,False
3126,1042,scene_1.2,scene_1.2_y04,8,route_right,66.152258065,5.4,11.0075,35.0,0.610865238,-20.0,-0.34906585,35.0,False,False
3127,1043,scene_1.2,scene_1.2_y04,8,route_left,66.152258065,5.4,10.525,325.0,5.672320069,-20.0,-0.34906585,-35.0,False,False
3128,1043,scene_1.2,scene_1.2_y04,8,route_forward,66.152258065,5.4,10.525,0.0,0.0,-20.0,-0.34906585,0.0,False,False
3129,1043,scene_1.2,scene_1.2_y04,8,route_right,66.152258065,5.4,10.525,35.0,0.610865238,-20.0,-0.34906585,35.0,False,False
3130,1044,scene_1.2,scene_1.2_y04,8,route_left,66.152258065,5.4,10.0425,325.0,5.672320069,-20.0,-0.34906585,-35.0,False,False
3131,1044,scene_1.2,scene_1.2_y04,8,route_forward,66.152258065,5.4,10.0425,0.0,0.0,-20.0,-0.34906585,0.0,False,False
3132,1044,scene_1.2,scene_1.2_y04,8,route_right,66.152258065,5.4,10.0425,35.0,0.610865238,-20.0,-0.34906585,35.0,False,False
3133,1045,scene_1.2,scene_1.2_y04,8,route_left,66.152258065,5.4,9.56,235.0,4.101523742,-20.0,-0.34906585,-35.0,False,False
3134,1045,scene_1.2,scene_1.2_y04,8,route_forward,66.152258065,5.4,9.56,270.0,4.71238898,-20.0,-0.34906585,0.0,False,False
3135,1045,scene_1.2,scene_1.2_y04,8,route_right,66.152258065,5.4,9.56,305.0,5.323254219,-20.0,-0.34906585,35.0,False,False
3136,1046,scene_1.2,scene_1.2_y04,8,route_left,67.442903226,5.4,9.56,145.0,2.530727415,-20.0,-0.34906585,-35.0,True,False
3137,1046,scene_1.2,scene_1.2_y04,8,route_forward,67.442903226,5.4,9.56,180.0,3.141592654,-20.0,-0.34906585,0.0,True,False
3138,1046,scene_1.2,scene_1.2_y04,8,route_right,67.442903226,5.4,9.56,215.0,3.752457892,-20.0,-0.34906585,35.0,True,False
3139,1047,scene_1.2,scene_1.2_y04,8,route_left,67.442903226,5.4,10.0425,145.0,2.530727415,-20.0,-0.34906585,-35.0,True,False
3140,1047,scene_1.2,scene_1.2_y04,8,route_forward,67.442903226,5.4,10.0425,180.0,3.141592654,-20.0,-0.34906585,0.0,True,False
3141,1047,scene_1.2,scene_1.2_y04,8,route_right,67.442903226,5.4,10.0425,215.0,3.752457892,-20.0,-0.34906585,35.0,True,False
3142,1048,scene_1.2,scene_1.2_y04,8,route_left,67.442903226,5.4,10.525,145.0,2.530727415,-20.0,-0.34906585,-35.0,True,False
3143,1048,scene_1.2,scene_1.2_y04,8,route_forward,67.442903226,5.4,10.525,180.0,3.141592654,-20.0,-0.34906585,0.0,True,False
3144,1048,scene_1.2,scene_1.2_y04,8,route_right,67.442903226,5.4,10.525,215.0,3.752457892,-20.0,-0.34906585,35.0,True,False
3145,1049,scene_1.2,scene_1.2_y04,8,route_left,67.442903226,5.4,11.0075,145.0,2.530727415,-20.0,-0.34906585,-35.0,True,False
3146,1049,scene_1.2,scene_1.2_y04,8,route_forward,67.442903226,5.4,11.0075,180.0,3.141592654,-20.0,-0.34906585,0.0,True,False
3147,1049,scene_1.2,scene_1.2_y04,8,route_right,67.442903226,5.4,11.0075,215.0,3.752457892,-20.0,-0.34906585,35.0,True,False
3148,1050,scene_1.2,scene_1.2_y04,8,route_left,67.442903226,5.4,11.49,235.0,4.101523742,-20.0,-0.34906585,-35.0,True,False
3149,1050,scene_1.2,scene_1.2_y04,8,route_forward,67.442903226,5.4,11.49,270.0,4.71238898,-20.0,-0.34906585,0.0,True,False
3150,1050,scene_1.2,scene_1.2_y04,8,route_right,67.442903226,5.4,11.49,305.0,5.323254219,-20.0,-0.34906585,35.0,True,False
3151,1051,scene_1.2,scene_1.2_y04,8,route_left,68.733548387,5.4,11.49,325.0,5.672320069,-20.0,-0.34906585,-35.0,False,False
3152,1051,scene_1.2,scene_1.2_y04,8,route_forward,68.733548387,5.4,11.49,0.0,0.0,-20.0,-0.34906585,0.0,False,False
3153,1051,scene_1.2,scene_1.2_y04,8,route_right,68.733548387,5.4,11.49,35.0,0.610865238,-20.0,-0.34906585,35.0,False,False
3154,1052,scene_1.2,scene_1.2_y04,8,route_left,68.733548387,5.4,11.0075,325.0,5.672320069,-20.0,-0.34906585,-35.0,False,False
3155,1052,scene_1.2,scene_1.2_y04,8,route_forward,68.733548387,5.4,11.0075,0.0,0.0,-20.0,-0.34906585,0.0,False,False
3156,1052,scene_1.2,scene_1.2_y04,8,route_right,68.733548387,5.4,11.0075,35.0,0.610865238,-20.0,-0.34906585,35.0,False,False
3157,1053,scene_1.2,scene_1.2_y04,8,route_left,68.733548387,5.4,10.525,325.0,5.672320069,-20.0,-0.34906585,-35.0,False,False
3158,1053,scene_1.2,scene_1.2_y04,8,route_forward,68.733548387,5.4,10.525,0.0,0.0,-20.0,-0.34906585,0.0,False,False
3159,1053,scene_1.2,scene_1.2_y04,8,route_right,68.733548387,5.4,10.525,35.0,0.610865238,-20.0,-0.34906585,35.0,False,False
3160,1054,scene_1.2,scene_1.2_y04,8,route_left,68.733548387,5.4,10.0425,325.0,5.672320069,-20.0,-0.34906585,-35.0,False,False
3161,1054,scene_1.2,scene_1.2_y04,8,route_forward,68.733548387,5.4,10.0425,0.0,0.0,-20.0,-0.34906585,0.0,False,False
3162,1054,scene_1.2,scene_1.2_y04,8,route_right,68.733548387,5.4,10.0425,35.0,0.610865238,-20.0,-0.34906585,35.0,False,False
3163,1055,scene_1.2,scene_1.2_y04,8,route_left,68.733548387,5.4,9.56,235.0,4.101523742,-20.0,-0.34906585,-35.0,False,False
3164,1055,scene_1.2,scene_1.2_y04,8,route_forward,68.733548387,5.4,9.56,270.0,4.71238898,-20.0,-0.34906585,0.0,False,False
3165,1055,scene_1.2,scene_1.2_y04,8,route_right,68.733548387,5.4,9.56,305.0,5.323254219,-20.0,-0.34906585,35.0,False,False
3166,1056,scene_1.2,scene_1.2_y04,8,route_left,70.024193548,5.4,9.56,145.0,2.530727415,-20.0,-0.34906585,-35.0,True,False
3167,1056,scene_1.2,scene_1.2_y04,8,route_forward,70.024193548,5.4,9.56,180.0,3.141592654,-20.0,-0.34906585,0.0,True,False
3168,1056,scene_1.2,scene_1.2_y04,8,route_right,70.024193548,5.4,9.56,215.0,3.752457892,-20.0,-0.34906585,35.0,True,False
3169,1057,scene_1.2,scene_1.2_y04,8,route_left,70.024193548,5.4,10.0425,145.0,2.530727415,-20.0,-0.34906585,-35.0,True,False
3170,1057,scene_1.2,scene_1.2_y04,8,route_forward,70.024193548,5.4,10.0425,180.0,3.141592654,-20.0,-0.34906585,0.0,True,False
3171,1057,scene_1.2,scene_1.2_y04,8,route_right,70.024193548,5.4,10.0425,215.0,3.752457892,-20.0,-0.34906585,35.0,True,False
3172,1058,scene_1.2,scene_1.2_y04,8,route_left,70.024193548,5.4,10.525,145.0,2.530727415,-20.0,-0.34906585,-35.0,True,False
3173,1058,scene_1.2,scene_1.2_y04,8,route_forward,70.024193548,5.4,10.525,180.0,3.141592654,-20.0,-0.34906585,0.0,True,False
3174,1058,scene_1.2,scene_1.2_y04,8,route_right,70.024193548,5.4,10.525,215.0,3.752457892,-20.0,-0.34906585,35.0,True,False
3175,1059,scene_1.2,scene_1.2_y04,8,route_left,70.024193548,5.4,11.0075,145.0,2.530727415,-20.0,-0.34906585,-35.0,True,False
3176,1059,scene_1.2,scene_1.2_y04,8,route_forward,70.024193548,5.4,11.0075,180.0,3.141592654,-20.0,-0.34906585,0.0,True,False
3177,1059,scene_1.2,scene_1.2_y04,8,route_right,70.024193548,5.4,11.0075,215.0,3.752457892,-20.0,-0.34906585,35.0,True,False
3178,1060,scene_1.2,scene_1.2_y04,8,route_left,70.024193548,5.4,11.49,235.0,4.101523742,-20.0,-0.34906585,-35.0,True,False
3179,1060,scene_1.2,scene_1.2_y04,8,route_forward,70.024193548,5.4,11.49,270.0,4.71238898,-20.0,-0.34906585,0.0,True,False
3180,1060,scene_1.2,scene_1.2_y04,8,route_right,70.024193548,5.4,11.49,305.0,5.323254219,-20.0,-0.34906585,35.0,True,False
3181,1061,scene_1.2,scene_1.2_y04,8,route_left,71.31483871,5.4,11.49,325.0,5.672320069,-20.0,-0.34906585,-35.0,False,False
3182,1061,scene_1.2,scene_1.2_y04,8,route_forward,71.31483871,5.4,11.49,0.0,0.0,-20.0,-0.34906585,0.0,False,False
3183,1061,scene_1.2,scene_1.2_y04,8,route_right,71.31483871,5.4,11.49,35.0,0.610865238,-20.0,-0.34906585,35.0,False,False
3184,1062,scene_1.2,scene_1.2_y04,8,route_left,71.31483871,5.4,11.0075,325.0,5.672320069,-20.0,-0.34906585,-35.0,False,False
3185,1062,scene_1.2,scene_1.2_y04,8,route_forward,71.31483871,5.4,11.0075,0.0,0.0,-20.0,-0.34906585,0.0,False,False
3186,1062,scene_1.2,scene_1.2_y04,8,route_right,71.31483871,5.4,11.0075,35.0,0.610865238,-20.0,-0.34906585,35.0,False,False
3187,1063,scene_1.2,scene_1.2_y04,8,route_left,71.31483871,5.4,10.525,325.0,5.672320069,-20.0,-0.34906585,-35.0,False,False
3188,1063,scene_1.2,scene_1.2_y04,8,route_forward,71.31483871,5.4,10.525,0.0,0.0,-20.0,-0.34906585,0.0,False,False
3189,1063,scene_1.2,scene_1.2_y04,8,route_right,71.31483871,5.4,10.525,35.0,0.610865238,-20.0,-0.34906585,35.0,False,False
3190,1064,scene_1.2,scene_1.2_y04,8,route_left,71.31483871,5.4,10.0425,325.0,5.672320069,-20.0,-0.34906585,-35.0,False,False
3191,1064,scene_1.2,scene_1.2_y04,8,route_forward,71.31483871,5.4,10.0425,0.0,0.0,-20.0,-0.34906585,0.0,False,False
3192,1064,scene_1.2,scene_1.2_y04,8,route_right,71.31483871,5.4,10.0425,35.0,0.610865238,-20.0,-0.34906585,35.0,False,False
3193,1065,scene_1.2,scene_1.2_y04,8,route_left,71.31483871,5.4,9.56,235.0,4.101523742,-20.0,-0.34906585,-35.0,False,False
3194,1065,scene_1.2,scene_1.2_y04,8,route_forward,71.31483871,5.4,9.56,270.0,4.71238898,-20.0,-0.34906585,0.0,False,False
3195,1065,scene_1.2,scene_1.2_y04,8,route_right,71.31483871,5.4,9.56,305.0,5.323254219,-20.0,-0.34906585,35.0,False,False
3196,1066,scene_1.2,scene_1.2_y04,8,route_left,72.605483871,5.4,9.56,145.0,2.530727415,-20.0,-0.34906585,-35.0,True,False
3197,1066,scene_1.2,scene_1.2_y04,8,route_forward,72.605483871,5.4,9.56,180.0,3.141592654,-20.0,-0.34906585,0.0,True,False
3198,1066,scene_1.2,scene_1.2_y04,8,route_right,72.605483871,5.4,9.56,215.0,3.752457892,-20.0,-0.34906585,35.0,True,False
3199,1067,scene_1.2,scene_1.2_y04,8,route_left,72.605483871,5.4,10.0425,145.0,2.530727415,-20.0,-0.34906585,-35.0,True,False
3200,1067,scene_1.2,scene_1.2_y04,8,route_forward,72.605483871,5.4,10.0425,180.0,3.141592654,-20.0,-0.34906585,0.0,True,False
3201,1067,scene_1.2,scene_1.2_y04,8,route_right,72.605483871,5.4,10.0425,215.0,3.752457892,-20.0,-0.34906585,35.0,True,False
3202,1068,scene_1.2,scene_1.2_y04,8,route_left,72.605483871,5.4,10.525,145.0,2.530727415,-20.0,-0.34906585,-35.0,True,False
3203,1068,scene_1.2,scene_1.2_y04,8,route_forward,72.605483871,5.4,10.525,180.0,3.141592654,-20.0,-0.34906585,0.0,True,False
3204,1068,scene_1.2,scene_1.2_y04,8,route_right,72.605483871,5.4,10.525,215.0,3.752457892,-20.0,-0.34906585,35.0,True,False
3205,1069,scene_1.2,scene_1.2_y04,8,route_left,72.605483871,5.4,11.0075,145.0,2.530727415,-20.0,-0.34906585,-35.0,True,False
3206,1069,scene_1.2,scene_1.2_y04,8,route_forward,72.605483871,5.4,11.0075,180.0,3.141592654,-20.0,-0.34906585,0.0,True,False
3207,1069,scene_1.2,scene_1.2_y04,8,route_right,72.605483871,5.4,11.0075,215.0,3.752457892,-20.0,-0.34906585,35.0,True,False
3208,1070,scene_1.2,scene_1.2_y04,8,route_left,72.605483871,5.4,11.49,235.0,4.101523742,-20.0,-0.34906585,-35.0,True,False
3209,1070,scene_1.2,scene_1.2_y04,8,route_forward,72.605483871,5.4,11.49,270.0,4.71238898,-20.0,-0.34906585,0.0,True,False
3210,1070,scene_1.2,scene_1.2_y04,8,route_right,72.605483871,5.4,11.49,305.0,5.323254219,-20.0,-0.34906585,35.0,True,False
3211,1071,scene_1.2,scene_1.2_y04,8,route_left,73.896129032,5.4,11.49,325.0,5.672320069,-20.0,-0.34906585,-35.0,False,False
3212,1071,scene_1.2,scene_1.2_y04,8,route_forward,73.896129032,5.4,11.49,0.0,0.0,-20.0,-0.34906585,0.0,False,False
3213,1071,scene_1.2,scene_1.2_y04,8,route_right,73.896129032,5.4,11.49,35.0,0.610865238,-20.0,-0.34906585,35.0,False,False
3214,1072,scene_1.2,scene_1.2_y04,8,route_left,73.896129032,5.4,11.0075,325.0,5.672320069,-20.0,-0.34906585,-35.0,False,False
3215,1072,scene_1.2,scene_1.2_y04,8,route_forward,73.896129032,5.4,11.0075,0.0,0.0,-20.0,-0.34906585,0.0,False,False
3216,1072,scene_1.2,scene_1.2_y04,8,route_right,73.896129032,5.4,11.0075,35.0,0.610865238,-20.0,-0.34906585,35.0,False,False
3217,1073,scene_1.2,scene_1.2_y04,8,route_left,73.896129032,5.4,10.525,325.0,5.672320069,-20.0,-0.34906585,-35.0,False,False
3218,1073,scene_1.2,scene_1.2_y04,8,route_forward,73.896129032,5.4,10.525,0.0,0.0,-20.0,-0.34906585,0.0,False,False
3219,1073,scene_1.2,scene_1.2_y04,8,route_right,73.896129032,5.4,10.525,35.0,0.610865238,-20.0,-0.34906585,35.0,False,False
3220,1074,scene_1.2,scene_1.2_y04,8,route_left,73.896129032,5.4,10.0425,325.0,5.672320069,-20.0,-0.34906585,-35.0,False,False
3221,1074,scene_1.2,scene_1.2_y04,8,route_forward,73.896129032,5.4,10.0425,0.0,0.0,-20.0,-0.34906585,0.0,False,False
3222,1074,scene_1.2,scene_1.2_y04,8,route_right,73.896129032,5.4,10.0425,35.0,0.610865238,-20.0,-0.34906585,35.0,False,False
3223,1075,scene_1.2,scene_1.2_y04,8,route_left,73.896129032,5.4,9.56,235.0,4.101523742,-20.0,-0.34906585,-35.0,False,False
3224,1075,scene_1.2,scene_1.2_y04,8,route_forward,73.896129032,5.4,9.56,270.0,4.71238898,-20.0,-0.34906585,0.0,False,False
3225,1075,scene_1.2,scene_1.2_y04,8,route_right,73.896129032,5.4,9.56,305.0,5.323254219,-20.0,-0.34906585,35.0,False,False
3226,1076,scene_1.2,scene_1.2_y04,8,route_left,75.186774194,5.4,9.56,145.0,2.530727415,-20.0,-0.34906585,-35.0,True,False
3227,1076,scene_1.2,scene_1.2_y04,8,route_forward,75.186774194,5.4,9.56,180.0,3.141592654,-20.0,-0.34906585,0.0,True,False
3228,1076,scene_1.2,scene_1.2_y04,8,route_right,75.186774194,5.4,9.56,215.0,3.752457892,-20.0,-0.34906585,35.0,True,False
3229,1077,scene_1.2,scene_1.2_y04,8,route_left,75.186774194,5.4,10.0425,145.0,2.530727415,-20.0,-0.34906585,-35.0,True,False
3230,1077,scene_1.2,scene_1.2_y04,8,route_forward,75.186774194,5.4,10.0425,180.0,3.141592654,-20.0,-0.34906585,0.0,True,False
3231,1077,scene_1.2,scene_1.2_y04,8,route_right,75.186774194,5.4,10.0425,215.0,3.752457892,-20.0,-0.34906585,35.0,True,False
3232,1078,scene_1.2,scene_1.2_y04,8,route_left,75.186774194,5.4,10.525,145.0,2.530727415,-20.0,-0.34906585,-35.0,True,False
3233,1078,scene_1.2,scene_1.2_y04,8,route_forward,75.186774194,5.4,10.525,180.0,3.141592654,-20.0,-0.34906585,0.0,True,False
3234,1078,scene_1.2,scene_1.2_y04,8,route_right,75.186774194,5.4,10.525,215.0,3.752457892,-20.0,-0.34906585,35.0,True,False
3235,1079,scene_1.2,scene_1.2_y04,8,route_left,75.186774194,5.4,11.0075,145.0,2.530727415,-20.0,-0.34906585,-35.0,True,False
3236,1079,scene_1.2,scene_1.2_y04,8,route_forward,75.186774194,5.4,11.0075,180.0,3.141592654,-20.0,-0.34906585,0.0,True,False
3237,1079,scene_1.2,scene_1.2_y04,8,route_right,75.186774194,5.4,11.0075,215.0,3.752457892,-20.0,-0.34906585,35.0,True,False
3238,1080,scene_1.2,scene_1.2_y04,8,route_left,75.186774194,5.4,11.49,235.0,4.101523742,-20.0,-0.34906585,-35.0,True,False
3239,1080,scene_1.2,scene_1.2_y04,8,route_forward,75.186774194,5.4,11.49,270.0,4.71238898,-20.0,-0.34906585,0.0,True,False
3240,1080,scene_1.2,scene_1.2_y04,8,route_right,75.186774194,5.4,11.49,305.0,5.323254219,-20.0,-0.34906585,35.0,True,False
3241,1081,scene_1.2,scene_1.2_y04,8,route_left,76.477419355,5.4,11.49,325.0,5.672320069,-20.0,-0.34906585,-35.0,False,False
3242,1081,scene_1.2,scene_1.2_y04,8,route_forward,76.477419355,5.4,11.49,0.0,0.0,-20.0,-0.34906585,0.0,False,False
3243,1081,scene_1.2,scene_1.2_y04,8,route_right,76.477419355,5.4,11.49,35.0,0.610865238,-20.0,-0.34906585,35.0,False,False
3244,1082,scene_1.2,scene_1.2_y04,8,route_left,76.477419355,5.4,11.0075,325.0,5.672320069,-20.0,-0.34906585,-35.0,False,False
3245,1082,scene_1.2,scene_1.2_y04,8,route_forward,76.477419355,5.4,11.0075,0.0,0.0,-20.0,-0.34906585,0.0,False,False
3246,1082,scene_1.2,scene_1.2_y04,8,route_right,76.477419355,5.4,11.0075,35.0,0.610865238,-20.0,-0.34906585,35.0,False,False
3247,1083,scene_1.2,scene_1.2_y04,8,route_left,76.477419355,5.4,10.525,325.0,5.672320069,-20.0,-0.34906585,-35.0,False,False
3248,1083,scene_1.2,scene_1.2_y04,8,route_forward,76.477419355,5.4,10.525,0.0,0.0,-20.0,-0.34906585,0.0,False,False
3249,1083,scene_1.2,scene_1.2_y04,8,route_right,76.477419355,5.4,10.525,35.0,0.610865238,-20.0,-0.34906585,35.0,False,False
3250,1084,scene_1.2,scene_1.2_y04,8,route_left,76.477419355,5.4,10.0425,325.0,5.672320069,-20.0,-0.34906585,-35.0,False,False
3251,1084,scene_1.2,scene_1.2_y04,8,route_forward,76.477419355,5.4,10.0425,0.0,0.0,-20.0,-0.34906585,0.0,False,False
3252,1084,scene_1.2,scene_1.2_y04,8,route_right,76.477419355,5.4,10.0425,35.0,0.610865238,-20.0,-0.34906585,35.0,False,False
3253,1085,scene_1.2,scene_1.2_y04,8,route_left,76.477419355,5.4,9.56,235.0,4.101523742,-20.0,-0.34906585,-35.0,False,False
3254,1085,scene_1.2,scene_1.2_y04,8,route_forward,76.477419355,5.4,9.56,270.0,4.71238898,-20.0,-0.34906585,0.0,False,False
3255,1085,scene_1.2,scene_1.2_y04,8,route_right,76.477419355,5.4,9.56,305.0,5.323254219,-20.0,-0.34906585,35.0,False,False
3256,1086,scene_1.2,scene_1.2_y04,8,route_left,77.768064516,5.4,9.56,145.0,2.530727415,-20.0,-0.34906585,-35.0,True,False
3257,1086,scene_1.2,scene_1.2_y04,8,route_forward,77.768064516,5.4,9.56,180.0,3.141592654,-20.0,-0.34906585,0.0,True,False
3258,1086,scene_1.2,scene_1.2_y04,8,route_right,77.768064516,5.4,9.56,215.0,3.752457892,-20.0,-0.34906585,35.0,True,False
3259,1087,scene_1.2,scene_1.2_y04,8,route_left,77.768064516,5.4,10.0425,145.0,2.530727415,-20.0,-0.34906585,-35.0,True,False
3260,1087,scene_1.2,scene_1.2_y04,8,route_forward,77.768064516,5.4,10.0425,180.0,3.141592654,-20.0,-0.34906585,0.0,True,False
3261,1087,scene_1.2,scene_1.2_y04,8,route_right,77.768064516,5.4,10.0425,215.0,3.752457892,-20.0,-0.34906585,35.0,True,False
3262,1088,scene_1.2,scene_1.2_y04,8,route_left,77.768064516,5.4,10.525,145.0,2.530727415,-20.0,-0.34906585,-35.0,True,False
3263,1088,scene_1.2,scene_1.2_y04,8,route_forward,77.768064516,5.4,10.525,180.0,3.141592654,-20.0,-0.34906585,0.0,True,False
3264,1088,scene_1.2,scene_1.2_y04,8,route_right,77.768064516,5.4,10.525,215.0,3.752457892,-20.0,-0.34906585,35.0,True,False
3265,1089,scene_1.2,scene_1.2_y04,8,route_left,77.768064516,5.4,11.0075,145.0,2.530727415,-20.0,-0.34906585,-35.0,True,False
3266,1089,scene_1.2,scene_1.2_y04,8,route_forward,77.768064516,5.4,11.0075,180.0,3.141592654,-20.0,-0.34906585,0.0,True,False
3267,1089,scene_1.2,scene_1.2_y04,8,route_right,77.768064516,5.4,11.0075,215.0,3.752457892,-20.0,-0.34906585,35.0,True,False
3268,1090,scene_1.2,scene_1.2_y04,8,route_left,77.768064516,5.4,11.49,235.0,4.101523742,-20.0,-0.34906585,-35.0,True,False
3269,1090,scene_1.2,scene_1.2_y04,8,route_forward,77.768064516,5.4,11.49,270.0,4.71238898,-20.0,-0.34906585,0.0,True,False
3270,1090,scene_1.2,scene_1.2_y04,8,route_right,77.768064516,5.4,11.49,305.0,5.323254219,-20.0,-0.34906585,35.0,True,False
3271,1091,scene_1.2,scene_1.2_y04,8,route_left,79.058709677,5.4,11.49,325.0,5.672320069,-20.0,-0.34906585,-35.0,False,False
3272,1091,scene_1.2,scene_1.2_y04,8,route_forward,79.058709677,5.4,11.49,0.0,0.0,-20.0,-0.34906585,0.0,False,False
3273,1091,scene_1.2,scene_1.2_y04,8,route_right,79.058709677,5.4,11.49,35.0,0.610865238,-20.0,-0.34906585,35.0,False,False
3274,1092,scene_1.2,scene_1.2_y04,8,route_left,79.058709677,5.4,11.0075,325.0,5.672320069,-20.0,-0.34906585,-35.0,False,False
3275,1092,scene_1.2,scene_1.2_y04,8,route_forward,79.058709677,5.4,11.0075,0.0,0.0,-20.0,-0.34906585,0.0,False,False
3276,1092,scene_1.2,scene_1.2_y04,8,route_right,79.058709677,5.4,11.0075,35.0,0.610865238,-20.0,-0.34906585,35.0,False,False
3277,1093,scene_1.2,scene_1.2_y04,8,route_left,79.058709677,5.4,10.525,325.0,5.672320069,-20.0,-0.34906585,-35.0,False,False
3278,1093,scene_1.2,scene_1.2_y04,8,route_forward,79.058709677,5.4,10.525,0.0,0.0,-20.0,-0.34906585,0.0,False,False
3279,1093,scene_1.2,scene_1.2_y04,8,route_right,79.058709677,5.4,10.525,35.0,0.610865238,-20.0,-0.34906585,35.0,False,False
3280,1094,scene_1.2,scene_1.2_y04,8,route_left,79.058709677,5.4,10.0425,325.0,5.672320069,-20.0,-0.34906585,-35.0,False,False
3281,1094,scene_1.2,scene_1.2_y04,8,route_forward,79.058709677,5.4,10.0425,0.0,0.0,-20.0,-0.34906585,0.0,False,False
3282,1094,scene_1.2,scene_1.2_y04,8,route_right,79.058709677,5.4,10.0425,35.0,0.610865238,-20.0,-0.34906585,35.0,False,False
3283,1095,scene_1.2,scene_1.2_y04,8,route_left,79.058709677,5.4,9.56,235.0,4.101523742,-20.0,-0.34906585,-35.0,False,False
3284,1095,scene_1.2,scene_1.2_y04,8,route_forward,79.058709677,5.4,9.56,270.0,4.71238898,-20.0,-0.34906585,0.0,False,False
3285,1095,scene_1.2,scene_1.2_y04,8,route_right,79.058709677,5.4,9.56,305.0,5.323254219,-20.0,-0.34906585,35.0,False,False
3286,1096,scene_1.2,scene_1.2_y04,8,route_left,80.349354839,5.4,9.56,145.0,2.530727415,-20.0,-0.34906585,-35.0,True,False
3287,1096,scene_1.2,scene_1.2_y04,8,route_forward,80.349354839,5.4,9.56,180.0,3.141592654,-20.0,-0.34906585,0.0,True,False
3288,1096,scene_1.2,scene_1.2_y04,8,route_right,80.349354839,5.4,9.56,215.0,3.752457892,-20.0,-0.34906585,35.0,True,False
3289,1097,scene_1.2,scene_1.2_y04,8,route_left,80.349354839,5.4,10.0425,145.0,2.530727415,-20.0,-0.34906585,-35.0,True,False
3290,1097,scene_1.2,scene_1.2_y04,8,route_forward,80.349354839,5.4,10.0425,180.0,3.141592654,-20.0,-0.34906585,0.0,True,False
3291,1097,scene_1.2,scene_1.2_y04,8,route_right,80.349354839,5.4,10.0425,215.0,3.752457892,-20.0,-0.34906585,35.0,True,False
3292,1098,scene_1.2,scene_1.2_y04,8,route_left,80.349354839,5.4,10.525,145.0,2.530727415,-20.0,-0.34906585,-35.0,True,False
3293,1098,scene_1.2,scene_1.2_y04,8,route_forward,80.349354839,5.4,10.525,180.0,3.141592654,-20.0,-0.34906585,0.0,True,False
3294,1098,scene_1.2,scene_1.2_y04,8,route_right,80.349354839,5.4,10.525,215.0,3.752457892,-20.0,-0.34906585,35.0,True,False
3295,1099,scene_1.2,scene_1.2_y04,8,route_left,80.349354839,5.4,11.0075,145.0,2.530727415,-20.0,-0.34906585,-35.0,True,False
3296,1099,scene_1.2,scene_1.2_y04,8,route_forward,80.349354839,5.4,11.0075,180.0,3.141592654,-20.0,-0.34906585,0.0,True,False
3297,1099,scene_1.2,scene_1.2_y04,8,route_right,80.349354839,5.4,11.0075,215.0,3.752457892,-20.0,-0.34906585,35.0,True,False
3298,1100,scene_1.2,scene_1.2_y04,8,route_left,80.349354839,5.4,11.49,235.0,4.101523742,-20.0,-0.34906585,-35.0,True,False
3299,1100,scene_1.2,scene_1.2_y04,8,route_forward,80.349354839,5.4,11.49,270.0,4.71238898,-20.0,-0.34906585,0.0,True,False
3300,1100,scene_1.2,scene_1.2_y04,8,route_right,80.349354839,5.4,11.49,305.0,5.323254219,-20.0,-0.34906585,35.0,True,False
3301,1101,scene_1.2,scene_1.2_y04,8,route_left,81.64,5.4,11.49,325.0,5.672320069,-20.0,-0.34906585,-35.0,False,False
3302,1101,scene_1.2,scene_1.2_y04,8,route_forward,81.64,5.4,11.49,0.0,0.0,-20.0,-0.34906585,0.0,False,False
3303,1101,scene_1.2,scene_1.2_y04,8,route_right,81.64,5.4,11.49,35.0,0.610865238,-20.0,-0.34906585,35.0,False,False
3304,1102,scene_1.2,scene_1.2_y04,8,route_left,81.64,5.4,11.0075,325.0,5.672320069,-20.0,-0.34906585,-35.0,False,False
3305,1102,scene_1.2,scene_1.2_y04,8,route_forward,81.64,5.4,11.0075,0.0,0.0,-20.0,-0.34906585,0.0,False,False
3306,1102,scene_1.2,scene_1.2_y04,8,route_right,81.64,5.4,11.0075,35.0,0.610865238,-20.0,-0.34906585,35.0,False,False
3307,1103,scene_1.2,scene_1.2_y04,8,route_left,81.64,5.4,10.525,325.0,5.672320069,-20.0,-0.34906585,-35.0,False,False
3308,1103,scene_1.2,scene_1.2_y04,8,route_forward,81.64,5.4,10.525,0.0,0.0,-20.0,-0.34906585,0.0,False,False
3309,1103,scene_1.2,scene_1.2_y04,8,route_right,81.64,5.4,10.525,35.0,0.610865238,-20.0,-0.34906585,35.0,False,False
3310,1104,scene_1.2,scene_1.2_y04,8,route_left,81.64,5.4,10.0425,325.0,5.672320069,-20.0,-0.34906585,-35.0,False,False
3311,1104,scene_1.2,scene_1.2_y04,8,route_forward,81.64,5.4,10.0425,0.0,0.0,-20.0,-0.34906585,0.0,False,False
3312,1104,scene_1.2,scene_1.2_y04,8,route_right,81.64,5.4,10.0425,35.0,0.610865238,-20.0,-0.34906585,35.0,False,False
3313,1105,scene_1.2,scene_1.2_y04,8,route_left,81.64,5.4,9.56,235.0,4.101523742,-20.0,-0.34906585,-35.0,False,False
3314,1105,scene_1.2,scene_1.2_y04,8,route_forward,81.64,5.4,9.56,270.0,4.71238898,-20.0,-0.34906585,0.0,False,False
3315,1105,scene_1.2,scene_1.2_y04,8,route_right,81.64,5.4,9.56,305.0,5.323254219,-20.0,-0.34906585,35.0,False,False
3316,1106,scene_1.2,scene_1.2_y04,8,route_left,82.930645161,5.4,9.56,145.0,2.530727415,-20.0,-0.34906585,-35.0,True,False
3317,1106,scene_1.2,scene_1.2_y04,8,route_forward,82.930645161,5.4,9.56,180.0,3.141592654,-20.0,-0.34906585,0.0,True,False
3318,1106,scene_1.2,scene_1.2_y04,8,route_right,82.930645161,5.4,9.56,215.0,3.752457892,-20.0,-0.34906585,35.0,True,False
3319,1107,scene_1.2,scene_1.2_y04,8,route_left,82.930645161,5.4,10.0425,145.0,2.530727415,-20.0,-0.34906585,-35.0,True,False
3320,1107,scene_1.2,scene_1.2_y04,8,route_forward,82.930645161,5.4,10.0425,180.0,3.141592654,-20.0,-0.34906585,0.0,True,False
3321,1107,scene_1.2,scene_1.2_y04,8,route_right,82.930645161,5.4,10.0425,215.0,3.752457892,-20.0,-0.34906585,35.0,True,False
3322,1108,scene_1.2,scene_1.2_y04,8,route_left,82.930645161,5.4,10.525,145.0,2.530727415,-20.0,-0.34906585,-35.0,True,False
3323,1108,scene_1.2,scene_1.2_y04,8,route_forward,82.930645161,5.4,10.525,180.0,3.141592654,-20.0,-0.34906585,0.0,True,False
3324,1108,scene_1.2,scene_1.2_y04,8,route_right,82.930645161,5.4,10.525,215.0,3.752457892,-20.0,-0.34906585,35.0,True,False
3325,1109,scene_1.2,scene_1.2_y04,8,route_left,82.930645161,5.4,11.0075,145.0,2.530727415,-20.0,-0.34906585,-35.0,True,False
3326,1109,scene_1.2,scene_1.2_y04,8,route_forward,82.930645161,5.4,11.0075,180.0,3.141592654,-20.0,-0.34906585,0.0,True,False
3327,1109,scene_1.2,scene_1.2_y04,8,route_right,82.930645161,5.4,11.0075,215.0,3.752457892,-20.0,-0.34906585,35.0,True,False
3328,1110,scene_1.2,scene_1.2_y04,8,route_left,82.930645161,5.4,11.49,235.0,4.101523742,-20.0,-0.34906585,-35.0,True,False
3329,1110,scene_1.2,scene_1.2_y04,8,route_forward,82.930645161,5.4,11.49,270.0,4.71238898,-20.0,-0.34906585,0.0,True,False
3330,1110,scene_1.2,scene_1.2_y04,8,route_right,82.930645161,5.4,11.49,305.0,5.323254219,-20.0,-0.34906585,35.0,True,False
3331,1111,scene_1.2,scene_1.2_y04,8,route_left,84.221290323,5.4,11.49,325.0,5.672320069,-20.0,-0.34906585,-35.0,False,False
3332,1111,scene_1.2,scene_1.2_y04,8,route_forward,84.221290323,5.4,11.49,0.0,0.0,-20.0,-0.34906585,0.0,False,False
3333,1111,scene_1.2,scene_1.2_y04,8,route_right,84.221290323,5.4,11.49,35.0,0.610865238,-20.0,-0.34906585,35.0,False,False
3334,1112,scene_1.2,scene_1.2_y04,8,route_left,84.221290323,5.4,11.0075,325.0,5.672320069,-20.0,-0.34906585,-35.0,False,False
3335,1112,scene_1.2,scene_1.2_y04,8,route_forward,84.221290323,5.4,11.0075,0.0,0.0,-20.0,-0.34906585,0.0,False,False
3336,1112,scene_1.2,scene_1.2_y04,8,route_right,84.221290323,5.4,11.0075,35.0,0.610865238,-20.0,-0.34906585,35.0,False,False
3337,1113,scene_1.2,scene_1.2_y04,8,route_left,84.221290323,5.4,10.525,325.0,5.672320069,-20.0,-0.34906585,-35.0,False,False
3338,1113,scene_1.2,scene_1.2_y04,8,route_forward,84.221290323,5.4,10.525,0.0,0.0,-20.0,-0.34906585,0.0,False,False
3339,1113,scene_1.2,scene_1.2_y04,8,route_right,84.221290323,5.4,10.525,35.0,0.610865238,-20.0,-0.34906585,35.0,False,False
3340,1114,scene_1.2,scene_1.2_y04,8,route_left,84.221290323,5.4,10.0425,325.0,5.672320069,-20.0,-0.34906585,-35.0,False,False
3341,1114,scene_1.2,scene_1.2_y04,8,route_forward,84.221290323,5.4,10.0425,0.0,0.0,-20.0,-0.34906585,0.0,False,False
3342,1114,scene_1.2,scene_1.2_y04,8,route_right,84.221290323,5.4,10.0425,35.0,0.610865238,-20.0,-0.34906585,35.0,False,False
3343,1115,scene_1.2,scene_1.2_y04,8,route_left,84.221290323,5.4,9.56,235.0,4.101523742,-20.0,-0.34906585,-35.0,False,False
3344,1115,scene_1.2,scene_1.2_y04,8,route_forward,84.221290323,5.4,9.56,270.0,4.71238898,-20.0,-0.34906585,0.0,False,False
3345,1115,scene_1.2,scene_1.2_y04,8,route_right,84.221290323,5.4,9.56,305.0,5.323254219,-20.0,-0.34906585,35.0,False,False
3346,1116,scene_1.2,scene_1.2_y04,8,route_left,85.511935484,5.4,9.56,145.0,2.530727415,-20.0,-0.34906585,-35.0,True,False
3347,1116,scene_1.2,scene_1.2_y04,8,route_forward,85.511935484,5.4,9.56,180.0,3.141592654,-20.0,-0.34906585,0.0,True,False
3348,1116,scene_1.2,scene_1.2_y04,8,route_right,85.511935484,5.4,9.56,215.0,3.752457892,-20.0,-0.34906585,35.0,True,False
3349,1117,scene_1.2,scene_1.2_y04,8,route_left,85.511935484,5.4,10.0425,145.0,2.530727415,-20.0,-0.34906585,-35.0,True,False
3350,1117,scene_1.2,scene_1.2_y04,8,route_forward,85.511935484,5.4,10.0425,180.0,3.141592654,-20.0,-0.34906585,0.0,True,False
3351,1117,scene_1.2,scene_1.2_y04,8,route_right,85.511935484,5.4,10.0425,215.0,3.752457892,-20.0,-0.34906585,35.0,True,False
3352,1118,scene_1.2,scene_1.2_y04,8,route_left,85.511935484,5.4,10.525,145.0,2.530727415,-20.0,-0.34906585,-35.0,True,False
3353,1118,scene_1.2,scene_1.2_y04,8,route_forward,85.511935484,5.4,10.525,180.0,3.141592654,-20.0,-0.34906585,0.0,True,False
3354,1118,scene_1.2,scene_1.2_y04,8,route_right,85.511935484,5.4,10.525,215.0,3.752457892,-20.0,-0.34906585,35.0,True,False
3355,1119,scene_1.2,scene_1.2_y04,8,route_left,85.511935484,5.4,11.0075,145.0,2.530727415,-20.0,-0.34906585,-35.0,True,False
3356,1119,scene_1.2,scene_1.2_y04,8,route_forward,85.511935484,5.4,11.0075,180.0,3.141592654,-20.0,-0.34906585,0.0,True,False
3357,1119,scene_1.2,scene_1.2_y04,8,route_right,85.511935484,5.4,11.0075,215.0,3.752457892,-20.0,-0.34906585,35.0,True,False
3358,1120,scene_1.2,scene_1.2_y04,8,route_left,85.511935484,5.4,11.49,235.0,4.101523742,-20.0,-0.34906585,-35.0,True,False
3359,1120,scene_1.2,scene_1.2_y04,8,route_forward,85.511935484,5.4,11.49,270.0,4.71238898,-20.0,-0.34906585,0.0,True,False
3360,1120,scene_1.2,scene_1.2_y04,8,route_right,85.511935484,5.4,11.49,305.0,5.323254219,-20.0,-0.34906585,35.0,True,False
3361,1121,scene_1.2,scene_1.2_y04,8,route_left,86.802580645,5.4,11.49,325.0,5.672320069,-20.0,-0.34906585,-35.0,False,False
3362,1121,scene_1.2,scene_1.2_y04,8,route_forward,86.802580645,5.4,11.49,0.0,0.0,-20.0,-0.34906585,0.0,False,False
3363,1121,scene_1.2,scene_1.2_y04,8,route_right,86.802580645,5.4,11.49,35.0,0.610865238,-20.0,-0.34906585,35.0,False,False
3364,1122,scene_1.2,scene_1.2_y04,8,route_left,86.802580645,5.4,11.0075,325.0,5.672320069,-20.0,-0.34906585,-35.0,False,False
3365,1122,scene_1.2,scene_1.2_y04,8,route_forward,86.802580645,5.4,11.0075,0.0,0.0,-20.0,-0.34906585,0.0,False,False
3366,1122,scene_1.2,scene_1.2_y04,8,route_right,86.802580645,5.4,11.0075,35.0,0.610865238,-20.0,-0.34906585,35.0,False,False
3367,1123,scene_1.2,scene_1.2_y04,8,route_left,86.802580645,5.4,10.525,325.0,5.672320069,-20.0,-0.34906585,-35.0,False,False
3368,1123,scene_1.2,scene_1.2_y04,8,route_forward,86.802580645,5.4,10.525,0.0,0.0,-20.0,-0.34906585,0.0,False,False
3369,1123,scene_1.2,scene_1.2_y04,8,route_right,86.802580645,5.4,10.525,35.0,0.610865238,-20.0,-0.34906585,35.0,False,False
3370,1124,scene_1.2,scene_1.2_y04,8,route_left,86.802580645,5.4,10.0425,325.0,5.672320069,-20.0,-0.34906585,-35.0,False,False
3371,1124,scene_1.2,scene_1.2_y04,8,route_forward,86.802580645,5.4,10.0425,0.0,0.0,-20.0,-0.34906585,0.0,False,False
3372,1124,scene_1.2,scene_1.2_y04,8,route_right,86.802580645,5.4,10.0425,35.0,0.610865238,-20.0,-0.34906585,35.0,False,False
3373,1125,scene_1.2,scene_1.2_y04,8,route_left,86.802580645,5.4,9.56,235.0,4.101523742,-20.0,-0.34906585,-35.0,False,False
3374,1125,scene_1.2,scene_1.2_y04,8,route_forward,86.802580645,5.4,9.56,270.0,4.71238898,-20.0,-0.34906585,0.0,False,False
3375,1125,scene_1.2,scene_1.2_y04,8,route_right,86.802580645,5.4,9.56,305.0,5.323254219,-20.0,-0.34906585,35.0,False,False
3376,1126,scene_1.2,scene_1.2_y04,8,route_left,88.093225806,5.4,9.56,145.0,2.530727415,-20.0,-0.34906585,-35.0,True,False
3377,1126,scene_1.2,scene_1.2_y04,8,route_forward,88.093225806,5.4,9.56,180.0,3.141592654,-20.0,-0.34906585,0.0,True,False
3378,1126,scene_1.2,scene_1.2_y04,8,route_right,88.093225806,5.4,9.56,215.0,3.752457892,-20.0,-0.34906585,35.0,True,False
3379,1127,scene_1.2,scene_1.2_y04,8,route_left,88.093225806,5.4,10.0425,145.0,2.530727415,-20.0,-0.34906585,-35.0,True,False
3380,1127,scene_1.2,scene_1.2_y04,8,route_forward,88.093225806,5.4,10.0425,180.0,3.141592654,-20.0,-0.34906585,0.0,True,False
3381,1127,scene_1.2,scene_1.2_y04,8,route_right,88.093225806,5.4,10.0425,215.0,3.752457892,-20.0,-0.34906585,35.0,True,False
3382,1128,scene_1.2,scene_1.2_y04,8,route_left,88.093225806,5.4,10.525,145.0,2.530727415,-20.0,-0.34906585,-35.0,True,False
3383,1128,scene_1.2,scene_1.2_y04,8,route_forward,88.093225806,5.4,10.525,180.0,3.141592654,-20.0,-0.34906585,0.0,True,False
3384,1128,scene_1.2,scene_1.2_y04,8,route_right,88.093225806,5.4,10.525,215.0,3.752457892,-20.0,-0.34906585,35.0,True,False
3385,1129,scene_1.2,scene_1.2_y04,8,route_left,88.093225806,5.4,11.0075,145.0,2.530727415,-20.0,-0.34906585,-35.0,True,False
3386,1129,scene_1.2,scene_1.2_y04,8,route_forward,88.093225806,5.4,11.0075,180.0,3.141592654,-20.0,-0.34906585,0.0,True,False
3387,1129,scene_1.2,scene_1.2_y04,8,route_right,88.093225806,5.4,11.0075,215.0,3.752457892,-20.0,-0.34906585,35.0,True,False
3388,1130,scene_1.2,scene_1.2_y04,8,route_left,88.093225806,5.4,11.49,235.0,4.101523742,-20.0,-0.34906585,-35.0,True,False
3389,1130,scene_1.2,scene_1.2_y04,8,route_forward,88.093225806,5.4,11.49,270.0,4.71238898,-20.0,-0.34906585,0.0,True,False
3390,1130,scene_1.2,scene_1.2_y04,8,route_right,88.093225806,5.4,11.49,305.0,5.323254219,-20.0,-0.34906585,35.0,True,False
3391,1131,scene_1.2,scene_1.2_y04,8,route_left,89.383870968,5.4,11.49,325.0,5.672320069,-20.0,-0.34906585,-35.0,False,False
3392,1131,scene_1.2,scene_1.2_y04,8,route_forward,89.383870968,5.4,11.49,0.0,0.0,-20.0,-0.34906585,0.0,False,False
3393,1131,scene_1.2,scene_1.2_y04,8,route_right,89.383870968,5.4,11.49,35.0,0.610865238,-20.0,-0.34906585,35.0,False,False
3394,1132,scene_1.2,scene_1.2_y04,8,route_left,89.383870968,5.4,11.0075,325.0,5.672320069,-20.0,-0.34906585,-35.0,False,False
3395,1132,scene_1.2,scene_1.2_y04,8,route_forward,89.383870968,5.4,11.0075,0.0,0.0,-20.0,-0.34906585,0.0,False,False
3396,1132,scene_1.2,scene_1.2_y04,8,route_right,89.383870968,5.4,11.0075,35.0,0.610865238,-20.0,-0.34906585,35.0,False,False
3397,1133,scene_1.2,scene_1.2_y04,8,route_left,89.383870968,5.4,10.525,325.0,5.672320069,-20.0,-0.34906585,-35.0,False,False
3398,1133,scene_1.2,scene_1.2_y04,8,route_forward,89.383870968,5.4,10.525,0.0,0.0,-20.0,-0.34906585,0.0,False,False
3399,1133,scene_1.2,scene_1.2_y04,8,route_right,89.383870968,5.4,10.525,35.0,0.610865238,-20.0,-0.34906585,35.0,False,False
3400,1134,scene_1.2,scene_1.2_y04,8,route_left,89.383870968,5.4,10.0425,325.0,5.672320069,-20.0,-0.34906585,-35.0,False,False
3401,1134,scene_1.2,scene_1.2_y04,8,route_forward,89.383870968,5.4,10.0425,0.0,0.0,-20.0,-0.34906585,0.0,False,False
3402,1134,scene_1.2,scene_1.2_y04,8,route_right,89.383870968,5.4,10.0425,35.0,0.610865238,-20.0,-0.34906585,35.0,False,False
3403,1135,scene_1.2,scene_1.2_y04,8,route_left,89.383870968,5.4,9.56,235.0,4.101523742,-20.0,-0.34906585,-35.0,False,False
3404,1135,scene_1.2,scene_1.2_y04,8,route_forward,89.383870968,5.4,9.56,270.0,4.71238898,-20.0,-0.34906585,0.0,False,False
3405,1135,scene_1.2,scene_1.2_y04,8,route_right,89.383870968,5.4,9.56,305.0,5.323254219,-20.0,-0.34906585,35.0,False,False
3406,1136,scene_1.2,scene_1.2_y04,8,route_left,90.674516129,5.4,9.56,145.0,2.530727415,-20.0,-0.34906585,-35.0,True,False
3407,1136,scene_1.2,scene_1.2_y04,8,route_forward,90.674516129,5.4,9.56,180.0,3.141592654,-20.0,-0.34906585,0.0,True,False
3408,1136,scene_1.2,scene_1.2_y04,8,route_right,90.674516129,5.4,9.56,215.0,3.752457892,-20.0,-0.34906585,35.0,True,False
3409,1137,scene_1.2,scene_1.2_y04,8,route_left,90.674516129,5.4,10.0425,145.0,2.530727415,-20.0,-0.34906585,-35.0,True,False
3410,1137,scene_1.2,scene_1.2_y04,8,route_forward,90.674516129,5.4,10.0425,180.0,3.141592654,-20.0,-0.34906585,0.0,True,False
3411,1137,scene_1.2,scene_1.2_y04,8,route_right,90.674516129,5.4,10.0425,215.0,3.752457892,-20.0,-0.34906585,35.0,True,False
3412,1138,scene_1.2,scene_1.2_y04,8,route_left,90.674516129,5.4,10.525,145.0,2.530727415,-20.0,-0.34906585,-35.0,True,False
3413,1138,scene_1.2,scene_1.2_y04,8,route_forward,90.674516129,5.4,10.525,180.0,3.141592654,-20.0,-0.34906585,0.0,True,False
3414,1138,scene_1.2,scene_1.2_y04,8,route_right,90.674516129,5.4,10.525,215.0,3.752457892,-20.0,-0.34906585,35.0,True,False
3415,1139,scene_1.2,scene_1.2_y04,8,route_left,90.674516129,5.4,11.0075,145.0,2.530727415,-20.0,-0.34906585,-35.0,True,False
3416,1139,scene_1.2,scene_1.2_y04,8,route_forward,90.674516129,5.4,11.0075,180.0,3.141592654,-20.0,-0.34906585,0.0,True,False
3417,1139,scene_1.2,scene_1.2_y04,8,route_right,90.674516129,5.4,11.0075,215.0,3.752457892,-20.0,-0.34906585,35.0,True,False
3418,1140,scene_1.2,scene_1.2_y04,8,route_left,90.674516129,5.4,11.49,235.0,4.101523742,-20.0,-0.34906585,-35.0,True,False
3419,1140,scene_1.2,scene_1.2_y04,8,route_forward,90.674516129,5.4,11.49,270.0,4.71238898,-20.0,-0.34906585,0.0,True,False
3420,1140,scene_1.2,scene_1.2_y04,8,route_right,90.674516129,5.4,11.49,305.0,5.323254219,-20.0,-0.34906585,35.0,True,False
3421,1141,scene_1.2,scene_1.2_y04,8,route_left,91.96516129,5.4,11.49,325.0,5.672320069,-20.0,-0.34906585,-35.0,False,False
3422,1141,scene_1.2,scene_1.2_y04,8,route_forward,91.96516129,5.4,11.49,0.0,0.0,-20.0,-0.34906585,0.0,False,False
3423,1141,scene_1.2,scene_1.2_y04,8,route_right,91.96516129,5.4,11.49,35.0,0.610865238,-20.0,-0.34906585,35.0,False,False
3424,1142,scene_1.2,scene_1.2_y04,8,route_left,91.96516129,5.4,11.0075,325.0,5.672320069,-20.0,-0.34906585,-35.0,False,False
3425,1142,scene_1.2,scene_1.2_y04,8,route_forward,91.96516129,5.4,11.0075,0.0,0.0,-20.0,-0.34906585,0.0,False,False
3426,1142,scene_1.2,scene_1.2_y04,8,route_right,91.96516129,5.4,11.0075,35.0,0.610865238,-20.0,-0.34906585,35.0,False,False
3427,1143,scene_1.2,scene_1.2_y04,8,route_left,91.96516129,5.4,10.525,325.0,5.672320069,-20.0,-0.34906585,-35.0,False,False
3428,1143,scene_1.2,scene_1.2_y04,8,route_forward,91.96516129,5.4,10.525,0.0,0.0,-20.0,-0.34906585,0.0,False,False
3429,1143,scene_1.2,scene_1.2_y04,8,route_right,91.96516129,5.4,10.525,35.0,0.610865238,-20.0,-0.34906585,35.0,False,False
3430,1144,scene_1.2,scene_1.2_y04,8,route_left,91.96516129,5.4,10.0425,325.0,5.672320069,-20.0,-0.34906585,-35.0,False,False
3431,1144,scene_1.2,scene_1.2_y04,8,route_forward,91.96516129,5.4,10.0425,0.0,0.0,-20.0,-0.34906585,0.0,False,False
3432,1144,scene_1.2,scene_1.2_y04,8,route_right,91.96516129,5.4,10.0425,35.0,0.610865238,-20.0,-0.34906585,35.0,False,False
3433,1145,scene_1.2,scene_1.2_y04,8,route_left,91.96516129,5.4,9.56,235.0,4.101523742,-20.0,-0.34906585,-35.0,False,False
3434,1145,scene_1.2,scene_1.2_y04,8,route_forward,91.96516129,5.4,9.56,270.0,4.71238898,-20.0,-0.34906585,0.0,False,False
3435,1145,scene_1.2,scene_1.2_y04,8,route_right,91.96516129,5.4,9.56,305.0,5.323254219,-20.0,-0.34906585,35.0,False,False
3436,1146,scene_1.2,scene_1.2_y04,8,route_left,93.255806452,5.4,9.56,145.0,2.530727415,-20.0,-0.34906585,-35.0,True,False
3437,1146,scene_1.2,scene_1.2_y04,8,route_forward,93.255806452,5.4,9.56,180.0,3.141592654,-20.0,-0.34906585,0.0,True,False
3438,1146,scene_1.2,scene_1.2_y04,8,route_right,93.255806452,5.4,9.56,215.0,3.752457892,-20.0,-0.34906585,35.0,True,False
3439,1147,scene_1.2,scene_1.2_y04,8,route_left,93.255806452,5.4,10.0425,145.0,2.530727415,-20.0,-0.34906585,-35.0,True,False
3440,1147,scene_1.2,scene_1.2_y04,8,route_forward,93.255806452,5.4,10.0425,180.0,3.141592654,-20.0,-0.34906585,0.0,True,False
3441,1147,scene_1.2,scene_1.2_y04,8,route_right,93.255806452,5.4,10.0425,215.0,3.752457892,-20.0,-0.34906585,35.0,True,False
3442,1148,scene_1.2,scene_1.2_y04,8,route_left,93.255806452,5.4,10.525,145.0,2.530727415,-20.0,-0.34906585,-35.0,True,False
3443,1148,scene_1.2,scene_1.2_y04,8,route_forward,93.255806452,5.4,10.525,180.0,3.141592654,-20.0,-0.34906585,0.0,True,False
3444,1148,scene_1.2,scene_1.2_y04,8,route_right,93.255806452,5.4,10.525,215.0,3.752457892,-20.0,-0.34906585,35.0,True,False
3445,1149,scene_1.2,scene_1.2_y04,8,route_left,93.255806452,5.4,11.0075,145.0,2.530727415,-20.0,-0.34906585,-35.0,True,False
3446,1149,scene_1.2,scene_1.2_y04,8,route_forward,93.255806452,5.4,11.0075,180.0,3.141592654,-20.0,-0.34906585,0.0,True,False
3447,1149,scene_1.2,scene_1.2_y04,8,route_right,93.255806452,5.4,11.0075,215.0,3.752457892,-20.0,-0.34906585,35.0,True,False
3448,1150,scene_1.2,scene_1.2_y04,8,route_left,93.255806452,5.4,11.49,235.0,4.101523742,-20.0,-0.34906585,-35.0,True,False
3449,1150,scene_1.2,scene_1.2_y04,8,route_forward,93.255806452,5.4,11.49,270.0,4.71238898,-20.0,-0.34906585,0.0,True,False
3450,1150,scene_1.2,scene_1.2_y04,8,route_right,93.255806452,5.4,11.49,305.0,5.323254219,-20.0,-0.34906585,35.0,True,False
3451,1151,scene_1.2,scene_1.2_y04,8,route_left,94.546451613,5.4,11.49,325.0,5.672320069,-20.0,-0.34906585,-35.0,False,False
3452,1151,scene_1.2,scene_1.2_y04,8,route_forward,94.546451613,5.4,11.49,0.0,0.0,-20.0,-0.34906585,0.0,False,False
3453,1151,scene_1.2,scene_1.2_y04,8,route_right,94.546451613,5.4,11.49,35.0,0.610865238,-20.0,-0.34906585,35.0,False,False
3454,1152,scene_1.2,scene_1.2_y04,8,route_left,94.546451613,5.4,11.0075,325.0,5.672320069,-20.0,-0.34906585,-35.0,False,False
3455,1152,scene_1.2,scene_1.2_y04,8,route_forward,94.546451613,5.4,11.0075,0.0,0.0,-20.0,-0.34906585,0.0,False,False
3456,1152,scene_1.2,scene_1.2_y04,8,route_right,94.546451613,5.4,11.0075,35.0,0.610865238,-20.0,-0.34906585,35.0,False,False
3457,1153,scene_1.2,scene_1.2_y04,8,route_left,94.546451613,5.4,10.525,325.0,5.672320069,-20.0,-0.34906585,-35.0,False,False
3458,1153,scene_1.2,scene_1.2_y04,8,route_forward,94.546451613,5.4,10.525,0.0,0.0,-20.0,-0.34906585,0.0,False,False
3459,1153,scene_1.2,scene_1.2_y04,8,route_right,94.546451613,5.4,10.525,35.0,0.610865238,-20.0,-0.34906585,35.0,False,False
3460,1154,scene_1.2,scene_1.2_y04,8,route_left,94.546451613,5.4,10.0425,325.0,5.672320069,-20.0,-0.34906585,-35.0,False,False
3461,1154,scene_1.2,scene_1.2_y04,8,route_forward,94.546451613,5.4,10.0425,0.0,0.0,-20.0,-0.34906585,0.0,False,False
3462,1154,scene_1.2,scene_1.2_y04,8,route_right,94.546451613,5.4,10.0425,35.0,0.610865238,-20.0,-0.34906585,35.0,False,False
3463,1155,scene_1.2,scene_1.2_y04,8,route_left,94.546451613,5.4,9.56,235.0,4.101523742,-20.0,-0.34906585,-35.0,False,False
3464,1155,scene_1.2,scene_1.2_y04,8,route_forward,94.546451613,5.4,9.56,270.0,4.71238898,-20.0,-0.34906585,0.0,False,False
3465,1155,scene_1.2,scene_1.2_y04,8,route_right,94.546451613,5.4,9.56,305.0,5.323254219,-20.0,-0.34906585,35.0,False,False
3466,1156,scene_1.2,scene_1.2_y04,8,route_left,95.837096774,5.4,9.56,145.0,2.530727415,-20.0,-0.34906585,-35.0,True,False
3467,1156,scene_1.2,scene_1.2_y04,8,route_forward,95.837096774,5.4,9.56,180.0,3.141592654,-20.0,-0.34906585,0.0,True,False
3468,1156,scene_1.2,scene_1.2_y04,8,route_right,95.837096774,5.4,9.56,215.0,3.752457892,-20.0,-0.34906585,35.0,True,False
3469,1157,scene_1.2,scene_1.2_y04,8,route_left,95.837096774,5.4,10.0425,145.0,2.530727415,-20.0,-0.34906585,-35.0,True,False
3470,1157,scene_1.2,scene_1.2_y04,8,route_forward,95.837096774,5.4,10.0425,180.0,3.141592654,-20.0,-0.34906585,0.0,True,False
3471,1157,scene_1.2,scene_1.2_y04,8,route_right,95.837096774,5.4,10.0425,215.0,3.752457892,-20.0,-0.34906585,35.0,True,False
3472,1158,scene_1.2,scene_1.2_y04,8,route_left,95.837096774,5.4,10.525,145.0,2.530727415,-20.0,-0.34906585,-35.0,True,False
3473,1158,scene_1.2,scene_1.2_y04,8,route_forward,95.837096774,5.4,10.525,180.0,3.141592654,-20.0,-0.34906585,0.0,True,False
3474,1158,scene_1.2,scene_1.2_y04,8,route_right,95.837096774,5.4,10.525,215.0,3.752457892,-20.0,-0.34906585,35.0,True,False
3475,1159,scene_1.2,scene_1.2_y04,8,route_left,95.837096774,5.4,11.0075,145.0,2.530727415,-20.0,-0.34906585,-35.0,True,False
3476,1159,scene_1.2,scene_1.2_y04,8,route_forward,95.837096774,5.4,11.0075,180.0,3.141592654,-20.0,-0.34906585,0.0,True,False
3477,1159,scene_1.2,scene_1.2_y04,8,route_right,95.837096774,5.4,11.0075,215.0,3.752457892,-20.0,-0.34906585,35.0,True,False
3478,1160,scene_1.2,scene_1.2_y04,8,route_left,95.837096774,5.4,11.49,235.0,4.101523742,-20.0,-0.34906585,-35.0,True,False
3479,1160,scene_1.2,scene_1.2_y04,8,route_forward,95.837096774,5.4,11.49,270.0,4.71238898,-20.0,-0.34906585,0.0,True,False
3480,1160,scene_1.2,scene_1.2_y04,8,route_right,95.837096774,5.4,11.49,305.0,5.323254219,-20.0,-0.34906585,35.0,True,False
3481,1161,scene_1.2,scene_1.2_y04,8,route_left,97.127741935,5.4,11.49,325.0,5.672320069,-20.0,-0.34906585,-35.0,False,False
3482,1161,scene_1.2,scene_1.2_y04,8,route_forward,97.127741935,5.4,11.49,0.0,0.0,-20.0,-0.34906585,0.0,False,False
3483,1161,scene_1.2,scene_1.2_y04,8,route_right,97.127741935,5.4,11.49,35.0,0.610865238,-20.0,-0.34906585,35.0,False,False
3484,1162,scene_1.2,scene_1.2_y04,8,route_left,97.127741935,5.4,11.0075,325.0,5.672320069,-20.0,-0.34906585,-35.0,False,False
3485,1162,scene_1.2,scene_1.2_y04,8,route_forward,97.127741935,5.4,11.0075,0.0,0.0,-20.0,-0.34906585,0.0,False,False
3486,1162,scene_1.2,scene_1.2_y04,8,route_right,97.127741935,5.4,11.0075,35.0,0.610865238,-20.0,-0.34906585,35.0,False,False
3487,1163,scene_1.2,scene_1.2_y04,8,route_left,97.127741935,5.4,10.525,325.0,5.672320069,-20.0,-0.34906585,-35.0,False,False
3488,1163,scene_1.2,scene_1.2_y04,8,route_forward,97.127741935,5.4,10.525,0.0,0.0,-20.0,-0.34906585,0.0,False,False
3489,1163,scene_1.2,scene_1.2_y04,8,route_right,97.127741935,5.4,10.525,35.0,0.610865238,-20.0,-0.34906585,35.0,False,False
3490,1164,scene_1.2,scene_1.2_y04,8,route_left,97.127741935,5.4,10.0425,325.0,5.672320069,-20.0,-0.34906585,-35.0,False,False
3491,1164,scene_1.2,scene_1.2_y04,8,route_forward,97.127741935,5.4,10.0425,0.0,0.0,-20.0,-0.34906585,0.0,False,False
3492,1164,scene_1.2,scene_1.2_y04,8,route_right,97.127741935,5.4,10.0425,35.0,0.610865238,-20.0,-0.34906585,35.0,False,False
3493,1165,scene_1.2,scene_1.2_y04,8,route_left,97.127741935,5.4,9.56,235.0,4.101523742,-20.0,-0.34906585,-35.0,False,False
3494,1165,scene_1.2,scene_1.2_y04,8,route_forward,97.127741935,5.4,9.56,270.0,4.71238898,-20.0,-0.34906585,0.0,False,False
3495,1165,scene_1.2,scene_1.2_y04,8,route_right,97.127741935,5.4,9.56,305.0,5.323254219,-20.0,-0.34906585,35.0,False,False
3496,1166,scene_1.2,scene_1.2_y04,8,route_left,98.418387097,5.4,9.56,145.0,2.530727415,-20.0,-0.34906585,-35.0,True,False
3497,1166,scene_1.2,scene_1.2_y04,8,route_forward,98.418387097,5.4,9.56,180.0,3.141592654,-20.0,-0.34906585,0.0,True,False
3498,1166,scene_1.2,scene_1.2_y04,8,route_right,98.418387097,5.4,9.56,215.0,3.752457892,-20.0,-0.34906585,35.0,True,False
3499,1167,scene_1.2,scene_1.2_y04,8,route_left,98.418387097,5.4,10.0425,145.0,2.530727415,-20.0,-0.34906585,-35.0,True,False
3500,1167,scene_1.2,scene_1.2_y04,8,route_forward,98.418387097,5.4,10.0425,180.0,3.141592654,-20.0,-0.34906585,0.0,True,False
3501,1167,scene_1.2,scene_1.2_y04,8,route_right,98.418387097,5.4,10.0425,215.0,3.752457892,-20.0,-0.34906585,35.0,True,False
3502,1168,scene_1.2,scene_1.2_y04,8,route_left,98.418387097,5.4,10.525,145.0,2.530727415,-20.0,-0.34906585,-35.0,True,False
3503,1168,scene_1.2,scene_1.2_y04,8,route_forward,98.418387097,5.4,10.525,180.0,3.141592654,-20.0,-0.34906585,0.0,True,False
3504,1168,scene_1.2,scene_1.2_y04,8,route_right,98.418387097,5.4,10.525,215.0,3.752457892,-20.0,-0.34906585,35.0,True,False
3505,1169,scene_1.2,scene_1.2_y04,8,route_left,98.418387097,5.4,11.0075,145.0,2.530727415,-20.0,-0.34906585,-35.0,True,False
3506,1169,scene_1.2,scene_1.2_y04,8,route_forward,98.418387097,5.4,11.0075,180.0,3.141592654,-20.0,-0.34906585,0.0,True,False
3507,1169,scene_1.2,scene_1.2_y04,8,route_right,98.418387097,5.4,11.0075,215.0,3.752457892,-20.0,-0.34906585,35.0,True,False
3508,1170,scene_1.2,scene_1.2_y04,8,route_left,98.418387097,5.4,11.49,235.0,4.101523742,-20.0,-0.34906585,-35.0,True,False
3509,1170,scene_1.2,scene_1.2_y04,8,route_forward,98.418387097,5.4,11.49,270.0,4.71238898,-20.0,-0.34906585,0.0,True,False
3510,1170,scene_1.2,scene_1.2_y04,8,route_right,98.418387097,5.4,11.49,305.0,5.323254219,-20.0,-0.34906585,35.0,True,False
3511,1171,scene_1.2,scene_1.2_y04,8,route_left,99.709032258,5.4,11.49,325.0,5.672320069,-20.0,-0.34906585,-35.0,False,False
3512,1171,scene_1.2,scene_1.2_y04,8,route_forward,99.709032258,5.4,11.49,0.0,0.0,-20.0,-0.34906585,0.0,False,False
3513,1171,scene_1.2,scene_1.2_y04,8,route_right,99.709032258,5.4,11.49,35.0,0.610865238,-20.0,-0.34906585,35.0,False,False
3514,1172,scene_1.2,scene_1.2_y04,8,route_left,99.709032258,5.4,11.0075,325.0,5.672320069,-20.0,-0.34906585,-35.0,False,False
3515,1172,scene_1.2,scene_1.2_y04,8,route_forward,99.709032258,5.4,11.0075,0.0,0.0,-20.0,-0.34906585,0.0,False,False
3516,1172,scene_1.2,scene_1.2_y04,8,route_right,99.709032258,5.4,11.0075,35.0,0.610865238,-20.0,-0.34906585,35.0,False,False
3517,1173,scene_1.2,scene_1.2_y04,8,route_left,99.709032258,5.4,10.525,325.0,5.672320069,-20.0,-0.34906585,-35.0,False,False
3518,1173,scene_1.2,scene_1.2_y04,8,route_forward,99.709032258,5.4,10.525,0.0,0.0,-20.0,-0.34906585,0.0,False,False
3519,1173,scene_1.2,scene_1.2_y04,8,route_right,99.709032258,5.4,10.525,35.0,0.610865238,-20.0,-0.34906585,35.0,False,False
3520,1174,scene_1.2,scene_1.2_y04,8,route_left,99.709032258,5.4,10.0425,325.0,5.672320069,-20.0,-0.34906585,-35.0,False,False
3521,1174,scene_1.2,scene_1.2_y04,8,route_forward,99.709032258,5.4,10.0425,0.0,0.0,-20.0,-0.34906585,0.0,False,False
3522,1174,scene_1.2,scene_1.2_y04,8,route_right,99.709032258,5.4,10.0425,35.0,0.610865238,-20.0,-0.34906585,35.0,False,False
3523,1175,scene_1.2,scene_1.2_y04,8,route_left,99.709032258,5.4,9.56,235.0,4.101523742,-20.0,-0.34906585,-35.0,False,False
3524,1175,scene_1.2,scene_1.2_y04,8,route_forward,99.709032258,5.4,9.56,270.0,4.71238898,-20.0,-0.34906585,0.0,False,False
3525,1175,scene_1.2,scene_1.2_y04,8,route_right,99.709032258,5.4,9.56,305.0,5.323254219,-20.0,-0.34906585,35.0,False,False
3526,1176,scene_1.2,scene_1.2_y04,8,route_left,100.999677419,5.4,9.56,145.0,2.530727415,-20.0,-0.34906585,-35.0,True,False
3527,1176,scene_1.2,scene_1.2_y04,8,route_forward,100.999677419,5.4,9.56,180.0,3.141592654,-20.0,-0.34906585,0.0,True,False
3528,1176,scene_1.2,scene_1.2_y04,8,route_right,100.999677419,5.4,9.56,215.0,3.752457892,-20.0,-0.34906585,35.0,True,False
3529,1177,scene_1.2,scene_1.2_y04,8,route_left,100.999677419,5.4,10.0425,145.0,2.530727415,-20.0,-0.34906585,-35.0,True,False
3530,1177,scene_1.2,scene_1.2_y04,8,route_forward,100.999677419,5.4,10.0425,180.0,3.141592654,-20.0,-0.34906585,0.0,True,False
3531,1177,scene_1.2,scene_1.2_y04,8,route_right,100.999677419,5.4,10.0425,215.0,3.752457892,-20.0,-0.34906585,35.0,True,False
3532,1178,scene_1.2,scene_1.2_y04,8,route_left,100.999677419,5.4,10.525,145.0,2.530727415,-20.0,-0.34906585,-35.0,True,False
3533,1178,scene_1.2,scene_1.2_y04,8,route_forward,100.999677419,5.4,10.525,180.0,3.141592654,-20.0,-0.34906585,0.0,True,False
3534,1178,scene_1.2,scene_1.2_y04,8,route_right,100.999677419,5.4,10.525,215.0,3.752457892,-20.0,-0.34906585,35.0,True,False
3535,1179,scene_1.2,scene_1.2_y04,8,route_left,100.999677419,5.4,11.0075,145.0,2.530727415,-20.0,-0.34906585,-35.0,True,False
3536,1179,scene_1.2,scene_1.2_y04,8,route_forward,100.999677419,5.4,11.0075,180.0,3.141592654,-20.0,-0.34906585,0.0,True,False
3537,1179,scene_1.2,scene_1.2_y04,8,route_right,100.999677419,5.4,11.0075,215.0,3.752457892,-20.0,-0.34906585,35.0,True,False
3538,1180,scene_1.2,scene_1.2_y04,8,route_left,100.999677419,5.4,11.49,235.0,4.101523742,-20.0,-0.34906585,-35.0,True,False
3539,1180,scene_1.2,scene_1.2_y04,8,route_forward,100.999677419,5.4,11.49,270.0,4.71238898,-20.0,-0.34906585,0.0,True,False
3540,1180,scene_1.2,scene_1.2_y04,8,route_right,100.999677419,5.4,11.49,305.0,5.323254219,-20.0,-0.34906585,35.0,True,False
3541,1181,scene_1.2,scene_1.2_y04,8,route_left,102.290322581,5.4,11.49,325.0,5.672320069,-20.0,-0.34906585,-35.0,False,False
3542,1181,scene_1.2,scene_1.2_y04,8,route_forward,102.290322581,5.4,11.49,0.0,0.0,-20.0,-0.34906585,0.0,False,False
3543,1181,scene_1.2,scene_1.2_y04,8,route_right,102.290322581,5.4,11.49,35.0,0.610865238,-20.0,-0.34906585,35.0,False,False
3544,1182,scene_1.2,scene_1.2_y04,8,route_left,102.290322581,5.4,11.0075,325.0,5.672320069,-20.0,-0.34906585,-35.0,False,False
3545,1182,scene_1.2,scene_1.2_y04,8,route_forward,102.290322581,5.4,11.0075,0.0,0.0,-20.0,-0.34906585,0.0,False,False
3546,1182,scene_1.2,scene_1.2_y04,8,route_right,102.290322581,5.4,11.0075,35.0,0.610865238,-20.0,-0.34906585,35.0,False,False
3547,1183,scene_1.2,scene_1.2_y04,8,route_left,102.290322581,5.4,10.525,325.0,5.672320069,-20.0,-0.34906585,-35.0,False,False
3548,1183,scene_1.2,scene_1.2_y04,8,route_forward,102.290322581,5.4,10.525,0.0,0.0,-20.0,-0.34906585,0.0,False,False
3549,1183,scene_1.2,scene_1.2_y04,8,route_right,102.290322581,5.4,10.525,35.0,0.610865238,-20.0,-0.34906585,35.0,False,False
3550,1184,scene_1.2,scene_1.2_y04,8,route_left,102.290322581,5.4,10.0425,325.0,5.672320069,-20.0,-0.34906585,-35.0,False,False
3551,1184,scene_1.2,scene_1.2_y04,8,route_forward,102.290322581,5.4,10.0425,0.0,0.0,-20.0,-0.34906585,0.0,False,False
3552,1184,scene_1.2,scene_1.2_y04,8,route_right,102.290322581,5.4,10.0425,35.0,0.610865238,-20.0,-0.34906585,35.0,False,False
3553,1185,scene_1.2,scene_1.2_y04,8,route_left,102.290322581,5.4,9.56,235.0,4.101523742,-20.0,-0.34906585,-35.0,False,False
3554,1185,scene_1.2,scene_1.2_y04,8,route_forward,102.290322581,5.4,9.56,270.0,4.71238898,-20.0,-0.34906585,0.0,False,False
3555,1185,scene_1.2,scene_1.2_y04,8,route_right,102.290322581,5.4,9.56,305.0,5.323254219,-20.0,-0.34906585,35.0,False,False
3556,1186,scene_1.2,scene_1.2_y04,8,route_left,103.580967742,5.4,9.56,145.0,2.530727415,-20.0,-0.34906585,-35.0,True,False
3557,1186,scene_1.2,scene_1.2_y04,8,route_forward,103.580967742,5.4,9.56,180.0,3.141592654,-20.0,-0.34906585,0.0,True,False
3558,1186,scene_1.2,scene_1.2_y04,8,route_right,103.580967742,5.4,9.56,215.0,3.752457892,-20.0,-0.34906585,35.0,True,False
3559,1187,scene_1.2,scene_1.2_y04,8,route_left,103.580967742,5.4,10.0425,145.0,2.530727415,-20.0,-0.34906585,-35.0,True,False
3560,1187,scene_1.2,scene_1.2_y04,8,route_forward,103.580967742,5.4,10.0425,180.0,3.141592654,-20.0,-0.34906585,0.0,True,False
3561,1187,scene_1.2,scene_1.2_y04,8,route_right,103.580967742,5.4,10.0425,215.0,3.752457892,-20.0,-0.34906585,35.0,True,False
3562,1188,scene_1.2,scene_1.2_y04,8,route_left,103.580967742,5.4,10.525,145.0,2.530727415,-20.0,-0.34906585,-35.0,True,False
3563,1188,scene_1.2,scene_1.2_y04,8,route_forward,103.580967742,5.4,10.525,180.0,3.141592654,-20.0,-0.34906585,0.0,True,False
3564,1188,scene_1.2,scene_1.2_y04,8,route_right,103.580967742,5.4,10.525,215.0,3.752457892,-20.0,-0.34906585,35.0,True,False
3565,1189,scene_1.2,scene_1.2_y04,8,route_left,103.580967742,5.4,11.0075,145.0,2.530727415,-20.0,-0.34906585,-35.0,True,False
3566,1189,scene_1.2,scene_1.2_y04,8,route_forward,103.580967742,5.4,11.0075,180.0,3.141592654,-20.0,-0.34906585,0.0,True,False
3567,1189,scene_1.2,scene_1.2_y04,8,route_right,103.580967742,5.4,11.0075,215.0,3.752457892,-20.0,-0.34906585,35.0,True,False
3568,1190,scene_1.2,scene_1.2_y04,8,route_left,103.580967742,5.4,11.49,235.0,4.101523742,-20.0,-0.34906585,-35.0,True,False
3569,1190,scene_1.2,scene_1.2_y04,8,route_forward,103.580967742,5.4,11.49,270.0,4.71238898,-20.0,-0.34906585,0.0,True,False
3570,1190,scene_1.2,scene_1.2_y04,8,route_right,103.580967742,5.4,11.49,305.0,5.323254219,-20.0,-0.34906585,35.0,True,False
3571,1191,scene_1.2,scene_1.2_y04,8,route_left,104.871612903,5.4,11.49,325.0,5.672320069,-20.0,-0.34906585,-35.0,False,False
3572,1191,scene_1.2,scene_1.2_y04,8,route_forward,104.871612903,5.4,11.49,0.0,0.0,-20.0,-0.34906585,0.0,False,False
3573,1191,scene_1.2,scene_1.2_y04,8,route_right,104.871612903,5.4,11.49,35.0,0.610865238,-20.0,-0.34906585,35.0,False,False
3574,1192,scene_1.2,scene_1.2_y04,8,route_left,104.871612903,5.4,11.0075,325.0,5.672320069,-20.0,-0.34906585,-35.0,False,False
3575,1192,scene_1.2,scene_1.2_y04,8,route_forward,104.871612903,5.4,11.0075,0.0,0.0,-20.0,-0.34906585,0.0,False,False
3576,1192,scene_1.2,scene_1.2_y04,8,route_right,104.871612903,5.4,11.0075,35.0,0.610865238,-20.0,-0.34906585,35.0,False,False
3577,1193,scene_1.2,scene_1.2_y04,8,route_left,104.871612903,5.4,10.525,325.0,5.672320069,-20.0,-0.34906585,-35.0,False,False
3578,1193,scene_1.2,scene_1.2_y04,8,route_forward,104.871612903,5.4,10.525,0.0,0.0,-20.0,-0.34906585,0.0,False,False
3579,1193,scene_1.2,scene_1.2_y04,8,route_right,104.871612903,5.4,10.525,35.0,0.610865238,-20.0,-0.34906585,35.0,False,False
3580,1194,scene_1.2,scene_1.2_y04,8,route_left,104.871612903,5.4,10.0425,325.0,5.672320069,-20.0,-0.34906585,-35.0,False,False
3581,1194,scene_1.2,scene_1.2_y04,8,route_forward,104.871612903,5.4,10.0425,0.0,0.0,-20.0,-0.34906585,0.0,False,False
3582,1194,scene_1.2,scene_1.2_y04,8,route_right,104.871612903,5.4,10.0425,35.0,0.610865238,-20.0,-0.34906585,35.0,False,False
3583,1195,scene_1.2,scene_1.2_y04,8,route_left,104.871612903,5.4,9.56,235.0,4.101523742,-20.0,-0.34906585,-35.0,False,False
3584,1195,scene_1.2,scene_1.2_y04,8,route_forward,104.871612903,5.4,9.56,270.0,4.71238898,-20.0,-0.34906585,0.0,False,False
3585,1195,scene_1.2,scene_1.2_y04,8,route_right,104.871612903,5.4,9.56,305.0,5.323254219,-20.0,-0.34906585,35.0,False,False
3586,1196,scene_1.2,scene_1.2_y04,8,route_left,106.162258065,5.4,9.56,145.0,2.530727415,-20.0,-0.34906585,-35.0,True,False
3587,1196,scene_1.2,scene_1.2_y04,8,route_forward,106.162258065,5.4,9.56,180.0,3.141592654,-20.0,-0.34906585,0.0,True,False
3588,1196,scene_1.2,scene_1.2_y04,8,route_right,106.162258065,5.4,9.56,215.0,3.752457892,-20.0,-0.34906585,35.0,True,False
3589,1197,scene_1.2,scene_1.2_y04,8,route_left,106.162258065,5.4,10.0425,145.0,2.530727415,-20.0,-0.34906585,-35.0,True,False
3590,1197,scene_1.2,scene_1.2_y04,8,route_forward,106.162258065,5.4,10.0425,180.0,3.141592654,-20.0,-0.34906585,0.0,True,False
3591,1197,scene_1.2,scene_1.2_y04,8,route_right,106.162258065,5.4,10.0425,215.0,3.752457892,-20.0,-0.34906585,35.0,True,False
3592,1198,scene_1.2,scene_1.2_y04,8,route_left,106.162258065,5.4,10.525,145.0,2.530727415,-20.0,-0.34906585,-35.0,True,False
3593,1198,scene_1.2,scene_1.2_y04,8,route_forward,106.162258065,5.4,10.525,180.0,3.141592654,-20.0,-0.34906585,0.0,True,False
3594,1198,scene_1.2,scene_1.2_y04,8,route_right,106.162258065,5.4,10.525,215.0,3.752457892,-20.0,-0.34906585,35.0,True,False
3595,1199,scene_1.2,scene_1.2_y04,8,route_left,106.162258065,5.4,11.0075,145.0,2.530727415,-20.0,-0.34906585,-35.0,True,False
3596,1199,scene_1.2,scene_1.2_y04,8,route_forward,106.162258065,5.4,11.0075,180.0,3.141592654,-20.0,-0.34906585,0.0,True,False
3597,1199,scene_1.2,scene_1.2_y04,8,route_right,106.162258065,5.4,11.0075,215.0,3.752457892,-20.0,-0.34906585,35.0,True,False
3598,1200,scene_1.2,scene_1.2_y04,8,route_left,106.162258065,5.4,11.49,235.0,4.101523742,-20.0,-0.34906585,-35.0,True,False
3599,1200,scene_1.2,scene_1.2_y04,8,route_forward,106.162258065,5.4,11.49,270.0,4.71238898,-20.0,-0.34906585,0.0,True,False
3600,1200,scene_1.2,scene_1.2_y04,8,route_right,106.162258065,5.4,11.49,305.0,5.323254219,-20.0,-0.34906585,35.0,True,False
3601,1201,scene_1.2,scene_1.2_y04,8,route_left,107.452903226,5.4,11.49,325.0,5.672320069,-20.0,-0.34906585,-35.0,False,False
3602,1201,scene_1.2,scene_1.2_y04,8,route_forward,107.452903226,5.4,11.49,0.0,0.0,-20.0,-0.34906585,0.0,False,False
3603,1201,scene_1.2,scene_1.2_y04,8,route_right,107.452903226,5.4,11.49,35.0,0.610865238,-20.0,-0.34906585,35.0,False,False
3604,1202,scene_1.2,scene_1.2_y04,8,route_left,107.452903226,5.4,11.0075,325.0,5.672320069,-20.0,-0.34906585,-35.0,False,False
3605,1202,scene_1.2,scene_1.2_y04,8,route_forward,107.452903226,5.4,11.0075,0.0,0.0,-20.0,-0.34906585,0.0,False,False
3606,1202,scene_1.2,scene_1.2_y04,8,route_right,107.452903226,5.4,11.0075,35.0,0.610865238,-20.0,-0.34906585,35.0,False,False
3607,1203,scene_1.2,scene_1.2_y04,8,route_left,107.452903226,5.4,10.525,325.0,5.672320069,-20.0,-0.34906585,-35.0,False,False
3608,1203,scene_1.2,scene_1.2_y04,8,route_forward,107.452903226,5.4,10.525,0.0,0.0,-20.0,-0.34906585,0.0,False,False
3609,1203,scene_1.2,scene_1.2_y04,8,route_right,107.452903226,5.4,10.525,35.0,0.610865238,-20.0,-0.34906585,35.0,False,False
3610,1204,scene_1.2,scene_1.2_y04,8,route_left,107.452903226,5.4,10.0425,325.0,5.672320069,-20.0,-0.34906585,-35.0,False,False
3611,1204,scene_1.2,scene_1.2_y04,8,route_forward,107.452903226,5.4,10.0425,0.0,0.0,-20.0,-0.34906585,0.0,False,False
3612,1204,scene_1.2,scene_1.2_y04,8,route_right,107.452903226,5.4,10.0425,35.0,0.610865238,-20.0,-0.34906585,35.0,False,False
3613,1205,scene_1.2,scene_1.2_y04,8,route_left,107.452903226,5.4,9.56,235.0,4.101523742,-20.0,-0.34906585,-35.0,False,False
3614,1205,scene_1.2,scene_1.2_y04,8,route_forward,107.452903226,5.4,9.56,270.0,4.71238898,-20.0,-0.34906585,0.0,False,False
3615,1205,scene_1.2,scene_1.2_y04,8,route_right,107.452903226,5.4,9.56,305.0,5.323254219,-20.0,-0.34906585,35.0,False,False
3616,1206,scene_1.2,scene_1.2_y04,8,route_left,108.743548387,5.4,9.56,145.0,2.530727415,-20.0,-0.34906585,-35.0,True,False
3617,1206,scene_1.2,scene_1.2_y04,8,route_forward,108.743548387,5.4,9.56,180.0,3.141592654,-20.0,-0.34906585,0.0,True,False
3618,1206,scene_1.2,scene_1.2_y04,8,route_right,108.743548387,5.4,9.56,215.0,3.752457892,-20.0,-0.34906585,35.0,True,False
3619,1207,scene_1.2,scene_1.2_y04,8,route_left,108.743548387,5.4,10.0425,145.0,2.530727415,-20.0,-0.34906585,-35.0,True,False
3620,1207,scene_1.2,scene_1.2_y04,8,route_forward,108.743548387,5.4,10.0425,180.0,3.141592654,-20.0,-0.34906585,0.0,True,False
3621,1207,scene_1.2,scene_1.2_y04,8,route_right,108.743548387,5.4,10.0425,215.0,3.752457892,-20.0,-0.34906585,35.0,True,False
3622,1208,scene_1.2,scene_1.2_y04,8,route_left,108.743548387,5.4,10.525,145.0,2.530727415,-20.0,-0.34906585,-35.0,True,False
3623,1208,scene_1.2,scene_1.2_y04,8,route_forward,108.743548387,5.4,10.525,180.0,3.141592654,-20.0,-0.34906585,0.0,True,False
3624,1208,scene_1.2,scene_1.2_y04,8,route_right,108.743548387,5.4,10.525,215.0,3.752457892,-20.0,-0.34906585,35.0,True,False
3625,1209,scene_1.2,scene_1.2_y04,8,route_left,108.743548387,5.4,11.0075,145.0,2.530727415,-20.0,-0.34906585,-35.0,True,False
3626,1209,scene_1.2,scene_1.2_y04,8,route_forward,108.743548387,5.4,11.0075,180.0,3.141592654,-20.0,-0.34906585,0.0,True,False
3627,1209,scene_1.2,scene_1.2_y04,8,route_right,108.743548387,5.4,11.0075,215.0,3.752457892,-20.0,-0.34906585,35.0,True,False
3628,1210,scene_1.2,scene_1.2_y04,8,route_left,108.743548387,5.4,11.49,235.0,4.101523742,-20.0,-0.34906585,-35.0,True,False
3629,1210,scene_1.2,scene_1.2_y04,8,route_forward,108.743548387,5.4,11.49,270.0,4.71238898,-20.0,-0.34906585,0.0,True,False
3630,1210,scene_1.2,scene_1.2_y04,8,route_right,108.743548387,5.4,11.49,305.0,5.323254219,-20.0,-0.34906585,35.0,True,False
3631,1211,scene_1.2,scene_1.2_y04,8,route_left,110.034193548,5.4,11.49,325.0,5.672320069,-20.0,-0.34906585,-35.0,False,False
3632,1211,scene_1.2,scene_1.2_y04,8,route_forward,110.034193548,5.4,11.49,0.0,0.0,-20.0,-0.34906585,0.0,False,False
3633,1211,scene_1.2,scene_1.2_y04,8,route_right,110.034193548,5.4,11.49,35.0,0.610865238,-20.0,-0.34906585,35.0,False,False
3634,1212,scene_1.2,scene_1.2_y04,8,route_left,110.034193548,5.4,11.0075,325.0,5.672320069,-20.0,-0.34906585,-35.0,False,False
3635,1212,scene_1.2,scene_1.2_y04,8,route_forward,110.034193548,5.4,11.0075,0.0,0.0,-20.0,-0.34906585,0.0,False,False
3636,1212,scene_1.2,scene_1.2_y04,8,route_right,110.034193548,5.4,11.0075,35.0,0.610865238,-20.0,-0.34906585,35.0,False,False
3637,1213,scene_1.2,scene_1.2_y04,8,route_left,110.034193548,5.4,10.525,325.0,5.672320069,-20.0,-0.34906585,-35.0,False,False
3638,1213,scene_1.2,scene_1.2_y04,8,route_forward,110.034193548,5.4,10.525,0.0,0.0,-20.0,-0.34906585,0.0,False,False
3639,1213,scene_1.2,scene_1.2_y04,8,route_right,110.034193548,5.4,10.525,35.0,0.610865238,-20.0,-0.34906585,35.0,False,False
3640,1214,scene_1.2,scene_1.2_y04,8,route_left,110.034193548,5.4,10.0425,325.0,5.672320069,-20.0,-0.34906585,-35.0,False,False
3641,1214,scene_1.2,scene_1.2_y04,8,route_forward,110.034193548,5.4,10.0425,0.0,0.0,-20.0,-0.34906585,0.0,False,False
3642,1214,scene_1.2,scene_1.2_y04,8,route_right,110.034193548,5.4,10.0425,35.0,0.610865238,-20.0,-0.34906585,35.0,False,False
3643,1215,scene_1.2,scene_1.2_y04,8,route_left,110.034193548,5.4,9.56,235.0,4.101523742,-20.0,-0.34906585,-35.0,False,False
3644,1215,scene_1.2,scene_1.2_y04,8,route_forward,110.034193548,5.4,9.56,270.0,4.71238898,-20.0,-0.34906585,0.0,False,False
3645,1215,scene_1.2,scene_1.2_y04,8,route_right,110.034193548,5.4,9.56,305.0,5.323254219,-20.0,-0.34906585,35.0,False,False
3646,1216,scene_1.2,scene_1.2_y04,8,route_left,111.32483871,5.4,9.56,145.0,2.530727415,-20.0,-0.34906585,-35.0,True,False
3647,1216,scene_1.2,scene_1.2_y04,8,route_forward,111.32483871,5.4,9.56,180.0,3.141592654,-20.0,-0.34906585,0.0,True,False
3648,1216,scene_1.2,scene_1.2_y04,8,route_right,111.32483871,5.4,9.56,215.0,3.752457892,-20.0,-0.34906585,35.0,True,False
3649,1217,scene_1.2,scene_1.2_y04,8,route_left,111.32483871,5.4,10.0425,145.0,2.530727415,-20.0,-0.34906585,-35.0,True,False
3650,1217,scene_1.2,scene_1.2_y04,8,route_forward,111.32483871,5.4,10.0425,180.0,3.141592654,-20.0,-0.34906585,0.0,True,False
3651,1217,scene_1.2,scene_1.2_y04,8,route_right,111.32483871,5.4,10.0425,215.0,3.752457892,-20.0,-0.34906585,35.0,True,False
3652,1218,scene_1.2,scene_1.2_y04,8,route_left,111.32483871,5.4,10.525,145.0,2.530727415,-20.0,-0.34906585,-35.0,True,False
3653,1218,scene_1.2,scene_1.2_y04,8,route_forward,111.32483871,5.4,10.525,180.0,3.141592654,-20.0,-0.34906585,0.0,True,False
3654,1218,scene_1.2,scene_1.2_y04,8,route_right,111.32483871,5.4,10.525,215.0,3.752457892,-20.0,-0.34906585,35.0,True,False
3655,1219,scene_1.2,scene_1.2_y04,8,route_left,111.32483871,5.4,11.0075,145.0,2.530727415,-20.0,-0.34906585,-35.0,True,False
3656,1219,scene_1.2,scene_1.2_y04,8,route_forward,111.32483871,5.4,11.0075,180.0,3.141592654,-20.0,-0.34906585,0.0,True,False
3657,1219,scene_1.2,scene_1.2_y04,8,route_right,111.32483871,5.4,11.0075,215.0,3.752457892,-20.0,-0.34906585,35.0,True,False
3658,1220,scene_1.2,scene_1.2_y04,8,route_left,111.32483871,5.4,11.49,235.0,4.101523742,-20.0,-0.34906585,-35.0,True,False
3659,1220,scene_1.2,scene_1.2_y04,8,route_forward,111.32483871,5.4,11.49,270.0,4.71238898,-20.0,-0.34906585,0.0,True,False
3660,1220,scene_1.2,scene_1.2_y04,8,route_right,111.32483871,5.4,11.49,305.0,5.323254219,-20.0,-0.34906585,35.0,True,False
3661,1221,scene_1.2,scene_1.2_y04,8,route_left,112.615483871,5.4,11.49,325.0,5.672320069,-20.0,-0.34906585,-35.0,False,False
3662,1221,scene_1.2,scene_1.2_y04,8,route_forward,112.615483871,5.4,11.49,0.0,0.0,-20.0,-0.34906585,0.0,False,False
3663,1221,scene_1.2,scene_1.2_y04,8,route_right,112.615483871,5.4,11.49,35.0,0.610865238,-20.0,-0.34906585,35.0,False,False
3664,1222,scene_1.2,scene_1.2_y04,8,route_left,112.615483871,5.4,11.0075,325.0,5.672320069,-20.0,-0.34906585,-35.0,False,False
3665,1222,scene_1.2,scene_1.2_y04,8,route_forward,112.615483871,5.4,11.0075,0.0,0.0,-20.0,-0.34906585,0.0,False,False
3666,1222,scene_1.2,scene_1.2_y04,8,route_right,112.615483871,5.4,11.0075,35.0,0.610865238,-20.0,-0.34906585,35.0,False,False
3667,1223,scene_1.2,scene_1.2_y04,8,route_left,112.615483871,5.4,10.525,325.0,5.672320069,-20.0,-0.34906585,-35.0,False,False
3668,1223,scene_1.2,scene_1.2_y04,8,route_forward,112.615483871,5.4,10.525,0.0,0.0,-20.0,-0.34906585,0.0,False,False
3669,1223,scene_1.2,scene_1.2_y04,8,route_right,112.615483871,5.4,10.525,35.0,0.610865238,-20.0,-0.34906585,35.0,False,False
3670,1224,scene_1.2,scene_1.2_y04,8,route_left,112.615483871,5.4,10.0425,325.0,5.672320069,-20.0,-0.34906585,-35.0,False,False
3671,1224,scene_1.2,scene_1.2_y04,8,route_forward,112.615483871,5.4,10.0425,0.0,0.0,-20.0,-0.34906585,0.0,False,False
3672,1224,scene_1.2,scene_1.2_y04,8,route_right,112.615483871,5.4,10.0425,35.0,0.610865238,-20.0,-0.34906585,35.0,False,False
3673,1225,scene_1.2,scene_1.2_y04,8,route_left,112.615483871,5.4,9.56,235.0,4.101523742,-20.0,-0.34906585,-35.0,False,False
3674,1225,scene_1.2,scene_1.2_y04,8,route_forward,112.615483871,5.4,9.56,270.0,4.71238898,-20.0,-0.34906585,0.0,False,False
3675,1225,scene_1.2,scene_1.2_y04,8,route_right,112.615483871,5.4,9.56,305.0,5.323254219,-20.0,-0.34906585,35.0,False,False
3676,1226,scene_1.2,scene_1.2_y04,8,route_left,113.906129032,5.4,9.56,145.0,2.530727415,-20.0,-0.34906585,-35.0,True,False
3677,1226,scene_1.2,scene_1.2_y04,8,route_forward,113.906129032,5.4,9.56,180.0,3.141592654,-20.0,-0.34906585,0.0,True,False
3678,1226,scene_1.2,scene_1.2_y04,8,route_right,113.906129032,5.4,9.56,215.0,3.752457892,-20.0,-0.34906585,35.0,True,False
3679,1227,scene_1.2,scene_1.2_y04,8,route_left,113.906129032,5.4,10.0425,145.0,2.530727415,-20.0,-0.34906585,-35.0,True,False
3680,1227,scene_1.2,scene_1.2_y04,8,route_forward,113.906129032,5.4,10.0425,180.0,3.141592654,-20.0,-0.34906585,0.0,True,False
3681,1227,scene_1.2,scene_1.2_y04,8,route_right,113.906129032,5.4,10.0425,215.0,3.752457892,-20.0,-0.34906585,35.0,True,False
3682,1228,scene_1.2,scene_1.2_y04,8,route_left,113.906129032,5.4,10.525,145.0,2.530727415,-20.0,-0.34906585,-35.0,True,False
3683,1228,scene_1.2,scene_1.2_y04,8,route_forward,113.906129032,5.4,10.525,180.0,3.141592654,-20.0,-0.34906585,0.0,True,False
3684,1228,scene_1.2,scene_1.2_y04,8,route_right,113.906129032,5.4,10.525,215.0,3.752457892,-20.0,-0.34906585,35.0,True,False
3685,1229,scene_1.2,scene_1.2_y04,8,route_left,113.906129032,5.4,11.0075,145.0,2.530727415,-20.0,-0.34906585,-35.0,True,False
3686,1229,scene_1.2,scene_1.2_y04,8,route_forward,113.906129032,5.4,11.0075,180.0,3.141592654,-20.0,-0.34906585,0.0,True,False
3687,1229,scene_1.2,scene_1.2_y04,8,route_right,113.906129032,5.4,11.0075,215.0,3.752457892,-20.0,-0.34906585,35.0,True,False
3688,1230,scene_1.2,scene_1.2_y04,8,route_left,113.906129032,5.4,11.49,235.0,4.101523742,-20.0,-0.34906585,-35.0,True,False
3689,1230,scene_1.2,scene_1.2_y04,8,route_forward,113.906129032,5.4,11.49,270.0,4.71238898,-20.0,-0.34906585,0.0,True,False
3690,1230,scene_1.2,scene_1.2_y04,8,route_right,113.906129032,5.4,11.49,305.0,5.323254219,-20.0,-0.34906585,35.0,True,False
3691,1231,scene_1.2,scene_1.2_y04,8,route_left,115.196774194,5.4,11.49,325.0,5.672320069,-20.0,-0.34906585,-35.0,False,False
3692,1231,scene_1.2,scene_1.2_y04,8,route_forward,115.196774194,5.4,11.49,0.0,0.0,-20.0,-0.34906585,0.0,False,False
3693,1231,scene_1.2,scene_1.2_y04,8,route_right,115.196774194,5.4,11.49,35.0,0.610865238,-20.0,-0.34906585,35.0,False,False
3694,1232,scene_1.2,scene_1.2_y04,8,route_left,115.196774194,5.4,11.0075,325.0,5.672320069,-20.0,-0.34906585,-35.0,False,False
3695,1232,scene_1.2,scene_1.2_y04,8,route_forward,115.196774194,5.4,11.0075,0.0,0.0,-20.0,-0.34906585,0.0,False,False
3696,1232,scene_1.2,scene_1.2_y04,8,route_right,115.196774194,5.4,11.0075,35.0,0.610865238,-20.0,-0.34906585,35.0,False,False
3697,1233,scene_1.2,scene_1.2_y04,8,route_left,115.196774194,5.4,10.525,325.0,5.672320069,-20.0,-0.34906585,-35.0,False,False
3698,1233,scene_1.2,scene_1.2_y04,8,route_forward,115.196774194,5.4,10.525,0.0,0.0,-20.0,-0.34906585,0.0,False,False
3699,1233,scene_1.2,scene_1.2_y04,8,route_right,115.196774194,5.4,10.525,35.0,0.610865238,-20.0,-0.34906585,35.0,False,False
3700,1234,scene_1.2,scene_1.2_y04,8,route_left,115.196774194,5.4,10.0425,325.0,5.672320069,-20.0,-0.34906585,-35.0,False,False
3701,1234,scene_1.2,scene_1.2_y04,8,route_forward,115.196774194,5.4,10.0425,0.0,0.0,-20.0,-0.34906585,0.0,False,False
3702,1234,scene_1.2,scene_1.2_y04,8,route_right,115.196774194,5.4,10.0425,35.0,0.610865238,-20.0,-0.34906585,35.0,False,False
3703,1235,scene_1.2,scene_1.2_y04,8,route_left,115.196774194,5.4,9.56,235.0,4.101523742,-20.0,-0.34906585,-35.0,False,False
3704,1235,scene_1.2,scene_1.2_y04,8,route_forward,115.196774194,5.4,9.56,270.0,4.71238898,-20.0,-0.34906585,0.0,False,False
3705,1235,scene_1.2,scene_1.2_y04,8,route_right,115.196774194,5.4,9.56,305.0,5.323254219,-20.0,-0.34906585,35.0,False,False
3706,1236,scene_1.2,scene_1.2_y04,8,route_left,116.487419355,5.4,9.56,145.0,2.530727415,-20.0,-0.34906585,-35.0,True,False
3707,1236,scene_1.2,scene_1.2_y04,8,route_forward,116.487419355,5.4,9.56,180.0,3.141592654,-20.0,-0.34906585,0.0,True,False
3708,1236,scene_1.2,scene_1.2_y04,8,route_right,116.487419355,5.4,9.56,215.0,3.752457892,-20.0,-0.34906585,35.0,True,False
3709,1237,scene_1.2,scene_1.2_y04,8,route_left,116.487419355,5.4,10.0425,145.0,2.530727415,-20.0,-0.34906585,-35.0,True,False
3710,1237,scene_1.2,scene_1.2_y04,8,route_forward,116.487419355,5.4,10.0425,180.0,3.141592654,-20.0,-0.34906585,0.0,True,False
3711,1237,scene_1.2,scene_1.2_y04,8,route_right,116.487419355,5.4,10.0425,215.0,3.752457892,-20.0,-0.34906585,35.0,True,False
3712,1238,scene_1.2,scene_1.2_y04,8,route_left,116.487419355,5.4,10.525,145.0,2.530727415,-20.0,-0.34906585,-35.0,True,False
3713,1238,scene_1.2,scene_1.2_y04,8,route_forward,116.487419355,5.4,10.525,180.0,3.141592654,-20.0,-0.34906585,0.0,True,False
3714,1238,scene_1.2,scene_1.2_y04,8,route_right,116.487419355,5.4,10.525,215.0,3.752457892,-20.0,-0.34906585,35.0,True,False
3715,1239,scene_1.2,scene_1.2_y04,8,route_left,116.487419355,5.4,11.0075,145.0,2.530727415,-20.0,-0.34906585,-35.0,True,False
3716,1239,scene_1.2,scene_1.2_y04,8,route_forward,116.487419355,5.4,11.0075,180.0,3.141592654,-20.0,-0.34906585,0.0,True,False
3717,1239,scene_1.2,scene_1.2_y04,8,route_right,116.487419355,5.4,11.0075,215.0,3.752457892,-20.0,-0.34906585,35.0,True,False
3718,1240,scene_1.2,scene_1.2_y04,8,route_left,116.487419355,5.4,11.49,235.0,4.101523742,-20.0,-0.34906585,-35.0,True,False
3719,1240,scene_1.2,scene_1.2_y04,8,route_forward,116.487419355,5.4,11.49,270.0,4.71238898,-20.0,-0.34906585,0.0,True,False
3720,1240,scene_1.2,scene_1.2_y04,8,route_right,116.487419355,5.4,11.49,305.0,5.323254219,-20.0,-0.34906585,35.0,True,False
3721,1241,scene_1.2,scene_1.2_y04,8,route_left,117.778064516,5.4,11.49,325.0,5.672320069,-20.0,-0.34906585,-35.0,False,False
3722,1241,scene_1.2,scene_1.2_y04,8,route_forward,117.778064516,5.4,11.49,0.0,0.0,-20.0,-0.34906585,0.0,False,False
3723,1241,scene_1.2,scene_1.2_y04,8,route_right,117.778064516,5.4,11.49,35.0,0.610865238,-20.0,-0.34906585,35.0,False,False
3724,1242,scene_1.2,scene_1.2_y04,8,route_left,117.778064516,5.4,11.0075,325.0,5.672320069,-20.0,-0.34906585,-35.0,False,False
3725,1242,scene_1.2,scene_1.2_y04,8,route_forward,117.778064516,5.4,11.0075,0.0,0.0,-20.0,-0.34906585,0.0,False,False
3726,1242,scene_1.2,scene_1.2_y04,8,route_right,117.778064516,5.4,11.0075,35.0,0.610865238,-20.0,-0.34906585,35.0,False,False
3727,1243,scene_1.2,scene_1.2_y04,8,route_left,117.778064516,5.4,10.525,325.0,5.672320069,-20.0,-0.34906585,-35.0,False,False
3728,1243,scene_1.2,scene_1.2_y04,8,route_forward,117.778064516,5.4,10.525,0.0,0.0,-20.0,-0.34906585,0.0,False,False
3729,1243,scene_1.2,scene_1.2_y04,8,route_right,117.778064516,5.4,10.525,35.0,0.610865238,-20.0,-0.34906585,35.0,False,False
3730,1244,scene_1.2,scene_1.2_y04,8,route_left,117.778064516,5.4,10.0425,325.0,5.672320069,-20.0,-0.34906585,-35.0,False,False
3731,1244,scene_1.2,scene_1.2_y04,8,route_forward,117.778064516,5.4,10.0425,0.0,0.0,-20.0,-0.34906585,0.0,False,False
3732,1244,scene_1.2,scene_1.2_y04,8,route_right,117.778064516,5.4,10.0425,35.0,0.610865238,-20.0,-0.34906585,35.0,False,False
3733,1245,scene_1.2,scene_1.2_y04,8,route_left,117.778064516,5.4,9.56,235.0,4.101523742,-20.0,-0.34906585,-35.0,False,False
3734,1245,scene_1.2,scene_1.2_y04,8,route_forward,117.778064516,5.4,9.56,270.0,4.71238898,-20.0,-0.34906585,0.0,False,False
3735,1245,scene_1.2,scene_1.2_y04,8,route_right,117.778064516,5.4,9.56,305.0,5.323254219,-20.0,-0.34906585,35.0,False,False
3736,1246,scene_1.2,scene_1.2_y04,8,route_left,119.068709677,5.4,9.56,145.0,2.530727415,-20.0,-0.34906585,-35.0,True,False
3737,1246,scene_1.2,scene_1.2_y04,8,route_forward,119.068709677,5.4,9.56,180.0,3.141592654,-20.0,-0.34906585,0.0,True,False
3738,1246,scene_1.2,scene_1.2_y04,8,route_right,119.068709677,5.4,9.56,215.0,3.752457892,-20.0,-0.34906585,35.0,True,False
3739,1247,scene_1.2,scene_1.2_y04,8,route_left,119.068709677,5.4,10.0425,145.0,2.530727415,-20.0,-0.34906585,-35.0,True,False
3740,1247,scene_1.2,scene_1.2_y04,8,route_forward,119.068709677,5.4,10.0425,180.0,3.141592654,-20.0,-0.34906585,0.0,True,False
3741,1247,scene_1.2,scene_1.2_y04,8,route_right,119.068709677,5.4,10.0425,215.0,3.752457892,-20.0,-0.34906585,35.0,True,False
3742,1248,scene_1.2,scene_1.2_y04,8,route_left,119.068709677,5.4,10.525,145.0,2.530727415,-20.0,-0.34906585,-35.0,True,False
3743,1248,scene_1.2,scene_1.2_y04,8,route_forward,119.068709677,5.4,10.525,180.0,3.141592654,-20.0,-0.34906585,0.0,True,False
3744,1248,scene_1.2,scene_1.2_y04,8,route_right,119.068709677,5.4,10.525,215.0,3.752457892,-20.0,-0.34906585,35.0,True,False
3745,1249,scene_1.2,scene_1.2_y04,8,route_left,119.068709677,5.4,11.0075,145.0,2.530727415,-20.0,-0.34906585,-35.0,True,False
3746,1249,scene_1.2,scene_1.2_y04,8,route_forward,119.068709677,5.4,11.0075,180.0,3.141592654,-20.0,-0.34906585,0.0,True,False
3747,1249,scene_1.2,scene_1.2_y04,8,route_right,119.068709677,5.4,11.0075,215.0,3.752457892,-20.0,-0.34906585,35.0,True,False
3748,1250,scene_1.2,scene_1.2_y04,8,route_left,119.068709677,5.4,11.49,235.0,4.101523742,-20.0,-0.34906585,-35.0,True,False
3749,1250,scene_1.2,scene_1.2_y04,8,route_forward,119.068709677,5.4,11.49,270.0,4.71238898,-20.0,-0.34906585,0.0,True,False
3750,1250,scene_1.2,scene_1.2_y04,8,route_right,119.068709677,5.4,11.49,305.0,5.323254219,-20.0,-0.34906585,35.0,True,False
3751,1251,scene_1.2,scene_1.2_y04,8,route_left,120.359354839,5.4,11.49,325.0,5.672320069,-20.0,-0.34906585,-35.0,False,False
3752,1251,scene_1.2,scene_1.2_y04,8,route_forward,120.359354839,5.4,11.49,0.0,0.0,-20.0,-0.34906585,0.0,False,False
3753,1251,scene_1.2,scene_1.2_y04,8,route_right,120.359354839,5.4,11.49,35.0,0.610865238,-20.0,-0.34906585,35.0,False,False
3754,1252,scene_1.2,scene_1.2_y04,8,route_left,120.359354839,5.4,11.0075,325.0,5.672320069,-20.0,-0.34906585,-35.0,False,False
3755,1252,scene_1.2,scene_1.2_y04,8,route_forward,120.359354839,5.4,11.0075,0.0,0.0,-20.0,-0.34906585,0.0,False,False
3756,1252,scene_1.2,scene_1.2_y04,8,route_right,120.359354839,5.4,11.0075,35.0,0.610865238,-20.0,-0.34906585,35.0,False,False
3757,1253,scene_1.2,scene_1.2_y04,8,route_left,120.359354839,5.4,10.525,325.0,5.672320069,-20.0,-0.34906585,-35.0,False,False
3758,1253,scene_1.2,scene_1.2_y04,8,route_forward,120.359354839,5.4,10.525,0.0,0.0,-20.0,-0.34906585,0.0,False,False
3759,1253,scene_1.2,scene_1.2_y04,8,route_right,120.359354839,5.4,10.525,35.0,0.610865238,-20.0,-0.34906585,35.0,False,False
3760,1254,scene_1.2,scene_1.2_y04,8,route_left,120.359354839,5.4,10.0425,325.0,5.672320069,-20.0,-0.34906585,-35.0,False,False
3761,1254,scene_1.2,scene_1.2_y04,8,route_forward,120.359354839,5.4,10.0425,0.0,0.0,-20.0,-0.34906585,0.0,False,False
3762,1254,scene_1.2,scene_1.2_y04,8,route_right,120.359354839,5.4,10.0425,35.0,0.610865238,-20.0,-0.34906585,35.0,False,False
3763,1255,scene_1.2,scene_1.2_y04,8,route_left,120.359354839,5.4,9.56,235.0,4.101523742,-20.0,-0.34906585,-35.0,False,False
3764,1255,scene_1.2,scene_1.2_y04,8,route_forward,120.359354839,5.4,9.56,270.0,4.71238898,-20.0,-0.34906585,0.0,False,False
3765,1255,scene_1.2,scene_1.2_y04,8,route_right,120.359354839,5.4,9.56,305.0,5.323254219,-20.0,-0.34906585,35.0,False,False
3766,1256,scene_1.2,scene_1.2_y04,8,route_left,121.65,5.4,9.56,145.0,2.530727415,-20.0,-0.34906585,-35.0,True,False
3767,1256,scene_1.2,scene_1.2_y04,8,route_forward,121.65,5.4,9.56,180.0,3.141592654,-20.0,-0.34906585,0.0,True,False
3768,1256,scene_1.2,scene_1.2_y04,8,route_right,121.65,5.4,9.56,215.0,3.752457892,-20.0,-0.34906585,35.0,True,False
3769,1257,scene_1.2,scene_1.2_y04,8,route_left,121.65,5.4,10.0425,145.0,2.530727415,-20.0,-0.34906585,-35.0,True,False
3770,1257,scene_1.2,scene_1.2_y04,8,route_forward,121.65,5.4,10.0425,180.0,3.141592654,-20.0,-0.34906585,0.0,True,False
3771,1257,scene_1.2,scene_1.2_y04,8,route_right,121.65,5.4,10.0425,215.0,3.752457892,-20.0,-0.34906585,35.0,True,False
3772,1258,scene_1.2,scene_1.2_y04,8,route_left,121.65,5.4,10.525,145.0,2.530727415,-20.0,-0.34906585,-35.0,True,False
3773,1258,scene_1.2,scene_1.2_y04,8,route_forward,121.65,5.4,10.525,180.0,3.141592654,-20.0,-0.34906585,0.0,True,False
3774,1258,scene_1.2,scene_1.2_y04,8,route_right,121.65,5.4,10.525,215.0,3.752457892,-20.0,-0.34906585,35.0,True,False
3775,1259,scene_1.2,scene_1.2_y04,8,route_left,121.65,5.4,11.0075,145.0,2.530727415,-20.0,-0.34906585,-35.0,True,False
3776,1259,scene_1.2,scene_1.2_y04,8,route_forward,121.65,5.4,11.0075,180.0,3.141592654,-20.0,-0.34906585,0.0,True,False
3777,1259,scene_1.2,scene_1.2_y04,8,route_right,121.65,5.4,11.0075,215.0,3.752457892,-20.0,-0.34906585,35.0,True,False
3778,1260,scene_1.2,scene_1.2_y04,8,route_left,121.65,5.4,11.49,145.0,2.530727415,-20.0,-0.34906585,-35.0,True,False
3779,1260,scene_1.2,scene_1.2_y04,8,route_forward,121.65,5.4,11.49,180.0,3.141592654,-20.0,-0.34906585,0.0,True,False
3780,1260,scene_1.2,scene_1.2_y04,8,route_right,121.65,5.4,11.49,215.0,3.752457892,-20.0,-0.34906585,35.0,True,False
