position_index,layer_position_index,scene_id,layer_id,height_index,grid_x_index,grid_z_index,x,y,z,route_heading_deg,camera_route_yaw_deg,pitch_deg,legacy_anchor,route_bridge,distance_from_previous,distance_to_next
1,1,scene_1.2,scene_1.2_y01,5,62,4,121.65,2.75,11.49,180.0,0.0,10.0,True,False,0.0,0.4825
2,2,scene_1.2,scene_1.2_y01,5,62,3,121.65,2.75,11.0075,180.0,0.0,10.0,True,False,0.4825,0.4825
3,3,scene_1.2,scene_1.2_y01,5,62,2,121.65,2.75,10.525,180.0,0.0,10.0,True,False,0.4825,0.4825
4,4,scene_1.2,scene_1.2_y01,5,62,1,121.65,2.75,10.0425,180.0,0.0,10.0,True,False,0.4825,0.4825
5,5,scene_1.2,scene_1.2_y01,5,62,0,121.65,2.75,9.56,270.0,90.0,10.0,True,False,0.4825,1.290645161
6,6,scene_1.2,scene_1.2_y01,5,61,0,120.359354839,2.75,9.56,0.0,180.0,10.0,False,False,1.290645161,0.4825
7,7,scene_1.2,scene_1.2_y01,5,61,1,120.359354839,2.75,10.0425,0.0,180.0,10.0,False,False,0.4825,0.4825
8,8,scene_1.2,scene_1.2_y01,5,61,2,120.359354839,2.75,10.525,0.0,180.0,10.0,False,False,0.4825,0.4825
9,9,scene_1.2,scene_1.2_y01,5,61,3,120.359354839,2.75,11.0075,0.0,180.0,10.0,False,False,0.4825,0.4825
10,10,scene_1.2,scene_1.2_y01,5,61,4,120.359354839,2.75,11.49,270.0,90.0,10.0,False,False,0.4825,1.290645161
11,11,scene_1.2,scene_1.2_y01,5,60,4,119.068709677,2.75,11.49,180.0,0.0,10.0,True,False,1.290645161,0.4825
12,12,scene_1.2,scene_1.2_y01,5,60,3,119.068709677,2.75,11.0075,180.0,0.0,10.0,True,False,0.4825,0.4825
13,13,scene_1.2,scene_1.2_y01,5,60,2,119.068709677,2.75,10.525,180.0,0.0,10.0,True,False,0.4825,0.4825
14,14,scene_1.2,scene_1.2_y01,5,60,1,119.068709677,2.75,10.0425,180.0,0.0,10.0,True,False,0.4825,0.4825
15,15,scene_1.2,scene_1.2_y01,5,60,0,119.068709677,2.75,9.56,270.0,90.0,10.0,True,False,0.4825,1.290645161
16,16,scene_1.2,scene_1.2_y01,5,59,0,117.778064516,2.75,9.56,0.0,180.0,10.0,False,False,1.290645161,0.4825
17,17,scene_1.2,scene_1.2_y01,5,59,1,117.778064516,2.75,10.0425,0.0,180.0,10.0,False,False,0.4825,0.4825
18,18,scene_1.2,scene_1.2_y01,5,59,2,117.778064516,2.75,10.525,0.0,180.0,10.0,False,False,0.4825,0.4825
19,19,scene_1.2,scene_1.2_y01,5,59,3,117.778064516,2.75,11.0075,0.0,180.0,10.0,False,False,0.4825,0.4825
20,20,scene_1.2,scene_1.2_y01,5,59,4,117.778064516,2.75,11.49,270.0,90.0,10.0,False,False,0.4825,1.290645161
21,21,scene_1.2,scene_1.2_y01,5,58,4,116.487419355,2.75,11.49,180.0,0.0,10.0,True,False,1.290645161,0.4825
22,22,scene_1.2,scene_1.2_y01,5,58,3,116.487419355,2.75,11.0075,180.0,0.0,10.0,True,False,0.4825,0.4825
23,23,scene_1.2,scene_1.2_y01,5,58,2,116.487419355,2.75,10.525,180.0,0.0,10.0,True,False,0.4825,0.4825
24,24,scene_1.2,scene_1.2_y01,5,58,1,116.487419355,2.75,10.0425,180.0,0.0,10.0,True,False,0.4825,0.4825
25,25,scene_1.2,scene_1.2_y01,5,58,0,116.487419355,2.75,9.56,270.0,90.0,10.0,True,False,0.4825,1.290645161
26,26,scene_1.2,scene_1.2_y01,5,57,0,115.196774194,2.75,9.56,0.0,180.0,10.0,False,False,1.290645161,0.4825
27,27,scene_1.2,scene_1.2_y01,5,57,1,115.196774194,2.75,10.0425,0.0,180.0,10.0,False,False,0.4825,0.4825
28,28,scene_1.2,scene_1.2_y01,5,57,2,115.196774194,2.75,10.525,0.0,180.0,10.0,False,False,0.4825,0.4825
29,29,scene_1.2,scene_1.2_y01,5,57,3,115.196774194,2.75,11.0075,0.0,180.0,10.0,False,False,0.4825,0.4825
30,30,scene_1.2,scene_1.2_y01,5,57,4,115.196774194,2.75,11.49,270.0,90.0,10.0,False,False,0.4825,1.290645161
31,31,scene_1.2,scene_1.2_y01,5,56,4,113.906129032,2.75,11.49,180.0,0.0,10.0,True,False,1.290645161,0.4825
32,32,scene_1.2,scene_1.2_y01,5,56,3,113.906129032,2.75,11.0075,180.0,0.0,10.0,True,False,0.4825,0.4825
33,33,scene_1.2,scene_1.2_y01,5,56,2,113.906129032,2.75,10.525,180.0,0.0,10.0,True,False,0.4825,0.4825
34,34,scene_1.2,scene_1.2_y01,5,56,1,113.906129032,2.75,10.0425,180.0,0.0,10.0,True,False,0.4825,0.4825
35,35,scene_1.2,scene_1.2_y01,5,56,0,113.906129032,2.75,9.56,270.0,90.0,10.0,True,False,0.4825,1.290645161
36,36,scene_1.2,scene_1.2_y01,5,55,0,112.615483871,2.75,9.56,0.0,180.0,10.0,False,False,1.290645161,0.4825
37,37,scene_1.2,scene_1.2_y01,5,55,1,112.615483871,2.75,10.0425,0.0,180.0,10.0,False,False,0.4825,0.4825
38,38,scene_1.2,scene_1.2_y01,5,55,2,112.615483871,2.75,10.525,0.0,180.0,10.0,False,False,0.4825,0.4825
39,39,scene_1.2,scene_1.2_y01,5,55,3,112.615483871,2.75,11.0075,0.0,180.0,10.0,False,False,0.4825,0.4825
40,40,scene_1.2,scene_1.2_y01,5,55,4,112.615483871,2.75,11.49,270.0,90.0,10.0,False,False,0.4825,1.290645161
41,41,scene_1.2,scene_1.2_y01,5,54,4,111.32483871,2.75,11.49,180.0,0.0,10.0,True,False,1.290645161,0.4825
42,42,scene_1.2,scene_1.2_y01,5,54,3,111.32483871,2.75,11.0075,180.0,0.0,10.0,True,False,0.4825,0.4825
43,43,scene_1.2,scene_1.2_y01,5,54,2,111.32483871,2.75,10.525,180.0,0.0,10.0,True,False,0.4825,0.4825
44,44,scene_1.2,scene_1.2_y01,5,54,1,111.32483871,2.75,10.0425,180.0,0.0,10.0,True,False,0.4825,0.4825
45,45,scene_1.2,scene_1.2_y01,5,54,0,111.32483871,2.75,9.56,270.0,90.0,10.0,True,False,0.4825,1.290645161
46,46,scene_1.2,scene_1.2_y01,5,53,0,110.034193548,2.75,9.56,0.0,180.0,10.0,False,False,1.290645161,0.4825
47,47,scene_1.2,scene_1.2_y01,5,53,1,110.034193548,2.75,10.0425,0.0,180.0,10.0,False,False,0.4825,0.4825
48,48,scene_1.2,scene_1.2_y01,5,53,2,110.034193548,2.75,10.525,0.0,180.0,10.0,False,False,0.4825,0.4825
49,49,scene_1.2,scene_1.2_y01,5,53,3,110.034193548,2.75,11.0075,0.0,180.0,10.0,False,False,0.4825,0.4825
50,50,scene_1.2,scene_1.2_y01,5,53,4,110.034193548,2.75,11.49,270.0,90.0,10.0,False,False,0.4825,1.290645161
51,51,scene_1.2,scene_1.2_y01,5,52,4,108.743548387,2.75,11.49,180.0,0.0,10.0,True,False,1.290645161,0.4825
52,52,scene_1.2,scene_1.2_y01,5,52,3,108.743548387,2.75,11.0075,180.0,0.0,10.0,True,False,0.4825,0.4825
53,53,scene_1.2,scene_1.2_y01,5,52,2,108.743548387,2.75,10.525,180.0,0.0,10.0,True,False,0.4825,0.4825
54,54,scene_1.2,scene_1.2_y01,5,52,1,108.743548387,2.75,10.0425,180.0,0.0,10.0,True,False,0.4825,0.4825
55,55,scene_1.2,scene_1.2_y01,5,52,0,108.743548387,2.75,9.56,270.0,90.0,10.0,True,False,0.4825,1.290645161
56,56,scene_1.2,scene_1.2_y01,5,51,0,107.452903226,2.75,9.56,0.0,180.0,10.0,False,False,1.290645161,0.4825
57,57,scene_1.2,scene_1.2_y01,5,51,1,107.452903226,2.75,10.0425,0.0,180.0,10.0,False,False,0.4825,0.4825
58,58,scene_1.2,scene_1.2_y01,5,51,2,107.452903226,2.75,10.525,0.0,180.0,10.0,False,False,0.4825,0.4825
59,59,scene_1.2,scene_1.2_y01,5,51,3,107.452903226,2.75,11.0075,0.0,180.0,10.0,False,False,0.4825,0.4825
60,60,scene_1.2,scene_1.2_y01,5,51,4,107.452903226,2.75,11.49,270.0,90.0,10.0,False,False,0.4825,1.290645161
61,61,scene_1.2,scene_1.2_y01,5,50,4,106.162258065,2.75,11.49,180.0,0.0,10.0,True,False,1.290645161,0.4825
62,62,scene_1.2,scene_1.2_y01,5,50,3,106.162258065,2.75,11.0075,180.0,0.0,10.0,True,False,0.4825,0.4825
63,63,scene_1.2,scene_1.2_y01,5,50,2,106.162258065,2.75,10.525,180.0,0.0,10.0,True,False,0.4825,0.4825
64,64,scene_1.2,scene_1.2_y01,5,50,1,106.162258065,2.75,10.0425,180.0,0.0,10.0,True,False,0.4825,0.4825
65,65,scene_1.2,scene_1.2_y01,5,50,0,106.162258065,2.75,9.56,270.0,90.0,10.0,True,False,0.4825,1.290645161
66,66,scene_1.2,scene_1.2_y01,5,49,0,104.871612903,2.75,9.56,0.0,180.0,10.0,False,False,1.290645161,0.4825
67,67,scene_1.2,scene_1.2_y01,5,49,1,104.871612903,2.75,10.0425,0.0,180.0,10.0,False,False,0.4825,0.4825
68,68,scene_1.2,scene_1.2_y01,5,49,2,104.871612903,2.75,10.525,0.0,180.0,10.0,False,False,0.4825,0.4825
69,69,scene_1.2,scene_1.2_y01,5,49,3,104.871612903,2.75,11.0075,0.0,180.0,10.0,False,False,0.4825,0.4825
70,70,scene_1.2,scene_1.2_y01,5,49,4,104.871612903,2.75,11.49,270.0,90.0,10.0,False,False,0.4825,1.290645161
71,71,scene_1.2,scene_1.2_y01,5,48,4,103.580967742,2.75,11.49,180.0,0.0,10.0,True,False,1.290645161,0.4825
72,72,scene_1.2,scene_1.2_y01,5,48,3,103.580967742,2.75,11.0075,180.0,0.0,10.0,True,False,0.4825,0.4825
73,73,scene_1.2,scene_1.2_y01,5,48,2,103.580967742,2.75,10.525,180.0,0.0,10.0,True,False,0.4825,0.4825
74,74,scene_1.2,scene_1.2_y01,5,48,1,103.580967742,2.75,10.0425,180.0,0.0,10.0,True,False,0.4825,0.4825
75,75,scene_1.2,scene_1.2_y01,5,48,0,103.580967742,2.75,9.56,270.0,90.0,10.0,True,False,0.4825,1.290645161
76,76,scene_1.2,scene_1.2_y01,5,47,0,102.290322581,2.75,9.56,0.0,180.0,10.0,False,False,1.290645161,0.4825
77,77,scene_1.2,scene_1.2_y01,5,47,1,102.290322581,2.75,10.0425,0.0,180.0,10.0,False,False,0.4825,0.4825
78,78,scene_1.2,scene_1.2_y01,5,47,2,102.290322581,2.75,10.525,0.0,180.0,10.0,False,False,0.4825,0.4825
79,79,scene_1.2,scene_1.2_y01,5,47,3,102.290322581,2.75,11.0075,0.0,180.0,10.0,False,False,0.4825,0.4825
80,80,scene_1.2,scene_1.2_y01,5,47,4,102.290322581,2.75,11.49,270.0,90.0,10.0,False,False,0.4825,1.290645161
81,81,scene_1.2,scene_1.2_y01,5,46,4,100.999677419,2.75,11.49,180.0,0.0,10.0,True,False,1.290645161,0.4825
82,82,scene_1.2,scene_1.2_y01,5,46,3,100.999677419,2.75,11.0075,180.0,0.0,10.0,True,False,0.4825,0.4825
83,83,scene_1.2,scene_1.2_y01,5,46,2,100.999677419,2.75,10.525,180.0,0.0,10.0,True,False,0.4825,0.4825
84,84,scene_1.2,scene_1.2_y01,5,46,1,100.999677419,2.75,10.0425,180.0,0.0,10.0,True,False,0.4825,0.4825
85,85,scene_1.2,scene_1.2_y01,5,46,0,100.999677419,2.75,9.56,270.0,90.0,10.0,True,False,0.4825,1.290645161
86,86,scene_1.2,scene_1.2_y01,5,45,0,99.709032258,2.75,9.56,0.0,180.0,10.0,False,False,1.290645161,0.4825
87,87,scene_1.2,scene_1.2_y01,5,45,1,99.709032258,2.75,10.0425,0.0,180.0,10.0,False,False,0.4825,0.4825
88,88,scene_1.2,scene_1.2_y01,5,45,2,99.709032258,2.75,10.525,0.0,180.0,10.0,False,False,0.4825,0.4825
89,89,scene_1.2,scene_1.2_y01,5,45,3,99.709032258,2.75,11.0075,0.0,180.0,10.0,False,False,0.4825,0.4825
90,90,scene_1.2,scene_1.2_y01,5,45,4,99.709032258,2.75,11.49,270.0,90.0,10.0,False,False,0.4825,1.290645161
91,91,scene_1.2,scene_1.2_y01,5,44,4,98.418387097,2.75,11.49,180.0,0.0,10.0,True,False,1.290645161,0.4825
92,92,scene_1.2,scene_1.2_y01,5,44,3,98.418387097,2.75,11.0075,180.0,0.0,10.0,True,False,0.4825,0.4825
93,93,scene_1.2,scene_1.2_y01,5,44,2,98.418387097,2.75,10.525,180.0,0.0,10.0,True,False,0.4825,0.4825
94,94,scene_1.2,scene_1.2_y01,5,44,1,98.418387097,2.75,10.0425,180.0,0.0,10.0,True,False,0.4825,0.4825
95,95,scene_1.2,scene_1.2_y01,5,44,0,98.418387097,2.75,9.56,270.0,90.0,10.0,True,False,0.4825,1.290645161
96,96,scene_1.2,scene_1.2_y01,5,43,0,97.127741935,2.75,9.56,0.0,180.0,10.0,False,False,1.290645161,0.4825
97,97,scene_1.2,scene_1.2_y01,5,43,1,97.127741935,2.75,10.0425,0.0,180.0,10.0,False,False,0.4825,0.4825
98,98,scene_1.2,scene_1.2_y01,5,43,2,97.127741935,2.75,10.525,0.0,180.0,10.0,False,False,0.4825,0.4825
99,99,scene_1.2,scene_1.2_y01,5,43,3,97.127741935,2.75,11.0075,0.0,180.0,10.0,False,False,0.4825,0.4825
100,100,scene_1.2,scene_1.2_y01,5,43,4,97.127741935,2.75,11.49,270.0,90.0,10.0,False,False,0.4825,1.290645161
101,101,scene_1.2,scene_1.2_y01,5,42,4,95.837096774,2.75,11.49,180.0,0.0,10.0,True,False,1.290645161,0.4825
102,102,scene_1.2,scene_1.2_y01,5,42,3,95.837096774,2.75,11.0075,180.0,0.0,10.0,True,False,0.4825,0.4825
103,103,scene_1.2,scene_1.2_y01,5,42,2,95.837096774,2.75,10.525,180.0,0.0,10.0,True,False,0.4825,0.4825
104,104,scene_1.2,scene_1.2_y01,5,42,1,95.837096774,2.75,10.0425,180.0,0.0,10.0,True,False,0.4825,0.4825
105,105,scene_1.2,scene_1.2_y01,5,42,0,95.837096774,2.75,9.56,270.0,90.0,10.0,True,False,0.4825,1.290645161
106,106,scene_1.2,scene_1.2_y01,5,41,0,94.546451613,2.75,9.56,0.0,180.0,10.0,False,False,1.290645161,0.4825
107,107,scene_1.2,scene_1.2_y01,5,41,1,94.546451613,2.75,10.0425,0.0,180.0,10.0,False,False,0.4825,0.4825
108,108,scene_1.2,scene_1.2_y01,5,41,2,94.546451613,2.75,10.525,0.0,180.0,10.0,False,False,0.4825,0.4825
109,109,scene_1.2,scene_1.2_y01,5,41,3,94.546451613,2.75,11.0075,0.0,180.0,10.0,False,False,0.4825,0.4825
110,110,scene_1.2,scene_1.2_y01,5,41,4,94.546451613,2.75,11.49,270.0,90.0,10.0,False,False,0.4825,1.290645161
111,111,scene_1.2,scene_1.2_y01,5,40,4,93.255806452,2.75,11.49,180.0,0.0,10.0,True,False,1.290645161,0.4825
112,112,scene_1.2,scene_1.2_y01,5,40,3,93.255806452,2.75,11.0075,180.0,0.0,10.0,True,False,0.4825,0.4825
113,113,scene_1.2,scene_1.2_y01,5,40,2,93.255806452,2.75,10.525,180.0,0.0,10.0,True,False,0.4825,0.4825
114,114,scene_1.2,scene_1.2_y01,5,40,1,93.255806452,2.75,10.0425,180.0,0.0,10.0,True,False,0.4825,0.4825
115,115,scene_1.2,scene_1.2_y01,5,40,0,93.255806452,2.75,9.56,270.0,90.0,10.0,True,False,0.4825,1.290645161
116,116,scene_1.2,scene_1.2_y01,5,39,0,91.96516129,2.75,9.56,0.0,180.0,10.0,False,False,1.290645161,0.4825
117,117,scene_1.2,scene_1.2_y01,5,39,1,91.96516129,2.75,10.0425,0.0,180.0,10.0,False,False,0.4825,0.4825
118,118,scene_1.2,scene_1.2_y01,5,39,2,91.96516129,2.75,10.525,0.0,180.0,10.0,False,False,0.4825,0.4825
119,119,scene_1.2,scene_1.2_y01,5,39,3,91.96516129,2.75,11.0075,0.0,180.0,10.0,False,False,0.4825,0.4825
120,120,scene_1.2,scene_1.2_y01,5,39,4,91.96516129,2.75,11.49,270.0,90.0,10.0,False,False,0.4825,1.290645161
121,121,scene_1.2,scene_1.2_y01,5,38,4,90.674516129,2.75,11.49,180.0,0.0,10.0,True,False,1.290645161,0.4825
122,122,scene_1.2,scene_1.2_y01,5,38,3,90.674516129,2.75,11.0075,180.0,0.0,10.0,True,False,0.4825,0.4825
123,123,scene_1.2,scene_1.2_y01,5,38,2,90.674516129,2.75,10.525,180.0,0.0,10.0,True,False,0.4825,0.4825
124,124,scene_1.2,scene_1.2_y01,5,38,1,90.674516129,2.75,10.0425,180.0,0.0,10.0,True,False,0.4825,0.4825
125,125,scene_1.2,scene_1.2_y01,5,38,0,90.674516129,2.75,9.56,270.0,90.0,10.0,True,False,0.4825,1.290645161
126,126,scene_1.2,scene_1.2_y01,5,37,0,89.383870968,2.75,9.56,0.0,180.0,10.0,False,False,1.290645161,0.4825
127,127,scene_1.2,scene_1.2_y01,5,37,1,89.383870968,2.75,10.0425,0.0,180.0,10.0,False,False,0.4825,0.4825
128,128,scene_1.2,scene_1.2_y01,5,37,2,89.383870968,2.75,10.525,0.0,180.0,10.0,False,False,0.4825,0.4825
129,129,scene_1.2,scene_1.2_y01,5,37,3,89.383870968,2.75,11.0075,0.0,180.0,10.0,False,False,0.4825,0.4825
130,130,scene_1.2,scene_1.2_y01,5,37,4,89.383870968,2.75,11.49,270.0,90.0,10.0,False,False,0.4825,1.290645161
131,131,scene_1.2,scene_1.2_y01,5,36,4,88.093225806,2.75,11.49,180.0,0.0,10.0,True,False,1.290645161,0.4825
132,132,scene_1.2,scene_1.2_y01,5,36,3,88.093225806,2.75,11.0075,180.0,0.0,10.0,True,False,0.4825,0.4825
133,133,scene_1.2,scene_1.2_y01,5,36,2,88.093225806,2.75,10.525,180.0,0.0,10.0,True,False,0.4825,0.4825
134,134,scene_1.2,scene_1.2_y01,5,36,1,88.093225806,2.75,10.0425,180.0,0.0,10.0,True,False,0.4825,0.4825
135,135,scene_1.2,scene_1.2_y01,5,36,0,88.093225806,2.75,9.56,270.0,90.0,10.0,True,False,0.4825,1.290645161
136,136,scene_1.2,scene_1.2_y01,5,35,0,86.802580645,2.75,9.56,0.0,180.0,10.0,False,False,1.290645161,0.4825
137,137,scene_1.2,scene_1.2_y01,5,35,1,86.802580645,2.75,10.0425,0.0,180.0,10.0,False,False,0.4825,0.4825
138,138,scene_1.2,scene_1.2_y01,5,35,2,86.802580645,2.75,10.525,0.0,180.0,10.0,False,False,0.4825,0.4825
139,139,scene_1.2,scene_1.2_y01,5,35,3,86.802580645,2.75,11.0075,0.0,180.0,10.0,False,False,0.4825,0.4825
140,140,scene_1.2,scene_1.2_y01,5,35,4,86.802580645,2.75,11.49,270.0,90.0,10.0,False,False,0.4825,1.290645161
141,141,scene_1.2,scene_1.2_y01,5,34,4,85.511935484,2.75,11.49,180.0,0.0,10.0,True,False,1.290645161,0.4825
142,142,scene_1.2,scene_1.2_y01,5,34,3,85.511935484,2.75,11.0075,180.0,0.0,10.0,True,False,0.4825,0.4825
143,143,scene_1.2,scene_1.2_y01,5,34,2,85.511935484,2.75,10.525,180.0,0.0,10.0,True,False,0.4825,0.4825
144,144,scene_1.2,scene_1.2_y01,5,34,1,85.511935484,2.75,10.0425,180.0,0.0,10.0,True,False,0.4825,0.4825
145,145,scene_1.2,scene_1.2_y01,5,34,0,85.511935484,2.75,9.56,270.0,90.0,10.0,True,False,0.4825,1.290645161
146,146,scene_1.2,scene_1.2_y01,5,33,0,84.221290323,2.75,9.56,0.0,180.0,10.0,False,False,1.290645161,0.4825
147,147,scene_1.2,scene_1.2_y01,5,33,1,84.221290323,2.75,10.0425,0.0,180.0,10.0,False,False,0.4825,0.4825
148,148,scene_1.2,scene_1.2_y01,5,33,2,84.221290323,2.75,10.525,0.0,180.0,10.0,False,False,0.4825,0.4825
149,149,scene_1.2,scene_1.2_y01,5,33,3,84.221290323,2.75,11.0075,0.0,180.0,10.0,False,False,0.4825,0.4825
150,150,scene_1.2,scene_1.2_y01,5,33,4,84.221290323,2.75,11.49,270.0,90.0,10.0,False,False,0.4825,1.290645161
151,151,scene_1.2,scene_1.2_y01,5,32,4,82.930645161,2.75,11.49,180.0,0.0,10.0,True,False,1.290645161,0.4825
152,152,scene_1.2,scene_1.2_y01,5,32,3,82.930645161,2.75,11.0075,180.0,0.0,10.0,True,False,0.4825,0.4825
153,153,scene_1.2,scene_1.2_y01,5,32,2,82.930645161,2.75,10.525,180.0,0.0,10.0,True,False,0.4825,0.4825
154,154,scene_1.2,scene_1.2_y01,5,32,1,82.930645161,2.75,10.0425,180.0,0.0,10.0,True,False,0.4825,0.4825
155,155,scene_1.2,scene_1.2_y01,5,32,0,82.930645161,2.75,9.56,270.0,90.0,10.0,True,False,0.4825,1.290645161
156,156,scene_1.2,scene_1.2_y01,5,31,0,81.64,2.75,9.56,0.0,180.0,10.0,False,False,1.290645161,0.4825
157,157,scene_1.2,scene_1.2_y01,5,31,1,81.64,2.75,10.0425,0.0,180.0,10.0,False,False,0.4825,0.4825
158,158,scene_1.2,scene_1.2_y01,5,31,2,81.64,2.75,10.525,0.0,180.0,10.0,False,False,0.4825,0.4825
159,159,scene_1.2,scene_1.2_y01,5,31,3,81.64,2.75,11.0075,0.0,180.0,10.0,False,False,0.4825,0.4825
160,160,scene_1.2,scene_1.2_y01,5,31,4,81.64,2.75,11.49,270.0,90.0,10.0,False,False,0.4825,1.290645161
161,161,scene_1.2,scene_1.2_y01,5,30,4,80.349354839,2.75,11.49,180.0,0.0,10.0,True,False,1.290645161,0.4825
162,162,scene_1.2,scene_1.2_y01,5,30,3,80.349354839,2.75,11.0075,180.0,0.0,10.0,True,False,0.4825,0.4825
163,163,scene_1.2,scene_1.2_y01,5,30,2,80.349354839,2.75,10.525,180.0,0.0,10.0,True,False,0.4825,0.4825
164,164,scene_1.2,scene_1.2_y01,5,30,1,80.349354839,2.75,10.0425,180.0,0.0,10.0,True,False,0.4825,0.4825
165,165,scene_1.2,scene_1.2_y01,5,30,0,80.349354839,2.75,9.56,270.0,90.0,10.0,True,False,0.4825,1.290645161
166,166,scene_1.2,scene_1.2_y01,5,29,0,79.058709677,2.75,9.56,0.0,180.0,10.0,False,False,1.290645161,0.4825
167,167,scene_1.2,scene_1.2_y01,5,29,1,79.058709677,2.75,10.0425,0.0,180.0,10.0,False,False,0.4825,0.4825
168,168,scene_1.2,scene_1.2_y01,5,29,2,79.058709677,2.75,10.525,0.0,180.0,10.0,False,False,0.4825,0.4825
169,169,scene_1.2,scene_1.2_y01,5,29,3,79.058709677,2.75,11.0075,0.0,180.0,10.0,False,False,0.4825,0.4825
170,170,scene_1.2,scene_1.2_y01,5,29,4,79.058709677,2.75,11.49,270.0,90.0,10.0,False,False,0.4825,1.290645161
171,171,scene_1.2,scene_1.2_y01,5,28,4,77.768064516,2.75,11.49,180.0,0.0,10.0,True,False,1.290645161,0.4825
172,172,scene_1.2,scene_1.2_y01,5,28,3,77.768064516,2.75,11.0075,180.0,0.0,10.0,True,False,0.4825,0.4825
173,173,scene_1.2,scene_1.2_y01,5,28,2,77.768064516,2.75,10.525,180.0,0.0,10.0,True,False,0.4825,0.4825
174,174,scene_1.2,scene_1.2_y01,5,28,1,77.768064516,2.75,10.0425,180.0,0.0,10.0,True,False,0.4825,0.4825
175,175,scene_1.2,scene_1.2_y01,5,28,0,77.768064516,2.75,9.56,270.0,90.0,10.0,True,False,0.4825,1.290645161
176,176,scene_1.2,scene_1.2_y01,5,27,0,76.477419355,2.75,9.56,0.0,180.0,10.0,False,False,1.290645161,0.4825
177,177,scene_1.2,scene_1.2_y01,5,27,1,76.477419355,2.75,10.0425,0.0,180.0,10.0,False,False,0.4825,0.4825
178,178,scene_1.2,scene_1.2_y01,5,27,2,76.477419355,2.75,10.525,0.0,180.0,10.0,False,False,0.4825,0.4825
179,179,scene_1.2,scene_1.2_y01,5,27,3,76.477419355,2.75,11.0075,0.0,180.0,10.0,False,False,0.4825,0.4825
180,180,scene_1.2,scene_1.2_y01,5,27,4,76.477419355,2.75,11.49,270.0,90.0,10.0,False,False,0.4825,1.290645161
181,181,scene_1.2,scene_1.2_y01,5,26,4,75.186774194,2.75,11.49,180.0,0.0,10.0,True,False,1.290645161,0.4825
182,182,scene_1.2,scene_1.2_y01,5,26,3,75.186774194,2.75,11.0075,180.0,0.0,10.0,True,False,0.4825,0.4825
183,183,scene_1.2,scene_1.2_y01,5,26,2,75.186774194,2.75,10.525,180.0,0.0,10.0,True,False,0.4825,0.4825
184,184,scene_1.2,scene_1.2_y01,5,26,1,75.186774194,2.75,10.0425,180.0,0.0,10.0,True,False,0.4825,0.4825
185,185,scene_1.2,scene_1.2_y01,5,26,0,75.186774194,2.75,9.56,270.0,90.0,10.0,True,False,0.4825,1.290645161
186,186,scene_1.2,scene_1.2_y01,5,25,0,73.896129032,2.75,9.56,0.0,180.0,10.0,False,False,1.290645161,0.4825
187,187,scene_1.2,scene_1.2_y01,5,25,1,73.896129032,2.75,10.0425,0.0,180.0,10.0,False,False,0.4825,0.4825
188,188,scene_1.2,scene_1.2_y01,5,25,2,73.896129032,2.75,10.525,0.0,180.0,10.0,False,False,0.4825,0.4825
189,189,scene_1.2,scene_1.2_y01,5,25,3,73.896129032,2.75,11.0075,0.0,180.0,10.0,False,False,0.4825,0.4825
190,190,scene_1.2,scene_1.2_y01,5,25,4,73.896129032,2.75,11.49,270.0,90.0,10.0,False,False,0.4825,1.290645161
191,191,scene_1.2,scene_1.2_y01,5,24,4,72.605483871,2.75,11.49,180.0,0.0,10.0,True,False,1.290645161,0.4825
192,192,scene_1.2,scene_1.2_y01,5,24,3,72.605483871,2.75,11.0075,180.0,0.0,10.0,True,False,0.4825,0.4825
193,193,scene_1.2,scene_1.2_y01,5,24,2,72.605483871,2.75,10.525,180.0,0.0,10.0,True,False,0.4825,0.4825
194,194,scene_1.2,scene_1.2_y01,5,24,1,72.605483871,2.75,10.0425,180.0,0.0,10.0,True,False,0.4825,0.4825
195,195,scene_1.2,scene_1.2_y01,5,24,0,72.605483871,2.75,9.56,270.0,90.0,10.0,True,False,0.4825,1.290645161
196,196,scene_1.2,scene_1.2_y01,5,23,0,71.31483871,2.75,9.56,0.0,180.0,10.0,False,False,1.290645161,0.4825
197,197,scene_1.2,scene_1.2_y01,5,23,1,71.31483871,2.75,10.0425,0.0,180.0,10.0,False,False,0.4825,0.4825
198,198,scene_1.2,scene_1.2_y01,5,23,2,71.31483871,2.75,10.525,0.0,180.0,10.0,False,False,0.4825,0.4825
199,199,scene_1.2,scene_1.2_y01,5,23,3,71.31483871,2.75,11.0075,0.0,180.0,10.0,False,False,0.4825,0.4825
200,200,scene_1.2,scene_1.2_y01,5,23,4,71.31483871,2.75,11.49,270.0,90.0,10.0,False,False,0.4825,1.290645161
201,201,scene_1.2,scene_1.2_y01,5,22,4,70.024193548,2.75,11.49,180.0,0.0,10.0,True,False,1.290645161,0.4825
202,202,scene_1.2,scene_1.2_y01,5,22,3,70.024193548,2.75,11.0075,180.0,0.0,10.0,True,False,0.4825,0.4825
203,203,scene_1.2,scene_1.2_y01,5,22,2,70.024193548,2.75,10.525,180.0,0.0,10.0,True,False,0.4825,0.4825
204,204,scene_1.2,scene_1.2_y01,5,22,1,70.024193548,2.75,10.0425,180.0,0.0,10.0,True,False,0.4825,0.4825
205,205,scene_1.2,scene_1.2_y01,5,22,0,70.024193548,2.75,9.56,270.0,90.0,10.0,True,False,0.4825,1.290645161
206,206,scene_1.2,scene_1.2_y01,5,21,0,68.733548387,2.75,9.56,0.0,180.0,10.0,False,False,1.290645161,0.4825
207,207,scene_1.2,scene_1.2_y01,5,21,1,68.733548387,2.75,10.0425,0.0,180.0,10.0,False,False,0.4825,0.4825
208,208,scene_1.2,scene_1.2_y01,5,21,2,68.733548387,2.75,10.525,0.0,180.0,10.0,False,False,0.4825,0.4825
209,209,scene_1.2,scene_1.2_y01,5,21,3,68.733548387,2.75,11.0075,0.0,180.0,10.0,False,False,0.4825,0.4825
210,210,scene_1.2,scene_1.2_y01,5,21,4,68.733548387,2.75,11.49,270.0,90.0,10.0,False,False,0.4825,1.290645161
211,211,scene_1.2,scene_1.2_y01,5,20,4,67.442903226,2.75,11.49,180.0,0.0,10.0,True,False,1.290645161,0.4825
212,212,scene_1.2,scene_1.2_y01,5,20,3,67.442903226,2.75,11.0075,180.0,0.0,10.0,True,False,0.4825,0.4825
213,213,scene_1.2,scene_1.2_y01,5,20,2,67.442903226,2.75,10.525,180.0,0.0,10.0,True,False,0.4825,0.4825
214,214,scene_1.2,scene_1.2_y01,5,20,1,67.442903226,2.75,10.0425,180.0,0.0,10.0,True,False,0.4825,0.4825
215,215,scene_1.2,scene_1.2_y01,5,20,0,67.442903226,2.75,9.56,270.0,90.0,10.0,True,False,0.4825,1.290645161
216,216,scene_1.2,scene_1.2_y01,5,19,0,66.152258065,2.75,9.56,0.0,180.0,10.0,False,False,1.290645161,0.4825
217,217,scene_1.2,scene_1.2_y01,5,19,1,66.152258065,2.75,10.0425,0.0,180.0,10.0,False,False,0.4825,0.4825
218,218,scene_1.2,scene_1.2_y01,5,19,2,66.152258065,2.75,10.525,0.0,180.0,10.0,False,False,0.4825,0.4825
219,219,scene_1.2,scene_1.2_y01,5,19,3,66.152258065,2.75,11.0075,0.0,180.0,10.0,False,False,0.4825,0.4825
220,220,scene_1.2,scene_1.2_y01,5,19,4,66.152258065,2.75,11.49,270.0,90.0,10.0,False,False,0.4825,1.290645161
221,221,scene_1.2,scene_1.2_y01,5,18,4,64.861612903,2.75,11.49,180.0,0.0,10.0,True,False,1.290645161,0.4825
222,222,scene_1.2,scene_1.2_y01,5,18,3,64.861612903,2.75,11.0075,180.0,0.0,10.0,True,False,0.4825,0.4825
223,223,scene_1.2,scene_1.2_y01,5,18,2,64.861612903,2.75,10.525,180.0,0.0,10.0,True,False,0.4825,0.4825
224,224,scene_1.2,scene_1.2_y01,5,18,1,64.861612903,2.75,10.0425,180.0,0.0,10.0,True,False,0.4825,0.4825
225,225,scene_1.2,scene_1.2_y01,5,18,0,64.861612903,2.75,9.56,270.0,90.0,10.0,True,False,0.4825,1.290645161
226,226,scene_1.2,scene_1.2_y01,5,17,0,63.570967742,2.75,9.56,0.0,180.0,10.0,False,False,1.290645161,0.4825
227,227,scene_1.2,scene_1.2_y01,5,17,1,63.570967742,2.75,10.0425,0.0,180.0,10.0,False,False,0.4825,0.4825
228,228,scene_1.2,scene_1.2_y01,5,17,2,63.570967742,2.75,10.525,0.0,180.0,10.0,False,False,0.4825,0.4825
229,229,scene_1.2,scene_1.2_y01,5,17,3,63.570967742,2.75,11.0075,0.0,180.0,10.0,False,False,0.4825,0.4825
230,230,scene_1.2,scene_1.2_y01,5,17,4,63.570967742,2.75,11.49,270.0,90.0,10.0,False,False,0.4825,1.290645161
231,231,scene_1.2,scene_1.2_y01,5,16,4,62.280322581,2.75,11.49,180.0,0.0,10.0,True,False,1.290645161,0.4825
232,232,scene_1.2,scene_1.2_y01,5,16,3,62.280322581,2.75,11.0075,180.0,0.0,10.0,True,False,0.4825,0.4825
233,233,scene_1.2,scene_1.2_y01,5,16,2,62.280322581,2.75,10.525,180.0,0.0,10.0,True,False,0.4825,0.4825
234,234,scene_1.2,scene_1.2_y01,5,16,1,62.280322581,2.75,10.0425,180.0,0.0,10.0,True,False,0.4825,0.4825
235,235,scene_1.2,scene_1.2_y01,5,16,0,62.280322581,2.75,9.56,270.0,90.0,10.0,True,False,0.4825,1.290645161
236,236,scene_1.2,scene_1.2_y01,5,15,0,60.989677419,2.75,9.56,0.0,180.0,10.0,False,False,1.290645161,0.4825
237,237,scene_1.2,scene_1.2_y01,5,15,1,60.989677419,2.75,10.0425,0.0,180.0,10.0,False,False,0.4825,0.4825
238,238,scene_1.2,scene_1.2_y01,5,15,2,60.989677419,2.75,10.525,0.0,180.0,10.0,False,False,0.4825,0.4825
239,239,scene_1.2,scene_1.2_y01,5,15,3,60.989677419,2.75,11.0075,0.0,180.0,10.0,False,False,0.4825,0.4825
240,240,scene_1.2,scene_1.2_y01,5,15,4,60.989677419,2.75,11.49,270.0,90.0,10.0,False,False,0.4825,1.290645161
241,241,scene_1.2,scene_1.2_y01,5,14,4,59.699032258,2.75,11.49,180.0,0.0,10.0,True,False,1.290645161,0.4825
242,242,scene_1.2,scene_1.2_y01,5,14,3,59.699032258,2.75,11.0075,180.0,0.0,10.0,True,False,0.4825,0.4825
243,243,scene_1.2,scene_1.2_y01,5,14,2,59.699032258,2.75,10.525,180.0,0.0,10.0,True,False,0.4825,0.4825
244,244,scene_1.2,scene_1.2_y01,5,14,1,59.699032258,2.75,10.0425,180.0,0.0,10.0,True,False,0.4825,0.4825
245,245,scene_1.2,scene_1.2_y01,5,14,0,59.699032258,2.75,9.56,270.0,90.0,10.0,True,False,0.4825,1.290645161
246,246,scene_1.2,scene_1.2_y01,5,13,0,58.408387097,2.75,9.56,0.0,180.0,10.0,False,False,1.290645161,0.4825
247,247,scene_1.2,scene_1.2_y01,5,13,1,58.408387097,2.75,10.0425,0.0,180.0,10.0,False,False,0.4825,0.4825
248,248,scene_1.2,scene_1.2_y01,5,13,2,58.408387097,2.75,10.525,0.0,180.0,10.0,False,False,0.4825,0.4825
249,249,scene_1.2,scene_1.2_y01,5,13,3,58.408387097,2.75,11.0075,0.0,180.0,10.0,False,False,0.4825,0.4825
250,250,scene_1.2,scene_1.2_y01,5,13,4,58.408387097,2.75,11.49,270.0,90.0,10.0,False,False,0.4825,1.290645161
251,251,scene_1.2,scene_1.2_y01,5,12,4,57.117741935,2.75,11.49,180.0,0.0,10.0,True,False,1.290645161,0.4825
252,252,scene_1.2,scene_1.2_y01,5,12,3,57.117741935,2.75,11.0075,180.0,0.0,10.0,True,False,0.4825,0.4825
253,253,scene_1.2,scene_1.2_y01,5,12,2,57.117741935,2.75,10.525,180.0,0.0,10.0,True,False,0.4825,0.4825
254,254,scene_1.2,scene_1.2_y01,5,12,1,57.117741935,2.75,10.0425,180.0,0.0,10.0,True,False,0.4825,0.4825
255,255,scene_1.2,scene_1.2_y01,5,12,0,57.117741935,2.75,9.56,270.0,90.0,10.0,True,False,0.4825,1.290645161
256,256,scene_1.2,scene_1.2_y01,5,11,0,55.827096774,2.75,9.56,0.0,180.0,10.0,False,False,1.290645161,0.4825
257,257,scene_1.2,scene_1.2_y01,5,11,1,55.827096774,2.75,10.0425,0.0,180.0,10.0,False,False,0.4825,0.4825
258,258,scene_1.2,scene_1.2_y01,5,11,2,55.827096774,2.75,10.525,0.0,180.0,10.0,False,False,0.4825,0.4825
259,259,scene_1.2,scene_1.2_y01,5,11,3,55.827096774,2.75,11.0075,0.0,180.0,10.0,False,False,0.4825,0.4825
260,260,scene_1.2,scene_1.2_y01,5,11,4,55.827096774,2.75,11.49,270.0,90.0,10.0,False,False,0.4825,1.290645161
261,261,scene_1.2,scene_1.2_y01,5,10,4,54.536451613,2.75,11.49,180.0,0.0,10.0,True,False,1.290645161,0.4825
262,262,scene_1.2,scene_1.2_y01,5,10,3,54.536451613,2.75,11.0075,180.0,0.0,10.0,True,False,0.4825,0.4825
263,263,scene_1.2,scene_1.2_y01,5,10,2,54.536451613,2.75,10.525,180.0,0.0,10.0,True,False,0.4825,0.4825
264,264,scene_1.2,scene_1.2_y01,5,10,1,54.536451613,2.75,10.0425,180.0,0.0,10.0,True,False,0.4825,0.4825
265,265,scene_1.2,scene_1.2_y01,5,10,0,54.536451613,2.75,9.56,270.0,90.0,10.0,True,False,0.4825,1.290645161
266,266,scene_1.2,scene_1.2_y01,5,9,0,53.245806452,2.75,9.56,0.0,180.0,10.0,False,False,1.290645161,0.4825
267,267,scene_1.2,scene_1.2_y01,5,9,1,53.245806452,2.75,10.0425,0.0,180.0,10.0,False,False,0.4825,0.4825
268,268,scene_1.2,scene_1.2_y01,5,9,2,53.245806452,2.75,10.525,0.0,180.0,10.0,False,False,0.4825,0.4825
269,269,scene_1.2,scene_1.2_y01,5,9,3,53.245806452,2.75,11.0075,0.0,180.0,10.0,False,False,0.4825,0.4825
270,270,scene_1.2,scene_1.2_y01,5,9,4,53.245806452,2.75,11.49,270.0,90.0,10.0,False,False,0.4825,1.290645161
271,271,scene_1.2,scene_1.2_y01,5,8,4,51.95516129,2.75,11.49,180.0,0.0,10.0,True,False,1.290645161,0.4825
272,272,scene_1.2,scene_1.2_y01,5,8,3,51.95516129,2.75,11.0075,180.0,0.0,10.0,True,False,0.4825,0.4825
273,273,scene_1.2,scene_1.2_y01,5,8,2,51.95516129,2.75,10.525,180.0,0.0,10.0,True,False,0.4825,0.4825
274,274,scene_1.2,scene_1.2_y01,5,8,1,51.95516129,2.75,10.0425,180.0,0.0,10.0,True,False,0.4825,0.4825
275,275,scene_1.2,scene_1.2_y01,5,8,0,51.95516129,2.75,9.56,270.0,90.0,10.0,True,False,0.4825,1.290645161
276,276,scene_1.2,scene_1.2_y01,5,7,0,50.664516129,2.75,9.56,0.0,180.0,10.0,False,False,1.290645161,0.4825
277,277,scene_1.2,scene_1.2_y01,5,7,1,50.664516129,2.75,10.0425,0.0,180.0,10.0,False,False,0.4825,0.4825
278,278,scene_1.2,scene_1.2_y01,5,7,2,50.664516129,2.75,10.525,0.0,180.0,10.0,False,False,0.4825,0.4825
279,279,scene_1.2,scene_1.2_y01,5,7,3,50.664516129,2.75,11.0075,0.0,180.0,10.0,False,False,0.4825,0.4825
280,280,scene_1.2,scene_1.2_y01,5,7,4,50.664516129,2.75,11.49,270.0,90.0,10.0,False,False,0.4825,1.290645161
281,281,scene_1.2,scene_1.2_y01,5,6,4,49.373870968,2.75,11.49,180.0,0.0,10.0,True,False,1.290645161,0.4825
282,282,scene_1.2,scene_1.2_y01,5,6,3,49.373870968,2.75,11.0075,180.0,0.0,10.0,True,False,0.4825,0.4825
283,283,scene_1.2,scene_1.2_y01,5,6,2,49.373870968,2.75,10.525,180.0,0.0,10.0,True,False,0.4825,0.4825
284,284,scene_1.2,scene_1.2_y01,5,6,1,49.373870968,2.75,10.0425,180.0,0.0,10.0,True,False,0.4825,0.4825
285,285,scene_1.2,scene_1.2_y01,5,6,0,49.373870968,2.75,9.56,270.0,90.0,10.0,True,False,0.4825,1.290645161
286,286,scene_1.2,scene_1.2_y01,5,5,0,48.083225806,2.75,9.56,0.0,180.0,10.0,False,False,1.290645161,0.4825
287,287,scene_1.2,scene_1.2_y01,5,5,1,48.083225806,2.75,10.0425,0.0,180.0,10.0,False,False,0.4825,0.4825
288,288,scene_1.2,scene_1.2_y01,5,5,2,48.083225806,2.75,10.525,0.0,180.0,10.0,False,False,0.4825,0.4825
289,289,scene_1.2,scene_1.2_y01,5,5,3,48.083225806,2.75,11.0075,0.0,180.0,10.0,False,False,0.4825,0.4825
290,290,scene_1.2,scene_1.2_y01,5,5,4,48.083225806,2.75,11.49,270.0,90.0,10.0,False,False,0.4825,1.290645161
291,291,scene_1.2,scene_1.2_y01,5,4,4,46.792580645,2.75,11.49,180.0,0.0,10.0,True,False,1.290645161,0.4825
292,292,scene_1.2,scene_1.2_y01,5,4,3,46.792580645,2.75,11.0075,180.0,0.0,10.0,True,False,0.4825,0.4825
293,293,scene_1.2,scene_1.2_y01,5,4,2,46.792580645,2.75,10.525,180.0,0.0,10.0,True,False,0.4825,0.4825
294,294,scene_1.2,scene_1.2_y01,5,4,1,46.792580645,2.75,10.0425,180.0,0.0,10.0,True,False,0.4825,0.4825
295,295,scene_1.2,scene_1.2_y01,5,4,0,46.792580645,2.75,9.56,270.0,90.0,10.0,True,False,0.4825,1.290645161
296,296,scene_1.2,scene_1.2_y01,5,3,0,45.501935484,2.75,9.56,0.0,180.0,10.0,False,False,1.290645161,0.4825
297,297,scene_1.2,scene_1.2_y01,5,3,1,45.501935484,2.75,10.0425,0.0,180.0,10.0,False,False,0.4825,0.4825
298,298,scene_1.2,scene_1.2_y01,5,3,2,45.501935484,2.75,10.525,0.0,180.0,10.0,False,False,0.4825,0.4825
299,299,scene_1.2,scene_1.2_y01,5,3,3,45.501935484,2.75,11.0075,0.0,180.0,10.0,False,False,0.4825,0.4825
300,300,scene_1.2,scene_1.2_y01,5,3,4,45.501935484,2.75,11.49,270.0,90.0,10.0,False,False,0.4825,1.290645161
301,301,scene_1.2,scene_1.2_y01,5,2,4,44.211290323,2.75,11.49,180.0,0.0,10.0,True,False,1.290645161,0.4825
302,302,scene_1.2,scene_1.2_y01,5,2,3,44.211290323,2.75,11.0075,180.0,0.0,10.0,True,False,0.4825,0.4825
303,303,scene_1.2,scene_1.2_y01,5,2,2,44.211290323,2.75,10.525,180.0,0.0,10.0,True,False,0.4825,0.4825
304,304,scene_1.2,scene_1.2_y01,5,2,1,44.211290323,2.75,10.0425,180.0,0.0,10.0,True,False,0.4825,0.4825
305,305,scene_1.2,scene_1.2_y01,5,2,0,44.211290323,2.75,9.56,270.0,90.0,10.0,True,False,0.4825,1.290645161
306,306,scene_1.2,scene_1.2_y01,5,1,0,42.920645161,2.75,9.56,0.0,180.0,10.0,False,False,1.290645161,0.4825
307,307,scene_1.2,scene_1.2_y01,5,1,1,42.920645161,2.75,10.0425,0.0,180.0,10.0,False,False,0.4825,0.4825
308,308,scene_1.2,scene_1.2_y01,5,1,2,42.920645161,2.75,10.525,0.0,180.0,10.0,False,False,0.4825,0.4825
309,309,scene_1.2,scene_1.2_y01,5,1,3,42.920645161,2.75,11.0075,0.0,180.0,10.0,False,False,0.4825,0.4825
310,310,scene_1.2,scene_1.2_y01,5,1,4,42.920645161,2.75,11.49,270.0,90.0,10.0,False,False,0.4825,1.290645161
311,311,scene_1.2,scene_1.2_y01,5,0,4,41.63,2.75,11.49,180.0,0.0,10.0,True,False,1.290645161,0.4825
312,312,scene_1.2,scene_1.2_y01,5,0,3,41.63,2.75,11.0075,180.0,0.0,10.0,True,False,0.4825,0.4825
313,313,scene_1.2,scene_1.2_y01,5,0,2,41.63,2.75,10.525,180.0,0.0,10.0,True,False,0.4825,0.4825
314,314,scene_1.2,scene_1.2_y01,5,0,1,41.63,2.75,10.0425,180.0,0.0,10.0,True,False,0.4825,0.4825
315,315,scene_1.2,scene_1.2_y01,5,0,0,41.63,2.75,9.56,180.0,0.0,10.0,True,False,0.4825,0.0
316,1,scene_1.2,scene_1.2_y02,6,0,0,41.63,3.63,9.56,0.0,180.0,0.0,True,False,0.88,0.4825
317,2,scene_1.2,scene_1.2_y02,6,0,1,41.63,3.63,10.0425,0.0,180.0,0.0,True,False,0.4825,0.4825
318,3,scene_1.2,scene_1.2_y02,6,0,2,41.63,3.63,10.525,0.0,180.0,0.0,True,False,0.4825,0.4825
319,4,scene_1.2,scene_1.2_y02,6,0,3,41.63,3.63,11.0075,0.0,180.0,0.0,True,False,0.4825,0.4825
320,5,scene_1.2,scene_1.2_y02,6,0,4,41.63,3.63,11.49,90.0,270.0,0.0,True,False,0.4825,1.290645161
321,6,scene_1.2,scene_1.2_y02,6,1,4,42.920645161,3.63,11.49,180.0,0.0,0.0,False,False,1.290645161,0.4825
322,7,scene_1.2,scene_1.2_y02,6,1,3,42.920645161,3.63,11.0075,180.0,0.0,0.0,False,False,0.4825,0.4825
323,8,scene_1.2,scene_1.2_y02,6,1,2,42.920645161,3.63,10.525,180.0,0.0,0.0,False,False,0.4825,0.4825
324,9,scene_1.2,scene_1.2_y02,6,1,1,42.920645161,3.63,10.0425,180.0,0.0,0.0,False,False,0.4825,0.4825
325,10,scene_1.2,scene_1.2_y02,6,1,0,42.920645161,3.63,9.56,90.0,270.0,0.0,False,False,0.4825,1.290645161
326,11,scene_1.2,scene_1.2_y02,6,2,0,44.211290323,3.63,9.56,0.0,180.0,0.0,True,False,1.290645161,0.4825
327,12,scene_1.2,scene_1.2_y02,6,2,1,44.211290323,3.63,10.0425,0.0,180.0,0.0,True,False,0.4825,0.4825
328,13,scene_1.2,scene_1.2_y02,6,2,2,44.211290323,3.63,10.525,0.0,180.0,0.0,True,False,0.4825,0.4825
329,14,scene_1.2,scene_1.2_y02,6,2,3,44.211290323,3.63,11.0075,0.0,180.0,0.0,True,False,0.4825,0.4825
330,15,scene_1.2,scene_1.2_y02,6,2,4,44.211290323,3.63,11.49,90.0,270.0,0.0,True,False,0.4825,1.290645161
331,16,scene_1.2,scene_1.2_y02,6,3,4,45.501935484,3.63,11.49,180.0,0.0,0.0,False,False,1.290645161,0.4825
332,17,scene_1.2,scene_1.2_y02,6,3,3,45.501935484,3.63,11.0075,180.0,0.0,0.0,False,False,0.4825,0.4825
333,18,scene_1.2,scene_1.2_y02,6,3,2,45.501935484,3.63,10.525,180.0,0.0,0.0,False,False,0.4825,0.4825
334,19,scene_1.2,scene_1.2_y02,6,3,1,45.501935484,3.63,10.0425,180.0,0.0,0.0,False,False,0.4825,0.4825
335,20,scene_1.2,scene_1.2_y02,6,3,0,45.501935484,3.63,9.56,90.0,270.0,0.0,False,False,0.4825,1.290645161
336,21,scene_1.2,scene_1.2_y02,6,4,0,46.792580645,3.63,9.56,0.0,180.0,0.0,True,False,1.290645161,0.4825
337,22,scene_1.2,scene_1.2_y02,6,4,1,46.792580645,3.63,10.0425,0.0,180.0,0.0,True,False,0.4825,0.4825
338,23,scene_1.2,scene_1.2_y02,6,4,2,46.792580645,3.63,10.525,0.0,180.0,0.0,True,False,0.4825,0.4825
339,24,scene_1.2,scene_1.2_y02,6,4,3,46.792580645,3.63,11.0075,0.0,180.0,0.0,True,False,0.4825,0.4825
340,25,scene_1.2,scene_1.2_y02,6,4,4,46.792580645,3.63,11.49,90.0,270.0,0.0,True,False,0.4825,1.290645161
341,26,scene_1.2,scene_1.2_y02,6,5,4,48.083225806,3.63,11.49,180.0,0.0,0.0,False,False,1.290645161,0.4825
342,27,scene_1.2,scene_1.2_y02,6,5,3,48.083225806,3.63,11.0075,180.0,0.0,0.0,False,False,0.4825,0.4825
343,28,scene_1.2,scene_1.2_y02,6,5,2,48.083225806,3.63,10.525,180.0,0.0,0.0,False,False,0.4825,0.4825
344,29,scene_1.2,scene_1.2_y02,6,5,1,48.083225806,3.63,10.0425,180.0,0.0,0.0,False,False,0.4825,0.4825
345,30,scene_1.2,scene_1.2_y02,6,5,0,48.083225806,3.63,9.56,90.0,270.0,0.0,False,False,0.4825,1.290645161
346,31,scene_1.2,scene_1.2_y02,6,6,0,49.373870968,3.63,9.56,0.0,180.0,0.0,True,False,1.290645161,0.4825
347,32,scene_1.2,scene_1.2_y02,6,6,1,49.373870968,3.63,10.0425,0.0,180.0,0.0,True,False,0.4825,0.4825
348,33,scene_1.2,scene_1.2_y02,6,6,2,49.373870968,3.63,10.525,0.0,180.0,0.0,True,False,0.4825,0.4825
349,34,scene_1.2,scene_1.2_y02,6,6,3,49.373870968,3.63,11.0075,0.0,180.0,0.0,True,False,0.4825,0.4825
350,35,scene_1.2,scene_1.2_y02,6,6,4,49.373870968,3.63,11.49,90.0,270.0,0.0,True,False,0.4825,1.290645161
351,36,scene_1.2,scene_1.2_y02,6,7,4,50.664516129,3.63,11.49,180.0,0.0,0.0,False,False,1.290645161,0.4825
352,37,scene_1.2,scene_1.2_y02,6,7,3,50.664516129,3.63,11.0075,180.0,0.0,0.0,False,False,0.4825,0.4825
353,38,scene_1.2,scene_1.2_y02,6,7,2,50.664516129,3.63,10.525,180.0,0.0,0.0,False,False,0.4825,0.4825
354,39,scene_1.2,scene_1.2_y02,6,7,1,50.664516129,3.63,10.0425,180.0,0.0,0.0,False,False,0.4825,0.4825
355,40,scene_1.2,scene_1.2_y02,6,7,0,50.664516129,3.63,9.56,90.0,270.0,0.0,False,False,0.4825,1.290645161
356,41,scene_1.2,scene_1.2_y02,6,8,0,51.95516129,3.63,9.56,0.0,180.0,0.0,True,False,1.290645161,0.4825
357,42,scene_1.2,scene_1.2_y02,6,8,1,51.95516129,3.63,10.0425,0.0,180.0,0.0,True,False,0.4825,0.4825
358,43,scene_1.2,scene_1.2_y02,6,8,2,51.95516129,3.63,10.525,0.0,180.0,0.0,True,False,0.4825,0.4825
359,44,scene_1.2,scene_1.2_y02,6,8,3,51.95516129,3.63,11.0075,0.0,180.0,0.0,True,False,0.4825,0.4825
360,45,scene_1.2,scene_1.2_y02,6,8,4,51.95516129,3.63,11.49,90.0,270.0,0.0,True,False,0.4825,1.290645161
361,46,scene_1.2,scene_1.2_y02,6,9,4,53.245806452,3.63,11.49,180.0,0.0,0.0,False,False,1.290645161,0.4825
362,47,scene_1.2,scene_1.2_y02,6,9,3,53.245806452,3.63,11.0075,180.0,0.0,0.0,False,False,0.4825,0.4825
363,48,scene_1.2,scene_1.2_y02,6,9,2,53.245806452,3.63,10.525,180.0,0.0,0.0,False,False,0.4825,0.4825
364,49,scene_1.2,scene_1.2_y02,6,9,1,53.245806452,3.63,10.0425,180.0,0.0,0.0,False,False,0.4825,0.4825
365,50,scene_1.2,scene_1.2_y02,6,9,0,53.245806452,3.63,9.56,90.0,270.0,0.0,False,False,0.4825,1.290645161
366,51,scene_1.2,scene_1.2_y02,6,10,0,54.536451613,3.63,9.56,0.0,180.0,0.0,True,False,1.290645161,0.4825
367,52,scene_1.2,scene_1.2_y02,6,10,1,54.536451613,3.63,10.0425,0.0,180.0,0.0,True,False,0.4825,0.4825
368,53,scene_1.2,scene_1.2_y02,6,10,2,54.536451613,3.63,10.525,0.0,180.0,0.0,True,False,0.4825,0.4825
369,54,scene_1.2,scene_1.2_y02,6,10,3,54.536451613,3.63,11.0075,0.0,180.0,0.0,True,False,0.4825,0.4825
370,55,scene_1.2,scene_1.2_y02,6,10,4,54.536451613,3.63,11.49,90.0,270.0,0.0,True,False,0.4825,1.290645161
371,56,scene_1.2,scene_1.2_y02,6,11,4,55.827096774,3.63,11.49,180.0,0.0,0.0,False,False,1.290645161,0.4825
372,57,scene_1.2,scene_1.2_y02,6,11,3,55.827096774,3.63,11.0075,180.0,0.0,0.0,False,False,0.4825,0.4825
373,58,scene_1.2,scene_1.2_y02,6,11,2,55.827096774,3.63,10.525,180.0,0.0,0.0,False,False,0.4825,0.4825
374,59,scene_1.2,scene_1.2_y02,6,11,1,55.827096774,3.63,10.0425,180.0,0.0,0.0,False,False,0.4825,0.4825
375,60,scene_1.2,scene_1.2_y02,6,11,0,55.827096774,3.63,9.56,90.0,270.0,0.0,False,False,0.4825,1.290645161
376,61,scene_1.2,scene_1.2_y02,6,12,0,57.117741935,3.63,9.56,0.0,180.0,0.0,True,False,1.290645161,0.4825
377,62,scene_1.2,scene_1.2_y02,6,12,1,57.117741935,3.63,10.0425,0.0,180.0,0.0,True,False,0.4825,0.4825
378,63,scene_1.2,scene_1.2_y02,6,12,2,57.117741935,3.63,10.525,0.0,180.0,0.0,True,False,0.4825,0.4825
379,64,scene_1.2,scene_1.2_y02,6,12,3,57.117741935,3.63,11.0075,0.0,180.0,0.0,True,False,0.4825,0.4825
380,65,scene_1.2,scene_1.2_y02,6,12,4,57.117741935,3.63,11.49,90.0,270.0,0.0,True,False,0.4825,1.290645161
381,66,scene_1.2,scene_1.2_y02,6,13,4,58.408387097,3.63,11.49,180.0,0.0,0.0,False,False,1.290645161,0.4825
382,67,scene_1.2,scene_1.2_y02,6,13,3,58.408387097,3.63,11.0075,180.0,0.0,0.0,False,False,0.4825,0.4825
383,68,scene_1.2,scene_1.2_y02,6,13,2,58.408387097,3.63,10.525,180.0,0.0,0.0,False,False,0.4825,0.4825
384,69,scene_1.2,scene_1.2_y02,6,13,1,58.408387097,3.63,10.0425,180.0,0.0,0.0,False,False,0.4825,0.4825
385,70,scene_1.2,scene_1.2_y02,6,13,0,58.408387097,3.63,9.56,90.0,270.0,0.0,False,False,0.4825,1.290645161
386,71,scene_1.2,scene_1.2_y02,6,14,0,59.699032258,3.63,9.56,0.0,180.0,0.0,True,False,1.290645161,0.4825
387,72,scene_1.2,scene_1.2_y02,6,14,1,59.699032258,3.63,10.0425,0.0,180.0,0.0,True,False,0.4825,0.4825
388,73,scene_1.2,scene_1.2_y02,6,14,2,59.699032258,3.63,10.525,0.0,180.0,0.0,True,False,0.4825,0.4825
389,74,scene_1.2,scene_1.2_y02,6,14,3,59.699032258,3.63,11.0075,0.0,180.0,0.0,True,False,0.4825,0.4825
390,75,scene_1.2,scene_1.2_y02,6,14,4,59.699032258,3.63,11.49,90.0,270.0,0.0,True,False,0.4825,1.290645161
391,76,scene_1.2,scene_1.2_y02,6,15,4,60.989677419,3.63,11.49,180.0,0.0,0.0,False,False,1.290645161,0.4825
392,77,scene_1.2,scene_1.2_y02,6,15,3,60.989677419,3.63,11.0075,180.0,0.0,0.0,False,False,0.4825,0.4825
393,78,scene_1.2,scene_1.2_y02,6,15,2,60.989677419,3.63,10.525,180.0,0.0,0.0,False,False,0.4825,0.4825
394,79,scene_1.2,scene_1.2_y02,6,15,1,60.989677419,3.63,10.0425,180.0,0.0,0.0,False,False,0.4825,0.4825
395,80,scene_1.2,scene_1.2_y02,6,15,0,60.989677419,3.63,9.56,90.0,270.0,0.0,False,False,0.4825,1.290645161
396,81,scene_1.2,scene_1.2_y02,6,16,0,62.280322581,3.63,9.56,0.0,180.0,0.0,True,False,1.290645161,0.4825
397,82,scene_1.2,scene_1.2_y02,6,16,1,62.280322581,3.63,10.0425,0.0,180.0,0.0,True,False,0.4825,0.4825
398,83,scene_1.2,scene_1.2_y02,6,16,2,62.280322581,3.63,10.525,0.0,180.0,0.0,True,False,0.4825,0.4825
399,84,scene_1.2,scene_1.2_y02,6,16,3,62.280322581,3.63,11.0075,0.0,180.0,0.0,True,False,0.4825,0.4825
400,85,scene_1.2,scene_1.2_y02,6,16,4,62.280322581,3.63,11.49,90.0,270.0,0.0,True,False,0.4825,1.290645161
401,86,scene_1.2,scene_1.2_y02,6,17,4,63.570967742,3.63,11.49,180.0,0.0,0.0,False,False,1.290645161,0.4825
402,87,scene_1.2,scene_1.2_y02,6,17,3,63.570967742,3.63,11.0075,180.0,0.0,0.0,False,False,0.4825,0.4825
403,88,scene_1.2,scene_1.2_y02,6,17,2,63.570967742,3.63,10.525,180.0,0.0,0.0,False,False,0.4825,0.4825
404,89,scene_1.2,scene_1.2_y02,6,17,1,63.570967742,3.63,10.0425,180.0,0.0,0.0,False,False,0.4825,0.4825
405,90,scene_1.2,scene_1.2_y02,6,17,0,63.570967742,3.63,9.56,90.0,270.0,0.0,False,False,0.4825,1.290645161
406,91,scene_1.2,scene_1.2_y02,6,18,0,64.861612903,3.63,9.56,0.0,180.0,0.0,True,False,1.290645161,0.4825
407,92,scene_1.2,scene_1.2_y02,6,18,1,64.861612903,3.63,10.0425,0.0,180.0,0.0,True,False,0.4825,0.4825
408,93,scene_1.2,scene_1.2_y02,6,18,2,64.861612903,3.63,10.525,0.0,180.0,0.0,True,False,0.4825,0.4825
409,94,scene_1.2,scene_1.2_y02,6,18,3,64.861612903,3.63,11.0075,0.0,180.0,0.0,True,False,0.4825,0.4825
410,95,scene_1.2,scene_1.2_y02,6,18,4,64.861612903,3.63,11.49,90.0,270.0,0.0,True,False,0.4825,1.290645161
411,96,scene_1.2,scene_1.2_y02,6,19,4,66.152258065,3.63,11.49,180.0,0.0,0.0,False,False,1.290645161,0.4825
412,97,scene_1.2,scene_1.2_y02,6,19,3,66.152258065,3.63,11.0075,180.0,0.0,0.0,False,False,0.4825,0.4825
413,98,scene_1.2,scene_1.2_y02,6,19,2,66.152258065,3.63,10.525,180.0,0.0,0.0,False,False,0.4825,0.4825
414,99,scene_1.2,scene_1.2_y02,6,19,1,66.152258065,3.63,10.0425,180.0,0.0,0.0,False,False,0.4825,0.4825
415,100,scene_1.2,scene_1.2_y02,6,19,0,66.152258065,3.63,9.56,90.0,270.0,0.0,False,False,0.4825,1.290645161
416,101,scene_1.2,scene_1.2_y02,6,20,0,67.442903226,3.63,9.56,0.0,180.0,0.0,True,False,1.290645161,0.4825
417,102,scene_1.2,scene_1.2_y02,6,20,1,67.442903226,3.63,10.0425,0.0,180.0,0.0,True,False,0.4825,0.4825
418,103,scene_1.2,scene_1.2_y02,6,20,2,67.442903226,3.63,10.525,0.0,180.0,0.0,True,False,0.4825,0.4825
419,104,scene_1.2,scene_1.2_y02,6,20,3,67.442903226,3.63,11.0075,0.0,180.0,0.0,True,False,0.4825,0.4825
420,105,scene_1.2,scene_1.2_y02,6,20,4,67.442903226,3.63,11.49,90.0,270.0,0.0,True,False,0.4825,1.290645161
421,106,scene_1.2,scene_1.2_y02,6,21,4,68.733548387,3.63,11.49,180.0,0.0,0.0,False,False,1.290645161,0.4825
422,107,scene_1.2,scene_1.2_y02,6,21,3,68.733548387,3.63,11.0075,180.0,0.0,0.0,False,False,0.4825,0.4825
423,108,scene_1.2,scene_1.2_y02,6,21,2,68.733548387,3.63,10.525,180.0,0.0,0.0,False,False,0.4825,0.4825
424,109,scene_1.2,scene_1.2_y02,6,21,1,68.733548387,3.63,10.0425,180.0,0.0,0.0,False,False,0.4825,0.4825
425,110,scene_1.2,scene_1.2_y02,6,21,0,68.733548387,3.63,9.56,90.0,270.0,0.0,False,False,0.4825,1.290645161
426,111,scene_1.2,scene_1.2_y02,6,22,0,70.024193548,3.63,9.56,0.0,180.0,0.0,True,False,1.290645161,0.4825
427,112,scene_1.2,scene_1.2_y02,6,22,1,70.024193548,3.63,10.0425,0.0,180.0,0.0,True,False,0.4825,0.4825
428,113,scene_1.2,scene_1.2_y02,6,22,2,70.024193548,3.63,10.525,0.0,180.0,0.0,True,False,0.4825,0.4825
429,114,scene_1.2,scene_1.2_y02,6,22,3,70.024193548,3.63,11.0075,0.0,180.0,0.0,True,False,0.4825,0.4825
430,115,scene_1.2,scene_1.2_y02,6,22,4,70.024193548,3.63,11.49,90.0,270.0,0.0,True,False,0.4825,1.290645161
431,116,scene_1.2,scene_1.2_y02,6,23,4,71.31483871,3.63,11.49,180.0,0.0,0.0,False,False,1.290645161,0.4825
432,117,scene_1.2,scene_1.2_y02,6,23,3,71.31483871,3.63,11.0075,180.0,0.0,0.0,False,False,0.4825,0.4825
433,118,scene_1.2,scene_1.2_y02,6,23,2,71.31483871,3.63,10.525,180.0,0.0,0.0,False,False,0.4825,0.4825
434,119,scene_1.2,scene_1.2_y02,6,23,1,71.31483871,3.63,10.0425,180.0,0.0,0.0,False,False,0.4825,0.4825
435,120,scene_1.2,scene_1.2_y02,6,23,0,71.31483871,3.63,9.56,90.0,270.0,0.0,False,False,0.4825,1.290645161
436,121,scene_1.2,scene_1.2_y02,6,24,0,72.605483871,3.63,9.56,0.0,180.0,0.0,True,False,1.290645161,0.4825
437,122,scene_1.2,scene_1.2_y02,6,24,1,72.605483871,3.63,10.0425,0.0,180.0,0.0,True,False,0.4825,0.4825
438,123,scene_1.2,scene_1.2_y02,6,24,2,72.605483871,3.63,10.525,0.0,180.0,0.0,True,False,0.4825,0.4825
439,124,scene_1.2,scene_1.2_y02,6,24,3,72.605483871,3.63,11.0075,0.0,180.0,0.0,True,False,0.4825,0.4825
440,125,scene_1.2,scene_1.2_y02,6,24,4,72.605483871,3.63,11.49,90.0,270.0,0.0,True,False,0.4825,1.290645161
441,126,scene_1.2,scene_1.2_y02,6,25,4,73.896129032,3.63,11.49,180.0,0.0,0.0,False,False,1.290645161,0.4825
442,127,scene_1.2,scene_1.2_y02,6,25,3,73.896129032,3.63,11.0075,180.0,0.0,0.0,False,False,0.4825,0.4825
443,128,scene_1.2,scene_1.2_y02,6,25,2,73.896129032,3.63,10.525,180.0,0.0,0.0,False,False,0.4825,0.4825
444,129,scene_1.2,scene_1.2_y02,6,25,1,73.896129032,3.63,10.0425,180.0,0.0,0.0,False,False,0.4825,0.4825
445,130,scene_1.2,scene_1.2_y02,6,25,0,73.896129032,3.63,9.56,90.0,270.0,0.0,False,False,0.4825,1.290645161
446,131,scene_1.2,scene_1.2_y02,6,26,0,75.186774194,3.63,9.56,0.0,180.0,0.0,True,False,1.290645161,0.4825
447,132,scene_1.2,scene_1.2_y02,6,26,1,75.186774194,3.63,10.0425,0.0,180.0,0.0,True,False,0.4825,0.4825
448,133,scene_1.2,scene_1.2_y02,6,26,2,75.186774194,3.63,10.525,0.0,180.0,0.0,True,False,0.4825,0.4825
449,134,scene_1.2,scene_1.2_y02,6,26,3,75.186774194,3.63,11.0075,0.0,180.0,0.0,True,False,0.4825,0.4825
450,135,scene_1.2,scene_1.2_y02,6,26,4,75.186774194,3.63,11.49,90.0,270.0,0.0,True,False,0.4825,1.290645161
451,136,scene_1.2,scene_1.2_y02,6,27,4,76.477419355,3.63,11.49,180.0,0.0,0.0,False,False,1.290645161,0.4825
452,137,scene_1.2,scene_1.2_y02,6,27,3,76.477419355,3.63,11.0075,180.0,0.0,0.0,False,False,0.4825,0.4825
453,138,scene_1.2,scene_1.2_y02,6,27,2,76.477419355,3.63,10.525,180.0,0.0,0.0,False,False,0.4825,0.4825
454,139,scene_1.2,scene_1.2_y02,6,27,1,76.477419355,3.63,10.0425,180.0,0.0,0.0,False,False,0.4825,0.4825
455,140,scene_1.2,scene_1.2_y02,6,27,0,76.477419355,3.63,9.56,90.0,270.0,0.0,False,False,0.4825,1.290645161
456,141,scene_1.2,scene_1.2_y02,6,28,0,77.768064516,3.63,9.56,0.0,180.0,0.0,True,False,1.290645161,0.4825
457,142,scene_1.2,scene_1.2_y02,6,28,1,77.768064516,3.63,10.0425,0.0,180.0,0.0,True,False,0.4825,0.4825
458,143,scene_1.2,scene_1.2_y02,6,28,2,77.768064516,3.63,10.525,0.0,180.0,0.0,True,False,0.4825,0.4825
459,144,scene_1.2,scene_1.2_y02,6,28,3,77.768064516,3.63,11.0075,0.0,180.0,0.0,True,False,0.4825,0.4825
460,145,scene_1.2,scene_1.2_y02,6,28,4,77.768064516,3.63,11.49,90.0,270.0,0.0,True,False,0.4825,1.290645161
461,146,scene_1.2,scene_1.2_y02,6,29,4,79.058709677,3.63,11.49,180.0,0.0,0.0,False,False,1.290645161,0.4825
462,147,scene_1.2,scene_1.2_y02,6,29,3,79.058709677,3.63,11.0075,180.0,0.0,0.0,False,False,0.4825,0.4825
463,148,scene_1.2,scene_1.2_y02,6,29,2,79.058709677,3.63,10.525,180.0,0.0,0.0,False,False,0.4825,0.4825
464,149,scene_1.2,scene_1.2_y02,6,29,1,79.058709677,3.63,10.0425,180.0,0.0,0.0,False,False,0.4825,0.4825
465,150,scene_1.2,scene_1.2_y02,6,29,0,79.058709677,3.63,9.56,90.0,270.0,0.0,False,False,0.4825,1.290645161
466,151,scene_1.2,scene_1.2_y02,6,30,0,80.349354839,3.63,9.56,0.0,180.0,0.0,True,False,1.290645161,0.4825
467,152,scene_1.2,scene_1.2_y02,6,30,1,80.349354839,3.63,10.0425,0.0,180.0,0.0,True,False,0.4825,0.4825
468,153,scene_1.2,scene_1.2_y02,6,30,2,80.349354839,3.63,10.525,0.0,180.0,0.0,True,False,0.4825,0.4825
469,154,scene_1.2,scene_1.2_y02,6,30,3,80.349354839,3.63,11.0075,0.0,180.0,0.0,True,False,0.4825,0.4825
470,155,scene_1.2,scene_1.2_y02,6,30,4,80.349354839,3.63,11.49,90.0,270.0,0.0,True,False,0.4825,1.290645161
471,156,scene_1.2,scene_1.2_y02,6,31,4,81.64,3.63,11.49,180.0,0.0,0.0,False,False,1.290645161,0.4825
472,157,scene_1.2,scene_1.2_y02,6,31,3,81.64,3.63,11.0075,180.0,0.0,0.0,False,False,0.4825,0.4825
473,158,scene_1.2,scene_1.2_y02,6,31,2,81.64,3.63,10.525,180.0,0.0,0.0,False,False,0.4825,0.4825
474,159,scene_1.2,scene_1.2_y02,6,31,1,81.64,3.63,10.0425,180.0,0.0,0.0,False,False,0.4825,0.4825
475,160,scene_1.2,scene_1.2_y02,6,31,0,81.64,3.63,9.56,90.0,270.0,0.0,False,False,0.4825,1.290645161
476,161,scene_1.2,scene_1.2_y02,6,32,0,82.930645161,3.63,9.56,0.0,180.0,0.0,True,False,1.290645161,0.4825
477,162,scene_1.2,scene_1.2_y02,6,32,1,82.930645161,3.63,10.0425,0.0,180.0,0.0,True,False,0.4825,0.4825
478,163,scene_1.2,scene_1.2_y02,6,32,2,82.930645161,3.63,10.525,0.0,180.0,0.0,True,False,0.4825,0.4825
479,164,scene_1.2,scene_1.2_y02,6,32,3,82.930645161,3.63,11.0075,0.0,180.0,0.0,True,False,0.4825,0.4825
480,165,scene_1.2,scene_1.2_y02,6,32,4,82.930645161,3.63,11.49,90.0,270.0,0.0,True,False,0.4825,1.290645161
481,166,scene_1.2,scene_1.2_y02,6,33,4,84.221290323,3.63,11.49,180.0,0.0,0.0,False,False,1.290645161,0.4825
482,167,scene_1.2,scene_1.2_y02,6,33,3,84.221290323,3.63,11.0075,180.0,0.0,0.0,False,False,0.4825,0.4825
483,168,scene_1.2,scene_1.2_y02,6,33,2,84.221290323,3.63,10.525,180.0,0.0,0.0,False,False,0.4825,0.4825
484,169,scene_1.2,scene_1.2_y02,6,33,1,84.221290323,3.63,10.0425,180.0,0.0,0.0,False,False,0.4825,0.4825
485,170,scene_1.2,scene_1.2_y02,6,33,0,84.221290323,3.63,9.56,90.0,270.0,0.0,False,False,0.4825,1.290645161
486,171,scene_1.2,scene_1.2_y02,6,34,0,85.511935484,3.63,9.56,0.0,180.0,0.0,True,False,1.290645161,0.4825
487,172,scene_1.2,scene_1.2_y02,6,34,1,85.511935484,3.63,10.0425,0.0,180.0,0.0,True,False,0.4825,0.4825
488,173,scene_1.2,scene_1.2_y02,6,34,2,85.511935484,3.63,10.525,0.0,180.0,0.0,True,False,0.4825,0.4825
489,174,scene_1.2,scene_1.2_y02,6,34,3,85.511935484,3.63,11.0075,0.0,180.0,0.0,True,False,0.4825,0.4825
490,175,scene_1.2,scene_1.2_y02,6,34,4,85.511935484,3.63,11.49,90.0,270.0,0.0,True,False,0.4825,1.290645161
491,176,scene_1.2,scene_1.2_y02,6,35,4,86.802580645,3.63,11.49,180.0,0.0,0.0,False,False,1.290645161,0.4825
492,177,scene_1.2,scene_1.2_y02,6,35,3,86.802580645,3.63,11.0075,180.0,0.0,0.0,False,False,0.4825,0.4825
493,178,scene_1.2,scene_1.2_y02,6,35,2,86.802580645,3.63,10.525,180.0,0.0,0.0,False,False,0.4825,0.4825
494,179,scene_1.2,scene_1.2_y02,6,35,1,86.802580645,3.63,10.0425,180.0,0.0,0.0,False,False,0.4825,0.4825
495,180,scene_1.2,scene_1.2_y02,6,35,0,86.802580645,3.63,9.56,90.0,270.0,0.0,False,False,0.4825,1.290645161
496,181,scene_1.2,scene_1.2_y02,6,36,0,88.093225806,3.63,9.56,0.0,180.0,0.0,True,False,1.290645161,0.4825
497,182,scene_1.2,scene_1.2_y02,6,36,1,88.093225806,3.63,10.0425,0.0,180.0,0.0,True,False,0.4825,0.4825
498,183,scene_1.2,scene_1.2_y02,6,36,2,88.093225806,3.63,10.525,0.0,180.0,0.0,True,False,0.4825,0.4825
499,184,scene_1.2,scene_1.2_y02,6,36,3,88.093225806,3.63,11.0075,0.0,180.0,0.0,True,False,0.4825,0.4825
500,185,scene_1.2,scene_1.2_y02,6,36,4,88.093225806,3.63,11.49,90.0,270.0,0.0,True,False,0.4825,1.290645161
501,186,scene_1.2,scene_1.2_y02,6,37,4,89.383870968,3.63,11.49,180.0,0.0,0.0,False,False,1.290645161,0.4825
502,187,scene_1.2,scene_1.2_y02,6,37,3,89.383870968,3.63,11.0075,180.0,0.0,0.0,False,False,0.4825,0.4825
503,188,scene_1.2,scene_1.2_y02,6,37,2,89.383870968,3.63,10.525,180.0,0.0,0.0,False,False,0.4825,0.4825
504,189,scene_1.2,scene_1.2_y02,6,37,1,89.383870968,3.63,10.0425,180.0,0.0,0.0,False,False,0.4825,0.4825
505,190,scene_1.2,scene_1.2_y02,6,37,0,89.383870968,3.63,9.56,90.0,270.0,0.0,False,False,0.4825,1.290645161
506,191,scene_1.2,scene_1.2_y02,6,38,0,90.674516129,3.63,9.56,0.0,180.0,0.0,True,False,1.290645161,0.4825
507,192,scene_1.2,scene_1.2_y02,6,38,1,90.674516129,3.63,10.0425,0.0,180.0,0.0,True,False,0.4825,0.4825
508,193,scene_1.2,scene_1.2_y02,6,38,2,90.674516129,3.63,10.525,0.0,180.0,0.0,True,False,0.4825,0.4825
509,194,scene_1.2,scene_1.2_y02,6,38,3,90.674516129,3.63,11.0075,0.0,180.0,0.0,True,False,0.4825,0.4825
510,195,scene_1.2,scene_1.2_y02,6,38,4,90.674516129,3.63,11.49,90.0,270.0,0.0,True,False,0.4825,1.290645161
511,196,scene_1.2,scene_1.2_y02,6,39,4,91.96516129,3.63,11.49,180.0,0.0,0.0,False,False,1.290645161,0.4825
512,197,scene_1.2,scene_1.2_y02,6,39,3,91.96516129,3.63,11.0075,180.0,0.0,0.0,False,False,0.4825,0.4825
513,198,scene_1.2,scene_1.2_y02,6,39,2,91.96516129,3.63,10.525,180.0,0.0,0.0,False,False,0.4825,0.4825
514,199,scene_1.2,scene_1.2_y02,6,39,1,91.96516129,3.63,10.0425,180.0,0.0,0.0,False,False,0.4825,0.4825
515,200,scene_1.2,scene_1.2_y02,6,39,0,91.96516129,3.63,9.56,90.0,270.0,0.0,False,False,0.4825,1.290645161
516,201,scene_1.2,scene_1.2_y02,6,40,0,93.255806452,3.63,9.56,0.0,180.0,0.0,True,False,1.290645161,0.4825
517,202,scene_1.2,scene_1.2_y02,6,40,1,93.255806452,3.63,10.0425,0.0,180.0,0.0,True,False,0.4825,0.4825
518,203,scene_1.2,scene_1.2_y02,6,40,2,93.255806452,3.63,10.525,0.0,180.0,0.0,True,False,0.4825,0.4825
519,204,scene_1.2,scene_1.2_y02,6,40,3,93.255806452,3.63,11.0075,0.0,180.0,0.0,True,False,0.4825,0.4825
520,205,scene_1.2,scene_1.2_y02,6,40,4,93.255806452,3.63,11.49,90.0,270.0,0.0,True,False,0.4825,1.290645161
521,206,scene_1.2,scene_1.2_y02,6,41,4,94.546451613,3.63,11.49,180.0,0.0,0.0,False,False,1.290645161,0.4825
522,207,scene_1.2,scene_1.2_y02,6,41,3,94.546451613,3.63,11.0075,180.0,0.0,0.0,False,False,0.4825,0.4825
523,208,scene_1.2,scene_1.2_y02,6,41,2,94.546451613,3.63,10.525,180.0,0.0,0.0,False,False,0.4825,0.4825
524,209,scene_1.2,scene_1.2_y02,6,41,1,94.546451613,3.63,10.0425,180.0,0.0,0.0,False,False,0.4825,0.4825
525,210,scene_1.2,scene_1.2_y02,6,41,0,94.546451613,3.63,9.56,90.0,270.0,0.0,False,False,0.4825,1.290645161
526,211,scene_1.2,scene_1.2_y02,6,42,0,95.837096774,3.63,9.56,0.0,180.0,0.0,True,False,1.290645161,0.4825
527,212,scene_1.2,scene_1.2_y02,6,42,1,95.837096774,3.63,10.0425,0.0,180.0,0.0,True,False,0.4825,0.4825
528,213,scene_1.2,scene_1.2_y02,6,42,2,95.837096774,3.63,10.525,0.0,180.0,0.0,True,False,0.4825,0.4825
529,214,scene_1.2,scene_1.2_y02,6,42,3,95.837096774,3.63,11.0075,0.0,180.0,0.0,True,False,0.4825,0.4825
530,215,scene_1.2,scene_1.2_y02,6,42,4,95.837096774,3.63,11.49,90.0,270.0,0.0,True,False,0.4825,1.290645161
531,216,scene_1.2,scene_1.2_y02,6,43,4,97.127741935,3.63,11.49,180.0,0.0,0.0,False,False,1.290645161,0.4825
532,217,scene_1.2,scene_1.2_y02,6,43,3,97.127741935,3.63,11.0075,180.0,0.0,0.0,False,False,0.4825,0.4825
533,218,scene_1.2,scene_1.2_y02,6,43,2,97.127741935,3.63,10.525,180.0,0.0,0.0,False,False,0.4825,0.4825
534,219,scene_1.2,scene_1.2_y02,6,43,1,97.127741935,3.63,10.0425,180.0,0.0,0.0,False,False,0.4825,0.4825
535,220,scene_1.2,scene_1.2_y02,6,43,0,97.127741935,3.63,9.56,90.0,270.0,0.0,False,False,0.4825,1.290645161
536,221,scene_1.2,scene_1.2_y02,6,44,0,98.418387097,3.63,9.56,0.0,180.0,0.0,True,False,1.290645161,0.4825
537,222,scene_1.2,scene_1.2_y02,6,44,1,98.418387097,3.63,10.0425,0.0,180.0,0.0,True,False,0.4825,0.4825
538,223,scene_1.2,scene_1.2_y02,6,44,2,98.418387097,3.63,10.525,0.0,180.0,0.0,True,False,0.4825,0.4825
539,224,scene_1.2,scene_1.2_y02,6,44,3,98.418387097,3.63,11.0075,0.0,180.0,0.0,True,False,0.4825,0.4825
540,225,scene_1.2,scene_1.2_y02,6,44,4,98.418387097,3.63,11.49,90.0,270.0,0.0,True,False,0.4825,1.290645161
541,226,scene_1.2,scene_1.2_y02,6,45,4,99.709032258,3.63,11.49,180.0,0.0,0.0,False,False,1.290645161,0.4825
542,227,scene_1.2,scene_1.2_y02,6,45,3,99.709032258,3.63,11.0075,180.0,0.0,0.0,False,False,0.4825,0.4825
543,228,scene_1.2,scene_1.2_y02,6,45,2,99.709032258,3.63,10.525,180.0,0.0,0.0,False,False,0.4825,0.4825
544,229,scene_1.2,scene_1.2_y02,6,45,1,99.709032258,3.63,10.0425,180.0,0.0,0.0,False,False,0.4825,0.4825
545,230,scene_1.2,scene_1.2_y02,6,45,0,99.709032258,3.63,9.56,90.0,270.0,0.0,False,False,0.4825,1.290645161
546,231,scene_1.2,scene_1.2_y02,6,46,0,100.999677419,3.63,9.56,0.0,180.0,0.0,True,False,1.290645161,0.4825
547,232,scene_1.2,scene_1.2_y02,6,46,1,100.999677419,3.63,10.0425,0.0,180.0,0.0,True,False,0.4825,0.4825
548,233,scene_1.2,scene_1.2_y02,6,46,2,100.999677419,3.63,10.525,0.0,180.0,0.0,True,False,0.4825,0.4825
549,234,scene_1.2,scene_1.2_y02,6,46,3,100.999677419,3.63,11.0075,0.0,180.0,0.0,True,False,0.4825,0.4825
550,235,scene_1.2,scene_1.2_y02,6,46,4,100.999677419,3.63,11.49,90.0,270.0,0.0,True,False,0.4825,1.290645161
551,236,scene_1.2,scene_1.2_y02,6,47,4,102.290322581,3.63,11.49,180.0,0.0,0.0,False,False,1.290645161,0.4825
552,237,scene_1.2,scene_1.2_y02,6,47,3,102.290322581,3.63,11.0075,180.0,0.0,0.0,False,False,0.4825,0.4825
553,238,scene_1.2,scene_1.2_y02,6,47,2,102.290322581,3.63,10.525,180.0,0.0,0.0,False,False,0.4825,0.4825
554,239,scene_1.2,scene_1.2_y02,6,47,1,102.290322581,3.63,10.0425,180.0,0.0,0.0,False,False,0.4825,0.4825
555,240,scene_1.2,scene_1.2_y02,6,47,0,102.290322581,3.63,9.56,90.0,270.0,0.0,False,False,0.4825,1.290645161
556,241,scene_1.2,scene_1.2_y02,6,48,0,103.580967742,3.63,9.56,0.0,180.0,0.0,True,False,1.290645161,0.4825
557,242,scene_1.2,scene_1.2_y02,6,48,1,103.580967742,3.63,10.0425,0.0,180.0,0.0,True,False,0.4825,0.4825
558,243,scene_1.2,scene_1.2_y02,6,48,2,103.580967742,3.63,10.525,0.0,180.0,0.0,True,False,0.4825,0.4825
559,244,scene_1.2,scene_1.2_y02,6,48,3,103.580967742,3.63,11.0075,0.0,180.0,0.0,True,False,0.4825,0.4825
560,245,scene_1.2,scene_1.2_y02,6,48,4,103.580967742,3.63,11.49,90.0,270.0,0.0,True,False,0.4825,1.290645161
561,246,scene_1.2,scene_1.2_y02,6,49,4,104.871612903,3.63,11.49,180.0,0.0,0.0,False,False,1.290645161,0.4825
562,247,scene_1.2,scene_1.2_y02,6,49,3,104.871612903,3.63,11.0075,180.0,0.0,0.0,False,False,0.4825,0.4825
563,248,scene_1.2,scene_1.2_y02,6,49,2,104.871612903,3.63,10.525,180.0,0.0,0.0,False,False,0.4825,0.4825
564,249,scene_1.2,scene_1.2_y02,6,49,1,104.871612903,3.63,10.0425,180.0,0.0,0.0,False,False,0.4825,0.4825
565,250,scene_1.2,scene_1.2_y02,6,49,0,104.871612903,3.63,9.56,90.0,270.0,0.0,False,False,0.4825,1.290645161
566,251,scene_1.2,scene_1.2_y02,6,50,0,106.162258065,3.63,9.56,0.0,180.0,0.0,True,False,1.290645161,0.4825
567,252,scene_1.2,scene_1.2_y02,6,50,1,106.162258065,3.63,10.0425,0.0,180.0,0.0,True,False,0.4825,0.4825
568,253,scene_1.2,scene_1.2_y02,6,50,2,106.162258065,3.63,10.525,0.0,180.0,0.0,True,False,0.4825,0.4825
569,254,scene_1.2,scene_1.2_y02,6,50,3,106.162258065,3.63,11.0075,0.0,180.0,0.0,True,False,0.4825,0.4825
570,255,scene_1.2,scene_1.2_y02,6,50,4,106.162258065,3.63,11.49,90.0,270.0,0.0,True,False,0.4825,1.290645161
571,256,scene_1.2,scene_1.2_y02,6,51,4,107.452903226,3.63,11.49,180.0,0.0,0.0,False,False,1.290645161,0.4825
572,257,scene_1.2,scene_1.2_y02,6,51,3,107.452903226,3.63,11.0075,180.0,0.0,0.0,False,False,0.4825,0.4825
573,258,scene_1.2,scene_1.2_y02,6,51,2,107.452903226,3.63,10.525,180.0,0.0,0.0,False,False,0.4825,0.4825
574,259,scene_1.2,scene_1.2_y02,6,51,1,107.452903226,3.63,10.0425,180.0,0.0,0.0,False,False,0.4825,0.4825
575,260,scene_1.2,scene_1.2_y02,6,51,0,107.452903226,3.63,9.56,90.0,270.0,0.0,False,False,0.4825,1.290645161
576,261,scene_1.2,scene_1.2_y02,6,52,0,108.743548387,3.63,9.56,0.0,180.0,0.0,True,False,1.290645161,0.4825
577,262,scene_1.2,scene_1.2_y02,6,52,1,108.743548387,3.63,10.0425,0.0,180.0,0.0,True,False,0.4825,0.4825
578,263,scene_1.2,scene_1.2_y02,6,52,2,108.743548387,3.63,10.525,0.0,180.0,0.0,True,False,0.4825,0.4825
579,264,scene_1.2,scene_1.2_y02,6,52,3,108.743548387,3.63,11.0075,0.0,180.0,0.0,True,False,0.4825,0.4825
580,265,scene_1.2,scene_1.2_y02,6,52,4,108.743548387,3.63,11.49,90.0,270.0,0.0,True,False,0.4825,1.290645161
581,266,scene_1.2,scene_1.2_y02,6,53,4,110.034193548,3.63,11.49,180.0,0.0,0.0,False,False,1.290645161,0.4825
582,267,scene_1.2,scene_1.2_y02,6,53,3,110.034193548,3.63,11.0075,180.0,0.0,0.0,False,False,0.4825,0.4825
583,268,scene_1.2,scene_1.2_y02,6,53,2,110.034193548,3.63,10.525,180.0,0.0,0.0,False,False,0.4825,0.4825
584,269,scene_1.2,scene_1.2_y02,6,53,1,110.034193548,3.63,10.0425,180.0,0.0,0.0,False,False,0.4825,0.4825
585,270,scene_1.2,scene_1.2_y02,6,53,0,110.034193548,3.63,9.56,90.0,270.0,0.0,False,False,0.4825,1.290645161
586,271,scene_1.2,scene_1.2_y02,6,54,0,111.32483871,3.63,9.56,0.0,180.0,0.0,True,False,1.290645161,0.4825
587,272,scene_1.2,scene_1.2_y02,6,54,1,111.32483871,3.63,10.0425,0.0,180.0,0.0,True,False,0.4825,0.4825
588,273,scene_1.2,scene_1.2_y02,6,54,2,111.32483871,3.63,10.525,0.0,180.0,0.0,True,False,0.4825,0.4825
589,274,scene_1.2,scene_1.2_y02,6,54,3,111.32483871,3.63,11.0075,0.0,180.0,0.0,True,False,0.4825,0.4825
590,275,scene_1.2,scene_1.2_y02,6,54,4,111.32483871,3.63,11.49,90.0,270.0,0.0,True,False,0.4825,1.290645161
591,276,scene_1.2,scene_1.2_y02,6,55,4,112.615483871,3.63,11.49,180.0,0.0,0.0,False,False,1.290645161,0.4825
592,277,scene_1.2,scene_1.2_y02,6,55,3,112.615483871,3.63,11.0075,180.0,0.0,0.0,False,False,0.4825,0.4825
593,278,scene_1.2,scene_1.2_y02,6,55,2,112.615483871,3.63,10.525,180.0,0.0,0.0,False,False,0.4825,0.4825
594,279,scene_1.2,scene_1.2_y02,6,55,1,112.615483871,3.63,10.0425,180.0,0.0,0.0,False,False,0.4825,0.4825
595,280,scene_1.2,scene_1.2_y02,6,55,0,112.615483871,3.63,9.56,90.0,270.0,0.0,False,False,0.4825,1.290645161
596,281,scene_1.2,scene_1.2_y02,6,56,0,113.906129032,3.63,9.56,0.0,180.0,0.0,True,False,1.290645161,0.4825
597,282,scene_1.2,scene_1.2_y02,6,56,1,113.906129032,3.63,10.0425,0.0,180.0,0.0,True,False,0.4825,0.4825
598,283,scene_1.2,scene_1.2_y02,6,56,2,113.906129032,3.63,10.525,0.0,180.0,0.0,True,False,0.4825,0.4825
599,284,scene_1.2,scene_1.2_y02,6,56,3,113.906129032,3.63,11.0075,0.0,180.0,0.0,True,False,0.4825,0.4825
600,285,scene_1.2,scene_1.2_y02,6,56,4,113.906129032,3.63,11.49,90.0,270.0,0.0,True,False,0.4825,1.290645161
601,286,scene_1.2,scene_1.2_y02,6,57,4,115.196774194,3.63,11.49,180.0,0.0,0.0,False,False,1.290645161,0.4825
602,287,scene_1.2,scene_1.2_y02,6,57,3,115.196774194,3.63,11.0075,180.0,0.0,0.0,False,False,0.4825,0.4825
603,288,scene_1.2,scene_1.2_y02,6,57,2,115.196774194,3.63,10.525,180.0,0.0,0.0,False,False,0.4825,0.4825
604,289,scene_1.2,scene_1.2_y02,6,57,1,115.196774194,3.63,10.0425,180.0,0.0,0.0,False,False,0.4825,0.4825
605,290,scene_1.2,scene_1.2_y02,6,57,0,115.196774194,3.63,9.56,90.0,270.0,0.0,False,False,0.4825,1.290645161
606,291,scene_1.2,scene_1.2_y02,6,58,0,116.487419355,3.63,9.56,0.0,180.0,0.0,True,False,1.290645161,0.4825
607,292,scene_1.2,scene_1.2_y02,6,58,1,116.487419355,3.63,10.0425,0.0,180.0,0.0,True,False,0.4825,0.4825
608,293,scene_1.2,scene_1.2_y02,6,58,2,116.487419355,3.63,10.525,0.0,180.0,0.0,True,False,0.4825,0.4825
609,294,scene_1.2,scene_1.2_y02,6,58,3,116.487419355,3.63,11.0075,0.0,180.0,0.0,True,False,0.4825,0.4825
610,295,scene_1.2,scene_1.2_y02,6,58,4,116.487419355,3.63,11.49,90.0,270.0,0.0,True,False,0.4825,1.290645161
611,296,scene_1.2,scene_1.2_y02,6,59,4,117.778064516,3.63,11.49,180.0,0.0,0.0,False,False,1.290645161,0.4825
612,297,scene_1.2,scene_1.2_y02,6,59,3,117.778064516,3.63,11.0075,180.0,0.0,0.0,False,False,0.4825,0.4825
613,298,scene_1.2,scene_1.2_y02,6,59,2,117.778064516,3.63,10.525,180.0,0.0,0.0,False,False,0.4825,0.4825
614,299,scene_1.2,scene_1.2_y02,6,59,1,117.778064516,3.63,10.0425,180.0,0.0,0.0,False,False,0.4825,0.4825
615,300,scene_1.2,scene_1.2_y02,6,59,0,117.778064516,3.63,9.56,90.0,270.0,0.0,False,False,0.4825,1.290645161
616,301,scene_1.2,scene_1.2_y02,6,60,0,119.068709677,3.63,9.56,0.0,180.0,0.0,True,False,1.290645161,0.4825
617,302,scene_1.2,scene_1.2_y02,6,60,1,119.068709677,3.63,10.0425,0.0,180.0,0.0,True,False,0.4825,0.4825
618,303,scene_1.2,scene_1.2_y02,6,60,2,119.068709677,3.63,10.525,0.0,180.0,0.0,True,False,0.4825,0.4825
619,304,scene_1.2,scene_1.2_y02,6,60,3,119.068709677,3.63,11.0075,0.0,180.0,0.0,True,False,0.4825,0.4825
620,305,scene_1.2,scene_1.2_y02,6,60,4,119.068709677,3.63,11.49,90.0,270.0,0.0,True,False,0.4825,1.290645161
621,306,scene_1.2,scene_1.2_y02,6,61,4,120.359354839,3.63,11.49,180.0,0.0,0.0,False,False,1.290645161,0.4825
622,307,scene_1.2,scene_1.2_y02,6,61,3,120.359354839,3.63,11.0075,180.0,0.0,0.0,False,False,0.4825,0.4825
623,308,scene_1.2,scene_1.2_y02,6,61,2,120.359354839,3.63,10.525,180.0,0.0,0.0,False,False,0.4825,0.4825
624,309,scene_1.2,scene_1.2_y02,6,61,1,120.359354839,3.63,10.0425,180.0,0.0,0.0,False,False,0.4825,0.4825
625,310,scene_1.2,scene_1.2_y02,6,61,0,120.359354839,3.63,9.56,90.0,270.0,0.0,False,False,0.4825,1.290645161
626,311,scene_1.2,scene_1.2_y02,6,62,0,121.65,3.63,9.56,0.0,180.0,0.0,True,False,1.290645161,0.4825
627,312,scene_1.2,scene_1.2_y02,6,62,1,121.65,3.63,10.0425,0.0,180.0,0.0,True,False,0.4825,0.4825
628,313,scene_1.2,scene_1.2_y02,6,62,2,121.65,3.63,10.525,0.0,180.0,0.0,True,False,0.4825,0.4825
629,314,scene_1.2,scene_1.2_y02,6,62,3,121.65,3.63,11.0075,0.0,180.0,0.0,True,False,0.4825,0.4825
630,315,scene_1.2,scene_1.2_y02,6,62,4,121.65,3.63,11.49,0.0,180.0,0.0,True,False,0.4825,0.0
631,1,scene_1.2,scene_1.2_y03,7,62,4,121.65,4.52,11.49,180.0,0.0,-10.0,True,False,0.89,0.4825
632,2,scene_1.2,scene_1.2_y03,7,62,3,121.65,4.52,11.0075,180.0,0.0,-10.0,True,False,0.4825,0.4825
633,3,scene_1.2,scene_1.2_y03,7,62,2,121.65,4.52,10.525,180.0,0.0,-10.0,True,False,0.4825,0.4825
634,4,scene_1.2,scene_1.2_y03,7,62,1,121.65,4.52,10.0425,180.0,0.0,-10.0,True,False,0.4825,0.4825
635,5,scene_1.2,scene_1.2_y03,7,62,0,121.65,4.52,9.56,270.0,90.0,-10.0,True,False,0.4825,1.290645161
636,6,scene_1.2,scene_1.2_y03,7,61,0,120.359354839,4.52,9.56,0.0,180.0,-10.0,False,False,1.290645161,0.4825
637,7,scene_1.2,scene_1.2_y03,7,61,1,120.359354839,4.52,10.0425,0.0,180.0,-10.0,False,False,0.4825,0.4825
638,8,scene_1.2,scene_1.2_y03,7,61,2,120.359354839,4.52,10.525,0.0,180.0,-10.0,False,False,0.4825,0.4825
639,9,scene_1.2,scene_1.2_y03,7,61,3,120.359354839,4.52,11.0075,0.0,180.0,-10.0,False,False,0.4825,0.4825
640,10,scene_1.2,scene_1.2_y03,7,61,4,120.359354839,4.52,11.49,270.0,90.0,-10.0,False,False,0.4825,1.290645161
641,11,scene_1.2,scene_1.2_y03,7,60,4,119.068709677,4.52,11.49,180.0,0.0,-10.0,True,False,1.290645161,0.4825
642,12,scene_1.2,scene_1.2_y03,7,60,3,119.068709677,4.52,11.0075,180.0,0.0,-10.0,True,False,0.4825,0.4825
643,13,scene_1.2,scene_1.2_y03,7,60,2,119.068709677,4.52,10.525,180.0,0.0,-10.0,True,False,0.4825,0.4825
644,14,scene_1.2,scene_1.2_y03,7,60,1,119.068709677,4.52,10.0425,180.0,0.0,-10.0,True,False,0.4825,0.4825
645,15,scene_1.2,scene_1.2_y03,7,60,0,119.068709677,4.52,9.56,270.0,90.0,-10.0,True,False,0.4825,1.290645161
646,16,scene_1.2,scene_1.2_y03,7,59,0,117.778064516,4.52,9.56,0.0,180.0,-10.0,False,False,1.290645161,0.4825
647,17,scene_1.2,scene_1.2_y03,7,59,1,117.778064516,4.52,10.0425,0.0,180.0,-10.0,False,False,0.4825,0.4825
648,18,scene_1.2,scene_1.2_y03,7,59,2,117.778064516,4.52,10.525,0.0,180.0,-10.0,False,False,0.4825,0.4825
649,19,scene_1.2,scene_1.2_y03,7,59,3,117.778064516,4.52,11.0075,0.0,180.0,-10.0,False,False,0.4825,0.4825
650,20,scene_1.2,scene_1.2_y03,7,59,4,117.778064516,4.52,11.49,270.0,90.0,-10.0,False,False,0.4825,1.290645161
651,21,scene_1.2,scene_1.2_y03,7,58,4,116.487419355,4.52,11.49,180.0,0.0,-10.0,True,False,1.290645161,0.4825
652,22,scene_1.2,scene_1.2_y03,7,58,3,116.487419355,4.52,11.0075,180.0,0.0,-10.0,True,False,0.4825,0.4825
653,23,scene_1.2,scene_1.2_y03,7,58,2,116.487419355,4.52,10.525,180.0,0.0,-10.0,True,False,0.4825,0.4825
654,24,scene_1.2,scene_1.2_y03,7,58,1,116.487419355,4.52,10.0425,180.0,0.0,-10.0,True,False,0.4825,0.4825
655,25,scene_1.2,scene_1.2_y03,7,58,0,116.487419355,4.52,9.56,270.0,90.0,-10.0,True,False,0.4825,1.290645161
656,26,scene_1.2,scene_1.2_y03,7,57,0,115.196774194,4.52,9.56,0.0,180.0,-10.0,False,False,1.290645161,0.4825
657,27,scene_1.2,scene_1.2_y03,7,57,1,115.196774194,4.52,10.0425,0.0,180.0,-10.0,False,False,0.4825,0.4825
658,28,scene_1.2,scene_1.2_y03,7,57,2,115.196774194,4.52,10.525,0.0,180.0,-10.0,False,False,0.4825,0.4825
659,29,scene_1.2,scene_1.2_y03,7,57,3,115.196774194,4.52,11.0075,0.0,180.0,-10.0,False,False,0.4825,0.4825
660,30,scene_1.2,scene_1.2_y03,7,57,4,115.196774194,4.52,11.49,270.0,90.0,-10.0,False,False,0.4825,1.290645161
661,31,scene_1.2,scene_1.2_y03,7,56,4,113.906129032,4.52,11.49,180.0,0.0,-10.0,True,False,1.290645161,0.4825
662,32,scene_1.2,scene_1.2_y03,7,56,3,113.906129032,4.52,11.0075,180.0,0.0,-10.0,True,False,0.4825,0.4825
663,33,scene_1.2,scene_1.2_y03,7,56,2,113.906129032,4.52,10.525,180.0,0.0,-10.0,True,False,0.4825,0.4825
664,34,scene_1.2,scene_1.2_y03,7,56,1,113.906129032,4.52,10.0425,180.0,0.0,-10.0,True,False,0.4825,0.4825
665,35,scene_1.2,scene_1.2_y03,7,56,0,113.906129032,4.52,9.56,270.0,90.0,-10.0,True,False,0.4825,1.290645161
666,36,scene_1.2,scene_1.2_y03,7,55,0,112.615483871,4.52,9.56,0.0,180.0,-10.0,False,False,1.290645161,0.4825
667,37,scene_1.2,scene_1.2_y03,7,55,1,112.615483871,4.52,10.0425,0.0,180.0,-10.0,False,False,0.4825,0.4825
668,38,scene_1.2,scene_1.2_y03,7,55,2,112.615483871,4.52,10.525,0.0,180.0,-10.0,False,False,0.4825,0.4825
669,39,scene_1.2,scene_1.2_y03,7,55,3,112.615483871,4.52,11.0075,0.0,180.0,-10.0,False,False,0.4825,0.4825
670,40,scene_1.2,scene_1.2_y03,7,55,4,112.615483871,4.52,11.49,270.0,90.0,-10.0,False,False,0.4825,1.290645161
671,41,scene_1.2,scene_1.2_y03,7,54,4,111.32483871,4.52,11.49,180.0,0.0,-10.0,True,False,1.290645161,0.4825
672,42,scene_1.2,scene_1.2_y03,7,54,3,111.32483871,4.52,11.0075,180.0,0.0,-10.0,True,False,0.4825,0.4825
673,43,scene_1.2,scene_1.2_y03,7,54,2,111.32483871,4.52,10.525,180.0,0.0,-10.0,True,False,0.4825,0.4825
674,44,scene_1.2,scene_1.2_y03,7,54,1,111.32483871,4.52,10.0425,180.0,0.0,-10.0,True,False,0.4825,0.4825
675,45,scene_1.2,scene_1.2_y03,7,54,0,111.32483871,4.52,9.56,270.0,90.0,-10.0,True,False,0.4825,1.290645161
676,46,scene_1.2,scene_1.2_y03,7,53,0,110.034193548,4.52,9.56,0.0,180.0,-10.0,False,False,1.290645161,0.4825
677,47,scene_1.2,scene_1.2_y03,7,53,1,110.034193548,4.52,10.0425,0.0,180.0,-10.0,False,False,0.4825,0.4825
678,48,scene_1.2,scene_1.2_y03,7,53,2,110.034193548,4.52,10.525,0.0,180.0,-10.0,False,False,0.4825,0.4825
679,49,scene_1.2,scene_1.2_y03,7,53,3,110.034193548,4.52,11.0075,0.0,180.0,-10.0,False,False,0.4825,0.4825
680,50,scene_1.2,scene_1.2_y03,7,53,4,110.034193548,4.52,11.49,270.0,90.0,-10.0,False,False,0.4825,1.290645161
681,51,scene_1.2,scene_1.2_y03,7,52,4,108.743548387,4.52,11.49,180.0,0.0,-10.0,True,False,1.290645161,0.4825
682,52,scene_1.2,scene_1.2_y03,7,52,3,108.743548387,4.52,11.0075,180.0,0.0,-10.0,True,False,0.4825,0.4825
683,53,scene_1.2,scene_1.2_y03,7,52,2,108.743548387,4.52,10.525,180.0,0.0,-10.0,True,False,0.4825,0.4825
684,54,scene_1.2,scene_1.2_y03,7,52,1,108.743548387,4.52,10.0425,180.0,0.0,-10.0,True,False,0.4825,0.4825
685,55,scene_1.2,scene_1.2_y03,7,52,0,108.743548387,4.52,9.56,270.0,90.0,-10.0,True,False,0.4825,1.290645161
686,56,scene_1.2,scene_1.2_y03,7,51,0,107.452903226,4.52,9.56,0.0,180.0,-10.0,False,False,1.290645161,0.4825
687,57,scene_1.2,scene_1.2_y03,7,51,1,107.452903226,4.52,10.0425,0.0,180.0,-10.0,False,False,0.4825,0.4825
688,58,scene_1.2,scene_1.2_y03,7,51,2,107.452903226,4.52,10.525,0.0,180.0,-10.0,False,False,0.4825,0.4825
689,59,scene_1.2,scene_1.2_y03,7,51,3,107.452903226,4.52,11.0075,0.0,180.0,-10.0,False,False,0.4825,0.4825
690,60,scene_1.2,scene_1.2_y03,7,51,4,107.452903226,4.52,11.49,270.0,90.0,-10.0,False,False,0.4825,1.290645161
691,61,scene_1.2,scene_1.2_y03,7,50,4,106.162258065,4.52,11.49,180.0,0.0,-10.0,True,False,1.290645161,0.4825
692,62,scene_1.2,scene_1.2_y03,7,50,3,106.162258065,4.52,11.0075,180.0,0.0,-10.0,True,False,0.4825,0.4825
693,63,scene_1.2,scene_1.2_y03,7,50,2,106.162258065,4.52,10.525,180.0,0.0,-10.0,True,False,0.4825,0.4825
694,64,scene_1.2,scene_1.2_y03,7,50,1,106.162258065,4.52,10.0425,180.0,0.0,-10.0,True,False,0.4825,0.4825
695,65,scene_1.2,scene_1.2_y03,7,50,0,106.162258065,4.52,9.56,270.0,90.0,-10.0,True,False,0.4825,1.290645161
696,66,scene_1.2,scene_1.2_y03,7,49,0,104.871612903,4.52,9.56,0.0,180.0,-10.0,False,False,1.290645161,0.4825
697,67,scene_1.2,scene_1.2_y03,7,49,1,104.871612903,4.52,10.0425,0.0,180.0,-10.0,False,False,0.4825,0.4825
698,68,scene_1.2,scene_1.2_y03,7,49,2,104.871612903,4.52,10.525,0.0,180.0,-10.0,False,False,0.4825,0.4825
699,69,scene_1.2,scene_1.2_y03,7,49,3,104.871612903,4.52,11.0075,0.0,180.0,-10.0,False,False,0.4825,0.4825
700,70,scene_1.2,scene_1.2_y03,7,49,4,104.871612903,4.52,11.49,270.0,90.0,-10.0,False,False,0.4825,1.290645161
701,71,scene_1.2,scene_1.2_y03,7,48,4,103.580967742,4.52,11.49,180.0,0.0,-10.0,True,False,1.290645161,0.4825
702,72,scene_1.2,scene_1.2_y03,7,48,3,103.580967742,4.52,11.0075,180.0,0.0,-10.0,True,False,0.4825,0.4825
703,73,scene_1.2,scene_1.2_y03,7,48,2,103.580967742,4.52,10.525,180.0,0.0,-10.0,True,False,0.4825,0.4825
704,74,scene_1.2,scene_1.2_y03,7,48,1,103.580967742,4.52,10.0425,180.0,0.0,-10.0,True,False,0.4825,0.4825
705,75,scene_1.2,scene_1.2_y03,7,48,0,103.580967742,4.52,9.56,270.0,90.0,-10.0,True,False,0.4825,1.290645161
706,76,scene_1.2,scene_1.2_y03,7,47,0,102.290322581,4.52,9.56,0.0,180.0,-10.0,False,False,1.290645161,0.4825
707,77,scene_1.2,scene_1.2_y03,7,47,1,102.290322581,4.52,10.0425,0.0,180.0,-10.0,False,False,0.4825,0.4825
708,78,scene_1.2,scene_1.2_y03,7,47,2,102.290322581,4.52,10.525,0.0,180.0,-10.0,False,False,0.4825,0.4825
709,79,scene_1.2,scene_1.2_y03,7,47,3,102.290322581,4.52,11.0075,0.0,180.0,-10.0,False,False,0.4825,0.4825
710,80,scene_1.2,scene_1.2_y03,7,47,4,102.290322581,4.52,11.49,270.0,90.0,-10.0,False,False,0.4825,1.290645161
711,81,scene_1.2,scene_1.2_y03,7,46,4,100.999677419,4.52,11.49,180.0,0.0,-10.0,True,False,1.290645161,0.4825
712,82,scene_1.2,scene_1.2_y03,7,46,3,100.999677419,4.52,11.0075,180.0,0.0,-10.0,True,False,0.4825,0.4825
713,83,scene_1.2,scene_1.2_y03,7,46,2,100.999677419,4.52,10.525,180.0,0.0,-10.0,True,False,0.4825,0.4825
714,84,scene_1.2,scene_1.2_y03,7,46,1,100.999677419,4.52,10.0425,180.0,0.0,-10.0,True,False,0.4825,0.4825
715,85,scene_1.2,scene_1.2_y03,7,46,0,100.999677419,4.52,9.56,270.0,90.0,-10.0,True,False,0.4825,1.290645161
716,86,scene_1.2,scene_1.2_y03,7,45,0,99.709032258,4.52,9.56,0.0,180.0,-10.0,False,False,1.290645161,0.4825
717,87,scene_1.2,scene_1.2_y03,7,45,1,99.709032258,4.52,10.0425,0.0,180.0,-10.0,False,False,0.4825,0.4825
718,88,scene_1.2,scene_1.2_y03,7,45,2,99.709032258,4.52,10.525,0.0,180.0,-10.0,False,False,0.4825,0.4825
719,89,scene_1.2,scene_1.2_y03,7,45,3,99.709032258,4.52,11.0075,0.0,180.0,-10.0,False,False,0.4825,0.4825
720,90,scene_1.2,scene_1.2_y03,7,45,4,99.709032258,4.52,11.49,270.0,90.0,-10.0,False,False,0.4825,1.290645161
721,91,scene_1.2,scene_1.2_y03,7,44,4,98.418387097,4.52,11.49,180.0,0.0,-10.0,True,False,1.290645161,0.4825
722,92,scene_1.2,scene_1.2_y03,7,44,3,98.418387097,4.52,11.0075,180.0,0.0,-10.0,True,False,0.4825,0.4825
723,93,scene_1.2,scene_1.2_y03,7,44,2,98.418387097,4.52,10.525,180.0,0.0,-10.0,True,False,0.4825,0.4825
724,94,scene_1.2,scene_1.2_y03,7,44,1,98.418387097,4.52,10.0425,180.0,0.0,-10.0,True,False,0.4825,0.4825
725,95,scene_1.2,scene_1.2_y03,7,44,0,98.418387097,4.52,9.56,270.0,90.0,-10.0,True,False,0.4825,1.290645161
726,96,scene_1.2,scene_1.2_y03,7,43,0,97.127741935,4.52,9.56,0.0,180.0,-10.0,False,False,1.290645161,0.4825
727,97,scene_1.2,scene_1.2_y03,7,43,1,97.127741935,4.52,10.0425,0.0,180.0,-10.0,False,False,0.4825,0.4825
728,98,scene_1.2,scene_1.2_y03,7,43,2,97.127741935,4.52,10.525,0.0,180.0,-10.0,False,False,0.4825,0.4825
729,99,scene_1.2,scene_1.2_y03,7,43,3,97.127741935,4.52,11.0075,0.0,180.0,-10.0,False,False,0.4825,0.4825
730,100,scene_1.2,scene_1.2_y03,7,43,4,97.127741935,4.52,11.49,270.0,90.0,-10.0,False,False,0.4825,1.290645161
731,101,scene_1.2,scene_1.2_y03,7,42,4,95.837096774,4.52,11.49,180.0,0.0,-10.0,True,False,1.290645161,0.4825
732,102,scene_1.2,scene_1.2_y03,7,42,3,95.837096774,4.52,11.0075,180.0,0.0,-10.0,True,False,0.4825,0.4825
733,103,scene_1.2,scene_1.2_y03,7,42,2,95.837096774,4.52,10.525,180.0,0.0,-10.0,True,False,0.4825,0.4825
734,104,scene_1.2,scene_1.2_y03,7,42,1,95.837096774,4.52,10.0425,180.0,0.0,-10.0,True,False,0.4825,0.4825
735,105,scene_1.2,scene_1.2_y03,7,42,0,95.837096774,4.52,9.56,270.0,90.0,-10.0,True,False,0.4825,1.290645161
736,106,scene_1.2,scene_1.2_y03,7,41,0,94.546451613,4.52,9.56,0.0,180.0,-10.0,False,False,1.290645161,0.4825
737,107,scene_1.2,scene_1.2_y03,7,41,1,94.546451613,4.52,10.0425,0.0,180.0,-10.0,False,False,0.4825,0.4825
738,108,scene_1.2,scene_1.2_y03,7,41,2,94.546451613,4.52,10.525,0.0,180.0,-10.0,False,False,0.4825,0.4825
739,109,scene_1.2,scene_1.2_y03,7,41,3,94.546451613,4.52,11.0075,0.0,180.0,-10.0,False,False,0.4825,0.4825
740,110,scene_1.2,scene_1.2_y03,7,41,4,94.546451613,4.52,11.49,270.0,90.0,-10.0,False,False,0.4825,1.290645161
741,111,scene_1.2,scene_1.2_y03,7,40,4,93.255806452,4.52,11.49,180.0,0.0,-10.0,True,False,1.290645161,0.4825
742,112,scene_1.2,scene_1.2_y03,7,40,3,93.255806452,4.52,11.0075,180.0,0.0,-10.0,True,False,0.4825,0.4825
743,113,scene_1.2,scene_1.2_y03,7,40,2,93.255806452,4.52,10.525,180.0,0.0,-10.0,True,False,0.4825,0.4825
744,114,scene_1.2,scene_1.2_y03,7,40,1,93.255806452,4.52,10.0425,180.0,0.0,-10.0,True,False,0.4825,0.4825
745,115,scene_1.2,scene_1.2_y03,7,40,0,93.255806452,4.52,9.56,270.0,90.0,-10.0,True,False,0.4825,1.290645161
746,116,scene_1.2,scene_1.2_y03,7,39,0,91.96516129,4.52,9.56,0.0,180.0,-10.0,False,False,1.290645161,0.4825
747,117,scene_1.2,scene_1.2_y03,7,39,1,91.96516129,4.52,10.0425,0.0,180.0,-10.0,False,False,0.4825,0.4825
748,118,scene_1.2,scene_1.2_y03,7,39,2,91.96516129,4.52,10.525,0.0,180.0,-10.0,False,False,0.4825,0.4825
749,119,scene_1.2,scene_1.2_y03,7,39,3,91.96516129,4.52,11.0075,0.0,180.0,-10.0,False,False,0.4825,0.4825
750,120,scene_1.2,scene_1.2_y03,7,39,4,91.96516129,4.52,11.49,270.0,90.0,-10.0,False,False,0.4825,1.290645161
751,121,scene_1.2,scene_1.2_y03,7,38,4,90.674516129,4.52,11.49,180.0,0.0,-10.0,True,False,1.290645161,0.4825
752,122,scene_1.2,scene_1.2_y03,7,38,3,90.674516129,4.52,11.0075,180.0,0.0,-10.0,True,False,0.4825,0.4825
753,123,scene_1.2,scene_1.2_y03,7,38,2,90.674516129,4.52,10.525,180.0,0.0,-10.0,True,False,0.4825,0.4825
754,124,scene_1.2,scene_1.2_y03,7,38,1,90.674516129,4.52,10.0425,180.0,0.0,-10.0,True,False,0.4825,0.4825
755,125,scene_1.2,scene_1.2_y03,7,38,0,90.674516129,4.52,9.56,270.0,90.0,-10.0,True,False,0.4825,1.290645161
756,126,scene_1.2,scene_1.2_y03,7,37,0,89.383870968,4.52,9.56,0.0,180.0,-10.0,False,False,1.290645161,0.4825
757,127,scene_1.2,scene_1.2_y03,7,37,1,89.383870968,4.52,10.0425,0.0,180.0,-10.0,False,False,0.4825,0.4825
758,128,scene_1.2,scene_1.2_y03,7,37,2,89.383870968,4.52,10.525,0.0,180.0,-10.0,False,False,0.4825,0.4825
759,129,scene_1.2,scene_1.2_y03,7,37,3,89.383870968,4.52,11.0075,0.0,180.0,-10.0,False,False,0.4825,0.4825
760,130,scene_1.2,scene_1.2_y03,7,37,4,89.383870968,4.52,11.49,270.0,90.0,-10.0,False,False,0.4825,1.290645161
761,131,scene_1.2,scene_1.2_y03,7,36,4,88.093225806,4.52,11.49,180.0,0.0,-10.0,True,False,1.290645161,0.4825
762,132,scene_1.2,scene_1.2_y03,7,36,3,88.093225806,4.52,11.0075,180.0,0.0,-10.0,True,False,0.4825,0.4825
763,133,scene_1.2,scene_1.2_y03,7,36,2,88.093225806,4.52,10.525,180.0,0.0,-10.0,True,False,0.4825,0.4825
764,134,scene_1.2,scene_1.2_y03,7,36,1,88.093225806,4.52,10.0425,180.0,0.0,-10.0,True,False,0.4825,0.4825
765,135,scene_1.2,scene_1.2_y03,7,36,0,88.093225806,4.52,9.56,270.0,90.0,-10.0,True,False,0.4825,1.290645161
766,136,scene_1.2,scene_1.2_y03,7,35,0,86.802580645,4.52,9.56,0.0,180.0,-10.0,False,False,1.290645161,0.4825
767,137,scene_1.2,scene_1.2_y03,7,35,1,86.802580645,4.52,10.0425,0.0,180.0,-10.0,False,False,0.4825,0.4825
768,138,scene_1.2,scene_1.2_y03,7,35,2,86.802580645,4.52,10.525,0.0,180.0,-10.0,False,False,0.4825,0.4825
769,139,scene_1.2,scene_1.2_y03,7,35,3,86.802580645,4.52,11.0075,0.0,180.0,-10.0,False,False,0.4825,0.4825
770,140,scene_1.2,scene_1.2_y03,7,35,4,86.802580645,4.52,11.49,270.0,90.0,-10.0,False,False,0.4825,1.290645161
771,141,scene_1.2,scene_1.2_y03,7,34,4,85.511935484,4.52,11.49,180.0,0.0,-10.0,True,False,1.290645161,0.4825
772,142,scene_1.2,scene_1.2_y03,7,34,3,85.511935484,4.52,11.0075,180.0,0.0,-10.0,True,False,0.4825,0.4825
773,143,scene_1.2,scene_1.2_y03,7,34,2,85.511935484,4.52,10.525,180.0,0.0,-10.0,True,False,0.4825,0.4825
774,144,scene_1.2,scene_1.2_y03,7,34,1,85.511935484,4.52,10.0425,180.0,0.0,-10.0,True,False,0.4825,0.4825
775,145,scene_1.2,scene_1.2_y03,7,34,0,85.511935484,4.52,9.56,270.0,90.0,-10.0,True,False,0.4825,1.290645161
776,146,scene_1.2,scene_1.2_y03,7,33,0,84.221290323,4.52,9.56,0.0,180.0,-10.0,False,False,1.290645161,0.4825
777,147,scene_1.2,scene_1.2_y03,7,33,1,84.221290323,4.52,10.0425,0.0,180.0,-10.0,False,False,0.4825,0.4825
778,148,scene_1.2,scene_1.2_y03,7,33,2,84.221290323,4.52,10.525,0.0,180.0,-10.0,False,False,0.4825,0.4825
779,149,scene_1.2,scene_1.2_y03,7,33,3,84.221290323,4.52,11.0075,0.0,180.0,-10.0,False,False,0.4825,0.4825
780,150,scene_1.2,scene_1.2_y03,7,33,4,84.221290323,4.52,11.49,270.0,90.0,-10.0,False,False,0.4825,1.290645161
781,151,scene_1.2,scene_1.2_y03,7,32,4,82.930645161,4.52,11.49,180.0,0.0,-10.0,True,False,1.290645161,0.4825
782,152,scene_1.2,scene_1.2_y03,7,32,3,82.930645161,4.52,11.0075,180.0,0.0,-10.0,True,False,0.4825,0.4825
783,153,scene_1.2,scene_1.2_y03,7,32,2,82.930645161,4.52,10.525,180.0,0.0,-10.0,True,False,0.4825,0.4825
784,154,scene_1.2,scene_1.2_y03,7,32,1,82.930645161,4.52,10.0425,180.0,0.0,-10.0,True,False,0.4825,0.4825
785,155,scene_1.2,scene_1.2_y03,7,32,0,82.930645161,4.52,9.56,270.0,90.0,-10.0,True,False,0.4825,1.290645161
786,156,scene_1.2,scene_1.2_y03,7,31,0,81.64,4.52,9.56,0.0,180.0,-10.0,False,False,1.290645161,0.4825
787,157,scene_1.2,scene_1.2_y03,7,31,1,81.64,4.52,10.0425,0.0,180.0,-10.0,False,False,0.4825,0.4825
788,158,scene_1.2,scene_1.2_y03,7,31,2,81.64,4.52,10.525,0.0,180.0,-10.0,False,False,0.4825,0.4825
789,159,scene_1.2,scene_1.2_y03,7,31,3,81.64,4.52,11.0075,0.0,180.0,-10.0,False,False,0.4825,0.4825
790,160,scene_1.2,scene_1.2_y03,7,31,4,81.64,4.52,11.49,270.0,90.0,-10.0,False,False,0.4825,1.290645161
791,161,scene_1.2,scene_1.2_y03,7,30,4,80.349354839,4.52,11.49,180.0,0.0,-10.0,True,False,1.290645161,0.4825
792,162,scene_1.2,scene_1.2_y03,7,30,3,80.349354839,4.52,11.0075,180.0,0.0,-10.0,True,False,0.4825,0.4825
793,163,scene_1.2,scene_1.2_y03,7,30,2,80.349354839,4.52,10.525,180.0,0.0,-10.0,True,False,0.4825,0.4825
794,164,scene_1.2,scene_1.2_y03,7,30,1,80.349354839,4.52,10.0425,180.0,0.0,-10.0,True,False,0.4825,0.4825
795,165,scene_1.2,scene_1.2_y03,7,30,0,80.349354839,4.52,9.56,270.0,90.0,-10.0,True,False,0.4825,1.290645161
796,166,scene_1.2,scene_1.2_y03,7,29,0,79.058709677,4.52,9.56,0.0,180.0,-10.0,False,False,1.290645161,0.4825
797,167,scene_1.2,scene_1.2_y03,7,29,1,79.058709677,4.52,10.0425,0.0,180.0,-10.0,False,False,0.4825,0.4825
798,168,scene_1.2,scene_1.2_y03,7,29,2,79.058709677,4.52,10.525,0.0,180.0,-10.0,False,False,0.4825,0.4825
799,169,scene_1.2,scene_1.2_y03,7,29,3,79.058709677,4.52,11.0075,0.0,180.0,-10.0,False,False,0.4825,0.4825
800,170,scene_1.2,scene_1.2_y03,7,29,4,79.058709677,4.52,11.49,270.0,90.0,-10.0,False,False,0.4825,1.290645161
801,171,scene_1.2,scene_1.2_y03,7,28,4,77.768064516,4.52,11.49,180.0,0.0,-10.0,True,False,1.290645161,0.4825
802,172,scene_1.2,scene_1.2_y03,7,28,3,77.768064516,4.52,11.0075,180.0,0.0,-10.0,True,False,0.4825,0.4825
803,173,scene_1.2,scene_1.2_y03,7,28,2,77.768064516,4.52,10.525,180.0,0.0,-10.0,True,False,0.4825,0.4825
804,174,scene_1.2,scene_1.2_y03,7,28,1,77.768064516,4.52,10.0425,180.0,0.0,-10.0,True,False,0.4825,0.4825
805,175,scene_1.2,scene_1.2_y03,7,28,0,77.768064516,4.52,9.56,270.0,90.0,-10.0,True,False,0.4825,1.290645161
806,176,scene_1.2,scene_1.2_y03,7,27,0,76.477419355,4.52,9.56,0.0,180.0,-10.0,False,False,1.290645161,0.4825
807,177,scene_1.2,scene_1.2_y03,7,27,1,76.477419355,4.52,10.0425,0.0,180.0,-10.0,False,False,0.4825,0.4825
808,178,scene_1.2,scene_1.2_y03,7,27,2,76.477419355,4.52,10.525,0.0,180.0,-10.0,False,False,0.4825,0.4825
809,179,scene_1.2,scene_1.2_y03,7,27,3,76.477419355,4.52,11.0075,0.0,180.0,-10.0,False,False,0.4825,0.4825
810,180,scene_1.2,scene_1.2_y03,7,27,4,76.477419355,4.52,11.49,270.0,90.0,-10.0,False,False,0.4825,1.290645161
811,181,scene_1.2,scene_1.2_y03,7,26,4,75.186774194,4.52,11.49,180.0,0.0,-10.0,True,False,1.290645161,0.4825
812,182,scene_1.2,scene_1.2_y03,7,26,3,75.186774194,4.52,11.0075,180.0,0.0,-10.0,True,False,0.4825,0.4825
813,183,scene_1.2,scene_1.2_y03,7,26,2,75.186774194,4.52,10.525,180.0,0.0,-10.0,True,False,0.4825,0.4825
814,184,scene_1.2,scene_1.2_y03,7,26,1,75.186774194,4.52,10.0425,180.0,0.0,-10.0,True,False,0.4825,0.4825
815,185,scene_1.2,scene_1.2_y03,7,26,0,75.186774194,4.52,9.56,270.0,90.0,-10.0,True,False,0.4825,1.290645161
816,186,scene_1.2,scene_1.2_y03,7,25,0,73.896129032,4.52,9.56,0.0,180.0,-10.0,False,False,1.290645161,0.4825
817,187,scene_1.2,scene_1.2_y03,7,25,1,73.896129032,4.52,10.0425,0.0,180.0,-10.0,False,False,0.4825,0.4825
818,188,scene_1.2,scene_1.2_y03,7,25,2,73.896129032,4.52,10.525,0.0,180.0,-10.0,False,False,0.4825,0.4825
819,189,scene_1.2,scene_1.2_y03,7,25,3,73.896129032,4.52,11.0075,0.0,180.0,-10.0,False,False,0.4825,0.4825
820,190,scene_1.2,scene_1.2_y03,7,25,4,73.896129032,4.52,11.49,270.0,90.0,-10.0,False,False,0.4825,1.290645161
821,191,scene_1.2,scene_1.2_y03,7,24,4,72.605483871,4.52,11.49,180.0,0.0,-10.0,True,False,1.290645161,0.4825
822,192,scene_1.2,scene_1.2_y03,7,24,3,72.605483871,4.52,11.0075,180.0,0.0,-10.0,True,False,0.4825,0.4825
823,193,scene_1.2,scene_1.2_y03,7,24,2,72.605483871,4.52,10.525,180.0,0.0,-10.0,True,False,0.4825,0.4825
824,194,scene_1.2,scene_1.2_y03,7,24,1,72.605483871,4.52,10.0425,180.0,0.0,-10.0,True,False,0.4825,0.4825
825,195,scene_1.2,scene_1.2_y03,7,24,0,72.605483871,4.52,9.56,270.0,90.0,-10.0,True,False,0.4825,1.290645161
826,196,scene_1.2,scene_1.2_y03,7,23,0,71.31483871,4.52,9.56,0.0,180.0,-10.0,False,False,1.290645161,0.4825
827,197,scene_1.2,scene_1.2_y03,7,23,1,71.31483871,4.52,10.0425,0.0,180.0,-10.0,False,False,0.4825,0.4825
828,198,scene_1.2,scene_1.2_y03,7,23,2,71.31483871,4.52,10.525,0.0,180.0,-10.0,False,False,0.4825,0.4825
829,199,scene_1.2,scene_1.2_y03,7,23,3,71.31483871,4.52,11.0075,0.0,180.0,-10.0,False,False,0.4825,0.4825
830,200,scene_1.2,scene_1.2_y03,7,23,4,71.31483871,4.52,11.49,270.0,90.0,-10.0,False,False,0.4825,1.290645161
831,201,scene_1.2,scene_1.2_y03,7,22,4,70.024193548,4.52,11.49,180.0,0.0,-10.0,True,False,1.290645161,0.4825
832,202,scene_1.2,scene_1.2_y03,7,22,3,70.024193548,4.52,11.0075,180.0,0.0,-10.0,True,False,0.4825,0.4825
833,203,scene_1.2,scene_1.2_y03,7,22,2,70.024193548,4.52,10.525,180.0,0.0,-10.0,True,False,0.4825,0.4825
834,204,scene_1.2,scene_1.2_y03,7,22,1,70.024193548,4.52,10.0425,180.0,0.0,-10.0,True,False,0.4825,0.4825
835,205,scene_1.2,scene_1.2_y03,7,22,0,70.024193548,4.52,9.56,270.0,90.0,-10.0,True,False,0.4825,1.290645161
836,206,scene_1.2,scene_1.2_y03,7,21,0,68.733548387,4.52,9.56,0.0,180.0,-10.0,False,False,1.290645161,0.4825
837,207,scene_1.2,scene_1.2_y03,7,21,1,68.733548387,4.52,10.0425,0.0,180.0,-10.0,False,False,0.4825,0.4825
838,208,scene_1.2,scene_1.2_y03,7,21,2,68.733548387,4.52,10.525,0.0,180.0,-10.0,False,False,0.4825,0.4825
839,209,scene_1.2,scene_1.2_y03,7,21,3,68.733548387,4.52,11.0075,0.0,180.0,-10.0,False,False,0.4825,0.4825
840,210,scene_1.2,scene_1.2_y03,7,21,4,68.733548387,4.52,11.49,270.0,90.0,-10.0,False,False,0.4825,1.290645161
841,211,scene_1.2,scene_1.2_y03,7,20,4,67.442903226,4.52,11.49,180.0,0.0,-10.0,True,False,1.290645161,0.4825
842,212,scene_1.2,scene_1.2_y03,7,20,3,67.442903226,4.52,11.0075,180.0,0.0,-10.0,True,False,0.4825,0.4825
843,213,scene_1.2,scene_1.2_y03,7,20,2,67.442903226,4.52,10.525,180.0,0.0,-10.0,True,False,0.4825,0.4825
844,214,scene_1.2,scene_1.2_y03,7,20,1,67.442903226,4.52,10.0425,180.0,0.0,-10.0,True,False,0.4825,0.4825
845,215,scene_1.2,scene_1.2_y03,7,20,0,67.442903226,4.52,9.56,270.0,90.0,-10.0,True,False,0.4825,1.290645161
846,216,scene_1.2,scene_1.2_y03,7,19,0,66.152258065,4.52,9.56,0.0,180.0,-10.0,False,False,1.290645161,0.4825
847,217,scene_1.2,scene_1.2_y03,7,19,1,66.152258065,4.52,10.0425,0.0,180.0,-10.0,False,False,0.4825,0.4825
848,218,scene_1.2,scene_1.2_y03,7,19,2,66.152258065,4.52,10.525,0.0,180.0,-10.0,False,False,0.4825,0.4825
849,219,scene_1.2,scene_1.2_y03,7,19,3,66.152258065,4.52,11.0075,0.0,180.0,-10.0,False,False,0.4825,0.4825
850,220,scene_1.2,scene_1.2_y03,7,19,4,66.152258065,4.52,11.49,270.0,90.0,-10.0,False,False,0.4825,1.290645161
851,221,scene_1.2,scene_1.2_y03,7,18,4,64.861612903,4.52,11.49,180.0,0.0,-10.0,True,False,1.290645161,0.4825
852,222,scene_1.2,scene_1.2_y03,7,18,3,64.861612903,4.52,11.0075,180.0,0.0,-10.0,True,False,0.4825,0.4825
853,223,scene_1.2,scene_1.2_y03,7,18,2,64.861612903,4.52,10.525,180.0,0.0,-10.0,True,False,0.4825,0.4825
854,224,scene_1.2,scene_1.2_y03,7,18,1,64.861612903,4.52,10.0425,180.0,0.0,-10.0,True,False,0.4825,0.4825
855,225,scene_1.2,scene_1.2_y03,7,18,0,64.861612903,4.52,9.56,270.0,90.0,-10.0,True,False,0.4825,1.290645161
856,226,scene_1.2,scene_1.2_y03,7,17,0,63.570967742,4.52,9.56,0.0,180.0,-10.0,False,False,1.290645161,0.4825
857,227,scene_1.2,scene_1.2_y03,7,17,1,63.570967742,4.52,10.0425,0.0,180.0,-10.0,False,False,0.4825,0.4825
858,228,scene_1.2,scene_1.2_y03,7,17,2,63.570967742,4.52,10.525,0.0,180.0,-10.0,False,False,0.4825,0.4825
859,229,scene_1.2,scene_1.2_y03,7,17,3,63.570967742,4.52,11.0075,0.0,180.0,-10.0,False,False,0.4825,0.4825
860,230,scene_1.2,scene_1.2_y03,7,17,4,63.570967742,4.52,11.49,270.0,90.0,-10.0,False,False,0.4825,1.290645161
861,231,scene_1.2,scene_1.2_y03,7,16,4,62.280322581,4.52,11.49,180.0,0.0,-10.0,True,False,1.290645161,0.4825
862,232,scene_1.2,scene_1.2_y03,7,16,3,62.280322581,4.52,11.0075,180.0,0.0,-10.0,True,False,0.4825,0.4825
863,233,scene_1.2,scene_1.2_y03,7,16,2,62.280322581,4.52,10.525,180.0,0.0,-10.0,True,False,0.4825,0.4825
864,234,scene_1.2,scene_1.2_y03,7,16,1,62.280322581,4.52,10.0425,180.0,0.0,-10.0,True,False,0.4825,0.4825
865,235,scene_1.2,scene_1.2_y03,7,16,0,62.280322581,4.52,9.56,270.0,90.0,-10.0,True,False,0.4825,1.290645161
866,236,scene_1.2,scene_1.2_y03,7,15,0,60.989677419,4.52,9.56,0.0,180.0,-10.0,False,False,1.290645161,0.4825
867,237,scene_1.2,scene_1.2_y03,7,15,1,60.989677419,4.52,10.0425,0.0,180.0,-10.0,False,False,0.4825,0.4825
868,238,scene_1.2,scene_1.2_y03,7,15,2,60.989677419,4.52,10.525,0.0,180.0,-10.0,False,False,0.4825,0.4825
869,239,scene_1.2,scene_1.2_y03,7,15,3,60.989677419,4.52,11.0075,0.0,180.0,-10.0,False,False,0.4825,0.4825
870,240,scene_1.2,scene_1.2_y03,7,15,4,60.989677419,4.52,11.49,270.0,90.0,-10.0,False,False,0.4825,1.290645161
871,241,scene_1.2,scene_1.2_y03,7,14,4,59.699032258,4.52,11.49,180.0,0.0,-10.0,True,False,1.290645161,0.4825
872,242,scene_1.2,scene_1.2_y03,7,14,3,59.699032258,4.52,11.0075,180.0,0.0,-10.0,True,False,0.4825,0.4825
873,243,scene_1.2,scene_1.2_y03,7,14,2,59.699032258,4.52,10.525,180.0,0.0,-10.0,True,False,0.4825,0.4825
874,244,scene_1.2,scene_1.2_y03,7,14,1,59.699032258,4.52,10.0425,180.0,0.0,-10.0,True,False,0.4825,0.4825
875,245,scene_1.2,scene_1.2_y03,7,14,0,59.699032258,4.52,9.56,270.0,90.0,-10.0,True,False,0.4825,1.290645161
876,246,scene_1.2,scene_1.2_y03,7,13,0,58.408387097,4.52,9.56,0.0,180.0,-10.0,False,False,1.290645161,0.4825
877,247,scene_1.2,scene_1.2_y03,7,13,1,58.408387097,4.52,10.0425,0.0,180.0,-10.0,False,False,0.4825,0.4825
878,248,scene_1.2,scene_1.2_y03,7,13,2,58.408387097,4.52,10.525,0.0,180.0,-10.0,False,False,0.4825,0.4825
879,249,scene_1.2,scene_1.2_y03,7,13,3,58.408387097,4.52,11.0075,0.0,180.0,-10.0,False,False,0.4825,0.4825
880,250,scene_1.2,scene_1.2_y03,7,13,4,58.408387097,4.52,11.49,270.0,90.0,-10.0,False,False,0.4825,1.290645161
881,251,scene_1.2,scene_1.2_y03,7,12,4,57.117741935,4.52,11.49,180.0,0.0,-10.0,True,False,1.290645161,0.4825
882,252,scene_1.2,scene_1.2_y03,7,12,3,57.117741935,4.52,11.0075,180.0,0.0,-10.0,True,False,0.4825,0.4825
883,253,scene_1.2,scene_1.2_y03,7,12,2,57.117741935,4.52,10.525,180.0,0.0,-10.0,True,False,0.4825,0.4825
884,254,scene_1.2,scene_1.2_y03,7,12,1,57.117741935,4.52,10.0425,180.0,0.0,-10.0,True,False,0.4825,0.4825
885,255,scene_1.2,scene_1.2_y03,7,12,0,57.117741935,4.52,9.56,270.0,90.0,-10.0,True,False,0.4825,1.290645161
886,256,scene_1.2,scene_1.2_y03,7,11,0,55.827096774,4.52,9.56,0.0,180.0,-10.0,False,False,1.290645161,0.4825
887,257,scene_1.2,scene_1.2_y03,7,11,1,55.827096774,4.52,10.0425,0.0,180.0,-10.0,False,False,0.4825,0.4825
888,258,scene_1.2,scene_1.2_y03,7,11,2,55.827096774,4.52,10.525,0.0,180.0,-10.0,False,False,0.4825,0.4825
889,259,scene_1.2,scene_1.2_y03,7,11,3,55.827096774,4.52,11.0075,0.0,180.0,-10.0,False,False,0.4825,0.4825
890,260,scene_1.2,scene_1.2_y03,7,11,4,55.827096774,4.52,11.49,270.0,90.0,-10.0,False,False,0.4825,1.290645161
891,261,scene_1.2,scene_1.2_y03,7,10,4,54.536451613,4.52,11.49,180.0,0.0,-10.0,True,False,1.290645161,0.4825
892,262,scene_1.2,scene_1.2_y03,7,10,3,54.536451613,4.52,11.0075,180.0,0.0,-10.0,True,False,0.4825,0.4825
893,263,scene_1.2,scene_1.2_y03,7,10,2,54.536451613,4.52,10.525,180.0,0.0,-10.0,True,False,0.4825,0.4825
894,264,scene_1.2,scene_1.2_y03,7,10,1,54.536451613,4.52,10.0425,180.0,0.0,-10.0,True,False,0.4825,0.4825
895,265,scene_1.2,scene_1.2_y03,7,10,0,54.536451613,4.52,9.56,270.0,90.0,-10.0,True,False,0.4825,1.290645161
896,266,scene_1.2,scene_1.2_y03,7,9,0,53.245806452,4.52,9.56,0.0,180.0,-10.0,False,False,1.290645161,0.4825
897,267,scene_1.2,scene_1.2_y03,7,9,1,53.245806452,4.52,10.0425,0.0,180.0,-10.0,False,False,0.4825,0.4825
898,268,scene_1.2,scene_1.2_y03,7,9,2,53.245806452,4.52,10.525,0.0,180.0,-10.0,False,False,0.4825,0.4825
899,269,scene_1.2,scene_1.2_y03,7,9,3,53.245806452,4.52,11.0075,0.0,180.0,-10.0,False,False,0.4825,0.4825
900,270,scene_1.2,scene_1.2_y03,7,9,4,53.245806452,4.52,11.49,270.0,90.0,-10.0,False,False,0.4825,1.290645161
901,271,scene_1.2,scene_1.2_y03,7,8,4,51.95516129,4.52,11.49,180.0,0.0,-10.0,True,False,1.290645161,0.4825
902,272,scene_1.2,scene_1.2_y03,7,8,3,51.95516129,4.52,11.0075,180.0,0.0,-10.0,True,False,0.4825,0.4825
903,273,scene_1.2,scene_1.2_y03,7,8,2,51.95516129,4.52,10.525,180.0,0.0,-10.0,True,False,0.4825,0.4825
904,274,scene_1.2,scene_1.2_y03,7,8,1,51.95516129,4.52,10.0425,180.0,0.0,-10.0,True,False,0.4825,0.4825
905,275,scene_1.2,scene_1.2_y03,7,8,0,51.95516129,4.52,9.56,270.0,90.0,-10.0,True,False,0.4825,1.290645161
906,276,scene_1.2,scene_1.2_y03,7,7,0,50.664516129,4.52,9.56,0.0,180.0,-10.0,False,False,1.290645161,0.4825
907,277,scene_1.2,scene_1.2_y03,7,7,1,50.664516129,4.52,10.0425,0.0,180.0,-10.0,False,False,0.4825,0.4825
908,278,scene_1.2,scene_1.2_y03,7,7,2,50.664516129,4.52,10.525,0.0,180.0,-10.0,False,False,0.4825,0.4825
909,279,scene_1.2,scene_1.2_y03,7,7,3,50.664516129,4.52,11.0075,0.0,180.0,-10.0,False,False,0.4825,0.4825
910,280,scene_1.2,scene_1.2_y03,7,7,4,50.664516129,4.52,11.49,270.0,90.0,-10.0,False,False,0.4825,1.290645161
911,281,scene_1.2,scene_1.2_y03,7,6,4,49.373870968,4.52,11.49,180.0,0.0,-10.0,True,False,1.290645161,0.4825
912,282,scene_1.2,scene_1.2_y03,7,6,3,49.373870968,4.52,11.0075,180.0,0.0,-10.0,True,False,0.4825,0.4825
913,283,scene_1.2,scene_1.2_y03,7,6,2,49.373870968,4.52,10.525,180.0,0.0,-10.0,True,False,0.4825,0.4825
914,284,scene_1.2,scene_1.2_y03,7,6,1,49.373870968,4.52,10.0425,180.0,0.0,-10.0,True,False,0.4825,0.4825
915,285,scene_1.2,scene_1.2_y03,7,6,0,49.373870968,4.52,9.56,270.0,90.0,-10.0,True,False,0.4825,1.290645161
916,286,scene_1.2,scene_1.2_y03,7,5,0,48.083225806,4.52,9.56,0.0,180.0,-10.0,False,False,1.290645161,0.4825
917,287,scene_1.2,scene_1.2_y03,7,5,1,48.083225806,4.52,10.0425,0.0,180.0,-10.0,False,False,0.4825,0.4825
918,288,scene_1.2,scene_1.2_y03,7,5,2,48.083225806,4.52,10.525,0.0,180.0,-10.0,False,False,0.4825,0.4825
919,289,scene_1.2,scene_1.2_y03,7,5,3,48.083225806,4.52,11.0075,0.0,180.0,-10.0,False,False,0.4825,0.4825
920,290,scene_1.2,scene_1.2_y03,7,5,4,48.083225806,4.52,11.49,270.0,90.0,-10.0,False,False,0.4825,1.290645161
921,291,scene_1.2,scene_1.2_y03,7,4,4,46.792580645,4.52,11.49,180.0,0.0,-10.0,True,False,1.290645161,0.4825
922,292,scene_1.2,scene_1.2_y03,7,4,3,46.792580645,4.52,11.0075,180.0,0.0,-10.0,True,False,0.4825,0.4825
923,293,scene_1.2,scene_1.2_y03,7,4,2,46.792580645,4.52,10.525,180.0,0.0,-10.0,True,False,0.4825,0.4825
924,294,scene_1.2,scene_1.2_y03,7,4,1,46.792580645,4.52,10.0425,180.0,0.0,-10.0,True,False,0.4825,0.4825
925,295,scene_1.2,scene_1.2_y03,7,4,0,46.792580645,4.52,9.56,270.0,90.0,-10.0,True,False,0.4825,1.290645161
926,296,scene_1.2,scene_1.2_y03,7,3,0,45.501935484,4.52,9.56,0.0,180.0,-10.0,False,False,1.290645161,0.4825
927,297,scene_1.2,scene_1.2_y03,7,3,1,45.501935484,4.52,10.0425,0.0,180.0,-10.0,False,False,0.4825,0.4825
928,298,scene_1.2,scene_1.2_y03,7,3,2,45.501935484,4.52,10.525,0.0,180.0,-10.0,False,False,0.4825,0.4825
929,299,scene_1.2,scene_1.2_y03,7,3,3,45.501935484,4.52,11.0075,0.0,180.0,-10.0,False,False,0.4825,0.4825
930,300,scene_1.2,scene_1.2_y03,7,3,4,45.501935484,4.52,11.49,270.0,90.0,-10.0,False,False,0.4825,1.290645161
931,301,scene_1.2,scene_1.2_y03,7,2,4,44.211290323,4.52,11.49,180.0,0.0,-10.0,True,False,1.290645161,0.4825
932,302,scene_1.2,scene_1.2_y03,7,2,3,44.211290323,4.52,11.0075,180.0,0.0,-10.0,True,False,0.4825,0.4825
933,303,scene_1.2,scene_1.2_y03,7,2,2,44.211290323,4.52,10.525,180.0,0.0,-10.0,True,False,0.4825,0.4825
934,304,scene_1.2,scene_1.2_y03,7,2,1,44.211290323,4.52,10.0425,180.0,0.0,-10.0,True,False,0.4825,0.4825
935,305,scene_1.2,scene_1.2_y03,7,2,0,44.211290323,4.52,9.56,270.0,90.0,-10.0,True,False,0.4825,1.290645161
936,306,scene_1.2,scene_1.2_y03,7,1,0,42.920645161,4.52,9.56,0.0,180.0,-10.0,False,False,1.290645161,0.4825
937,307,scene_1.2,scene_1.2_y03,7,1,1,42.920645161,4.52,10.0425,0.0,180.0,-10.0,False,False,0.4825,0.4825
938,308,scene_1.2,scene_1.2_y03,7,1,2,42.920645161,4.52,10.525,0.0,180.0,-10.0,False,False,0.4825,0.4825
939,309,scene_1.2,scene_1.2_y03,7,1,3,42.920645161,4.52,11.0075,0.0,180.0,-10.0,False,False,0.4825,0.4825
940,310,scene_1.2,scene_1.2_y03,7,1,4,42.920645161,4.52,11.49,270.0,90.0,-10.0,False,False,0.4825,1.290645161
941,311,scene_1.2,scene_1.2_y03,7,0,4,41.63,4.52,11.49,180.0,0.0,-10.0,True,False,1.290645161,0.4825
942,312,scene_1.2,scene_1.2_y03,7,0,3,41.63,4.52,11.0075,180.0,0.0,-10.0,True,False,0.4825,0.4825
943,313,scene_1.2,scene_1.2_y03,7,0,2,41.63,4.52,10.525,180.0,0.0,-10.0,True,False,0.4825,0.4825
944,314,scene_1.2,scene_1.2_y03,7,0,1,41.63,4.52,10.0425,180.0,0.0,-10.0,True,False,0.4825,0.4825
945,315,scene_1.2,scene_1.2_y03,7,0,0,41.63,4.52,9.56,180.0,0.0,-10.0,True,False,0.4825,0.0
946,1,scene_1.2,scene_1.2_y04,8,0,0,41.63,5.4,9.56,0.0,180.0,-20.0,True,False,0.88,0.4825
947,2,scene_1.2,scene_1.2_y04,8,0,1,41.63,5.4,10.0425,0.0,180.0,-20.0,True,False,0.4825,0.4825
948,3,scene_1.2,scene_1.2_y04,8,0,2,41.63,5.4,10.525,0.0,180.0,-20.0,True,False,0.4825,0.4825
949,4,scene_1.2,scene_1.2_y04,8,0,3,41.63,5.4,11.0075,0.0,180.0,-20.0,True,False,0.4825,0.4825
950,5,scene_1.2,scene_1.2_y04,8,0,4,41.63,5.4,11.49,90.0,270.0,-20.0,True,False,0.4825,1.290645161
951,6,scene_1.2,scene_1.2_y04,8,1,4,42.920645161,5.4,11.49,180.0,0.0,-20.0,False,False,1.290645161,0.4825
952,7,scene_1.2,scene_1.2_y04,8,1,3,42.920645161,5.4,11.0075,180.0,0.0,-20.0,False,False,0.4825,0.4825
953,8,scene_1.2,scene_1.2_y04,8,1,2,42.920645161,5.4,10.525,180.0,0.0,-20.0,False,False,0.4825,0.4825
954,9,scene_1.2,scene_1.2_y04,8,1,1,42.920645161,5.4,10.0425,180.0,0.0,-20.0,False,False,0.4825,0.4825
955,10,scene_1.2,scene_1.2_y04,8,1,0,42.920645161,5.4,9.56,90.0,270.0,-20.0,False,False,0.4825,1.290645161
956,11,scene_1.2,scene_1.2_y04,8,2,0,44.211290323,5.4,9.56,0.0,180.0,-20.0,True,False,1.290645161,0.4825
957,12,scene_1.2,scene_1.2_y04,8,2,1,44.211290323,5.4,10.0425,0.0,180.0,-20.0,True,False,0.4825,0.4825
958,13,scene_1.2,scene_1.2_y04,8,2,2,44.211290323,5.4,10.525,0.0,180.0,-20.0,True,False,0.4825,0.4825
959,14,scene_1.2,scene_1.2_y04,8,2,3,44.211290323,5.4,11.0075,0.0,180.0,-20.0,True,False,0.4825,0.4825
960,15,scene_1.2,scene_1.2_y04,8,2,4,44.211290323,5.4,11.49,90.0,270.0,-20.0,True,False,0.4825,1.290645161
961,16,scene_1.2,scene_1.2_y04,8,3,4,45.501935484,5.4,11.49,180.0,0.0,-20.0,False,False,1.290645161,0.4825
962,17,scene_1.2,scene_1.2_y04,8,3,3,45.501935484,5.4,11.0075,180.0,0.0,-20.0,False,False,0.4825,0.4825
963,18,scene_1.2,scene_1.2_y04,8,3,2,45.501935484,5.4,10.525,180.0,0.0,-20.0,False,False,0.4825,0.4825
964,19,scene_1.2,scene_1.2_y04,8,3,1,45.501935484,5.4,10.0425,180.0,0.0,-20.0,False,False,0.4825,0.4825
965,20,scene_1.2,scene_1.2_y04,8,3,0,45.501935484,5.4,9.56,90.0,270.0,-20.0,False,False,0.4825,1.290645161
966,21,scene_1.2,scene_1.2_y04,8,4,0,46.792580645,5.4,9.56,0.0,180.0,-20.0,True,False,1.290645161,0.4825
967,22,scene_1.2,scene_1.2_y04,8,4,1,46.792580645,5.4,10.0425,0.0,180.0,-20.0,True,False,0.4825,0.4825
968,23,scene_1.2,scene_1.2_y04,8,4,2,46.792580645,5.4,10.525,0.0,180.0,-20.0,True,False,0.4825,0.4825
969,24,scene_1.2,scene_1.2_y04,8,4,3,46.792580645,5.4,11.0075,0.0,180.0,-20.0,True,False,0.4825,0.4825
970,25,scene_1.2,scene_1.2_y04,8,4,4,46.792580645,5.4,11.49,90.0,270.0,-20.0,True,False,0.4825,1.290645161
971,26,scene_1.2,scene_1.2_y04,8,5,4,48.083225806,5.4,11.49,180.0,0.0,-20.0,False,False,1.290645161,0.4825
972,27,scene_1.2,scene_1.2_y04,8,5,3,48.083225806,5.4,11.0075,180.0,0.0,-20.0,False,False,0.4825,0.4825
973,28,scene_1.2,scene_1.2_y04,8,5,2,48.083225806,5.4,10.525,180.0,0.0,-20.0,False,False,0.4825,0.4825
974,29,scene_1.2,scene_1.2_y04,8,5,1,48.083225806,5.4,10.0425,180.0,0.0,-20.0,False,False,0.4825,0.4825
975,30,scene_1.2,scene_1.2_y04,8,5,0,48.083225806,5.4,9.56,90.0,270.0,-20.0,False,False,0.4825,1.290645161
976,31,scene_1.2,scene_1.2_y04,8,6,0,49.373870968,5.4,9.56,0.0,180.0,-20.0,True,False,1.290645161,0.4825
977,32,scene_1.2,scene_1.2_y04,8,6,1,49.373870968,5.4,10.0425,0.0,180.0,-20.0,True,False,0.4825,0.4825
978,33,scene_1.2,scene_1.2_y04,8,6,2,49.373870968,5.4,10.525,0.0,180.0,-20.0,True,False,0.4825,0.4825
979,34,scene_1.2,scene_1.2_y04,8,6,3,49.373870968,5.4,11.0075,0.0,180.0,-20.0,True,False,0.4825,0.4825
980,35,scene_1.2,scene_1.2_y04,8,6,4,49.373870968,5.4,11.49,90.0,270.0,-20.0,True,False,0.4825,1.290645161
981,36,scene_1.2,scene_1.2_y04,8,7,4,50.664516129,5.4,11.49,180.0,0.0,-20.0,False,False,1.290645161,0.4825
982,37,scene_1.2,scene_1.2_y04,8,7,3,50.664516129,5.4,11.0075,180.0,0.0,-20.0,False,False,0.4825,0.4825
983,38,scene_1.2,scene_1.2_y04,8,7,2,50.664516129,5.4,10.525,180.0,0.0,-20.0,False,False,0.4825,0.4825
984,39,scene_1.2,scene_1.2_y04,8,7,1,50.664516129,5.4,10.0425,180.0,0.0,-20.0,False,False,0.4825,0.4825
985,40,scene_1.2,scene_1.2_y04,8,7,0,50.664516129,5.4,9.56,90.0,270.0,-20.0,False,False,0.4825,1.290645161
986,41,scene_1.2,scene_1.2_y04,8,8,0,51.95516129,5.4,9.56,0.0,180.0,-20.0,True,False,1.290645161,0.4825
987,42,scene_1.2,scene_1.2_y04,8,8,1,51.95516129,5.4,10.0425,0.0,180.0,-20.0,True,False,0.4825,0.4825
988,43,scene_1.2,scene_1.2_y04,8,8,2,51.95516129,5.4,10.525,0.0,180.0,-20.0,True,False,0.4825,0.4825
989,44,scene_1.2,scene_1.2_y04,8,8,3,51.95516129,5.4,11.0075,0.0,180.0,-20.0,True,False,0.4825,0.4825
990,45,scene_1.2,scene_1.2_y04,8,8,4,51.95516129,5.4,11.49,90.0,270.0,-20.0,True,False,0.4825,1.290645161
991,46,scene_1.2,scene_1.2_y04,8,9,4,53.245806452,5.4,11.49,180.0,0.0,-20.0,False,False,1.290645161,0.4825
992,47,scene_1.2,scene_1.2_y04,8,9,3,53.245806452,5.4,11.0075,180.0,0.0,-20.0,False,False,0.4825,0.4825
993,48,scene_1.2,scene_1.2_y04,8,9,2,53.245806452,5.4,10.525,180.0,0.0,-20.0,False,False,0.4825,0.4825
994,49,scene_1.2,scene_1.2_y04,8,9,1,53.245806452,5.4,10.0425,180.0,0.0,-20.0,False,False,0.4825,0.4825
995,50,scene_1.2,scene_1.2_y04,8,9,0,53.245806452,5.4,9.56,90.0,270.0,-20.0,False,False,0.4825,1.290645161
996,51,scene_1.2,scene_1.2_y04,8,10,0,54.536451613,5.4,9.56,0.0,180.0,-20.0,True,False,1.290645161,0.4825
997,52,scene_1.2,scene_1.2_y04,8,10,1,54.536451613,5.4,10.0425,0.0,180.0,-20.0,True,False,0.4825,0.4825
998,53,scene_1.2,scene_1.2_y04,8,10,2,54.536451613,5.4,10.525,0.0,180.0,-20.0,True,False,0.4825,0.4825
999,54,scene_1.2,scene_1.2_y04,8,10,3,54.536451613,5.4,11.0075,0.0,180.0,-20.0,True,False,0.4825,0.4825
1000,55,scene_1.2,scene_1.2_y04,8,10,4,54.536451613,5.4,11.49,90.0,270.0,-20.0,True,False,0.4825,1.290645161
1001,56,scene_1.2,scene_1.2_y04,8,11,4,55.827096774,5.4,11.49,180.0,0.0,-20.0,False,False,1.290645161,0.4825
1002,57,scene_1.2,scene_1.2_y04,8,11,3,55.827096774,5.4,11.0075,180.0,0.0,-20.0,False,False,0.4825,0.4825
1003,58,scene_1.2,scene_1.2_y04,8,11,2,55.827096774,5.4,10.525,180.0,0.0,-20.0,False,False,0.4825,0.4825
1004,59,scene_1.2,scene_1.2_y04,8,11,1,55.827096774,5.4,10.0425,180.0,0.0,-20.0,False,False,0.4825,0.4825
1005,60,scene_1.2,scene_1.2_y04,8,11,0,55.827096774,5.4,9.56,90.0,270.0,-20.0,False,False,0.4825,1.290645161
1006,61,scene_1.2,scene_1.2_y04,8,12,0,57.117741935,5.4,9.56,0.0,180.0,-20.0,True,False,1.290645161,0.4825
1007,62,scene_1.2,scene_1.2_y04,8,12,1,57.117741935,5.4,10.0425,0.0,180.0,-20.0,True,False,0.4825,0.4825
1008,63,scene_1.2,scene_1.2_y04,8,12,2,57.117741935,5.4,10.525,0.0,180.0,-20.0,True,False,0.4825,0.4825
1009,64,scene_1.2,scene_1.2_y04,8,12,3,57.117741935,5.4,11.0075,0.0,180.0,-20.0,True,False,0.4825,0.4825
1010,65,scene_1.2,scene_1.2_y04,8,12,4,57.117741935,5.4,11.49,90.0,270.0,-20.0,True,False,0.4825,1.290645161
1011,66,scene_1.2,scene_1.2_y04,8,13,4,58.408387097,5.4,11.49,180.0,0.0,-20.0,False,False,1.290645161,0.4825
1012,67,scene_1.2,scene_1.2_y04,8,13,3,58.408387097,5.4,11.0075,180.0,0.0,-20.0,False,False,0.4825,0.4825
1013,68,scene_1.2,scene_1.2_y04,8,13,2,58.408387097,5.4,10.525,180.0,0.0,-20.0,False,False,0.4825,0.4825
1014,69,scene_1.2,scene_1.2_y04,8,13,1,58.408387097,5.4,10.0425,180.0,0.0,-20.0,False,False,0.4825,0.4825
1015,70,scene_1.2,scene_1.2_y04,8,13,0,58.408387097,5.4,9.56,90.0,270.0,-20.0,False,False,0.4825,1.290645161
1016,71,scene_1.2,scene_1.2_y04,8,14,0,59.699032258,5.4,9.56,0.0,180.0,-20.0,True,False,1.290645161,0.4825
1017,72,scene_1.2,scene_1.2_y04,8,14,1,59.699032258,5.4,10.0425,0.0,180.0,-20.0,True,False,0.4825,0.4825
1018,73,scene_1.2,scene_1.2_y04,8,14,2,59.699032258,5.4,10.525,0.0,180.0,-20.0,True,False,0.4825,0.4825
1019,74,scene_1.2,scene_1.2_y04,8,14,3,59.699032258,5.4,11.0075,0.0,180.0,-20.0,True,False,0.4825,0.4825
1020,75,scene_1.2,scene_1.2_y04,8,14,4,59.699032258,5.4,11.49,90.0,270.0,-20.0,True,False,0.4825,1.290645161
1021,76,scene_1.2,scene_1.2_y04,8,15,4,60.989677419,5.4,11.49,180.0,0.0,-20.0,False,False,1.290645161,0.4825
1022,77,scene_1.2,scene_1.2_y04,8,15,3,60.989677419,5.4,11.0075,180.0,0.0,-20.0,False,False,0.4825,0.4825
1023,78,scene_1.2,scene_1.2_y04,8,15,2,60.989677419,5.4,10.525,180.0,0.0,-20.0,False,False,0.4825,0.4825
1024,79,scene_1.2,scene_1.2_y04,8,15,1,60.989677419,5.4,10.0425,180.0,0.0,-20.0,False,False,0.4825,0.4825
1025,80,scene_1.2,scene_1.2_y04,8,15,0,60.989677419,5.4,9.56,90.0,270.0,-20.0,False,False,0.4825,1.290645161
1026,81,scene_1.2,scene_1.2_y04,8,16,0,62.280322581,5.4,9.56,0.0,180.0,-20.0,True,False,1.290645161,0.4825
1027,82,scene_1.2,scene_1.2_y04,8,16,1,62.280322581,5.4,10.0425,0.0,180.0,-20.0,True,False,0.4825,0.4825
1028,83,scene_1.2,scene_1.2_y04,8,16,2,62.280322581,5.4,10.525,0.0,180.0,-20.0,True,False,0.4825,0.4825
1029,84,scene_1.2,scene_1.2_y04,8,16,3,62.280322581,5.4,11.0075,0.0,180.0,-20.0,True,False,0.4825,0.4825
1030,85,scene_1.2,scene_1.2_y04,8,16,4,62.280322581,5.4,11.49,90.0,270.0,-20.0,True,False,0.4825,1.290645161
1031,86,scene_1.2,scene_1.2_y04,8,17,4,63.570967742,5.4,11.49,180.0,0.0,-20.0,False,False,1.290645161,0.4825
1032,87,scene_1.2,scene_1.2_y04,8,17,3,63.570967742,5.4,11.0075,180.0,0.0,-20.0,False,False,0.4825,0.4825
1033,88,scene_1.2,scene_1.2_y04,8,17,2,63.570967742,5.4,10.525,180.0,0.0,-20.0,False,False,0.4825,0.4825
1034,89,scene_1.2,scene_1.2_y04,8,17,1,63.570967742,5.4,10.0425,180.0,0.0,-20.0,False,False,0.4825,0.4825
1035,90,scene_1.2,scene_1.2_y04,8,17,0,63.570967742,5.4,9.56,90.0,270.0,-20.0,False,False,0.4825,1.290645161
1036,91,scene_1.2,scene_1.2_y04,8,18,0,64.861612903,5.4,9.56,0.0,180.0,-20.0,True,False,1.290645161,0.4825
1037,92,scene_1.2,scene_1.2_y04,8,18,1,64.861612903,5.4,10.0425,0.0,180.0,-20.0,True,False,0.4825,0.4825
1038,93,scene_1.2,scene_1.2_y04,8,18,2,64.861612903,5.4,10.525,0.0,180.0,-20.0,True,False,0.4825,0.4825
1039,94,scene_1.2,scene_1.2_y04,8,18,3,64.861612903,5.4,11.0075,0.0,180.0,-20.0,True,False,0.4825,0.4825
1040,95,scene_1.2,scene_1.2_y04,8,18,4,64.861612903,5.4,11.49,90.0,270.0,-20.0,True,False,0.4825,1.290645161
1041,96,scene_1.2,scene_1.2_y04,8,19,4,66.152258065,5.4,11.49,180.0,0.0,-20.0,False,False,1.290645161,0.4825
1042,97,scene_1.2,scene_1.2_y04,8,19,3,66.152258065,5.4,11.0075,180.0,0.0,-20.0,False,False,0.4825,0.4825
1043,98,scene_1.2,scene_1.2_y04,8,19,2,66.152258065,5.4,10.525,180.0,0.0,-20.0,False,False,0.4825,0.4825
1044,99,scene_1.2,scene_1.2_y04,8,19,1,66.152258065,5.4,10.0425,180.0,0.0,-20.0,False,False,0.4825,0.4825
1045,100,scene_1.2,scene_1.2_y04,8,19,0,66.152258065,5.4,9.56,90.0,270.0,-20.0,False,False,0.4825,1.290645161
1046,101,scene_1.2,scene_1.2_y04,8,20,0,67.442903226,5.4,9.56,0.0,180.0,-20.0,True,False,1.290645161,0.4825
1047,102,scene_1.2,scene_1.2_y04,8,20,1,67.442903226,5.4,10.0425,0.0,180.0,-20.0,True,False,0.4825,0.4825
1048,103,scene_1.2,scene_1.2_y04,8,20,2,67.442903226,5.4,10.525,0.0,180.0,-20.0,True,False,0.4825,0.4825
1049,104,scene_1.2,scene_1.2_y04,8,20,3,67.442903226,5.4,11.0075,0.0,180.0,-20.0,True,False,0.4825,0.4825
1050,105,scene_1.2,scene_1.2_y04,8,20,4,67.442903226,5.4,11.49,90.0,270.0,-20.0,True,False,0.4825,1.290645161
1051,106,scene_1.2,scene_1.2_y04,8,21,4,68.733548387,5.4,11.49,180.0,0.0,-20.0,False,False,1.290645161,0.4825
1052,107,scene_1.2,scene_1.2_y04,8,21,3,68.733548387,5.4,11.0075,180.0,0.0,-20.0,False,False,0.4825,0.4825
1053,108,scene_1.2,scene_1.2_y04,8,21,2,68.733548387,5.4,10.525,180.0,0.0,-20.0,False,False,0.4825,0.4825
1054,109,scene_1.2,scene_1.2_y04,8,21,1,68.733548387,5.4,10.0425,180.0,0.0,-20.0,False,False,0.4825,0.4825
1055,110,scene_1.2,scene_1.2_y04,8,21,0,68.733548387,5.4,9.56,90.0,270.0,-20.0,False,False,0.4825,1.290645161
1056,111,scene_1.2,scene_1.2_y04,8,22,0,70.024193548,5.4,9.56,0.0,180.0,-20.0,True,False,1.290645161,0.4825
1057,112,scene_1.2,scene_1.2_y04,8,22,1,70.024193548,5.4,10.0425,0.0,180.0,-20.0,True,False,0.4825,0.4825
1058,113,scene_1.2,scene_1.2_y04,8,22,2,70.024193548,5.4,10.525,0.0,180.0,-20.0,True,False,0.4825,0.4825
1059,114,scene_1.2,scene_1.2_y04,8,22,3,70.024193548,5.4,11.0075,0.0,180.0,-20.0,True,False,0.4825,0.4825
1060,115,scene_1.2,scene_1.2_y04,8,22,4,70.024193548,5.4,11.49,90.0,270.0,-20.0,True,False,0.4825,1.290645161
1061,116,scene_1.2,scene_1.2_y04,8,23,4,71.31483871,5.4,11.49,180.0,0.0,-20.0,False,False,1.290645161,0.4825
1062,117,scene_1.2,scene_1.2_y04,8,23,3,71.31483871,5.4,11.0075,180.0,0.0,-20.0,False,False,0.4825,0.4825
1063,118,scene_1.2,scene_1.2_y04,8,23,2,71.31483871,5.4,10.525,180.0,0.0,-20.0,False,False,0.4825,0.4825
1064,119,scene_1.2,scene_1.2_y04,8,23,1,71.31483871,5.4,10.0425,180.0,0.0,-20.0,False,False,0.4825,0.4825
1065,120,scene_1.2,scene_1.2_y04,8,23,0,71.31483871,5.4,9.56,90.0,270.0,-20.0,False,False,0.4825,1.290645161
1066,121,scene_1.2,scene_1.2_y04,8,24,0,72.605483871,5.4,9.56,0.0,180.0,-20.0,True,False,1.290645161,0.4825
1067,122,scene_1.2,scene_1.2_y04,8,24,1,72.605483871,5.4,10.0425,0.0,180.0,-20.0,True,False,0.4825,0.4825
1068,123,scene_1.2,scene_1.2_y04,8,24,2,72.605483871,5.4,10.525,0.0,180.0,-20.0,True,False,0.4825,0.4825
1069,124,scene_1.2,scene_1.2_y04,8,24,3,72.605483871,5.4,11.0075,0.0,180.0,-20.0,True,False,0.4825,0.4825
1070,125,scene_1.2,scene_1.2_y04,8,24,4,72.605483871,5.4,11.49,90.0,270.0,-20.0,True,False,0.4825,1.290645161
1071,126,scene_1.2,scene_1.2_y04,8,25,4,73.896129032,5.4,11.49,180.0,0.0,-20.0,False,False,1.290645161,0.4825
1072,127,scene_1.2,scene_1.2_y04,8,25,3,73.896129032,5.4,11.0075,180.0,0.0,-20.0,False,False,0.4825,0.4825
1073,128,scene_1.2,scene_1.2_y04,8,25,2,73.896129032,5.4,10.525,180.0,0.0,-20.0,False,False,0.4825,0.4825
1074,129,scene_1.2,scene_1.2_y04,8,25,1,73.896129032,5.4,10.0425,180.0,0.0,-20.0,False,False,0.4825,0.4825
1075,130,scene_1.2,scene_1.2_y04,8,25,0,73.896129032,5.4,9.56,90.0,270.0,-20.0,False,False,0.4825,1.290645161
1076,131,scene_1.2,scene_1.2_y04,8,26,0,75.186774194,5.4,9.56,0.0,180.0,-20.0,True,False,1.290645161,0.4825
1077,132,scene_1.2,scene_1.2_y04,8,26,1,75.186774194,5.4,10.0425,0.0,180.0,-20.0,True,False,0.4825,0.4825
1078,133,scene_1.2,scene_1.2_y04,8,26,2,75.186774194,5.4,10.525,0.0,180.0,-20.0,True,False,0.4825,0.4825
1079,134,scene_1.2,scene_1.2_y04,8,26,3,75.186774194,5.4,11.0075,0.0,180.0,-20.0,True,False,0.4825,0.4825
1080,135,scene_1.2,scene_1.2_y04,8,26,4,75.186774194,5.4,11.49,90.0,270.0,-20.0,True,False,0.4825,1.290645161
1081,136,scene_1.2,scene_1.2_y04,8,27,4,76.477419355,5.4,11.49,180.0,0.0,-20.0,False,False,1.290645161,0.4825
1082,137,scene_1.2,scene_1.2_y04,8,27,3,76.477419355,5.4,11.0075,180.0,0.0,-20.0,False,False,0.4825,0.4825
1083,138,scene_1.2,scene_1.2_y04,8,27,2,76.477419355,5.4,10.525,180.0,0.0,-20.0,False,False,0.4825,0.4825
1084,139,scene_1.2,scene_1.2_y04,8,27,1,76.477419355,5.4,10.0425,180.0,0.0,-20.0,False,False,0.4825,0.4825
1085,140,scene_1.2,scene_1.2_y04,8,27,0,76.477419355,5.4,9.56,90.0,270.0,-20.0,False,False,0.4825,1.290645161
1086,141,scene_1.2,scene_1.2_y04,8,28,0,77.768064516,5.4,9.56,0.0,180.0,-20.0,True,False,1.290645161,0.4825
1087,142,scene_1.2,scene_1.2_y04,8,28,1,77.768064516,5.4,10.0425,0.0,180.0,-20.0,True,False,0.4825,0.4825
1088,143,scene_1.2,scene_1.2_y04,8,28,2,77.768064516,5.4,10.525,0.0,180.0,-20.0,True,False,0.4825,0.4825
1089,144,scene_1.2,scene_1.2_y04,8,28,3,77.768064516,5.4,11.0075,0.0,180.0,-20.0,True,False,0.4825,0.4825
1090,145,scene_1.2,scene_1.2_y04,8,28,4,77.768064516,5.4,11.49,90.0,270.0,-20.0,True,False,0.4825,1.290645161
1091,146,scene_1.2,scene_1.2_y04,8,29,4,79.058709677,5.4,11.49,180.0,0.0,-20.0,False,False,1.290645161,0.4825
1092,147,scene_1.2,scene_1.2_y04,8,29,3,79.058709677,5.4,11.0075,180.0,0.0,-20.0,False,False,0.4825,0.4825
1093,148,scene_1.2,scene_1.2_y04,8,29,2,79.058709677,5.4,10.525,180.0,0.0,-20.0,False,False,0.4825,0.4825
1094,149,scene_1.2,scene_1.2_y04,8,29,1,79.058709677,5.4,10.0425,180.0,0.0,-20.0,False,False,0.4825,0.4825
1095,150,scene_1.2,scene_1.2_y04,8,29,0,79.058709677,5.4,9.56,90.0,270.0,-20.0,False,False,0.4825,1.290645161
1096,151,scene_1.2,scene_1.2_y04,8,30,0,80.349354839,5.4,9.56,0.0,180.0,-20.0,True,False,1.290645161,0.4825
1097,152,scene_1.2,scene_1.2_y04,8,30,1,80.349354839,5.4,10.0425,0.0,180.0,-20.0,True,False,0.4825,0.4825
1098,153,scene_1.2,scene_1.2_y04,8,30,2,80.349354839,5.4,10.525,0.0,180.0,-20.0,True,False,0.4825,0.4825
1099,154,scene_1.2,scene_1.2_y04,8,30,3,80.349354839,5.4,11.0075,0.0,180.0,-20.0,True,False,0.4825,0.4825
1100,155,scene_1.2,scene_1.2_y04,8,30,4,80.349354839,5.4,11.49,90.0,270.0,-20.0,True,False,0.4825,1.290645161
1101,156,scene_1.2,scene_1.2_y04,8,31,4,81.64,5.4,11.49,180.0,0.0,-20.0,False,False,1.290645161,0.4825
1102,157,scene_1.2,scene_1.2_y04,8,31,3,81.64,5.4,11.0075,180.0,0.0,-20.0,False,False,0.4825,0.4825
1103,158,scene_1.2,scene_1.2_y04,8,31,2,81.64,5.4,10.525,180.0,0.0,-20.0,False,False,0.4825,0.4825
1104,159,scene_1.2,scene_1.2_y04,8,31,1,81.64,5.4,10.0425,180.0,0.0,-20.0,False,False,0.4825,0.4825
1105,160,scene_1.2,scene_1.2_y04,8,31,0,81.64,5.4,9.56,90.0,270.0,-20.0,False,False,0.4825,1.290645161
1106,161,scene_1.2,scene_1.2_y04,8,32,0,82.930645161,5.4,9.56,0.0,180.0,-20.0,True,False,1.290645161,0.4825
1107,162,scene_1.2,scene_1.2_y04,8,32,1,82.930645161,5.4,10.0425,0.0,180.0,-20.0,True,False,0.4825,0.4825
1108,163,scene_1.2,scene_1.2_y04,8,32,2,82.930645161,5.4,10.525,0.0,180.0,-20.0,True,False,0.4825,0.4825
1109,164,scene_1.2,scene_1.2_y04,8,32,3,82.930645161,5.4,11.0075,0.0,180.0,-20.0,True,False,0.4825,0.4825
1110,165,scene_1.2,scene_1.2_y04,8,32,4,82.930645161,5.4,11.49,90.0,270.0,-20.0,True,False,0.4825,1.290645161
1111,166,scene_1.2,scene_1.2_y04,8,33,4,84.221290323,5.4,11.49,180.0,0.0,-20.0,False,False,1.290645161,0.4825
1112,167,scene_1.2,scene_1.2_y04,8,33,3,84.221290323,5.4,11.0075,180.0,0.0,-20.0,False,False,0.4825,0.4825
1113,168,scene_1.2,scene_1.2_y04,8,33,2,84.221290323,5.4,10.525,180.0,0.0,-20.0,False,False,0.4825,0.4825
1114,169,scene_1.2,scene_1.2_y04,8,33,1,84.221290323,5.4,10.0425,180.0,0.0,-20.0,False,False,0.4825,0.4825
1115,170,scene_1.2,scene_1.2_y04,8,33,0,84.221290323,5.4,9.56,90.0,270.0,-20.0,False,False,0.4825,1.290645161
1116,171,scene_1.2,scene_1.2_y04,8,34,0,85.511935484,5.4,9.56,0.0,180.0,-20.0,True,False,1.290645161,0.4825
1117,172,scene_1.2,scene_1.2_y04,8,34,1,85.511935484,5.4,10.0425,0.0,180.0,-20.0,True,False,0.4825,0.4825
1118,173,scene_1.2,scene_1.2_y04,8,34,2,85.511935484,5.4,10.525,0.0,180.0,-20.0,True,False,0.4825,0.4825
1119,174,scene_1.2,scene_1.2_y04,8,34,3,85.511935484,5.4,11.0075,0.0,180.0,-20.0,True,False,0.4825,0.4825
1120,175,scene_1.2,scene_1.2_y04,8,34,4,85.511935484,5.4,11.49,90.0,270.0,-20.0,True,False,0.4825,1.290645161
1121,176,scene_1.2,scene_1.2_y04,8,35,4,86.802580645,5.4,11.49,180.0,0.0,-20.0,False,False,1.290645161,0.4825
1122,177,scene_1.2,scene_1.2_y04,8,35,3,86.802580645,5.4,11.0075,180.0,0.0,-20.0,False,False,0.4825,0.4825
1123,178,scene_1.2,scene_1.2_y04,8,35,2,86.802580645,5.4,10.525,180.0,0.0,-20.0,False,False,0.4825,0.4825
1124,179,scene_1.2,scene_1.2_y04,8,35,1,86.802580645,5.4,10.0425,180.0,0.0,-20.0,False,False,0.4825,0.4825
1125,180,scene_1.2,scene_1.2_y04,8,35,0,86.802580645,5.4,9.56,90.0,270.0,-20.0,False,False,0.4825,1.290645161
1126,181,scene_1.2,scene_1.2_y04,8,36,0,88.093225806,5.4,9.56,0.0,180.0,-20.0,True,False,1.290645161,0.4825
1127,182,scene_1.2,scene_1.2_y04,8,36,1,88.093225806,5.4,10.0425,0.0,180.0,-20.0,True,False,0.4825,0.4825
1128,183,scene_1.2,scene_1.2_y04,8,36,2,88.093225806,5.4,10.525,0.0,180.0,-20.0,True,False,0.4825,0.4825
1129,184,scene_1.2,scene_1.2_y04,8,36,3,88.093225806,5.4,11.0075,0.0,180.0,-20.0,True,False,0.4825,0.4825
1130,185,scene_1.2,scene_1.2_y04,8,36,4,88.093225806,5.4,11.49,90.0,270.0,-20.0,True,False,0.4825,1.290645161
1131,186,scene_1.2,scene_1.2_y04,8,37,4,89.383870968,5.4,11.49,180.0,0.0,-20.0,False,False,1.290645161,0.4825
1132,187,scene_1.2,scene_1.2_y04,8,37,3,89.383870968,5.4,11.0075,180.0,0.0,-20.0,False,False,0.4825,0.4825
1133,188,scene_1.2,scene_1.2_y04,8,37,2,89.383870968,5.4,10.525,180.0,0.0,-20.0,False,False,0.4825,0.4825
1134,189,scene_1.2,scene_1.2_y04,8,37,1,89.383870968,5.4,10.0425,180.0,0.0,-20.0,False,False,0.4825,0.4825
1135,190,scene_1.2,scene_1.2_y04,8,37,0,89.383870968,5.4,9.56,90.0,270.0,-20.0,False,False,0.4825,1.290645161
1136,191,scene_1.2,scene_1.2_y04,8,38,0,90.674516129,5.4,9.56,0.0,180.0,-20.0,True,False,1.290645161,0.4825
1137,192,scene_1.2,scene_1.2_y04,8,38,1,90.674516129,5.4,10.0425,0.0,180.0,-20.0,True,False,0.4825,0.4825
1138,193,scene_1.2,scene_1.2_y04,8,38,2,90.674516129,5.4,10.525,0.0,180.0,-20.0,True,False,0.4825,0.4825
1139,194,scene_1.2,scene_1.2_y04,8,38,3,90.674516129,5.4,11.0075,0.0,180.0,-20.0,True,False,0.4825,0.4825
1140,195,scene_1.2,scene_1.2_y04,8,38,4,90.674516129,5.4,11.49,90.0,270.0,-20.0,True,False,0.4825,1.290645161
1141,196,scene_1.2,scene_1.2_y04,8,39,4,91.96516129,5.4,11.49,180.0,0.0,-20.0,False,False,1.290645161,0.4825
1142,197,scene_1.2,scene_1.2_y04,8,39,3,91.96516129,5.4,11.0075,180.0,0.0,-20.0,False,False,0.4825,0.4825
1143,198,scene_1.2,scene_1.2_y04,8,39,2,91.96516129,5.4,10.525,180.0,0.0,-20.0,False,False,0.4825,0.4825
1144,199,scene_1.2,scene_1.2_y04,8,39,1,91.96516129,5.4,10.0425,180.0,0.0,-20.0,False,False,0.4825,0.4825
1145,200,scene_1.2,scene_1.2_y04,8,39,0,91.96516129,5.4,9.56,90.0,270.0,-20.0,False,False,0.4825,1.290645161
1146,201,scene_1.2,scene_1.2_y04,8,40,0,93.255806452,5.4,9.56,0.0,180.0,-20.0,True,False,1.290645161,0.4825
1147,202,scene_1.2,scene_1.2_y04,8,40,1,93.255806452,5.4,10.0425,0.0,180.0,-20.0,True,False,0.4825,0.4825
1148,203,scene_1.2,scene_1.2_y04,8,40,2,93.255806452,5.4,10.525,0.0,180.0,-20.0,True,False,0.4825,0.4825
1149,204,scene_1.2,scene_1.2_y04,8,40,3,93.255806452,5.4,11.0075,0.0,180.0,-20.0,True,False,0.4825,0.4825
1150,205,scene_1.2,scene_1.2_y04,8,40,4,93.255806452,5.4,11.49,90.0,270.0,-20.0,True,False,0.4825,1.290645161
1151,206,scene_1.2,scene_1.2_y04,8,41,4,94.546451613,5.4,11.49,180.0,0.0,-20.0,False,False,1.290645161,0.4825
1152,207,scene_1.2,scene_1.2_y04,8,41,3,94.546451613,5.4,11.0075,180.0,0.0,-20.0,False,False,0.4825,0.4825
1153,208,scene_1.2,scene_1.2_y04,8,41,2,94.546451613,5.4,10.525,180.0,0.0,-20.0,False,False,0.4825,0.4825
1154,209,scene_1.2,scene_1.2_y04,8,41,1,94.546451613,5.4,10.0425,180.0,0.0,-20.0,False,False,0.4825,0.4825
1155,210,scene_1.2,scene_1.2_y04,8,41,0,94.546451613,5.4,9.56,90.0,270.0,-20.0,False,False,0.4825,1.290645161
1156,211,scene_1.2,scene_1.2_y04,8,42,0,95.837096774,5.4,9.56,0.0,180.0,-20.0,True,False,1.290645161,0.4825
1157,212,scene_1.2,scene_1.2_y04,8,42,1,95.837096774,5.4,10.0425,0.0,180.0,-20.0,True,False,0.4825,0.4825
1158,213,scene_1.2,scene_1.2_y04,8,42,2,95.837096774,5.4,10.525,0.0,180.0,-20.0,True,False,0.4825,0.4825
1159,214,scene_1.2,scene_1.2_y04,8,42,3,95.837096774,5.4,11.0075,0.0,180.0,-20.0,True,False,0.4825,0.4825
1160,215,scene_1.2,scene_1.2_y04,8,42,4,95.837096774,5.4,11.49,90.0,270.0,-20.0,True,False,0.4825,1.290645161
1161,216,scene_1.2,scene_1.2_y04,8,43,4,97.127741935,5.4,11.49,180.0,0.0,-20.0,False,False,1.290645161,0.4825
1162,217,scene_1.2,scene_1.2_y04,8,43,3,97.127741935,5.4,11.0075,180.0,0.0,-20.0,False,False,0.4825,0.4825
1163,218,scene_1.2,scene_1.2_y04,8,43,2,97.127741935,5.4,10.525,180.0,0.0,-20.0,False,False,0.4825,0.4825
1164,219,scene_1.2,scene_1.2_y04,8,43,1,97.127741935,5.4,10.0425,180.0,0.0,-20.0,False,False,0.4825,0.4825
1165,220,scene_1.2,scene_1.2_y04,8,43,0,97.127741935,5.4,9.56,90.0,270.0,-20.0,False,False,0.4825,1.290645161
1166,221,scene_1.2,scene_1.2_y04,8,44,0,98.418387097,5.4,9.56,0.0,180.0,-20.0,True,False,1.290645161,0.4825
1167,222,scene_1.2,scene_1.2_y04,8,44,1,98.418387097,5.4,10.0425,0.0,180.0,-20.0,True,False,0.4825,0.4825
1168,223,scene_1.2,scene_1.2_y04,8,44,2,98.418387097,5.4,10.525,0.0,180.0,-20.0,True,False,0.4825,0.4825
1169,224,scene_1.2,scene_1.2_y04,8,44,3,98.418387097,5.4,11.0075,0.0,180.0,-20.0,True,False,0.4825,0.4825
1170,225,scene_1.2,scene_1.2_y04,8,44,4,98.418387097,5.4,11.49,90.0,270.0,-20.0,True,False,0.4825,1.290645161
1171,226,scene_1.2,scene_1.2_y04,8,45,4,99.709032258,5.4,11.49,180.0,0.0,-20.0,False,False,1.290645161,0.4825
1172,227,scene_1.2,scene_1.2_y04,8,45,3,99.709032258,5.4,11.0075,180.0,0.0,-20.0,False,False,0.4825,0.4825
1173,228,scene_1.2,scene_1.2_y04,8,45,2,99.709032258,5.4,10.525,180.0,0.0,-20.0,False,False,0.4825,0.4825
1174,229,scene_1.2,scene_1.2_y04,8,45,1,99.709032258,5.4,10.0425,180.0,0.0,-20.0,False,False,0.4825,0.4825
1175,230,scene_1.2,scene_1.2_y04,8,45,0,99.709032258,5.4,9.56,90.0,270.0,-20.0,False,False,0.4825,1.290645161
1176,231,scene_1.2,scene_1.2_y04,8,46,0,100.999677419,5.4,9.56,0.0,180.0,-20.0,True,False,1.290645161,0.4825
1177,232,scene_1.2,scene_1.2_y04,8,46,1,100.999677419,5.4,10.0425,0.0,180.0,-20.0,True,False,0.4825,0.4825
1178,233,scene_1.2,scene_1.2_y04,8,46,2,100.999677419,5.4,10.525,0.0,180.0,-20.0,True,False,0.4825,0.4825
1179,234,scene_1.2,scene_1.2_y04,8,46,3,100.999677419,5.4,11.0075,0.0,180.0,-20.0,True,False,0.4825,0.4825
1180,235,scene_1.2,scene_1.2_y04,8,46,4,100.999677419,5.4,11.49,90.0,270.0,-20.0,True,False,0.4825,1.290645161
1181,236,scene_1.2,scene_1.2_y04,8,47,4,102.290322581,5.4,11.49,180.0,0.0,-20.0,False,False,1.290645161,0.4825
1182,237,scene_1.2,scene_1.2_y04,8,47,3,102.290322581,5.4,11.0075,180.0,0.0,-20.0,False,False,0.4825,0.4825
1183,238,scene_1.2,scene_1.2_y04,8,47,2,102.290322581,5.4,10.525,180.0,0.0,-20.0,False,False,0.4825,0.4825
1184,239,scene_1.2,scene_1.2_y04,8,47,1,102.290322581,5.4,10.0425,180.0,0.0,-20.0,False,False,0.4825,0.4825
1185,240,scene_1.2,scene_1.2_y04,8,47,0,102.290322581,5.4,9.56,90.0,270.0,-20.0,False,False,0.4825,1.290645161
1186,241,scene_1.2,scene_1.2_y04,8,48,0,103.580967742,5.4,9.56,0.0,180.0,-20.0,True,False,1.290645161,0.4825
1187,242,scene_1.2,scene_1.2_y04,8,48,1,103.580967742,5.4,10.0425,0.0,180.0,-20.0,True,False,0.4825,0.4825
1188,243,scene_1.2,scene_1.2_y04,8,48,2,103.580967742,5.4,10.525,0.0,180.0,-20.0,True,False,0.4825,0.4825
1189,244,scene_1.2,scene_1.2_y04,8,48,3,103.580967742,5.4,11.0075,0.0,180.0,-20.0,True,False,0.4825,0.4825
1190,245,scene_1.2,scene_1.2_y04,8,48,4,103.580967742,5.4,11.49,90.0,270.0,-20.0,True,False,0.4825,1.290645161
1191,246,scene_1.2,scene_1.2_y04,8,49,4,104.871612903,5.4,11.49,180.0,0.0,-20.0,False,False,1.290645161,0.4825
1192,247,scene_1.2,scene_1.2_y04,8,49,3,104.871612903,5.4,11.0075,180.0,0.0,-20.0,False,False,0.4825,0.4825
1193,248,scene_1.2,scene_1.2_y04,8,49,2,104.871612903,5.4,10.525,180.0,0.0,-20.0,False,False,0.4825,0.4825
1194,249,scene_1.2,scene_1.2_y04,8,49,1,104.871612903,5.4,10.0425,180.0,0.0,-20.0,False,False,0.4825,0.4825
1195,250,scene_1.2,scene_1.2_y04,8,49,0,104.871612903,5.4,9.56,90.0,270.0,-20.0,False,False,0.4825,1.290645161
1196,251,scene_1.2,scene_1.2_y04,8,50,0,106.162258065,5.4,9.56,0.0,180.0,-20.0,True,False,1.290645161,0.4825
1197,252,scene_1.2,scene_1.2_y04,8,50,1,106.162258065,5.4,10.0425,0.0,180.0,-20.0,True,False,0.4825,0.4825
1198,253,scene_1.2,scene_1.2_y04,8,50,2,106.162258065,5.4,10.525,0.0,180.0,-20.0,True,False,0.4825,0.4825
1199,254,scene_1.2,scene_1.2_y04,8,50,3,106.162258065,5.4,11.0075,0.0,180.0,-20.0,True,False,0.4825,0.4825
1200,255,scene_1.2,scene_1.2_y04,8,50,4,106.162258065,5.4,11.49,90.0,270.0,-20.0,True,False,0.4825,1.290645161
1201,256,scene_1.2,scene_1.2_y04,8,51,4,107.452903226,5.4,11.49,180.0,0.0,-20.0,False,False,1.290645161,0.4825
1202,257,scene_1.2,scene_1.2_y04,8,51,3,107.452903226,5.4,11.0075,180.0,0.0,-20.0,False,False,0.4825,0.4825
1203,258,scene_1.2,scene_1.2_y04,8,51,2,107.452903226,5.4,10.525,180.0,0.0,-20.0,False,False,0.4825,0.4825
1204,259,scene_1.2,scene_1.2_y04,8,51,1,107.452903226,5.4,10.0425,180.0,0.0,-20.0,False,False,0.4825,0.4825
1205,260,scene_1.2,scene_1.2_y04,8,51,0,107.452903226,5.4,9.56,90.0,270.0,-20.0,False,False,0.4825,1.290645161
1206,261,scene_1.2,scene_1.2_y04,8,52,0,108.743548387,5.4,9.56,0.0,180.0,-20.0,True,False,1.290645161,0.4825
1207,262,scene_1.2,scene_1.2_y04,8,52,1,108.743548387,5.4,10.0425,0.0,180.0,-20.0,True,False,0.4825,0.4825
1208,263,scene_1.2,scene_1.2_y04,8,52,2,108.743548387,5.4,10.525,0.0,180.0,-20.0,True,False,0.4825,0.4825
1209,264,scene_1.2,scene_1.2_y04,8,52,3,108.743548387,5.4,11.0075,0.0,180.0,-20.0,True,False,0.4825,0.4825
1210,265,scene_1.2,scene_1.2_y04,8,52,4,108.743548387,5.4,11.49,90.0,270.0,-20.0,True,False,0.4825,1.290645161
1211,266,scene_1.2,scene_1.2_y04,8,53,4,110.034193548,5.4,11.49,180.0,0.0,-20.0,False,False,1.290645161,0.4825
1212,267,scene_1.2,scene_1.2_y04,8,53,3,110.034193548,5.4,11.0075,180.0,0.0,-20.0,False,False,0.4825,0.4825
1213,268,scene_1.2,scene_1.2_y04,8,53,2,110.034193548,5.4,10.525,180.0,0.0,-20.0,False,False,0.4825,0.4825
1214,269,scene_1.2,scene_1.2_y04,8,53,1,110.034193548,5.4,10.0425,180.0,0.0,-20.0,False,False,0.4825,0.4825
1215,270,scene_1.2,scene_1.2_y04,8,53,0,110.034193548,5.4,9.56,90.0,270.0,-20.0,False,False,0.4825,1.290645161
1216,271,scene_1.2,scene_1.2_y04,8,54,0,111.32483871,5.4,9.56,0.0,180.0,-20.0,True,False,1.290645161,0.4825
1217,272,scene_1.2,scene_1.2_y04,8,54,1,111.32483871,5.4,10.0425,0.0,180.0,-20.0,True,False,0.4825,0.4825
1218,273,scene_1.2,scene_1.2_y04,8,54,2,111.32483871,5.4,10.525,0.0,180.0,-20.0,True,False,0.4825,0.4825
1219,274,scene_1.2,scene_1.2_y04,8,54,3,111.32483871,5.4,11.0075,0.0,180.0,-20.0,True,False,0.4825,0.4825
1220,275,scene_1.2,scene_1.2_y04,8,54,4,111.32483871,5.4,11.49,90.0,270.0,-20.0,True,False,0.4825,1.290645161
1221,276,scene_1.2,scene_1.2_y04,8,55,4,112.615483871,5.4,11.49,180.0,0.0,-20.0,False,False,1.290645161,0.4825
1222,277,scene_1.2,scene_1.2_y04,8,55,3,112.615483871,5.4,11.0075,180.0,0.0,-20.0,False,False,0.4825,0.4825
1223,278,scene_1.2,scene_1.2_y04,8,55,2,112.615483871,5.4,10.525,180.0,0.0,-20.0,False,False,0.4825,0.4825
1224,279,scene_1.2,scene_1.2_y04,8,55,1,112.615483871,5.4,10.0425,180.0,0.0,-20.0,False,False,0.4825,0.4825
1225,280,scene_1.2,scene_1.2_y04,8,55,0,112.615483871,5.4,9.56,90.0,270.0,-20.0,False,False,0.4825,1.290645161
1226,281,scene_1.2,scene_1.2_y04,8,56,0,113.906129032,5.4,9.56,0.0,180.0,-20.0,True,False,1.290645161,0.4825
1227,282,scene_1.2,scene_1.2_y04,8,56,1,113.906129032,5.4,10.0425,0.0,180.0,-20.0,True,False,0.4825,0.4825
1228,283,scene_1.2,scene_1.2_y04,8,56,2,113.906129032,5.4,10.525,0.0,180.0,-20.0,True,False,0.4825,0.4825
1229,284,scene_1.2,scene_1.2_y04,8,56,3,113.906129032,5.4,11.0075,0.0,180.0,-20.0,True,False,0.4825,0.4825
1230,285,scene_1.2,scene_1.2_y04,8,56,4,113.906129032,5.4,11.49,90.0,270.0,-20.0,True,False,0.4825,1.290645161
1231,286,scene_1.2,scene_1.2_y04,8,57,4,115.196774194,5.4,11.49,180.0,0.0,-20.0,False,False,1.290645161,0.4825
1232,287,scene_1.2,scene_1.2_y04,8,57,3,115.196774194,5.4,11.0075,180.0,0.0,-20.0,False,False,0.4825,0.4825
1233,288,scene_1.2,scene_1.2_y04,8,57,2,115.196774194,5.4,10.525,180.0,0.0,-20.0,False,False,0.4825,0.4825
1234,289,scene_1.2,scene_1.2_y04,8,57,1,115.196774194,5.4,10.0425,180.0,0.0,-20.0,False,False,0.4825,0.4825
1235,290,scene_1.2,scene_1.2_y04,8,57,0,115.196774194,5.4,9.56,90.0,270.0,-20.0,False,False,0.4825,1.290645161
1236,291,scene_1.2,scene_1.2_y04,8,58,0,116.487419355,5.4,9.56,0.0,180.0,-20.0,True,False,1.290645161,0.4825
1237,292,scene_1.2,scene_1.2_y04,8,58,1,116.487419355,5.4,10.0425,0.0,180.0,-20.0,True,False,0.4825,0.4825
1238,293,scene_1.2,scene_1.2_y04,8,58,2,116.487419355,5.4,10.525,0.0,180.0,-20.0,True,False,0.4825,0.4825
1239,294,scene_1.2,scene_1.2_y04,8,58,3,116.487419355,5.4,11.0075,0.0,180.0,-20.0,True,False,0.4825,0.4825
1240,295,scene_1.2,scene_1.2_y04,8,58,4,116.487419355,5.4,11.49,90.0,270.0,-20.0,True,False,0.4825,1.290645161
1241,296,scene_1.2,scene_1.2_y04,8,59,4,117.778064516,5.4,11.49,180.0,0.0,-20.0,False,False,1.290645161,0.4825
1242,297,scene_1.2,scene_1.2_y04,8,59,3,117.778064516,5.4,11.0075,180.0,0.0,-20.0,False,False,0.4825,0.4825
1243,298,scene_1.2,scene_1.2_y04,8,59,2,117.778064516,5.4,10.525,180.0,0.0,-20.0,False,False,0.4825,0.4825
1244,299,scene_1.2,scene_1.2_y04,8,59,1,117.778064516,5.4,10.0425,180.0,0.0,-20.0,False,False,0.4825,0.4825
1245,300,scene_1.2,scene_1.2_y04,8,59,0,117.778064516,5.4,9.56,90.0,270.0,-20.0,False,False,0.4825,1.290645161
1246,301,scene_1.2,scene_1.2_y04,8,60,0,119.068709677,5.4,9.56,0.0,180.0,-20.0,True,False,1.290645161,0.4825
1247,302,scene_1.2,scene_1.2_y04,8,60,1,119.068709677,5.4,10.0425,0.0,180.0,-20.0,True,False,0.4825,0.4825
1248,303,scene_1.2,scene_1.2_y04,8,60,2,119.068709677,5.4,10.525,0.0,180.0,-20.0,True,False,0.4825,0.4825
1249,304,scene_1.2,scene_1.2_y04,8,60,3,119.068709677,5.4,11.0075,0.0,180.0,-20.0,True,False,0.4825,0.4825
1250,305,scene_1.2,scene_1.2_y04,8,60,4,119.068709677,5.4,11.49,90.0,270.0,-20.0,True,False,0.4825,1.290645161
1251,306,scene_1.2,scene_1.2_y04,8,61,4,120.359354839,5.4,11.49,180.0,0.0,-20.0,False,False,1.290645161,0.4825
1252,307,scene_1.2,scene_1.2_y04,8,61,3,120.359354839,5.4,11.0075,180.0,0.0,-20.0,False,False,0.4825,0.4825
1253,308,scene_1.2,scene_1.2_y04,8,61,2,120.359354839,5.4,10.525,180.0,0.0,-20.0,False,False,0.4825,0.4825
1254,309,scene_1.2,scene_1.2_y04,8,61,1,120.359354839,5.4,10.0425,180.0,0.0,-20.0,False,False,0.4825,0.4825
1255,310,scene_1.2,scene_1.2_y04,8,61,0,120.359354839,5.4,9.56,90.0,270.0,-20.0,False,False,0.4825,1.290645161
1256,311,scene_1.2,scene_1.2_y04,8,62,0,121.65,5.4,9.56,0.0,180.0,-20.0,True,False,1.290645161,0.4825
1257,312,scene_1.2,scene_1.2_y04,8,62,1,121.65,5.4,10.0425,0.0,180.0,-20.0,True,False,0.4825,0.4825
1258,313,scene_1.2,scene_1.2_y04,8,62,2,121.65,5.4,10.525,0.0,180.0,-20.0,True,False,0.4825,0.4825
1259,314,scene_1.2,scene_1.2_y04,8,62,3,121.65,5.4,11.0075,0.0,180.0,-20.0,True,False,0.4825,0.4825
1260,315,scene_1.2,scene_1.2_y04,8,62,4,121.65,5.4,11.49,0.0,180.0,-20.0,True,False,0.4825,0.0
