trajectory_id,family_id,variant_index,start_score,end_score,terminal_gain,keyframe_count,real_control_point_count,interpolated_keyframe_count,duration_sec,path_xyz_length,net_xyz_distance,path_to_net_ratio,max_xyz_step,max_speed_mps,max_abs_tangential_acceleration_mps2,max_yaw_step_deg,max_pitch_step_deg,max_sampled_turn_deg,target_distance_total_increase,start_anchor_node_id,target_anchor_node_id,physical_curve_signature_1cm,pose_curve_signature_exact
scene_1_3_terminalgain_globalmax_interp_0001,family_01,1,6.587166,6.702875,0.115709,30,2,28,2.9,0.6529,0.6529,1.0,0.04218,0.421802,0.446444,1.453588,0.0,0.123155,0.0,scene_1_extra|scene_1.3_hig_refine_y03_12p73|666|8,scene_1_extra|scene_1.3_med_probe_y03_12p73|679|21,48144ce478e0b27386635fdae4cdf2c18be4a7ff,0b4bf0844747c60f0a7b9a6d6f17a071f1c40443
scene_1_3_terminalgain_globalmax_interp_0002,family_01,2,6.587166,6.702875,0.115709,30,2,28,2.9,0.65458,0.6529,1.002573,0.04218,0.421802,0.446615,1.510773,0.134137,0.752384,0.0,scene_1_extra|scene_1.3_hig_refine_y03_12p73|666|8,scene_1_extra|scene_1.3_med_probe_y03_12p73|679|21,2786f78a77a49c04c4f3240b8298bdcc3b49813f,1a1d936fb2d2de18da1e6342712a217cf9cec907
scene_1_3_terminalgain_globalmax_interp_0003,family_01,3,6.587166,6.702875,0.115709,30,2,28,2.9,0.662516,0.6529,1.014728,0.04218,0.421802,0.447414,1.536737,0.160356,1.809449,0.0,scene_1_extra|scene_1.3_hig_refine_y03_12p73|666|8,scene_1_extra|scene_1.3_med_probe_y03_12p73|679|21,59666e5075bc4fecba20e367aabdb1df70fb29fe,9fad20066b6323718cb15a796386d0650aaa7beb
scene_1_3_terminalgain_globalmax_interp_0004,family_01,4,6.587166,6.702875,0.115709,30,2,28,2.9,0.675086,0.6529,1.033982,0.042179,0.421794,0.449666,1.476937,0.110076,2.775826,0.0,scene_1_extra|scene_1.3_hig_refine_y03_12p73|666|8,scene_1_extra|scene_1.3_med_probe_y03_12p73|679|21,9015410a3fa4c255d60a03896e15d1f7fcd24927,1b5cc5c41dbde09c185c4f4583f7faccc4028c77
scene_1_3_terminalgain_globalmax_interp_0005,family_01,5,6.587166,6.702875,0.115709,30,2,28,2.9,0.661368,0.6529,1.01297,0.04218,0.421802,0.447314,1.453589,0.059797,1.695385,0.0,scene_1_extra|scene_1.3_hig_refine_y03_12p73|666|8,scene_1_extra|scene_1.3_med_probe_y03_12p73|679|21,a4a77457de7c843879b551ed73b238089fabc264,29095b6586bd2d946912f7f668d5a5e5b79347f0
scene_1_3_terminalgain_globalmax_interp_0006,family_01,6,6.587166,6.702875,0.115709,30,2,28,2.9,0.672477,0.6529,1.029986,0.04218,0.421802,0.448934,1.470342,0.009518,2.600863,0.0,scene_1_extra|scene_1.3_hig_refine_y03_12p73|666|8,scene_1_extra|scene_1.3_med_probe_y03_12p73|679|21,3020bc8f5a6d5192ac2494695c4d7571500011f5,dcffed22a7ebe084edc5bce1f65e24339ffb16a3
scene_1_3_terminalgain_globalmax_interp_0007,family_01,7,6.587166,6.702875,0.115709,30,2,28,2.9,0.656833,0.6529,1.006024,0.04218,0.421797,0.446819,1.523923,0.040761,1.151984,0.0,scene_1_extra|scene_1.3_hig_refine_y03_12p73|666|8,scene_1_extra|scene_1.3_med_probe_y03_12p73|679|21,f230e79ee780e0109c93b7b97c52d43da9bb66d3,26182ddb0b18a4350ddc625bd5cad8525824a353
scene_1_3_terminalgain_globalmax_interp_0008,family_01,8,6.587166,6.702875,0.115709,30,2,28,2.9,0.678547,0.6529,1.039283,0.042179,0.421794,0.452459,1.523586,0.09104,2.992654,0.0,scene_1_extra|scene_1.3_hig_refine_y03_12p73|666|8,scene_1_extra|scene_1.3_med_probe_y03_12p73|679|21,383218969d05462ddf4f3ebe97077f036dce09df,e48d57988ddd789481dffb8c10921f42889c90b6
scene_1_3_terminalgain_globalmax_interp_0009,family_01,9,6.587166,6.702875,0.115709,30,2,28,2.9,0.6997,0.6529,1.07168,0.04218,0.421802,0.469441,1.470169,0.14132,4.104534,0.0,scene_1_extra|scene_1.3_hig_refine_y03_12p73|666|8,scene_1_extra|scene_1.3_med_probe_y03_12p73|679|21,18682dc8622ad505f97c5dfcdf1e108c747f9e93,0e393a8881bf5d88bd7860930974886a4f7c1885
scene_1_3_terminalgain_globalmax_interp_0010,family_01,10,6.587166,6.702875,0.115709,30,2,28,2.9,0.676414,0.6529,1.036016,0.04218,0.421802,0.450683,1.453589,0.153173,2.859288,0.0,scene_1_extra|scene_1.3_hig_refine_y03_12p73|666|8,scene_1_extra|scene_1.3_med_probe_y03_12p73|679|21,d446e3127d9da0d2320499c382ce1bc627640025,b34e38e3525479dbbfb67dfda9508215406f9218
scene_1_3_terminalgain_globalmax_interp_0011,family_01,11,6.587166,6.702875,0.115709,30,2,28,2.9,0.660747,0.6529,1.01202,0.04218,0.421802,0.447213,1.47711,0.102894,1.631216,0.0,scene_1_extra|scene_1.3_hig_refine_y03_12p73|666|8,scene_1_extra|scene_1.3_med_probe_y03_12p73|679|21,a50a3a5e9f286d49944f4591607d2ff15883f055,a9509295c57c61388bed6f73690e3a2157d043e0
scene_1_3_terminalgain_globalmax_interp_0012,family_01,12,6.587166,6.702875,0.115709,30,2,28,2.9,0.66476,0.6529,1.018166,0.042179,0.421794,0.4477,1.537073,0.052615,2.012674,0.0,scene_1_extra|scene_1.3_hig_refine_y03_12p73|666|8,scene_1_extra|scene_1.3_med_probe_y03_12p73|679|21,228fbcd0915d09a9dee6a1b3708876e875a1893c,10e3e0bccbda3f5da0982d8b9267c0c32c000116
scene_1_3_terminalgain_globalmax_interp_0013,family_01,13,6.587166,6.702875,0.115709,30,2,28,2.9,0.679826,0.6529,1.041241,0.04218,0.421802,0.453311,1.510436,0.002335,3.068154,0.0,scene_1_extra|scene_1.3_hig_refine_y03_12p73|666|8,scene_1_extra|scene_1.3_med_probe_y03_12p73|679|21,90e15f9c47c7d5865f520a5c964b2824a318071b,6c89c9f8d0168404c587434f0467f8a4743078cd
scene_1_3_terminalgain_globalmax_interp_0014,family_01,14,6.587166,6.702875,0.115709,30,2,28,2.9,0.655251,0.6529,1.003601,0.042179,0.421794,0.44666,1.463401,0.047944,0.890894,0.0,scene_1_extra|scene_1.3_hig_refine_y03_12p73|666|8,scene_1_extra|scene_1.3_med_probe_y03_12p73|679|21,9fb107eb18dbaedf478d49b97455094c44a620c9,c5946ba4f6353e6c6077fd1b08f4b2e5319b621c
scene_1_3_terminalgain_globalmax_interp_0015,family_01,15,6.587166,6.702875,0.115709,30,2,28,2.9,0.664172,0.6529,1.017265,0.04218,0.421802,0.447538,1.453589,0.098223,1.959874,0.0,scene_1_extra|scene_1.3_hig_refine_y03_12p73|666|8,scene_1_extra|scene_1.3_med_probe_y03_12p73|679|21,0df0bf4b73f85feea978be5f0f854776dfc03ce1,07eca2776791d5db62345394e5db6f51aed53aab
scene_1_3_terminalgain_globalmax_interp_0016,family_01,16,6.587166,6.702875,0.115709,30,2,28,2.9,0.675866,0.6529,1.035175,0.04218,0.421797,0.450287,1.484473,0.148502,2.826614,0.0,scene_1_extra|scene_1.3_hig_refine_y03_12p73|666|8,scene_1_extra|scene_1.3_med_probe_y03_12p73|679|21,cff557131307969f07e0f6ee96426729d4158ef3,79dd528541c6fe2fd2eca57a8cadf41355aba6cc
scene_1_3_terminalgain_globalmax_interp_0017,family_01,17,6.587166,6.702875,0.115709,30,2,28,2.9,0.672224,0.6529,1.029597,0.04218,0.421797,0.449057,1.550223,0.14599,2.585853,0.0,scene_1_extra|scene_1.3_hig_refine_y03_12p73|666|8,scene_1_extra|scene_1.3_med_probe_y03_12p73|679|21,b7e69172361e03d8af9d04d435b02a70d171c01f,465c9577d037edcb847f320bd0a65306648db020
scene_1_3_terminalgain_globalmax_interp_0018,family_01,18,6.587166,6.702875,0.115709,30,2,28,2.9,0.672067,0.6529,1.029358,0.042179,0.421794,0.448899,1.562615,0.095711,2.573836,0.0,scene_1_extra|scene_1.3_hig_refine_y03_12p73|666|8,scene_1_extra|scene_1.3_med_probe_y03_12p73|679|21,319ff7ad318e0873cce8d078a571af1a7b90e85d,f92d699a7992e8d1eedca8578d5daaf9b1b83061
scene_1_3_terminalgain_globalmax_interp_0019,family_01,19,6.587166,6.702875,0.115709,30,2,28,2.9,0.675846,0.6529,1.035145,0.04218,0.421802,0.45019,1.494656,0.045432,2.823154,0.0,scene_1_extra|scene_1.3_hig_refine_y03_12p73|666|8,scene_1_extra|scene_1.3_med_probe_y03_12p73|679|21,7c617bce92229a749e2cd9368bf8f5caac23f3fe,b3132563a26b6fa2a13e478ad7087be9a477432b
scene_1_3_terminalgain_globalmax_interp_0020,family_01,20,6.587166,6.702875,0.115709,30,2,28,2.9,0.665804,0.6529,1.019764,0.04218,0.421802,0.447951,1.455279,0.004847,2.101096,0.0,scene_1_extra|scene_1.3_hig_refine_y03_12p73|666|8,scene_1_extra|scene_1.3_med_probe_y03_12p73|679|21,7938148be0ac26fdf4d771681418018d0e2b86f3,697b2253376b48b718a6e8aff4e9cec8e9156198
scene_1_3_terminalgain_globalmax_interp_0021,family_01,21,6.587166,6.702875,0.115709,30,2,28,2.9,0.667849,0.6529,1.022896,0.04218,0.421802,0.448269,1.45816,0.055127,2.265541,0.0,scene_1_extra|scene_1.3_hig_refine_y03_12p73|666|8,scene_1_extra|scene_1.3_med_probe_y03_12p73|679|21,c67ecb1f9c191b429e89b4751fedaaf695906bfb,b785fd2f3c855ad082bf248d6fd30858435be3f3
scene_1_3_terminalgain_globalmax_interp_0022,family_01,22,6.587166,6.702875,0.115709,30,2,28,2.9,0.66865,0.6529,1.024124,0.042179,0.421794,0.448485,1.500253,0.105406,2.326939,0.0,scene_1_extra|scene_1.3_hig_refine_y03_12p73|666|8,scene_1_extra|scene_1.3_med_probe_y03_12p73|679|21,b9220290708f0ce27a1cd7d84d12c4d2fb8f8661,a80fbcebe063394114e311a541f527b3c9f4b89c
scene_1_3_terminalgain_globalmax_interp_0023,family_01,23,6.587166,6.702875,0.115709,30,2,28,2.9,0.653116,0.6529,1.000332,0.04218,0.421802,0.44649,1.547257,0.155685,0.326714,0.0,scene_1_extra|scene_1.3_hig_refine_y03_12p73|666|8,scene_1_extra|scene_1.3_med_probe_y03_12p73|679|21,2e1871867cf9c1c24623a4dd1a535e275bb9f1d3,d4a58c47a51a2cf9e14757a59f191ccb31a155c0
scene_1_3_terminalgain_globalmax_interp_0024,family_01,24,6.587166,6.702875,0.115709,30,2,28,2.9,0.686713,0.6529,1.051789,0.04218,0.421802,0.458842,1.48235,0.138807,3.456134,0.0,scene_1_extra|scene_1.3_hig_refine_y03_12p73|666|8,scene_1_extra|scene_1.3_med_probe_y03_12p73|679|21,a463e425ab4858494905d4661f1548d265f928d7,a4558f4320233d981c039f9cb58622a262c085a9
scene_1_3_terminalgain_globalmax_interp_0025,family_01,25,6.587166,6.702875,0.115709,30,2,28,2.9,0.678876,0.6529,1.039787,0.04218,0.421802,0.452615,1.453589,0.088528,3.011355,0.0,scene_1_extra|scene_1.3_hig_refine_y03_12p73|666|8,scene_1_extra|scene_1.3_med_probe_y03_12p73|679|21,47d005c786ac2b4c809c12bbebd1f94aae8411e0,a4fb8d6cc925684de41e65574cca1a318651b6fa
scene_1_3_terminalgain_globalmax_interp_0026,family_01,26,6.587166,6.702875,0.115709,30,2,28,2.9,0.65477,0.6529,1.002864,0.04218,0.421802,0.446609,1.464928,0.038249,0.793543,0.0,scene_1_extra|scene_1.3_hig_refine_y03_12p73|666|8,scene_1_extra|scene_1.3_med_probe_y03_12p73|679|21,1a20200ef0cba3169c126ea42a1f08710964270d,8e11ee9a45fe5c3955418c15b748b2c7525a01e0
scene_1_3_terminalgain_globalmax_interp_0027,family_01,27,6.587166,6.702875,0.115709,30,2,28,2.9,0.678735,0.6529,1.03957,0.042179,0.421789,0.452574,1.513404,0.01203,3.002318,0.0,scene_1_extra|scene_1.3_hig_refine_y03_12p73|666|8,scene_1_extra|scene_1.3_med_probe_y03_12p73|679|21,88b127b9fc8d7501230dcb349fe9ec5e14838ade,a4e05ade4b02b026309db9aace66d315a9da7a6f
scene_1_3_terminalgain_globalmax_interp_0028,family_01,28,6.587166,6.702875,0.115709,30,2,28,2.9,0.678985,0.6529,1.039954,0.04218,0.421802,0.452644,1.534107,0.062309,3.018438,0.0,scene_1_extra|scene_1.3_hig_refine_y03_12p73|666|8,scene_1_extra|scene_1.3_med_probe_y03_12p73|679|21,9be899398b7362afa2bc76c6cab9f693b6af0a50,00110ed0c00a74a17de5386a8b40730d88271b10
scene_1_3_terminalgain_globalmax_interp_0029,family_01,29,6.587166,6.702875,0.115709,30,2,28,2.9,0.664676,0.6529,1.018038,0.04218,0.421802,0.447743,1.475583,0.112589,2.005969,0.0,scene_1_extra|scene_1.3_hig_refine_y03_12p73|666|8,scene_1_extra|scene_1.3_med_probe_y03_12p73|679|21,1e497d958f10a641f8422526b75d583f4e74f9ea,3d2ca01bd1c826e71c891894e8089a8358dd0d62
scene_1_3_terminalgain_globalmax_interp_0030,family_01,30,6.587166,6.702875,0.115709,30,2,28,2.9,0.663987,0.6529,1.016982,0.04218,0.421797,0.447643,1.453589,0.162868,1.944041,0.0,scene_1_extra|scene_1.3_hig_refine_y03_12p73|666|8,scene_1_extra|scene_1.3_med_probe_y03_12p73|679|21,ba9511f5332326b12563107d1b2bba9d2dd20829,336180b415e4ec6b95a7215aaf315938bc2725c2
scene_1_3_terminalgain_globalmax_interp_0031,family_01,31,6.587166,6.702875,0.115709,30,2,28,2.9,0.662373,0.6529,1.014509,0.04218,0.421802,0.447412,1.471696,0.131625,1.794781,0.0,scene_1_extra|scene_1.3_hig_refine_y03_12p73|666|8,scene_1_extra|scene_1.3_med_probe_y03_12p73|679|21,d65a92e228e9147c1a0ead71bb4940feda1d668b,9f03db841784e58a79786a6f0665dec1c2f5131c
scene_1_3_terminalgain_globalmax_interp_0032,family_01,32,6.587166,6.702875,0.115709,30,2,28,2.9,0.672331,0.6529,1.029762,0.04218,0.421802,0.449067,1.526554,0.081346,2.590599,0.0,scene_1_extra|scene_1.3_hig_refine_y03_12p73|666|8,scene_1_extra|scene_1.3_med_probe_y03_12p73|679|21,e2bc6dc9a0d71810f24bdedbeab6e67199ede24c,f5ae90eda70a9c7969fd3b9bc6840d053cc728d7
scene_1_3_terminalgain_globalmax_interp_0033,family_01,33,6.587166,6.702875,0.115709,30,2,28,2.9,0.683564,0.6529,1.046966,0.04218,0.421797,0.456377,1.520957,0.031066,3.28492,0.0,scene_1_extra|scene_1.3_hig_refine_y03_12p73|666|8,scene_1_extra|scene_1.3_med_probe_y03_12p73|679|21,41fa486467841e08ff86a7e26953a811acf8ad48,2fea591473c4fdc0deefa2ffe93694ce8dce7e15
scene_1_3_terminalgain_globalmax_interp_0034,family_01,34,6.587166,6.702875,0.115709,30,2,28,2.9,0.657641,0.6529,1.007262,0.04218,0.421802,0.446875,1.468815,0.019213,1.264902,0.0,scene_1_extra|scene_1.3_hig_refine_y03_12p73|666|8,scene_1_extra|scene_1.3_med_probe_y03_12p73|679|21,2e83ea2c8fa747e1c850a5bff1f6b363bea6607a,b8211d5825b987ceb3c06fc731bf8ab10e432350
scene_1_3_terminalgain_globalmax_interp_0035,family_01,35,6.587166,6.702875,0.115709,30,2,28,2.9,0.657653,0.6529,1.00728,0.042179,0.421794,0.446903,1.453589,0.069492,1.267835,0.0,scene_1_extra|scene_1.3_hig_refine_y03_12p73|666|8,scene_1_extra|scene_1.3_med_probe_y03_12p73|679|21,f4a2d66614790ebe79930ec05fa3dc22fef846bd,84e51e6b8eef02578d24119ccd83535612c1e878
scene_1_3_terminalgain_globalmax_interp_0036,family_01,36,6.587166,6.702875,0.115709,30,2,28,2.9,0.691284,0.6529,1.05879,0.04218,0.421797,0.462545,1.478463,0.119771,3.695665,0.0,scene_1_extra|scene_1.3_hig_refine_y03_12p73|666|8,scene_1_extra|scene_1.3_med_probe_y03_12p73|679|21,c7b555c3f8ad7dd6baaae73ba7a41b4f654cf3df,d695965446edd7c590fd3565b0a34114af6362a8
scene_1_3_terminalgain_globalmax_interp_0037,family_01,37,6.587166,6.702875,0.115709,30,2,28,2.9,0.685251,0.6529,1.04955,0.042179,0.421794,0.457513,1.539704,0.170051,3.376888,0.0,scene_1_extra|scene_1.3_hig_refine_y03_12p73|666|8,scene_1_extra|scene_1.3_med_probe_y03_12p73|679|21,ca09c93f0767259e57b808bc062c15edb7cd14c2,34e0cc1858fa33c45dfd67252f5de781aef267a0
scene_1_3_terminalgain_globalmax_interp_0038,family_01,38,6.587166,6.702875,0.115709,30,2,28,2.9,0.661748,0.6529,1.013553,0.04218,0.421802,0.447319,1.507807,0.173694,1.733297,0.0,scene_1_extra|scene_1.3_hig_refine_y03_12p73|666|8,scene_1_extra|scene_1.3_med_probe_y03_12p73|679|21,efbb5d2f03ca0843553899d0d2c2245a7089aa55,45193b37cca0fe310b3b66fd7d696ba417058bac
scene_1_3_terminalgain_globalmax_interp_0039,family_01,39,6.587166,6.702875,0.115709,30,2,28,2.9,0.656225,0.6529,1.005094,0.04218,0.421797,0.446758,1.462047,0.123415,1.05844,0.0,scene_1_extra|scene_1.3_hig_refine_y03_12p73|666|8,scene_1_extra|scene_1.3_med_probe_y03_12p73|679|21,4f08d1392b13e71218f731dd09595cff8cd433cc,4237ec38ffb6e2c95bcecd7e4db2f80eb67621b7
scene_1_3_terminalgain_globalmax_interp_0040,family_01,40,6.587166,6.702875,0.115709,30,2,28,2.9,0.692316,0.6529,1.060372,0.042179,0.421794,0.463314,1.453589,0.073136,3.748316,0.0,scene_1_extra|scene_1.3_hig_refine_y03_12p73|666|8,scene_1_extra|scene_1.3_med_probe_y03_12p73|679|21,1119ba4379b8a27d776f6b33b06e6b08aa907b1e,53f05d70c424b78ce4cb189c52ce2b3d400cef13
scene_1_3_terminalgain_globalmax_interp_0041,family_01,41,6.587166,6.702875,0.115709,30,2,28,2.9,0.678245,0.6529,1.03882,0.04218,0.421802,0.452109,1.487103,0.022857,2.973201,0.0,scene_1_extra|scene_1.3_hig_refine_y03_12p73|666|8,scene_1_extra|scene_1.3_med_probe_y03_12p73|679|21,07f3a447c9b550be7db87f13dd272b9a26756cd9,a32ca2c82a7d6d7ce6e078fb64e25bdd795f8052
scene_1_3_terminalgain_globalmax_interp_0042,family_01,42,6.587166,6.702875,0.115709,30,2,28,2.9,0.661708,0.6529,1.01349,0.04218,0.421802,0.447296,1.552854,0.027423,1.730143,0.0,scene_1_extra|scene_1.3_hig_refine_y03_12p73|666|8,scene_1_extra|scene_1.3_med_probe_y03_12p73|679|21,a0d1a853f34d38507748b8c3c990e951053d7408,0b588a1b433a80b527fadeda28a7a9976c732ea2
scene_1_3_terminalgain_globalmax_interp_0043,family_01,43,6.587166,6.702875,0.115709,30,2,28,2.9,0.666826,0.6529,1.02133,0.042179,0.421794,0.448051,1.558858,0.077702,2.185234,0.0,scene_1_extra|scene_1.3_hig_refine_y03_12p73|666|8,scene_1_extra|scene_1.3_med_probe_y03_12p73|679|21,76a3601b0ab18c5140db6fd0a805bb521658dc44,b4cdffc0ca2fedb5bb2401a696e7f5a6dbb5888e
scene_1_3_terminalgain_globalmax_interp_0044,family_01,44,6.587166,6.702875,0.115709,30,2,28,2.9,0.660719,0.6529,1.011977,0.04218,0.421802,0.44716,1.492027,0.127981,1.627791,0.0,scene_1_extra|scene_1.3_hig_refine_y03_12p73|666|8,scene_1_extra|scene_1.3_med_probe_y03_12p73|679|21,40aa3e78eb5502b54e5764e8488b9d0f59d22b9b,bf1fb58583aa8962f3fc81cb55fa9964d6ad4467
scene_1_3_terminalgain_globalmax_interp_0045,family_01,45,6.587166,6.702875,0.115709,30,2,28,2.9,0.683085,0.6529,1.046232,0.042179,0.421794,0.455939,1.453926,0.166512,3.256824,0.0,scene_1_extra|scene_1.3_hig_refine_y03_12p73|666|8,scene_1_extra|scene_1.3_med_probe_y03_12p73|679|21,58eeeb59fd2ee6f4ac3191bb9dac2dcac92de0c6,70e189ad1774a8f5846686ba3f50613cd9a0ede4
scene_1_3_terminalgain_globalmax_interp_0046,family_01,46,6.587166,6.702875,0.115709,30,2,28,2.9,0.676713,0.6529,1.036474,0.04218,0.421802,0.450898,1.459513,0.116232,2.879352,0.0,scene_1_extra|scene_1.3_hig_refine_y03_12p73|666|8,scene_1_extra|scene_1.3_med_probe_y03_12p73|679|21,bf9375ccfce466e7e6ecfe89330636871bdcb636,158d783eb66fa9f60bec83de9f3ecbd906685205
scene_1_3_terminalgain_globalmax_interp_0047,family_01,47,6.587166,6.702875,0.115709,30,2,28,2.9,0.655938,0.6529,1.004654,0.04218,0.421802,0.446663,1.502883,0.065953,1.011426,0.0,scene_1_extra|scene_1.3_hig_refine_y03_12p73|666|8,scene_1_extra|scene_1.3_med_probe_y03_12p73|679|21,60f5b62d12455d933a028d46caf1037d8512b0d5,5d300eca1bf83027d6aeddbd57af2e10e569a558
scene_1_3_terminalgain_globalmax_interp_0048,family_01,48,6.587166,6.702875,0.115709,30,2,28,2.9,0.673434,0.6529,1.03145,0.042179,0.421789,0.449225,1.544627,0.015674,2.667005,0.0,scene_1_extra|scene_1.3_hig_refine_y03_12p73|666|8,scene_1_extra|scene_1.3_med_probe_y03_12p73|679|21,c8c6f4c293d4f8502186c228cfbf1c6796e4d9af,fa6181ca7b079d1565ab969074ae00c1aca224c8
scene_1_3_terminalgain_globalmax_interp_0049,family_01,49,6.587166,6.702875,0.115709,30,2,28,2.9,0.684157,0.6529,1.047875,0.04218,0.421802,0.456774,1.480996,0.034605,3.316099,0.0,scene_1_extra|scene_1.3_hig_refine_y03_12p73|666|8,scene_1_extra|scene_1.3_med_probe_y03_12p73|679|21,4da24c9d3d272ddbf27dfed560332be89c3536a8,d408b64dca90653cd441883bb140df31f2ffbe97
scene_1_3_terminalgain_globalmax_interp_0050,family_01,50,6.587166,6.702875,0.115709,30,2,28,2.9,0.65351,0.6529,1.000934,0.04218,0.421802,0.446488,1.453589,0.084885,0.452476,0.0,scene_1_extra|scene_1.3_hig_refine_y03_12p73|666|8,scene_1_extra|scene_1.3_med_probe_y03_12p73|679|21,91d012964560b45128200c051aec0877b5d24a78,7677a863e47b1384ea07e5647754dc23c0ab55c1
scene_1_3_terminalgain_globalmax_interp_0051,family_01,51,6.587166,6.702875,0.115709,30,2,28,2.9,0.667341,0.6529,1.022119,0.04218,0.421802,0.44815,1.466281,0.135164,2.224738,0.0,scene_1_extra|scene_1.3_hig_refine_y03_12p73|666|8,scene_1_extra|scene_1.3_med_probe_y03_12p73|679|21,c081a7892509a08202c5ebd20f78921dbab4e99b,90744b9f44699550e4d935c58213ecf4015f11b1
scene_1_3_terminalgain_globalmax_interp_0052,family_01,52,6.587166,6.702875,0.115709,30,2,28,2.9,0.669868,0.6529,1.025989,0.04218,0.421802,0.448539,1.516033,0.159329,2.417529,0.0,scene_1_extra|scene_1.3_hig_refine_y03_12p73|666|8,scene_1_extra|scene_1.3_med_probe_y03_12p73|679|21,0e3bbf80c748e3764d3d9bf2671c9114b7961fd6,a0233d9c7c7183782d739a4e6f73f0651df69746
scene_1_3_terminalgain_globalmax_interp_0053,family_01,53,6.587166,6.702875,0.115709,30,2,28,2.9,0.663747,0.6529,1.016614,0.042179,0.421794,0.447625,1.531477,0.10905,1.924396,0.0,scene_1_extra|scene_1.3_hig_refine_y03_12p73|666|8,scene_1_extra|scene_1.3_med_probe_y03_12p73|679|21,ef5a1f7b528194bf4b72082488b9ce9140d7384f,e79ede90b3902ca7cdd25b978e28911d9f45009d
scene_1_3_terminalgain_globalmax_interp_0054,family_01,54,6.587166,6.702875,0.115709,30,2,28,2.9,0.676854,0.6529,1.036689,0.04218,0.421797,0.451033,1.47423,0.05877,2.887426,0.0,scene_1_extra|scene_1.3_hig_refine_y03_12p73|666|8,scene_1_extra|scene_1.3_med_probe_y03_12p73|679|21,4b6f53c6f72b327f0ec23bbfbf0c4cfaf96a7ea2,bd312e85214befc0f73583bb98bb5f9cda645b8f
scene_1_3_terminalgain_globalmax_interp_0055,family_01,55,6.587166,6.702875,0.115709,30,2,28,2.9,0.671774,0.6529,1.028909,0.04218,0.421802,0.448809,1.453589,0.008491,2.552876,0.0,scene_1_extra|scene_1.3_hig_refine_y03_12p73|666|8,scene_1_extra|scene_1.3_med_probe_y03_12p73|679|21,20199f61c39cf407c63c550f27ddbad59fbcf2b6,72ba483ec8fb08e0506e04efe5c4b22e1fcc2d05
scene_1_3_terminalgain_globalmax_interp_0056,family_01,56,6.587166,6.702875,0.115709,30,2,28,2.9,0.674948,0.6529,1.03377,0.042179,0.421794,0.449556,1.473049,0.041788,2.766271,0.0,scene_1_extra|scene_1.3_hig_refine_y03_12p73|666|8,scene_1_extra|scene_1.3_med_probe_y03_12p73|679|21,bc7cca52f1d11972bc639ef3e5fbaa3d7d09036c,73a8687d27d2fd92737e522518f724a0ffebdd7a
scene_1_3_terminalgain_globalmax_interp_0057,family_01,57,6.587166,6.702875,0.115709,30,2,28,2.9,0.681236,0.6529,1.043402,0.04218,0.421802,0.454478,1.529183,0.092067,3.150933,0.0,scene_1_extra|scene_1.3_hig_refine_y03_12p73|666|8,scene_1_extra|scene_1.3_med_probe_y03_12p73|679|21,384c755663323515d0d7d11804bd05542697c7f7,a8a2490bdada84f3b5f050a1fb2dc785ae7edbca
scene_1_3_terminalgain_globalmax_interp_0058,family_01,58,6.587166,6.702875,0.115709,30,2,28,2.9,0.66327,0.6529,1.015884,0.042179,0.421794,0.447519,1.518327,0.142347,1.878178,0.0,scene_1_extra|scene_1.3_hig_refine_y03_12p73|666|8,scene_1_extra|scene_1.3_med_probe_y03_12p73|679|21,42be336835394d419dcdfeee08e996fd7c6847c8,70ab4f1523f7b85d4f681f51d611c9f83755f9df
scene_1_3_terminalgain_globalmax_interp_0059,family_01,59,6.587166,6.702875,0.115709,30,2,28,2.9,0.657656,0.6529,1.007285,0.04218,0.421797,0.446857,1.467462,0.152146,1.269267,0.0,scene_1_extra|scene_1.3_hig_refine_y03_12p73|666|8,scene_1_extra|scene_1.3_med_probe_y03_12p73|679|21,0eb2abed527d4d351845fcaeb3384f7c4a111a97,4a8017d29642bef12db6a52d99b89965a06cf9e9
scene_1_3_terminalgain_globalmax_interp_0060,family_01,60,6.587166,6.702875,0.115709,30,2,28,2.9,0.675567,0.6529,1.034718,0.04218,0.421802,0.450054,1.453589,0.101867,2.806113,0.0,scene_1_extra|scene_1.3_hig_refine_y03_12p73|666|8,scene_1_extra|scene_1.3_med_probe_y03_12p73|679|21,f15e769056e8f16b4d7dfcc6d561e3bf90c4f4d1,82a7f734e2de6333883f5419bc50635a3cdf3cf0
scene_1_3_terminalgain_globalmax_interp_0061,family_01,61,6.587166,6.702875,0.115709,30,2,28,2.9,0.668807,0.6529,1.024365,0.04218,0.421802,0.448273,1.479817,0.051588,2.338507,0.0,scene_1_extra|scene_1.3_hig_refine_y03_12p73|666|8,scene_1_extra|scene_1.3_med_probe_y03_12p73|679|21,f653e60076c7562c9eb15e59b3414d80d5400bfe,080a215d954b66f7d5aa0c5ab41baa495012617e
scene_1_3_terminalgain_globalmax_interp_0062,family_01,62,6.587166,6.702875,0.115709,30,2,28,2.9,0.657997,0.6529,1.007808,0.042179,0.421789,0.446812,1.542334,0.001308,1.311635,0.0,scene_1_extra|scene_1.3_hig_refine_y03_12p73|666|8,scene_1_extra|scene_1.3_med_probe_y03_12p73|679|21,ebe13e5d35699d043eceec084d53d23e0c0db0a0,61373c5030aeec22ab69736c46fe1feb51380f43
scene_1_3_terminalgain_globalmax_interp_0063,family_01,63,6.587166,6.702875,0.115709,30,2,28,2.9,0.676931,0.6529,1.036807,0.04218,0.421802,0.451122,1.505177,0.048971,2.892075,0.0,scene_1_extra|scene_1.3_hig_refine_y03_12p73|666|8,scene_1_extra|scene_1.3_med_probe_y03_12p73|679|21,b8835040c8c49f468e817ae9e496df20c8935f2d,a0bf6e216f97ed502799c43b7fae9a06f0addb92
scene_1_3_terminalgain_globalmax_interp_0064,family_01,64,6.587166,6.702875,0.115709,30,2,28,2.9,0.694387,0.6529,1.063543,0.04218,0.421802,0.465051,1.460694,0.09925,3.849361,0.0,scene_1_extra|scene_1.3_hig_refine_y03_12p73|666|8,scene_1_extra|scene_1.3_med_probe_y03_12p73|679|21,c5a4246750e519ada7b92325ac0f422c124d91b0,58afde49c57cbc9d65e5dd93e7f5d31d87bdd7ac
scene_1_3_terminalgain_globalmax_interp_0065,family_01,65,6.587166,6.702875,0.115709,30,2,28,2.9,0.67176,0.6529,1.028886,0.04218,0.421797,0.448866,1.453589,0.149528,2.553319,0.0,scene_1_extra|scene_1.3_hig_refine_y03_12p73|666|8,scene_1_extra|scene_1.3_med_probe_y03_12p73|679|21,4b578fb6ac1ec52efaf12fd60602458ae70d0aa3,179d2680173e997dd81523b38106b80687038ad8
scene_1_3_terminalgain_globalmax_interp_0066,family_01,66,6.587166,6.702875,0.115709,30,2,28,2.9,0.657884,0.6529,1.007634,0.042179,0.421794,0.446947,1.489733,0.144963,1.298494,0.0,scene_1_extra|scene_1.3_hig_refine_y03_12p73|666|8,scene_1_extra|scene_1.3_med_probe_y03_12p73|679|21,d284badcc24b56149d363778a5f981d4d34385c7,5a5b2c2aebc3771be3a9382a567567d84b254e5b
scene_1_3_terminalgain_globalmax_interp_0067,family_01,67,6.587166,6.702875,0.115709,30,2,28,2.9,0.669656,0.6529,1.025665,0.04218,0.421802,0.448519,1.555583,0.094684,2.401953,0.0,scene_1_extra|scene_1.3_hig_refine_y03_12p73|666|8,scene_1_extra|scene_1.3_med_probe_y03_12p73|679|21,31e225b5afdf87d3314adcc2d8b7c90cb4c776eb,6970645a0a67f89e86dca504ac33b53209995e57
scene_1_3_terminalgain_globalmax_interp_0068,family_01,68,6.587166,6.702875,0.115709,30,2,28,2.9,0.666544,0.6529,1.020898,0.04218,0.421802,0.448129,1.555147,0.044405,2.161999,0.0,scene_1_extra|scene_1.3_hig_refine_y03_12p73|666|8,scene_1_extra|scene_1.3_med_probe_y03_12p73|679|21,51e5f8f26ef03ffb79abdb48faae0324d529c0f7,6cbbccc9fd64c8d4f1037167bbb1b8f41b363264
scene_1_3_terminalgain_globalmax_interp_0069,family_01,69,6.587166,6.702875,0.115709,30,2,28,2.9,0.670099,0.6529,1.026344,0.04218,0.421802,0.448616,1.489396,0.005874,2.433046,0.0,scene_1_extra|scene_1.3_hig_refine_y03_12p73|666|8,scene_1_extra|scene_1.3_med_probe_y03_12p73|679|21,b33dd31651642cecb24a10489900475a7ca33aeb,1fea170d4b9362b0229e9075a45d85d48c8b39e9
scene_1_3_terminalgain_globalmax_interp_0070,family_01,70,6.587166,6.702875,0.115709,30,2,28,2.9,0.665716,0.6529,1.01963,0.04218,0.421802,0.447894,1.453589,0.056154,2.09388,0.0,scene_1_extra|scene_1.3_hig_refine_y03_12p73|666|8,scene_1_extra|scene_1.3_med_probe_y03_12p73|679|21,8101750a7f9992061b8127436184cbd05b347ebc,f326f45fc7e900cb56ac0946232dfd570ec6dabc
scene_1_3_terminalgain_globalmax_interp_0071,family_01,71,6.587166,6.702875,0.115709,30,2,28,2.9,0.653567,0.6529,1.001022,0.042179,0.421789,0.44654,1.460867,0.106433,0.475255,0.0,scene_1_extra|scene_1.3_hig_refine_y03_12p73|666|8,scene_1_extra|scene_1.3_med_probe_y03_12p73|679|21,a5cb1374086e6e81f84c367944b743a6c2f961b0,293127e7077933fb8dcf40907f873382740c662d
scene_1_3_terminalgain_globalmax_interp_0072,family_01,72,6.587166,6.702875,0.115709,30,2,28,2.9,0.693678,0.6529,1.062457,0.04218,0.421802,0.464403,1.505513,0.156711,3.815028,0.0,scene_1_extra|scene_1.3_hig_refine_y03_12p73|666|8,scene_1_extra|scene_1.3_med_probe_y03_12p73|679|21,2ea3484251e9355760388d190e1b602b1b5b91ba,6d92a5e8b68a443cfb3eefe23d34bd4c7f2ffacb
scene_1_3_terminalgain_globalmax_interp_0073,family_01,73,6.587166,6.702875,0.115709,30,2,28,2.9,0.695855,0.6529,1.065792,0.04218,0.421802,0.466109,1.541997,0.137781,3.922134,0.0,scene_1_extra|scene_1.3_hig_refine_y03_12p73|666|8,scene_1_extra|scene_1.3_med_probe_y03_12p73|679|21,ca10d317f4780a2711c3f9e7e7708ba70963b2dc,8f94570767bb8c3f1efbf65a6ee594cbcb481ceb
scene_1_3_terminalgain_globalmax_interp_0074,family_01,74,6.587166,6.702875,0.115709,30,2,28,2.9,0.654298,0.6529,1.002141,0.04218,0.421802,0.446634,1.479644,0.087501,0.703768,0.0,scene_1_extra|scene_1.3_hig_refine_y03_12p73|666|8,scene_1_extra|scene_1.3_med_probe_y03_12p73|679|21,a8b5d46a4cb3433b653fcdcfcb5903fdfd1e807b,6503a263a99e69422df5c8186b397d46e762fc07
scene_1_3_terminalgain_globalmax_interp_0075,family_01,75,6.587166,6.702875,0.115709,30,2,28,2.9,0.663641,0.6529,1.016452,0.04218,0.421797,0.447619,1.453589,0.037222,1.913785,0.0,scene_1_extra|scene_1.3_hig_refine_y03_12p73|666|8,scene_1_extra|scene_1.3_med_probe_y03_12p73|679|21,9c7dcb2698d54c1916db577b8bd9cf2e9b46b008,6cec470e5d421aea82583c9e4bc2c7cd4abf990f
scene_1_3_terminalgain_globalmax_interp_0076,family_01,76,6.587166,6.702875,0.115709,30,2,28,2.9,0.672722,0.6529,1.03036,0.04218,0.421802,0.449092,1.467635,0.013057,2.617971,0.0,scene_1_extra|scene_1.3_hig_refine_y03_12p73|666|8,scene_1_extra|scene_1.3_med_probe_y03_12p73|679|21,d7b9c7d8449f5d7b4cbcc13f41918dce262c97e4,823fc8165c7181bf14fcc07cd3f66bb228a239d4
scene_1_3_terminalgain_globalmax_interp_0077,family_01,77,6.587166,6.702875,0.115709,30,2,28,2.9,0.665897,0.6529,1.019908,0.04218,0.421802,0.448119,1.518664,0.063336,2.109318,0.0,scene_1_extra|scene_1.3_hig_refine_y03_12p73|666|8,scene_1_extra|scene_1.3_med_probe_y03_12p73|679|21,f398b0eb2609ee869bf49fa1ffb79059b2461904,f2e86688a16d8eeecaabdee85092e3e2c3af9b9b
scene_1_3_terminalgain_globalmax_interp_0078,family_01,78,6.587166,6.702875,0.115709,30,2,28,2.9,0.667356,0.6529,1.022141,0.04218,0.421802,0.448256,1.528847,0.113616,2.226836,0.0,scene_1_extra|scene_1.3_hig_refine_y03_12p73|666|8,scene_1_extra|scene_1.3_med_probe_y03_12p73|679|21,7d7ccd5d90f0c2d6a91c31497d3a2f1c7a29500d,cedead3a3837bb563df3722933a581f7fd6914d3
scene_1_3_terminalgain_globalmax_interp_0079,family_01,79,6.587166,6.702875,0.115709,30,2,28,2.9,0.659237,0.6529,1.009707,0.042179,0.421794,0.447117,1.472876,0.163894,1.464467,0.0,scene_1_extra|scene_1.3_hig_refine_y03_12p73|666|8,scene_1_extra|scene_1.3_med_probe_y03_12p73|679|21,da61b8ae7e01304c1489f2f542dd3055754b1649,e96eeca545123ddd577064067e48b1a7b6adc865
scene_1_3_terminalgain_globalmax_interp_0080,family_01,80,6.587166,6.702875,0.115709,30,2,28,2.9,0.671413,0.6529,1.028356,0.04218,0.421802,0.448833,1.453589,0.130598,2.526994,0.0,scene_1_extra|scene_1.3_hig_refine_y03_12p73|666|8,scene_1_extra|scene_1.3_med_probe_y03_12p73|679|21,a5749989d3a567786baf80ac9a462753aaf8ebfd,73b6afbf5d252cf5600d9969da6374ee28e5d070
scene_1_3_terminalgain_globalmax_interp_0081,family_01,81,6.587166,6.702875,0.115709,30,2,28,2.9,0.690749,0.6529,1.057972,0.04218,0.421797,0.462021,1.474403,0.080319,3.6689,0.0,scene_1_extra|scene_1.3_hig_refine_y03_12p73|666|8,scene_1_extra|scene_1.3_med_probe_y03_12p73|679|21,b55777c0963d719d0f8119653e93f386ba2d57c7,c8db47104c5b9872049234877912dd1b40dbd7e0
scene_1_3_terminalgain_globalmax_interp_0082,family_01,82,6.587166,6.702875,0.115709,30,2,28,2.9,0.671279,0.6529,1.02815,0.04218,0.421802,0.448854,1.531814,0.030039,2.517678,0.0,scene_1_extra|scene_1.3_hig_refine_y03_12p73|666|8,scene_1_extra|scene_1.3_med_probe_y03_12p73|679|21,2ce3d1b091b687004756af0984eebca5d3548daa,eebbb9ee1e804508890c1a4a3adca7e21a0d166b
scene_1_3_terminalgain_globalmax_interp_0083,family_01,83,6.587166,6.702875,0.115709,30,2,28,2.9,0.656289,0.6529,1.005191,0.042179,0.421794,0.446743,1.515696,0.02024,1.070336,0.0,scene_1_extra|scene_1.3_hig_refine_y03_12p73|666|8,scene_1_extra|scene_1.3_med_probe_y03_12p73|679|21,74b468608e2765be4e0343d0b009c05cbc96e6de,c3b29d1eeadea6f111266f8bc861aea935d9d25d
scene_1_3_terminalgain_globalmax_interp_0084,family_01,84,6.587166,6.702875,0.115709,30,2,28,2.9,0.672333,0.6529,1.029765,0.04218,0.421802,0.448899,1.466108,0.070519,2.591146,0.0,scene_1_extra|scene_1.3_hig_refine_y03_12p73|666|8,scene_1_extra|scene_1.3_med_probe_y03_12p73|679|21,eae7901f7c6f96097759065ca4e683f7fb74d5bb,e3bfada7a93f84572ca2169e9b63c10bce6a84d0
scene_1_3_terminalgain_globalmax_interp_0085,family_01,85,6.587166,6.702875,0.115709,30,2,28,2.9,0.670832,0.6529,1.027466,0.04218,0.421802,0.448613,1.453589,0.120798,2.486985,0.0,scene_1_extra|scene_1.3_hig_refine_y03_12p73|666|8,scene_1_extra|scene_1.3_med_probe_y03_12p73|679|21,f597e03e625491779d99383e1621f0bb875b62f9,949dfcb40c2fd4b0610e85cd428170bdb9582f30
scene_1_3_terminalgain_globalmax_interp_0086,family_01,86,6.587166,6.702875,0.115709,30,2,28,2.9,0.658059,0.6529,1.007902,0.04218,0.421802,0.446879,1.481171,0.171077,1.320594,0.0,scene_1_extra|scene_1.3_hig_refine_y03_12p73|666|8,scene_1_extra|scene_1.3_med_probe_y03_12p73|679|21,702e73f6db21d7764db79428f3988b01768ebc3f,41abcedc16a25c2acc9cf1a45b13a17c3e81141f
scene_1_3_terminalgain_globalmax_interp_0087,family_01,87,6.587166,6.702875,0.115709,30,2,28,2.9,0.66781,0.6529,1.022837,0.042179,0.421794,0.448199,1.544964,0.172669,2.262331,0.0,scene_1_extra|scene_1.3_hig_refine_y03_12p73|666|8,scene_1_extra|scene_1.3_med_probe_y03_12p73|679|21,658621cc264cf1755a679d950c01bedc197ebb55,d9235f6a9a85b8fdf5229e2fdb600f39510567c9
scene_1_3_terminalgain_globalmax_interp_0088,family_01,88,6.587166,6.702875,0.115709,30,2,28,2.9,0.679086,0.6529,1.040108,0.04218,0.421802,0.452844,1.502546,0.122389,3.023442,0.0,scene_1_extra|scene_1.3_hig_refine_y03_12p73|666|8,scene_1_extra|scene_1.3_med_probe_y03_12p73|679|21,595482ae42df7da94cd42c209697d3156d1d0374,14422bc75891387a7acd8113a8548c4613dea3d5
scene_1_3_terminalgain_globalmax_interp_0089,family_01,89,6.587166,6.702875,0.115709,30,2,28,2.9,0.675856,0.6529,1.035161,0.042179,0.421794,0.45025,1.45934,0.07211,2.825036,0.0,scene_1_extra|scene_1.3_hig_refine_y03_12p73|666|8,scene_1_extra|scene_1.3_med_probe_y03_12p73|679|21,250c129393ae218b3bc1d67d04c90d9d24cab468,95dcfa8d0cd2afa51732dee166013affd6542690
scene_1_3_terminalgain_globalmax_interp_0090,family_01,90,6.587166,6.702875,0.115709,30,2,28,2.9,0.677777,0.6529,1.038103,0.04218,0.421802,0.451721,1.454099,0.021831,2.945109,0.0,scene_1_extra|scene_1.3_hig_refine_y03_12p73|666|8,scene_1_extra|scene_1.3_med_probe_y03_12p73|679|21,e3bffeaed0edd4a8e83f3d7ceaa874fcc83997e7,b1a573bacd3e634f8291479a26dc6d63e672d699
scene_1_3_terminalgain_globalmax_interp_0091,family_01,91,6.587166,6.702875,0.115709,30,2,28,2.9,0.679705,0.6529,1.041055,0.04218,0.421797,0.453179,1.492363,0.028448,3.061175,0.0,scene_1_extra|scene_1.3_hig_refine_y03_12p73|666|8,scene_1_extra|scene_1.3_med_probe_y03_12p73|679|21,f3cbae2f49588eb156d2e97202d5786e14492470,e8a1543b5e283b657cb04f3fecd326f59acf2657
scene_1_3_terminalgain_globalmax_interp_0092,family_01,92,6.587166,6.702875,0.115709,30,2,28,2.9,0.665044,0.6529,1.018601,0.042179,0.421794,0.447909,1.55934,0.078728,2.038031,0.0,scene_1_extra|scene_1.3_hig_refine_y03_12p73|666|8,scene_1_extra|scene_1.3_med_probe_y03_12p73|679|21,3ae71f078ea8e187559e4edbae8b50149ad8b842,b9fb2e0f203b06201db62adb82d07d36f9204c31
scene_1_3_terminalgain_globalmax_interp_0093,family_01,93,6.587166,6.702875,0.115709,30,2,28,2.9,0.667862,0.6529,1.022916,0.04218,0.421802,0.448333,1.552517,0.129007,2.265977,0.0,scene_1_extra|scene_1.3_hig_refine_y03_12p73|666|8,scene_1_extra|scene_1.3_med_probe_y03_12p73|679|21,f4933d4bffd249aef45d1b3e2e9ee0d3c95c64ce,6c9226898c1e766b9ee65520d40085ff76b86ca6
scene_1_3_terminalgain_globalmax_interp_0094,family_01,94,6.587166,6.702875,0.115709,30,2,28,2.9,0.670027,0.6529,1.026233,0.042179,0.421789,0.448608,1.486766,0.165486,2.428272,0.0,scene_1_extra|scene_1.3_hig_refine_y03_12p73|666|8,scene_1_extra|scene_1.3_med_probe_y03_12p73|679|21,2178de10ed1dfa3e078ac6cdd9df2affa604590d,799f4d488182f9edb866e8e044a2589ced0db2c1
scene_1_3_terminalgain_globalmax_interp_0095,family_01,95,6.587166,6.702875,0.115709,30,2,28,2.9,0.653449,0.6529,1.000841,0.04218,0.421802,0.446563,1.453589,0.115207,0.49945,0.0,scene_1_extra|scene_1.3_hig_refine_y03_12p73|666|8,scene_1_extra|scene_1.3_med_probe_y03_12p73|679|21,22adcb9a80cd67a85e06f86ec40129a4f25ee41d,c6813faf684574ba4afca09826f91bd13e92fb01
scene_1_3_terminalgain_globalmax_interp_0096,family_01,96,6.587166,6.702875,0.115709,30,2,28,2.9,0.682517,0.6529,1.045363,0.04218,0.421802,0.455485,1.46222,0.064927,3.224912,0.0,scene_1_extra|scene_1.3_hig_refine_y03_12p73|666|8,scene_1_extra|scene_1.3_med_probe_y03_12p73|679|21,1a242dc09bd83fc8902acb3e83f71e30dfd60d35,792feddb7c93e07f54a80e9c6742bbf33eead72c
scene_1_3_terminalgain_globalmax_interp_0097,family_01,97,6.587166,6.702875,0.115709,30,2,28,2.9,0.674494,0.6529,1.033074,0.04218,0.421802,0.449299,1.508143,0.014648,2.7366,0.0,scene_1_extra|scene_1.3_hig_refine_y03_12p73|666|8,scene_1_extra|scene_1.3_med_probe_y03_12p73|679|21,71d83559fc2097d7ef7095f4782a5909bbafbd34,3c7270fca23b34b01ec99cc691bec2b7e8bebd5a
scene_1_3_terminalgain_globalmax_interp_0098,family_01,98,6.587166,6.702875,0.115709,30,2,28,2.9,0.655332,0.6529,1.003725,0.04218,0.421802,0.446569,1.539367,0.035631,0.904897,0.0,scene_1_extra|scene_1.3_hig_refine_y03_12p73|666|8,scene_1_extra|scene_1.3_med_probe_y03_12p73|679|21,263cc3bc14858b275bb46a89c0b77068a6ed6041,e295b0b9b69d8ab685c6c4d22513a6a0b1b75d83
scene_1_3_terminalgain_globalmax_interp_0099,family_01,99,6.587166,6.702875,0.115709,30,2,28,2.9,0.673456,0.6529,1.031484,0.04218,0.421802,0.449209,1.47829,0.08591,2.666709,0.0,scene_1_extra|scene_1.3_hig_refine_y03_12p73|666|8,scene_1_extra|scene_1.3_med_probe_y03_12p73|679|21,f59d3e1ef2de3bce8fbeec18d8bf88e773a1aea0,45c691835dd259761536036c100e8ef504dd1d9d
scene_1_3_terminalgain_globalmax_interp_0100,family_01,100,6.587166,6.702875,0.115709,30,2,28,2.9,0.686404,0.6529,1.051316,0.042179,0.421789,0.458545,1.453589,0.13619,3.440028,0.0,scene_1_extra|scene_1.3_hig_refine_y03_12p73|666|8,scene_1_extra|scene_1.3_med_probe_y03_12p73|679|21,b09533a43741a8f0e84f5325053ec3895451b392,bf34dad2b85a469eb37f249f29c69434b1d627fb
scene_1_3_terminalgain_globalmax_interp_0101,family_01,101,6.587166,6.702875,0.115709,30,2,28,2.9,0.660925,0.6529,1.012291,0.04218,0.421802,0.447288,1.468988,0.158303,1.650137,0.0,scene_1_extra|scene_1.3_hig_refine_y03_12p73|666|8,scene_1_extra|scene_1.3_med_probe_y03_12p73|679|21,2ec0f5c6befc7d9c96b944b0fa676f699cd2cc91,477c56a3d811ceeeae0bf4e81daece0ff56fd899
scene_1_3_terminalgain_globalmax_interp_0102,family_01,102,6.587166,6.702875,0.115709,30,2,28,2.9,0.665356,0.6529,1.019078,0.042179,0.421794,0.4479,1.521293,0.108024,2.062904,0.0,scene_1_extra|scene_1.3_hig_refine_y03_12p73|666|8,scene_1_extra|scene_1.3_med_probe_y03_12p73|679|21,5c2977ef9c9c993a090a3c2b99c2a4851f7bec21,1fa2fddc8e74f9e2dc3a0999533792377b18575c
scene_1_3_terminalgain_globalmax_interp_0103,family_01,103,6.587166,6.702875,0.115709,30,2,28,2.9,0.663899,0.6529,1.016847,0.04218,0.421797,0.447509,1.526217,0.057745,1.935846,0.0,scene_1_extra|scene_1.3_hig_refine_y03_12p73|666|8,scene_1_extra|scene_1.3_med_probe_y03_12p73|679|21,98f72a28033fdab13d60c0e2623353582fd6d447,ac8ea759fa7451882c8409ed381252cc8ce64ceb
scene_1_3_terminalgain_globalmax_interp_0104,family_01,104,6.587166,6.702875,0.115709,30,2,28,2.9,0.678723,0.6529,1.039551,0.04218,0.421802,0.452528,1.471522,0.007465,3.002637,0.0,scene_1_extra|scene_1.3_hig_refine_y03_12p73|666|8,scene_1_extra|scene_1.3_med_probe_y03_12p73|679|21,3ef39612834ca2a8345c8517153b2829b951a555,eac0f47af2b4de6594c3f180a1098d2759d94042
scene_1_3_terminalgain_globalmax_interp_0105,family_01,105,6.587166,6.702875,0.115709,30,2,28,2.9,0.690339,0.6529,1.057343,0.042179,0.421789,0.461725,1.453589,0.042814,3.646942,0.0,scene_1_extra|scene_1.3_hig_refine_y03_12p73|666|8,scene_1_extra|scene_1.3_med_probe_y03_12p73|679|21,eb2152824e9ab097a52a5fffa12b7aa6d8dbfe3c,9942e1f7831960d8cfa8ee435217c634b792afd2
scene_1_3_terminalgain_globalmax_interp_0106,family_01,106,6.587166,6.702875,0.115709,30,2,28,2.9,0.657637,0.6529,1.007256,0.04218,0.421802,0.446899,1.475756,0.093093,1.263651,0.0,scene_1_extra|scene_1.3_hig_refine_y03_12p73|666|8,scene_1_extra|scene_1.3_med_probe_y03_12p73|679|21,d6baa20f92b1522e15ee9f917830c95858ff3564,38e4fd93958c001506726f8a5b1feb0a4b56d5f9
scene_1_3_terminalgain_globalmax_interp_0107,family_01,107,6.587166,6.702875,0.115709,30,2,28,2.9,0.660953,0.6529,1.012334,0.04218,0.421802,0.447302,1.534444,0.143372,1.653055,0.0,scene_1_extra|scene_1.3_hig_refine_y03_12p73|666|8,scene_1_extra|scene_1.3_med_probe_y03_12p73|679|21,9b36e34dd083248615cb40e2277799e68e2d4ee2,5b77de83709ae3b449559ed23d63c60e0efeee36
scene_1_3_terminalgain_globalmax_interp_0108,family_01,108,6.587166,6.702875,0.115709,30,2,28,2.9,0.68176,0.6529,1.044203,0.042179,0.421794,0.45491,1.513067,0.15112,3.181043,0.0,scene_1_extra|scene_1.3_hig_refine_y03_12p73|666|8,scene_1_extra|scene_1.3_med_probe_y03_12p73|679|21,7a06b09f1bf3e9e4dc37ac0552bee1fb5fbf85c3,2869dc2dbfe50fff5d5501ccf845026c865f2f4d
scene_1_3_terminalgain_globalmax_interp_0109,family_01,109,6.587166,6.702875,0.115709,30,2,28,2.9,0.683157,0.6529,1.046343,0.04218,0.421802,0.455893,1.464754,0.100841,3.260749,0.0,scene_1_extra|scene_1.3_hig_refine_y03_12p73|666|8,scene_1_extra|scene_1.3_med_probe_y03_12p73|679|21,227527b9e00221dd50125efa8d526d9e5f8bd32a,2c7bb6b5fb9e30133d202636ad2de21a28e67473
scene_1_3_terminalgain_globalmax_interp_0110,family_01,110,6.587166,6.702875,0.115709,30,2,28,2.9,0.655213,0.6529,1.003543,0.042179,0.421794,0.446742,1.453589,0.050562,0.883007,0.0,scene_1_extra|scene_1.3_hig_refine_y03_12p73|666|8,scene_1_extra|scene_1.3_med_probe_y03_12p73|679|21,acb82e146f4c68523e8d0cd1a83c25744de912a7,f7b7a261adec4aec4280290d13733c3adf4a9bfe
scene_1_3_terminalgain_globalmax_interp_0111,family_01,111,6.587166,6.702875,0.115709,30,2,28,2.9,0.662432,0.6529,1.0146,0.04218,0.421797,0.447592,1.482524,0.000283,1.800872,0.0,scene_1_extra|scene_1.3_hig_refine_y03_12p73|666|8,scene_1_extra|scene_1.3_med_probe_y03_12p73|679|21,16173a080d685da0411c6f832a6f3269c3c358b8,610f7a557f9be6dc764c84f8fa93326f461df0c9
scene_1_3_terminalgain_globalmax_interp_0112,family_01,112,6.587166,6.702875,0.115709,30,2,28,2.9,0.676721,0.6529,1.036486,0.04218,0.421802,0.450913,1.547594,0.049997,2.879401,0.0,scene_1_extra|scene_1.3_hig_refine_y03_12p73|666|8,scene_1_extra|scene_1.3_med_probe_y03_12p73|679|21,5ede523b7d95ca4e80d0d4fde9090ec3d4f73714,ffcb8eef87642ce59d220d4fba21c7351356ea0c
scene_1_3_terminalgain_globalmax_interp_0113,family_01,113,6.587166,6.702875,0.115709,30,2,28,2.9,0.672791,0.6529,1.030466,0.04218,0.421802,0.449103,1.499917,0.100276,2.622816,0.0,scene_1_extra|scene_1.3_hig_refine_y03_12p73|666|8,scene_1_extra|scene_1.3_med_probe_y03_12p73|679|21,2829024bc3e0b571602c18871b2b4dda7d1ae12e,61b1b20dacc25e5def6f9ee9857badc7683eec5f
scene_1_3_terminalgain_globalmax_interp_0114,family_01,114,6.587166,6.702875,0.115709,30,2,28,2.9,0.669158,0.6529,1.024901,0.04218,0.421797,0.448451,1.457986,0.150555,2.364434,0.0,scene_1_extra|scene_1.3_hig_refine_y03_12p73|666|8,scene_1_extra|scene_1.3_med_probe_y03_12p73|679|21,6fa1c9ec2809b53723d2b4ba23319dcf57f155fc,b005311d8025b79049dd9e2f9f93fbb9f1a0600c
scene_1_3_terminalgain_globalmax_interp_0115,family_01,115,6.587166,6.702875,0.115709,30,2,28,2.9,0.659607,0.6529,1.010273,0.04218,0.421802,0.447062,1.455452,0.143938,1.507006,0.0,scene_1_extra|scene_1.3_hig_refine_y03_12p73|666|8,scene_1_extra|scene_1.3_med_probe_y03_12p73|679|21,fec3be7b8c94c4bf736e735c9a302f973e6226fc,5cbff2b823ab9de36760cd6ec667135d9c1eb5e0
scene_1_3_terminalgain_globalmax_interp_0116,family_01,116,6.587166,6.702875,0.115709,30,2,28,2.9,0.666668,0.6529,1.021089,0.042179,0.421794,0.447991,1.494993,0.093658,2.172185,0.0,scene_1_extra|scene_1.3_hig_refine_y03_12p73|666|8,scene_1_extra|scene_1.3_med_probe_y03_12p73|679|21,99564ffc1af9d9219948561c82b8cabd389857c3,194e7a06da67a7d7e93fd03f7f3753dfada7f198
scene_1_3_terminalgain_globalmax_interp_0117,family_01,117,6.587166,6.702875,0.115709,30,2,28,2.9,0.687914,0.6529,1.053628,0.04218,0.421797,0.459767,1.563095,0.043379,3.520572,0.0,scene_1_extra|scene_1.3_hig_refine_y03_12p73|666|8,scene_1_extra|scene_1.3_med_probe_y03_12p73|679|21,8cae7e28e854e759ac2d1de90b686fe8cdcd2f78,41aa31db08941b0a029b8e0e4c2685790240640a
scene_1_3_terminalgain_globalmax_interp_0118,family_01,118,6.587166,6.702875,0.115709,30,2,28,2.9,0.681794,0.6529,1.044256,0.042179,0.421794,0.454939,1.565619,0.0069,3.183611,0.0,scene_1_extra|scene_1.3_hig_refine_y03_12p73|666|8,scene_1_extra|scene_1.3_med_probe_y03_12p73|679|21,f144d94229786f158ef8bab8de2cb2ae32d3ed56,1ff732b6e8688aea029157c58dfb6fc6591fd525
scene_1_3_terminalgain_globalmax_interp_0119,family_01,119,6.587166,6.702875,0.115709,30,2,28,2.9,0.655855,0.6529,1.004526,0.04218,0.421802,0.446789,1.49676,0.057179,0.997207,0.0,scene_1_extra|scene_1.3_hig_refine_y03_12p73|666|8,scene_1_extra|scene_1.3_med_probe_y03_12p73|679|21,36a6e1fb896cd368e32895a030aa74074552d6c4,af22dff866177daca1819084e09592d6e4bdc3d6
scene_1_3_terminalgain_globalmax_interp_0120,family_01,120,6.587166,6.702875,0.115709,30,2,28,2.9,0.677089,0.6529,1.03705,0.04218,0.421802,0.451298,1.456362,0.107459,2.90276,0.0,scene_1_extra|scene_1.3_hig_refine_y03_12p73|666|8,scene_1_extra|scene_1.3_med_probe_y03_12p73|679|21,552f8893e3ece10ffe1279ab5751363150c306d3,29e362e9485e2d8b94c8a4accae74e2536a3eae6
scene_1_3_terminalgain_globalmax_interp_0121,family_01,121,6.587166,6.702875,0.115709,30,2,28,2.9,0.689567,0.6529,1.056161,0.04218,0.421802,0.460991,1.457077,0.157738,3.607563,0.0,scene_1_extra|scene_1.3_hig_refine_y03_12p73|666|8,scene_1_extra|scene_1.3_med_probe_y03_12p73|679|21,5f474b5289820eaeb2f3b52f986927503336f4ca,009afde7fbdd9d1f0d0afc3b57433777b6ce4c04
scene_1_3_terminalgain_globalmax_interp_0122,family_01,122,6.587166,6.702875,0.115709,30,2,28,2.9,0.653275,0.6529,1.000575,0.04218,0.421802,0.446432,1.498149,0.136755,0.374422,0.0,scene_1_extra|scene_1.3_hig_refine_y03_12p73|666|8,scene_1_extra|scene_1.3_med_probe_y03_12p73|679|21,deb75c11550493294668893e72c539c64d6bb00d,92f50d980ae2de9337367953d5760767d6a3a0a3
scene_1_3_terminalgain_globalmax_interp_0123,family_01,123,6.587166,6.702875,0.115709,30,2,28,2.9,0.66666,0.6529,1.021075,0.042179,0.421794,0.448074,1.549361,0.086476,2.171367,0.0,scene_1_extra|scene_1.3_hig_refine_y03_12p73|666|8,scene_1_extra|scene_1.3_med_probe_y03_12p73|679|21,06a2b5d6748393b6733c6e37dce59db5383d709c,136dde385bb20e8bb5383e5e38509c4ee07667f3
scene_1_3_terminalgain_globalmax_interp_0124,family_01,124,6.587166,6.702875,0.115709,30,2,28,2.9,0.66934,0.6529,1.02518,0.04218,0.421797,0.448403,1.48361,0.036196,2.378953,0.0,scene_1_extra|scene_1.3_hig_refine_y03_12p73|666|8,scene_1_extra|scene_1.3_med_probe_y03_12p73|679|21,a344bf50ed068bacfefb58b3801261553e6f3db1,c2aa2a09ed7807cd27dcc58e36d9ee05a25b01ef
scene_1_3_terminalgain_globalmax_interp_0125,family_01,125,6.587166,6.702875,0.115709,30,2,28,2.9,0.665529,0.6529,1.019343,0.04218,0.421802,0.447873,1.453589,0.014083,2.078093,0.0,scene_1_extra|scene_1.3_hig_refine_y03_12p73|666|8,scene_1_extra|scene_1.3_med_probe_y03_12p73|679|21,989b9a77928b92b027e64700236b43ef798844ec,df45e1f324183683fff3d65fdec2f4b13c543ce1
scene_1_3_terminalgain_globalmax_interp_0126,family_01,126,6.587166,6.702875,0.115709,30,2,28,2.9,0.672752,0.6529,1.030407,0.04218,0.421802,0.449029,1.463845,0.064362,2.620484,0.0,scene_1_extra|scene_1.3_hig_refine_y03_12p73|666|8,scene_1_extra|scene_1.3_med_probe_y03_12p73|679|21,c69f530af51e054c400774c334b8a165a177875d,78b7d41d37182871ec509f26d313fadc9f5365f2
scene_1_3_terminalgain_globalmax_interp_0127,family_01,127,6.587166,6.702875,0.115709,30,2,28,2.9,0.675204,0.6529,1.034161,0.042179,0.421794,0.449709,1.511299,0.114641,2.782206,0.0,scene_1_extra|scene_1.3_hig_refine_y03_12p73|666|8,scene_1_extra|scene_1.3_med_probe_y03_12p73|679|21,752f159f88c6519a63140676b015e0b0018e5da1,5c342b59b26f16d3c8e294fdfcf4d380afb803d3
scene_1_3_terminalgain_globalmax_interp_0128,family_01,128,6.587166,6.702875,0.115709,30,2,28,2.9,0.672529,0.6529,1.030064,0.04218,0.421802,0.449049,1.536211,0.164921,2.604592,0.0,scene_1_extra|scene_1.3_hig_refine_y03_12p73|666|8,scene_1_extra|scene_1.3_med_probe_y03_12p73|679|21,6fbb64384799bf4e1a3f7ea1ad9b464afd428758,79c547b91edae5f6bf49d883a2065177c2d2c1c9
scene_1_3_terminalgain_globalmax_interp_0129,family_01,129,6.587166,6.702875,0.115709,30,2,28,2.9,0.674623,0.6529,1.033272,0.04218,0.421802,0.449422,1.476666,0.129572,2.744457,0.0,scene_1_extra|scene_1.3_hig_refine_y03_12p73|666|8,scene_1_extra|scene_1.3_med_probe_y03_12p73|679|21,286ba3292fb14bf75ee6bbe84c5ee3ba8125802e,3a6ebee1eabbe32e56d52add0ccd020d6148c4fb
scene_1_3_terminalgain_globalmax_interp_0130,family_01,130,6.587166,6.702875,0.115709,30,2,28,2.9,0.666402,0.6529,1.020681,0.04218,0.421797,0.44805,1.453589,0.079293,2.151231,0.0,scene_1_extra|scene_1.3_hig_refine_y03_12p73|666|8,scene_1_extra|scene_1.3_med_probe_y03_12p73|679|21,a7c21cba0d287b38de2b13d418f7a99781d7d476,ad37006e70522a247a4f33e9595e07b87af0200a
scene_1_3_terminalgain_globalmax_interp_0131,family_01,131,6.587166,6.702875,0.115709,30,2,28,2.9,0.655326,0.6529,1.003716,0.042179,0.421794,0.446816,1.470613,0.029014,0.904534,0.0,scene_1_extra|scene_1.3_hig_refine_y03_12p73|666|8,scene_1_extra|scene_1.3_med_probe_y03_12p73|679|21,a6ec8125bb567dc0bb4c58cccd6158c87a8b7066,10a3f9f048ac3a8ce879d392c49d2c44b18e4423
scene_1_3_terminalgain_globalmax_interp_0132,family_01,132,6.587166,6.702875,0.115709,30,2,28,2.9,0.677105,0.6529,1.037073,0.04218,0.421802,0.451249,1.524449,0.021266,2.902121,0.0,scene_1_extra|scene_1.3_hig_refine_y03_12p73|666|8,scene_1_extra|scene_1.3_med_probe_y03_12p73|679|21,5041d0a937a5eecda34b1e9e8c478a17da9df038,e6ff41bb3bfb9d2e3b38bf9b84d77b42db175a21
scene_1_3_terminalgain_globalmax_interp_0133,family_01,133,6.587166,6.702875,0.115709,30,2,28,2.9,0.666561,0.6529,1.020924,0.04218,0.421802,0.448049,1.52306,0.071545,2.162846,0.0,scene_1_extra|scene_1.3_hig_refine_y03_12p73|666|8,scene_1_extra|scene_1.3_med_probe_y03_12p73|679|21,01d4f35f21c81f140c8f20f59e6c0871d7a4a3ac,0f7f70860f91e35b3bb2e39c4c14bfebe3f63ae0
scene_1_3_terminalgain_globalmax_interp_0134,family_01,134,6.587166,6.702875,0.115709,30,2,28,2.9,0.659623,0.6529,1.010297,0.04218,0.421802,0.447207,1.469898,0.121824,1.509126,0.0,scene_1_extra|scene_1.3_hig_refine_y03_12p73|666|8,scene_1_extra|scene_1.3_med_probe_y03_12p73|679|21,a0a664b3b764910a9a4b9653275c2eb61b6ac1e3,40bf7c65a89cacb3b833956a180f47b6e8595f59
scene_1_3_terminalgain_globalmax_interp_0135,family_01,135,6.587166,6.702875,0.115709,30,2,28,2.9,0.673248,0.6529,1.031167,0.04218,0.421802,0.449122,1.453589,0.172103,2.654315,0.0,scene_1_extra|scene_1.3_hig_refine_y03_12p73|666|8,scene_1_extra|scene_1.3_med_probe_y03_12p73|679|21,16ffac9cf3223e00c1037b46ffdaf0fa5168aa4a,a824b379a9a2aaf49c4c0edbf1a77084dc892060
scene_1_3_terminalgain_globalmax_interp_0136,family_01,136,6.587166,6.702875,0.115709,30,2,28,2.9,0.693757,0.6529,1.062579,0.04218,0.421797,0.464533,1.47738,0.171643,3.8193,0.0,scene_1_extra|scene_1.3_hig_refine_y03_12p73|666|8,scene_1_extra|scene_1.3_med_probe_y03_12p73|679|21,2d2e308605ca2d3e1ab7c2db9fe3bfade404ced2,376ab044aa47dc1bcb2167838d570ffe8fbe2458
scene_1_3_terminalgain_globalmax_interp_0137,family_01,137,6.587166,6.702875,0.115709,30,2,28,2.9,0.677531,0.6529,1.037726,0.04218,0.421802,0.451675,1.537599,0.121364,2.930113,0.0,scene_1_extra|scene_1.3_hig_refine_y03_12p73|666|8,scene_1_extra|scene_1.3_med_probe_y03_12p73|679|21,96b69cc9933f128cd2787a2d15de71c395ba5ddc,1bc44c9414fb74872aa1dacd4e51ef6565e8d18b
scene_1_3_terminalgain_globalmax_interp_0138,family_01,138,6.587166,6.702875,0.115709,30,2,28,2.9,0.659861,0.6529,1.010662,0.04218,0.421802,0.447203,1.50991,0.071084,1.535129,0.0,scene_1_extra|scene_1.3_hig_refine_y03_12p73|666|8,scene_1_extra|scene_1.3_med_probe_y03_12p73|679|21,45c102f5518ba1b3e2b4ed1b8b6f62ddf3f0072a,89c0cd2335c63c62fe8ff383b4611e586c75c72a
scene_1_3_terminalgain_globalmax_interp_0139,family_01,139,6.587166,6.702875,0.115709,30,2,28,2.9,0.668227,0.6529,1.023476,0.04218,0.421802,0.448338,1.46313,0.020805,2.294266,0.0,scene_1_extra|scene_1.3_hig_refine_y03_12p73|666|8,scene_1_extra|scene_1.3_med_probe_y03_12p73|679|21,4dccc8103c8941679800b014e38f438831633d50,7e0115d4750cc2ccdb96fa0c51ffb5c6ab3fef39
scene_1_3_terminalgain_globalmax_interp_0140,family_01,140,6.587166,6.702875,0.115709,30,2,28,2.9,0.66106,0.6529,1.012498,0.04218,0.421797,0.447323,1.453588,0.029474,1.665164,0.0,scene_1_extra|scene_1.3_hig_refine_y03_12p73|666|8,scene_1_extra|scene_1.3_med_probe_y03_12p73|679|21,4ee6e7c09d40d56edc810c9e761de6e75b1b1f65,7deec24d9bd8268365d1ba47170c547f2f24ecfb
scene_1_3_terminalgain_globalmax_interp_0141,family_01,141,6.587166,6.702875,0.115709,30,2,28,2.9,0.679744,0.6529,1.041116,0.042179,0.421794,0.453268,1.484999,0.079753,3.063646,0.0,scene_1_extra|scene_1.3_hig_refine_y03_12p73|666|8,scene_1_extra|scene_1.3_med_probe_y03_12p73|679|21,70761234122bbfb41d15591bd12ac1df1053b003,14945af9a5b62aafa966d65eecaf5520e9a18baa
scene_1_3_terminalgain_globalmax_interp_0142,family_01,142,6.587166,6.702875,0.115709,30,2,28,2.9,0.659279,0.6529,1.009771,0.04218,0.421802,0.44699,1.55075,0.130033,1.469447,0.0,scene_1_extra|scene_1.3_hig_refine_y03_12p73|666|8,scene_1_extra|scene_1.3_med_probe_y03_12p73|679|21,dc58db77f4621e865d8b99fd79484e037bfb8b47,87872509f22d4f2a3c30798331f38747485ad84f
scene_1_3_terminalgain_globalmax_interp_0143,family_01,143,6.587166,6.702875,0.115709,30,2,28,2.9,0.656211,0.6529,1.005072,0.04218,0.421797,0.446726,1.561863,0.16446,1.057618,0.0,scene_1_extra|scene_1.3_hig_refine_y03_12p73|666|8,scene_1_extra|scene_1.3_med_probe_y03_12p73|679|21,bf41d38efed3dda855aab5830748f884ec535bd1,f9c62eb7797145a71d6d21f905bcd1dcc12cb15d
scene_1_3_terminalgain_globalmax_interp_0144,family_01,144,6.587166,6.702875,0.115709,30,2,28,2.9,0.692337,0.6529,1.060403,0.042179,0.421794,0.463321,1.49413,0.114181,3.749502,0.0,scene_1_extra|scene_1.3_hig_refine_y03_12p73|666|8,scene_1_extra|scene_1.3_med_probe_y03_12p73|679|21,9e1d7bc510c454a4a15fe3a38c55ac034c74da0f,e1e3440f567393bfb8458a430459be07a460fd73
scene_1_3_terminalgain_globalmax_interp_0145,family_01,145,6.587166,6.702875,0.115709,30,2,28,2.9,0.693762,0.6529,1.062586,0.042179,0.421794,0.464569,1.455008,0.063902,3.820389,0.0,scene_1_extra|scene_1.3_hig_refine_y03_12p73|666|8,scene_1_extra|scene_1.3_med_probe_y03_12p73|679|21,7d320c31477de74a873ff6bac4a3440e8d2e73da,cfc60c964fe70043fcf42306d39cad0e5ebee13c
scene_1_3_terminalgain_globalmax_interp_0146,family_01,146,6.587166,6.702875,0.115709,30,2,28,2.9,0.65592,0.6529,1.004626,0.04218,0.421797,0.44676,1.458431,0.013622,1.00933,0.0,scene_1_extra|scene_1.3_hig_refine_y03_12p73|666|8,scene_1_extra|scene_1.3_med_probe_y03_12p73|679|21,66c8ca266bfef79fc03382d39a8284164e0b278e,0bed53091d2e2d8b143b532e665336341fb61efe
scene_1_3_terminalgain_globalmax_interp_0147,family_01,147,6.587166,6.702875,0.115709,30,2,28,2.9,0.659773,0.6529,1.010527,0.04218,0.421802,0.447233,1.500779,0.036657,1.525089,0.0,scene_1_extra|scene_1.3_hig_refine_y03_12p73|666|8,scene_1_extra|scene_1.3_med_probe_y03_12p73|679|21,bf71f6af5abda46e1acbb57575361c2344fa6e13,3baec66252d93341c01b52e0e76e7de73dbe1f0f
scene_1_3_terminalgain_globalmax_interp_0148,family_01,148,6.587166,6.702875,0.115709,30,2,28,2.9,0.678708,0.6529,1.039529,0.042179,0.421794,0.452416,1.546731,0.086936,3.001607,0.0,scene_1_extra|scene_1.3_hig_refine_y03_12p73|666|8,scene_1_extra|scene_1.3_med_probe_y03_12p73|679|21,b1a7a8356c4058810269e2ad8e85d3923fc0d145,976a61553084ae872baadbb8ef4614e0df5d111e
scene_1_3_terminalgain_globalmax_interp_0149,family_01,149,6.587166,6.702875,0.115709,30,2,28,2.9,0.662056,0.6529,1.014025,0.042179,0.421789,0.447518,1.48208,0.137215,1.764697,0.0,scene_1_extra|scene_1.3_hig_refine_y03_12p73|666|8,scene_1_extra|scene_1.3_med_probe_y03_12p73|679|21,4ae4c7737a95638d54faa9d64cfc4e2ea2a27340,a665f632902c26e2ab47eeddffb6bdfb076270ab
scene_1_3_terminalgain_globalmax_interp_0150,family_01,150,6.587166,6.702875,0.115709,30,2,28,2.9,0.667385,0.6529,1.022187,0.04218,0.421802,0.448155,1.453589,0.157277,2.22899,0.0,scene_1_extra|scene_1.3_hig_refine_y03_12p73|666|8,scene_1_extra|scene_1.3_med_probe_y03_12p73|679|21,92036fc06cf0f2fa67d244c52efdde98d7cd2741,edd3fe607e78a51bbd09f367d37b1b95c5c2bb54
scene_1_3_terminalgain_globalmax_interp_0151,family_01,151,6.587166,6.702875,0.115709,30,2,28,2.9,0.660048,0.6529,1.010949,0.04218,0.421802,0.44712,1.465198,0.106998,1.555509,0.0,scene_1_extra|scene_1.3_hig_refine_y03_12p73|666|8,scene_1_extra|scene_1.3_med_probe_y03_12p73|679|21,b6d0c40d7d23c4ee0a81f3f5f7170b65e6354d1f,f7bdda73ebf673550a764f20cb0d4e7fcbcef74f
scene_1_3_terminalgain_globalmax_interp_0152,family_01,152,6.587166,6.702875,0.115709,30,2,28,2.9,0.675941,0.6529,1.03529,0.042179,0.421789,0.450267,1.513929,0.056719,2.829849,0.0,scene_1_extra|scene_1.3_hig_refine_y03_12p73|666|8,scene_1_extra|scene_1.3_med_probe_y03_12p73|679|21,33fb44df776e001ead351f862797525754afdb89,980300859fb6d6daab83ccf736b903610f6beaad
scene_1_3_terminalgain_globalmax_interp_0153,family_01,153,6.587166,6.702875,0.115709,30,2,28,2.9,0.690928,0.6529,1.058246,0.04218,0.421802,0.462193,1.533581,0.00644,3.676232,0.0,scene_1_extra|scene_1.3_hig_refine_y03_12p73|666|8,scene_1_extra|scene_1.3_med_probe_y03_12p73|679|21,9641ecdce2707d0f76a530b34905891b3fcbed44,44f8b3e9b28fc295e7d7c4a67a3b098644bc7ee1
scene_1_3_terminalgain_globalmax_interp_0154,family_01,154,6.587166,6.702875,0.115709,30,2,28,2.9,0.673619,0.6529,1.031735,0.042179,0.421794,0.449231,1.475312,0.04384,2.678938,0.0,scene_1_extra|scene_1.3_hig_refine_y03_12p73|666|8,scene_1_extra|scene_1.3_med_probe_y03_12p73|679|21,75402142c06e2cb7b6dc013c875a233ee57bddc4,860ab6a3657a41e8e78d874728bc37a32126e4b6
scene_1_3_terminalgain_globalmax_interp_0155,family_01,155,6.587166,6.702875,0.115709,30,2,28,2.9,0.658277,0.6529,1.008236,0.04218,0.421802,0.446984,1.453589,0.094119,1.348192,0.0,scene_1_extra|scene_1.3_hig_refine_y03_12p73|666|8,scene_1_extra|scene_1.3_med_probe_y03_12p73|679|21,68def2690049be1f6d77a9f364d2012d0e729170,b434ce9720a1d10bbd5e202ef63b7d2cb4d0ce4b
scene_1_3_terminalgain_globalmax_interp_0156,family_01,156,6.587166,6.702875,0.115709,30,2,28,2.9,0.668328,0.6529,1.023631,0.04218,0.421802,0.448377,1.471966,0.144398,2.301451,0.0,scene_1_extra|scene_1.3_hig_refine_y03_12p73|666|8,scene_1_extra|scene_1.3_med_probe_y03_12p73|679|21,91399302eb49f0856e55567642ea2431665baafa,e660bebd5f0a8f703420886fb0baa7e3cf8387e1
scene_1_3_terminalgain_globalmax_interp_0157,family_01,157,6.587166,6.702875,0.115709,30,2,28,2.9,0.675124,0.6529,1.034039,0.04218,0.421797,0.449768,1.52708,0.150095,2.778485,0.0,scene_1_extra|scene_1.3_hig_refine_y03_12p73|666|8,scene_1_extra|scene_1.3_med_probe_y03_12p73|679|21,1b6fe881a1ef1073b245da23e61e104d7fadc39b,5d59e9f58bf93ee7d55d3290b564ffee0d6d1558
scene_1_3_terminalgain_globalmax_interp_0158,family_01,158,6.587166,6.702875,0.115709,30,2,28,2.9,0.656407,0.6529,1.005372,0.04218,0.421802,0.446897,1.520431,0.099815,1.087004,0.0,scene_1_extra|scene_1.3_hig_refine_y03_12p73|666|8,scene_1_extra|scene_1.3_med_probe_y03_12p73|679|21,6837f96d162cc8616b83b0ca4bf34a035f694f56,85aabbdaf67dfa8497c2827e56688eba77799a4b
scene_1_3_terminalgain_globalmax_interp_0159,family_01,159,6.587166,6.702875,0.115709,30,2,28,2.9,0.665753,0.6529,1.019686,0.042179,0.421794,0.447937,1.468544,0.049536,2.096501,0.0,scene_1_extra|scene_1.3_hig_refine_y03_12p73|666|8,scene_1_extra|scene_1.3_med_probe_y03_12p73|679|21,db50724e0388fc4da2519fa5d79bad348e5cbc8a,98a361c55e5f518f80eb8e97c651f9d8269383c6
scene_1_3_terminalgain_globalmax_interp_0160,family_01,160,6.587166,6.702875,0.115709,30,2,28,2.9,0.677245,0.6529,1.037288,0.04218,0.421802,0.451352,1.453589,0.000743,2.911434,0.0,scene_1_extra|scene_1.3_hig_refine_y03_12p73|666|8,scene_1_extra|scene_1.3_med_probe_y03_12p73|679|21,655404c37719182b175cbccbf80e11d61fd73a9d,f17a14f9c4542a15bf970f73fd3f50a03a69f936
scene_1_3_terminalgain_globalmax_interp_0161,family_01,161,6.587166,6.702875,0.115709,30,2,28,2.9,0.669995,0.6529,1.026184,0.04218,0.421802,0.448563,1.478733,0.051022,2.426391,0.0,scene_1_extra|scene_1.3_hig_refine_y03_12p73|666|8,scene_1_extra|scene_1.3_med_probe_y03_12p73|679|21,49833ec564a0528f503373fe62e4881a2fd5c55f,688d234c89612a57761bb5006bd653b731ed6d28
scene_1_3_terminalgain_globalmax_interp_0162,family_01,162,6.587166,6.702875,0.115709,30,2,28,2.9,0.675702,0.6529,1.034924,0.042179,0.421794,0.450136,1.54023,0.101302,2.814419,0.0,scene_1_extra|scene_1.3_hig_refine_y03_12p73|666|8,scene_1_extra|scene_1.3_med_probe_y03_12p73|679|21,98a3c9308d8adc796f2533e02a2746ca25415ac6,e7f5ebcde472dce107adab78b4d656a9098fb016
scene_1_3_terminalgain_globalmax_interp_0163,family_01,163,6.587166,6.702875,0.115709,30,2,28,2.9,0.671942,0.6529,1.029166,0.04218,0.421802,0.448749,1.507281,0.151581,2.564308,0.0,scene_1_extra|scene_1.3_hig_refine_y03_12p73|666|8,scene_1_extra|scene_1.3_med_probe_y03_12p73|679|21,5486093f573e4591cd6b23481d81a20f2e97cb58,68de30855a4672b35e290e47a33b29c3689bcab5
scene_1_3_terminalgain_globalmax_interp_0164,family_01,164,6.587166,6.702875,0.115709,30,2,28,2.9,0.667787,0.6529,1.022802,0.04218,0.421802,0.448149,1.461776,0.142912,2.259842,0.0,scene_1_extra|scene_1.3_hig_refine_y03_12p73|666|8,scene_1_extra|scene_1.3_med_probe_y03_12p73|679|21,01fd3135e4b9e802635f8f256139e481bfe1e4a9,f6d1200dfcf6c0125cbb05d810f45b09be4c299f
scene_1_3_terminalgain_globalmax_interp_0165,family_01,165,6.587166,6.702875,0.115709,30,2,28,2.9,0.667531,0.6529,1.022409,0.04218,0.421802,0.448021,1.453588,0.092633,2.240268,0.0,scene_1_extra|scene_1.3_hig_refine_y03_12p73|666|8,scene_1_extra|scene_1.3_med_probe_y03_12p73|679|21,23ba6a54075ddae35cc20a7b175c0ef3187e38fe,ddb79a2166114dc65f367d1bcc97315f4695b855
scene_1_3_terminalgain_globalmax_interp_0166,family_01,166,6.587166,6.702875,0.115709,30,2,28,2.9,0.668184,0.6529,1.02341,0.04218,0.421802,0.448265,1.487629,0.042353,2.290943,0.0,scene_1_extra|scene_1.3_hig_refine_y03_12p73|666|8,scene_1_extra|scene_1.3_med_probe_y03_12p73|679|21,344360a64d35d47f589f87defe61dd3efe21544a,cc04ac3bf423982bc3b63d56530ee6437495975c
scene_1_3_terminalgain_globalmax_interp_0167,family_01,167,6.587166,6.702875,0.115709,30,2,28,2.9,0.653105,0.6529,1.000315,0.042179,0.421794,0.446457,1.55338,0.007926,0.295412,0.0,scene_1_extra|scene_1.3_hig_refine_y03_12p73|666|8,scene_1_extra|scene_1.3_med_probe_y03_12p73|679|21,b1e7c73ea495960207d0f39bf57c3e8995463438,1210cc42ba719737a654805ea747714c96d71652
scene_1_3_terminalgain_globalmax_interp_0168,family_02,1,6.578375,6.702875,0.1245,30,2,28,2.9,0.798,0.798,1.0,0.051554,0.51554,0.5457,0.581436,0.0,0.0,0.0,scene_1_extra|scene_1.3_med_probe_y03_13p53|705|47,scene_1_extra|scene_1.3_med_probe_y03_12p73|679|21,29c1ad699dd02aa1cc841509467c244511a5b747,497d833c86425dee613a8ec45b485c3e435fd5e8
scene_1_3_terminalgain_globalmax_interp_0169,family_02,2,6.578375,6.702875,0.1245,30,2,28,2.9,0.849665,0.798,1.064744,0.051554,0.51554,0.56908,0.618472,0.001222,3.887256,0.0,scene_1_extra|scene_1.3_med_probe_y03_13p53|705|47,scene_1_extra|scene_1.3_med_probe_y03_12p73|679|21,fc01a26cffad94aa13ecd7e0d7734ab1fe0f60c5,1afa52b2676781cfd6ef06b59e50292a177c1d11
scene_1_3_terminalgain_globalmax_interp_0170,family_02,3,6.578375,6.702875,0.1245,30,2,28,2.9,0.800375,0.798,1.002976,0.051554,0.51554,0.545901,0.581436,0.049058,0.808176,0.0,scene_1_extra|scene_1.3_med_probe_y03_13p53|705|47,scene_1_extra|scene_1.3_med_probe_y03_12p73|679|21,43a51c4113edb967a19fa6fe61bf97c72328841e,064ae2ea77df91eeeb734a9b237a0ee1a573c04b
scene_1_3_terminalgain_globalmax_interp_0171,family_02,4,6.578375,6.702875,0.1245,30,2,28,2.9,0.80913,0.798,1.013947,0.051554,0.51554,0.546836,0.636371,0.099337,1.759491,0.0,scene_1_extra|scene_1.3_med_probe_y03_13p53|705|47,scene_1_extra|scene_1.3_med_probe_y03_12p73|679|21,a6512a2b94140ab8a74acfe8b84e35bc40f10c52,01ea0796a5e52ed8d1a0358509ecff6c1cb348fc
scene_1_3_terminalgain_globalmax_interp_0172,family_02,5,6.578375,6.702875,0.1245,30,2,28,2.9,0.825008,0.798,1.033845,0.051554,0.51554,0.549362,0.74171,0.149616,2.768717,0.0,scene_1_extra|scene_1.3_med_probe_y03_13p53|705|47,scene_1_extra|scene_1.3_med_probe_y03_12p73|679|21,9e6d1f94ec8331ace279454a6a5fc8736baa1274,40cf919fafe1fb7db5cef2447db1b4c5227aeb18
scene_1_3_terminalgain_globalmax_interp_0173,family_02,6,6.578375,6.702875,0.1245,30,2,28,2.9,0.812026,0.798,1.017576,0.051554,0.51554,0.547198,0.694217,0.144877,1.978932,0.0,scene_1_extra|scene_1.3_med_probe_y03_13p53|705|47,scene_1_extra|scene_1.3_med_probe_y03_12p73|679|21,cfb53a269fba2fc08f025fdd63a31253bc0316d6,941644333ef6fee26f2a207ff62f3a7a21fb0d43
scene_1_3_terminalgain_globalmax_interp_0174,family_02,7,6.578375,6.702875,0.1245,30,2,28,2.9,0.815369,0.798,1.021766,0.051554,0.51554,0.5477,0.605321,0.094597,2.206423,0.0,scene_1_extra|scene_1.3_med_probe_y03_13p53|705|47,scene_1_extra|scene_1.3_med_probe_y03_12p73|679|21,293fda9e03be4cda3717b2ac61ea59d0fc04b998,9071aeb2ba8f6f6ca9e24639333a3a30f8ac8034
scene_1_3_terminalgain_globalmax_interp_0175,family_02,8,6.578375,6.702875,0.1245,30,2,28,2.9,0.806108,0.798,1.010161,0.051554,0.51554,0.54648,0.586193,0.044318,1.497727,0.0,scene_1_extra|scene_1.3_med_probe_y03_13p53|705|47,scene_1_extra|scene_1.3_med_probe_y03_12p73|679|21,687d94090f482f3fde6e896017088d66e8b91291,b3535dc6600d06d70fb09156cd858725ac5c1174
scene_1_3_terminalgain_globalmax_interp_0176,family_02,9,6.578375,6.702875,0.1245,30,2,28,2.9,0.8225,0.798,1.030702,0.051554,0.51554,0.548915,0.655151,0.005961,2.633294,0.0,scene_1_extra|scene_1.3_med_probe_y03_13p53|705|47,scene_1_extra|scene_1.3_med_probe_y03_12p73|679|21,34999c46f6a25d0e4a9aa95d30fe9eea164e3993,9033fd353f581e4bc8a109bccf7602c6c55b537b
scene_1_3_terminalgain_globalmax_interp_0177,family_02,10,6.578375,6.702875,0.1245,30,2,28,2.9,0.840684,0.798,1.053489,0.051554,0.51554,0.561672,0.765037,0.05624,3.515016,0.0,scene_1_extra|scene_1.3_med_probe_y03_13p53|705|47,scene_1_extra|scene_1.3_med_probe_y03_12p73|679|21,7186539db906d055b7995044cc70247c8ed4fee9,cd6258b6b29dde2b1576b1f03edc8ae08e564a0a
scene_1_3_terminalgain_globalmax_interp_0178,family_02,11,6.578375,6.702875,0.1245,30,2,28,2.9,0.822504,0.798,1.030707,0.051554,0.51554,0.548895,0.782863,0.10652,2.632592,0.0,scene_1_extra|scene_1.3_med_probe_y03_13p53|705|47,scene_1_extra|scene_1.3_med_probe_y03_12p73|679|21,080e544edd0bf3061c7345ac8b86f353820f8991,55582d02f1e5990f7c10897ccd11c44a8226a565
scene_1_3_terminalgain_globalmax_interp_0179,family_02,12,6.578375,6.702875,0.1245,30,2,28,2.9,0.801585,0.798,1.004493,0.051554,0.51554,0.546018,0.669503,0.156799,0.994542,0.0,scene_1_extra|scene_1.3_med_probe_y03_13p53|705|47,scene_1_extra|scene_1.3_med_probe_y03_12p73|679|21,60665d1c1d683e7f96950b69f893a11e3c0a51ac,76558fe1b953cebedbfb86557b7350db2e737b55
scene_1_3_terminalgain_globalmax_interp_0180,family_02,13,6.578375,6.702875,0.1245,30,2,28,2.9,0.822747,0.798,1.031011,0.051554,0.51554,0.548957,0.591365,0.137694,2.646503,0.0,scene_1_extra|scene_1.3_med_probe_y03_13p53|705|47,scene_1_extra|scene_1.3_med_probe_y03_12p73|679|21,b15a64f158484d8ced2379fa1ca044bc8392a8d0,5e1a20a5434c40c89f61ebf57bc0b7e2284076e3
scene_1_3_terminalgain_globalmax_interp_0181,family_02,14,6.578375,6.702875,0.1245,30,2,28,2.9,0.819508,0.798,1.026952,0.051554,0.51554,0.548345,0.595273,0.087415,2.461694,0.0,scene_1_extra|scene_1.3_med_probe_y03_13p53|705|47,scene_1_extra|scene_1.3_med_probe_y03_12p73|679|21,259244e9cc368e972c339d8685379d2697c98962,ac04648f974d6803003a1e638a71d78a0bb651c9
scene_1_3_terminalgain_globalmax_interp_0182,family_02,15,6.578375,6.702875,0.1245,30,2,28,2.9,0.805473,0.798,1.009365,0.051554,0.51554,0.546406,0.677687,0.037135,1.438689,0.0,scene_1_extra|scene_1.3_med_probe_y03_13p53|705|47,scene_1_extra|scene_1.3_med_probe_y03_12p73|679|21,dea995b1d0d7642b09ef7cf07c95468aea260855,07b5f763cf6c00ca809d0b079b6bd1f69f60b5cb
scene_1_3_terminalgain_globalmax_interp_0183,family_02,16,6.578375,6.702875,0.1245,30,2,28,2.9,0.814749,0.798,1.020989,0.051554,0.51554,0.547613,0.759536,0.013144,2.166094,0.0,scene_1_extra|scene_1.3_med_probe_y03_13p53|705|47,scene_1_extra|scene_1.3_med_probe_y03_12p73|679|21,8dd87b99723703e37d850acdae7a9f5207f84bd1,16fe453829217672602c07d940a4b4807117e90c
scene_1_3_terminalgain_globalmax_interp_0184,family_02,17,6.578375,6.702875,0.1245,30,2,28,2.9,0.833208,0.798,1.04412,0.051554,0.51554,0.555688,0.650722,0.063423,3.17732,0.0,scene_1_extra|scene_1.3_med_probe_y03_13p53|705|47,scene_1_extra|scene_1.3_med_probe_y03_12p73|679|21,2e406edf0694904ef95ff2f67f586a8551e172ba,8c7b367a7af9884f6e24f4413377378d970729f7
scene_1_3_terminalgain_globalmax_interp_0185,family_02,18,6.578375,6.702875,0.1245,30,2,28,2.9,0.831152,0.798,1.041543,0.051554,0.51554,0.554112,0.584597,0.113702,3.080045,0.0,scene_1_extra|scene_1.3_med_probe_y03_13p53|705|47,scene_1_extra|scene_1.3_med_probe_y03_12p73|679|21,710d507f10822f12b204fd4ae6c44e21c27e1639,e9eeb4310313addb6ace8b8a6a2245c0783bb9cf
scene_1_3_terminalgain_globalmax_interp_0186,family_02,19,6.578375,6.702875,0.1245,30,2,28,2.9,0.826305,0.798,1.03547,0.051554,0.51554,0.550396,0.608423,0.163982,2.836981,0.0,scene_1_extra|scene_1.3_med_probe_y03_13p53|705|47,scene_1_extra|scene_1.3_med_probe_y03_12p73|679|21,80e5d6ba4fcf4a748af631b5d008e4e75461606b,352d5e9e268ba8f766848119a95764b72c1f28b3
scene_1_3_terminalgain_globalmax_interp_0187,family_02,20,6.578375,6.702875,0.1245,30,2,28,2.9,0.834998,0.798,1.046363,0.051554,0.51554,0.557086,0.699719,0.130511,3.261563,0.0,scene_1_extra|scene_1.3_med_probe_y03_13p53|705|47,scene_1_extra|scene_1.3_med_probe_y03_12p73|679|21,a1f02bb2df6f87e6ee8f4cb9d75de264dea8f976,5d8f5ded14c5084f5a531720275a073f2fc232df
scene_1_3_terminalgain_globalmax_interp_0188,family_02,21,6.578375,6.702875,0.1245,30,2,28,2.9,0.809803,0.798,1.014791,0.051554,0.51554,0.546932,0.736207,0.080232,1.811797,0.0,scene_1_extra|scene_1.3_med_probe_y03_13p53|705|47,scene_1_extra|scene_1.3_med_probe_y03_12p73|679|21,c483b03cdcca2c4cf8c7b195cafae4cc9c1050a3,b33375731f6f9960feec20be91a67e29f3db33c6
scene_1_3_terminalgain_globalmax_interp_0189,family_02,22,6.578375,6.702875,0.1245,30,2,28,2.9,0.819798,0.798,1.027315,0.051554,0.51554,0.548412,0.631942,0.029953,2.478779,0.0,scene_1_extra|scene_1.3_med_probe_y03_13p53|705|47,scene_1_extra|scene_1.3_med_probe_y03_12p73|679|21,b784cd440a0ea088c9b4e37a0b6be641ca724725,d137a1bc2596a5ca3bcad9a735ba7278629b7eca
scene_1_3_terminalgain_globalmax_interp_0190,family_02,23,6.578375,6.702875,0.1245,30,2,28,2.9,0.818301,0.798,1.02544,0.051554,0.51554,0.548156,0.581436,0.020327,2.39052,0.0,scene_1_extra|scene_1.3_med_probe_y03_13p53|705|47,scene_1_extra|scene_1.3_med_probe_y03_12p73|679|21,cbefd9753fa830f6baf3f995b6e9ebf5de28d9a8,26543ad6bdd2992bb56bb791834a2c669c3fc7be
scene_1_3_terminalgain_globalmax_interp_0191,family_02,24,6.578375,6.702875,0.1245,30,2,28,2.9,0.799972,0.798,1.002472,0.051554,0.51554,0.545871,0.621573,0.070606,0.736563,0.0,scene_1_extra|scene_1.3_med_probe_y03_13p53|705|47,scene_1_extra|scene_1.3_med_probe_y03_12p73|679|21,ec93cc68bbd752183f3056565f353f216f9111de,ab1f4bd4e4bebc3f8b812a4bc31d0cf4a9136fa0
scene_1_3_terminalgain_globalmax_interp_0192,family_02,25,6.578375,6.702875,0.1245,30,2,28,2.9,0.828254,0.798,1.037912,0.051554,0.51554,0.551869,0.723047,0.120885,2.937095,0.0,scene_1_extra|scene_1.3_med_probe_y03_13p53|705|47,scene_1_extra|scene_1.3_med_probe_y03_12p73|679|21,4a7f8854e90171ac2cdc55bd62b3898667e5a151,4a4599e433eab3860f3bfa352850a514ec098064
scene_1_3_terminalgain_globalmax_interp_0193,family_02,26,6.578375,6.702875,0.1245,30,2,28,2.9,0.830157,0.798,1.040296,0.051554,0.51554,0.553385,0.71288,0.171164,3.032125,0.0,scene_1_extra|scene_1.3_med_probe_y03_13p53|705|47,scene_1_extra|scene_1.3_med_probe_y03_12p73|679|21,1ce5d1b4287d779c5e8fb722e03e5af390b938a6,d356a874299554d228e6bc7a0bb140ca67c2b3a4
scene_1_3_terminalgain_globalmax_interp_0194,family_02,27,6.578375,6.702875,0.1245,30,2,28,2.9,0.799416,0.798,1.001774,0.051554,0.51554,0.545827,0.615841,0.172582,0.623213,0.0,scene_1_extra|scene_1.3_med_probe_y03_13p53|705|47,scene_1_extra|scene_1.3_med_probe_y03_12p73|679|21,883846754da95c1ed1160c3784217cd20b8495e3,d1f94dafefd485c05342f9627d2a1d11edd1d90c
scene_1_3_terminalgain_globalmax_interp_0195,family_02,28,6.578375,6.702875,0.1245,30,2,28,2.9,0.823506,0.798,1.031962,0.051554,0.51554,0.549044,0.581436,0.122303,2.688603,0.0,scene_1_extra|scene_1.3_med_probe_y03_13p53|705|47,scene_1_extra|scene_1.3_med_probe_y03_12p73|679|21,0a734d33fb6cebc2b7bad2cb12acfd9e7386e42b,28a421aa888844c7526da881423cb4a8480960e0
scene_1_3_terminalgain_globalmax_interp_0196,family_02,29,6.578375,6.702875,0.1245,30,2,28,2.9,0.836401,0.798,1.048122,0.051554,0.51554,0.558184,0.640127,0.072023,3.325987,0.0,scene_1_extra|scene_1.3_med_probe_y03_13p53|705|47,scene_1_extra|scene_1.3_med_probe_y03_12p73|679|21,590e19ae0f1082647237872e5da3ca327373f926,db0e33922fc198d72de82b695893e1bfddebbfad
scene_1_3_terminalgain_globalmax_interp_0197,family_02,30,6.578375,6.702875,0.1245,30,2,28,2.9,0.811713,0.798,1.017184,0.051554,0.51554,0.547173,0.746375,0.021744,1.955965,0.0,scene_1_extra|scene_1.3_med_probe_y03_13p53|705|47,scene_1_extra|scene_1.3_med_probe_y03_12p73|679|21,4ec6eea42fa36ce6b90c61ec52c5ee20bbbbd642,e3f3bcfff71d2ea9fcdd3190229fd3fab7868ac1
scene_1_3_terminalgain_globalmax_interp_0198,family_02,31,6.578375,6.702875,0.1245,30,2,28,2.9,0.809596,0.798,1.014531,0.051554,0.51554,0.546922,0.689551,0.028535,1.796357,0.0,scene_1_extra|scene_1.3_med_probe_y03_13p53|705|47,scene_1_extra|scene_1.3_med_probe_y03_12p73|679|21,a516049f2f7f1111a48ace9d1307952b7203f3f0,3cb2c97dbf392dd0c4ed2df846a098bf49c21e15
scene_1_3_terminalgain_globalmax_interp_0199,family_02,32,6.578375,6.702875,0.1245,30,2,28,2.9,0.813013,0.798,1.018813,0.051554,0.51554,0.547355,0.602691,0.078814,2.048349,0.0,scene_1_extra|scene_1.3_med_probe_y03_13p53|705|47,scene_1_extra|scene_1.3_med_probe_y03_12p73|679|21,55f7f7f4a411581f4ad7f7f1cadf696245347db7,caab07460d043d18066825778a33022104cc217f
scene_1_3_terminalgain_globalmax_interp_0200,family_02,33,6.578375,6.702875,0.1245,30,2,28,2.9,0.823851,0.798,1.032394,0.051554,0.51554,0.549157,0.587546,0.129094,2.706537,0.0,scene_1_extra|scene_1.3_med_probe_y03_13p53|705|47,scene_1_extra|scene_1.3_med_probe_y03_12p73|679|21,2425bd17e28558a112bbf3ebd36b9c366e4e9d7c,48e20e967c812c5ffa7f432e297951fb668e095b
scene_1_3_terminalgain_globalmax_interp_0201,family_02,34,6.578375,6.702875,0.1245,30,2,28,2.9,0.83878,0.798,1.051103,0.051554,0.51554,0.560177,0.658908,0.165399,3.432193,0.0,scene_1_extra|scene_1.3_med_probe_y03_13p53|705|47,scene_1_extra|scene_1.3_med_probe_y03_12p73|679|21,56ce8eb9d06d78df6895854fd7207e79e6135e51,2ad8b4f1e38132e2a6fd847fa6e039b6f23fe7b1
scene_1_3_terminalgain_globalmax_interp_0202,family_02,35,6.578375,6.702875,0.1245,30,2,28,2.9,0.804818,0.798,1.008544,0.051554,0.51554,0.54633,0.769703,0.11512,1.373214,0.0,scene_1_extra|scene_1.3_med_probe_y03_13p53|705|47,scene_1_extra|scene_1.3_med_probe_y03_12p73|679|21,910afa2ab48c6d00a98af5cb484525bffb1be085,af1703d052ff07cfab7a01841c6257dd3a2895fc
scene_1_3_terminalgain_globalmax_interp_0203,family_02,36,6.578375,6.702875,0.1245,30,2,28,2.9,0.805425,0.798,1.009305,0.051554,0.51554,0.546403,0.778198,0.064841,1.433649,0.0,scene_1_extra|scene_1.3_med_probe_y03_13p53|705|47,scene_1_extra|scene_1.3_med_probe_y03_12p73|679|21,627f4d4e8adcf976646fd0c19672c19ddc8783f0,4239b350c02fc8d3a26ff82b014de337d0ff3352
scene_1_3_terminalgain_globalmax_interp_0204,family_02,37,6.578375,6.702875,0.1245,30,2,28,2.9,0.833929,0.798,1.045024,0.051554,0.51554,0.556315,0.665746,0.014561,3.21227,0.0,scene_1_extra|scene_1.3_med_probe_y03_13p53|705|47,scene_1_extra|scene_1.3_med_probe_y03_12p73|679|21,97ac119829349ffe5ce1e8080be75e48c78781d0,a2e7d3e5d7131ba2b45e6da39bb4885300c6041b
scene_1_3_terminalgain_globalmax_interp_0205,family_02,38,6.578375,6.702875,0.1245,30,2,28,2.9,0.833528,0.798,1.044521,0.051554,0.51554,0.556014,0.590011,0.035718,3.193087,0.0,scene_1_extra|scene_1.3_med_probe_y03_13p53|705|47,scene_1_extra|scene_1.3_med_probe_y03_12p73|679|21,891fa023f4d757420e56428dd79db7f14bc19de2,00a4c5608dbcf0190b279a0c89fec74a9da69215
scene_1_3_terminalgain_globalmax_interp_0206,family_02,39,6.578375,6.702875,0.1245,30,2,28,2.9,0.802408,0.798,1.005523,0.051554,0.51554,0.546077,0.597902,0.085997,1.101637,0.0,scene_1_extra|scene_1.3_med_probe_y03_13p53|705|47,scene_1_extra|scene_1.3_med_probe_y03_12p73|679|21,356a99ff592b6b660a21122d751da0e01fd447fe,e9a98842b306ef55f4da60619b737fa1d1feddbb
scene_1_3_terminalgain_globalmax_interp_0207,family_02,40,6.578375,6.702875,0.1245,30,2,28,2.9,0.80778,0.798,1.012256,0.051554,0.51554,0.546682,0.681444,0.136276,1.648045,0.0,scene_1_extra|scene_1.3_med_probe_y03_13p53|705|47,scene_1_extra|scene_1.3_med_probe_y03_12p73|679|21,4a81a417e5287d13de69c1b49fa5af8a8bc99146,6607f629d89e51b883b9b751aed3bd3038691987
scene_1_3_terminalgain_globalmax_interp_0208,family_02,41,6.578375,6.702875,0.1245,30,2,28,2.9,0.831431,0.798,1.041894,0.051554,0.51554,0.554323,0.754871,0.158216,3.093701,0.0,scene_1_extra|scene_1.3_med_probe_y03_13p53|705|47,scene_1_extra|scene_1.3_med_probe_y03_12p73|679|21,bdb9ced8bc6b3d393b69530f0bd25be6e26f24cb,dfc917d0e110b85a1f2976036ec239725e293ade
scene_1_3_terminalgain_globalmax_interp_0209,family_02,42,6.578375,6.702875,0.1245,30,2,28,2.9,0.818671,0.798,1.025903,0.051554,0.51554,0.548273,0.646966,0.107937,2.41309,0.0,scene_1_extra|scene_1.3_med_probe_y03_13p53|705|47,scene_1_extra|scene_1.3_med_probe_y03_12p73|679|21,52f9b9a6c0b76027d689c1be49bacbb4435b5157,8d0a2df6c813b9f2a39fc3d5849ea7d751b59ff7
scene_1_3_terminalgain_globalmax_interp_0210,family_02,43,6.578375,6.702875,0.1245,30,2,28,2.9,0.817231,0.798,1.024099,0.051554,0.51554,0.548016,0.583243,0.057658,2.325216,0.0,scene_1_extra|scene_1.3_med_probe_y03_13p53|705|47,scene_1_extra|scene_1.3_med_probe_y03_12p73|679|21,287eefb9d4b28731c94e34953ee76cd5b33d88c5,cfecbb52c2ec45795414af6d7b35260b5b64f35b
scene_1_3_terminalgain_globalmax_interp_0211,family_02,44,6.578375,6.702875,0.1245,30,2,28,2.9,0.805438,0.798,1.009321,0.051554,0.51554,0.546408,0.611053,0.007379,1.434513,0.0,scene_1_extra|scene_1.3_med_probe_y03_13p53|705|47,scene_1_extra|scene_1.3_med_probe_y03_12p73|679|21,318f18647301598a75aefa52bd36f66d572a6688,b4f44151ec0e1d59f231929183372c29605ee820
scene_1_3_terminalgain_globalmax_interp_0212,family_02,45,6.578375,6.702875,0.1245,30,2,28,2.9,0.817132,0.798,1.023975,0.051554,0.51554,0.547976,0.704384,0.042901,2.318806,0.0,scene_1_extra|scene_1.3_med_probe_y03_13p53|705|47,scene_1_extra|scene_1.3_med_probe_y03_12p73|679|21,ad8446da97ea7a1b463cd5be40a9492d643994c2,8fb5be0ba80fdc01dc5fecb4497f62f02b5004e5
scene_1_3_terminalgain_globalmax_interp_0213,family_02,46,6.578375,6.702875,0.1245,30,2,28,2.9,0.836784,0.798,1.048601,0.051554,0.51554,0.558562,0.731542,0.09318,3.342841,0.0,scene_1_extra|scene_1.3_med_probe_y03_13p53|705|47,scene_1_extra|scene_1.3_med_probe_y03_12p73|679|21,8c11d24b3c6de6beba5c8661e8b9992cb58cf481,e95140ae0451e3382203e672eaf0ca392612358d
scene_1_3_terminalgain_globalmax_interp_0214,family_02,47,6.578375,6.702875,0.1245,30,2,28,2.9,0.832871,0.798,1.043698,0.051554,0.51554,0.555503,0.628185,0.143459,3.161721,0.0,scene_1_extra|scene_1.3_med_probe_y03_13p53|705|47,scene_1_extra|scene_1.3_med_probe_y03_12p73|679|21,3f825beec8ea69aa0e64e4b023b6acc86152cab4,2a34879f5745017b89ad010e9384365e308ff7d8
scene_1_3_terminalgain_globalmax_interp_0215,family_02,48,6.578375,6.702875,0.1245,30,2,28,2.9,0.800551,0.798,1.003197,0.051554,0.51554,0.5459,0.581436,0.151034,0.837222,0.0,scene_1_extra|scene_1.3_med_probe_y03_13p53|705|47,scene_1_extra|scene_1.3_med_probe_y03_12p73|679|21,c12366d452bfcda67509d1944e8566aeda4d95b8,56ed13df10bda876dd1b384604ad088870113b6d
scene_1_3_terminalgain_globalmax_interp_0216,family_02,49,6.578375,6.702875,0.1245,30,2,28,2.9,0.832221,0.798,1.042884,0.051554,0.51554,0.554999,0.625103,0.100754,3.131301,0.0,scene_1_extra|scene_1.3_med_probe_y03_13p53|705|47,scene_1_extra|scene_1.3_med_probe_y03_12p73|679|21,61790ef01bac5ca742a0110647d3214bb624cf44,1fffceba7c0927ce2b1937cb37e4d8fc60622dff
scene_1_3_terminalgain_globalmax_interp_0217,family_02,50,6.578375,6.702875,0.1245,30,2,28,2.9,0.842689,0.798,1.056002,0.051554,0.51554,0.563251,0.727713,0.050475,3.600762,0.0,scene_1_extra|scene_1.3_med_probe_y03_13p53|705|47,scene_1_extra|scene_1.3_med_probe_y03_12p73|679|21,4b0e7f5345bb87a5e1a20b4998ba5175faa54af9,3de059fda6d8e1337d4f7286427f3883200d64d1
scene_1_3_terminalgain_globalmax_interp_0218,family_02,51,6.578375,6.702875,0.1245,30,2,28,2.9,0.798171,0.798,1.000215,0.051554,0.51554,0.545719,0.708214,0.000196,0.227983,0.0,scene_1_extra|scene_1.3_med_probe_y03_13p53|705|47,scene_1_extra|scene_1.3_med_probe_y03_12p73|679|21,bd705a36af5af903f8934312f8477c65b3e9385e,d38ac80aacf1e389551561774380ad82ca4291a0
scene_1_3_terminalgain_globalmax_interp_0219,family_02,52,6.578375,6.702875,0.1245,30,2,28,2.9,0.816982,0.798,1.023787,0.051554,0.51554,0.547985,0.613211,0.050083,2.309611,0.0,scene_1_extra|scene_1.3_med_probe_y03_13p53|705|47,scene_1_extra|scene_1.3_med_probe_y03_12p73|679|21,6a2063305472e3e20963902f67b7b49889ee27b5,8fd56ead924fa55dd26e23923b2ccd5760d02dfe
scene_1_3_terminalgain_globalmax_interp_0220,family_02,53,6.578375,6.702875,0.1245,30,2,28,2.9,0.815915,0.798,1.02245,0.051554,0.51554,0.547815,0.582132,0.100363,2.2417,0.0,scene_1_extra|scene_1.3_med_probe_y03_13p53|705|47,scene_1_extra|scene_1.3_med_probe_y03_12p73|679|21,f740833540748c6b7467748878c4c8a535bdc1ca,40d5c8797427656e158f8857c9924578b866f340
scene_1_3_terminalgain_globalmax_interp_0221,family_02,54,6.578375,6.702875,0.1245,30,2,28,2.9,0.814984,0.798,1.021283,0.051554,0.51554,0.547655,0.643883,0.150642,2.181171,0.0,scene_1_extra|scene_1.3_med_probe_y03_13p53|705|47,scene_1_extra|scene_1.3_med_probe_y03_12p73|679|21,cae65abe9d019d021f6a8f4e4be6f54b1ecc64f2,05c6f0185118f5a2c21833f9ae1f7e7e0cefb1fd
scene_1_3_terminalgain_globalmax_interp_0222,family_02,55,6.578375,6.702875,0.1245,30,2,28,2.9,0.823642,0.798,1.032133,0.051554,0.51554,0.549099,0.75104,0.143851,2.695262,0.0,scene_1_extra|scene_1.3_med_probe_y03_13p53|705|47,scene_1_extra|scene_1.3_med_probe_y03_12p73|679|21,095f17dd432d33c210fa6dc1f96ce55df11c87b6,cda758af7e44cb3aa5d9739a8d9ff588f5fee6b5
scene_1_3_terminalgain_globalmax_interp_0223,family_02,56,6.578375,6.702875,0.1245,30,2,28,2.9,0.823525,0.798,1.031986,0.051554,0.51554,0.549049,0.684886,0.093572,2.689014,0.0,scene_1_extra|scene_1.3_med_probe_y03_13p53|705|47,scene_1_extra|scene_1.3_med_probe_y03_12p73|679|21,8352ca3f8cf59a40e9114a7df403b3b05e121882,be3b3be44f896d4ce82aa2802316f7be79cca0b8
scene_1_3_terminalgain_globalmax_interp_0224,family_02,57,6.578375,6.702875,0.1245,30,2,28,2.9,0.820104,0.798,1.0277,0.051554,0.51554,0.548492,0.600061,0.043292,2.496837,0.0,scene_1_extra|scene_1.3_med_probe_y03_13p53|705|47,scene_1_extra|scene_1.3_med_probe_y03_12p73|679|21,d1f2cdfeeb6b050e75f51d9696e99cf5c3011e16,05663679321a8def543f6ef90bc1d249260c49b2
scene_1_3_terminalgain_globalmax_interp_0225,family_02,58,6.578375,6.702875,0.1245,30,2,28,2.9,0.826947,0.798,1.036274,0.051554,0.51554,0.55088,0.5889,0.006987,2.870752,0.0,scene_1_extra|scene_1.3_med_probe_y03_13p53|705|47,scene_1_extra|scene_1.3_med_probe_y03_12p73|679|21,1b777a31dc26d523546609c203bef3d83bf39931,5991405d7ae1a200e3bf243b9a41e2c97f95bb2f
scene_1_3_terminalgain_globalmax_interp_0226,family_02,59,6.578375,6.702875,0.1245,30,2,28,2.9,0.8126,0.798,1.018295,0.051554,0.51554,0.547289,0.662663,0.057266,2.019074,0.0,scene_1_extra|scene_1.3_med_probe_y03_13p53|705|47,scene_1_extra|scene_1.3_med_probe_y03_12p73|679|21,086a4ea53b6dd7c0fbfad19c4b7d7330d8b980c3,c1e31b1161c5a304c8656b5b92cd2b5f39f4dd34
scene_1_3_terminalgain_globalmax_interp_0227,family_02,60,6.578375,6.702875,0.1245,30,2,28,2.9,0.801534,0.798,1.004428,0.051554,0.51554,0.546,0.774369,0.107545,0.986841,0.0,scene_1_extra|scene_1.3_med_probe_y03_13p53|705|47,scene_1_extra|scene_1.3_med_probe_y03_12p73|679|21,1415d8ff434a1bd65d0a4961368b6458bbb0520b,09e0f6fb4321aa5a0a8011026740910d13ba11de
scene_1_3_terminalgain_globalmax_interp_0228,family_02,61,6.578375,6.702875,0.1245,30,2,28,2.9,0.827979,0.798,1.037568,0.051554,0.51554,0.551627,0.773533,0.157825,2.922055,0.0,scene_1_extra|scene_1.3_med_probe_y03_13p53|705|47,scene_1_extra|scene_1.3_med_probe_y03_12p73|679|21,c38ebea9cf09c1a8deef35902e84c9951daa6707,19b10a491074c016ea82188d77a54749470e1b93
scene_1_3_terminalgain_globalmax_interp_0229,family_02,62,6.578375,6.702875,0.1245,30,2,28,2.9,0.814619,0.798,1.020826,0.051554,0.51554,0.547606,0.66199,0.136668,2.157651,0.0,scene_1_extra|scene_1.3_med_probe_y03_13p53|705|47,scene_1_extra|scene_1.3_med_probe_y03_12p73|679|21,12edd9566bfff34529ccaee7720f6845d6345157,32a37520659850b4c00c98cc044f9b05a9358cc5
scene_1_3_terminalgain_globalmax_interp_0230,family_02,63,6.578375,6.702875,0.1245,30,2,28,2.9,0.805995,0.798,1.010019,0.051554,0.51554,0.546434,0.588657,0.086389,1.488652,0.0,scene_1_extra|scene_1.3_med_probe_y03_13p53|705|47,scene_1_extra|scene_1.3_med_probe_y03_12p73|679|21,d76993a81aab3089ef6a34b9a0eea4b6e88cb59b,fdbf6ec6687da32660fcbbaaf97768048abfc0c7
scene_1_3_terminalgain_globalmax_interp_0231,family_02,64,6.578375,6.702875,0.1245,30,2,28,2.9,0.825047,0.798,1.033893,0.051554,0.51554,0.549375,0.600532,0.03611,2.770644,0.0,scene_1_extra|scene_1.3_med_probe_y03_13p53|705|47,scene_1_extra|scene_1.3_med_probe_y03_12p73|679|21,8e314aa37ba843edcb8585ff267fc9fa1790b1a1,c1da1df3c0f3c110e5abf6846f38b8aaa47ef5c8
scene_1_3_terminalgain_globalmax_interp_0232,family_02,65,6.578375,6.702875,0.1245,30,2,28,2.9,0.844661,0.798,1.058473,0.051554,0.51554,0.564962,0.685722,0.01417,3.684245,0.0,scene_1_extra|scene_1.3_med_probe_y03_13p53|705|47,scene_1_extra|scene_1.3_med_probe_y03_12p73|679|21,a6449a8ab46446fdb1c457a96b44252e3b7a73da,38f094697bfd055befcd0da27aa88c2bd5222585
scene_1_3_terminalgain_globalmax_interp_0233,family_02,66,6.578375,6.702875,0.1245,30,2,28,2.9,0.82395,0.798,1.032519,0.051554,0.51554,0.549172,0.750204,0.064449,2.711676,0.0,scene_1_extra|scene_1.3_med_probe_y03_13p53|705|47,scene_1_extra|scene_1.3_med_probe_y03_12p73|679|21,efd713d4c4565aa02315bff7d5814513d952f0be,3215f58bd077ddd5e580a73d2750cc605af72a2d
scene_1_3_terminalgain_globalmax_interp_0234,family_02,67,6.578375,6.702875,0.1245,30,2,28,2.9,0.808123,0.798,1.012686,0.051554,0.51554,0.546713,0.64321,0.114728,1.676096,0.0,scene_1_extra|scene_1.3_med_probe_y03_13p53|705|47,scene_1_extra|scene_1.3_med_probe_y03_12p73|679|21,c53266a313d8b63505c20df9114b6d123e6997b5,628a47ce7ebc7ce1f282b7172c11724a2895b9eb
scene_1_3_terminalgain_globalmax_interp_0235,family_02,68,6.578375,6.702875,0.1245,30,2,28,2.9,0.813542,0.798,1.019476,0.051554,0.51554,0.547436,0.581889,0.165007,2.08446,0.0,scene_1_extra|scene_1.3_med_probe_y03_13p53|705|47,scene_1_extra|scene_1.3_med_probe_y03_12p73|679|21,a2f6651cc97572731c1b55e048ada0c39dfa32b1,a2715e2719c7027ad4dc66f696271c97b92d10a4
scene_1_3_terminalgain_globalmax_interp_0236,family_02,69,6.578375,6.702875,0.1245,30,2,28,2.9,0.810679,0.798,1.015889,0.051554,0.51554,0.547021,0.613682,0.129485,1.879564,0.0,scene_1_extra|scene_1.3_med_probe_y03_13p53|705|47,scene_1_extra|scene_1.3_med_probe_y03_12p73|679|21,a799562a7532176118287640d65a3d9ecfbedfad,b0f9f4a78a278434517b5026f476263ee457aca9
scene_1_3_terminalgain_globalmax_interp_0237,family_02,70,6.578375,6.702875,0.1245,30,2,28,2.9,0.829756,0.798,1.039795,0.051554,0.51554,0.553051,0.70905,0.079206,3.011631,0.0,scene_1_extra|scene_1.3_med_probe_y03_13p53|705|47,scene_1_extra|scene_1.3_med_probe_y03_12p73|679|21,83c4d96e033a2b5b43e587f14561c0acd46eb140,44e17ca079dd795074342749ac9caedab527687f
scene_1_3_terminalgain_globalmax_interp_0238,family_02,71,6.578375,6.702875,0.1245,30,2,28,2.9,0.806351,0.798,1.010464,0.051554,0.51554,0.546506,0.726877,0.028927,1.520945,0.0,scene_1_extra|scene_1.3_med_probe_y03_13p53|705|47,scene_1_extra|scene_1.3_med_probe_y03_12p73|679|21,45d686818552916ac7e69ea77f44f446616bb007,b413b6c7e7aca3649defc768c03b3f7da50436c9
scene_1_3_terminalgain_globalmax_interp_0239,family_02,72,6.578375,6.702875,0.1245,30,2,28,2.9,0.802033,0.798,1.005053,0.051554,0.51554,0.546063,0.62443,0.021352,1.054455,0.0,scene_1_extra|scene_1.3_med_probe_y03_13p53|705|47,scene_1_extra|scene_1.3_med_probe_y03_12p73|679|21,015b4d46dca92f085294b870fdfc86eef30e1828,b3a0c8ff83077d6b06406edef60b624ec92f5389
scene_1_3_terminalgain_globalmax_interp_0240,family_02,73,6.578375,6.702875,0.1245,30,2,28,2.9,0.851578,0.798,1.067141,0.051554,0.51554,0.570631,0.581436,0.071632,3.964574,0.0,scene_1_extra|scene_1.3_med_probe_y03_13p53|705|47,scene_1_extra|scene_1.3_med_probe_y03_12p73|679|21,8df37a86c899911692b03c603f023347eb6b8275,003f8cdfa6dbb02d6d6210edd2433d37ec73913e
scene_1_3_terminalgain_globalmax_interp_0241,family_02,74,6.578375,6.702875,0.1245,30,2,28,2.9,0.846443,0.798,1.060705,0.051554,0.51554,0.566366,0.628859,0.121911,3.757505,0.0,scene_1_extra|scene_1.3_med_probe_y03_13p53|705|47,scene_1_extra|scene_1.3_med_probe_y03_12p73|679|21,2902cab5a960feff8b289df3ae83df65313667cf,9b483c95edc797d148c9a6aecf3c4970211e1a83
scene_1_3_terminalgain_globalmax_interp_0242,family_02,75,6.578375,6.702875,0.1245,30,2,28,2.9,0.803166,0.798,1.006473,0.051554,0.51554,0.546162,0.732378,0.17219,1.194788,0.0,scene_1_extra|scene_1.3_med_probe_y03_13p53|705|47,scene_1_extra|scene_1.3_med_probe_y03_12p73|679|21,cae5f6358e563913cd193f065ad05a7e1a2204a1,5c8a1997160c11350c76b011b58a6ad5a6530a79
scene_1_3_terminalgain_globalmax_interp_0243,family_02,76,6.578375,6.702875,0.1245,30,2,28,2.9,0.804412,0.798,1.008035,0.051554,0.51554,0.546284,0.703548,0.171556,1.330932,0.0,scene_1_extra|scene_1.3_med_probe_y03_13p53|705|47,scene_1_extra|scene_1.3_med_probe_y03_12p73|679|21,48846bb09d4c8ddc57f37235f09de970c414cf5f,6a4a0986219e7149950cad7d04c9802b8c42564f
scene_1_3_terminalgain_globalmax_interp_0244,family_02,77,6.578375,6.702875,0.1245,30,2,28,2.9,0.83374,0.798,1.044787,0.051554,0.51554,0.556119,0.610582,0.121277,3.202247,0.0,scene_1_extra|scene_1.3_med_probe_y03_13p53|705|47,scene_1_extra|scene_1.3_med_probe_y03_12p73|679|21,a9b8f570abef096ca3024b40463de9928f7b785f,1069c4dc291985f1877b9e532a76264836eabc3a
scene_1_3_terminalgain_globalmax_interp_0245,family_02,78,6.578375,6.702875,0.1245,30,2,28,2.9,0.806961,0.798,1.011229,0.051554,0.51554,0.546551,0.583486,0.070998,1.576103,0.0,scene_1_extra|scene_1.3_med_probe_y03_13p53|705|47,scene_1_extra|scene_1.3_med_probe_y03_12p73|679|21,78bc5afbf9035150c87cecb439903ee2cc2030c3,adea5a40891e800acdd18010495bdda698d2dd30
scene_1_3_terminalgain_globalmax_interp_0246,family_02,79,6.578375,6.702875,0.1245,30,2,28,2.9,0.816563,0.798,1.023261,0.051554,0.51554,0.547917,0.647639,0.020718,2.282638,0.0,scene_1_extra|scene_1.3_med_probe_y03_13p53|705|47,scene_1_extra|scene_1.3_med_probe_y03_12p73|679|21,f5f67a2a4fea529fb2092df78f6c3f5768acec63,837dcd2e727ebe244e3d9e738d2ee8cb9500040b
scene_1_3_terminalgain_globalmax_interp_0247,family_02,80,6.578375,6.702875,0.1245,30,2,28,2.9,0.807518,0.798,1.011927,0.051554,0.51554,0.546666,0.755707,0.029561,1.624666,0.0,scene_1_extra|scene_1.3_med_probe_y03_13p53|705|47,scene_1_extra|scene_1.3_med_probe_y03_12p73|679|21,69873e75739be32ba40d497c8824745429cdf6f9,a34f4f0f59fe8097b4d279c536f13ffde7edc3b9
scene_1_3_terminalgain_globalmax_interp_0248,family_02,81,6.578375,6.702875,0.1245,30,2,28,2.9,0.82985,0.798,1.039912,0.051554,0.51554,0.553083,0.680771,0.07984,3.016691,0.0,scene_1_extra|scene_1.3_med_probe_y03_13p53|705|47,scene_1_extra|scene_1.3_med_probe_y03_12p73|679|21,d3342714f093f7903a4e780053f6bd2a70ab4a2a,7223cc397e4316c5d78306afc75614e38f7bfd7e
scene_1_3_terminalgain_globalmax_interp_0249,family_02,82,6.578375,6.702875,0.1245,30,2,28,2.9,0.84851,0.798,1.063295,0.051554,0.51554,0.568076,0.597432,0.130119,3.841078,0.0,scene_1_extra|scene_1.3_med_probe_y03_13p53|705|47,scene_1_extra|scene_1.3_med_probe_y03_12p73|679|21,98d57f87524adece696f1a5a22c1f0118c8f3787,8c23715f5b7b81b1c1bc4d5db5176106935ca5cf
scene_1_3_terminalgain_globalmax_interp_0250,family_02,83,6.578375,6.702875,0.1245,30,2,28,2.9,0.824562,0.798,1.033286,0.051554,0.51554,0.549285,0.590254,0.164373,2.744801,0.0,scene_1_extra|scene_1.3_med_probe_y03_13p53|705|47,scene_1_extra|scene_1.3_med_probe_y03_12p73|679|21,79316d5fc08afc8dcc45749d16c13046480f586b,7a48652afd60b7ac6e3641a08e62d91b591063a3
scene_1_3_terminalgain_globalmax_interp_0251,family_02,84,6.578375,6.702875,0.1245,30,2,28,2.9,0.8078,0.798,1.012281,0.051554,0.51554,0.546675,0.666419,0.114094,1.649939,0.0,scene_1_extra|scene_1.3_med_probe_y03_13p53|705|47,scene_1_extra|scene_1.3_med_probe_y03_12p73|679|21,239c35694a8659fd31fd51d3b5773ceb25887543,c2f2f55998b525ca9ab0a0d8dac5f2ccfff37781
scene_1_3_terminalgain_globalmax_interp_0252,family_02,85,6.578375,6.702875,0.1245,30,2,28,2.9,0.812562,0.798,1.018249,0.051554,0.51554,0.547266,0.779034,0.063815,2.017008,0.0,scene_1_extra|scene_1.3_med_probe_y03_13p53|705|47,scene_1_extra|scene_1.3_med_probe_y03_12p73|679|21,5f433a886ac780a651c50ab6e6a348a5194f51c4,60012fbd842b87d638f617b99d3e91fd5dab443a
scene_1_3_terminalgain_globalmax_interp_0253,family_02,86,6.578375,6.702875,0.1245,30,2,28,2.9,0.830506,0.798,1.040735,0.051554,0.51554,0.553638,0.768867,0.013536,3.048331,0.0,scene_1_extra|scene_1.3_med_probe_y03_13p53|705|47,scene_1_extra|scene_1.3_med_probe_y03_12p73|679|21,831a4d4a5526c4490916b44617ac4c4f4364d059,770c97099bfe252da3ae984d85064fa1cc56f93f
scene_1_3_terminalgain_globalmax_interp_0254,family_02,87,6.578375,6.702875,0.1245,30,2,28,2.9,0.800292,0.798,1.002872,0.051554,0.51554,0.545888,0.658234,0.036744,0.793768,0.0,scene_1_extra|scene_1.3_med_probe_y03_13p53|705|47,scene_1_extra|scene_1.3_med_probe_y03_12p73|679|21,706906f3621bf716945fe46ac9feb324eec4ae99,1de10550c0ad9ec2ce0c7842bfffa58304c6b61d
scene_1_3_terminalgain_globalmax_interp_0255,family_02,88,6.578375,6.702875,0.1245,30,2,28,2.9,0.813673,0.798,1.019641,0.051554,0.51554,0.547459,0.587304,0.087023,2.093438,0.0,scene_1_extra|scene_1.3_med_probe_y03_13p53|705|47,scene_1_extra|scene_1.3_med_probe_y03_12p73|679|21,37af3e70887703ffeef86a8df78fad1211f5c01e,9f4df6e37df557a2c08bf8cdc39bb79cf747e8cf
scene_1_3_terminalgain_globalmax_interp_0256,family_02,89,6.578375,6.702875,0.1245,30,2,28,2.9,0.823657,0.798,1.032152,0.051554,0.51554,0.54909,0.603163,0.137302,2.697182,0.0,scene_1_extra|scene_1.3_med_probe_y03_13p53|705|47,scene_1_extra|scene_1.3_med_probe_y03_12p73|679|21,d861a7b55e8ecf852345e72b824429a2c198f4c1,ba463e2fc1a57ce9efcae2bb4b4ca984d68d55bc
scene_1_3_terminalgain_globalmax_interp_0257,family_02,90,6.578375,6.702875,0.1245,30,2,28,2.9,0.823487,0.798,1.031938,0.051554,0.51554,0.549133,0.690388,0.157191,2.686875,0.0,scene_1_extra|scene_1.3_med_probe_y03_13p53|705|47,scene_1_extra|scene_1.3_med_probe_y03_12p73|679|21,8d7849edcafaa13dbb5c9ec80ba5b8c45f04bee4,02c1fbc5736a1e0b635f67e74bcf38fb133ae2e6
scene_1_3_terminalgain_globalmax_interp_0258,family_02,91,6.578375,6.702875,0.1245,30,2,28,2.9,0.823161,0.798,1.03153,0.051554,0.51554,0.549019,0.745539,0.106911,2.669157,0.0,scene_1_extra|scene_1.3_med_probe_y03_13p53|705|47,scene_1_extra|scene_1.3_med_probe_y03_12p73|679|21,6e7793839c5b94133936b42021d329ef2700d3bd,03fb0d35bb03bca363c213ede5b3f14a2f4e0365
scene_1_3_terminalgain_globalmax_interp_0259,family_02,92,6.578375,6.702875,0.1245,30,2,28,2.9,0.824666,0.798,1.033416,0.051554,0.51554,0.549341,0.639454,0.056632,2.750782,0.0,scene_1_extra|scene_1.3_med_probe_y03_13p53|705|47,scene_1_extra|scene_1.3_med_probe_y03_12p73|679|21,aaafec294861bc2f393a80975716a4d86509b8f1,62d580c19497181214d257b5e37fe9e19faf6080
scene_1_3_terminalgain_globalmax_interp_0260,family_02,93,6.578375,6.702875,0.1245,30,2,28,2.9,0.812207,0.798,1.017803,0.051554,0.51554,0.547295,0.581436,0.006353,1.991284,0.0,scene_1_extra|scene_1.3_med_probe_y03_13p53|705|47,scene_1_extra|scene_1.3_med_probe_y03_12p73|679|21,8e96e1e121b7b1a3b8cc62bfb058bf5704905fc0,8e88d9cd93b34b07a580ec10ab7952db3c48b67f
scene_1_3_terminalgain_globalmax_interp_0261,family_02,94,6.578375,6.702875,0.1245,30,2,28,2.9,0.818436,0.798,1.025609,0.051554,0.51554,0.548211,0.616313,0.043926,2.398128,0.0,scene_1_extra|scene_1.3_med_probe_y03_13p53|705|47,scene_1_extra|scene_1.3_med_probe_y03_12p73|679|21,b51885e0b452ca0946ae739f9f25bbb5834597ff,fcd19d55a8a42afe9e26ae5ae46579e190eccece
scene_1_3_terminalgain_globalmax_interp_0262,family_02,95,6.578375,6.702875,0.1245,30,2,28,2.9,0.815076,0.798,1.021398,0.051554,0.51554,0.547648,0.713716,0.094206,2.18723,0.0,scene_1_extra|scene_1.3_med_probe_y03_13p53|705|47,scene_1_extra|scene_1.3_med_probe_y03_12p73|679|21,a73a62d6167ee7a00e380b5afe375e22f4118c0b,395036a55fa211c5fa5305d8397e2c9a41bb13b6
scene_1_3_terminalgain_globalmax_interp_0263,family_02,96,6.578375,6.702875,0.1245,30,2,28,2.9,0.798539,0.798,1.000676,0.051554,0.51554,0.54574,0.72221,0.144485,0.411252,0.0,scene_1_extra|scene_1.3_med_probe_y03_13p53|705|47,scene_1_extra|scene_1.3_med_probe_y03_12p73|679|21,928d9842468c64f975df501cc05e2de5e10989ad,aae3ba038adf74260d067d9df826a72f0ae6532e
scene_1_3_terminalgain_globalmax_interp_0264,family_02,97,6.578375,6.702875,0.1245,30,2,28,2.9,0.839444,0.798,1.051935,0.051554,0.51554,0.560723,0.621101,0.150008,3.460756,0.0,scene_1_extra|scene_1.3_med_probe_y03_13p53|705|47,scene_1_extra|scene_1.3_med_probe_y03_12p73|679|21,a68dccb4de462068d3e46577effd0c51d78f0d78,2363362a4905850d9b061ce08f950f0b229bccb4
scene_1_3_terminalgain_globalmax_interp_0265,family_02,98,6.578375,6.702875,0.1245,30,2,28,2.9,0.830333,0.798,1.040517,0.051554,0.51554,0.553511,0.581436,0.099729,3.040148,0.0,scene_1_extra|scene_1.3_med_probe_y03_13p53|705|47,scene_1_extra|scene_1.3_med_probe_y03_12p73|679|21,8b4579e53c22eacdc4edcc5fcac5f74c92aab88e,02fc84277b8f62826454f83018ecebfebb0d921b
scene_1_3_terminalgain_globalmax_interp_0266,family_02,99,6.578375,6.702875,0.1245,30,2,28,2.9,0.800772,0.798,1.003473,0.051554,0.51554,0.545932,0.632615,0.049449,0.872732,0.0,scene_1_extra|scene_1.3_med_probe_y03_13p53|705|47,scene_1_extra|scene_1.3_med_probe_y03_12p73|679|21,cc3b6c00db72aee68335773c467e76835f0ccdc2,af9bd0e1e4ca5ad85ee8d74a863d5c6aaa8860ce
scene_1_3_terminalgain_globalmax_interp_0267,family_02,100,6.578375,6.702875,0.1245,30,2,28,2.9,0.832371,0.798,1.043071,0.051554,0.51554,0.55505,0.737043,0.00083,3.138005,0.0,scene_1_extra|scene_1.3_med_probe_y03_13p53|705|47,scene_1_extra|scene_1.3_med_probe_y03_12p73|679|21,fe2eee37121e2a88d0c43b707cabd77e2a89a7a9,994765b4c8e4655c12349594d1522982f59d92e1
scene_1_3_terminalgain_globalmax_interp_0268,family_02,101,6.578375,6.702875,0.1245,30,2,28,2.9,0.837489,0.798,1.049485,0.051554,0.51554,0.559121,0.698883,0.051109,3.375061,0.0,scene_1_extra|scene_1.3_med_probe_y03_13p53|705|47,scene_1_extra|scene_1.3_med_probe_y03_12p73|679|21,70ab792773a5ffef3249c853a39ef8a0e3256aca,85bffb74700889b7aaa39bb7fc6880db20393bbf
scene_1_3_terminalgain_globalmax_interp_0269,family_02,102,6.578375,6.702875,0.1245,30,2,28,2.9,0.81569,0.798,1.022168,0.051554,0.51554,0.547774,0.607951,0.101388,2.227655,0.0,scene_1_extra|scene_1.3_med_probe_y03_13p53|705|47,scene_1_extra|scene_1.3_med_probe_y03_12p73|679|21,dc296903f0e834c052d38160f00736e13395f417,d17866a7e0d62c7e13936f799f1d15377e5e4225
scene_1_3_terminalgain_globalmax_interp_0270,family_02,103,6.578375,6.702875,0.1245,30,2,28,2.9,0.80619,0.798,1.010263,0.051554,0.51554,0.546495,0.584839,0.151668,1.506662,0.0,scene_1_extra|scene_1.3_med_probe_y03_13p53|705|47,scene_1_extra|scene_1.3_med_probe_y03_12p73|679|21,0d1a8b9f986578321bb534e1f2df54942fda9565,afb8a556460b2e9d4a4778bfd963c7529f72d32b
scene_1_3_terminalgain_globalmax_interp_0271,family_02,104,6.578375,6.702875,0.1245,30,2,28,2.9,0.816601,0.798,1.023309,0.051554,0.51554,0.547919,0.651395,0.142825,2.285857,0.0,scene_1_extra|scene_1.3_med_probe_y03_13p53|705|47,scene_1_extra|scene_1.3_med_probe_y03_12p73|679|21,40655fb25ca262ce30d91475ae7e74f846705cc4,f4c831f37f3d4d778f9ef6705036d510a27f4faf
scene_1_3_terminalgain_globalmax_interp_0272,family_02,105,6.578375,6.702875,0.1245,30,2,28,2.9,0.8202,0.798,1.027819,0.051554,0.51554,0.548538,0.760372,0.092546,2.502024,0.0,scene_1_extra|scene_1.3_med_probe_y03_13p53|705|47,scene_1_extra|scene_1.3_med_probe_y03_12p73|679|21,8ef76948a6c2dd0b3b306135a2f2520f04c6d51d,9ae9f5664d47e28d4dd32ded026dce925e6c1789
scene_1_3_terminalgain_globalmax_interp_0273,family_02,106,6.578375,6.702875,0.1245,30,2,28,2.9,0.830111,0.798,1.040239,0.051554,0.51554,0.553319,0.677014,0.042267,3.028642,0.0,scene_1_extra|scene_1.3_med_probe_y03_13p53|705|47,scene_1_extra|scene_1.3_med_probe_y03_12p73|679|21,692ce050fbdda20541a06bb0f921b0cddbf387ff,cfd95a57078e182d8a3a58467445971cd9e15fe6
scene_1_3_terminalgain_globalmax_interp_0274,family_02,107,6.578375,6.702875,0.1245,30,2,28,2.9,0.807958,0.798,1.012478,0.051554,0.51554,0.546684,0.594801,0.008013,1.662701,0.0,scene_1_extra|scene_1.3_med_probe_y03_13p53|705|47,scene_1_extra|scene_1.3_med_probe_y03_12p73|679|21,01f3569bf8049b1764de6967c02c978b94c2b655,2bfb35abfa9d61bb15909af35a9c4f4a2f1c176f
scene_1_3_terminalgain_globalmax_interp_0275,family_02,108,6.578375,6.702875,0.1245,30,2,28,2.9,0.801826,0.798,1.004795,0.051554,0.51554,0.546038,0.591607,0.058292,1.026141,0.0,scene_1_extra|scene_1.3_med_probe_y03_13p53|705|47,scene_1_extra|scene_1.3_med_probe_y03_12p73|679|21,a42a068a1a0545c5c6e6f38725f77a33a6c3ac59,efaeb5c808256a167f241515e913ab495156951d
scene_1_3_terminalgain_globalmax_interp_0276,family_02,109,6.578375,6.702875,0.1245,30,2,28,2.9,0.83507,0.798,1.046454,0.051554,0.51554,0.557208,0.670176,0.108571,3.264735,0.0,scene_1_extra|scene_1.3_med_probe_y03_13p53|705|47,scene_1_extra|scene_1.3_med_probe_y03_12p73|679|21,a1da41ce6cf58d801df5787de645b348faf60ee5,11aef1b5b74f3c152fc2b7bcfc95665f5258d4f7
scene_1_3_terminalgain_globalmax_interp_0277,family_02,110,6.578375,6.702875,0.1245,30,2,28,2.9,0.832578,0.798,1.04333,0.051554,0.51554,0.55524,0.7837,0.15885,3.148684,0.0,scene_1_extra|scene_1.3_med_probe_y03_13p53|705|47,scene_1_extra|scene_1.3_med_probe_y03_12p73|679|21,ecd379fd00f2ea49d4364a3b69e32a4d2e0cf3de,470641200f36726b877b8fffd993b376887a373d
scene_1_3_terminalgain_globalmax_interp_0278,family_02,111,6.578375,6.702875,0.1245,30,2,28,2.9,0.80621,0.798,1.010288,0.051554,0.51554,0.546485,0.786596,0.135642,1.507713,0.0,scene_1_extra|scene_1.3_med_probe_y03_13p53|705|47,scene_1_extra|scene_1.3_med_probe_y03_12p73|679|21,74bc5e86d1236ffb244d10aa09db1a29e06f20a0,8211aaba680e7b1ef8bcd82d6244e31384742303
scene_1_3_terminalgain_globalmax_interp_0279,family_02,112,6.578375,6.702875,0.1245,30,2,28,2.9,0.80485,0.798,1.008583,0.051554,0.51554,0.546351,0.672507,0.085363,1.37621,0.0,scene_1_extra|scene_1.3_med_probe_y03_13p53|705|47,scene_1_extra|scene_1.3_med_probe_y03_12p73|679|21,b396185ce06750d756a79153816286dc4f902d58,4850e9542fc54b0b5201312169a5d1562efa7dd2
scene_1_3_terminalgain_globalmax_interp_0280,family_02,113,6.578375,6.702875,0.1245,30,2,28,2.9,0.840266,0.798,1.052965,0.051554,0.51554,0.561372,0.592447,0.035084,3.498153,0.0,scene_1_extra|scene_1.3_med_probe_y03_13p53|705|47,scene_1_extra|scene_1.3_med_probe_y03_12p73|679|21,23af6d83598847f458d1a0ac69dd03488d2ba6fa,aca154a1bba214f4967e36fda2ed21e62a7c6c77
scene_1_3_terminalgain_globalmax_interp_0281,family_02,114,6.578375,6.702875,0.1245,30,2,28,2.9,0.827501,0.798,1.036969,0.051554,0.51554,0.551257,0.593232,0.015195,2.899137,0.0,scene_1_extra|scene_1.3_med_probe_y03_13p53|705|47,scene_1_extra|scene_1.3_med_probe_y03_12p73|679|21,095c27c01d46b79e595def9ef31a2574ba4607b6,041c17cdaff5a4ad48ce8ee8327fab3df23acdf7
scene_1_3_terminalgain_globalmax_interp_0282,family_02,115,6.578375,6.702875,0.1245,30,2,28,2.9,0.81295,0.798,1.018734,0.051554,0.51554,0.547311,0.674683,0.065475,2.044155,0.0,scene_1_extra|scene_1.3_med_probe_y03_13p53|705|47,scene_1_extra|scene_1.3_med_probe_y03_12p73|679|21,4f1cc415b7188ae0eeed64d4f3fd80557ee943fd,ca358828cd28e58085224c8b932935fef7045f6d
scene_1_3_terminalgain_globalmax_interp_0283,family_02,116,6.578375,6.702875,0.1245,30,2,28,2.9,0.811185,0.798,1.016522,0.051554,0.51554,0.547097,0.763268,0.115754,1.917358,0.0,scene_1_extra|scene_1.3_med_probe_y03_13p53|705|47,scene_1_extra|scene_1.3_med_probe_y03_12p73|679|21,cc421c76f49cedbc538919e9a791a3821c1eadc9,c6971e597c55b1ae2fa19abec0adcdf4d347428d
scene_1_3_terminalgain_globalmax_interp_0284,family_02,117,6.578375,6.702875,0.1245,30,2,28,2.9,0.80944,0.798,1.014336,0.051554,0.51554,0.546857,0.653727,0.166033,1.783884,0.0,scene_1_extra|scene_1.3_med_probe_y03_13p53|705|47,scene_1_extra|scene_1.3_med_probe_y03_12p73|679|21,febf33fcc131c602e04e71d78339c9988efe5b92,9082f02add013fc7c14e75812a3f10f5586c7ee8
scene_1_3_terminalgain_globalmax_interp_0285,family_02,118,6.578375,6.702875,0.1245,30,2,28,2.9,0.839286,0.798,1.051737,0.051554,0.51554,0.560525,0.585679,0.12846,3.454728,0.0,scene_1_extra|scene_1.3_med_probe_y03_13p53|705|47,scene_1_extra|scene_1.3_med_probe_y03_12p73|679|21,d0b4cb0aed9f1b708dd573ba4f6ce192730c6669,3113313766d5e4819c237f70fce5075157a7b479
scene_1_3_terminalgain_globalmax_interp_0286,family_02,119,6.578375,6.702875,0.1245,30,2,28,2.9,0.821936,0.798,1.029995,0.051554,0.51554,0.548746,0.606318,0.07818,2.601971,0.0,scene_1_extra|scene_1.3_med_probe_y03_13p53|705|47,scene_1_extra|scene_1.3_med_probe_y03_12p73|679|21,790fd9198ec8c0e2552ea547cc9a754476550c45,780ad95f5d797d0597eac1a284e2d12a91787c27
scene_1_3_terminalgain_globalmax_interp_0287,family_02,120,6.578375,6.702875,0.1245,30,2,28,2.9,0.800105,0.798,1.002638,0.051554,0.51554,0.545866,0.695986,0.027901,0.760935,0.0,scene_1_extra|scene_1.3_med_probe_y03_13p53|705|47,scene_1_extra|scene_1.3_med_probe_y03_12p73|679|21,cee5df3c86889034bacc831b0186fdbbec82bab7,82d02733db0fd0e7b849fd21ef79a981ba0ee8a3
scene_1_3_terminalgain_globalmax_interp_0288,family_02,121,6.578375,6.702875,0.1245,30,2,28,2.9,0.827111,0.798,1.03648,0.051554,0.51554,0.551022,0.73994,0.022378,2.878595,0.0,scene_1_extra|scene_1.3_med_probe_y03_13p53|705|47,scene_1_extra|scene_1.3_med_probe_y03_12p73|679|21,338ee21c697394bbe767c02c85bbe6b5627d7bad,24da57582064f349804abca8dc9425fcc3fbe457
scene_1_3_terminalgain_globalmax_interp_0289,family_02,122,6.578375,6.702875,0.1245,30,2,28,2.9,0.831177,0.798,1.041575,0.051554,0.51554,0.554133,0.634947,0.072657,3.081292,0.0,scene_1_extra|scene_1.3_med_probe_y03_13p53|705|47,scene_1_extra|scene_1.3_med_probe_y03_12p73|679|21,1667022fbe5f40811bc958eed7dfaca579f275ed,eec0e8c1ec39039e55dcef8ca0c2656a95551815
scene_1_3_terminalgain_globalmax_interp_0290,family_02,123,6.578375,6.702875,0.1245,30,2,28,2.9,0.799159,0.798,1.001452,0.051554,0.51554,0.545796,0.581436,0.122937,0.564592,0.0,scene_1_extra|scene_1.3_med_probe_y03_13p53|705|47,scene_1_extra|scene_1.3_med_probe_y03_12p73|679|21,5463af56ba1ad1fdb989d39e626ffc152470a408,cbfde16da52550351c51693e06bba6b1c5e065b9
scene_1_3_terminalgain_globalmax_interp_0291,family_02,124,6.578375,6.702875,0.1245,30,2,28,2.9,0.819768,0.798,1.027279,0.051554,0.51554,0.548453,0.619468,0.173216,2.477772,0.0,scene_1_extra|scene_1.3_med_probe_y03_13p53|705|47,scene_1_extra|scene_1.3_med_probe_y03_12p73|679|21,2d9d4c073fb1888a917d68222e2b961b3b24e116,a445205e63699f7684ab539cb73f8a04135aea63
scene_1_3_terminalgain_globalmax_interp_0292,family_02,125,6.578375,6.702875,0.1245,30,2,28,2.9,0.81686,0.798,1.023634,0.051554,0.51554,0.547921,0.719315,0.170529,2.302349,0.0,scene_1_extra|scene_1.3_med_probe_y03_13p53|705|47,scene_1_extra|scene_1.3_med_probe_y03_12p73|679|21,62a1f849a5670b11a2b6cd7b4457d07c90520189,b3a162fe9c540b58a5597a60f931d1d14fbc46aa
scene_1_3_terminalgain_globalmax_interp_0293,family_02,126,6.578375,6.702875,0.1245,30,2,28,2.9,0.812167,0.798,1.017754,0.051554,0.51554,0.54721,0.716612,0.12025,1.988036,0.0,scene_1_extra|scene_1.3_med_probe_y03_13p53|705|47,scene_1_extra|scene_1.3_med_probe_y03_12p73|679|21,66230c2cf60880f0e0c13d50ad22466e9fc658ba,24fed350d4a720eaf7e5ed0e98ad0dd201ffdde0
scene_1_3_terminalgain_globalmax_interp_0294,family_02,127,6.578375,6.702875,0.1245,30,2,28,2.9,0.833592,0.798,1.044601,0.051554,0.51554,0.556096,0.617946,0.069971,3.195766,0.0,scene_1_extra|scene_1.3_med_probe_y03_13p53|705|47,scene_1_extra|scene_1.3_med_probe_y03_12p73|679|21,23ffe8e67de79ec9ede38cd8d33952d885053f22,6348bbba271373e7efb34aa7b12760d488e47905
scene_1_3_terminalgain_globalmax_interp_0295,family_02,128,6.578375,6.702875,0.1245,30,2,28,2.9,0.826183,0.798,1.035317,0.051554,0.51554,0.550296,0.581435,0.019691,2.830638,0.0,scene_1_extra|scene_1.3_med_probe_y03_13p53|705|47,scene_1_extra|scene_1.3_med_probe_y03_12p73|679|21,48ff5081bff208a00553a7eefd972f9cb8dd9cc8,ca0e3225c54f34cd5c042ab016767692e280542d
scene_1_3_terminalgain_globalmax_interp_0296,family_02,129,6.578375,6.702875,0.1245,30,2,28,2.9,0.827352,0.798,1.036782,0.051554,0.51554,0.551172,0.637122,0.030587,2.891326,0.0,scene_1_extra|scene_1.3_med_probe_y03_13p53|705|47,scene_1_extra|scene_1.3_med_probe_y03_12p73|679|21,23e4108d851e9c8186c4acb5bfbc03848f631a70,34a8e91d028d6345850c71d190e316da97095b79
scene_1_3_terminalgain_globalmax_interp_0297,family_02,130,6.578375,6.702875,0.1245,30,2,28,2.9,0.828915,0.798,1.038741,0.051554,0.51554,0.552392,0.742642,0.080866,2.969964,0.0,scene_1_extra|scene_1.3_med_probe_y03_13p53|705|47,scene_1_extra|scene_1.3_med_probe_y03_12p73|679|21,50253dd422a3ef3c4f07e998e410df0060fde2ef,824286c52d04dffa59d7e34d2a119f848bdc82ac
scene_1_3_terminalgain_globalmax_interp_0298,family_02,131,6.578375,6.702875,0.1245,30,2,28,2.9,0.814824,0.798,1.021083,0.051554,0.51554,0.547661,0.693283,0.131145,2.171122,0.0,scene_1_extra|scene_1.3_med_probe_y03_13p53|705|47,scene_1_extra|scene_1.3_med_probe_y03_12p73|679|21,ac9d7aff051eab5da284c46e114cf6eee32faf46,247297210580d9234b61276e9a9ddfb3508e0b1b
scene_1_3_terminalgain_globalmax_interp_0299,family_02,132,6.578375,6.702875,0.1245,30,2,28,2.9,0.80325,0.798,1.00658,0.051554,0.51554,0.546148,0.604796,0.163346,1.202713,0.0,scene_1_extra|scene_1.3_med_probe_y03_13p53|705|47,scene_1_extra|scene_1.3_med_probe_y03_12p73|679|21,5924f03d11ba3bef6c9a1776bdf7a095bd01c6e5,4c69aa89f4425fa0310b42cb9fc443e780d59432
scene_1_3_terminalgain_globalmax_interp_0300,family_02,133,6.578375,6.702875,0.1245,30,2,28,2.9,0.822481,0.798,1.030678,0.051554,0.51554,0.548912,0.586464,0.113067,2.630926,0.0,scene_1_extra|scene_1.3_med_probe_y03_13p53|705|47,scene_1_extra|scene_1.3_med_probe_y03_12p73|679|21,2d6de14a851a37b3b84e3cc27f6442dbfc3765e3,f2ceee25261ea8ed5b9d645fbfabe32d2c315608
scene_1_3_terminalgain_globalmax_interp_0301,family_02,134,6.578375,6.702875,0.1245,30,2,28,2.9,0.81925,0.798,1.026629,0.051554,0.51554,0.548337,0.655902,0.062788,2.446542,0.0,scene_1_extra|scene_1.3_med_probe_y03_13p53|705|47,scene_1_extra|scene_1.3_med_probe_y03_12p73|679|21,5ff9786a3859a926c43e201370faef42301e01fd,f397f2ee9edae1677d060ac1745fd7cb115a1b6e
scene_1_3_terminalgain_globalmax_interp_0302,family_02,135,6.578375,6.702875,0.1245,30,2,28,2.9,0.803269,0.798,1.006603,0.051554,0.51554,0.546148,0.76597,0.012509,1.206121,0.0,scene_1_extra|scene_1.3_med_probe_y03_13p53|705|47,scene_1_extra|scene_1.3_med_probe_y03_12p73|679|21,99217ff27b7d3283d3ebd7f56412bbb992e6e658,06cd73462d3527e9b59c2c3e7fc684d37fe99197
scene_1_3_terminalgain_globalmax_interp_0303,family_02,136,6.578375,6.702875,0.1245,30,2,28,2.9,0.821907,0.798,1.029959,0.051554,0.51554,0.548737,0.781931,0.037769,2.599477,0.0,scene_1_extra|scene_1.3_med_probe_y03_13p53|705|47,scene_1_extra|scene_1.3_med_probe_y03_12p73|679|21,c0e5a39bca8739570e3e23f9f2986a306255e178,0a49fe268e9736dcba1cfcdd409160e6161592d8
scene_1_3_terminalgain_globalmax_interp_0304,family_02,137,6.578375,6.702875,0.1245,30,2,28,2.9,0.844167,0.798,1.057854,0.051554,0.51554,0.564521,0.668751,0.088049,3.663617,0.0,scene_1_extra|scene_1.3_med_probe_y03_13p53|705|47,scene_1_extra|scene_1.3_med_probe_y03_12p73|679|21,abf9190e5fb3a57da5d9505307fae89efa6d91bc,74b0c2c816d3114e28b1af1cb4480712311c7563
scene_1_3_terminalgain_globalmax_interp_0305,family_02,138,6.578375,6.702875,0.1245,30,2,28,2.9,0.818494,0.798,1.025681,0.051554,0.51554,0.54818,0.591094,0.138328,2.402587,0.0,scene_1_extra|scene_1.3_med_probe_y03_13p53|705|47,scene_1_extra|scene_1.3_med_probe_y03_12p73|679|21,9e74ced11c4f2c8a05a93efdfc8c1a7ac4fe4c5f,a4057347749d13cc809f9ed4d4e3cfc8ebeb4c2e
scene_1_3_terminalgain_globalmax_interp_0306,family_02,139,6.578375,6.702875,0.1245,30,2,28,2.9,0.807248,0.798,1.011589,0.051554,0.51554,0.5466,0.595799,0.156164,1.600912,0.0,scene_1_extra|scene_1.3_med_probe_y03_13p53|705|47,scene_1_extra|scene_1.3_med_probe_y03_12p73|679|21,f763743bf81c2e54f0692ceae93205e119459263,7535b3f948bd4d4019ccbc69e063010ef2979239
scene_1_3_terminalgain_globalmax_interp_0307,family_02,140,6.578375,6.702875,0.1245,30,2,28,2.9,0.813615,0.798,1.019568,0.051554,0.51554,0.547413,0.678438,0.105884,2.089961,0.0,scene_1_extra|scene_1.3_med_probe_y03_13p53|705|47,scene_1_extra|scene_1.3_med_probe_y03_12p73|679|21,3812d1ed301803b902d4234407093db74da14260,e07a69c0f25139dec387159867c7cc40e073335a
scene_1_3_terminalgain_globalmax_interp_0308,family_02,141,6.578375,6.702875,0.1245,30,2,28,2.9,0.815464,0.798,1.021885,0.051554,0.51554,0.547735,0.758603,0.055605,2.213618,0.0,scene_1_extra|scene_1.3_med_probe_y03_13p53|705|47,scene_1_extra|scene_1.3_med_probe_y03_12p73|679|21,8b2b0c72973344d802523c68734800c55af180bd,7262b53f63b91d2f4340fdee04d8a38d3c1cd0c9
scene_1_3_terminalgain_globalmax_interp_0309,family_02,142,6.578375,6.702875,0.1245,30,2,28,2.9,0.822551,0.798,1.030766,0.051554,0.51554,0.548901,0.649971,0.005326,2.635342,0.0,scene_1_extra|scene_1.3_med_probe_y03_13p53|705|47,scene_1_extra|scene_1.3_med_probe_y03_12p73|679|21,3d6b5b097b68fd340b1af7647b51ba7be16f508c,f89f0a2cbbbc48736131abcb7d264135b6f6d8da
scene_1_3_terminalgain_globalmax_interp_0310,family_02,143,6.578375,6.702875,0.1245,30,2,28,2.9,0.81119,0.798,1.016529,0.051554,0.51554,0.54715,0.584326,0.044952,1.917519,0.0,scene_1_extra|scene_1.3_med_probe_y03_13p53|705|47,scene_1_extra|scene_1.3_med_probe_y03_12p73|679|21,2d28cbc7ec4b37361fe8ccfa270e722efd923183,ae763a3efa2d5e3ecbd5a23c4fae9a3135ed13d2
scene_1_3_terminalgain_globalmax_interp_0311,family_02,144,6.578375,6.702875,0.1245,30,2,28,2.9,0.800166,0.798,1.002715,0.051554,0.51554,0.545872,0.608949,0.095231,0.771866,0.0,scene_1_extra|scene_1.3_med_probe_y03_13p53|705|47,scene_1_extra|scene_1.3_med_probe_y03_12p73|679|21,5a9616d833e8de22b3b6800d472189d901a6fba2,7d25ab8de796b4e1fdc3cb6f4d1c8371c6a4bd49
scene_1_3_terminalgain_globalmax_interp_0312,family_02,145,6.578375,6.702875,0.1245,30,2,28,2.9,0.854215,0.798,1.070445,0.051554,0.51554,0.572787,0.700651,0.145511,4.066025,0.0,scene_1_extra|scene_1.3_med_probe_y03_13p53|705|47,scene_1_extra|scene_1.3_med_probe_y03_12p73|679|21,e7514562b76f8d791a5892469dd2559532881f05,a75a40cce6e7c111377bfe77e3fc097124713c57
scene_1_3_terminalgain_globalmax_interp_0313,family_02,146,6.578375,6.702875,0.1245,30,2,28,2.9,0.846962,0.798,1.061356,0.051554,0.51554,0.566772,0.735274,0.148981,3.778613,0.0,scene_1_extra|scene_1.3_med_probe_y03_13p53|705|47,scene_1_extra|scene_1.3_med_probe_y03_12p73|679|21,cc7376292117ef6471a410abfecfba922658d37b,d222b12b3b78b9135aa66be965633c05f9f2a393
scene_1_3_terminalgain_globalmax_interp_0314,family_02,147,6.578375,6.702875,0.1245,30,2,28,2.9,0.798479,0.798,1.000601,0.051554,0.51554,0.545737,0.631191,0.098702,0.364073,0.0,scene_1_extra|scene_1.3_med_probe_y03_13p53|705|47,scene_1_extra|scene_1.3_med_probe_y03_12p73|679|21,ede6ed1801b8b8348284cfae31eeb149b3d3ea5e,91ef45779bbe8e6a23b076c87b4efca77dd174e3
scene_1_3_terminalgain_globalmax_interp_0315,family_02,148,6.578375,6.702875,0.1245,30,2,28,2.9,0.815224,0.798,1.021583,0.051554,0.51554,0.547674,0.581436,0.048422,2.196459,0.0,scene_1_extra|scene_1.3_med_probe_y03_13p53|705|47,scene_1_extra|scene_1.3_med_probe_y03_12p73|679|21,604cb03dcd985d5a85c326da1c6e062408d68c89,7dcfe0d4a0ccb4e1a1488ddfc1ee554d92367397
scene_1_3_terminalgain_globalmax_interp_0316,family_02,149,6.578375,6.702875,0.1245,30,2,28,2.9,0.817325,0.798,1.024217,0.051554,0.51554,0.547982,0.622099,0.001857,2.330823,0.0,scene_1_extra|scene_1.3_med_probe_y03_13p53|705|47,scene_1_extra|scene_1.3_med_probe_y03_12p73|679|21,a53a0a57451c1706ab58271123208cc746d1df67,0404f63e40cf0358d8dc7b2604ff6e4aba510c01
scene_1_3_terminalgain_globalmax_interp_0317,family_02,150,6.578375,6.702875,0.1245,30,2,28,2.9,0.815466,0.798,1.021888,0.051554,0.51554,0.5477,0.72398,0.052135,2.213568,0.0,scene_1_extra|scene_1.3_med_probe_y03_13p53|705|47,scene_1_extra|scene_1.3_med_probe_y03_12p73|679|21,b021b2173a5ba6f1cdd9260f323e07a244cb688e,aa723b7f95f0bc1dcebeef9ae0cb8c63c04b0d97
scene_1_3_terminalgain_globalmax_interp_0318,family_02,151,6.578375,6.702875,0.1245,30,2,28,2.9,0.819885,0.798,1.027425,0.051554,0.51554,0.548443,0.711947,0.102414,2.483837,0.0,scene_1_extra|scene_1.3_med_probe_y03_13p53|705|47,scene_1_extra|scene_1.3_med_probe_y03_12p73|679|21,07350442aa9a3a956a7784899c19ec26864c2f2b,bba94f283390b0e41291ddd0acaa481bbf8cc200
scene_1_3_terminalgain_globalmax_interp_0319,family_02,152,6.578375,6.702875,0.1245,30,2,28,2.9,0.803473,0.798,1.006859,0.051554,0.51554,0.546184,0.615315,0.152693,1.228729,0.0,scene_1_extra|scene_1.3_med_probe_y03_13p53|705|47,scene_1_extra|scene_1.3_med_probe_y03_12p73|679|21,7c90132a15cf0eb8dda2c8787ca4095c206daa9d,f9194b5094cf73ebfa5090c6c63c7227e611d378
scene_1_3_terminalgain_globalmax_interp_0320,family_02,153,6.578375,6.702875,0.1245,30,2,28,2.9,0.821081,0.798,1.028923,0.051554,0.51554,0.548662,0.581435,0.141798,2.553165,0.0,scene_1_extra|scene_1.3_med_probe_y03_13p53|705|47,scene_1_extra|scene_1.3_med_probe_y03_12p73|679|21,e7ebccbfda0544ddd18b8043f73c6da110401d2a,9af9586a1045649c6254b0c4a13ce1b7755300c0
scene_1_3_terminalgain_globalmax_interp_0321,family_02,154,6.578375,6.702875,0.1245,30,2,28,2.9,0.851316,0.798,1.066812,0.051554,0.51554,0.570396,0.640879,0.091519,3.95323,0.0,scene_1_extra|scene_1.3_med_probe_y03_13p53|705|47,scene_1_extra|scene_1.3_med_probe_y03_12p73|679|21,5676ca48d99b9ee7beb28a2c5bfeb1e2e4e3214c,7042a4cd7eb01149ab834d54436a532eb81d3394
scene_1_3_terminalgain_globalmax_interp_0322,family_02,155,6.578375,6.702875,0.1245,30,2,28,2.9,0.830441,0.798,1.040653,0.051554,0.51554,0.55351,0.747308,0.04124,3.044835,0.0,scene_1_extra|scene_1.3_med_probe_y03_13p53|705|47,scene_1_extra|scene_1.3_med_probe_y03_12p73|679|21,6f38f0738e1fb12c2a8ffda3547682f784fcd526,6dd119f4b984c4f61474706074600999dea2bfb7
scene_1_3_terminalgain_globalmax_interp_0323,family_02,156,6.578375,6.702875,0.1245,30,2,28,2.9,0.805582,0.798,1.009501,0.051554,0.51554,0.546439,0.688618,0.009039,1.448278,0.0,scene_1_extra|scene_1.3_med_probe_y03_13p53|705|47,scene_1_extra|scene_1.3_med_probe_y03_12p73|679|21,50a8dc8f135fcda0b905fa07f3f643d4a96d6ea0,143db073ac519d4dbaea9b0650427a446775608d
scene_1_3_terminalgain_globalmax_interp_0324,family_02,157,6.578375,6.702875,0.1245,30,2,28,2.9,0.815652,0.798,1.02212,0.051554,0.51554,0.547796,0.602165,0.059318,2.224558,0.0,scene_1_extra|scene_1.3_med_probe_y03_13p53|705|47,scene_1_extra|scene_1.3_med_probe_y03_12p73|679|21,0e690dd031b29a9b0d919a57b6666dd801448809,e6e1a44879abdcdeab1dea61b3733babdbf54793
scene_1_3_terminalgain_globalmax_interp_0325,family_02,158,6.578375,6.702875,0.1245,30,2,28,2.9,0.828655,0.798,1.038414,0.051554,0.51554,0.552219,0.587817,0.109597,2.957373,0.0,scene_1_extra|scene_1.3_med_probe_y03_13p53|705|47,scene_1_extra|scene_1.3_med_probe_y03_12p73|679|21,ae76830995ac7c6b04f0125ab4f4cc5ee6df78b2,265cc4d041880d419e46190796a29287c801797d
scene_1_3_terminalgain_globalmax_interp_0326,family_02,159,6.578375,6.702875,0.1245,30,2,28,2.9,0.803742,0.798,1.007195,0.051554,0.51554,0.54622,0.659659,0.159876,1.258483,0.0,scene_1_extra|scene_1.3_med_probe_y03_13p53|705|47,scene_1_extra|scene_1.3_med_probe_y03_12p73|679|21,bcb127b134ae15f2b144bf30e02017d7daeda53a,10e7dababfb759e85a33312bf114a124138def9e
scene_1_3_terminalgain_globalmax_interp_0327,family_02,160,6.578375,6.702875,0.1245,30,2,28,2.9,0.808711,0.798,1.013423,0.051554,0.51554,0.54677,0.770636,0.134615,1.725142,0.0,scene_1_extra|scene_1.3_med_probe_y03_13p53|705|47,scene_1_extra|scene_1.3_med_probe_y03_12p73|679|21,edd027c3ccd87a21d3c88c8100957af7f698b8b0,3445fdd211ea7256cb9e9d770c1c395c12fa20da
scene_1_3_terminalgain_globalmax_interp_0328,family_02,161,6.578375,6.702875,0.1245,30,2,28,2.9,0.833624,0.798,1.044641,0.051554,0.51554,0.556055,0.777265,0.084336,3.198315,0.0,scene_1_extra|scene_1.3_med_probe_y03_13p53|705|47,scene_1_extra|scene_1.3_med_probe_y03_12p73|679|21,420739594832cb175cc20d52c509b801ae652eed,941ed765b8712d1e4f150e37a48f4693945bdb99
scene_1_3_terminalgain_globalmax_interp_0329,family_02,162,6.578375,6.702875,0.1245,30,2,28,2.9,0.825203,0.798,1.034089,0.051554,0.51554,0.549531,0.664995,0.034057,2.779402,0.0,scene_1_extra|scene_1.3_med_probe_y03_13p53|705|47,scene_1_extra|scene_1.3_med_probe_y03_12p73|679|21,482ef8d4e71f5f2d6b69b23ce76245d19abd5214,f184e196ddb5c304bad150be1d5b97c833a9eda3
scene_1_3_terminalgain_globalmax_interp_0330,family_02,163,6.578375,6.702875,0.1245,30,2,28,2.9,0.818252,0.798,1.025378,0.051554,0.51554,0.548173,0.58974,0.016222,2.38704,0.0,scene_1_extra|scene_1.3_med_probe_y03_13p53|705|47,scene_1_extra|scene_1.3_med_probe_y03_12p73|679|21,65393b02974a9e355c83f252df35ff652e9f4bd6,da63bf1bce4c052bef7ddaf55634cb92d05b09fd
scene_1_3_terminalgain_globalmax_interp_0331,family_02,164,6.578375,6.702875,0.1245,30,2,28,2.9,0.830554,0.798,1.040794,0.051554,0.51554,0.553658,0.598428,0.0665,3.049927,0.0,scene_1_extra|scene_1.3_med_probe_y03_13p53|705|47,scene_1_extra|scene_1.3_med_probe_y03_12p73|679|21,63940eeed798fbb66c04ded5f45c5b84113ea794,6f07130d8631c95c4b3995c5eaccafa0866f8f8e
scene_1_3_terminalgain_globalmax_interp_0332,family_02,165,6.578375,6.702875,0.1245,30,2,28,2.9,0.811542,0.798,1.01697,0.051554,0.51554,0.547156,0.682195,0.11678,1.942809,0.0,scene_1_extra|scene_1.3_med_probe_y03_13p53|705|47,scene_1_extra|scene_1.3_med_probe_y03_12p73|679|21,1172a292038168b5aae0bb3d2ad8f0e941812f55,f91381af694dd1c5c5e58b6b6c93d9e372d05539
scene_1_3_terminalgain_globalmax_interp_0333,family_02,166,6.578375,6.702875,0.1245,30,2,28,2.9,0.817786,0.798,1.024795,0.051554,0.51554,0.548108,0.753937,0.167059,2.35914,0.0,scene_1_extra|scene_1.3_med_probe_y03_13p53|705|47,scene_1_extra|scene_1.3_med_probe_y03_12p73|679|21,8eaf0f74309bda96281d3dde2522bd5614a9f9be,cea9b043c8037259a57de9a9b12dd6fe6b43da8b
scene_1_3_terminalgain_globalmax_interp_0334,family_02,167,6.578375,6.702875,0.1245,30,2,28,2.9,0.817653,0.798,1.024627,0.051554,0.51554,0.548084,0.646215,0.127433,2.351675,0.0,scene_1_extra|scene_1.3_med_probe_y03_13p53|705|47,scene_1_extra|scene_1.3_med_probe_y03_12p73|679|21,f2edd57f4e1db735476e38eb62ca0d63159df4d5,a99f5b8b895b0b59c4a80fe704d18cce67366a80
scene_1_3_terminalgain_globalmax_interp_0335,family_03,1,6.54802,6.702875,0.154855,30,2,28,2.9,2.611599,2.611599,1.0,0.168719,1.687193,1.785752,0.80755,0.0,0.003843,0.0,scene_1_extra|scene_1.3_hig_refine_y03_12p73|669|11,scene_1_extra|scene_1.3_med_probe_y03_12p73|679|21,cf11c2eca4a858d74eecce97cb777e5d74cf4608,9d6bfab456f5fd0c94fc1b2e2460023ada2bdff0
scene_1_3_terminalgain_globalmax_interp_0336,family_03,2,6.54802,6.702875,0.154855,30,2,28,2.9,2.665283,2.611599,1.020556,0.16872,1.687196,1.791817,0.863007,0.136438,2.143298,0.0,scene_1_extra|scene_1.3_hig_refine_y03_12p73|669|11,scene_1_extra|scene_1.3_med_probe_y03_12p73|679|21,4fae314e837a2230cfd18fc342d783d2a1b3aa8d,f82c141e91b03f788c2775905e6c747675b25012
scene_1_3_terminalgain_globalmax_interp_0337,family_03,3,6.54802,6.702875,0.154855,30,2,28,2.9,2.66857,2.611599,1.021815,0.16872,1.687201,1.792256,0.95836,0.086159,2.2095,0.0,scene_1_extra|scene_1.3_hig_refine_y03_12p73|669|11,scene_1_extra|scene_1.3_med_probe_y03_12p73|679|21,85d346a9e98399a63793f0d13097d4f980920428,8d1d1a60da31d87829e81236bffaa3c5e45e5706
scene_1_3_terminalgain_globalmax_interp_0338,family_03,4,6.54802,6.702875,0.154855,30,2,28,2.9,2.615071,2.611599,1.001329,0.16872,1.687196,1.785974,0.975589,0.035879,0.539454,0.0,scene_1_extra|scene_1.3_hig_refine_y03_12p73|669|11,scene_1_extra|scene_1.3_med_probe_y03_12p73|679|21,938f4b168eaa1907d3db104df66be2e613755087,2c743bf3574420c81c73a9154625e192390c4507
scene_1_3_terminalgain_globalmax_interp_0339,family_03,5,6.54802,6.702875,0.154855,30,2,28,2.9,2.621688,2.611599,1.003863,0.168719,1.687187,1.786705,0.87644,0.0144,0.920755,0.0,scene_1_extra|scene_1.3_hig_refine_y03_12p73|669|11,scene_1_extra|scene_1.3_med_probe_y03_12p73|679|21,b361c054f91a7daafcf21dd4a2f3dc3cfcabbc06,45f0996b8950998cf708a84955da1dbd9ffcf5f3
scene_1_3_terminalgain_globalmax_interp_0340,family_03,6,6.54802,6.702875,0.154855,30,2,28,2.9,2.644867,2.611599,1.012739,0.16872,1.687196,1.789074,0.815247,0.064679,1.68014,0.0,scene_1_extra|scene_1.3_hig_refine_y03_12p73|669|11,scene_1_extra|scene_1.3_med_probe_y03_12p73|679|21,7e053c2e125103285d68f0f6a9e19a363f6cf3c3,4df65c190330bb2e67af262e844dd9ff8f8f6e41
scene_1_3_terminalgain_globalmax_interp_0341,family_03,7,6.54802,6.702875,0.154855,30,2,28,2.9,2.624824,2.611599,1.005064,0.16872,1.687196,1.786973,0.81837,0.114958,1.054938,0.0,scene_1_extra|scene_1.3_hig_refine_y03_12p73|669|11,scene_1_extra|scene_1.3_med_probe_y03_12p73|679|21,f938d95d2635db414ff2ebb1c652527ab6635eca,ef00706bcfd5286e48891c351a780340df209f77
scene_1_3_terminalgain_globalmax_interp_0342,family_03,8,6.54802,6.702875,0.154855,30,2,28,2.9,2.630819,2.611599,1.00736,0.16872,1.687201,1.787415,0.885106,0.165238,1.273486,0.0,scene_1_extra|scene_1.3_hig_refine_y03_12p73|669|11,scene_1_extra|scene_1.3_med_probe_y03_12p73|679|21,9ae0eb432e8df75281dfcf9a5a27624f7d1985ea,cddccc65349848c477c1e07b47291e999d29899d
scene_1_3_terminalgain_globalmax_interp_0343,family_03,9,6.54802,6.702875,0.154855,30,2,28,2.9,2.620846,2.611599,1.003541,0.16872,1.687196,1.786617,0.952261,0.129255,0.881418,0.0,scene_1_extra|scene_1.3_hig_refine_y03_12p73|669|11,scene_1_extra|scene_1.3_med_probe_y03_12p73|679|21,4f7fe122f75d4768891fd7a16e589d5cb4f9c67b,bd4a19c0406517a9a7ab792f6e380e16debe882c
scene_1_3_terminalgain_globalmax_interp_0344,family_03,10,6.54802,6.702875,0.154855,30,2,28,2.9,2.641322,2.611599,1.011381,0.16872,1.687196,1.788808,0.859569,0.078976,1.587132,0.0,scene_1_extra|scene_1.3_hig_refine_y03_12p73|669|11,scene_1_extra|scene_1.3_med_probe_y03_12p73|679|21,ee6f1a765e6490a075df0d4f604b9468945b93e5,ca2ecc96105c38fe8b5ae05c8679bcb1fcc282e6
scene_1_3_terminalgain_globalmax_interp_0345,family_03,11,6.54802,6.702875,0.154855,30,2,28,2.9,2.666102,2.611599,1.02087,0.16872,1.687196,1.792007,0.808479,0.028697,2.159901,0.0,scene_1_extra|scene_1.3_hig_refine_y03_12p73|669|11,scene_1_extra|scene_1.3_med_probe_y03_12p73|679|21,f226b2b97ef506478dad1dce7d88a125ad8a97b5,ed83b5ebfe322860795d8f3f1662005fe1205f6d
scene_1_3_terminalgain_globalmax_interp_0346,family_03,12,6.54802,6.702875,0.154855,30,2,28,2.9,2.638675,2.611599,1.010368,0.16872,1.687196,1.788355,0.826186,0.021583,1.513778,0.0,scene_1_extra|scene_1.3_hig_refine_y03_12p73|669|11,scene_1_extra|scene_1.3_med_probe_y03_12p73|679|21,c985df612e10b471e5b8abafbb776b1d8304eb7a,bd7f5da42b290523b07f52c42e58c6eac021dfec
scene_1_3_terminalgain_globalmax_interp_0347,family_03,13,6.54802,6.702875,0.154855,30,2,28,2.9,2.619292,2.611599,1.002946,0.168719,1.687193,1.786461,0.903886,0.071862,0.804254,0.0,scene_1_extra|scene_1.3_hig_refine_y03_12p73|669|11,scene_1_extra|scene_1.3_med_probe_y03_12p73|679|21,fb0346b2c2765b7fa481249dd453ff07e44d2b02,7e7bede1a799b7324aa936cd048bf5a7bf0812e1
scene_1_3_terminalgain_globalmax_interp_0348,family_03,14,6.54802,6.702875,0.154855,30,2,28,2.9,2.631646,2.611599,1.007676,0.16872,1.687196,1.787656,0.932781,0.122141,1.300424,0.0,scene_1_extra|scene_1.3_hig_refine_y03_12p73|669|11,scene_1_extra|scene_1.3_med_probe_y03_12p73|679|21,419a8a3caf03f7e972fee8c1f03f61235828a6d3,ef5df794e740b62117ff1a90258ad344b2c17e6b
scene_1_3_terminalgain_globalmax_interp_0349,family_03,15,6.54802,6.702875,0.154855,30,2,28,2.9,2.642269,2.611599,1.011744,0.16872,1.687196,1.788783,0.846418,0.17242,1.612232,0.0,scene_1_extra|scene_1.3_hig_refine_y03_12p73|669|11,scene_1_extra|scene_1.3_med_probe_y03_12p73|679|21,911f047e81f2b241176ff7c0f3275bc5bc792971,f95dff895661cedf5f567c09daf124e1424b32ee
scene_1_3_terminalgain_globalmax_interp_0350,family_03,16,6.54802,6.702875,0.154855,30,2,28,2.9,2.615635,2.611599,1.001545,0.16872,1.687196,1.78609,0.80755,0.171326,0.582162,0.0,scene_1_extra|scene_1.3_hig_refine_y03_12p73|669|11,scene_1_extra|scene_1.3_med_probe_y03_12p73|679|21,99fa31679e5e54469d0ff852ca50da1dfe040258,c5468c5ff33597d4827d38306f837df6b4a89471
scene_1_3_terminalgain_globalmax_interp_0351,family_03,17,6.54802,6.702875,0.154855,30,2,28,2.9,2.629667,2.611599,1.006918,0.168719,1.687187,1.787328,0.839336,0.121047,1.234322,0.0,scene_1_extra|scene_1.3_hig_refine_y03_12p73|669|11,scene_1_extra|scene_1.3_med_probe_y03_12p73|679|21,d296f055d6267c3db7beb630c3e174cfb801bcbd,c4b2ebb03d6034a83519b3f5cf75ab72b81218d6
scene_1_3_terminalgain_globalmax_interp_0352,family_03,18,6.54802,6.702875,0.154855,30,2,28,2.9,2.642746,2.611599,1.011927,0.16872,1.687201,1.788907,0.922666,0.070767,1.625379,0.0,scene_1_extra|scene_1.3_hig_refine_y03_12p73|669|11,scene_1_extra|scene_1.3_med_probe_y03_12p73|679|21,4378ccd49c1f9ac57f1ac85d7bd63ebce7145460,768d8462feaad7015afa0c88739656f67f40cd3a
scene_1_3_terminalgain_globalmax_interp_0353,family_03,19,6.54802,6.702875,0.154855,30,2,28,2.9,2.636185,2.611599,1.009414,0.16872,1.687201,1.788024,0.914,0.020488,1.441929,0.0,scene_1_extra|scene_1.3_hig_refine_y03_12p73|669|11,scene_1_extra|scene_1.3_med_probe_y03_12p73|679|21,9631500ad8a308b657fd9f5e7334bdc63afe8e7a,220802310ec42bc923c491f8a6a803ffed7986eb
scene_1_3_terminalgain_globalmax_interp_0354,family_03,20,6.54802,6.702875,0.154855,30,2,28,2.9,2.642829,2.611599,1.011958,0.16872,1.687196,1.788836,0.833268,0.029791,1.626809,0.0,scene_1_extra|scene_1.3_hig_refine_y03_12p73|669|11,scene_1_extra|scene_1.3_med_probe_y03_12p73|679|21,e3bf8bc1db6169749510d2f2e01ca085d64ac949,5ff90ece6c989e4ee0279d88ac8af1f5e1da9503
scene_1_3_terminalgain_globalmax_interp_0355,family_03,21,6.54802,6.702875,0.154855,30,2,28,2.9,2.637091,2.611599,1.009761,0.168719,1.687187,1.788291,0.80755,0.08007,1.468396,0.0,scene_1_extra|scene_1.3_hig_refine_y03_12p73|669|11,scene_1_extra|scene_1.3_med_probe_y03_12p73|679|21,95607f01438222ae846bcac35d0ac1159e03f493,955e87034ded9102ef794ef2d833cee8211090ba
scene_1_3_terminalgain_globalmax_interp_0356,family_03,22,6.54802,6.702875,0.154855,30,2,28,2.9,2.63018,2.611599,1.007115,0.16872,1.687196,1.787399,0.852486,0.13035,1.251952,0.0,scene_1_extra|scene_1.3_hig_refine_y03_12p73|669|11,scene_1_extra|scene_1.3_med_probe_y03_12p73|679|21,5db5e61d5764a7c88bdb727eea1ec815a0c7e100,eabdfa31085b6d9622d13f709c7bfc025e1dd460
scene_1_3_terminalgain_globalmax_interp_0357,family_03,23,6.54802,6.702875,0.154855,30,2,28,2.9,2.632627,2.611599,1.008052,0.16872,1.687196,1.787614,0.941447,0.164143,1.332325,0.0,scene_1_extra|scene_1.3_hig_refine_y03_12p73|669|11,scene_1_extra|scene_1.3_med_probe_y03_12p73|679|21,ad4c68bbaeb46340a40506f79b7dd1fa267903c4,9a8918000a76a785605e4af607d76c4bc3d0a0a6
scene_1_3_terminalgain_globalmax_interp_0358,family_03,24,6.54802,6.702875,0.154855,30,2,28,2.9,2.630792,2.611599,1.007349,0.16872,1.687196,1.787461,0.89522,0.113864,1.27244,0.0,scene_1_extra|scene_1.3_hig_refine_y03_12p73|669|11,scene_1_extra|scene_1.3_med_probe_y03_12p73|679|21,f330ac920df21acb4b11b8ee93e62150617d8351,cd2363bd0e2ed7c8e7ff2726c033f0faa703912a
scene_1_3_terminalgain_globalmax_interp_0359,family_03,25,6.54802,6.702875,0.154855,30,2,28,2.9,2.612001,2.611599,1.000154,0.16872,1.687196,1.785856,0.822015,0.063585,0.183996,0.0,scene_1_extra|scene_1.3_hig_refine_y03_12p73|669|11,scene_1_extra|scene_1.3_med_probe_y03_12p73|679|21,ae6931ff4fe18b91d8845914916395713ece222a,afa843db99a68951f9d696fd3eb729dcb2ac265d
scene_1_3_terminalgain_globalmax_interp_0360,family_03,26,6.54802,6.702875,0.154855,30,2,28,2.9,2.664715,2.611599,1.020339,0.16872,1.687196,1.791781,0.811602,0.013305,2.131646,0.0,scene_1_extra|scene_1.3_hig_refine_y03_12p73|669|11,scene_1_extra|scene_1.3_med_probe_y03_12p73|679|21,44d23c73e810909330c554997ea9f3561d9c6d8a,a9543ef1dc4ccd63246a9409f293cd8df422eb78
scene_1_3_terminalgain_globalmax_interp_0361,family_03,27,6.54802,6.702875,0.154855,30,2,28,2.9,2.647906,2.611599,1.013902,0.16872,1.687196,1.789462,0.866325,0.036974,1.756279,0.0,scene_1_extra|scene_1.3_hig_refine_y03_12p73|669|11,scene_1_extra|scene_1.3_med_probe_y03_12p73|679|21,de1b655d27507bbbfe0e500472a9fc1b01282f34,0b92cbc22e3892e814ddca98d1b56044be7d8899
scene_1_3_terminalgain_globalmax_interp_0362,family_03,28,6.54802,6.702875,0.154855,30,2,28,2.9,2.615378,2.611599,1.001447,0.16872,1.687196,1.786159,0.963025,0.087253,0.56277,0.0,scene_1_extra|scene_1.3_hig_refine_y03_12p73|669|11,scene_1_extra|scene_1.3_med_probe_y03_12p73|679|21,56f546b7ee0d6b72747a50521213ee573b105dd8,52cada1d225b5ef0bdc397497122d080b89f02ae
scene_1_3_terminalgain_globalmax_interp_0363,family_03,29,6.54802,6.702875,0.154855,30,2,28,2.9,2.653269,2.611599,1.015956,0.168719,1.687187,1.790246,0.970923,0.137532,1.883628,0.0,scene_1_extra|scene_1.3_hig_refine_y03_12p73|669|11,scene_1_extra|scene_1.3_med_probe_y03_12p73|679|21,68982f00175a61e2173558baae23734402383600,7b2c2542727fc3479939a6595fff83596284abfc
scene_1_3_terminalgain_globalmax_interp_0364,family_03,30,6.54802,6.702875,0.154855,30,2,28,2.9,2.656598,2.611599,1.017231,0.16872,1.687196,1.790618,0.872684,0.15696,1.958649,0.0,scene_1_extra|scene_1.3_hig_refine_y03_12p73|669|11,scene_1_extra|scene_1.3_med_probe_y03_12p73|679|21,bdd2e4e70663bcbefc94ae0d83973f73a336273d,dedf180fd231cfa3ebf525125d1bb97f6ac198a0
scene_1_3_terminalgain_globalmax_interp_0365,family_03,31,6.54802,6.702875,0.154855,30,2,28,2.9,2.632611,2.611599,1.008046,0.16872,1.687196,1.787746,0.813893,0.106681,1.331948,0.0,scene_1_extra|scene_1.3_hig_refine_y03_12p73|669|11,scene_1_extra|scene_1.3_med_probe_y03_12p73|679|21,3b62fa68de01c5083f294840b13dbb99e6af5b9f,d7c869a033167079e34f84a1451bdf17751154e8
scene_1_3_terminalgain_globalmax_interp_0366,family_03,32,6.54802,6.702875,0.154855,30,2,28,2.9,2.619364,2.611599,1.002973,0.16872,1.687196,1.786486,0.819723,0.056402,0.807467,0.0,scene_1_extra|scene_1.3_hig_refine_y03_12p73|669|11,scene_1_extra|scene_1.3_med_probe_y03_12p73|679|21,5c1ff3362f68e2c24ca81c044a37ee752e8e3d82,d9dea61136e549156047f9df00008e340a5ed887
scene_1_3_terminalgain_globalmax_interp_0367,family_03,33,6.54802,6.702875,0.154855,30,2,28,2.9,2.633654,2.611599,1.008445,0.168719,1.687193,1.787896,0.888862,0.006123,1.365014,0.0,scene_1_extra|scene_1.3_hig_refine_y03_12p73|669|11,scene_1_extra|scene_1.3_med_probe_y03_12p73|679|21,ec836081ae5919b8df3c0c209b5d9d2edf9b2b74,38721f9b185bdb7fd5a518a9a7d61995b03d05fe
scene_1_3_terminalgain_globalmax_interp_0368,family_03,34,6.54802,6.702875,0.154855,30,2,28,2.9,2.634958,2.611599,1.008945,0.16872,1.687196,1.787879,0.947804,0.044157,1.405155,0.0,scene_1_extra|scene_1.3_hig_refine_y03_12p73|669|11,scene_1_extra|scene_1.3_med_probe_y03_12p73|679|21,01d6ec548f8166794c18b62090cb66c22f9b4b6e,23f6027fff6cd644b3cfd6afc32cf83d555c7665
scene_1_3_terminalgain_globalmax_interp_0369,family_03,35,6.54802,6.702875,0.154855,30,2,28,2.9,2.647475,2.611599,1.013737,0.16872,1.687196,1.789503,0.856939,0.094436,1.745682,0.0,scene_1_extra|scene_1.3_hig_refine_y03_12p73|669|11,scene_1_extra|scene_1.3_med_probe_y03_12p73|679|21,57d596d37e76070d05834b52e4001544d85cf56f,c17ff4fa813a6c667c86eda33fc6cea346c6c0a8
scene_1_3_terminalgain_globalmax_interp_0370,family_03,36,6.54802,6.702875,0.154855,30,2,28,2.9,2.623107,2.611599,1.004407,0.16872,1.687201,1.786953,0.807549,0.144715,0.983817,0.0,scene_1_extra|scene_1.3_hig_refine_y03_12p73|669|11,scene_1_extra|scene_1.3_med_probe_y03_12p73|679|21,8d6b8d145cd763f5f5b0a83f8bad57e1bcb48585,c056d05628b284e7075671fb61be47ecc764a77a
scene_1_3_terminalgain_globalmax_interp_0371,family_03,37,6.54802,6.702875,0.154855,30,2,28,2.9,2.615972,2.611599,1.001675,0.168719,1.687187,1.786081,0.828817,0.149778,0.60583,0.0,scene_1_extra|scene_1.3_hig_refine_y03_12p73|669|11,scene_1_extra|scene_1.3_med_probe_y03_12p73|679|21,e4f273e00fc93d57d3c1c854e7a9981c9d1c4074,c2c2500bc8cf8f295f27189832d528fee101a041
scene_1_3_terminalgain_globalmax_interp_0372,family_03,38,6.54802,6.702875,0.154855,30,2,28,2.9,2.650495,2.611599,1.014894,0.16872,1.687196,1.789896,0.907642,0.099498,1.818922,0.0,scene_1_extra|scene_1.3_hig_refine_y03_12p73|669|11,scene_1_extra|scene_1.3_med_probe_y03_12p73|679|21,8ec51118868cf9a594a4f8de5d3563220471806e,ad187567901923e678c56ae59ecfec07a33a8195
scene_1_3_terminalgain_globalmax_interp_0373,family_03,39,6.54802,6.702875,0.154855,30,2,28,2.9,2.652528,2.611599,1.015672,0.16872,1.687196,1.790154,0.929024,0.049219,1.866135,0.0,scene_1_extra|scene_1.3_hig_refine_y03_12p73|669|11,scene_1_extra|scene_1.3_med_probe_y03_12p73|679|21,b901f1a669dbde76106315ea00028e8039134611,456246950874b5d44593258c0c772d76ae86673a
scene_1_3_terminalgain_globalmax_interp_0374,family_03,40,6.54802,6.702875,0.154855,30,2,28,2.9,2.620265,2.611599,1.003318,0.16872,1.687196,1.786616,0.843789,0.00106,0.853142,0.0,scene_1_extra|scene_1.3_hig_refine_y03_12p73|669|11,scene_1_extra|scene_1.3_med_probe_y03_12p73|679|21,4f99ad148c070eda56999e7acf9a4a7eb3bca113,4d6dad942a3f25a114349eeebf92ab226d5f408b
scene_1_3_terminalgain_globalmax_interp_0375,family_03,41,6.54802,6.702875,0.154855,30,2,28,2.9,2.618343,2.611599,1.002583,0.16872,1.687196,1.786279,0.80755,0.051339,0.752315,0.0,scene_1_extra|scene_1.3_hig_refine_y03_12p73|669|11,scene_1_extra|scene_1.3_med_probe_y03_12p73|679|21,8aaad9dfd1e00b312488395bfc8aa475c941b7eb,e4429c49b874fd000caf5143cd4c3eb01c8770e8
scene_1_3_terminalgain_globalmax_interp_0376,family_03,42,6.54802,6.702875,0.154855,30,2,28,2.9,2.658722,2.611599,1.018044,0.16872,1.687196,1.79089,0.841967,0.101619,2.005435,0.0,scene_1_extra|scene_1.3_hig_refine_y03_12p73|669|11,scene_1_extra|scene_1.3_med_probe_y03_12p73|679|21,bfc4dc14a8caa56b9ed35cd942ad76b7468c2350,725789140d57e2d1f71642429455adfa6a6ecf8b
scene_1_3_terminalgain_globalmax_interp_0377,family_03,43,6.54802,6.702875,0.154855,30,2,28,2.9,2.639633,2.611599,1.010735,0.16872,1.687196,1.788578,0.926422,0.151898,1.540518,0.0,scene_1_extra|scene_1.3_hig_refine_y03_12p73|669|11,scene_1_extra|scene_1.3_med_probe_y03_12p73|679|21,8c63587d39d139c9f7aca6947a3ff81689dd9ddd,512c586e19e87dab4df2f65dbc1512517ffae8da
scene_1_3_terminalgain_globalmax_interp_0378,family_03,44,6.54802,6.702875,0.154855,30,2,28,2.9,2.627183,2.611599,1.005967,0.16872,1.687196,1.787163,0.910245,0.142595,1.145629,0.0,scene_1_extra|scene_1.3_hig_refine_y03_12p73|669|11,scene_1_extra|scene_1.3_med_probe_y03_12p73|679|21,0711ab21726735e144e30ef8add470c87ed90c3a,4d6ff79fdcde9f4b997933b5cef74d022f848ed5
scene_1_3_terminalgain_globalmax_interp_0379,family_03,45,6.54802,6.702875,0.154855,30,2,28,2.9,2.624648,2.611599,1.004997,0.168719,1.687187,1.786887,0.830639,0.092316,1.0477,0.0,scene_1_extra|scene_1.3_hig_refine_y03_12p73|669|11,scene_1_extra|scene_1.3_med_probe_y03_12p73|679|21,6d80532792b12ad185efe3d950c2303b166d8c30,19051e30dd4eac149e13741a457d34a0bd60b5cc
scene_1_3_terminalgain_globalmax_interp_0380,family_03,46,6.54802,6.702875,0.154855,30,2,28,2.9,2.626679,2.611599,1.005774,0.16872,1.687201,1.787039,0.80755,0.042036,1.127323,0.0,scene_1_extra|scene_1.3_hig_refine_y03_12p73|669|11,scene_1_extra|scene_1.3_med_probe_y03_12p73|679|21,87b5c24b278abc62fa5bddb8169062682806042c,d34a31888440a7e3669c2b357c56b87434c8177c
scene_1_3_terminalgain_globalmax_interp_0381,family_03,47,6.54802,6.702875,0.154855,30,2,28,2.9,2.652891,2.611599,1.015811,0.16872,1.687201,1.79013,0.855117,0.008243,1.875079,0.0,scene_1_extra|scene_1.3_hig_refine_y03_12p73|669|11,scene_1_extra|scene_1.3_med_probe_y03_12p73|679|21,576577648e30abecff123b14dda64e66edae4f98,de71289a786aed1dad4acbf5d26be439f07e6da3
scene_1_3_terminalgain_globalmax_interp_0382,family_03,48,6.54802,6.702875,0.154855,30,2,28,2.9,2.64115,2.611599,1.011316,0.16872,1.687196,1.788716,0.945202,0.058522,1.582302,0.0,scene_1_extra|scene_1.3_hig_refine_y03_12p73|669|11,scene_1_extra|scene_1.3_med_probe_y03_12p73|679|21,a724e0a3b242d15df4cb6a1ace98ffad84eff6b3,c7f43b211b7ad392421dde6bf7d4c43260e055da
scene_1_3_terminalgain_globalmax_interp_0383,family_03,49,6.54802,6.702875,0.154855,30,2,28,2.9,2.613263,2.611599,1.000637,0.16872,1.687196,1.785907,0.891464,0.108801,0.373361,0.0,scene_1_extra|scene_1.3_hig_refine_y03_12p73|669|11,scene_1_extra|scene_1.3_med_probe_y03_12p73|679|21,0e07ae9b5a6791e5dd5bafa0a19fe3563155ff9d,1b770b0f9bef2d452d2b7fbfd2419cd035f985c3
scene_1_3_terminalgain_globalmax_interp_0384,family_03,50,6.54802,6.702875,0.154855,30,2,28,2.9,2.647161,2.611599,1.013617,0.16872,1.687196,1.789325,0.820661,0.159081,1.737914,0.0,scene_1_extra|scene_1.3_hig_refine_y03_12p73|669|11,scene_1_extra|scene_1.3_med_probe_y03_12p73|679|21,a8b5f9083e59f5b9322172850abc73f78d9e02ac,dc204107c0214a7ba8497349f2d4618c30a5ae6a
scene_1_3_terminalgain_globalmax_interp_0385,family_03,51,6.54802,6.702875,0.154855,30,2,28,2.9,2.645524,2.611599,1.01299,0.16872,1.687196,1.789291,0.812955,0.135412,1.696806,0.0,scene_1_extra|scene_1.3_hig_refine_y03_12p73|669|11,scene_1_extra|scene_1.3_med_probe_y03_12p73|679|21,5250099b004b728e0fdad85d3fbcd774a29a15a3,256aa84c9fcbc70d7eb269afcd569706b73b42a5
scene_1_3_terminalgain_globalmax_interp_0386,family_03,52,6.54802,6.702875,0.154855,30,2,28,2.9,2.613789,2.611599,1.000839,0.16872,1.687201,1.785928,0.870082,0.085133,0.42849,0.0,scene_1_extra|scene_1.3_hig_refine_y03_12p73|669|11,scene_1_extra|scene_1.3_med_probe_y03_12p73|679|21,842e60e02482e44da53cb10a005a384be7f3df07,d26506a8618cd4ce6bf549f523fe0355a57c5aaf
scene_1_3_terminalgain_globalmax_interp_0387,family_03,53,6.54802,6.702875,0.154855,30,2,28,2.9,2.632745,2.611599,1.008097,0.168719,1.687187,1.787645,0.96769,0.034854,1.336175,0.0,scene_1_extra|scene_1.3_hig_refine_y03_12p73|669|11,scene_1_extra|scene_1.3_med_probe_y03_12p73|679|21,e0db323fa638e4496773f0fb701ccc7878688f67,c6e34d7e6c005c48117d252a713ec523f11f706f
scene_1_3_terminalgain_globalmax_interp_0388,family_03,54,6.54802,6.702875,0.154855,30,2,28,2.9,2.636595,2.611599,1.009571,0.16872,1.687196,1.788166,0.966258,0.015426,1.453958,0.0,scene_1_extra|scene_1.3_hig_refine_y03_12p73|669|11,scene_1_extra|scene_1.3_med_probe_y03_12p73|679|21,d366ab7d14734ae5967d493479a2e33f9dca79d2,ac514aa9d7884a7381eea174406ca960bd9bef20
scene_1_3_terminalgain_globalmax_interp_0389,family_03,55,6.54802,6.702875,0.154855,30,2,28,2.9,2.623757,2.611599,1.004655,0.16872,1.687196,1.786911,0.868927,0.065705,1.011197,0.0,scene_1_extra|scene_1.3_hig_refine_y03_12p73|669|11,scene_1_extra|scene_1.3_med_probe_y03_12p73|679|21,c8dd7ef9c6e682db9d9c37d923be59b113e6fdf8,3c3f4fc78897a0f8791aa6a59d18ea1c717034b3
scene_1_3_terminalgain_globalmax_interp_0390,family_03,56,6.54802,6.702875,0.154855,30,2,28,2.9,2.651865,2.611599,1.015418,0.16872,1.687196,1.790055,0.81254,0.115984,1.851023,0.0,scene_1_extra|scene_1.3_hig_refine_y03_12p73|669|11,scene_1_extra|scene_1.3_med_probe_y03_12p73|679|21,f374921bf0d450182f23984dc13b5f42e6f00bd5,4fa954ae05f703efa1a102b7ad3e5218ce87d87a
scene_1_3_terminalgain_globalmax_interp_0391,family_03,57,6.54802,6.702875,0.154855,30,2,28,2.9,2.644253,2.611599,1.012504,0.16872,1.687196,1.788968,0.821077,0.166263,1.664488,0.0,scene_1_extra|scene_1.3_hig_refine_y03_12p73|669|11,scene_1_extra|scene_1.3_med_probe_y03_12p73|679|21,b9ef173e5a7e10bc280b812f6fd16230ffa86bb8,9a89fb19391f299b7be8a9feacfec50e84fde318
scene_1_3_terminalgain_globalmax_interp_0392,family_03,58,6.54802,6.702875,0.154855,30,2,28,2.9,2.649463,2.611599,1.014498,0.16872,1.687196,1.789685,0.892618,0.128229,1.794036,0.0,scene_1_extra|scene_1.3_hig_refine_y03_12p73|669|11,scene_1_extra|scene_1.3_med_probe_y03_12p73|679|21,972c1f828e2606496be4dff7ab7279d625ad718a,680e844df09f2d896c2684fab56dfd7c35872a17
scene_1_3_terminalgain_globalmax_interp_0393,family_03,59,6.54802,6.702875,0.154855,30,2,28,2.9,2.651295,2.611599,1.0152,0.16872,1.687196,1.78987,0.944049,0.07795,1.837581,0.0,scene_1_extra|scene_1.3_hig_refine_y03_12p73|669|11,scene_1_extra|scene_1.3_med_probe_y03_12p73|679|21,1ac79570ad5cae0861cf9e5955da0ee38141178a,c218847bae06b833eef54174be12b246c84d923a
scene_1_3_terminalgain_globalmax_interp_0394,family_03,60,6.54802,6.702875,0.154855,30,2,28,2.9,2.630959,2.611599,1.007413,0.16872,1.687196,1.787574,0.854309,0.027671,1.277772,0.0,scene_1_extra|scene_1.3_hig_refine_y03_12p73|669|11,scene_1_extra|scene_1.3_med_probe_y03_12p73|679|21,f639d89f18b6691ec827910e4b061d5fa48fbc36,40e85588dd36cd834f76946365d5f510f63fffe1
scene_1_3_terminalgain_globalmax_interp_0395,family_03,61,6.54802,6.702875,0.154855,30,2,28,2.9,2.620311,2.611599,1.003336,0.16872,1.687196,1.786675,0.807549,0.022608,0.855499,0.0,scene_1_extra|scene_1.3_hig_refine_y03_12p73|669|11,scene_1_extra|scene_1.3_med_probe_y03_12p73|679|21,deccb743a2c32839f10ae3c11bdcd841ca1a2396,8f84fda80d35547625ad9bf03c4f4e4e8cbaf1c2
scene_1_3_terminalgain_globalmax_interp_0396,family_03,62,6.54802,6.702875,0.154855,30,2,28,2.9,2.633895,2.611599,1.008538,0.168719,1.687187,1.78778,0.831446,0.072888,1.3726,0.0,scene_1_extra|scene_1.3_hig_refine_y03_12p73|669|11,scene_1_extra|scene_1.3_med_probe_y03_12p73|679|21,3fe80219e7d45606c8ff76da242f53b2b40e09b0,6be7278899dba2fae5843e2aa2b84e4ef38051d8
scene_1_3_terminalgain_globalmax_interp_0397,family_03,63,6.54802,6.702875,0.154855,30,2,28,2.9,2.64038,2.611599,1.011021,0.16872,1.687196,1.788484,0.911398,0.123167,1.561598,0.0,scene_1_extra|scene_1.3_hig_refine_y03_12p73|669|11,scene_1_extra|scene_1.3_med_probe_y03_12p73|679|21,7243e6279dd4e284fa7d3474719ae19d754c4580,7a821f1929eacf99d423fca413f132d35c2bd1d9
scene_1_3_terminalgain_globalmax_interp_0398,family_03,64,6.54802,6.702875,0.154855,30,2,28,2.9,2.614964,2.611599,1.001289,0.168719,1.687187,1.785992,0.925268,0.173446,0.53138,0.0,scene_1_extra|scene_1.3_hig_refine_y03_12p73|669|11,scene_1_extra|scene_1.3_med_probe_y03_12p73|679|21,a8cf31342e590738f662c3265d541823ea164699,3c4a19bda77046bf048b6fe6ed8956993bcd7556
scene_1_3_terminalgain_globalmax_interp_0399,family_03,65,6.54802,6.702875,0.154855,30,2,28,2.9,2.637737,2.611599,1.010009,0.16872,1.687201,1.788337,0.841159,0.170299,1.486979,0.0,scene_1_extra|scene_1.3_hig_refine_y03_12p73|669|11,scene_1_extra|scene_1.3_med_probe_y03_12p73|679|21,50626918f3477de89658cfff9df7bc342ef3696d,5d4872e806ecb806b95839bce9feacf35b24e6d1
scene_1_3_terminalgain_globalmax_interp_0400,family_03,66,6.54802,6.702875,0.154855,30,2,28,2.9,2.659845,2.611599,1.018474,0.16872,1.687196,1.791138,0.80755,0.12002,2.029608,0.0,scene_1_extra|scene_1.3_hig_refine_y03_12p73|669|11,scene_1_extra|scene_1.3_med_probe_y03_12p73|679|21,949e23b012748d198a4520c3985431cea5e2cc91,7587ad5c70a9205e4cb06f3e9d59b0d00c2ad2bb
scene_1_3_terminalgain_globalmax_interp_0401,family_03,67,6.54802,6.702875,0.154855,30,2,28,2.9,2.639821,2.611599,1.010806,0.16872,1.687196,1.788548,0.844597,0.06974,1.54576,0.0,scene_1_extra|scene_1.3_hig_refine_y03_12p73|669|11,scene_1_extra|scene_1.3_med_probe_y03_12p73|679|21,fe65d8366cf642424ce17e81e3b5dff748ed17c9,b7688fb5c0209ab9abf80968dc959ba766d646e2
scene_1_3_terminalgain_globalmax_interp_0402,family_03,68,6.54802,6.702875,0.154855,30,2,28,2.9,2.619617,2.611599,1.00307,0.16872,1.687201,1.786516,0.930179,0.019461,0.820501,0.0,scene_1_extra|scene_1.3_hig_refine_y03_12p73|669|11,scene_1_extra|scene_1.3_med_probe_y03_12p73|679|21,6b799e01097328f8e3def0069cca15b707bb809b,a138a7284d014c7a38c1a2c0b13c2ce252a94514
scene_1_3_terminalgain_globalmax_interp_0403,family_03,69,6.54802,6.702875,0.154855,30,2,28,2.9,2.631936,2.611599,1.007787,0.16872,1.687196,1.787646,0.906488,0.030818,1.309994,0.0,scene_1_extra|scene_1.3_hig_refine_y03_12p73|669|11,scene_1_extra|scene_1.3_med_probe_y03_12p73|679|21,e397c529509e5682f2bdb18653ef48491036765b,9bd67a627b5574dd74d2d1f722de19c6c66a53c1
scene_1_3_terminalgain_globalmax_interp_0404,family_03,70,6.54802,6.702875,0.154855,30,2,28,2.9,2.626244,2.611599,1.005608,0.16872,1.687196,1.787082,0.828008,0.081097,1.110447,0.0,scene_1_extra|scene_1.3_hig_refine_y03_12p73|669|11,scene_1_extra|scene_1.3_med_probe_y03_12p73|679|21,4fbda04aa18edd48aa3985d0a3b1444a865d9b40,318cb65a70cb1a4bb077d1df8dc624f6f9711990
scene_1_3_terminalgain_globalmax_interp_0405,family_03,71,6.54802,6.702875,0.154855,30,2,28,2.9,2.641161,2.611599,1.01132,0.16872,1.687196,1.788733,0.80755,0.131376,1.582755,0.0,scene_1_extra|scene_1.3_hig_refine_y03_12p73|669|11,scene_1_extra|scene_1.3_med_probe_y03_12p73|679|21,c2bf787b80580a485b69bdd920d83885a50476ca,5e5601325ce09d1de82e2e2448ef75cccad8856e
scene_1_3_terminalgain_globalmax_interp_0406,family_03,72,6.54802,6.702875,0.154855,30,2,28,2.9,2.62393,2.611599,1.004722,0.168719,1.687187,1.786837,0.857747,0.163116,1.018685,0.0,scene_1_extra|scene_1.3_hig_refine_y03_12p73|669|11,scene_1_extra|scene_1.3_med_probe_y03_12p73|679|21,b0114d4f8b36622bec251272bdb204230860ac50,a726b48edd9e3573e4ef5106fc66f8298046a9ea
scene_1_3_terminalgain_globalmax_interp_0407,family_03,73,6.54802,6.702875,0.154855,30,2,28,2.9,2.613941,2.611599,1.000897,0.16872,1.687196,1.785976,0.949028,0.112837,0.443098,0.0,scene_1_extra|scene_1.3_hig_refine_y03_12p73|669|11,scene_1_extra|scene_1.3_med_probe_y03_12p73|679|21,eacedb75902ea036039e01343a7d510dec3903eb,5390da932eb1bc770577427ec1ed35ccbc74a312
scene_1_3_terminalgain_globalmax_interp_0408,family_03,74,6.54802,6.702875,0.154855,30,2,28,2.9,2.667777,2.611599,1.021511,0.16872,1.687196,1.792268,0.887708,0.062558,2.193378,0.0,scene_1_extra|scene_1.3_hig_refine_y03_12p73|669|11,scene_1_extra|scene_1.3_med_probe_y03_12p73|679|21,147b2bfa8f078bd41d51838dea01f9af3687b389,fff447ea8770a62ef7c262cbe6329815c8efc51f
scene_1_3_terminalgain_globalmax_interp_0409,family_03,75,6.54802,6.702875,0.154855,30,2,28,2.9,2.664936,2.611599,1.020423,0.16872,1.687196,1.791819,0.819308,0.012278,2.136256,0.0,scene_1_extra|scene_1.3_hig_refine_y03_12p73|669|11,scene_1_extra|scene_1.3_med_probe_y03_12p73|679|21,888e6016d51a4dcb5d090beb1c78e14547e161a4,4bd516b6406577e93be084f116b8604109cd3349
scene_1_3_terminalgain_globalmax_interp_0410,family_03,76,6.54802,6.702875,0.154855,30,2,28,2.9,2.612533,2.611599,1.000358,0.16872,1.687196,1.785879,0.814309,0.038001,0.279786,0.0,scene_1_extra|scene_1.3_hig_refine_y03_12p73|669|11,scene_1_extra|scene_1.3_med_probe_y03_12p73|679|21,719c7547656412c359191cf04bbbba71133963d7,7fe30f430dcaa6f9ef2b84881c69a889222cbba0
scene_1_3_terminalgain_globalmax_interp_0411,family_03,77,6.54802,6.702875,0.154855,30,2,28,2.9,2.627972,2.611599,1.006269,0.16872,1.687196,1.787254,0.873838,0.088279,1.174567,0.0,scene_1_extra|scene_1.3_hig_refine_y03_12p73|669|11,scene_1_extra|scene_1.3_med_probe_y03_12p73|679|21,3247426b9bb67f4a528d9af1db81fefece84f8c7,5ec0b89b1d0d7b4ef1c796458711c5c9aa465614
scene_1_3_terminalgain_globalmax_interp_0412,family_03,78,6.54802,6.702875,0.154855,30,2,28,2.9,2.635772,2.611599,1.009256,0.168719,1.687193,1.787923,0.972357,0.138558,1.429749,0.0,scene_1_extra|scene_1.3_hig_refine_y03_12p73|669|11,scene_1_extra|scene_1.3_med_probe_y03_12p73|679|21,4b35bb1b0273ba6f5cd286be585bb1fb8ed9953e,df272cf2253735153f72eda32ca4cd5923a47137
scene_1_3_terminalgain_globalmax_interp_0413,family_03,79,6.54802,6.702875,0.154855,30,2,28,2.9,2.628173,2.611599,1.006346,0.16872,1.687201,1.787206,0.961592,0.155933,1.181967,0.0,scene_1_extra|scene_1.3_hig_refine_y03_12p73|669|11,scene_1_extra|scene_1.3_med_probe_y03_12p73|679|21,0c3eca7c7612ddcb90f5e235854759477d95dd14,a631de6d835cdbdb26302b867dbc7eee86527e35
scene_1_3_terminalgain_globalmax_interp_0414,family_03,80,6.54802,6.702875,0.154855,30,2,28,2.9,2.635391,2.611599,1.00911,0.168719,1.687187,1.788094,0.865172,0.105654,1.417954,0.0,scene_1_extra|scene_1.3_hig_refine_y03_12p73|669|11,scene_1_extra|scene_1.3_med_probe_y03_12p73|679|21,7f460dbeee07663629fa1422962458de25124166,69a3350a695c2f4f4760f68859daefb7dbe625e2
scene_1_3_terminalgain_globalmax_interp_0415,family_03,81,6.54802,6.702875,0.154855,30,2,28,2.9,2.617479,2.611599,1.002252,0.16872,1.687196,1.786357,0.811186,0.055375,0.702494,0.0,scene_1_extra|scene_1.3_hig_refine_y03_12p73|669|11,scene_1_extra|scene_1.3_med_probe_y03_12p73|679|21,e4095f544b916f7659b88edc63b731fa0f4dcd87,f79ce7db2b9f3042f84bf6898e494a2a57420d1d
scene_1_3_terminalgain_globalmax_interp_0416,family_03,82,6.54802,6.702875,0.154855,30,2,28,2.9,2.63925,2.611599,1.010588,0.16872,1.687196,1.78845,0.82243,0.005096,1.530003,0.0,scene_1_extra|scene_1.3_hig_refine_y03_12p73|669|11,scene_1_extra|scene_1.3_med_probe_y03_12p73|679|21,c5f289f36ba4b576ac3be2cd7b7981513233ca02,8ca3d1df687e4ac5ae610b46f38d4990940fa423
scene_1_3_terminalgain_globalmax_interp_0417,family_03,83,6.54802,6.702875,0.154855,30,2,28,2.9,2.667376,2.611599,1.021357,0.16872,1.687196,1.79225,0.896374,0.045184,2.185462,0.0,scene_1_extra|scene_1.3_hig_refine_y03_12p73|669|11,scene_1_extra|scene_1.3_med_probe_y03_12p73|679|21,7f60d802baad5e1f1656f20bc9840b94da72ebd6,0a76e44aa3b0cba3b15cb2cd6fdbc4787aef12e6
scene_1_3_terminalgain_globalmax_interp_0418,family_03,84,6.54802,6.702875,0.154855,30,2,28,2.9,2.644025,2.611599,1.012416,0.16872,1.687196,1.78901,0.940292,0.095462,1.658458,0.0,scene_1_extra|scene_1.3_hig_refine_y03_12p73|669|11,scene_1_extra|scene_1.3_med_probe_y03_12p73|679|21,a62f5b80411292cd96d4c4a6f06bde8895fa9740,60b92a4571704ef722a4276e7ae5344cbb16726e
scene_1_3_terminalgain_globalmax_interp_0419,family_03,85,6.54802,6.702875,0.154855,30,2,28,2.9,2.617374,2.611599,1.002211,0.16872,1.687196,1.786397,0.851679,0.145741,0.696403,0.0,scene_1_extra|scene_1.3_hig_refine_y03_12p73|669|11,scene_1_extra|scene_1.3_med_probe_y03_12p73|679|21,206c56c79856faebd02b2936893b82dd09d05e53,e969a519bf89821d17157b4c9919e40bc373a16d
scene_1_3_terminalgain_globalmax_interp_0420,family_03,86,6.54802,6.702875,0.154855,30,2,28,2.9,2.634958,2.611599,1.008945,0.16872,1.687196,1.788071,0.80755,0.148751,1.405131,0.0,scene_1_extra|scene_1.3_hig_refine_y03_12p73|669|11,scene_1_extra|scene_1.3_med_probe_y03_12p73|679|21,f4d8bebdcaf6a053a51df0a4be765a9cd3ff5ce2,4b66c940795c67d336a7fb016216d7d74a687537
scene_1_3_terminalgain_globalmax_interp_0421,family_03,87,6.54802,6.702875,0.154855,30,2,28,2.9,2.640386,2.611599,1.011023,0.16872,1.687196,1.788656,0.834077,0.098471,1.561606,0.0,scene_1_extra|scene_1.3_hig_refine_y03_12p73|669|11,scene_1_extra|scene_1.3_med_probe_y03_12p73|679|21,d5c3c46f135ed6b0a9572074a5bb59beda7b27b3,fe4a452bb6b12297cdc37a671dd56f13ac4d887e
scene_1_3_terminalgain_globalmax_interp_0422,family_03,88,6.54802,6.702875,0.154855,30,2,28,2.9,2.618991,2.611599,1.002831,0.168719,1.687187,1.786371,0.915154,0.048192,0.787794,0.0,scene_1_extra|scene_1.3_hig_refine_y03_12p73|669|11,scene_1_extra|scene_1.3_med_probe_y03_12p73|679|21,398829ed9f54e729c46fa403bb17cf7c9226de15,0b72bc7389719ac7af5363195986001c927d474c
scene_1_3_terminalgain_globalmax_interp_0423,family_03,89,6.54802,6.702875,0.154855,30,2,28,2.9,2.625678,2.611599,1.005391,0.16872,1.687196,1.786978,0.921513,0.002087,1.088377,0.0,scene_1_extra|scene_1.3_hig_refine_y03_12p73|669|11,scene_1_extra|scene_1.3_med_probe_y03_12p73|679|21,ea6296e24f04fa1c2e9856ba966f6d02ee239aee,63e94522f0c833b862fb08a6bbdc553a9733cfd8
scene_1_3_terminalgain_globalmax_interp_0424,family_03,90,6.54802,6.702875,0.154855,30,2,28,2.9,2.652184,2.611599,1.01554,0.16872,1.687201,1.790081,0.838529,0.052366,1.858824,0.0,scene_1_extra|scene_1.3_hig_refine_y03_12p73|669|11,scene_1_extra|scene_1.3_med_probe_y03_12p73|679|21,8aa036bdc7da93bae03aa40319392b7c2298b96b,eca957360a480127ba38de45b19d209d14d6d873
scene_1_3_terminalgain_globalmax_interp_0425,family_03,91,6.54802,6.702875,0.154855,30,2,28,2.9,2.645315,2.611599,1.01291,0.16872,1.687196,1.789239,0.80755,0.102645,1.691789,0.0,scene_1_extra|scene_1.3_hig_refine_y03_12p73|669|11,scene_1_extra|scene_1.3_med_probe_y03_12p73|679|21,132c9c9c240f48dc6f4f603f036c7af7fa24ee3e,ca6aa4720d5eefdea031078183be20c2effc7092
scene_1_3_terminalgain_globalmax_interp_0426,family_03,92,6.54802,6.702875,0.154855,30,2,28,2.9,2.637278,2.611599,1.009833,0.16872,1.687196,1.788189,0.847227,0.152924,1.473878,0.0,scene_1_extra|scene_1.3_hig_refine_y03_12p73|669|11,scene_1_extra|scene_1.3_med_probe_y03_12p73|679|21,cb9df56cd1a1c74e3e81e2531947eafc013d7595,065063d850ba1ef1f3c7c0161f20e10a42af9dce
scene_1_3_terminalgain_globalmax_interp_0427,family_03,93,6.54802,6.702875,0.154855,30,2,28,2.9,2.645248,2.611599,1.012885,0.16872,1.687201,1.789103,0.933934,0.141568,1.689886,0.0,scene_1_extra|scene_1.3_hig_refine_y03_12p73|669|11,scene_1_extra|scene_1.3_med_probe_y03_12p73|679|21,94c76385867c943be7a101b3af4533ad1ce252c8,4d8da8e3b41a87a2bbb82e6d185707afab59c31a
scene_1_3_terminalgain_globalmax_interp_0428,family_03,94,6.54802,6.702875,0.154855,30,2,28,2.9,2.623584,2.611599,1.004589,0.168719,1.687187,1.78685,0.902732,0.091289,1.004044,0.0,scene_1_extra|scene_1.3_hig_refine_y03_12p73|669|11,scene_1_extra|scene_1.3_med_probe_y03_12p73|679|21,00d892207fb4f541ad24e5a0289796f3b5cb6a39,809ce4757edc7ef8ac502413756c620fb7982eb5
scene_1_3_terminalgain_globalmax_interp_0429,family_03,95,6.54802,6.702875,0.154855,30,2,28,2.9,2.637509,2.611599,1.009921,0.16872,1.687196,1.788267,0.825378,0.041009,1.480592,0.0,scene_1_extra|scene_1.3_hig_refine_y03_12p73|669|11,scene_1_extra|scene_1.3_med_probe_y03_12p73|679|21,c1175bed7709287f6075841b8a614ff152a83548,259767cc783eb97866713e030a63c646b72a1034
scene_1_3_terminalgain_globalmax_interp_0430,family_03,96,6.54802,6.702875,0.154855,30,2,28,2.9,2.62922,2.611599,1.006747,0.168719,1.687187,1.787427,0.808895,0.00927,1.218798,0.0,scene_1_extra|scene_1.3_hig_refine_y03_12p73|669|11,scene_1_extra|scene_1.3_med_probe_y03_12p73|679|21,a7db3769d4deaa5bcb4e1593afca809182e9e4c5,b25b2dcb0f7f403de35b54ab048a690489b32b48
scene_1_3_terminalgain_globalmax_interp_0431,family_03,97,6.54802,6.702875,0.154855,30,2,28,2.9,2.613163,2.611599,1.000599,0.16872,1.687196,1.785773,0.860377,0.059549,0.362182,0.0,scene_1_extra|scene_1.3_hig_refine_y03_12p73|669|11,scene_1_extra|scene_1.3_med_probe_y03_12p73|679|21,5197a82aec5914d13a3611f589c92f5e2faa1292,127bc8eb5d0b3b49100a8e67572868b7c6c007c6
scene_1_3_terminalgain_globalmax_interp_0432,family_03,98,6.54802,6.702875,0.154855,30,2,28,2.9,2.651365,2.611599,1.015227,0.16872,1.687201,1.789961,0.953693,0.109827,1.83937,0.0,scene_1_extra|scene_1.3_hig_refine_y03_12p73|669|11,scene_1_extra|scene_1.3_med_probe_y03_12p73|679|21,00129318e66fe41c656d8c6156e7ceed7d2071a8,76df978657f3e16f653c85c340edb88084e7f05c
scene_1_3_terminalgain_globalmax_interp_0433,family_03,99,6.54802,6.702875,0.154855,30,2,28,2.9,2.64234,2.611599,1.011771,0.16872,1.687196,1.788754,0.883952,0.160107,1.614203,0.0,scene_1_extra|scene_1.3_hig_refine_y03_12p73|669|11,scene_1_extra|scene_1.3_med_probe_y03_12p73|679|21,01cb801776a2f6276f10206d2c0c9b7742814a4e,5f56537b225a1198027d5dd03dd315608056ff9b
scene_1_3_terminalgain_globalmax_interp_0434,family_03,100,6.54802,6.702875,0.154855,30,2,28,2.9,2.614954,2.611599,1.001285,0.16872,1.687196,1.786139,0.817954,0.134385,0.530454,0.0,scene_1_extra|scene_1.3_hig_refine_y03_12p73|669|11,scene_1_extra|scene_1.3_med_probe_y03_12p73|679|21,340e21fe7755df72cb5ca0fdbbeb0e8867a92f37,a357a197b6bba869b0d181764e9313fab2738c05
scene_1_3_terminalgain_globalmax_interp_0435,family_03,101,6.54802,6.702875,0.154855,30,2,28,2.9,2.645677,2.611599,1.013049,0.16872,1.687196,1.789226,0.815663,0.084106,1.700813,0.0,scene_1_extra|scene_1.3_hig_refine_y03_12p73|669|11,scene_1_extra|scene_1.3_med_probe_y03_12p73|679|21,1b852f3cb96d5c8ba9457678460e172aa1925e28,d4f87f906bf934b897854219fc8295e5543d7484
scene_1_3_terminalgain_globalmax_interp_0436,family_03,102,6.54802,6.702875,0.154855,30,2,28,2.9,2.64942,2.611599,1.014482,0.16872,1.687196,1.789614,0.877593,0.033827,1.792981,0.0,scene_1_extra|scene_1.3_hig_refine_y03_12p73|669|11,scene_1_extra|scene_1.3_med_probe_y03_12p73|679|21,a17290f6511a8c1ec39f400139b71c49370c9560,fa388fef7cae8f2cc0620946ca2436ce2412764f
scene_1_3_terminalgain_globalmax_interp_0437,family_03,103,6.54802,6.702875,0.154855,30,2,28,2.9,2.624227,2.611599,1.004835,0.16872,1.687196,1.786808,0.977022,0.016453,1.030787,0.0,scene_1_extra|scene_1.3_hig_refine_y03_12p73|669|11,scene_1_extra|scene_1.3_med_probe_y03_12p73|679|21,e537518ef458589550030dfac25568cf06c9d131,660176eb568382742c929f0e2009c0508daa89b5
scene_1_3_terminalgain_globalmax_interp_0438,family_03,104,6.54802,6.702875,0.154855,30,2,28,2.9,2.628767,2.611599,1.006574,0.168719,1.687187,1.787323,0.979321,0.066732,1.203263,0.0,scene_1_extra|scene_1.3_hig_refine_y03_12p73|669|11,scene_1_extra|scene_1.3_med_probe_y03_12p73|679|21,3d96c638eee3ae8e1b07bc43d69dab1e0eb7de4d,72ec578224f2a90d9ad68f1b12e5e9368fbcf4f6
scene_1_3_terminalgain_globalmax_interp_0439,family_03,105,6.54802,6.702875,0.154855,30,2,28,2.9,2.623187,2.611599,1.004437,0.16872,1.687201,1.786761,0.879444,0.11701,0.987085,0.0,scene_1_extra|scene_1.3_hig_refine_y03_12p73|669|11,scene_1_extra|scene_1.3_med_probe_y03_12p73|679|21,e0a41f48c0d20c279db7a2cdd005e4c78808f68b,6b60ee3b6fabdfe84382fb850661fd4e842ab4d5
scene_1_3_terminalgain_globalmax_interp_0440,family_03,106,6.54802,6.702875,0.154855,30,2,28,2.9,2.642181,2.611599,1.01171,0.16872,1.687196,1.788749,0.816329,0.167289,1.610113,0.0,scene_1_extra|scene_1.3_hig_refine_y03_12p73|669|11,scene_1_extra|scene_1.3_med_probe_y03_12p73|679|21,7fc0f2403be3f920c3ecba86b45a95b3f12c9c77,acd48a00dc6cbe99794d5f5137ab22ef045bb452
scene_1_3_terminalgain_globalmax_interp_0441,family_03,107,6.54802,6.702875,0.154855,30,2,28,2.9,2.660963,2.611599,1.018902,0.16872,1.687201,1.791223,0.817287,0.127202,2.053594,0.0,scene_1_extra|scene_1.3_hig_refine_y03_12p73|669|11,scene_1_extra|scene_1.3_med_probe_y03_12p73|679|21,600b7e78724c05d7a7cb10c914a6ff9215d79ca7,d99ec3c892a4a10879922d2240096acb1e32d1fc
scene_1_3_terminalgain_globalmax_interp_0442,family_03,108,6.54802,6.702875,0.154855,30,2,28,2.9,2.61617,2.611599,1.00175,0.16872,1.687196,1.78622,0.882101,0.076923,0.619015,0.0,scene_1_extra|scene_1.3_hig_refine_y03_12p73|669|11,scene_1_extra|scene_1.3_med_probe_y03_12p73|679|21,213a04119436c4c709af24308109faee31ba635b,e9bf5b5fe09ad3ccb445024c9ddf7e3f10f406d4
scene_1_3_terminalgain_globalmax_interp_0443,family_03,109,6.54802,6.702875,0.154855,30,2,28,2.9,2.621032,2.611599,1.003612,0.16872,1.687196,1.78656,0.955993,0.026644,0.890331,0.0,scene_1_extra|scene_1.3_hig_refine_y03_12p73|669|11,scene_1_extra|scene_1.3_med_probe_y03_12p73|679|21,551d8d13e9e6be0e0729404a49ce42ac05db0cd2,16c5a78c4e2c2f61217515ff8f2fe8f8edbf23a2
scene_1_3_terminalgain_globalmax_interp_0444,family_03,110,6.54802,6.702875,0.154855,30,2,28,2.9,2.65968,2.611599,1.018411,0.168719,1.687187,1.791112,0.861673,0.023635,2.025871,0.0,scene_1_extra|scene_1.3_hig_refine_y03_12p73|669|11,scene_1_extra|scene_1.3_med_probe_y03_12p73|679|21,ada8422ed7cfa7c4b858fe0a5166472fdf59e9ef,18fded21e745ade14761533730b2ebda508ac857
scene_1_3_terminalgain_globalmax_interp_0445,family_03,111,6.54802,6.702875,0.154855,30,2,28,2.9,2.661319,2.611599,1.019038,0.16872,1.687196,1.79136,0.809562,0.073915,2.06115,0.0,scene_1_extra|scene_1.3_hig_refine_y03_12p73|669|11,scene_1_extra|scene_1.3_med_probe_y03_12p73|679|21,aea8d7b4d85dffacf22a5ec91af92f0168ebb672,4bf0ef1c8ce321c05a157cb877df858f264baf9b
scene_1_3_terminalgain_globalmax_interp_0446,family_03,112,6.54802,6.702875,0.154855,30,2,28,2.9,2.620078,2.611599,1.003247,0.168719,1.687193,1.786487,0.824082,0.124193,0.844169,0.0,scene_1_extra|scene_1.3_hig_refine_y03_12p73|669|11,scene_1_extra|scene_1.3_med_probe_y03_12p73|679|21,3bb21adbb03af1edf342474eac99991aade0ce74,9940d0a98cddc5b5243c7b542746c5e59bca3400
scene_1_3_terminalgain_globalmax_interp_0447,family_03,113,6.54802,6.702875,0.154855,30,2,28,2.9,2.616473,2.611599,1.001867,0.16872,1.687196,1.786182,0.900881,0.174472,0.639221,0.0,scene_1_extra|scene_1.3_hig_refine_y03_12p73|669|11,scene_1_extra|scene_1.3_med_probe_y03_12p73|679|21,164457d517f8fd154364dbcaad777df8be2620a8,1bc1a10ded1c3f58f32a11ae815fe7a25baa5b58
scene_1_3_terminalgain_globalmax_interp_0448,family_03,114,6.54802,6.702875,0.154855,30,2,28,2.9,2.658811,2.611599,1.018078,0.16872,1.687196,1.790965,0.935785,0.169273,2.0071,0.0,scene_1_extra|scene_1.3_hig_refine_y03_12p73|669|11,scene_1_extra|scene_1.3_med_probe_y03_12p73|679|21,ebd3eff898ca944847c15e2b48c4415bb4b439a1,8751276aaa1a1130a13a29e475082a7a031c9147
scene_1_3_terminalgain_globalmax_interp_0449,family_03,115,6.54802,6.702875,0.154855,30,2,28,2.9,2.633157,2.611599,1.008255,0.16872,1.687196,1.787856,0.848523,0.118994,1.349141,0.0,scene_1_extra|scene_1.3_hig_refine_y03_12p73|669|11,scene_1_extra|scene_1.3_med_probe_y03_12p73|679|21,5e9bade55ff98ad28f656599bd3c8070c9cecc54,7090e39347ddef4945419288790c75303bb5c86d
scene_1_3_terminalgain_globalmax_interp_0450,family_03,116,6.54802,6.702875,0.154855,30,2,28,2.9,2.624841,2.611599,1.005071,0.16872,1.687196,1.787026,0.807549,0.068715,1.055822,0.0,scene_1_extra|scene_1.3_hig_refine_y03_12p73|669|11,scene_1_extra|scene_1.3_med_probe_y03_12p73|679|21,1fe8e36cf48848f3d814663413f2835fc2806239,d3a16464d28d26cc29eefd83bd40941b8196f170
scene_1_3_terminalgain_globalmax_interp_0451,family_03,117,6.54802,6.702875,0.154855,30,2,28,2.9,2.625091,2.611599,1.005166,0.16872,1.687196,1.786899,0.837233,0.018435,1.065741,0.0,scene_1_extra|scene_1.3_hig_refine_y03_12p73|669|11,scene_1_extra|scene_1.3_med_probe_y03_12p73|679|21,35aea7161f3f81ec57565e2f299ee257349034cd,3c891f8be6a44ca10119c160bf8043f1dc508fd9
scene_1_3_terminalgain_globalmax_interp_0452,family_03,118,6.54802,6.702875,0.154855,30,2,28,2.9,2.631303,2.611599,1.007545,0.16872,1.687196,1.787518,0.919662,0.031844,1.289464,0.0,scene_1_extra|scene_1.3_hig_refine_y03_12p73|669|11,scene_1_extra|scene_1.3_med_probe_y03_12p73|679|21,0b990231e672619e7e7f3d40c8374ef913926be7,84f62ddcd064b3f251f89392bd26a1759fae0f4b
scene_1_3_terminalgain_globalmax_interp_0453,family_03,119,6.54802,6.702875,0.154855,30,2,28,2.9,2.643059,2.611599,1.012046,0.16872,1.687196,1.788814,0.917005,0.082123,1.633244,0.0,scene_1_extra|scene_1.3_hig_refine_y03_12p73|669|11,scene_1_extra|scene_1.3_med_probe_y03_12p73|679|21,e254c794cf797dd504605433d4ccfa73690575ac,5bd98fab6da76db89c7288801d45f9331f19f414
scene_1_3_terminalgain_globalmax_interp_0454,family_03,120,6.54802,6.702875,0.154855,30,2,28,2.9,2.65005,2.611599,1.014723,0.168719,1.687187,1.789891,0.835373,0.132402,1.808448,0.0,scene_1_extra|scene_1.3_hig_refine_y03_12p73|669|11,scene_1_extra|scene_1.3_med_probe_y03_12p73|679|21,4db1e5c51ad1b85e77bbca090c30bfb83fa4cea5,032c593197208fcd9a5fa03ef2b2902b54338a6b
scene_1_3_terminalgain_globalmax_interp_0455,family_03,121,6.54802,6.702875,0.154855,30,2,28,2.9,2.613948,2.611599,1.0009,0.16872,1.687201,1.786002,0.807549,0.16209,0.443843,0.0,scene_1_extra|scene_1.3_hig_refine_y03_12p73|669|11,scene_1_extra|scene_1.3_med_probe_y03_12p73|679|21,7dedb001b01c356473e75d6de65d46ba1ed2f0a4,dd7ad0a480bffc05639f36e945369affae5e5a7c
scene_1_3_terminalgain_globalmax_interp_0456,family_03,122,6.54802,6.702875,0.154855,30,2,28,2.9,2.651935,2.611599,1.015445,0.16872,1.687196,1.789941,0.850383,0.111811,1.852613,0.0,scene_1_extra|scene_1.3_hig_refine_y03_12p73|669|11,scene_1_extra|scene_1.3_med_probe_y03_12p73|679|21,b1f68f316ed41e687577fa0007f87576c15e2f9d,dd96af9c773aa8992c113e6766ba79dcdab02341
scene_1_3_terminalgain_globalmax_interp_0457,family_03,123,6.54802,6.702875,0.154855,30,2,28,2.9,2.662286,2.611599,1.019408,0.168719,1.687193,1.791345,0.938441,0.061532,2.081409,0.0,scene_1_extra|scene_1.3_hig_refine_y03_12p73|669|11,scene_1_extra|scene_1.3_med_probe_y03_12p73|679|21,db41e366b24a5f22a8897ca3e88ad21cb0662e7b,f82e690c426adc9b2caa9c9d51047316bee4cd3b
scene_1_3_terminalgain_globalmax_interp_0458,family_03,124,6.54802,6.702875,0.154855,30,2,28,2.9,2.611666,2.611599,1.000026,0.16872,1.687196,1.785775,0.898225,0.011253,0.079193,0.0,scene_1_extra|scene_1.3_hig_refine_y03_12p73|669|11,scene_1_extra|scene_1.3_med_probe_y03_12p73|679|21,2382a6d9502699a9f85fd5fdb0d3275fc13fca34,f666382ce8d9e2104ab015564a6851f82de0dd2d
scene_1_3_terminalgain_globalmax_interp_0459,family_03,125,6.54802,6.702875,0.154855,30,2,28,2.9,2.633994,2.611599,1.008575,0.16872,1.687196,1.787866,0.823097,0.039027,1.375529,0.0,scene_1_extra|scene_1.3_hig_refine_y03_12p73|669|11,scene_1_extra|scene_1.3_med_probe_y03_12p73|679|21,9c186682d87793b0b26d4aeb80e1ca5322a10b5f,7bd5e55fc0daf1a34ed9c0179e8945138ae2800d
scene_1_3_terminalgain_globalmax_interp_0460,family_03,126,6.54802,6.702875,0.154855,30,2,28,2.9,2.629789,2.611599,1.006965,0.16872,1.687196,1.787483,0.810519,0.089306,1.238475,0.0,scene_1_extra|scene_1.3_hig_refine_y03_12p73|669|11,scene_1_extra|scene_1.3_med_probe_y03_12p73|679|21,86424fdc6316b55962e8aaa32e8832de1a27e7f0,c235b21446e7d11b707f06364249d13bf5899c68
scene_1_3_terminalgain_globalmax_interp_0461,family_03,127,6.54802,6.702875,0.154855,30,2,28,2.9,2.631561,2.611599,1.007644,0.16872,1.687196,1.78758,0.863533,0.139585,1.298096,0.0,scene_1_extra|scene_1.3_hig_refine_y03_12p73|669|11,scene_1_extra|scene_1.3_med_probe_y03_12p73|679|21,b6714802f5a4f78fd70a490993ef5238ce340bb4,071a543beb35cd51159f3074ffb66bb87a923e89
scene_1_3_terminalgain_globalmax_interp_0462,family_03,128,6.54802,6.702875,0.154855,30,2,28,2.9,2.640615,2.611599,1.011111,0.16872,1.687201,1.788636,0.959293,0.154908,1.567667,0.0,scene_1_extra|scene_1.3_hig_refine_y03_12p73|669|11,scene_1_extra|scene_1.3_med_probe_y03_12p73|679|21,158f2fffb72fe06342edf0daafb4f3b37ce493e7,f60f55260e453296ba35b2dfc327a9c577f75de4
scene_1_3_terminalgain_globalmax_interp_0463,family_03,129,6.54802,6.702875,0.154855,30,2,28,2.9,2.638997,2.611599,1.010491,0.16872,1.687196,1.788478,0.974656,0.104628,1.523014,0.0,scene_1_extra|scene_1.3_hig_refine_y03_12p73|669|11,scene_1_extra|scene_1.3_med_probe_y03_12p73|679|21,83f42a4435995b054985fbf76665fc43e133892e,489e61c2e57c55ff9b961a66fef89c8f5e1d002d
scene_1_3_terminalgain_globalmax_interp_0464,family_03,130,6.54802,6.702875,0.154855,30,2,28,2.9,2.634493,2.611599,1.008766,0.16872,1.687196,1.787936,0.875689,0.054349,1.390795,0.0,scene_1_extra|scene_1.3_hig_refine_y03_12p73|669|11,scene_1_extra|scene_1.3_med_probe_y03_12p73|679|21,521f3a7edbb88059f5b434623206401d88fd596d,9a669899130933e7c48bd6e69cbb351d60fb2bcb
scene_1_3_terminalgain_globalmax_interp_0465,family_03,131,6.54802,6.702875,0.154855,30,2,28,2.9,2.645578,2.611599,1.013011,0.16872,1.687196,1.789157,0.814976,0.00407,1.698278,0.0,scene_1_extra|scene_1.3_hig_refine_y03_12p73|669|11,scene_1_extra|scene_1.3_med_probe_y03_12p73|679|21,86ece12576679e07551467ab86608fcac6312648,d7a813a0e43e994256ce5d4a5c54fae35c96a2b9
scene_1_3_terminalgain_globalmax_interp_0466,family_03,132,6.54802,6.702875,0.154855,30,2,28,2.9,2.626478,2.611599,1.005697,0.16872,1.687196,1.787183,0.818641,0.046209,1.119128,0.0,scene_1_extra|scene_1.3_hig_refine_y03_12p73|669|11,scene_1_extra|scene_1.3_med_probe_y03_12p73|679|21,368b1f3368e3eface916e90acf2449b8a8ecdffa,ea618a9c605e6f0bd1130f3e41a59a88ac83d9b7
scene_1_3_terminalgain_globalmax_interp_0467,family_03,133,6.54802,6.702875,0.154855,30,2,28,2.9,2.615994,2.611599,1.001683,0.16872,1.687196,1.786086,0.885857,0.096489,0.607154,0.0,scene_1_extra|scene_1.3_hig_refine_y03_12p73|669|11,scene_1_extra|scene_1.3_med_probe_y03_12p73|679|21,b4afbb58f3b2e27c59987b44185944596fe664e3,62b0b7b801688cd601b1f9d28173bdbc0efef00f
scene_1_3_terminalgain_globalmax_interp_0468,family_03,134,6.54802,6.702875,0.154855,30,2,28,2.9,2.644764,2.611599,1.012699,0.16872,1.687201,1.789119,0.951327,0.146768,1.677494,0.0,scene_1_extra|scene_1.3_hig_refine_y03_12p73|669|11,scene_1_extra|scene_1.3_med_probe_y03_12p73|679|21,ca66cf4e70cbd106e61ea635132d578231684ecb,529b9940592fd0b06afb26766840d16fdcbc5487
scene_1_3_terminalgain_globalmax_interp_0469,family_03,135,6.54802,6.702875,0.154855,30,2,28,2.9,2.630175,2.611599,1.007113,0.16872,1.687201,1.787347,0.859043,0.147725,1.251964,0.0,scene_1_extra|scene_1.3_hig_refine_y03_12p73|669|11,scene_1_extra|scene_1.3_med_probe_y03_12p73|679|21,96ac3f20bec1f2499bc43d8f9073bb076eb3fdf0,da3c6d45267018587b0f1bffba2b6f8d1c6117b9
scene_1_3_terminalgain_globalmax_interp_0470,family_03,136,6.54802,6.702875,0.154855,30,2,28,2.9,2.619996,2.611599,1.003215,0.16872,1.687196,1.786499,0.808208,0.097446,0.839799,0.0,scene_1_extra|scene_1.3_hig_refine_y03_12p73|669|11,scene_1_extra|scene_1.3_med_probe_y03_12p73|679|21,642f4e095ce19fc8c3c23276cce50e0d73dc6ae9,363954e506a0721f5543b1b92c7bb325f6f41c93
scene_1_3_terminalgain_globalmax_interp_0471,family_03,137,6.54802,6.702875,0.154855,30,2,28,2.9,2.642872,2.611599,1.011975,0.16872,1.687196,1.789002,0.826712,0.047166,1.628151,0.0,scene_1_extra|scene_1.3_hig_refine_y03_12p73|669|11,scene_1_extra|scene_1.3_med_probe_y03_12p73|679|21,4cf3d7a6720f000bce2bf51400dfcba01984f94d,4ff8fd4b0b1d9d4b4d0da0ebb2ca62083ee47aa5
scene_1_3_terminalgain_globalmax_interp_0472,family_03,138,6.54802,6.702875,0.154855,30,2,28,2.9,2.67356,2.611599,1.023725,0.16872,1.687196,1.793075,0.904637,0.003113,2.306299,0.0,scene_1_extra|scene_1.3_hig_refine_y03_12p73|669|11,scene_1_extra|scene_1.3_med_probe_y03_12p73|679|21,46c208b20b59b1d808a5018ca3fd9800552c190e,e13787cf9189389c709867565fabbc22e9c8767d
scene_1_3_terminalgain_globalmax_interp_0473,family_03,139,6.54802,6.702875,0.154855,30,2,28,2.9,2.644354,2.611599,1.012542,0.168719,1.687187,1.789014,0.93203,0.053392,1.666968,0.0,scene_1_extra|scene_1.3_hig_refine_y03_12p73|669|11,scene_1_extra|scene_1.3_med_probe_y03_12p73|679|21,70c3ade343071884a2dd848ec9ee707ad84a2a52,1b9ff67e1ad62179bd22942749fd39405a7dbf54
scene_1_3_terminalgain_globalmax_interp_0474,family_03,140,6.54802,6.702875,0.154855,30,2,28,2.9,2.616659,2.611599,1.001938,0.16872,1.687196,1.786273,0.845893,0.103671,0.651525,0.0,scene_1_extra|scene_1.3_hig_refine_y03_12p73|669|11,scene_1_extra|scene_1.3_med_probe_y03_12p73|679|21,d9fcfe2a91c8553be8d36218b11dc6e1997dca12,5c827e1b1110e39190c0ac16026c4e2362db7277
scene_1_3_terminalgain_globalmax_interp_0475,family_03,141,6.54802,6.702875,0.154855,30,2,28,2.9,2.637603,2.611599,1.009957,0.16872,1.687196,1.788306,0.807549,0.153951,1.483198,0.0,scene_1_extra|scene_1.3_hig_refine_y03_12p73|669|11,scene_1_extra|scene_1.3_med_probe_y03_12p73|679|21,7c4b98778ea2243d277f2b859f141f34dd46f132,566c71cd979a7d902b397fdd6f2b450b73c497bb
scene_1_3_terminalgain_globalmax_interp_0476,family_03,142,6.54802,6.702875,0.154855,30,2,28,2.9,2.624419,2.611599,1.004909,0.16872,1.687196,1.786811,0.839862,0.140542,1.03852,0.0,scene_1_extra|scene_1.3_hig_refine_y03_12p73|669|11,scene_1_extra|scene_1.3_med_probe_y03_12p73|679|21,ff1df1fca8c5688e4c686d0209dda1ff45ba9bfe,822008a08c40c1c57e74aed729d753dd4221f1f0
scene_1_3_terminalgain_globalmax_interp_0477,family_03,143,6.54802,6.702875,0.154855,30,2,28,2.9,2.639364,2.611599,1.010632,0.16872,1.687196,1.788363,0.923417,0.090263,1.53301,0.0,scene_1_extra|scene_1.3_hig_refine_y03_12p73|669|11,scene_1_extra|scene_1.3_med_probe_y03_12p73|679|21,45209dc40621b6a51aabfe99267e07f40188c4ea,1e7f77ebc87d2f2703628cd6302e6d942f8ab1e6
scene_1_3_terminalgain_globalmax_interp_0478,family_03,144,6.54802,6.702875,0.154855,30,2,28,2.9,2.625734,2.611599,1.005413,0.16872,1.687196,1.786935,0.913249,0.039984,1.090786,0.0,scene_1_extra|scene_1.3_hig_refine_y03_12p73|669|11,scene_1_extra|scene_1.3_med_probe_y03_12p73|679|21,c03337cb582fadc5b4d145a4c45ed72562d59123,ae331fb9f3b4a85a3f721e614de1c1c864391588
scene_1_3_terminalgain_globalmax_interp_0479,family_03,145,6.54802,6.702875,0.154855,30,2,28,2.9,2.613227,2.611599,1.000624,0.16872,1.687201,1.786011,0.832742,0.010296,0.369672,0.0,scene_1_extra|scene_1.3_hig_refine_y03_12p73|669|11,scene_1_extra|scene_1.3_med_probe_y03_12p73|679|21,eebce884170805736feaa1da7ab5632167235bbb,a11437193143513ac768806fd8f0eedf15b63df2
scene_1_3_terminalgain_globalmax_interp_0480,family_03,146,6.54802,6.702875,0.154855,30,2,28,2.9,2.659795,2.611599,1.018455,0.16872,1.687196,1.791033,0.807549,0.060575,2.028633,0.0,scene_1_extra|scene_1.3_hig_refine_y03_12p73|669|11,scene_1_extra|scene_1.3_med_probe_y03_12p73|679|21,672404e3556b5d51782467b7b9e623d1c5cc1772,dfed3f0212d2ad76a81824e0df0eb6b6b59eb59f
scene_1_3_terminalgain_globalmax_interp_0481,family_03,147,6.54802,6.702875,0.154855,30,2,28,2.9,2.6618,2.611599,1.019222,0.16872,1.687196,1.791301,0.853013,0.110854,2.070996,0.0,scene_1_extra|scene_1.3_hig_refine_y03_12p73|669|11,scene_1_extra|scene_1.3_med_probe_y03_12p73|679|21,bc4ec0f34959af7b02df912d43e1b8ed973b8dcc,91d7e3ea08bd2deb33891f311788d371a3ab65e1
scene_1_3_terminalgain_globalmax_interp_0482,family_03,148,6.54802,6.702875,0.154855,30,2,28,2.9,2.615193,2.611599,1.001376,0.16872,1.687196,1.786114,0.942198,0.161133,0.549416,0.0,scene_1_extra|scene_1.3_hig_refine_y03_12p73|669|11,scene_1_extra|scene_1.3_med_probe_y03_12p73|679|21,f2f18adb0d144d5be2bc5fc9c3b07b7e4a331f83,ef3fa2dca860f9b80ca5a971c2f3cd4b1ed39274
scene_1_3_terminalgain_globalmax_interp_0483,family_03,149,6.54802,6.702875,0.154855,30,2,28,2.9,2.621386,2.611599,1.003748,0.16872,1.687196,1.786662,0.894469,0.133359,0.907017,0.0,scene_1_extra|scene_1.3_hig_refine_y03_12p73|669|11,scene_1_extra|scene_1.3_med_probe_y03_12p73|679|21,42c330becc8a5d50deb589cf83949319031ee3cd,9afcc7513ece1ef70877397a4432410e7364d090
scene_1_3_terminalgain_globalmax_interp_0484,family_03,150,6.54802,6.702875,0.154855,30,2,28,2.9,2.646086,2.611599,1.013206,0.16872,1.687196,1.789292,0.821744,0.08308,1.711187,0.0,scene_1_extra|scene_1.3_hig_refine_y03_12p73|669|11,scene_1_extra|scene_1.3_med_probe_y03_12p73|679|21,716ae967649720f91277b0deab78d74379f4447d,c5e394a2d4ae3f7b618517600619ffbbed2b8964
scene_1_3_terminalgain_globalmax_interp_0485,family_03,151,6.54802,6.702875,0.154855,30,2,28,2.9,2.621866,2.611599,1.003931,0.16872,1.687201,1.786661,0.811873,0.032801,0.929341,0.0,scene_1_extra|scene_1.3_hig_refine_y03_12p73|669|11,scene_1_extra|scene_1.3_med_probe_y03_12p73|679|21,5a32fe498c637e01444d9c574c5ef7d5f0315215,a14812dc1b85d928ee898505ad2438c1bbe66219
scene_1_3_terminalgain_globalmax_interp_0486,family_03,152,6.54802,6.702875,0.154855,30,2,28,2.9,2.634961,2.611599,1.008946,0.16872,1.687196,1.787988,0.867076,0.017478,1.404856,0.0,scene_1_extra|scene_1.3_hig_refine_y03_12p73|669|11,scene_1_extra|scene_1.3_med_probe_y03_12p73|679|21,d426210d000611613cac30a853a7963ce90ed506,e85f130ec9c0c700a7babf18b1e85630412d46d0
scene_1_3_terminalgain_globalmax_interp_0487,family_03,153,6.54802,6.702875,0.154855,30,2,28,2.9,2.619003,2.611599,1.002835,0.16872,1.687196,1.786396,0.963958,0.067758,0.788285,0.0,scene_1_extra|scene_1.3_hig_refine_y03_12p73|669|11,scene_1_extra|scene_1.3_med_probe_y03_12p73|679|21,7e0d3ea1cc254eb97dfe3724378e6f6e7702e9aa,2cdc81367f96d571de7b6123c5faa942d0ee125c
scene_1_3_terminalgain_globalmax_interp_0488,family_03,154,6.54802,6.702875,0.154855,30,2,28,2.9,2.646526,2.611599,1.013374,0.16872,1.687196,1.789349,0.96999,0.118037,1.721918,0.0,scene_1_extra|scene_1.3_hig_refine_y03_12p73|669|11,scene_1_extra|scene_1.3_med_probe_y03_12p73|679|21,5aa44d8ea0ed9abe2e336defe46c37f35798697f,ea1dee26d542f78a108185c4c5219123794c06a1
scene_1_3_terminalgain_globalmax_interp_0489,family_03,155,6.54802,6.702875,0.154855,30,2,28,2.9,2.670207,2.611599,1.022441,0.168719,1.687187,1.792682,0.871933,0.168316,2.241704,0.0,scene_1_extra|scene_1.3_hig_refine_y03_12p73|669|11,scene_1_extra|scene_1.3_med_probe_y03_12p73|679|21,62f3859fd921de9fc3bbdf5ba55833ea183ed7f1,5fe7c681e309f281cf03a8d2b5f769fbd89ea49c
scene_1_3_terminalgain_globalmax_interp_0490,family_03,156,6.54802,6.702875,0.154855,30,2,28,2.9,2.635933,2.611599,1.009318,0.16872,1.687201,1.788046,0.813622,0.126177,1.434221,0.0,scene_1_extra|scene_1.3_hig_refine_y03_12p73|669|11,scene_1_extra|scene_1.3_med_probe_y03_12p73|679|21,8976838b70be4c769a4f832b8f49c0ad29dd7167,4c405c529dfe966fd70217170fbbd3595ac9dd63
scene_1_3_terminalgain_globalmax_interp_0491,family_03,157,6.54802,6.702875,0.154855,30,2,28,2.9,2.619454,2.611599,1.003008,0.16872,1.687196,1.786394,0.819994,0.075897,0.812117,0.0,scene_1_extra|scene_1.3_hig_refine_y03_12p73|669|11,scene_1_extra|scene_1.3_med_probe_y03_12p73|679|21,a661ac141233f9301a09c1a370c9ed375f9eee74,334e9c2bd04a6f8c63eab8626efa3773d5221fee
scene_1_3_terminalgain_globalmax_interp_0492,family_03,158,6.54802,6.702875,0.154855,30,2,28,2.9,2.63222,2.611599,1.007896,0.16872,1.687196,1.787722,0.889613,0.025618,1.319405,0.0,scene_1_extra|scene_1.3_hig_refine_y03_12p73|669|11,scene_1_extra|scene_1.3_med_probe_y03_12p73|679|21,d10f793878c54aa2b79e4c694444b045d7a50998,7f71ecdc4d64353e5f054602353c23c4ac3db8f2
scene_1_3_terminalgain_globalmax_interp_0493,family_03,159,6.54802,6.702875,0.154855,30,2,28,2.9,2.641465,2.611599,1.011436,0.16872,1.687196,1.788789,0.947053,0.024661,1.590732,0.0,scene_1_extra|scene_1.3_hig_refine_y03_12p73|669|11,scene_1_extra|scene_1.3_med_probe_y03_12p73|679|21,40b0e911344ddf102b72601972dbf0f8d6506818,9ae6ed29e012af3b9ccefe12f6e87f7202d95efb
scene_1_3_terminalgain_globalmax_interp_0494,family_03,160,6.54802,6.702875,0.154855,30,2,28,2.9,2.615232,2.611599,1.001391,0.16872,1.687196,1.786096,0.856413,0.07494,0.552013,0.0,scene_1_extra|scene_1.3_hig_refine_y03_12p73|669|11,scene_1_extra|scene_1.3_med_probe_y03_12p73|679|21,9ba8525fe01a1f2023cea688dd4c45f0487ce227,723f9adffc9534df72c29309f9f16e554b329ee6
scene_1_3_terminalgain_globalmax_interp_0495,family_03,161,6.54802,6.702875,0.154855,30,2,28,2.9,2.632187,2.611599,1.007884,0.16872,1.687196,1.787577,0.80755,0.12522,1.31835,0.0,scene_1_extra|scene_1.3_hig_refine_y03_12p73|669|11,scene_1_extra|scene_1.3_med_probe_y03_12p73|679|21,762732c06d5a66b0cd7e301017edad25b6e3bc20,18f3bc88dc6850774518eeeec52826d46722a074
scene_1_3_terminalgain_globalmax_interp_0496,family_03,162,6.54802,6.702875,0.154855,30,2,28,2.9,2.64015,2.611599,1.010933,0.16872,1.687196,1.788505,0.829343,0.175499,1.554922,0.0,scene_1_extra|scene_1.3_hig_refine_y03_12p73|669|11,scene_1_extra|scene_1.3_med_probe_y03_12p73|679|21,8c486ecb7cd3e700e49485f602f0cf4b5075b7ad,6267efb9264b65866b8a33ff59e7f19251a72624
scene_1_3_terminalgain_globalmax_interp_0497,family_03,163,6.54802,6.702875,0.154855,30,2,28,2.9,2.638347,2.611599,1.010242,0.16872,1.687196,1.788312,0.908394,0.175283,1.504731,0.0,scene_1_extra|scene_1.3_hig_refine_y03_12p73|669|11,scene_1_extra|scene_1.3_med_probe_y03_12p73|679|21,969705b6f02be1b2f4c1f51178bc91434b93a93d,bcfd11bfe7b1a7c5e82da0f4fd001f1fb1da356a
scene_1_3_terminalgain_globalmax_interp_0498,family_03,164,6.54802,6.702875,0.154855,30,2,28,2.9,2.645389,2.611599,1.012939,0.16872,1.687196,1.789066,0.928273,0.125004,1.693556,0.0,scene_1_extra|scene_1.3_hig_refine_y03_12p73|669|11,scene_1_extra|scene_1.3_med_probe_y03_12p73|679|21,c35f944f42fac0505d1c0092cea7ae8c03f589f4,ead62bbdaab0097fb8ea059e139b8fa85e1fd753
scene_1_3_terminalgain_globalmax_interp_0499,family_03,165,6.54802,6.702875,0.154855,30,2,28,2.9,2.647003,2.611599,1.013557,0.16872,1.687196,1.789429,0.843263,0.074725,1.733739,0.0,scene_1_extra|scene_1.3_hig_refine_y03_12p73|669|11,scene_1_extra|scene_1.3_med_probe_y03_12p73|679|21,bef1a98a50336fae8eafac355e085abd0c50d4c2,835184337147c09b738ed260ca0d9b0206d52ea2
scene_1_3_terminalgain_globalmax_interp_0500,family_03,166,6.54802,6.702875,0.154855,30,2,28,2.9,2.631228,2.611599,1.007516,0.16872,1.687196,1.787551,0.807549,0.024446,1.286967,0.0,scene_1_extra|scene_1.3_hig_refine_y03_12p73|669|11,scene_1_extra|scene_1.3_med_probe_y03_12p73|679|21,73c85cfed3a1959c5968cf1d04cfaf08b76018ef,99efaf17d68d42fc52ac908f90d1c01539a5644b
scene_1_3_terminalgain_globalmax_interp_0501,family_03,167,6.54802,6.702875,0.154855,30,2,28,2.9,2.628469,2.611599,1.00646,0.16872,1.687196,1.787325,0.842493,0.025833,1.192542,0.0,scene_1_extra|scene_1.3_hig_refine_y03_12p73|669|11,scene_1_extra|scene_1.3_med_probe_y03_12p73|679|21,0af8d4398cafd2b1d8583b8b38b07434517d6902,a292beb5239b52cf977d7030cad6381e104d3106
scene_1_3_terminalgain_globalmax_interp_0502,family_04,1,6.496161,6.702875,0.206715,30,2,28,2.9,2.772582,2.772582,1.0,0.179119,1.791193,1.895863,1.453588,0.0,0.020945,0.0,scene_1_extra|scene_1.3_hig_refine_y03_13p66|662|4,scene_1_extra|scene_1.3_med_probe_y03_12p73|679|21,3cf4efb337842454b51a645153e7b285c965ec26,2e361a7edd20c1c50223f561f6d2f0b6977e8744
scene_1_3_terminalgain_globalmax_interp_0503,family_04,2,6.496161,6.702875,0.206715,30,2,28,2.9,2.774114,2.772582,1.000553,0.17912,1.791199,1.895963,1.546954,0.072974,0.34794,0.0,scene_1_extra|scene_1.3_hig_refine_y03_13p66|662|4,scene_1_extra|scene_1.3_med_probe_y03_12p73|679|21,d1d012226dfdf81d7eafc279eedc1f47be4d5c00,cf019e04672a822f4c5734cccabb9e09df8da1c3
scene_1_3_terminalgain_globalmax_interp_0504,family_04,3,6.496161,6.702875,0.206715,30,2,28,2.9,2.828416,2.772582,1.020138,0.17912,1.791196,1.902154,1.482195,0.123254,2.120939,0.0,scene_1_extra|scene_1.3_hig_refine_y03_13p66|662|4,scene_1_extra|scene_1.3_med_probe_y03_12p73|679|21,7b30d0e17383daec1ce910d6f1bac2e379f5f866,a7ee3c9806afc4b065f461c5b071d9d70135f118
scene_1_3_terminalgain_globalmax_interp_0505,family_04,4,6.496161,6.702875,0.206715,30,2,28,2.9,2.825751,2.772582,1.019177,0.17912,1.791204,1.901904,1.453589,0.173533,2.068905,0.0,scene_1_extra|scene_1.3_hig_refine_y03_13p66|662|4,scene_1_extra|scene_1.3_med_probe_y03_12p73|679|21,4d8898bbe40321cffd53daf5b8346787c6a6c18d,5f83d367b9f8edd87ea64dda83399497938a06ad
scene_1_3_terminalgain_globalmax_interp_0506,family_04,5,6.496161,6.702875,0.206715,30,2,28,2.9,2.773569,2.772582,1.000356,0.17912,1.791199,1.895864,1.465084,0.170212,0.279633,0.0,scene_1_extra|scene_1.3_hig_refine_y03_13p66|662|4,scene_1_extra|scene_1.3_med_probe_y03_12p73|679|21,fcde9cfe9828ea811c617169c1ae32d6086d5335,12b5cb276547283eace7a27109302a355cbc234a
scene_1_3_terminalgain_globalmax_interp_0507,family_04,6,6.496161,6.702875,0.206715,30,2,28,2.9,2.788071,2.772582,1.005587,0.17912,1.791196,1.897212,1.513707,0.119933,1.108283,0.0,scene_1_extra|scene_1.3_hig_refine_y03_13p66|662|4,scene_1_extra|scene_1.3_med_probe_y03_12p73|679|21,452d4cab55a2d25997934679dc227c1dab1fd4fa,50385f7b96efc709dd5682056976af3193fd84be
scene_1_3_terminalgain_globalmax_interp_0508,family_04,7,6.496161,6.702875,0.206715,30,2,28,2.9,2.795217,2.772582,1.008164,0.17912,1.791196,1.897975,1.533804,0.069654,1.341696,0.0,scene_1_extra|scene_1.3_hig_refine_y03_13p66|662|4,scene_1_extra|scene_1.3_med_probe_y03_12p73|679|21,8c96beeeaf2157dc6bb780c5f0f7bd0b912fc6d0,f2f33517c3c36b5d941e28adf6cbc3b6a8453924
scene_1_3_terminalgain_globalmax_interp_0509,family_04,8,6.496161,6.702875,0.206715,30,2,28,2.9,2.789356,2.772582,1.00605,0.17912,1.791199,1.897406,1.475427,0.019374,1.153495,0.0,scene_1_extra|scene_1.3_hig_refine_y03_13p66|662|4,scene_1_extra|scene_1.3_med_probe_y03_12p73|679|21,1e1804a1cf57d0eec33b6c2078bc1743c086ccf6,6c6610b23218207bb5d28be69d07d41fbe5829d4
scene_1_3_terminalgain_globalmax_interp_0510,family_04,9,6.496161,6.702875,0.206715,30,2,28,2.9,2.793398,2.772582,1.007508,0.17912,1.791204,1.897721,1.453589,0.030905,1.28663,0.0,scene_1_extra|scene_1.3_hig_refine_y03_13p66|662|4,scene_1_extra|scene_1.3_med_probe_y03_12p73|679|21,f91498a92033eba87b2610f5c7e2e10139e237b5,e4915a937cc7ee14fa80bab0e80c303f5d738f78
scene_1_3_terminalgain_globalmax_interp_0511,family_04,10,6.496161,6.702875,0.206715,30,2,28,2.9,2.779011,2.772582,1.002319,0.17912,1.791196,1.896437,1.471852,0.081184,0.712997,0.0,scene_1_extra|scene_1.3_hig_refine_y03_13p66|662|4,scene_1_extra|scene_1.3_med_probe_y03_12p73|679|21,de471fb3e639d5a91ec426a324e7426dc1984767,9bb99f8c4cd750e3bf553e246577b80ed3e3bc4d
scene_1_3_terminalgain_globalmax_interp_0512,family_04,11,6.496161,6.702875,0.206715,30,2,28,2.9,2.79678,2.772582,1.008728,0.17912,1.791196,1.898039,1.526857,0.131462,1.387942,0.0,scene_1_extra|scene_1.3_hig_refine_y03_13p66|662|4,scene_1_extra|scene_1.3_med_probe_y03_12p73|679|21,f39046e86d64f04e7ad1758b30d6b4a4d8488757,bb397f0c7812a4b52d5d700cc03f276126af9fe5
scene_1_3_terminalgain_globalmax_interp_0513,family_04,12,6.496161,6.702875,0.206715,30,2,28,2.9,2.825351,2.772582,1.019032,0.17912,1.791196,1.901697,1.520654,0.163029,2.060642,0.0,scene_1_extra|scene_1.3_hig_refine_y03_13p66|662|4,scene_1_extra|scene_1.3_med_probe_y03_12p73|679|21,e9c49ef9a4e62fc168b5b42151c60f636fde2029,22a6f19f629c211ad903763d25944cc8a1de8c93
scene_1_3_terminalgain_globalmax_interp_0514,family_04,13,6.496161,6.702875,0.206715,30,2,28,2.9,2.804178,2.772582,1.011396,0.17912,1.791196,1.898958,1.468659,0.11275,1.588161,0.0,scene_1_extra|scene_1.3_hig_refine_y03_13p66|662|4,scene_1_extra|scene_1.3_med_probe_y03_12p73|679|21,c3b4b8b0103c46cd10286bb7b9dccacbae66d913,d5aa1f8f12c41cf4462ec36b30c7171ec1c292f9
scene_1_3_terminalgain_globalmax_interp_0515,family_04,14,6.496161,6.702875,0.206715,30,2,28,2.9,2.778997,2.772582,1.002314,0.17912,1.791196,1.896404,1.453589,0.062471,0.712042,0.0,scene_1_extra|scene_1.3_hig_refine_y03_13p66|662|4,scene_1_extra|scene_1.3_med_probe_y03_12p73|679|21,04cbb889d70245dd0ddbdfa43ea0cf2c60657069,ec32f2ff19776e94a825fc10d62b71721988fa03
scene_1_3_terminalgain_globalmax_interp_0516,family_04,15,6.496161,6.702875,0.206715,30,2,28,2.9,2.792806,2.772582,1.007294,0.17912,1.791201,1.897717,1.478619,0.012192,1.267737,0.0,scene_1_extra|scene_1.3_hig_refine_y03_13p66|662|4,scene_1_extra|scene_1.3_med_probe_y03_12p73|679|21,af0f981393e832c9a818f10b142c0866791653dd,b1afbe9277317598e1f9ec3c952eccaa616ded66
scene_1_3_terminalgain_globalmax_interp_0517,family_04,16,6.496161,6.702875,0.206715,30,2,28,2.9,2.801776,2.772582,1.01053,0.17912,1.791199,1.898691,1.540007,0.038088,1.525904,0.0,scene_1_extra|scene_1.3_hig_refine_y03_13p66|662|4,scene_1_extra|scene_1.3_med_probe_y03_12p73|679|21,8d7a622f9be35787030a80f0e79329952e242617,e436a852328d76507870d54df5946cf433496db9
scene_1_3_terminalgain_globalmax_interp_0518,family_04,17,6.496161,6.702875,0.206715,30,2,28,2.9,2.778825,2.772582,1.002252,0.17912,1.791196,1.896286,1.507504,0.088367,0.70255,0.0,scene_1_extra|scene_1.3_hig_refine_y03_13p66|662|4,scene_1_extra|scene_1.3_med_probe_y03_12p73|679|21,c3787ff6c603c8bc334584e3d97ca5507c01dfca,703331711fc49d77de1574d9082b0ab91cb5f810
scene_1_3_terminalgain_globalmax_interp_0519,family_04,18,6.496161,6.702875,0.206715,30,2,28,2.9,2.785082,2.772582,1.004509,0.17912,1.791196,1.896951,1.461891,0.138645,0.995023,0.0,scene_1_extra|scene_1.3_hig_refine_y03_13p66|662|4,scene_1_extra|scene_1.3_med_probe_y03_12p73|679|21,be7b3b36475d25e3e14a48793e3b3994e87ecc04,b1963ef66777d9ec909a557eb6ccb3b36f987eaa
scene_1_3_terminalgain_globalmax_interp_0520,family_04,19,6.496161,6.702875,0.206715,30,2,28,2.9,2.809916,2.772582,1.013465,0.17912,1.791196,1.899574,1.453589,0.155847,1.728038,0.0,scene_1_extra|scene_1.3_hig_refine_y03_13p66|662|4,scene_1_extra|scene_1.3_med_probe_y03_12p73|679|21,d5d2e17aebfd025df20f99941cb16e67bd327e9b,7bdbbb1ac584e02a0b40c06ba372bb6eb95b5c16
scene_1_3_terminalgain_globalmax_interp_0521,family_04,20,6.496161,6.702875,0.206715,30,2,28,2.9,2.800055,2.772582,1.009909,0.17912,1.791199,1.89854,1.487406,0.105567,1.479765,0.0,scene_1_extra|scene_1.3_hig_refine_y03_13p66|662|4,scene_1_extra|scene_1.3_med_probe_y03_12p73|679|21,f56c52e5fddece2ac4695721b08054fe44b2fdf5,1abe9db8dea1dd18d732185e4a5a8428031e1e47
scene_1_3_terminalgain_globalmax_interp_0522,family_04,21,6.496161,6.702875,0.206715,30,2,28,2.9,2.795951,2.772582,1.008429,0.179119,1.791188,1.897905,1.553157,0.055288,1.363436,0.0,scene_1_extra|scene_1.3_hig_refine_y03_13p66|662|4,scene_1_extra|scene_1.3_med_probe_y03_12p73|679|21,60382eae2c71f4c0f96cc958d5e4e3e78d786a1e,36e946e5d3ed0269f7158ca53bc48da719902636
scene_1_3_terminalgain_globalmax_interp_0523,family_04,22,6.496161,6.702875,0.206715,30,2,28,2.9,2.803691,2.772582,1.01122,0.17912,1.791201,1.898853,1.558426,0.005009,1.575348,0.0,scene_1_extra|scene_1.3_hig_refine_y03_13p66|662|4,scene_1_extra|scene_1.3_med_probe_y03_12p73|679|21,a032e4341bca2df897b80e9b227de260f754e798,afbc36b33503b016e8967f2b0eb161ecaf83f4ef
scene_1_3_terminalgain_globalmax_interp_0524,family_04,23,6.496161,6.702875,0.206715,30,2,28,2.9,2.786771,2.772582,1.005118,0.17912,1.791199,1.897057,1.491724,0.04527,1.060681,0.0,scene_1_extra|scene_1.3_hig_refine_y03_13p66|662|4,scene_1_extra|scene_1.3_med_probe_y03_12p73|679|21,d2cfe6a1fc92424323398d2313d34a27702a6cce,934c73642896ddd3f9eef1e8566d666ec97d818a
scene_1_3_terminalgain_globalmax_interp_0525,family_04,24,6.496161,6.702875,0.206715,30,2,28,2.9,2.793349,2.772582,1.00749,0.17912,1.791201,1.897802,1.45377,0.095549,1.284867,0.0,scene_1_extra|scene_1.3_hig_refine_y03_13p66|662|4,scene_1_extra|scene_1.3_med_probe_y03_12p73|679|21,6888ac0573adb162a92b93f86556c1b5e1ebc80a,cff3266cac4f6e2459ede04c9d240314ba6b3d96
scene_1_3_terminalgain_globalmax_interp_0526,family_04,25,6.496161,6.702875,0.206715,30,2,28,2.9,2.791594,2.772582,1.006857,0.179119,1.791188,1.897461,1.459669,0.145828,1.228792,0.0,scene_1_extra|scene_1.3_hig_refine_y03_13p66|662|4,scene_1_extra|scene_1.3_med_probe_y03_12p73|679|21,84ffcf6743624e4b2060c9a1e7d24d4f933bb734,cceba8478a809831d509f9a69f573b28a01b6e83
scene_1_3_terminalgain_globalmax_interp_0527,family_04,26,6.496161,6.702875,0.206715,30,2,28,2.9,2.773242,2.772582,1.000238,0.17912,1.791196,1.896014,1.503186,0.148664,0.228317,0.0,scene_1_extra|scene_1.3_hig_refine_y03_13p66|662|4,scene_1_extra|scene_1.3_med_probe_y03_12p73|679|21,22303463b75391f0003a31debf66c1c4307c9042,c702801083ad8028fa3321887e7e0c7920709f6b
scene_1_3_terminalgain_globalmax_interp_0528,family_04,27,6.496161,6.702875,0.206715,30,2,28,2.9,2.812788,2.772582,1.014502,0.17912,1.791204,1.899883,1.544324,0.098385,1.794569,0.0,scene_1_extra|scene_1.3_hig_refine_y03_13p66|662|4,scene_1_extra|scene_1.3_med_probe_y03_12p73|679|21,e5151bc19ee64a1bd2b871e9c4d02eb46274bcc5,6163aa5d78c1829128ec73eabfcd96e9053245c6
scene_1_3_terminalgain_globalmax_interp_0529,family_04,28,6.496161,6.702875,0.206715,30,2,28,2.9,2.798639,2.772582,1.009398,0.179119,1.791193,1.898276,1.480841,0.048105,1.440797,0.0,scene_1_extra|scene_1.3_hig_refine_y03_13p66|662|4,scene_1_extra|scene_1.3_med_probe_y03_12p73|679|21,dd391564d78edae111a5e2b5fbc6236736771619,347ebd5ea682d887641e4a41788b22cfe5a9f0c0
scene_1_3_terminalgain_globalmax_interp_0530,family_04,29,6.496161,6.702875,0.206715,30,2,28,2.9,2.77631,2.772582,1.001345,0.17912,1.791196,1.896158,1.453589,0.002174,0.5427,0.0,scene_1_extra|scene_1.3_hig_refine_y03_13p66|662|4,scene_1_extra|scene_1.3_med_probe_y03_12p73|679|21,a74a1324c31214f3e4e25fc185c22eadad48515e,2f4d56ba0b1b0ab30c09b45d405ad64949fb127b
scene_1_3_terminalgain_globalmax_interp_0531,family_04,30,6.496161,6.702875,0.206715,30,2,28,2.9,2.802121,2.772582,1.010654,0.17912,1.791196,1.898671,1.466437,0.052453,1.534927,0.0,scene_1_extra|scene_1.3_hig_refine_y03_13p66|662|4,scene_1_extra|scene_1.3_med_probe_y03_12p73|679|21,39341f321a209c45ba073032099dbc80c38e5c66,2ce073a7a8114cb21d8845faa8420ff1fa8d1feb
scene_1_3_terminalgain_globalmax_interp_0532,family_04,31,6.496161,6.702875,0.206715,30,2,28,2.9,2.812497,2.772582,1.014397,0.17912,1.791196,1.900094,1.516336,0.102732,1.787706,0.0,scene_1_extra|scene_1.3_hig_refine_y03_13p66|662|4,scene_1_extra|scene_1.3_med_probe_y03_12p73|679|21,59135568d66d069ef6270ec4247a235975c4a49c,e7a0983096a073b79877dcaae210b9034543b565
scene_1_3_terminalgain_globalmax_interp_0533,family_04,32,6.496161,6.702875,0.206715,30,2,28,2.9,2.7822,2.772582,1.003469,0.17912,1.791196,1.896665,1.531174,0.15301,0.872299,0.0,scene_1_extra|scene_1.3_hig_refine_y03_13p66|662|4,scene_1_extra|scene_1.3_med_probe_y03_12p73|679|21,4cd02fc84d826447aa2eeb71007f16272918036e,dd0f4a934483ad7a7a7e3a31920c53b535ebc510
scene_1_3_terminalgain_globalmax_interp_0534,family_04,33,6.496161,6.702875,0.206715,30,2,28,2.9,2.790023,2.772582,1.006291,0.17912,1.791199,1.897325,1.474074,0.141481,1.17653,0.0,scene_1_extra|scene_1.3_hig_refine_y03_13p66|662|4,scene_1_extra|scene_1.3_med_probe_y03_12p73|679|21,d72c628596ac2d243bcbec6dd5675a62e36bd715,5d1d374530dd7283c6bee496d881b3b9dc4cb2a2
scene_1_3_terminalgain_globalmax_interp_0535,family_04,34,6.496161,6.702875,0.206715,30,2,28,2.9,2.784118,2.772582,1.004161,0.17912,1.791196,1.896779,1.453589,0.091202,0.955858,0.0,scene_1_extra|scene_1.3_hig_refine_y03_13p66|662|4,scene_1_extra|scene_1.3_med_probe_y03_12p73|679|21,8bf928687f72e24bad1440e03a833e7a5e4d7d5e,8574d1d59ab9fbd4ce7beda1bbb7a56bd0befe44
scene_1_3_terminalgain_globalmax_interp_0536,family_04,35,6.496161,6.702875,0.206715,30,2,28,2.9,2.805524,2.772582,1.011881,0.17912,1.791196,1.899231,1.473205,0.040923,1.621983,0.0,scene_1_extra|scene_1.3_hig_refine_y03_13p66|662|4,scene_1_extra|scene_1.3_med_probe_y03_12p73|679|21,188f1cd18730faa6918816b2add588daf7e0d842,320d2f056258b47118fed19333f34dfa6bdc7543
scene_1_3_terminalgain_globalmax_interp_0537,family_04,36,6.496161,6.702875,0.206715,30,2,28,2.9,2.824128,2.772582,1.018591,0.17912,1.791196,1.901668,1.529486,0.009357,2.036261,0.0,scene_1_extra|scene_1.3_hig_refine_y03_13p66|662|4,scene_1_extra|scene_1.3_med_probe_y03_12p73|679|21,c9d228e4457c37da5e370c0081bc5606d1e76aa9,c6797d6076310537dff6b1b98e702dfd722cc102
scene_1_3_terminalgain_globalmax_interp_0538,family_04,37,6.496161,6.702875,0.206715,30,2,28,2.9,2.777012,2.772582,1.001598,0.17912,1.791204,1.896155,1.518024,0.059636,0.591586,0.0,scene_1_extra|scene_1.3_hig_refine_y03_13p66|662|4,scene_1_extra|scene_1.3_med_probe_y03_12p73|679|21,0b820058762c6b9e20852df2623027893b726e22,5cd964b4ed7455804c82591437f856d94597391b
scene_1_3_terminalgain_globalmax_interp_0539,family_04,38,6.496161,6.702875,0.206715,30,2,28,2.9,2.783921,2.772582,1.00409,0.17912,1.791196,1.896891,1.467306,0.109915,0.947527,0.0,scene_1_extra|scene_1.3_hig_refine_y03_13p66|662|4,scene_1_extra|scene_1.3_med_probe_y03_12p73|679|21,d30e9136ed5453e8f136c57860dca387b0176448,77523e637b486dadb889293d565d82ea0b396abd
scene_1_3_terminalgain_globalmax_interp_0540,family_04,39,6.496161,6.702875,0.206715,30,2,28,2.9,2.81301,2.772582,1.014581,0.17912,1.791196,1.89993,1.453589,0.160193,1.799522,0.0,scene_1_extra|scene_1.3_hig_refine_y03_13p66|662|4,scene_1_extra|scene_1.3_med_probe_y03_12p73|679|21,e32971c5deae186b4909346e357e86d7f5797e76,4651476b8e81bd3b116047b71f8bbf3a20b60d8e
scene_1_3_terminalgain_globalmax_interp_0541,family_04,40,6.496161,6.702875,0.206715,30,2,28,2.9,2.819752,2.772582,1.017013,0.17912,1.791196,1.900856,1.479973,0.134298,1.946217,0.0,scene_1_extra|scene_1.3_hig_refine_y03_13p66|662|4,scene_1_extra|scene_1.3_med_probe_y03_12p73|679|21,43d61053bbd5ce744fcfc816394a1a661e3b43ca,27fe28117126194d703f7cc5ef9ab5f3d70f3e44
scene_1_3_terminalgain_globalmax_interp_0542,family_04,41,6.496161,6.702875,0.206715,30,2,28,2.9,2.777209,2.772582,1.001669,0.17912,1.791199,1.896343,1.542637,0.084019,0.604833,0.0,scene_1_extra|scene_1.3_hig_refine_y03_13p66|662|4,scene_1_extra|scene_1.3_med_probe_y03_12p73|679|21,79eecceae5ca74bc5bd0ec168836eb8c1089d930,7c71e24b3f64e5e1589d5c40b27564095fc58fcb
scene_1_3_terminalgain_globalmax_interp_0543,family_04,42,6.496161,6.702875,0.206715,30,2,28,2.9,2.780114,2.772582,1.002717,0.17912,1.791196,1.896462,1.504874,0.03374,0.771691,0.0,scene_1_extra|scene_1.3_hig_refine_y03_13p66|662|4,scene_1_extra|scene_1.3_med_probe_y03_12p73|679|21,03fd693068674ab36bd6a9d33964c57cd0be628d,7de8ff91ef028b288629fa1041f95ed17607a5f5
scene_1_3_terminalgain_globalmax_interp_0544,family_04,43,6.496161,6.702875,0.206715,30,2,28,2.9,2.808721,2.772582,1.013035,0.179119,1.791188,1.899668,1.460538,0.016539,1.699616,0.0,scene_1_extra|scene_1.3_hig_refine_y03_13p66|662|4,scene_1_extra|scene_1.3_med_probe_y03_12p73|679|21,37d264354b32a12ce951deffe564461c078431b9,8a8e8b44dd2fd5d59d1d970163f39d2642491c3a
scene_1_3_terminalgain_globalmax_interp_0545,family_04,44,6.496161,6.702875,0.206715,30,2,28,2.9,2.797905,2.772582,1.009134,0.17912,1.791196,1.898275,1.453589,0.066819,1.420013,0.0,scene_1_extra|scene_1.3_hig_refine_y03_13p66|662|4,scene_1_extra|scene_1.3_med_probe_y03_12p73|679|21,18ebab5b9471ee635e69e34502d9ec75adbca4ad,230e8eb1f0a7d1e1734c5af4d43afca62c232132
scene_1_3_terminalgain_globalmax_interp_0546,family_04,45,6.496161,6.702875,0.206715,30,2,28,2.9,2.786519,2.772582,1.005027,0.17912,1.791204,1.89706,1.490036,0.117097,1.051318,0.0,scene_1_extra|scene_1.3_hig_refine_y03_13p66|662|4,scene_1_extra|scene_1.3_med_probe_y03_12p73|679|21,44a6b3b2829b895c17baa767731656594e0e14b6,339d22759e01f66ae06869bb92eae6c77e43bcff
scene_1_3_terminalgain_globalmax_interp_0547,family_04,46,6.496161,6.702875,0.206715,30,2,28,2.9,2.785062,2.772582,1.004501,0.179119,1.791188,1.897014,1.556016,0.167376,0.994431,0.0,scene_1_extra|scene_1.3_hig_refine_y03_13p66|662|4,scene_1_extra|scene_1.3_med_probe_y03_12p73|679|21,cbe1b796bb61030474243ee10a107a8b2174256a,7c02f5f44d6d6fdd776084cd0fb270cd699d7667
scene_1_3_terminalgain_globalmax_interp_0548,family_04,47,6.496161,6.702875,0.206715,30,2,28,2.9,2.787355,2.772582,1.005328,0.17912,1.791196,1.897079,1.554844,0.127116,1.082292,0.0,scene_1_extra|scene_1.3_hig_refine_y03_13p66|662|4,scene_1_extra|scene_1.3_med_probe_y03_12p73|679|21,1ee63d326fee1f6172d86741c274e570c8f64e5c,205a7aa8eb45b422136e0a723f303bda8e4bc5e3
scene_1_3_terminalgain_globalmax_interp_0549,family_04,48,6.496161,6.702875,0.206715,30,2,28,2.9,2.809515,2.772582,1.013321,0.179119,1.791188,1.899536,1.489093,0.076836,1.718653,0.0,scene_1_extra|scene_1.3_hig_refine_y03_13p66|662|4,scene_1_extra|scene_1.3_med_probe_y03_12p73|679|21,1f073e2c8cc643aa83fb47d9098071b387522571,e38b1cc097c5da56c3e488f0ef6a529b0fbfb85b
scene_1_3_terminalgain_globalmax_interp_0550,family_04,49,6.496161,6.702875,0.206715,30,2,28,2.9,2.802156,2.772582,1.010667,0.179119,1.791188,1.898677,1.453589,0.026557,1.535804,0.0,scene_1_extra|scene_1.3_hig_refine_y03_13p66|662|4,scene_1_extra|scene_1.3_med_probe_y03_12p73|679|21,417ac8d4d2c9fe26cb2d22244611d43e34798092,0386bdeda0a071671e5b26e5e4ef80e3ef286017
scene_1_3_terminalgain_globalmax_interp_0551,family_04,50,6.496161,6.702875,0.206715,30,2,28,2.9,2.774238,2.772582,1.000597,0.17912,1.791196,1.895991,1.461023,0.023722,0.361722,0.0,scene_1_extra|scene_1.3_hig_refine_y03_13p66|662|4,scene_1_extra|scene_1.3_med_probe_y03_12p73|679|21,3d304400b2ad7e1a12191898eb8290a7ed452425,53bca6b216a058889c4b89788a21dc0403409d31
scene_1_3_terminalgain_globalmax_interp_0552,family_04,51,6.496161,6.702875,0.206715,30,2,28,2.9,2.806594,2.772582,1.012267,0.17912,1.791196,1.899239,1.505816,0.074001,1.648476,0.0,scene_1_extra|scene_1.3_hig_refine_y03_13p66|662|4,scene_1_extra|scene_1.3_med_probe_y03_12p73|679|21,417a333aa246e3511f840f774ba60cc45535721f,0a4d8e104d206d5a027a6332d2f3d89461e31b4a
scene_1_3_terminalgain_globalmax_interp_0553,family_04,52,6.496161,6.702875,0.206715,30,2,28,2.9,2.814831,2.772582,1.015238,0.17912,1.791204,1.900317,1.541694,0.124279,1.840286,0.0,scene_1_extra|scene_1.3_hig_refine_y03_13p66|662|4,scene_1_extra|scene_1.3_med_probe_y03_12p73|679|21,ffc663c8742f59bfa404286c90eebd0f2e133a62,5a504e932d924c910628a4b16d835097ba326ba2
scene_1_3_terminalgain_globalmax_interp_0554,family_04,53,6.496161,6.702875,0.206715,30,2,28,2.9,2.772799,2.772582,1.000078,0.17912,1.791196,1.895862,1.479488,0.174559,0.137017,0.0,scene_1_extra|scene_1.3_hig_refine_y03_13p66|662|4,scene_1_extra|scene_1.3_med_probe_y03_12p73|679|21,16149cbc9d74b5e595d693e9d03e70d6cf41db26,c6a738fc9fb86ffa45ba2d4ecfbfce4506ac3b56
scene_1_3_terminalgain_globalmax_interp_0555,family_04,54,6.496161,6.702875,0.206715,30,2,28,2.9,2.795365,2.772582,1.008217,0.17912,1.791196,1.897895,1.453589,0.169186,1.346314,0.0,scene_1_extra|scene_1.3_hig_refine_y03_13p66|662|4,scene_1_extra|scene_1.3_med_probe_y03_12p73|679|21,43168a94b0eb91d78a1cce08dd2fbc0f25002e51,bde040bf105ef29846dbd53a9edfc2acbe03f392
scene_1_3_terminalgain_globalmax_interp_0556,family_04,55,6.496161,6.702875,0.206715,30,2,28,2.9,2.789355,2.772582,1.00605,0.17912,1.791201,1.897219,1.467791,0.118907,1.153922,0.0,scene_1_extra|scene_1.3_hig_refine_y03_13p66|662|4,scene_1_extra|scene_1.3_med_probe_y03_12p73|679|21,09699c4c01808eb4605b21d6e51e75adeca62424,02512bd2fb2b8732d9b96ab59ab190f1e84bde2d
scene_1_3_terminalgain_globalmax_interp_0557,family_04,56,6.496161,6.702875,0.206715,30,2,28,2.9,2.790364,2.772582,1.006414,0.17912,1.791199,1.897402,1.518966,0.068628,1.188262,0.0,scene_1_extra|scene_1.3_hig_refine_y03_13p66|662|4,scene_1_extra|scene_1.3_med_probe_y03_12p73|679|21,bb26cadb6608f509ec757b3eec4f04f426383396,19c065f45aa59d55389606081c02c0a5ecadc67d
scene_1_3_terminalgain_globalmax_interp_0558,family_04,57,6.496161,6.702875,0.206715,30,2,28,2.9,2.804749,2.772582,1.011602,0.17912,1.791201,1.899044,1.528544,0.018349,1.602541,0.0,scene_1_extra|scene_1.3_hig_refine_y03_13p66|662|4,scene_1_extra|scene_1.3_med_probe_y03_12p73|679|21,c1e6466f647b15a8cc0fb4e59433fc9dd3d82ee5,49afb01cb422788ef360dfa0fe2a3451f61322dd
scene_1_3_terminalgain_globalmax_interp_0559,family_04,58,6.496161,6.702875,0.206715,30,2,28,2.9,2.794233,2.772582,1.007809,0.17912,1.791199,1.89781,1.47272,0.031931,1.312244,0.0,scene_1_extra|scene_1.3_hig_refine_y03_13p66|662|4,scene_1_extra|scene_1.3_med_probe_y03_12p73|679|21,1bdd1cde8e0ebe30572ad2eb9b1638e9a4dd84e9,9271cba3c6de43245e8e13e5d3bb4de01ed066e7
scene_1_3_terminalgain_globalmax_interp_0560,family_04,59,6.496161,6.702875,0.206715,30,2,28,2.9,2.795838,2.772582,1.008388,0.17912,1.791196,1.898038,1.453589,0.08221,1.360391,0.0,scene_1_extra|scene_1.3_hig_refine_y03_13p66|662|4,scene_1_extra|scene_1.3_med_probe_y03_12p73|679|21,6a2ada11dc48cf827f65ff854b714f7668afebd0,5eb292e4e38c4e75eb997ee8f6f29ce18b9716eb
scene_1_3_terminalgain_globalmax_interp_0561,family_04,60,6.496161,6.702875,0.206715,30,2,28,2.9,2.80456,2.772582,1.011534,0.17912,1.791196,1.898994,1.474559,0.132489,1.597541,0.0,scene_1_extra|scene_1.3_hig_refine_y03_13p66|662|4,scene_1_extra|scene_1.3_med_probe_y03_12p73|679|21,b86f6ed515fb25db8ed1652f5c9e8b1eb9651225,57991339c9e9cb6e6caa170964022b5be31a8bb3
scene_1_3_terminalgain_globalmax_interp_0562,family_04,61,6.496161,6.702875,0.206715,30,2,28,2.9,2.784471,2.772582,1.004288,0.17912,1.791196,1.896933,1.532117,0.162004,0.970291,0.0,scene_1_extra|scene_1.3_hig_refine_y03_13p66|662|4,scene_1_extra|scene_1.3_med_probe_y03_12p73|679|21,80c493b632313a38c744da1668031f7a4386e542,b4fc2bb14c220e565ea911aa9dd7ce26bf804a5c
scene_1_3_terminalgain_globalmax_interp_0563,family_04,62,6.496161,6.702875,0.206715,30,2,28,2.9,2.776106,2.772582,1.001271,0.17912,1.791199,1.896153,1.515393,0.111724,0.527627,0.0,scene_1_extra|scene_1.3_hig_refine_y03_13p66|662|4,scene_1_extra|scene_1.3_med_probe_y03_12p73|679|21,01ef9302a82b26bffd766a7211ae7defa1c8c2fe,dc3e8865cb187e148177ae44e5465a16d650a2ee
scene_1_3_terminalgain_globalmax_interp_0564,family_04,63,6.496161,6.702875,0.206715,30,2,28,2.9,2.809078,2.772582,1.013163,0.179119,1.791188,1.89954,1.465952,0.061445,1.708332,0.0,scene_1_extra|scene_1.3_hig_refine_y03_13p66|662|4,scene_1_extra|scene_1.3_med_probe_y03_12p73|679|21,71993dd603a61d995cd80343eda4126fb2667362,d0b16bee10626cf0c94ca4e46c6bfa67171ee0db
scene_1_3_terminalgain_globalmax_interp_0565,family_04,64,6.496161,6.702875,0.206715,30,2,28,2.9,2.786771,2.772582,1.005118,0.17912,1.791196,1.897217,1.453589,0.011166,1.06053,0.0,scene_1_extra|scene_1.3_hig_refine_y03_13p66|662|4,scene_1_extra|scene_1.3_med_probe_y03_12p73|679|21,4c5c1ecf1b2f025110869536c1d8d94a76a771ff,841bd0610c8d387a557225153761433122fe84f6
scene_1_3_terminalgain_globalmax_interp_0566,family_04,65,6.496161,6.702875,0.206715,30,2,28,2.9,2.783077,2.772582,1.003786,0.17912,1.791196,1.896651,1.481327,0.039113,0.911684,0.0,scene_1_extra|scene_1.3_hig_refine_y03_13p66|662|4,scene_1_extra|scene_1.3_med_probe_y03_12p73|679|21,87e8fb7cdaf89e08fcf63e18d529ea9fbfa249fd,d96375efb4082f6a4a37f2a67b7348d40eb9b9e0
scene_1_3_terminalgain_globalmax_interp_0567,family_04,66,6.496161,6.702875,0.206715,30,2,28,2.9,2.806122,2.772582,1.012097,0.179119,1.791191,1.899195,1.545267,0.089393,1.637108,0.0,scene_1_extra|scene_1.3_hig_refine_y03_13p66|662|4,scene_1_extra|scene_1.3_med_probe_y03_12p73|679|21,a1fd34e2e7303bae4e7c01968e3d4f3c7b1757f9,55e9362eda0fbbed85c09187c49b9e6daf628e85
scene_1_3_terminalgain_globalmax_interp_0568,family_04,67,6.496161,6.702875,0.206715,30,2,28,2.9,2.835553,2.772582,1.022712,0.17912,1.791196,1.903269,1.502243,0.139672,2.25545,0.0,scene_1_extra|scene_1.3_hig_refine_y03_13p66|662|4,scene_1_extra|scene_1.3_med_probe_y03_12p73|679|21,7752976902262566cf09cdb6cd1e69ce38502a2f,d10f7d96bd7b960989076cb96fec1822454874ae
scene_1_3_terminalgain_globalmax_interp_0569,family_04,68,6.496161,6.702875,0.206715,30,2,28,2.9,2.807218,2.772582,1.012493,0.17912,1.791196,1.899345,1.459184,0.154821,1.663659,0.0,scene_1_extra|scene_1.3_hig_refine_y03_13p66|662|4,scene_1_extra|scene_1.3_med_probe_y03_12p73|679|21,204d50cea285c9b703f1a8d15f234ffc9c061470,69c57d04c507d7928a9e4b84651f16f2654bc5c0
scene_1_3_terminalgain_globalmax_interp_0570,family_04,69,6.496161,6.702875,0.206715,30,2,28,2.9,2.776443,2.772582,1.001393,0.17912,1.791196,1.89615,1.454255,0.104542,0.552305,0.0,scene_1_extra|scene_1.3_hig_refine_y03_13p66|662|4,scene_1_extra|scene_1.3_med_probe_y03_12p73|679|21,854b861a96a5d25ab42a4e205323bdb482d4d94c,907775a843a6eb7446f416bec8d9ec0cd6f5dd8e
scene_1_3_terminalgain_globalmax_interp_0571,family_04,70,6.496161,6.702875,0.206715,30,2,28,2.9,2.80003,2.772582,1.0099,0.179119,1.791191,1.898565,1.492666,0.054262,1.479526,0.0,scene_1_extra|scene_1.3_hig_refine_y03_13p66|662|4,scene_1_extra|scene_1.3_med_probe_y03_12p73|679|21,b99ff0948f45838e89a57ab5a683aeaa4bd5bee1,00f3dc98997a9cbf609b798ac01c992373d65e6c
scene_1_3_terminalgain_globalmax_interp_0572,family_04,71,6.496161,6.702875,0.206715,30,2,28,2.9,2.782922,2.772582,1.00373,0.17912,1.791196,1.896749,1.559772,0.003983,0.90481,0.0,scene_1_extra|scene_1.3_hig_refine_y03_13p66|662|4,scene_1_extra|scene_1.3_med_probe_y03_12p73|679|21,d001e009a53f141a5fe32ee6b5744e68c6b24618,f0cfe99686d99735aa5b4caebde9facaf1784bcf
scene_1_3_terminalgain_globalmax_interp_0573,family_04,72,6.496161,6.702875,0.206715,30,2,28,2.9,2.799978,2.772582,1.009881,0.179119,1.791188,1.898422,1.552214,0.046296,1.477648,0.0,scene_1_extra|scene_1.3_hig_refine_y03_13p66|662|4,scene_1_extra|scene_1.3_med_probe_y03_12p73|679|21,a863b27fdfd2638148faf60f8c565042a96ae2ce,53b645d7d24877d375dd93fc9ed5ececa98f7d2d
scene_1_3_terminalgain_globalmax_interp_0574,family_04,73,6.496161,6.702875,0.206715,30,2,28,2.9,2.785877,2.772582,1.004795,0.17912,1.791196,1.897004,1.486463,0.096575,1.026436,0.0,scene_1_extra|scene_1.3_hig_refine_y03_13p66|662|4,scene_1_extra|scene_1.3_med_probe_y03_12p73|679|21,af33432c9132550388346fe468f31110b868eacb,9f6a7a2f7c958623a1f2dddf550896f0583fe963
scene_1_3_terminalgain_globalmax_interp_0575,family_04,74,6.496161,6.702875,0.206715,30,2,28,2.9,2.774501,2.772582,1.000692,0.17912,1.791199,1.895966,1.453589,0.146855,0.389262,0.0,scene_1_extra|scene_1.3_hig_refine_y03_13p66|662|4,scene_1_extra|scene_1.3_med_probe_y03_12p73|679|21,4d44d95bc8fa9fd6cf29b47e89d486d19df2889d,9b68946ca56ccb089ad22fd8778ae9167f856494
scene_1_3_terminalgain_globalmax_interp_0576,family_04,75,6.496161,6.702875,0.206715,30,2,28,2.9,2.813873,2.772582,1.014893,0.17912,1.791196,1.900257,1.462376,0.147638,1.818786,0.0,scene_1_extra|scene_1.3_hig_refine_y03_13p66|662|4,scene_1_extra|scene_1.3_med_probe_y03_12p73|679|21,582bceca538cc866ea384f2cf987bebb813130f3,12e8a070452e475c91971f7dd0046b17d343ea10
scene_1_3_terminalgain_globalmax_interp_0577,family_04,76,6.496161,6.702875,0.206715,30,2,28,2.9,2.824367,2.772582,1.018678,0.179119,1.791188,1.901499,1.508446,0.097359,2.040908,0.0,scene_1_extra|scene_1.3_hig_refine_y03_13p66|662|4,scene_1_extra|scene_1.3_med_probe_y03_12p73|679|21,cfd8c967e3f4cad8cf14c746ae0c92029d908d82,c46d14df19c8d3efe878e6bb676ff70935633999
scene_1_3_terminalgain_globalmax_interp_0578,family_04,77,6.496161,6.702875,0.206715,30,2,28,2.9,2.775789,2.772582,1.001157,0.17912,1.791199,1.896143,1.539064,0.04708,0.503301,0.0,scene_1_extra|scene_1.3_hig_refine_y03_13p66|662|4,scene_1_extra|scene_1.3_med_probe_y03_12p73|679|21,a0882b98bf10632670370e20ee03ff15f4db4194,9a49dfe593ea387ea031a47d8e8b0fa20bdf79de
scene_1_3_terminalgain_globalmax_interp_0579,family_04,78,6.496161,6.702875,0.206715,30,2,28,2.9,2.782038,2.772582,1.003411,0.17912,1.791196,1.896671,1.478134,0.0032,0.864925,0.0,scene_1_extra|scene_1.3_hig_refine_y03_13p66|662|4,scene_1_extra|scene_1.3_med_probe_y03_12p73|679|21,7e9b5d7500f111d086b9eb847e6056191469cc6c,c4f73b2c2d07004e50ac36281908aaf6237b42b6
scene_1_3_terminalgain_globalmax_interp_0580,family_04,79,6.496161,6.702875,0.206715,30,2,28,2.9,2.804118,2.772582,1.011374,0.17912,1.791196,1.898897,1.453589,0.053479,1.58636,0.0,scene_1_extra|scene_1.3_hig_refine_y03_13p66|662|4,scene_1_extra|scene_1.3_med_probe_y03_12p73|679|21,1dc6f03a242357f1c646364ed01081a4daa6e2a2,be568b7c1d42be83852950d2e9bb1ff822c3dc91
scene_1_3_terminalgain_globalmax_interp_0581,family_04,80,6.496161,6.702875,0.206715,30,2,28,2.9,2.784206,2.772582,1.004192,0.17912,1.791201,1.896903,1.469144,0.103758,0.959465,0.0,scene_1_extra|scene_1.3_hig_refine_y03_13p66|662|4,scene_1_extra|scene_1.3_med_probe_y03_12p73|679|21,406a44e5e6d2e9130094b3a56cf4087a4030d5bb,8436325397b54f7d067faecb42ed4b89c4758c74
scene_1_3_terminalgain_globalmax_interp_0582,family_04,81,6.496161,6.702875,0.206715,30,2,28,2.9,2.791879,2.772582,1.00696,0.17912,1.791199,1.897576,1.521596,0.154037,1.23835,0.0,scene_1_extra|scene_1.3_hig_refine_y03_13p66|662|4,scene_1_extra|scene_1.3_med_probe_y03_12p73|679|21,456434f75eea3ac7f1f60ef765a0fd9e200194dc,f6a067da5e00f0c73663a1439171ebac97b3e48f
scene_1_3_terminalgain_globalmax_interp_0583,family_04,82,6.496161,6.702875,0.206715,30,2,28,2.9,2.780668,2.772582,1.002916,0.17912,1.791196,1.896558,1.525914,0.140455,0.799679,0.0,scene_1_extra|scene_1.3_hig_refine_y03_13p66|662|4,scene_1_extra|scene_1.3_med_probe_y03_12p73|679|21,57b988897ba33333b6e300bde7a579ed8c36883a,f6e2c0d299f0e472e2df846cb213a4e8f8bceb08
scene_1_3_terminalgain_globalmax_interp_0584,family_04,83,6.496161,6.702875,0.206715,30,2,28,2.9,2.801998,2.772582,1.01061,0.17912,1.791201,1.898563,1.471366,0.090176,1.53178,0.0,scene_1_extra|scene_1.3_hig_refine_y03_13p66|662|4,scene_1_extra|scene_1.3_med_probe_y03_12p73|679|21,0d5ab320f4e993267d42f57ca6b54cabf637b331,11d5f04925299187971177f934991f357dcfa317
scene_1_3_terminalgain_globalmax_interp_0585,family_04,84,6.496161,6.702875,0.206715,30,2,28,2.9,2.823712,2.772582,1.018441,0.17912,1.791196,1.901445,1.453589,0.039897,2.027738,0.0,scene_1_extra|scene_1.3_hig_refine_y03_13p66|662|4,scene_1_extra|scene_1.3_med_probe_y03_12p73|679|21,0cffa96444707b6d594c9b4d1ed267e53e11e0e9,d9fcf49e009ce31231ab0c19426e36cf4a4f4eee
scene_1_3_terminalgain_globalmax_interp_0586,family_04,85,6.496161,6.702875,0.206715,30,2,28,2.9,2.797373,2.772582,1.008942,0.17912,1.791196,1.89818,1.475912,0.010382,1.404846,0.0,scene_1_extra|scene_1.3_hig_refine_y03_13p66|662|4,scene_1_extra|scene_1.3_med_probe_y03_12p73|679|21,bde9b6fc4dfecd6e79bd4ddceefc2e29816c9fc4,27626ddcb71a6475eb543435de8ecb3d46b4f9f7
scene_1_3_terminalgain_globalmax_interp_0587,family_04,86,6.496161,6.702875,0.206715,30,2,28,2.9,2.779086,2.772582,1.002346,0.17912,1.791196,1.89647,1.534747,0.060662,0.71709,0.0,scene_1_extra|scene_1.3_hig_refine_y03_13p66|662|4,scene_1_extra|scene_1.3_med_probe_y03_12p73|679|21,445e79fbdeb2a5c19a1447311000f9b1d7b4a993,ae3ec45a37615dfa10d1a8f648bbf5d21cfa7037
scene_1_3_terminalgain_globalmax_interp_0588,family_04,87,6.496161,6.702875,0.206715,30,2,28,2.9,2.792758,2.772582,1.007277,0.179119,1.791188,1.89762,1.512764,0.110941,1.266107,0.0,scene_1_extra|scene_1.3_hig_refine_y03_13p66|662|4,scene_1_extra|scene_1.3_med_probe_y03_12p73|679|21,3c9f1c3057c5b1db6ad55cecd3fe74d3d77e0b05,a87ed9f4e5413360db195db961811e51f69a96cd
scene_1_3_terminalgain_globalmax_interp_0589,family_04,88,6.496161,6.702875,0.206715,30,2,28,2.9,2.800002,2.772582,1.00989,0.17912,1.791199,1.898347,1.464598,0.16122,1.478164,0.0,scene_1_extra|scene_1.3_hig_refine_y03_13p66|662|4,scene_1_extra|scene_1.3_med_probe_y03_12p73|679|21,44cba7037946208ab35db092258752d71f5359fc,6aae39e11047e9b729814f5f4145698b8718fa09
scene_1_3_terminalgain_globalmax_interp_0590,family_04,89,6.496161,6.702875,0.206715,30,2,28,2.9,2.776879,2.772582,1.00155,0.17912,1.791196,1.896285,1.453589,0.133273,0.582642,0.0,scene_1_extra|scene_1.3_hig_refine_y03_13p66|662|4,scene_1_extra|scene_1.3_med_probe_y03_12p73|679|21,1b2499da29b97637abc743aab888e6307a721dc5,6a179aebff3a6a66c38b11992d6037ca4cb50d5a
scene_1_3_terminalgain_globalmax_interp_0591,family_04,90,6.496161,6.702875,0.206715,30,2,28,2.9,2.790118,2.772582,1.006325,0.17912,1.791196,1.897379,1.482679,0.082993,1.179717,0.0,scene_1_extra|scene_1.3_hig_refine_y03_13p66|662|4,scene_1_extra|scene_1.3_med_probe_y03_12p73|679|21,dbd124807b4ec5b979ef8b2b8fe19fd675e78fb1,c3a9eec19abbbf1b64fe98df7ff795729d642c7b
scene_1_3_terminalgain_globalmax_interp_0592,family_04,91,6.496161,6.702875,0.206715,30,2,28,2.9,2.802662,2.772582,1.010849,0.17912,1.791196,1.898841,1.547897,0.032714,1.548871,0.0,scene_1_extra|scene_1.3_hig_refine_y03_13p66|662|4,scene_1_extra|scene_1.3_med_probe_y03_12p73|679|21,5ad9182118d1bf0e11be488792a1c1ce850687e6,15c870c18465b72d9604f6e8a1d7351b88585171
scene_1_3_terminalgain_globalmax_interp_0593,family_04,92,6.496161,6.702875,0.206715,30,2,28,2.9,2.794985,2.772582,1.00808,0.17912,1.791204,1.897851,1.499614,0.017565,1.334998,0.0,scene_1_extra|scene_1.3_hig_refine_y03_13p66|662|4,scene_1_extra|scene_1.3_med_probe_y03_12p73|679|21,ad36cfc5e7d8a2b60e60255ad78abbaf65040295,b4f06421f150449090755532a492de1ca2bdae9a
scene_1_3_terminalgain_globalmax_interp_0594,family_04,93,6.496161,6.702875,0.206715,30,2,28,2.9,2.80326,2.772582,1.011065,0.17912,1.791196,1.89887,1.45783,0.067844,1.564414,0.0,scene_1_extra|scene_1.3_hig_refine_y03_13p66|662|4,scene_1_extra|scene_1.3_med_probe_y03_12p73|679|21,5fbf2a5e4ac6a9bd2992ee1f43f4768aeac8626d,372ffcd16ab5a355c222031b59c8b7dbb6366844
scene_1_3_terminalgain_globalmax_interp_0595,family_04,94,6.496161,6.702875,0.206715,30,2,28,2.9,2.806973,2.772582,1.012404,0.17912,1.791196,1.899283,1.455608,0.118124,1.657635,0.0,scene_1_extra|scene_1.3_hig_refine_y03_13p66|662|4,scene_1_extra|scene_1.3_med_probe_y03_12p73|679|21,36d7ea0a922134432bddf97cb6b9e8782ac5a7e1,42f0257748142fda601bf653ffb539356ad7afbe
scene_1_3_terminalgain_globalmax_interp_0596,family_04,95,6.496161,6.702875,0.206715,30,2,28,2.9,2.793707,2.772582,1.00762,0.17912,1.791199,1.897799,1.495296,0.168403,1.296052,0.0,scene_1_extra|scene_1.3_hig_refine_y03_13p66|662|4,scene_1_extra|scene_1.3_med_probe_y03_12p73|679|21,632b7ca72bbbb66f1755bb0aebdc5793f2b0a800,324f581a2ab629cbe5867ac8767e2a4c9df04553
scene_1_3_terminalgain_globalmax_interp_0597,family_04,96,6.496161,6.702875,0.206715,30,2,28,2.9,2.786178,2.772582,1.004904,0.17912,1.791196,1.89698,1.563528,0.12609,1.037844,0.0,scene_1_extra|scene_1.3_hig_refine_y03_13p66|662|4,scene_1_extra|scene_1.3_med_probe_y03_12p73|679|21,f87871558f101d23eed9aec1a83974801eb1287c,c90a468599a2b200e6e086b42848e0bf1cbbac15
scene_1_3_terminalgain_globalmax_interp_0598,family_04,97,6.496161,6.702875,0.206715,30,2,28,2.9,2.799369,2.772582,1.009661,0.17912,1.791196,1.898513,1.565186,0.075811,1.46072,0.0,scene_1_extra|scene_1.3_hig_refine_y03_13p66|662|4,scene_1_extra|scene_1.3_med_probe_y03_12p73|679|21,5ffb5b169c7f7d17cb3fe4ed4da447e4a23306c2,0b6752e0d34b2510e8109829e5f1d4bfaf02e99f
scene_1_3_terminalgain_globalmax_interp_0599,family_04,98,6.496161,6.702875,0.206715,30,2,28,2.9,2.772846,2.772582,1.000096,0.17912,1.791196,1.895995,1.496457,0.025531,0.145024,0.0,scene_1_extra|scene_1.3_hig_refine_y03_13p66|662|4,scene_1_extra|scene_1.3_med_probe_y03_12p73|679|21,a2dc0efac74173f98b0952c1c04d33ffdab0a2fb,c4322ae445ac97888ad6d72d91186f0c7ff3c268
scene_1_3_terminalgain_globalmax_interp_0600,family_04,99,6.496161,6.702875,0.206715,30,2,28,2.9,2.815951,2.772582,1.015642,0.17912,1.791199,1.900431,1.456206,0.024748,1.864662,0.0,scene_1_extra|scene_1.3_hig_refine_y03_13p66|662|4,scene_1_extra|scene_1.3_med_probe_y03_12p73|679|21,b1b75f37a6c27854e0314c7da0db88d50de46229,da746d37def24024a33265f3be28acb8f1b76199
scene_1_3_terminalgain_globalmax_interp_0601,family_04,100,6.496161,6.702875,0.206715,30,2,28,2.9,2.813847,2.772582,1.014884,0.17912,1.791201,1.900121,1.457233,0.075027,1.818409,0.0,scene_1_extra|scene_1.3_hig_refine_y03_13p66|662|4,scene_1_extra|scene_1.3_med_probe_y03_12p73|679|21,b203ec0978db0ffc46fa91d64091180321cf0e02,ea3e032b2f108ea98ed7c20fec76289bae1380c4
scene_1_3_terminalgain_globalmax_interp_0602,family_04,101,6.496161,6.702875,0.206715,30,2,28,2.9,2.773241,2.772582,1.000238,0.17912,1.791196,1.895989,1.498452,0.125306,0.228151,0.0,scene_1_extra|scene_1.3_hig_refine_y03_13p66|662|4,scene_1_extra|scene_1.3_med_probe_y03_12p73|679|21,c4255dda5484ae512c52fbec8ca55b2848fe23d5,9d7711fc29d27a67676bc66265a1d9f87ea01e05
scene_1_3_terminalgain_globalmax_interp_0603,family_04,102,6.496161,6.702875,0.206715,30,2,28,2.9,2.801919,2.772582,1.010581,0.17912,1.791196,1.898676,1.549059,0.175586,1.52948,0.0,scene_1_extra|scene_1.3_hig_refine_y03_13p66|662|4,scene_1_extra|scene_1.3_med_probe_y03_12p73|679|21,7d53e31a8545bf1f4d8b6b5a0a08cdaaa04bcbb9,72292f5d6e11c675f1ced1869434572c590d0629
scene_1_3_terminalgain_globalmax_interp_0604,family_04,103,6.496161,6.702875,0.206715,30,2,28,2.9,2.809064,2.772582,1.013158,0.17912,1.791201,1.899576,1.483307,0.175197,1.708264,0.0,scene_1_extra|scene_1.3_hig_refine_y03_13p66|662|4,scene_1_extra|scene_1.3_med_probe_y03_12p73|679|21,a8a899746e8790f4fa5575b2d9873149ca8d1d3d,aa1509bb897ee87dc1fe61d6f4ee7dabad83791a
scene_1_3_terminalgain_globalmax_interp_0605,family_04,104,6.496161,6.702875,0.206715,30,2,28,2.9,2.792194,2.772582,1.007074,0.179119,1.791188,1.897703,1.453589,0.124918,1.248278,0.0,scene_1_extra|scene_1.3_hig_refine_y03_13p66|662|4,scene_1_extra|scene_1.3_med_probe_y03_12p73|679|21,a215f061f9fd8ee7e325ba0a82ec346f0d9449a8,b054081b51190b645cea9a401d5ecb8aee4edfdd
scene_1_3_terminalgain_globalmax_interp_0606,family_04,105,6.496161,6.702875,0.206715,30,2,28,2.9,2.781525,2.772582,1.003226,0.17912,1.791196,1.896533,1.464001,0.074638,0.84123,0.0,scene_1_extra|scene_1.3_hig_refine_y03_13p66|662|4,scene_1_extra|scene_1.3_med_probe_y03_12p73|679|21,fa4d840812d8727bca005e3e391233a5d2058622,cde148b91d5c2a355198d40f38b59c1b9e4827ad
scene_1_3_terminalgain_globalmax_interp_0607,family_04,106,6.496161,6.702875,0.206715,30,2,28,2.9,2.789854,2.772582,1.00623,0.17912,1.791199,1.897302,1.511602,0.024359,1.170961,0.0,scene_1_extra|scene_1.3_hig_refine_y03_13p66|662|4,scene_1_extra|scene_1.3_med_probe_y03_12p73|679|21,aa55cbab7853c5db97af122632296bc9221edd08,b15bedf580620340d57479b200182ede426bc758
scene_1_3_terminalgain_globalmax_interp_0608,family_04,107,6.496161,6.702875,0.206715,30,2,28,2.9,2.792901,2.772582,1.007329,0.17912,1.791196,1.897834,1.535908,0.02592,1.270644,0.0,scene_1_extra|scene_1.3_hig_refine_y03_13p66|662|4,scene_1_extra|scene_1.3_med_probe_y03_12p73|679|21,03fc0a3c94ff451ad90af379dc416d161a0298c8,0094af016e13cb7ce615f59346927505e9f46d8d
scene_1_3_terminalgain_globalmax_interp_0609,family_04,108,6.496161,6.702875,0.206715,30,2,28,2.9,2.811226,2.772582,1.013938,0.17912,1.791196,1.899786,1.47651,0.076199,1.7586,0.0,scene_1_extra|scene_1.3_hig_refine_y03_13p66|662|4,scene_1_extra|scene_1.3_med_probe_y03_12p73|679|21,f27c4795207cbe3c58ae143e7fe1bf6fb7b51989,52033356967249046b0a083bc3f0ac3d3010e2e5
scene_1_3_terminalgain_globalmax_interp_0610,family_04,109,6.496161,6.702875,0.206715,30,2,28,2.9,2.780408,2.772582,1.002823,0.179119,1.791188,1.896466,1.453589,0.126479,0.786576,0.0,scene_1_extra|scene_1.3_hig_refine_y03_13p66|662|4,scene_1_extra|scene_1.3_med_probe_y03_12p73|679|21,c57031010880fedddbe2e6416f346a8a2320b1c7,c6ada05045b422190f313a64b66d7e522f771196
scene_1_3_terminalgain_globalmax_interp_0611,family_04,110,6.496161,6.702875,0.206715,30,2,28,2.9,2.778256,2.772582,1.002047,0.17912,1.791204,1.896315,1.470768,0.168014,0.669677,0.0,scene_1_extra|scene_1.3_hig_refine_y03_13p66|662|4,scene_1_extra|scene_1.3_med_probe_y03_12p73|679|21,93a062abc635a49da6b9f999707d594acf913355,515cfedd6c782c69db68c3262bfff0814e48e60a
scene_1_3_terminalgain_globalmax_interp_0612,family_04,111,6.496161,6.702875,0.206715,30,2,28,2.9,2.812585,2.772582,1.014428,0.17912,1.791196,1.900052,1.524752,0.117735,1.789628,0.0,scene_1_extra|scene_1.3_hig_refine_y03_13p66|662|4,scene_1_extra|scene_1.3_med_probe_y03_12p73|679|21,72b3ed603880500c5aefef5554bec349bc4b2a5b,10d7195e3a5ab59efe9ec19a57ce63869c18c6ba
scene_1_3_terminalgain_globalmax_interp_0613,family_04,112,6.496161,6.702875,0.206715,30,2,28,2.9,2.80761,2.772582,1.012634,0.17912,1.791199,1.899325,1.522757,0.067456,1.673315,0.0,scene_1_extra|scene_1.3_hig_refine_y03_13p66|662|4,scene_1_extra|scene_1.3_med_probe_y03_12p73|679|21,df1d6b0d59662f6eb6f0d9cea14318c55323f6ac,ee49489039599fb56fb1ae298d8c38303ff46868
scene_1_3_terminalgain_globalmax_interp_0614,family_04,113,6.496161,6.702875,0.206715,30,2,28,2.9,2.778892,2.772582,1.002276,0.17912,1.791204,1.896429,1.469742,0.017176,0.706276,0.0,scene_1_extra|scene_1.3_hig_refine_y03_13p66|662|4,scene_1_extra|scene_1.3_med_probe_y03_12p73|679|21,c07d72a93faea2b5d816c5f45ca845a9cd516b89,38aed5c25bb0586452a26d07b59d66f9d650ba24
scene_1_3_terminalgain_globalmax_interp_0615,family_04,114,6.496161,6.702875,0.206715,30,2,28,2.9,2.781656,2.772582,1.003273,0.17912,1.791201,1.89659,1.453588,0.033103,0.847377,0.0,scene_1_extra|scene_1.3_hig_refine_y03_13p66|662|4,scene_1_extra|scene_1.3_med_probe_y03_12p73|679|21,17b0a603e98da2292834d690f4c91d02a0e1d3c4,88bfd74babb37f623d9c75e88766a9418e85390f
scene_1_3_terminalgain_globalmax_interp_0616,family_04,115,6.496161,6.702875,0.206715,30,2,28,2.9,2.812,2.772582,1.014217,0.17912,1.791196,1.900015,1.477536,0.083382,1.776376,0.0,scene_1_extra|scene_1.3_hig_refine_y03_13p66|662|4,scene_1_extra|scene_1.3_med_probe_y03_12p73|679|21,a866eaa7c4141d5f0d63363f4af8649fe5880d0c,4efc65fec90e4e7c57c6196556b63dea88af60e2
scene_1_3_terminalgain_globalmax_interp_0617,family_04,116,6.496161,6.702875,0.206715,30,2,28,2.9,2.800763,2.772582,1.010164,0.17912,1.791199,1.898517,1.537902,0.133661,1.498635,0.0,scene_1_extra|scene_1.3_hig_refine_y03_13p66|662|4,scene_1_extra|scene_1.3_med_probe_y03_12p73|679|21,94ab258d48cd4f7865d8b997fc4aed504746d954,e243e723b7a3080e8f51f874d638c2d130de11f1
scene_1_3_terminalgain_globalmax_interp_0618,family_04,117,6.496161,6.702875,0.206715,30,2,28,2.9,2.790843,2.772582,1.006586,0.17912,1.791204,1.89752,1.509607,0.160831,1.204335,0.0,scene_1_extra|scene_1.3_hig_refine_y03_13p66|662|4,scene_1_extra|scene_1.3_med_probe_y03_12p73|679|21,16ec20ec46ac08bd37cfffbd30e3b23c554a761e,d3a9ffdae7100938c50b71b23ffeea950233dd4f
scene_1_3_terminalgain_globalmax_interp_0619,family_04,118,6.496161,6.702875,0.206715,30,2,28,2.9,2.783298,2.772582,1.003865,0.17912,1.791196,1.896839,1.462974,0.110552,0.921207,0.0,scene_1_extra|scene_1.3_hig_refine_y03_13p66|662|4,scene_1_extra|scene_1.3_med_probe_y03_12p73|679|21,7cfd3c10fa4685e038812017bde55f796be9f020,efe94b89f62b819993b45d3172a9151be04d9e7f
scene_1_3_terminalgain_globalmax_interp_0620,family_04,119,6.496161,6.702875,0.206715,30,2,28,2.9,2.787037,2.772582,1.005214,0.17912,1.791196,1.897071,1.453588,0.060273,1.07077,0.0,scene_1_extra|scene_1.3_hig_refine_y03_13p66|662|4,scene_1_extra|scene_1.3_med_probe_y03_12p73|679|21,0a6f77ed8080d4cb42722e8a7ea0b9987d070cd2,c3809e2041e9f541cb647f4b47ec28f41c71c7fb
scene_1_3_terminalgain_globalmax_interp_0621,family_04,120,6.496161,6.702875,0.206715,30,2,28,2.9,2.817573,2.772582,1.016227,0.17912,1.791196,1.900504,1.485302,0.009994,1.899982,0.0,scene_1_extra|scene_1.3_hig_refine_y03_13p66|662|4,scene_1_extra|scene_1.3_med_probe_y03_12p73|679|21,748c2fd9827fdf4c2a142e6a7d947e018f9fc838,c25f61bca6dc550faebd9be55d9ca994f098cc14
scene_1_3_terminalgain_globalmax_interp_0622,family_04,121,6.496161,6.702875,0.206715,30,2,28,2.9,2.806731,2.772582,1.012317,0.17912,1.791201,1.899302,1.551052,0.040286,1.651944,0.0,scene_1_extra|scene_1.3_hig_refine_y03_13p66|662|4,scene_1_extra|scene_1.3_med_probe_y03_12p73|679|21,926abec6039657ea1dba109f2fe386aa0ed31ee5,b8060c998ea864cdc32ca087c0b48ea446b24ed9
scene_1_3_terminalgain_globalmax_interp_0623,family_04,122,6.496161,6.702875,0.206715,30,2,28,2.9,2.776204,2.772582,1.001307,0.17912,1.791196,1.896156,1.561431,0.090565,0.534921,0.0,scene_1_extra|scene_1.3_hig_refine_y03_13p66|662|4,scene_1_extra|scene_1.3_med_probe_y03_12p73|679|21,b63939ea044644a2da0a692715eacb715c401546,44add3c3527ca0fd1b9ee7743953535e3a6fec72
scene_1_3_terminalgain_globalmax_interp_0624,family_04,123,6.496161,6.702875,0.206715,30,2,28,2.9,2.801185,2.772582,1.010317,0.17912,1.791196,1.898538,1.493827,0.140844,1.510069,0.0,scene_1_extra|scene_1.3_hig_refine_y03_13p66|662|4,scene_1_extra|scene_1.3_med_probe_y03_12p73|679|21,3c9743a25f5d559fd83a4d17a6136d9344af811a,21576f3f239476bac17eead7c201720a10fbd6b8
scene_1_3_terminalgain_globalmax_interp_0625,family_04,124,6.496161,6.702875,0.206715,30,2,28,2.9,2.811139,2.772582,1.013907,0.17912,1.791199,1.899855,1.454852,0.153649,1.756817,0.0,scene_1_extra|scene_1.3_hig_refine_y03_13p66|662|4,scene_1_extra|scene_1.3_med_probe_y03_12p73|679|21,ca7f98d7241f758d49dfb12465a69d33931adf67,1127235dff6c28b90d0d87e58cb353746330959d
scene_1_3_terminalgain_globalmax_interp_0626,family_04,125,6.496161,6.702875,0.206715,30,2,28,2.9,2.774248,2.772582,1.000601,0.17912,1.791196,1.895991,1.458587,0.103369,0.362856,0.0,scene_1_extra|scene_1.3_hig_refine_y03_13p66|662|4,scene_1_extra|scene_1.3_med_probe_y03_12p73|679|21,a7dc567e0c917269699a1a54ae5577012933624b,b5f4be4c9319336c443365118aee37afbc7746e0
scene_1_3_terminalgain_globalmax_interp_0627,family_04,126,6.496161,6.702875,0.206715,30,2,28,2.9,2.787817,2.772582,1.005495,0.17912,1.791196,1.897101,1.501082,0.05309,1.099219,0.0,scene_1_extra|scene_1.3_hig_refine_y03_13p66|662|4,scene_1_extra|scene_1.3_med_probe_y03_12p73|679|21,ec7bbd517dbb242642c4d853a88f3250dc4d6c24,fef02bfaff1ce37ac6e0ebdfa43ae4399864264b
scene_1_3_terminalgain_globalmax_interp_0628,family_04,127,6.496161,6.702875,0.206715,30,2,28,2.9,2.798324,2.772582,1.009285,0.17912,1.791196,1.898224,1.546428,0.002811,1.431619,0.0,scene_1_extra|scene_1.3_hig_refine_y03_13p66|662|4,scene_1_extra|scene_1.3_med_probe_y03_12p73|679|21,8f83dfd827a70e1c4bf0316238f9a3d5b6ce8456,e1a8bcbe4b4ab3af830b6601fe03bf6b79a8dd69
scene_1_3_terminalgain_globalmax_interp_0629,family_04,128,6.496161,6.702875,0.206715,30,2,28,2.9,2.783266,2.772582,1.003854,0.17912,1.791204,1.896767,1.481924,0.047468,0.919744,0.0,scene_1_extra|scene_1.3_hig_refine_y03_13p66|662|4,scene_1_extra|scene_1.3_med_probe_y03_12p73|679|21,6c6700ad6729eed86c18725cef8a52d4843c84fc,e858ede127f0cefd86b3c63d3ed64402c999600c
scene_1_3_terminalgain_globalmax_interp_0630,family_04,129,6.496161,6.702875,0.206715,30,2,28,2.9,2.802881,2.772582,1.010928,0.17912,1.791196,1.898839,1.453589,0.097748,1.554568,0.0,scene_1_extra|scene_1.3_hig_refine_y03_13p66|662|4,scene_1_extra|scene_1.3_med_probe_y03_12p73|679|21,2a1b93c4d459bce6ab1beb185be31bbd199615a3,e49899b0c6c2ce9486a21a708a69f82a25a5d696
scene_1_3_terminalgain_globalmax_interp_0631,family_04,130,6.496161,6.702875,0.206715,30,2,28,2.9,2.798487,2.772582,1.009343,0.17912,1.791196,1.898251,1.465355,0.148027,1.436288,0.0,scene_1_extra|scene_1.3_hig_refine_y03_13p66|662|4,scene_1_extra|scene_1.3_med_probe_y03_12p73|679|21,9a6c715d9b0683ab50488ad89d14f80df70bc33d,9e06ebe936a3038d10723de3e875482a0bc37df8
scene_1_3_terminalgain_globalmax_interp_0632,family_04,131,6.496161,6.702875,0.206715,30,2,28,2.9,2.805223,2.772582,1.011773,0.17912,1.791204,1.899119,1.514233,0.146466,1.614544,0.0,scene_1_extra|scene_1.3_hig_refine_y03_13p66|662|4,scene_1_extra|scene_1.3_med_probe_y03_12p73|679|21,17bad87ead759fc8bf5ff5b9d63c3d693f03b0de,e0f8f0f52fdc00517e49997c07b6fef97e4fa794
scene_1_3_terminalgain_globalmax_interp_0633,family_04,132,6.496161,6.702875,0.206715,30,2,28,2.9,2.809515,2.772582,1.013321,0.17912,1.791196,1.899519,1.533278,0.096187,1.718659,0.0,scene_1_extra|scene_1.3_hig_refine_y03_13p66|662|4,scene_1_extra|scene_1.3_med_probe_y03_12p73|679|21,dd3a9a24372fb5806a2771f9119a2d55fec6d73a,b661c277348edfc864686eb9d874f4434f961a9a
scene_1_3_terminalgain_globalmax_interp_0634,family_04,133,6.496161,6.702875,0.206715,30,2,28,2.9,2.787155,2.772582,1.005256,0.17912,1.791196,1.897216,1.475156,0.045907,1.074806,0.0,scene_1_extra|scene_1.3_hig_refine_y03_13p66|662|4,scene_1_extra|scene_1.3_med_probe_y03_12p73|679|21,7b3deb5bb263bebe1d2f5fef0755bdab45ee1519,4604226848afa67c967adbc5cd69581a37bd3c12
scene_1_3_terminalgain_globalmax_interp_0635,family_04,134,6.496161,6.702875,0.206715,30,2,28,2.9,2.779277,2.772582,1.002415,0.179119,1.791188,1.896434,1.453589,0.004372,0.727607,0.0,scene_1_extra|scene_1.3_hig_refine_y03_13p66|662|4,scene_1_extra|scene_1.3_med_probe_y03_12p73|679|21,f78cda44ba677b6bd5700b12b0cbf2edd32e2aec,e15003f6c2fda0dda6c1fcb72bf50f2a2b5840ad
scene_1_3_terminalgain_globalmax_interp_0636,family_04,135,6.496161,6.702875,0.206715,30,2,28,2.9,2.79862,2.772582,1.009392,0.17912,1.791199,1.898387,1.472121,0.054651,1.440246,0.0,scene_1_extra|scene_1.3_hig_refine_y03_13p66|662|4,scene_1_extra|scene_1.3_med_probe_y03_12p73|679|21,567991a0b625a97d41414870f87f853284e36846,bcd3ce0b1ad08c136559e28a3ae958c9d2a013b3
scene_1_3_terminalgain_globalmax_interp_0637,family_04,136,6.496161,6.702875,0.206715,30,2,28,2.9,2.795108,2.772582,1.008125,0.17912,1.791201,1.897902,1.527383,0.10493,1.338845,0.0,scene_1_extra|scene_1.3_hig_refine_y03_13p66|662|4,scene_1_extra|scene_1.3_med_probe_y03_12p73|679|21,bcbf8a8d37a57fcb0f372cd4f97114b7e6eef546,85ebc53dc8c6fc68fd7e651afa9695161c77d2c0
scene_1_3_terminalgain_globalmax_interp_0638,family_04,137,6.496161,6.702875,0.206715,30,2,28,2.9,2.777664,2.772582,1.001833,0.17912,1.791196,1.896338,1.520128,0.15521,0.633783,0.0,scene_1_extra|scene_1.3_hig_refine_y03_13p66|662|4,scene_1_extra|scene_1.3_med_probe_y03_12p73|679|21,168194e5e9b31682add91e1b889189cb8d92c494,91330e08ccc07d821fc616393a5a79d8be8585f9
scene_1_3_terminalgain_globalmax_interp_0639,family_04,138,6.496161,6.702875,0.206715,30,2,28,2.9,2.801269,2.772582,1.010347,0.17912,1.791196,1.898556,1.468388,0.139283,1.512453,0.0,scene_1_extra|scene_1.3_hig_refine_y03_13p66|662|4,scene_1_extra|scene_1.3_med_probe_y03_12p73|679|21,8fc13879a5727e0508a3ecf352f18af6948c457a,e4eecd9e24c0a590a3570524a657feaf6f89a3ad
scene_1_3_terminalgain_globalmax_interp_0640,family_04,139,6.496161,6.702875,0.206715,30,2,28,2.9,2.815879,2.772582,1.015616,0.17912,1.791201,1.900419,1.453588,0.089004,1.863391,0.0,scene_1_extra|scene_1.3_hig_refine_y03_13p66|662|4,scene_1_extra|scene_1.3_med_probe_y03_12p73|679|21,85c9fe07e274de47d74e97e4c3b1e95b171b11a5,b0b19e3356947efd846040313a2aedf891c3f4d1
scene_1_3_terminalgain_globalmax_interp_0641,family_04,140,6.496161,6.702875,0.206715,30,2,28,2.9,2.795822,2.772582,1.008382,0.179119,1.791188,1.897963,1.478889,0.038725,1.359677,0.0,scene_1_extra|scene_1.3_hig_refine_y03_13p66|662|4,scene_1_extra|scene_1.3_med_probe_y03_12p73|679|21,b11fe124fc080de34e20209a6855db5d51daa30b,94fa08ddbad95d39871474ef77eeb7f18ac8cb68
scene_1_3_terminalgain_globalmax_interp_0642,family_04,141,6.496161,6.702875,0.206715,30,2,28,2.9,2.7833,2.772582,1.003866,0.17912,1.791204,1.896777,1.540533,0.011555,0.921225,0.0,scene_1_extra|scene_1.3_hig_refine_y03_13p66|662|4,scene_1_extra|scene_1.3_med_probe_y03_12p73|679|21,0766877bad715df36362f876413abdc64a46f211,fb6ad6905daf08932ffb4937866614d9af25aed8
scene_1_3_terminalgain_globalmax_interp_0643,family_04,142,6.496161,6.702875,0.206715,30,2,28,2.9,2.787391,2.772582,1.005341,0.17912,1.791196,1.897191,1.506978,0.061834,1.083785,0.0,scene_1_extra|scene_1.3_hig_refine_y03_13p66|662|4,scene_1_extra|scene_1.3_med_probe_y03_12p73|679|21,7d20b1e10a4ec7d5e7293a2bdf168bbcda52953d,93b90e868502c88a8405418d34816693d10c919a
scene_1_3_terminalgain_globalmax_interp_0644,family_04,143,6.496161,6.702875,0.206715,30,2,28,2.9,2.788567,2.772582,1.005766,0.17912,1.791196,1.897118,1.46162,0.112113,1.126208,0.0,scene_1_extra|scene_1.3_hig_refine_y03_13p66|662|4,scene_1_extra|scene_1.3_med_probe_y03_12p73|679|21,467ed52189907e82252ba9516d4c63e250ca6554,c218559898747dac2910ba62943b067d9515d0db
scene_1_3_terminalgain_globalmax_interp_0645,family_04,144,6.496161,6.702875,0.206715,30,2,28,2.9,2.802615,2.772582,1.010832,0.17912,1.791196,1.898838,1.453588,0.162392,1.547714,0.0,scene_1_extra|scene_1.3_hig_refine_y03_13p66|662|4,scene_1_extra|scene_1.3_med_probe_y03_12p73|679|21,92f655ca56998f47ff41f2fdccadf9b9c576cc50,aba8944805e3d9c875afb2ad023fe54fab79beb0
scene_1_3_terminalgain_globalmax_interp_0646,family_04,145,6.496161,6.702875,0.206715,30,2,28,2.9,2.783227,2.772582,1.003839,0.179119,1.791191,1.89673,1.487932,0.1321,0.918033,0.0,scene_1_extra|scene_1.3_hig_refine_y03_13p66|662|4,scene_1_extra|scene_1.3_med_probe_y03_12p73|679|21,8e319e0376c791db28bbc96fb3f371cb62462660,27850ca2da91621e4c96aa8c54f8dc0f13c295f2
scene_1_3_terminalgain_globalmax_interp_0647,family_04,146,6.496161,6.702875,0.206715,30,2,28,2.9,2.776006,2.772582,1.001235,0.17912,1.791201,1.896133,1.553683,0.081821,0.520087,0.0,scene_1_extra|scene_1.3_hig_refine_y03_13p66|662|4,scene_1_extra|scene_1.3_med_probe_y03_12p73|679|21,ca1937a416b393daca2705427ac1fa457fc48eb3,bde6854501896f6fc4dc44b55ffdc6c6cff31c9b
scene_1_3_terminalgain_globalmax_interp_0648,family_04,147,6.496161,6.702875,0.206715,30,2,28,2.9,2.833143,2.772582,1.021843,0.17912,1.791196,1.902872,1.557674,0.031542,2.210864,0.0,scene_1_extra|scene_1.3_hig_refine_y03_13p66|662|4,scene_1_extra|scene_1.3_med_probe_y03_12p73|679|21,fadbfa94de640df03e2eefc3cb14ffd5390715f7,f4619cf466cb89e8bfec10b58e112403a78a5cc2
scene_1_3_terminalgain_globalmax_interp_0649,family_04,148,6.496161,6.702875,0.206715,30,2,28,2.9,2.831103,2.772582,1.021107,0.17912,1.791196,1.902611,1.491198,0.018737,2.172584,0.0,scene_1_extra|scene_1.3_hig_refine_y03_13p66|662|4,scene_1_extra|scene_1.3_med_probe_y03_12p73|679|21,edba54a6145f3334e19ea183666732f8ca18beb6,7bfe5cf9e77aaf8213da26b7454d19e45ca548b0
scene_1_3_terminalgain_globalmax_interp_0650,family_04,149,6.496161,6.702875,0.206715,30,2,28,2.9,2.776639,2.772582,1.001463,0.17912,1.791199,1.896136,1.453589,0.069017,0.566281,0.0,scene_1_extra|scene_1.3_hig_refine_y03_13p66|662|4,scene_1_extra|scene_1.3_med_probe_y03_12p73|679|21,8e5c4f7c9c0b1fa6682f694430249be418c9cbc3,209084fb2670cd9695931e2433ca279a9226a431
scene_1_3_terminalgain_globalmax_interp_0651,family_04,150,6.496161,6.702875,0.206715,30,2,28,2.9,2.7815,2.772582,1.003217,0.17912,1.791196,1.896669,1.45994,0.119296,0.839784,0.0,scene_1_extra|scene_1.3_hig_refine_y03_13p66|662|4,scene_1_extra|scene_1.3_med_probe_y03_12p73|679|21,c3e6fc1263409d807923ed5070a4227a7a769475,23e1a05e2d487557b28f6ea8344de2db0c9c5eaf
scene_1_3_terminalgain_globalmax_interp_0652,family_04,151,6.496161,6.702875,0.206715,30,2,28,2.9,2.805336,2.772582,1.011814,0.17912,1.791196,1.899249,1.503712,0.169575,1.617388,0.0,scene_1_extra|scene_1.3_hig_refine_y03_13p66|662|4,scene_1_extra|scene_1.3_med_probe_y03_12p73|679|21,aa621e2ba9bd76fae788bc7f13a1de1900c80d7d,ec6e75658888dbb26368cd8c3ca11bb31f75c711
scene_1_3_terminalgain_globalmax_interp_0653,family_04,152,6.496161,6.702875,0.206715,30,2,28,2.9,2.786434,2.772582,1.004996,0.179119,1.791188,1.897061,1.543798,0.17417,1.047858,0.0,scene_1_extra|scene_1.3_hig_refine_y03_13p66|662|4,scene_1_extra|scene_1.3_med_probe_y03_12p73|679|21,4cccca3377d378b95fedcee47e84dcf992a24d49,68202b11fad005af11b4b4d40e5a86066bf79661
scene_1_3_terminalgain_globalmax_interp_0654,family_04,153,6.496161,6.702875,0.206715,30,2,28,2.9,2.787998,2.772582,1.00556,0.17912,1.791199,1.897147,1.480571,0.123891,1.105856,0.0,scene_1_extra|scene_1.3_hig_refine_y03_13p66|662|4,scene_1_extra|scene_1.3_med_probe_y03_12p73|679|21,0d09ed5bfa2d8dc2f8a537a5a49b9bd0fba5dcf1,6b71294d9283c77eeab08e0a6b1219b0f14ed613
scene_1_3_terminalgain_globalmax_interp_0655,family_04,154,6.496161,6.702875,0.206715,30,2,28,2.9,2.783296,2.772582,1.003865,0.17912,1.791201,1.896772,1.453589,0.073611,0.921006,0.0,scene_1_extra|scene_1.3_hig_refine_y03_13p66|662|4,scene_1_extra|scene_1.3_med_probe_y03_12p73|679|21,9d821ba218deb6ea196e923f420e8a3e43b83506,94862e191ca8a2f01dd0f93490d13d8af70d7e17
scene_1_3_terminalgain_globalmax_interp_0656,family_04,155,6.496161,6.702875,0.206715,30,2,28,2.9,2.798537,2.772582,1.009362,0.17912,1.791196,1.898238,1.466708,0.023332,1.437726,0.0,scene_1_extra|scene_1.3_hig_refine_y03_13p66|662|4,scene_1_extra|scene_1.3_med_probe_y03_12p73|679|21,c9d928a1a88b9b9d3e0bfbd82cb15ce771c7c262,e0f7764680acceb9a12a62bf4c300a7281e5cc62
scene_1_3_terminalgain_globalmax_interp_0657,family_04,156,6.496161,6.702875,0.206715,30,2,28,2.9,2.812526,2.772582,1.014407,0.17912,1.791201,1.899869,1.516862,0.026946,1.788794,0.0,scene_1_extra|scene_1.3_hig_refine_y03_13p66|662|4,scene_1_extra|scene_1.3_med_probe_y03_12p73|679|21,3c053ea7407276b33a4cb4ac2ea281b36d7776bb,8894e3c47665b927866ac122baad7cc89ec8e31a
scene_1_3_terminalgain_globalmax_interp_0658,family_04,157,6.496161,6.702875,0.206715,30,2,28,2.9,2.80288,2.772582,1.010928,0.17912,1.791196,1.8988,1.530648,0.077225,1.554743,0.0,scene_1_extra|scene_1.3_hig_refine_y03_13p66|662|4,scene_1_extra|scene_1.3_med_probe_y03_12p73|679|21,45d0965439e6639a165b3db1cf6614c6a3c4b842,b57f4bc8fcda289cbf9938a500a7563fb4dfe56c
scene_1_3_terminalgain_globalmax_interp_0659,family_04,158,6.496161,6.702875,0.206715,30,2,28,2.9,2.776941,2.772582,1.001572,0.17912,1.791196,1.896223,1.473803,0.127505,0.586723,0.0,scene_1_extra|scene_1.3_hig_refine_y03_13p66|662|4,scene_1_extra|scene_1.3_med_probe_y03_12p73|679|21,5627f4d0b8c8a0227492ab70e957ad071ff9146c,5fd9b1e9a3feb4b538d3998b1f406dd73c24fa23
scene_1_3_terminalgain_globalmax_interp_0660,family_04,159,6.496161,6.702875,0.206715,30,2,28,2.9,2.797117,2.772582,1.00885,0.17912,1.791201,1.898209,1.453589,0.166987,1.397539,0.0,scene_1_extra|scene_1.3_hig_refine_y03_13p66|662|4,scene_1_extra|scene_1.3_med_probe_y03_12p73|679|21,c122531b5ae5cac0a618d82adca7ade750f3f7ef,b9c7cfbeb7b974d7bf0d1de478746651c8237d65
scene_1_3_terminalgain_globalmax_interp_0661,family_04,160,6.496161,6.702875,0.206715,30,2,28,2.9,2.797499,2.772582,1.008987,0.17912,1.791199,1.898133,1.473475,0.116708,1.408517,0.0,scene_1_extra|scene_1.3_hig_refine_y03_13p66|662|4,scene_1_extra|scene_1.3_med_probe_y03_12p73|679|21,566ab3209eb98f7ad6032e5bda67bf37632561cb,36b19dbc1e5df2ac35228c46d6c090f7ad25b998
scene_1_3_terminalgain_globalmax_interp_0662,family_04,161,6.496161,6.702875,0.206715,30,2,28,2.9,2.780897,2.772582,1.002999,0.17912,1.791196,1.896612,1.530012,0.066429,0.811104,0.0,scene_1_extra|scene_1.3_hig_refine_y03_13p66|662|4,scene_1_extra|scene_1.3_med_probe_y03_12p73|679|21,928256199d6723995df7856b6bfd239e83acbafd,ff60bc4c28e050d6290a5feaf463ed27013fbd48
scene_1_3_terminalgain_globalmax_interp_0663,family_04,162,6.496161,6.702875,0.206715,30,2,28,2.9,2.786418,2.772582,1.00499,0.17912,1.791196,1.897068,1.517498,0.016149,1.047155,0.0,scene_1_extra|scene_1.3_hig_refine_y03_13p66|662|4,scene_1_extra|scene_1.3_med_probe_y03_12p73|679|21,4dccd96831e5c853eb1c9906c5cab4658b092384,b336f8824ff8cd6aa64aaedf39dcdcddfa5c4b28
scene_1_3_terminalgain_globalmax_interp_0664,family_04,163,6.496161,6.702875,0.206715,30,2,28,2.9,2.813184,2.772582,1.014644,0.17912,1.791201,1.900114,1.467035,0.034129,1.803705,0.0,scene_1_extra|scene_1.3_hig_refine_y03_13p66|662|4,scene_1_extra|scene_1.3_med_probe_y03_12p73|679|21,a6d8aee5711f1ccb280c65c2f6a09f66e4eba0f6,76567de6faee09f82f3e169058b3b4b2a533c45f
scene_1_3_terminalgain_globalmax_interp_0665,family_04,164,6.496161,6.702875,0.206715,30,2,28,2.9,2.807086,2.772582,1.012445,0.179119,1.791191,1.899314,1.453588,0.084408,1.660422,0.0,scene_1_extra|scene_1.3_hig_refine_y03_13p66|662|4,scene_1_extra|scene_1.3_med_probe_y03_12p73|679|21,d918b3c22446fec213bbaeb474019267d8b4623b,02330bf3913fb4250e73767f5a47668ffe5a5698
scene_1_3_terminalgain_globalmax_interp_0666,family_04,165,6.496161,6.702875,0.206715,30,2,28,2.9,2.797601,2.772582,1.009024,0.17912,1.791196,1.898121,1.480243,0.134687,1.411115,0.0,scene_1_extra|scene_1.3_hig_refine_y03_13p66|662|4,scene_1_extra|scene_1.3_med_probe_y03_12p73|679|21,521fd733b4d1bc836fbf75e7afc0744632b717be,37e41c62b57482badd746782b552e2f683c8f2e0
scene_1_3_terminalgain_globalmax_interp_0667,family_04,166,6.496161,6.702875,0.206715,30,2,28,2.9,2.804694,2.772582,1.011582,0.17912,1.791199,1.89898,1.543162,0.159804,1.6013,0.0,scene_1_extra|scene_1.3_hig_refine_y03_13p66|662|4,scene_1_extra|scene_1.3_med_probe_y03_12p73|679|21,1cf3cec0cd3e2e7c2e7fdb7410d2c7ef5b7e21ec,f84535a9f54eb0dc61f22ffa364b58479eae7ac5
scene_1_3_terminalgain_globalmax_interp_0668,family_04,167,6.496161,6.702875,0.206715,30,2,28,2.9,2.782315,2.772582,1.003511,0.17912,1.791199,1.896673,1.504348,0.109525,0.877751,0.0,scene_1_extra|scene_1.3_hig_refine_y03_13p66|662|4,scene_1_extra|scene_1.3_med_probe_y03_12p73|679|21,df9e19f56771427c1dd30e15fba1d605da3a2f34,459d14bbc5d290962402ebd87af695ce88a4f6a3
scene_1_3_terminalgain_globalmax_interp_0669,family_05,1,6.613628,6.702875,0.089247,30,2,28,2.9,2.820025,2.820025,1.0,0.182184,1.821843,1.928293,0.290718,0.0,0.004076,0.0,scene_1_extra|scene_1.3_hig_bridge_y03_13p79|700|42,scene_1_extra|scene_1.3_med_probe_y03_12p73|679|21,aab240439e38d507180c9a2031ae81925332392f,57fcc5b651e4751faa06b900623f49fe4035e36c
scene_1_3_terminalgain_globalmax_interp_0670,family_05,2,6.613628,6.702875,0.089247,30,2,28,2.9,2.832311,2.820025,1.004357,0.182185,1.821845,1.929402,0.290718,0.111494,0.978194,0.0,scene_1_extra|scene_1.3_hig_bridge_y03_13p79|700|42,scene_1_extra|scene_1.3_med_probe_y03_12p73|679|21,2963eabaa35e91ce643e961a552aa1b31ef09521,44942c68023e79a8dfd44dd708c209ed3763a2b6
scene_1_3_terminalgain_globalmax_interp_0671,family_05,3,6.613628,6.702875,0.089247,30,2,28,2.9,2.821743,2.820025,1.000609,0.182185,1.821845,1.928573,0.357875,0.061215,0.365188,0.0,scene_1_extra|scene_1.3_hig_bridge_y03_13p79|700|42,scene_1_extra|scene_1.3_med_probe_y03_12p73|679|21,81c4aeeaa16e841a79e24c507afbcc1b896314ca,2bb3654a06b1056811508e121ee73ffa8f640759
scene_1_3_terminalgain_globalmax_interp_0672,family_05,4,6.613628,6.702875,0.089247,30,2,28,2.9,2.868319,2.820025,1.017125,0.182185,1.821849,1.933494,0.483034,0.010936,1.952608,0.0,scene_1_extra|scene_1.3_hig_bridge_y03_13p79|700|42,scene_1_extra|scene_1.3_med_probe_y03_12p73|679|21,24312f77f7325663c5a7e1c141fa89bb7ae706a1,9609337bbbaef7ddf29cda68d9a45279403c4e48
scene_1_3_terminalgain_globalmax_interp_0673,family_05,5,6.613628,6.702875,0.089247,30,2,28,2.9,2.86312,2.820025,1.015282,0.182185,1.821854,1.932827,0.472291,0.039344,1.842978,0.0,scene_1_extra|scene_1.3_hig_bridge_y03_13p79|700|42,scene_1_extra|scene_1.3_med_probe_y03_12p73|679|21,6c983ff5f3843965f48559f6fa84e99a189e850c,1359eeaae9d2b1c62a3d50e5cf080a0fe9ff11d1
scene_1_3_terminalgain_globalmax_interp_0674,family_05,6,6.613628,6.702875,0.089247,30,2,28,2.9,2.823147,2.820025,1.001107,0.182185,1.821849,1.9285,0.348424,0.089623,0.492295,0.0,scene_1_extra|scene_1.3_hig_bridge_y03_13p79|700|42,scene_1_extra|scene_1.3_med_probe_y03_12p73|679|21,fac3f094b32130844cd8a1ba5be2a340c441af69,b4eb0a88f59ccd245dd06e2ba3243aa3cbbaa068
scene_1_3_terminalgain_globalmax_interp_0675,family_05,7,6.613628,6.702875,0.089247,30,2,28,2.9,2.829914,2.820025,1.003507,0.182185,1.821849,1.92915,0.292715,0.139902,0.877303,0.0,scene_1_extra|scene_1.3_hig_bridge_y03_13p79|700|42,scene_1_extra|scene_1.3_med_probe_y03_12p73|679|21,0a0eda4d3e6051f6d615ee0ec7f79c3f4c2cf1a7,5649ae5322fdb994dd8c4daf51e1edb30bd5ddb0
scene_1_3_terminalgain_globalmax_interp_0676,family_05,8,6.613628,6.702875,0.089247,30,2,28,2.9,2.851418,2.820025,1.011132,0.182185,1.821845,1.931384,0.381203,0.154591,1.569408,0.0,scene_1_extra|scene_1.3_hig_bridge_y03_13p79|700|42,scene_1_extra|scene_1.3_med_probe_y03_12p73|679|21,15731e979a5a3d37dafe55261afc5a921f12a0ce,46880e41fe100cdd2929ec199786917ecbd07564
scene_1_3_terminalgain_globalmax_interp_0677,family_05,9,6.613628,6.702875,0.089247,30,2,28,2.9,2.82874,2.820025,1.00309,0.182185,1.821845,1.929016,0.509555,0.104311,0.823353,0.0,scene_1_extra|scene_1.3_hig_bridge_y03_13p79|700|42,scene_1_extra|scene_1.3_med_probe_y03_12p73|679|21,5012a7be573df5da7a4c2ea1d82d870cf7cacf74,6d8a230619741a94d63678e6962980b0373e9847
scene_1_3_terminalgain_globalmax_interp_0678,family_05,10,6.613628,6.702875,0.089247,30,2,28,2.9,2.844293,2.820025,1.008605,0.182185,1.82185,1.930557,0.44577,0.054032,1.377842,0.0,scene_1_extra|scene_1.3_hig_bridge_y03_13p79|700|42,scene_1_extra|scene_1.3_med_probe_y03_12p73|679|21,768f8f95af47b776bbcf61aaa8a05cee9e7e1e6e,e848745b9a04faf2db320cac9a3d9aa7c8aa27f2
scene_1_3_terminalgain_globalmax_interp_0679,family_05,11,6.613628,6.702875,0.089247,30,2,28,2.9,2.825667,2.820025,1.002,0.182185,1.821845,1.928735,0.328298,0.003753,0.662147,0.0,scene_1_extra|scene_1.3_hig_bridge_y03_13p79|700|42,scene_1_extra|scene_1.3_med_probe_y03_12p73|679|21,402f82f460860e4b4806987db2e1ee79817daa56,9d5230d7232e33fa226d2273f70aad388e675c5d
scene_1_3_terminalgain_globalmax_interp_0680,family_05,12,6.613628,6.702875,0.089247,30,2,28,2.9,2.85461,2.820025,1.012264,0.182185,1.821849,1.931699,0.302155,0.046526,1.647919,0.0,scene_1_extra|scene_1.3_hig_bridge_y03_13p79|700|42,scene_1_extra|scene_1.3_med_probe_y03_12p73|679|21,876114d7c24d77fa0c1be2c068da9245f427e861,b168cdda4855896c56039a3543e123b96749ffa6
scene_1_3_terminalgain_globalmax_interp_0681,family_05,13,6.613628,6.702875,0.089247,30,2,28,2.9,2.879724,2.820025,1.02117,0.182185,1.821849,1.93514,0.404532,0.096806,2.175733,0.0,scene_1_extra|scene_1.3_hig_bridge_y03_13p79|700|42,scene_1_extra|scene_1.3_med_probe_y03_12p73|679|21,5abe58e6a122884f144517cd081a9e6540ce9a4e,d58c35a2ffd306f6fdd5cf2a98b8621229f7c30b
scene_1_3_terminalgain_globalmax_interp_0682,family_05,14,6.613628,6.702875,0.089247,30,2,28,2.9,2.840308,2.820025,1.007192,0.182185,1.821854,1.930079,0.536074,0.147085,1.258792,0.0,scene_1_extra|scene_1.3_hig_bridge_y03_13p79|700|42,scene_1_extra|scene_1.3_med_probe_y03_12p73|679|21,9ca1f07496a680a25c6923b071769c3cd6edcdc1,550cf913036bef515dd33e105d1dae005aee4b48
scene_1_3_terminalgain_globalmax_interp_0683,family_05,15,6.613628,6.702875,0.089247,30,2,28,2.9,2.82836,2.820025,1.002956,0.182185,1.821849,1.929017,0.546547,0.147408,0.805025,0.0,scene_1_extra|scene_1.3_hig_bridge_y03_13p79|700|42,scene_1_extra|scene_1.3_med_probe_y03_12p73|679|21,3aa7849a1e1f4ec817f3988ae4b0e4fd09d6743b,8935818a03a4956dec9b98c23b5a36e44841bb0f
scene_1_3_terminalgain_globalmax_interp_0684,family_05,16,6.613628,6.702875,0.089247,30,2,28,2.9,2.838954,2.820025,1.006712,0.182185,1.821854,1.929906,0.413947,0.097129,1.215861,0.0,scene_1_extra|scene_1.3_hig_bridge_y03_13p79|700|42,scene_1_extra|scene_1.3_med_probe_y03_12p73|679|21,4673e70efee3333a03eac8b19acd6a490395e49f,8111236df7a05e708caa54a9738e62733d793c89
scene_1_3_terminalgain_globalmax_interp_0685,family_05,17,6.613628,6.702875,0.089247,30,2,28,2.9,2.848332,2.820025,1.010038,0.182185,1.821845,1.930933,0.307347,0.046849,1.489455,0.0,scene_1_extra|scene_1.3_hig_bridge_y03_13p79|700|42,scene_1_extra|scene_1.3_med_probe_y03_12p73|679|21,8ce3725134eef3efcca0de550956c71456c71019,60367c96582207d166c77ca32899078a38218922
scene_1_3_terminalgain_globalmax_interp_0686,family_05,18,6.613628,6.702875,0.089247,30,2,28,2.9,2.822745,2.820025,1.000964,0.182185,1.821845,1.928457,0.320883,0.00343,0.45946,0.0,scene_1_extra|scene_1.3_hig_bridge_y03_13p79|700|42,scene_1_extra|scene_1.3_med_probe_y03_12p73|679|21,e5d6c656724331cd1b7f74e71139606cbf28dd71,5653df63cb16995ab5c4405f3c33c7de77c586fa
scene_1_3_terminalgain_globalmax_interp_0687,family_05,19,6.613628,6.702875,0.089247,30,2,28,2.9,2.841814,2.820025,1.007726,0.182185,1.821845,1.930262,0.435299,0.053709,1.30504,0.0,scene_1_extra|scene_1.3_hig_bridge_y03_13p79|700|42,scene_1_extra|scene_1.3_med_probe_y03_12p73|679|21,bf31e361df3f9bdb35f3b141f4fbe040e1bcf6c7,74ec8164c3c4b8317b74821575fba266f2c341f4
scene_1_3_terminalgain_globalmax_interp_0688,family_05,20,6.613628,6.702875,0.089247,30,2,28,2.9,2.843156,2.820025,1.008202,0.182185,1.821849,1.930398,0.520027,0.103988,1.345014,0.0,scene_1_extra|scene_1.3_hig_bridge_y03_13p79|700|42,scene_1_extra|scene_1.3_med_probe_y03_12p73|679|21,e3882ced041613c8c415751abe45a564f7c335de,0ce3f8bd79da0d55832c875d39a2f366819e7fc5
scene_1_3_terminalgain_globalmax_interp_0689,family_05,21,6.613628,6.702875,0.089247,30,2,28,2.9,2.848217,2.820025,1.009997,0.182185,1.821849,1.931149,0.390415,0.154268,1.486213,0.0,scene_1_extra|scene_1.3_hig_bridge_y03_13p79|700|42,scene_1_extra|scene_1.3_med_probe_y03_12p73|679|21,5de90107a7c722dba959389d933db19a6ac8d78b,aaa4a4fac1542d2cfb3b693ed894f199760739f2
scene_1_3_terminalgain_globalmax_interp_0690,family_05,22,6.613628,6.702875,0.089247,30,2,28,2.9,2.85352,2.820025,1.011877,0.182185,1.821849,1.931638,0.295387,0.140225,1.621587,0.0,scene_1_extra|scene_1.3_hig_bridge_y03_13p79|700|42,scene_1_extra|scene_1.3_med_probe_y03_12p73|679|21,4d02f1a6f241653a2c87f21ebab491b4a18a8bae,9b9800531d5b500d7dc95d4748c3232dc5a1e2ba
scene_1_3_terminalgain_globalmax_interp_0691,family_05,23,6.613628,6.702875,0.089247,30,2,28,2.9,2.856847,2.820025,1.013057,0.182185,1.821849,1.931925,0.339662,0.089946,1.701464,0.0,scene_1_extra|scene_1.3_hig_bridge_y03_13p79|700|42,scene_1_extra|scene_1.3_med_probe_y03_12p73|679|21,252bae9d2894dffb0c6fc06206c755ebbd9df82b,cf0325599375a1df6caa961c87440b6b0a952cb5
scene_1_3_terminalgain_globalmax_interp_0692,family_05,24,6.613628,6.702875,0.089247,30,2,28,2.9,2.837135,2.820025,1.006067,0.182185,1.821849,1.929885,0.461818,0.039667,1.155472,0.0,scene_1_extra|scene_1.3_hig_bridge_y03_13p79|700|42,scene_1_extra|scene_1.3_med_probe_y03_12p73|679|21,cac404c5f2cd7ecf28e2d895d827559cd8e2c6c3,14a863402f68ad8bc6abb487ac937a916f973ce0
scene_1_3_terminalgain_globalmax_interp_0693,family_05,25,6.613628,6.702875,0.089247,30,2,28,2.9,2.836341,2.820025,1.005785,0.182185,1.821849,1.929729,0.493507,0.010613,1.127909,0.0,scene_1_extra|scene_1.3_hig_bridge_y03_13p79|700|42,scene_1_extra|scene_1.3_med_probe_y03_12p73|679|21,28a732497c700beb880fd7191f2427e49c329d9d,9e5987d073e400ce815e008944f5610ea2e2a83a
scene_1_3_terminalgain_globalmax_interp_0694,family_05,26,6.613628,6.702875,0.089247,30,2,28,2.9,2.844716,2.820025,1.008755,0.182185,1.821849,1.930625,0.367087,0.060892,1.389989,0.0,scene_1_extra|scene_1.3_hig_bridge_y03_13p79|700|42,scene_1_extra|scene_1.3_med_probe_y03_12p73|679|21,7760a5aa73f70a7fb9ffdbdae5a05396104d1573,9692457f45f4e3e826159a12af5e36e525d11873
scene_1_3_terminalgain_globalmax_interp_0695,family_05,27,6.613628,6.702875,0.089247,30,2,28,2.9,2.820798,2.820025,1.000274,0.182185,1.82185,1.928418,0.290718,0.111171,0.244878,0.0,scene_1_extra|scene_1.3_hig_bridge_y03_13p79|700|42,scene_1_extra|scene_1.3_med_probe_y03_12p73|679|21,71969cf72b36513dc5e63dbe629d180f3be6b5f2,b0c77fbe044a3ec32d3de0c03a0f386b74d5d708
scene_1_3_terminalgain_globalmax_interp_0696,family_05,28,6.613628,6.702875,0.089247,30,2,28,2.9,2.856596,2.820025,1.012968,0.182184,1.821838,1.932042,0.362541,0.16145,1.695335,0.0,scene_1_extra|scene_1.3_hig_bridge_y03_13p79|700|42,scene_1_extra|scene_1.3_med_probe_y03_12p73|679|21,91eaed23c2a07ee20bff1d4451c314722f7aac66,efaa3d6ec287201cbd367e6fe992ea6f677b3977
scene_1_3_terminalgain_globalmax_interp_0697,family_05,29,6.613628,6.702875,0.089247,30,2,28,2.9,2.858095,2.820025,1.0135,0.182185,1.821845,1.932202,0.488339,0.133042,1.730481,0.0,scene_1_extra|scene_1.3_hig_bridge_y03_13p79|700|42,scene_1_extra|scene_1.3_med_probe_y03_12p73|679|21,9271075e79ca7a58f77db196a37fe6a23ac190ff,eaa4f1f48ec7c7f735027fb7280e7e69d68ef528
scene_1_3_terminalgain_globalmax_interp_0698,family_05,30,6.613628,6.702875,0.089247,30,2,28,2.9,2.820694,2.820025,1.000237,0.182185,1.821849,1.928392,0.466987,0.082763,0.227918,0.0,scene_1_extra|scene_1.3_hig_bridge_y03_13p79|700|42,scene_1_extra|scene_1.3_med_probe_y03_12p73|679|21,bb107cf8a36c367548481cad30ae9a10cbaf1449,f196ed75c7da452b0d6e1a05454b63bbe5f2c2de
scene_1_3_terminalgain_globalmax_interp_0699,family_05,31,6.613628,6.702875,0.089247,30,2,28,2.9,2.846445,2.820025,1.009368,0.182185,1.821849,1.930846,0.343759,0.032484,1.438184,0.0,scene_1_extra|scene_1.3_hig_bridge_y03_13p79|700|42,scene_1_extra|scene_1.3_med_probe_y03_12p73|679|21,5f6bdaa9c08f2174ec42d2bb5472da48deb3b6c2,7b104fdc16dfbbb161657d27d31b777f192a93ff
scene_1_3_terminalgain_globalmax_interp_0700,family_05,32,6.613628,6.702875,0.089247,30,2,28,2.9,2.858801,2.820025,1.01375,0.182185,1.821849,1.932216,0.294069,0.017795,1.746837,0.0,scene_1_extra|scene_1.3_hig_bridge_y03_13p79|700|42,scene_1_extra|scene_1.3_med_probe_y03_12p73|679|21,b3ffa2fbdca646ef5e180b312e01c221645147a8,2f13625041a5fe6ded93bc733692c0cc147dbf6e
scene_1_3_terminalgain_globalmax_interp_0701,family_05,33,6.613628,6.702875,0.089247,30,2,28,2.9,2.837239,2.820025,1.006104,0.182185,1.821849,1.92976,0.385868,0.068075,1.158863,0.0,scene_1_extra|scene_1.3_hig_bridge_y03_13p79|700|42,scene_1_extra|scene_1.3_med_probe_y03_12p73|679|21,08055453fc20ddc02093689727858b5c97dc2f90,177a4f7025a6b6db503682d94fbab26b8748ff23
scene_1_3_terminalgain_globalmax_interp_0702,family_05,34,6.613628,6.702875,0.089247,30,2,28,2.9,2.829337,2.820025,1.003302,0.182185,1.821849,1.929044,0.514858,0.118354,0.851169,0.0,scene_1_extra|scene_1.3_hig_bridge_y03_13p79|700|42,scene_1_extra|scene_1.3_med_probe_y03_12p73|679|21,2d768634227770c2f7e422e10714fbb3f6c35312,1303ea0a861ed197b41175e9025cd05f58e4bc12
scene_1_3_terminalgain_globalmax_interp_0703,family_05,35,6.613628,6.702875,0.089247,30,2,28,2.9,2.837151,2.820025,1.006073,0.182185,1.82185,1.929821,0.440467,0.168633,1.156052,0.0,scene_1_extra|scene_1.3_hig_bridge_y03_13p79|700|42,scene_1_extra|scene_1.3_med_probe_y03_12p73|679|21,abb2a54520039cfef0f840a3d177ae0469c9c701,4b8669a7b282c79a5b461f9b42c8be7952dcfdc8
scene_1_3_terminalgain_globalmax_interp_0704,family_05,36,6.613628,6.702875,0.089247,30,2,28,2.9,2.842728,2.820025,1.008051,0.182185,1.821845,1.930365,0.324543,0.12586,1.332355,0.0,scene_1_extra|scene_1.3_hig_bridge_y03_13p79|700|42,scene_1_extra|scene_1.3_med_probe_y03_12p73|679|21,1ead1434cec3c962c2ee3d7aad981ecd0caec68a,3070f4dd1800dc39a68f1a5484f4ff59537c4d6d
scene_1_3_terminalgain_globalmax_interp_0705,family_05,37,6.613628,6.702875,0.089247,30,2,28,2.9,2.854544,2.820025,1.01224,0.182185,1.821845,1.931741,0.304784,0.07558,1.64654,0.0,scene_1_extra|scene_1.3_hig_bridge_y03_13p79|700|42,scene_1_extra|scene_1.3_med_probe_y03_12p73|679|21,9b7528bef33c16cab99309232ecb95d706bdd536,3e22bd46d383685232fe03263458b205671823ae
scene_1_3_terminalgain_globalmax_interp_0706,family_05,38,6.613628,6.702875,0.089247,30,2,28,2.9,2.828873,2.820025,1.003137,0.182185,1.821849,1.929041,0.409197,0.025301,0.829809,0.0,scene_1_extra|scene_1.3_hig_bridge_y03_13p79|700|42,scene_1_extra|scene_1.3_med_probe_y03_12p73|679|21,8e4279f8e395f96143ec5fb43cc35de8fbf00e4a,50932a6e1821cd26a3b9d0b40f916d9a814b34f1
scene_1_3_terminalgain_globalmax_interp_0707,family_05,39,6.613628,6.702875,0.089247,30,2,28,2.9,2.824258,2.820025,1.001501,0.182185,1.821849,1.928676,0.541379,0.024978,0.573397,0.0,scene_1_extra|scene_1.3_hig_bridge_y03_13p79|700|42,scene_1_extra|scene_1.3_med_probe_y03_12p73|679|21,986c0bc45b4e27019b6491e34414496ad008ff88,55b5fa4867b55506832c48ee3c218732f69c897a
scene_1_3_terminalgain_globalmax_interp_0708,family_05,40,6.613628,6.702875,0.089247,30,2,28,2.9,2.860609,2.820025,1.014391,0.182184,1.821841,1.932477,0.541243,0.075257,1.787837,0.0,scene_1_extra|scene_1.3_hig_bridge_y03_13p79|700|42,scene_1_extra|scene_1.3_med_probe_y03_12p73|679|21,cfa7167201a01c04ad56e8b7ab599152fb2f7bd7,51b96cee96f9f3e3a2b2756215e252f8764364e6
scene_1_3_terminalgain_globalmax_interp_0709,family_05,41,6.613628,6.702875,0.089247,30,2,28,2.9,2.853541,2.820025,1.011885,0.182185,1.821854,1.931678,0.409078,0.125537,1.622304,0.0,scene_1_extra|scene_1.3_hig_bridge_y03_13p79|700|42,scene_1_extra|scene_1.3_med_probe_y03_12p73|679|21,3e314b96d68e91e773e37d2899be36f444d979a5,4e98f6e13820ee6d0bcc498055b7b08e8f7f34d8
scene_1_3_terminalgain_globalmax_interp_0710,family_05,42,6.613628,6.702875,0.089247,30,2,28,2.9,2.827881,2.820025,1.002786,0.182185,1.821849,1.928952,0.304718,0.175816,0.781736,0.0,scene_1_extra|scene_1.3_hig_bridge_y03_13p79|700|42,scene_1_extra|scene_1.3_med_probe_y03_12p73|679|21,c79cbe189eb434c4dd125bd63eb57f8a1849aabd,115a6d7088147b14f10206abaa2c9d131c2f5206
scene_1_3_terminalgain_globalmax_interp_0711,family_05,43,6.613628,6.702875,0.089247,30,2,28,2.9,2.828103,2.820025,1.002864,0.182185,1.821845,1.928937,0.324638,0.174966,0.792724,0.0,scene_1_extra|scene_1.3_hig_bridge_y03_13p79|700|42,scene_1_extra|scene_1.3_med_probe_y03_12p73|679|21,0188a6b7a479edd93d8789fe02d833072cec26bd,9f0a3b85f42ef0f40198d65d5e620fd7ed545c1e
scene_1_3_terminalgain_globalmax_interp_0712,family_05,44,6.613628,6.702875,0.089247,30,2,28,2.9,2.862582,2.820025,1.015091,0.182185,1.821845,1.932712,0.440602,0.124687,1.830968,0.0,scene_1_extra|scene_1.3_hig_bridge_y03_13p79|700|42,scene_1_extra|scene_1.3_med_probe_y03_12p73|679|21,db538edb6b39421fc834041f9f4f3055c748064a,9a46637cf1b2e7eb16f64daf543a69190a8cd71d
scene_1_3_terminalgain_globalmax_interp_0713,family_05,45,6.613628,6.702875,0.089247,30,2,28,2.9,2.850289,2.820025,1.010732,0.182185,1.821845,1.93124,0.514723,0.074408,1.540449,0.0,scene_1_extra|scene_1.3_hig_bridge_y03_13p79|700|42,scene_1_extra|scene_1.3_med_probe_y03_12p73|679|21,1b474608d602d6ad0c4a3bed2c40755c1fa84c7a,53ef68216a88090cf266241779b7817db2a26f7b
scene_1_3_terminalgain_globalmax_interp_0714,family_05,46,6.613628,6.702875,0.089247,30,2,28,2.9,2.836945,2.820025,1.006,0.182185,1.821845,1.929871,0.385749,0.024129,1.1493,0.0,scene_1_extra|scene_1.3_hig_bridge_y03_13p79|700|42,scene_1_extra|scene_1.3_med_probe_y03_12p73|679|21,24a77bf6788b1feb369bea05a293e065cbb3d2d2,16b9f359d5a885abf437088810b0cf46b52c497f
scene_1_3_terminalgain_globalmax_interp_0715,family_05,47,6.613628,6.702875,0.089247,30,2,28,2.9,2.832256,2.820025,1.004337,0.182185,1.821849,1.929297,0.294033,0.02615,0.975789,0.0,scene_1_extra|scene_1.3_hig_bridge_y03_13p79|700|42,scene_1_extra|scene_1.3_med_probe_y03_12p73|679|21,dd908eabb49df9dc39bd2a1f47a54e32d0ecd235,0674f6f5954a34f7881477863448b553b36d3ee0
scene_1_3_terminalgain_globalmax_interp_0716,family_05,48,6.613628,6.702875,0.089247,30,2,28,2.9,2.832311,2.820025,1.004357,0.182185,1.821849,1.929407,0.343878,0.07643,0.978221,0.0,scene_1_extra|scene_1.3_hig_bridge_y03_13p79|700|42,scene_1_extra|scene_1.3_med_probe_y03_12p73|679|21,cb7fbb43f47d71fde3d1d52067828f44f1af120e,9ea8e2d6c6a7ad8b3c4f05889f21bd981f1a10f2
scene_1_3_terminalgain_globalmax_interp_0717,family_05,49,6.613628,6.702875,0.089247,30,2,28,2.9,2.865083,2.820025,1.015978,0.182185,1.821849,1.933136,0.467123,0.126709,1.885159,0.0,scene_1_extra|scene_1.3_hig_bridge_y03_13p79|700|42,scene_1_extra|scene_1.3_med_probe_y03_12p73|679|21,6230e9efc0888e65340d40af628deba69e510449,b2eee32a0c41ed3e6c3357b62c9aff2b810a49a5
scene_1_3_terminalgain_globalmax_interp_0718,family_05,50,6.613628,6.702875,0.089247,30,2,28,2.9,2.853854,2.820025,1.011996,0.182185,1.821845,1.93158,0.488203,0.167784,1.630045,0.0,scene_1_extra|scene_1.3_hig_bridge_y03_13p79|700|42,scene_1_extra|scene_1.3_med_probe_y03_12p73|679|21,3fe0a07dcd4752c44b222b5d105ddcf54b040cb2,b67763d41f4340d701a54e556f0b891bdb7b57c1
scene_1_3_terminalgain_globalmax_interp_0719,family_05,51,6.613628,6.702875,0.089247,30,2,28,2.9,2.82446,2.820025,1.001573,0.182185,1.82185,1.928553,0.362421,0.117504,0.586767,0.0,scene_1_extra|scene_1.3_hig_bridge_y03_13p79|700|42,scene_1_extra|scene_1.3_med_probe_y03_12p73|679|21,865bc1a4278dc8b54aed6c520c9f31b4e2e9d2fc,b17ff5adb000eb8fe8cb196c8e27f9cd581f3ff7
scene_1_3_terminalgain_globalmax_interp_0720,family_05,52,6.613628,6.702875,0.089247,30,2,28,2.9,2.845434,2.820025,1.00901,0.182185,1.821849,1.930692,0.290718,0.067225,1.410335,0.0,scene_1_extra|scene_1.3_hig_bridge_y03_13p79|700|42,scene_1_extra|scene_1.3_med_probe_y03_12p73|679|21,72f3bbd3031a7089db0f2e4cf3d1faa7050110fc,2821c8e69a635364e5eaa1fc580e039bc29ec0d6
scene_1_3_terminalgain_globalmax_interp_0721,family_05,53,6.613628,6.702875,0.089247,30,2,28,2.9,2.86105,2.820025,1.014548,0.182185,1.821849,1.932629,0.367206,0.016946,1.797353,0.0,scene_1_extra|scene_1.3_hig_bridge_y03_13p79|700|42,scene_1_extra|scene_1.3_med_probe_y03_12p73|679|21,b880272d2fd26d88f027089b7cd35c323a241d22,6238e03a28b90f49fcf8b471059909b69666cb0b
scene_1_3_terminalgain_globalmax_interp_0722,family_05,54,6.613628,6.702875,0.089247,30,2,28,2.9,2.821201,2.820025,1.000417,0.182185,1.821849,1.928373,0.493643,0.033333,0.302171,0.0,scene_1_extra|scene_1.3_hig_bridge_y03_13p79|700|42,scene_1_extra|scene_1.3_med_probe_y03_12p73|679|21,cb019ecf3b850821391127fbe01f70354cf58d7f,66c620643d6c8cfaae48c20a1e5d7d30364a8ce1
scene_1_3_terminalgain_globalmax_interp_0723,family_05,55,6.613628,6.702875,0.089247,30,2,28,2.9,2.835173,2.820025,1.005371,0.182185,1.821849,1.929651,0.461682,0.083612,1.086912,0.0,scene_1_extra|scene_1.3_hig_bridge_y03_13p79|700|42,scene_1_extra|scene_1.3_med_probe_y03_12p73|679|21,e13f6ecb063b5b9eea684eae49e25bf2e96b8583,ed131716113eaf4ccd695957b33b661ced3684cb
scene_1_3_terminalgain_globalmax_interp_0724,family_05,56,6.613628,6.702875,0.089247,30,2,28,2.9,2.844009,2.820025,1.008505,0.182185,1.821845,1.930524,0.339566,0.133892,1.369689,0.0,scene_1_extra|scene_1.3_hig_bridge_y03_13p79|700|42,scene_1_extra|scene_1.3_med_probe_y03_12p73|679|21,bf6fef7c6f6b96278361e0a4c99e90589693438e,0cb4cad10a8d339ee0e45006db6edcf7aa76aa6b
scene_1_3_terminalgain_globalmax_interp_0725,family_05,57,6.613628,6.702875,0.089247,30,2,28,2.9,2.831934,2.820025,1.004223,0.182185,1.821845,1.92938,0.295422,0.160601,0.962785,0.0,scene_1_extra|scene_1.3_hig_bridge_y03_13p79|700|42,scene_1_extra|scene_1.3_med_probe_y03_12p73|679|21,04d0ec0751db75a62611833ec9e8d8b8c4522ce0,5c0567cb789a741bf9531a7c2429d559547e93ed
scene_1_3_terminalgain_globalmax_interp_0726,family_05,58,6.613628,6.702875,0.089247,30,2,28,2.9,2.847634,2.820025,1.00979,0.182185,1.82185,1.930818,0.390535,0.110322,1.470833,0.0,scene_1_extra|scene_1.3_hig_bridge_y03_13p79|700|42,scene_1_extra|scene_1.3_med_probe_y03_12p73|679|21,a21158a4e0c3c48616a00b8219d23cfb8df7beab,da82ae753ff7ec9f735b3a0eb857b36d82b29891
scene_1_3_terminalgain_globalmax_interp_0727,family_05,59,6.613628,6.702875,0.089247,30,2,28,2.9,2.846706,2.820025,1.009461,0.182185,1.821849,1.930869,0.520163,0.060042,1.445667,0.0,scene_1_extra|scene_1.3_hig_bridge_y03_13p79|700|42,scene_1_extra|scene_1.3_med_probe_y03_12p73|679|21,475ee9add4ba0bf2c5784ffb5cdc6eba36779c41,3037cc49f4618c60db954a280a08f04cc6b91467
scene_1_3_terminalgain_globalmax_interp_0728,family_05,60,6.613628,6.702875,0.089247,30,2,28,2.9,2.849761,2.820025,1.010544,0.182185,1.821849,1.931248,0.435163,0.009763,1.526925,0.0,scene_1_extra|scene_1.3_hig_bridge_y03_13p79|700|42,scene_1_extra|scene_1.3_med_probe_y03_12p73|679|21,cb9faafe1cb9373844418d926547efbc9e8a8e16,4517dc4313ec5ddc20f03664faf6e79ea9cf2480
scene_1_3_terminalgain_globalmax_interp_0729,family_05,61,6.613628,6.702875,0.089247,30,2,28,2.9,2.852774,2.820025,1.011613,0.182185,1.821849,1.931459,0.320786,0.040516,1.603284,0.0,scene_1_extra|scene_1.3_hig_bridge_y03_13p79|700|42,scene_1_extra|scene_1.3_med_probe_y03_12p73|679|21,c185d81848093c7818b56c937e89ffbc087c7de9,4fccc8df611f02fc275e854159570c7979fa306d
scene_1_3_terminalgain_globalmax_interp_0730,family_05,62,6.613628,6.702875,0.089247,30,2,28,2.9,2.835418,2.820025,1.005458,0.182185,1.821849,1.929669,0.307415,0.090795,1.09561,0.0,scene_1_extra|scene_1.3_hig_bridge_y03_13p79|700|42,scene_1_extra|scene_1.3_med_probe_y03_12p73|679|21,2ede1f40318d702c51397af5eedb4f25cca78ef1,b18bfd138e85651243de536198184c3a02cacfcf
scene_1_3_terminalgain_globalmax_interp_0731,family_05,63,6.613628,6.702875,0.089247,30,2,28,2.9,2.825179,2.820025,1.001827,0.182185,1.821849,1.928765,0.414083,0.141074,0.632818,0.0,scene_1_extra|scene_1.3_hig_bridge_y03_13p79|700|42,scene_1_extra|scene_1.3_med_probe_y03_12p73|679|21,3c491e741ae138fbaa17a3a444d387d31a6e0d22,9bebabc86681fe6e05e5e9f5a55e2479b7e70f24
scene_1_3_terminalgain_globalmax_interp_0732,family_05,64,6.613628,6.702875,0.089247,30,2,28,2.9,2.846799,2.820025,1.009494,0.182185,1.821849,1.930835,0.546683,0.153418,1.448019,0.0,scene_1_extra|scene_1.3_hig_bridge_y03_13p79|700|42,scene_1_extra|scene_1.3_med_probe_y03_12p73|679|21,5a5c5682544cf6098e2585e0333d1467acd8d6a6,95a96bec34b7105251a9e89402b87de344c672ce
scene_1_3_terminalgain_globalmax_interp_0733,family_05,65,6.613628,6.702875,0.089247,30,2,28,2.9,2.840449,2.820025,1.007242,0.182185,1.821845,1.930077,0.535938,0.103139,1.263335,0.0,scene_1_extra|scene_1.3_hig_bridge_y03_13p79|700|42,scene_1_extra|scene_1.3_med_probe_y03_12p73|679|21,59a21d3f64a39fbb7afce98a263c3dece0d2ece4,6eaa844bacdc2e7a3d23fab3b3f0e96973b21f25
scene_1_3_terminalgain_globalmax_interp_0734,family_05,66,6.613628,6.702875,0.089247,30,2,28,2.9,2.825884,2.820025,1.002078,0.182185,1.82185,1.928814,0.404411,0.05286,0.674545,0.0,scene_1_extra|scene_1.3_hig_bridge_y03_13p79|700|42,scene_1_extra|scene_1.3_med_probe_y03_12p73|679|21,f5660bff6a3f28ceecd36b24aa874d54ae8b90ce,ae78981631d3b770092412494533b6bbf98a0eb0
scene_1_3_terminalgain_globalmax_interp_0735,family_05,67,6.613628,6.702875,0.089247,30,2,28,2.9,2.846631,2.820025,1.009435,0.182185,1.821845,1.930811,0.302087,0.002581,1.44363,0.0,scene_1_extra|scene_1.3_hig_bridge_y03_13p79|700|42,scene_1_extra|scene_1.3_med_probe_y03_12p73|679|21,99635e5a5ca8d672341cdc68a7e1b6b295a49497,f7df1ac7fc98323f3acd8db12d9c6d9fae343be9
scene_1_3_terminalgain_globalmax_interp_0736,family_05,68,6.613628,6.702875,0.089247,30,2,28,2.9,2.866307,2.820025,1.016412,0.182185,1.821849,1.933306,0.328394,0.047699,1.910762,0.0,scene_1_extra|scene_1.3_hig_bridge_y03_13p79|700|42,scene_1_extra|scene_1.3_med_probe_y03_12p73|679|21,57d007175c9e6be3b575da55252ad6dc5def7a43,de8ba9cd1e462c2cd15f7104c510b1a868e23a8c
scene_1_3_terminalgain_globalmax_interp_0737,family_05,69,6.613628,6.702875,0.089247,30,2,28,2.9,2.840382,2.820025,1.007219,0.182185,1.821849,1.930204,0.445906,0.097978,1.261183,0.0,scene_1_extra|scene_1.3_hig_bridge_y03_13p79|700|42,scene_1_extra|scene_1.3_med_probe_y03_12p73|679|21,7ec036660ae3b535d7b5a81006d9b56dde247419,677e2d78b0e6bd11a8416a6448a684533fcfc2ac
scene_1_3_terminalgain_globalmax_interp_0738,family_05,70,6.613628,6.702875,0.089247,30,2,28,2.9,2.830646,2.820025,1.003766,0.182185,1.821849,1.929227,0.509419,0.148257,0.909292,0.0,scene_1_extra|scene_1.3_hig_bridge_y03_13p79|700|42,scene_1_extra|scene_1.3_med_probe_y03_12p73|679|21,7a6ea993915d2d7792871da8d517c1a4dd2ee3bc,3ad9cddc381af73f22e2fa51fb958d0178e59e36
scene_1_3_terminalgain_globalmax_interp_0739,family_05,71,6.613628,6.702875,0.089247,30,2,28,2.9,2.834293,2.820025,1.005059,0.182185,1.821849,1.929477,0.381084,0.146235,1.054296,0.0,scene_1_extra|scene_1.3_hig_bridge_y03_13p79|700|42,scene_1_extra|scene_1.3_med_probe_y03_12p73|679|21,bbe98d1b774bd5fad81ecd1c1e47fca009a65833,4cf50143ac3a283c5f6a08a208a824d172caad85
scene_1_3_terminalgain_globalmax_interp_0740,family_05,72,6.613628,6.702875,0.089247,30,2,28,2.9,2.838041,2.820025,1.006388,0.182185,1.821845,1.930052,0.29268,0.095956,1.185682,0.0,scene_1_extra|scene_1.3_hig_bridge_y03_13p79|700|42,scene_1_extra|scene_1.3_med_probe_y03_12p73|679|21,99dbaa63853179b71f8a25b234f180262c0207e7,0ae54a538e3dd636b193494402ac202f2c0e6d39
scene_1_3_terminalgain_globalmax_interp_0741,family_05,73,6.613628,6.702875,0.089247,30,2,28,2.9,2.846874,2.820025,1.009521,0.182185,1.821845,1.930833,0.348544,0.045677,1.449967,0.0,scene_1_extra|scene_1.3_hig_bridge_y03_13p79|700|42,scene_1_extra|scene_1.3_med_probe_y03_12p73|679|21,c280038bf259e38aad5276f37df189212b8ce6d9,709f57c8fea70da9a102659cb590ba5fb6be33f8
scene_1_3_terminalgain_globalmax_interp_0742,family_05,74,6.613628,6.702875,0.089247,30,2,28,2.9,2.832478,2.820025,1.004416,0.182185,1.821845,1.929384,0.472427,0.004602,0.984812,0.0,scene_1_extra|scene_1.3_hig_bridge_y03_13p79|700|42,scene_1_extra|scene_1.3_med_probe_y03_12p73|679|21,1cbf5d08d6ab83bd1551c3ec8c1cfddc6f81a278,9e684f0576b44ef373e7915f0da2152681edae42
scene_1_3_terminalgain_globalmax_interp_0743,family_05,75,6.613628,6.702875,0.089247,30,2,28,2.9,2.822885,2.820025,1.001014,0.182185,1.821845,1.928582,0.482899,0.054881,0.471184,0.0,scene_1_extra|scene_1.3_hig_bridge_y03_13p79|700|42,scene_1_extra|scene_1.3_med_probe_y03_12p73|679|21,3c7306f73a8dc0e983cfafcfae60649e651a02c0,40026fe329d1d0f1a03da765a070974d3b87bbdf
scene_1_3_terminalgain_globalmax_interp_0744,family_05,76,6.613628,6.702875,0.089247,30,2,28,2.9,2.881634,2.820025,1.021847,0.182185,1.821849,1.935476,0.357755,0.105161,2.210979,0.0,scene_1_extra|scene_1.3_hig_bridge_y03_13p79|700|42,scene_1_extra|scene_1.3_med_probe_y03_12p73|679|21,6aeb64b5c480819f893e285b912597ce085495d1,28e21aa5f7a227534d1aa7f5ebbe01154cab5afa
scene_1_3_terminalgain_globalmax_interp_0745,family_05,77,6.613628,6.702875,0.089247,30,2,28,2.9,2.879945,2.820025,1.021248,0.182185,1.821845,1.93506,0.290718,0.15544,2.179887,0.0,scene_1_extra|scene_1.3_hig_bridge_y03_13p79|700|42,scene_1_extra|scene_1.3_med_probe_y03_12p73|679|21,4e5c54f61c551d5475067c47caa950b347d12fd9,4151538f76bd159ec4c107c6f1b573a7436920fd
scene_1_3_terminalgain_globalmax_interp_0746,family_05,78,6.613628,6.702875,0.089247,30,2,28,2.9,2.822608,2.820025,1.000916,0.182184,1.821838,1.928578,0.371871,0.139053,0.447883,0.0,scene_1_extra|scene_1.3_hig_bridge_y03_13p79|700|42,scene_1_extra|scene_1.3_med_probe_y03_12p73|679|21,713bc2a8786ae0e4f9bdfe2968bb5632cbec9ce8,673330161abce97674eecd41cc1be9f94ea270c8
scene_1_3_terminalgain_globalmax_interp_0747,family_05,79,6.613628,6.702875,0.089247,30,2,28,2.9,2.832497,2.820025,1.004423,0.182184,1.821838,1.929394,0.498946,0.088773,0.98549,0.0,scene_1_extra|scene_1.3_hig_bridge_y03_13p79|700|42,scene_1_extra|scene_1.3_med_probe_y03_12p73|679|21,cefded651b9c79af984ecaddd6168ccbe78c19a1,de5d43497d7cb39d9fd87115a3e45739d3fed70a
scene_1_3_terminalgain_globalmax_interp_0748,family_05,80,6.613628,6.702875,0.089247,30,2,28,2.9,2.846538,2.820025,1.009402,0.182185,1.821845,1.930837,0.456379,0.038494,1.440918,0.0,scene_1_extra|scene_1.3_hig_bridge_y03_13p79|700|42,scene_1_extra|scene_1.3_med_probe_y03_12p73|679|21,f8bdbd82da4c9311c461b410d03e4c9f3d7982ca,1696420c89dc3946300ef7bfdaf5c72a085cc040
scene_1_3_terminalgain_globalmax_interp_0749,family_05,81,6.613628,6.702875,0.089247,30,2,28,2.9,2.837406,2.820025,1.006163,0.182185,1.821849,1.929777,0.335811,0.011785,1.164553,0.0,scene_1_extra|scene_1.3_hig_bridge_y03_13p79|700|42,scene_1_extra|scene_1.3_med_probe_y03_12p73|679|21,9b2a83ee9f02a209df6cfd67f7fccc230c1161ac,8c487efc5aaa6635e6cf6b9ba8d4475e2de36a5c
scene_1_3_terminalgain_globalmax_interp_0750,family_05,82,6.613628,6.702875,0.089247,30,2,28,2.9,2.835133,2.820025,1.005357,0.182185,1.821849,1.929501,0.296894,0.062064,1.08532,0.0,scene_1_extra|scene_1.3_hig_bridge_y03_13p79|700|42,scene_1_extra|scene_1.3_med_probe_y03_12p73|679|21,1c58dabcf49e6884d5568ee4795185e420736837,5d2069ae95607e3febf384d316875497a3eb6ff4
scene_1_3_terminalgain_globalmax_interp_0751,family_05,83,6.613628,6.702875,0.089247,30,2,28,2.9,2.829943,2.820025,1.003517,0.182185,1.821854,1.929164,0.3952,0.112343,0.878339,0.0,scene_1_extra|scene_1.3_hig_bridge_y03_13p79|700|42,scene_1_extra|scene_1.3_med_probe_y03_12p73|679|21,6e79abf313aa1ccea471886fa053fe8b225fe9cd,e6dd6b775525d7052c3319e3186da0c1ac9d2455
scene_1_3_terminalgain_globalmax_interp_0752,family_05,84,6.613628,6.702875,0.089247,30,2,28,2.9,2.841154,2.820025,1.007492,0.182185,1.821849,1.930306,0.525467,0.162623,1.284985,0.0,scene_1_extra|scene_1.3_hig_bridge_y03_13p79|700|42,scene_1_extra|scene_1.3_med_probe_y03_12p73|679|21,e7a2ab6f15ecc6952e7a40705ef2ab80d2251c3c,d1b9a6220bf33b0e1dbebcc376c168ca44773eb1
scene_1_3_terminalgain_globalmax_interp_0753,family_05,85,6.613628,6.702875,0.089247,30,2,28,2.9,2.866484,2.820025,1.016475,0.182184,1.821841,1.933247,0.429859,0.13187,1.914666,0.0,scene_1_extra|scene_1.3_hig_bridge_y03_13p79|700|42,scene_1_extra|scene_1.3_med_probe_y03_12p73|679|21,28b895e3f471afa9fc35768b6b5d5de5a6fa079e,0c7f7b617e8bf4ae02b5c94097fde60f1e208b77
scene_1_3_terminalgain_globalmax_interp_0754,family_05,86,6.613628,6.702875,0.089247,30,2,28,2.9,2.845851,2.820025,1.009158,0.182185,1.821845,1.930737,0.31703,0.081591,1.422078,0.0,scene_1_extra|scene_1.3_hig_bridge_y03_13p79|700|42,scene_1_extra|scene_1.3_med_probe_y03_12p73|679|21,e052fcb0bca2ef4e34c68e1a18f0d8295eaf2359,12fc085b1002df5b3b41b7f170b35b2e4a1870fb
scene_1_3_terminalgain_globalmax_interp_0755,family_05,87,6.613628,6.702875,0.089247,30,2,28,2.9,2.825387,2.820025,1.001901,0.182185,1.82185,1.928723,0.310044,0.031312,0.645293,0.0,scene_1_extra|scene_1.3_hig_bridge_y03_13p79|700|42,scene_1_extra|scene_1.3_med_probe_y03_12p73|679|21,02376c4e383bceb52636da94bd764cb9f50562fa,b4dc38ec83fa675aa2b12b9e8c1cf7d3a6e7dc49
scene_1_3_terminalgain_globalmax_interp_0756,family_05,88,6.613628,6.702875,0.089247,30,2,28,2.9,2.841427,2.820025,1.007589,0.182185,1.821845,1.930149,0.419387,0.018968,1.293317,0.0,scene_1_extra|scene_1.3_hig_bridge_y03_13p79|700|42,scene_1_extra|scene_1.3_med_probe_y03_12p73|679|21,c273f9737257c0be92cb5c1769071a8b6d74bdb5,6633edecddc34595c25f5cc0c5686027c3071a1b
scene_1_3_terminalgain_globalmax_interp_0757,family_05,89,6.613628,6.702875,0.089247,30,2,28,2.9,2.84566,2.820025,1.00909,0.182185,1.821849,1.930594,0.551986,0.069247,1.416488,0.0,scene_1_extra|scene_1.3_hig_bridge_y03_13p79|700|42,scene_1_extra|scene_1.3_med_probe_y03_12p73|679|21,ffb0c4fe36e3cef8f480459d4b87726d474c3f71,8deaace69dd18760313618475a5b182d83a5fd16
scene_1_3_terminalgain_globalmax_interp_0758,family_05,90,6.613628,6.702875,0.089247,30,2,28,2.9,2.825508,2.820025,1.001944,0.182185,1.821849,1.928848,0.556094,0.119526,0.652715,0.0,scene_1_extra|scene_1.3_hig_bridge_y03_13p79|700|42,scene_1_extra|scene_1.3_med_probe_y03_12p73|679|21,20e0f2080e786738ec150864bfbbe9bb5fc23ec0,c7d2b6527d69397c4f5f675e53d8cd55dde01df2
scene_1_3_terminalgain_globalmax_interp_0759,family_05,91,6.613628,6.702875,0.089247,30,2,28,2.9,2.836038,2.820025,1.005678,0.182185,1.821849,1.92969,0.423494,0.169805,1.117593,0.0,scene_1_extra|scene_1.3_hig_bridge_y03_13p79|700|42,scene_1_extra|scene_1.3_med_probe_y03_12p73|679|21,eea17aabf3207e7195dd90f5aa786446a9e1eb31,9a4b7f1ab3ab055089ea250e4922099c0009e60c
scene_1_3_terminalgain_globalmax_interp_0760,family_05,92,6.613628,6.702875,0.089247,30,2,28,2.9,2.853032,2.820025,1.011705,0.182185,1.821849,1.931454,0.312523,0.17394,1.609578,0.0,scene_1_extra|scene_1.3_hig_bridge_y03_13p79|700|42,scene_1_extra|scene_1.3_med_probe_y03_12p73|679|21,bb86a2a8f78ab22fb5f1a2ebf11c3cb7f4e6a086,17c33cddd17e45bcaefdd5d461260c5530c85a3f
scene_1_3_terminalgain_globalmax_interp_0761,family_05,93,6.613628,6.702875,0.089247,30,2,28,2.9,2.849288,2.820025,1.010377,0.182185,1.821849,1.931202,0.314122,0.12366,1.514445,0.0,scene_1_extra|scene_1.3_hig_bridge_y03_13p79|700|42,scene_1_extra|scene_1.3_med_probe_y03_12p73|679|21,c26ccf1efb49a1ba58ec49bb8c26d879567445e0,13a0e97f0e4bd75f377ddfbafe983e7129332043
scene_1_3_terminalgain_globalmax_interp_0762,family_05,94,6.613628,6.702875,0.089247,30,2,28,2.9,2.847694,2.820025,1.009812,0.182185,1.821845,1.930978,0.425751,0.073381,1.472372,0.0,scene_1_extra|scene_1.3_hig_bridge_y03_13p79|700|42,scene_1_extra|scene_1.3_med_probe_y03_12p73|679|21,4c1c7c3a276e90dcda253475b2e61a21f955c55e,ff5af0cadd3b52b799fec476511fec3bec219305
scene_1_3_terminalgain_globalmax_interp_0763,family_05,95,6.613628,6.702875,0.089247,30,2,28,2.9,2.846491,2.820025,1.009385,0.182185,1.821845,1.930764,0.529574,0.023102,1.439557,0.0,scene_1_extra|scene_1.3_hig_bridge_y03_13p79|700|42,scene_1_extra|scene_1.3_med_probe_y03_12p73|679|21,46dec9ba6b5e5e18a8f03216fd33c097cf2f370d,5b5b10eb5b35cba11b5db1ea758a8ec55e55772c
scene_1_3_terminalgain_globalmax_interp_0764,family_05,96,6.613628,6.702875,0.089247,30,2,28,2.9,2.832257,2.820025,1.004337,0.182185,1.821845,1.929325,0.398813,0.027177,0.975961,0.0,scene_1_extra|scene_1.3_hig_bridge_y03_13p79|700|42,scene_1_extra|scene_1.3_med_probe_y03_12p73|679|21,0453eaecedb9194f60f40b9a2a7e77ad332ba51b,6de6bc263011db03254077eb70d8162e60464e0e
scene_1_3_terminalgain_globalmax_interp_0765,family_05,97,6.613628,6.702875,0.089247,30,2,28,2.9,2.844034,2.820025,1.008513,0.182184,1.821841,1.930609,0.298931,0.077456,1.370121,0.0,scene_1_extra|scene_1.3_hig_bridge_y03_13p79|700|42,scene_1_extra|scene_1.3_med_probe_y03_12p73|679|21,d7c9a1b07aefb26d85195862d030fd28c7e6406c,eb17becc7c5d5c4cff6437af1a81140cc3e1d5a3
scene_1_3_terminalgain_globalmax_interp_0766,family_05,98,6.613628,6.702875,0.089247,30,2,28,2.9,2.834839,2.820025,1.005253,0.182184,1.821841,1.929579,0.332902,0.127735,1.074743,0.0,scene_1_extra|scene_1.3_hig_bridge_y03_13p79|700|42,scene_1_extra|scene_1.3_med_probe_y03_12p73|679|21,fec9d0d5c553bfda712b92a96cc767ffc17c9ee4,3de25ae48e9d936e02456cd7d172197c9e87086c
scene_1_3_terminalgain_globalmax_interp_0767,family_05,99,6.613628,6.702875,0.089247,30,2,28,2.9,2.82116,2.820025,1.000402,0.182184,1.821841,1.928318,0.452272,0.166757,0.296808,0.0,scene_1_extra|scene_1.3_hig_bridge_y03_13p79|700|42,scene_1_extra|scene_1.3_med_probe_y03_12p73|679|21,8c3eb4db5c34c8c00b7d80ddc53aa8cd7863c6c3,0ef366406b2aedc55dbd6244c6a21bd67884775c
scene_1_3_terminalgain_globalmax_interp_0768,family_05,100,6.613628,6.702875,0.089247,30,2,28,2.9,2.862457,2.820025,1.015046,0.182185,1.821849,1.932719,0.503054,0.116478,1.828083,0.0,scene_1_extra|scene_1.3_hig_bridge_y03_13p79|700|42,scene_1_extra|scene_1.3_med_probe_y03_12p73|679|21,5a77bfad46ab361c2b09885e232555cad5192103,002cfd3d85cedd2555cdc748e1052b853a2016a2
scene_1_3_terminalgain_globalmax_interp_0769,family_05,101,6.613628,6.702875,0.089247,30,2,28,2.9,2.84445,2.820025,1.008661,0.182185,1.821849,1.930556,0.375484,0.066198,1.382327,0.0,scene_1_extra|scene_1.3_hig_bridge_y03_13p79|700|42,scene_1_extra|scene_1.3_med_probe_y03_12p73|679|21,ce1723fbaec912ed5b54f8e3ee25bbddc61f8a48,4572c450c1163c1b3221300748ee50c95c31f0b8
scene_1_3_terminalgain_globalmax_interp_0770,family_05,102,6.613628,6.702875,0.089247,30,2,28,2.9,2.824949,2.820025,1.001746,0.182185,1.82185,1.928623,0.291056,0.015919,0.618234,0.0,scene_1_extra|scene_1.3_hig_bridge_y03_13p79|700|42,scene_1_extra|scene_1.3_med_probe_y03_12p73|679|21,0891a976f3746797d07c4bb8fc8a2d2dce6d7800,6b33b2dad4519b633cd44f0cfc827e95af39770a
scene_1_3_terminalgain_globalmax_interp_0771,family_05,103,6.613628,6.702875,0.089247,30,2,28,2.9,2.854621,2.820025,1.012268,0.182185,1.821845,1.931643,0.354143,0.03436,1.648538,0.0,scene_1_extra|scene_1.3_hig_bridge_y03_13p79|700|42,scene_1_extra|scene_1.3_med_probe_y03_12p73|679|21,970057c754a4ad9bf1e00f62bb5648612ec97341,876db1fa1af62a2e4468eb645c6f6d4b5ff8b802
scene_1_3_terminalgain_globalmax_interp_0772,family_05,104,6.613628,6.702875,0.089247,30,2,28,2.9,2.868742,2.820025,1.017275,0.182185,1.821849,1.933587,0.478791,0.084638,1.961482,0.0,scene_1_extra|scene_1.3_hig_bridge_y03_13p79|700|42,scene_1_extra|scene_1.3_med_probe_y03_12p73|679|21,ce6b6acc615442c75d879dc4cd1757cec423fe64,58cfc90a1ad22dae0edaeb560034d8618fe79130
scene_1_3_terminalgain_globalmax_interp_0773,family_05,105,6.613628,6.702875,0.089247,30,2,28,2.9,2.83286,2.820025,1.004551,0.182185,1.821849,1.929352,0.476534,0.134918,0.999792,0.0,scene_1_extra|scene_1.3_hig_bridge_y03_13p79|700|42,scene_1_extra|scene_1.3_med_probe_y03_12p73|679|21,89b4b8858d842d3198ee21914ff1e7cf1581fb58,87003858676653808909aa11195f10279c3517a7
scene_1_3_terminalgain_globalmax_interp_0774,family_05,106,6.613628,6.702875,0.089247,30,2,28,2.9,2.831371,2.820025,1.004023,0.182185,1.821849,1.929261,0.352157,0.159574,0.939717,0.0,scene_1_extra|scene_1.3_hig_bridge_y03_13p79|700|42,scene_1_extra|scene_1.3_med_probe_y03_12p73|679|21,16fe69f018ad4dbf90cf40a5e6fae3ebd8cc0a2b,9a878495d0d3e23199fba34221f989fa338ec852
scene_1_3_terminalgain_globalmax_interp_0775,family_05,107,6.613628,6.702875,0.089247,30,2,28,2.9,2.83936,2.820025,1.006856,0.182185,1.821854,1.929955,0.291632,0.109295,1.228601,0.0,scene_1_extra|scene_1.3_hig_bridge_y03_13p79|700|42,scene_1_extra|scene_1.3_med_probe_y03_12p73|679|21,e9329c1e31644d645d3633c5075fc7a0e060329b,8799f4c873687f27b55d7691c0ca0f822ac2a65d
scene_1_3_terminalgain_globalmax_interp_0776,family_05,108,6.613628,6.702875,0.089247,30,2,28,2.9,2.851267,2.820025,1.011079,0.182185,1.821849,1.931372,0.37747,0.059016,1.565477,0.0,scene_1_extra|scene_1.3_hig_bridge_y03_13p79|700|42,scene_1_extra|scene_1.3_med_probe_y03_12p73|679|21,999e928d0ca71754b7fe1a4e2fa8451c9f616c3d,2dc292b2d53e53d786bec67fd55a9d2ca878b674
scene_1_3_terminalgain_globalmax_interp_0777,family_05,109,6.613628,6.702875,0.089247,30,2,28,2.9,2.859907,2.820025,1.014142,0.182185,1.82185,1.932383,0.505312,0.008736,1.772025,0.0,scene_1_extra|scene_1.3_hig_bridge_y03_13p79|700|42,scene_1_extra|scene_1.3_med_probe_y03_12p73|679|21,dbaeb29d7b0be3f050f3a939ccc16c2124163ad9,b47953ccb51901e78c83becc1895fcb3e64f9cc4
scene_1_3_terminalgain_globalmax_interp_0778,family_05,110,6.613628,6.702875,0.089247,30,2,28,2.9,2.829867,2.820025,1.00349,0.182184,1.821843,1.929061,0.450014,0.041543,0.875212,0.0,scene_1_extra|scene_1.3_hig_bridge_y03_13p79|700|42,scene_1_extra|scene_1.3_med_probe_y03_12p73|679|21,3f2d539798c5d4db1e7e363927829ad8dd67fd69,94d6683426e319cca4d54772b5560ff3c4694249
scene_1_3_terminalgain_globalmax_interp_0779,family_05,111,6.613628,6.702875,0.089247,30,2,28,2.9,2.827018,2.820025,1.00248,0.182184,1.821838,1.928848,0.331303,0.091821,0.73746,0.0,scene_1_extra|scene_1.3_hig_bridge_y03_13p79|700|42,scene_1_extra|scene_1.3_med_probe_y03_12p73|679|21,1302beab305632cd29856918e223ed3f16415553,c5ae63200ec52b6f574bfcf4bb5a942095d7bddb
scene_1_3_terminalgain_globalmax_interp_0780,family_05,112,6.613628,6.702875,0.089247,30,2,28,2.9,2.851284,2.820025,1.011085,0.182185,1.821854,1.931252,0.300051,0.1421,1.565978,0.0,scene_1_extra|scene_1.3_hig_bridge_y03_13p79|700|42,scene_1_extra|scene_1.3_med_probe_y03_12p73|679|21,66de874202c3e5f793e80513a1b7b15c8150d0ca,877f6670f374d892504d92ae08060f064ad52b7e
scene_1_3_terminalgain_globalmax_interp_0781,family_05,113,6.613628,6.702875,0.089247,30,2,28,2.9,2.862957,2.820025,1.015224,0.182185,1.821849,1.932817,0.400798,0.152391,1.839168,0.0,scene_1_extra|scene_1.3_hig_bridge_y03_13p79|700|42,scene_1_extra|scene_1.3_med_probe_y03_12p73|679|21,1379ba8d828d8f175b3bb1e31427058ddaa27e5a,93a1042b8e4a4fb2e378525a72a0eedf34bb2dac
scene_1_3_terminalgain_globalmax_interp_0782,family_05,114,6.613628,6.702875,0.089247,30,2,28,2.9,2.825232,2.820025,1.001846,0.182185,1.821854,1.928617,0.531831,0.102112,0.635973,0.0,scene_1_extra|scene_1.3_hig_bridge_y03_13p79|700|42,scene_1_extra|scene_1.3_med_probe_y03_12p73|679|21,b1deec3649ca3b2bc0199bf79b79b9966c819bc6,2bc27071bafc49ae8ee3f67265bca00ca8ccaf06
scene_1_3_terminalgain_globalmax_interp_0783,family_05,115,6.613628,6.702875,0.089247,30,2,28,2.9,2.827216,2.820025,1.00255,0.182185,1.821849,1.928841,0.55079,0.051833,0.747701,0.0,scene_1_extra|scene_1.3_hig_bridge_y03_13p79|700|42,scene_1_extra|scene_1.3_med_probe_y03_12p73|679|21,a639216aed9d746887e6b0033f8512e750f8057f,b6d931bf9efb49f86c19e5d9a4e5be58e6084279
scene_1_3_terminalgain_globalmax_interp_0784,family_05,116,6.613628,6.702875,0.089247,30,2,28,2.9,2.857337,2.820025,1.013231,0.182185,1.821849,1.931999,0.41819,0.001554,1.712817,0.0,scene_1_extra|scene_1.3_hig_bridge_y03_13p79|700|42,scene_1_extra|scene_1.3_med_probe_y03_12p73|679|21,5dcfbe18456fc946cda353bca3cf1aa4adff896f,6726a4a035f3acfcc45d879482b272d2755e65db
scene_1_3_terminalgain_globalmax_interp_0785,family_05,117,6.613628,6.702875,0.089247,30,2,28,2.9,2.842072,2.820025,1.007818,0.182185,1.821845,1.93031,0.309451,0.048726,1.312766,0.0,scene_1_extra|scene_1.3_hig_bridge_y03_13p79|700|42,scene_1_extra|scene_1.3_med_probe_y03_12p73|679|21,69365f9eca6459e707d64029907df289e019bbc5,7d73ec2d34cda9755fa8311e9ca22f9985c0c56d
scene_1_3_terminalgain_globalmax_interp_0786,family_05,118,6.613628,6.702875,0.089247,30,2,28,2.9,2.835061,2.820025,1.005332,0.182185,1.821845,1.929551,0.317877,0.099004,1.082899,0.0,scene_1_extra|scene_1.3_hig_bridge_y03_13p79|700|42,scene_1_extra|scene_1.3_med_probe_y03_12p73|679|21,5ee2d96b777572ec5d215943b7ac42a3ffdf74bd,b442c20d50a87f16428e8d968be0cb204c138f0b
scene_1_3_terminalgain_globalmax_interp_0787,family_05,119,6.613628,6.702875,0.089247,30,2,28,2.9,2.830555,2.820025,1.003734,0.182185,1.821845,1.929204,0.431056,0.149283,0.905415,0.0,scene_1_extra|scene_1.3_hig_bridge_y03_13p79|700|42,scene_1_extra|scene_1.3_med_probe_y03_12p73|679|21,66ebb0ecd4534b1e60a94c550347f823b7b47eb2,84cd010c4be049fd434882a5aaae38fdde625e2b
scene_1_3_terminalgain_globalmax_interp_0788,family_05,120,6.613628,6.702875,0.089247,30,2,28,2.9,2.837022,2.820025,1.006027,0.182185,1.821849,1.929883,0.52427,0.145209,1.151559,0.0,scene_1_extra|scene_1.3_hig_bridge_y03_13p79|700|42,scene_1_extra|scene_1.3_med_probe_y03_12p73|679|21,3192e0ccfc2821364b92138cc91e05d84ade52cc,80919847721ad0a2e10f3c0ab643b5d4e0ca47a0
scene_1_3_terminalgain_globalmax_interp_0789,family_05,121,6.613628,6.702875,0.089247,30,2,28,2.9,2.855438,2.820025,1.012557,0.182185,1.821849,1.931823,0.394148,0.094929,1.668124,0.0,scene_1_extra|scene_1.3_hig_bridge_y03_13p79|700|42,scene_1_extra|scene_1.3_med_probe_y03_12p73|679|21,18714084e88a2ef5c8b387fbd0e2c885fae132e1,fe819cede9378c3fcbb156803d9ae0b41a0649eb
scene_1_3_terminalgain_globalmax_interp_0790,family_05,122,6.613628,6.702875,0.089247,30,2,28,2.9,2.849451,2.820025,1.010435,0.182184,1.821841,1.931167,0.29647,0.04465,1.518897,0.0,scene_1_extra|scene_1.3_hig_bridge_y03_13p79|700|42,scene_1_extra|scene_1.3_med_probe_y03_12p73|679|21,637db5a9efdc6f55a872f33cb7ffac0415cf02b7,85cab43705b296ce55651d2f6b6847a471e8b979
scene_1_3_terminalgain_globalmax_interp_0791,family_05,123,6.613628,6.702875,0.089247,30,2,28,2.9,2.821123,2.820025,1.000389,0.182184,1.821841,1.928354,0.336658,0.005629,0.292168,0.0,scene_1_extra|scene_1.3_hig_bridge_y03_13p79|700|42,scene_1_extra|scene_1.3_med_probe_y03_12p73|679|21,d10c8f81c559ddf1f5529dcb05d6312b50a2c8c3,59d4d351992fb8a9e925541136fa67997eca0db5
scene_1_3_terminalgain_globalmax_interp_0792,family_05,124,6.613628,6.702875,0.089247,30,2,28,2.9,2.857106,2.820025,1.013149,0.182185,1.821849,1.931995,0.457575,0.055908,1.707381,0.0,scene_1_extra|scene_1.3_hig_bridge_y03_13p79|700|42,scene_1_extra|scene_1.3_med_probe_y03_12p73|679|21,75c6c031b3c9168a34b241adff4101ca414001b9,ea1dbc1273dd028703f7bcc25d34679dcf790356
scene_1_3_terminalgain_globalmax_interp_0793,family_05,125,6.613628,6.702875,0.089247,30,2,28,2.9,2.857837,2.820025,1.013408,0.182185,1.821845,1.932097,0.49775,0.106187,1.724524,0.0,scene_1_extra|scene_1.3_hig_bridge_y03_13p79|700|42,scene_1_extra|scene_1.3_med_probe_y03_12p73|679|21,bc212697022139781d0eb81e586957114e475794,7c8610ac4db322f58a0d8b8a1f4ff8ab34f32ca6
scene_1_3_terminalgain_globalmax_interp_0794,family_05,126,6.613628,6.702875,0.089247,30,2,28,2.9,2.820628,2.820025,1.000214,0.182185,1.82185,1.9283,0.370819,0.156466,0.216226,0.0,scene_1_extra|scene_1.3_hig_bridge_y03_13p79|700|42,scene_1_extra|scene_1.3_med_probe_y03_12p73|679|21,d507605bd2490b226af0323671b679c3247e55dd,c46155b4ef70604c1c3558d1c06d26e9273ec484
scene_1_3_terminalgain_globalmax_interp_0795,family_05,127,6.613628,6.702875,0.089247,30,2,28,2.9,2.841953,2.820025,1.007776,0.182185,1.821845,1.930322,0.290717,0.138026,1.309218,0.0,scene_1_extra|scene_1.3_hig_bridge_y03_13p79|700|42,scene_1_extra|scene_1.3_med_probe_y03_12p73|679|21,e6672f9798443c21bc821f4c74de96459247a640,b2900aed2ddd2816fe58456c59c4477591988fc0
scene_1_3_terminalgain_globalmax_interp_0796,family_05,128,6.613628,6.702875,0.089247,30,2,28,2.9,2.838043,2.820025,1.006389,0.182185,1.821849,1.929942,0.358808,0.087747,1.185849,0.0,scene_1_extra|scene_1.3_hig_bridge_y03_13p79|700|42,scene_1_extra|scene_1.3_med_probe_y03_12p73|679|21,d4ef212bf05d06516395bc9424df3ca4badcc27a,cba3501b7fa67eb47a67d63f90629892700b7572
scene_1_3_terminalgain_globalmax_interp_0797,family_05,129,6.613628,6.702875,0.089247,30,2,28,2.9,2.835638,2.820025,1.005536,0.182185,1.821849,1.929558,0.484096,0.037467,1.103444,0.0,scene_1_extra|scene_1.3_hig_bridge_y03_13p79|700|42,scene_1_extra|scene_1.3_med_probe_y03_12p73|679|21,a05cac05518987cd7d10809b81213ad6eb989593,6282f33eb0c289ed6067caaa11c66b148705840f
scene_1_3_terminalgain_globalmax_interp_0798,family_05,130,6.613628,6.702875,0.089247,30,2,28,2.9,2.853964,2.820025,1.012035,0.182185,1.821849,1.931708,0.47123,0.012812,1.632424,0.0,scene_1_extra|scene_1.3_hig_bridge_y03_13p79|700|42,scene_1_extra|scene_1.3_med_probe_y03_12p73|679|21,60d8d338d4ab4cbb4e0317a7c15e6c5fb2ef544f,1cf7b378c8187f113b010cd20eb219bc162e6e36
scene_1_3_terminalgain_globalmax_interp_0799,family_05,131,6.613628,6.702875,0.089247,30,2,28,2.9,2.851019,2.820025,1.010991,0.182185,1.82185,1.931313,0.347491,0.063091,1.559366,0.0,scene_1_extra|scene_1.3_hig_bridge_y03_13p79|700|42,scene_1_extra|scene_1.3_med_probe_y03_12p73|679|21,54b8037bf387ecded4a8a98342067696f71e963f,23b48157384ad73b24b019bb9d6cca963b575c26
scene_1_3_terminalgain_globalmax_interp_0800,family_05,132,6.613628,6.702875,0.089247,30,2,28,2.9,2.848128,2.820025,1.009965,0.182185,1.821845,1.931066,0.292986,0.113369,1.483704,0.0,scene_1_extra|scene_1.3_hig_bridge_y03_13p79|700|42,scene_1_extra|scene_1.3_med_probe_y03_12p73|679|21,f8bd89f91976d2d4ef9f9fc293a88347cd6ee809,6de8425b8bc03db049d08ea00351d636355cb313
scene_1_3_terminalgain_globalmax_interp_0801,family_05,133,6.613628,6.702875,0.089247,30,2,28,2.9,2.84344,2.820025,1.008303,0.182185,1.821845,1.930459,0.382136,0.163649,1.352984,0.0,scene_1_extra|scene_1.3_hig_bridge_y03_13p79|700|42,scene_1_extra|scene_1.3_med_probe_y03_12p73|679|21,9f6e70599fd7283743b70e24d9b4a7ecb2bfc183,9f616935caa925529656648254f1579c5206f575
scene_1_3_terminalgain_globalmax_interp_0802,family_05,134,6.613628,6.702875,0.089247,30,2,28,2.9,2.840134,2.820025,1.007131,0.182184,1.821841,1.930014,0.510615,0.130843,1.253588,0.0,scene_1_extra|scene_1.3_hig_bridge_y03_13p79|700|42,scene_1_extra|scene_1.3_med_probe_y03_12p73|679|21,82c0dab2340d2c3d3a910e979a5a480daeac8022,b35d1c07fb0154de82ed0e7383106b8a63fa63f4
scene_1_3_terminalgain_globalmax_interp_0803,family_05,135,6.613628,6.702875,0.089247,30,2,28,2.9,2.822316,2.820025,1.000812,0.182184,1.821841,1.928404,0.44471,0.080564,0.421829,0.0,scene_1_extra|scene_1.3_hig_bridge_y03_13p79|700|42,scene_1_extra|scene_1.3_med_probe_y03_12p73|679|21,6e3e01894b653b84b8659436d8b194c14af989b2,e238a641200e871404eb5c2777cdf3f875b1aeef
scene_1_3_terminalgain_globalmax_interp_0804,family_05,136,6.613628,6.702875,0.089247,30,2,28,2.9,2.85033,2.820025,1.010746,0.182185,1.821849,1.93126,0.327547,0.030285,1.541425,0.0,scene_1_extra|scene_1.3_hig_bridge_y03_13p79|700|42,scene_1_extra|scene_1.3_med_probe_y03_12p73|679|21,ca8742820e2ab98af07b88bee1dad3c23f92b653,7f36206cfad8c106d3a8fe4bca1a582214fe1c4d
scene_1_3_terminalgain_globalmax_interp_0805,family_05,137,6.613628,6.702875,0.089247,30,2,28,2.9,2.837232,2.820025,1.006102,0.182185,1.821849,1.929863,0.302681,0.019995,1.15862,0.0,scene_1_extra|scene_1.3_hig_bridge_y03_13p79|700|42,scene_1_extra|scene_1.3_med_probe_y03_12p73|679|21,1c270d320d84ae198c5aec43a87c3c06e42410ac,4259f10c880762caebdfdd16ca2a3bf04021f95b
scene_1_3_terminalgain_globalmax_interp_0806,family_05,138,6.613628,6.702875,0.089247,30,2,28,2.9,2.829082,2.820025,1.003212,0.182185,1.82185,1.928998,0.405464,0.070274,0.839367,0.0,scene_1_extra|scene_1.3_hig_bridge_y03_13p79|700|42,scene_1_extra|scene_1.3_med_probe_y03_12p73|679|21,6814c8103f625ce38cf18b0c8d1091e1efbc2ead,1753220362da63a04b1f16738dc6ad8826cc24c9
scene_1_3_terminalgain_globalmax_interp_0807,family_05,139,6.613628,6.702875,0.089247,30,2,28,2.9,2.842279,2.820025,1.007891,0.182185,1.821845,1.930274,0.537135,0.120552,1.319073,0.0,scene_1_extra|scene_1.3_hig_bridge_y03_13p79|700|42,scene_1_extra|scene_1.3_med_probe_y03_12p73|679|21,adaf981342a6baf1f1b1f373f6710635a497347f,a40497e5e528e6c5e13649799b16fdf0c25dfe78
scene_1_3_terminalgain_globalmax_interp_0808,family_05,140,6.613628,6.702875,0.089247,30,2,28,2.9,2.878309,2.820025,1.020668,0.182185,1.821845,1.934885,0.545486,0.170831,2.148964,0.0,scene_1_extra|scene_1.3_hig_bridge_y03_13p79|700|42,scene_1_extra|scene_1.3_med_probe_y03_12p73|679|21,7959fa4436a0a1a72d4d8bdf183ce4dcf2016951,60236c6f1f9d2eaec293235b2ab17cba2a73969d
scene_1_3_terminalgain_globalmax_interp_0809,family_05,141,6.613628,6.702875,0.089247,30,2,28,2.9,2.854588,2.820025,1.012256,0.182185,1.821849,1.93174,0.412886,0.172914,1.647624,0.0,scene_1_extra|scene_1.3_hig_bridge_y03_13p79|700|42,scene_1_extra|scene_1.3_med_probe_y03_12p73|679|21,82cb81a05eb6c0e8a972638864eea52294ecc3ad,75e1b3dcb7fff0fe8721fd92e7936301c72f5130
scene_1_3_terminalgain_globalmax_interp_0810,family_05,142,6.613628,6.702875,0.089247,30,2,28,2.9,2.826738,2.820025,1.00238,0.182185,1.821849,1.928796,0.306821,0.122635,0.72227,0.0,scene_1_extra|scene_1.3_hig_bridge_y03_13p79|700|42,scene_1_extra|scene_1.3_med_probe_y03_12p73|679|21,78fb3933eae7edc67d4f867f4e4919892603b554,91a28d383db889a29bc07e86db883cfc75c75b71
scene_1_3_terminalgain_globalmax_interp_0811,family_05,143,6.613628,6.702875,0.089247,30,2,28,2.9,2.84289,2.820025,1.008108,0.182185,1.821854,1.930449,0.321634,0.072355,1.337246,0.0,scene_1_extra|scene_1.3_hig_bridge_y03_13p79|700|42,scene_1_extra|scene_1.3_med_probe_y03_12p73|679|21,8dea8de3ad198ab70c41a3b9fadee585cb2e2d96,ced3de36a4ea9226733d40362dfa276213561404
scene_1_3_terminalgain_globalmax_interp_0812,family_05,144,6.613628,6.702875,0.089247,30,2,28,2.9,2.828413,2.820025,1.002974,0.182185,1.821849,1.928989,0.436359,0.022076,0.807684,0.0,scene_1_extra|scene_1.3_hig_bridge_y03_13p79|700|42,scene_1_extra|scene_1.3_med_probe_y03_12p73|679|21,9fd53dac439c12da3fc1fe4c585b55d748a93956,72ef6c3358d5b62c9f88b0a39bacf6007f7348fc
scene_1_3_terminalgain_globalmax_interp_0813,family_05,145,6.613628,6.702875,0.089247,30,2,28,2.9,2.853434,2.820025,1.011847,0.182185,1.821849,1.931623,0.518966,0.028203,1.619527,0.0,scene_1_extra|scene_1.3_hig_bridge_y03_13p79|700|42,scene_1_extra|scene_1.3_med_probe_y03_12p73|679|21,232bc04b366696eb7fb195384f42ec570dff90d0,d498e0f22d22de1dde42472985ddc592d399ecb8
scene_1_3_terminalgain_globalmax_interp_0814,family_05,146,6.613628,6.702875,0.089247,30,2,28,2.9,2.828621,2.820025,1.003048,0.182185,1.821845,1.928933,0.389481,0.078482,0.817691,0.0,scene_1_extra|scene_1.3_hig_bridge_y03_13p79|700|42,scene_1_extra|scene_1.3_med_probe_y03_12p73|679|21,c48fdcf9c2f12d099a89043f5ea7be1f82a26fd8,385456c2c0dedf04e49f0093e79c2fc6a19ecf09
scene_1_3_terminalgain_globalmax_interp_0815,family_05,147,6.613628,6.702875,0.089247,30,2,28,2.9,2.823807,2.820025,1.001341,0.182185,1.821845,1.928595,0.295117,0.128762,0.541962,0.0,scene_1_extra|scene_1.3_hig_bridge_y03_13p79|700|42,scene_1_extra|scene_1.3_med_probe_y03_12p73|679|21,5b6aa4ba7e86b2169b65894e09a58f4230d15449,712f483cfa73333d49bcffbbec17e7193aed3fd1
scene_1_3_terminalgain_globalmax_interp_0816,family_05,148,6.613628,6.702875,0.089247,30,2,28,2.9,2.864822,2.820025,1.015885,0.182185,1.821845,1.932977,0.340414,0.165731,1.879615,0.0,scene_1_extra|scene_1.3_hig_bridge_y03_13p79|700|42,scene_1_extra|scene_1.3_med_probe_y03_12p73|679|21,06ee0b2864dcf77e509c93e6090d1da22ceaa6ed,2544108294130e4a0ca96ea465699d8c7901ec1b
scene_1_3_terminalgain_globalmax_interp_0817,family_05,149,6.613628,6.702875,0.089247,30,2,28,2.9,2.866791,2.820025,1.016584,0.182185,1.821854,1.933247,0.462879,0.115452,1.92115,0.0,scene_1_extra|scene_1.3_hig_bridge_y03_13p79|700|42,scene_1_extra|scene_1.3_med_probe_y03_12p73|679|21,9ebbb8a0920938a3bf6ac892d6ae48e2adbf1406,56fe73b71215fd7d37da7fe18dbc144c76c418ab
scene_1_3_terminalgain_globalmax_interp_0818,family_05,150,6.613628,6.702875,0.089247,30,2,28,2.9,2.821257,2.820025,1.000437,0.182185,1.821849,1.928376,0.492446,0.065173,0.309218,0.0,scene_1_extra|scene_1.3_hig_bridge_y03_13p79|700|42,scene_1_extra|scene_1.3_med_probe_y03_12p73|679|21,7eff08d32f4327a8b2792e30a219812d046877eb,df8e91d82dbe3cac7794bd50b61bf8a8620a25e6
scene_1_3_terminalgain_globalmax_interp_0819,family_05,151,6.613628,6.702875,0.089247,30,2,28,2.9,2.833776,2.820025,1.004876,0.182185,1.821849,1.929505,0.366154,0.014893,1.035195,0.0,scene_1_extra|scene_1.3_hig_bridge_y03_13p79|700|42,scene_1_extra|scene_1.3_med_probe_y03_12p73|679|21,d8d17a1faf1bc2750ec59c7db172586b70ae00e3,455c6fa8169eb0546b2a6270603e4d515e7e257f
scene_1_3_terminalgain_globalmax_interp_0820,family_05,152,6.613628,6.702875,0.089247,30,2,28,2.9,2.844544,2.820025,1.008694,0.182185,1.821849,1.930472,0.290717,0.035386,1.385083,0.0,scene_1_extra|scene_1.3_hig_bridge_y03_13p79|700|42,scene_1_extra|scene_1.3_med_probe_y03_12p73|679|21,369561397e2d35b756beca7af86130bcef5faef2,7ea6b93c1d6604ac38d939a3315419128b3067ac
scene_1_3_terminalgain_globalmax_interp_0821,family_05,153,6.613628,6.702875,0.089247,30,2,28,2.9,2.833206,2.820025,1.004674,0.182184,1.821841,1.929571,0.363473,0.085665,1.013586,0.0,scene_1_extra|scene_1.3_hig_bridge_y03_13p79|700|42,scene_1_extra|scene_1.3_med_probe_y03_12p73|679|21,f0d47626ecea51891e1629d4250c207902072b36,7f45118b95dd53fb980d55ec78552167caca4c9e
scene_1_3_terminalgain_globalmax_interp_0822,family_05,154,6.613628,6.702875,0.089247,30,2,28,2.9,2.843123,2.820025,1.008191,0.182185,1.82185,1.930411,0.4894,0.135944,1.344043,0.0,scene_1_extra|scene_1.3_hig_bridge_y03_13p79|700|42,scene_1_extra|scene_1.3_med_probe_y03_12p73|679|21,2e15d800cf40d3b181758a2fad758ce1ff27be77,3102fe1a08a29eaa876a757854fe32ed79baf82c
scene_1_3_terminalgain_globalmax_interp_0823,family_05,155,6.613628,6.702875,0.089247,30,2,28,2.9,2.825037,2.820025,1.001777,0.182184,1.821838,1.928645,0.465926,0.158548,0.624007,0.0,scene_1_extra|scene_1.3_hig_bridge_y03_13p79|700|42,scene_1_extra|scene_1.3_med_probe_y03_12p73|679|21,fdac6514594a226d40b0fa39589841e14cba4061,2c910513b3e2c8c54fdb2a4fb62fa980eb445111
scene_1_3_terminalgain_globalmax_interp_0824,family_05,156,6.613628,6.702875,0.089247,30,2,28,2.9,2.848439,2.820025,1.010075,0.182185,1.821845,1.931065,0.342825,0.108269,1.492156,0.0,scene_1_extra|scene_1.3_hig_bridge_y03_13p79|700|42,scene_1_extra|scene_1.3_med_probe_y03_12p73|679|21,6f5a8f37ae54454b543285f6be5b024c019a8f69,4fa26938876318e4cdb5b31dec0fceec92bd89ab
scene_1_3_terminalgain_globalmax_interp_0825,family_05,157,6.613628,6.702875,0.089247,30,2,28,2.9,2.879314,2.820025,1.021024,0.182185,1.821845,1.935032,0.29434,0.05799,2.168095,0.0,scene_1_extra|scene_1.3_hig_bridge_y03_13p79|700|42,scene_1_extra|scene_1.3_med_probe_y03_12p73|679|21,04b1ab726c2cbd56d649b18755f77fd88a741672,766920b9c4cb9dab1aa1eb2f561f125e10b5e331
scene_1_3_terminalgain_globalmax_interp_0826,family_05,158,6.613628,6.702875,0.089247,30,2,28,2.9,2.849095,2.820025,1.010308,0.182185,1.821846,1.930965,0.386802,0.007711,1.509621,0.0,scene_1_extra|scene_1.3_hig_bridge_y03_13p79|700|42,scene_1_extra|scene_1.3_med_probe_y03_12p73|679|21,229970f0bf7454cdb828eaf195c8b3e3f3707add,5e10f62e2daf72851311f9af4a44db3d20c7cc59
scene_1_3_terminalgain_globalmax_interp_0827,family_05,159,6.613628,6.702875,0.089247,30,2,28,2.9,2.828785,2.820025,1.003106,0.182184,1.821838,1.928989,0.515919,0.042569,0.825505,0.0,scene_1_extra|scene_1.3_hig_bridge_y03_13p79|700|42,scene_1_extra|scene_1.3_med_probe_y03_12p73|679|21,4c7b0c7818653346d01e0d511b76d79e8daebb74,e20fa29a706eb0b69555f0954c02b3e0fc6e6602
scene_1_3_terminalgain_globalmax_interp_0828,family_05,160,6.613628,6.702875,0.089247,30,2,28,2.9,2.835898,2.820025,1.005629,0.182185,1.82185,1.929728,0.439406,0.092848,1.112544,0.0,scene_1_extra|scene_1.3_hig_bridge_y03_13p79|700|42,scene_1_extra|scene_1.3_med_probe_y03_12p73|679|21,5a699bdea3f35b8ad941f98ea1d88a86571bb04d,cc388ddf03fee0079c7ff5e735423a72c609344a
scene_1_3_terminalgain_globalmax_interp_0829,family_05,161,6.613628,6.702875,0.089247,30,2,28,2.9,2.852403,2.820025,1.011481,0.182185,1.821845,1.931451,0.323791,0.143127,1.593919,0.0,scene_1_extra|scene_1.3_hig_bridge_y03_13p79|700|42,scene_1_extra|scene_1.3_med_probe_y03_12p73|679|21,b6cd96f4dce6cee5fc5d739c77be6a4a20209812,31d408390e95a056a63dd5890c9624fa543e7ebe
scene_1_3_terminalgain_globalmax_interp_0830,family_05,162,6.613628,6.702875,0.089247,30,2,28,2.9,2.823387,2.820025,1.001192,0.182185,1.821845,1.928626,0.305311,0.151366,0.510811,0.0,scene_1_extra|scene_1.3_hig_bridge_y03_13p79|700|42,scene_1_extra|scene_1.3_med_probe_y03_12p73|679|21,f64665c79b96d74a45ca8a54acfb1308a9bef345,7d9b4af2c9fe07d65418fb02d361886755a28a15
scene_1_3_terminalgain_globalmax_interp_0831,family_05,163,6.613628,6.702875,0.089247,30,2,28,2.9,2.834035,2.820025,1.004968,0.182185,1.821849,1.929459,0.41013,0.101086,1.04472,0.0,scene_1_extra|scene_1.3_hig_bridge_y03_13p79|700|42,scene_1_extra|scene_1.3_med_probe_y03_12p73|679|21,86514a23b65b981404050a53ced032304e3da779,498f8185086d8b505f17a88602bcfc6dcf3099b5
scene_1_3_terminalgain_globalmax_interp_0832,family_05,164,6.613628,6.702875,0.089247,30,2,28,2.9,2.849901,2.820025,1.010594,0.182185,1.821849,1.931134,0.54244,0.050807,1.530472,0.0,scene_1_extra|scene_1.3_hig_bridge_y03_13p79|700|42,scene_1_extra|scene_1.3_med_probe_y03_12p73|679|21,5e72a07a3b03d9401921a1efe9359549c3d97dec,e4c8e7690c114de56b692cefb392804ceb55cf2d
scene_1_3_terminalgain_globalmax_interp_0833,family_05,165,6.613628,6.702875,0.089247,30,2,28,2.9,2.842926,2.820025,1.008121,0.182185,1.821849,1.930393,0.540182,0.000528,1.338002,0.0,scene_1_extra|scene_1.3_hig_bridge_y03_13p79|700|42,scene_1_extra|scene_1.3_med_probe_y03_12p73|679|21,424ee94547a49e478c6ad120c1bdaf996e1354d5,f346a20197ea7f77edfd81a5cad2db9dd0cb7b4d
scene_1_3_terminalgain_globalmax_interp_0834,family_05,166,6.613628,6.702875,0.089247,30,2,28,2.9,2.844798,2.820025,1.008784,0.182185,1.821849,1.93053,0.408144,0.049751,1.392285,0.0,scene_1_extra|scene_1.3_hig_bridge_y03_13p79|700|42,scene_1_extra|scene_1.3_med_probe_y03_12p73|679|21,4321fc5021987e922f53687e5f4631762b801997,6904fdae9c54e590a79e8b42060ab55f7b593c16
scene_1_3_terminalgain_globalmax_interp_0835,family_06,1,6.622795,6.702875,0.08008,30,2,28,2.9,3.2916,3.2916,1.0,0.21265,2.1265,2.2507,0.581436,0.0,0.0,0.0,scene_1_extra|scene_1.3_med_probe_y03_12p73|697|39,scene_1_extra|scene_1.3_med_probe_y03_12p73|679|21,8c0baff6f089f729a234456cbe453775398e3112,489ea492394e685bada8d98a18a7284e95ddf414
scene_1_3_terminalgain_globalmax_interp_0836,family_06,2,6.622795,6.702875,0.08008,30,2,28,2.9,3.316596,3.2916,1.007594,0.21265,2.1265,2.25296,0.746315,0.089877,1.293578,0.0,scene_1_extra|scene_1.3_med_probe_y03_12p73|697|39,scene_1_extra|scene_1.3_med_probe_y03_12p73|679|21,00d6f71b03b58e9bbe4d22352e39395ce53f83d2,2ab2376f85947f6c32c1a1568c09ac3faa408d23
scene_1_3_terminalgain_globalmax_interp_0837,family_06,3,6.622795,6.702875,0.08008,30,2,28,2.9,3.30052,3.2916,1.00271,0.21265,2.1265,2.251426,0.689611,0.140156,0.770691,0.0,scene_1_extra|scene_1.3_med_probe_y03_12p73|697|39,scene_1_extra|scene_1.3_med_probe_y03_12p73|679|21,544ddd9afb5391d0ff0601553903a26816b4f3ca,f5d2d88706bb8c9072da7ce9e68d4094fc7b1ebb
scene_1_3_terminalgain_globalmax_interp_0838,family_06,4,6.622795,6.702875,0.08008,30,2,28,2.9,3.29396,3.2916,1.000717,0.21265,2.1265,2.250882,0.602725,0.154336,0.396037,0.0,scene_1_extra|scene_1.3_med_probe_y03_12p73|697|39,scene_1_extra|scene_1.3_med_probe_y03_12p73|679|21,be54db589ff866171124b31eac12a9b528b402ac,7c9a53da5fe3c5d715b3bbc6b0a3fedc492c84ae
scene_1_3_terminalgain_globalmax_interp_0839,family_06,5,6.622795,6.702875,0.08008,30,2,28,2.9,3.338176,3.2916,1.01415,0.21265,2.1265,2.25545,0.587529,0.104057,1.772039,0.0,scene_1_extra|scene_1.3_med_probe_y03_12p73|697|39,scene_1_extra|scene_1.3_med_probe_y03_12p73|679|21,75c66559037e7f1d2ceefa40ba3ac8c5aa52c1a1,8e5ea56b9dd3f6f915e4b54f949ed406aef636e8
scene_1_3_terminalgain_globalmax_interp_0840,family_06,6,6.622795,6.702875,0.08008,30,2,28,2.9,3.342489,3.2916,1.01546,0.21265,2.1265,2.256025,0.658859,0.053778,1.853497,0.0,scene_1_extra|scene_1.3_med_probe_y03_12p73|697|39,scene_1_extra|scene_1.3_med_probe_y03_12p73|679|21,bab6ba3189ce58c28e1caacf2e273ed8449bd235,2d44d071a910f45925b6c784e5b889f2208c5e19
scene_1_3_terminalgain_globalmax_interp_0841,family_06,7,6.622795,6.702875,0.08008,30,2,28,2.9,3.294421,3.2916,1.000857,0.21265,2.1265,2.250915,0.769643,0.003499,0.433026,0.0,scene_1_extra|scene_1.3_med_probe_y03_12p73|697|39,scene_1_extra|scene_1.3_med_probe_y03_12p73|679|21,d09a14ded6fda596d2c4439294295a610dad2522,e0ccd9b1d0d1c507e93c14679b6969e4a9e11c31
scene_1_3_terminalgain_globalmax_interp_0842,family_06,8,6.622795,6.702875,0.08008,30,2,28,2.9,3.300566,3.2916,1.002724,0.21265,2.1265,2.25144,0.778258,0.046781,0.772746,0.0,scene_1_extra|scene_1.3_med_probe_y03_12p73|697|39,scene_1_extra|scene_1.3_med_probe_y03_12p73|679|21,630b11eb62f281f4f9b838149f464b0d9d9449ec,eb9b9d5a76ffacce0130a309fa2a648648d315c5
scene_1_3_terminalgain_globalmax_interp_0843,family_06,9,6.622795,6.702875,0.08008,30,2,28,2.9,3.316932,3.2916,1.007696,0.21265,2.1265,2.253005,0.665794,0.09706,1.302198,0.0,scene_1_extra|scene_1.3_med_probe_y03_12p73|697|39,scene_1_extra|scene_1.3_med_probe_y03_12p73|679|21,ba6b684fdbab202301b81c1e86ad4dbf2923c505,8ee625aee2105d95332027586bcdc2bd22de373d
scene_1_3_terminalgain_globalmax_interp_0844,family_06,10,6.622795,6.702875,0.08008,30,2,28,2.9,3.304898,3.2916,1.00404,0.21265,2.1265,2.25182,0.590028,0.147339,0.941793,0.0,scene_1_extra|scene_1.3_med_probe_y03_12p73|697|39,scene_1_extra|scene_1.3_med_probe_y03_12p73|679|21,2c8289b91271d407b1602cd352ef8abbd6ce700d,ab6d1d0aad533bcfe6bd5b8b785492174cc3464b
scene_1_3_terminalgain_globalmax_interp_0845,family_06,11,6.622795,6.702875,0.08008,30,2,28,2.9,3.30433,3.2916,1.003868,0.21265,2.1265,2.251803,0.597869,0.147154,0.921088,0.0,scene_1_extra|scene_1.3_med_probe_y03_12p73|697|39,scene_1_extra|scene_1.3_med_probe_y03_12p73|679|21,6649b81908e6d85fb722738262096684445efaa2,9b1941d3799babadf2beae30ac3602840a4bf5aa
scene_1_3_terminalgain_globalmax_interp_0846,family_06,12,6.622795,6.702875,0.08008,30,2,28,2.9,3.300454,3.2916,1.00269,0.21265,2.1265,2.251424,0.681396,0.096874,0.767764,0.0,scene_1_extra|scene_1.3_med_probe_y03_12p73|697|39,scene_1_extra|scene_1.3_med_probe_y03_12p73|679|21,c4b0539a0ca131538a95d1e7fbbfcb24067a1868,b43ac3550e4f6f1819c57066c52729147a6d2626
scene_1_3_terminalgain_globalmax_interp_0847,family_06,13,6.622795,6.702875,0.08008,30,2,28,2.9,3.31147,3.2916,1.006037,0.21265,2.1265,2.252452,0.75493,0.046595,1.152221,0.0,scene_1_extra|scene_1.3_med_probe_y03_12p73|697|39,scene_1_extra|scene_1.3_med_probe_y03_12p73|679|21,9bba479c76e22933588fa4f68da4f58c25e10abd,bb1fce77a47535f24808024b1a5791542865d88a
scene_1_3_terminalgain_globalmax_interp_0848,family_06,14,6.622795,6.702875,0.08008,30,2,28,2.9,3.328265,3.2916,1.011139,0.21265,2.1265,2.25428,0.647015,0.003684,1.569726,0.0,scene_1_extra|scene_1.3_med_probe_y03_12p73|697|39,scene_1_extra|scene_1.3_med_probe_y03_12p73|679|21,1b3250ffdf2931daebaf956dc713a1a9e6a865ad,0064f55bfe591e8a729dfe4ce75ae6507af0921b
scene_1_3_terminalgain_globalmax_interp_0849,family_06,15,6.622795,6.702875,0.08008,30,2,28,2.9,3.315658,3.2916,1.007309,0.21265,2.1265,2.252891,0.58326,0.053963,1.268896,0.0,scene_1_extra|scene_1.3_med_probe_y03_12p73|697|39,scene_1_extra|scene_1.3_med_probe_y03_12p73|679|21,134b9383ce1911b85eb89cd956f6cc5a7aeea703,8c04f06e6329a2350b408249e9779a48e6c982e8
scene_1_3_terminalgain_globalmax_interp_0850,family_06,16,6.622795,6.702875,0.08008,30,2,28,2.9,3.295745,3.2916,1.001259,0.21265,2.1265,2.25103,0.611019,0.104243,0.524974,0.0,scene_1_extra|scene_1.3_med_probe_y03_12p73|697|39,scene_1_extra|scene_1.3_med_probe_y03_12p73|679|21,2916e1fa85552449d2510e186aca6cb53f14c15a,bbe6c682605c2a99ac5389b7d9eb318b8758d464
scene_1_3_terminalgain_globalmax_interp_0851,family_06,17,6.622795,6.702875,0.08008,30,2,28,2.9,3.310913,3.2916,1.005867,0.21265,2.1265,2.252409,0.704325,0.154522,1.136017,0.0,scene_1_extra|scene_1.3_med_probe_y03_12p73|697|39,scene_1_extra|scene_1.3_med_probe_y03_12p73|679|21,299834c185b71b73b59bd2ca59187dc2a9059a0b,66e4dbdf7986b3554ca0fff32a61b5cca9da97dc
scene_1_3_terminalgain_globalmax_interp_0852,family_06,18,6.622795,6.702875,0.08008,30,2,28,2.9,3.313285,3.2916,1.006588,0.21265,2.1265,2.252645,0.731602,0.139971,1.204167,0.0,scene_1_extra|scene_1.3_med_probe_y03_12p73|697|39,scene_1_extra|scene_1.3_med_probe_y03_12p73|679|21,7dfb7d9e171a63851bb7cc6c8c39acff268d4063,af66691d8744c1eea1506b799fe8dc89917f30e7
scene_1_3_terminalgain_globalmax_interp_0853,family_06,19,6.622795,6.702875,0.08008,30,2,28,2.9,3.297354,3.2916,1.001748,0.21265,2.1265,2.251156,0.628234,0.089692,0.618659,0.0,scene_1_extra|scene_1.3_med_probe_y03_12p73|697|39,scene_1_extra|scene_1.3_med_probe_y03_12p73|679|21,6f85fdc38b5c19ebbe07ab09718151e9d2bbfecc,ced23bea84d73d1fcf216b6c93d234a3f961cd56
scene_1_3_terminalgain_globalmax_interp_0854,family_06,20,6.622795,6.702875,0.08008,30,2,28,2.9,3.304057,3.2916,1.003784,0.21265,2.1265,2.251769,0.581435,0.039412,0.911294,0.0,scene_1_extra|scene_1.3_med_probe_y03_12p73|697|39,scene_1_extra|scene_1.3_med_probe_y03_12p73|679|21,d579d71959d971c97edd8f87bbd228caeb02d33c,112bd1301264d81f803e7a0c48374fe702a5e14a
scene_1_3_terminalgain_globalmax_interp_0855,family_06,21,6.622795,6.702875,0.08008,30,2,28,2.9,3.322959,3.2916,1.009527,0.21265,2.1265,2.253653,0.625055,0.010867,1.450471,0.0,scene_1_extra|scene_1.3_med_probe_y03_12p73|697|39,scene_1_extra|scene_1.3_med_probe_y03_12p73|679|21,919c63a68f41e104ff08ea46da92cfe8eaaff483,8e9c3c179de1845090a479c8ab439a3e72a91c1f
scene_1_3_terminalgain_globalmax_interp_0856,family_06,22,6.622795,6.702875,0.08008,30,2,28,2.9,3.319018,3.2916,1.00833,0.21265,2.1265,2.25323,0.727652,0.061146,1.355297,0.0,scene_1_extra|scene_1.3_med_probe_y03_12p73|697|39,scene_1_extra|scene_1.3_med_probe_y03_12p73|679|21,5cfde8db3ce1388fdd9f81e783ccc937a175eb69,f4799f5e3fdb0ef74f80ef4362644bfbb175047c
scene_1_3_terminalgain_globalmax_interp_0857,family_06,23,6.622795,6.702875,0.08008,30,2,28,2.9,3.313728,3.2916,1.006723,0.21265,2.1265,2.252686,0.708273,0.111425,1.216544,0.0,scene_1_extra|scene_1.3_med_probe_y03_12p73|697|39,scene_1_extra|scene_1.3_med_probe_y03_12p73|679|21,23e716acfe5ea3e010c70c7eaf44feae50dafa6e,00ba6596552b2f60ae132efe53160a66f97ec06d
scene_1_3_terminalgain_globalmax_interp_0858,family_06,24,6.622795,6.702875,0.08008,30,2,28,2.9,3.316882,3.2916,1.007681,0.21265,2.1265,2.253012,0.613245,0.161705,1.300993,0.0,scene_1_extra|scene_1.3_med_probe_y03_12p73|697|39,scene_1_extra|scene_1.3_med_probe_y03_12p73|679|21,c2eccb4f5f1f3c8cc2cc66033348237bf572aed6,c2f7d22bce320f51728198dc59ef1120366bfb47
scene_1_3_terminalgain_globalmax_interp_0859,family_06,25,6.622795,6.702875,0.08008,30,2,28,2.9,3.300705,3.2916,1.002766,0.21265,2.1265,2.25146,0.582115,0.132788,0.778706,0.0,scene_1_extra|scene_1.3_med_probe_y03_12p73|697|39,scene_1_extra|scene_1.3_med_probe_y03_12p73|679|21,a13b69d1911874ae55fe8f0b4eb23ef6ed2ab836,0d992609f20974675cad0c85f49936969ba14ce0
scene_1_3_terminalgain_globalmax_interp_0860,family_06,26,6.622795,6.702875,0.08008,30,2,28,2.9,3.313307,3.2916,1.006595,0.21265,2.1265,2.252653,0.643835,0.082509,1.204983,0.0,scene_1_extra|scene_1.3_med_probe_y03_12p73|697|39,scene_1_extra|scene_1.3_med_probe_y03_12p73|679|21,a19904ab821e1f93ec3ce8565405623ba7e2362a,a1598e38ba891a574bab6fb2551e3d8f947e08fe
scene_1_3_terminalgain_globalmax_interp_0861,family_06,27,6.622795,6.702875,0.08008,30,2,28,2.9,3.304369,3.2916,1.003879,0.21265,2.1265,2.251786,0.750981,0.03223,0.922699,0.0,scene_1_extra|scene_1.3_med_probe_y03_12p73|697|39,scene_1_extra|scene_1.3_med_probe_y03_12p73|679|21,1c2c5bca5cd38a8897938741173cb411d62dd5c0,68f70bd7b6622ed8447102465601b8ccc70fdde5
scene_1_3_terminalgain_globalmax_interp_0862,family_06,28,6.622795,6.702875,0.08008,30,2,28,2.9,3.292968,3.2916,1.000416,0.21265,2.1265,2.250808,0.684946,0.01805,0.301463,0.0,scene_1_extra|scene_1.3_med_probe_y03_12p73|697|39,scene_1_extra|scene_1.3_med_probe_y03_12p73|679|21,681adb29eb7c9e3a7aef0f8ff2b86cdbf293a14f,3301dc7887f3cc1ebb13181a39747aaff59fee20
scene_1_3_terminalgain_globalmax_interp_0863,family_06,29,6.622795,6.702875,0.08008,30,2,28,2.9,3.32461,3.2916,1.010029,0.21265,2.1265,2.253857,0.600095,0.068329,1.488396,0.0,scene_1_extra|scene_1.3_med_probe_y03_12p73|697|39,scene_1_extra|scene_1.3_med_probe_y03_12p73|679|21,d908768cf75d62a8b3f93cb31c06ee7e63f43738,b87bba493e1ba949a498d9e215208020af6cfb4e
scene_1_3_terminalgain_globalmax_interp_0864,family_06,30,6.622795,6.702875,0.08008,30,2,28,2.9,3.315467,3.2916,1.007251,0.21265,2.1265,2.252837,0.588883,0.118608,1.263613,0.0,scene_1_extra|scene_1.3_med_probe_y03_12p73|697|39,scene_1_extra|scene_1.3_med_probe_y03_12p73|679|21,b7c23d54d8910ac2fb02bac034ae6edf9354d66c,a2efbd98a8266ae869d3b5b8ce774b3b8566df37
scene_1_3_terminalgain_globalmax_interp_0865,family_06,31,6.622795,6.702875,0.08008,30,2,28,2.9,3.29477,3.2916,1.000963,0.21265,2.1265,2.250952,0.662616,0.168887,0.458992,0.0,scene_1_extra|scene_1.3_med_probe_y03_12p73|697|39,scene_1_extra|scene_1.3_med_probe_y03_12p73|679|21,597197132cb7b0ad8d85458e479104999099d56d,799fd1d2723e484cbd3da5211070179cf7d03020
scene_1_3_terminalgain_globalmax_interp_0866,family_06,32,6.622795,6.702875,0.08008,30,2,28,2.9,3.320647,3.2916,1.008825,0.21265,2.1265,2.253421,0.774309,0.174859,1.395445,0.0,scene_1_extra|scene_1.3_med_probe_y03_12p73|697|39,scene_1_extra|scene_1.3_med_probe_y03_12p73|679|21,141ec83e0113458d59d99720618277154129ca93,5a447885b45650acc7fe426860207365c25e8c87
scene_1_3_terminalgain_globalmax_interp_0867,family_06,33,6.622795,6.702875,0.08008,30,2,28,2.9,3.329612,3.2916,1.011548,0.21265,2.1265,2.254421,0.773592,0.12458,1.598617,0.0,scene_1_extra|scene_1.3_med_probe_y03_12p73|697|39,scene_1_extra|scene_1.3_med_probe_y03_12p73|679|21,2701c570299a84d38c4e97fb16c647987e7a3aaf,450db28732fdb781167ead990b8e2e5b24affb1e
scene_1_3_terminalgain_globalmax_interp_0868,family_06,34,6.622795,6.702875,0.08008,30,2,28,2.9,3.303576,3.2916,1.003638,0.21265,2.1265,2.251701,0.662038,0.0743,0.893554,0.0,scene_1_extra|scene_1.3_med_probe_y03_12p73|697|39,scene_1_extra|scene_1.3_med_probe_y03_12p73|679|21,9d90458235e4452ec973f5c6c19abd50f683ba4e,9b5af595e6ce506f1b3c640321547438b8da3615
scene_1_3_terminalgain_globalmax_interp_0869,family_06,35,6.622795,6.702875,0.08008,30,2,28,2.9,3.300845,3.2916,1.002809,0.21265,2.1265,2.251468,0.588675,0.024021,0.784694,0.0,scene_1_extra|scene_1.3_med_probe_y03_12p73|697|39,scene_1_extra|scene_1.3_med_probe_y03_12p73|679|21,80e2f050445e39df9e503964195ab887419606e1,c1705d0e713c34bd849c95eac88566bcf7eb8216
scene_1_3_terminalgain_globalmax_interp_0870,family_06,36,6.622795,6.702875,0.08008,30,2,28,2.9,3.306802,3.2916,1.004618,0.21265,2.1265,2.252018,0.600499,0.026258,1.007209,0.0,scene_1_extra|scene_1.3_med_probe_y03_12p73|697|39,scene_1_extra|scene_1.3_med_probe_y03_12p73|679|21,fe2c93bb6cd2349284d7ccc623e1644747b77848,688f54a15e6bd991146a173e063f75a7e87afa9a
scene_1_3_terminalgain_globalmax_interp_0871,family_06,37,6.622795,6.702875,0.08008,30,2,28,2.9,3.315628,3.2916,1.0073,0.21265,2.1265,2.252887,0.685662,0.076537,1.268013,0.0,scene_1_extra|scene_1.3_med_probe_y03_12p73|697|39,scene_1_extra|scene_1.3_med_probe_y03_12p73|679|21,fe488bb5838ffeff7ab087c31f2cd63fe34045ca,6c53a095187e1a6d20256cc93d3a582dc52c97fd
scene_1_3_terminalgain_globalmax_interp_0872,family_06,38,6.622795,6.702875,0.08008,30,2,28,2.9,3.324893,3.2916,1.010115,0.21265,2.1265,2.253882,0.750264,0.126817,1.494942,0.0,scene_1_extra|scene_1.3_med_probe_y03_12p73|697|39,scene_1_extra|scene_1.3_med_probe_y03_12p73|679|21,839cec2eb4a16736dbe101f50e95f70a5c4e3d19,05600f9c090daf8a775b1e38838596577db3b5e0
scene_1_3_terminalgain_globalmax_interp_0873,family_06,39,6.622795,6.702875,0.08008,30,2,28,2.9,3.299144,3.2916,1.002292,0.21265,2.1265,2.25133,0.643258,0.167676,0.708469,0.0,scene_1_extra|scene_1.3_med_probe_y03_12p73|697|39,scene_1_extra|scene_1.3_med_probe_y03_12p73|679|21,5b21d0dc24bafad8f3aa4d914a6543ae6268f456,f0a7133cc32e81d2fc5e7369331f754aa76f7a05
scene_1_3_terminalgain_globalmax_interp_0874,family_06,40,6.622795,6.702875,0.08008,30,2,28,2.9,3.296863,3.2916,1.001599,0.21265,2.1265,2.251109,0.581907,0.117397,0.591575,0.0,scene_1_extra|scene_1.3_med_probe_y03_12p73|697|39,scene_1_extra|scene_1.3_med_probe_y03_12p73|679|21,c6cff6e087ceb68054d25df284e26130ad6212e7,ac4acab2df61fc78098d4cb72d6f853ee7c2af09
scene_1_3_terminalgain_globalmax_interp_0875,family_06,41,6.622795,6.702875,0.08008,30,2,28,2.9,3.321593,3.2916,1.009112,0.21265,2.1265,2.253509,0.61365,0.067118,1.418326,0.0,scene_1_extra|scene_1.3_med_probe_y03_12p73|697|39,scene_1_extra|scene_1.3_med_probe_y03_12p73|679|21,088eaa5d3e5794401fc10ae1009dd13a6b9dcb57,c461ab165f33fa6794531a1b53c8aa19b7e238ab
scene_1_3_terminalgain_globalmax_interp_0876,family_06,42,6.622795,6.702875,0.08008,30,2,28,2.9,3.325065,3.2916,1.010167,0.21265,2.1265,2.25391,0.70899,0.016838,1.49894,0.0,scene_1_extra|scene_1.3_med_probe_y03_12p73|697|39,scene_1_extra|scene_1.3_med_probe_y03_12p73|679|21,5051d79a858c64432e75eb90b1f5a11f17def8cb,ddbf21ad1bc9db61e49ce191fbbe0800de51e6cd
scene_1_3_terminalgain_globalmax_interp_0877,family_06,43,6.622795,6.702875,0.08008,30,2,28,2.9,3.296416,3.2916,1.001463,0.21265,2.1265,2.251079,0.726936,0.033441,0.565948,0.0,scene_1_extra|scene_1.3_med_probe_y03_12p73|697|39,scene_1_extra|scene_1.3_med_probe_y03_12p73|679|21,89d58a139b0498da0ff64c3a02d50cd47d4b287f,12161b3f921efb12584f0a19054be9537712d353
scene_1_3_terminalgain_globalmax_interp_0878,family_06,44,6.622795,6.702875,0.08008,30,2,28,2.9,3.298284,3.2916,1.002031,0.21265,2.1265,2.251236,0.624478,0.08372,0.666782,0.0,scene_1_extra|scene_1.3_med_probe_y03_12p73|697|39,scene_1_extra|scene_1.3_med_probe_y03_12p73|679|21,54a3aa6f3dc394d876687f86a94cbbcfaca673f5,f519a5d2012da3eb3f6039da80933101708a2aa6
scene_1_3_terminalgain_globalmax_interp_0879,family_06,45,6.622795,6.702875,0.08008,30,2,28,2.9,3.324338,3.2916,1.009946,0.21265,2.1265,2.253834,0.581435,0.133999,1.482367,0.0,scene_1_extra|scene_1.3_med_probe_y03_12p73|697|39,scene_1_extra|scene_1.3_med_probe_y03_12p73|679|21,6e3819150c2d06ee1ecf6de2f9496d5a14b91f00,d42bef983e0603fdfc214f857ce7773ef04f2a04
scene_1_3_terminalgain_globalmax_interp_0880,family_06,46,6.622795,6.702875,0.08008,30,2,28,2.9,3.308568,3.2916,1.005155,0.21265,2.1265,2.252177,0.628811,0.160493,1.064508,0.0,scene_1_extra|scene_1.3_med_probe_y03_12p73|697|39,scene_1_extra|scene_1.3_med_probe_y03_12p73|679|21,8cfe032d855498701dc681d2ab43005910212ea1,df490f337b14b9c4e2060c07a5dc62874d89aaee
scene_1_3_terminalgain_globalmax_interp_0881,family_06,47,6.622795,6.702875,0.08008,30,2,28,2.9,3.306416,3.2916,1.004501,0.21265,2.1265,2.251978,0.732319,0.110214,0.994114,0.0,scene_1_extra|scene_1.3_med_probe_y03_12p73|697|39,scene_1_extra|scene_1.3_med_probe_y03_12p73|679|21,9ab42040305cebe31fd1f1b056b5217f8f9749d2,02501731fa973434854d9c730b46ee764794a607
scene_1_3_terminalgain_globalmax_interp_0882,family_06,48,6.622795,6.702875,0.08008,30,2,28,2.9,3.298958,3.2916,1.002235,0.21265,2.1265,2.251302,0.703608,0.059935,0.699769,0.0,scene_1_extra|scene_1.3_med_probe_y03_12p73|697|39,scene_1_extra|scene_1.3_med_probe_y03_12p73|679|21,0b1af0fe96b9cd0c33e6a41bf1a11720de2e8c46,3ffe163359ef0bcb0ed1e559c1b0d7e6cac369f4
scene_1_3_terminalgain_globalmax_interp_0883,family_06,49,6.622795,6.702875,0.08008,30,2,28,2.9,3.308402,3.2916,1.005105,0.21265,2.1265,2.252141,0.610616,0.009656,1.058969,0.0,scene_1_extra|scene_1.3_med_probe_y03_12p73|697|39,scene_1_extra|scene_1.3_med_probe_y03_12p73|679|21,80cd8def3faf7a838005b021adf4805f80141aa8,d09e5105e98d3ea30cd60509ab8b83864736001c
scene_1_3_terminalgain_globalmax_interp_0884,family_06,50,6.622795,6.702875,0.08008,30,2,28,2.9,3.322569,3.2916,1.009408,0.21265,2.1265,2.253624,0.583469,0.040624,1.441294,0.0,scene_1_extra|scene_1.3_med_probe_y03_12p73|697|39,scene_1_extra|scene_1.3_med_probe_y03_12p73|679|21,6a2959ab8f7c7ae9c6ff966e36f4e251b85ce3e1,f14137bb8581e0b63863e819daa4bc326137c093
scene_1_3_terminalgain_globalmax_interp_0885,family_06,51,6.622795,6.702875,0.08008,30,2,28,2.9,3.316306,3.2916,1.007506,0.21265,2.1265,2.252974,0.647591,0.090903,1.286126,0.0,scene_1_extra|scene_1.3_med_probe_y03_12p73|697|39,scene_1_extra|scene_1.3_med_probe_y03_12p73|679|21,1d90d6473734040cf8340eee3b67a33894b322cf,2b7c22f62898680c898661514b9fe8f4d006dec7
scene_1_3_terminalgain_globalmax_interp_0886,family_06,52,6.622795,6.702875,0.08008,30,2,28,2.9,3.292114,3.2916,1.000156,0.21265,2.1265,2.250741,0.755646,0.141182,0.18506,0.0,scene_1_extra|scene_1.3_med_probe_y03_12p73|697|39,scene_1_extra|scene_1.3_med_probe_y03_12p73|679|21,9c0b91fec51430a43a1b0d2181b89f77e8d80d84,c04109a92b30a472da5e6294eac8de8557ac12b0
scene_1_3_terminalgain_globalmax_interp_0887,family_06,53,6.622795,6.702875,0.08008,30,2,28,2.9,3.326906,3.2916,1.010726,0.21265,2.1265,2.25414,0.680819,0.153311,1.539863,0.0,scene_1_extra|scene_1.3_med_probe_y03_12p73|697|39,scene_1_extra|scene_1.3_med_probe_y03_12p73|679|21,ee1db15a02542d37e10f81dfb5539744de9e8e5d,b19be93675fdc190c260cfd5760db9a96842efe3
scene_1_3_terminalgain_globalmax_interp_0888,family_06,54,6.622795,6.702875,0.08008,30,2,28,2.9,3.327924,3.2916,1.011035,0.21265,2.1265,2.254223,0.597465,0.103031,1.562341,0.0,scene_1_extra|scene_1.3_med_probe_y03_12p73|697|39,scene_1_extra|scene_1.3_med_probe_y03_12p73|679|21,ccacc7d497833e7dbbeece64bc16ed5b7cb1b9c3,e1c386b28b29ec7e444f383c1ce4465a4381e480
scene_1_3_terminalgain_globalmax_interp_0889,family_06,55,6.622795,6.702875,0.08008,30,2,28,2.9,3.291853,3.2916,1.000077,0.21265,2.1265,2.250721,0.590237,0.052752,0.130039,0.0,scene_1_extra|scene_1.3_med_probe_y03_12p73|697|39,scene_1_extra|scene_1.3_med_probe_y03_12p73|679|21,3861de813f241dc333917e308076185f74885a79,7096fe00fc64a5951f07d42211df2557bafc626d
scene_1_3_terminalgain_globalmax_interp_0890,family_06,56,6.622795,6.702875,0.08008,30,2,28,2.9,3.314315,3.2916,1.006901,0.21265,2.1265,2.252757,0.666371,0.002473,1.23277,0.0,scene_1_extra|scene_1.3_med_probe_y03_12p73|697|39,scene_1_extra|scene_1.3_med_probe_y03_12p73|679|21,b26ae3b6632879e5a5f73e22488ee436fdd86401,89c5cf1d2a03987f039f9b98e246cef4341bdb0c
scene_1_3_terminalgain_globalmax_interp_0891,family_06,57,6.622795,6.702875,0.08008,30,2,28,2.9,3.303108,3.2916,1.003496,0.21265,2.1265,2.251659,0.778974,0.047806,0.875696,0.0,scene_1_extra|scene_1.3_med_probe_y03_12p73|697|39,scene_1_extra|scene_1.3_med_probe_y03_12p73|679|21,ec1b0793851571d29a9bba28b0dfcf1eff976cf4,b78d9f284f120ab12f1a4f28d868785652a7989d
scene_1_3_terminalgain_globalmax_interp_0892,family_06,58,6.622795,6.702875,0.08008,30,2,28,2.9,3.30934,3.2916,1.00539,0.21265,2.1265,2.252248,0.768927,0.098086,1.088402,0.0,scene_1_extra|scene_1.3_med_probe_y03_12p73|697|39,scene_1_extra|scene_1.3_med_probe_y03_12p73|679|21,d6884a30316000ba62366a0752b4c8f4b6d8df1d,6d3a3314ee525d5f0c64566e40ae95adf7a171fc
scene_1_3_terminalgain_globalmax_interp_0893,family_06,59,6.622795,6.702875,0.08008,30,2,28,2.9,3.321009,3.2916,1.008935,0.21265,2.1265,2.253464,0.658283,0.148365,1.404143,0.0,scene_1_extra|scene_1.3_med_probe_y03_12p73|697|39,scene_1_extra|scene_1.3_med_probe_y03_12p73|679|21,c5dd82cff8788c11e8fa5b8915816fcfcc999c46,7eb484ee78fe86e429d67f3e21eb2e93a9798aaa
scene_1_3_terminalgain_globalmax_interp_0894,family_06,60,6.622795,6.702875,0.08008,30,2,28,2.9,3.32078,3.2916,1.008865,0.21265,2.1265,2.253447,0.587321,0.146128,1.398509,0.0,scene_1_extra|scene_1.3_med_probe_y03_12p73|697|39,scene_1_extra|scene_1.3_med_probe_y03_12p73|679|21,d3623822b4cf7fb0494c330c8c5788906dbcab7e,229e2bf83006362dcbbe0d2a90899b7b07e40b96
scene_1_3_terminalgain_globalmax_interp_0895,family_06,61,6.622795,6.702875,0.08008,30,2,28,2.9,3.311723,3.2916,1.006113,0.21265,2.1265,2.252475,0.603129,0.095849,1.159641,0.0,scene_1_extra|scene_1.3_med_probe_y03_12p73|697|39,scene_1_extra|scene_1.3_med_probe_y03_12p73|679|21,59f80a1b1a355250e9893f0a9c13c8329b2c7407,6bcb3b77d3b494d2a04c0ab1347781ff66cc9597
scene_1_3_terminalgain_globalmax_interp_0896,family_06,62,6.622795,6.702875,0.08008,30,2,28,2.9,3.315518,3.2916,1.007266,0.21265,2.1265,2.252859,0.690328,0.045569,1.2652,0.0,scene_1_extra|scene_1.3_med_probe_y03_12p73|697|39,scene_1_extra|scene_1.3_med_probe_y03_12p73|679|21,7138b915de6a65bf680583b21948199bf441f754,a3f6b2d933973bb2b379c7bef3c8e264c9159300
scene_1_3_terminalgain_globalmax_interp_0897,family_06,63,6.622795,6.702875,0.08008,30,2,28,2.9,3.308995,3.2916,1.005285,0.21265,2.1265,2.252202,0.745599,0.00471,1.077858,0.0,scene_1_extra|scene_1.3_med_probe_y03_12p73|697|39,scene_1_extra|scene_1.3_med_probe_y03_12p73|679|21,5cfb1c3d2bb1318547d516101e36a7c1b57c2ece,2ffe07a610c55ac7ecb111ff61645c71a9c5d0be
scene_1_3_terminalgain_globalmax_interp_0898,family_06,64,6.622795,6.702875,0.08008,30,2,28,2.9,3.295374,3.2916,1.001146,0.21265,2.1265,2.251001,0.639502,0.054989,0.501041,0.0,scene_1_extra|scene_1.3_med_probe_y03_12p73|697|39,scene_1_extra|scene_1.3_med_probe_y03_12p73|679|21,3eff056de1e49f9218d1c061748877aad102e67e,43337e5567d1978e995b44ce84157712738272d2
scene_1_3_terminalgain_globalmax_interp_0899,family_06,65,6.622795,6.702875,0.08008,30,2,28,2.9,3.312863,3.2916,1.00646,0.21265,2.1265,2.25262,0.581436,0.105268,1.192288,0.0,scene_1_extra|scene_1.3_med_probe_y03_12p73|697|39,scene_1_extra|scene_1.3_med_probe_y03_12p73|679|21,30894abbbb96970495c0975633cbf28ff72d4c15,5ed40a51e4ed970993c07f1411ca39992a0d5ef7
scene_1_3_terminalgain_globalmax_interp_0900,family_06,66,6.622795,6.702875,0.08008,30,2,28,2.9,3.310267,3.2916,1.005671,0.21265,2.1265,2.252344,0.616279,0.155548,1.116577,0.0,scene_1_extra|scene_1.3_med_probe_y03_12p73|697|39,scene_1_extra|scene_1.3_med_probe_y03_12p73|679|21,1c2faecfd9a9ffa129dad0f0b42bdca9a4adf2b9,2b6db0a22d42eacf7cd1839c13dd343b3a3879df
scene_1_3_terminalgain_globalmax_interp_0901,family_06,67,6.622795,6.702875,0.08008,30,2,28,2.9,3.296646,3.2916,1.001533,0.21265,2.1265,2.251104,0.713655,0.138945,0.579462,0.0,scene_1_extra|scene_1.3_med_probe_y03_12p73|697|39,scene_1_extra|scene_1.3_med_probe_y03_12p73|679|21,0a8ba1ae79e5613308866bc50ed390d6630489b3,692cf48df876a6b93fc3351926d96a56b24ca75b
scene_1_3_terminalgain_globalmax_interp_0902,family_06,68,6.622795,6.702875,0.08008,30,2,28,2.9,3.309675,3.2916,1.005491,0.21265,2.1265,2.252294,0.72227,0.088666,1.098898,0.0,scene_1_extra|scene_1.3_med_probe_y03_12p73|697|39,scene_1_extra|scene_1.3_med_probe_y03_12p73|679|21,a50f03563e2a5f70f729c332f8cdebf50ed3b4f0,0f04dae8e19d779f9f8c56871e4f0840ce310340
scene_1_3_terminalgain_globalmax_interp_0903,family_06,69,6.622795,6.702875,0.08008,30,2,28,2.9,3.338154,3.2916,1.014143,0.21265,2.1265,2.25548,0.621135,0.038387,1.771749,0.0,scene_1_extra|scene_1.3_med_probe_y03_12p73|697|39,scene_1_extra|scene_1.3_med_probe_y03_12p73|679|21,ed1cc199f1176c11f5e175c0b68b09a2b04a5b46,baa77370cd027bbab171b7c91d597aad04d396fb
scene_1_3_terminalgain_globalmax_interp_0904,family_06,70,6.622795,6.702875,0.08008,30,2,28,2.9,3.316986,3.2916,1.007712,0.21265,2.1265,2.253007,0.581435,0.011893,1.303611,0.0,scene_1_extra|scene_1.3_med_probe_y03_12p73|697|39,scene_1_extra|scene_1.3_med_probe_y03_12p73|679|21,8729315b1eac249a4ff1bc942e769d82fad560bb,fe2380801809d571e374f34fbcf413d10c5e67c3
scene_1_3_terminalgain_globalmax_interp_0905,family_06,71,6.622795,6.702875,0.08008,30,2,28,2.9,3.296865,3.2916,1.0016,0.21265,2.1265,2.251124,0.632567,0.062172,0.591632,0.0,scene_1_extra|scene_1.3_med_probe_y03_12p73|697|39,scene_1_extra|scene_1.3_med_probe_y03_12p73|679|21,80c05cdf561078067893dddde8ab0d2f81ff27ad,19e1164eee0892eb78efacf9f3390cdc81d1f3e7
scene_1_3_terminalgain_globalmax_interp_0906,family_06,72,6.622795,6.702875,0.08008,30,2,28,2.9,3.310085,3.2916,1.005616,0.21265,2.1265,2.252299,0.736984,0.112451,1.111039,0.0,scene_1_extra|scene_1.3_med_probe_y03_12p73|697|39,scene_1_extra|scene_1.3_med_probe_y03_12p73|679|21,1e31abf1b4458fdabd457dbe7cc11f7d919d9c9e,5943b0204ccccc8f209907334897c2acf7e2c9e3
scene_1_3_terminalgain_globalmax_interp_0907,family_06,73,6.622795,6.702875,0.08008,30,2,28,2.9,3.301533,3.2916,1.003018,0.21265,2.1265,2.251526,0.698943,0.16273,0.813422,0.0,scene_1_extra|scene_1.3_med_probe_y03_12p73|697|39,scene_1_extra|scene_1.3_med_probe_y03_12p73|679|21,b054f6dd17d7f2e4ec15817b2f4a150827753702,73d30c33e32ac117ed3772c75f7047d94f3686e6
scene_1_3_terminalgain_globalmax_interp_0908,family_06,74,6.622795,6.702875,0.08008,30,2,28,2.9,3.315777,3.2916,1.007345,0.21265,2.1265,2.252908,0.607985,0.131762,1.271918,0.0,scene_1_extra|scene_1.3_med_probe_y03_12p73|697|39,scene_1_extra|scene_1.3_med_probe_y03_12p73|679|21,4c7c8c079bf7f8fc7534ffd3223ecfe67b6614f1,d70b2b5cb2031307a5137b373b73c850c68db0b7
scene_1_3_terminalgain_globalmax_interp_0909,family_06,75,6.622795,6.702875,0.08008,30,2,28,2.9,3.301193,3.2916,1.002914,0.21265,2.1265,2.25148,0.584822,0.081483,0.799439,0.0,scene_1_extra|scene_1.3_med_probe_y03_12p73|697|39,scene_1_extra|scene_1.3_med_probe_y03_12p73|679|21,69954a34faa96d5a3a0e248c6d545beb631b8b47,d9214453fbe4e760513b5eff5273ff04c6bd1737
scene_1_3_terminalgain_globalmax_interp_0910,family_06,76,6.622795,6.702875,0.08008,30,2,28,2.9,3.293463,3.2916,1.000566,0.21265,2.1265,2.250854,0.651348,0.031204,0.351876,0.0,scene_1_extra|scene_1.3_med_probe_y03_12p73|697|39,scene_1_extra|scene_1.3_med_probe_y03_12p73|679|21,f0893398fea5bc53a1dfc7eb401973e9b00256c7,52e3cb82e3184aadec073edccc29b9e4c161e106
scene_1_3_terminalgain_globalmax_interp_0911,family_06,77,6.622795,6.702875,0.08008,30,2,28,2.9,3.332633,3.2916,1.012466,0.21265,2.1265,2.254813,0.760312,0.019075,1.661768,0.0,scene_1_extra|scene_1.3_med_probe_y03_12p73|697|39,scene_1_extra|scene_1.3_med_probe_y03_12p73|679|21,882c500574e4af8988eec5683633679081c0c5db,c80872bd34ce8061b7690c4a54ade34899248499
scene_1_3_terminalgain_globalmax_interp_0912,family_06,78,6.622795,6.702875,0.08008,30,2,28,2.9,3.329129,3.2916,1.011401,0.21265,2.1265,2.254369,0.677062,0.069355,1.588456,0.0,scene_1_extra|scene_1.3_med_probe_y03_12p73|697|39,scene_1_extra|scene_1.3_med_probe_y03_12p73|679|21,5209a8731d39ce30d696031ede749d49c3ea2b82,b7adf1cb673c2b8f4e0c4ab1e44ccf661ff02ae5
scene_1_3_terminalgain_globalmax_interp_0913,family_06,79,6.622795,6.702875,0.08008,30,2,28,2.9,3.293771,3.2916,1.00066,0.21265,2.1265,2.250871,0.594835,0.119634,0.379917,0.0,scene_1_extra|scene_1.3_med_probe_y03_12p73|697|39,scene_1_extra|scene_1.3_med_probe_y03_12p73|679|21,051e6115ea62ddb106057cd7f1b55762ba6e2a11,02e34daa5c793c2eadf2e4fb2eab18d9b66f5a84
scene_1_3_terminalgain_globalmax_interp_0914,family_06,80,6.622795,6.702875,0.08008,30,2,28,2.9,3.300916,3.2916,1.00283,0.21265,2.1265,2.251477,0.59159,0.169913,0.787586,0.0,scene_1_extra|scene_1.3_med_probe_y03_12p73|697|39,scene_1_extra|scene_1.3_med_probe_y03_12p73|679|21,9a4bf8dbe971b2e586408b4177ddd8a37f5da78b,63bb4c86e3a2acc14e1c9e15f65e41f51f2d5268
scene_1_3_terminalgain_globalmax_interp_0915,family_06,81,6.622795,6.702875,0.08008,30,2,28,2.9,3.316957,3.2916,1.007703,0.21265,2.1265,2.253,0.670127,0.173832,1.302823,0.0,scene_1_extra|scene_1.3_med_probe_y03_12p73|697|39,scene_1_extra|scene_1.3_med_probe_y03_12p73|679|21,e48e7a15686d8578264a293d5f68ad6d0d2db1ba,9aed203a87762b4d29448e388a8005bbce8d7838
scene_1_3_terminalgain_globalmax_interp_0916,family_06,82,6.622795,6.702875,0.08008,30,2,28,2.9,3.299908,3.2916,1.002524,0.21265,2.1265,2.251388,0.78364,0.123553,0.743762,0.0,scene_1_extra|scene_1.3_med_probe_y03_12p73|697|39,scene_1_extra|scene_1.3_med_probe_y03_12p73|679|21,c93d4e72eec7498f3ac6e29c89a8477cf84d44df,159eab2fa941a95959c92679706640198d00c129
scene_1_3_terminalgain_globalmax_interp_0917,family_06,83,6.622795,6.702875,0.08008,30,2,28,2.9,3.312328,3.2916,1.006297,0.21265,2.1265,2.252546,0.786656,0.073274,1.177241,0.0,scene_1_extra|scene_1.3_med_probe_y03_12p73|697|39,scene_1_extra|scene_1.3_med_probe_y03_12p73|679|21,a5cde9edb2aa5a644914a74d719a96d42f508e5d,224beffb9fe002e6d741fcdaf9ebddc7f91f725f
scene_1_3_terminalgain_globalmax_interp_0918,family_06,84,6.622795,6.702875,0.08008,30,2,28,2.9,3.296123,3.2916,1.001374,0.21265,2.1265,2.251055,0.672555,0.022994,0.548507,0.0,scene_1_extra|scene_1.3_med_probe_y03_12p73|697|39,scene_1_extra|scene_1.3_med_probe_y03_12p73|679|21,55a7ad3c0d440887cd3e6ae4e806bd17d5513b72,d87fe49b1332c92ebc50d9f320e672bc4c25a94a
scene_1_3_terminalgain_globalmax_interp_0919,family_06,85,6.622795,6.702875,0.08008,30,2,28,2.9,3.320092,3.2916,1.008656,0.21265,2.1265,2.253373,0.592464,0.027285,1.38189,0.0,scene_1_extra|scene_1.3_med_probe_y03_12p73|697|39,scene_1_extra|scene_1.3_med_probe_y03_12p73|679|21,9972eb3ac37f553756eb6c2ef22dcac694e14674,bd0d288d1b62862f111bf6fb1c6e4927033f1885
scene_1_3_terminalgain_globalmax_interp_0920,family_06,86,6.622795,6.702875,0.08008,30,2,28,2.9,3.341508,3.2916,1.015162,0.21265,2.1265,2.255929,0.593215,0.077564,1.835313,0.0,scene_1_extra|scene_1.3_med_probe_y03_12p73|697|39,scene_1_extra|scene_1.3_med_probe_y03_12p73|679|21,e22200dbbd15c425b81a0eb1fb67378326dedf0c,1424a523c0faf153d54d77b0fe11c01a7feee9e2
scene_1_3_terminalgain_globalmax_interp_0921,family_06,87,6.622795,6.702875,0.08008,30,2,28,2.9,3.318103,3.2916,1.008052,0.21265,2.1265,2.253141,0.674635,0.127842,1.332277,0.0,scene_1_extra|scene_1.3_med_probe_y03_12p73|697|39,scene_1_extra|scene_1.3_med_probe_y03_12p73|679|21,d5a67d1753f51a900eadddc98a24bcca4c3fdaec,da556ee30669bb5448864cd2f27f7eee196a6bb9
scene_1_3_terminalgain_globalmax_interp_0922,family_06,88,6.622795,6.702875,0.08008,30,2,28,2.9,3.299733,3.2916,1.002471,0.21265,2.1265,2.251373,0.763327,0.166649,0.735828,0.0,scene_1_extra|scene_1.3_med_probe_y03_12p73|697|39,scene_1_extra|scene_1.3_med_probe_y03_12p73|679|21,acfe1d589088ef4782c21a4f14aaab936c83c7e5,dbd065799a3de18edbc500576094810da9a68b45
scene_1_3_terminalgain_globalmax_interp_0923,family_06,89,6.622795,6.702875,0.08008,30,2,28,2.9,3.304393,3.2916,1.003887,0.21265,2.1265,2.251779,0.653775,0.11637,0.923582,0.0,scene_1_extra|scene_1.3_med_probe_y03_12p73|697|39,scene_1_extra|scene_1.3_med_probe_y03_12p73|679|21,f1c91b68e5d9bf06bac23e48e5a294204dff0776,794091c80759f1712d7628fe0be82bd2eaca8365
scene_1_3_terminalgain_globalmax_interp_0924,family_06,90,6.622795,6.702875,0.08008,30,2,28,2.9,3.320855,3.2916,1.008888,0.21265,2.1265,2.253442,0.585697,0.066091,1.400408,0.0,scene_1_extra|scene_1.3_med_probe_y03_12p73|697|39,scene_1_extra|scene_1.3_med_probe_y03_12p73|679|21,78a48dc38b9f44e3f8fc5b202cb583a47c1163c1,cb3e1c9213fe63e8dd0d18c218a432cd85262a64
scene_1_3_terminalgain_globalmax_interp_0925,family_06,91,6.622795,6.702875,0.08008,30,2,28,2.9,3.294469,3.2916,1.000872,0.21265,2.1265,2.250928,0.606285,0.015812,0.436811,0.0,scene_1_extra|scene_1.3_med_probe_y03_12p73|697|39,scene_1_extra|scene_1.3_med_probe_y03_12p73|679|21,bde951269be9981491d21c5c9b164283f9de1b3d,4f442e09bbdd49bd253bd9f31aefa023963db2bf
scene_1_3_terminalgain_globalmax_interp_0926,family_06,92,6.622795,6.702875,0.08008,30,2,28,2.9,3.302692,3.2916,1.00337,0.21265,2.1265,2.251634,0.695926,0.034468,0.859807,0.0,scene_1_extra|scene_1.3_med_probe_y03_12p73|697|39,scene_1_extra|scene_1.3_med_probe_y03_12p73|679|21,9c980c9152c83fc7705d58be3bcdf5191b952bb3,2fb16df8862ae4ab80b56a020eff30ae837a9227
scene_1_3_terminalgain_globalmax_interp_0927,family_06,93,6.622795,6.702875,0.08008,30,2,28,2.9,3.317812,3.2916,1.007963,0.21265,2.1265,2.25312,0.74,0.084747,1.324896,0.0,scene_1_extra|scene_1.3_med_probe_y03_12p73|697|39,scene_1_extra|scene_1.3_med_probe_y03_12p73|679|21,69709a02b398a57f82aa77fc30831907fe0ac6f1,15acaf098e0e664878349243f8cfaa168709f3a5
scene_1_3_terminalgain_globalmax_interp_0928,family_06,94,6.622795,6.702875,0.08008,30,2,28,2.9,3.311291,3.2916,1.005982,0.21265,2.1265,2.252447,0.634994,0.135025,1.147005,0.0,scene_1_extra|scene_1.3_med_probe_y03_12p73|697|39,scene_1_extra|scene_1.3_med_probe_y03_12p73|679|21,59ae75d0898d604c1422ae456a07caec677d9c91,9160c9f1277d00b6b481907cd4953d29acf00b7e
scene_1_3_terminalgain_globalmax_interp_0929,family_06,95,6.622795,6.702875,0.08008,30,2,28,2.9,3.311462,3.2916,1.006034,0.21265,2.1265,2.252446,0.581435,0.159466,1.152229,0.0,scene_1_extra|scene_1.3_med_probe_y03_12p73|697|39,scene_1_extra|scene_1.3_med_probe_y03_12p73|679|21,54a7394ef83acfd564ab71060b5ee0d00062c062,d3ed6f741d6f31923658f7c9a75b9fff52946ffe
scene_1_3_terminalgain_globalmax_interp_0930,family_06,96,6.622795,6.702875,0.08008,30,2,28,2.9,3.316986,3.2916,1.007712,0.21265,2.1265,2.253046,0.619435,0.109187,1.303698,0.0,scene_1_extra|scene_1.3_med_probe_y03_12p73|697|39,scene_1_extra|scene_1.3_med_probe_y03_12p73|679|21,6cde6d5e4849b9631111ab1e691f07616559d0f1,712815cecd12283325b647168087b42d92584efd
scene_1_3_terminalgain_globalmax_interp_0931,family_06,97,6.622795,6.702875,0.08008,30,2,28,2.9,3.306319,3.2916,1.004472,0.21265,2.1265,2.251974,0.719255,0.058908,0.990778,0.0,scene_1_extra|scene_1.3_med_probe_y03_12p73|697|39,scene_1_extra|scene_1.3_med_probe_y03_12p73|679|21,454f91ff74ce11fbd0d2f19dd845a0e1c93cf543,636bd04d0473d869fc221ef2a727f66f6779b229
scene_1_3_terminalgain_globalmax_interp_0932,family_06,98,6.622795,6.702875,0.08008,30,2,28,2.9,3.306438,3.2916,1.004508,0.21265,2.1265,2.251962,0.716672,0.008629,0.994928,0.0,scene_1_extra|scene_1.3_med_probe_y03_12p73|697|39,scene_1_extra|scene_1.3_med_probe_y03_12p73|679|21,e22ced4cbebfdc5f8ff45be2ca880d7ab0730216,72a0480b6ccda5e6c5b192152a7e26cc6ab844ca
scene_1_3_terminalgain_globalmax_interp_0933,family_06,99,6.622795,6.702875,0.08008,30,2,28,2.9,3.309635,3.2916,1.005479,0.21265,2.1265,2.252275,0.617979,0.04165,1.097367,0.0,scene_1_extra|scene_1.3_med_probe_y03_12p73|697|39,scene_1_extra|scene_1.3_med_probe_y03_12p73|679|21,c17f78b1381a594dc6df4b712284afa5bb5318e7,e36867edee83dee39a5fef0311a4b4d888608055
scene_1_3_terminalgain_globalmax_interp_0934,family_06,100,6.622795,6.702875,0.08008,30,2,28,2.9,3.291731,3.2916,1.00004,0.21265,2.1265,2.250709,0.581435,0.09193,0.094287,0.0,scene_1_extra|scene_1.3_med_probe_y03_12p73|697|39,scene_1_extra|scene_1.3_med_probe_y03_12p73|679|21,1bfce4b94329092a1e6e2c5e2ba295a0796c0bba,46d873dd0939e2ba8fd51f6b530ded01c795732a
scene_1_3_terminalgain_globalmax_interp_0935,family_06,101,6.622795,6.702875,0.08008,30,2,28,2.9,3.328825,3.2916,1.011309,0.21265,2.1265,2.254364,0.637074,0.142208,1.581804,0.0,scene_1_extra|scene_1.3_med_probe_y03_12p73|697|39,scene_1_extra|scene_1.3_med_probe_y03_12p73|679|21,0dba7bd5f82d03383277c01f1df3175e3939e12e,1457656cd3c952ec924d6d6dd21ce872209c9fca
scene_1_3_terminalgain_globalmax_interp_0936,family_06,102,6.622795,6.702875,0.08008,30,2,28,2.9,3.319263,3.2916,1.008404,0.21265,2.1265,2.253291,0.742582,0.152284,1.361503,0.0,scene_1_extra|scene_1.3_med_probe_y03_12p73|697|39,scene_1_extra|scene_1.3_med_probe_y03_12p73|679|21,4dfd6e8df9b58c931a193fa98d2e916364b3ce86,a13be72c2f253ad4a224965c41163c5c7343a201
scene_1_3_terminalgain_globalmax_interp_0937,family_06,103,6.622795,6.702875,0.08008,30,2,28,2.9,3.293424,3.2916,1.000554,0.21265,2.1265,2.250842,0.693344,0.102004,0.348136,0.0,scene_1_extra|scene_1.3_med_probe_y03_12p73|697|39,scene_1_extra|scene_1.3_med_probe_y03_12p73|679|21,e3efd12e075597093babd4979dff420e1ef4705d,6c8013ef6dbf053b4fc6587843d76d1c1c7ad9f7
scene_1_3_terminalgain_globalmax_interp_0938,family_06,104,6.622795,6.702875,0.08008,30,2,28,2.9,3.318171,3.2916,1.008072,0.21265,2.1265,2.253154,0.604829,0.051725,1.334168,0.0,scene_1_extra|scene_1.3_med_probe_y03_12p73|697|39,scene_1_extra|scene_1.3_med_probe_y03_12p73|679|21,f5a13ff9a424b117463de37eb80da6888c2d2dd0,dc9d00ac9e3ae3d2eb286b8b4e7859a823b45ffb
scene_1_3_terminalgain_globalmax_interp_0939,family_06,105,6.622795,6.702875,0.08008,30,2,28,2.9,3.32141,3.2916,1.009056,0.21265,2.1265,2.253503,0.586447,0.001446,1.413688,0.0,scene_1_extra|scene_1.3_med_probe_y03_12p73|697|39,scene_1_extra|scene_1.3_med_probe_y03_12p73|679|21,c41f56324567e1783c6af76eb0ea807e613e381b,de1bbcd66039b559368740335abc5a5f72eae269
scene_1_3_terminalgain_globalmax_interp_0940,family_06,106,6.622795,6.702875,0.08008,30,2,28,2.9,3.303588,3.2916,1.003642,0.21265,2.1265,2.251701,0.655854,0.048833,0.893752,0.0,scene_1_extra|scene_1.3_med_probe_y03_12p73|697|39,scene_1_extra|scene_1.3_med_probe_y03_12p73|679|21,fe74d423834f84201acab5a676b8fe4b678002f4,feb20ab5757b467e63fa16acb44b92a04829217a
scene_1_3_terminalgain_globalmax_interp_0941,family_06,107,6.622795,6.702875,0.08008,30,2,28,2.9,3.303189,3.2916,1.003521,0.21265,2.1265,2.251668,0.765911,0.099112,0.878846,0.0,scene_1_extra|scene_1.3_med_probe_y03_12p73|697|39,scene_1_extra|scene_1.3_med_probe_y03_12p73|679|21,e8adb5adbaf00169fcf48827a55845a1773eb2b2,c736e453ec9be4d2036a352f48692d8c34e40b62
scene_1_3_terminalgain_globalmax_interp_0942,family_06,108,6.622795,6.702875,0.08008,30,2,28,2.9,3.302148,3.2916,1.003204,0.21265,2.1265,2.251572,0.781991,0.149391,0.838487,0.0,scene_1_extra|scene_1.3_med_probe_y03_12p73|697|39,scene_1_extra|scene_1.3_med_probe_y03_12p73|679|21,fab9f733923adeb56fcade5366aaa51a26af2154,519593e051e96e6f74b62a5541fe8384ca7c76ff
scene_1_3_terminalgain_globalmax_interp_0943,family_06,109,6.622795,6.702875,0.08008,30,2,28,2.9,3.313319,3.2916,1.006598,0.21265,2.1265,2.252642,0.668799,0.145101,1.205079,0.0,scene_1_extra|scene_1.3_med_probe_y03_12p73|697|39,scene_1_extra|scene_1.3_med_probe_y03_12p73|679|21,9fb464e0aa1151276c94127fbf29f8205607f05a,48e56202dfa7b04fce03a442190ea8046ac81bf2
scene_1_3_terminalgain_globalmax_interp_0944,family_06,110,6.622795,6.702875,0.08008,30,2,28,2.9,3.323362,3.2916,1.009649,0.21265,2.1265,2.253702,0.591111,0.094822,1.459657,0.0,scene_1_extra|scene_1.3_med_probe_y03_12p73|697|39,scene_1_extra|scene_1.3_med_probe_y03_12p73|679|21,ce077603487d48da0aa7415df2fd868ce60fab7d,f18a05cc99a0e1c78b056333276b5b2783eb96c3
scene_1_3_terminalgain_globalmax_interp_0945,family_06,111,6.622795,6.702875,0.08008,30,2,28,2.9,3.297259,3.2916,1.001719,0.21265,2.1265,2.251155,0.595765,0.044543,0.613493,0.0,scene_1_extra|scene_1.3_med_probe_y03_12p73|697|39,scene_1_extra|scene_1.3_med_probe_y03_12p73|679|21,e528ac4b6735b434105948f578a6b3c6b6b814bd,378f32ef214f90e2cf63ba9cc8f0182eb48dca83
scene_1_3_terminalgain_globalmax_interp_0946,family_06,112,6.622795,6.702875,0.08008,30,2,28,2.9,3.295977,3.2916,1.00133,0.21265,2.1265,2.251052,0.67839,0.005737,0.539569,0.0,scene_1_extra|scene_1.3_med_probe_y03_12p73|697|39,scene_1_extra|scene_1.3_med_probe_y03_12p73|679|21,e48f1916743a5236c3832ad4aad3946012aa983e,43c843478e5918ccf54f5d113cff8b0b9bd107f6
scene_1_3_terminalgain_globalmax_interp_0947,family_06,113,6.622795,6.702875,0.08008,30,2,28,2.9,3.333524,3.2916,1.012737,0.21265,2.1265,2.254919,0.758662,0.056016,1.680068,0.0,scene_1_extra|scene_1.3_med_probe_y03_12p73|697|39,scene_1_extra|scene_1.3_med_probe_y03_12p73|679|21,1d39e09a5be9ec8c80d80821e6bb732c648300d8,1cf1807c8e35426293aa43359325ba935a7b72f9
scene_1_3_terminalgain_globalmax_interp_0948,family_06,114,6.622795,6.702875,0.08008,30,2,28,2.9,3.32387,3.2916,1.009804,0.21265,2.1265,2.253758,0.650019,0.106294,1.471571,0.0,scene_1_extra|scene_1.3_med_probe_y03_12p73|697|39,scene_1_extra|scene_1.3_med_probe_y03_12p73|679|21,3e73461866bb5f7e6d29b74f18b3d943f2a0fc1a,186b87035fb16aafe3651d89f52905a72ff69d6f
scene_1_3_terminalgain_globalmax_interp_0949,family_06,115,6.622795,6.702875,0.08008,30,2,28,2.9,3.300729,3.2916,1.002773,0.21265,2.1265,2.251449,0.584344,0.156573,0.779592,0.0,scene_1_extra|scene_1.3_med_probe_y03_12p73|697|39,scene_1_extra|scene_1.3_med_probe_y03_12p73|679|21,512281c64933bc3edfe8561e5b7208b30a58fccb,2cbf3f09b5715c970dd1945c57d57f4288869faa
scene_1_3_terminalgain_globalmax_interp_0950,family_06,116,6.622795,6.702875,0.08008,30,2,28,2.9,3.296066,3.2916,1.001357,0.21265,2.1265,2.25106,0.608915,0.137918,0.54488,0.0,scene_1_extra|scene_1.3_med_probe_y03_12p73|697|39,scene_1_extra|scene_1.3_med_probe_y03_12p73|679|21,32ebb7881ede6098ac91d61530eceda117c8cb78,a44da2fe8f8fdb9151980de9f168a2bb459133ee
scene_1_3_terminalgain_globalmax_interp_0951,family_06,117,6.622795,6.702875,0.08008,30,2,28,2.9,3.334133,3.2916,1.012922,0.21265,2.1265,2.254968,0.700592,0.087639,1.692369,0.0,scene_1_extra|scene_1.3_med_probe_y03_12p73|697|39,scene_1_extra|scene_1.3_med_probe_y03_12p73|679|21,1596edee39564f9b193d40779e7d3125a711b6e4,8699c06426bdef29125d71cde09c89286f94ce5d
scene_1_3_terminalgain_globalmax_interp_0952,family_06,118,6.622795,6.702875,0.08008,30,2,28,2.9,3.319736,3.2916,1.008548,0.21265,2.1265,2.253335,0.735334,0.03736,1.373244,0.0,scene_1_extra|scene_1.3_med_probe_y03_12p73|697|39,scene_1_extra|scene_1.3_med_probe_y03_12p73|679|21,c6781d4471b6955295a98d3c28046bf8ec9d55ed,1c1a92afd16bd2bd350128550a04d96c417de13b
scene_1_3_terminalgain_globalmax_interp_0953,family_06,119,6.622795,6.702875,0.08008,30,2,28,2.9,3.302487,3.2916,1.003307,0.21265,2.1265,2.251599,0.631239,0.012919,0.85167,0.0,scene_1_extra|scene_1.3_med_probe_y03_12p73|697|39,scene_1_extra|scene_1.3_med_probe_y03_12p73|679|21,063614d112cd94a505a6295e01a3392dc7182375,0cd359d106df174d4ea386cdc1d0eaab16283038
scene_1_3_terminalgain_globalmax_interp_0954,family_06,120,6.622795,6.702875,0.08008,30,2,28,2.9,3.30554,3.2916,1.004235,0.21265,2.1265,2.251895,0.581435,0.063199,0.964328,0.0,scene_1_extra|scene_1.3_med_probe_y03_12p73|697|39,scene_1_extra|scene_1.3_med_probe_y03_12p73|679|21,6e3879b43a8a6569a37033b534cb0e07c064988a,29e8bd1494cff940150662a076349c061636303f
scene_1_3_terminalgain_globalmax_interp_0955,family_06,121,6.622795,6.702875,0.08008,30,2,28,2.9,3.299799,3.2916,1.002491,0.21265,2.1265,2.251371,0.622065,0.113477,0.738708,0.0,scene_1_extra|scene_1.3_med_probe_y03_12p73|697|39,scene_1_extra|scene_1.3_med_probe_y03_12p73|679|21,4d25e1b72d0123db84b7d57df6bc3bd426175f1e,fda94403ffc5bb50a0b86ea0e0de7dea082be6ee
scene_1_3_terminalgain_globalmax_interp_0956,family_06,122,6.622795,6.702875,0.08008,30,2,28,2.9,3.327246,3.2916,1.010829,0.21265,2.1265,2.254125,0.72392,0.163756,1.547365,0.0,scene_1_extra|scene_1.3_med_probe_y03_12p73|697|39,scene_1_extra|scene_1.3_med_probe_y03_12p73|679|21,73bb000032409ea7a6e99bf64eade90fc3d09b46,cccc60754bad3df2803196adc0b3ee21e977168e
scene_1_3_terminalgain_globalmax_interp_0957,family_06,123,6.622795,6.702875,0.08008,30,2,28,2.9,3.314772,3.2916,1.00704,0.21265,2.1265,2.252772,0.712006,0.130735,1.245111,0.0,scene_1_extra|scene_1.3_med_probe_y03_12p73|697|39,scene_1_extra|scene_1.3_med_probe_y03_12p73|679|21,6a6a998484a1cb437d13dfafa00c7959168909d3,47ee795e130822c97d4a171e3de7a2ac5851bb0f
scene_1_3_terminalgain_globalmax_interp_0958,family_06,124,6.622795,6.702875,0.08008,30,2,28,2.9,3.294425,3.2916,1.000858,0.21265,2.1265,2.250918,0.615349,0.080456,0.433321,0.0,scene_1_extra|scene_1.3_med_probe_y03_12p73|697|39,scene_1_extra|scene_1.3_med_probe_y03_12p73|679|21,117746ae758f42f413d0675ab3d72bd8d77f33d4,f9131f9bdd9a588785ac68599b0a4c5d05613957
scene_1_3_terminalgain_globalmax_interp_0959,family_06,125,6.622795,6.702875,0.08008,30,2,28,2.9,3.314168,3.2916,1.006856,0.21265,2.1265,2.252708,0.581435,0.030177,1.228572,0.0,scene_1_extra|scene_1.3_med_probe_y03_12p73|697|39,scene_1_extra|scene_1.3_med_probe_y03_12p73|679|21,4e5de0754640279ded94503804e9d353ac30b3fd,20d700d47fad771835712bc21ef2778b72baf506
scene_1_3_terminalgain_globalmax_interp_0960,family_06,126,6.622795,6.702875,0.08008,30,2,28,2.9,3.324727,3.2916,1.010064,0.21265,2.1265,2.253854,0.640831,0.020102,1.491165,0.0,scene_1_extra|scene_1.3_med_probe_y03_12p73|697|39,scene_1_extra|scene_1.3_med_probe_y03_12p73|679|21,33fa97defe4ce67f6fa6bc619a47de5077bc2153,882ca074f5241a7220e91eafaaff49c25f26875d
scene_1_3_terminalgain_globalmax_interp_0961,family_06,127,6.622795,6.702875,0.08008,30,2,28,2.9,3.292114,3.2916,1.000156,0.21265,2.1265,2.250742,0.747249,0.070381,0.184995,0.0,scene_1_extra|scene_1.3_med_probe_y03_12p73|697|39,scene_1_extra|scene_1.3_med_probe_y03_12p73|679|21,df20ddb82c61af0fcecdb30f354b21f03867c049,dccd93faa2deb29fdfd6fa5631d15406b17bb5fc
scene_1_3_terminalgain_globalmax_interp_0962,family_06,128,6.622795,6.702875,0.08008,30,2,28,2.9,3.3091,3.2916,1.005317,0.21265,2.1265,2.252222,0.688678,0.12066,1.08098,0.0,scene_1_extra|scene_1.3_med_probe_y03_12p73|697|39,scene_1_extra|scene_1.3_med_probe_y03_12p73|679|21,754ac7672e56734d2df1fff742ee73e8ca60137d,c223ce0e6440d401d03c73e8a5f8c5ee6169002d
scene_1_3_terminalgain_globalmax_interp_0963,family_06,129,6.622795,6.702875,0.08008,30,2,28,2.9,3.308031,3.2916,1.004992,0.21265,2.1265,2.252141,0.602199,0.170939,1.047348,0.0,scene_1_extra|scene_1.3_med_probe_y03_12p73|697|39,scene_1_extra|scene_1.3_med_probe_y03_12p73|679|21,b9e7b7a652c80798faa74b512492db9b19a963bc,b84b46d6b89ae8309b9f09f26dc46c0293da0f3d
scene_1_3_terminalgain_globalmax_interp_0964,family_06,130,6.622795,6.702875,0.08008,30,2,28,2.9,3.304272,3.2916,1.00385,0.21265,2.1265,2.251773,0.5878,0.172806,0.919094,0.0,scene_1_extra|scene_1.3_med_probe_y03_12p73|697|39,scene_1_extra|scene_1.3_med_probe_y03_12p73|679|21,59e0ce03bf256839fa7db8754ad1478624095973,dd969613070c35d0dd729494e4995cb2b1f87129
scene_1_3_terminalgain_globalmax_interp_0965,family_06,131,6.622795,6.702875,0.08008,30,2,28,2.9,3.319455,3.2916,1.008462,0.21265,2.1265,2.253257,0.65961,0.122527,1.366104,0.0,scene_1_extra|scene_1.3_med_probe_y03_12p73|697|39,scene_1_extra|scene_1.3_med_probe_y03_12p73|679|21,4d80de6ea34d8d88a29d2dbd1e0d16c883d40bb5,e911d0118eac00db1afe36d6d2d9d7f6d9799d96
scene_1_3_terminalgain_globalmax_interp_0966,family_06,132,6.622795,6.702875,0.08008,30,2,28,2.9,3.309835,3.2916,1.00554,0.21265,2.1265,2.252309,0.770576,0.072248,1.103373,0.0,scene_1_extra|scene_1.3_med_probe_y03_12p73|697|39,scene_1_extra|scene_1.3_med_probe_y03_12p73|679|21,4c9037ec56afa6ab75429b97130bfc3f1838a3ab,cabdf1073f68d92094f10c77f49d5aa332761d97
scene_1_3_terminalgain_globalmax_interp_0967,family_06,133,6.622795,6.702875,0.08008,30,2,28,2.9,3.31418,3.2916,1.00686,0.21265,2.1265,2.252732,0.777324,0.021968,1.229054,0.0,scene_1_extra|scene_1.3_med_probe_y03_12p73|697|39,scene_1_extra|scene_1.3_med_probe_y03_12p73|679|21,6d2aa449b29778efecfbba4aa2e4c44a839a0cdb,09d6616268a2600a4c30837395c46d9f633e0a90
scene_1_3_terminalgain_globalmax_interp_0968,family_06,134,6.622795,6.702875,0.08008,30,2,28,2.9,3.324568,3.2916,1.010016,0.21265,2.1265,2.253845,0.665043,0.028311,1.487469,0.0,scene_1_extra|scene_1.3_med_probe_y03_12p73|697|39,scene_1_extra|scene_1.3_med_probe_y03_12p73|679|21,044fae4d8a5d1f282e53749180a9246c2282317a,1e9cc7bb1f288f279ccef86d305e2933cb8668d5
scene_1_3_terminalgain_globalmax_interp_0969,family_06,135,6.622795,6.702875,0.08008,30,2,28,2.9,3.300983,3.2916,1.00285,0.21265,2.1265,2.251474,0.589757,0.07859,0.790506,0.0,scene_1_extra|scene_1.3_med_probe_y03_12p73|697|39,scene_1_extra|scene_1.3_med_probe_y03_12p73|679|21,791c907b0c2e20feb70e41ebf67e4f21e09d7c0c,ad05419138b52dc46d7690d3b32b757b69362805
scene_1_3_terminalgain_globalmax_interp_0970,family_06,136,6.622795,6.702875,0.08008,30,2,28,2.9,3.2972,3.2916,1.001701,0.21265,2.1265,2.251153,0.598395,0.128869,0.610432,0.0,scene_1_extra|scene_1.3_med_probe_y03_12p73|697|39,scene_1_extra|scene_1.3_med_probe_y03_12p73|679|21,27fbbdb5ebe13dc449a57a055f17b613ed98ccaf,a8509c81415112a2ea67404e13136b0e849c5c72
scene_1_3_terminalgain_globalmax_interp_0971,family_06,137,6.622795,6.702875,0.08008,30,2,28,2.9,3.317471,3.2916,1.00786,0.21265,2.1265,2.253075,0.682147,0.165623,1.316124,0.0,scene_1_extra|scene_1.3_med_probe_y03_12p73|697|39,scene_1_extra|scene_1.3_med_probe_y03_12p73|679|21,45b8e9ea9bcf30b95f908a84d19268d2cf89abeb,3909be97257ce90d20106a46c479710f5c9e4d8b
scene_1_3_terminalgain_globalmax_interp_0972,family_06,138,6.622795,6.702875,0.08008,30,2,28,2.9,3.308259,3.2916,1.005061,0.21265,2.1265,2.25214,0.753997,0.115344,1.054486,0.0,scene_1_extra|scene_1.3_med_probe_y03_12p73|697|39,scene_1_extra|scene_1.3_med_probe_y03_12p73|679|21,e338bfb19285c87bccc07dbdf2b8db47a6f7d39f,61d8de49da4012ad2a6fcd4dcec72e88cc976195
scene_1_3_terminalgain_globalmax_interp_0973,family_06,139,6.622795,6.702875,0.08008,30,2,28,2.9,3.297462,3.2916,1.001781,0.21265,2.1265,2.251163,0.646262,0.065065,0.62433,0.0,scene_1_extra|scene_1.3_med_probe_y03_12p73|697|39,scene_1_extra|scene_1.3_med_probe_y03_12p73|679|21,ac53fcb27ea778c31068fa204134ca7be309545a,798a1571ad7df31bbf42e42c524a258377e8a451
scene_1_3_terminalgain_globalmax_interp_0974,family_06,140,6.622795,6.702875,0.08008,30,2,28,2.9,3.320241,3.2916,1.008701,0.21265,2.1265,2.253368,0.58299,0.014786,1.385492,0.0,scene_1_extra|scene_1.3_med_probe_y03_12p73|697|39,scene_1_extra|scene_1.3_med_probe_y03_12p73|679|21,7c9875218f5b8761b4d7ba33807a8a13f066e394,6a7cedca6f61b88d798e607b266252194e6cfe2b
scene_1_3_terminalgain_globalmax_interp_0975,family_06,141,6.622795,6.702875,0.08008,30,2,28,2.9,3.337697,3.2916,1.014004,0.21265,2.1265,2.255404,0.611545,0.035494,1.762938,0.0,scene_1_extra|scene_1.3_med_probe_y03_12p73|697|39,scene_1_extra|scene_1.3_med_probe_y03_12p73|679|21,93e916e56855fd5b2f5583b282807f2efddf157e,55dbea5dd3951494d7bd45b265b04446fdab7b85
scene_1_3_terminalgain_globalmax_interp_0976,family_06,142,6.622795,6.702875,0.08008,30,2,28,2.9,3.312911,3.2916,1.006474,0.21265,2.1265,2.252604,0.705258,0.085773,1.193743,0.0,scene_1_extra|scene_1.3_med_probe_y03_12p73|697|39,scene_1_extra|scene_1.3_med_probe_y03_12p73|679|21,cf8575b52a0c7638d9c0698e4e34913953b7f90d,43929f86eb54b53d3a01015d94c67377a4390acd
scene_1_3_terminalgain_globalmax_interp_0977,family_06,143,6.622795,6.702875,0.08008,30,2,28,2.9,3.296262,3.2916,1.001416,0.21265,2.1265,2.251074,0.730668,0.136052,0.556699,0.0,scene_1_extra|scene_1.3_med_probe_y03_12p73|697|39,scene_1_extra|scene_1.3_med_probe_y03_12p73|679|21,00f23d4d57eeba03d0afddfa378770aaa6f8984b,8287f05c2380b8f38459d0fa9c3a763f21270a93
scene_1_3_terminalgain_globalmax_interp_0978,family_06,144,6.622795,6.702875,0.08008,30,2,28,2.9,3.310646,3.2916,1.005786,0.21265,2.1265,2.25237,0.627483,0.158441,1.128103,0.0,scene_1_extra|scene_1.3_med_probe_y03_12p73|697|39,scene_1_extra|scene_1.3_med_probe_y03_12p73|679|21,bcd4e0a4a6a89ae8f0b029d861b77be0263da576,13fa98e7b9c60a1d52b282f1362ffe31d0f2e590
scene_1_3_terminalgain_globalmax_interp_0979,family_06,145,6.622795,6.702875,0.08008,30,2,28,2.9,3.305603,3.2916,1.004254,0.21265,2.1265,2.251914,0.581435,0.108161,0.96643,0.0,scene_1_extra|scene_1.3_med_probe_y03_12p73|697|39,scene_1_extra|scene_1.3_med_probe_y03_12p73|679|21,1e9bc8ad64b50304c2f91a1c136b2d51aaf773ef,70e8b8b71b2bf71e3b8f478733afb36bddfe2d8d
scene_1_3_terminalgain_globalmax_interp_0980,family_06,146,6.622795,6.702875,0.08008,30,2,28,2.9,3.309876,3.2916,1.005552,0.21265,2.1265,2.252309,0.625806,0.057882,1.104672,0.0,scene_1_extra|scene_1.3_med_probe_y03_12p73|697|39,scene_1_extra|scene_1.3_med_probe_y03_12p73|679|21,ffc40acf372140ab8e1249ecb59d3c0e1c91423e,967c02ab12477a0d95a5bf35d6a5c0395a3f5d91
scene_1_3_terminalgain_globalmax_interp_0981,family_06,147,6.622795,6.702875,0.08008,30,2,28,2.9,3.305429,3.2916,1.004201,0.21265,2.1265,2.251883,0.728586,0.007603,0.960405,0.0,scene_1_extra|scene_1.3_med_probe_y03_12p73|697|39,scene_1_extra|scene_1.3_med_probe_y03_12p73|679|21,f575aeade77372800371d520a2405845e8bd8680,546f43e7fefecd0a1bd44ce43117735a18507782
scene_1_3_terminalgain_globalmax_interp_0982,family_06,148,6.622795,6.702875,0.08008,30,2,28,2.9,3.292184,3.2916,1.000178,0.21265,2.1265,2.250745,0.707341,0.042676,0.197025,0.0,scene_1_extra|scene_1.3_med_probe_y03_12p73|697|39,scene_1_extra|scene_1.3_med_probe_y03_12p73|679|21,8f743561e64916f93635a43d14e663fd7c17a0bb,b66611b593f7fb4aff243694fa35f006552df76f
scene_1_3_terminalgain_globalmax_interp_0983,family_06,149,6.622795,6.702875,0.08008,30,2,28,2.9,3.334826,3.2916,1.013132,0.21265,2.1265,2.255059,0.612719,0.092956,1.706189,0.0,scene_1_extra|scene_1.3_med_probe_y03_12p73|697|39,scene_1_extra|scene_1.3_med_probe_y03_12p73|679|21,94985a6764b174b40327bc49619f8016a33f591a,1312a1d6196edd50e841bf528f2aae255dd77dee
scene_1_3_terminalgain_globalmax_interp_0984,family_06,150,6.622795,6.702875,0.08008,30,2,28,2.9,3.340901,3.2916,1.014978,0.21265,2.1265,2.255833,0.582386,0.143235,1.823843,0.0,scene_1_extra|scene_1.3_med_probe_y03_12p73|697|39,scene_1_extra|scene_1.3_med_probe_y03_12p73|679|21,64609015084c807ef673e9bacf893b7c6b4fa2fa,75d36f0eef702a38d59f0befe73a0216939e5299
scene_1_3_terminalgain_globalmax_interp_0985,family_06,151,6.622795,6.702875,0.08008,30,2,28,2.9,3.293282,3.2916,1.000511,0.21265,2.1265,2.250832,0.644586,0.151258,0.334538,0.0,scene_1_extra|scene_1.3_med_probe_y03_12p73|697|39,scene_1_extra|scene_1.3_med_probe_y03_12p73|679|21,07dce1615931587754f5375395b6f5a8f786fe81,ed32c2f661f8eade4ad984f123a898f7257944db
scene_1_3_terminalgain_globalmax_interp_0986,family_06,152,6.622795,6.702875,0.08008,30,2,28,2.9,3.302939,3.2916,1.003445,0.21265,2.1265,2.251634,0.751914,0.100979,0.869408,0.0,scene_1_extra|scene_1.3_med_probe_y03_12p73|697|39,scene_1_extra|scene_1.3_med_probe_y03_12p73|679|21,55c4d0887cda6692e3826b92b018db7102daacb6,b784ce1e2bb7edecd8e9fef116deccc956ec6f4c
scene_1_3_terminalgain_globalmax_interp_0987,family_06,153,6.622795,6.702875,0.08008,30,2,28,2.9,3.313163,3.2916,1.006551,0.21265,2.1265,2.252616,0.684012,0.050699,1.200828,0.0,scene_1_extra|scene_1.3_med_probe_y03_12p73|697|39,scene_1_extra|scene_1.3_med_probe_y03_12p73|679|21,78c2cfd756ce4cce8771adc2cac6b40c5da807c8,99d30c554c577f8491f5e6df1a1481828d19e28b
scene_1_3_terminalgain_globalmax_interp_0988,family_06,154,6.622795,6.702875,0.08008,30,2,28,2.9,3.306101,3.2916,1.004405,0.21265,2.1265,2.251939,0.599569,0.00042,0.983517,0.0,scene_1_extra|scene_1.3_med_probe_y03_12p73|697|39,scene_1_extra|scene_1.3_med_probe_y03_12p73|679|21,cece131d0f12a60ed706626c140ff637b9c8c306,5cbeb61fa301194055114a9b372ab1af0ed68148
scene_1_3_terminalgain_globalmax_interp_0989,family_06,155,6.622795,6.702875,0.08008,30,2,28,2.9,3.30603,3.2916,1.004384,0.21265,2.1265,2.251922,0.589154,0.049859,0.980993,0.0,scene_1_extra|scene_1.3_med_probe_y03_12p73|697|39,scene_1_extra|scene_1.3_med_probe_y03_12p73|679|21,afab9a20f85bbebc80c7b66cbbf65f0d95a5a18b,ec211fb0a60ccae3991540c4eff7289b353278e4
scene_1_3_terminalgain_globalmax_interp_0990,family_06,156,6.622795,6.702875,0.08008,30,2,28,2.9,3.298986,3.2916,1.002244,0.21265,2.1265,2.251302,0.663367,0.100138,0.701302,0.0,scene_1_extra|scene_1.3_med_probe_y03_12p73|697|39,scene_1_extra|scene_1.3_med_probe_y03_12p73|679|21,3258efacb1dd7987980c3e07a849e833c334929f,93d50a26cbf0ae7e138ccd41307b39b4a2c148c1
scene_1_3_terminalgain_globalmax_interp_0991,family_06,157,6.622795,6.702875,0.08008,30,2,28,2.9,3.310509,3.2916,1.005745,0.21265,2.1265,2.252368,0.775242,0.150418,1.123973,0.0,scene_1_extra|scene_1.3_med_probe_y03_12p73|697|39,scene_1_extra|scene_1.3_med_probe_y03_12p73|679|21,a5392b834863558e25b2066407f7ee3613b0059d,76baf0dcb6c481803dfa41dfda02834e5d517a11
scene_1_3_terminalgain_globalmax_interp_0992,family_06,158,6.622795,6.702875,0.08008,30,2,28,2.9,3.332966,3.2916,1.012567,0.21265,2.1265,2.254863,0.772659,0.144075,1.668666,0.0,scene_1_extra|scene_1.3_med_probe_y03_12p73|697|39,scene_1_extra|scene_1.3_med_probe_y03_12p73|679|21,baed3e63afbf0d826c03657fd2db85043c17cda0,103d10475152c0a167b6ec0d735b8206945a5fbb
scene_1_3_terminalgain_globalmax_interp_0993,family_06,159,6.622795,6.702875,0.08008,30,2,28,2.9,3.31208,3.2916,1.006222,0.21265,2.1265,2.252529,0.661287,0.093796,1.169852,0.0,scene_1_extra|scene_1.3_med_probe_y03_12p73|697|39,scene_1_extra|scene_1.3_med_probe_y03_12p73|679|21,1e99cdadf55e0c505f99dfb55e571faf92ce04c7,a0b2dbbd31baca105186781e41f12ea71acd43a5
scene_1_3_terminalgain_globalmax_interp_0994,family_06,160,6.622795,6.702875,0.08008,30,2,28,2.9,3.295642,3.2916,1.001228,0.21265,2.1265,2.251026,0.588405,0.043517,0.518476,0.0,scene_1_extra|scene_1.3_med_probe_y03_12p73|697|39,scene_1_extra|scene_1.3_med_probe_y03_12p73|679|21,edb4b4a1953eb2c903f4da75307c13b8acf7581a,3cd246b46ba850014e04aca0503bf9e916b94b81
scene_1_3_terminalgain_globalmax_interp_0995,family_06,161,6.622795,6.702875,0.08008,30,2,28,2.9,3.311306,3.2916,1.005987,0.21265,2.1265,2.25244,0.601025,0.006763,1.147443,0.0,scene_1_extra|scene_1.3_med_probe_y03_12p73|697|39,scene_1_extra|scene_1.3_med_probe_y03_12p73|679|21,7e437dd25e7fb86a6e4de2e6644c5ca2c79fcd58,b2b41e9562df723e41e280bedf765725d45404a2
scene_1_3_terminalgain_globalmax_interp_0996,family_06,162,6.622795,6.702875,0.08008,30,2,28,2.9,3.312024,3.2916,1.006205,0.21265,2.1265,2.252518,0.686595,0.057042,1.168348,0.0,scene_1_extra|scene_1.3_med_probe_y03_12p73|697|39,scene_1_extra|scene_1.3_med_probe_y03_12p73|679|21,1a19405d4a18278459412eab7e3f22158cd761af,a1d101b66592e682debb70cef3af8b47dc4d9d81
scene_1_3_terminalgain_globalmax_interp_0997,family_06,163,6.622795,6.702875,0.08008,30,2,28,2.9,3.296579,3.2916,1.001513,0.21265,2.1265,2.251104,0.749331,0.107321,0.575531,0.0,scene_1_extra|scene_1.3_med_probe_y03_12p73|697|39,scene_1_extra|scene_1.3_med_probe_y03_12p73|679|21,52121fd1dd52ab2d33ad4671c05dbb11c10d3836,8fe26fe3c9ded38dc3366ff1b9a0c2dc48bb602d
scene_1_3_terminalgain_globalmax_interp_0998,family_06,164,6.622795,6.702875,0.08008,30,2,28,2.9,3.306784,3.2916,1.004613,0.21265,2.1265,2.251989,0.642507,0.1576,1.006526,0.0,scene_1_extra|scene_1.3_med_probe_y03_12p73|697|39,scene_1_extra|scene_1.3_med_probe_y03_12p73|679|21,23ed0bf59d80aebbdb54c04f883f22e881e16418,4681f86c4c789b4b364e80f9cf70d6eb53442b98
scene_1_3_terminalgain_globalmax_interp_0999,family_06,165,6.622795,6.702875,0.08008,30,2,28,2.9,3.319562,3.2916,1.008495,0.21265,2.1265,2.25331,0.581637,0.136892,1.369018,0.0,scene_1_extra|scene_1.3_med_probe_y03_12p73|697|39,scene_1_extra|scene_1.3_med_probe_y03_12p73|679|21,e20ffe57c3e70a2d71f020951de3f2607170b5aa,281203615fa0283645c4c2e07d08ba9ce4023a8f
scene_1_3_terminalgain_globalmax_interp_1000,family_06,166,6.622795,6.702875,0.08008,30,2,28,2.9,3.316863,3.2916,1.007675,0.21265,2.1265,2.253017,0.614175,0.086613,1.300582,0.0,scene_1_extra|scene_1.3_med_probe_y03_12p73|697|39,scene_1_extra|scene_1.3_med_probe_y03_12p73|679|21,a188f187e15f07fb78a4289ed817e0c1a1b2ee3b,98105e9e67a73ee1a632608621d0c83e3c7f4872
