trajectory_id,family_id,variant_index,start_score,end_score,terminal_gain,keyframe_count,real_control_point_count,interpolated_keyframe_count,duration_sec,path_xyz_length,net_xyz_distance,path_to_net_ratio,max_xyz_step,max_speed_mps,max_abs_tangential_acceleration_mps2,max_yaw_step_deg,max_pitch_step_deg,max_sampled_turn_deg,target_distance_total_increase,start_anchor_node_id,target_anchor_node_id,physical_curve_signature_1cm,pose_curve_signature_exact
scene_1_2_terminalgain_globalmax_interp_0001,family_01,1,6.912251,7.062562,0.150311,30,2,28,2.9,2.625998,2.625998,1.0,0.16965,1.696504,1.795585,0.0,0.0,0.023755,0.0,scene_1|scene_1.2_y01_dense_strip_y05_2p75|10787|71,scene_1|scene_1.2_y01_dense_strip_y05_2p75|11513|104,4ca9adbcb7bf3cb58486b40904fc470e3633342b,e31c53c639cd87457d0e0c9a83883bc351588573
scene_1_2_terminalgain_globalmax_interp_0002,family_01,2,6.912251,7.062562,0.150311,30,2,28,2.9,2.628207,2.625998,1.000841,0.169649,1.696494,1.795861,0.239689,0.134137,0.429243,0.0,scene_1|scene_1.2_y01_dense_strip_y05_2p75|10787|71,scene_1|scene_1.2_y01_dense_strip_y05_2p75|11513|104,4fa7070582e7f304ceb563477ab554635e08d735,17d192d3fe1fa2cb376a4c9bd212fca9fff48d08
scene_1_2_terminalgain_globalmax_interp_0003,family_01,3,6.912251,7.062562,0.150311,30,2,28,2.9,2.63876,2.625998,1.00486,0.169649,1.696492,1.796758,0.295281,0.160356,1.033306,0.0,scene_1|scene_1.2_y01_dense_strip_y05_2p75|10787|71,scene_1|scene_1.2_y01_dense_strip_y05_2p75|11513|104,6d327b34306b9a8bbf4cd5b9278d27f0806cc1c8,73c621bf6596978aaae2fcc9862a758f318d0493
scene_1_2_terminalgain_globalmax_interp_0004,family_01,4,6.912251,7.062562,0.150311,30,2,28,2.9,2.655846,2.625998,1.011366,0.16965,1.696502,1.798607,0.154499,0.110076,1.586023,0.0,scene_1|scene_1.2_y01_dense_strip_y05_2p75|10787|71,scene_1|scene_1.2_y01_dense_strip_y05_2p75|11513|104,0a7d9f528b72545f841ac3e9ebfd9b39efa3205a,3692dba258cec27b8b3d64186428e52c4a876ec6
scene_1_2_terminalgain_globalmax_interp_0005,family_01,5,6.912251,7.062562,0.150311,30,2,28,2.9,2.637222,2.625998,1.004274,0.16965,1.696504,1.796631,0.013718,0.059797,0.969085,0.0,scene_1|scene_1.2_y01_dense_strip_y05_2p75|10787|71,scene_1|scene_1.2_y01_dense_strip_y05_2p75|11513|104,92272958cd479329b037b76640bbcd6facd82c77,31485861b43ee7bad65f1efcdb4f2e633f7632ab
scene_1_2_terminalgain_globalmax_interp_0006,family_01,6,6.912251,7.062562,0.150311,30,2,28,2.9,2.652264,2.625998,1.010002,0.16965,1.696502,1.798186,0.127064,0.009518,1.486782,0.0,scene_1|scene_1.2_y01_dense_strip_y05_2p75|10787|71,scene_1|scene_1.2_y01_dense_strip_y05_2p75|11513|104,3709c446f2690523ced0c8e830d9d0e3d8e1a955,6b23330cc01d520f7ff6dabfd43df16c063ad2e8
scene_1_2_terminalgain_globalmax_interp_0007,family_01,7,6.912251,7.062562,0.150311,30,2,28,2.9,2.631184,2.625998,1.001975,0.169649,1.696492,1.796125,0.267846,0.040761,0.657614,0.0,scene_1|scene_1.2_y01_dense_strip_y05_2p75|10787|71,scene_1|scene_1.2_y01_dense_strip_y05_2p75|11513|104,29594eecf0dc1f981128f42071aacb6d355819ac,799a62e3181d08c2893b14c3532168ea032839ef
scene_1_2_terminalgain_globalmax_interp_0008,family_01,8,6.912251,7.062562,0.150311,30,2,28,2.9,2.660626,2.625998,1.013186,0.16965,1.696502,1.799155,0.267124,0.09104,1.709974,0.0,scene_1|scene_1.2_y01_dense_strip_y05_2p75|10787|71,scene_1|scene_1.2_y01_dense_strip_y05_2p75|11513|104,11c67aa5936096bd916b83a97cc8f72ec160a8bd,2a5e309df8751ce1b5b6be1f5fc1ff0923087369
scene_1_2_terminalgain_globalmax_interp_0009,family_01,9,6.912251,7.062562,0.150311,30,2,28,2.9,2.690486,2.625998,1.024558,0.16965,1.696504,1.803426,0.126343,0.14132,2.347767,0.0,scene_1|scene_1.2_y01_dense_strip_y05_2p75|10787|71,scene_1|scene_1.2_y01_dense_strip_y05_2p75|11513|104,58bdde67e78c6a96eea3161247515b47bfb63cc2,2f9e4fafc7c05897663615137145affa75204763
scene_1_2_terminalgain_globalmax_interp_0010,family_01,10,6.912251,7.062562,0.150311,30,2,28,2.9,2.657676,2.625998,1.012063,0.16965,1.696502,1.798714,0.014439,0.153173,1.634127,0.0,scene_1|scene_1.2_y01_dense_strip_y05_2p75|10787|71,scene_1|scene_1.2_y01_dense_strip_y05_2p75|11513|104,8989be945e2f9dddb98d68da1d368612d97a8d75,db0d3b0bf8ec6c5e334ae368b4dde560e9fda283
scene_1_2_terminalgain_globalmax_interp_0011,family_01,11,6.912251,7.062562,0.150311,30,2,28,2.9,2.636392,2.625998,1.003958,0.169649,1.696492,1.796559,0.155221,0.102894,0.932205,0.0,scene_1|scene_1.2_y01_dense_strip_y05_2p75|10787|71,scene_1|scene_1.2_y01_dense_strip_y05_2p75|11513|104,1934b09c0c26dcd504b14d5f3a701d5aba9f3286,7d881e00803e961f309cdfcf9e3f194624c370a6
scene_1_2_terminalgain_globalmax_interp_0012,family_01,12,6.912251,7.062562,0.150311,30,2,28,2.9,2.641778,2.625998,1.006009,0.169649,1.696494,1.797087,0.296002,0.052615,1.149941,0.0,scene_1|scene_1.2_y01_dense_strip_y05_2p75|10787|71,scene_1|scene_1.2_y01_dense_strip_y05_2p75|11513|104,6a5f2b367ee858dad9a4aae4e2e36611e6a94fe6,70983f06ffbc90d698638d3b80d67026b474b26d
scene_1_2_terminalgain_globalmax_interp_0013,family_01,13,6.912251,7.062562,0.150311,30,2,28,2.9,2.662399,2.625998,1.013862,0.169649,1.696492,1.799352,0.238969,0.002335,1.753735,0.0,scene_1|scene_1.2_y01_dense_strip_y05_2p75|10787|71,scene_1|scene_1.2_y01_dense_strip_y05_2p75|11513|104,70a17fd01822aefaf30e6dca592b150d28cab061,dabf6e7349596b0be1389397abdd407d7cac6556
scene_1_2_terminalgain_globalmax_interp_0014,family_01,14,6.912251,7.062562,0.150311,30,2,28,2.9,2.629093,2.625998,1.001178,0.16965,1.696502,1.795886,0.098187,0.047944,0.508021,0.0,scene_1|scene_1.2_y01_dense_strip_y05_2p75|10787|71,scene_1|scene_1.2_y01_dense_strip_y05_2p75|11513|104,0e5cb0d53c7a23eeb9d1a415eee09cdf1940279e,20d9184144567d6b0db2147c1a7043c2f2571330
scene_1_2_terminalgain_globalmax_interp_0015,family_01,15,6.912251,7.062562,0.150311,30,2,28,2.9,2.640985,2.625998,1.005707,0.16965,1.696504,1.79694,0.042594,0.098223,1.12026,0.0,scene_1|scene_1.2_y01_dense_strip_y05_2p75|10787|71,scene_1|scene_1.2_y01_dense_strip_y05_2p75|11513|104,404d96187b2424f438dc5b96acf0202f3db5828f,da0cacb752010540c74015881032e06eeac32f6e
scene_1_2_terminalgain_globalmax_interp_0016,family_01,16,6.912251,7.062562,0.150311,30,2,28,2.9,2.656919,2.625998,1.011775,0.169649,1.696494,1.798701,0.183377,0.148502,1.614515,0.0,scene_1|scene_1.2_y01_dense_strip_y05_2p75|10787|71,scene_1|scene_1.2_y01_dense_strip_y05_2p75|11513|104,3fa500c6cd68aa888699223a00899ca356711eda,384b3a374607d10f30ab059286b9cb965298a2d5
scene_1_2_terminalgain_globalmax_interp_0017,family_01,17,6.912251,7.062562,0.150311,30,2,28,2.9,2.651917,2.625998,1.00987,0.16965,1.696502,1.798121,0.324159,0.14599,1.476772,0.0,scene_1|scene_1.2_y01_dense_strip_y05_2p75|10787|71,scene_1|scene_1.2_y01_dense_strip_y05_2p75|11513|104,4b2fb6f3f25f9777a3885f8872b06708d4d9206b,f89de3cdeb6712fa51f9c427beb2029983bcf362
scene_1_2_terminalgain_globalmax_interp_0018,family_01,18,6.912251,7.062562,0.150311,30,2,28,2.9,2.651703,2.625998,1.009789,0.169649,1.696492,1.798124,0.345962,0.095711,1.470365,0.0,scene_1|scene_1.2_y01_dense_strip_y05_2p75|10787|71,scene_1|scene_1.2_y01_dense_strip_y05_2p75|11513|104,b0cae30b46076cf35d60cb5ff12202e7f005c09c,bb8b03cba4da46fbbc950ac0c74358bbce6700dc
scene_1_2_terminalgain_globalmax_interp_0019,family_01,19,6.912251,7.062562,0.150311,30,2,28,2.9,2.656892,2.625998,1.011765,0.16965,1.696504,1.798721,0.205181,0.045432,1.613926,0.0,scene_1|scene_1.2_y01_dense_strip_y05_2p75|10787|71,scene_1|scene_1.2_y01_dense_strip_y05_2p75|11513|104,265f703b479a4485a13ce40c0e0774c1e431c4e5,0c685222989628d376aa8f6de57e9cf41f0bf3d0
scene_1_2_terminalgain_globalmax_interp_0020,family_01,20,6.912251,7.062562,0.150311,30,2,28,2.9,2.643186,2.625998,1.006545,0.16965,1.696504,1.797112,0.064399,0.004847,1.200623,0.0,scene_1|scene_1.2_y01_dense_strip_y05_2p75|10787|71,scene_1|scene_1.2_y01_dense_strip_y05_2p75|11513|104,88ae29670be6230857e99f7f97e724f8e0e9a46c,21084590dbf9df36958fed42b3eadb076ddb3ca3
scene_1_2_terminalgain_globalmax_interp_0021,family_01,21,6.912251,7.062562,0.150311,30,2,28,2.9,2.645954,2.625998,1.0076,0.16965,1.696502,1.797423,0.076383,0.055127,1.294289,0.0,scene_1|scene_1.2_y01_dense_strip_y05_2p75|10787|71,scene_1|scene_1.2_y01_dense_strip_y05_2p75|11513|104,74e0e6570b30cb0fb46c3cd63033f26452dd860c,250f37504bf53b57ecbb39ded6dd2dbfda1f86ab
scene_1_2_terminalgain_globalmax_interp_0022,family_01,22,6.912251,7.062562,0.150311,30,2,28,2.9,2.647042,2.625998,1.008014,0.169649,1.696492,1.797556,0.217164,0.105406,1.329228,0.0,scene_1|scene_1.2_y01_dense_strip_y05_2p75|10787|71,scene_1|scene_1.2_y01_dense_strip_y05_2p75|11513|104,a2b51ce4b83fd7c01d77393e39c23e403de3c17c,e04035d2d35c5ac1e942bba343a6306eb8752ad3
scene_1_2_terminalgain_globalmax_interp_0023,family_01,23,6.912251,7.062562,0.150311,30,2,28,2.9,2.626282,2.625998,1.000108,0.169649,1.696494,1.795738,0.317807,0.155685,0.15651,0.0,scene_1|scene_1.2_y01_dense_strip_y05_2p75|10787|71,scene_1|scene_1.2_y01_dense_strip_y05_2p75|11513|104,c7ce11b01fee6f371cde684b45e6c341e9acf38b,8ecc1be8763d24f71a97d20f7a894caf3c5bdbbe
scene_1_2_terminalgain_globalmax_interp_0024,family_01,24,6.912251,7.062562,0.150311,30,2,28,2.9,2.672024,2.625998,1.017527,0.16965,1.696502,1.800636,0.177024,0.138807,1.976098,0.0,scene_1|scene_1.2_y01_dense_strip_y05_2p75|10787|71,scene_1|scene_1.2_y01_dense_strip_y05_2p75|11513|104,c875a1a1bc8d77b7359c82f268adb90aee5f3e24,3a3696ba2dacc042786d8fd3ce3f73957bcfdc76
scene_1_2_terminalgain_globalmax_interp_0025,family_01,25,6.912251,7.062562,0.150311,30,2,28,2.9,2.661082,2.625998,1.01336,0.169649,1.696492,1.799195,0.036242,0.088528,1.721367,0.0,scene_1|scene_1.2_y01_dense_strip_y05_2p75|10787|71,scene_1|scene_1.2_y01_dense_strip_y05_2p75|11513|104,91d7b5421e7be516ce109bdd8f956315a8458cb2,78c58412ab4d0ed3567171a3b2170ad506eb088a
scene_1_2_terminalgain_globalmax_interp_0026,family_01,26,6.912251,7.062562,0.150311,30,2,28,2.9,2.628458,2.625998,1.000937,0.16965,1.696502,1.795801,0.104539,0.038249,0.452765,0.0,scene_1|scene_1.2_y01_dense_strip_y05_2p75|10787|71,scene_1|scene_1.2_y01_dense_strip_y05_2p75|11513|104,917f8824e6c7cd34d4d5a7eb11ab4ea01acc00ed,c90497b1962abf07608aa1112dddff16c35cdef1
scene_1_2_terminalgain_globalmax_interp_0027,family_01,27,6.912251,7.062562,0.150311,30,2,28,2.9,2.660885,2.625998,1.013285,0.16965,1.696502,1.799151,0.245321,0.01203,1.716299,0.0,scene_1|scene_1.2_y01_dense_strip_y05_2p75|10787|71,scene_1|scene_1.2_y01_dense_strip_y05_2p75|11513|104,2b56c089c99173c2f5b59233080df8c4c58e61ad,043f31f9d77cc8f4ff40915aed24fbe65f805c01
scene_1_2_terminalgain_globalmax_interp_0028,family_01,28,6.912251,7.062562,0.150311,30,2,28,2.9,2.661233,2.625998,1.013418,0.169649,1.696494,1.799206,0.28965,0.062309,1.725239,0.0,scene_1|scene_1.2_y01_dense_strip_y05_2p75|10787|71,scene_1|scene_1.2_y01_dense_strip_y05_2p75|11513|104,7a3b3d9abf1dc943a4e18648dcb748fa9cbdca4e,231c8b6bfdfb5d81b1ef1179fd7f0ad10d16b0a0
scene_1_2_terminalgain_globalmax_interp_0029,family_01,29,6.912251,7.062562,0.150311,30,2,28,2.9,2.641665,2.625998,1.005966,0.169649,1.696492,1.796973,0.148869,0.112589,1.145739,0.0,scene_1|scene_1.2_y01_dense_strip_y05_2p75|10787|71,scene_1|scene_1.2_y01_dense_strip_y05_2p75|11513|104,0dbf743a5e115ac5ffa47527101595501017d669,e6b72bfdc2ce5054e82c4aa4f5601289a2c597e2
scene_1_2_terminalgain_globalmax_interp_0030,family_01,30,6.912251,7.062562,0.150311,30,2,28,2.9,2.640737,2.625998,1.005613,0.169649,1.696492,1.796945,0.008087,0.162868,1.110934,0.0,scene_1|scene_1.2_y01_dense_strip_y05_2p75|10787|71,scene_1|scene_1.2_y01_dense_strip_y05_2p75|11513|104,26cd0ba6ac0b2cb44c753eb1011842618980fe99,37ab77ad23be6b77b33b5d602b25a12cfa095853
scene_1_2_terminalgain_globalmax_interp_0031,family_01,31,6.912251,7.062562,0.150311,30,2,28,2.9,2.638568,2.625998,1.004787,0.16965,1.696504,1.796745,0.132695,0.131625,1.025301,0.0,scene_1|scene_1.2_y01_dense_strip_y05_2p75|10787|71,scene_1|scene_1.2_y01_dense_strip_y05_2p75|11513|104,ea8f3e098e4fe4509b39c8a9c9a00db48cb3496e,123d542208ef1056fea357fc19cf8b9e64708684
scene_1_2_terminalgain_globalmax_interp_0032,family_01,32,6.912251,7.062562,0.150311,30,2,28,2.9,2.652064,2.625998,1.009926,0.16965,1.696504,1.798151,0.273477,0.081346,1.481002,0.0,scene_1|scene_1.2_y01_dense_strip_y05_2p75|10787|71,scene_1|scene_1.2_y01_dense_strip_y05_2p75|11513|104,fa1b85eede0cf068ff9fce1d4124a2c08f989c4e,8ac0a2c854fe2440a5d7856e854dd7f7cf5889d5
scene_1_2_terminalgain_globalmax_interp_0033,family_01,33,6.912251,7.062562,0.150311,30,2,28,2.9,2.667608,2.625998,1.015846,0.16965,1.696502,1.800076,0.261494,0.031066,1.877034,0.0,scene_1|scene_1.2_y01_dense_strip_y05_2p75|10787|71,scene_1|scene_1.2_y01_dense_strip_y05_2p75|11513|104,29a3f4c55757771ec7a8b549506a9f482fbe90da,d319c1d8800740a8f7bcb166f7646c7618a8bf7d
scene_1_2_terminalgain_globalmax_interp_0034,family_01,34,6.912251,7.062562,0.150311,30,2,28,2.9,2.632255,2.625998,1.002383,0.16965,1.696502,1.796143,0.120712,0.019213,0.722699,0.0,scene_1|scene_1.2_y01_dense_strip_y05_2p75|10787|71,scene_1|scene_1.2_y01_dense_strip_y05_2p75|11513|104,8eb513f27de457d1439366265d052e503e3d949b,c7de173d36ba6591e068cca1e1646ca699704213
scene_1_2_terminalgain_globalmax_interp_0035,family_01,35,6.912251,7.062562,0.150311,30,2,28,2.9,2.632271,2.625998,1.002389,0.169649,1.696494,1.796164,0.02007,0.069492,0.723847,0.0,scene_1|scene_1.2_y01_dense_strip_y05_2p75|10787|71,scene_1|scene_1.2_y01_dense_strip_y05_2p75|11513|104,53aa71652948f6a62ff2bc7cd9e1b46ef646c403,1f9f805ffc8b4bd2137d6b497246ba554f02b3e2
scene_1_2_terminalgain_globalmax_interp_0036,family_01,36,6.912251,7.062562,0.150311,30,2,28,2.9,2.678476,2.625998,1.019984,0.16965,1.696504,1.801575,0.160851,0.119771,2.112499,0.0,scene_1|scene_1.2_y01_dense_strip_y05_2p75|10787|71,scene_1|scene_1.2_y01_dense_strip_y05_2p75|11513|104,678be3c17e84bb762e45c7e30d97e3544d46c134,df0657baa94188e5af9597d70f7523e10f8a3b88
scene_1_2_terminalgain_globalmax_interp_0037,family_01,37,6.912251,7.062562,0.150311,30,2,28,2.9,2.669971,2.625998,1.016745,0.169649,1.696492,1.800315,0.301633,0.170051,1.930317,0.0,scene_1|scene_1.2_y01_dense_strip_y05_2p75|10787|71,scene_1|scene_1.2_y01_dense_strip_y05_2p75|11513|104,cfe179c2baf46b270932ab47adbedcc2f64029a6,19ce0693063e2d67c4adf862f01a4f7b0f583124
scene_1_2_terminalgain_globalmax_interp_0038,family_01,38,6.912251,7.062562,0.150311,30,2,28,2.9,2.637731,2.625998,1.004468,0.16965,1.696502,1.796539,0.233337,0.173694,0.990639,0.0,scene_1|scene_1.2_y01_dense_strip_y05_2p75|10787|71,scene_1|scene_1.2_y01_dense_strip_y05_2p75|11513|104,a1d28e25fb9858f9d42f7048f419306a685ad0e7,fb27a003823fe2bac4928845ff64dca05905dbbb
scene_1_2_terminalgain_globalmax_interp_0039,family_01,39,6.912251,7.062562,0.150311,30,2,28,2.9,2.63038,2.625998,1.001669,0.169649,1.696494,1.796065,0.092556,0.123415,0.604325,0.0,scene_1|scene_1.2_y01_dense_strip_y05_2p75|10787|71,scene_1|scene_1.2_y01_dense_strip_y05_2p75|11513|104,df72cd540b52ac3f6268b8f0854a0f28878d570f,7d7d7fae505c235f1064282b6658b2d2c2084c7a
scene_1_2_terminalgain_globalmax_interp_0040,family_01,40,6.912251,7.062562,0.150311,30,2,28,2.9,2.679941,2.625998,1.020542,0.169649,1.696492,1.801791,0.048226,0.073136,2.142545,0.0,scene_1|scene_1.2_y01_dense_strip_y05_2p75|10787|71,scene_1|scene_1.2_y01_dense_strip_y05_2p75|11513|104,01c9c40d78c4c7582280486704fa02cb6da401ac,7e8ae2fbd2b05fea9cbe14f139f32efc1530305a
scene_1_2_terminalgain_globalmax_interp_0041,family_01,41,6.912251,7.062562,0.150311,30,2,28,2.9,2.660207,2.625998,1.013027,0.16965,1.696502,1.799096,0.189008,0.022857,1.699573,0.0,scene_1|scene_1.2_y01_dense_strip_y05_2p75|10787|71,scene_1|scene_1.2_y01_dense_strip_y05_2p75|11513|104,34bd52823508cc051f5cf46373d243e9c49c6129,7630220b0e6b4f5b6d248cb96e8b270b2a34b7e9
scene_1_2_terminalgain_globalmax_interp_0042,family_01,42,6.912251,7.062562,0.150311,30,2,28,2.9,2.637676,2.625998,1.004447,0.16965,1.696502,1.796581,0.32979,0.027423,0.988126,0.0,scene_1|scene_1.2_y01_dense_strip_y05_2p75|10787|71,scene_1|scene_1.2_y01_dense_strip_y05_2p75|11513|104,a618e3c1a273ec4040e1e6ea2e6ae321ce46b5e6,f91530981f65f13f5622304703539c493ce1442c
scene_1_2_terminalgain_globalmax_interp_0043,family_01,43,6.912251,7.062562,0.150311,30,2,28,2.9,2.644568,2.625998,1.007072,0.169649,1.696494,1.79733,0.340332,0.077702,1.248076,0.0,scene_1|scene_1.2_y01_dense_strip_y05_2p75|10787|71,scene_1|scene_1.2_y01_dense_strip_y05_2p75|11513|104,cee9bd0d15609e7867a5a86d1fde8c3871dcd23d,35bf89d4789c2c17d8591fc44a59d35a2b87d0f0
scene_1_2_terminalgain_globalmax_interp_0044,family_01,44,6.912251,7.062562,0.150311,30,2,28,2.9,2.636354,2.625998,1.003944,0.16965,1.696504,1.796473,0.19955,0.127981,0.930564,0.0,scene_1|scene_1.2_y01_dense_strip_y05_2p75|10787|71,scene_1|scene_1.2_y01_dense_strip_y05_2p75|11513|104,d061356a56ab745487cc484287a84d67befdffd3,3c9d68a09a783e69e80ad40fed22cf4fb513d921
scene_1_2_terminalgain_globalmax_interp_0045,family_01,45,6.912251,7.062562,0.150311,30,2,28,2.9,2.666939,2.625998,1.01559,0.169649,1.696492,1.799876,0.058768,0.166512,1.861717,0.0,scene_1|scene_1.2_y01_dense_strip_y05_2p75|10787|71,scene_1|scene_1.2_y01_dense_strip_y05_2p75|11513|104,8f73382bc50ad918394172155e09c7d0160dfbd5,bea30412bd1087def7519acb68ff4064f7909277
scene_1_2_terminalgain_globalmax_interp_0046,family_01,46,6.912251,7.062562,0.150311,30,2,28,2.9,2.658089,2.625998,1.01222,0.16965,1.696502,1.798742,0.082013,0.116232,1.645314,0.0,scene_1|scene_1.2_y01_dense_strip_y05_2p75|10787|71,scene_1|scene_1.2_y01_dense_strip_y05_2p75|11513|104,c3491f54dc888373db86b066f92c800b95d1d066,45171daea1a8ff01c0b63b5ad6a6d68871de5a40
scene_1_2_terminalgain_globalmax_interp_0047,family_01,47,6.912251,7.062562,0.150311,30,2,28,2.9,2.63,2.625998,1.001524,0.169649,1.696492,1.795953,0.222795,0.065953,0.577577,0.0,scene_1|scene_1.2_y01_dense_strip_y05_2p75|10787|71,scene_1|scene_1.2_y01_dense_strip_y05_2p75|11513|104,b4690f6533c33c429faaf7989a0f807128771871,3c9c5b26105b11a12ad251626144f17067b4902f
scene_1_2_terminalgain_globalmax_interp_0048,family_01,48,6.912251,7.062562,0.150311,30,2,28,2.9,2.653575,2.625998,1.010501,0.169649,1.696492,1.7983,0.312175,0.015674,1.523777,0.0,scene_1|scene_1.2_y01_dense_strip_y05_2p75|10787|71,scene_1|scene_1.2_y01_dense_strip_y05_2p75|11513|104,6a95ee48a4f7da10ef08eaade37a349a0c573c23,3b83ab1d05b566c7a5e707edc7ca522fe2443403
scene_1_2_terminalgain_globalmax_interp_0049,family_01,49,6.912251,7.062562,0.150311,30,2,28,2.9,2.668439,2.625998,1.016162,0.16965,1.696502,1.800142,0.171393,0.034605,1.895965,0.0,scene_1|scene_1.2_y01_dense_strip_y05_2p75|10787|71,scene_1|scene_1.2_y01_dense_strip_y05_2p75|11513|104,659c1f4cd8fef0f619c8a0772eb722ff4d774317,67d6621110ae1a4cc27c8428f1d525641449ea81
scene_1_2_terminalgain_globalmax_interp_0050,family_01,50,6.912251,7.062562,0.150311,30,2,28,2.9,2.626799,2.625998,1.000305,0.169649,1.696492,1.79572,0.030612,0.084885,0.258566,0.0,scene_1|scene_1.2_y01_dense_strip_y05_2p75|10787|71,scene_1|scene_1.2_y01_dense_strip_y05_2p75|11513|104,ba6c00adcc5cec9b7d8ff97e3a3ec330926ad9f1,3f60a65ec83fd4b62434e9138803b54fc2c3fe12
scene_1_2_terminalgain_globalmax_interp_0051,family_01,51,6.912251,7.062562,0.150311,30,2,28,2.9,2.645266,2.625998,1.007337,0.16965,1.696504,1.797379,0.11017,0.135164,1.271396,0.0,scene_1|scene_1.2_y01_dense_strip_y05_2p75|10787|71,scene_1|scene_1.2_y01_dense_strip_y05_2p75|11513|104,cf1fb9800106fe1edbc00ce1bd142077df811848,aed20d1b872ff3f9da37c10715d6e874e8f53df7
scene_1_2_terminalgain_globalmax_interp_0052,family_01,52,6.912251,7.062562,0.150311,30,2,28,2.9,2.648699,2.625998,1.008645,0.16965,1.696504,1.797676,0.250952,0.159329,1.381324,0.0,scene_1|scene_1.2_y01_dense_strip_y05_2p75|10787|71,scene_1|scene_1.2_y01_dense_strip_y05_2p75|11513|104,42af8af55e05ed697e5ed2d4400fb1f003563b39,981920362609d3310001668af8a37d0f1a4eea6b
scene_1_2_terminalgain_globalmax_interp_0053,family_01,53,6.912251,7.062562,0.150311,30,2,28,2.9,2.640413,2.625998,1.005489,0.16965,1.696504,1.796828,0.284019,0.10905,1.098636,0.0,scene_1|scene_1.2_y01_dense_strip_y05_2p75|10787|71,scene_1|scene_1.2_y01_dense_strip_y05_2p75|11513|104,ac924bdcff6a2759995082c5ab5f7baff5fca807,54bf73aae93f92b2a19ac30ec5555014e444db84
scene_1_2_terminalgain_globalmax_interp_0054,family_01,54,6.912251,7.062562,0.150311,30,2,28,2.9,2.658283,2.625998,1.012294,0.169649,1.696494,1.798837,0.143237,0.05877,1.650162,0.0,scene_1|scene_1.2_y01_dense_strip_y05_2p75|10787|71,scene_1|scene_1.2_y01_dense_strip_y05_2p75|11513|104,b5a5a3a36f757b05fd08d3aa207c7552a32c3e48,5ea706130cb426164e24eb5a9b541fab0f2de583
scene_1_2_terminalgain_globalmax_interp_0055,family_01,55,6.912251,7.062562,0.150311,30,2,28,2.9,2.651302,2.625998,1.009636,0.169649,1.696492,1.798115,0.002455,0.008491,1.458931,0.0,scene_1|scene_1.2_y01_dense_strip_y05_2p75|10787|71,scene_1|scene_1.2_y01_dense_strip_y05_2p75|11513|104,67bdc08c0bccca9bc6c15f3ac0f6b53a6fc7eee4,a698d3c8587cf65abd13af4c1ee56e18dcbf77bf
scene_1_2_terminalgain_globalmax_interp_0056,family_01,56,6.912251,7.062562,0.150311,30,2,28,2.9,2.655656,2.625998,1.011294,0.16965,1.696502,1.798527,0.138326,0.041788,1.580803,0.0,scene_1|scene_1.2_y01_dense_strip_y05_2p75|10787|71,scene_1|scene_1.2_y01_dense_strip_y05_2p75|11513|104,f42c4b6d73017d818e8b2f4100a904b8705abe47,2bb23ca2bc39dcd4d6cdc70c256c4b07b4f968df
scene_1_2_terminalgain_globalmax_interp_0057,family_01,57,6.912251,7.062562,0.150311,30,2,28,2.9,2.664361,2.625998,1.014609,0.169649,1.696492,1.799636,0.279108,0.092067,1.801096,0.0,scene_1|scene_1.2_y01_dense_strip_y05_2p75|10787|71,scene_1|scene_1.2_y01_dense_strip_y05_2p75|11513|104,bff420579b19e86da447b1330bdb173a296b84c7,0df40628b37cee90f02cbd08fb2685395edc0e77
scene_1_2_terminalgain_globalmax_interp_0058,family_01,58,6.912251,7.062562,0.150311,30,2,28,2.9,2.639772,2.625998,1.005245,0.16965,1.696502,1.796799,0.255862,0.142347,1.073504,0.0,scene_1|scene_1.2_y01_dense_strip_y05_2p75|10787|71,scene_1|scene_1.2_y01_dense_strip_y05_2p75|11513|104,3bc2b8d6d80ab02910e2fa224551891ba2ecc7d1,6d636698c77f564b2fd23b25a477d1e0471808ae
scene_1_2_terminalgain_globalmax_interp_0059,family_01,59,6.912251,7.062562,0.150311,30,2,28,2.9,2.632276,2.625998,1.002391,0.16965,1.696504,1.796165,0.11508,0.152146,0.724032,0.0,scene_1|scene_1.2_y01_dense_strip_y05_2p75|10787|71,scene_1|scene_1.2_y01_dense_strip_y05_2p75|11513|104,2d5d8c676dce20b72a3e6e55ed9397d998358eb2,d4c0c6e96d320279c845084f1ccc79b59043e148
scene_1_2_terminalgain_globalmax_interp_0060,family_01,60,6.912251,7.062562,0.150311,30,2,28,2.9,2.656508,2.625998,1.011619,0.169649,1.696494,1.798669,0.025701,0.101867,1.604008,0.0,scene_1|scene_1.2_y01_dense_strip_y05_2p75|10787|71,scene_1|scene_1.2_y01_dense_strip_y05_2p75|11513|104,5928a01fce165853bcb5ab3801bbc786c5bcd275,b4bc1994f7c807e30e3879c713a21a4e27ed4ed3
scene_1_2_terminalgain_globalmax_interp_0061,family_01,61,6.912251,7.062562,0.150311,30,2,28,2.9,2.647256,2.625998,1.008095,0.169649,1.696492,1.797658,0.166483,0.051588,1.336273,0.0,scene_1|scene_1.2_y01_dense_strip_y05_2p75|10787|71,scene_1|scene_1.2_y01_dense_strip_y05_2p75|11513|104,a167f68dc835d9aba2ef3b008b8cdbe75006f123,b57d2066764fb76c65641d80751fbb0232664479
scene_1_2_terminalgain_globalmax_interp_0062,family_01,62,6.912251,7.062562,0.150311,30,2,28,2.9,2.632728,2.625998,1.002563,0.169649,1.696494,1.796224,0.307265,0.001308,0.749947,0.0,scene_1|scene_1.2_y01_dense_strip_y05_2p75|10787|71,scene_1|scene_1.2_y01_dense_strip_y05_2p75|11513|104,d56c720925ea052bf32389d5789c09e520749862,87c9c2c83430b94eaf19a9ee05fae5fbee507eea
scene_1_2_terminalgain_globalmax_interp_0063,family_01,63,6.912251,7.062562,0.150311,30,2,28,2.9,2.65839,2.625998,1.012335,0.16965,1.696502,1.798941,0.227706,0.048971,1.652859,0.0,scene_1|scene_1.2_y01_dense_strip_y05_2p75|10787|71,scene_1|scene_1.2_y01_dense_strip_y05_2p75|11513|104,8cba4d6a47c1573de3bba4c7e87c23df50f12d81,d6427f6fc97c113e31a04f7c583fa9a5e3ab10bd
scene_1_2_terminalgain_globalmax_interp_0064,family_01,64,6.912251,7.062562,0.150311,30,2,28,2.9,2.682885,2.625998,1.021663,0.169649,1.696492,1.802184,0.086924,0.09925,2.201522,0.0,scene_1|scene_1.2_y01_dense_strip_y05_2p75|10787|71,scene_1|scene_1.2_y01_dense_strip_y05_2p75|11513|104,95ae6ebca3d67e07a16139e9014d9cd147ef25aa,d9fbfd0b277ebd9739d85555a9633dcbee79bf9c
scene_1_2_terminalgain_globalmax_interp_0065,family_01,65,6.912251,7.062562,0.150311,30,2,28,2.9,2.651282,2.625998,1.009628,0.16965,1.696502,1.798081,0.053858,0.149528,1.45829,0.0,scene_1|scene_1.2_y01_dense_strip_y05_2p75|10787|71,scene_1|scene_1.2_y01_dense_strip_y05_2p75|11513|104,1f05d10ffc44d56b196f3a8b505ca8291ab70147,56164c95ab6c2a8dd39720aa593d299b66613d93
scene_1_2_terminalgain_globalmax_interp_0066,family_01,66,6.912251,7.062562,0.150311,30,2,28,2.9,2.632578,2.625998,1.002506,0.16965,1.696502,1.796294,0.19464,0.144963,0.741147,0.0,scene_1|scene_1.2_y01_dense_strip_y05_2p75|10787|71,scene_1|scene_1.2_y01_dense_strip_y05_2p75|11513|104,5a215d8b6e669133138682cb59d859e6925e461b,7e4ed5252ae451ec2448f7d992d897a3b6bd7457
scene_1_2_terminalgain_globalmax_interp_0067,family_01,67,6.912251,7.062562,0.150311,30,2,28,2.9,2.648411,2.625998,1.008535,0.169649,1.696494,1.797771,0.335421,0.094684,1.372117,0.0,scene_1|scene_1.2_y01_dense_strip_y05_2p75|10787|71,scene_1|scene_1.2_y01_dense_strip_y05_2p75|11513|104,aad2df7c590edbbe5e73d7186a292403b87388c1,bd96fcec6bfbb041e4c5fc1738f19ed123a72599
scene_1_2_terminalgain_globalmax_interp_0068,family_01,68,6.912251,7.062562,0.150311,30,2,28,2.9,2.644187,2.625998,1.006926,0.16965,1.696502,1.79723,0.3347,0.044405,1.235234,0.0,scene_1|scene_1.2_y01_dense_strip_y05_2p75|10787|71,scene_1|scene_1.2_y01_dense_strip_y05_2p75|11513|104,d458a6045ade682d3b87c28f98942e0481fbba16,c6f8495214517263adad01d0160951464bbf844c
scene_1_2_terminalgain_globalmax_interp_0069,family_01,69,6.912251,7.062562,0.150311,30,2,28,2.9,2.649015,2.625998,1.008765,0.16965,1.696504,1.797773,0.193918,0.005874,1.390789,0.0,scene_1|scene_1.2_y01_dense_strip_y05_2p75|10787|71,scene_1|scene_1.2_y01_dense_strip_y05_2p75|11513|104,5931f4b2e83f6783231cedd3abdb4b89d4fcd5dc,5e0393b840c4d75a48f4605b96867179fadc0e28
scene_1_2_terminalgain_globalmax_interp_0070,family_01,70,6.912251,7.062562,0.150311,30,2,28,2.9,2.643068,2.625998,1.0065,0.16965,1.696504,1.797092,0.053137,0.056154,1.196126,0.0,scene_1|scene_1.2_y01_dense_strip_y05_2p75|10787|71,scene_1|scene_1.2_y01_dense_strip_y05_2p75|11513|104,8eb2802b9797a199217358dff1734e265d976f50,7d23333ab91fb676ce23d010b037ae716766ea6d
scene_1_2_terminalgain_globalmax_interp_0071,family_01,71,6.912251,7.062562,0.150311,30,2,28,2.9,2.626874,2.625998,1.000334,0.169649,1.696492,1.795773,0.087645,0.106433,0.270188,0.0,scene_1|scene_1.2_y01_dense_strip_y05_2p75|10787|71,scene_1|scene_1.2_y01_dense_strip_y05_2p75|11513|104,ad33e794f26374b976bc1cb24a5b75b6fe5e0315,833eb2a95d9a1a2b53b5327cb227518d9673211b
scene_1_2_terminalgain_globalmax_interp_0072,family_01,72,6.912251,7.062562,0.150311,30,2,28,2.9,2.681876,2.625998,1.021279,0.169649,1.696492,1.802031,0.228427,0.156711,2.181441,0.0,scene_1|scene_1.2_y01_dense_strip_y05_2p75|10787|71,scene_1|scene_1.2_y01_dense_strip_y05_2p75|11513|104,28bbd1dec703a86b08d29a08f853fe8ddccf69b4,f2f0c373f9e82bcad1550e0a808116c3ea7bcd46
scene_1_2_terminalgain_globalmax_interp_0073,family_01,73,6.912251,7.062562,0.150311,30,2,28,2.9,2.68498,2.625998,1.022461,0.169649,1.696494,1.802586,0.306543,0.137781,2.242549,0.0,scene_1|scene_1.2_y01_dense_strip_y05_2p75|10787|71,scene_1|scene_1.2_y01_dense_strip_y05_2p75|11513|104,45b0202fe2a34315692c93df6bab61147867fdb6,110666f961946f5f3c03f87e920d72cf6b3a2fd7
scene_1_2_terminalgain_globalmax_interp_0074,family_01,74,6.912251,7.062562,0.150311,30,2,28,2.9,2.627836,2.625998,1.0007,0.16965,1.696504,1.795733,0.165762,0.087501,0.39147,0.0,scene_1|scene_1.2_y01_dense_strip_y05_2p75|10787|71,scene_1|scene_1.2_y01_dense_strip_y05_2p75|11513|104,243b48bfe638cc2b359aa2199624bfea1ff9326a,f68c3e217113764d0475a02d7bdf6da9d82b6b4b
scene_1_2_terminalgain_globalmax_interp_0075,family_01,75,6.912251,7.062562,0.150311,30,2,28,2.9,2.640271,2.625998,1.005435,0.169649,1.696492,1.796889,0.02498,0.037222,1.093256,0.0,scene_1|scene_1.2_y01_dense_strip_y05_2p75|10787|71,scene_1|scene_1.2_y01_dense_strip_y05_2p75|11513|104,4bf96766fffdbbb68a29a2eee465979147f0334f,0f3d02c27230bec81ffc0ed50de0524dd76ad66a
scene_1_2_terminalgain_globalmax_interp_0076,family_01,76,6.912251,7.062562,0.150311,30,2,28,2.9,2.652599,2.625998,1.01013,0.169649,1.696492,1.798255,0.115802,0.013057,1.496071,0.0,scene_1|scene_1.2_y01_dense_strip_y05_2p75|10787|71,scene_1|scene_1.2_y01_dense_strip_y05_2p75|11513|104,d89c8ccb856013322d2f3ec6533768d5aa8f4bba,57533bc26951c20db05f28415084c5eaf9cdaf20
scene_1_2_terminalgain_globalmax_interp_0077,family_01,77,6.912251,7.062562,0.150311,30,2,28,2.9,2.643313,2.625998,1.006593,0.169649,1.696492,1.797286,0.256583,0.063336,1.204669,0.0,scene_1|scene_1.2_y01_dense_strip_y05_2p75|10787|71,scene_1|scene_1.2_y01_dense_strip_y05_2p75|11513|104,01b7eacdcf80f48d0c756bd6f76c85d2e5d95822,0cf33ed183d9bdc46d690706754eee55d3aca37b
scene_1_2_terminalgain_globalmax_interp_0078,family_01,78,6.912251,7.062562,0.150311,30,2,28,2.9,2.645286,2.625998,1.007345,0.16965,1.696502,1.797397,0.278388,0.113616,1.271943,0.0,scene_1|scene_1.2_y01_dense_strip_y05_2p75|10787|71,scene_1|scene_1.2_y01_dense_strip_y05_2p75|11513|104,d1a11df5287d083ba09904e0b877d3348423f002,161369c058cdd9096cc11256cf96b038edfa0f01
scene_1_2_terminalgain_globalmax_interp_0079,family_01,79,6.912251,7.062562,0.150311,30,2,28,2.9,2.634377,2.625998,1.003191,0.16965,1.696502,1.796326,0.137606,0.163894,0.836539,0.0,scene_1|scene_1.2_y01_dense_strip_y05_2p75|10787|71,scene_1|scene_1.2_y01_dense_strip_y05_2p75|11513|104,d8985ea40f68ca785eb58c10b11a797cdc8d4b65,0421efbf1b4939ae252040c2d0c520971c2fe123
scene_1_2_terminalgain_globalmax_interp_0080,family_01,80,6.912251,7.062562,0.150311,30,2,28,2.9,2.650808,2.625998,1.009448,0.169649,1.696494,1.798007,0.003177,0.130598,1.444518,0.0,scene_1|scene_1.2_y01_dense_strip_y05_2p75|10787|71,scene_1|scene_1.2_y01_dense_strip_y05_2p75|11513|104,f450910ca31acab464cfc21f27af5649c98f6b26,c28a1bb1b94cd835192e87bc5ff391238385a132
scene_1_2_terminalgain_globalmax_interp_0081,family_01,81,6.912251,7.062562,0.150311,30,2,28,2.9,2.677719,2.625998,1.019696,0.16965,1.696504,1.80149,0.143958,0.080319,2.0972,0.0,scene_1|scene_1.2_y01_dense_strip_y05_2p75|10787|71,scene_1|scene_1.2_y01_dense_strip_y05_2p75|11513|104,7dbd84b9bb724073be579e019257c673da6cc59f,7b067d903035f5fa02c98c4e9039da9d0e3979d9
scene_1_2_terminalgain_globalmax_interp_0082,family_01,82,6.912251,7.062562,0.150311,30,2,28,2.9,2.650625,2.625998,1.009378,0.169649,1.696494,1.798002,0.28474,0.030039,1.438911,0.0,scene_1|scene_1.2_y01_dense_strip_y05_2p75|10787|71,scene_1|scene_1.2_y01_dense_strip_y05_2p75|11513|104,8ff257e2065781aff943585ae92951407023501c,9a81dd71d2cf443f3e8cb85137287fe7516e1956
scene_1_2_terminalgain_globalmax_interp_0083,family_01,83,6.912251,7.062562,0.150311,30,2,28,2.9,2.630464,2.625998,1.001701,0.16965,1.696502,1.795989,0.250231,0.02024,0.610368,0.0,scene_1|scene_1.2_y01_dense_strip_y05_2p75|10787|71,scene_1|scene_1.2_y01_dense_strip_y05_2p75|11513|104,be5d3bb9a3018c4d7806cf4135c0154f0837ff69,69d8fd7e945cbee846a78755250399323e136936
scene_1_2_terminalgain_globalmax_interp_0084,family_01,84,6.912251,7.062562,0.150311,30,2,28,2.9,2.652067,2.625998,1.009927,0.16965,1.696502,1.798163,0.10945,0.070519,1.481194,0.0,scene_1|scene_1.2_y01_dense_strip_y05_2p75|10787|71,scene_1|scene_1.2_y01_dense_strip_y05_2p75|11513|104,3fff094a1c7d9ec433202a124a7aaa46df74def3,ce8e2545aca219516d8958fb8b8a3aca937f3e9a
scene_1_2_terminalgain_globalmax_interp_0085,family_01,85,6.912251,7.062562,0.150311,30,2,28,2.9,2.650015,2.625998,1.009146,0.16965,1.696502,1.797827,0.031332,0.120798,1.42119,0.0,scene_1|scene_1.2_y01_dense_strip_y05_2p75|10787|71,scene_1|scene_1.2_y01_dense_strip_y05_2p75|11513|104,eca8d7c8ba043b30e1cd49711312cd6725b007af,d5b709167876b01712f1843d37c493d7ae69b19c
scene_1_2_terminalgain_globalmax_interp_0086,family_01,86,6.912251,7.062562,0.150311,30,2,28,2.9,2.63281,2.625998,1.002594,0.16965,1.696502,1.79619,0.172114,0.171077,0.754304,0.0,scene_1|scene_1.2_y01_dense_strip_y05_2p75|10787|71,scene_1|scene_1.2_y01_dense_strip_y05_2p75|11513|104,2f789336b6845d9d689d70a2115b418c1e5f854a,0fc5fc0221cc536bc0a2cb81b13f982e61e68f5a
scene_1_2_terminalgain_globalmax_interp_0087,family_01,87,6.912251,7.062562,0.150311,30,2,28,2.9,2.645902,2.625998,1.007579,0.169649,1.696494,1.797534,0.312895,0.172669,1.292164,0.0,scene_1|scene_1.2_y01_dense_strip_y05_2p75|10787|71,scene_1|scene_1.2_y01_dense_strip_y05_2p75|11513|104,5bfab055deb8fc1e0d9794ad6a850a7f2f0eb2ce,ecf487f15dbac79cf67a1aaa4585a44fafe1c77b
scene_1_2_terminalgain_globalmax_interp_0088,family_01,88,6.912251,7.062562,0.150311,30,2,28,2.9,2.661372,2.625998,1.013471,0.16965,1.696504,1.799237,0.222075,0.122389,1.728596,0.0,scene_1|scene_1.2_y01_dense_strip_y05_2p75|10787|71,scene_1|scene_1.2_y01_dense_strip_y05_2p75|11513|104,b62dba14a441c924015b1703e4e0d0f028e3527a,8e2172d821d6dcabd7b7f0787de485eef759e7b9
scene_1_2_terminalgain_globalmax_interp_0089,family_01,89,6.912251,7.062562,0.150311,30,2,28,2.9,2.656906,2.625998,1.01177,0.169649,1.696494,1.798692,0.081293,0.07211,1.614479,0.0,scene_1|scene_1.2_y01_dense_strip_y05_2p75|10787|71,scene_1|scene_1.2_y01_dense_strip_y05_2p75|11513|104,46cb265c650a2e8ebb3a0de27e6e621124ac793f,c2e30178e67634e4f0d4c51aa31b07cb89c38e27
scene_1_2_terminalgain_globalmax_interp_0090,family_01,90,6.912251,7.062562,0.150311,30,2,28,2.9,2.659559,2.625998,1.01278,0.169649,1.696494,1.79899,0.059489,0.021831,1.683044,0.0,scene_1|scene_1.2_y01_dense_strip_y05_2p75|10787|71,scene_1|scene_1.2_y01_dense_strip_y05_2p75|11513|104,b092b400780eabf7dfdff07dc3e2a7927464368b,789aa9c05bfe7f2383cf49f2e9309349f43a308d
scene_1_2_terminalgain_globalmax_interp_0091,family_01,91,6.912251,7.062562,0.150311,30,2,28,2.9,2.662231,2.625998,1.013798,0.16965,1.696502,1.799319,0.20027,0.028448,1.749608,0.0,scene_1|scene_1.2_y01_dense_strip_y05_2p75|10787|71,scene_1|scene_1.2_y01_dense_strip_y05_2p75|11513|104,7a17e2a70365705f4a479e5937866cd8dd31f85e,4c777c4d144d83a6f5e2da8d9475a5e44acf620a
scene_1_2_terminalgain_globalmax_interp_0092,family_01,92,6.912251,7.062562,0.150311,30,2,28,2.9,2.64216,2.625998,1.006155,0.169649,1.696492,1.797138,0.341052,0.078728,1.163754,0.0,scene_1|scene_1.2_y01_dense_strip_y05_2p75|10787|71,scene_1|scene_1.2_y01_dense_strip_y05_2p75|11513|104,368be895033481233639935c56893a450ed8c579,672b52748e77346cf725d8373f2793aa9e1ceef1
scene_1_2_terminalgain_globalmax_interp_0093,family_01,93,6.912251,7.062562,0.150311,30,2,28,2.9,2.645972,2.625998,1.007606,0.16965,1.696502,1.797402,0.329069,0.129007,1.294695,0.0,scene_1|scene_1.2_y01_dense_strip_y05_2p75|10787|71,scene_1|scene_1.2_y01_dense_strip_y05_2p75|11513|104,cf357227e63f78136e849ebc2d85074d51b876d5,3730d8391c931aaff0c4aba0d8af25382fe5ce4f
scene_1_2_terminalgain_globalmax_interp_0094,family_01,94,6.912251,7.062562,0.150311,30,2,28,2.9,2.648916,2.625998,1.008727,0.169649,1.696492,1.797784,0.188288,0.165486,1.387753,0.0,scene_1|scene_1.2_y01_dense_strip_y05_2p75|10787|71,scene_1|scene_1.2_y01_dense_strip_y05_2p75|11513|104,16e36f29fbe4c1cbce345b5c6c0022ffea1b3c44,e2d26453dab57b2e6329aed5db559ab9828d20da
scene_1_2_terminalgain_globalmax_interp_0095,family_01,95,6.912251,7.062562,0.150311,30,2,28,2.9,2.62672,2.625998,1.000275,0.16965,1.696504,1.795619,0.047506,0.115207,0.245211,0.0,scene_1|scene_1.2_y01_dense_strip_y05_2p75|10787|71,scene_1|scene_1.2_y01_dense_strip_y05_2p75|11513|104,b17006db059b837bb02b59f8f3cddc1881434e13,20e4971ec47563134f21706a75a064460b75561c
scene_1_2_terminalgain_globalmax_interp_0096,family_01,96,6.912251,7.062562,0.150311,30,2,28,2.9,2.666146,2.625998,1.015289,0.16965,1.696504,1.799714,0.093277,0.064927,1.843279,0.0,scene_1|scene_1.2_y01_dense_strip_y05_2p75|10787|71,scene_1|scene_1.2_y01_dense_strip_y05_2p75|11513|104,40ab6de91e61283bac92df95576b4dd188a8b1be,94d2e645b14c7a2e933f0d31748d2d7fc872f7a7
scene_1_2_terminalgain_globalmax_interp_0097,family_01,97,6.912251,7.062562,0.150311,30,2,28,2.9,2.65503,2.625998,1.011056,0.16965,1.696504,1.798481,0.234058,0.014648,1.563998,0.0,scene_1|scene_1.2_y01_dense_strip_y05_2p75|10787|71,scene_1|scene_1.2_y01_dense_strip_y05_2p75|11513|104,1946a8d5064658589b01a64ac6130f3d6549ec05,e74448604d4f8195ced23844704e1e91b9999152
scene_1_2_terminalgain_globalmax_interp_0098,family_01,98,6.912251,7.062562,0.150311,30,2,28,2.9,2.629199,2.625998,1.001219,0.16965,1.696502,1.795896,0.300913,0.035631,0.516666,0.0,scene_1|scene_1.2_y01_dense_strip_y05_2p75|10787|71,scene_1|scene_1.2_y01_dense_strip_y05_2p75|11513|104,182a46a0ae959b6714f890ea483d5cadac8af230,42bcb6d20e855f284b98080c125f506b9f3b7fb3
scene_1_2_terminalgain_globalmax_interp_0099,family_01,99,6.912251,7.062562,0.150311,30,2,28,2.9,2.653605,2.625998,1.010513,0.169649,1.696492,1.798316,0.160131,0.08591,1.524537,0.0,scene_1|scene_1.2_y01_dense_strip_y05_2p75|10787|71,scene_1|scene_1.2_y01_dense_strip_y05_2p75|11513|104,9d7666f43fefad0c5c1aa24432d813fc6428e8e1,c7bc07f6aa28711b5081cf5b23705fa5768724e4
scene_1_2_terminalgain_globalmax_interp_0100,family_01,100,6.912251,7.062562,0.150311,30,2,28,2.9,2.67159,2.625998,1.017362,0.16965,1.696502,1.800533,0.019349,0.13619,1.966285,0.0,scene_1|scene_1.2_y01_dense_strip_y05_2p75|10787|71,scene_1|scene_1.2_y01_dense_strip_y05_2p75|11513|104,1fb190afdeacc4be83d2eeef4dc91d94a4acef60,7aed4dbb116361f0cc4637a5d638d5b069ed57e0
scene_1_2_terminalgain_globalmax_interp_0101,family_01,101,6.912251,7.062562,0.150311,30,2,28,2.9,2.636629,2.625998,1.004048,0.169649,1.696492,1.796506,0.121432,0.158303,0.942842,0.0,scene_1|scene_1.2_y01_dense_strip_y05_2p75|10787|71,scene_1|scene_1.2_y01_dense_strip_y05_2p75|11513|104,7320097979f83125a86ea1efde2280fc3391f9ed,736c459e08de1e11a0a54eef9d37a93bf9582985
scene_1_2_terminalgain_globalmax_interp_0102,family_01,102,6.912251,7.062562,0.150311,30,2,28,2.9,2.642581,2.625998,1.006315,0.16965,1.696502,1.797069,0.262214,0.108024,1.178881,0.0,scene_1|scene_1.2_y01_dense_strip_y05_2p75|10787|71,scene_1|scene_1.2_y01_dense_strip_y05_2p75|11513|104,57b538e67819e62057ae0b5533b4b76dacb29c8c,29fe62af931d48438dde627aaa1469d56ea836f0
scene_1_2_terminalgain_globalmax_interp_0103,family_01,103,6.912251,7.062562,0.150311,30,2,28,2.9,2.640618,2.625998,1.005567,0.169649,1.696494,1.796956,0.272756,0.057745,1.106397,0.0,scene_1|scene_1.2_y01_dense_strip_y05_2p75|10787|71,scene_1|scene_1.2_y01_dense_strip_y05_2p75|11513|104,9a797598153cc2bd8949729499d43fe9133bb2db,d6f2da4d36b8ae58cff569be3207a979fdad6c96
scene_1_2_terminalgain_globalmax_interp_0104,family_01,104,6.912251,7.062562,0.150311,30,2,28,2.9,2.660868,2.625998,1.013279,0.169649,1.696494,1.799153,0.131974,0.007465,1.716221,0.0,scene_1|scene_1.2_y01_dense_strip_y05_2p75|10787|71,scene_1|scene_1.2_y01_dense_strip_y05_2p75|11513|104,fb966fd872bb7d7ce8d24c98db7596f9952ec8da,13c47192e0be8cedaf798988a774cb1576828743
scene_1_2_terminalgain_globalmax_interp_0105,family_01,105,6.912251,7.062562,0.150311,30,2,28,2.9,2.677139,2.625998,1.019475,0.169649,1.696494,1.801293,0.008807,0.042814,2.085031,0.0,scene_1|scene_1.2_y01_dense_strip_y05_2p75|10787|71,scene_1|scene_1.2_y01_dense_strip_y05_2p75|11513|104,ba46d41ce943879a500454bd33cf39a135c3005e,18bae1ff201bfe0e39296819cfeaacd93c4dc5c2
scene_1_2_terminalgain_globalmax_interp_0106,family_01,106,6.912251,7.062562,0.150311,30,2,28,2.9,2.63225,2.625998,1.002381,0.169649,1.696494,1.796133,0.149589,0.093093,0.722244,0.0,scene_1|scene_1.2_y01_dense_strip_y05_2p75|10787|71,scene_1|scene_1.2_y01_dense_strip_y05_2p75|11513|104,758454f6a3b5600314dfcc5f0be4c7032cb7c4b8,f509755fbed49b9c43ceea11ac8e17eae1a952bc
scene_1_2_terminalgain_globalmax_interp_0107,family_01,107,6.912251,7.062562,0.150311,30,2,28,2.9,2.636666,2.625998,1.004063,0.16965,1.696502,1.796489,0.290371,0.143372,0.944524,0.0,scene_1|scene_1.2_y01_dense_strip_y05_2p75|10787|71,scene_1|scene_1.2_y01_dense_strip_y05_2p75|11513|104,2bf279f6c64a475f6a162ddcf5fa6387121c0fb5,f3fc1554090fd3445166299c93863921db3de9fa
scene_1_2_terminalgain_globalmax_interp_0108,family_01,108,6.912251,7.062562,0.150311,30,2,28,2.9,2.66509,2.625998,1.014886,0.169649,1.696492,1.799671,0.2446,0.15112,1.818044,0.0,scene_1|scene_1.2_y01_dense_strip_y05_2p75|10787|71,scene_1|scene_1.2_y01_dense_strip_y05_2p75|11513|104,cdd87da90c050bce3dac549862a5ab1459a169f8,c81cc3057b679ff6b1376e32ad3762b9bf85923b
scene_1_2_terminalgain_globalmax_interp_0109,family_01,109,6.912251,7.062562,0.150311,30,2,28,2.9,2.66704,2.625998,1.015629,0.16965,1.696502,1.799836,0.103818,0.100841,1.864004,0.0,scene_1|scene_1.2_y01_dense_strip_y05_2p75|10787|71,scene_1|scene_1.2_y01_dense_strip_y05_2p75|11513|104,2c320148c4cd5ef59c9999573dcb6810d431b892,414dcdb2d1b44627484cf5e2da9be80c375c413b
scene_1_2_terminalgain_globalmax_interp_0110,family_01,110,6.912251,7.062562,0.150311,30,2,28,2.9,2.629043,2.625998,1.001159,0.169649,1.696492,1.795822,0.036964,0.050562,0.503782,0.0,scene_1|scene_1.2_y01_dense_strip_y05_2p75|10787|71,scene_1|scene_1.2_y01_dense_strip_y05_2p75|11513|104,fc49c16770914403439406615d9c4b058fd5d2d1,f04e32cecaa0ab9a223744314e2a65f598f4dbb1
scene_1_2_terminalgain_globalmax_interp_0111,family_01,111,6.912251,7.062562,0.150311,30,2,28,2.9,2.638647,2.625998,1.004817,0.16965,1.696504,1.796688,0.177745,0.000283,1.028751,0.0,scene_1|scene_1.2_y01_dense_strip_y05_2p75|10787|71,scene_1|scene_1.2_y01_dense_strip_y05_2p75|11513|104,222466c6b6457ceeab72b76eb17eb9b3564052f1,d9a6a2aae07f597f206c21195c455b2843cb62f6
scene_1_2_terminalgain_globalmax_interp_0112,family_01,112,6.912251,7.062562,0.150311,30,2,28,2.9,2.6581,2.625998,1.012225,0.16965,1.696504,1.798772,0.318527,0.049997,1.645467,0.0,scene_1|scene_1.2_y01_dense_strip_y05_2p75|10787|71,scene_1|scene_1.2_y01_dense_strip_y05_2p75|11513|104,a2cd018c6144b0c558bdd6034e1841b4255a7f4c,aca9b1b6592484e4d706a741fcfbf92a6c3edc79
scene_1_2_terminalgain_globalmax_interp_0113,family_01,113,6.912251,7.062562,0.150311,30,2,28,2.9,2.652694,2.625998,1.010166,0.16965,1.696504,1.798223,0.216443,0.100276,1.499099,0.0,scene_1|scene_1.2_y01_dense_strip_y05_2p75|10787|71,scene_1|scene_1.2_y01_dense_strip_y05_2p75|11513|104,42d0cbe052ddc8298561f6b00f0bf687468554f8,236bac9a978d9753d0d2899c6c6dd4fd7b639b83
scene_1_2_terminalgain_globalmax_interp_0114,family_01,114,6.912251,7.062562,0.150311,30,2,28,2.9,2.647733,2.625998,1.008277,0.16965,1.696502,1.797598,0.075661,0.150555,1.351085,0.0,scene_1|scene_1.2_y01_dense_strip_y05_2p75|10787|71,scene_1|scene_1.2_y01_dense_strip_y05_2p75|11513|104,aeb96c4ced9d6c0e19c6b676dc867dddd8be5175,f7f83f0da6bea86cd1e2af9a207022eeaa44cd6d
scene_1_2_terminalgain_globalmax_interp_0115,family_01,115,6.912251,7.062562,0.150311,30,2,28,2.9,2.634869,2.625998,1.003378,0.169649,1.696492,1.796414,0.06512,0.143938,0.86083,0.0,scene_1|scene_1.2_y01_dense_strip_y05_2p75|10787|71,scene_1|scene_1.2_y01_dense_strip_y05_2p75|11513|104,37b04f8805456622cf08c50a24d1b9e3884a26f0,5b14584b1d678e00c2141c3f129bb2f4526201a8
scene_1_2_terminalgain_globalmax_interp_0116,family_01,116,6.912251,7.062562,0.150311,30,2,28,2.9,2.644355,2.625998,1.006991,0.169649,1.696492,1.797262,0.205902,0.093658,1.240842,0.0,scene_1|scene_1.2_y01_dense_strip_y05_2p75|10787|71,scene_1|scene_1.2_y01_dense_strip_y05_2p75|11513|104,250fa4b79c4510cb9ff0afa7ac0aab3fa96c2849,52546156b76a8a1be6af884b38e52d5cfad6b4f6
scene_1_2_terminalgain_globalmax_interp_0117,family_01,117,6.912251,7.062562,0.150311,30,2,28,2.9,2.673714,2.625998,1.018171,0.169649,1.696492,1.800837,0.346684,0.043379,2.012577,0.0,scene_1|scene_1.2_y01_dense_strip_y05_2p75|10787|71,scene_1|scene_1.2_y01_dense_strip_y05_2p75|11513|104,2029a5d5dc049cf51deba1d85e4ac94b6eaa358d,da312f21693158737ff6e6ba9bb0c06ac7260cfe
scene_1_2_terminalgain_globalmax_interp_0118,family_01,118,6.912251,7.062562,0.150311,30,2,28,2.9,2.665138,2.625998,1.014905,0.16965,1.696502,1.799657,0.350468,0.0069,1.819639,0.0,scene_1|scene_1.2_y01_dense_strip_y05_2p75|10787|71,scene_1|scene_1.2_y01_dense_strip_y05_2p75|11513|104,67d10676ca212f9f984161e98f1c83d19c34ed8d,c1d5d793cf9cb6d1bbc5e7065e33017e9412b5d5
scene_1_2_terminalgain_globalmax_interp_0119,family_01,119,6.912251,7.062562,0.150311,30,2,28,2.9,2.62989,2.625998,1.001482,0.16965,1.696504,1.795856,0.209686,0.057179,0.569688,0.0,scene_1|scene_1.2_y01_dense_strip_y05_2p75|10787|71,scene_1|scene_1.2_y01_dense_strip_y05_2p75|11513|104,aa14330f4602a5610e016a0e5b01d846c774aa62,e9a8dddf9e20dea42a74792fe80730b5b688006c
scene_1_2_terminalgain_globalmax_interp_0120,family_01,120,6.912251,7.062562,0.150311,30,2,28,2.9,2.658608,2.625998,1.012418,0.169649,1.696494,1.798933,0.068904,0.107459,1.658832,0.0,scene_1|scene_1.2_y01_dense_strip_y05_2p75|10787|71,scene_1|scene_1.2_y01_dense_strip_y05_2p75|11513|104,6b676aee876dc2126035824e497d8663f4fdf498,bb3dcf19a0ac5c175ddb9f559f660f6cc9b9a418
scene_1_2_terminalgain_globalmax_interp_0121,family_01,121,6.912251,7.062562,0.150311,30,2,28,2.9,2.676047,2.625998,1.019059,0.16965,1.696504,1.80119,0.071878,0.157738,2.062358,0.0,scene_1|scene_1.2_y01_dense_strip_y05_2p75|10787|71,scene_1|scene_1.2_y01_dense_strip_y05_2p75|11513|104,4aa043275adaf60709a7b41344510c59abd0a1a7,6fb594e36f96c9a7d9398b1771242f261fa30fc6
scene_1_2_terminalgain_globalmax_interp_0122,family_01,122,6.912251,7.062562,0.150311,30,2,28,2.9,2.626491,2.625998,1.000188,0.169649,1.696494,1.795723,0.21266,0.136755,0.20271,0.0,scene_1|scene_1.2_y01_dense_strip_y05_2p75|10787|71,scene_1|scene_1.2_y01_dense_strip_y05_2p75|11513|104,473c8903a6991b60c14550ec941e3c684c9bf29d,5904a2f3441dab93c000b6415a688ddb8d043a97
scene_1_2_terminalgain_globalmax_interp_0123,family_01,123,6.912251,7.062562,0.150311,30,2,28,2.9,2.644343,2.625998,1.006986,0.169649,1.696492,1.79735,0.322312,0.086476,1.240372,0.0,scene_1|scene_1.2_y01_dense_strip_y05_2p75|10787|71,scene_1|scene_1.2_y01_dense_strip_y05_2p75|11513|104,0280b93b33ccf4c7f1a92bf12f8d392a3b6391f1,dd153a80130708a6f4baff2895084ce794d6c831
scene_1_2_terminalgain_globalmax_interp_0124,family_01,124,6.912251,7.062562,0.150311,30,2,28,2.9,2.647981,2.625998,1.008371,0.16965,1.696502,1.797709,0.18153,0.036196,1.358898,0.0,scene_1|scene_1.2_y01_dense_strip_y05_2p75|10787|71,scene_1|scene_1.2_y01_dense_strip_y05_2p75|11513|104,64d75e2d108e9a288178e319aee36695bc4ab96e,87e58c614ea02e59a39c3d1309934b1fad276ae3
scene_1_2_terminalgain_globalmax_interp_0125,family_01,125,6.912251,7.062562,0.150311,30,2,28,2.9,2.642815,2.625998,1.006404,0.16965,1.696502,1.797153,0.040748,0.014083,1.187199,0.0,scene_1|scene_1.2_y01_dense_strip_y05_2p75|10787|71,scene_1|scene_1.2_y01_dense_strip_y05_2p75|11513|104,efb03f17e478c4f58bb0a5806c5ecad139bec974,35df59e01731d81a44d9fa7762edb25df53a3e7f
scene_1_2_terminalgain_globalmax_interp_0126,family_01,126,6.912251,7.062562,0.150311,30,2,28,2.9,2.652641,2.625998,1.010146,0.16965,1.696502,1.798175,0.100033,0.064362,1.497383,0.0,scene_1|scene_1.2_y01_dense_strip_y05_2p75|10787|71,scene_1|scene_1.2_y01_dense_strip_y05_2p75|11513|104,57b34308de5b8ce2eb50d5ec0711b17c5f3b03a7,01b868099b2c9c8a806ed0bd1f767d8518587fed
scene_1_2_terminalgain_globalmax_interp_0127,family_01,127,6.912251,7.062562,0.150311,30,2,28,2.9,2.656007,2.625998,1.011428,0.169649,1.696494,1.798672,0.240815,0.114641,1.589935,0.0,scene_1|scene_1.2_y01_dense_strip_y05_2p75|10787|71,scene_1|scene_1.2_y01_dense_strip_y05_2p75|11513|104,22f5795406fde3cafbb6a3d4164726567fc5df5a,0f1ba37cbb79ca1b0019ce54c4b8a540ba7a6b32
scene_1_2_terminalgain_globalmax_interp_0128,family_01,128,6.912251,7.062562,0.150311,30,2,28,2.9,2.652334,2.625998,1.010029,0.16965,1.696504,1.798183,0.294155,0.164921,1.488723,0.0,scene_1|scene_1.2_y01_dense_strip_y05_2p75|10787|71,scene_1|scene_1.2_y01_dense_strip_y05_2p75|11513|104,1247283d3938e7bde5ce41a80add4152fbeae27f,9da367f498b6d904ca11ee594e2ecfaf18f7533c
scene_1_2_terminalgain_globalmax_interp_0129,family_01,129,6.912251,7.062562,0.150311,30,2,28,2.9,2.655208,2.625998,1.011123,0.169649,1.696492,1.798569,0.153373,0.129572,1.568819,0.0,scene_1|scene_1.2_y01_dense_strip_y05_2p75|10787|71,scene_1|scene_1.2_y01_dense_strip_y05_2p75|11513|104,ee435ee992e9dcbd369c7d15304550cf32c03bea,6afa6d4a391e7b2703e93dec821d32a49c2fceba
scene_1_2_terminalgain_globalmax_interp_0130,family_01,130,6.912251,7.062562,0.150311,30,2,28,2.9,2.643995,2.625998,1.006853,0.16965,1.696502,1.79732,0.012592,0.079293,1.228482,0.0,scene_1|scene_1.2_y01_dense_strip_y05_2p75|10787|71,scene_1|scene_1.2_y01_dense_strip_y05_2p75|11513|104,6af78b2d603c3f521647b847cf76c8cf1abdb8f1,c71192d4fc22c1b7024348c98b640a310af462c4
scene_1_2_terminalgain_globalmax_interp_0131,family_01,131,6.912251,7.062562,0.150311,30,2,28,2.9,2.629191,2.625998,1.001216,0.16965,1.696502,1.795888,0.12819,0.029014,0.516221,0.0,scene_1|scene_1.2_y01_dense_strip_y05_2p75|10787|71,scene_1|scene_1.2_y01_dense_strip_y05_2p75|11513|104,8b642db3395a1b8423dc13a14a9931310333f62d,7c74a955969880af9dd99f5e924df61a7f76bc4b
scene_1_2_terminalgain_globalmax_interp_0132,family_01,132,6.912251,7.062562,0.150311,30,2,28,2.9,2.658629,2.625998,1.012426,0.169649,1.696494,1.798924,0.268972,0.021266,1.659434,0.0,scene_1|scene_1.2_y01_dense_strip_y05_2p75|10787|71,scene_1|scene_1.2_y01_dense_strip_y05_2p75|11513|104,2502430a6ceb7d8acefac7bc0cd1b65fe75d5555,c4231d8fde8b8e7c8febf1e13bd7ce3142a8a748
scene_1_2_terminalgain_globalmax_interp_0133,family_01,133,6.912251,7.062562,0.150311,30,2,28,2.9,2.64421,2.625998,1.006935,0.169649,1.696492,1.797328,0.265998,0.071545,1.235719,0.0,scene_1|scene_1.2_y01_dense_strip_y05_2p75|10787|71,scene_1|scene_1.2_y01_dense_strip_y05_2p75|11513|104,013495154dcbbefcb6fe7a75a4615a628df8ea12,0749d6366e25a5efe99d82121cd80ae7ae356efb
scene_1_2_terminalgain_globalmax_interp_0134,family_01,134,6.912251,7.062562,0.150311,30,2,28,2.9,2.634891,2.625998,1.003386,0.169649,1.696492,1.79639,0.125217,0.121824,0.861794,0.0,scene_1|scene_1.2_y01_dense_strip_y05_2p75|10787|71,scene_1|scene_1.2_y01_dense_strip_y05_2p75|11513|104,0a9670a5a4572ded229d448796b8a9b8884ceaf2,165b861a3e7fb5fe099f36fbb292352d97772c69
scene_1_2_terminalgain_globalmax_interp_0135,family_01,135,6.912251,7.062562,0.150311,30,2,28,2.9,2.65332,2.625998,1.010405,0.16965,1.696504,1.798305,0.015565,0.172103,1.51648,0.0,scene_1|scene_1.2_y01_dense_strip_y05_2p75|10787|71,scene_1|scene_1.2_y01_dense_strip_y05_2p75|11513|104,17e3c672e112a7914bc43156343d54e6dcad3c39,c70a32c4a7a2c9c94e515032caa76e4e75ca4ca2
scene_1_2_terminalgain_globalmax_interp_0136,family_01,136,6.912251,7.062562,0.150311,30,2,28,2.9,2.681989,2.625998,1.021322,0.169649,1.696494,1.802124,0.156347,0.171643,2.183904,0.0,scene_1|scene_1.2_y01_dense_strip_y05_2p75|10787|71,scene_1|scene_1.2_y01_dense_strip_y05_2p75|11513|104,7b127a6d25f727783603d9b5db68306a3f8a551e,404ec19e22adc342fd5c682937a41dfbdd62dd29
scene_1_2_terminalgain_globalmax_interp_0137,family_01,137,6.912251,7.062562,0.150311,30,2,28,2.9,2.659218,2.625998,1.012651,0.16965,1.696502,1.798962,0.297128,0.121364,1.67456,0.0,scene_1|scene_1.2_y01_dense_strip_y05_2p75|10787|71,scene_1|scene_1.2_y01_dense_strip_y05_2p75|11513|104,16c7d57c418194d68a980a3140cf4c094d94719a,f3feb3f2d75bac796ccb103af9642d0c3fd049bc
scene_1_2_terminalgain_globalmax_interp_0138,family_01,138,6.912251,7.062562,0.150311,30,2,28,2.9,2.635208,2.625998,1.003507,0.169649,1.696492,1.796396,0.237842,0.071084,0.877101,0.0,scene_1|scene_1.2_y01_dense_strip_y05_2p75|10787|71,scene_1|scene_1.2_y01_dense_strip_y05_2p75|11513|104,265b305384cf338e7fc5a9298167d51a926fc97a,6e234fe84a439702b684aa70a956b6ed04d41400
scene_1_2_terminalgain_globalmax_interp_0139,family_01,139,6.912251,7.062562,0.150311,30,2,28,2.9,2.646468,2.625998,1.007795,0.16965,1.696504,1.797517,0.09706,0.020805,1.311002,0.0,scene_1|scene_1.2_y01_dense_strip_y05_2p75|10787|71,scene_1|scene_1.2_y01_dense_strip_y05_2p75|11513|104,71c7c3dca653fa3de290b728893b21ea754915d0,fc0851c8ce0e0b10ef53befbcd25e1fec80a4129
scene_1_2_terminalgain_globalmax_interp_0140,family_01,140,6.912251,7.062562,0.150311,30,2,28,2.9,2.63681,2.625998,1.004117,0.16965,1.696504,1.796573,0.043721,0.029474,0.950888,0.0,scene_1|scene_1.2_y01_dense_strip_y05_2p75|10787|71,scene_1|scene_1.2_y01_dense_strip_y05_2p75|11513|104,a2c08bd5ba00d2d188995b5f9cf24359bea5eca6,aef8b5600fb198e7801d2b939756d545ec4c7558
scene_1_2_terminalgain_globalmax_interp_0141,family_01,141,6.912251,7.062562,0.150311,30,2,28,2.9,2.662285,2.625998,1.013818,0.16965,1.696504,1.799259,0.184503,0.079753,1.751017,0.0,scene_1|scene_1.2_y01_dense_strip_y05_2p75|10787|71,scene_1|scene_1.2_y01_dense_strip_y05_2p75|11513|104,4022d8dcee08916b47a02d44a805fa2988e3d601,ef967f81570f65d22e4db94bcdf2cddfdd530d12
scene_1_2_terminalgain_globalmax_interp_0142,family_01,142,6.912251,7.062562,0.150311,30,2,28,2.9,2.634433,2.625998,1.003212,0.169649,1.696494,1.796394,0.325285,0.130033,0.839608,0.0,scene_1|scene_1.2_y01_dense_strip_y05_2p75|10787|71,scene_1|scene_1.2_y01_dense_strip_y05_2p75|11513|104,624faa522e0abef08af5c1e5ca2708cd0c04fc67,ce1bd0194831ba3f565214999670c3162fdd06fc
scene_1_2_terminalgain_globalmax_interp_0143,family_01,143,6.912251,7.062562,0.150311,30,2,28,2.9,2.630361,2.625998,1.001661,0.169649,1.696492,1.795999,0.344836,0.16446,0.603227,0.0,scene_1|scene_1.2_y01_dense_strip_y05_2p75|10787|71,scene_1|scene_1.2_y01_dense_strip_y05_2p75|11513|104,0d661dcfcfb2e08dd6914f8a0cc14431b1120a2d,767ab7bea85eb6eed812015a910ab8edd3b21cc5
scene_1_2_terminalgain_globalmax_interp_0144,family_01,144,6.912251,7.062562,0.150311,30,2,28,2.9,2.67997,2.625998,1.020553,0.16965,1.696502,1.801753,0.204055,0.114181,2.143217,0.0,scene_1|scene_1.2_y01_dense_strip_y05_2p75|10787|71,scene_1|scene_1.2_y01_dense_strip_y05_2p75|11513|104,5d4c367fd4dbbaa8d19b09c231f6ffb6c51431b8,156050558bdef76364d7881496fa40d81497d65c
scene_1_2_terminalgain_globalmax_interp_0145,family_01,145,6.912251,7.062562,0.150311,30,2,28,2.9,2.681996,2.625998,1.021325,0.169649,1.696492,1.802139,0.063273,0.063902,2.183933,0.0,scene_1|scene_1.2_y01_dense_strip_y05_2p75|10787|71,scene_1|scene_1.2_y01_dense_strip_y05_2p75|11513|104,cc80a0de1dfa950a886141d8402122d03f9cb871,dd03e3a5b4abbdda85d78a0057e2ba6b44da95e5
scene_1_2_terminalgain_globalmax_interp_0146,family_01,146,6.912251,7.062562,0.150311,30,2,28,2.9,2.629976,2.625998,1.001515,0.16965,1.696502,1.795933,0.077509,0.013622,0.576042,0.0,scene_1|scene_1.2_y01_dense_strip_y05_2p75|10787|71,scene_1|scene_1.2_y01_dense_strip_y05_2p75|11513|104,c3bab414a6890196bbf4cc45d321aa8f3115bb78,04a58eca44e17c249c59ad485a526c1c7a87e07d
scene_1_2_terminalgain_globalmax_interp_0147,family_01,147,6.912251,7.062562,0.150311,30,2,28,2.9,2.635091,2.625998,1.003463,0.169649,1.696492,1.796368,0.21829,0.036657,0.871644,0.0,scene_1|scene_1.2_y01_dense_strip_y05_2p75|10787|71,scene_1|scene_1.2_y01_dense_strip_y05_2p75|11513|104,0238415adc28c4d498b607af81358715eedd7eb8,cbfccd88ed6cbfc65b4ae944343da8cf71f70415
scene_1_2_terminalgain_globalmax_interp_0148,family_01,148,6.912251,7.062562,0.150311,30,2,28,2.9,2.660848,2.625998,1.013271,0.169649,1.696492,1.799172,0.31668,0.086936,1.71532,0.0,scene_1|scene_1.2_y01_dense_strip_y05_2p75|10787|71,scene_1|scene_1.2_y01_dense_strip_y05_2p75|11513|104,a0415748defa554a14fbc8253c23ac9a40c52f61,d8d35d1d8369e56a16746d070a412c9ffba1eac2
scene_1_2_terminalgain_globalmax_interp_0149,family_01,149,6.912251,7.062562,0.150311,30,2,28,2.9,2.638144,2.625998,1.004625,0.169649,1.696494,1.796706,0.175898,0.137215,1.008114,0.0,scene_1|scene_1.2_y01_dense_strip_y05_2p75|10787|71,scene_1|scene_1.2_y01_dense_strip_y05_2p75|11513|104,a807f07c2b7561eee33fa8bec69117af6da7a196,e0ec4b4adb954ea353b949ef223148df0b2449fd
scene_1_2_terminalgain_globalmax_interp_0150,family_01,150,6.912251,7.062562,0.150311,30,2,28,2.9,2.645326,2.625998,1.00736,0.16965,1.696504,1.797414,0.035116,0.157277,1.27361,0.0,scene_1|scene_1.2_y01_dense_strip_y05_2p75|10787|71,scene_1|scene_1.2_y01_dense_strip_y05_2p75|11513|104,e99f844ab57ec060199644bacac483105c45d549,e4e81fe06576532587069c572203d43d0af023df
scene_1_2_terminalgain_globalmax_interp_0151,family_01,151,6.912251,7.062562,0.150311,30,2,28,2.9,2.635458,2.625998,1.003602,0.16965,1.696502,1.796419,0.105665,0.106998,0.889197,0.0,scene_1|scene_1.2_y01_dense_strip_y05_2p75|10787|71,scene_1|scene_1.2_y01_dense_strip_y05_2p75|11513|104,8fae29edd85e9a0a9d0d691bca1923e5d90ec7fe,80918fcbed24a56dedcccb4ad7cfd54dfe44e86e
scene_1_2_terminalgain_globalmax_interp_0152,family_01,152,6.912251,7.062562,0.150311,30,2,28,2.9,2.657023,2.625998,1.011814,0.169649,1.696492,1.798758,0.246447,0.056719,1.617245,0.0,scene_1|scene_1.2_y01_dense_strip_y05_2p75|10787|71,scene_1|scene_1.2_y01_dense_strip_y05_2p75|11513|104,3bc478305a41e1df100f7322eca22a4997aec2ea,a7a740dfdf7d88829e05aa64f3bbcfca3392068f
scene_1_2_terminalgain_globalmax_interp_0153,family_01,153,6.912251,7.062562,0.150311,30,2,28,2.9,2.677973,2.625998,1.019792,0.16965,1.696502,1.801423,0.288523,0.00644,2.10222,0.0,scene_1|scene_1.2_y01_dense_strip_y05_2p75|10787|71,scene_1|scene_1.2_y01_dense_strip_y05_2p75|11513|104,3872f71dd2d59eae6ba0aae0668c7feb7a34f804,e7003454004c73da9a6b1addf1a8c78b5a6ea0f1
scene_1_2_terminalgain_globalmax_interp_0154,family_01,154,6.912251,7.062562,0.150311,30,2,28,2.9,2.65383,2.625998,1.010598,0.16965,1.696502,1.798242,0.147742,0.04384,1.530895,0.0,scene_1|scene_1.2_y01_dense_strip_y05_2p75|10787|71,scene_1|scene_1.2_y01_dense_strip_y05_2p75|11513|104,7491cd53342fea29fd31ff8c82ef6aec01da491a,6f69a5f08a1f91996f15828d66dde71cde3e23a3
scene_1_2_terminalgain_globalmax_interp_0155,family_01,155,6.912251,7.062562,0.150311,30,2,28,2.9,2.6331,2.625998,1.002704,0.169649,1.696494,1.796257,0.00696,0.094119,0.770136,0.0,scene_1|scene_1.2_y01_dense_strip_y05_2p75|10787|71,scene_1|scene_1.2_y01_dense_strip_y05_2p75|11513|104,5afcc2d223dba551329f087354331338c6b79196,1b5e5d73e1bd90681c51bbd7ccc6fe684ad7a42f
scene_1_2_terminalgain_globalmax_interp_0156,family_01,156,6.912251,7.062562,0.150311,30,2,28,2.9,2.646606,2.625998,1.007847,0.16965,1.696502,1.797567,0.133822,0.144398,1.315243,0.0,scene_1|scene_1.2_y01_dense_strip_y05_2p75|10787|71,scene_1|scene_1.2_y01_dense_strip_y05_2p75|11513|104,ad05ec86a28a46f6a23c165c37afe3b09968ccee,62978f9ad8bbf395940a2fecd99071eb83075d3c
scene_1_2_terminalgain_globalmax_interp_0157,family_01,157,6.912251,7.062562,0.150311,30,2,28,2.9,2.655897,2.625998,1.011386,0.16965,1.696504,1.79856,0.274603,0.150095,1.5872,0.0,scene_1|scene_1.2_y01_dense_strip_y05_2p75|10787|71,scene_1|scene_1.2_y01_dense_strip_y05_2p75|11513|104,90c59c6bd4f05bbacf879738da37200e6c66b955,b19c279614136ac2f11a88d1fbb4fdf4fd9ac6be
scene_1_2_terminalgain_globalmax_interp_0158,family_01,158,6.912251,7.062562,0.150311,30,2,28,2.9,2.63062,2.625998,1.00176,0.16965,1.696504,1.795995,0.260368,0.099815,0.620879,0.0,scene_1|scene_1.2_y01_dense_strip_y05_2p75|10787|71,scene_1|scene_1.2_y01_dense_strip_y05_2p75|11513|104,e4d1f798e0399899087e35e76cdb2bc9fe01fb7d,1a25de56beedfc06b6f6b7c2fd811359548b9163
scene_1_2_terminalgain_globalmax_interp_0159,family_01,159,6.912251,7.062562,0.150311,30,2,28,2.9,2.643117,2.625998,1.006519,0.169649,1.696492,1.797137,0.119586,0.049536,1.198067,0.0,scene_1|scene_1.2_y01_dense_strip_y05_2p75|10787|71,scene_1|scene_1.2_y01_dense_strip_y05_2p75|11513|104,32fd5f5a0978d521d982ff4041d14e950849f406,61620f1d6f017f733d75e4a97d4549cda6c99414
scene_1_2_terminalgain_globalmax_interp_0160,family_01,160,6.912251,7.062562,0.150311,30,2,28,2.9,2.658823,2.625998,1.0125,0.169649,1.696492,1.798885,0.021197,0.000743,1.66414,0.0,scene_1|scene_1.2_y01_dense_strip_y05_2p75|10787|71,scene_1|scene_1.2_y01_dense_strip_y05_2p75|11513|104,935bb97750e698c49909cbe1caae85cec54d1890,0e7ed0b97bea20d8776bdd698e9cab16471c692f
scene_1_2_terminalgain_globalmax_interp_0161,family_01,161,6.912251,7.062562,0.150311,30,2,28,2.9,2.648873,2.625998,1.008711,0.169649,1.696492,1.797747,0.161978,0.051022,1.386729,0.0,scene_1|scene_1.2_y01_dense_strip_y05_2p75|10787|71,scene_1|scene_1.2_y01_dense_strip_y05_2p75|11513|104,15d24343620f9cbfb6df50f8ed5993eb7f375448,6440812cab06005773257c99dba40828763879a7
scene_1_2_terminalgain_globalmax_interp_0162,family_01,162,6.912251,7.062562,0.150311,30,2,28,2.9,2.656693,2.625998,1.011689,0.169649,1.696494,1.798656,0.30276,0.101302,1.608463,0.0,scene_1|scene_1.2_y01_dense_strip_y05_2p75|10787|71,scene_1|scene_1.2_y01_dense_strip_y05_2p75|11513|104,d2f8af180ed7a41da451cc327b76ed23e923e8dd,12dd929a37155e151e4e7abb1c1f2dbf1973927e
scene_1_2_terminalgain_globalmax_interp_0163,family_01,163,6.912251,7.062562,0.150311,30,2,28,2.9,2.651531,2.625998,1.009723,0.16965,1.696502,1.797991,0.232211,0.151581,1.465616,0.0,scene_1|scene_1.2_y01_dense_strip_y05_2p75|10787|71,scene_1|scene_1.2_y01_dense_strip_y05_2p75|11513|104,8496c26861e7f63979f9e6333a46ab6321b170e0,b315599beadd9893c7b5294fc46da8ef0643d55d
scene_1_2_terminalgain_globalmax_interp_0164,family_01,164,6.912251,7.062562,0.150311,30,2,28,2.9,2.645871,2.625998,1.007568,0.169649,1.696492,1.797495,0.09143,0.142912,1.291472,0.0,scene_1|scene_1.2_y01_dense_strip_y05_2p75|10787|71,scene_1|scene_1.2_y01_dense_strip_y05_2p75|11513|104,f0fd9fe2c021c5d4abeb6eaa03e2808d6d01be9d,1f8cc470f6302f58a1693e143cde275f1a174edd
scene_1_2_terminalgain_globalmax_interp_0165,family_01,165,6.912251,7.062562,0.150311,30,2,28,2.9,2.645523,2.625998,1.007435,0.16965,1.696504,1.797312,0.049352,0.092633,1.280059,0.0,scene_1|scene_1.2_y01_dense_strip_y05_2p75|10787|71,scene_1|scene_1.2_y01_dense_strip_y05_2p75|11513|104,7338e2ceedbc32727c0c1cf56ea092a573494f33,746a65106c2d829cbc2577a4885d0bde4c2e1bd9
scene_1_2_terminalgain_globalmax_interp_0166,family_01,166,6.912251,7.062562,0.150311,30,2,28,2.9,2.64641,2.625998,1.007773,0.169649,1.696494,1.797498,0.190134,0.042353,1.308936,0.0,scene_1|scene_1.2_y01_dense_strip_y05_2p75|10787|71,scene_1|scene_1.2_y01_dense_strip_y05_2p75|11513|104,ff8bd67e814660d4c48ad17b6a2bf31850e2f71f,dc14c3f8e803dbbe4c012946323448e5c5ae2fc4
scene_1_2_terminalgain_globalmax_interp_0167,family_01,167,6.912251,7.062562,0.150311,30,2,28,2.9,2.626268,2.625998,1.000103,0.16965,1.696502,1.795659,0.330915,0.007926,0.150313,0.0,scene_1|scene_1.2_y01_dense_strip_y05_2p75|10787|71,scene_1|scene_1.2_y01_dense_strip_y05_2p75|11513|104,b6e6493cfc3e408c539dd8940734fc341828c1c7,9415ac8d1bd792f92f6a87522a8c300ec0e688ff
scene_1_2_terminalgain_globalmax_interp_0168,family_01,168,6.912251,7.062562,0.150311,30,2,28,2.9,2.679891,2.625998,1.020523,0.16965,1.696502,1.801727,0.339206,0.058205,2.141459,0.0,scene_1|scene_1.2_y01_dense_strip_y05_2p75|10787|71,scene_1|scene_1.2_y01_dense_strip_y05_2p75|11513|104,6fa945789e2a905e74de0b7af66324fe4be0e3cc,3485d7e6574de20d33ea6cb205fdd162e2257294
scene_1_2_terminalgain_globalmax_interp_0169,family_01,169,6.912251,7.062562,0.150311,30,2,28,2.9,2.663864,2.625998,1.014419,0.169649,1.696494,1.799533,0.198423,0.108484,1.789353,0.0,scene_1|scene_1.2_y01_dense_strip_y05_2p75|10787|71,scene_1|scene_1.2_y01_dense_strip_y05_2p75|11513|104,06dd126d85f631550be517d129e9104152c4f7d0,1aaf0475e42fce65e81c089cae259f8c0a32dc33
scene_1_2_terminalgain_globalmax_interp_0170,family_01,170,6.912251,7.062562,0.150311,30,2,28,2.9,2.629424,2.625998,1.001305,0.169649,1.696494,1.795915,0.057641,0.158764,0.534333,0.0,scene_1|scene_1.2_y01_dense_strip_y05_2p75|10787|71,scene_1|scene_1.2_y01_dense_strip_y05_2p75|11513|104,544172a52b7164c9bfa3df5d69350649f733437e,2cff50f8227a168fed37d16ec03901bea4693b46
scene_1_2_terminalgain_globalmax_interp_0171,family_01,171,6.912251,7.062562,0.150311,30,2,28,2.9,2.667331,2.625998,1.01574,0.16965,1.696502,1.799973,0.08314,0.135729,1.870577,0.0,scene_1|scene_1.2_y01_dense_strip_y05_2p75|10787|71,scene_1|scene_1.2_y01_dense_strip_y05_2p75|11513|104,174057a830a930f7f83acc2e7a86eb7dd3354f20,e7fc9935b96c4cdc6c88c9c7eb1e91f85796065b
scene_1_2_terminalgain_globalmax_interp_0172,family_01,172,6.912251,7.062562,0.150311,30,2,28,2.9,2.666368,2.625998,1.015373,0.16965,1.696502,1.79989,0.223922,0.08545,1.848312,0.0,scene_1|scene_1.2_y01_dense_strip_y05_2p75|10787|71,scene_1|scene_1.2_y01_dense_strip_y05_2p75|11513|104,8ab087ee219acbcac0dfd6beda95da3a67792054,84d23bed2479717f021fea6c6189cc81919df2eb
scene_1_2_terminalgain_globalmax_interp_0173,family_01,173,6.912251,7.062562,0.150311,30,2,28,2.9,2.646893,2.625998,1.007957,0.16965,1.696504,1.797458,0.311049,0.035171,1.324729,0.0,scene_1|scene_1.2_y01_dense_strip_y05_2p75|10787|71,scene_1|scene_1.2_y01_dense_strip_y05_2p75|11513|104,cce68338a79ae19e2a277d345e04cc69727152a3,16862c4c1ed0ca5987723bc686c5e7281ce5a599
scene_1_2_terminalgain_globalmax_interp_0174,family_01,174,6.912251,7.062562,0.150311,30,2,28,2.9,2.634728,2.625998,1.003324,0.169649,1.696494,1.796308,0.170267,0.015109,0.854007,0.0,scene_1|scene_1.2_y01_dense_strip_y05_2p75|10787|71,scene_1|scene_1.2_y01_dense_strip_y05_2p75|11513|104,05c957cbd981f421a6c6bc626993014d96a80267,78d4894d5a9ea34e5f058fb34d863cf3b7cc18d1
scene_1_2_terminalgain_globalmax_interp_0175,family_01,175,6.912251,7.062562,0.150311,30,2,28,2.9,2.645465,2.625998,1.007413,0.16965,1.696502,1.797439,0.029486,0.065388,1.278341,0.0,scene_1|scene_1.2_y01_dense_strip_y05_2p75|10787|71,scene_1|scene_1.2_y01_dense_strip_y05_2p75|11513|104,0a533b615aa18054c1a9b4a739f20e360f5ddbf1,14f7bd4edee283acb95000666f31655d8c36abf0
scene_1_2_terminalgain_globalmax_interp_0176,family_01,176,6.912251,7.062562,0.150311,30,2,28,2.9,2.647766,2.625998,1.008289,0.16965,1.696502,1.797613,0.111297,0.115667,1.352003,0.0,scene_1|scene_1.2_y01_dense_strip_y05_2p75|10787|71,scene_1|scene_1.2_y01_dense_strip_y05_2p75|11513|104,8cb638304e1894c849840406f80dc0e342d3c454,ddc8197644e9d832d25abc584e19a00ba94241fc
scene_1_2_terminalgain_globalmax_interp_0177,family_01,177,6.912251,7.062562,0.150311,30,2,28,2.9,2.66521,2.625998,1.014932,0.169649,1.696494,1.799737,0.252079,0.165946,1.821369,0.0,scene_1|scene_1.2_y01_dense_strip_y05_2p75|10787|71,scene_1|scene_1.2_y01_dense_strip_y05_2p75|11513|104,37547ab67167005acc599b95a246d48934766f9f,17521e461e6db744425f15c1df077c3b3fb66260
scene_1_2_terminalgain_globalmax_interp_0178,family_01,178,6.912251,7.062562,0.150311,30,2,28,2.9,2.635224,2.625998,1.003513,0.16965,1.696504,1.796396,0.282893,0.128546,0.877925,0.0,scene_1|scene_1.2_y01_dense_strip_y05_2p75|10787|71,scene_1|scene_1.2_y01_dense_strip_y05_2p75|11513|104,f8b3a69bdd2f2fac11a1d5f52f3e740cde69f9f4,cd223b1e4a163b5490a2ca5d48c9368e804782d9
scene_1_2_terminalgain_globalmax_interp_0179,family_01,179,6.912251,7.062562,0.150311,30,2,28,2.9,2.631475,2.625998,1.002086,0.169649,1.696492,1.796096,0.142111,0.078267,0.67617,0.0,scene_1|scene_1.2_y01_dense_strip_y05_2p75|10787|71,scene_1|scene_1.2_y01_dense_strip_y05_2p75|11513|104,7bcf29d881ef92c814492443e3331eca0bb8d723,435ed5f05312e84a25394aae24cba817e4a16e23
scene_1_2_terminalgain_globalmax_interp_0180,family_01,180,6.912251,7.062562,0.150311,30,2,28,2.9,2.666768,2.625998,1.015525,0.169649,1.696492,1.799923,0.001329,0.027988,1.857709,0.0,scene_1|scene_1.2_y01_dense_strip_y05_2p75|10787|71,scene_1|scene_1.2_y01_dense_strip_y05_2p75|11513|104,63de77ef777cfb1717327b0a86969fb409cd3817,068d095308ab7f6ecfa079ce917b60af6f8bc2a9
scene_1_2_terminalgain_globalmax_interp_0181,family_01,181,6.912251,7.062562,0.150311,30,2,28,2.9,2.664292,2.625998,1.014583,0.169649,1.696492,1.799585,0.139452,0.022291,1.799294,0.0,scene_1|scene_1.2_y01_dense_strip_y05_2p75|10787|71,scene_1|scene_1.2_y01_dense_strip_y05_2p75|11513|104,0d637796d3aaab9f0ad69471576c7f47759f6a5d,04caa20c368cbddeb9d3ae83e711b1966c7ed658
scene_1_2_terminalgain_globalmax_interp_0182,family_01,182,6.912251,7.062562,0.150311,30,2,28,2.9,2.633145,2.625998,1.002722,0.16965,1.696502,1.796149,0.280234,0.072571,0.772661,0.0,scene_1|scene_1.2_y01_dense_strip_y05_2p75|10787|71,scene_1|scene_1.2_y01_dense_strip_y05_2p75|11513|104,77fa24f256e0b25d2b9bf35bf5d5ec65bad74e57,9908947b15e9c46b89d5995940c5dcd014adada4
scene_1_2_terminalgain_globalmax_interp_0183,family_01,183,6.912251,7.062562,0.150311,30,2,28,2.9,2.634584,2.625998,1.003269,0.16965,1.696502,1.796369,0.254736,0.12285,0.846901,0.0,scene_1|scene_1.2_y01_dense_strip_y05_2p75|10787|71,scene_1|scene_1.2_y01_dense_strip_y05_2p75|11513|104,ff68ef4c38faad7396f69cb67f976cb36e54717d,fb2e74c20632186629586425ae86522377cc6dfe
scene_1_2_terminalgain_globalmax_interp_0184,family_01,184,6.912251,7.062562,0.150311,30,2,28,2.9,2.669032,2.625998,1.016388,0.169649,1.696494,1.800284,0.113954,0.173129,1.909548,0.0,scene_1|scene_1.2_y01_dense_strip_y05_2p75|10787|71,scene_1|scene_1.2_y01_dense_strip_y05_2p75|11513|104,c4b907a7e78d6e595bb1ffa492623f6a3552b0fd,dc55f1ef9636e608a203aa72295d093309252b00
scene_1_2_terminalgain_globalmax_interp_0185,family_01,185,6.912251,7.062562,0.150311,30,2,28,2.9,2.655287,2.625998,1.011154,0.16965,1.696504,1.798461,0.026827,0.170616,1.570788,0.0,scene_1|scene_1.2_y01_dense_strip_y05_2p75|10787|71,scene_1|scene_1.2_y01_dense_strip_y05_2p75|11513|104,077288d0e1d9ff33238d938a2be42fb86d39e4c1,74ffa8e385d7b120c875280264f2224e70f4d845
scene_1_2_terminalgain_globalmax_interp_0186,family_01,186,6.912251,7.062562,0.150311,30,2,28,2.9,2.643921,2.625998,1.006825,0.169649,1.696494,1.797284,0.167609,0.120337,1.225639,0.0,scene_1|scene_1.2_y01_dense_strip_y05_2p75|10787|71,scene_1|scene_1.2_y01_dense_strip_y05_2p75|11513|104,473069354267961954103e3d7aa414ae4524c7da,8ad7ce2a2aeb66f9c187253dcef56035f32b17a6
scene_1_2_terminalgain_globalmax_interp_0187,family_01,187,6.912251,7.062562,0.150311,30,2,28,2.9,2.637918,2.625998,1.004539,0.169649,1.696492,1.796708,0.308391,0.070057,0.998469,0.0,scene_1|scene_1.2_y01_dense_strip_y05_2p75|10787|71,scene_1|scene_1.2_y01_dense_strip_y05_2p75|11513|104,ce71fc5ae0ef8f9f130225dd4f2ea14726a2551b,8c8baafd7ff538fcd94506ec235cd105fb89441a
scene_1_2_terminalgain_globalmax_interp_0188,family_01,188,6.912251,7.062562,0.150311,30,2,28,2.9,2.640947,2.625998,1.005693,0.16965,1.696502,1.796935,0.22658,0.019778,1.118916,0.0,scene_1|scene_1.2_y01_dense_strip_y05_2p75|10787|71,scene_1|scene_1.2_y01_dense_strip_y05_2p75|11513|104,7debbd775208556af1eb75f1b8b8b4843a9452f3,0805ac1392608f3b52c38566f048d5bf5372110e
scene_1_2_terminalgain_globalmax_interp_0189,family_01,189,6.912251,7.062562,0.150311,30,2,28,2.9,2.671407,2.625998,1.017292,0.16965,1.696504,1.800595,0.085798,0.0305,1.962448,0.0,scene_1|scene_1.2_y01_dense_strip_y05_2p75|10787|71,scene_1|scene_1.2_y01_dense_strip_y05_2p75|11513|104,4466d1f7070664a932479bfc3c50a4b0c50786f4,9ac7d802e8f17730abbba38a6bc3254176d1dc27
scene_1_2_terminalgain_globalmax_interp_0190,family_01,190,6.912251,7.062562,0.150311,30,2,28,2.9,2.651794,2.625998,1.009823,0.16965,1.696502,1.798056,0.054984,0.080779,1.47311,0.0,scene_1|scene_1.2_y01_dense_strip_y05_2p75|10787|71,scene_1|scene_1.2_y01_dense_strip_y05_2p75|11513|104,77d649d1b0d6718e310e0d57a5eac6022ab35f54,1431085200e2825e0ba4b6b5300e7914fd51e51b
scene_1_2_terminalgain_globalmax_interp_0191,family_01,191,6.912251,7.062562,0.150311,30,2,28,2.9,2.627342,2.625998,1.000512,0.169649,1.696492,1.795833,0.195765,0.131058,0.334614,0.0,scene_1|scene_1.2_y01_dense_strip_y05_2p75|10787|71,scene_1|scene_1.2_y01_dense_strip_y05_2p75|11513|104,6452a042c4ee9fef46ea14eace7046db735326ae,4aa02f3939e31e1fe2b7700640ba47df8a6acf98
scene_1_2_terminalgain_globalmax_interp_0192,family_01,192,6.912251,7.062562,0.150311,30,2,28,2.9,2.662057,2.625998,1.013732,0.16965,1.696502,1.799257,0.336547,0.163433,1.745398,0.0,scene_1|scene_1.2_y01_dense_strip_y05_2p75|10787|71,scene_1|scene_1.2_y01_dense_strip_y05_2p75|11513|104,638ea5a03c56027ae871f1c259b090677ea5833e,17c2fed05cf3478f2444ac87401d3ed3302400a2
scene_1_2_terminalgain_globalmax_interp_0193,family_01,193,6.912251,7.062562,0.150311,30,2,28,2.9,2.658715,2.625998,1.012459,0.169649,1.696494,1.798993,0.333574,0.113154,1.661554,0.0,scene_1|scene_1.2_y01_dense_strip_y05_2p75|10787|71,scene_1|scene_1.2_y01_dense_strip_y05_2p75|11513|104,23449e23e893093a26d78ab30bd342791ade84b4,03394b36c6d30c23a47543065337c60af9fd4048
scene_1_2_terminalgain_globalmax_interp_0194,family_01,194,6.912251,7.062562,0.150311,30,2,28,2.9,2.628138,2.625998,1.000815,0.169649,1.696494,1.795859,0.192792,0.062875,0.422598,0.0,scene_1|scene_1.2_y01_dense_strip_y05_2p75|10787|71,scene_1|scene_1.2_y01_dense_strip_y05_2p75|11513|104,f9b12ebcbd9633429336f6d3b59cb211aeb3c6b7,1d545c20983d688c7722861ebe5572378b9c6449
scene_1_2_terminalgain_globalmax_interp_0195,family_01,195,6.912251,7.062562,0.150311,30,2,28,2.9,2.6503,2.625998,1.009254,0.16965,1.696502,1.797918,0.052011,0.012595,1.429547,0.0,scene_1|scene_1.2_y01_dense_strip_y05_2p75|10787|71,scene_1|scene_1.2_y01_dense_strip_y05_2p75|11513|104,193c2f8ab52dfe2f8b209c12c7f22e816c411ecc,82dd1c51d4077504ba5160bbd6609c49d8a28f29
scene_1_2_terminalgain_globalmax_interp_0196,family_01,196,6.912251,7.062562,0.150311,30,2,28,2.9,2.648364,2.625998,1.008517,0.169649,1.696492,1.797706,0.088771,0.037683,1.370819,0.0,scene_1|scene_1.2_y01_dense_strip_y05_2p75|10787|71,scene_1|scene_1.2_y01_dense_strip_y05_2p75|11513|104,a03cac5737ba31433c744a18804b89637df2db00,1825480e7d37353450ae19d5d6c6e2b624264c6d
scene_1_2_terminalgain_globalmax_interp_0197,family_01,197,6.912251,7.062562,0.150311,30,2,28,2.9,2.640069,2.625998,1.005358,0.16965,1.696502,1.796794,0.229553,0.087962,1.085563,0.0,scene_1|scene_1.2_y01_dense_strip_y05_2p75|10787|71,scene_1|scene_1.2_y01_dense_strip_y05_2p75|11513|104,ac082c04a60199d2765effe3cf8811eb753ade9d,fc18e762008abcafdb2181026699306ab0f9f843
scene_1_2_terminalgain_globalmax_interp_0198,family_01,198,6.912251,7.062562,0.150311,30,2,28,2.9,2.668967,2.625998,1.016363,0.169649,1.696492,1.80018,0.305417,0.138241,1.908059,0.0,scene_1|scene_1.2_y01_dense_strip_y05_2p75|10787|71,scene_1|scene_1.2_y01_dense_strip_y05_2p75|11513|104,30d6f032134f3266c7ffab58f92e474133e49473,d234ff913955da89c905dd59e61412001c497a81
scene_1_2_terminalgain_globalmax_interp_0199,family_01,199,6.912251,7.062562,0.150311,30,2,28,2.9,2.661325,2.625998,1.013453,0.16965,1.696504,1.79927,0.164636,0.15625,1.72737,0.0,scene_1|scene_1.2_y01_dense_strip_y05_2p75|10787|71,scene_1|scene_1.2_y01_dense_strip_y05_2p75|11513|104,226e19d281fa741987ac0af5bdad30d4d1327378,907a21e54b9760b7e87d15595a00387cf5707ade
scene_1_2_terminalgain_globalmax_interp_0200,family_01,200,6.912251,7.062562,0.150311,30,2,28,2.9,2.663066,2.625998,1.014116,0.16965,1.696504,1.799555,0.023854,0.105971,1.770081,0.0,scene_1|scene_1.2_y01_dense_strip_y05_2p75|10787|71,scene_1|scene_1.2_y01_dense_strip_y05_2p75|11513|104,0579be797b5fbd5e0fc5b9e0b1a3705ba9b0d5e2,0bd0d59c67096fc5538bba62840dbb6c0ea4aed8
scene_1_2_terminalgain_globalmax_interp_0201,family_01,201,6.912251,7.062562,0.150311,30,2,28,2.9,2.661204,2.625998,1.013407,0.16965,1.696502,1.799244,0.116928,0.055692,1.724482,0.0,scene_1|scene_1.2_y01_dense_strip_y05_2p75|10787|71,scene_1|scene_1.2_y01_dense_strip_y05_2p75|11513|104,c88bcf16574db014cc62fed79601fac1c8f402f9,af9605d21c813eadb43ed9ae3ca30da9e3a2db45
scene_1_2_terminalgain_globalmax_interp_0202,family_01,202,6.912251,7.062562,0.150311,30,2,28,2.9,2.647581,2.625998,1.008219,0.169649,1.696492,1.797625,0.257709,0.005414,1.346049,0.0,scene_1|scene_1.2_y01_dense_strip_y05_2p75|10787|71,scene_1|scene_1.2_y01_dense_strip_y05_2p75|11513|104,b5e3fe4b48c234e9bc19827302123f8d09ec30ed,0098b54e067cebc3f8abfc4751e3e9461a294ea2
scene_1_2_terminalgain_globalmax_interp_0203,family_01,203,6.912251,7.062562,0.150311,30,2,28,2.9,2.633318,2.625998,1.002788,0.16965,1.696504,1.796298,0.277261,0.044866,0.782009,0.0,scene_1|scene_1.2_y01_dense_strip_y05_2p75|10787|71,scene_1|scene_1.2_y01_dense_strip_y05_2p75|11513|104,8292baa7186c7d14935cf6192736ccd9f79fd721,23360bf86415821b09dfcf832bbeaf333568b24a
scene_1_2_terminalgain_globalmax_interp_0204,family_01,204,6.912251,7.062562,0.150311,30,2,28,2.9,2.648334,2.625998,1.008506,0.16965,1.696504,1.797728,0.136479,0.095145,1.370069,0.0,scene_1|scene_1.2_y01_dense_strip_y05_2p75|10787|71,scene_1|scene_1.2_y01_dense_strip_y05_2p75|11513|104,b8ec467eb460c548ae23ec312ec4540e847b0c97,d855e0313f9ebe5c2df23f37d689e908e324b580
scene_1_2_terminalgain_globalmax_interp_0205,family_01,205,6.912251,7.062562,0.150311,30,2,28,2.9,2.653738,2.625998,1.010564,0.16965,1.696502,1.798283,0.004302,0.145424,1.528591,0.0,scene_1|scene_1.2_y01_dense_strip_y05_2p75|10787|71,scene_1|scene_1.2_y01_dense_strip_y05_2p75|11513|104,e04b4dc032d05dec24e16558174c42e66134db89,57d1a47ce21170e662c0268ca0ecba66b3f1e96d
scene_1_2_terminalgain_globalmax_interp_0206,family_01,206,6.912251,7.062562,0.150311,30,2,28,2.9,2.62995,2.625998,1.001505,0.169649,1.696492,1.796022,0.145084,0.149068,0.574189,0.0,scene_1|scene_1.2_y01_dense_strip_y05_2p75|10787|71,scene_1|scene_1.2_y01_dense_strip_y05_2p75|11513|104,08bfb7096617b7f8da964f382aa167a386b1084d,35dfb5f5a75f452afccf2dd23716d784eb2e56fd
scene_1_2_terminalgain_globalmax_interp_0207,family_01,207,6.912251,7.062562,0.150311,30,2,28,2.9,2.648945,2.625998,1.008738,0.169649,1.696494,1.797819,0.285866,0.098788,1.388541,0.0,scene_1|scene_1.2_y01_dense_strip_y05_2p75|10787|71,scene_1|scene_1.2_y01_dense_strip_y05_2p75|11513|104,0cbd3126bff9ec4ce0c4182b2d1c1aa26c452611,336efc853312c5215dde40d7b2c5781d237457d9
scene_1_2_terminalgain_globalmax_interp_0208,family_01,208,6.912251,7.062562,0.150311,30,2,28,2.9,2.679191,2.625998,1.020256,0.16965,1.696502,1.801654,0.249104,0.048509,2.127516,0.0,scene_1|scene_1.2_y01_dense_strip_y05_2p75|10787|71,scene_1|scene_1.2_y01_dense_strip_y05_2p75|11513|104,58d361ab6498e90bdfd2f4f4a91d7444ffd79444,97950d2f8e54fa2394004431d235f7191e001b27
scene_1_2_terminalgain_globalmax_interp_0209,family_01,209,6.912251,7.062562,0.150311,30,2,28,2.9,2.651896,2.625998,1.009862,0.169649,1.696492,1.798152,0.108323,0.001769,1.476016,0.0,scene_1|scene_1.2_y01_dense_strip_y05_2p75|10787|71,scene_1|scene_1.2_y01_dense_strip_y05_2p75|11513|104,b792afd01199afa7a6bda6455d78be8d46ff076f,e960c1c6cc8c2e8a0866044f8729865b5e99a388
scene_1_2_terminalgain_globalmax_interp_0210,family_01,210,6.912251,7.062562,0.150311,30,2,28,2.9,2.63327,2.625998,1.002769,0.16965,1.696502,1.796226,0.032459,0.052048,0.779036,0.0,scene_1|scene_1.2_y01_dense_strip_y05_2p75|10787|71,scene_1|scene_1.2_y01_dense_strip_y05_2p75|11513|104,9d3fe1f2d0ea686f8959658856de5fd4e56e5348,cf57416c68acfa6e65a29c9475085d612a503496
scene_1_2_terminalgain_globalmax_interp_0211,family_01,211,6.912251,7.062562,0.150311,30,2,28,2.9,2.647051,2.625998,1.008017,0.16965,1.696504,1.797544,0.173241,0.102327,1.329339,0.0,scene_1|scene_1.2_y01_dense_strip_y05_2p75|10787|71,scene_1|scene_1.2_y01_dense_strip_y05_2p75|11513|104,bc6be03f48615db70bc5ea1c6a82d37fb286985a,f4388d7066f2810352eee7069de36d10fedd4ca9
scene_1_2_terminalgain_globalmax_interp_0212,family_01,212,6.912251,7.062562,0.150311,30,2,28,2.9,2.642888,2.625998,1.006432,0.169649,1.696494,1.797249,0.314022,0.152607,1.189868,0.0,scene_1|scene_1.2_y01_dense_strip_y05_2p75|10787|71,scene_1|scene_1.2_y01_dense_strip_y05_2p75|11513|104,8a9c9f4100235fc4e49cba7467c0e401848f3612,8bea829b75bc4bd345e4db48da708720635ebd4f
scene_1_2_terminalgain_globalmax_interp_0213,family_01,213,6.912251,7.062562,0.150311,30,2,28,2.9,2.651509,2.625998,1.009715,0.169649,1.696492,1.798014,0.220949,0.141885,1.464832,0.0,scene_1|scene_1.2_y01_dense_strip_y05_2p75|10787|71,scene_1|scene_1.2_y01_dense_strip_y05_2p75|11513|104,125687c1843977607e5dbbb5b11aa7766ccbf343,b0300875c6e7c73459a5306c4f2e4e7b4cc51b9a
scene_1_2_terminalgain_globalmax_interp_0214,family_01,214,6.912251,7.062562,0.150311,30,2,28,2.9,2.64103,2.625998,1.005724,0.169649,1.696494,1.797008,0.080167,0.091606,1.122204,0.0,scene_1|scene_1.2_y01_dense_strip_y05_2p75|10787|71,scene_1|scene_1.2_y01_dense_strip_y05_2p75|11513|104,9d496aecca5fbc9206b757ded420697fea04b9f5,354e354112dfd1e7ed31c1168e4049e41d2efef2
scene_1_2_terminalgain_globalmax_interp_0215,family_01,215,6.912251,7.062562,0.150311,30,2,28,2.9,2.627406,2.625998,1.000536,0.16965,1.696502,1.795781,0.060615,0.041326,0.342697,0.0,scene_1|scene_1.2_y01_dense_strip_y05_2p75|10787|71,scene_1|scene_1.2_y01_dense_strip_y05_2p75|11513|104,d4bf098552bcaeed6429dba6a047cbee898b84b4,824833b3af7cb85bb31bb49ed9b982cf2700f95b
scene_1_2_terminalgain_globalmax_interp_0216,family_01,216,6.912251,7.062562,0.150311,30,2,28,2.9,2.682449,2.625998,1.021497,0.169649,1.696492,1.802225,0.201397,0.008952,2.192734,0.0,scene_1|scene_1.2_y01_dense_strip_y05_2p75|10787|71,scene_1|scene_1.2_y01_dense_strip_y05_2p75|11513|104,b96c4fb61733125bbe2d665591c7f9b39153286b,d211a0f4f236f0fed5b1e907f359b08cba85f740
scene_1_2_terminalgain_globalmax_interp_0217,family_01,217,6.912251,7.062562,0.150311,30,2,28,2.9,2.678399,2.625998,1.019955,0.16965,1.696502,1.801538,0.342179,0.059231,2.110925,0.0,scene_1|scene_1.2_y01_dense_strip_y05_2p75|10787|71,scene_1|scene_1.2_y01_dense_strip_y05_2p75|11513|104,dbce8353dc0d2d7f548ad2f0453544641f52a407,4c93ff0b039e4aa8cb106ef5564bec80ccbd67cd
scene_1_2_terminalgain_globalmax_interp_0218,family_01,218,6.912251,7.062562,0.150311,30,2,28,2.9,2.627756,2.625998,1.00067,0.16965,1.696502,1.795728,0.327942,0.10951,0.382806,0.0,scene_1|scene_1.2_y01_dense_strip_y05_2p75|10787|71,scene_1|scene_1.2_y01_dense_strip_y05_2p75|11513|104,9afb3d91c0a87accac6ea330c5be8c7b4c9f90e6,ba2ef7c249ea2fd32f65da7f63fc9b20b6815f87
scene_1_2_terminalgain_globalmax_interp_0219,family_01,219,6.912251,7.062562,0.150311,30,2,28,2.9,2.639427,2.625998,1.005114,0.169649,1.696494,1.796835,0.187161,0.159789,1.0602,0.0,scene_1|scene_1.2_y01_dense_strip_y05_2p75|10787|71,scene_1|scene_1.2_y01_dense_strip_y05_2p75|11513|104,c5ab8ed9e3121091cee04e2af24444e31c6639b3,0fbfd1a223a633eff8aa7f477e6498bd13fc37be
scene_1_2_terminalgain_globalmax_interp_0220,family_01,220,6.912251,7.062562,0.150311,30,2,28,2.9,2.65385,2.625998,1.010606,0.16965,1.696504,1.798337,0.046379,0.134702,1.531619,0.0,scene_1|scene_1.2_y01_dense_strip_y05_2p75|10787|71,scene_1|scene_1.2_y01_dense_strip_y05_2p75|11513|104,881dff31c8c34dd0297fb6d35c06f61537d2c315,0ed7732c345eb1ff76f924c7b9556487687b9dd7
scene_1_2_terminalgain_globalmax_interp_0221,family_01,221,6.912251,7.062562,0.150311,30,2,28,2.9,2.640067,2.625998,1.005357,0.169649,1.696492,1.796851,0.094403,0.084423,1.085455,0.0,scene_1|scene_1.2_y01_dense_strip_y05_2p75|10787|71,scene_1|scene_1.2_y01_dense_strip_y05_2p75|11513|104,d22a7a2d7469979d2c739fe509c87e733944c7f6,36784b57310ca5608de8126cd74d3aedf64e3b89
scene_1_2_terminalgain_globalmax_interp_0222,family_01,222,6.912251,7.062562,0.150311,30,2,28,2.9,2.648749,2.625998,1.008664,0.16965,1.696502,1.797734,0.235184,0.034144,1.382429,0.0,scene_1|scene_1.2_y01_dense_strip_y05_2p75|10787|71,scene_1|scene_1.2_y01_dense_strip_y05_2p75|11513|104,1ccde3a79d8d0061b5edf2b9cf22c92c3bfb16d6,f44f784f11d9b28051b2d0f1a6c849b6aef4824e
scene_1_2_terminalgain_globalmax_interp_0223,family_01,223,6.912251,7.062562,0.150311,30,2,28,2.9,2.632459,2.625998,1.002461,0.169649,1.696492,1.796169,0.299787,0.016135,0.73449,0.0,scene_1|scene_1.2_y01_dense_strip_y05_2p75|10787|71,scene_1|scene_1.2_y01_dense_strip_y05_2p75|11513|104,8d84145210339c22b8e7df917bae7c24ab496c56,1ee56bb19f892e9b2c10c88af567b9fa0d197668
scene_1_2_terminalgain_globalmax_interp_0224,family_01,224,6.912251,7.062562,0.150311,30,2,28,2.9,2.655582,2.625998,1.011266,0.169649,1.696492,1.798537,0.159004,0.066414,1.578987,0.0,scene_1|scene_1.2_y01_dense_strip_y05_2p75|10787|71,scene_1|scene_1.2_y01_dense_strip_y05_2p75|11513|104,ba8ceade9c60b2ac9e307e3d6f8d77300811aba7,da3b815354b99c7c26c6ee1d5b7977f1398e3862
scene_1_2_terminalgain_globalmax_interp_0225,family_01,225,6.912251,7.062562,0.150311,30,2,28,2.9,2.676204,2.625998,1.019119,0.169649,1.696492,1.801168,0.018222,0.116693,2.065237,0.0,scene_1|scene_1.2_y01_dense_strip_y05_2p75|10787|71,scene_1|scene_1.2_y01_dense_strip_y05_2p75|11513|104,cfec828ef2fb2e759416a254b0920199c5e541e0,c6ab696eb7c2b89ae9bd91a5a1ba139d39fa169d
scene_1_2_terminalgain_globalmax_interp_0226,family_01,226,6.912251,7.062562,0.150311,30,2,28,2.9,2.661757,2.625998,1.013617,0.169649,1.696492,1.799217,0.122559,0.166972,1.737837,0.0,scene_1|scene_1.2_y01_dense_strip_y05_2p75|10787|71,scene_1|scene_1.2_y01_dense_strip_y05_2p75|11513|104,0b0cc2ad7c251b74ee5e8e76503b5e337f42d1a0,24c989a65a0de88cdd3bc9e5605de5f2f9c46f1c
scene_1_2_terminalgain_globalmax_interp_0227,family_01,227,6.912251,7.062562,0.150311,30,2,28,2.9,2.631629,2.625998,1.002144,0.16965,1.696504,1.796055,0.263341,0.127519,0.685608,0.0,scene_1|scene_1.2_y01_dense_strip_y05_2p75|10787|71,scene_1|scene_1.2_y01_dense_strip_y05_2p75|11513|104,fc20236d30388913f4d6d295a49a82defe9ce974,27d79e56f57c3a69a50cf6506fdcf98a470bd2cb
scene_1_2_terminalgain_globalmax_interp_0228,family_01,228,6.912251,7.062562,0.150311,30,2,28,2.9,2.650606,2.625998,1.009371,0.16965,1.696504,1.797963,0.27163,0.07724,1.438521,0.0,scene_1|scene_1.2_y01_dense_strip_y05_2p75|10787|71,scene_1|scene_1.2_y01_dense_strip_y05_2p75|11513|104,51873b7e14065729c9e332ed9e94409c29bc4ac9,238cfe030d3fc7b89971c330518d89a1b0f9916b
scene_1_2_terminalgain_globalmax_interp_0229,family_01,229,6.912251,7.062562,0.150311,30,2,28,2.9,2.654955,2.625998,1.011027,0.16965,1.696504,1.798389,0.130849,0.026961,1.56195,0.0,scene_1|scene_1.2_y01_dense_strip_y05_2p75|10787|71,scene_1|scene_1.2_y01_dense_strip_y05_2p75|11513|104,ea3fa8882312ff41368df10b1b41312979d5eef6,b99190427400556093e8fdeca92000fc63a6a2d5
scene_1_2_terminalgain_globalmax_interp_0230,family_01,230,6.912251,7.062562,0.150311,30,2,28,2.9,2.635185,2.625998,1.003498,0.169649,1.696494,1.796395,0.009933,0.023317,0.876282,0.0,scene_1|scene_1.2_y01_dense_strip_y05_2p75|10787|71,scene_1|scene_1.2_y01_dense_strip_y05_2p75|11513|104,8db26336906c4456dc59386f1d73a5db1cfc7f00,0e25fe95183ecb3a4f06057bb908c53009ea24ff
scene_1_2_terminalgain_globalmax_interp_0231,family_01,231,6.912251,7.062562,0.150311,30,2,28,2.9,2.638147,2.625998,1.004626,0.16965,1.696502,1.796702,0.150715,0.073597,1.007788,0.0,scene_1|scene_1.2_y01_dense_strip_y05_2p75|10787|71,scene_1|scene_1.2_y01_dense_strip_y05_2p75|11513|104,6565962717ec8d15b8ea314d0389096599a090bf,4059d61e905f925bfc6eabfebda82d472ac206bd
scene_1_2_terminalgain_globalmax_interp_0232,family_01,232,6.912251,7.062562,0.150311,30,2,28,2.9,2.671104,2.625998,1.017177,0.16965,1.696502,1.800468,0.291498,0.123876,1.955681,0.0,scene_1|scene_1.2_y01_dense_strip_y05_2p75|10787|71,scene_1|scene_1.2_y01_dense_strip_y05_2p75|11513|104,b5cbb0d084abf1c614bbe333c3458e480253eaa2,c0a78209bf3c97c13330825590accc2d37bc4605
scene_1_2_terminalgain_globalmax_interp_0233,family_01,233,6.912251,7.062562,0.150311,30,2,28,2.9,2.662068,2.625998,1.013736,0.169649,1.696492,1.799416,0.243474,0.174155,1.745512,0.0,scene_1|scene_1.2_y01_dense_strip_y05_2p75|10787|71,scene_1|scene_1.2_y01_dense_strip_y05_2p75|11513|104,480461ded8e326631748c58db19ee82b26a70dc4,f447f4e4df2696d4ab8e750b8fcba7ef19e4f430
scene_1_2_terminalgain_globalmax_interp_0234,family_01,234,6.912251,7.062562,0.150311,30,2,28,2.9,2.649074,2.625998,1.008788,0.16965,1.696502,1.797849,0.102692,0.16959,1.392565,0.0,scene_1|scene_1.2_y01_dense_strip_y05_2p75|10787|71,scene_1|scene_1.2_y01_dense_strip_y05_2p75|11513|104,6aa11aa104414538160b2d1f118d0f9b082a77e2,49459ca20edebe06854b276da3f9293eb0c1f452
scene_1_2_terminalgain_globalmax_interp_0235,family_01,235,6.912251,7.062562,0.150311,30,2,28,2.9,2.663454,2.625998,1.014264,0.169649,1.696494,1.799489,0.03809,0.119311,1.779303,0.0,scene_1|scene_1.2_y01_dense_strip_y05_2p75|10787|71,scene_1|scene_1.2_y01_dense_strip_y05_2p75|11513|104,f871e9dc52e3e7667bf90f29810e054d675ebb99,1392ba327d05ef390bed6f80ae728820ca53b725
scene_1_2_terminalgain_globalmax_interp_0236,family_01,236,6.912251,7.062562,0.150311,30,2,28,2.9,2.63691,2.625998,1.004155,0.169649,1.696494,1.796634,0.178871,0.069032,0.955246,0.0,scene_1|scene_1.2_y01_dense_strip_y05_2p75|10787|71,scene_1|scene_1.2_y01_dense_strip_y05_2p75|11513|104,8a12d9da5867c00cfa147a06bcbba533db607b22,635987927ff14a007075b013611158c34b14cec8
scene_1_2_terminalgain_globalmax_interp_0237,family_01,237,6.912251,7.062562,0.150311,30,2,28,2.9,2.652692,2.625998,1.010165,0.169649,1.696492,1.798227,0.319653,0.018752,1.498914,0.0,scene_1|scene_1.2_y01_dense_strip_y05_2p75|10787|71,scene_1|scene_1.2_y01_dense_strip_y05_2p75|11513|104,3ac9821d5ee67edc667737f853107c0eac18a687,f68a74ca16a143df812bdc492af1144bd6447771
scene_1_2_terminalgain_globalmax_interp_0238,family_01,238,6.912251,7.062562,0.150311,30,2,28,2.9,2.644595,2.625998,1.007082,0.16965,1.696504,1.797268,0.215317,0.031527,1.248834,0.0,scene_1|scene_1.2_y01_dense_strip_y05_2p75|10787|71,scene_1|scene_1.2_y01_dense_strip_y05_2p75|11513|104,07dcd45a2f10fd3f0fbce13644168b6a14cd7fd2,e11c578f399dbcefba682c77bed980aa90f25724
scene_1_2_terminalgain_globalmax_interp_0239,family_01,239,6.912251,7.062562,0.150311,30,2,28,2.9,2.628238,2.625998,1.000853,0.16965,1.696502,1.795832,0.074535,0.081806,0.432226,0.0,scene_1|scene_1.2_y01_dense_strip_y05_2p75|10787|71,scene_1|scene_1.2_y01_dense_strip_y05_2p75|11513|104,b1669e9582206437835f08f476276c0b21fdb588,6cc5bcb8442fee4360deb55f5035da9075657db7
scene_1_2_terminalgain_globalmax_interp_0240,family_01,240,6.912251,7.062562,0.150311,30,2,28,2.9,2.661252,2.625998,1.013425,0.169649,1.696492,1.799234,0.066246,0.132085,1.725567,0.0,scene_1|scene_1.2_y01_dense_strip_y05_2p75|10787|71,scene_1|scene_1.2_y01_dense_strip_y05_2p75|11513|104,3559baebf47d27f57f41b84fc93a0a40ace42318,75b1b39adebf05dbeeb8a475ffac0fde3ca63d38
scene_1_2_terminalgain_globalmax_interp_0241,family_01,241,6.912251,7.062562,0.150311,30,2,28,2.9,2.660438,2.625998,1.013115,0.16965,1.696502,1.799117,0.207028,0.162407,1.705341,0.0,scene_1|scene_1.2_y01_dense_strip_y05_2p75|10787|71,scene_1|scene_1.2_y01_dense_strip_y05_2p75|11513|104,5e19899009f3afe5ea23cc91b3eaed83aba7559a,93af055d377989f2d2e235f1524c742578dc3384
scene_1_2_terminalgain_globalmax_interp_0242,family_01,242,6.912251,7.062562,0.150311,30,2,28,2.9,2.628184,2.625998,1.000832,0.169649,1.696492,1.795769,0.34781,0.112128,0.426693,0.0,scene_1|scene_1.2_y01_dense_strip_y05_2p75|10787|71,scene_1|scene_1.2_y01_dense_strip_y05_2p75|11513|104,5978ec377dca7ec3ff11cc0933d05c0c5ff308f9,345e7681ab2d58549f2fbc1740ebad1e13c71151
scene_1_2_terminalgain_globalmax_interp_0243,family_01,243,6.912251,7.062562,0.150311,30,2,28,2.9,2.658383,2.625998,1.012332,0.16965,1.696502,1.798964,0.349341,0.061849,1.65296,0.0,scene_1|scene_1.2_y01_dense_strip_y05_2p75|10787|71,scene_1|scene_1.2_y01_dense_strip_y05_2p75|11513|104,0db474e41eb0da3acb1b83d7b1697e99e478af4b,cda759deacea59d91a5ada9c1df8d24caa3bdc22
scene_1_2_terminalgain_globalmax_interp_0244,family_01,244,6.912251,7.062562,0.150311,30,2,28,2.9,2.663952,2.625998,1.014453,0.16965,1.696502,1.799631,0.208559,0.01157,1.791451,0.0,scene_1|scene_1.2_y01_dense_strip_y05_2p75|10787|71,scene_1|scene_1.2_y01_dense_strip_y05_2p75|11513|104,d0f963a10d9ec8e8412c63806fd798cd49a2b9cb,2dc236d8309db97170409152ee5dc473fe7cc942
scene_1_2_terminalgain_globalmax_interp_0245,family_01,245,6.912251,7.062562,0.150311,30,2,28,2.9,2.640837,2.625998,1.005651,0.16965,1.696504,1.796992,0.067778,0.03871,1.114909,0.0,scene_1|scene_1.2_y01_dense_strip_y05_2p75|10787|71,scene_1|scene_1.2_y01_dense_strip_y05_2p75|11513|104,a59f9c0810d22602a71cebf16cbd0191ac080e5b,777287e1d1bdd4cf6291947a8c11e9de479fbd34
scene_1_2_terminalgain_globalmax_interp_0246,family_01,246,6.912251,7.062562,0.150311,30,2,28,2.9,2.640291,2.625998,1.005443,0.16965,1.696504,1.796896,0.073004,0.088989,1.093879,0.0,scene_1|scene_1.2_y01_dense_strip_y05_2p75|10787|71,scene_1|scene_1.2_y01_dense_strip_y05_2p75|11513|104,454ef8f0ca574fba9a02d7cf6369a424f86aa9e8,a9aad96df699ea7fcd91fb2bb37ad699872e98a9
scene_1_2_terminalgain_globalmax_interp_0247,family_01,247,6.912251,7.062562,0.150311,30,2,28,2.9,2.63955,2.625998,1.005161,0.169649,1.696492,1.79685,0.213786,0.139268,1.064929,0.0,scene_1|scene_1.2_y01_dense_strip_y05_2p75|10787|71,scene_1|scene_1.2_y01_dense_strip_y05_2p75|11513|104,cbf0310fda6b15caca96426f97f77fb2bf0fd512,cc93de5954a08b4813357b93fff0262ee37fb869
scene_1_2_terminalgain_globalmax_interp_0248,family_01,248,6.912251,7.062562,0.150311,30,2,28,2.9,2.653414,2.625998,1.01044,0.16965,1.696502,1.798311,0.321185,0.155225,1.519394,0.0,scene_1|scene_1.2_y01_dense_strip_y05_2p75|10787|71,scene_1|scene_1.2_y01_dense_strip_y05_2p75|11513|104,d3a4f6e9bbf332dd091a8dbd898b26b777b90913,be08eea7614b1f0823f048283f7f363fcdf55782
scene_1_2_terminalgain_globalmax_interp_0249,family_01,249,6.912251,7.062562,0.150311,30,2,28,2.9,2.675732,2.625998,1.018939,0.169649,1.696492,1.801107,0.180403,0.104945,2.055697,0.0,scene_1|scene_1.2_y01_dense_strip_y05_2p75|10787|71,scene_1|scene_1.2_y01_dense_strip_y05_2p75|11513|104,1016fbbc738ca7444b11adef2df2ac8a497d3d56,f3d71d71c64803af9e499682fd2a3dd57e7d351a
scene_1_2_terminalgain_globalmax_interp_0250,family_01,250,6.912251,7.062562,0.150311,30,2,28,2.9,2.63134,2.625998,1.002034,0.169649,1.696492,1.796009,0.039621,0.054666,0.667405,0.0,scene_1|scene_1.2_y01_dense_strip_y05_2p75|10787|71,scene_1|scene_1.2_y01_dense_strip_y05_2p75|11513|104,bec074966503ac243c54a298c9db9d4642280b87,bca3d31a15e9b5635f297b25f6c5773403ee0669
scene_1_2_terminalgain_globalmax_interp_0251,family_01,251,6.912251,7.062562,0.150311,30,2,28,2.9,2.635775,2.625998,1.003723,0.16965,1.696504,1.796508,0.10116,0.004387,0.904276,0.0,scene_1|scene_1.2_y01_dense_strip_y05_2p75|10787|71,scene_1|scene_1.2_y01_dense_strip_y05_2p75|11513|104,94deeadce0444f92253e8b066bdb226de29d3865,9f5962e7ddad190d90add00e25acc0110c8cc7c6
scene_1_2_terminalgain_globalmax_interp_0252,family_01,252,6.912251,7.062562,0.150311,30,2,28,2.9,2.669277,2.625998,1.016481,0.169649,1.696492,1.800233,0.241942,0.045892,1.914804,0.0,scene_1|scene_1.2_y01_dense_strip_y05_2p75|10787|71,scene_1|scene_1.2_y01_dense_strip_y05_2p75|11513|104,e6a0b0f41bdb0810c2abdbd1fd0b8cf708e70fc4,b329eec689917a3df09905779dae9d90b7823a62
scene_1_2_terminalgain_globalmax_interp_0253,family_01,253,6.912251,7.062562,0.150311,30,2,28,2.9,2.674339,2.625998,1.018409,0.16965,1.696504,1.800958,0.293029,0.096172,2.026027,0.0,scene_1|scene_1.2_y01_dense_strip_y05_2p75|10787|71,scene_1|scene_1.2_y01_dense_strip_y05_2p75|11513|104,94a52772cecb89f76a8dcf49ca56b404f303a9fc,3c4c76fdbae56e2ad7bd937150ecd87d638debff
scene_1_2_terminalgain_globalmax_interp_0254,family_01,254,6.912251,7.062562,0.150311,30,2,28,2.9,2.632366,2.625998,1.002425,0.169649,1.696494,1.796156,0.152247,0.146451,0.729224,0.0,scene_1|scene_1.2_y01_dense_strip_y05_2p75|10787|71,scene_1|scene_1.2_y01_dense_strip_y05_2p75|11513|104,25de3eb86e9ef5d39438b6a083abd44996ee4dd3,c6a9369b76837c9a1ed42a5415d9a9bf45e11e57
scene_1_2_terminalgain_globalmax_interp_0255,family_01,255,6.912251,7.062562,0.150311,30,2,28,2.9,2.632571,2.625998,1.002503,0.16965,1.696502,1.796152,0.011466,0.148042,0.74062,0.0,scene_1|scene_1.2_y01_dense_strip_y05_2p75|10787|71,scene_1|scene_1.2_y01_dense_strip_y05_2p75|11513|104,822af2d277e53bc99fa478feb0d9bda0a17f04d9,6f79bce2e68f4f9b7444ad552373c4875dda7e6c
scene_1_2_terminalgain_globalmax_interp_0256,family_01,256,6.912251,7.062562,0.150311,30,2,28,2.9,2.668007,2.625998,1.015997,0.16965,1.696502,1.800061,0.129317,0.097763,1.886293,0.0,scene_1|scene_1.2_y01_dense_strip_y05_2p75|10787|71,scene_1|scene_1.2_y01_dense_strip_y05_2p75|11513|104,5b842eb5ec3ba62d7b7760ada49c73a01fc93ee5,53c1ab5a4b0418bc1bdcbf74fd9640c9ddcb9d83
scene_1_2_terminalgain_globalmax_interp_0257,family_01,257,6.912251,7.062562,0.150311,30,2,28,2.9,2.649609,2.625998,1.008991,0.16965,1.696502,1.797853,0.270099,0.047483,1.40894,0.0,scene_1|scene_1.2_y01_dense_strip_y05_2p75|10787|71,scene_1|scene_1.2_y01_dense_strip_y05_2p75|11513|104,dd36a3c0f4d46b36d36a00933fd70818a136ec7e,3a1dae4e458638a17c89197fe5639951f9d4b7cb
scene_1_2_terminalgain_globalmax_interp_0258,family_01,258,6.912251,7.062562,0.150311,30,2,28,2.9,2.640451,2.625998,1.005504,0.16965,1.696504,1.796834,0.264873,0.002796,1.100055,0.0,scene_1|scene_1.2_y01_dense_strip_y05_2p75|10787|71,scene_1|scene_1.2_y01_dense_strip_y05_2p75|11513|104,ed2bfe85c584c5c05a26788d86f31b38213478e0,0756f573c279eb30169b5c1d973643048929c8b6
scene_1_2_terminalgain_globalmax_interp_0259,family_01,259,6.912251,7.062562,0.150311,30,2,28,2.9,2.638572,2.625998,1.004788,0.169649,1.696492,1.796661,0.124091,0.053075,1.025664,0.0,scene_1|scene_1.2_y01_dense_strip_y05_2p75|10787|71,scene_1|scene_1.2_y01_dense_strip_y05_2p75|11513|104,1654bb4b03c1da34eb0c077ccc8bf84d7a48b0fa,cc3b4a56af9bea89ec5ad99d7a6b6561333d0677
scene_1_2_terminalgain_globalmax_interp_0260,family_01,260,6.912251,7.062562,0.150311,30,2,28,2.9,2.643856,2.625998,1.0068,0.16965,1.696502,1.797277,0.016691,0.103354,1.223784,0.0,scene_1|scene_1.2_y01_dense_strip_y05_2p75|10787|71,scene_1|scene_1.2_y01_dense_strip_y05_2p75|11513|104,c6cef0f8eb82ac0dc656a88bd8bfc96e959dc22d,83a11ee1cbe5bf9b0ff646bdca56e93beccf5718
scene_1_2_terminalgain_globalmax_interp_0261,family_01,261,6.912251,7.062562,0.150311,30,2,28,2.9,2.661571,2.625998,1.013547,0.169649,1.696494,1.799258,0.157472,0.153634,1.733488,0.0,scene_1|scene_1.2_y01_dense_strip_y05_2p75|10787|71,scene_1|scene_1.2_y01_dense_strip_y05_2p75|11513|104,8f3d5c66aab754ac25f17aa296eb153af4e6a0ac,bbe50460fe3a93d29ae7419eace667ade34b7329
scene_1_2_terminalgain_globalmax_interp_0262,family_01,262,6.912251,7.062562,0.150311,30,2,28,2.9,2.65992,2.625998,1.012918,0.16965,1.696504,1.799034,0.298254,0.140859,1.692085,0.0,scene_1|scene_1.2_y01_dense_strip_y05_2p75|10787|71,scene_1|scene_1.2_y01_dense_strip_y05_2p75|11513|104,453d2e7331c5165492b14a7920b208c6070f7dc1,8cb1126b05a06d63ea23555ec179bed0409a545a
scene_1_2_terminalgain_globalmax_interp_0263,family_01,263,6.912251,7.062562,0.150311,30,2,28,2.9,2.627687,2.625998,1.000643,0.169649,1.696492,1.795721,0.236716,0.09058,0.375068,0.0,scene_1|scene_1.2_y01_dense_strip_y05_2p75|10787|71,scene_1|scene_1.2_y01_dense_strip_y05_2p75|11513|104,fa8b01e2a0f55a493de43752c4d5990c14153408,521b0c3bbed5adb8b0731cb0b6a2741c60649e73
scene_1_2_terminalgain_globalmax_interp_0264,family_01,264,6.912251,7.062562,0.150311,30,2,28,2.9,2.66461,2.625998,1.014704,0.169649,1.696492,1.79965,0.095934,0.040301,1.806888,0.0,scene_1|scene_1.2_y01_dense_strip_y05_2p75|10787|71,scene_1|scene_1.2_y01_dense_strip_y05_2p75|11513|104,451ff461ca7d8a45c97263c280f636c41baaf2ad,2e0eb7607aeb847d17ffd16339eccbb65ce81905
scene_1_2_terminalgain_globalmax_interp_0265,family_01,265,6.912251,7.062562,0.150311,30,2,28,2.9,2.674037,2.625998,1.018294,0.169649,1.696494,1.80089,0.044847,0.009979,2.019629,0.0,scene_1|scene_1.2_y01_dense_strip_y05_2p75|10787|71,scene_1|scene_1.2_y01_dense_strip_y05_2p75|11513|104,d12b1719f69af7ad4b054da0dd25d99955844b9f,a7f3f9b345e9c03bf2468b3011f086f7fb5c9ce6
scene_1_2_terminalgain_globalmax_interp_0266,family_01,266,6.912251,7.062562,0.150311,30,2,28,2.9,2.626042,2.625998,1.000017,0.16965,1.696504,1.795689,0.185629,0.060258,0.079772,0.0,scene_1|scene_1.2_y01_dense_strip_y05_2p75|10787|71,scene_1|scene_1.2_y01_dense_strip_y05_2p75|11513|104,e0506c27acc70586a659e76e4976e57edbefdee2,c35791dcbd8c523e5173e1fd5603dfa798e3b421
scene_1_2_terminalgain_globalmax_interp_0267,family_01,267,6.912251,7.062562,0.150311,30,2,28,2.9,2.650333,2.625998,1.009267,0.16965,1.696502,1.797899,0.326411,0.110537,1.430489,0.0,scene_1|scene_1.2_y01_dense_strip_y05_2p75|10787|71,scene_1|scene_1.2_y01_dense_strip_y05_2p75|11513|104,4cd140ccb366488d939f873cfd1ab53414fcaa1a,63a8a8fed0052a02d2882d2e59abda85a3c76cc7
scene_1_2_terminalgain_globalmax_interp_0268,family_01,268,6.912251,7.062562,0.150311,30,2,28,2.9,2.64271,2.625998,1.006364,0.169649,1.696492,1.797082,0.34371,0.160816,1.183339,0.0,scene_1|scene_1.2_y01_dense_strip_y05_2p75|10787|71,scene_1|scene_1.2_y01_dense_strip_y05_2p75|11513|104,98b7c07bdca59e658d311374d5fa399c580ecae8,0ce70e395706426246a627b8d2e195b1e50156c8
scene_1_2_terminalgain_globalmax_interp_0269,family_01,269,6.912251,7.062562,0.150311,30,2,28,2.9,2.646398,2.625998,1.007769,0.169649,1.696492,1.797418,0.202929,0.133676,1.308617,0.0,scene_1|scene_1.2_y01_dense_strip_y05_2p75|10787|71,scene_1|scene_1.2_y01_dense_strip_y05_2p75|11513|104,d1e19472f1c6eda16727dd943dc74297cd23452b,85129b7046b514dfa25143dfc1533824c106238c
scene_1_2_terminalgain_globalmax_interp_0270,family_01,270,6.912251,7.062562,0.150311,30,2,28,2.9,2.657798,2.625998,1.012109,0.169649,1.696492,1.798773,0.062147,0.083397,1.637559,0.0,scene_1|scene_1.2_y01_dense_strip_y05_2p75|10787|71,scene_1|scene_1.2_y01_dense_strip_y05_2p75|11513|104,321b95e2b3a3831229fcea3cb75762a1deb12593,fedcb70522e1f483563a3534e221bf6cb1afd4c7
scene_1_2_terminalgain_globalmax_interp_0271,family_01,271,6.912251,7.062562,0.150311,30,2,28,2.9,2.650499,2.625998,1.00933,0.16965,1.696504,1.797975,0.078635,0.033118,1.435301,0.0,scene_1|scene_1.2_y01_dense_strip_y05_2p75|10787|71,scene_1|scene_1.2_y01_dense_strip_y05_2p75|11513|104,122d7db10ce23c5cf6daa83e60699ea0eb0c3c8c,0a7a67af8a38dd7d6ee59d64ef5512f8b600e91f
scene_1_2_terminalgain_globalmax_interp_0272,family_01,272,6.912251,7.062562,0.150311,30,2,28,2.9,2.648425,2.625998,1.00854,0.169649,1.696494,1.797663,0.219417,0.017161,1.372954,0.0,scene_1|scene_1.2_y01_dense_strip_y05_2p75|10787|71,scene_1|scene_1.2_y01_dense_strip_y05_2p75|11513|104,676b8492fab4cfd724c19db3ca15c1f4d7a9464f,88d26082df5da6fc9b3b46af3fd228ba57acb4e0
scene_1_2_terminalgain_globalmax_interp_0273,family_01,273,6.912251,7.062562,0.150311,30,2,28,2.9,2.661273,2.625998,1.013433,0.16965,1.696504,1.799207,0.315554,0.067441,1.726316,0.0,scene_1|scene_1.2_y01_dense_strip_y05_2p75|10787|71,scene_1|scene_1.2_y01_dense_strip_y05_2p75|11513|104,c5a3ebd45e2cdb7d518b6398a4505b9b1c90e9db,55906c67d41b0ad011e17e03184d6560f03b4b0e
scene_1_2_terminalgain_globalmax_interp_0274,family_01,274,6.912251,7.062562,0.150311,30,2,28,2.9,2.638838,2.625998,1.004889,0.169649,1.696492,1.796703,0.174772,0.11772,1.036546,0.0,scene_1|scene_1.2_y01_dense_strip_y05_2p75|10787|71,scene_1|scene_1.2_y01_dense_strip_y05_2p75|11513|104,289ec1bea910e06f4088079b90b66f51d4920dff,5c67277c6ba7b99e6a8c74019fded1e799d64a40
scene_1_2_terminalgain_globalmax_interp_0275,family_01,275,6.912251,7.062562,0.150311,30,2,28,2.9,2.630511,2.625998,1.001718,0.169649,1.696492,1.795985,0.033991,0.167999,0.613486,0.0,scene_1|scene_1.2_y01_dense_strip_y05_2p75|10787|71,scene_1|scene_1.2_y01_dense_strip_y05_2p75|11513|104,9ddda1912bfa396e3eaecd9d3fef9f01fceda03c,b053488e28932778da6e490d7140aafe934a0daa
scene_1_2_terminalgain_globalmax_interp_0276,family_01,276,6.912251,7.062562,0.150311,30,2,28,2.9,2.661514,2.625998,1.013525,0.16965,1.696504,1.799209,0.106791,0.126494,1.732071,0.0,scene_1|scene_1.2_y01_dense_strip_y05_2p75|10787|71,scene_1|scene_1.2_y01_dense_strip_y05_2p75|11513|104,e1383a961e5194aee7dd4fa9d71d26a6f14299ea,905202ddd71f5ea6f2aa80f1f721c911166b0b01
scene_1_2_terminalgain_globalmax_interp_0277,family_01,277,6.912251,7.062562,0.150311,30,2,28,2.9,2.643091,2.625998,1.006509,0.16965,1.696502,1.7972,0.247573,0.076214,1.197017,0.0,scene_1|scene_1.2_y01_dense_strip_y05_2p75|10787|71,scene_1|scene_1.2_y01_dense_strip_y05_2p75|11513|104,e93acb38b3a9ff90fff41698a15fee64c240e482,edfdbfa2597de719ddd208930f66e092bb41de1a
scene_1_2_terminalgain_globalmax_interp_0278,family_01,278,6.912251,7.062562,0.150311,30,2,28,2.9,2.635397,2.625998,1.003579,0.16965,1.696502,1.796416,0.287397,0.025935,0.886322,0.0,scene_1|scene_1.2_y01_dense_strip_y05_2p75|10787|71,scene_1|scene_1.2_y01_dense_strip_y05_2p75|11513|104,d612d3c7498f5ac2fcdb75f9037db301dd996b51,12052a7c5ff6b593aba9e80d3b07f9ecb604051d
scene_1_2_terminalgain_globalmax_interp_0279,family_01,279,6.912251,7.062562,0.150311,30,2,28,2.9,2.660197,2.625998,1.013023,0.169649,1.696494,1.799051,0.146616,0.024344,1.699047,0.0,scene_1|scene_1.2_y01_dense_strip_y05_2p75|10787|71,scene_1|scene_1.2_y01_dense_strip_y05_2p75|11513|104,f5cb2801690e74c5c49cbb21ae339d2e682138a4,ee1cd75d7d4d18b94c347efcd4dfc6923b10f664
scene_1_2_terminalgain_globalmax_interp_0280,family_01,280,6.912251,7.062562,0.150311,30,2,28,2.9,2.689117,2.625998,1.024036,0.16965,1.696504,1.803171,0.005834,0.074623,2.321867,0.0,scene_1|scene_1.2_y01_dense_strip_y05_2p75|10787|71,scene_1|scene_1.2_y01_dense_strip_y05_2p75|11513|104,5319f2a0db560f1ba94e5435a8ae1179d15e31c7,d6b408c01d1c1c3247fa09528281ecef4c5b9953
scene_1_2_terminalgain_globalmax_interp_0281,family_01,281,6.912251,7.062562,0.150311,30,2,28,2.9,2.658803,2.625998,1.012492,0.169649,1.696494,1.79881,0.134948,0.124903,1.663784,0.0,scene_1|scene_1.2_y01_dense_strip_y05_2p75|10787|71,scene_1|scene_1.2_y01_dense_strip_y05_2p75|11513|104,2a831df379547756f07884a7b30babe11941d31d,29456c5ae7c23bbd1512b08152ef83b02cfabb96
scene_1_2_terminalgain_globalmax_interp_0282,family_01,282,6.912251,7.062562,0.150311,30,2,28,2.9,2.630564,2.625998,1.001739,0.169649,1.696492,1.796077,0.275729,0.175182,0.617025,0.0,scene_1|scene_1.2_y01_dense_strip_y05_2p75|10787|71,scene_1|scene_1.2_y01_dense_strip_y05_2p75|11513|104,6679fc6e865b8535ad4ac044c293a505eb34d282,f8b3f7e6b6c4725729fc21950d1a9be4a7c8692d
scene_1_2_terminalgain_globalmax_interp_0283,family_01,283,6.912251,7.062562,0.150311,30,2,28,2.9,2.6528,2.625998,1.010206,0.16965,1.696502,1.798222,0.259241,0.175601,1.501995,0.0,scene_1|scene_1.2_y01_dense_strip_y05_2p75|10787|71,scene_1|scene_1.2_y01_dense_strip_y05_2p75|11513|104,af52619e079d361ed183fb637b441cbdf4dfea57,cc6fa8ec3165fe7aae8a69379f9fb10b46927290
scene_1_2_terminalgain_globalmax_interp_0284,family_01,284,6.912251,7.062562,0.150311,30,2,28,2.9,2.639005,2.625998,1.004953,0.16965,1.696502,1.796744,0.118459,0.125321,1.04329,0.0,scene_1|scene_1.2_y01_dense_strip_y05_2p75|10787|71,scene_1|scene_1.2_y01_dense_strip_y05_2p75|11513|104,82068338ccaf5d1000121381d9b80085c5ea56eb,62e87b6e9f9c0e24230cc5d39757aed9d4165e94
scene_1_2_terminalgain_globalmax_interp_0285,family_01,285,6.912251,7.062562,0.150311,30,2,28,2.9,2.652692,2.625998,1.010165,0.16965,1.696502,1.798281,0.022323,0.075042,1.498844,0.0,scene_1|scene_1.2_y01_dense_strip_y05_2p75|10787|71,scene_1|scene_1.2_y01_dense_strip_y05_2p75|11513|104,ae9c830248605cf66ea569df445847dcb56f531c,8559a70929483a660258b0b76cf35d973b83dfc7
scene_1_2_terminalgain_globalmax_interp_0286,family_01,286,6.912251,7.062562,0.150311,30,2,28,2.9,2.640865,2.625998,1.005662,0.169649,1.696492,1.796964,0.163104,0.024763,1.115837,0.0,scene_1|scene_1.2_y01_dense_strip_y05_2p75|10787|71,scene_1|scene_1.2_y01_dense_strip_y05_2p75|11513|104,c7530d2443e21e643d2870ae78b2db96832a31e7,c7522a7d824894aa5a63612ef1205494d6afe3f9
scene_1_2_terminalgain_globalmax_interp_0287,family_01,287,6.912251,7.062562,0.150311,30,2,28,2.9,2.627401,2.625998,1.000534,0.16965,1.696504,1.795756,0.303886,0.025516,0.34193,0.0,scene_1|scene_1.2_y01_dense_strip_y05_2p75|10787|71,scene_1|scene_1.2_y01_dense_strip_y05_2p75|11513|104,1149afeb2d7c99ed804469911c6381528f7a145d,01c75e7099777ade26c6ed25913dc6324897d7ef
scene_1_2_terminalgain_globalmax_interp_0288,family_01,288,6.912251,7.062562,0.150311,30,2,28,2.9,2.673061,2.625998,1.017922,0.16965,1.696504,1.800722,0.231084,0.075796,1.99839,0.0,scene_1|scene_1.2_y01_dense_strip_y05_2p75|10787|71,scene_1|scene_1.2_y01_dense_strip_y05_2p75|11513|104,a227b41e99b983f51360cd412e168c12ccd057f2,c2533cd0a94b6b8fd3b2e0b1f78411b3a54f6e42
scene_1_2_terminalgain_globalmax_interp_0289,family_01,289,6.912251,7.062562,0.150311,30,2,28,2.9,2.676969,2.625998,1.01941,0.169649,1.696492,1.801321,0.090303,0.126075,2.081463,0.0,scene_1|scene_1.2_y01_dense_strip_y05_2p75|10787|71,scene_1|scene_1.2_y01_dense_strip_y05_2p75|11513|104,0c6579ab58bad4c80465a6841d7dac9584a6672d,5126b6b30998477aa7a07bd9f9d6200a2c57e892
scene_1_2_terminalgain_globalmax_interp_0290,family_01,290,6.912251,7.062562,0.150311,30,2,28,2.9,2.629952,2.625998,1.001506,0.16965,1.696502,1.796011,0.050479,0.168418,0.574357,0.0,scene_1|scene_1.2_y01_dense_strip_y05_2p75|10787|71,scene_1|scene_1.2_y01_dense_strip_y05_2p75|11513|104,a7f2df6467885ffb5d7c990858e662fd4802f2b2,7d5542fb9a6adb00931dcefa7a61dce727550a23
scene_1_2_terminalgain_globalmax_interp_0291,family_01,291,6.912251,7.062562,0.150311,30,2,28,2.9,2.635083,2.625998,1.003459,0.169649,1.696494,1.79642,0.191261,0.118139,0.871289,0.0,scene_1|scene_1.2_y01_dense_strip_y05_2p75|10787|71,scene_1|scene_1.2_y01_dense_strip_y05_2p75|11513|104,0b5ed23ca511a1e47b7a112bbb8e8d1f81082cd8,a7395d810d067715587063ee56a721dc4f84d068
scene_1_2_terminalgain_globalmax_interp_0292,family_01,292,6.912251,7.062562,0.150311,30,2,28,2.9,2.661377,2.625998,1.013473,0.169649,1.696494,1.799267,0.332042,0.067859,1.728837,0.0,scene_1|scene_1.2_y01_dense_strip_y05_2p75|10787|71,scene_1|scene_1.2_y01_dense_strip_y05_2p75|11513|104,82e4b72554d8e5c199687cd6fe537c3a20b0c45b,8e0e78b81a59d7127f7502d0aa3cfac4c32a6602
scene_1_2_terminalgain_globalmax_interp_0293,family_01,293,6.912251,7.062562,0.150311,30,2,28,2.9,2.636115,2.625998,1.003852,0.169649,1.696492,1.796459,0.338079,0.01758,0.919758,0.0,scene_1|scene_1.2_y01_dense_strip_y05_2p75|10787|71,scene_1|scene_1.2_y01_dense_strip_y05_2p75|11513|104,c5494deefefc1660c2f4d5bf2e20240150d981f3,4a88e0a5fe4a63d86f9b7082b163a1394801a195
scene_1_2_terminalgain_globalmax_interp_0294,family_01,294,6.912251,7.062562,0.150311,30,2,28,2.9,2.648456,2.625998,1.008552,0.16965,1.696502,1.797721,0.197297,0.032699,1.373663,0.0,scene_1|scene_1.2_y01_dense_strip_y05_2p75|10787|71,scene_1|scene_1.2_y01_dense_strip_y05_2p75|11513|104,418395441cace193bc055a87e54aa7bd9ea78dcb,64f0fc740c0139e755d6afa6d793a4cbb494bf39
scene_1_2_terminalgain_globalmax_interp_0295,family_01,295,6.912251,7.062562,0.150311,30,2,28,2.9,2.63399,2.625998,1.003043,0.16965,1.696504,1.79629,0.056515,0.082978,0.816943,0.0,scene_1|scene_1.2_y01_dense_strip_y05_2p75|10787|71,scene_1|scene_1.2_y01_dense_strip_y05_2p75|11513|104,e5f8dfd87810259cbde4b5757a771a616249fa92,8bcaafdf22920dd27b8e0d6b9a29cc60d3f9b292
scene_1_2_terminalgain_globalmax_interp_0296,family_01,296,6.912251,7.062562,0.150311,30,2,28,2.9,2.660674,2.625998,1.013205,0.169649,1.696494,1.799176,0.084266,0.133258,1.711263,0.0,scene_1|scene_1.2_y01_dense_strip_y05_2p75|10787|71,scene_1|scene_1.2_y01_dense_strip_y05_2p75|11513|104,6e6c91fa34858efb94153364eb221e28ed0835a1,c941a59c41bbc6fd9e30d23ba8cfabed340256fd
scene_1_2_terminalgain_globalmax_interp_0297,family_01,297,6.912251,7.062562,0.150311,30,2,28,2.9,2.686034,2.625998,1.022862,0.169649,1.696492,1.802705,0.225048,0.161235,2.26295,0.0,scene_1|scene_1.2_y01_dense_strip_y05_2p75|10787|71,scene_1|scene_1.2_y01_dense_strip_y05_2p75|11513|104,c5952147746a8acffd3f9aef3f4a5ba585ff95c1,f2bbf32fcd21be968dea288379d1b73a95e89cc9
scene_1_2_terminalgain_globalmax_interp_0298,family_01,298,6.912251,7.062562,0.150311,30,2,28,2.9,2.651212,2.625998,1.009602,0.16965,1.696502,1.79807,0.309922,0.110956,1.456224,0.0,scene_1|scene_1.2_y01_dense_strip_y05_2p75|10787|71,scene_1|scene_1.2_y01_dense_strip_y05_2p75|11513|104,6327455d0d4bf865266377a28f51e24580ef5f36,c4ad5eb22eef639ba64aaed84b11309c2b26c1cf
scene_1_2_terminalgain_globalmax_interp_0299,family_01,299,6.912251,7.062562,0.150311,30,2,28,2.9,2.635482,2.625998,1.003611,0.169649,1.696494,1.796399,0.169141,0.060677,0.890233,0.0,scene_1|scene_1.2_y01_dense_strip_y05_2p75|10787|71,scene_1|scene_1.2_y01_dense_strip_y05_2p75|11513|104,789a7c7017da25e4361228aacc0a8b17ac21f6bd,46d8f0c27b0da5001255d760df51eb01fe11ea3f
scene_1_2_terminalgain_globalmax_interp_0300,family_01,300,6.912251,7.062562,0.150311,30,2,28,2.9,2.644158,2.625998,1.006915,0.169649,1.696494,1.797306,0.028359,0.010397,1.234107,0.0,scene_1|scene_1.2_y01_dense_strip_y05_2p75|10787|71,scene_1|scene_1.2_y01_dense_strip_y05_2p75|11513|104,c42aceb118498b8791b0c2740f7833de83f43dad,8e2351865446d2bbeaf3e0265052692aecb82462
scene_1_2_terminalgain_globalmax_interp_0301,family_01,301,6.912251,7.062562,0.150311,30,2,28,2.9,2.65871,2.625998,1.012457,0.169649,1.696492,1.798836,0.112423,0.039882,1.661067,0.0,scene_1|scene_1.2_y01_dense_strip_y05_2p75|10787|71,scene_1|scene_1.2_y01_dense_strip_y05_2p75|11513|104,455414ef6989eba0859eb590e767bc626259d307,2f0b3ab7452bae8a3e7714f675a0f0d2caa7c9e2
scene_1_2_terminalgain_globalmax_interp_0302,family_01,302,6.912251,7.062562,0.150311,30,2,28,2.9,2.628628,2.625998,1.001001,0.16965,1.696502,1.795853,0.253204,0.090161,0.468231,0.0,scene_1|scene_1.2_y01_dense_strip_y05_2p75|10787|71,scene_1|scene_1.2_y01_dense_strip_y05_2p75|11513|104,0e6888cf34ffcdb2a5b160c7ef277c2279740307,98fbfed38a4326248d2ad86a9f992476cbae949e
scene_1_2_terminalgain_globalmax_interp_0303,family_01,303,6.912251,7.062562,0.150311,30,2,28,2.9,2.646147,2.625998,1.007673,0.16965,1.696504,1.797479,0.281767,0.14044,1.300719,0.0,scene_1|scene_1.2_y01_dense_strip_y05_2p75|10787|71,scene_1|scene_1.2_y01_dense_strip_y05_2p75|11513|104,119ae52dd430f00c4c00d47db842de76dad8a60b,aff60585da14348c690d83ffc922c09b48bbd6ba
scene_1_2_terminalgain_globalmax_interp_0304,family_01,304,6.912251,7.062562,0.150311,30,2,28,2.9,2.652496,2.625998,1.010091,0.169649,1.696494,1.798143,0.140984,0.154052,1.493609,0.0,scene_1|scene_1.2_y01_dense_strip_y05_2p75|10787|71,scene_1|scene_1.2_y01_dense_strip_y05_2p75|11513|104,0144103413e30d7cb27d255bd8ac071b21e8abc3,72be0419d52006e367ef3a2c9e8df2591dc964f8
scene_1_2_terminalgain_globalmax_interp_0305,family_01,305,6.912251,7.062562,0.150311,30,2,28,2.9,2.6548,2.625998,1.010968,0.16965,1.696502,1.798437,0.000203,0.103773,1.55792,0.0,scene_1|scene_1.2_y01_dense_strip_y05_2p75|10787|71,scene_1|scene_1.2_y01_dense_strip_y05_2p75|11513|104,4d5aad8b5cc6ec064f5f812b4e08ee9d00de9b0e,059aebdbabaf42418ab1762386afa91966d26fb4
scene_1_2_terminalgain_globalmax_interp_0306,family_01,306,6.912251,7.062562,0.150311,30,2,28,2.9,2.657835,2.625998,1.012124,0.169649,1.696492,1.798769,0.140579,0.053494,1.638528,0.0,scene_1|scene_1.2_y01_dense_strip_y05_2p75|10787|71,scene_1|scene_1.2_y01_dense_strip_y05_2p75|11513|104,1b40643077c306626fa493014328fd64d0e77c22,ec1d25f6c46a3f670a2a41ab3daaac3cc5d8a513
scene_1_2_terminalgain_globalmax_interp_0307,family_01,307,6.912251,7.062562,0.150311,30,2,28,2.9,2.663525,2.625998,1.014291,0.169649,1.696494,1.799574,0.281361,0.003215,1.781327,0.0,scene_1|scene_1.2_y01_dense_strip_y05_2p75|10787|71,scene_1|scene_1.2_y01_dense_strip_y05_2p75|11513|104,8a1585e765ac9e943684c833aa53c25794e95a35,a8cb9e4dbe8fe19190571108a7344fc3b1d05cb2
scene_1_2_terminalgain_globalmax_interp_0308,family_01,308,6.912251,7.062562,0.150311,30,2,28,2.9,2.64386,2.625998,1.006802,0.16965,1.696504,1.797177,0.25361,0.047065,1.223847,0.0,scene_1|scene_1.2_y01_dense_strip_y05_2p75|10787|71,scene_1|scene_1.2_y01_dense_strip_y05_2p75|11513|104,14bbc2db65fd2975fb24925dfa065de6a7df704d,3b8b680038ad41fde145455617fe844c3497994d
scene_1_2_terminalgain_globalmax_interp_0309,family_01,309,6.912251,7.062562,0.150311,30,2,28,2.9,2.644083,2.625998,1.006887,0.16965,1.696502,1.797317,0.112828,0.097344,1.231687,0.0,scene_1|scene_1.2_y01_dense_strip_y05_2p75|10787|71,scene_1|scene_1.2_y01_dense_strip_y05_2p75|11513|104,7c858adcbbd4e90b93838fb64a4cf6d646922d94,ef257d5783d7f25f4d72f342f5a48099540f1cb4
scene_1_2_terminalgain_globalmax_interp_0310,family_01,310,6.912251,7.062562,0.150311,30,2,28,2.9,2.651084,2.625998,1.009553,0.16965,1.696502,1.79803,0.027953,0.147623,1.452355,0.0,scene_1|scene_1.2_y01_dense_strip_y05_2p75|10787|71,scene_1|scene_1.2_y01_dense_strip_y05_2p75|11513|104,c63a123f7fb12366eeb49f5b5c3fd50bfbbd6798,393a3011c427453d2b7dd8e01b4cb37fc17a9949
scene_1_2_terminalgain_globalmax_interp_0311,family_01,311,6.912251,7.062562,0.150311,30,2,28,2.9,2.626631,2.625998,1.000241,0.169649,1.696492,1.795629,0.168735,0.14687,0.22978,0.0,scene_1|scene_1.2_y01_dense_strip_y05_2p75|10787|71,scene_1|scene_1.2_y01_dense_strip_y05_2p75|11513|104,28646a3870dc0f18b1010e2c5dff523b18c34404,92ea1f55f51f8e8f4b154344cda3fb897d80d1d7
scene_1_2_terminalgain_globalmax_interp_0312,family_01,312,6.912251,7.062562,0.150311,30,2,28,2.9,2.666436,2.625998,1.015399,0.16965,1.696502,1.799909,0.309518,0.09659,1.850086,0.0,scene_1|scene_1.2_y01_dense_strip_y05_2p75|10787|71,scene_1|scene_1.2_y01_dense_strip_y05_2p75|11513|104,ea7545c387625a4cf7e26aee99665453f49c7a7f,eb02d0905eafcfd8dfad7a2a9d8d5d7ecdac5577
scene_1_2_terminalgain_globalmax_interp_0313,family_01,313,6.912251,7.062562,0.150311,30,2,28,2.9,2.665612,2.625998,1.015085,0.169649,1.696492,1.799749,0.225454,0.046311,1.830639,0.0,scene_1|scene_1.2_y01_dense_strip_y05_2p75|10787|71,scene_1|scene_1.2_y01_dense_strip_y05_2p75|11513|104,db4fbfa4de0dd5ba626c22311fd1f68b0a9ea7ab,8e12d07887aeaabff5497038c92be249a15bcc5d
scene_1_2_terminalgain_globalmax_interp_0314,family_01,314,6.912251,7.062562,0.150311,30,2,28,2.9,2.626991,2.625998,1.000378,0.169649,1.696492,1.795665,0.084672,0.003968,0.287709,0.0,scene_1|scene_1.2_y01_dense_strip_y05_2p75|10787|71,scene_1|scene_1.2_y01_dense_strip_y05_2p75|11513|104,b53abd83732db80e4b42cc03c08e7a2189122c8b,cedf362b763b5c4c05de11ccae6cf43f4f49df38
scene_1_2_terminalgain_globalmax_interp_0315,family_01,315,6.912251,7.062562,0.150311,30,2,28,2.9,2.655786,2.625998,1.011344,0.16965,1.696504,1.798566,0.05611,0.054247,1.584154,0.0,scene_1|scene_1.2_y01_dense_strip_y05_2p75|10787|71,scene_1|scene_1.2_y01_dense_strip_y05_2p75|11513|104,08179951a20b4e83be787b65c6007ebcac1f1b93,c98176f92fd9afc7483f1645e233e8780205c5cf
scene_1_2_terminalgain_globalmax_interp_0316,family_01,316,6.912251,7.062562,0.150311,30,2,28,2.9,2.66592,2.625998,1.015203,0.169649,1.696494,1.799801,0.196891,0.104527,1.837861,0.0,scene_1|scene_1.2_y01_dense_strip_y05_2p75|10787|71,scene_1|scene_1.2_y01_dense_strip_y05_2p75|11513|104,3322d21433f6960c1942cf68b978a4591cab23e8,08b3feec001823f39c9c15150dc787e12860216e
scene_1_2_terminalgain_globalmax_interp_0317,family_01,317,6.912251,7.062562,0.150311,30,2,28,2.9,2.643885,2.625998,1.006812,0.16965,1.696502,1.797278,0.337673,0.154806,1.224856,0.0,scene_1|scene_1.2_y01_dense_strip_y05_2p75|10787|71,scene_1|scene_1.2_y01_dense_strip_y05_2p75|11513|104,8dd307574f957ded860a4d069094f6334c8ccd2e,7d79563152e6fd2dfb0554832e24374773285fa9
scene_1_2_terminalgain_globalmax_interp_0318,family_01,318,6.912251,7.062562,0.150311,30,2,28,2.9,2.636887,2.625998,1.004146,0.169649,1.696492,1.796572,0.332448,0.139687,0.95428,0.0,scene_1|scene_1.2_y01_dense_strip_y05_2p75|10787|71,scene_1|scene_1.2_y01_dense_strip_y05_2p75|11513|104,e0cd6a51734367a837e5ba43e9c50e6f928dcaa8,5016b6809f70d28f9ca1c2670052089510c7f0e9
scene_1_2_terminalgain_globalmax_interp_0319,family_01,319,6.912251,7.062562,0.150311,30,2,28,2.9,2.643016,2.625998,1.00648,0.16965,1.696504,1.797143,0.191666,0.089408,1.194471,0.0,scene_1|scene_1.2_y01_dense_strip_y05_2p75|10787|71,scene_1|scene_1.2_y01_dense_strip_y05_2p75|11513|104,4cf6b3a70f5359ec880d8ebe1f186d005738ac47,316908814806f331fcad6bad8d03e952d31b7646
scene_1_2_terminalgain_globalmax_interp_0320,family_01,320,6.912251,7.062562,0.150311,30,2,28,2.9,2.650458,2.625998,1.009315,0.16965,1.696502,1.797874,0.050884,0.039128,1.434248,0.0,scene_1|scene_1.2_y01_dense_strip_y05_2p75|10787|71,scene_1|scene_1.2_y01_dense_strip_y05_2p75|11513|104,3807d0561a5a0d1391eb3452ebd3dee05c9d21f3,f7b12011b7f8607d0edf1f030f755eebbb26fb06
scene_1_2_terminalgain_globalmax_interp_0321,family_01,321,6.912251,7.062562,0.150311,30,2,28,2.9,2.664095,2.625998,1.014508,0.16965,1.696502,1.799555,0.089898,0.011151,1.794783,0.0,scene_1|scene_1.2_y01_dense_strip_y05_2p75|10787|71,scene_1|scene_1.2_y01_dense_strip_y05_2p75|11513|104,5b1e228513331d0ba87c9194f4b1dcbded719326,57d89c9ff4a0714755b3c4c05e59c1fe126f0a6b
scene_1_2_terminalgain_globalmax_interp_0322,family_01,322,6.912251,7.062562,0.150311,30,2,28,2.9,2.63463,2.625998,1.003287,0.16965,1.696502,1.796395,0.23068,0.06143,0.848962,0.0,scene_1|scene_1.2_y01_dense_strip_y05_2p75|10787|71,scene_1|scene_1.2_y01_dense_strip_y05_2p75|11513|104,091c51c21d86e7b810f50ef7e90d7a50306666fb,0da2e17fa4e4b6732807da4de59111c1fada5a63
scene_1_2_terminalgain_globalmax_interp_0323,family_01,323,6.912251,7.062562,0.150311,30,2,28,2.9,2.630895,2.625998,1.001865,0.169649,1.696494,1.796044,0.304291,0.111709,0.639218,0.0,scene_1|scene_1.2_y01_dense_strip_y05_2p75|10787|71,scene_1|scene_1.2_y01_dense_strip_y05_2p75|11513|104,7df136af19b66dee46235a7fd6a10a1a460120bc,7c726c91fad33af5f85b9df7bee7dcb54c60adf4
scene_1_2_terminalgain_globalmax_interp_0324,family_01,324,6.912251,7.062562,0.150311,30,2,28,2.9,2.671253,2.625998,1.017233,0.169649,1.696494,1.800572,0.16351,0.161989,1.959255,0.0,scene_1|scene_1.2_y01_dense_strip_y05_2p75|10787|71,scene_1|scene_1.2_y01_dense_strip_y05_2p75|11513|104,563bcc39ac949f0da61af152d4c5446476450f93,be1ded2b1d7467f8c9a230f33dc96e5677e3d74e
scene_1_2_terminalgain_globalmax_interp_0325,family_01,325,6.912251,7.062562,0.150311,30,2,28,2.9,2.660236,2.625998,1.013038,0.169649,1.696492,1.799036,0.022728,0.132504,1.700055,0.0,scene_1|scene_1.2_y01_dense_strip_y05_2p75|10787|71,scene_1|scene_1.2_y01_dense_strip_y05_2p75|11513|104,c2eaf52517214ca71b1d9a2b73e2e10767f57572,8034f2088b42d348ed420b85cc69d757f3f800cb
scene_1_2_terminalgain_globalmax_interp_0326,family_01,326,6.912251,7.062562,0.150311,30,2,28,2.9,2.63419,2.625998,1.003119,0.16965,1.696504,1.796318,0.118054,0.082225,0.827515,0.0,scene_1|scene_1.2_y01_dense_strip_y05_2p75|10787|71,scene_1|scene_1.2_y01_dense_strip_y05_2p75|11513|104,16325d383e09598d9420f048b865a43a927ec101,0f01cf8fac423e5b80599b13d8e795211c2f00cd
scene_1_2_terminalgain_globalmax_interp_0327,family_01,327,6.912251,7.062562,0.150311,30,2,28,2.9,2.635643,2.625998,1.003673,0.16965,1.696502,1.796415,0.258835,0.031946,0.897885,0.0,scene_1|scene_1.2_y01_dense_strip_y05_2p75|10787|71,scene_1|scene_1.2_y01_dense_strip_y05_2p75|11513|104,aa60163f8603b0ec4f097988ea4966f50372b610,76f3a1b7385fc299de65d84274e371123d9ec954
scene_1_2_terminalgain_globalmax_interp_0328,family_01,328,6.912251,7.062562,0.150311,30,2,28,2.9,2.670594,2.625998,1.016982,0.169649,1.696492,1.80043,0.276135,0.018334,1.944645,0.0,scene_1|scene_1.2_y01_dense_strip_y05_2p75|10787|71,scene_1|scene_1.2_y01_dense_strip_y05_2p75|11513|104,080763220355a60c19d1e733b894c33ed834d423,6871fde8c73af36e7bc802e54df6c145e9734d1d
scene_1_2_terminalgain_globalmax_interp_0329,family_01,329,6.912251,7.062562,0.150311,30,2,28,2.9,2.658386,2.625998,1.012333,0.169649,1.696494,1.798823,0.135353,0.068613,1.653084,0.0,scene_1|scene_1.2_y01_dense_strip_y05_2p75|10787|71,scene_1|scene_1.2_y01_dense_strip_y05_2p75|11513|104,09ca1af7a4ce9bdcd848d742836d7eeb0f2fcaae,85dca6c4af12be352506f24db96ebb17132074f2
scene_1_2_terminalgain_globalmax_interp_0330,family_01,330,6.912251,7.062562,0.150311,30,2,28,2.9,2.645563,2.625998,1.00745,0.16965,1.696504,1.797417,0.005428,0.118892,1.281069,0.0,scene_1|scene_1.2_y01_dense_strip_y05_2p75|10787|71,scene_1|scene_1.2_y01_dense_strip_y05_2p75|11513|104,97095f2f3bc14a51215488a3fdf6eb4d9008d856,7bb67327475e746b570e7540826367dff9cd66f7
scene_1_2_terminalgain_globalmax_interp_0331,family_01,331,6.912251,7.062562,0.150311,30,2,28,2.9,2.638291,2.625998,1.004681,0.16965,1.696502,1.796728,0.14621,0.169171,1.014172,0.0,scene_1|scene_1.2_y01_dense_strip_y05_2p75|10787|71,scene_1|scene_1.2_y01_dense_strip_y05_2p75|11513|104,5943386a70a54bcbe289643bd11f2933ab9e90cb,04fc939efdb9bc82b69eeba55ed5e31b48702a5b
scene_1_2_terminalgain_globalmax_interp_0332,family_01,332,6.912251,7.062562,0.150311,30,2,28,2.9,2.639824,2.625998,1.005265,0.169649,1.696492,1.796791,0.286992,0.174574,1.075928,0.0,scene_1|scene_1.2_y01_dense_strip_y05_2p75|10787|71,scene_1|scene_1.2_y01_dense_strip_y05_2p75|11513|104,da6cff0713c2debabee9a05ce0612c5db8f1ccf5,237726200ca53a5a0bf6e846fd942587dc4b2da1
scene_1_2_terminalgain_globalmax_interp_0333,family_01,333,6.912251,7.062562,0.150311,30,2,28,2.9,2.675926,2.625998,1.019013,0.169649,1.696494,1.801107,0.247978,0.124294,2.059872,0.0,scene_1|scene_1.2_y01_dense_strip_y05_2p75|10787|71,scene_1|scene_1.2_y01_dense_strip_y05_2p75|11513|104,8fbc306fdc6593e3493eadde266eacacb0b3afd2,997d15a46e8aaac0be130252acc5c17190ff75a1
scene_1_2_terminalgain_globalmax_interp_0334,family_01,334,6.912251,7.062562,0.150311,30,2,28,2.9,2.66048,2.625998,1.013131,0.169649,1.696494,1.799108,0.107197,0.074016,1.706203,0.0,scene_1|scene_1.2_y01_dense_strip_y05_2p75|10787|71,scene_1|scene_1.2_y01_dense_strip_y05_2p75|11513|104,5035c364104febd0dd65947dcc6ad6a335500389,f5fc96741b34776df456d38a33b04de06840a92a
scene_1_2_terminalgain_globalmax_interp_0335,family_01,335,6.912251,7.062562,0.150311,30,2,28,2.9,2.630159,2.625998,1.001585,0.16965,1.696502,1.795967,0.033585,0.023737,0.589204,0.0,scene_1|scene_1.2_y01_dense_strip_y05_2p75|10787|71,scene_1|scene_1.2_y01_dense_strip_y05_2p75|11513|104,e2816bd8f8efd076bf7f39e9a37c0caffe4c5d66,a65797d3ff3b55ce7400d6be7d4143d7c4868fd4
scene_1_2_terminalgain_globalmax_interp_0336,family_01,336,6.912251,7.062562,0.150311,30,2,28,2.9,2.65411,2.625998,1.010705,0.169649,1.696492,1.798268,0.174367,0.026542,1.538662,0.0,scene_1|scene_1.2_y01_dense_strip_y05_2p75|10787|71,scene_1|scene_1.2_y01_dense_strip_y05_2p75|11513|104,b5440342470331e454e5fc579d38f590f08244da,98061fd298495eb6766ee20f52b2b55acd6fcd7e
scene_1_2_terminalgain_globalmax_interp_0337,family_01,337,6.912251,7.062562,0.150311,30,2,28,2.9,2.668415,2.625998,1.016153,0.16965,1.696504,1.800126,0.315148,0.076822,1.895397,0.0,scene_1|scene_1.2_y01_dense_strip_y05_2p75|10787|71,scene_1|scene_1.2_y01_dense_strip_y05_2p75|11513|104,0beedca3119a5e8f6679bf5e2aad739619746926,d5d7b760064a75aa2821117ca575aeeb1955c33c
scene_1_2_terminalgain_globalmax_interp_0338,family_01,338,6.912251,7.062562,0.150311,30,2,28,2.9,2.627163,2.625998,1.000444,0.16965,1.696504,1.795663,0.219822,0.127101,0.311567,0.0,scene_1|scene_1.2_y01_dense_strip_y05_2p75|10787|71,scene_1|scene_1.2_y01_dense_strip_y05_2p75|11513|104,c217a1bd2245e0a769e0b12b89cceccc7627f4e5,490a17901c2cfe7978d4a2351ba943966cee73c3
scene_1_2_terminalgain_globalmax_interp_0339,family_01,339,6.912251,7.062562,0.150311,30,2,28,2.9,2.64336,2.625998,1.006611,0.169649,1.696492,1.797084,0.07904,0.167391,1.206502,0.0,scene_1|scene_1.2_y01_dense_strip_y05_2p75|10787|71,scene_1|scene_1.2_y01_dense_strip_y05_2p75|11513|104,b7091e869435751b472cbe6154ba0ec918214edb,ff01452d7f187564390f6d631728d0a94e8658fe
scene_1_2_terminalgain_globalmax_interp_0340,family_01,340,6.912251,7.062562,0.150311,30,2,28,2.9,2.650851,2.625998,1.009464,0.16965,1.696502,1.797897,0.061741,0.117113,1.445698,0.0,scene_1|scene_1.2_y01_dense_strip_y05_2p75|10787|71,scene_1|scene_1.2_y01_dense_strip_y05_2p75|11513|104,f4cddf96dc46e8c48c17a51cfd4c36f3497c490d,81929851030f789b75e541c5999600b7833c8b70
scene_1_2_terminalgain_globalmax_interp_0341,family_01,341,6.912251,7.062562,0.150311,30,2,28,2.9,2.638982,2.625998,1.004944,0.169649,1.696492,1.796782,0.202523,0.066833,1.042316,0.0,scene_1|scene_1.2_y01_dense_strip_y05_2p75|10787|71,scene_1|scene_1.2_y01_dense_strip_y05_2p75|11513|104,7a85eb82ca1a72ad019dda3790a03e19c24fd687,998e14845140ce53736d806143fb5cf11234a26a
scene_1_2_terminalgain_globalmax_interp_0342,family_01,342,6.912251,7.062562,0.150311,30,2,28,2.9,2.657251,2.625998,1.011901,0.16965,1.696502,1.798672,0.343305,0.016554,1.623439,0.0,scene_1|scene_1.2_y01_dense_strip_y05_2p75|10787|71,scene_1|scene_1.2_y01_dense_strip_y05_2p75|11513|104,045529c98040fcb0441dda34f35770fde4d5f914,e5815e8ac4633163c9912558cf9eaed75cf0661d
scene_1_2_terminalgain_globalmax_interp_0343,family_01,343,6.912251,7.062562,0.150311,30,2,28,2.9,2.652898,2.625998,1.010244,0.169649,1.696492,1.798167,0.326816,0.033725,1.504538,0.0,scene_1|scene_1.2_y01_dense_strip_y05_2p75|10787|71,scene_1|scene_1.2_y01_dense_strip_y05_2p75|11513|104,ea3374fc5a2d65e8810ba29048c5fa62ba08749f,43d4c222cdfd87e8a3b23c0f3d6bf6a1dc10e8cb
scene_1_2_terminalgain_globalmax_interp_0344,family_01,344,6.912251,7.062562,0.150311,30,2,28,2.9,2.657624,2.625998,1.012043,0.169649,1.696494,1.798762,0.186035,0.084004,1.633187,0.0,scene_1|scene_1.2_y01_dense_strip_y05_2p75|10787|71,scene_1|scene_1.2_y01_dense_strip_y05_2p75|11513|104,a924e54ba75c34aa6399b677c7c09b83ea440938,8d8d3fc59c312c62a3ffeaa9a36e90e55ec50c7f
scene_1_2_terminalgain_globalmax_interp_0345,family_01,345,6.912251,7.062562,0.150311,30,2,28,2.9,2.66181,2.625998,1.013637,0.16965,1.696504,1.799411,0.045253,0.134284,1.739233,0.0,scene_1|scene_1.2_y01_dense_strip_y05_2p75|10787|71,scene_1|scene_1.2_y01_dense_strip_y05_2p75|11513|104,43ce48a35962fb2f22aec0a76f00a9f215a2bf10,e4aec96419de1a05892872673403626fea3afdf5
scene_1_2_terminalgain_globalmax_interp_0346,family_01,346,6.912251,7.062562,0.150311,30,2,28,2.9,2.641254,2.625998,1.00581,0.169649,1.696494,1.79705,0.095529,0.160208,1.130301,0.0,scene_1|scene_1.2_y01_dense_strip_y05_2p75|10787|71,scene_1|scene_1.2_y01_dense_strip_y05_2p75|11513|104,dc198e5c790ce0d0313dd0ed7935e889c937a7fc,6233fdab3693cca3c0a75ee67f9fe1a345f46515
scene_1_2_terminalgain_globalmax_interp_0347,family_01,347,6.912251,7.062562,0.150311,30,2,28,2.9,2.631479,2.625998,1.002087,0.16965,1.696502,1.796192,0.23631,0.10993,0.676366,0.0,scene_1|scene_1.2_y01_dense_strip_y05_2p75|10787|71,scene_1|scene_1.2_y01_dense_strip_y05_2p75|11513|104,609ccc44d0914d336731e421956ac3fbc916da0b,f41ad12f4d77acffa37144c87229f1f08c22f988
scene_1_2_terminalgain_globalmax_interp_0348,family_01,348,6.912251,7.062562,0.150311,30,2,28,2.9,2.656107,2.625998,1.011466,0.16965,1.696502,1.798631,0.29866,0.059651,1.592948,0.0,scene_1|scene_1.2_y01_dense_strip_y05_2p75|10787|71,scene_1|scene_1.2_y01_dense_strip_y05_2p75|11513|104,430d7f938e9dba3d7cbf16612342f2b1386c1c55,586262e87ba998abe6ad42ba99441a769539429c
scene_1_2_terminalgain_globalmax_interp_0349,family_01,349,6.912251,7.062562,0.150311,30,2,28,2.9,2.64695,2.625998,1.007979,0.16965,1.696504,1.797653,0.157878,0.009371,1.326576,0.0,scene_1|scene_1.2_y01_dense_strip_y05_2p75|10787|71,scene_1|scene_1.2_y01_dense_strip_y05_2p75|11513|104,52994cd4ef858840f4ef39db21191f4426a2a9b5,3120709370f8ecdc9da6f08a7c71e9b241636ef3
scene_1_2_terminalgain_globalmax_interp_0350,family_01,350,6.912251,7.062562,0.150311,30,2,28,2.9,2.632804,2.625998,1.002592,0.169649,1.696492,1.796235,0.017096,0.040908,0.753781,0.0,scene_1|scene_1.2_y01_dense_strip_y05_2p75|10787|71,scene_1|scene_1.2_y01_dense_strip_y05_2p75|11513|104,d16ef8f4e941bf724088519c957795793624f19b,eacee6fa6168b92ac8afce072155dbf744cec1de
scene_1_2_terminalgain_globalmax_interp_0351,family_01,351,6.912251,7.062562,0.150311,30,2,28,2.9,2.656224,2.625998,1.01151,0.169649,1.696492,1.798631,0.123685,0.091187,1.59578,0.0,scene_1|scene_1.2_y01_dense_strip_y05_2p75|10787|71,scene_1|scene_1.2_y01_dense_strip_y05_2p75|11513|104,c99f7ae29856ae98ef1175f5ca6724b7176e76b3,7d09ff961a2988e87387272de74b6faa2e8cdd13
scene_1_2_terminalgain_globalmax_interp_0352,family_01,352,6.912251,7.062562,0.150311,30,2,28,2.9,2.674187,2.625998,1.018351,0.16965,1.696502,1.800991,0.264467,0.141466,2.022535,0.0,scene_1|scene_1.2_y01_dense_strip_y05_2p75|10787|71,scene_1|scene_1.2_y01_dense_strip_y05_2p75|11513|104,96bd0d95ba7496435620d9776e969d7e9215e654,36b0e00137b2454482fbae2b0978ca52786a9a37
scene_1_2_terminalgain_globalmax_interp_0353,family_01,353,6.912251,7.062562,0.150311,30,2,28,2.9,2.647429,2.625998,1.008161,0.169649,1.696494,1.797662,0.270503,0.153025,1.341855,0.0,scene_1|scene_1.2_y01_dense_strip_y05_2p75|10787|71,scene_1|scene_1.2_y01_dense_strip_y05_2p75|11513|104,0a78219b02e7a32a7542f44e5fe0fca4a26c553d,c1f723c738df24e8fab25f7e4796157f033c6cb0
scene_1_2_terminalgain_globalmax_interp_0354,family_01,354,6.912251,7.062562,0.150311,30,2,28,2.9,2.638466,2.625998,1.004748,0.16965,1.696504,1.796788,0.129722,0.102747,1.021109,0.0,scene_1|scene_1.2_y01_dense_strip_y05_2p75|10787|71,scene_1|scene_1.2_y01_dense_strip_y05_2p75|11513|104,de78d480277ce7f5c16f771a8b7d107ceab9c2d1,283dcf3dd1f994638d42fbcc88286676445ae56e
scene_1_2_terminalgain_globalmax_interp_0355,family_01,355,6.912251,7.062562,0.150311,30,2,28,2.9,2.640125,2.625998,1.00538,0.169649,1.696492,1.796908,0.01106,0.052468,1.087415,0.0,scene_1|scene_1.2_y01_dense_strip_y05_2p75|10787|71,scene_1|scene_1.2_y01_dense_strip_y05_2p75|11513|104,dfc34f13aceb078b60f397f370c79fe193816fa7,4024a52ab3e75be0e2e4b84f104db1490d9d8612
scene_1_2_terminalgain_globalmax_interp_0356,family_01,356,6.912251,7.062562,0.150311,30,2,28,2.9,2.645613,2.625998,1.007469,0.169649,1.696492,1.797493,0.151842,0.002189,1.282979,0.0,scene_1|scene_1.2_y01_dense_strip_y05_2p75|10787|71,scene_1|scene_1.2_y01_dense_strip_y05_2p75|11513|104,e3e12d33a2561ab892549078c9354654074f7844,3fe308eb42c8e9d7079c449f89a6ef84f58a7f35
scene_1_2_terminalgain_globalmax_interp_0357,family_01,357,6.912251,7.062562,0.150311,30,2,28,2.9,2.656134,2.625998,1.011476,0.169649,1.696492,1.798593,0.292623,0.048091,1.593612,0.0,scene_1|scene_1.2_y01_dense_strip_y05_2p75|10787|71,scene_1|scene_1.2_y01_dense_strip_y05_2p75|11513|104,8daba5b0794f8dff7e17de36a22cc95cc68d25d6,72e7638577bb503897bd17e3641f6f41d382f590
scene_1_2_terminalgain_globalmax_interp_0358,family_01,358,6.912251,7.062562,0.150311,30,2,28,2.9,2.638742,2.625998,1.004853,0.16965,1.696502,1.796851,0.242348,0.09837,1.032776,0.0,scene_1|scene_1.2_y01_dense_strip_y05_2p75|10787|71,scene_1|scene_1.2_y01_dense_strip_y05_2p75|11513|104,9d0aa645804fcd2865ee8dde217588898dcef94a,fd7dedad3064bb5908b2d12810bfbd001737321c
scene_1_2_terminalgain_globalmax_interp_0359,family_01,359,6.912251,7.062562,0.150311,30,2,28,2.9,2.629666,2.625998,1.001397,0.16965,1.696504,1.796047,0.101566,0.148649,0.55296,0.0,scene_1|scene_1.2_y01_dense_strip_y05_2p75|10787|71,scene_1|scene_1.2_y01_dense_strip_y05_2p75|11513|104,c0d9cc17ab36b6377e701ce194f8ea11186bc511,77f1cb3ef9f529597a94c4f021683892e04d034c
scene_1_2_terminalgain_globalmax_interp_0360,family_01,360,6.912251,7.062562,0.150311,30,2,28,2.9,2.6939,2.625998,1.025858,0.169649,1.696494,1.803993,0.039217,0.145843,2.410425,0.0,scene_1|scene_1.2_y01_dense_strip_y05_2p75|10787|71,scene_1|scene_1.2_y01_dense_strip_y05_2p75|11513|104,d773150606985622aa4b9b377b87eaf28c1ec00f,8770e13ca6ad1a32b66ea5a5a962d2f930d01a55
scene_1_2_terminalgain_globalmax_interp_0361,family_01,361,6.912251,7.062562,0.150311,30,2,28,2.9,2.694044,2.625998,1.025912,0.16965,1.696504,1.803994,0.179998,0.095564,2.413164,0.0,scene_1|scene_1.2_y01_dense_strip_y05_2p75|10787|71,scene_1|scene_1.2_y01_dense_strip_y05_2p75|11513|104,bb1c224f9c31260937c935a284cc1eaee8d1c652,586a1b480ff28206302978e90b59d5eaf19ef0c9
scene_1_2_terminalgain_globalmax_interp_0362,family_01,362,6.912251,7.062562,0.150311,30,2,28,2.9,2.629559,2.625998,1.001356,0.169649,1.696494,1.79591,0.32078,0.045285,0.54471,0.0,scene_1|scene_1.2_y01_dense_strip_y05_2p75|10787|71,scene_1|scene_1.2_y01_dense_strip_y05_2p75|11513|104,d84b95ee26ae1cc6f66d1942f6bde30b3c9666d9,cefadb4b2a3dcef1f9aa7893a62ddf04dcf8af2b
scene_1_2_terminalgain_globalmax_interp_0363,family_01,363,6.912251,7.062562,0.150311,30,2,28,2.9,2.639082,2.625998,1.004983,0.16965,1.696502,1.796775,0.214191,0.004994,1.046634,0.0,scene_1|scene_1.2_y01_dense_strip_y05_2p75|10787|71,scene_1|scene_1.2_y01_dense_strip_y05_2p75|11513|104,9bfa25fe518859a11d9e7f2832e19b91d1f17e86,206e2206488bf0f455bd08c4ab047b1042dd35f8
scene_1_2_terminalgain_globalmax_interp_0364,family_01,364,6.912251,7.062562,0.150311,30,2,28,2.9,2.655659,2.625998,1.011295,0.16965,1.696502,1.798543,0.073409,0.055273,1.580998,0.0,scene_1|scene_1.2_y01_dense_strip_y05_2p75|10787|71,scene_1|scene_1.2_y01_dense_strip_y05_2p75|11513|104,cf041c34fd31d05f734f51176559f7fdf0077bcd,68edf6e99f52a20a6b0037dbe7066a9c36048ba8
scene_1_2_terminalgain_globalmax_interp_0365,family_01,365,6.912251,7.062562,0.150311,30,2,28,2.9,2.645927,2.625998,1.007589,0.16965,1.696504,1.797533,0.067372,0.105553,1.293514,0.0,scene_1|scene_1.2_y01_dense_strip_y05_2p75|10787|71,scene_1|scene_1.2_y01_dense_strip_y05_2p75|11513|104,88e36880b9cb9854cd91e8f2b8ca2d2ce12e53d6,0b8e1ddbceb7169d171f1454f5390f18eda141ae
scene_1_2_terminalgain_globalmax_interp_0366,family_01,366,6.912251,7.062562,0.150311,30,2,28,2.9,2.640184,2.625998,1.005402,0.169649,1.696492,1.79686,0.208154,0.155832,1.089924,0.0,scene_1|scene_1.2_y01_dense_strip_y05_2p75|10787|71,scene_1|scene_1.2_y01_dense_strip_y05_2p75|11513|104,24ae0e65eaa6534005fcc8081dd5c8a9e77e6917,c948778169bc7df281ef191c2c75a177601de908
scene_1_2_terminalgain_globalmax_interp_0367,family_01,367,6.912251,7.062562,0.150311,30,2,28,2.9,2.638406,2.625998,1.004725,0.169649,1.696492,1.796768,0.348936,0.13866,1.0188,0.0,scene_1|scene_1.2_y01_dense_strip_y05_2p75|10787|71,scene_1|scene_1.2_y01_dense_strip_y05_2p75|11513|104,bf11639645537c0195e147f2f4760b5f5e8742f4,45fc472d40caaa5e28ba6bfe5e801fed03c9ecf2
scene_1_2_terminalgain_globalmax_interp_0368,family_01,368,6.912251,7.062562,0.150311,30,2,28,2.9,2.647114,2.625998,1.008041,0.16965,1.696504,1.797595,0.348215,0.088382,1.331814,0.0,scene_1|scene_1.2_y01_dense_strip_y05_2p75|10787|71,scene_1|scene_1.2_y01_dense_strip_y05_2p75|11513|104,0839ccc23c7a8a9541929c00ee46f96cc7cc8da5,a9d088b9b5e369527fa1e7d00fe5ade06dd04fb7
scene_1_2_terminalgain_globalmax_interp_0369,family_01,369,6.912251,7.062562,0.150311,30,2,28,2.9,2.674825,2.625998,1.018594,0.169649,1.696494,1.800991,0.207434,0.038102,2.036376,0.0,scene_1|scene_1.2_y01_dense_strip_y05_2p75|10787|71,scene_1|scene_1.2_y01_dense_strip_y05_2p75|11513|104,ab8aef5a6fcc5ca7ba2e8fd42dbec634e2d0ee91,f5a5e594259a526226e0f9af6034d4b13c6f5bc1
scene_1_2_terminalgain_globalmax_interp_0370,family_01,370,6.912251,7.062562,0.150311,30,2,28,2.9,2.655875,2.625998,1.011378,0.16965,1.696504,1.798624,0.066652,0.012177,1.58631,0.0,scene_1|scene_1.2_y01_dense_strip_y05_2p75|10787|71,scene_1|scene_1.2_y01_dense_strip_y05_2p75|11513|104,202adc5e581d4bd86ad7e757e2b7b1e697bb7921,115dc9c1f3010f1b10128b808d3a23d4b9eecbde
scene_1_2_terminalgain_globalmax_interp_0371,family_01,371,6.912251,7.062562,0.150311,30,2,28,2.9,2.632898,2.625998,1.002627,0.16965,1.696502,1.79625,0.07413,0.062456,0.759039,0.0,scene_1|scene_1.2_y01_dense_strip_y05_2p75|10787|71,scene_1|scene_1.2_y01_dense_strip_y05_2p75|11513|104,d9f86810fe68c083899fe4d6f14803ce8173eba6,9c416730033c4ce6b3906f4232a50655fe52d6fa
scene_1_2_terminalgain_globalmax_interp_0372,family_01,372,6.912251,7.062562,0.150311,30,2,28,2.9,2.646787,2.625998,1.007917,0.169649,1.696492,1.797645,0.214911,0.112735,1.32086,0.0,scene_1|scene_1.2_y01_dense_strip_y05_2p75|10787|71,scene_1|scene_1.2_y01_dense_strip_y05_2p75|11513|104,c3d3d5ad75614daaf93ba99d0741807201293b39,bfdbe38539d7c1f91e1be773c56f36c1183c62d0
scene_1_2_terminalgain_globalmax_interp_0373,family_01,373,6.912251,7.062562,0.150311,30,2,28,2.9,2.656175,2.625998,1.011492,0.169649,1.696492,1.798586,0.320059,0.163014,1.594667,0.0,scene_1|scene_1.2_y01_dense_strip_y05_2p75|10787|71,scene_1|scene_1.2_y01_dense_strip_y05_2p75|11513|104,f8b89dc9c4520f7fd4bc4e509d39e85de478b388,170a6a1b008e0c4e079ffd1b03a471a913150ee2
scene_1_2_terminalgain_globalmax_interp_0374,family_01,374,6.912251,7.062562,0.150311,30,2,28,2.9,2.63129,2.625998,1.002015,0.169649,1.696492,1.796151,0.179277,0.131477,0.664506,0.0,scene_1|scene_1.2_y01_dense_strip_y05_2p75|10787|71,scene_1|scene_1.2_y01_dense_strip_y05_2p75|11513|104,4c35a6f074e3ceb5ac0b7a750ba55c1f8a7141ef,4187cf8f65d5f25b9a21e9d45551cdd5fd400f0c
scene_1_2_terminalgain_globalmax_interp_0375,family_01,375,6.912251,7.062562,0.150311,30,2,28,2.9,2.641512,2.625998,1.005908,0.16965,1.696504,1.796969,0.038495,0.081199,1.139988,0.0,scene_1|scene_1.2_y01_dense_strip_y05_2p75|10787|71,scene_1|scene_1.2_y01_dense_strip_y05_2p75|11513|104,1fa96f77262d433c7d777354515d3d9a0e12e5b3,608636de15522414ddd800cbafbaf27eab30da50
scene_1_2_terminalgain_globalmax_interp_0376,family_01,376,6.912251,7.062562,0.150311,30,2,28,2.9,2.661257,2.625998,1.013427,0.169649,1.696494,1.79919,0.102286,0.03092,1.725845,0.0,scene_1|scene_1.2_y01_dense_strip_y05_2p75|10787|71,scene_1|scene_1.2_y01_dense_strip_y05_2p75|11513|104,186b72df7f4915d0fd9a49b2f9c21a3bd34cd79b,97a6210088fc999cee11993a3b3fa83bcf215318
scene_1_2_terminalgain_globalmax_interp_0377,family_01,377,6.912251,7.062562,0.150311,30,2,28,2.9,2.658115,2.625998,1.01223,0.16965,1.696504,1.798816,0.243068,0.01936,1.645961,0.0,scene_1|scene_1.2_y01_dense_strip_y05_2p75|10787|71,scene_1|scene_1.2_y01_dense_strip_y05_2p75|11513|104,29428fe7dad846860ee71367a3421db74fc62f51,7d8181fab608f094ea7729a4f3d553b2ce23b7a2
scene_1_2_terminalgain_globalmax_interp_0378,family_01,378,6.912251,7.062562,0.150311,30,2,28,2.9,2.653137,2.625998,1.010335,0.16965,1.696504,1.798145,0.291902,0.069639,1.511034,0.0,scene_1|scene_1.2_y01_dense_strip_y05_2p75|10787|71,scene_1|scene_1.2_y01_dense_strip_y05_2p75|11513|104,30db634be58d2247daddc9c0acd4389c3039d078,c308573a9e96f10184b0c5eefb08b676dffdff7c
scene_1_2_terminalgain_globalmax_interp_0379,family_01,379,6.912251,7.062562,0.150311,30,2,28,2.9,2.657186,2.625998,1.011877,0.169649,1.696492,1.798676,0.15112,0.119918,1.621581,0.0,scene_1|scene_1.2_y01_dense_strip_y05_2p75|10787|71,scene_1|scene_1.2_y01_dense_strip_y05_2p75|11513|104,5e4f5d497398a11ecf1ee344eb4635200004bf61,41659f072b588edaed34326f01a97765c8915156
scene_1_2_terminalgain_globalmax_interp_0380,family_01,380,6.912251,7.062562,0.150311,30,2,28,2.9,2.638659,2.625998,1.004821,0.16965,1.696502,1.796748,0.010339,0.170197,1.029198,0.0,scene_1|scene_1.2_y01_dense_strip_y05_2p75|10787|71,scene_1|scene_1.2_y01_dense_strip_y05_2p75|11513|104,c3c76f97dfd5dc10993a8a4b620eaf4ca76cbb6c,202ae2a4b5de67ebd9a1c02656c977da1d769a54
scene_1_2_terminalgain_globalmax_interp_0381,family_01,381,6.912251,7.062562,0.150311,30,2,28,2.9,2.651322,2.625998,1.009644,0.169649,1.696492,1.798064,0.130443,0.173548,1.459497,0.0,scene_1|scene_1.2_y01_dense_strip_y05_2p75|10787|71,scene_1|scene_1.2_y01_dense_strip_y05_2p75|11513|104,d88cb7c6dfaf2d26670196e912b1377f14f9f00b,451b1ebccb53578f65f60ab8c903f502fee10bfb
scene_1_2_terminalgain_globalmax_interp_0382,family_01,382,6.912251,7.062562,0.150311,30,2,28,2.9,2.643014,2.625998,1.00648,0.16965,1.696502,1.797235,0.271225,0.123269,1.194258,0.0,scene_1|scene_1.2_y01_dense_strip_y05_2p75|10787|71,scene_1|scene_1.2_y01_dense_strip_y05_2p75|11513|104,662111c5dffe45ec95e703c82bfac48063d0ced9,7c4e4670cc9498fb18fafa28dfbf5927652eb8af
scene_1_2_terminalgain_globalmax_interp_0383,family_01,383,6.912251,7.062562,0.150311,30,2,28,2.9,2.627264,2.625998,1.000482,0.169649,1.696492,1.795669,0.263747,0.072989,0.324923,0.0,scene_1|scene_1.2_y01_dense_strip_y05_2p75|10787|71,scene_1|scene_1.2_y01_dense_strip_y05_2p75|11513|104,5582900e38ec330ba46b5be8d7025205673bf470,4430145461b9ad0833774bc184ebcd4dc23eb990
scene_1_2_terminalgain_globalmax_interp_0384,family_01,384,6.912251,7.062562,0.150311,30,2,28,2.9,2.668262,2.625998,1.016094,0.169649,1.696494,1.800102,0.122964,0.02271,1.892246,0.0,scene_1|scene_1.2_y01_dense_strip_y05_2p75|10787|71,scene_1|scene_1.2_y01_dense_strip_y05_2p75|11513|104,5b9e0a78fb2548f21130c0b92c50594ca618b383,179b6f251253670c6e73e32cd52889b88e8f41e3
scene_1_2_terminalgain_globalmax_interp_0385,family_01,385,6.912251,7.062562,0.150311,30,2,28,2.9,2.654358,2.625998,1.0108,0.169649,1.696494,1.79836,0.017818,0.027569,1.545779,0.0,scene_1|scene_1.2_y01_dense_strip_y05_2p75|10787|71,scene_1|scene_1.2_y01_dense_strip_y05_2p75|11513|104,8932e3f4a2122809afc82ef1ddda14fd56b2a9a1,267d05721638231f9448827b1d97784a744add52
scene_1_2_terminalgain_globalmax_interp_0386,family_01,386,6.912251,7.062562,0.150311,30,2,28,2.9,2.630153,2.625998,1.001582,0.169649,1.696494,1.795982,0.158599,0.077848,0.588719,0.0,scene_1|scene_1.2_y01_dense_strip_y05_2p75|10787|71,scene_1|scene_1.2_y01_dense_strip_y05_2p75|11513|104,199399f0d7cbe3803fd3254ecf6f62016752c741,8dd03ccae881b144dfe1bed3e84aad793c1a0820
scene_1_2_terminalgain_globalmax_interp_0387,family_01,387,6.912251,7.062562,0.150311,30,2,28,2.9,2.660913,2.625998,1.013296,0.16965,1.696502,1.799242,0.299381,0.128128,1.717082,0.0,scene_1|scene_1.2_y01_dense_strip_y05_2p75|10787|71,scene_1|scene_1.2_y01_dense_strip_y05_2p75|11513|104,ad3b2d17c664caf42bb43aa07f85b325de9fcc46,f167a3c4fc6bc08e8b8bb1dbd78ed27db02e0fb0
scene_1_2_terminalgain_globalmax_interp_0388,family_01,388,6.912251,7.062562,0.150311,30,2,28,2.9,2.675312,2.625998,1.018779,0.16965,1.696502,1.801077,0.23559,0.166365,2.046659,0.0,scene_1|scene_1.2_y01_dense_strip_y05_2p75|10787|71,scene_1|scene_1.2_y01_dense_strip_y05_2p75|11513|104,b5657da1b2f85f99b1602deaae0e3b385a1a3c4a,4a7a477895d8f70d36aa1221808b0a0ea0339faf
scene_1_2_terminalgain_globalmax_interp_0389,family_01,389,6.912251,7.062562,0.150311,30,2,28,2.9,2.639989,2.625998,1.005328,0.16965,1.696502,1.79687,0.094808,0.116086,1.082177,0.0,scene_1|scene_1.2_y01_dense_strip_y05_2p75|10787|71,scene_1|scene_1.2_y01_dense_strip_y05_2p75|11513|104,b36ba6035c3b3ba34f2aa81a9abf056155bd72ff,2432ddedb1a1b041c8390987d1b0feba632016c8
scene_1_2_terminalgain_globalmax_interp_0390,family_01,390,6.912251,7.062562,0.150311,30,2,28,2.9,2.638199,2.625998,1.004646,0.169649,1.696492,1.79663,0.045973,0.065807,1.010306,0.0,scene_1|scene_1.2_y01_dense_strip_y05_2p75|10787|71,scene_1|scene_1.2_y01_dense_strip_y05_2p75|11513|104,1193a833b8aadf77d818713e908d2b4a7d77b96e,125f21770297b8e3786b5559b8dbfbcfd9c96975
scene_1_2_terminalgain_globalmax_interp_0391,family_01,391,6.912251,7.062562,0.150311,30,2,28,2.9,2.645353,2.625998,1.007371,0.16965,1.696504,1.797408,0.186755,0.015527,1.274015,0.0,scene_1|scene_1.2_y01_dense_strip_y05_2p75|10787|71,scene_1|scene_1.2_y01_dense_strip_y05_2p75|11513|104,54a217a5b6a39a1ca484a2ad66115ed636fde9d5,6ef86effebe30e5e71f543f634467b637167775b
scene_1_2_terminalgain_globalmax_interp_0392,family_01,392,6.912251,7.062562,0.150311,30,2,28,2.9,2.657926,2.625998,1.012158,0.16965,1.696504,1.798761,0.327538,0.034752,1.640995,0.0,scene_1|scene_1.2_y01_dense_strip_y05_2p75|10787|71,scene_1|scene_1.2_y01_dense_strip_y05_2p75|11513|104,dbe7b799ea87956aaa19944d46614c2c4ca9593a,abb2caf9d7940f60459611cb19de0f76c57ca871
scene_1_2_terminalgain_globalmax_interp_0393,family_01,393,6.912251,7.062562,0.150311,30,2,28,2.9,2.671216,2.625998,1.017219,0.16965,1.696502,1.800529,0.342583,0.085031,1.958252,0.0,scene_1|scene_1.2_y01_dense_strip_y05_2p75|10787|71,scene_1|scene_1.2_y01_dense_strip_y05_2p75|11513|104,276e5d9de8528f1dd462ee77e02c15ce22335c3d,63498b7436365a136cb97d389b04a3bbfbf2e60d
scene_1_2_terminalgain_globalmax_interp_0394,family_01,394,6.912251,7.062562,0.150311,30,2,28,2.9,2.635458,2.625998,1.003602,0.169649,1.696492,1.796427,0.201802,0.13531,0.889103,0.0,scene_1|scene_1.2_y01_dense_strip_y05_2p75|10787|71,scene_1|scene_1.2_y01_dense_strip_y05_2p75|11513|104,d9380ccd6e5c1d9d64e38ac80230ff46559feef0,a9a0d49ac4e46dd7197f45cb5805a13692dbac8e
scene_1_2_terminalgain_globalmax_interp_0395,family_01,395,6.912251,7.062562,0.150311,30,2,28,2.9,2.634454,2.625998,1.00322,0.169649,1.696494,1.796344,0.06102,0.159182,0.840582,0.0,scene_1|scene_1.2_y01_dense_strip_y05_2p75|10787|71,scene_1|scene_1.2_y01_dense_strip_y05_2p75|11513|104,6ee88241b35cccf6fdd8d91fc6941c71430dfbc0,b21e780582cba37cd0439660b54e985c9a6480a4
scene_1_2_terminalgain_globalmax_interp_0396,family_01,396,6.912251,7.062562,0.150311,30,2,28,2.9,2.660242,2.625998,1.01304,0.16965,1.696504,1.799071,0.079762,0.108903,1.700191,0.0,scene_1|scene_1.2_y01_dense_strip_y05_2p75|10787|71,scene_1|scene_1.2_y01_dense_strip_y05_2p75|11513|104,7326cd318122e4c923e978b2169e55697ea874ac,9f2835be3cad244b412de57d90ad7e7e73f035ae
scene_1_2_terminalgain_globalmax_interp_0397,family_01,397,6.912251,7.062562,0.150311,30,2,28,2.9,2.671301,2.625998,1.017252,0.16965,1.696502,1.800463,0.220543,0.058624,1.960148,0.0,scene_1|scene_1.2_y01_dense_strip_y05_2p75|10787|71,scene_1|scene_1.2_y01_dense_strip_y05_2p75|11513|104,c9afdecc32a71da54c90fd1a8941b6fee7f0ff9e,1183f2b50722aeaf1b82cc38f87eea1bd815ed5c
scene_1_2_terminalgain_globalmax_interp_0398,family_01,398,6.912251,7.062562,0.150311,30,2,28,2.9,2.630686,2.625998,1.001785,0.16965,1.696502,1.795968,0.314428,0.008345,0.625305,0.0,scene_1|scene_1.2_y01_dense_strip_y05_2p75|10787|71,scene_1|scene_1.2_y01_dense_strip_y05_2p75|11513|104,bbbc698d86717523412bdb3ae8ea6de1818171a2,b917213d5a293a6bd15b20910f73b325578d14f3
scene_1_2_terminalgain_globalmax_interp_0399,family_01,399,6.912251,7.062562,0.150311,30,2,28,2.9,2.634871,2.625998,1.003379,0.169649,1.696492,1.796314,0.173646,0.041935,0.860815,0.0,scene_1|scene_1.2_y01_dense_strip_y05_2p75|10787|71,scene_1|scene_1.2_y01_dense_strip_y05_2p75|11513|104,daca241de535625f4c4392e3d49a9b83835e8ee6,a27b839c9615db5db24068dd2f1544b709390419
scene_1_2_terminalgain_globalmax_interp_0400,family_01,400,6.912251,7.062562,0.150311,30,2,28,2.9,2.663524,2.625998,1.01429,0.16965,1.696502,1.799462,0.032864,0.092214,1.780994,0.0,scene_1|scene_1.2_y01_dense_strip_y05_2p75|10787|71,scene_1|scene_1.2_y01_dense_strip_y05_2p75|11513|104,9ab9dfeeadb5f17c28112b2babfe0626ff68f66e,38a041f699dbba8bae25271a63a01c739d8f5401
scene_1_2_terminalgain_globalmax_interp_0401,family_01,401,6.912251,7.062562,0.150311,30,2,28,2.9,2.650846,2.625998,1.009462,0.169649,1.696492,1.797921,0.107918,0.142493,1.445651,0.0,scene_1|scene_1.2_y01_dense_strip_y05_2p75|10787|71,scene_1|scene_1.2_y01_dense_strip_y05_2p75|11513|104,4a20c30addbb3d987d92f5f8239c47681769cb65,61fc35789b0d8351093fb08c0b256c984e8f31d6
scene_1_2_terminalgain_globalmax_interp_0402,family_01,402,6.912251,7.062562,0.150311,30,2,28,2.9,2.64315,2.625998,1.006532,0.16965,1.696502,1.797169,0.2487,0.152,1.198933,0.0,scene_1|scene_1.2_y01_dense_strip_y05_2p75|10787|71,scene_1|scene_1.2_y01_dense_strip_y05_2p75|11513|104,a04e5aacaf77b13634c7a35b8875efdce5754833,a2889d9fc8502712a021d4fe1ce82117c6878d58
scene_1_2_terminalgain_globalmax_interp_0403,family_01,403,6.912251,7.062562,0.150311,30,2,28,2.9,2.636902,2.625998,1.004152,0.16965,1.696504,1.796519,0.286271,0.10172,0.955024,0.0,scene_1|scene_1.2_y01_dense_strip_y05_2p75|10787|71,scene_1|scene_1.2_y01_dense_strip_y05_2p75|11513|104,094b6784e44af05cd70574388d6a2e0e4732a58b,f2e5e5f95f058eddc7d3bb8933fde8bf769e6a0d
scene_1_2_terminalgain_globalmax_interp_0404,family_01,404,6.912251,7.062562,0.150311,30,2,28,2.9,2.643645,2.625998,1.00672,0.169649,1.696494,1.79709,0.14549,0.051441,1.216723,0.0,scene_1|scene_1.2_y01_dense_strip_y05_2p75|10787|71,scene_1|scene_1.2_y01_dense_strip_y05_2p75|11513|104,2a73eb49f2e88bfc0052728e8158a1cbe2a628d0,81e8a167b4e33e955f5ba01385f9f9b525449278
scene_1_2_terminalgain_globalmax_interp_0405,family_01,405,6.912251,7.062562,0.150311,30,2,28,2.9,2.666465,2.625998,1.01541,0.169649,1.696494,1.799866,0.004708,0.001162,1.850665,0.0,scene_1|scene_1.2_y01_dense_strip_y05_2p75|10787|71,scene_1|scene_1.2_y01_dense_strip_y05_2p75|11513|104,08fc8be99931939d17bcf841bfea7e093c4bb789,7e704c6993e5844d4a79cfffedc494ba1979499b
scene_1_2_terminalgain_globalmax_interp_0406,family_01,406,6.912251,7.062562,0.150311,30,2,28,2.9,2.655339,2.625998,1.011173,0.169649,1.696494,1.798552,0.136074,0.049117,1.572455,0.0,scene_1|scene_1.2_y01_dense_strip_y05_2p75|10787|71,scene_1|scene_1.2_y01_dense_strip_y05_2p75|11513|104,e0531dd476a0aa14451490c36cf002ad1b6f3f50,e8955f47743df8e159f1d8477fb0d29f481e11c6
scene_1_2_terminalgain_globalmax_interp_0407,family_01,407,6.912251,7.062562,0.150311,30,2,28,2.9,2.626984,2.625998,1.000375,0.16965,1.696502,1.795719,0.276855,0.099397,0.286667,0.0,scene_1|scene_1.2_y01_dense_strip_y05_2p75|10787|71,scene_1|scene_1.2_y01_dense_strip_y05_2p75|11513|104,43885857130aa0cc0736f71e2c3b5ff0fc97a9c3,02c25552e5bd1244c97fbb259082c9627f9695ee
scene_1_2_terminalgain_globalmax_interp_0408,family_01,408,6.912251,7.062562,0.150311,30,2,28,2.9,2.665353,2.625998,1.014987,0.16965,1.696502,1.799668,0.258115,0.149676,1.824763,0.0,scene_1|scene_1.2_y01_dense_strip_y05_2p75|10787|71,scene_1|scene_1.2_y01_dense_strip_y05_2p75|11513|104,28c462479976b3cc62f13afbafa26c9edb9db9c2,eb397e81699bef9a6badc9b20b0e2c6c5600fe58
scene_1_2_terminalgain_globalmax_interp_0409,family_01,409,6.912251,7.062562,0.150311,30,2,28,2.9,2.666663,2.625998,1.015486,0.169649,1.696492,1.79985,0.117333,0.144817,1.85546,0.0,scene_1|scene_1.2_y01_dense_strip_y05_2p75|10787|71,scene_1|scene_1.2_y01_dense_strip_y05_2p75|11513|104,316baf9f18d9dc110ef5795b941c6a6b2382fe0c,4db5b59cb159320b858df1fbd0246e67faf11899
scene_1_2_terminalgain_globalmax_interp_0410,family_01,410,6.912251,7.062562,0.150311,30,2,28,2.9,2.626607,2.625998,1.000232,0.16965,1.696502,1.795825,0.023448,0.094538,0.225424,0.0,scene_1|scene_1.2_y01_dense_strip_y05_2p75|10787|71,scene_1|scene_1.2_y01_dense_strip_y05_2p75|11513|104,41323434528a2d7e7f7ed41fce16b19f092be856,a801e96fd2f54a155b3cfd0f60fae5311c2f2ba1
scene_1_2_terminalgain_globalmax_interp_0411,family_01,411,6.912251,7.062562,0.150311,30,2,28,2.9,2.651501,2.625998,1.009712,0.169649,1.696494,1.798037,0.16423,0.044258,1.464752,0.0,scene_1|scene_1.2_y01_dense_strip_y05_2p75|10787|71,scene_1|scene_1.2_y01_dense_strip_y05_2p75|11513|104,74851fc93ad3c0cec954a8d13bd1de77a3c8b0af,256f6df1aab458879cf73bb83d6144055ba3d94a
scene_1_2_terminalgain_globalmax_interp_0412,family_01,412,6.912251,7.062562,0.150311,30,2,28,2.9,2.643684,2.625998,1.006735,0.169649,1.696494,1.797255,0.305012,0.006021,1.217909,0.0,scene_1|scene_1.2_y01_dense_strip_y05_2p75|10787|71,scene_1|scene_1.2_y01_dense_strip_y05_2p75|11513|104,2995a804f9a44e5939ef934e2638ef442c170e93,963d938a15ad5c0ff5d87c2764622b9c33a5edba
scene_1_2_terminalgain_globalmax_interp_0413,family_01,413,6.912251,7.062562,0.150311,30,2,28,2.9,2.644256,2.625998,1.006953,0.169649,1.696492,1.797319,0.229958,0.0563,1.237636,0.0,scene_1|scene_1.2_y01_dense_strip_y05_2p75|10787|71,scene_1|scene_1.2_y01_dense_strip_y05_2p75|11513|104,04890dc4794b168e786fb1b473ddbe64e2688962,276fce3816bcc0a99593d9d6cc67be1b228fa99d
scene_1_2_terminalgain_globalmax_interp_0414,family_01,414,6.912251,7.062562,0.150311,30,2,28,2.9,2.663664,2.625998,1.014343,0.16965,1.696504,1.799602,0.089177,0.106579,1.784382,0.0,scene_1|scene_1.2_y01_dense_strip_y05_2p75|10787|71,scene_1|scene_1.2_y01_dense_strip_y05_2p75|11513|104,3571833d6f7b3f487079801407e8eef475f1ce0b,1d10e21ace14f7549b827f37f804dc150c4f0f31
scene_1_2_terminalgain_globalmax_interp_0415,family_01,415,6.912251,7.062562,0.150311,30,2,28,2.9,2.657609,2.625998,1.012038,0.16965,1.696502,1.798738,0.051605,0.156859,1.632511,0.0,scene_1|scene_1.2_y01_dense_strip_y05_2p75|10787|71,scene_1|scene_1.2_y01_dense_strip_y05_2p75|11513|104,0d82abff84d185329171e2dc3dcb834825cb9c0d,b7ee055dd43dfbbb1a79d15f8b22245c9ba8fa63
scene_1_2_terminalgain_globalmax_interp_0416,family_01,416,6.912251,7.062562,0.150311,30,2,28,2.9,2.65432,2.625998,1.010785,0.169649,1.696492,1.798377,0.192387,0.137634,1.544547,0.0,scene_1|scene_1.2_y01_dense_strip_y05_2p75|10787|71,scene_1|scene_1.2_y01_dense_strip_y05_2p75|11513|104,2ac06bfdd9e180f222399f5fac15aa0e50e1ee73,1926b0767ca190aeb8178e88e1c3b6fcd93c1ec6
scene_1_2_terminalgain_globalmax_interp_0417,family_01,417,6.912251,7.062562,0.150311,30,2,28,2.9,2.652979,2.625998,1.010274,0.16965,1.696502,1.798274,0.333168,0.087355,1.507203,0.0,scene_1|scene_1.2_y01_dense_strip_y05_2p75|10787|71,scene_1|scene_1.2_y01_dense_strip_y05_2p75|11513|104,ea8b7ec536261d1e56df79bc720054fc321fc32d,a697a291bbc7098804f8250641747c172a627c5a
scene_1_2_terminalgain_globalmax_interp_0418,family_01,418,6.912251,7.062562,0.150311,30,2,28,2.9,2.645814,2.625998,1.007546,0.169649,1.696492,1.797466,0.336953,0.037076,1.289663,0.0,scene_1|scene_1.2_y01_dense_strip_y05_2p75|10787|71,scene_1|scene_1.2_y01_dense_strip_y05_2p75|11513|104,8ce2e86fd1d1cfdffa9e19d69bcde280f4aa4c5a,f501a8d6bba7293b5d07d8cdcbab01315e697c00
scene_1_2_terminalgain_globalmax_interp_0419,family_01,419,6.912251,7.062562,0.150311,30,2,28,2.9,2.628741,2.625998,1.001044,0.16965,1.696504,1.795937,0.196171,0.013204,0.478295,0.0,scene_1|scene_1.2_y01_dense_strip_y05_2p75|10787|71,scene_1|scene_1.2_y01_dense_strip_y05_2p75|11513|104,61c242c7bc36440e4d63d52b4fe5a529c47b9597,2c2b43964b13b59c43beaed511623990882acc94
scene_1_2_terminalgain_globalmax_interp_0420,family_01,420,6.912251,7.062562,0.150311,30,2,28,2.9,2.658568,2.625998,1.012403,0.16965,1.696502,1.798899,0.055389,0.063483,1.657545,0.0,scene_1|scene_1.2_y01_dense_strip_y05_2p75|10787|71,scene_1|scene_1.2_y01_dense_strip_y05_2p75|11513|104,177f52ef7d5aaccc424ef4e67a01aefd3c97dc6e,96eb1edc0cebee48e96b206067ec7ed157a9d945
scene_1_2_terminalgain_globalmax_interp_0421,family_01,421,6.912251,7.062562,0.150311,30,2,28,2.9,2.644246,2.625998,1.006949,0.16965,1.696504,1.797274,0.085392,0.113762,1.237007,0.0,scene_1|scene_1.2_y01_dense_strip_y05_2p75|10787|71,scene_1|scene_1.2_y01_dense_strip_y05_2p75|11513|104,5767b02335dea1738624346f6fb00b355f87cd28,357e185b1c16acb1b0e7415eb5d1777a51fe85d3
scene_1_2_terminalgain_globalmax_interp_0422,family_01,422,6.912251,7.062562,0.150311,30,2,28,2.9,2.635312,2.625998,1.003547,0.169649,1.696494,1.79639,0.226174,0.164041,0.882209,0.0,scene_1|scene_1.2_y01_dense_strip_y05_2p75|10787|71,scene_1|scene_1.2_y01_dense_strip_y05_2p75|11513|104,b20ce9aed9ca2437bf7eb19eac72fad49adcf57c,1291d0f48e5e191799724da0ec019ac2bc1eed7f
scene_1_2_terminalgain_globalmax_interp_0423,family_01,423,6.912251,7.062562,0.150311,30,2,28,2.9,2.651487,2.625998,1.009706,0.169649,1.696492,1.798105,0.308796,0.130451,1.464323,0.0,scene_1|scene_1.2_y01_dense_strip_y05_2p75|10787|71,scene_1|scene_1.2_y01_dense_strip_y05_2p75|11513|104,cb8dae7c28b8aa5bdeae1621f1e8cea95739d6bb,a15de454e74e946c9a7a28770473c60a3170dd0a
scene_1_2_terminalgain_globalmax_interp_0424,family_01,424,6.912251,7.062562,0.150311,30,2,28,2.9,2.685329,2.625998,1.022593,0.16965,1.696502,1.80266,0.168015,0.080172,2.249252,0.0,scene_1|scene_1.2_y01_dense_strip_y05_2p75|10787|71,scene_1|scene_1.2_y01_dense_strip_y05_2p75|11513|104,1a7fc377249622b44f80c60d729c60b260a5666b,7690abe7a0fd0338623db6363470160d54f235ca
scene_1_2_terminalgain_globalmax_interp_0425,family_01,425,6.912251,7.062562,0.150311,30,2,28,2.9,2.661062,2.625998,1.013353,0.16965,1.696502,1.799224,0.027233,0.029893,1.721152,0.0,scene_1|scene_1.2_y01_dense_strip_y05_2p75|10787|71,scene_1|scene_1.2_y01_dense_strip_y05_2p75|11513|104,9d9384639d68ab1e0e79c69d5d440e3d8ae27908,063a9571051b78d1968f0d15d8d6d6fe04c91bbd
scene_1_2_terminalgain_globalmax_interp_0426,family_01,426,6.912251,7.062562,0.150311,30,2,28,2.9,2.634128,2.625998,1.003096,0.169649,1.696492,1.796337,0.113549,0.020386,0.824094,0.0,scene_1|scene_1.2_y01_dense_strip_y05_2p75|10787|71,scene_1|scene_1.2_y01_dense_strip_y05_2p75|11513|104,f850216ef09a6bec5b62d648bd65df85ee4eaae2,10655e835cd3eaff8540058373b048555e640983
scene_1_2_terminalgain_globalmax_interp_0427,family_01,427,6.912251,7.062562,0.150311,30,2,28,2.9,2.648474,2.625998,1.008559,0.16965,1.696502,1.797747,0.25433,0.070666,1.374201,0.0,scene_1|scene_1.2_y01_dense_strip_y05_2p75|10787|71,scene_1|scene_1.2_y01_dense_strip_y05_2p75|11513|104,c1c11c5c71c401d642de5c55852e2a1dad0f5686,0395f660e5e2fca99c610bafc5f7e3828b9f8220
scene_1_2_terminalgain_globalmax_interp_0428,family_01,428,6.912251,7.062562,0.150311,30,2,28,2.9,2.635876,2.625998,1.003761,0.16965,1.696502,1.796462,0.28064,0.120945,0.908833,0.0,scene_1|scene_1.2_y01_dense_strip_y05_2p75|10787|71,scene_1|scene_1.2_y01_dense_strip_y05_2p75|11513|104,6d146a229db58ea00c8e16cb5a365bb4dad6c129,bc0a0db0d5700f4fec961460a53eeac8f1271fc0
scene_1_2_terminalgain_globalmax_interp_0429,family_01,429,6.912251,7.062562,0.150311,30,2,28,2.9,2.661927,2.625998,1.013682,0.16965,1.696504,1.799283,0.139858,0.171224,1.742189,0.0,scene_1|scene_1.2_y01_dense_strip_y05_2p75|10787|71,scene_1|scene_1.2_y01_dense_strip_y05_2p75|11513|104,ab4e511c3c9edfac971c703df4a5d4758990aa2d,49a7379c311d79dc06ef5d08b8993ed6fc9f11b1
scene_1_2_terminalgain_globalmax_interp_0430,family_01,430,6.912251,7.062562,0.150311,30,2,28,2.9,2.634819,2.625998,1.003359,0.16965,1.696504,1.796331,0.000924,0.172522,0.858384,0.0,scene_1|scene_1.2_y01_dense_strip_y05_2p75|10787|71,scene_1|scene_1.2_y01_dense_strip_y05_2p75|11513|104,aba4de353349f3be19d9d696a461b2edf079007a,f63a7924f7f6a1d5f63c79cedfed2f4329eae881
scene_1_2_terminalgain_globalmax_interp_0431,family_01,431,6.912251,7.062562,0.150311,30,2,28,2.9,2.630137,2.625998,1.001576,0.169649,1.696492,1.795926,0.141705,0.122243,0.587641,0.0,scene_1|scene_1.2_y01_dense_strip_y05_2p75|10787|71,scene_1|scene_1.2_y01_dense_strip_y05_2p75|11513|104,5f574a0de21992b4986f61cd49ebd52b63236cf1,ba5ba02a4d6473603f4ae279ce55bdddbbb2969d
scene_1_2_terminalgain_globalmax_interp_0432,family_01,432,6.912251,7.062562,0.150311,30,2,28,2.9,2.676899,2.625998,1.019383,0.16965,1.696502,1.801323,0.282487,0.071964,2.080152,0.0,scene_1|scene_1.2_y01_dense_strip_y05_2p75|10787|71,scene_1|scene_1.2_y01_dense_strip_y05_2p75|11513|104,6e857ce7a5f872728c168d641dee552aff8e2bff,66b1affdd540694a1b22742c96251955e95ff885
scene_1_2_terminalgain_globalmax_interp_0433,family_01,433,6.912251,7.062562,0.150311,30,2,28,2.9,2.673204,2.625998,1.017976,0.169649,1.696494,1.800728,0.252483,0.021684,2.001522,0.0,scene_1|scene_1.2_y01_dense_strip_y05_2p75|10787|71,scene_1|scene_1.2_y01_dense_strip_y05_2p75|11513|104,3d5da269bb4a4e563a9a95b890d4b214afc40b4f,361011d340971c7c4ae2a28ac8e4613564638461
scene_1_2_terminalgain_globalmax_interp_0434,family_01,434,6.912251,7.062562,0.150311,30,2,28,2.9,2.627291,2.625998,1.000492,0.16965,1.696504,1.795768,0.111702,0.028595,0.328158,0.0,scene_1|scene_1.2_y01_dense_strip_y05_2p75|10787|71,scene_1|scene_1.2_y01_dense_strip_y05_2p75|11513|104,1a787cc5c5d9fa69ac13a1e709d1af2d06e67295,4bfd24de10a239fd42685444768cdad7edfdd4e8
scene_1_2_terminalgain_globalmax_interp_0435,family_01,435,6.912251,7.062562,0.150311,30,2,28,2.9,2.641202,2.625998,1.00579,0.16965,1.696502,1.797002,0.02908,0.078874,1.128369,0.0,scene_1|scene_1.2_y01_dense_strip_y05_2p75|10787|71,scene_1|scene_1.2_y01_dense_strip_y05_2p75|11513|104,78eb7bf8081f416ba8617a5e65b13fcbcb2cbcfc,23e239ce58af5fcda778735febc77f92c424fce4
scene_1_2_terminalgain_globalmax_interp_0436,family_01,436,6.912251,7.062562,0.150311,30,2,28,2.9,2.652212,2.625998,1.009983,0.169649,1.696492,1.79805,0.169862,0.129153,1.484972,0.0,scene_1|scene_1.2_y01_dense_strip_y05_2p75|10787|71,scene_1|scene_1.2_y01_dense_strip_y05_2p75|11513|104,a61a4c94c40436c2a5fcb0df8f097a3158076c0b,69661c9cfb89a126ff5bafc118f81e45193e33a3
scene_1_2_terminalgain_globalmax_interp_0437,family_01,437,6.912251,7.062562,0.150311,30,2,28,2.9,2.639318,2.625998,1.005072,0.169649,1.696494,1.796782,0.310644,0.165339,1.056018,0.0,scene_1|scene_1.2_y01_dense_strip_y05_2p75|10787|71,scene_1|scene_1.2_y01_dense_strip_y05_2p75|11513|104,760bff027a06ebb3a7117fa7e70ed625c3427aeb,1ed6b5b4e03c17d243c4b9986ab180529a369d5f
scene_1_2_terminalgain_globalmax_interp_0438,family_01,438,6.912251,7.062562,0.150311,30,2,28,2.9,2.652855,2.625998,1.010227,0.169649,1.696494,1.798277,0.224328,0.11506,1.503573,0.0,scene_1|scene_1.2_y01_dense_strip_y05_2p75|10787|71,scene_1|scene_1.2_y01_dense_strip_y05_2p75|11513|104,900620c524f60e7d6a846833877d22350fdd7c3e,f6100c810e925e3b8ffda68a5d735f5474fe389f
scene_1_2_terminalgain_globalmax_interp_0439,family_01,439,6.912251,7.062562,0.150311,30,2,28,2.9,2.630501,2.625998,1.001715,0.16965,1.696502,1.795998,0.083546,0.064781,0.612789,0.0,scene_1|scene_1.2_y01_dense_strip_y05_2p75|10787|71,scene_1|scene_1.2_y01_dense_strip_y05_2p75|11513|104,d3a124adcb90122982f2149b61125b087b8e5e95,281516f7e0664368b777fc8cac4471a5e7576697
scene_1_2_terminalgain_globalmax_interp_0440,family_01,440,6.912251,7.062562,0.150311,30,2,28,2.9,2.658489,2.625998,1.012373,0.169649,1.696492,1.798837,0.057237,0.014502,1.65545,0.0,scene_1|scene_1.2_y01_dense_strip_y05_2p75|10787|71,scene_1|scene_1.2_y01_dense_strip_y05_2p75|11513|104,6540136564aeec81698fd4d6b71fab9af9edbfdc,3943b6a1c8c60953f5c80e24d8813cabd2ed0704
scene_1_2_terminalgain_globalmax_interp_0441,family_01,441,6.912251,7.062562,0.150311,30,2,28,2.9,2.689829,2.625998,1.024307,0.16965,1.696502,1.80322,0.198018,0.035778,2.335231,0.0,scene_1|scene_1.2_y01_dense_strip_y05_2p75|10787|71,scene_1|scene_1.2_y01_dense_strip_y05_2p75|11513|104,cb1eac9b66fbf0afd124d7a9cc9acbf46c382654,aa0ced9f51a9a1f4c970fc5cd725021f6c28e109
scene_1_2_terminalgain_globalmax_interp_0442,family_01,442,6.912251,7.062562,0.150311,30,2,28,2.9,2.66136,2.625998,1.013466,0.16965,1.696504,1.799246,0.3388,0.086057,1.72823,0.0,scene_1|scene_1.2_y01_dense_strip_y05_2p75|10787|71,scene_1|scene_1.2_y01_dense_strip_y05_2p75|11513|104,e5f3847f5c971b907bb8b47ae6cb7e715f1db421,e4ef575f2e7040aeaeaa4de759582d28e11aee93
scene_1_2_terminalgain_globalmax_interp_0443,family_01,443,6.912251,7.062562,0.150311,30,2,28,2.9,2.635989,2.625998,1.003805,0.169649,1.696492,1.796465,0.331321,0.136336,0.913723,0.0,scene_1|scene_1.2_y01_dense_strip_y05_2p75|10787|71,scene_1|scene_1.2_y01_dense_strip_y05_2p75|11513|104,eeede877feda15f7f90c1d34b2d50da38be815c3,b285a69395c4212135db1af8957096440053609d
scene_1_2_terminalgain_globalmax_interp_0444,family_01,444,6.912251,7.062562,0.150311,30,2,28,2.9,2.642384,2.625998,1.00624,0.16965,1.696502,1.797127,0.190539,0.158157,1.172075,0.0,scene_1|scene_1.2_y01_dense_strip_y05_2p75|10787|71,scene_1|scene_1.2_y01_dense_strip_y05_2p75|11513|104,0444733376f85acd49eed364aad05378ca18cc75,bcd12c29488614da2f9b51b0b02f47d20dd9891d
scene_1_2_terminalgain_globalmax_interp_0445,family_01,445,6.912251,7.062562,0.150311,30,2,28,2.9,2.66275,2.625998,1.013995,0.169649,1.696494,1.79941,0.049758,0.107877,1.762295,0.0,scene_1|scene_1.2_y01_dense_strip_y05_2p75|10787|71,scene_1|scene_1.2_y01_dense_strip_y05_2p75|11513|104,10e972112507ea920bd08f5391a7c5f06111790d,64e9522fb02cc53f899ed8aef32c8a5a1e563d5f
scene_1_2_terminalgain_globalmax_interp_0446,family_01,446,6.912251,7.062562,0.150311,30,2,28,2.9,2.630472,2.625998,1.001704,0.16965,1.696504,1.796075,0.091024,0.057598,0.611042,0.0,scene_1|scene_1.2_y01_dense_strip_y05_2p75|10787|71,scene_1|scene_1.2_y01_dense_strip_y05_2p75|11513|104,b01b67d89bf7cbef290ea9937cb647dc2dacb2fb,11528f3383bddf2977c85f4a178f2c86199bbb6a
scene_1_2_terminalgain_globalmax_interp_0447,family_01,447,6.912251,7.062562,0.150311,30,2,28,2.9,2.638205,2.625998,1.004648,0.169649,1.696492,1.796636,0.231806,0.007319,1.010423,0.0,scene_1|scene_1.2_y01_dense_strip_y05_2p75|10787|71,scene_1|scene_1.2_y01_dense_strip_y05_2p75|11513|104,c00b8713fb5fd5e650f8832c29abceed6d67d813,56eb23d2f3f2806b0a1feea949484f3fd8e67b9b
scene_1_2_terminalgain_globalmax_interp_0448,family_01,448,6.912251,7.062562,0.150311,30,2,28,2.9,2.661548,2.625998,1.013538,0.169649,1.696492,1.799244,0.303165,0.04296,1.732926,0.0,scene_1|scene_1.2_y01_dense_strip_y05_2p75|10787|71,scene_1|scene_1.2_y01_dense_strip_y05_2p75|11513|104,28d208fbd9d5627ca1ebfcd5bf500890c0034682,094836d7eefdbb26edb6c1ebeab4339b536d27b7
scene_1_2_terminalgain_globalmax_interp_0449,family_01,449,6.912251,7.062562,0.150311,30,2,28,2.9,2.648636,2.625998,1.008621,0.16965,1.696504,1.797651,0.162383,0.09324,1.379139,0.0,scene_1|scene_1.2_y01_dense_strip_y05_2p75|10787|71,scene_1|scene_1.2_y01_dense_strip_y05_2p75|11513|104,5b6dd876bf486358ff7c007ae66fca36a9203533,65093444d01744738f35d3897ab29798d1aa0f1c
scene_1_2_terminalgain_globalmax_interp_0450,family_01,450,6.912251,7.062562,0.150311,30,2,28,2.9,2.649424,2.625998,1.008921,0.169649,1.696494,1.797815,0.021601,0.143519,1.403053,0.0,scene_1|scene_1.2_y01_dense_strip_y05_2p75|10787|71,scene_1|scene_1.2_y01_dense_strip_y05_2p75|11513|104,8f7cfc58a47a5ca3e5af7236ca531d683ebcf4ef,962cd3956c61f417c9e68a8940cac7e491dab3fd
scene_1_2_terminalgain_globalmax_interp_0451,family_01,451,6.912251,7.062562,0.150311,30,2,28,2.9,2.659045,2.625998,1.012585,0.16965,1.696502,1.799018,0.11918,0.150974,1.669953,0.0,scene_1|scene_1.2_y01_dense_strip_y05_2p75|10787|71,scene_1|scene_1.2_y01_dense_strip_y05_2p75|11513|104,7767cb26739f502492265e7765aa2f299cdc346f,3285059e2b447e46b537a439b3c287a0b167a58a
scene_1_2_terminalgain_globalmax_interp_0452,family_01,452,6.912251,7.062562,0.150311,30,2,28,2.9,2.646369,2.625998,1.007757,0.16965,1.696502,1.797512,0.259962,0.100695,1.307605,0.0,scene_1|scene_1.2_y01_dense_strip_y05_2p75|10787|71,scene_1|scene_1.2_y01_dense_strip_y05_2p75|11513|104,9836ed456450d2bf8c75102f8ee5ed1ddb745ef9,03576d795119735336ea714852eb2649b48885c7
scene_1_2_terminalgain_globalmax_interp_0453,family_01,453,6.912251,7.062562,0.150311,30,2,28,2.9,2.642438,2.625998,1.00626,0.16965,1.696504,1.797089,0.275009,0.050415,1.173769,0.0,scene_1|scene_1.2_y01_dense_strip_y05_2p75|10787|71,scene_1|scene_1.2_y01_dense_strip_y05_2p75|11513|104,e0651d177dee041ac29148fb4c0e6eecae8e1f12,579a2db7581529e81af12413df0e551bbc0c381a
scene_1_2_terminalgain_globalmax_interp_0454,family_01,454,6.912251,7.062562,0.150311,30,2,28,2.9,2.650967,2.625998,1.009508,0.169649,1.696492,1.79794,0.134227,0.000136,1.448933,0.0,scene_1|scene_1.2_y01_dense_strip_y05_2p75|10787|71,scene_1|scene_1.2_y01_dense_strip_y05_2p75|11513|104,4802c1f883ce4d8288627659e860ca789bb7f045,4aa2b1d651fe35c8c13f4503ff415471354e5f87
scene_1_2_terminalgain_globalmax_interp_0455,family_01,455,6.912251,7.062562,0.150311,30,2,28,2.9,2.626088,2.625998,1.000034,0.169649,1.696492,1.795672,0.006554,0.050143,0.098032,0.0,scene_1|scene_1.2_y01_dense_strip_y05_2p75|10787|71,scene_1|scene_1.2_y01_dense_strip_y05_2p75|11513|104,d922793aea516991b4f17f70b1d2f3d8bb8a3955,f93de4de38ce25a9e06be2c03eb10c9d58d50eef
scene_1_2_terminalgain_globalmax_interp_0456,family_01,456,6.912251,7.062562,0.150311,30,2,28,2.9,2.67282,2.625998,1.01783,0.16965,1.696502,1.800812,0.147337,0.100422,1.993291,0.0,scene_1|scene_1.2_y01_dense_strip_y05_2p75|10787|71,scene_1|scene_1.2_y01_dense_strip_y05_2p75|11513|104,2281f676842947d01726d0995c83f13abc12864c,fbc5463e7e087125f40e8b170c9a4ae9b6f16ebb
scene_1_2_terminalgain_globalmax_interp_0457,family_01,457,6.912251,7.062562,0.150311,30,2,28,2.9,2.665611,2.625998,1.015085,0.16965,1.696502,1.799787,0.288119,0.150702,1.830729,0.0,scene_1|scene_1.2_y01_dense_strip_y05_2p75|10787|71,scene_1|scene_1.2_y01_dense_strip_y05_2p75|11513|104,e17329d23cb1965ab4bda6d185441bb56ba33233,d887f328543e92d284d8bbe053895ed8e111151f
scene_1_2_terminalgain_globalmax_interp_0458,family_01,458,6.912251,7.062562,0.150311,30,2,28,2.9,2.627409,2.625998,1.000537,0.169649,1.696492,1.795663,0.246852,0.143791,0.343054,0.0,scene_1|scene_1.2_y01_dense_strip_y05_2p75|10787|71,scene_1|scene_1.2_y01_dense_strip_y05_2p75|11513|104,0c24bcfdc951531379495996bf578d63cd48328a,134800f6fe8d19fb85b0f5ce0f29e92e9a68151b
scene_1_2_terminalgain_globalmax_interp_0459,family_01,459,6.912251,7.062562,0.150311,30,2,28,2.9,2.659065,2.625998,1.012592,0.169649,1.696492,1.798926,0.106071,0.093512,1.670329,0.0,scene_1|scene_1.2_y01_dense_strip_y05_2p75|10787|71,scene_1|scene_1.2_y01_dense_strip_y05_2p75|11513|104,7aeb98b90f50246b45ed1942b09ccac0e9ea890d,b643e2d12733dc8661c2447e18049fad76ca9126
scene_1_2_terminalgain_globalmax_interp_0460,family_01,460,6.912251,7.062562,0.150311,30,2,28,2.9,2.662337,2.625998,1.013838,0.16965,1.696504,1.799363,0.034711,0.043233,1.752316,0.0,scene_1|scene_1.2_y01_dense_strip_y05_2p75|10787|71,scene_1|scene_1.2_y01_dense_strip_y05_2p75|11513|104,6f29765d5eab0de51ad659cc7d9a358515a6c129,c6baa66792e7163230eccfa6103c779221a31cbd
scene_1_2_terminalgain_globalmax_interp_0461,family_01,461,6.912251,7.062562,0.150311,30,2,28,2.9,2.644391,2.625998,1.007004,0.16965,1.696502,1.797321,0.175493,0.007047,1.24211,0.0,scene_1|scene_1.2_y01_dense_strip_y05_2p75|10787|71,scene_1|scene_1.2_y01_dense_strip_y05_2p75|11513|104,212957fb920abd513dffa7bc8e01785bfe416d78,4925ca43d6f8ea95f39b8af49944df8ac8231b12
scene_1_2_terminalgain_globalmax_interp_0462,family_01,462,6.912251,7.062562,0.150311,30,2,28,2.9,2.63781,2.625998,1.004498,0.16965,1.696502,1.796683,0.316274,0.057326,0.993906,0.0,scene_1|scene_1.2_y01_dense_strip_y05_2p75|10787|71,scene_1|scene_1.2_y01_dense_strip_y05_2p75|11513|104,69f6f7a4bea3ae989e31c16ec54aa82a0dc02d7f,0359cddc7d6f02d9f3a4de230fb3a8c3331976c5
scene_1_2_terminalgain_globalmax_interp_0463,family_01,463,6.912251,7.062562,0.150311,30,2,28,2.9,2.641305,2.625998,1.005829,0.169649,1.696494,1.796926,0.218696,0.107605,1.132435,0.0,scene_1|scene_1.2_y01_dense_strip_y05_2p75|10787|71,scene_1|scene_1.2_y01_dense_strip_y05_2p75|11513|104,b62b06030a3290af47bad22668d432d82de3a045,4261b0711f8bfc69d74ac64299fd19fe35c8ef00
scene_1_2_terminalgain_globalmax_interp_0464,family_01,464,6.912251,7.062562,0.150311,30,2,28,2.9,2.64917,2.625998,1.008824,0.169649,1.696494,1.797834,0.077914,0.157884,1.395488,0.0,scene_1|scene_1.2_y01_dense_strip_y05_2p75|10787|71,scene_1|scene_1.2_y01_dense_strip_y05_2p75|11513|104,c6142f24972c61576babcbf07b52ce7788e2b5be,1e735b895fa74ddbb8816268dcac748f0b1f9c73
scene_1_2_terminalgain_globalmax_interp_0465,family_01,465,6.912251,7.062562,0.150311,30,2,28,2.9,2.66751,2.625998,1.015808,0.169649,1.696492,1.799948,0.062867,0.136608,1.874761,0.0,scene_1|scene_1.2_y01_dense_strip_y05_2p75|10787|71,scene_1|scene_1.2_y01_dense_strip_y05_2p75|11513|104,0ee4140a6a563ae155f06f2d5b499ecb241efe9e,d39dee7b7db4748da066fdc9d8c912f6288a09da
scene_1_2_terminalgain_globalmax_interp_0466,family_01,466,6.912251,7.062562,0.150311,30,2,28,2.9,2.632977,2.625998,1.002657,0.169649,1.696492,1.796197,0.203649,0.086329,0.763362,0.0,scene_1|scene_1.2_y01_dense_strip_y05_2p75|10787|71,scene_1|scene_1.2_y01_dense_strip_y05_2p75|11513|104,a30b74749a69f7aa34c38a3ff1b098891028766c,28fe58e952af40ddb4ed8748625b62fbca2e1468
scene_1_2_terminalgain_globalmax_interp_0467,family_01,467,6.912251,7.062562,0.150311,30,2,28,2.9,2.632174,2.625998,1.002352,0.16965,1.696504,1.79611,0.344431,0.03605,0.71803,0.0,scene_1|scene_1.2_y01_dense_strip_y05_2p75|10787|71,scene_1|scene_1.2_y01_dense_strip_y05_2p75|11513|104,5898e5295a64e728f44f181f7db134ffbd0ab257,05eff60eda4583846f43d8c0f1679ddf99a5927c
scene_1_2_terminalgain_globalmax_interp_0468,family_01,468,6.912251,7.062562,0.150311,30,2,28,2.9,2.672892,2.625998,1.017858,0.169649,1.696494,1.800746,0.32569,0.014229,1.99486,0.0,scene_1|scene_1.2_y01_dense_strip_y05_2p75|10787|71,scene_1|scene_1.2_y01_dense_strip_y05_2p75|11513|104,da5a48851e5666dc754b57d6df0e47dfaf79d3d9,2ce554f15ad061388c36831fde6ceea5cfa4a60b
scene_1_2_terminalgain_globalmax_interp_0469,family_01,469,6.912251,7.062562,0.150311,30,2,28,2.9,2.670701,2.625998,1.017023,0.16965,1.696502,1.800409,0.184909,0.064509,1.94679,0.0,scene_1|scene_1.2_y01_dense_strip_y05_2p75|10787|71,scene_1|scene_1.2_y01_dense_strip_y05_2p75|11513|104,c06d95c4ce48e54759455c4cef7abca76940cb99,ba7d4ee8112d645059011c875cdba461a16a821b
scene_1_2_terminalgain_globalmax_interp_0470,family_01,470,6.912251,7.062562,0.150311,30,2,28,2.9,2.635939,2.625998,1.003786,0.169649,1.696492,1.796392,0.044127,0.114788,0.911666,0.0,scene_1|scene_1.2_y01_dense_strip_y05_2p75|10787|71,scene_1|scene_1.2_y01_dense_strip_y05_2p75|11513|104,83004e6e3202cf08205ba9dca7e739832ad1bf8c,f7954c8a5955ca8b1aec4ad7fa7d4685175a27e0
scene_1_2_terminalgain_globalmax_interp_0471,family_01,471,6.912251,7.062562,0.150311,30,2,28,2.9,2.630906,2.625998,1.001869,0.16965,1.696504,1.796069,0.096655,0.165067,0.639931,0.0,scene_1|scene_1.2_y01_dense_strip_y05_2p75|10787|71,scene_1|scene_1.2_y01_dense_strip_y05_2p75|11513|104,08dea813404d0579f3b7b3b60f9bf1b9034d382f,b665a80b488337c71ad81db5c221b8c23db1c4a9
scene_1_2_terminalgain_globalmax_interp_0472,family_01,472,6.912251,7.062562,0.150311,30,2,28,2.9,2.676199,2.625998,1.019117,0.16965,1.696502,1.801206,0.237437,0.129426,2.065608,0.0,scene_1|scene_1.2_y01_dense_strip_y05_2p75|10787|71,scene_1|scene_1.2_y01_dense_strip_y05_2p75|11513|104,3354d669f536b4fa8676359faf9cb9963771ee91,c835d5d17abbbce5e02808bd77431f272fdb19b9
scene_1_2_terminalgain_globalmax_interp_0473,family_01,473,6.912251,7.062562,0.150311,30,2,28,2.9,2.653911,2.625998,1.010629,0.169649,1.696492,1.798307,0.297534,0.079146,1.532884,0.0,scene_1|scene_1.2_y01_dense_strip_y05_2p75|10787|71,scene_1|scene_1.2_y01_dense_strip_y05_2p75|11513|104,29141247858b662402de35d31c095f6b9d634a08,7389273c150b183dc434b0f7ae3b7bf5c9d21f2d
scene_1_2_terminalgain_globalmax_interp_0474,family_01,474,6.912251,7.062562,0.150311,30,2,28,2.9,2.638755,2.625998,1.004858,0.16965,1.696502,1.796748,0.156752,0.028867,1.032951,0.0,scene_1|scene_1.2_y01_dense_strip_y05_2p75|10787|71,scene_1|scene_1.2_y01_dense_strip_y05_2p75|11513|104,ed2a29c1c175b674702469e38b0911caa329d111,c769b24527c858702cda3c5dae09f04c12cb758f
scene_1_2_terminalgain_globalmax_interp_0475,family_01,475,6.912251,7.062562,0.150311,30,2,28,2.9,2.641111,2.625998,1.005755,0.169649,1.696494,1.797,0.01597,0.021412,1.124972,0.0,scene_1|scene_1.2_y01_dense_strip_y05_2p75|10787|71,scene_1|scene_1.2_y01_dense_strip_y05_2p75|11513|104,a99ee2bd770333bdf62a0a84068f14699b2e11f7,f7f25b3eed9746c209aa039411e4cac389bf6104
scene_1_2_terminalgain_globalmax_interp_0476,family_01,476,6.912251,7.062562,0.150311,30,2,28,2.9,2.64036,2.625998,1.005469,0.169649,1.696494,1.796963,0.124811,0.071691,1.096761,0.0,scene_1|scene_1.2_y01_dense_strip_y05_2p75|10787|71,scene_1|scene_1.2_y01_dense_strip_y05_2p75|11513|104,483cbc98a18442633b9bd285e6a9bfb9261b99f3,7cef70bcf32475c7e0bc54018b39ead2cc7b3423
scene_1_2_terminalgain_globalmax_interp_0477,family_01,477,6.912251,7.062562,0.150311,30,2,28,2.9,2.663247,2.625998,1.014185,0.169649,1.696492,1.799458,0.265593,0.121971,1.774441,0.0,scene_1|scene_1.2_y01_dense_strip_y05_2p75|10787|71,scene_1|scene_1.2_y01_dense_strip_y05_2p75|11513|104,888c64071be097041d255433b37c800ec8ebf1da,ae87f40ffcc4c2ed5b343df5f3223f26273a843a
scene_1_2_terminalgain_globalmax_interp_0478,family_01,478,6.912251,7.062562,0.150311,30,2,28,2.9,2.659297,2.625998,1.012681,0.16965,1.696502,1.798999,0.269377,0.17225,1.676209,0.0,scene_1|scene_1.2_y01_dense_strip_y05_2p75|10787|71,scene_1|scene_1.2_y01_dense_strip_y05_2p75|11513|104,38bf0a2f66668b3d237cf58d19ce124104c71a99,8855f161e9d1a4cc7e384b6be19da8f5591eaef4
scene_1_2_terminalgain_globalmax_interp_0479,family_01,479,6.912251,7.062562,0.150311,30,2,28,2.9,2.628522,2.625998,1.000961,0.16965,1.696504,1.795833,0.128596,0.171496,0.458794,0.0,scene_1|scene_1.2_y01_dense_strip_y05_2p75|10787|71,scene_1|scene_1.2_y01_dense_strip_y05_2p75|11513|104,eb976d0d00b1cbe2700f49ef85dd11b2223fe006,ba51e3651ff9a89739e5523e9bb7924ad1f79cef
scene_1_2_terminalgain_globalmax_interp_0480,family_01,480,6.912251,7.062562,0.150311,30,2,28,2.9,2.659492,2.625998,1.012755,0.169649,1.696494,1.799013,0.012186,0.121217,1.681386,0.0,scene_1|scene_1.2_y01_dense_strip_y05_2p75|10787|71,scene_1|scene_1.2_y01_dense_strip_y05_2p75|11513|104,893504fc8d053f8991e5c8b81a7bd2d7212b138d,33448be401b24153753ca9bfee7a48d45e12951c
scene_1_2_terminalgain_globalmax_interp_0481,family_01,481,6.912251,7.062562,0.150311,30,2,28,2.9,2.662411,2.625998,1.013866,0.16965,1.696502,1.799443,0.152968,0.070938,1.754296,0.0,scene_1|scene_1.2_y01_dense_strip_y05_2p75|10787|71,scene_1|scene_1.2_y01_dense_strip_y05_2p75|11513|104,43e35d38acafab27555195484d1e4ca8e6d3ff30,ff4f36ea24bc35056bbc977c872833b5e1d85da3
scene_1_2_terminalgain_globalmax_interp_0482,family_01,482,6.912251,7.062562,0.150311,30,2,28,2.9,2.62812,2.625998,1.000808,0.169649,1.696492,1.795836,0.293749,0.020659,0.420509,0.0,scene_1|scene_1.2_y01_dense_strip_y05_2p75|10787|71,scene_1|scene_1.2_y01_dense_strip_y05_2p75|11513|104,f03e091c49197848de64169a51bf3b43a500e9f1,db89bcb01077031848b023df859d9a994ffe3ece
scene_1_2_terminalgain_globalmax_interp_0483,family_01,483,6.912251,7.062562,0.150311,30,2,28,2.9,2.643886,2.625998,1.006812,0.169649,1.696494,1.797311,0.241221,0.029621,1.224587,0.0,scene_1|scene_1.2_y01_dense_strip_y05_2p75|10787|71,scene_1|scene_1.2_y01_dense_strip_y05_2p75|11513|104,a0aaa81c84ce6282a739d424683965d53a2aa895,906fd1ac0eda62dd7d122b7e9c61bd209dfb0baa
scene_1_2_terminalgain_globalmax_interp_0484,family_01,484,6.912251,7.062562,0.150311,30,2,28,2.9,2.65289,2.625998,1.010241,0.16965,1.696504,1.798273,0.100439,0.0799,1.504569,0.0,scene_1|scene_1.2_y01_dense_strip_y05_2p75|10787|71,scene_1|scene_1.2_y01_dense_strip_y05_2p75|11513|104,d0fa5db31824d6e24a6de660c05b49aadf88ba5a,7f35beed8fcaf420e19187635f1c1ea34c68b397
scene_1_2_terminalgain_globalmax_interp_0485,family_01,485,6.912251,7.062562,0.150311,30,2,28,2.9,2.636868,2.625998,1.004139,0.16965,1.696502,1.79659,0.040343,0.130179,0.953536,0.0,scene_1|scene_1.2_y01_dense_strip_y05_2p75|10787|71,scene_1|scene_1.2_y01_dense_strip_y05_2p75|11513|104,11891621ef2e1228dbc66940ed602ff0847e9638,1b713eb244a0772d4334df23843fce4ab31b45c8
scene_1_2_terminalgain_globalmax_interp_0486,family_01,486,6.912251,7.062562,0.150311,30,2,28,2.9,2.662141,2.625998,1.013763,0.16965,1.696502,1.799281,0.181124,0.164313,1.74746,0.0,scene_1|scene_1.2_y01_dense_strip_y05_2p75|10787|71,scene_1|scene_1.2_y01_dense_strip_y05_2p75|11513|104,a7412698de60ca699dcf985bcad33405534c0b00,9b2b7839ce4066daa0e78edca249fe8efb457ae8
scene_1_2_terminalgain_globalmax_interp_0487,family_01,487,6.912251,7.062562,0.150311,30,2,28,2.9,2.650079,2.625998,1.00917,0.169649,1.696492,1.797923,0.321906,0.114034,1.422606,0.0,scene_1|scene_1.2_y01_dense_strip_y05_2p75|10787|71,scene_1|scene_1.2_y01_dense_strip_y05_2p75|11513|104,72338e4c4add4d147bcc0dd1370aac53c9e9014b,9df4bca80bd77c563086277b296948814592a330
scene_1_2_terminalgain_globalmax_interp_0488,family_01,488,6.912251,7.062562,0.150311,30,2,28,2.9,2.661788,2.625998,1.013629,0.16965,1.696502,1.799397,0.213064,0.063755,1.739089,0.0,scene_1|scene_1.2_y01_dense_strip_y05_2p75|10787|71,scene_1|scene_1.2_y01_dense_strip_y05_2p75|11513|104,7c5b40d8a7fda1afaee8f8addfa52084bca57eb5,972e145df5897bc2382cd437d50a49083d3f4996
scene_1_2_terminalgain_globalmax_interp_0489,family_01,489,6.912251,7.062562,0.150311,30,2,28,2.9,2.670221,2.625998,1.016841,0.169649,1.696492,1.800356,0.072283,0.013476,1.936112,0.0,scene_1|scene_1.2_y01_dense_strip_y05_2p75|10787|71,scene_1|scene_1.2_y01_dense_strip_y05_2p75|11513|104,a892607e96cfb8c045f78a471de7b3cde716cc68,e543d3dc273b66e98c2ceade012cb08389f80e49
scene_1_2_terminalgain_globalmax_interp_0490,family_01,490,6.912251,7.062562,0.150311,30,2,28,2.9,2.638883,2.625998,1.004907,0.16965,1.696502,1.796685,0.068499,0.036803,1.038156,0.0,scene_1|scene_1.2_y01_dense_strip_y05_2p75|10787|71,scene_1|scene_1.2_y01_dense_strip_y05_2p75|11513|104,08ce59d6533b14994dd968c53adff49ab98d2659,8b589664c16ab684c0208428f6c9d10c4ab66b17
scene_1_2_terminalgain_globalmax_interp_0491,family_01,491,6.912251,7.062562,0.150311,30,2,28,2.9,2.63496,2.625998,1.003413,0.16965,1.696502,1.796401,0.209281,0.087083,0.865446,0.0,scene_1|scene_1.2_y01_dense_strip_y05_2p75|10787|71,scene_1|scene_1.2_y01_dense_strip_y05_2p75|11513|104,7753f358456c4ebf37eb45b22f83b5335027c8ab,3e6caded4fe65fb868d5a71a384ea2d467871e7a
scene_1_2_terminalgain_globalmax_interp_0492,family_01,492,6.912251,7.062562,0.150311,30,2,28,2.9,2.654173,2.625998,1.010729,0.169649,1.696494,1.798419,0.350062,0.137362,1.540586,0.0,scene_1|scene_1.2_y01_dense_strip_y05_2p75|10787|71,scene_1|scene_1.2_y01_dense_strip_y05_2p75|11513|104,b38a5d83d3c223b5a3a4570985e6371237db8959,7cff06df1e851b90cd27ff987b54e9e1e960fdb1
scene_1_2_terminalgain_globalmax_interp_0493,family_01,493,6.912251,7.062562,0.150311,30,2,28,2.9,2.650868,2.625998,1.009471,0.169649,1.696492,1.797995,0.347089,0.157131,1.445985,0.0,scene_1|scene_1.2_y01_dense_strip_y05_2p75|10787|71,scene_1|scene_1.2_y01_dense_strip_y05_2p75|11513|104,944e4ce09ee252eab60ca904caaa33017e8b0810,bb84fc634c7a89f88bdf145612bc86f55209894f
scene_1_2_terminalgain_globalmax_interp_0494,family_01,494,6.912251,7.062562,0.150311,30,2,28,2.9,2.631323,2.625998,1.002028,0.169649,1.696492,1.796058,0.206308,0.106851,0.666591,0.0,scene_1|scene_1.2_y01_dense_strip_y05_2p75|10787|71,scene_1|scene_1.2_y01_dense_strip_y05_2p75|11513|104,7013f47ea09f0fc8ef21f1130de1cc0101d2a329,9c56bc31a9dd9b2bbecac3b9e7cd2783f24440d4
scene_1_2_terminalgain_globalmax_interp_0495,family_01,495,6.912251,7.062562,0.150311,30,2,28,2.9,2.660517,2.625998,1.013145,0.16965,1.696504,1.79909,0.065526,0.056572,1.706903,0.0,scene_1|scene_1.2_y01_dense_strip_y05_2p75|10787|71,scene_1|scene_1.2_y01_dense_strip_y05_2p75|11513|104,6d48e3db3d17e03617c80ddda86b963e03c64a3b,e2ce235687dc445aca2fb16d577111f07e364910
scene_1_2_terminalgain_globalmax_interp_0496,family_01,496,6.912251,7.062562,0.150311,30,2,28,2.9,2.677523,2.625998,1.019621,0.16965,1.696504,1.801439,0.075257,0.006293,2.092925,0.0,scene_1|scene_1.2_y01_dense_strip_y05_2p75|10787|71,scene_1|scene_1.2_y01_dense_strip_y05_2p75|11513|104,aaf10a681101c68a1880696321716ca8b24e3858,241639fd49b1e25eba3ac49173a7d61c813fb016
scene_1_2_terminalgain_globalmax_interp_0497,family_01,497,6.912251,7.062562,0.150311,30,2,28,2.9,2.65569,2.625998,1.011307,0.16965,1.696502,1.798519,0.216038,0.043986,1.581764,0.0,scene_1|scene_1.2_y01_dense_strip_y05_2p75|10787|71,scene_1|scene_1.2_y01_dense_strip_y05_2p75|11513|104,15842279130f45eff49b8394259052685b90d0cd,18ef1275b1d10b2d3dda90e41a430db4a629ae3c
scene_1_2_terminalgain_globalmax_interp_0498,family_01,498,6.912251,7.062562,0.150311,30,2,28,2.9,2.631997,2.625998,1.002284,0.16965,1.696502,1.796136,0.318933,0.094265,0.70765,0.0,scene_1|scene_1.2_y01_dense_strip_y05_2p75|10787|71,scene_1|scene_1.2_y01_dense_strip_y05_2p75|11513|104,66cb8f400f7c5ca35c86f2a09e3c85ec07c69cd2,5838e70ab3e69bef6130dbf47de9a9bac0eb8ef6
scene_1_2_terminalgain_globalmax_interp_0499,family_01,499,6.912251,7.062562,0.150311,30,2,28,2.9,2.649534,2.625998,1.008963,0.169649,1.696494,1.797829,0.178151,0.144545,1.406507,0.0,scene_1|scene_1.2_y01_dense_strip_y05_2p75|10787|71,scene_1|scene_1.2_y01_dense_strip_y05_2p75|11513|104,81c5a8b367fc23fd49d287f991508eeee2e5b7b5,1d97bf1f4770fef3bde9eed1274ad4847cc62a0b
scene_1_2_terminalgain_globalmax_interp_0500,family_01,500,6.912251,7.062562,0.150311,30,2,28,2.9,2.64029,2.625998,1.005442,0.16965,1.696504,1.796834,0.037369,0.149948,1.094252,0.0,scene_1|scene_1.2_y01_dense_strip_y05_2p75|10787|71,scene_1|scene_1.2_y01_dense_strip_y05_2p75|11513|104,3fb328e8b06742c5a64d2fc01dffd63352c4ac6b,55e50ca3555cef4365e237b70080b911b0e2d393
scene_1_2_terminalgain_globalmax_interp_0501,family_02,1,6.901432,7.062562,0.16113,30,2,28,2.9,2.625998,2.625998,1.0,0.16965,1.696504,1.795585,0.0,0.0,0.023755,0.0,scene_1|scene_1.2_y01_dense_strip_y05_2p75|12195|135,scene_1|scene_1.2_y01_dense_strip_y05_2p75|11513|104,e4848d343bcabe8ad18b4595066f125bb65b92ef,7e07e99a432869efb43561ce4d115b534f4e33bf
scene_1_2_terminalgain_globalmax_interp_0502,family_02,2,6.901432,7.062562,0.16113,30,2,28,2.9,2.684003,2.625998,1.022089,0.16965,1.696504,1.802399,0.126199,0.001222,2.223577,0.0,scene_1|scene_1.2_y01_dense_strip_y05_2p75|12195|135,scene_1|scene_1.2_y01_dense_strip_y05_2p75|11513|104,25f5a1313c9f77c6295a483b55061fc03951a6e8,e9a4af9f25571e1be3d0da5e45211375b49121d3
scene_1_2_terminalgain_globalmax_interp_0503,family_02,3,6.901432,7.062562,0.16113,30,2,28,2.9,2.628554,2.625998,1.000973,0.169649,1.696494,1.795849,0.014583,0.049058,0.461555,0.0,scene_1|scene_1.2_y01_dense_strip_y05_2p75|12195|135,scene_1|scene_1.2_y01_dense_strip_y05_2p75|11513|104,69501cd9e8420b1f6ff07f146c0b26de0990689d,93740e9f76b7b705b088156b71e7cee17976c232
scene_1_2_terminalgain_globalmax_interp_0504,family_02,4,6.901432,7.062562,0.16113,30,2,28,2.9,2.638076,2.625998,1.004599,0.169649,1.696492,1.796715,0.155365,0.099337,1.004827,0.0,scene_1|scene_1.2_y01_dense_strip_y05_2p75|12195|135,scene_1|scene_1.2_y01_dense_strip_y05_2p75|11513|104,53144dc3d2b6d2b9d3a175ce98a9a99885fe645d,35b437e21c968807e89ebd5d2a9a5b211f83ee01
scene_1_2_terminalgain_globalmax_interp_0505,family_02,5,6.901432,7.062562,0.16113,30,2,28,2.9,2.655722,2.625998,1.011319,0.16965,1.696502,1.798597,0.296146,0.149616,1.582727,0.0,scene_1|scene_1.2_y01_dense_strip_y05_2p75|12195|135,scene_1|scene_1.2_y01_dense_strip_y05_2p75|11513|104,a2cd18c775e275495808b2b228295e0c8e260d62,8052ca0062ac25fed9f39e28d87bd0b4917c9865
scene_1_2_terminalgain_globalmax_interp_0506,family_02,6,6.901432,7.062562,0.16113,30,2,28,2.9,2.641259,2.625998,1.005811,0.16965,1.696504,1.79705,0.238825,0.144877,1.130901,0.0,scene_1|scene_1.2_y01_dense_strip_y05_2p75|12195|135,scene_1|scene_1.2_y01_dense_strip_y05_2p75|11513|104,a4344f926de178a464e137a56a1b2e28c724e2ef,089337945f4968d21cb1318f3483c94b0eafb687
scene_1_2_terminalgain_globalmax_interp_0507,family_02,7,6.901432,7.062562,0.16113,30,2,28,2.9,2.644954,2.625998,1.007219,0.16965,1.696502,1.797457,0.098043,0.094597,1.261186,0.0,scene_1|scene_1.2_y01_dense_strip_y05_2p75|12195|135,scene_1|scene_1.2_y01_dense_strip_y05_2p75|11513|104,9e2374bc1f066cd744fbedaebc7765f4b896f64b,317eda39fa225bc5064f7adbfd1767e74019a414
scene_1_2_terminalgain_globalmax_interp_0508,family_02,8,6.901432,7.062562,0.16113,30,2,28,2.9,2.634772,2.625998,1.003341,0.169649,1.696492,1.796346,0.04274,0.044318,0.856375,0.0,scene_1|scene_1.2_y01_dense_strip_y05_2p75|12195|135,scene_1|scene_1.2_y01_dense_strip_y05_2p75|11513|104,1036e41aa8a0db8983ae7246a4e766eb92bac4d6,f605e1dfddaa8facf841c24d0166392166ff5623
scene_1_2_terminalgain_globalmax_interp_0509,family_02,9,6.901432,7.062562,0.16113,30,2,28,2.9,2.652905,2.625998,1.010246,0.16965,1.696502,1.798229,0.183521,0.005961,1.504974,0.0,scene_1|scene_1.2_y01_dense_strip_y05_2p75|12195|135,scene_1|scene_1.2_y01_dense_strip_y05_2p75|11513|104,7ecffedc0266a384deb1c9411f98fcc443c52228,701bc10b23653f08444cf91ee196c6a2e493dbe2
scene_1_2_terminalgain_globalmax_interp_0510,family_02,10,6.901432,7.062562,0.16113,30,2,28,2.9,2.673586,2.625998,1.018122,0.169649,1.696494,1.800867,0.324303,0.05624,2.009623,0.0,scene_1|scene_1.2_y01_dense_strip_y05_2p75|12195|135,scene_1|scene_1.2_y01_dense_strip_y05_2p75|11513|104,fc16529beb9bf56a5f74b0e9a45009b39d6fc6ec,27c6db6f92550e40ea0b459e30a81fd6da7924cc
scene_1_2_terminalgain_globalmax_interp_0511,family_02,11,6.901432,7.062562,0.16113,30,2,28,2.9,2.652909,2.625998,1.010248,0.169649,1.696494,1.798237,0.345818,0.10652,1.504908,0.0,scene_1|scene_1.2_y01_dense_strip_y05_2p75|12195|135,scene_1|scene_1.2_y01_dense_strip_y05_2p75|11513|104,9167f942ad65c7e46f8cd26a79a0b99de73fdbce,cf947ca3b9235c8c7c482ee2e0b4cd89c62c75f6
scene_1_2_terminalgain_globalmax_interp_0512,family_02,12,6.901432,7.062562,0.16113,30,2,28,2.9,2.629861,2.625998,1.001471,0.16965,1.696502,1.795984,0.205037,0.156799,0.567666,0.0,scene_1|scene_1.2_y01_dense_strip_y05_2p75|12195|135,scene_1|scene_1.2_y01_dense_strip_y05_2p75|11513|104,fe644f4fa8a7860fdca31933c8349833b1cf7892,198f253f0d30e1da668807001bf707798d507c82
scene_1_2_terminalgain_globalmax_interp_0513,family_02,13,6.901432,7.062562,0.16113,30,2,28,2.9,2.653181,2.625998,1.010352,0.169649,1.696492,1.798285,0.064255,0.137694,1.512609,0.0,scene_1|scene_1.2_y01_dense_strip_y05_2p75|12195|135,scene_1|scene_1.2_y01_dense_strip_y05_2p75|11513|104,3078157b5a5b87f9aee68ce170330c024799f567,bcb3e219adf291ea358da2b8505fc7fd0884c9ab
scene_1_2_terminalgain_globalmax_interp_0514,family_02,14,6.901432,7.062562,0.16113,30,2,28,2.9,2.649557,2.625998,1.008971,0.16965,1.696502,1.797889,0.076527,0.087415,1.407165,0.0,scene_1|scene_1.2_y01_dense_strip_y05_2p75|12195|135,scene_1|scene_1.2_y01_dense_strip_y05_2p75|11513|104,106f3c4e771ac4d0665618ce31ff25cf8ed5912a,813343080c38dc9c226b080b58647661564e4b55
scene_1_2_terminalgain_globalmax_interp_0515,family_02,15,6.901432,7.062562,0.16113,30,2,28,2.9,2.63408,2.625998,1.003078,0.169649,1.696492,1.796282,0.217308,0.037135,0.821605,0.0,scene_1|scene_1.2_y01_dense_strip_y05_2p75|12195|135,scene_1|scene_1.2_y01_dense_strip_y05_2p75|11513|104,7c267a28ebf897440c26b66b82d8377a14d51d41,2fcc929289cf1c7503b0d524bb919b14568bc6bb
scene_1_2_terminalgain_globalmax_interp_0516,family_02,16,6.901432,7.062562,0.16113,30,2,28,2.9,2.644267,2.625998,1.006957,0.16965,1.696504,1.797322,0.317662,0.013144,1.23777,0.0,scene_1|scene_1.2_y01_dense_strip_y05_2p75|12195|135,scene_1|scene_1.2_y01_dense_strip_y05_2p75|11513|104,df1303862ae8c8be03db443244a0cf7d68ad290b,012c53cf24e265e162c5c22b7ee0e2c701cb6011
scene_1_2_terminalgain_globalmax_interp_0517,family_02,17,6.901432,7.062562,0.16113,30,2,28,2.9,2.665014,2.625998,1.014857,0.16965,1.696504,1.799786,0.17688,0.063423,1.816887,0.0,scene_1|scene_1.2_y01_dense_strip_y05_2p75|12195|135,scene_1|scene_1.2_y01_dense_strip_y05_2p75|11513|104,b9797a2fe5da416393ea56307e97a60ed2920743,2a8a869d6eae593f758117a971a57ade8df5b828
scene_1_2_terminalgain_globalmax_interp_0518,family_02,18,6.901432,7.062562,0.16113,30,2,28,2.9,2.662673,2.625998,1.013966,0.169649,1.696494,1.799402,0.036098,0.113702,1.760785,0.0,scene_1|scene_1.2_y01_dense_strip_y05_2p75|12195|135,scene_1|scene_1.2_y01_dense_strip_y05_2p75|11513|104,66a179df8333066854704308ba2f2ab05206f331,e027393ae347c80de25f41a8313286ee3b758c9d
scene_1_2_terminalgain_globalmax_interp_0519,family_02,19,6.901432,7.062562,0.16113,30,2,28,2.9,2.657185,2.625998,1.011876,0.169649,1.696494,1.798706,0.104683,0.163982,1.621533,0.0,scene_1|scene_1.2_y01_dense_strip_y05_2p75|12195|135,scene_1|scene_1.2_y01_dense_strip_y05_2p75|11513|104,2bbae24eabe96c07ec8b1e5d0a148141a2fadf60,cf3a13ecc44f32d9bc588b2199a83dc7dcf4c973
scene_1_2_terminalgain_globalmax_interp_0520,family_02,20,6.901432,7.062562,0.16113,30,2,28,2.9,2.667058,2.625998,1.015636,0.16965,1.696502,1.799979,0.245465,0.130511,1.864427,0.0,scene_1|scene_1.2_y01_dense_strip_y05_2p75|12195|135,scene_1|scene_1.2_y01_dense_strip_y05_2p75|11513|104,38e38c4dbe123b0f1368b97148eb5300f9e39198,3f416050630b32a8a86e0a53f36a87005abb9b5a
scene_1_2_terminalgain_globalmax_interp_0521,family_02,21,6.901432,7.062562,0.16113,30,2,28,2.9,2.638815,2.625998,1.004881,0.169649,1.696492,1.796714,0.289506,0.080232,1.035492,0.0,scene_1|scene_1.2_y01_dense_strip_y05_2p75|12195|135,scene_1|scene_1.2_y01_dense_strip_y05_2p75|11513|104,c7ab8be90d0a1530ac029ea2b9d2bf305dd4e849,00f09a356b737e7234853b9f4235b344a54cdfde
scene_1_2_terminalgain_globalmax_interp_0522,family_02,22,6.901432,7.062562,0.16113,30,2,28,2.9,2.64988,2.625998,1.009094,0.16965,1.696502,1.79793,0.148725,0.029953,1.41703,0.0,scene_1|scene_1.2_y01_dense_strip_y05_2p75|12195|135,scene_1|scene_1.2_y01_dense_strip_y05_2p75|11513|104,b9897ec19ced3ecbcc3f68abbb70b1212283a98b,3a5ee83c010abdca7caebb6b7abecaebbaaf9c19
scene_1_2_terminalgain_globalmax_interp_0523,family_02,23,6.901432,7.062562,0.16113,30,2,28,2.9,2.648211,2.625998,1.008459,0.169649,1.696492,1.797734,0.007943,0.020327,1.365757,0.0,scene_1|scene_1.2_y01_dense_strip_y05_2p75|12195|135,scene_1|scene_1.2_y01_dense_strip_y05_2p75|11513|104,2325f9ed592beb29f63a489e88fe12bc253ceb29,4961e8ce388abe3ac8592062a254b8978f240806
scene_1_2_terminalgain_globalmax_interp_0524,family_02,24,6.901432,7.062562,0.16113,30,2,28,2.9,2.62812,2.625998,1.000808,0.16965,1.696504,1.795832,0.13284,0.070606,0.420773,0.0,scene_1|scene_1.2_y01_dense_strip_y05_2p75|12195|135,scene_1|scene_1.2_y01_dense_strip_y05_2p75|11513|104,1cb389c282c936a5399628b26e42b5858c88ce4c,794122b295ab066c2a26ce65cec836738d8d045d
scene_1_2_terminalgain_globalmax_interp_0525,family_02,25,6.901432,7.062562,0.16113,30,2,28,2.9,2.659387,2.625998,1.012715,0.16965,1.696504,1.79896,0.273622,0.120885,1.67866,0.0,scene_1|scene_1.2_y01_dense_strip_y05_2p75|12195|135,scene_1|scene_1.2_y01_dense_strip_y05_2p75|11513|104,72786666d0f95bd5df22939758007116fd9bca0a,eaee4c295eb3f1da8fb1cd596c8b8dc739a128d8
scene_1_2_terminalgain_globalmax_interp_0526,family_02,26,6.901432,7.062562,0.16113,30,2,28,2.9,2.661543,2.625998,1.013536,0.16965,1.696504,1.799197,0.26135,0.171164,1.73282,0.0,scene_1|scene_1.2_y01_dense_strip_y05_2p75|12195|135,scene_1|scene_1.2_y01_dense_strip_y05_2p75|11513|104,436da7e24f8f0e346003fd98fb93e3d8926d9dfd,9ef65cf9dad6c0eca23af2912690846b1a83a503
scene_1_2_terminalgain_globalmax_interp_0527,family_02,27,6.901432,7.062562,0.16113,30,2,28,2.9,2.62752,2.625998,1.00058,0.16965,1.696502,1.795738,0.120568,0.172582,0.356173,0.0,scene_1|scene_1.2_y01_dense_strip_y05_2p75|12195|135,scene_1|scene_1.2_y01_dense_strip_y05_2p75|11513|104,3c9edcb85308328c25ce30a43ee652adca15bb34,ce9c7033115037989e708258334c763638a3cf6e
scene_1_2_terminalgain_globalmax_interp_0528,family_02,28,6.901432,7.062562,0.16113,30,2,28,2.9,2.654034,2.625998,1.010676,0.169649,1.696492,1.798369,0.020214,0.122303,1.536423,0.0,scene_1|scene_1.2_y01_dense_strip_y05_2p75|12195|135,scene_1|scene_1.2_y01_dense_strip_y05_2p75|11513|104,a19f0e35a5ad745d6c1f1ffd708a62d3ba934ef6,bb832c90544c9cab3ad31dc55e0b419daf4ce6ae
scene_1_2_terminalgain_globalmax_interp_0529,family_02,29,6.901432,7.062562,0.16113,30,2,28,2.9,2.668664,2.625998,1.016248,0.169649,1.696494,1.800244,0.160995,0.072023,1.901405,0.0,scene_1|scene_1.2_y01_dense_strip_y05_2p75|12195|135,scene_1|scene_1.2_y01_dense_strip_y05_2p75|11513|104,85baab7bb209e93b206cda15c4f1b6471d6605ed,4577a6dabad9d1ac360753609957b5d2d81bd27f
scene_1_2_terminalgain_globalmax_interp_0530,family_02,30,6.901432,7.062562,0.16113,30,2,28,2.9,2.640914,2.625998,1.00568,0.169649,1.696492,1.796918,0.301777,0.021744,1.117617,0.0,scene_1|scene_1.2_y01_dense_strip_y05_2p75|12195|135,scene_1|scene_1.2_y01_dense_strip_y05_2p75|11513|104,4f54a0c499ad70d6f5df25f1bbdb488396e8f8db,59ccd7a6e7c9e8f5da5199e757790cd4f9f65223
scene_1_2_terminalgain_globalmax_interp_0531,family_02,31,6.901432,7.062562,0.16113,30,2,28,2.9,2.638587,2.625998,1.004794,0.16965,1.696502,1.796755,0.233193,0.028535,1.026264,0.0,scene_1|scene_1.2_y01_dense_strip_y05_2p75|12195|135,scene_1|scene_1.2_y01_dense_strip_y05_2p75|11513|104,fd6128846983e387a1ac92e373f53133b0efe2eb,b38eac6563250ecd8efde08cbed15eab0f38bee3
scene_1_2_terminalgain_globalmax_interp_0532,family_02,32,6.901432,7.062562,0.16113,30,2,28,2.9,2.642347,2.625998,1.006226,0.169649,1.696494,1.797049,0.092411,0.078814,1.170199,0.0,scene_1|scene_1.2_y01_dense_strip_y05_2p75|12195|135,scene_1|scene_1.2_y01_dense_strip_y05_2p75|11513|104,e2995ef420cf5414cd76b5d42bc7b5d67d088481,f18ddd02580bb9d4fd344d5131f8f86e12114680
scene_1_2_terminalgain_globalmax_interp_0533,family_02,33,6.901432,7.062562,0.16113,30,2,28,2.9,2.654421,2.625998,1.010824,0.169649,1.696494,1.798284,0.04837,0.129094,1.547509,0.0,scene_1|scene_1.2_y01_dense_strip_y05_2p75|12195|135,scene_1|scene_1.2_y01_dense_strip_y05_2p75|11513|104,4902624f76e072d62939637498ade82291677021,5aeb6b36f8c64eaa72818f394de2768f137102e4
scene_1_2_terminalgain_globalmax_interp_0534,family_02,34,6.901432,7.062562,0.16113,30,2,28,2.9,2.671394,2.625998,1.017287,0.16965,1.696504,1.800523,0.189152,0.165399,1.962175,0.0,scene_1|scene_1.2_y01_dense_strip_y05_2p75|12195|135,scene_1|scene_1.2_y01_dense_strip_y05_2p75|11513|104,af375a120d7967b6866f7d1591c41286237cc207,e9258cff734e37707650bbd547e9fa49055baafa
scene_1_2_terminalgain_globalmax_interp_0535,family_02,35,6.901432,7.062562,0.16113,30,2,28,2.9,2.633367,2.625998,1.002806,0.169649,1.696492,1.796201,0.329934,0.11512,0.78439,0.0,scene_1|scene_1.2_y01_dense_strip_y05_2p75|12195|135,scene_1|scene_1.2_y01_dense_strip_y05_2p75|11513|104,75ed28e895399e25120038ef0c7303c88e78b653,aeb92e1e6edf541bd71577e1c7a4c7716514bdd7
scene_1_2_terminalgain_globalmax_interp_0536,family_02,36,6.901432,7.062562,0.16113,30,2,28,2.9,2.634028,2.625998,1.003058,0.169649,1.696492,1.796313,0.340188,0.064841,0.819231,0.0,scene_1|scene_1.2_y01_dense_strip_y05_2p75|12195|135,scene_1|scene_1.2_y01_dense_strip_y05_2p75|11513|104,f33c980a9e12bf0f35c252af2045304c833d6778,c37216dd7ac15a210b36e331d7ed87d13389052c
scene_1_2_terminalgain_globalmax_interp_0537,family_02,37,6.901432,7.062562,0.16113,30,2,28,2.9,2.665837,2.625998,1.015171,0.16965,1.696502,1.79983,0.199406,0.014561,1.836013,0.0,scene_1|scene_1.2_y01_dense_strip_y05_2p75|12195|135,scene_1|scene_1.2_y01_dense_strip_y05_2p75|11513|104,3da25772f90090628f20fefcfe0d6f821b10277e,b3361598d834cfae3a98b51043895d6f18ccde6c
scene_1_2_terminalgain_globalmax_interp_0538,family_02,38,6.901432,7.062562,0.16113,30,2,28,2.9,2.665379,2.625998,1.014997,0.16965,1.696502,1.799714,0.058624,0.035718,1.825397,0.0,scene_1|scene_1.2_y01_dense_strip_y05_2p75|12195|135,scene_1|scene_1.2_y01_dense_strip_y05_2p75|11513|104,224db918765647df6b50b314438bafb8e25c5a50,2db6188b558b2c81e23edaa5c3ea0e242f20ecb6
scene_1_2_terminalgain_globalmax_interp_0539,family_02,39,6.901432,7.062562,0.16113,30,2,28,2.9,2.630751,2.625998,1.00181,0.16965,1.696502,1.796109,0.082157,0.085997,0.629628,0.0,scene_1|scene_1.2_y01_dense_strip_y05_2p75|12195|135,scene_1|scene_1.2_y01_dense_strip_y05_2p75|11513|104,244c5089d6569c5531766cc5a7db00437326adeb,a8fcf32bb4c80039b81ef47a586b5cbbb947d080
scene_1_2_terminalgain_globalmax_interp_0540,family_02,40,6.901432,7.062562,0.16113,30,2,28,2.9,2.636598,2.625998,1.004036,0.169649,1.696494,1.79651,0.22294,0.136276,0.94133,0.0,scene_1|scene_1.2_y01_dense_strip_y05_2p75|12195|135,scene_1|scene_1.2_y01_dense_strip_y05_2p75|11513|104,7ac05ff55af50251f18dea319fea36f52f020a5b,cf0b5933c9dea9d2c3b231126218411b991401c4
scene_1_2_terminalgain_globalmax_interp_0541,family_02,41,6.901432,7.062562,0.16113,30,2,28,2.9,2.662991,2.625998,1.014087,0.16965,1.696504,1.799443,0.312031,0.158216,1.768375,0.0,scene_1|scene_1.2_y01_dense_strip_y05_2p75|12195|135,scene_1|scene_1.2_y01_dense_strip_y05_2p75|11513|104,6695d9f2023e7aa239b8b3ef76eb7cf66c250fd3,d019a3fd2f4096234b41a3bcb75f3ad82b7f1836
scene_1_2_terminalgain_globalmax_interp_0542,family_02,42,6.901432,7.062562,0.16113,30,2,28,2.9,2.648623,2.625998,1.008616,0.169649,1.696492,1.797719,0.171249,0.107937,1.378578,0.0,scene_1|scene_1.2_y01_dense_strip_y05_2p75|12195|135,scene_1|scene_1.2_y01_dense_strip_y05_2p75|11513|104,abf50cc38b937a0b883b94c9e33f6d19475666ee,427f576cfb8f87204a6a33aaec0aaae5fa87501d
scene_1_2_terminalgain_globalmax_interp_0543,family_02,43,6.901432,7.062562,0.16113,30,2,28,2.9,2.647021,2.625998,1.008006,0.16965,1.696502,1.797587,0.030468,0.057658,1.328525,0.0,scene_1|scene_1.2_y01_dense_strip_y05_2p75|12195|135,scene_1|scene_1.2_y01_dense_strip_y05_2p75|11513|104,445f73065fce469a8cab5ff21db022c209209c46,0687c4aebb1652bb2bf70f3ad8e61a6abe6b97cf
scene_1_2_terminalgain_globalmax_interp_0544,family_02,44,6.901432,7.062562,0.16113,30,2,28,2.9,2.634042,2.625998,1.003063,0.16965,1.696502,1.796314,0.110314,0.007379,0.819763,0.0,scene_1|scene_1.2_y01_dense_strip_y05_2p75|12195|135,scene_1|scene_1.2_y01_dense_strip_y05_2p75|11513|104,02d5d791a43021e2ec6b5380d453c82a2a695026,b724f1f4240e0abbb60da9c64d2a72a63acf29b4
scene_1_2_terminalgain_globalmax_interp_0545,family_02,45,6.901432,7.062562,0.16113,30,2,28,2.9,2.646911,2.625998,1.007964,0.169649,1.696494,1.797482,0.251096,0.042901,1.325198,0.0,scene_1|scene_1.2_y01_dense_strip_y05_2p75|12195|135,scene_1|scene_1.2_y01_dense_strip_y05_2p75|11513|104,e2781ba40de50973d114c567457172f4cab19ed4,84a167a4881c32116703acca53085a290c26b212
scene_1_2_terminalgain_globalmax_interp_0546,family_02,46,6.901432,7.062562,0.16113,30,2,28,2.9,2.669103,2.625998,1.016414,0.169649,1.696492,1.800274,0.283874,0.09318,1.910926,0.0,scene_1|scene_1.2_y01_dense_strip_y05_2p75|12195|135,scene_1|scene_1.2_y01_dense_strip_y05_2p75|11513|104,c448b294e3823a8f0122880cf9012e17038531dd,c090160dcb67b5143c8d047e2a29f071a1647f14
scene_1_2_terminalgain_globalmax_interp_0547,family_02,47,6.901432,7.062562,0.16113,30,2,28,2.9,2.664631,2.625998,1.014712,0.169649,1.696492,1.79961,0.143093,0.143459,1.807359,0.0,scene_1|scene_1.2_y01_dense_strip_y05_2p75|12195|135,scene_1|scene_1.2_y01_dense_strip_y05_2p75|11513|104,9b1b7647e318a473ed69f538c8ab63b54a59ce44,1dd63eae3144d0616f7bb9e3e0c67d1a17987ddb
scene_1_2_terminalgain_globalmax_interp_0548,family_02,48,6.901432,7.062562,0.16113,30,2,28,2.9,2.628744,2.625998,1.001046,0.16965,1.696504,1.795926,0.002311,0.151034,0.478532,0.0,scene_1|scene_1.2_y01_dense_strip_y05_2p75|12195|135,scene_1|scene_1.2_y01_dense_strip_y05_2p75|11513|104,b3bac8823bec3dc361e0ad4d11857ab0b6515d1f,5ad8dc532eb376696f7cfc2b40096f1ee628ca4a
scene_1_2_terminalgain_globalmax_interp_0549,family_02,49,6.901432,7.062562,0.16113,30,2,28,2.9,2.663891,2.625998,1.01443,0.169649,1.696494,1.799531,0.138471,0.100754,1.789969,0.0,scene_1|scene_1.2_y01_dense_strip_y05_2p75|12195|135,scene_1|scene_1.2_y01_dense_strip_y05_2p75|11513|104,aea70c8185498a50d72c732d4b9d42d582113619,add53eeefaf94d55de520971c444ab683307f5a8
scene_1_2_terminalgain_globalmax_interp_0550,family_02,50,6.901432,7.062562,0.16113,30,2,28,2.9,2.6759,2.625998,1.019003,0.16965,1.696502,1.801164,0.279252,0.050475,2.059243,0.0,scene_1|scene_1.2_y01_dense_strip_y05_2p75|12195|135,scene_1|scene_1.2_y01_dense_strip_y05_2p75|11513|104,3a9e97b9d7325545a4ca1f7ea0f74f9abd541522,e87dce565245173a474a5f43c75bae2841e97f55
scene_1_2_terminalgain_globalmax_interp_0551,family_02,51,6.901432,7.062562,0.16113,30,2,28,2.9,2.626182,2.625998,1.00007,0.169649,1.696492,1.795623,0.255718,0.000196,0.138038,0.0,scene_1|scene_1.2_y01_dense_strip_y05_2p75|12195|135,scene_1|scene_1.2_y01_dense_strip_y05_2p75|11513|104,3adb9901d852408465703c5b875b9f819bf10bb1,17a8719cbcaba79107dca30051f014a5099aabb5
scene_1_2_terminalgain_globalmax_interp_0552,family_02,52,6.901432,7.062562,0.16113,30,2,28,2.9,2.646744,2.625998,1.0079,0.16965,1.696504,1.797518,0.114936,0.050083,1.319621,0.0,scene_1|scene_1.2_y01_dense_strip_y05_2p75|12195|135,scene_1|scene_1.2_y01_dense_strip_y05_2p75|11513|104,2c455866db26adcc8b8139e70b75e088634f1545,5db2ebb34999db881297758295dd542f63a0f4af
scene_1_2_terminalgain_globalmax_interp_0553,family_02,53,6.901432,7.062562,0.16113,30,2,28,2.9,2.645559,2.625998,1.007449,0.16965,1.696502,1.797438,0.025845,0.100363,1.281186,0.0,scene_1|scene_1.2_y01_dense_strip_y05_2p75|12195|135,scene_1|scene_1.2_y01_dense_strip_y05_2p75|11513|104,e3982f0df4448fa3f9e472fb4b1456e9b3ace53f,478ab69dae38caadf7cd9c0358fc1ef766659575
scene_1_2_terminalgain_globalmax_interp_0554,family_02,54,6.901432,7.062562,0.16113,30,2,28,2.9,2.644527,2.625998,1.007056,0.16965,1.696504,1.797245,0.166627,0.150642,1.24659,0.0,scene_1|scene_1.2_y01_dense_strip_y05_2p75|12195|135,scene_1|scene_1.2_y01_dense_strip_y05_2p75|11513|104,a1bdfe1e54539ef24ef23f366ac5be1cdad03bf6,4c234da4456311fc28a73f5bbdfefb43d8f6625a
scene_1_2_terminalgain_globalmax_interp_0555,family_02,55,6.901432,7.062562,0.16113,30,2,28,2.9,2.654186,2.625998,1.010734,0.169649,1.696494,1.798299,0.307409,0.143851,1.540838,0.0,scene_1|scene_1.2_y01_dense_strip_y05_2p75|12195|135,scene_1|scene_1.2_y01_dense_strip_y05_2p75|11513|104,89daf34cd2cc90ed449588122eff76600519d702,929c34daa55c6c068597bcfe6c7e877c3f01f8ad
scene_1_2_terminalgain_globalmax_interp_0556,family_02,56,6.901432,7.062562,0.16113,30,2,28,2.9,2.654055,2.625998,1.010684,0.169649,1.696492,1.798311,0.227561,0.093572,1.536868,0.0,scene_1|scene_1.2_y01_dense_strip_y05_2p75|12195|135,scene_1|scene_1.2_y01_dense_strip_y05_2p75|11513|104,b3815306051b4f563413dafbff7abb171acc1ea1,6f1fc4b40a166a15a8caae728bf7a28d8f92493b
scene_1_2_terminalgain_globalmax_interp_0557,family_02,57,6.901432,7.062562,0.16113,30,2,28,2.9,2.650223,2.625998,1.009225,0.16965,1.696502,1.797922,0.08678,0.043292,1.427194,0.0,scene_1|scene_1.2_y01_dense_strip_y05_2p75|12195|135,scene_1|scene_1.2_y01_dense_strip_y05_2p75|11513|104,05f072d8dc1d6c6b57fe484875395e909a60a5c3,592db50f839a195e8be7f7e4a7ef8a0612fcc6f6
scene_1_2_terminalgain_globalmax_interp_0558,family_02,58,6.901432,7.062562,0.16113,30,2,28,2.9,2.657909,2.625998,1.012152,0.169649,1.696492,1.798802,0.054002,0.006987,1.640766,0.0,scene_1|scene_1.2_y01_dense_strip_y05_2p75|12195|135,scene_1|scene_1.2_y01_dense_strip_y05_2p75|11513|104,aa89fd7deb4e0ad2bad33c5113f925604e533a16,8f1096abaa4b3696e85296f6a4d7d59d5b1637ea
scene_1_2_terminalgain_globalmax_interp_0559,family_02,59,6.901432,7.062562,0.16113,30,2,28,2.9,2.641891,2.625998,1.006052,0.16965,1.696504,1.797039,0.194784,0.057266,1.154159,0.0,scene_1|scene_1.2_y01_dense_strip_y05_2p75|12195|135,scene_1|scene_1.2_y01_dense_strip_y05_2p75|11513|104,080ef12b7c627ce1c857df0b5a529d0db618701e,145b70f1780a1dcf0dc3425ba479fa1d999acdf2
scene_1_2_terminalgain_globalmax_interp_0560,family_02,60,6.901432,7.062562,0.16113,30,2,28,2.9,2.629805,2.625998,1.00145,0.169649,1.696492,1.795925,0.335565,0.107545,0.563504,0.0,scene_1|scene_1.2_y01_dense_strip_y05_2p75|12195|135,scene_1|scene_1.2_y01_dense_strip_y05_2p75|11513|104,8b17e2c93265ae7dce92d5ea5e15ccf383b5b431,875777ff4a736e01f4be1f2677a8277ec2c39637
scene_1_2_terminalgain_globalmax_interp_0561,family_02,61,6.901432,7.062562,0.16113,30,2,28,2.9,2.659076,2.625998,1.012596,0.169649,1.696492,1.798841,0.334556,0.157825,1.67064,0.0,scene_1|scene_1.2_y01_dense_strip_y05_2p75|12195|135,scene_1|scene_1.2_y01_dense_strip_y05_2p75|11513|104,14d472d3b3d94cbd90114b21f56b6ca8a039436e,b86739103e8f35a690a2b9625cdf40b3f0a0c43a
scene_1_2_terminalgain_globalmax_interp_0562,family_02,62,6.901432,7.062562,0.16113,30,2,28,2.9,2.644123,2.625998,1.006902,0.169649,1.696494,1.797206,0.193774,0.136668,1.23305,0.0,scene_1|scene_1.2_y01_dense_strip_y05_2p75|12195|135,scene_1|scene_1.2_y01_dense_strip_y05_2p75|11513|104,425cb6577f75f03af9ef8ab30a560e67dcf31760,298ecab1063639440c72ac32ca5d51f598871f86
scene_1_2_terminalgain_globalmax_interp_0563,family_02,63,6.901432,7.062562,0.16113,30,2,28,2.9,2.634649,2.625998,1.003294,0.16965,1.696504,1.796402,0.052992,0.086389,0.850142,0.0,scene_1|scene_1.2_y01_dense_strip_y05_2p75|12195|135,scene_1|scene_1.2_y01_dense_strip_y05_2p75|11513|104,bc9c41702e690fab1ac34e3a4ae43b64a5cac159,dd069cff8eec503ff63035d35a02c2d5ff79be82
scene_1_2_terminalgain_globalmax_interp_0564,family_02,64,6.901432,7.062562,0.16113,30,2,28,2.9,2.655766,2.625998,1.011336,0.16965,1.696502,1.798493,0.087789,0.03611,1.583887,0.0,scene_1|scene_1.2_y01_dense_strip_y05_2p75|12195|135,scene_1|scene_1.2_y01_dense_strip_y05_2p75|11513|104,ae6aeebff4e256efe18a1cf2eff68402832b058b,af9caef32a7780076f369d777759917ab7d947de
scene_1_2_terminalgain_globalmax_interp_0565,family_02,65,6.901432,7.062562,0.16113,30,2,28,2.9,2.678183,2.625998,1.019872,0.169649,1.696492,1.80146,0.228571,0.01417,2.106483,0.0,scene_1|scene_1.2_y01_dense_strip_y05_2p75|12195|135,scene_1|scene_1.2_y01_dense_strip_y05_2p75|11513|104,e471b93c00515b3bcdb8daf2771f1058c5935c3c,56eab6d3c65a08892c56592ee729f92254ca1e76
scene_1_2_terminalgain_globalmax_interp_0566,family_02,66,6.901432,7.062562,0.16113,30,2,28,2.9,2.654532,2.625998,1.010866,0.16965,1.696502,1.798453,0.306399,0.064449,1.550242,0.0,scene_1|scene_1.2_y01_dense_strip_y05_2p75|12195|135,scene_1|scene_1.2_y01_dense_strip_y05_2p75|11513|104,82f4eb301d09c7c3436d5e5ec9f57a344c5e008d,866dc2258f0d5cde94aacbb9405ebbf021fd2af1
scene_1_2_terminalgain_globalmax_interp_0567,family_02,67,6.901432,7.062562,0.16113,30,2,28,2.9,2.636973,2.625998,1.004179,0.16965,1.696502,1.796614,0.165618,0.114728,0.957743,0.0,scene_1|scene_1.2_y01_dense_strip_y05_2p75|12195|135,scene_1|scene_1.2_y01_dense_strip_y05_2p75|11513|104,42cb45d6129e08542432c0bf84ffad2e319f49f6,21511bbfe1953b860c1f82895195d0964c660af4
scene_1_2_terminalgain_globalmax_interp_0568,family_02,68,6.901432,7.062562,0.16113,30,2,28,2.9,2.642932,2.625998,1.006448,0.169649,1.696494,1.79717,0.024836,0.165007,1.191303,0.0,scene_1|scene_1.2_y01_dense_strip_y05_2p75|12195|135,scene_1|scene_1.2_y01_dense_strip_y05_2p75|11513|104,5bfb360a03db7beb0a1fa030984b420dcca24857,db36203aebbdec94dc3b974b48c56569c984c086
scene_1_2_terminalgain_globalmax_interp_0569,family_02,69,6.901432,7.062562,0.16113,30,2,28,2.9,2.639776,2.625998,1.005247,0.16965,1.696502,1.796951,0.115946,0.129485,1.074149,0.0,scene_1|scene_1.2_y01_dense_strip_y05_2p75|12195|135,scene_1|scene_1.2_y01_dense_strip_y05_2p75|11513|104,a288eec0c4b1f5e5feb18239997dd686f692eb03,14172d0a5c3e8945fffae24d5f1a970766b82eab
scene_1_2_terminalgain_globalmax_interp_0570,family_02,70,6.901432,7.062562,0.16113,30,2,28,2.9,2.661088,2.625998,1.013363,0.16965,1.696504,1.799222,0.256727,0.079206,1.721698,0.0,scene_1|scene_1.2_y01_dense_strip_y05_2p75|12195|135,scene_1|scene_1.2_y01_dense_strip_y05_2p75|11513|104,3554d3250e589ee3ee21fe4ff0d48cd9dd74428d,46533bd6c07a7e1e8499e308587e145ca6090df9
scene_1_2_terminalgain_globalmax_interp_0571,family_02,71,6.901432,7.062562,0.16113,30,2,28,2.9,2.635036,2.625998,1.003442,0.16965,1.696504,1.796481,0.278244,0.028927,0.868965,0.0,scene_1|scene_1.2_y01_dense_strip_y05_2p75|12195|135,scene_1|scene_1.2_y01_dense_strip_y05_2p75|11513|104,f3d047d65713628c5284ea1de3887e50553e7644,67425f2bdb68c73174c6f3c5e581afee5c264900
scene_1_2_terminalgain_globalmax_interp_0572,family_02,72,6.901432,7.062562,0.16113,30,2,28,2.9,2.630345,2.625998,1.001655,0.169649,1.696492,1.796041,0.137461,0.021352,0.602151,0.0,scene_1|scene_1.2_y01_dense_strip_y05_2p75|12195|135,scene_1|scene_1.2_y01_dense_strip_y05_2p75|11513|104,a187ff30b366a52c602f351912d5bf08965c9125,b8d61860b81c3c085751006274e0a6af20bb37f3
scene_1_2_terminalgain_globalmax_interp_0573,family_02,73,6.901432,7.062562,0.16113,30,2,28,2.9,2.686238,2.625998,1.02294,0.169649,1.696492,1.802825,0.003321,0.071632,2.266817,0.0,scene_1|scene_1.2_y01_dense_strip_y05_2p75|12195|135,scene_1|scene_1.2_y01_dense_strip_y05_2p75|11513|104,c9e1791daca6b7b4b214217a63792cb4b22f1cae,3326650e0185a813b483244e98e7a1ea4fb75adf
scene_1_2_terminalgain_globalmax_interp_0574,family_02,74,6.901432,7.062562,0.16113,30,2,28,2.9,2.68025,2.625998,1.02066,0.169649,1.696492,1.80194,0.144102,0.121911,2.14876,0.0,scene_1|scene_1.2_y01_dense_strip_y05_2p75|12195|135,scene_1|scene_1.2_y01_dense_strip_y05_2p75|11513|104,1d3067f4d2a979c3a8a51a8109b58beb902c151a,e510f97f68047f7690be31c66bb90f1d908a5365
scene_1_2_terminalgain_globalmax_interp_0575,family_02,75,6.901432,7.062562,0.16113,30,2,28,2.9,2.631572,2.625998,1.002123,0.169649,1.696494,1.796145,0.284884,0.17219,0.682183,0.0,scene_1|scene_1.2_y01_dense_strip_y05_2p75|12195|135,scene_1|scene_1.2_y01_dense_strip_y05_2p75|11513|104,448077e0ce41721dd4279b683a088765bf47c97e,d3335eb7a422589194b27fc2bbd5e259047a923e
scene_1_2_terminalgain_globalmax_interp_0576,family_02,76,6.901432,7.062562,0.16113,30,2,28,2.9,2.632925,2.625998,1.002638,0.16965,1.696502,1.796301,0.250087,0.171556,0.760606,0.0,scene_1|scene_1.2_y01_dense_strip_y05_2p75|12195|135,scene_1|scene_1.2_y01_dense_strip_y05_2p75|11513|104,49e2f1a6842044e3dc9da980dec9d63c3f2b9d57,74eed2493d8de92f846bd3bb05226cb052543418
scene_1_2_terminalgain_globalmax_interp_0577,family_02,77,6.901432,7.062562,0.16113,30,2,28,2.9,2.665621,2.625998,1.015089,0.169649,1.696492,1.799828,0.109306,0.121277,1.830991,0.0,scene_1|scene_1.2_y01_dense_strip_y05_2p75|12195|135,scene_1|scene_1.2_y01_dense_strip_y05_2p75|11513|104,ea4832810642d618602758fcfcd3e8153094e72f,b987a0d6de7ac6bf3398a32b64279a20816aff8c
scene_1_2_terminalgain_globalmax_interp_0578,family_02,78,6.901432,7.062562,0.16113,30,2,28,2.9,2.635702,2.625998,1.003695,0.16965,1.696504,1.796563,0.031476,0.070998,0.900697,0.0,scene_1|scene_1.2_y01_dense_strip_y05_2p75|12195|135,scene_1|scene_1.2_y01_dense_strip_y05_2p75|11513|104,08d11cdee51408dd405cff4c3113e8fac6b55072,517638fbe56cc4f5b8e85bfe178d5700b646ebc5
scene_1_2_terminalgain_globalmax_interp_0579,family_02,79,6.901432,7.062562,0.16113,30,2,28,2.9,2.646278,2.625998,1.007723,0.169649,1.696494,1.797492,0.172259,0.020718,1.304709,0.0,scene_1|scene_1.2_y01_dense_strip_y05_2p75|12195|135,scene_1|scene_1.2_y01_dense_strip_y05_2p75|11513|104,0134133a3a8256c24be1721c02414d4f14c5fd6c,64ff9ae169947b8ba2ef45f39d809c3e821ddc39
scene_1_2_terminalgain_globalmax_interp_0580,family_02,80,6.901432,7.062562,0.16113,30,2,28,2.9,2.636311,2.625998,1.003927,0.16965,1.696502,1.796608,0.31304,0.029561,0.928271,0.0,scene_1|scene_1.2_y01_dense_strip_y05_2p75|12195|135,scene_1|scene_1.2_y01_dense_strip_y05_2p75|11513|104,0b581c53bad1b40d938b6c9bbb5e5a782bf11a8d,4cf8e5edf4bc751207c18a561c3cbb5a3610aa6f
scene_1_2_terminalgain_globalmax_interp_0581,family_02,81,6.901432,7.062562,0.16113,30,2,28,2.9,2.661195,2.625998,1.013403,0.16965,1.696502,1.7993,0.221931,0.07984,1.724268,0.0,scene_1|scene_1.2_y01_dense_strip_y05_2p75|12195|135,scene_1|scene_1.2_y01_dense_strip_y05_2p75|11513|104,b87ff6815c7cbb538703243b4ee4c16564d5a4f0,847338b13f5c5fb0a1a86ee90923978baab5edc4
scene_1_2_terminalgain_globalmax_interp_0582,family_02,82,6.901432,7.062562,0.16113,30,2,28,2.9,2.682655,2.625998,1.021575,0.16965,1.696502,1.802213,0.081149,0.130119,2.197116,0.0,scene_1|scene_1.2_y01_dense_strip_y05_2p75|12195|135,scene_1|scene_1.2_y01_dense_strip_y05_2p75|11513|104,965ac6fb67f7dcea4c038623678130efc0db0b60,5f119f36a03f173553962ec37d5b3a1089beae87
scene_1_2_terminalgain_globalmax_interp_0583,family_02,83,6.901432,7.062562,0.16113,30,2,28,2.9,2.655221,2.625998,1.011128,0.16965,1.696502,1.798506,0.059633,0.164373,1.568849,0.0,scene_1|scene_1.2_y01_dense_strip_y05_2p75|12195|135,scene_1|scene_1.2_y01_dense_strip_y05_2p75|11513|104,cadcee9f81dd6326e959f093c6c46b7436fd5cfc,4982caf644a1e213e9c9e12a13d5e2d9e61b6f2f
scene_1_2_terminalgain_globalmax_interp_0584,family_02,84,6.901432,7.062562,0.16113,30,2,28,2.9,2.63662,2.625998,1.004045,0.169649,1.696492,1.796489,0.200414,0.114094,0.942225,0.0,scene_1|scene_1.2_y01_dense_strip_y05_2p75|12195|135,scene_1|scene_1.2_y01_dense_strip_y05_2p75|11513|104,0822490aed10f29fc86e9359b3af1ad7250ad5a6,d1d1c2b51e38990d731b4db0cba7889ddd5fddfa
scene_1_2_terminalgain_globalmax_interp_0585,family_02,85,6.901432,7.062562,0.16113,30,2,28,2.9,2.64185,2.625998,1.006037,0.16965,1.696502,1.797046,0.341196,0.063815,1.152653,0.0,scene_1|scene_1.2_y01_dense_strip_y05_2p75|12195|135,scene_1|scene_1.2_y01_dense_strip_y05_2p75|11513|104,6315f2b55bdf733926b160a7b12c8ed3634aed80,3e626b78074d1e510f09c7c5e95ad938b55c170d
scene_1_2_terminalgain_globalmax_interp_0586,family_02,86,6.901432,7.062562,0.16113,30,2,28,2.9,2.66194,2.625998,1.013687,0.169649,1.696494,1.799319,0.328925,0.013536,1.742497,0.0,scene_1|scene_1.2_y01_dense_strip_y05_2p75|12195|135,scene_1|scene_1.2_y01_dense_strip_y05_2p75|11513|104,983dd783dca15f51850d1595c2394c1d3e069d5e,6d411bd06fc979edc0906dceb5b02cc163cd4813
scene_1_2_terminalgain_globalmax_interp_0587,family_02,87,6.901432,7.062562,0.16113,30,2,28,2.9,2.628465,2.625998,1.000939,0.16965,1.696504,1.795912,0.188143,0.036744,0.453398,0.0,scene_1|scene_1.2_y01_dense_strip_y05_2p75|12195|135,scene_1|scene_1.2_y01_dense_strip_y05_2p75|11513|104,6043abf62d5253e23c72d56baee9b0a0ac9c6ec4,31e9cccbcda6810a7a417ef90f9ad30ba16cde8c
scene_1_2_terminalgain_globalmax_interp_0588,family_02,88,6.901432,7.062562,0.16113,30,2,28,2.9,2.643077,2.625998,1.006504,0.169649,1.696492,1.797152,0.047361,0.087023,1.196279,0.0,scene_1|scene_1.2_y01_dense_strip_y05_2p75|12195|135,scene_1|scene_1.2_y01_dense_strip_y05_2p75|11513|104,b56a6448623d53945caec7ffc97be65f44f8128c,8e5dcf38f21d72ccb5897b633db2a4274045c0c5
scene_1_2_terminalgain_globalmax_interp_0589,family_02,89,6.901432,7.062562,0.16113,30,2,28,2.9,2.654203,2.625998,1.010741,0.169649,1.696492,1.798333,0.093421,0.137302,1.541016,0.0,scene_1|scene_1.2_y01_dense_strip_y05_2p75|12195|135,scene_1|scene_1.2_y01_dense_strip_y05_2p75|11513|104,3613138dc168a17b4a71de4b16fc86bf110ace28,b98470437d659a6e9bfa2b3f359a500d69ff8469
scene_1_2_terminalgain_globalmax_interp_0590,family_02,90,6.901432,7.062562,0.16113,30,2,28,2.9,2.654012,2.625998,1.010668,0.169649,1.696494,1.798326,0.234203,0.157191,1.536078,0.0,scene_1|scene_1.2_y01_dense_strip_y05_2p75|12195|135,scene_1|scene_1.2_y01_dense_strip_y05_2p75|11513|104,a90b10139e781f993e4f30c19f663804b0722b11,e6bd3037a612e4bfb383de7a49045f715b5ada23
scene_1_2_terminalgain_globalmax_interp_0591,family_02,91,6.901432,7.062562,0.16113,30,2,28,2.9,2.653646,2.625998,1.010528,0.169649,1.696494,1.79823,0.300769,0.106911,1.525795,0.0,scene_1|scene_1.2_y01_dense_strip_y05_2p75|12195|135,scene_1|scene_1.2_y01_dense_strip_y05_2p75|11513|104,f5ea60f7eab62229d0ab5efba4b5350c335626af,6602eb860dcb35e04dc3466e488981287041b91e
scene_1_2_terminalgain_globalmax_interp_0592,family_02,92,6.901432,7.062562,0.16113,30,2,28,2.9,2.655337,2.625998,1.011173,0.16965,1.696502,1.7986,0.159987,0.056632,1.572036,0.0,scene_1|scene_1.2_y01_dense_strip_y05_2p75|12195|135,scene_1|scene_1.2_y01_dense_strip_y05_2p75|11513|104,fbee965a769debbc6610fbd1bdd2a0619d47bee2,e2b260eed19f2a737f9b9c9be89df0d5b2b33e4e
scene_1_2_terminalgain_globalmax_interp_0593,family_02,93,6.901432,7.062562,0.16113,30,2,28,2.9,2.641458,2.625998,1.005887,0.169649,1.696492,1.797046,0.019205,0.006353,1.138167,0.0,scene_1|scene_1.2_y01_dense_strip_y05_2p75|12195|135,scene_1|scene_1.2_y01_dense_strip_y05_2p75|11513|104,e2e6708fba4c1a30ddd2c25b1de5b9f2aa90fd43,20e32fde9b020d6e43e120b656d2efaaef1e921a
scene_1_2_terminalgain_globalmax_interp_0594,family_02,94,6.901432,7.062562,0.16113,30,2,28,2.9,2.648362,2.625998,1.008516,0.16965,1.696504,1.797735,0.121576,0.043926,1.370719,0.0,scene_1|scene_1.2_y01_dense_strip_y05_2p75|12195|135,scene_1|scene_1.2_y01_dense_strip_y05_2p75|11513|104,aca4057a04f9c2481dfd8b591a20d48734d58ac1,b37e98e5d8383a47ee93e102c26d21d99b0800eb
scene_1_2_terminalgain_globalmax_interp_0595,family_02,95,6.901432,7.062562,0.16113,30,2,28,2.9,2.644629,2.625998,1.007095,0.169649,1.696494,1.79731,0.262359,0.094206,1.250084,0.0,scene_1|scene_1.2_y01_dense_strip_y05_2p75|12195|135,scene_1|scene_1.2_y01_dense_strip_y05_2p75|11513|104,7cd9d738de942b464867e149926a1d163b54f669,233823f89564e54490322a860317a83781fe2a4a
scene_1_2_terminalgain_globalmax_interp_0596,family_02,96,6.901432,7.062562,0.16113,30,2,28,2.9,2.626577,2.625998,1.000221,0.16965,1.696502,1.795685,0.272612,0.144485,0.219866,0.0,scene_1|scene_1.2_y01_dense_strip_y05_2p75|12195|135,scene_1|scene_1.2_y01_dense_strip_y05_2p75|11513|104,8938f52cafa6f51314993daebe38c82c72aeb763,89bf88dbfa4370f9f4f3cf0e5a10671034b15190
scene_1_2_terminalgain_globalmax_interp_0597,family_02,97,6.901432,7.062562,0.16113,30,2,28,2.9,2.672157,2.625998,1.017578,0.16965,1.696502,1.800616,0.13183,0.150008,1.978954,0.0,scene_1|scene_1.2_y01_dense_strip_y05_2p75|12195|135,scene_1|scene_1.2_y01_dense_strip_y05_2p75|11513|104,4a99a5fe867cf5b8bc19e4f7f53819fe15131962,c695aebdef4b3ee3526fce406e760ff1ac0b042c
scene_1_2_terminalgain_globalmax_interp_0598,family_02,98,6.901432,7.062562,0.16113,30,2,28,2.9,2.661743,2.625998,1.013612,0.169649,1.696492,1.799205,0.008951,0.099729,1.737706,0.0,scene_1|scene_1.2_y01_dense_strip_y05_2p75|12195|135,scene_1|scene_1.2_y01_dense_strip_y05_2p75|11513|104,b0e2064067b16d8da4857759e924caf3ff378759,4e9e1a141d1220763429afb96199aff903528184
scene_1_2_terminalgain_globalmax_interp_0599,family_02,99,6.901432,7.062562,0.16113,30,2,28,2.9,2.628982,2.625998,1.001136,0.16965,1.696504,1.795851,0.149733,0.049449,0.498822,0.0,scene_1|scene_1.2_y01_dense_strip_y05_2p75|12195|135,scene_1|scene_1.2_y01_dense_strip_y05_2p75|11513|104,1728a123ed18763ce332411a213540b81d023ed5,62cf4772aa072293431fceda1f26edc36f583b5b
scene_1_2_terminalgain_globalmax_interp_0600,family_02,100,6.901432,7.062562,0.16113,30,2,28,2.9,2.664061,2.625998,1.014494,0.169649,1.696492,1.799641,0.290515,0.00083,1.793631,0.0,scene_1|scene_1.2_y01_dense_strip_y05_2p75|12195|135,scene_1|scene_1.2_y01_dense_strip_y05_2p75|11513|104,081667f856978685725e38477a3f536e162f2aab,72fd5c4249241d1a11cd556fb4072eb3ba4133a9
scene_1_2_terminalgain_globalmax_interp_0601,family_02,101,6.901432,7.062562,0.16113,30,2,28,2.9,2.669911,2.625998,1.016722,0.169649,1.696492,1.800331,0.244456,0.051109,1.92918,0.0,scene_1|scene_1.2_y01_dense_strip_y05_2p75|12195|135,scene_1|scene_1.2_y01_dense_strip_y05_2p75|11513|104,79f5c6ea7d13c019f9dce629adc0fd9a639cdc78,5eaf6cd975721455005b852db74be7ce84174340
scene_1_2_terminalgain_globalmax_interp_0602,family_02,102,6.901432,7.062562,0.16113,30,2,28,2.9,2.645309,2.625998,1.007354,0.169649,1.696494,1.797295,0.103674,0.101388,1.273223,0.0,scene_1|scene_1.2_y01_dense_strip_y05_2p75|12195|135,scene_1|scene_1.2_y01_dense_strip_y05_2p75|11513|104,c81b8a44c8a472f2013b3cbcfa092958bbed758f,eab383ebbb19a7d871e38f1eca59724bfbb26eb6
scene_1_2_terminalgain_globalmax_interp_0603,family_02,103,6.901432,7.062562,0.16113,30,2,28,2.9,2.634861,2.625998,1.003375,0.16965,1.696504,1.796409,0.037108,0.151668,0.860542,0.0,scene_1|scene_1.2_y01_dense_strip_y05_2p75|12195|135,scene_1|scene_1.2_y01_dense_strip_y05_2p75|11513|104,c671ed6f2ce235b9839f4b27df2df81175c45e26,4e47afb8356fbffbe178bb373910dd410fcd03c6
scene_1_2_terminalgain_globalmax_interp_0604,family_02,104,6.901432,7.062562,0.16113,30,2,28,2.9,2.64632,2.625998,1.007739,0.16965,1.696502,1.797536,0.177889,0.142825,1.306017,0.0,scene_1|scene_1.2_y01_dense_strip_y05_2p75|12195|135,scene_1|scene_1.2_y01_dense_strip_y05_2p75|11513|104,11c57010b3425ffb25209eb178b55ced51b94eb1,a14936ebf99ef4aa8cd9ab1cb78372f627a77d36
scene_1_2_terminalgain_globalmax_interp_0605,family_02,105,6.901432,7.062562,0.16113,30,2,28,2.9,2.650329,2.625998,1.009266,0.169649,1.696492,1.79788,0.318671,0.092546,1.430294,0.0,scene_1|scene_1.2_y01_dense_strip_y05_2p75|12195|135,scene_1|scene_1.2_y01_dense_strip_y05_2p75|11513|104,95d0e9fa62f56aba01642b8971f80338fd764212,6744af25d3fe188d939d2a81e0a07a207f298c2a
scene_1_2_terminalgain_globalmax_interp_0606,family_02,106,6.901432,7.062562,0.16113,30,2,28,2.9,2.661491,2.625998,1.013516,0.16965,1.696504,1.799246,0.216299,0.042267,1.731493,0.0,scene_1|scene_1.2_y01_dense_strip_y05_2p75|12195|135,scene_1|scene_1.2_y01_dense_strip_y05_2p75|11513|104,77b99781c4e85f6acb95fe78485cf8e3a1e4831a,8677425376d3662760a164cdb8c68d3e4b4f2d2b
scene_1_2_terminalgain_globalmax_interp_0607,family_02,107,6.901432,7.062562,0.16113,30,2,28,2.9,2.636792,2.625998,1.00411,0.169649,1.696494,1.796503,0.075517,0.008013,0.950074,0.0,scene_1|scene_1.2_y01_dense_strip_y05_2p75|12195|135,scene_1|scene_1.2_y01_dense_strip_y05_2p75|11513|104,4a7ba2703807627b50b7a9c417d0a155eef00ec6,c876b61d0e3b85cd4e225f8adfdca0589faa05e7
scene_1_2_terminalgain_globalmax_interp_0608,family_02,108,6.901432,7.062562,0.16113,30,2,28,2.9,2.630122,2.625998,1.00157,0.169649,1.696492,1.795913,0.065264,0.058292,0.586486,0.0,scene_1|scene_1.2_y01_dense_strip_y05_2p75|12195|135,scene_1|scene_1.2_y01_dense_strip_y05_2p75|11513|104,30608ed7de3796ec64cb82c1b9c6ff0ecdfba3ca,016c6c9370680e15c940c7dc68f575caad6eff86
scene_1_2_terminalgain_globalmax_interp_0609,family_02,109,6.901432,7.062562,0.16113,30,2,28,2.9,2.667141,2.625998,1.015667,0.16965,1.696502,1.799959,0.206046,0.108571,1.866452,0.0,scene_1|scene_1.2_y01_dense_strip_y05_2p75|12195|135,scene_1|scene_1.2_y01_dense_strip_y05_2p75|11513|104,7fefb6ba0ed3e67a52831998fee56e56d42631e8,02b5103917d57f9cc53581e0ce58bbcc0254f4d0
scene_1_2_terminalgain_globalmax_interp_0610,family_02,110,6.901432,7.062562,0.16113,30,2,28,2.9,2.664296,2.625998,1.014584,0.16965,1.696504,1.799585,0.346828,0.15885,1.799638,0.0,scene_1|scene_1.2_y01_dense_strip_y05_2p75|12195|135,scene_1|scene_1.2_y01_dense_strip_y05_2p75|11513|104,240159c5ba3d2c9ad2c17b548d649765555f38c1,412e091e8576f2729f4e09e871178aa0b65104a5
scene_1_2_terminalgain_globalmax_interp_0611,family_02,111,6.901432,7.062562,0.16113,30,2,28,2.9,2.634883,2.625998,1.003383,0.16965,1.696502,1.796389,0.350324,0.135642,0.861603,0.0,scene_1|scene_1.2_y01_dense_strip_y05_2p75|12195|135,scene_1|scene_1.2_y01_dense_strip_y05_2p75|11513|104,bc4d0ae450eb6beff5626c61120c27f5c3695a15,114e6ad867345c58a2ec349ceb131ae691008c87
scene_1_2_terminalgain_globalmax_interp_0612,family_02,112,6.901432,7.062562,0.16113,30,2,28,2.9,2.633401,2.625998,1.002819,0.169649,1.696492,1.79627,0.209541,0.085363,0.78615,0.0,scene_1|scene_1.2_y01_dense_strip_y05_2p75|12195|135,scene_1|scene_1.2_y01_dense_strip_y05_2p75|11513|104,6243a175c9e96b0a157f4e272b42664b45688cb8,d6d230820b171cc2628c07bd58cbf9729d336643
scene_1_2_terminalgain_globalmax_interp_0613,family_02,113,6.901432,7.062562,0.16113,30,2,28,2.9,2.673104,2.625998,1.017938,0.16965,1.696502,1.800813,0.06876,0.035084,1.999532,0.0,scene_1|scene_1.2_y01_dense_strip_y05_2p75|12195|135,scene_1|scene_1.2_y01_dense_strip_y05_2p75|11513|104,a48240aaa57835cacc21f876b2ed3edf89bb3843,fc08e0818df801241d7696a4ef191d38f6a3f636
scene_1_2_terminalgain_globalmax_interp_0614,family_02,114,6.901432,7.062562,0.16113,30,2,28,2.9,2.658535,2.625998,1.01239,0.16965,1.696502,1.798825,0.072022,0.015195,1.656815,0.0,scene_1|scene_1.2_y01_dense_strip_y05_2p75|12195|135,scene_1|scene_1.2_y01_dense_strip_y05_2p75|11513|104,4d02d2dbed68dab0859711b9dca5a6278534f365,6e65bebfefbd79532c6d63d0c9a81f858ff6e3a5
scene_1_2_terminalgain_globalmax_interp_0615,family_02,115,6.901432,7.062562,0.16113,30,2,28,2.9,2.642278,2.625998,1.0062,0.16965,1.696502,1.797057,0.212804,0.065475,1.167927,0.0,scene_1|scene_1.2_y01_dense_strip_y05_2p75|12195|135,scene_1|scene_1.2_y01_dense_strip_y05_2p75|11513|104,1b4ff6c429915b0dfa37dbc33b9ed9b17ab893d0,e146e82bc94c0f7fea1e4b0210f016809374ded5
scene_1_2_terminalgain_globalmax_interp_0616,family_02,116,6.901432,7.062562,0.16113,30,2,28,2.9,2.640333,2.625998,1.005459,0.169649,1.696492,1.796807,0.322167,0.115754,1.095715,0.0,scene_1|scene_1.2_y01_dense_strip_y05_2p75|12195|135,scene_1|scene_1.2_y01_dense_strip_y05_2p75|11513|104,1d1900976d1a8029e11ab8937b28c49c6bc5869b,fa492f58fa9656aafc6ed413a6a4649b4b3f7de3
scene_1_2_terminalgain_globalmax_interp_0617,family_02,117,6.901432,7.062562,0.16113,30,2,28,2.9,2.638416,2.625998,1.004729,0.169649,1.696494,1.796671,0.181386,0.166033,1.019619,0.0,scene_1|scene_1.2_y01_dense_strip_y05_2p75|12195|135,scene_1|scene_1.2_y01_dense_strip_y05_2p75|11513|104,e06f16c3cf82cd504492b2cf7d60c3a8e44a7053,c389a4fcdb1010c37ee802eb4307220f5299f6a7
scene_1_2_terminalgain_globalmax_interp_0618,family_02,118,6.901432,7.062562,0.16113,30,2,28,2.9,2.671976,2.625998,1.017509,0.169649,1.696492,1.800606,0.040604,0.12846,1.974906,0.0,scene_1|scene_1.2_y01_dense_strip_y05_2p75|12195|135,scene_1|scene_1.2_y01_dense_strip_y05_2p75|11513|104,e6362c7710f1f8178e2007556df2ef09bb95977b,44639ee28157a7c1963e7d2dce15abcfa05b9641
scene_1_2_terminalgain_globalmax_interp_0619,family_02,119,6.901432,7.062562,0.16113,30,2,28,2.9,2.652272,2.625998,1.010005,0.16965,1.696502,1.798118,0.100178,0.07818,1.486841,0.0,scene_1|scene_1.2_y01_dense_strip_y05_2p75|12195|135,scene_1|scene_1.2_y01_dense_strip_y05_2p75|11513|104,2401ed04be821b99bf0c1013541c92cd4c765c43,5eb07e6245d911d2e6be304d5cd37f87174b9643
scene_1_2_terminalgain_globalmax_interp_0620,family_02,120,6.901432,7.062562,0.16113,30,2,28,2.9,2.628263,2.625998,1.000863,0.16965,1.696504,1.795799,0.24096,0.027901,0.434668,0.0,scene_1|scene_1.2_y01_dense_strip_y05_2p75|12195|135,scene_1|scene_1.2_y01_dense_strip_y05_2p75|11513|104,e95865980c07c781f00782825630ef1f0f9a69f7,9a505f898fe49451746e96d630433e6184991537
scene_1_2_terminalgain_globalmax_interp_0621,family_02,121,6.901432,7.062562,0.16113,30,2,28,2.9,2.658094,2.625998,1.012223,0.169649,1.696494,1.798821,0.294011,0.022378,1.64555,0.0,scene_1|scene_1.2_y01_dense_strip_y05_2p75|12195|135,scene_1|scene_1.2_y01_dense_strip_y05_2p75|11513|104,e9360c740748c058328a1c751257d6aeb6283a18,8f63e471fd521f11fe09b1ed178e15e3b1fd653c
scene_1_2_terminalgain_globalmax_interp_0622,family_02,122,6.901432,7.062562,0.16113,30,2,28,2.9,2.662702,2.625998,1.013977,0.16965,1.696502,1.799425,0.153229,0.072657,1.761138,0.0,scene_1|scene_1.2_y01_dense_strip_y05_2p75|12195|135,scene_1|scene_1.2_y01_dense_strip_y05_2p75|11513|104,f358e8d861ca6762b53359dc012a32f2450ce35c,418f5c72396af40b24ce3959173804b8aadc7e03
scene_1_2_terminalgain_globalmax_interp_0623,family_02,123,6.901432,7.062562,0.16113,30,2,28,2.9,2.627244,2.625998,1.000474,0.169649,1.696492,1.795689,0.012448,0.122937,0.322278,0.0,scene_1|scene_1.2_y01_dense_strip_y05_2p75|12195|135,scene_1|scene_1.2_y01_dense_strip_y05_2p75|11513|104,c43def54d0ba4c25ae5eeafc8e3cab860ba12438,0b7f81173deaf71ec821e5b9b7edbeeaa8be3349
scene_1_2_terminalgain_globalmax_interp_0624,family_02,124,6.901432,7.062562,0.16113,30,2,28,2.9,2.649848,2.625998,1.009082,0.16965,1.696504,1.797933,0.128334,0.173216,1.415877,0.0,scene_1|scene_1.2_y01_dense_strip_y05_2p75|12195|135,scene_1|scene_1.2_y01_dense_strip_y05_2p75|11513|104,6c3e839b605365622ef14bc44eb59d5f5babbf17,c7189d09e7bb8b001bc13c9100c65a02d3a48ac7
scene_1_2_terminalgain_globalmax_interp_0625,family_02,125,6.901432,7.062562,0.16113,30,2,28,2.9,2.646608,2.625998,1.007848,0.16965,1.696504,1.797558,0.269116,0.170529,1.315396,0.0,scene_1|scene_1.2_y01_dense_strip_y05_2p75|12195|135,scene_1|scene_1.2_y01_dense_strip_y05_2p75|11513|104,0ec840b459a91750c24c9b1122522a2d5bc1df1a,75839c29978f081890d0bdd9ee773d8a8a70ec5b
scene_1_2_terminalgain_globalmax_interp_0626,family_02,126,6.901432,7.062562,0.16113,30,2,28,2.9,2.641415,2.625998,1.005871,0.16965,1.696502,1.797005,0.265854,0.12025,1.136517,0.0,scene_1|scene_1.2_y01_dense_strip_y05_2p75|12195|135,scene_1|scene_1.2_y01_dense_strip_y05_2p75|11513|104,77afe4a3c63c464309d69ca1b7691e11119075dd,bb9a9499a52a1ecf239689f3763ad47e2d62b020
scene_1_2_terminalgain_globalmax_interp_0627,family_02,127,6.901432,7.062562,0.16113,30,2,28,2.9,2.665452,2.625998,1.015025,0.169649,1.696492,1.799773,0.125073,0.069971,1.826934,0.0,scene_1|scene_1.2_y01_dense_strip_y05_2p75|12195|135,scene_1|scene_1.2_y01_dense_strip_y05_2p75|11513|104,f1de81b66c77cd7f4dc977e12964b2701a13f47f,5b1ee4aaec43db5a3de43bec118c5a357e7e676e
scene_1_2_terminalgain_globalmax_interp_0628,family_02,128,6.901432,7.062562,0.16113,30,2,28,2.9,2.657046,2.625998,1.011823,0.169649,1.696494,1.798606,0.015709,0.019691,1.61798,0.0,scene_1|scene_1.2_y01_dense_strip_y05_2p75|12195|135,scene_1|scene_1.2_y01_dense_strip_y05_2p75|11513|104,22fe78ca7f60a09d9a92e59a0e892ae63d4bbbd9,8417e567b8c93c33b5351c29a96fdaa03143f603
scene_1_2_terminalgain_globalmax_interp_0629,family_02,129,6.901432,7.062562,0.16113,30,2,28,2.9,2.658367,2.625998,1.012326,0.16965,1.696502,1.798873,0.156491,0.030587,1.652458,0.0,scene_1|scene_1.2_y01_dense_strip_y05_2p75|12195|135,scene_1|scene_1.2_y01_dense_strip_y05_2p75|11513|104,cee56fb25e44aec0bf7b403f9036bb5bcf4bad13,98aa1b36fdc716d1c5e00988290f14c2f3d94c95
scene_1_2_terminalgain_globalmax_interp_0630,family_02,130,6.901432,7.062562,0.16113,30,2,28,2.9,2.660135,2.625998,1.013,0.169649,1.696492,1.799078,0.297272,0.080866,1.69748,0.0,scene_1|scene_1.2_y01_dense_strip_y05_2p75|12195|135,scene_1|scene_1.2_y01_dense_strip_y05_2p75|11513|104,4e7c43bce0096a195823bcc4704b793091e23ab7,a7ea1168e59669677de2f792aa77a9ab38e6ef85
scene_1_2_terminalgain_globalmax_interp_0631,family_02,131,6.901432,7.062562,0.16113,30,2,28,2.9,2.64435,2.625998,1.006989,0.16965,1.696502,1.797257,0.237698,0.131145,1.240373,0.0,scene_1|scene_1.2_y01_dense_strip_y05_2p75|12195|135,scene_1|scene_1.2_y01_dense_strip_y05_2p75|11513|104,4c2d34fa176620b20e9bdf39b3f50098d4eae028,de7ebf03742c75966ae91f09b2d9486939e445fb
scene_1_2_terminalgain_globalmax_interp_0632,family_02,132,6.901432,7.062562,0.16113,30,2,28,2.9,2.631664,2.625998,1.002158,0.16965,1.696504,1.796156,0.096916,0.163346,0.687671,0.0,scene_1|scene_1.2_y01_dense_strip_y05_2p75|12195|135,scene_1|scene_1.2_y01_dense_strip_y05_2p75|11513|104,a90c7ec2169af1d1f1ffd8bdc8e152bb337042b3,2ef455f6a394414d4c32de8dd9fd0820443be103
scene_1_2_terminalgain_globalmax_interp_0633,family_02,133,6.901432,7.062562,0.16113,30,2,28,2.9,2.652883,2.625998,1.010238,0.169649,1.696494,1.798233,0.043865,0.113067,1.504445,0.0,scene_1|scene_1.2_y01_dense_strip_y05_2p75|12195|135,scene_1|scene_1.2_y01_dense_strip_y05_2p75|11513|104,ab741f9cb6cdc1152e4a299a0ccb01863306df65,d7f53870dfe66cea1ed058b4b90c86bdaba189d0
scene_1_2_terminalgain_globalmax_interp_0634,family_02,134,6.901432,7.062562,0.16113,30,2,28,2.9,2.649269,2.625998,1.008862,0.169649,1.696492,1.797955,0.184647,0.062788,1.398534,0.0,scene_1|scene_1.2_y01_dense_strip_y05_2p75|12195|135,scene_1|scene_1.2_y01_dense_strip_y05_2p75|11513|104,5f0374ef28877ec06e7f7590d70c49ce3261dee5,379d812d9c27da60ba2a4b8d70c44bd2e3429a23
scene_1_2_terminalgain_globalmax_interp_0635,family_02,135,6.901432,7.062562,0.16113,30,2,28,2.9,2.631684,2.625998,1.002165,0.169649,1.696492,1.796148,0.325429,0.012509,0.688798,0.0,scene_1|scene_1.2_y01_dense_strip_y05_2p75|12195|135,scene_1|scene_1.2_y01_dense_strip_y05_2p75|11513|104,2ca3fb6fdcd3d3be00588be1d69b052f6e55dc1a,4411e9650b5d3bc89ba63f0b99cbbfa3788f9475
scene_1_2_terminalgain_globalmax_interp_0636,family_02,136,6.901432,7.062562,0.16113,30,2,28,2.9,2.65224,2.625998,1.009993,0.16965,1.696504,1.798168,0.344692,0.037769,1.485832,0.0,scene_1|scene_1.2_y01_dense_strip_y05_2p75|12195|135,scene_1|scene_1.2_y01_dense_strip_y05_2p75|11513|104,d1da2941d0ce5a93955ef33883965e1787bb9dc2,0f20cf67e96d3d89c5a8dc3678c26105e3411a1f
scene_1_2_terminalgain_globalmax_interp_0637,family_02,137,6.901432,7.062562,0.16113,30,2,28,2.9,2.67761,2.625998,1.019654,0.16965,1.696504,1.801399,0.203911,0.088049,2.094953,0.0,scene_1|scene_1.2_y01_dense_strip_y05_2p75|12195|135,scene_1|scene_1.2_y01_dense_strip_y05_2p75|11513|104,0acf172c51e53143fd0dde94f1f1b102108e7879,e9f6297c23b4f43f4ac870bf9b550ae0eaf6d5ac
scene_1_2_terminalgain_globalmax_interp_0638,family_02,138,6.901432,7.062562,0.16113,30,2,28,2.9,2.648426,2.625998,1.008541,0.16965,1.696502,1.797776,0.063129,0.138328,1.372634,0.0,scene_1|scene_1.2_y01_dense_strip_y05_2p75|12195|135,scene_1|scene_1.2_y01_dense_strip_y05_2p75|11513|104,f38d736390043b41a41605399db1066db8312573,75daa34645a6506be6f4e96bbb8866f864d27233
scene_1_2_terminalgain_globalmax_interp_0639,family_02,139,6.901432,7.062562,0.16113,30,2,28,2.9,2.636016,2.625998,1.003815,0.16965,1.696502,1.796542,0.077653,0.156164,0.915003,0.0,scene_1|scene_1.2_y01_dense_strip_y05_2p75|12195|135,scene_1|scene_1.2_y01_dense_strip_y05_2p75|11513|104,b3dbff99f66e0207e3519e0d8995a94e2ab70d29,a8fdba39b5b64fb285790d854bc5ea1222d3fe69
scene_1_2_terminalgain_globalmax_interp_0640,family_02,140,6.901432,7.062562,0.16113,30,2,28,2.9,2.643013,2.625998,1.006479,0.169649,1.696494,1.797099,0.218434,0.105884,1.194334,0.0,scene_1|scene_1.2_y01_dense_strip_y05_2p75|12195|135,scene_1|scene_1.2_y01_dense_strip_y05_2p75|11513|104,8f84d7fa447115f1ddc45eca2c3fd2f5c79bc45e,8cf801e703304d26561181042e8b4664521a7cfd
scene_1_2_terminalgain_globalmax_interp_0641,family_02,141,6.901432,7.062562,0.16113,30,2,28,2.9,2.645059,2.625998,1.007259,0.16965,1.696504,1.797452,0.316536,0.055605,1.264657,0.0,scene_1|scene_1.2_y01_dense_strip_y05_2p75|12195|135,scene_1|scene_1.2_y01_dense_strip_y05_2p75|11513|104,bcfc82cf914b66d8deea5c09838e5204aea0fc32,f6e81f0c4da37cd1729f5adef1558f4028749e37
scene_1_2_terminalgain_globalmax_interp_0642,family_02,142,6.901432,7.062562,0.16113,30,2,28,2.9,2.652962,2.625998,1.010268,0.169649,1.696492,1.798249,0.175754,0.005326,1.506337,0.0,scene_1|scene_1.2_y01_dense_strip_y05_2p75|12195|135,scene_1|scene_1.2_y01_dense_strip_y05_2p75|11513|104,6d769bfdad66a006d61bafa73ae5d855bb635c78,0669b9b0fff26ef4aaf16b28c06e79ad0bbaac06
scene_1_2_terminalgain_globalmax_interp_0643,family_02,143,6.901432,7.062562,0.16113,30,2,28,2.9,2.640339,2.625998,1.005461,0.16965,1.696502,1.796917,0.034972,0.044952,1.095911,0.0,scene_1|scene_1.2_y01_dense_strip_y05_2p75|12195|135,scene_1|scene_1.2_y01_dense_strip_y05_2p75|11513|104,766cecafda7374a058ed6d23142e89daec61b9e6,927785e4b98260bc9279f235dae1d5b3c31e6974
scene_1_2_terminalgain_globalmax_interp_0644,family_02,144,6.901432,7.062562,0.16113,30,2,28,2.9,2.628329,2.625998,1.000888,0.169649,1.696492,1.795814,0.105809,0.095231,0.440604,0.0,scene_1|scene_1.2_y01_dense_strip_y05_2p75|12195|135,scene_1|scene_1.2_y01_dense_strip_y05_2p75|11513|104,a57626238576aeed8efc3b3a71db133a6510e21c,4b5b63366dd27e3a17016819886ffa16b6bf7172
scene_1_2_terminalgain_globalmax_interp_0645,family_02,145,6.901432,7.062562,0.16113,30,2,28,2.9,2.689328,2.625998,1.024116,0.169649,1.696492,1.803262,0.246591,0.145511,2.325784,0.0,scene_1|scene_1.2_y01_dense_strip_y05_2p75|12195|135,scene_1|scene_1.2_y01_dense_strip_y05_2p75|11513|104,37fd700b9b0ea44d15cc14ca4d21e88945b3a250,dae0ec44eccec704d72a0cc978c5ec68cfd639c3
scene_1_2_terminalgain_globalmax_interp_0646,family_02,146,6.901432,7.062562,0.16113,30,2,28,2.9,2.680855,2.625998,1.02089,0.16965,1.696502,1.801858,0.288379,0.148981,2.160886,0.0,scene_1|scene_1.2_y01_dense_strip_y05_2p75|12195|135,scene_1|scene_1.2_y01_dense_strip_y05_2p75|11513|104,8b926d4eb551a4a7fa370f67fd78be65ceb6301c,335ddd49fa85f9a4738717d5322698f1f42e0f30
scene_1_2_terminalgain_globalmax_interp_0647,family_02,147,6.901432,7.062562,0.16113,30,2,28,2.9,2.626513,2.625998,1.000196,0.16965,1.696502,1.795682,0.147598,0.098702,0.217468,0.0,scene_1|scene_1.2_y01_dense_strip_y05_2p75|12195|135,scene_1|scene_1.2_y01_dense_strip_y05_2p75|11513|104,1478049a3726385104c8258006e1fe01c742456b,c6d9a1d79188d90feb374728310ef8493ae1cffd
scene_1_2_terminalgain_globalmax_interp_0648,family_02,148,6.901432,7.062562,0.16113,30,2,28,2.9,2.644793,2.625998,1.007157,0.169649,1.696494,1.797282,0.006816,0.048422,1.25591,0.0,scene_1|scene_1.2_y01_dense_strip_y05_2p75|12195|135,scene_1|scene_1.2_y01_dense_strip_y05_2p75|11513|104,ba4cb7b76d01f93aedcb2b6428c1b7bc7a70fb1c,15dce7429e4176073a0ba60af8f57d90ec9e8b84
scene_1_2_terminalgain_globalmax_interp_0649,family_02,149,6.901432,7.062562,0.16113,30,2,28,2.9,2.647126,2.625998,1.008046,0.16965,1.696504,1.797583,0.133966,0.001857,1.332167,0.0,scene_1|scene_1.2_y01_dense_strip_y05_2p75|12195|135,scene_1|scene_1.2_y01_dense_strip_y05_2p75|11513|104,c92df2d01257342bf1ed7f698c910ee53236a4b4,567fb7841e15a75c2f083d50f4706f37e54ba41b
scene_1_2_terminalgain_globalmax_interp_0650,family_02,150,6.901432,7.062562,0.16113,30,2,28,2.9,2.645061,2.625998,1.007259,0.169649,1.696492,1.797361,0.274747,0.052135,1.264833,0.0,scene_1|scene_1.2_y01_dense_strip_y05_2p75|12195|135,scene_1|scene_1.2_y01_dense_strip_y05_2p75|11513|104,b76e2ec96b4616dc6413c85f44f011a7d60a2a23,0542985bcce16bb5eb839d27a91dc4ef158c9c26
scene_1_2_terminalgain_globalmax_interp_0651,family_02,151,6.901432,7.062562,0.16113,30,2,28,2.9,2.649978,2.625998,1.009132,0.16965,1.696502,1.797926,0.260224,0.102414,1.419639,0.0,scene_1|scene_1.2_y01_dense_strip_y05_2p75|12195|135,scene_1|scene_1.2_y01_dense_strip_y05_2p75|11513|104,af2351ba63eba35c841885467c4bc4d3bb8b9850,2004505380c1b1f7b9f8e13df3ae6eb74a1e873b
scene_1_2_terminalgain_globalmax_interp_0652,family_02,152,6.901432,7.062562,0.16113,30,2,28,2.9,2.631906,2.625998,1.00225,0.169649,1.696492,1.796116,0.119441,0.152693,0.702248,0.0,scene_1|scene_1.2_y01_dense_strip_y05_2p75|12195|135,scene_1|scene_1.2_y01_dense_strip_y05_2p75|11513|104,a0dc4557629c81c1a5234791a39c238844ec755e,2b1819178477c35bd343e4decbbd4e4f3d6654af
scene_1_2_terminalgain_globalmax_interp_0653,family_02,153,6.901432,7.062562,0.16113,30,2,28,2.9,2.651314,2.625998,1.009641,0.169649,1.696492,1.798032,0.021341,0.141798,1.459152,0.0,scene_1|scene_1.2_y01_dense_strip_y05_2p75|12195|135,scene_1|scene_1.2_y01_dense_strip_y05_2p75|11513|104,5fb45d146e906905dc5a0a87d46a2240c7da7ccd,36c1ef115ccfc6f58a4e6b31990b461e4851b38c
scene_1_2_terminalgain_globalmax_interp_0654,family_02,154,6.901432,7.062562,0.16113,30,2,28,2.9,2.685931,2.625998,1.022823,0.16965,1.696502,1.802643,0.162122,0.091519,2.261228,0.0,scene_1|scene_1.2_y01_dense_strip_y05_2p75|12195|135,scene_1|scene_1.2_y01_dense_strip_y05_2p75|11513|104,0c8a10ad02c4e16df9ecc20d5a71c87d332a68a0,ee7a0997cda6be013186577c672e4694de0a795d
scene_1_2_terminalgain_globalmax_interp_0655,family_02,155,6.901432,7.062562,0.16113,30,2,28,2.9,2.661866,2.625998,1.013659,0.169649,1.696492,1.799223,0.302904,0.04124,1.740309,0.0,scene_1|scene_1.2_y01_dense_strip_y05_2p75|12195|135,scene_1|scene_1.2_y01_dense_strip_y05_2p75|11513|104,906a600b3f8425cb201d4e3762adf677e323fbec,7cfd3890dbe0166dfe7b76886ef9bdc00d2d0fd9
scene_1_2_terminalgain_globalmax_interp_0656,family_02,156,6.901432,7.062562,0.16113,30,2,28,2.9,2.634198,2.625998,1.003123,0.16965,1.696504,1.79637,0.232067,0.009039,0.827583,0.0,scene_1|scene_1.2_y01_dense_strip_y05_2p75|12195|135,scene_1|scene_1.2_y01_dense_strip_y05_2p75|11513|104,d4799b8acdc3c378ff74d2fa34d80f520377f000,a9af52ce607045400e459f26bca8ce034f587ec0
scene_1_2_terminalgain_globalmax_interp_0657,family_02,157,6.901432,7.062562,0.16113,30,2,28,2.9,2.645267,2.625998,1.007338,0.16965,1.696504,1.797382,0.091285,0.059318,1.271492,0.0,scene_1|scene_1.2_y01_dense_strip_y05_2p75|12195|135,scene_1|scene_1.2_y01_dense_strip_y05_2p75|11513|104,4177a4e4c5315572d67b227985e9e9973bf556c5,441487ee3cdec4bca7aad07b81f56b3355fa7790
scene_1_2_terminalgain_globalmax_interp_0658,family_02,158,6.901432,7.062562,0.16113,30,2,28,2.9,2.659841,2.625998,1.012887,0.16965,1.696504,1.799088,0.049496,0.109597,1.690249,0.0,scene_1|scene_1.2_y01_dense_strip_y05_2p75|12195|135,scene_1|scene_1.2_y01_dense_strip_y05_2p75|11513|104,b6900944b5e34abac9cd9c8a7988f27561c7824b,a1ffe5c6a161206b990895742f647dd579454ca7
scene_1_2_terminalgain_globalmax_interp_0659,family_02,159,6.901432,7.062562,0.16113,30,2,28,2.9,2.632197,2.625998,1.002361,0.169649,1.696494,1.796133,0.190279,0.159876,0.719535,0.0,scene_1|scene_1.2_y01_dense_strip_y05_2p75|12195|135,scene_1|scene_1.2_y01_dense_strip_y05_2p75|11513|104,a97be034fff52595d5685734aa392fa12256f109,37bff1cfdbe0f26c8476ff09b5599b496907845e
scene_1_2_terminalgain_globalmax_interp_0660,family_02,160,6.901432,7.062562,0.16113,30,2,28,2.9,2.637617,2.625998,1.004425,0.169649,1.696492,1.796515,0.331061,0.134615,0.985708,0.0,scene_1|scene_1.2_y01_dense_strip_y05_2p75|12195|135,scene_1|scene_1.2_y01_dense_strip_y05_2p75|11513|104,657430c653a6f322811fb86cdc3fdba5baa4ef0f,19df8b5b0a1cd5983b696a1d6e5557db64031abd
scene_1_2_terminalgain_globalmax_interp_0661,family_02,161,6.901432,7.062562,0.16113,30,2,28,2.9,2.665488,2.625998,1.015038,0.16965,1.696502,1.799748,0.339061,0.084336,1.827759,0.0,scene_1|scene_1.2_y01_dense_strip_y05_2p75|12195|135,scene_1|scene_1.2_y01_dense_strip_y05_2p75|11513|104,4fb80656dc8541c863b63ed3babe490261d4f919,aa227f312eeeb302967c35e0d7b420f5b533078f
scene_1_2_terminalgain_globalmax_interp_0662,family_02,162,6.901432,7.062562,0.16113,30,2,28,2.9,2.655942,2.625998,1.011403,0.169649,1.696492,1.798531,0.198279,0.034057,1.588452,0.0,scene_1|scene_1.2_y01_dense_strip_y05_2p75|12195|135,scene_1|scene_1.2_y01_dense_strip_y05_2p75|11513|104,832d5673bf6d5e32e59a8d929572da9ace2c081f,1b6c8619b45b39ebdf16f07ba1f06eebde9726bc
scene_1_2_terminalgain_globalmax_interp_0663,family_02,163,6.901432,7.062562,0.16113,30,2,28,2.9,2.648157,2.625998,1.008438,0.16965,1.696502,1.797697,0.057497,0.016222,1.364247,0.0,scene_1|scene_1.2_y01_dense_strip_y05_2p75|12195|135,scene_1|scene_1.2_y01_dense_strip_y05_2p75|11513|104,1b325b9e279b805a308f958ab28e8660acf712fe,f63fba0652deb94c2848f1685e82659d23f2c867
scene_1_2_terminalgain_globalmax_interp_0664,family_02,164,6.901432,7.062562,0.16113,30,2,28,2.9,2.661994,2.625998,1.013707,0.16965,1.696504,1.799398,0.083284,0.0665,1.743827,0.0,scene_1|scene_1.2_y01_dense_strip_y05_2p75|12195|135,scene_1|scene_1.2_y01_dense_strip_y05_2p75|11513|104,9580ea05ff62189471bd1c3cb13cfef5c60be0b5,291a2071614ac04f527697e64f33008c0efb5a6e
scene_1_2_terminalgain_globalmax_interp_0665,family_02,165,6.901432,7.062562,0.16113,30,2,28,2.9,2.640726,2.625998,1.005609,0.169649,1.696494,1.796927,0.224066,0.11678,1.110672,0.0,scene_1|scene_1.2_y01_dense_strip_y05_2p75|12195|135,scene_1|scene_1.2_y01_dense_strip_y05_2p75|11513|104,ce406759fa1de7b16e18ff1f502ea5c9a4c763ab,3afaebf73a34ab1651e0bae671d8b396d71f0931
scene_1_2_terminalgain_globalmax_interp_0666,family_02,166,6.901432,7.062562,0.16113,30,2,28,2.9,2.647638,2.625998,1.008241,0.169649,1.696492,1.79777,0.310905,0.167059,1.348161,0.0,scene_1|scene_1.2_y01_dense_strip_y05_2p75|12195|135,scene_1|scene_1.2_y01_dense_strip_y05_2p75|11513|104,c9cb61a1d9fe6c88d29054ab8039b428a1090c7f,a22ca75f7d73be2571eda00b486b8ca60938ec78
scene_1_2_terminalgain_globalmax_interp_0667,family_02,167,6.901432,7.062562,0.16113,30,2,28,2.9,2.647489,2.625998,1.008184,0.169649,1.696494,1.797661,0.170123,0.127433,1.343475,0.0,scene_1|scene_1.2_y01_dense_strip_y05_2p75|12195|135,scene_1|scene_1.2_y01_dense_strip_y05_2p75|11513|104,901da9923ccb37c5f8a3094d16c612f47aed39c1,752f6f6e50e266df3d23de4e86a0f9da5bfe993d
scene_1_2_terminalgain_globalmax_interp_0668,family_02,168,6.901432,7.062562,0.16113,30,2,28,2.9,2.626962,2.625998,1.000367,0.16965,1.696502,1.795766,0.029341,0.077153,0.28348,0.0,scene_1|scene_1.2_y01_dense_strip_y05_2p75|12195|135,scene_1|scene_1.2_y01_dense_strip_y05_2p75|11513|104,1e8a1eaa2247c5c5cabd15797fac7e18a93466eb,82084b629ed2456b34aab6278188b2db37d9ed67
scene_1_2_terminalgain_globalmax_interp_0669,family_02,169,6.901432,7.062562,0.16113,30,2,28,2.9,2.665211,2.625998,1.014933,0.169649,1.696492,1.799686,0.111441,0.026874,1.821261,0.0,scene_1|scene_1.2_y01_dense_strip_y05_2p75|12195|135,scene_1|scene_1.2_y01_dense_strip_y05_2p75|11513|104,94e4845013342c78c83ac74ebde2ff694a8166dc,6b26955d096a09652e076579a2d3a568e6c83911
scene_1_2_terminalgain_globalmax_interp_0670,family_02,170,6.901432,7.062562,0.16113,30,2,28,2.9,2.655974,2.625998,1.011415,0.16965,1.696502,1.798606,0.252223,0.023404,1.589605,0.0,scene_1|scene_1.2_y01_dense_strip_y05_2p75|12195|135,scene_1|scene_1.2_y01_dense_strip_y05_2p75|11513|104,b4ea09fba8d825ec25a8615685eae8f127f0c934,160084ea2ccfca08735df87cfad864cf0bd583c2
scene_1_2_terminalgain_globalmax_interp_0671,family_02,171,6.901432,7.062562,0.16113,30,2,28,2.9,2.628958,2.625998,1.001127,0.16965,1.696502,1.795907,0.282749,0.073683,0.49684,0.0,scene_1|scene_1.2_y01_dense_strip_y05_2p75|12195|135,scene_1|scene_1.2_y01_dense_strip_y05_2p75|11513|104,bb8d41feddecf00e342ff89881c23a047885db77,e16a086452d15f03a434c959580afbbebc5f17a6
scene_1_2_terminalgain_globalmax_interp_0672,family_02,172,6.901432,7.062562,0.16113,30,2,28,2.9,2.655025,2.625998,1.011054,0.169649,1.696494,1.798414,0.141967,0.123962,1.563797,0.0,scene_1|scene_1.2_y01_dense_strip_y05_2p75|12195|135,scene_1|scene_1.2_y01_dense_strip_y05_2p75|11513|104,ab6d0a680ce78a9725bd621bd7c0cecbb4299c4e,a5ecbb3d75112a2311a5bc2db6a5d3eb7b5d35e5
scene_1_2_terminalgain_globalmax_interp_0673,family_02,173,6.901432,7.062562,0.16113,30,2,28,2.9,2.669334,2.625998,1.016503,0.16965,1.696502,1.800335,0.001185,0.174242,1.916426,0.0,scene_1|scene_1.2_y01_dense_strip_y05_2p75|12195|135,scene_1|scene_1.2_y01_dense_strip_y05_2p75|11513|104,73f7522f88616df8f42f085b4cfef6ecc921ec1a,a68d81ff5e284a001ac115e4e8d7ef05d9a3366e
scene_1_2_terminalgain_globalmax_interp_0674,family_02,174,6.901432,7.062562,0.16113,30,2,28,2.9,2.637428,2.625998,1.004353,0.16965,1.696504,1.796604,0.139596,0.169503,0.977896,0.0,scene_1|scene_1.2_y01_dense_strip_y05_2p75|12195|135,scene_1|scene_1.2_y01_dense_strip_y05_2p75|11513|104,e5bd62d55676c59763552742271f737f1a00c082,9622f9f4068a4d31d84f97d85458e921af21f42d
scene_1_2_terminalgain_globalmax_interp_0675,family_02,175,6.901432,7.062562,0.16113,30,2,28,2.9,2.642184,2.625998,1.006164,0.16965,1.696504,1.797067,0.280379,0.119224,1.164718,0.0,scene_1|scene_1.2_y01_dense_strip_y05_2p75|12195|135,scene_1|scene_1.2_y01_dense_strip_y05_2p75|11513|104,74c50cc7c5a3e459c63dad8418e89b69470ae3fb,eeb2e98e0571073db097e0c4515a69aab6f103ea
scene_1_2_terminalgain_globalmax_interp_0676,family_02,176,6.901432,7.062562,0.16113,30,2,28,2.9,2.639979,2.625998,1.005324,0.169649,1.696492,1.796903,0.254592,0.068945,1.081797,0.0,scene_1|scene_1.2_y01_dense_strip_y05_2p75|12195|135,scene_1|scene_1.2_y01_dense_strip_y05_2p75|11513|104,23ffc8e73c099e6555c295bedff2feee324bc24b,7bcc3c2597cec7568ed9f91b592e235a778ffb04
scene_1_2_terminalgain_globalmax_interp_0677,family_02,177,6.901432,7.062562,0.16113,30,2,28,2.9,2.659065,2.625998,1.012592,0.169649,1.696492,1.798984,0.11381,0.018666,1.670423,0.0,scene_1|scene_1.2_y01_dense_strip_y05_2p75|12195|135,scene_1|scene_1.2_y01_dense_strip_y05_2p75|11513|104,556e2bc3e8d46c668fcd8ea1cf2561796d937303,9a4ea83eb15e52027ca925772dadd8a57dd5ae95
scene_1_2_terminalgain_globalmax_interp_0678,family_02,178,6.901432,7.062562,0.16113,30,2,28,2.9,2.674988,2.625998,1.018656,0.169649,1.696494,1.800991,0.026971,0.031614,2.039953,0.0,scene_1|scene_1.2_y01_dense_strip_y05_2p75|12195|135,scene_1|scene_1.2_y01_dense_strip_y05_2p75|11513|104,f4768be1e4dabc1d29004aed49028a8283e36e04,a6d67b3b31f2f93e3329a52529c736079fc91545
scene_1_2_terminalgain_globalmax_interp_0679,family_02,179,6.901432,7.062562,0.16113,30,2,28,2.9,2.631919,2.625998,1.002255,0.16965,1.696504,1.796137,0.167753,0.081893,0.702827,0.0,scene_1|scene_1.2_y01_dense_strip_y05_2p75|12195|135,scene_1|scene_1.2_y01_dense_strip_y05_2p75|11513|104,6b571a927d626d417f1519c5db094e7f717d360f,b49e935df8ee82559d11789aace481d84db626d7
scene_1_2_terminalgain_globalmax_interp_0680,family_02,180,6.901432,7.062562,0.16113,30,2,28,2.9,2.635509,2.625998,1.003622,0.169649,1.696492,1.79647,0.308535,0.132172,0.891401,0.0,scene_1|scene_1.2_y01_dense_strip_y05_2p75|12195|135,scene_1|scene_1.2_y01_dense_strip_y05_2p75|11513|104,2ede508128fe1b77514cad0570b11d1f151dcaf0,737f84c0bfba5706bfaa9b4f5f5dd780e93ad21a
scene_1_2_terminalgain_globalmax_interp_0681,family_02,181,6.901432,7.062562,0.16113,30,2,28,2.9,2.667684,2.625998,1.015874,0.169649,1.696492,1.800027,0.226435,0.162321,1.878795,0.0,scene_1|scene_1.2_y01_dense_strip_y05_2p75|12195|135,scene_1|scene_1.2_y01_dense_strip_y05_2p75|11513|104,9facf86e28091fbd9e5bb9f33bb0b640b3043d12,b09ab8ffd5d24e271bc2e20d0e972e3c6f0f47cd
scene_1_2_terminalgain_globalmax_interp_0682,family_02,182,6.901432,7.062562,0.16113,30,2,28,2.9,2.675992,2.625998,1.019038,0.169649,1.696492,1.80109,0.085654,0.112041,2.061071,0.0,scene_1|scene_1.2_y01_dense_strip_y05_2p75|12195|135,scene_1|scene_1.2_y01_dense_strip_y05_2p75|11513|104,fedf0fcb434a418bdc36ca8efcdb08fc66f66d0e,9a92d2e02340972d218e4a033bc42b70148cd5c9
scene_1_2_terminalgain_globalmax_interp_0683,family_02,183,6.901432,7.062562,0.16113,30,2,28,2.9,2.632704,2.625998,1.002554,0.16965,1.696502,1.796151,0.055128,0.061762,0.748217,0.0,scene_1|scene_1.2_y01_dense_strip_y05_2p75|12195|135,scene_1|scene_1.2_y01_dense_strip_y05_2p75|11513|104,ce4ec6caf42fc272b8c6da70e3a83d05d4758585,263771f28f57aacfb2426b7b5d95886898ab995c
scene_1_2_terminalgain_globalmax_interp_0684,family_02,184,6.901432,7.062562,0.16113,30,2,28,2.9,2.632064,2.625998,1.00231,0.16965,1.696502,1.796149,0.19591,0.011483,0.711399,0.0,scene_1|scene_1.2_y01_dense_strip_y05_2p75|12195|135,scene_1|scene_1.2_y01_dense_strip_y05_2p75|11513|104,bdad980a8a2a99a9218d912f84255ea41e6fc0fb,c76a42d4e640b550d592326000c2730551fade57
scene_1_2_terminalgain_globalmax_interp_0685,family_02,185,6.901432,7.062562,0.16113,30,2,28,2.9,2.668824,2.625998,1.016309,0.169649,1.696494,1.800116,0.336691,0.038796,1.904785,0.0,scene_1|scene_1.2_y01_dense_strip_y05_2p75|12195|135,scene_1|scene_1.2_y01_dense_strip_y05_2p75|11513|104,f2296a24c44b2ef41a0b7f1d819266c97c2bbb0b,2e433ffc47c7c0acd118c0d5b5cdb195d5185dde
scene_1_2_terminalgain_globalmax_interp_0686,family_02,186,6.901432,7.062562,0.16113,30,2,28,2.9,2.649999,2.625998,1.00914,0.16965,1.696504,1.797884,0.33343,0.089076,1.42052,0.0,scene_1|scene_1.2_y01_dense_strip_y05_2p75|12195|135,scene_1|scene_1.2_y01_dense_strip_y05_2p75|11513|104,f1a95fdebb00db8a62215f1226641102a11b704b,be0fd8c46da3439fc22ac75cacba994247f4d802
scene_1_2_terminalgain_globalmax_interp_0687,family_02,187,6.901432,7.062562,0.16113,30,2,28,2.9,2.639477,2.625998,1.005133,0.169649,1.696494,1.796773,0.192648,0.139355,1.062358,0.0,scene_1|scene_1.2_y01_dense_strip_y05_2p75|12195|135,scene_1|scene_1.2_y01_dense_strip_y05_2p75|11513|104,3bc1413ab25b0d9810be7cb43767ed9b3be9a0b4,30f733eae24f8318c4a3697173f15f04c8340469
scene_1_2_terminalgain_globalmax_interp_0688,family_02,188,6.901432,7.062562,0.16113,30,2,28,2.9,2.639467,2.625998,1.005129,0.16965,1.696502,1.796751,0.051867,0.155138,1.061931,0.0,scene_1|scene_1.2_y01_dense_strip_y05_2p75|12195|135,scene_1|scene_1.2_y01_dense_strip_y05_2p75|11513|104,c6d13aa5363ab044c4f1d62ae1cca7271fb4790a,4f33978792b344e7382e57e9d2fc9d23e3dcdbdb
scene_1_2_terminalgain_globalmax_interp_0689,family_02,189,6.901432,7.062562,0.16113,30,2,28,2.9,2.643385,2.625998,1.006621,0.16965,1.696502,1.797153,0.088915,0.104859,1.207331,0.0,scene_1|scene_1.2_y01_dense_strip_y05_2p75|12195|135,scene_1|scene_1.2_y01_dense_strip_y05_2p75|11513|104,8fed2031d60240f0c8194187584ae51f014de5dd,4474543e948d803fead98599ea3deb5b46ad87a8
scene_1_2_terminalgain_globalmax_interp_0690,family_02,190,6.901432,7.062562,0.16113,30,2,28,2.9,2.660542,2.625998,1.013155,0.16965,1.696502,1.799115,0.229697,0.054579,1.707707,0.0,scene_1|scene_1.2_y01_dense_strip_y05_2p75|12195|135,scene_1|scene_1.2_y01_dense_strip_y05_2p75|11513|104,9f26f020ef6791391d1aada5bbc2ba2b1e90622b,49d8d1d0e73d738824607971a77bc202136deec2
scene_1_2_terminalgain_globalmax_interp_0691,family_02,191,6.901432,7.062562,0.16113,30,2,28,2.9,2.661093,2.625998,1.013365,0.16965,1.696502,1.799196,0.305273,0.0043,1.721647,0.0,scene_1|scene_1.2_y01_dense_strip_y05_2p75|12195|135,scene_1|scene_1.2_y01_dense_strip_y05_2p75|11513|104,4ae0ddddfd172e9e0146a05149c35fc5a14f483e,2074f961b9f41296a6a2325868705b91cab0728f
scene_1_2_terminalgain_globalmax_interp_0692,family_02,192,6.901432,7.062562,0.16113,30,2,28,2.9,2.628046,2.625998,1.00078,0.169649,1.696494,1.795777,0.164492,0.045979,0.413148,0.0,scene_1|scene_1.2_y01_dense_strip_y05_2p75|12195|135,scene_1|scene_1.2_y01_dense_strip_y05_2p75|11513|104,599955a90503aee7c19f5a01c387367cd77998e6,d16fd5d0a109d13fa55245b32711a2f354b14b01
scene_1_2_terminalgain_globalmax_interp_0693,family_02,193,6.901432,7.062562,0.16113,30,2,28,2.9,2.663619,2.625998,1.014326,0.16965,1.696504,1.799529,0.02371,0.096258,1.783551,0.0,scene_1|scene_1.2_y01_dense_strip_y05_2p75|12195|135,scene_1|scene_1.2_y01_dense_strip_y05_2p75|11513|104,892d5da4d6518ab9859f3a3b5e95ac157b0e15a9,baa9c3c3d247f051035781947618e933e2306db7
scene_1_2_terminalgain_globalmax_interp_0694,family_02,194,6.901432,7.062562,0.16113,30,2,28,2.9,2.669339,2.625998,1.016505,0.169649,1.696494,1.80028,0.117072,0.146538,1.916599,0.0,scene_1|scene_1.2_y01_dense_strip_y05_2p75|12195|135,scene_1|scene_1.2_y01_dense_strip_y05_2p75|11513|104,ada87c0032b884012b37843f800ccc4bc226a884,be9030aa91cc8f11fcb51f8ed8d44842c9bdeac5
scene_1_2_terminalgain_globalmax_interp_0695,family_02,195,6.901432,7.062562,0.16113,30,2,28,2.9,2.626524,2.625998,1.0002,0.169649,1.696494,1.795633,0.257853,0.147955,0.209614,0.0,scene_1|scene_1.2_y01_dense_strip_y05_2p75|12195|135,scene_1|scene_1.2_y01_dense_strip_y05_2p75|11513|104,e7d023cc8645e7c7611e9af17ada035bc94ce350,57223f9bd4feefae7d1a746660766acea027f602
scene_1_2_terminalgain_globalmax_interp_0696,family_02,196,6.901432,7.062562,0.16113,30,2,28,2.9,2.646663,2.625998,1.007869,0.16965,1.696502,1.7976,0.277117,0.097676,1.317107,0.0,scene_1|scene_1.2_y01_dense_strip_y05_2p75|12195|135,scene_1|scene_1.2_y01_dense_strip_y05_2p75|11513|104,b2e5b11fa130776e2180c9256aa36815f3bdb3be,b4609ae7c5632d5f256e4c2f5637fdcf4671facd
scene_1_2_terminalgain_globalmax_interp_0697,family_02,197,6.901432,7.062562,0.16113,30,2,28,2.9,2.647002,2.625998,1.007998,0.169649,1.696492,1.797607,0.136335,0.047397,1.328144,0.0,scene_1|scene_1.2_y01_dense_strip_y05_2p75|12195|135,scene_1|scene_1.2_y01_dense_strip_y05_2p75|11513|104,520bcf2db53b6e0d2ed67ff3951400b1af88f1f6,ebe4a3b541e5538dcfc9c1c194a85b19575be190
scene_1_2_terminalgain_globalmax_interp_0698,family_02,198,6.901432,7.062562,0.16113,30,2,28,2.9,2.641815,2.625998,1.006023,0.16965,1.696502,1.797076,0.004447,0.002883,1.1513,0.0,scene_1|scene_1.2_y01_dense_strip_y05_2p75|12195|135,scene_1|scene_1.2_y01_dense_strip_y05_2p75|11513|104,1d77dfd1d51c495652db2a1b3732bf38bef24965,0d8cd54907ed0353fe8e8f30d84ed9ba983c817b
scene_1_2_terminalgain_globalmax_interp_0699,family_02,199,6.901432,7.062562,0.16113,30,2,28,2.9,2.658488,2.625998,1.012373,0.169649,1.696492,1.798916,0.145228,0.053162,1.655374,0.0,scene_1|scene_1.2_y01_dense_strip_y05_2p75|12195|135,scene_1|scene_1.2_y01_dense_strip_y05_2p75|11513|104,89bc977d14c08a85e5f879e2bdbe1281df727cf0,e8115fded8bc77863ee8bdda818de33810637be9
scene_1_2_terminalgain_globalmax_interp_0700,family_02,200,6.901432,7.062562,0.16113,30,2,28,2.9,2.650635,2.625998,1.009382,0.16965,1.696504,1.798082,0.28601,0.103441,1.439077,0.0,scene_1|scene_1.2_y01_dense_strip_y05_2p75|12195|135,scene_1|scene_1.2_y01_dense_strip_y05_2p75|11513|104,faebb7b564854dcc34e9ded148a4d6e03505cd0e,f01bf549c237894047e62f6b5dc14a70cd29385b
scene_1_2_terminalgain_globalmax_interp_0701,family_02,201,6.901432,7.062562,0.16113,30,2,28,2.9,2.653811,2.625998,1.010591,0.16965,1.696504,1.798325,0.24896,0.15372,1.530514,0.0,scene_1|scene_1.2_y01_dense_strip_y05_2p75|12195|135,scene_1|scene_1.2_y01_dense_strip_y05_2p75|11513|104,6525948c3a2140b13dc9201f94e61a0a476065ed,b0c685bd685f3bd0e3862c2f95bed0c0ae755aa4
scene_1_2_terminalgain_globalmax_interp_0702,family_02,202,6.901432,7.062562,0.16113,30,2,28,2.9,2.655524,2.625998,1.011244,0.16965,1.696504,1.79855,0.108179,0.140772,1.57741,0.0,scene_1|scene_1.2_y01_dense_strip_y05_2p75|12195|135,scene_1|scene_1.2_y01_dense_strip_y05_2p75|11513|104,471e39313174849f8821a53c1b63ea623a82c885,d5e815087f9eb92e5992fd61aefa72866f7b8bdd
scene_1_2_terminalgain_globalmax_interp_0703,family_02,203,6.901432,7.062562,0.16113,30,2,28,2.9,2.641005,2.625998,1.005715,0.16965,1.696502,1.797067,0.032603,0.090493,1.121292,0.0,scene_1|scene_1.2_y01_dense_strip_y05_2p75|12195|135,scene_1|scene_1.2_y01_dense_strip_y05_2p75|11513|104,ed3fca84d8970b6c2061590d73610f910a5eb4df,9bfdca4a25fda5a38fe560a0079cc21a9b806603
scene_1_2_terminalgain_globalmax_interp_0704,family_02,204,6.901432,7.062562,0.16113,30,2,28,2.9,2.628487,2.625998,1.000948,0.169649,1.696492,1.795843,0.173385,0.040214,0.455507,0.0,scene_1|scene_1.2_y01_dense_strip_y05_2p75|12195|135,scene_1|scene_1.2_y01_dense_strip_y05_2p75|11513|104,6326cf293b73a5ca9a7a2603bfe2f40057600ee4,6313eeb81e3bd189be70572f392ea92335e618bd
scene_1_2_terminalgain_globalmax_interp_0705,family_02,205,6.901432,7.062562,0.16113,30,2,28,2.9,2.664745,2.625998,1.014755,0.16965,1.696502,1.799709,0.314166,0.010065,1.810163,0.0,scene_1|scene_1.2_y01_dense_strip_y05_2p75|12195|135,scene_1|scene_1.2_y01_dense_strip_y05_2p75|11513|104,6bbd534c66ac98c6a1dac09ffd67472ea5249aa4,5e8a2d3c1bd046de1eaa57ff414698895d3aa228
scene_1_2_terminalgain_globalmax_interp_0706,family_02,206,6.901432,7.062562,0.16113,30,2,28,2.9,2.640187,2.625998,1.005403,0.169649,1.696492,1.796808,0.220805,0.060345,1.089789,0.0,scene_1|scene_1.2_y01_dense_strip_y05_2p75|12195|135,scene_1|scene_1.2_y01_dense_strip_y05_2p75|11513|104,07c09e5358af46d967bf3c727b323d1356da2043,96b28242068cd7645d23980f65e4f67f54eea6ef
scene_1_2_terminalgain_globalmax_interp_0707,family_02,207,6.901432,7.062562,0.16113,30,2,28,2.9,2.637797,2.625998,1.004493,0.16965,1.696502,1.796682,0.080023,0.110624,0.993481,0.0,scene_1|scene_1.2_y01_dense_strip_y05_2p75|12195|135,scene_1|scene_1.2_y01_dense_strip_y05_2p75|11513|104,7fd4e10210b60cbcd27e95ce68eff18b3110e243,8e8e6ad05b1d9c570977db56123c2ecf6afe12c5
scene_1_2_terminalgain_globalmax_interp_0708,family_02,208,6.901432,7.062562,0.16113,30,2,28,2.9,2.658446,2.625998,1.012356,0.169649,1.696494,1.798875,0.06076,0.160903,1.654595,0.0,scene_1|scene_1.2_y01_dense_strip_y05_2p75|12195|135,scene_1|scene_1.2_y01_dense_strip_y05_2p75|11513|104,cade2e7deef4bec2bf029744547c210a7c31f862,35ff262ff458872d51d6cb0e763ebb7ed3036ff2
scene_1_2_terminalgain_globalmax_interp_0709,family_02,209,6.901432,7.062562,0.16113,30,2,28,2.9,2.691947,2.625998,1.025114,0.169649,1.696494,1.803623,0.201541,0.13359,2.374604,0.0,scene_1|scene_1.2_y01_dense_strip_y05_2p75|12195|135,scene_1|scene_1.2_y01_dense_strip_y05_2p75|11513|104,60ea5eabb6df64da620a32ce573aea48c79c6a31,7a7eb792b04ed8e9d47cf9182d0616f461b9f7ee
scene_1_2_terminalgain_globalmax_interp_0710,family_02,210,6.901432,7.062562,0.16113,30,2,28,2.9,2.663636,2.625998,1.014333,0.16965,1.696504,1.799537,0.342323,0.08331,1.783788,0.0,scene_1|scene_1.2_y01_dense_strip_y05_2p75|12195|135,scene_1|scene_1.2_y01_dense_strip_y05_2p75|11513|104,df32cf8ee088902c3d014fd74861d4eb5a3b4e40,70a716e7f47d8167a93da05fc69a7d8543403396
scene_1_2_terminalgain_globalmax_interp_0711,family_02,211,6.901432,7.062562,0.16113,30,2,28,2.9,2.631413,2.625998,1.002062,0.169649,1.696494,1.796056,0.327798,0.033031,0.672133,0.0,scene_1|scene_1.2_y01_dense_strip_y05_2p75|12195|135,scene_1|scene_1.2_y01_dense_strip_y05_2p75|11513|104,c472d1d4998a3cc5967f91863a37972c081e9dbd,eb98b00c6d23da5761e0a84415d3276ffd249ea3
scene_1_2_terminalgain_globalmax_interp_0712,family_02,212,6.901432,7.062562,0.16113,30,2,28,2.9,2.653219,2.625998,1.010366,0.16965,1.696502,1.798272,0.187017,0.017248,1.513713,0.0,scene_1|scene_1.2_y01_dense_strip_y05_2p75|12195|135,scene_1|scene_1.2_y01_dense_strip_y05_2p75|11513|104,9423ec1066308e627558473837ceb3a485d8819a,be34363acef1a8cce761e8d92bc2346767088243
scene_1_2_terminalgain_globalmax_interp_0713,family_02,213,6.901432,7.062562,0.16113,30,2,28,2.9,2.635341,2.625998,1.003558,0.16965,1.696502,1.796342,0.046235,0.067527,0.883512,0.0,scene_1|scene_1.2_y01_dense_strip_y05_2p75|12195|135,scene_1|scene_1.2_y01_dense_strip_y05_2p75|11513|104,3a6286433fea7e74ab1f793e3f7b72c3d31106cf,6fc2bab4fd144430c51256f18a544e0acf1fcaa0
scene_1_2_terminalgain_globalmax_interp_0714,family_02,214,6.901432,7.062562,0.16113,30,2,28,2.9,2.658793,2.625998,1.012489,0.16965,1.696502,1.798858,0.094547,0.117807,1.663288,0.0,scene_1|scene_1.2_y01_dense_strip_y05_2p75|12195|135,scene_1|scene_1.2_y01_dense_strip_y05_2p75|11513|104,40ad1319f4b493b746bb45f2128ee8ffe14de759,b9400a194a808ff5f0ef096e45ccb4472677f06e
scene_1_2_terminalgain_globalmax_interp_0715,family_02,215,6.901432,7.062562,0.16113,30,2,28,2.9,2.637349,2.625998,1.004322,0.169649,1.696492,1.796577,0.235328,0.168086,0.974147,0.0,scene_1|scene_1.2_y01_dense_strip_y05_2p75|12195|135,scene_1|scene_1.2_y01_dense_strip_y05_2p75|11513|104,bb2b55633c129674dbb57e601be5f20708cbbd10,b21e802151d0f5630c6ec6054e042bc77476740b
scene_1_2_terminalgain_globalmax_interp_0716,family_02,216,6.901432,7.062562,0.16113,30,2,28,2.9,2.629105,2.625998,1.001183,0.169649,1.696492,1.795894,0.299642,0.126407,0.509151,0.0,scene_1|scene_1.2_y01_dense_strip_y05_2p75|12195|135,scene_1|scene_1.2_y01_dense_strip_y05_2p75|11513|104,1cca2f37e181645ebd1a31bd9f647725b46cd40d,9d1f92575d6c26e2933632dd74591e9f44c2cdd1
scene_1_2_terminalgain_globalmax_interp_0717,family_02,217,6.901432,7.062562,0.16113,30,2,28,2.9,2.670732,2.625998,1.017035,0.16965,1.696504,1.800444,0.15886,0.076128,1.94772,0.0,scene_1|scene_1.2_y01_dense_strip_y05_2p75|12195|135,scene_1|scene_1.2_y01_dense_strip_y05_2p75|11513|104,f15b26166ca8ec3ad67b2ca57c3a52f838b558b7,1813747ece7a1d46e7143f9d3839a7d2fdef7c39
scene_1_2_terminalgain_globalmax_interp_0718,family_02,218,6.901432,7.062562,0.16113,30,2,28,2.9,2.679173,2.625998,1.020249,0.169649,1.696494,1.801624,0.018078,0.025848,2.12705,0.0,scene_1|scene_1.2_y01_dense_strip_y05_2p75|12195|135,scene_1|scene_1.2_y01_dense_strip_y05_2p75|11513|104,9fcabb77b321324f88fadb6896801bbc15c624d9,63c6828691f4255cdd534874068299480f268dea
scene_1_2_terminalgain_globalmax_interp_0719,family_02,219,6.901432,7.062562,0.16113,30,2,28,2.9,2.62813,2.625998,1.000812,0.16965,1.696504,1.795789,0.122703,0.024431,0.421515,0.0,scene_1|scene_1.2_y01_dense_strip_y05_2p75|12195|135,scene_1|scene_1.2_y01_dense_strip_y05_2p75|11513|104,10237c9a054682c23ef13a1132e1a2b36373c164,3e36e3fa8348a929ada704f3baadaffbc2cab316
scene_1_2_terminalgain_globalmax_interp_0720,family_02,220,6.901432,7.062562,0.16113,30,2,28,2.9,2.638488,2.625998,1.004756,0.16965,1.696502,1.796709,0.263485,0.07471,1.022117,0.0,scene_1|scene_1.2_y01_dense_strip_y05_2p75|12195|135,scene_1|scene_1.2_y01_dense_strip_y05_2p75|11513|104,8226a3dd7671d289c3e7e0c51e5c9f7591f18535,74a5f75b3c20e894b37208d9849c26e1c82f41d5
scene_1_2_terminalgain_globalmax_interp_0721,family_02,221,6.901432,7.062562,0.16113,30,2,28,2.9,2.655173,2.625998,1.01111,0.169649,1.696492,1.798472,0.271486,0.124989,1.567644,0.0,scene_1|scene_1.2_y01_dense_strip_y05_2p75|12195|135,scene_1|scene_1.2_y01_dense_strip_y05_2p75|11513|104,75b08688c42be15d6b5256341a47a117775a0285,6f1393256fa42a050a536bd5daa03ec4709d6ca9
scene_1_2_terminalgain_globalmax_interp_0722,family_02,222,6.901432,7.062562,0.16113,30,2,28,2.9,2.639659,2.625998,1.005202,0.169649,1.696492,1.796847,0.130704,0.175269,1.069209,0.0,scene_1|scene_1.2_y01_dense_strip_y05_2p75|12195|135,scene_1|scene_1.2_y01_dense_strip_y05_2p75|11513|104,7828a6e72a43de9cb040b34f06b7edc62b1c5f4c,26cf134ab1e8b6f3d68c6ecbfcac2dc1dff54215
scene_1_2_terminalgain_globalmax_interp_0723,family_02,223,6.901432,7.062562,0.16113,30,2,28,2.9,2.647918,2.625998,1.008347,0.169649,1.696492,1.797728,0.010077,0.175514,1.357002,0.0,scene_1|scene_1.2_y01_dense_strip_y05_2p75|12195|135,scene_1|scene_1.2_y01_dense_strip_y05_2p75|11513|104,bb53ce7363f5c1dab8684f9665c7d63a79c22428,c08a24e1dc4980e59aafbab8487607dcc66f9649
scene_1_2_terminalgain_globalmax_interp_0724,family_02,224,6.901432,7.062562,0.16113,30,2,28,2.9,2.633025,2.625998,1.002676,0.16965,1.696504,1.796145,0.15086,0.125235,0.765722,0.0,scene_1|scene_1.2_y01_dense_strip_y05_2p75|12195|135,scene_1|scene_1.2_y01_dense_strip_y05_2p75|11513|104,b2df3574d0b585f8f47120af615daac3e39c4024,5ef7c69f9c1cae9a208e0946f6f5d03585090bd4
scene_1_2_terminalgain_globalmax_interp_0725,family_02,225,6.901432,7.062562,0.16113,30,2,28,2.9,2.655713,2.625998,1.011316,0.169649,1.696494,1.798505,0.291642,0.074955,1.582557,0.0,scene_1|scene_1.2_y01_dense_strip_y05_2p75|12195|135,scene_1|scene_1.2_y01_dense_strip_y05_2p75|11513|104,bd531aeb104ccf53aaa8bd99f9719559e77edda5,86ea69709b5571a1695b3ebcc686e8fe321932f7
scene_1_2_terminalgain_globalmax_interp_0726,family_02,226,6.901432,7.062562,0.16113,30,2,28,2.9,2.68521,2.625998,1.022549,0.16965,1.696504,1.802626,0.24333,0.024676,2.246927,0.0,scene_1|scene_1.2_y01_dense_strip_y05_2p75|12195|135,scene_1|scene_1.2_y01_dense_strip_y05_2p75|11513|104,4e9171ebb0ad485cc9644b3101a4fe21b5d356e5,9f5db980b2ac6c0251ccfb86fa78e6124b5d74c9
scene_1_2_terminalgain_globalmax_interp_0727,family_02,227,6.901432,7.062562,0.16113,30,2,28,2.9,2.648808,2.625998,1.008686,0.16965,1.696504,1.797778,0.102548,0.025603,1.38458,0.0,scene_1|scene_1.2_y01_dense_strip_y05_2p75|12195|135,scene_1|scene_1.2_y01_dense_strip_y05_2p75|11513|104,2a939135e19e079015ceae3cb66d4eb4a8dda0e3,130bcdf53f85b8287a51df9725f2b34617645da7
scene_1_2_terminalgain_globalmax_interp_0728,family_02,228,6.901432,7.062562,0.16113,30,2,28,2.9,2.633245,2.625998,1.00276,0.169649,1.696492,1.79627,0.038234,0.075882,0.777862,0.0,scene_1|scene_1.2_y01_dense_strip_y05_2p75|12195|135,scene_1|scene_1.2_y01_dense_strip_y05_2p75|11513|104,994745969b8cfcecd9c25eefa8e168cf73b50467,b39c5c306d3a7dcb9d292032a088743102c519aa
scene_1_2_terminalgain_globalmax_interp_0729,family_02,229,6.901432,7.062562,0.16113,30,2,28,2.9,2.647836,2.625998,1.008316,0.16965,1.696502,1.797673,0.179015,0.126162,1.354152,0.0,scene_1|scene_1.2_y01_dense_strip_y05_2p75|12195|135,scene_1|scene_1.2_y01_dense_strip_y05_2p75|11513|104,e66ebb289bd7b2cb5827f9b960ad83475619a0d8,1a082d958813d10febc344e672cd8c460e40644c
scene_1_2_terminalgain_globalmax_interp_0730,family_02,230,6.901432,7.062562,0.16113,30,2,28,2.9,2.65419,2.625998,1.010736,0.169649,1.696492,1.798381,0.319797,0.168331,1.540702,0.0,scene_1|scene_1.2_y01_dense_strip_y05_2p75|12195|135,scene_1|scene_1.2_y01_dense_strip_y05_2p75|11513|104,03cac602ce8b21d6e6a2a5ee7aaab8a098717e22,8a9e9b019fb8512902b96071aad771f609af7f57
scene_1_2_terminalgain_globalmax_interp_0731,family_02,231,6.901432,7.062562,0.16113,30,2,28,2.9,2.629979,2.625998,1.001516,0.16965,1.696502,1.79594,0.215173,0.118052,0.576203,0.0,scene_1|scene_1.2_y01_dense_strip_y05_2p75|12195|135,scene_1|scene_1.2_y01_dense_strip_y05_2p75|11513|104,d832671ce2805bc17a6a96147524689125356867,b6d5b3cfa33c55c2bf536632e1484d9fd95656e0
scene_1_2_terminalgain_globalmax_interp_0732,family_02,232,6.901432,7.062562,0.16113,30,2,28,2.9,2.647675,2.625998,1.008255,0.169649,1.696494,1.797696,0.074391,0.067773,1.349357,0.0,scene_1|scene_1.2_y01_dense_strip_y05_2p75|12195|135,scene_1|scene_1.2_y01_dense_strip_y05_2p75|11513|104,aeb276ef111a58fe1acf14137d03da43e80e8a4e,bf126931bb677848a1ddc986445213af2d70feee
scene_1_2_terminalgain_globalmax_interp_0733,family_02,233,6.901432,7.062562,0.16113,30,2,28,2.9,2.654317,2.625998,1.010784,0.169649,1.696494,1.798434,0.06639,0.017493,1.54446,0.0,scene_1|scene_1.2_y01_dense_strip_y05_2p75|12195|135,scene_1|scene_1.2_y01_dense_strip_y05_2p75|11513|104,38bdb48bf27e1b99dc3f43436a0780e3f0e4cf2c,fd5e040302ff6b72c1b40882d387ef3b75ccb14d
scene_1_2_terminalgain_globalmax_interp_0734,family_02,234,6.901432,7.062562,0.16113,30,2,28,2.9,2.652575,2.625998,1.010121,0.169649,1.696494,1.798162,0.207172,0.032786,1.495869,0.0,scene_1|scene_1.2_y01_dense_strip_y05_2p75|12195|135,scene_1|scene_1.2_y01_dense_strip_y05_2p75|11513|104,44e8b96588c86e69347ea661e6f2643312f0687b,24bc3cbfae3da2606f5d8beb7f84e6c8c68b0a49
scene_1_2_terminalgain_globalmax_interp_0735,family_02,235,6.901432,7.062562,0.16113,30,2,28,2.9,2.661445,2.625998,1.013499,0.169649,1.696492,1.799291,0.347954,0.083065,1.730056,0.0,scene_1|scene_1.2_y01_dense_strip_y05_2p75|12195|135,scene_1|scene_1.2_y01_dense_strip_y05_2p75|11513|104,63516881ffa3384c99f5822a51355a091963b776,f7f293dd4977a2e04c773e93826005fdd86f0beb
scene_1_2_terminalgain_globalmax_interp_0736,family_02,236,6.901432,7.062562,0.16113,30,2,28,2.9,2.66374,2.625998,1.014372,0.16965,1.696502,1.79949,0.349197,0.133344,1.786148,0.0,scene_1|scene_1.2_y01_dense_strip_y05_2p75|12195|135,scene_1|scene_1.2_y01_dense_strip_y05_2p75|11513|104,e4b40b4f3df18fdcb914d2df3eed830093e959b2,b89e49f5e866ae5b950e4e635a490b60e0a8133b
scene_1_2_terminalgain_globalmax_interp_0737,family_02,237,6.901432,7.062562,0.16113,30,2,28,2.9,2.646865,2.625998,1.007946,0.16965,1.696502,1.797601,0.208415,0.161148,1.32364,0.0,scene_1|scene_1.2_y01_dense_strip_y05_2p75|12195|135,scene_1|scene_1.2_y01_dense_strip_y05_2p75|11513|104,1a1d5ef218a975bdf000a69048fb9a9aaf2f8fa7,b513d3dbf1749bd25e4642977ea5a34b8234ed61
scene_1_2_terminalgain_globalmax_interp_0738,family_02,238,6.901432,7.062562,0.16113,30,2,28,2.9,2.641324,2.625998,1.005836,0.16965,1.696502,1.797009,0.067634,0.110869,1.133257,0.0,scene_1|scene_1.2_y01_dense_strip_y05_2p75|12195|135,scene_1|scene_1.2_y01_dense_strip_y05_2p75|11513|104,33c36119c24ebb7177a488d2bfcfcd000ac3014d,d2d60d56b49ab2b0d4fb1b0bcdf5a8245b50aaae
scene_1_2_terminalgain_globalmax_interp_0739,family_02,239,6.901432,7.062562,0.16113,30,2,28,2.9,2.653797,2.625998,1.010586,0.169649,1.696492,1.798382,0.073148,0.06059,1.529867,0.0,scene_1|scene_1.2_y01_dense_strip_y05_2p75|12195|135,scene_1|scene_1.2_y01_dense_strip_y05_2p75|11513|104,17b1334d4e05a28161f4e823233032242e616fbc,2eaa7a2079c24c3c007830db3b6baf622e5606e8
scene_1_2_terminalgain_globalmax_interp_0740,family_02,240,6.901432,7.062562,0.16113,30,2,28,2.9,2.626449,2.625998,1.000172,0.16965,1.696504,1.795656,0.21393,0.010311,0.194135,0.0,scene_1|scene_1.2_y01_dense_strip_y05_2p75|12195|135,scene_1|scene_1.2_y01_dense_strip_y05_2p75|11513|104,bd75b614e1ad163615edb06b0999d6a478df6605,cd8f855e7963d2f8aaa9c42cf4e6c53974261daa
scene_1_2_terminalgain_globalmax_interp_0741,family_02,241,6.901432,7.062562,0.16113,30,2,28,2.9,2.668995,2.625998,1.016374,0.16965,1.696504,1.800184,0.321041,0.039969,1.908757,0.0,scene_1|scene_1.2_y01_dense_strip_y05_2p75|12195|135,scene_1|scene_1.2_y01_dense_strip_y05_2p75|11513|104,8cb4de9bc256f5fc33e2cb82fc5c8433c03d6bdb,30221ba3ba7cc010df9d6f3dda3e5e71f79aebaa
scene_1_2_terminalgain_globalmax_interp_0742,family_02,242,6.901432,7.062562,0.16113,30,2,28,2.9,2.669025,2.625998,1.016385,0.16965,1.696502,1.800217,0.180259,0.090248,1.909454,0.0,scene_1|scene_1.2_y01_dense_strip_y05_2p75|12195|135,scene_1|scene_1.2_y01_dense_strip_y05_2p75|11513|104,17d069304c11259a0a3466ec91a003c219a8812a,d8ec3b4c6ea83b5c28e68539d2bdabb4760991d5
scene_1_2_terminalgain_globalmax_interp_0743,family_02,243,6.901432,7.062562,0.16113,30,2,28,2.9,2.626613,2.625998,1.000234,0.169649,1.696492,1.795714,0.039477,0.140527,0.226494,0.0,scene_1|scene_1.2_y01_dense_strip_y05_2p75|12195|135,scene_1|scene_1.2_y01_dense_strip_y05_2p75|11513|104,91d0df0eecad35e3675f8d1ec679bb2dbce6df8b,a30473454b36fbab386907aa4261978ef6e617eb
scene_1_2_terminalgain_globalmax_interp_0744,family_02,244,6.901432,7.062562,0.16113,30,2,28,2.9,2.655823,2.625998,1.011358,0.169649,1.696494,1.798672,0.101304,0.153966,1.585544,0.0,scene_1|scene_1.2_y01_dense_strip_y05_2p75|12195|135,scene_1|scene_1.2_y01_dense_strip_y05_2p75|11513|104,ffb54ca51592de8127b773834abaaef0d37e2293,a956c5871ba7fcff73634b70a2cf528cf952ffba
scene_1_2_terminalgain_globalmax_interp_0745,family_02,245,6.901432,7.062562,0.16113,30,2,28,2.9,2.665704,2.625998,1.01512,0.16965,1.696504,1.799838,0.242086,0.103686,1.832854,0.0,scene_1|scene_1.2_y01_dense_strip_y05_2p75|12195|135,scene_1|scene_1.2_y01_dense_strip_y05_2p75|11513|104,73b5b996f922721015e30209e860f68fd03fa5b3,1b0f6079a42de336cf7fba9a17427ef8e2c81458
scene_1_2_terminalgain_globalmax_interp_0746,family_02,246,6.901432,7.062562,0.16113,30,2,28,2.9,2.646204,2.625998,1.007695,0.16965,1.696502,1.79749,0.292885,0.053407,1.302639,0.0,scene_1|scene_1.2_y01_dense_strip_y05_2p75|12195|135,scene_1|scene_1.2_y01_dense_strip_y05_2p75|11513|104,c13e579aa68a7966ef47b38b083e8f761c5b1f7e,cfb86367d5e7e975d4e0e99276b8421fbbb474cb
scene_1_2_terminalgain_globalmax_interp_0747,family_02,247,6.901432,7.062562,0.16113,30,2,28,2.9,2.635344,2.625998,1.003559,0.16965,1.696504,1.796421,0.152103,0.003128,0.883544,0.0,scene_1|scene_1.2_y01_dense_strip_y05_2p75|12195|135,scene_1|scene_1.2_y01_dense_strip_y05_2p75|11513|104,0e89e1a2ca60f62fca5a3710d5e2d543459eb09b,853ee809deb4764e60a38e3fede441de6bd72267
scene_1_2_terminalgain_globalmax_interp_0748,family_02,248,6.901432,7.062562,0.16113,30,2,28,2.9,2.64459,2.625998,1.00708,0.169649,1.696492,1.797396,0.011321,0.047151,1.248623,0.0,scene_1|scene_1.2_y01_dense_strip_y05_2p75|12195|135,scene_1|scene_1.2_y01_dense_strip_y05_2p75|11513|104,b7abdca0c864cc8274db12d92518ed13ca7a8ec3,45f7899555ae0d2a19079153c097b94a5509cf0f
scene_1_2_terminalgain_globalmax_interp_0749,family_02,249,6.901432,7.062562,0.16113,30,2,28,2.9,2.64819,2.625998,1.008451,0.16965,1.696502,1.797694,0.129461,0.097431,1.365542,0.0,scene_1|scene_1.2_y01_dense_strip_y05_2p75|12195|135,scene_1|scene_1.2_y01_dense_strip_y05_2p75|11513|104,360613947066b47ac9968afe03a4d751df732942,200f11a78e878d43e6bef735d470951e09ceb6ad
scene_1_2_terminalgain_globalmax_interp_0750,family_02,250,6.901432,7.062562,0.16113,30,2,28,2.9,2.6654,2.625998,1.015004,0.169649,1.696492,1.799796,0.270243,0.14771,1.825794,0.0,scene_1|scene_1.2_y01_dense_strip_y05_2p75|12195|135,scene_1|scene_1.2_y01_dense_strip_y05_2p75|11513|104,3b4647b120f76981516c9e8fc0a715ae17d4c7fe,a3dd7808821b2fad132328dd8994849614dc1494
scene_1_2_terminalgain_globalmax_interp_0751,family_02,251,6.901432,7.062562,0.16113,30,2,28,2.9,2.634803,2.625998,1.003353,0.16965,1.696502,1.796466,0.264728,0.146783,0.857533,0.0,scene_1|scene_1.2_y01_dense_strip_y05_2p75|12195|135,scene_1|scene_1.2_y01_dense_strip_y05_2p75|11513|104,b4e37929f06cf6829b54433e34b8d8d443bfcfd1,440aba209daeb36fb7cfa53d70a0bda0de8a3ab2
scene_1_2_terminalgain_globalmax_interp_0752,family_02,252,6.901432,7.062562,0.16113,30,2,28,2.9,2.631482,2.625998,1.002088,0.16965,1.696504,1.796079,0.123947,0.096504,0.676598,0.0,scene_1|scene_1.2_y01_dense_strip_y05_2p75|12195|135,scene_1|scene_1.2_y01_dense_strip_y05_2p75|11513|104,5909890119a825e09756bfb8b344d25ef6e78d3f,44d8839a6b3df5135610317ff1a4b8afb7edc822
scene_1_2_terminalgain_globalmax_interp_0753,family_02,253,6.901432,7.062562,0.16113,30,2,28,2.9,2.66805,2.625998,1.016014,0.169649,1.696492,1.8001,0.016835,0.046224,1.886906,0.0,scene_1|scene_1.2_y01_dense_strip_y05_2p75|12195|135,scene_1|scene_1.2_y01_dense_strip_y05_2p75|11513|104,3243e0a88164453eef5d760f0ba80a7d05adeb5e,4cc662c6f9ca271c82dda7696b3742612705d985
scene_1_2_terminalgain_globalmax_interp_0754,family_02,254,6.901432,7.062562,0.16113,30,2,28,2.9,2.663058,2.625998,1.014113,0.169649,1.696494,1.799432,0.157617,0.004055,1.769819,0.0,scene_1|scene_1.2_y01_dense_strip_y05_2p75|12195|135,scene_1|scene_1.2_y01_dense_strip_y05_2p75|11513|104,f9be996abca3d08da5faaeb785ff3af314f94705,2e7e95837d61abaa64cde4461b6dee5d0f151ffa
scene_1_2_terminalgain_globalmax_interp_0755,family_02,255,6.901432,7.062562,0.16113,30,2,28,2.9,2.633192,2.625998,1.00274,0.169649,1.696494,1.796298,0.298399,0.054334,0.775066,0.0,scene_1|scene_1.2_y01_dense_strip_y05_2p75|12195|135,scene_1|scene_1.2_y01_dense_strip_y05_2p75|11513|104,8e64f37006f8f0849003a6f4218c85acb682b0bc,18dbbc04b9d6f52003f1dfb868423c337f2bc8aa
scene_1_2_terminalgain_globalmax_interp_0756,family_02,256,6.901432,7.062562,0.16113,30,2,28,2.9,2.635059,2.625998,1.00345,0.16965,1.696502,1.796357,0.236572,0.104613,0.870014,0.0,scene_1|scene_1.2_y01_dense_strip_y05_2p75|12195|135,scene_1|scene_1.2_y01_dense_strip_y05_2p75|11513|104,cca85e5fb44eef95926fa2f138f2f99fde8041ef,09ec89937645758e2e1e44fb1e57c8616f60e61d
scene_1_2_terminalgain_globalmax_interp_0757,family_02,257,6.901432,7.062562,0.16113,30,2,28,2.9,2.668895,2.625998,1.016336,0.16965,1.696502,1.800286,0.09579,0.154893,1.906304,0.0,scene_1|scene_1.2_y01_dense_strip_y05_2p75|12195|135,scene_1|scene_1.2_y01_dense_strip_y05_2p75|11513|104,7181e27bdcb01c2510a0b5989fabd7d1155f7afa,37567e0ac94efba2d0e180612c2bc458491470ed
scene_1_2_terminalgain_globalmax_interp_0758,family_02,258,6.901432,7.062562,0.16113,30,2,28,2.9,2.654811,2.625998,1.010972,0.169649,1.696492,1.798476,0.044991,0.1396,1.558009,0.0,scene_1|scene_1.2_y01_dense_strip_y05_2p75|12195|135,scene_1|scene_1.2_y01_dense_strip_y05_2p75|11513|104,492422523f94292909e60dc52ec6296688f0fa87,29ca50aa798285708f7261a04c3ef7ec0225054b
scene_1_2_terminalgain_globalmax_interp_0759,family_02,259,6.901432,7.062562,0.16113,30,2,28,2.9,2.644741,2.625998,1.007138,0.16965,1.696502,1.797237,0.185773,0.089321,1.253879,0.0,scene_1|scene_1.2_y01_dense_strip_y05_2p75|12195|135,scene_1|scene_1.2_y01_dense_strip_y05_2p75|11513|104,d93afc4134db1dbfb7e15fd8daa01beda8ae2ce7,c41a34ee79e32ddac1961ab02f8cbaa85cccdde6
scene_1_2_terminalgain_globalmax_interp_0760,family_02,260,6.901432,7.062562,0.16113,30,2,28,2.9,2.637248,2.625998,1.004284,0.169649,1.696494,1.796629,0.326555,0.039042,0.970327,0.0,scene_1|scene_1.2_y01_dense_strip_y05_2p75|12195|135,scene_1|scene_1.2_y01_dense_strip_y05_2p75|11513|104,fbe2f0da967ac89074b9309ab1314306c42802f3,19e832ffd391a6691749ea78ff85dbee906f8dc0
scene_1_2_terminalgain_globalmax_interp_0761,family_02,261,6.901432,7.062562,0.16113,30,2,28,2.9,2.641582,2.625998,1.005935,0.169649,1.696494,1.796996,0.343566,0.011238,1.142839,0.0,scene_1|scene_1.2_y01_dense_strip_y05_2p75|12195|135,scene_1|scene_1.2_y01_dense_strip_y05_2p75|11513|104,9e7289b0eb122f352569b403274c1415fb3094ab,4df1a83dd095b87324fdc8e5d3063c24fc14cf38
scene_1_2_terminalgain_globalmax_interp_0762,family_02,262,6.901432,7.062562,0.16113,30,2,28,2.9,2.672014,2.625998,1.017523,0.169649,1.696494,1.800612,0.202785,0.061517,1.975544,0.0,scene_1|scene_1.2_y01_dense_strip_y05_2p75|12195|135,scene_1|scene_1.2_y01_dense_strip_y05_2p75|11513|104,fc554544b0a47dd522f23f4b584b78e7f5489003,6dbabc666127a62d41b8fa34c1c2a08f67e921b8
scene_1_2_terminalgain_globalmax_interp_0763,family_02,263,6.901432,7.062562,0.16113,30,2,28,2.9,2.663116,2.625998,1.014135,0.16965,1.696504,1.799433,0.062003,0.111796,1.771306,0.0,scene_1|scene_1.2_y01_dense_strip_y05_2p75|12195|135,scene_1|scene_1.2_y01_dense_strip_y05_2p75|11513|104,bb4dc4b56fac53d80642c573e1e7a04bef25f08a,8f9f40255696c541dab5d4162d377a3b9fdf737f
scene_1_2_terminalgain_globalmax_interp_0764,family_02,264,6.901432,7.062562,0.16113,30,2,28,2.9,2.629919,2.625998,1.001493,0.16965,1.696502,1.795925,0.07878,0.162075,0.57192,0.0,scene_1|scene_1.2_y01_dense_strip_y05_2p75|12195|135,scene_1|scene_1.2_y01_dense_strip_y05_2p75|11513|104,426ec7414c24b1591c5d30b0939f3362c03d4b8a,6b0ad7f05299c90a6e8bfad880ed30064e413f8e
scene_1_2_terminalgain_globalmax_interp_0765,family_02,265,6.901432,7.062562,0.16113,30,2,28,2.9,2.656639,2.625998,1.011668,0.169649,1.696492,1.798652,0.219561,0.132417,1.607272,0.0,scene_1|scene_1.2_y01_dense_strip_y05_2p75|12195|135,scene_1|scene_1.2_y01_dense_strip_y05_2p75|11513|104,fd1ff3a516157f8cd4bdec1feef647c62e46336c,62a55cb2244b6380439e069dca294aa02e22c76b
scene_1_2_terminalgain_globalmax_interp_0766,family_02,266,6.901432,7.062562,0.16113,30,2,28,2.9,2.666514,2.625998,1.015429,0.16965,1.696502,1.79984,0.31541,0.082138,1.851917,0.0,scene_1|scene_1.2_y01_dense_strip_y05_2p75|12195|135,scene_1|scene_1.2_y01_dense_strip_y05_2p75|11513|104,8b5dcdb76f4e41462f8e1ff548d7a57e8fc25545,f55838e1f8ef2462bcf7e56ed26ffc078a5abb72
scene_1_2_terminalgain_globalmax_interp_0767,family_02,267,6.901432,7.062562,0.16113,30,2,28,2.9,2.628027,2.625998,1.000773,0.169649,1.696492,1.795825,0.174628,0.031859,0.411167,0.0,scene_1|scene_1.2_y01_dense_strip_y05_2p75|12195|135,scene_1|scene_1.2_y01_dense_strip_y05_2p75|11513|104,56897047084e85df38b3b48ffd3f8d9e01b0ef05,0acd93f8525184096a9a97eaafbd669e46ae1580
scene_1_2_terminalgain_globalmax_interp_0768,family_02,268,6.901432,7.062562,0.16113,30,2,28,2.9,2.641296,2.625998,1.005826,0.16965,1.696502,1.796948,0.033846,0.01842,1.131919,0.0,scene_1|scene_1.2_y01_dense_strip_y05_2p75|12195|135,scene_1|scene_1.2_y01_dense_strip_y05_2p75|11513|104,8fc8988edcf1a86e47fc54cc7e381261b480c7fd,08f2f78129b70ca182a71086777f747bfe5ce4dd
scene_1_2_terminalgain_globalmax_interp_0769,family_02,269,6.901432,7.062562,0.16113,30,2,28,2.9,2.654254,2.625998,1.01076,0.16965,1.696502,1.798335,0.106935,0.0687,1.542716,0.0,scene_1|scene_1.2_y01_dense_strip_y05_2p75|12195|135,scene_1|scene_1.2_y01_dense_strip_y05_2p75|11513|104,daa81953fa42e41b5ebc430fcd9419f41cb89f94,7c6a7453ce192311a7fc683e5b6b92dc4d212bf6
scene_1_2_terminalgain_globalmax_interp_0770,family_02,270,6.901432,7.062562,0.16113,30,2,28,2.9,2.636632,2.625998,1.00405,0.16965,1.696504,1.796535,0.247717,0.118979,0.942896,0.0,scene_1|scene_1.2_y01_dense_strip_y05_2p75|12195|135,scene_1|scene_1.2_y01_dense_strip_y05_2p75|11513|104,f8760d9a9329b5cf7172934f27f96d8e92cdb487,3e9268ac74c02c440c853de9539ea8855145f478
scene_1_2_terminalgain_globalmax_interp_0771,family_02,271,6.901432,7.062562,0.16113,30,2,28,2.9,2.6577,2.625998,1.012072,0.169649,1.696494,1.798828,0.287253,0.169258,1.635086,0.0,scene_1|scene_1.2_y01_dense_strip_y05_2p75|12195|135,scene_1|scene_1.2_y01_dense_strip_y05_2p75|11513|104,fd57e62ffc0c1e35d56d6c38e2d05329fe5ca2fb,aadeb8940707562a780e490d75182786024f142e
scene_1_2_terminalgain_globalmax_interp_0772,family_02,272,6.901432,7.062562,0.16113,30,2,28,2.9,2.654026,2.625998,1.010673,0.169649,1.696492,1.798355,0.146472,0.174487,1.536238,0.0,scene_1|scene_1.2_y01_dense_strip_y05_2p75|12195|135,scene_1|scene_1.2_y01_dense_strip_y05_2p75|11513|104,c5dc93b13d49f943e90495c91295fab6bbb3bfb6,5e4c9f50582aafc4ecf7259823d437e589b4e723
scene_1_2_terminalgain_globalmax_interp_0773,family_02,273,6.901432,7.062562,0.16113,30,2,28,2.9,2.661501,2.625998,1.01352,0.16965,1.696502,1.799178,0.00569,0.124208,1.73163,0.0,scene_1|scene_1.2_y01_dense_strip_y05_2p75|12195|135,scene_1|scene_1.2_y01_dense_strip_y05_2p75|11513|104,73d6a7baa5868c7d36bbba923fd087cc80b5f0e8,35d8eefea5fbd1242570dc7137df16f9e5e27d5c
scene_1_2_terminalgain_globalmax_interp_0774,family_02,274,6.901432,7.062562,0.16113,30,2,28,2.9,2.666786,2.625998,1.015532,0.16965,1.696502,1.799963,0.135092,0.073929,1.858323,0.0,scene_1|scene_1.2_y01_dense_strip_y05_2p75|12195|135,scene_1|scene_1.2_y01_dense_strip_y05_2p75|11513|104,d4fc5d3dece9bfe6c191cbdb5f0b6ebb61074371,28598de314ab9c64bf5c799e60d9c50c8a71d684
scene_1_2_terminalgain_globalmax_interp_0775,family_02,275,6.901432,7.062562,0.16113,30,2,28,2.9,2.641838,2.625998,1.006032,0.169649,1.696494,1.797036,0.275873,0.02365,1.151648,0.0,scene_1|scene_1.2_y01_dense_strip_y05_2p75|12195|135,scene_1|scene_1.2_y01_dense_strip_y05_2p75|11513|104,aba86ef08a5da87ac0112e39fb57de1b52c98e3c,9d79d6b2774d4d1a8d105f1f834f19f51013b61f
scene_1_2_terminalgain_globalmax_interp_0776,family_02,276,6.901432,7.062562,0.16113,30,2,28,2.9,2.634159,2.625998,1.003108,0.16965,1.696502,1.796275,0.259097,0.026629,0.825739,0.0,scene_1|scene_1.2_y01_dense_strip_y05_2p75|12195|135,scene_1|scene_1.2_y01_dense_strip_y05_2p75|11513|104,1a2915bd9159fc26cb27dc00e1a3e62f540a79eb,f23442cc640dbef6243f0bef9b83f6226ceecebd
scene_1_2_terminalgain_globalmax_interp_0777,family_02,277,6.901432,7.062562,0.16113,30,2,28,2.9,2.651623,2.625998,1.009758,0.16965,1.696502,1.798093,0.118315,0.076908,1.468578,0.0,scene_1|scene_1.2_y01_dense_strip_y05_2p75|12195|135,scene_1|scene_1.2_y01_dense_strip_y05_2p75|11513|104,be53dc8cabf607cf1c9a3e9083657b421481c5e5,037e1ecbdad7778b9681e33d2acba6cc5525b90c
scene_1_2_terminalgain_globalmax_interp_0778,family_02,278,6.901432,7.062562,0.16113,30,2,28,2.9,2.651797,2.625998,1.009824,0.16965,1.696504,1.798017,0.022467,0.127187,1.473371,0.0,scene_1|scene_1.2_y01_dense_strip_y05_2p75|12195|135,scene_1|scene_1.2_y01_dense_strip_y05_2p75|11513|104,7cb9189f1d750c6064f87c28634045f8c1414c4a,9bf8c4343fedf61e1e58660310edb9b3d713401a
scene_1_2_terminalgain_globalmax_interp_0779,family_02,279,6.901432,7.062562,0.16113,30,2,28,2.9,2.630473,2.625998,1.001704,0.16965,1.696504,1.795973,0.163248,0.167304,0.611204,0.0,scene_1|scene_1.2_y01_dense_strip_y05_2p75|12195|135,scene_1|scene_1.2_y01_dense_strip_y05_2p75|11513|104,c17862782a5562eab96eec560f0c110b78a8cc2d,457b65f1f7673e7a23c0c1f71c62e009f95c3dff
scene_1_2_terminalgain_globalmax_interp_0780,family_02,280,6.901432,7.062562,0.16113,30,2,28,2.9,2.65599,2.625998,1.011421,0.169649,1.696492,1.798636,0.30403,0.117025,1.589783,0.0,scene_1|scene_1.2_y01_dense_strip_y05_2p75|12195|135,scene_1|scene_1.2_y01_dense_strip_y05_2p75|11513|104,ff52630a70fbbe57fb250f2ec5cb3bfda8227e93,189bd099f0bcac9fc35397d2f67dd677c6b671aa
scene_1_2_terminalgain_globalmax_interp_0781,family_02,281,6.901432,7.062562,0.16113,30,2,28,2.9,2.670461,2.625998,1.016932,0.16965,1.696502,1.800403,0.23094,0.066747,1.941616,0.0,scene_1|scene_1.2_y01_dense_strip_y05_2p75|12195|135,scene_1|scene_1.2_y01_dense_strip_y05_2p75|11513|104,0bb6a7dd501f2e2870391602b7579dd321177cf2,7f2f157cc33440e77bb3034bfdfec5ac53d30685
scene_1_2_terminalgain_globalmax_interp_0782,family_02,282,6.901432,7.062562,0.16113,30,2,28,2.9,2.652593,2.625998,1.010127,0.169649,1.696494,1.798184,0.090159,0.016467,1.496042,0.0,scene_1|scene_1.2_y01_dense_strip_y05_2p75|12195|135,scene_1|scene_1.2_y01_dense_strip_y05_2p75|11513|104,ae4db4cca54bde34022bf3049a0848b788e38cd2,c730d33650be2e4021aa7f265a4a7148c9f286cc
scene_1_2_terminalgain_globalmax_interp_0783,family_02,283,6.901432,7.062562,0.16113,30,2,28,2.9,2.636469,2.625998,1.003988,0.16965,1.696504,1.796515,0.050623,0.033812,0.935544,0.0,scene_1|scene_1.2_y01_dense_strip_y05_2p75|12195|135,scene_1|scene_1.2_y01_dense_strip_y05_2p75|11513|104,f1d266d9d1fe712683393825d243ff857ec365db,7cf5ea216a2764591b4edb868214cf12a91248ca
scene_1_2_terminalgain_globalmax_interp_0784,family_02,284,6.901432,7.062562,0.16113,30,2,28,2.9,2.642913,2.625998,1.006441,0.16965,1.696502,1.797112,0.191405,0.084091,1.19078,0.0,scene_1|scene_1.2_y01_dense_strip_y05_2p75|12195|135,scene_1|scene_1.2_y01_dense_strip_y05_2p75|11513|104,4f0ffd1f7b3154948eb9978cb30e96ee0e725210,bd885f198d3030aa01792ab2bbad5311dc719a9c
scene_1_2_terminalgain_globalmax_interp_0785,family_02,285,6.901432,7.062562,0.16113,30,2,28,2.9,2.641217,2.625998,1.005796,0.169649,1.696492,1.796989,0.332186,0.13437,1.129078,0.0,scene_1|scene_1.2_y01_dense_strip_y05_2p75|12195|135,scene_1|scene_1.2_y01_dense_strip_y05_2p75|11513|104,d18ebef3f222d8a92516c4ce537970811251ab3e,c4d226ba60780f6ca1b15c9e6bc2209f1799dc0b
scene_1_2_terminalgain_globalmax_interp_0786,family_02,286,6.901432,7.062562,0.16113,30,2,28,2.9,2.658409,2.625998,1.012342,0.169649,1.696494,1.798861,0.337935,0.160121,1.653546,0.0,scene_1|scene_1.2_y01_dense_strip_y05_2p75|12195|135,scene_1|scene_1.2_y01_dense_strip_y05_2p75|11513|104,8b462c6a9b51182f12ff54d0edde18f24c4623f2,060183c7c2a6f479c15db17813ba104aad36a53e
scene_1_2_terminalgain_globalmax_interp_0787,family_02,287,6.901432,7.062562,0.16113,30,2,28,2.9,2.636552,2.625998,1.004019,0.169649,1.696492,1.796578,0.197153,0.109842,0.939393,0.0,scene_1|scene_1.2_y01_dense_strip_y05_2p75|12195|135,scene_1|scene_1.2_y01_dense_strip_y05_2p75|11513|104,3d7da7d7e795086f627708d48ad05e1a30f8c2de,18dde3a1a9c1ded6da53f52cab6c9f4d70184234
scene_1_2_terminalgain_globalmax_interp_0788,family_02,288,6.901432,7.062562,0.16113,30,2,28,2.9,2.629557,2.625998,1.001355,0.16965,1.696502,1.795865,0.056371,0.059564,0.544689,0.0,scene_1|scene_1.2_y01_dense_strip_y05_2p75|12195|135,scene_1|scene_1.2_y01_dense_strip_y05_2p75|11513|104,d5ae739fb2707e8972549bf210ef55deafb6d89b,1795d2ae1ab96f1aaeb9657334f3ba89825d5581
scene_1_2_terminalgain_globalmax_interp_0789,family_02,289,6.901432,7.062562,0.16113,30,2,28,2.9,2.686891,2.625998,1.023189,0.169649,1.696492,1.802772,0.08441,0.009285,2.279396,0.0,scene_1|scene_1.2_y01_dense_strip_y05_2p75|12195|135,scene_1|scene_1.2_y01_dense_strip_y05_2p75|11513|104,0069bbc71aeb3fc525ef37355ee183a61a865c02,c1a605a48229d52a4e59961bc8b0d0ede9fe6cff
scene_1_2_terminalgain_globalmax_interp_0790,family_02,290,6.901432,7.062562,0.16113,30,2,28,2.9,2.686124,2.625998,1.022896,0.16965,1.696504,1.802726,0.225192,0.040995,2.264622,0.0,scene_1|scene_1.2_y01_dense_strip_y05_2p75|12195|135,scene_1|scene_1.2_y01_dense_strip_y05_2p75|11513|104,e566fd2cd45c9053ccf86e225220594119719920,2f2aab7a817633fc0a876ee74b706d674cbcbd02
scene_1_2_terminalgain_globalmax_interp_0791,family_02,291,6.901432,7.062562,0.16113,30,2,28,2.9,2.628886,2.625998,1.0011,0.16965,1.696504,1.795789,0.309778,0.091274,0.490693,0.0,scene_1|scene_1.2_y01_dense_strip_y05_2p75|12195|135,scene_1|scene_1.2_y01_dense_strip_y05_2p75|11513|104,a35582d0569015a7e9c09f9cb3111f25a53af6a0,d7dcf11a5aa4d4acba4e5ee406143e6e80741c53
scene_1_2_terminalgain_globalmax_interp_0792,family_02,292,6.901432,7.062562,0.16113,30,2,28,2.9,2.63778,2.625998,1.004487,0.169649,1.696492,1.796674,0.168996,0.141553,0.992845,0.0,scene_1|scene_1.2_y01_dense_strip_y05_2p75|12195|135,scene_1|scene_1.2_y01_dense_strip_y05_2p75|11513|104,e54efbf55b52a7a2c4ff4a3487e58b2804cddd65,94c175997b3d0329e3b12ddf4a142a8e3745ebdc
scene_1_2_terminalgain_globalmax_interp_0793,family_02,293,6.901432,7.062562,0.16113,30,2,28,2.9,2.65632,2.625998,1.011547,0.16965,1.696502,1.798619,0.028215,0.152939,1.598779,0.0,scene_1|scene_1.2_y01_dense_strip_y05_2p75|12195|135,scene_1|scene_1.2_y01_dense_strip_y05_2p75|11513|104,10c81e23cfe0faf88936780b2b829d619b3bfb00,dd650e669a631287e394b6e14bc6601d15a8bcc1
scene_1_2_terminalgain_globalmax_interp_0794,family_02,294,6.901432,7.062562,0.16113,30,2,28,2.9,2.641865,2.625998,1.006042,0.169649,1.696494,1.797024,0.112567,0.102659,1.153207,0.0,scene_1|scene_1.2_y01_dense_strip_y05_2p75|12195|135,scene_1|scene_1.2_y01_dense_strip_y05_2p75|11513|104,21ce916b9eef601503c57eda5b7ddbf95f202bbe,f3056abefe898835a01fb72c54d85f89a6b08a33
scene_1_2_terminalgain_globalmax_interp_0795,family_02,295,6.901432,7.062562,0.16113,30,2,28,2.9,2.643691,2.625998,1.006738,0.16965,1.696504,1.797173,0.253349,0.052381,1.217791,0.0,scene_1|scene_1.2_y01_dense_strip_y05_2p75|12195|135,scene_1|scene_1.2_y01_dense_strip_y05_2p75|11513|104,2bf05ae2d0563b3f2061d86721bfc078f91e296e,55f8ede20b1d4b93bdb92019beacfedc934a95fa
scene_1_2_terminalgain_globalmax_interp_0796,family_02,296,6.901432,7.062562,0.16113,30,2,28,2.9,2.63566,2.625998,1.003679,0.169649,1.696492,1.796455,0.281622,0.002102,0.898367,0.0,scene_1|scene_1.2_y01_dense_strip_y05_2p75|12195|135,scene_1|scene_1.2_y01_dense_strip_y05_2p75|11513|104,5bf0135d487a75111e2346ba61066ee174ea0e5e,b0721183c4019d07ff8086eecf292069f9111e01
scene_1_2_terminalgain_globalmax_interp_0797,family_02,297,6.901432,7.062562,0.16113,30,2,28,2.9,2.651925,2.625998,1.009873,0.169649,1.696492,1.798116,0.14084,0.048177,1.476671,0.0,scene_1|scene_1.2_y01_dense_strip_y05_2p75|12195|135,scene_1|scene_1.2_y01_dense_strip_y05_2p75|11513|104,4080e2095f4b3656a42ab375d83fad47a7a032a0,b742587a0c95ddba1c8c10c0da84a54e506f3eb0
scene_1_2_terminalgain_globalmax_interp_0798,family_02,298,6.901432,7.062562,0.16113,30,2,28,2.9,2.672928,2.625998,1.017871,0.16965,1.696504,1.800716,5.9e-05,0.098456,1.995854,0.0,scene_1|scene_1.2_y01_dense_strip_y05_2p75|12195|135,scene_1|scene_1.2_y01_dense_strip_y05_2p75|11513|104,4a5207c77918275c9c51e4e0374a61b9b6a14bd8,0e998047ab84eaf6e0386877bd2260bb9a5de29f
scene_1_2_terminalgain_globalmax_interp_0799,family_02,299,6.901432,7.062562,0.16113,30,2,28,2.9,2.654045,2.625998,1.01068,0.169649,1.696494,1.798406,0.140723,0.148736,1.536606,0.0,scene_1|scene_1.2_y01_dense_strip_y05_2p75|12195|135,scene_1|scene_1.2_y01_dense_strip_y05_2p75|11513|104,57dab6f81da63677d5da98a19c1bf83a6325d2cb,56ce71b1c2d88be538fd28871ba22913fb37c435
scene_1_2_terminalgain_globalmax_interp_0800,family_02,300,6.901432,7.062562,0.16113,30,2,28,2.9,2.630391,2.625998,1.001673,0.16965,1.696502,1.795932,0.281505,0.145756,0.605328,0.0,scene_1|scene_1.2_y01_dense_strip_y05_2p75|12195|135,scene_1|scene_1.2_y01_dense_strip_y05_2p75|11513|104,42e21bde0b39326b9078035db41399018fb247a7,12c9c707171fcd6462d0e04fc723efaa26064c37
scene_1_2_terminalgain_globalmax_interp_0801,family_02,301,6.901432,7.062562,0.16113,30,2,28,2.9,2.651847,2.625998,1.009844,0.16965,1.696502,1.798,0.253466,0.095477,1.474867,0.0,scene_1|scene_1.2_y01_dense_strip_y05_2p75|12195|135,scene_1|scene_1.2_y01_dense_strip_y05_2p75|11513|104,58780c4d7f9a762a09f13229aabad6b4de20bcea,9d4575a1b3e5bd0c1c60992b67a5d7f552be565c
scene_1_2_terminalgain_globalmax_interp_0802,family_02,302,6.901432,7.062562,0.16113,30,2,28,2.9,2.650972,2.625998,1.00951,0.16965,1.696502,1.798006,0.112684,0.045198,1.449286,0.0,scene_1|scene_1.2_y01_dense_strip_y05_2p75|12195|135,scene_1|scene_1.2_y01_dense_strip_y05_2p75|11513|104,56873103432c51949b71f55a0689d994c636d7cb,fb4e704f14f79d5ca360e02a8caec8f53083a143
scene_1_2_terminalgain_globalmax_interp_0803,family_02,303,6.901432,7.062562,0.16113,30,2,28,2.9,2.633631,2.625998,1.002907,0.169649,1.696492,1.796355,0.028097,0.005081,0.798546,0.0,scene_1|scene_1.2_y01_dense_strip_y05_2p75|12195|135,scene_1|scene_1.2_y01_dense_strip_y05_2p75|11513|104,1f1f9ed436b7353f056a8668406b59686611fe10,a01b5271c0e3d3fd8db69f246049872369814282
scene_1_2_terminalgain_globalmax_interp_0804,family_02,304,6.901432,7.062562,0.16113,30,2,28,2.9,2.6432,2.625998,1.006551,0.169649,1.696492,1.797193,0.16888,0.05536,1.200609,0.0,scene_1|scene_1.2_y01_dense_strip_y05_2p75|12195|135,scene_1|scene_1.2_y01_dense_strip_y05_2p75|11513|104,993dcc8b44ed4dc053af308d75e3e40a939f00f0,2369a88ce00c2aec62465f222a7386232d906508
scene_1_2_terminalgain_globalmax_interp_0805,family_02,305,6.901432,7.062562,0.16113,30,2,28,2.9,2.664848,2.625998,1.014794,0.16965,1.696504,1.799601,0.309662,0.105639,1.812731,0.0,scene_1|scene_1.2_y01_dense_strip_y05_2p75|12195|135,scene_1|scene_1.2_y01_dense_strip_y05_2p75|11513|104,7f8a3dc753fb92bf413dfedba3ca88fe51af6ed3,b895dbe904031d47ad3d0a83aee7536d95350427
scene_1_2_terminalgain_globalmax_interp_0806,family_02,306,6.901432,7.062562,0.16113,30,2,28,2.9,2.659911,2.625998,1.012914,0.16965,1.696502,1.79911,0.22531,0.155918,1.691792,0.0,scene_1|scene_1.2_y01_dense_strip_y05_2p75|12195|135,scene_1|scene_1.2_y01_dense_strip_y05_2p75|11513|104,a1a32bf1b1fc152f5bc8b099992012aa1b3ffc30,fe1770f695832c24f684e171e07977859aa909bd
scene_1_2_terminalgain_globalmax_interp_0807,family_02,307,6.901432,7.062562,0.16113,30,2,28,2.9,2.65585,2.625998,1.011368,0.16965,1.696502,1.798568,0.084528,0.138573,1.586174,0.0,scene_1|scene_1.2_y01_dense_strip_y05_2p75|12195|135,scene_1|scene_1.2_y01_dense_strip_y05_2p75|11513|104,d96588e6e35c919668c2bce0eed384304406ddcf,a3f5f6ae9e2a4c1913f076566c2ab667a532afcf
scene_1_2_terminalgain_globalmax_interp_0808,family_02,308,6.901432,7.062562,0.16113,30,2,28,2.9,2.65517,2.625998,1.011109,0.169649,1.696494,1.798545,0.056254,0.088295,1.567493,0.0,scene_1|scene_1.2_y01_dense_strip_y05_2p75|12195|135,scene_1|scene_1.2_y01_dense_strip_y05_2p75|11513|104,b1e7241245064154d2e19a13b0eee099e1fb78d5,dcf624733fa2e4d1acc728687fa7bd7047128c2e
scene_1_2_terminalgain_globalmax_interp_0809,family_02,309,6.901432,7.062562,0.16113,30,2,28,2.9,2.637534,2.625998,1.004393,0.16965,1.696504,1.796607,0.197035,0.038016,0.982392,0.0,scene_1|scene_1.2_y01_dense_strip_y05_2p75|12195|135,scene_1|scene_1.2_y01_dense_strip_y05_2p75|11513|104,306c6cb78c92e735409a0d742c66b15b7da220d7,cc67cc34e80fc55cea00cb5e5f2ad3daf859366f
scene_1_2_terminalgain_globalmax_interp_0810,family_02,310,6.901432,7.062562,0.16113,30,2,28,2.9,2.653761,2.625998,1.010573,0.16965,1.696502,1.798318,0.337817,0.012264,1.529009,0.0,scene_1|scene_1.2_y01_dense_strip_y05_2p75|12195|135,scene_1|scene_1.2_y01_dense_strip_y05_2p75|11513|104,a7bf5c571bd2089c69113441c922f6776635bb24,45baa7516eef2eed0c526885d1ec77871d2c837d
scene_1_2_terminalgain_globalmax_interp_0811,family_02,311,6.901432,7.062562,0.16113,30,2,28,2.9,2.640786,2.625998,1.005632,0.16965,1.696502,1.796891,0.332304,0.062543,1.113016,0.0,scene_1|scene_1.2_y01_dense_strip_y05_2p75|12195|135,scene_1|scene_1.2_y01_dense_strip_y05_2p75|11513|104,f9ffa6e9ae9af652343e5a42d183722d685a2cf8,27b0f7695d547e9f19acb09a13adbbd9c5feb72b
scene_1_2_terminalgain_globalmax_interp_0812,family_02,312,6.901432,7.062562,0.16113,30,2,28,2.9,2.627737,2.625998,1.000662,0.169649,1.696494,1.79586,0.191521,0.112822,0.380846,0.0,scene_1|scene_1.2_y01_dense_strip_y05_2p75|12195|135,scene_1|scene_1.2_y01_dense_strip_y05_2p75|11513|104,deefb888867c3a33e6a646f5d4bea0740a6f84c9,d5eff0d990bc471af17b65517ed92a8fc6f45218
scene_1_2_terminalgain_globalmax_interp_0813,family_02,313,6.901432,7.062562,0.16113,30,2,28,2.9,2.669618,2.625998,1.016611,0.169649,1.696494,1.800266,0.05074,0.163101,1.922569,0.0,scene_1|scene_1.2_y01_dense_strip_y05_2p75|12195|135,scene_1|scene_1.2_y01_dense_strip_y05_2p75|11513|104,d28af3257deab8aa80fbe6bbd44794512a3ad046,d76c2b3a985bbcc07d43fd35dccbbd44c4ca0115
scene_1_2_terminalgain_globalmax_interp_0814,family_02,314,6.901432,7.062562,0.16113,30,2,28,2.9,2.654165,2.625998,1.010726,0.169649,1.696492,1.79835,0.090042,0.13139,1.540029,0.0,scene_1|scene_1.2_y01_dense_strip_y05_2p75|12195|135,scene_1|scene_1.2_y01_dense_strip_y05_2p75|11513|104,aac42ef683e22361b3577a61e490bd6db2737bd2,c2a9bb1749883384c716f0f14dd2502275df78d2
scene_1_2_terminalgain_globalmax_interp_0815,family_02,315,6.901432,7.062562,0.16113,30,2,28,2.9,2.630886,2.625998,1.001861,0.169649,1.696492,1.796062,0.230824,0.081112,0.638493,0.0,scene_1|scene_1.2_y01_dense_strip_y05_2p75|12195|135,scene_1|scene_1.2_y01_dense_strip_y05_2p75|11513|104,fde63453a144416aee39aa0cfdd97bec43f0690e,3d4a5c371008d94ec9d46b427e51472698a5a207
scene_1_2_terminalgain_globalmax_interp_0816,family_02,316,6.901432,7.062562,0.16113,30,2,28,2.9,2.664274,2.625998,1.014576,0.16965,1.696504,1.799679,0.304147,0.030833,1.798906,0.0,scene_1|scene_1.2_y01_dense_strip_y05_2p75|12195|135,scene_1|scene_1.2_y01_dense_strip_y05_2p75|11513|104,6769097a329509cc0fcbaa229c3ac7f158ee4f70,1f9703f3a9e31fad3659f864d13211599ba2dbf9
scene_1_2_terminalgain_globalmax_interp_0817,family_02,317,6.901432,7.062562,0.16113,30,2,28,2.9,2.67595,2.625998,1.019022,0.169649,1.696494,1.801198,0.163366,0.019446,2.060132,0.0,scene_1|scene_1.2_y01_dense_strip_y05_2p75|12195|135,scene_1|scene_1.2_y01_dense_strip_y05_2p75|11513|104,ac7ec69afe7c6e94c6abb08f70628e201cd1c5af,315175f06b9ed2a4a30caa4c75540315e30e7cae
scene_1_2_terminalgain_globalmax_interp_0818,family_02,318,6.901432,7.062562,0.16113,30,2,28,2.9,2.641113,2.625998,1.005756,0.16965,1.696502,1.796996,0.022584,0.069725,1.125491,0.0,scene_1|scene_1.2_y01_dense_strip_y05_2p75|12195|135,scene_1|scene_1.2_y01_dense_strip_y05_2p75|11513|104,0507d642f0cbca66a9f7b37ae0353eab56e64e61,b2630eeb7b8e4a06f345669861e5c0a33ad1552f
scene_1_2_terminalgain_globalmax_interp_0819,family_02,319,6.901432,7.062562,0.16113,30,2,28,2.9,2.637121,2.625998,1.004236,0.169649,1.696492,1.796654,0.118198,0.120005,0.964329,0.0,scene_1|scene_1.2_y01_dense_strip_y05_2p75|12195|135,scene_1|scene_1.2_y01_dense_strip_y05_2p75|11513|104,1318f138f1654ec6e0a98605426775a69d35fdf2,42536ab608dbc34f7adf2616b0aa10be235ad46f
scene_1_2_terminalgain_globalmax_interp_0820,family_02,320,6.901432,7.062562,0.16113,30,2,28,2.9,2.646555,2.625998,1.007828,0.16965,1.696502,1.797512,0.25898,0.170284,1.313785,0.0,scene_1|scene_1.2_y01_dense_strip_y05_2p75|12195|135,scene_1|scene_1.2_y01_dense_strip_y05_2p75|11513|104,78423726839335f63890f452b40fff07e94d2be6,150ce18ca14b41cb250318c6cb09034df4b41d60
scene_1_2_terminalgain_globalmax_interp_0821,family_02,321,6.901432,7.062562,0.16113,30,2,28,2.9,2.656948,2.625998,1.011786,0.16965,1.696502,1.798703,0.275991,0.173461,1.615621,0.0,scene_1|scene_1.2_y01_dense_strip_y05_2p75|12195|135,scene_1|scene_1.2_y01_dense_strip_y05_2p75|11513|104,bf1418c57e6a56ca57f38212328399b68027212e,fd249f12acd40ed94333560a2f3f1c8882ee78ff
scene_1_2_terminalgain_globalmax_interp_0822,family_02,322,6.901432,7.062562,0.16113,30,2,28,2.9,2.665407,2.625998,1.015007,0.169649,1.696492,1.799663,0.135209,0.123182,1.825877,0.0,scene_1|scene_1.2_y01_dense_strip_y05_2p75|12195|135,scene_1|scene_1.2_y01_dense_strip_y05_2p75|11513|104,213b77fcccf488034290347de4d7f15b70d20f55,7492b29e57018217fea3e647670e540fc286c27d
scene_1_2_terminalgain_globalmax_interp_0823,family_02,323,6.901432,7.062562,0.16113,30,2,28,2.9,2.636687,2.625998,1.00407,0.16965,1.696502,1.796439,0.005572,0.072903,0.945199,0.0,scene_1|scene_1.2_y01_dense_strip_y05_2p75|12195|135,scene_1|scene_1.2_y01_dense_strip_y05_2p75|11513|104,b67a2e6a0b3eb42af6295c055120ab35fdeba4e8,f34fc2f074ef9afe7ce93bdcb6e60850dcf30c92
scene_1_2_terminalgain_globalmax_interp_0824,family_02,324,6.901432,7.062562,0.16113,30,2,28,2.9,2.631907,2.625998,1.00225,0.169649,1.696494,1.796085,0.146354,0.022623,0.702489,0.0,scene_1|scene_1.2_y01_dense_strip_y05_2p75|12195|135,scene_1|scene_1.2_y01_dense_strip_y05_2p75|11513|104,22533836796f7686786202b3a89b6df9fc330bb7,e3fe1ae5a01a1741d32f851b9c57f5e819bde91f
scene_1_2_terminalgain_globalmax_interp_0825,family_02,325,6.901432,7.062562,0.16113,30,2,28,2.9,2.662143,2.625998,1.013764,0.169649,1.696494,1.79933,0.287136,0.027656,1.747748,0.0,scene_1|scene_1.2_y01_dense_strip_y05_2p75|12195|135,scene_1|scene_1.2_y01_dense_strip_y05_2p75|11513|104,c4fa08b6d154d1392924b146f449defcede7bebe,b3ebf69326cc23e43773075d2922ae055a24aaab
scene_1_2_terminalgain_globalmax_interp_0826,family_02,326,6.901432,7.062562,0.16113,30,2,28,2.9,2.669037,2.625998,1.016389,0.169649,1.696492,1.80021,0.247834,0.077935,1.90954,0.0,scene_1|scene_1.2_y01_dense_strip_y05_2p75|12195|135,scene_1|scene_1.2_y01_dense_strip_y05_2p75|11513|104,966f3a1cfb7d0e07303c67a13ce59d9df25a6315,991af3caf40eb8163cef5bb3bced1889aa3ef164
scene_1_2_terminalgain_globalmax_interp_0827,family_02,327,6.901432,7.062562,0.16113,30,2,28,2.9,2.632846,2.625998,1.002608,0.16965,1.696502,1.796232,0.107053,0.128214,0.756342,0.0,scene_1|scene_1.2_y01_dense_strip_y05_2p75|12195|135,scene_1|scene_1.2_y01_dense_strip_y05_2p75|11513|104,e87e621bade4a4e01ea9879127aa5963150edc3a,75b9c58e430f84e1183f753ab4ed3bd948895aac
scene_1_2_terminalgain_globalmax_interp_0828,family_02,328,6.901432,7.062562,0.16113,30,2,28,2.9,2.633251,2.625998,1.002762,0.16965,1.696504,1.796176,0.033729,0.166278,0.778345,0.0,scene_1|scene_1.2_y01_dense_strip_y05_2p75|12195|135,scene_1|scene_1.2_y01_dense_strip_y05_2p75|11513|104,6bc1a1c3ffe5e6a852ebe03488bc81830c33cd85,c9c9d1f7468bb6ae3c9ed50d04a761057007b493
scene_1_2_terminalgain_globalmax_interp_0829,family_02,329,6.901432,7.062562,0.16113,30,2,28,2.9,2.668964,2.625998,1.016362,0.169649,1.696492,1.800198,0.174511,0.115999,1.908181,0.0,scene_1|scene_1.2_y01_dense_strip_y05_2p75|12195|135,scene_1|scene_1.2_y01_dense_strip_y05_2p75|11513|104,e1780d5088a860b0ca5b812c7352c97a40826c9c,7d7688c99f67fe8c6d609f4c7caedca0660ced61
scene_1_2_terminalgain_globalmax_interp_0830,family_02,330,6.901432,7.062562,0.16113,30,2,28,2.9,2.646517,2.625998,1.007814,0.16965,1.696502,1.797461,0.315292,0.06572,1.312528,0.0,scene_1|scene_1.2_y01_dense_strip_y05_2p75|12195|135,scene_1|scene_1.2_y01_dense_strip_y05_2p75|11513|104,356c6010ee35bb65ac33f064218f44d2f1c765bb,00bdc41cd3aa6a2f249f4277a3b675d2f0f14f41
scene_1_2_terminalgain_globalmax_interp_0831,family_02,331,6.901432,7.062562,0.16113,30,2,28,2.9,2.643255,2.625998,1.006572,0.169649,1.696492,1.797171,0.219678,0.015441,1.202564,0.0,scene_1|scene_1.2_y01_dense_strip_y05_2p75|12195|135,scene_1|scene_1.2_y01_dense_strip_y05_2p75|11513|104,8da7d2ef1f27ba0060e603dcb61875491f90d7c3,83d370ed036fe8b26af87c475b7fbe8435af4b9f
scene_1_2_terminalgain_globalmax_interp_0832,family_02,332,6.901432,7.062562,0.16113,30,2,28,2.9,2.635956,2.625998,1.003792,0.169649,1.696494,1.796521,0.078896,0.034839,0.912217,0.0,scene_1|scene_1.2_y01_dense_strip_y05_2p75|12195|135,scene_1|scene_1.2_y01_dense_strip_y05_2p75|11513|104,ff0a87c663e41006b868517fc712e1215b1997ef,c6f8c8f5947b25e4c6944b4c1b929a12efc0c50a
scene_1_2_terminalgain_globalmax_interp_0833,family_02,333,6.901432,7.062562,0.16113,30,2,28,2.9,2.647152,2.625998,1.008056,0.16965,1.696504,1.79756,0.061886,0.085118,1.332648,0.0,scene_1|scene_1.2_y01_dense_strip_y05_2p75|12195|135,scene_1|scene_1.2_y01_dense_strip_y05_2p75|11513|104,a5d8695644af676c024935000d4c248b89b851f0,9ade778fd352215cdb39860ae8c2c04d4dc7e052
scene_1_2_terminalgain_globalmax_interp_0834,family_02,334,6.901432,7.062562,0.16113,30,2,28,2.9,2.662209,2.625998,1.013789,0.16965,1.696502,1.799355,0.202667,0.135397,1.749328,0.0,scene_1|scene_1.2_y01_dense_strip_y05_2p75|12195|135,scene_1|scene_1.2_y01_dense_strip_y05_2p75|11513|104,179e896fe385d1be5142c544629cbf08c8aa755b,15acc425818470dec1def71d57fafb91102c6825
scene_1_2_terminalgain_globalmax_interp_0835,family_02,335,6.901432,7.062562,0.16113,30,2,28,2.9,2.659016,2.625998,1.012574,0.16965,1.696504,1.798856,0.343449,0.159096,1.669009,0.0,scene_1|scene_1.2_y01_dense_strip_y05_2p75|12195|135,scene_1|scene_1.2_y01_dense_strip_y05_2p75|11513|104,671991206b34beb635825a13965fb22bf3f9e026,7becba6a5b91c87be9c5754ae7b325565032c111
scene_1_2_terminalgain_globalmax_interp_0836,family_02,336,6.901432,7.062562,0.16113,30,2,28,2.9,2.626959,2.625998,1.000366,0.169649,1.696492,1.795713,0.326672,0.108816,0.283066,0.0,scene_1|scene_1.2_y01_dense_strip_y05_2p75|12195|135,scene_1|scene_1.2_y01_dense_strip_y05_2p75|11513|104,a0f9a9364bb9efa6d93dec7036d937198c2c3e3b,200caf4a87b80663c8efe4c2dd550fccebec6699
scene_1_2_terminalgain_globalmax_interp_0837,family_02,337,6.901432,7.062562,0.16113,30,2,28,2.9,2.669694,2.625998,1.01664,0.16965,1.696502,1.800278,0.185891,0.058537,1.924303,0.0,scene_1|scene_1.2_y01_dense_strip_y05_2p75|12195|135,scene_1|scene_1.2_y01_dense_strip_y05_2p75|11513|104,49a0ae1e6e2ee4bcae26bb9f909b539ee92c5a24,b2a4a218adc5acefad1a5d0d260e61f11a1cea7c
scene_1_2_terminalgain_globalmax_interp_0838,family_02,338,6.901432,7.062562,0.16113,30,2,28,2.9,2.673227,2.625998,1.017985,0.169649,1.696492,1.800863,0.045109,0.008258,2.001849,0.0,scene_1|scene_1.2_y01_dense_strip_y05_2p75|12195|135,scene_1|scene_1.2_y01_dense_strip_y05_2p75|11513|104,91691039bd340e1291d5e1e99b41330ef208d9fe,9649d1001ed57edba6ed46a95ac54dfad40512f7
scene_1_2_terminalgain_globalmax_interp_0839,family_02,339,6.901432,7.062562,0.16113,30,2,28,2.9,2.626132,2.625998,1.000051,0.16965,1.696502,1.795604,0.095673,0.042021,0.10571,0.0,scene_1|scene_1.2_y01_dense_strip_y05_2p75|12195|135,scene_1|scene_1.2_y01_dense_strip_y05_2p75|11513|104,c7601dd3cda7552555e6bd64e82ff53099c38db6,d37e68ea8bccbf5d58392ae50bd7672c48870a3f
scene_1_2_terminalgain_globalmax_interp_0840,family_02,340,6.901432,7.062562,0.16113,30,2,28,2.9,2.653093,2.625998,1.010318,0.169649,1.696494,1.798156,0.236454,0.092301,1.510315,0.0,scene_1|scene_1.2_y01_dense_strip_y05_2p75|12195|135,scene_1|scene_1.2_y01_dense_strip_y05_2p75|11513|104,66bb414a46e504a2a4e977415bd25f95a61520d3,95b8f4876da8eb40379ec00c4acbbd63a15f0c59
scene_1_2_terminalgain_globalmax_interp_0841,family_02,341,6.901432,7.062562,0.16113,30,2,28,2.9,2.640804,2.625998,1.005638,0.169649,1.696494,1.796928,0.298516,0.14258,1.113556,0.0,scene_1|scene_1.2_y01_dense_strip_y05_2p75|12195|135,scene_1|scene_1.2_y01_dense_strip_y05_2p75|11513|104,2f35b29d19e5db43925b7b0cf3a98037b5ff6698,772a4b0b51c9d1123d9399cf0a152faf033f72e3
scene_1_2_terminalgain_globalmax_interp_0842,family_02,342,6.901432,7.062562,0.16113,30,2,28,2.9,2.648067,2.625998,1.008404,0.169649,1.696492,1.797679,0.157734,0.151913,1.361538,0.0,scene_1|scene_1.2_y01_dense_strip_y05_2p75|12195|135,scene_1|scene_1.2_y01_dense_strip_y05_2p75|11513|104,7eeeadec9a769c368908693cf324a89ce40a6fc6,d1ded25357a5601a0ffac7152a29c7bcb6c6735a
scene_1_2_terminalgain_globalmax_interp_0843,family_02,343,6.901432,7.062562,0.16113,30,2,28,2.9,2.660357,2.625998,1.013084,0.16965,1.696502,1.799102,0.016952,0.101634,1.702937,0.0,scene_1|scene_1.2_y01_dense_strip_y05_2p75|12195|135,scene_1|scene_1.2_y01_dense_strip_y05_2p75|11513|104,346337aa9fb7ea93ec905014ced35f66201c6ccb,6314be799e167e0766904197c07a85a1b8bd74c0
scene_1_2_terminalgain_globalmax_interp_0844,family_02,344,6.901432,7.062562,0.16113,30,2,28,2.9,2.660186,2.625998,1.013019,0.16965,1.696504,1.799021,0.123829,0.051354,1.698786,0.0,scene_1|scene_1.2_y01_dense_strip_y05_2p75|12195|135,scene_1|scene_1.2_y01_dense_strip_y05_2p75|11513|104,c18828c6d1c02909e5c06a945ff6f159c698d763,e472cbe3ebfbbb350e103fc82c9a820442d50c39
scene_1_2_terminalgain_globalmax_interp_0845,family_02,345,6.901432,7.062562,0.16113,30,2,28,2.9,2.649785,2.625998,1.009058,0.169649,1.696492,1.79791,0.264611,0.001075,1.414114,0.0,scene_1|scene_1.2_y01_dense_strip_y05_2p75|12195|135,scene_1|scene_1.2_y01_dense_strip_y05_2p75|11513|104,caa1c69364cd0360b803408b51a6d71a13c0cc73,2337e2b5b578b5131d07ba15d104e559f00a3d3d
scene_1_2_terminalgain_globalmax_interp_0846,family_02,346,6.901432,7.062562,0.16113,30,2,28,2.9,2.657376,2.625998,1.011949,0.16965,1.696502,1.798646,0.270359,0.049204,1.626656,0.0,scene_1|scene_1.2_y01_dense_strip_y05_2p75|12195|135,scene_1|scene_1.2_y01_dense_strip_y05_2p75|11513|104,5f0f483272a0c0ce00bac84098f0cfd30a6a1a3c,98864ac3d82700783221ebfa0eee012435c1e4df
scene_1_2_terminalgain_globalmax_interp_0847,family_02,347,6.901432,7.062562,0.16113,30,2,28,2.9,2.645775,2.625998,1.007531,0.169649,1.696492,1.797469,0.129578,0.099483,1.288158,0.0,scene_1|scene_1.2_y01_dense_strip_y05_2p75|12195|135,scene_1|scene_1.2_y01_dense_strip_y05_2p75|11513|104,74fe94c3d9972aca6e09ec90eb6ca1a6d8b825e7,9d50355a51b5bee1d36537171606bdbd874588d6
scene_1_2_terminalgain_globalmax_interp_0848,family_02,348,6.901432,7.062562,0.16113,30,2,28,2.9,2.630798,2.625998,1.001828,0.169649,1.696494,1.796009,0.011204,0.149763,0.633081,0.0,scene_1|scene_1.2_y01_dense_strip_y05_2p75|12195|135,scene_1|scene_1.2_y01_dense_strip_y05_2p75|11513|104,67d30ab75685e8b4c3669f73bec19ec378abe9ae,ff8832672fd5fa88e5d06030172470dd900cc8bb
scene_1_2_terminalgain_globalmax_interp_0849,family_02,349,6.901432,7.062562,0.16113,30,2,28,2.9,2.653476,2.625998,1.010464,0.16965,1.696504,1.798247,0.151986,0.14473,1.521064,0.0,scene_1|scene_1.2_y01_dense_strip_y05_2p75|12195|135,scene_1|scene_1.2_y01_dense_strip_y05_2p75|11513|104,83a116f066de87d3142802c6ec6d527ba7f6efd4,cc6860288ea20dc8a810293d1f33d55652513aeb
scene_1_2_terminalgain_globalmax_interp_0850,family_02,350,6.901432,7.062562,0.16113,30,2,28,2.9,2.648484,2.625998,1.008563,0.16965,1.696502,1.797746,0.292768,0.094451,1.374619,0.0,scene_1|scene_1.2_y01_dense_strip_y05_2p75|12195|135,scene_1|scene_1.2_y01_dense_strip_y05_2p75|11513|104,77043f824809d7661deb0040a192420a860d96ab,6c9f187dc06b1773b8569d4630e364ce430cd815
scene_1_2_terminalgain_globalmax_interp_0851,family_02,351,6.901432,7.062562,0.16113,30,2,28,2.9,2.632357,2.625998,1.002422,0.16965,1.696504,1.796153,0.242204,0.044172,0.728796,0.0,scene_1|scene_1.2_y01_dense_strip_y05_2p75|12195|135,scene_1|scene_1.2_y01_dense_strip_y05_2p75|11513|104,53fe3a6e744dcd69205323b9668ef10c9f6449ea,f3fd5c80c550ee6b64ecf22cdce68f2dfb345c54
scene_1_2_terminalgain_globalmax_interp_0852,family_02,352,6.901432,7.062562,0.16113,30,2,28,2.9,2.650634,2.625998,1.009381,0.169649,1.696492,1.797914,0.101421,0.006108,1.438928,0.0,scene_1|scene_1.2_y01_dense_strip_y05_2p75|12195|135,scene_1|scene_1.2_y01_dense_strip_y05_2p75|11513|104,18d64e0ad748e3d2cf32eb6f6ab73680a91c117a,ad7790afbf7a51b20c646fe279858b8a14bdf1d3
scene_1_2_terminalgain_globalmax_interp_0853,family_02,353,6.901432,7.062562,0.16113,30,2,28,2.9,2.681033,2.625998,1.020958,0.16965,1.696502,1.801856,0.039361,0.056387,2.164741,0.0,scene_1|scene_1.2_y01_dense_strip_y05_2p75|12195|135,scene_1|scene_1.2_y01_dense_strip_y05_2p75|11513|104,98ff6af6cd95dfea6984b5ff90b75a62a80a3824,f0dfd2736e9b027d07701536359a408c6312ccba
scene_1_2_terminalgain_globalmax_interp_0854,family_02,354,6.901432,7.062562,0.16113,30,2,28,2.9,2.657802,2.625998,1.012111,0.169649,1.696492,1.798794,0.180142,0.106666,1.637845,0.0,scene_1|scene_1.2_y01_dense_strip_y05_2p75|12195|135,scene_1|scene_1.2_y01_dense_strip_y05_2p75|11513|104,767a728ed2a0dd4d19a64b6248a7e7537fe64cb3,35cd3b56644e8ed42aeda046b2faa2b28d2db6d3
scene_1_2_terminalgain_globalmax_interp_0855,family_02,355,6.901432,7.062562,0.16113,30,2,28,2.9,2.633612,2.625998,1.002899,0.169649,1.696492,1.796346,0.320924,0.156945,0.79733,0.0,scene_1|scene_1.2_y01_dense_strip_y05_2p75|12195|135,scene_1|scene_1.2_y01_dense_strip_y05_2p75|11513|104,2fd4ed9a5784d282de32eecd321b9fb591afc397,ff48e7f0f1fa927f96bdf13a7a044818454ce9f8
scene_1_2_terminalgain_globalmax_interp_0856,family_02,356,6.901432,7.062562,0.16113,30,2,28,2.9,2.64775,2.625998,1.008283,0.16965,1.696504,1.797603,0.214047,0.137547,1.35169,0.0,scene_1|scene_1.2_y01_dense_strip_y05_2p75|12195|135,scene_1|scene_1.2_y01_dense_strip_y05_2p75|11513|104,269125a2df05691911cdea21281b6d4e9bb7cb2a,7855dd711dd954a145c78b92450a25c259b3e2da
scene_1_2_terminalgain_globalmax_interp_0857,family_02,357,6.901432,7.062562,0.16113,30,2,28,2.9,2.637952,2.625998,1.004552,0.169649,1.696494,1.79673,0.073265,0.087268,1.000224,0.0,scene_1|scene_1.2_y01_dense_strip_y05_2p75|12195|135,scene_1|scene_1.2_y01_dense_strip_y05_2p75|11513|104,1075ae29d123800a919fa28bc6e1b1eb6cb5b01e,1974c01e450d827fe835adbb89bb9ea7f87afbd9
scene_1_2_terminalgain_globalmax_interp_0858,family_02,358,6.901432,7.062562,0.16113,30,2,28,2.9,2.658276,2.625998,1.012292,0.16965,1.696502,1.79876,0.067516,0.036989,1.650343,0.0,scene_1|scene_1.2_y01_dense_strip_y05_2p75|12195|135,scene_1|scene_1.2_y01_dense_strip_y05_2p75|11513|104,8e82ddb400159488071a1243928667a2b1c2e88a,342ab76d97fc03e5350f0f2be2ef48711f538e30
scene_1_2_terminalgain_globalmax_interp_0859,family_02,359,6.901432,7.062562,0.16113,30,2,28,2.9,2.63662,2.625998,1.004045,0.169649,1.696492,1.796552,0.208299,0.01329,0.942322,0.0,scene_1|scene_1.2_y01_dense_strip_y05_2p75|12195|135,scene_1|scene_1.2_y01_dense_strip_y05_2p75|11513|104,8986b72a7480a36b49d45a5dee2492fc3eda1bcb,f28bdac0292ac8c96245ef88271265f45d4019c5
scene_1_2_terminalgain_globalmax_interp_0860,family_02,360,6.901432,7.062562,0.16113,30,2,28,2.9,2.628998,2.625998,1.001142,0.16965,1.696502,1.79588,0.349081,0.06357,0.500057,0.0,scene_1|scene_1.2_y01_dense_strip_y05_2p75|12195|135,scene_1|scene_1.2_y01_dense_strip_y05_2p75|11513|104,81cb65fe97e26ccc1415e67db0f8ef025ae09612,c54a50f16b6d24c8f73fe5b779e1d978b6232977
scene_1_2_terminalgain_globalmax_interp_0861,family_02,361,6.901432,7.062562,0.16113,30,2,28,2.9,2.678518,2.625998,1.02,0.16965,1.696502,1.801548,0.348071,0.113849,2.113602,0.0,scene_1|scene_1.2_y01_dense_strip_y05_2p75|12195|135,scene_1|scene_1.2_y01_dense_strip_y05_2p75|11513|104,0cba7d31b1e7930278c964d2a31f4e1a6b32bfc2,2d9548364e959a0398728496a8a718a7fbefd2ce
scene_1_2_terminalgain_globalmax_interp_0862,family_02,362,6.901432,7.062562,0.16113,30,2,28,2.9,2.671321,2.625998,1.017259,0.16965,1.696502,1.800545,0.207289,0.164128,1.96051,0.0,scene_1|scene_1.2_y01_dense_strip_y05_2p75|12195|135,scene_1|scene_1.2_y01_dense_strip_y05_2p75|11513|104,75bc3a6088b3907bb1682c20c32e1c8e7a701793,b41786ea0e098d463743274983f07359febc8408
scene_1_2_terminalgain_globalmax_interp_0863,family_02,363,6.901432,7.062562,0.16113,30,2,28,2.9,2.628166,2.625998,1.000825,0.16965,1.696502,1.795809,0.066508,0.130365,0.425045,0.0,scene_1|scene_1.2_y01_dense_strip_y05_2p75|12195|135,scene_1|scene_1.2_y01_dense_strip_y05_2p75|11513|104,59ab96784d18cd4bca9c676ddc41283fc3f1fe38,fabed965d1140ff8a30e5bd66176a38a66209569
scene_1_2_terminalgain_globalmax_interp_0864,family_02,364,6.901432,7.062562,0.16113,30,2,28,2.9,2.639145,2.625998,1.005006,0.169649,1.696494,1.79676,0.074274,0.080085,1.049041,0.0,scene_1|scene_1.2_y01_dense_strip_y05_2p75|12195|135,scene_1|scene_1.2_y01_dense_strip_y05_2p75|11513|104,c043aa6dbd95681464286ab9356b313c75981000,c65a15178f542848df7c6c0266ab0fa7ed51c742
scene_1_2_terminalgain_globalmax_interp_0865,family_02,365,6.901432,7.062562,0.16113,30,2,28,2.9,2.655621,2.625998,1.011281,0.169649,1.696494,1.798524,0.215056,0.029806,1.57985,0.0,scene_1|scene_1.2_y01_dense_strip_y05_2p75|12195|135,scene_1|scene_1.2_y01_dense_strip_y05_2p75|11513|104,199414ab0040b21613ffd8cdb914d21c6a70f859,f11fbc72781b1f611ffecb03b2805b11067726dc
scene_1_2_terminalgain_globalmax_interp_0866,family_02,366,6.901432,7.062562,0.16113,30,2,28,2.9,2.63698,2.625998,1.004182,0.169649,1.696494,1.796628,0.319915,0.020473,0.958357,0.0,scene_1|scene_1.2_y01_dense_strip_y05_2p75|12195|135,scene_1|scene_1.2_y01_dense_strip_y05_2p75|11513|104,f4ed51608ab17ef060953309b91af3442e0d3dde,6646161f4cbdfeb60dbcf11fb054ea0c54b907eb
scene_1_2_terminalgain_globalmax_interp_0867,family_02,367,6.901432,7.062562,0.16113,30,2,28,2.9,2.653316,2.625998,1.010403,0.16965,1.696504,1.798277,0.179133,0.070752,1.516491,0.0,scene_1|scene_1.2_y01_dense_strip_y05_2p75|12195|135,scene_1|scene_1.2_y01_dense_strip_y05_2p75|11513|104,946c1f3235f8ee54bfafdd3c1fc70eac80a7ea3e,125c692a7229185a014982f42d5830c846888697
scene_1_2_terminalgain_globalmax_interp_0868,family_02,368,6.901432,7.062562,0.16113,30,2,28,2.9,2.630753,2.625998,1.001811,0.16965,1.696502,1.795947,0.038351,0.121032,0.629664,0.0,scene_1|scene_1.2_y01_dense_strip_y05_2p75|12195|135,scene_1|scene_1.2_y01_dense_strip_y05_2p75|11513|104,094417d7692aa21411171b5aaa140ce8e946f771,d7f7dae310ad9f9512539e495a6bba3b0e6b626d
scene_1_2_terminalgain_globalmax_interp_0869,family_02,369,6.901432,7.062562,0.16113,30,2,28,2.9,2.661488,2.625998,1.013515,0.169649,1.696492,1.799242,0.10243,0.171311,1.731293,0.0,scene_1|scene_1.2_y01_dense_strip_y05_2p75|12195|135,scene_1|scene_1.2_y01_dense_strip_y05_2p75|11513|104,98ebabf0001eb0c47fd083cca238e5e697cc870f,a71bbc60403e23fc36340e8c31eaa7e9ee211676
scene_1_2_terminalgain_globalmax_interp_0870,family_02,370,6.901432,7.062562,0.16113,30,2,28,2.9,2.690947,2.625998,1.024733,0.169649,1.696494,1.80356,0.243212,0.172435,2.356193,0.0,scene_1|scene_1.2_y01_dense_strip_y05_2p75|12195|135,scene_1|scene_1.2_y01_dense_strip_y05_2p75|11513|104,54ae9ce8210b2e2683ee070d6e6051e7f24a9a54,449957006d4a3e5389412c0ca328eb3a9698424b
scene_1_2_terminalgain_globalmax_interp_0871,family_02,371,6.901432,7.062562,0.16113,30,2,28,2.9,2.656705,2.625998,1.011693,0.16965,1.696504,1.79874,0.291758,0.122156,1.608898,0.0,scene_1|scene_1.2_y01_dense_strip_y05_2p75|12195|135,scene_1|scene_1.2_y01_dense_strip_y05_2p75|11513|104,585c526e60d9a32a2ad38c9c2d61a536db802d4d,937c1510660d67d8e51583e81358795037cd21c4
scene_1_2_terminalgain_globalmax_interp_0872,family_02,372,6.901432,7.062562,0.16113,30,2,28,2.9,2.635831,2.625998,1.003744,0.16965,1.696502,1.796523,0.150976,0.071877,0.906557,0.0,scene_1|scene_1.2_y01_dense_strip_y05_2p75|12195|135,scene_1|scene_1.2_y01_dense_strip_y05_2p75|11513|104,0b985cbd91b4b380d69b70dbefd3f3af8768185a,b3662bef34e2b1b78b1375c89215501360393e6e
scene_1_2_terminalgain_globalmax_interp_0873,family_02,373,6.901432,7.062562,0.16113,30,2,28,2.9,2.642523,2.625998,1.006293,0.169649,1.696492,1.797219,0.010195,0.021598,1.176676,0.0,scene_1|scene_1.2_y01_dense_strip_y05_2p75|12195|135,scene_1|scene_1.2_y01_dense_strip_y05_2p75|11513|104,918c4c8b2010baabae5a26a7d8483ecf75f46764,3a1cc2a2a2b7f800dd8fa169c8e51805d89bbf13
scene_1_2_terminalgain_globalmax_interp_0874,family_02,374,6.901432,7.062562,0.16113,30,2,28,2.9,2.661236,2.625998,1.013419,0.169649,1.696494,1.799193,0.130587,0.028682,1.725071,0.0,scene_1|scene_1.2_y01_dense_strip_y05_2p75|12195|135,scene_1|scene_1.2_y01_dense_strip_y05_2p75|11513|104,01db3fca5522e1d0d67e45d9f5d320b28b29146d,d31e42eafba89ade9139b9f6cdc4ba74361810eb
scene_1_2_terminalgain_globalmax_interp_0875,family_02,375,6.901432,7.062562,0.16113,30,2,28,2.9,2.629214,2.625998,1.001225,0.169649,1.696492,1.795945,0.271369,0.078961,0.517751,0.0,scene_1|scene_1.2_y01_dense_strip_y05_2p75|12195|135,scene_1|scene_1.2_y01_dense_strip_y05_2p75|11513|104,ef43a2c76ddd707d37e18ea3f072110c7cda94ed,3e47a603656246c5fab56c8fac7061813d054b83
scene_1_2_terminalgain_globalmax_interp_0876,family_02,376,6.901432,7.062562,0.16113,30,2,28,2.9,2.641531,2.625998,1.005915,0.16965,1.696502,1.797024,0.263602,0.12924,1.140996,0.0,scene_1|scene_1.2_y01_dense_strip_y05_2p75|12195|135,scene_1|scene_1.2_y01_dense_strip_y05_2p75|11513|104,3eeb89d1b151a1c1295ae781a800806e7620bb2c,12df67e8ba0cc8f0aeb8eabc00a3875a48a6f1b7
scene_1_2_terminalgain_globalmax_interp_0877,family_02,377,6.901432,7.062562,0.16113,30,2,28,2.9,2.656854,2.625998,1.01175,0.169649,1.696492,1.798747,0.12282,0.165253,1.612686,0.0,scene_1|scene_1.2_y01_dense_strip_y05_2p75|12195|135,scene_1|scene_1.2_y01_dense_strip_y05_2p75|11513|104,a3cc2a075e1b1952550f29c6b5ff6922c10fbd10,e228b10f3dd927e7b40f208390145bd38c60e667
scene_1_2_terminalgain_globalmax_interp_0878,family_02,378,6.901432,7.062562,0.16113,30,2,28,2.9,2.65162,2.625998,1.009757,0.16965,1.696504,1.798147,0.017962,0.114973,1.468438,0.0,scene_1|scene_1.2_y01_dense_strip_y05_2p75|12195|135,scene_1|scene_1.2_y01_dense_strip_y05_2p75|11513|104,7a61b783564d066509beb262ceabf0bd2ddf7d4d,dfa765f10b6f2034d0d9e56843f9fc2ae4878b56
scene_1_2_terminalgain_globalmax_interp_0879,family_02,379,6.901432,7.062562,0.16113,30,2,28,2.9,2.652699,2.625998,1.010168,0.16965,1.696504,1.798261,0.158743,0.064694,1.498921,0.0,scene_1|scene_1.2_y01_dense_strip_y05_2p75|12195|135,scene_1|scene_1.2_y01_dense_strip_y05_2p75|11513|104,4cfbb19164fbdb2bdf073548f28b077c50f582d0,db9b0c785216850a1b285c3021021c30fed6255f
scene_1_2_terminalgain_globalmax_interp_0880,family_02,380,6.901432,7.062562,0.16113,30,2,28,2.9,2.655783,2.625998,1.011342,0.169649,1.696492,1.798578,0.299525,0.014415,1.584275,0.0,scene_1|scene_1.2_y01_dense_strip_y05_2p75|12195|135,scene_1|scene_1.2_y01_dense_strip_y05_2p75|11513|104,1ebbee3e28723d637c3a3abb88081915f7924c06,1466e51b11fa675973643d7fe46b9b939933df25
scene_1_2_terminalgain_globalmax_interp_0881,family_02,381,6.901432,7.062562,0.16113,30,2,28,2.9,2.643365,2.625998,1.006614,0.16965,1.696502,1.797172,0.235446,0.035864,1.206783,0.0,scene_1|scene_1.2_y01_dense_strip_y05_2p75|12195|135,scene_1|scene_1.2_y01_dense_strip_y05_2p75|11513|104,58e28b2f729f189afbe58f312963fccd7530f3c6,09536e6b29f17dbb4a87c6f81a5111afb8e656a0
scene_1_2_terminalgain_globalmax_interp_0882,family_02,382,6.901432,7.062562,0.16113,30,2,28,2.9,2.646121,2.625998,1.007663,0.169649,1.696492,1.797534,0.094664,0.086144,1.299406,0.0,scene_1|scene_1.2_y01_dense_strip_y05_2p75|12195|135,scene_1|scene_1.2_y01_dense_strip_y05_2p75|11513|104,356f368ceda9e48737a715c94712b21d00680c47,0ceeff2f08e475c704f8b32e2179f8db61fc79a0
scene_1_2_terminalgain_globalmax_interp_0883,family_02,383,6.901432,7.062562,0.16113,30,2,28,2.9,2.646599,2.625998,1.007845,0.16965,1.696502,1.797547,0.046117,0.136423,1.315245,0.0,scene_1|scene_1.2_y01_dense_strip_y05_2p75|12195|135,scene_1|scene_1.2_y01_dense_strip_y05_2p75|11513|104,9d77ad2322c29061a6f654b6f2be11273767b6c0,c8a9183e990fcdeb60c2a16867aa81ff284893c9
scene_1_2_terminalgain_globalmax_interp_0884,family_02,384,6.901432,7.062562,0.16113,30,2,28,2.9,2.626263,2.625998,1.000101,0.169649,1.696494,1.795663,0.1869,0.15807,0.163003,0.0,scene_1|scene_1.2_y01_dense_strip_y05_2p75|12195|135,scene_1|scene_1.2_y01_dense_strip_y05_2p75|11513|104,5a819322ac3239818f41193b65f24731bb8b5456,f7afa35b36cdd9390d06af85095942f5bc5cf7fa
scene_1_2_terminalgain_globalmax_interp_0885,family_02,385,6.901432,7.062562,0.16113,30,2,28,2.9,2.673275,2.625998,1.018003,0.169649,1.696494,1.800962,0.327682,0.107791,2.003147,0.0,scene_1|scene_1.2_y01_dense_strip_y05_2p75|12195|135,scene_1|scene_1.2_y01_dense_strip_y05_2p75|11513|104,9796689533d23c9fdab5d7b4fa2eca4b5e38e271,98b1ba0f7ffb9541117db00b47051cc762a51918
scene_1_2_terminalgain_globalmax_interp_0886,family_02,386,6.901432,7.062562,0.16113,30,2,28,2.9,2.660123,2.625998,1.012995,0.16965,1.696504,1.798954,0.342439,0.057511,1.697307,0.0,scene_1|scene_1.2_y01_dense_strip_y05_2p75|12195|135,scene_1|scene_1.2_y01_dense_strip_y05_2p75|11513|104,58b5242b75b6625e42e83b908b34c363ecb99756,9ba67aa3a1f3366796ad89206ec507afd2f6fffe
scene_1_2_terminalgain_globalmax_interp_0887,family_02,387,6.901432,7.062562,0.16113,30,2,28,2.9,2.628791,2.625998,1.001064,0.169649,1.696494,1.795813,0.201658,0.007232,0.482484,0.0,scene_1|scene_1.2_y01_dense_strip_y05_2p75|12195|135,scene_1|scene_1.2_y01_dense_strip_y05_2p75|11513|104,a5b2ce780a556d6c18207a20dbe570e29c6493fb,a4dd88e6215a59908dbd60ad6154c72005f83dc8
scene_1_2_terminalgain_globalmax_interp_0888,family_02,388,6.901432,7.062562,0.16113,30,2,28,2.9,2.661628,2.625998,1.013568,0.16965,1.696502,1.799276,0.060876,0.043047,1.734737,0.0,scene_1|scene_1.2_y01_dense_strip_y05_2p75|12195|135,scene_1|scene_1.2_y01_dense_strip_y05_2p75|11513|104,ebc12dac7484a2445731bf7b2019856775cc1e74,d9787a7121be2eaa970912f8611fa68e6c970a25
scene_1_2_terminalgain_globalmax_interp_0889,family_02,389,6.901432,7.062562,0.16113,30,2,28,2.9,2.660746,2.625998,1.013232,0.16965,1.696502,1.799105,0.079906,0.093326,1.71267,0.0,scene_1|scene_1.2_y01_dense_strip_y05_2p75|12195|135,scene_1|scene_1.2_y01_dense_strip_y05_2p75|11513|104,3b9a134e9fda2e56de398f9b30fd087ef15a6aac,7cf2f53f069cd597240ec328997967f6ca52ca18
scene_1_2_terminalgain_globalmax_interp_0890,family_02,390,6.901432,7.062562,0.16113,30,2,28,2.9,2.641156,2.625998,1.005772,0.16965,1.696502,1.796919,0.220687,0.143606,1.126828,0.0,scene_1|scene_1.2_y01_dense_strip_y05_2p75|12195|135,scene_1|scene_1.2_y01_dense_strip_y05_2p75|11513|104,a312454e2d761ea79718cd79ae2ac3c780e6459e,2a02b8ca51b322a14e1a2bea3d628172356535a5
scene_1_2_terminalgain_globalmax_interp_0891,family_02,391,6.901432,7.062562,0.16113,30,2,28,2.9,2.641532,2.625998,1.005915,0.169649,1.696492,1.796995,0.314284,0.150887,1.140698,0.0,scene_1|scene_1.2_y01_dense_strip_y05_2p75|12195|135,scene_1|scene_1.2_y01_dense_strip_y05_2p75|11513|104,0d442a236a51249e4cf0c77045d3f85e4cabea44,3f12a82a97ccbaf546fbefc15f636749a39b2b3d
scene_1_2_terminalgain_globalmax_interp_0892,family_02,392,6.901432,7.062562,0.16113,30,2,28,2.9,2.637871,2.625998,1.004521,0.169649,1.696492,1.796644,0.173501,0.100608,0.996619,0.0,scene_1|scene_1.2_y01_dense_strip_y05_2p75|12195|135,scene_1|scene_1.2_y01_dense_strip_y05_2p75|11513|104,ee04eeaaabd2a096c1a4fbc8ea3be78eba245364,c38b3fd16afb1b5d006cd7add905a79c64f136fc
scene_1_2_terminalgain_globalmax_interp_0893,family_02,393,6.901432,7.062562,0.16113,30,2,28,2.9,2.652667,2.625998,1.010156,0.16965,1.696504,1.798132,0.03272,0.050329,1.498152,0.0,scene_1|scene_1.2_y01_dense_strip_y05_2p75|12195|135,scene_1|scene_1.2_y01_dense_strip_y05_2p75|11513|104,ebb6fb15165e07f08b1a1a0212e681e6f819b0ee,76b040ca26dac0b60f29ffb5af29507ed1a8d73d
scene_1_2_terminalgain_globalmax_interp_0894,family_02,394,6.901432,7.062562,0.16113,30,2,28,2.9,2.667977,2.625998,1.015986,0.169649,1.696494,1.800061,0.108062,5e-05,1.885597,0.0,scene_1|scene_1.2_y01_dense_strip_y05_2p75|12195|135,scene_1|scene_1.2_y01_dense_strip_y05_2p75|11513|104,0f956638d653031db43a60bb1fa13375d29e7e99,bc980808ecc6834c7d2b07ad88ff3fdfa4b1f6bc
scene_1_2_terminalgain_globalmax_interp_0895,family_02,395,6.901432,7.062562,0.16113,30,2,28,2.9,2.632017,2.625998,1.002292,0.16965,1.696504,1.796095,0.248844,0.05023,0.70873,0.0,scene_1|scene_1.2_y01_dense_strip_y05_2p75|12195|135,scene_1|scene_1.2_y01_dense_strip_y05_2p75|11513|104,02b4ec96e49cf035b3ab0484c32c0836113c90d4,107c3abebf1ed938f60ea4fadfeab2aaaba82ec1
scene_1_2_terminalgain_globalmax_interp_0896,family_02,396,6.901432,7.062562,0.16113,30,2,28,2.9,2.632463,2.625998,1.002462,0.169649,1.696492,1.796155,0.286127,0.100509,0.734587,0.0,scene_1|scene_1.2_y01_dense_strip_y05_2p75|12195|135,scene_1|scene_1.2_y01_dense_strip_y05_2p75|11513|104,53c3bdd08e31b3c1ac90fbd8b1d5351c47ea792b,39bd2cd0382ff06911e948e0817e28d8f9bcf198
scene_1_2_terminalgain_globalmax_interp_0897,family_02,397,6.901432,7.062562,0.16113,30,2,28,2.9,2.679924,2.625998,1.020535,0.169649,1.696492,1.801798,0.145346,0.150788,2.142121,0.0,scene_1|scene_1.2_y01_dense_strip_y05_2p75|12195|135,scene_1|scene_1.2_y01_dense_strip_y05_2p75|11513|104,766dc5116ac7b8ffd05946b2e597c8eb8b038462,27242f86861995d1b55efa1965b6536b166c5053
scene_1_2_terminalgain_globalmax_interp_0898,family_02,398,6.901432,7.062562,0.16113,30,2,28,2.9,2.670643,2.625998,1.017001,0.169649,1.696492,1.800499,0.004564,0.143704,1.94542,0.0,scene_1|scene_1.2_y01_dense_strip_y05_2p75|12195|135,scene_1|scene_1.2_y01_dense_strip_y05_2p75|11513|104,eacf96e536512e5efd9cbd8c0645bd37044b90fc,537a12ddb616141fc2c1990e741af1e897b2a263
scene_1_2_terminalgain_globalmax_interp_0899,family_02,399,6.901432,7.062562,0.16113,30,2,28,2.9,2.638339,2.625998,1.004699,0.16965,1.696502,1.796665,0.136219,0.093425,1.016282,0.0,scene_1|scene_1.2_y01_dense_strip_y05_2p75|12195|135,scene_1|scene_1.2_y01_dense_strip_y05_2p75|11513|104,d2be25ef63e1bc348aee3a20768bc5e1a958a43e,bdf72a58216313a88d0606c72a381b79934fbc92
scene_1_2_terminalgain_globalmax_interp_0900,family_02,400,6.901432,7.062562,0.16113,30,2,28,2.9,2.630023,2.625998,1.001533,0.16965,1.696504,1.795922,0.277,0.043146,0.579352,0.0,scene_1|scene_1.2_y01_dense_strip_y05_2p75|12195|135,scene_1|scene_1.2_y01_dense_strip_y05_2p75|11513|104,278e5df2352e3862aa0f049159156369df8c4e57,b0d8791de2ec724406b9dcc1157a6cde3fbf942e
scene_1_2_terminalgain_globalmax_interp_0901,family_02,401,6.901432,7.062562,0.16113,30,2,28,2.9,2.681242,2.625998,1.021037,0.169649,1.696494,1.801957,0.257971,0.007133,2.168909,0.0,scene_1|scene_1.2_y01_dense_strip_y05_2p75|12195|135,scene_1|scene_1.2_y01_dense_strip_y05_2p75|11513|104,9666f1a2af291291cf13eed26563a9e5eaeaf9e9,59b27a19e9e0408ac79676908c7fdf26b3f23adb
scene_1_2_terminalgain_globalmax_interp_0902,family_02,402,6.901432,7.062562,0.16113,30,2,28,2.9,2.659748,2.625998,1.012852,0.169649,1.696494,1.799051,0.117189,0.057413,1.687959,0.0,scene_1|scene_1.2_y01_dense_strip_y05_2p75|12195|135,scene_1|scene_1.2_y01_dense_strip_y05_2p75|11513|104,6e5b8487792fd489375bc09a402e960f2b988c69,2b040021bb6b893612299717f5d4ce80282dc544
scene_1_2_terminalgain_globalmax_interp_0903,family_02,403,6.901432,7.062562,0.16113,30,2,28,2.9,2.637126,2.625998,1.004238,0.16965,1.696502,1.796553,0.023593,0.107692,0.964634,0.0,scene_1|scene_1.2_y01_dense_strip_y05_2p75|12195|135,scene_1|scene_1.2_y01_dense_strip_y05_2p75|11513|104,c966fe46722a9a260ccaa9e787d9638007ddf932,ba33e171bb74415a44d6a22d154b35cf4f072961
scene_1_2_terminalgain_globalmax_interp_0904,family_02,404,6.901432,7.062562,0.16113,30,2,28,2.9,2.644838,2.625998,1.007175,0.16965,1.696502,1.797285,0.164374,0.157971,1.257456,0.0,scene_1|scene_1.2_y01_dense_strip_y05_2p75|12195|135,scene_1|scene_1.2_y01_dense_strip_y05_2p75|11513|104,7207d4371cbb80059a65b562495c0e497db563c3,3fe58578d695249d1f1a79d2b32398f07b3dabeb
scene_1_2_terminalgain_globalmax_interp_0905,family_02,405,6.901432,7.062562,0.16113,30,2,28,2.9,2.636544,2.625998,1.004016,0.169649,1.696492,1.79662,0.305156,0.136522,0.938863,0.0,scene_1|scene_1.2_y01_dense_strip_y05_2p75|12195|135,scene_1|scene_1.2_y01_dense_strip_y05_2p75|11513|104,179afc9458ec7bfd1e58058175c2b79101d16230,e6a846c91e622a4bb2d0f3cfe2e834629351bcb5
scene_1_2_terminalgain_globalmax_interp_0906,family_02,406,6.901432,7.062562,0.16113,30,2,28,2.9,2.665754,2.625998,1.015139,0.169649,1.696492,1.799747,0.229814,0.086242,1.833811,0.0,scene_1|scene_1.2_y01_dense_strip_y05_2p75|12195|135,scene_1|scene_1.2_y01_dense_strip_y05_2p75|11513|104,fdc3f8ac9d6c3fc525f72d2f23344998be0c0c08,f5cdc8b136b60eb6204b93bbef32ac00bad4b351
scene_1_2_terminalgain_globalmax_interp_0907,family_02,407,6.901432,7.062562,0.16113,30,2,28,2.9,2.659154,2.625998,1.012626,0.169649,1.696492,1.798977,0.089033,0.035963,1.672538,0.0,scene_1|scene_1.2_y01_dense_strip_y05_2p75|12195|135,scene_1|scene_1.2_y01_dense_strip_y05_2p75|11513|104,9ccacc1ebabfbb71025921bf2dba570b5c9db0ef,b7f75acfaabf82a14a4da2f2b4bf6b243a77419c
scene_1_2_terminalgain_globalmax_interp_0908,family_02,408,6.901432,7.062562,0.16113,30,2,28,2.9,2.630122,2.625998,1.00157,0.16965,1.696504,1.795971,0.051749,0.014316,0.586378,0.0,scene_1|scene_1.2_y01_dense_strip_y05_2p75|12195|135,scene_1|scene_1.2_y01_dense_strip_y05_2p75|11513|104,0e37b5c117fa600ffe89d443aaccdc5980de1a1b,9a75f359210bc840940e7836eee9f68bca41d3e0
scene_1_2_terminalgain_globalmax_interp_0909,family_02,409,6.901432,7.062562,0.16113,30,2,28,2.9,2.653613,2.625998,1.010516,0.169649,1.696494,1.798337,0.192531,0.064595,1.524849,0.0,scene_1|scene_1.2_y01_dense_strip_y05_2p75|12195|135,scene_1|scene_1.2_y01_dense_strip_y05_2p75|11513|104,81903b91f479a337fe1087b86425451cc4e49469,aa328d17bc31ae53f769008e0d8b3ac8460ea55b
scene_1_2_terminalgain_globalmax_interp_0910,family_02,410,6.901432,7.062562,0.16113,30,2,28,2.9,2.668634,2.625998,1.016236,0.16965,1.696502,1.800161,0.333312,0.114875,1.900507,0.0,scene_1|scene_1.2_y01_dense_strip_y05_2p75|12195|135,scene_1|scene_1.2_y01_dense_strip_y05_2p75|11513|104,34156105273ba50f1869d9053a8c63a5a14bd494,01101ab8710b5a6510aa2985060773002d748286
scene_1_2_terminalgain_globalmax_interp_0911,family_02,411,6.901432,7.062562,0.16113,30,2,28,2.9,2.626919,2.625998,1.000351,0.169649,1.696492,1.795758,0.336809,0.165154,0.277264,0.0,scene_1|scene_1.2_y01_dense_strip_y05_2p75|12195|135,scene_1|scene_1.2_y01_dense_strip_y05_2p75|11513|104,6b2ba67acf1647c7db885167682d039eaf3e48e4,982c16391f80a4c68f1ff01cf85525cca68bf890
scene_1_2_terminalgain_globalmax_interp_0912,family_02,412,6.901432,7.062562,0.16113,30,2,28,2.9,2.644426,2.625998,1.007018,0.169649,1.696494,1.797321,0.196027,0.129339,1.243391,0.0,scene_1|scene_1.2_y01_dense_strip_y05_2p75|12195|135,scene_1|scene_1.2_y01_dense_strip_y05_2p75|11513|104,d650e02f50d9d89ea046c5fc41b4aa63e705de1c,6f4b6b2e44249c5aa7209516512a6fb0d90e9001
scene_1_2_terminalgain_globalmax_interp_0913,family_02,413,6.901432,7.062562,0.16113,30,2,28,2.9,2.649549,2.625998,1.008968,0.16965,1.696504,1.797824,0.055245,0.07906,1.407057,0.0,scene_1|scene_1.2_y01_dense_strip_y05_2p75|12195|135,scene_1|scene_1.2_y01_dense_strip_y05_2p75|11513|104,4837ece78cf34ba9d0c41431511c97f4bdde3668,5bee0b7be64a28d7e21514f3929637474ee0ba2a
scene_1_2_terminalgain_globalmax_interp_0914,family_02,414,6.901432,7.062562,0.16113,30,2,28,2.9,2.639869,2.625998,1.005282,0.16965,1.696502,1.796873,0.085536,0.02878,1.077907,0.0,scene_1|scene_1.2_y01_dense_strip_y05_2p75|12195|135,scene_1|scene_1.2_y01_dense_strip_y05_2p75|11513|104,b7959ceb9934946548865a1c3aff35e5dc5cfe8d,cb003289cc03c01fb765b5302cfe87307e3670fc
scene_1_2_terminalgain_globalmax_interp_0915,family_02,415,6.901432,7.062562,0.16113,30,2,28,2.9,2.657666,2.625998,1.01206,0.16965,1.696502,1.798789,0.226319,0.021499,1.634314,0.0,scene_1|scene_1.2_y01_dense_strip_y05_2p75|12195|135,scene_1|scene_1.2_y01_dense_strip_y05_2p75|11513|104,6bd115585ac425aed272a2d265abc5c583bb6539,13b19d95e2c0de7fae0a17c5387a6a9cd3e0b90a
scene_1_2_terminalgain_globalmax_interp_0916,family_02,416,6.901432,7.062562,0.16113,30,2,28,2.9,2.652082,2.625998,1.009933,0.169649,1.696494,1.798155,0.308652,0.071778,1.481342,0.0,scene_1|scene_1.2_y01_dense_strip_y05_2p75|12195|135,scene_1|scene_1.2_y01_dense_strip_y05_2p75|11513|104,e7b4b02c03d7384ef91871a854d8222f4a1badf9,5d36615ae12c797bbf89a097d54383c47b328496
scene_1_2_terminalgain_globalmax_interp_0917,family_02,417,6.901432,7.062562,0.16113,30,2,28,2.9,2.656352,2.625998,1.011559,0.16965,1.696504,1.798549,0.167871,0.122057,1.599562,0.0,scene_1|scene_1.2_y01_dense_strip_y05_2p75|12195|135,scene_1|scene_1.2_y01_dense_strip_y05_2p75|11513|104,21cfc9accfda718df949494f2f9af46654c0cccd,af5ff4a09525e8d0c6df8d793c83770d13499305
scene_1_2_terminalgain_globalmax_interp_0918,family_02,418,6.901432,7.062562,0.16113,30,2,28,2.9,2.663357,2.625998,1.014227,0.169649,1.696494,1.799465,0.027089,0.172337,1.777407,0.0,scene_1|scene_1.2_y01_dense_strip_y05_2p75|12195|135,scene_1|scene_1.2_y01_dense_strip_y05_2p75|11513|104,e253c1e14144853c6f98daea110df42a150af628,f2169fb8fc12698b2876599549a6f11db96284d0
scene_1_2_terminalgain_globalmax_interp_0919,family_02,419,6.901432,7.062562,0.16113,30,2,28,2.9,2.640447,2.625998,1.005502,0.169649,1.696492,1.796858,0.113693,0.171409,1.099844,0.0,scene_1|scene_1.2_y01_dense_strip_y05_2p75|12195|135,scene_1|scene_1.2_y01_dense_strip_y05_2p75|11513|104,c3389305efe31de5072876b4a817fa71a14cc6c6,b9653a59ecfa7bd9746913d53d58679bcbd43301
scene_1_2_terminalgain_globalmax_interp_0920,family_02,420,6.901432,7.062562,0.16113,30,2,28,2.9,2.631988,2.625998,1.002281,0.16965,1.696502,1.796103,0.254475,0.12113,0.707115,0.0,scene_1|scene_1.2_y01_dense_strip_y05_2p75|12195|135,scene_1|scene_1.2_y01_dense_strip_y05_2p75|11513|104,8bb6ed1272dfdaf86af5cc991dc747103baa2501,f9aa9c020e30d8dc2f7535eeb5ff1b5072761660
scene_1_2_terminalgain_globalmax_interp_0921,family_02,421,6.901432,7.062562,0.16113,30,2,28,2.9,2.656145,2.625998,1.01148,0.16965,1.696504,1.798549,0.280496,0.070851,1.593827,0.0,scene_1|scene_1.2_y01_dense_strip_y05_2p75|12195|135,scene_1|scene_1.2_y01_dense_strip_y05_2p75|11513|104,31800946a99bba318acc110a48801790c47c79ed,68a389fad9b58e71b3b443ae1ae2ed9c4670c01b
scene_1_2_terminalgain_globalmax_interp_0922,family_02,422,6.901432,7.062562,0.16113,30,2,28,2.9,2.647269,2.625998,1.0081,0.16965,1.696502,1.797524,0.139714,0.020572,1.336432,0.0,scene_1|scene_1.2_y01_dense_strip_y05_2p75|12195|135,scene_1|scene_1.2_y01_dense_strip_y05_2p75|11513|104,b8ceac2c2d173283978a1f9068640ac3dc282a7d,39a5b04d2431b73dd7dc472a41ffce70c4f25975
scene_1_2_terminalgain_globalmax_interp_0923,family_02,423,6.901432,7.062562,0.16113,30,2,28,2.9,2.632659,2.625998,1.002536,0.169649,1.696492,1.79619,0.001068,0.029707,0.745541,0.0,scene_1|scene_1.2_y01_dense_strip_y05_2p75|12195|135,scene_1|scene_1.2_y01_dense_strip_y05_2p75|11513|104,1ca3320a1a0818c0c40889517a9f3c69890decbc,5c1a2be42c69e8afc3797dbbc5ecfe1c61faf50b
scene_1_2_terminalgain_globalmax_interp_0924,family_02,424,6.901432,7.062562,0.16113,30,2,28,2.9,2.657375,2.625998,1.011949,0.16965,1.696504,1.798766,0.141849,0.079987,1.62658,0.0,scene_1|scene_1.2_y01_dense_strip_y05_2p75|12195|135,scene_1|scene_1.2_y01_dense_strip_y05_2p75|11513|104,47977688ed0cbec55438ed78b7397e2fa70b8187,495c57035bac78d8b0f380a6ff974561f348a18f
scene_1_2_terminalgain_globalmax_interp_0925,family_02,425,6.901432,7.062562,0.16113,30,2,28,2.9,2.684294,2.625998,1.0222,0.16965,1.696504,1.802364,0.282631,0.130266,2.229271,0.0,scene_1|scene_1.2_y01_dense_strip_y05_2p75|12195|135,scene_1|scene_1.2_y01_dense_strip_y05_2p75|11513|104,320daa4b52f8fd79c31dfacbdefc2ef6c4a0a965,9121cc7cc73e69b43c64436fd8bb4482e7cc59af
scene_1_2_terminalgain_globalmax_interp_0926,family_02,426,6.901432,7.062562,0.16113,30,2,28,2.9,2.651124,2.625998,1.009568,0.169649,1.696492,1.798023,0.252339,0.164227,1.453701,0.0,scene_1|scene_1.2_y01_dense_strip_y05_2p75|12195|135,scene_1|scene_1.2_y01_dense_strip_y05_2p75|11513|104,6119047f971b6aa85c94d20a03827869b8aaa98e,1d3f17f8c1485530f66ea45700c753825af615d4
scene_1_2_terminalgain_globalmax_interp_0927,family_02,427,6.901432,7.062562,0.16113,30,2,28,2.9,2.632335,2.625998,1.002413,0.16965,1.696502,1.796139,0.111557,0.113948,0.727257,0.0,scene_1|scene_1.2_y01_dense_strip_y05_2p75|12195|135,scene_1|scene_1.2_y01_dense_strip_y05_2p75|11513|104,85bfacdfec8a0a8dd8874220ecce65696e96b870,9295dfbd0f09b3b8c095e2c44cf1c54464789140
scene_1_2_terminalgain_globalmax_interp_0928,family_02,428,6.901432,7.062562,0.16113,30,2,28,2.9,2.648986,2.625998,1.008754,0.169649,1.696494,1.797806,0.029224,0.063668,1.389605,0.0,scene_1|scene_1.2_y01_dense_strip_y05_2p75|12195|135,scene_1|scene_1.2_y01_dense_strip_y05_2p75|11513|104,a559e2a9c3bedf0428602b1b3ea406282f7fc9a9,7d8f5422284d9468d962845863c61e58fc539271
scene_1_2_terminalgain_globalmax_interp_0929,family_02,429,6.901432,7.062562,0.16113,30,2,28,2.9,2.644682,2.625998,1.007115,0.169649,1.696494,1.797333,0.170006,0.013389,1.252248,0.0,scene_1|scene_1.2_y01_dense_strip_y05_2p75|12195|135,scene_1|scene_1.2_y01_dense_strip_y05_2p75|11513|104,49cf36940fa43df664f49dd70c4df3f575ffe200,649f681655ad41c633f559ddb8a1c675a6844008
scene_1_2_terminalgain_globalmax_interp_0930,family_02,430,6.901432,7.062562,0.16113,30,2,28,2.9,2.648118,2.625998,1.008423,0.169649,1.696492,1.797725,0.310788,0.03689,1.363157,0.0,scene_1|scene_1.2_y01_dense_strip_y05_2p75|12195|135,scene_1|scene_1.2_y01_dense_strip_y05_2p75|11513|104,97545a3ccf6a249fb0495ae40f3c8846ec5fe1f3,c35fd47c0ae9cd8bbfe8fe30be84c11e9ab5b9ea
scene_1_2_terminalgain_globalmax_interp_0931,family_02,431,6.901432,7.062562,0.16113,30,2,28,2.9,2.643861,2.625998,1.006802,0.16965,1.696502,1.79725,0.224184,0.087169,1.223883,0.0,scene_1|scene_1.2_y01_dense_strip_y05_2p75|12195|135,scene_1|scene_1.2_y01_dense_strip_y05_2p75|11513|104,834ba84b18ce6c149a7dc027f8fd5fd27c02358e,2e589543a2a36591bb27e66e512130664787f12a
scene_1_2_terminalgain_globalmax_interp_0932,family_02,432,6.901432,7.062562,0.16113,30,2,28,2.9,2.626707,2.625998,1.00027,0.16965,1.696504,1.795642,0.083401,0.137449,0.243373,0.0,scene_1|scene_1.2_y01_dense_strip_y05_2p75|12195|135,scene_1|scene_1.2_y01_dense_strip_y05_2p75|11513|104,b3b0556b5cfac678ef7905228fb45751529bb88a,68aad291aeb5b1ddb250c374c7152d8cf299e02b
scene_1_2_terminalgain_globalmax_interp_0933,family_02,433,6.901432,7.062562,0.16113,30,2,28,2.9,2.681637,2.625998,1.021188,0.169649,1.696492,1.802021,0.057381,0.157044,2.176814,0.0,scene_1|scene_1.2_y01_dense_strip_y05_2p75|12195|135,scene_1|scene_1.2_y01_dense_strip_y05_2p75|11513|104,b193c2388ac158314d34fd32539be4a5a4c699b8,82b2618332df03660f838023760802207de92156
scene_1_2_terminalgain_globalmax_interp_0934,family_02,434,6.901432,7.062562,0.16113,30,2,28,2.9,2.68531,2.625998,1.022586,0.169649,1.696492,1.802682,0.198162,0.106765,2.249147,0.0,scene_1|scene_1.2_y01_dense_strip_y05_2p75|12195|135,scene_1|scene_1.2_y01_dense_strip_y05_2p75|11513|104,5f7867df54c6c17af029cbabe194d082fee6e8c9,753e90a86a9adbc04285491d773f126163d478d0
scene_1_2_terminalgain_globalmax_interp_0935,family_02,435,6.901432,7.062562,0.16113,30,2,28,2.9,2.6281,2.625998,1.0008,0.169649,1.696492,1.795853,0.338944,0.056486,0.418466,0.0,scene_1|scene_1.2_y01_dense_strip_y05_2p75|12195|135,scene_1|scene_1.2_y01_dense_strip_y05_2p75|11513|104,1abdde79f29d2dcfc1203ec5e2029cdf7838b61e,dbd1fa0087fc974fc6c4b59c3a003d0263eec878
scene_1_2_terminalgain_globalmax_interp_0936,family_02,436,6.901432,7.062562,0.16113,30,2,28,2.9,2.639571,2.625998,1.005169,0.16965,1.696502,1.796822,0.331177,0.006206,1.065945,0.0,scene_1|scene_1.2_y01_dense_strip_y05_2p75|12195|135,scene_1|scene_1.2_y01_dense_strip_y05_2p75|11513|104,17155fa3e86ca3acc32104a8600ad8bad97882f6,768483e914309ada2c96366b57d9dbe94f9fd1c1
scene_1_2_terminalgain_globalmax_interp_0937,family_02,437,6.901432,7.062562,0.16113,30,2,28,2.9,2.653587,2.625998,1.010506,0.169649,1.696492,1.798307,0.190395,0.044073,1.5242,0.0,scene_1|scene_1.2_y01_dense_strip_y05_2p75|12195|135,scene_1|scene_1.2_y01_dense_strip_y05_2p75|11513|104,7532774063de28b8bac0b9fd00ddd4a3408f6e49,9bd82c9ff88af84b3d8cba14a7d3d69f2f696c43
scene_1_2_terminalgain_globalmax_interp_0938,family_02,438,6.901432,7.062562,0.16113,30,2,28,2.9,2.642912,2.625998,1.006441,0.16965,1.696504,1.797093,0.049614,0.094352,1.190849,0.0,scene_1|scene_1.2_y01_dense_strip_y05_2p75|12195|135,scene_1|scene_1.2_y01_dense_strip_y05_2p75|11513|104,2bff8e977173f234f96aa6f900b65f5044c8b5cf,af82dc69ef535fe9baa814c90be434eb0e14e258
scene_1_2_terminalgain_globalmax_interp_0939,family_02,439,6.901432,7.062562,0.16113,30,2,28,2.9,2.644805,2.625998,1.007162,0.169649,1.696494,1.797333,0.091168,0.144631,1.256091,0.0,scene_1|scene_1.2_y01_dense_strip_y05_2p75|12195|135,scene_1|scene_1.2_y01_dense_strip_y05_2p75|11513|104,358edaffcb200d40e5d4da59f4277ca9ce8023c7,53245d44c64f640b67077f98278f043de95d7841
scene_1_2_terminalgain_globalmax_interp_0940,family_02,440,6.901432,7.062562,0.16113,30,2,28,2.9,2.634716,2.625998,1.00332,0.16965,1.696502,1.796397,0.23195,0.149861,0.853489,0.0,scene_1|scene_1.2_y01_dense_strip_y05_2p75|12195|135,scene_1|scene_1.2_y01_dense_strip_y05_2p75|11513|104,44f0d5556abc4030dcf622a500c214e162ccd97b,f917c1ea50b0fd4cadcce3640b99f013ab19d475
scene_1_2_terminalgain_globalmax_interp_0941,family_02,441,6.901432,7.062562,0.16113,30,2,28,2.9,2.651061,2.625998,1.009544,0.16965,1.696502,1.798038,0.30302,0.099582,1.452049,0.0,scene_1|scene_1.2_y01_dense_strip_y05_2p75|12195|135,scene_1|scene_1.2_y01_dense_strip_y05_2p75|11513|104,6314405e46b5f38bc6991c1545ff7b9653445de5,e2df15afb93ec6bdcdd928acd1104a6d4d5c5970
scene_1_2_terminalgain_globalmax_interp_0942,family_02,442,6.901432,7.062562,0.16113,30,2,28,2.9,2.676396,2.625998,1.019192,0.16965,1.696502,1.80125,0.162239,0.049303,2.069491,0.0,scene_1|scene_1.2_y01_dense_strip_y05_2p75|12195|135,scene_1|scene_1.2_y01_dense_strip_y05_2p75|11513|104,e84f7fbcc905120b652cdd680c756198087e9bbc,e4304bdfcc04f256689c56698ca86cf898b2c56a
scene_1_2_terminalgain_globalmax_interp_0943,family_02,443,6.901432,7.062562,0.16113,30,2,28,2.9,2.651544,2.625998,1.009728,0.16965,1.696504,1.79803,0.021457,0.000976,1.465606,0.0,scene_1|scene_1.2_y01_dense_strip_y05_2p75|12195|135,scene_1|scene_1.2_y01_dense_strip_y05_2p75|11513|104,281de193dcbaebb3a44088438eb107762db76123,3bb11ee74bed185e76ffe9a7384e3d2f084080df
scene_1_2_terminalgain_globalmax_interp_0944,family_02,444,6.901432,7.062562,0.16113,30,2,28,2.9,2.630431,2.625998,1.001688,0.169649,1.696492,1.7961,0.119325,0.051256,0.608024,0.0,scene_1|scene_1.2_y01_dense_strip_y05_2p75|12195|135,scene_1|scene_1.2_y01_dense_strip_y05_2p75|11513|104,2e610ab0f2777f4447d6d07f492702848995b23b,d5affee48f8c11126d7a5c1d02843256d2f5219b
scene_1_2_terminalgain_globalmax_interp_0945,family_02,445,6.901432,7.062562,0.16113,30,2,28,2.9,2.651953,2.625998,1.009884,0.16965,1.696502,1.798086,0.260106,0.101535,1.478017,0.0,scene_1|scene_1.2_y01_dense_strip_y05_2p75|12195|135,scene_1|scene_1.2_y01_dense_strip_y05_2p75|11513|104,c578ea84722ee7b187ceb6b29dd1489fa966de2c,e30c818216a52a8541e454500cb4cca104c408e6
scene_1_2_terminalgain_globalmax_interp_0946,family_02,446,6.901432,7.062562,0.16113,30,2,28,2.9,2.650278,2.625998,1.009246,0.169649,1.696494,1.797983,0.274865,0.151814,1.428869,0.0,scene_1|scene_1.2_y01_dense_strip_y05_2p75|12195|135,scene_1|scene_1.2_y01_dense_strip_y05_2p75|11513|104,e9161f2f2f0db2b5a2af99b26265c8f2fb17edc3,4276b986909e72f5866f01d7bd345312e246c454
scene_1_2_terminalgain_globalmax_interp_0947,family_02,447,6.901432,7.062562,0.16113,30,2,28,2.9,2.632995,2.625998,1.002664,0.16965,1.696504,1.796219,0.134083,0.142678,0.76431,0.0,scene_1|scene_1.2_y01_dense_strip_y05_2p75|12195|135,scene_1|scene_1.2_y01_dense_strip_y05_2p75|11513|104,dc6c1e175c920997d2e5c77c4791d6a587cd3331,936e9c3a2216a993035848ed116c21c00a9368e8
scene_1_2_terminalgain_globalmax_interp_0948,family_02,448,6.901432,7.062562,0.16113,30,2,28,2.9,2.645128,2.625998,1.007285,0.169649,1.696492,1.79741,0.006699,0.092399,1.266749,0.0,scene_1|scene_1.2_y01_dense_strip_y05_2p75|12195|135,scene_1|scene_1.2_y01_dense_strip_y05_2p75|11513|104,e00530ed0661d4d306fefbfaa027075ccc162b37,186c1df300223f183958cddf375df64b5d941be5
scene_1_2_terminalgain_globalmax_interp_0949,family_02,449,6.901432,7.062562,0.16113,30,2,28,2.9,2.662278,2.625998,1.013815,0.169649,1.696492,1.799385,0.147481,0.04212,1.750572,0.0,scene_1|scene_1.2_y01_dense_strip_y05_2p75|12195|135,scene_1|scene_1.2_y01_dense_strip_y05_2p75|11513|104,c21bf93547ca74be072ff6c11b7e48bb56d4327e,33d5a351fb5f664aab218836a2c66e8d12a63532
scene_1_2_terminalgain_globalmax_interp_0950,family_02,450,6.901432,7.062562,0.16113,30,2,28,2.9,2.65611,2.625998,1.011467,0.16965,1.696502,1.798504,0.288263,0.008159,1.593173,0.0,scene_1|scene_1.2_y01_dense_strip_y05_2p75|12195|135,scene_1|scene_1.2_y01_dense_strip_y05_2p75|11513|104,8eacb1c08fd3dc1c90382781584d1c6b41e1e17f,a894e6f258b0e2fca6ccf92e6f904cd3eda06b37
scene_1_2_terminalgain_globalmax_interp_0951,family_02,451,6.901432,7.062562,0.16113,30,2,28,2.9,2.658683,2.625998,1.012447,0.169649,1.696494,1.798904,0.246708,0.058438,1.660481,0.0,scene_1|scene_1.2_y01_dense_strip_y05_2p75|12195|135,scene_1|scene_1.2_y01_dense_strip_y05_2p75|11513|104,d4c983d28f0ea5bcb92fa1c0d8cf6cf65ff27cfa,9eed344efe7e31811f1a97199a91039de0b40958
scene_1_2_terminalgain_globalmax_interp_0952,family_02,452,6.901432,7.062562,0.16113,30,2,28,2.9,2.662939,2.625998,1.014067,0.16965,1.696502,1.799485,0.105927,0.108718,1.766756,0.0,scene_1|scene_1.2_y01_dense_strip_y05_2p75|12195|135,scene_1|scene_1.2_y01_dense_strip_y05_2p75|11513|104,a0e510464337221b010daf99da924ad049534c10,5fcda15e313ffdab4dd4353bbcce3d16fc4a195a
scene_1_2_terminalgain_globalmax_interp_0953,family_02,453,6.901432,7.062562,0.16113,30,2,28,2.9,2.642799,2.625998,1.006398,0.16965,1.696502,1.797092,0.034855,0.158997,1.186793,0.0,scene_1|scene_1.2_y01_dense_strip_y05_2p75|12195|135,scene_1|scene_1.2_y01_dense_strip_y05_2p75|11513|104,831c1e53620777ef43fd006c2b2c4baacd6b8d59,0b02d676b8604da173365e3de2e1c155ab071c89
scene_1_2_terminalgain_globalmax_interp_0954,family_02,454,6.901432,7.062562,0.16113,30,2,28,2.9,2.645215,2.625998,1.007318,0.16965,1.696504,1.797333,0.175637,0.135496,1.269946,0.0,scene_1|scene_1.2_y01_dense_strip_y05_2p75|12195|135,scene_1|scene_1.2_y01_dense_strip_y05_2p75|11513|104,446bff7a68b9e562ec465f56eb21190d5bc3bfeb,e0a72aec0b599c199646080c4f76e4dbf8fcdba7
scene_1_2_terminalgain_globalmax_interp_0955,family_02,455,6.901432,7.062562,0.16113,30,2,28,2.9,2.649848,2.625998,1.009082,0.16965,1.696504,1.797851,0.316419,0.085217,1.415996,0.0,scene_1|scene_1.2_y01_dense_strip_y05_2p75|12195|135,scene_1|scene_1.2_y01_dense_strip_y05_2p75|11513|104,d6ca32558f4bec561ab85c996bfb93f99cd13dc5,989fdd7b76cafc672c0073d7bd7b70da8e6cf68e
scene_1_2_terminalgain_globalmax_interp_0956,family_02,456,6.901432,7.062562,0.16113,30,2,28,2.9,2.626697,2.625998,1.000266,0.169649,1.696492,1.795685,0.218552,0.034937,0.241403,0.0,scene_1|scene_1.2_y01_dense_strip_y05_2p75|12195|135,scene_1|scene_1.2_y01_dense_strip_y05_2p75|11513|104,199f74f16c89eb27b3ebdee77216bad7049e6bfb,9bf780367ddd80db7d0bec245e8a8507d59bb9d3
scene_1_2_terminalgain_globalmax_interp_0957,family_02,457,6.901432,7.062562,0.16113,30,2,28,2.9,2.666044,2.625998,1.01525,0.16965,1.696502,1.799761,0.07777,0.015342,1.840681,0.0,scene_1|scene_1.2_y01_dense_strip_y05_2p75|12195|135,scene_1|scene_1.2_y01_dense_strip_y05_2p75|11513|104,0de6ac79c923bcf2fcacfce6de6a7701c007c3f9,baf0780d985b3a2c41331007264e2b963baf2059
scene_1_2_terminalgain_globalmax_interp_0958,family_02,458,6.901432,7.062562,0.16113,30,2,28,2.9,2.655087,2.625998,1.011077,0.169649,1.696494,1.798454,0.063011,0.065621,1.565543,0.0,scene_1|scene_1.2_y01_dense_strip_y05_2p75|12195|135,scene_1|scene_1.2_y01_dense_strip_y05_2p75|11513|104,94962eb7fffea7cd14b88bcc429d25c819584952,3ad2b278d3c7585e16a4007cf01ba394a985ade7
scene_1_2_terminalgain_globalmax_interp_0959,family_02,459,6.901432,7.062562,0.16113,30,2,28,2.9,2.629174,2.625998,1.001209,0.16965,1.696504,1.795823,0.203793,0.1159,0.514585,0.0,scene_1|scene_1.2_y01_dense_strip_y05_2p75|12195|135,scene_1|scene_1.2_y01_dense_strip_y05_2p75|11513|104,fbe39b017268a82f69b289ec8459fdbb319331ae,7e0ba9532356d3a74634bed820b5a7d9ddba53f3
scene_1_2_terminalgain_globalmax_interp_0960,family_02,460,6.901432,7.062562,0.16113,30,2,28,2.9,2.65263,2.625998,1.010142,0.16965,1.696502,1.798212,0.344575,0.16618,1.497193,0.0,scene_1|scene_1.2_y01_dense_strip_y05_2p75|12195|135,scene_1|scene_1.2_y01_dense_strip_y05_2p75|11513|104,a3f84ed82f24c56136db4e17b8f4df44ca8919f1,8b58dd869ee1d4df5310474b7fe2043851de9877
scene_1_2_terminalgain_globalmax_interp_0961,family_02,461,6.901432,7.062562,0.16113,30,2,28,2.9,2.672862,2.625998,1.017846,0.169649,1.696492,1.80078,0.325546,0.128313,1.994283,0.0,scene_1|scene_1.2_y01_dense_strip_y05_2p75|12195|135,scene_1|scene_1.2_y01_dense_strip_y05_2p75|11513|104,bfe9ee2d1ea78b18fd9caa87297cdfe726df5c64,4ddbe0621ec203e9000eb5546592f2f0a19332c1
scene_1_2_terminalgain_globalmax_interp_0962,family_02,462,6.901432,7.062562,0.16113,30,2,28,2.9,2.636535,2.625998,1.004013,0.169649,1.696494,1.796476,0.184765,0.078034,0.938846,0.0,scene_1|scene_1.2_y01_dense_strip_y05_2p75|12195|135,scene_1|scene_1.2_y01_dense_strip_y05_2p75|11513|104,26e14094ae8cdb756300cc12b4cfe22409aaa790,79910d88939d811e593baa814aaca7511b3c666b
scene_1_2_terminalgain_globalmax_interp_0963,family_02,463,6.901432,7.062562,0.16113,30,2,28,2.9,2.642406,2.625998,1.006248,0.169649,1.696492,1.797071,0.043983,0.027755,1.172627,0.0,scene_1|scene_1.2_y01_dense_strip_y05_2p75|12195|135,scene_1|scene_1.2_y01_dense_strip_y05_2p75|11513|104,b63b939bc63455c956368cc2692797c22288bd23,e26092e6627c25197d61a0dc030e890206961be4
scene_1_2_terminalgain_globalmax_interp_0964,family_02,464,6.901432,7.062562,0.16113,30,2,28,2.9,2.641263,2.625998,1.005813,0.16965,1.696502,1.796918,0.0968,0.022525,1.130492,0.0,scene_1|scene_1.2_y01_dense_strip_y05_2p75|12195|135,scene_1|scene_1.2_y01_dense_strip_y05_2p75|11513|104,dc01afedf75fc023585011b670fb38dfa72cfabe,11da6226a47e14a647d72a7d425b30a9a30b4976
scene_1_2_terminalgain_globalmax_interp_0965,family_02,465,6.901432,7.062562,0.16113,30,2,28,2.9,2.661421,2.625998,1.013489,0.169649,1.696492,1.799224,0.237581,0.072804,1.729694,0.0,scene_1|scene_1.2_y01_dense_strip_y05_2p75|12195|135,scene_1|scene_1.2_y01_dense_strip_y05_2p75|11513|104,d3314bee46b22e5bf20efdacc900b3b6bee9c875,9fc30edce3171e0558e1eaa201ae78e40e75c751
scene_1_2_terminalgain_globalmax_interp_0966,family_02,466,6.901432,7.062562,0.16113,30,2,28,2.9,2.677461,2.625998,1.019598,0.16965,1.696502,1.801382,0.29739,0.123083,2.091881,0.0,scene_1|scene_1.2_y01_dense_strip_y05_2p75|12195|135,scene_1|scene_1.2_y01_dense_strip_y05_2p75|11513|104,3bca616cc7af8437f6e6bd47917036a5a336c7d1,dede5389be9156f3abeae5dc8f8164582bd5b8df
scene_1_2_terminalgain_globalmax_interp_0967,family_02,467,6.901432,7.062562,0.16113,30,2,28,2.9,2.63267,2.625998,1.002541,0.16965,1.696504,1.796146,0.156608,0.173362,0.746333,0.0,scene_1|scene_1.2_y01_dense_strip_y05_2p75|12195|135,scene_1|scene_1.2_y01_dense_strip_y05_2p75|11513|104,864a4ab724e8f3ff285446073f352c67a2fbab5e,6c2dd22dc1b276400d94eaab7240eadbf508353a
scene_1_2_terminalgain_globalmax_interp_0968,family_02,468,6.901432,7.062562,0.16113,30,2,28,2.9,2.636931,2.625998,1.004163,0.169649,1.696492,1.796544,0.015826,0.170383,0.956142,0.0,scene_1|scene_1.2_y01_dense_strip_y05_2p75|12195|135,scene_1|scene_1.2_y01_dense_strip_y05_2p75|11513|104,0625df26411ab1c40958a47573b6ebb75228d8a6,d9c47572b415dfa7e66deddaea8c06f7940c05fc
scene_1_2_terminalgain_globalmax_interp_0969,family_02,469,6.901432,7.062562,0.16113,30,2,28,2.9,2.663686,2.625998,1.014352,0.16965,1.696502,1.799503,0.124955,0.120103,1.784814,0.0,scene_1|scene_1.2_y01_dense_strip_y05_2p75|12195|135,scene_1|scene_1.2_y01_dense_strip_y05_2p75|11513|104,7167849c04cc77ec29fe1e312857c1a462008b29,a49af8575ff05e80a55c74a9b9fb5776b11dbe22
scene_1_2_terminalgain_globalmax_interp_0970,family_02,470,6.901432,7.062562,0.16113,30,2,28,2.9,2.668564,2.625998,1.016209,0.169649,1.696494,1.800089,0.265737,0.069824,1.899056,0.0,scene_1|scene_1.2_y01_dense_strip_y05_2p75|12195|135,scene_1|scene_1.2_y01_dense_strip_y05_2p75|11513|104,ac2eb20271f305ab03c67e94598ecf38a48760a8,d4fc756cffe7289ffc75ada38877bd1a42bd3398
scene_1_2_terminalgain_globalmax_interp_0971,family_02,471,6.901432,7.062562,0.16113,30,2,28,2.9,2.628904,2.625998,1.001107,0.16965,1.696504,1.795863,0.269233,0.019545,0.492325,0.0,scene_1|scene_1.2_y01_dense_strip_y05_2p75|12195|135,scene_1|scene_1.2_y01_dense_strip_y05_2p75|11513|104,5e3b9dff2312c07a80dffb95801235b7d2715dc5,81b69dfd2470204ee498cd9dce97438fe955ffee
scene_1_2_terminalgain_globalmax_interp_0972,family_02,472,6.901432,7.062562,0.16113,30,2,28,2.9,2.638356,2.625998,1.004706,0.169649,1.696492,1.796698,0.128452,0.030734,1.016668,0.0,scene_1|scene_1.2_y01_dense_strip_y05_2p75|12195|135,scene_1|scene_1.2_y01_dense_strip_y05_2p75|11513|104,edd74cd84fefa18adcb42a1992fe5b13cd0c1aab,8cac9db8925262e25046e72a017547742a23a690
scene_1_2_terminalgain_globalmax_interp_0973,family_02,473,6.901432,7.062562,0.16113,30,2,28,2.9,2.657897,2.625998,1.012147,0.169649,1.696492,1.798777,0.01233,0.081013,1.639994,0.0,scene_1|scene_1.2_y01_dense_strip_y05_2p75|12195|135,scene_1|scene_1.2_y01_dense_strip_y05_2p75|11513|104,b1f45bf54e78012f8211ee6fe97a06db17a27f10,a4129324a28ce2933c5302cf5a08c6d43c1a7f11
scene_1_2_terminalgain_globalmax_interp_0974,family_02,474,6.901432,7.062562,0.16113,30,2,28,2.9,2.653482,2.625998,1.010466,0.169649,1.696494,1.798289,0.153112,0.131292,1.521348,0.0,scene_1|scene_1.2_y01_dense_strip_y05_2p75|12195|135,scene_1|scene_1.2_y01_dense_strip_y05_2p75|11513|104,7fc0b981a9e958ac6fd821270d1ea8388892c87b,21e4c4db60bf7f27a27c95a599984b3ce9da830e
scene_1_2_terminalgain_globalmax_interp_0975,family_02,475,6.901432,7.062562,0.16113,30,2,28,2.9,2.646839,2.625998,1.007936,0.169649,1.696494,1.797541,0.293893,0.1632,1.322937,0.0,scene_1|scene_1.2_y01_dense_strip_y05_2p75|12195|135,scene_1|scene_1.2_y01_dense_strip_y05_2p75|11513|104,c983c40f5fd4cc1d4a4d8472792b51d4590dc65b,7bbf0b77722b82545b0d98da2b117c5b002a84df
scene_1_2_terminalgain_globalmax_interp_0976,family_02,476,6.901432,7.062562,0.16113,30,2,28,2.9,2.635601,2.625998,1.003657,0.16965,1.696502,1.796309,0.241077,0.112921,0.895909,0.0,scene_1|scene_1.2_y01_dense_strip_y05_2p75|12195|135,scene_1|scene_1.2_y01_dense_strip_y05_2p75|11513|104,784e0b0459c40bae9e4af91333d52451338d09d7,9bfe803954111d293e977bd55288396fb4ff3b5a
scene_1_2_terminalgain_globalmax_interp_0977,family_02,477,6.901432,7.062562,0.16113,30,2,28,2.9,2.64339,2.625998,1.006623,0.16965,1.696502,1.797199,0.100295,0.062641,1.207773,0.0,scene_1|scene_1.2_y01_dense_strip_y05_2p75|12195|135,scene_1|scene_1.2_y01_dense_strip_y05_2p75|11513|104,9dca266c1939cfc536f4c2f41c4d01d23c11245a,adb6cbd3a358dd512d8b70af77b4aa7fe49a8b37
scene_1_2_terminalgain_globalmax_interp_0978,family_02,478,6.901432,7.062562,0.16113,30,2,28,2.9,2.673374,2.625998,1.018041,0.16965,1.696504,1.800844,0.040487,0.012362,2.005215,0.0,scene_1|scene_1.2_y01_dense_strip_y05_2p75|12195|135,scene_1|scene_1.2_y01_dense_strip_y05_2p75|11513|104,9719981d90c433c32e52825fb1ee0e171c972a17,d72424fea82fa6346a9eb23f47ef3de457f0d7cb
scene_1_2_terminalgain_globalmax_interp_0979,family_02,479,6.901432,7.062562,0.16113,30,2,28,2.9,2.665717,2.625998,1.015125,0.169649,1.696492,1.799773,0.181268,0.037917,1.83309,0.0,scene_1|scene_1.2_y01_dense_strip_y05_2p75|12195|135,scene_1|scene_1.2_y01_dense_strip_y05_2p75|11513|104,a7962d54a34bd7015629c219875b650389cacc58,3165e6372f4bfac556b5a954ac0cc2c964cabe7a
scene_1_2_terminalgain_globalmax_interp_0980,family_02,480,6.901432,7.062562,0.16113,30,2,28,2.9,2.630332,2.625998,1.00165,0.16965,1.696502,1.795931,0.32205,0.088195,0.601129,0.0,scene_1|scene_1.2_y01_dense_strip_y05_2p75|12195|135,scene_1|scene_1.2_y01_dense_strip_y05_2p75|11513|104,a12036de1136f080fbdf2d1bff4c1d5427986c83,17eafe055b64f3ecf6ab10b74a3d919e2931d6d1
scene_1_2_terminalgain_globalmax_interp_0981,family_02,481,6.901432,7.062562,0.16113,30,2,28,2.9,2.657369,2.625998,1.011946,0.16965,1.696502,1.79872,0.21292,0.138475,1.626521,0.0,scene_1|scene_1.2_y01_dense_strip_y05_2p75|12195|135,scene_1|scene_1.2_y01_dense_strip_y05_2p75|11513|104,869896fecc0be2267e6a502d7be1d6343747c9e7,1dcb7396808ae840fa5234c9762c287d2d46f0eb
scene_1_2_terminalgain_globalmax_interp_0982,family_02,482,6.901432,7.062562,0.16113,30,2,28,2.9,2.677714,2.625998,1.019694,0.169649,1.696492,1.80157,0.072138,0.156017,2.096791,0.0,scene_1|scene_1.2_y01_dense_strip_y05_2p75|12195|135,scene_1|scene_1.2_y01_dense_strip_y05_2p75|11513|104,ce88c19b07666ae51cff13e54925b509bfb68cbd,c28c09e2cab4c3f7129951f44c8365b1315e2d81
scene_1_2_terminalgain_globalmax_interp_0983,family_02,483,6.901432,7.062562,0.16113,30,2,28,2.9,2.626514,2.625998,1.000196,0.16965,1.696504,1.795738,0.068643,0.105738,0.207504,0.0,scene_1|scene_1.2_y01_dense_strip_y05_2p75|12195|135,scene_1|scene_1.2_y01_dense_strip_y05_2p75|11513|104,13f650d9f6b5354d02203a3cde17da691aef5233,0c56d6fc528f6d5fc28df551a1f226800a94d6bb
scene_1_2_terminalgain_globalmax_interp_0984,family_02,484,6.901432,7.062562,0.16113,30,2,28,2.9,2.644213,2.625998,1.006936,0.16965,1.696502,1.797286,0.209425,0.055459,1.2361,0.0,scene_1|scene_1.2_y01_dense_strip_y05_2p75|12195|135,scene_1|scene_1.2_y01_dense_strip_y05_2p75|11513|104,cffcb49a6981c0bcc339f4200f210971e79b88a4,b3988808b5dda32ca176a1285e0717d76d5e6f67
scene_1_2_terminalgain_globalmax_interp_0985,family_02,485,6.901432,7.062562,0.16113,30,2,28,2.9,2.647935,2.625998,1.008354,0.169649,1.696492,1.797626,0.350207,0.005179,1.357318,0.0,scene_1|scene_1.2_y01_dense_strip_y05_2p75|12195|135,scene_1|scene_1.2_y01_dense_strip_y05_2p75|11513|104,a3ec947ce7ab5601353763c4d7d411433f5d5c1d,a1111ed1cbe1e711f4fe92ec0d027f519d256c8c
scene_1_2_terminalgain_globalmax_interp_0986,family_02,486,6.901432,7.062562,0.16113,30,2,28,2.9,2.643385,2.625998,1.006621,0.169649,1.696494,1.797234,0.346945,0.0451,1.207498,0.0,scene_1|scene_1.2_y01_dense_strip_y05_2p75|12195|135,scene_1|scene_1.2_y01_dense_strip_y05_2p75|11513|104,be6fb3a85a19d3a7d81ee7e7ddff2eec7c033b5a,8f237dceb8a3394ec73a5b0a1b0c0632e1a6d882
scene_1_2_terminalgain_globalmax_interp_0987,family_02,487,6.901432,7.062562,0.16113,30,2,28,2.9,2.651527,2.625998,1.009722,0.169649,1.696494,1.798064,0.206164,0.095378,1.46523,0.0,scene_1|scene_1.2_y01_dense_strip_y05_2p75|12195|135,scene_1|scene_1.2_y01_dense_strip_y05_2p75|11513|104,8759db7c60cfc76770fdc42c8602e26dba05d5c4,372e80e195b9f3dd78d290799538da3aa654cf4a
scene_1_2_terminalgain_globalmax_interp_0988,family_02,488,6.901432,7.062562,0.16113,30,2,28,2.9,2.657089,2.625998,1.01184,0.16965,1.696502,1.798678,0.065381,0.145657,1.619202,0.0,scene_1|scene_1.2_y01_dense_strip_y05_2p75|12195|135,scene_1|scene_1.2_y01_dense_strip_y05_2p75|11513|104,e8c70a6bd131cea22addad18c214db9dadb60562,c32b89e8fbca4edb0fb5b5acfd0c1224acac9ead
scene_1_2_terminalgain_globalmax_interp_0989,family_02,489,6.901432,7.062562,0.16113,30,2,28,2.9,2.65174,2.625998,1.009803,0.169649,1.696492,1.798213,0.075401,0.148834,1.471445,0.0,scene_1|scene_1.2_y01_dense_strip_y05_2p75|12195|135,scene_1|scene_1.2_y01_dense_strip_y05_2p75|11513|104,f2fb41d3001f9fca8ced589456cc67bed42c0af5,67811c1b7815d0f6990c0978ab4b9379cabb6201
scene_1_2_terminalgain_globalmax_interp_0990,family_02,490,6.901432,7.062562,0.16113,30,2,28,2.9,2.655607,2.625998,1.011275,0.16965,1.696504,1.798499,0.216182,0.098555,1.579526,0.0,scene_1|scene_1.2_y01_dense_strip_y05_2p75|12195|135,scene_1|scene_1.2_y01_dense_strip_y05_2p75|11513|104,046f6f7aeee78634ac765fc1b492b11a52ffc91e,3666456cf0c570945d940291677abea8646311e4
scene_1_2_terminalgain_globalmax_interp_0991,family_02,491,6.901432,7.062562,0.16113,30,2,28,2.9,2.644481,2.625998,1.007039,0.169649,1.696494,1.79734,0.318789,0.048276,1.244998,0.0,scene_1|scene_1.2_y01_dense_strip_y05_2p75|12195|135,scene_1|scene_1.2_y01_dense_strip_y05_2p75|11513|104,97730c27a68e9d2195821a0f96e334cd6852e285,6b518a7e1c72f385872ec07064fbe06af3d1ef84
scene_1_2_terminalgain_globalmax_interp_0992,family_02,492,6.901432,7.062562,0.16113,30,2,28,2.9,2.629529,2.625998,1.001345,0.169649,1.696492,1.795915,0.178007,0.002003,0.542729,0.0,scene_1|scene_1.2_y01_dense_strip_y05_2p75|12195|135,scene_1|scene_1.2_y01_dense_strip_y05_2p75|11513|104,2750ff91b57f85ddc3d9b280075a47a9aabfed38,b35e874ec9408e4ee6fa5c5f1b4038fa1c32eb04
scene_1_2_terminalgain_globalmax_interp_0993,family_02,493,6.901432,7.062562,0.16113,30,2,28,2.9,2.657288,2.625998,1.011915,0.16965,1.696502,1.798792,0.037225,0.052283,1.624526,0.0,scene_1|scene_1.2_y01_dense_strip_y05_2p75|12195|135,scene_1|scene_1.2_y01_dense_strip_y05_2p75|11513|104,c0208d8f9621435bfc1b0e80302c556c76812ef8,906966b75b227c32516868f6b7eb9d2ffea9a68c
scene_1_2_terminalgain_globalmax_interp_0994,family_02,494,6.901432,7.062562,0.16113,30,2,28,2.9,2.645243,2.625998,1.007328,0.16965,1.696504,1.797428,0.103556,0.102561,1.270967,0.0,scene_1|scene_1.2_y01_dense_strip_y05_2p75|12195|135,scene_1|scene_1.2_y01_dense_strip_y05_2p75|11513|104,00dce3ffc37e51c08827d30e282b63f4bb18eaf7,6415df9d3d479543bdc2f0b9d864d1ba4ef02b1e
scene_1_2_terminalgain_globalmax_interp_0995,family_02,495,6.901432,7.062562,0.16113,30,2,28,2.9,2.634228,2.625998,1.003134,0.16965,1.696502,1.796418,0.244339,0.15284,0.829457,0.0,scene_1|scene_1.2_y01_dense_strip_y05_2p75|12195|135,scene_1|scene_1.2_y01_dense_strip_y05_2p75|11513|104,9d152aec5b76dc5175f1988e3536fd0bc81420e7,feb84847c40df56b644247fdec838c70fd1ed52c
scene_1_2_terminalgain_globalmax_interp_0996,family_02,496,6.901432,7.062562,0.16113,30,2,28,2.9,2.652516,2.625998,1.010098,0.169649,1.696492,1.798251,0.290632,0.141652,1.493559,0.0,scene_1|scene_1.2_y01_dense_strip_y05_2p75|12195|135,scene_1|scene_1.2_y01_dense_strip_y05_2p75|11513|104,6024697fc9e0e5f02893ddaf9cedea27b7db71c8,0caf62ba2274868b852ee86f9aeeec14de5b2775
scene_1_2_terminalgain_globalmax_interp_0997,family_02,497,6.901432,7.062562,0.16113,30,2,28,2.9,2.681859,2.625998,1.021272,0.16965,1.696504,1.802075,0.14985,0.091372,2.181393,0.0,scene_1|scene_1.2_y01_dense_strip_y05_2p75|12195|135,scene_1|scene_1.2_y01_dense_strip_y05_2p75|11513|104,a89131133c88c99e58c4f4053b337637a563f664,7df49bac9508658bbdd8753b798aad7fbe5354cf
scene_1_2_terminalgain_globalmax_interp_0998,family_02,498,6.901432,7.062562,0.16113,30,2,28,2.9,2.660357,2.625998,1.013084,0.169649,1.696492,1.798997,0.009069,0.041093,1.703228,0.0,scene_1|scene_1.2_y01_dense_strip_y05_2p75|12195|135,scene_1|scene_1.2_y01_dense_strip_y05_2p75|11513|104,e65942fec06ab11081cc1e0c123ae26c9d9dfea2,3592a112e084d756d8b0235cf934085caccb72c9
scene_1_2_terminalgain_globalmax_interp_0999,family_02,499,6.901432,7.062562,0.16113,30,2,28,2.9,2.634667,2.625998,1.003301,0.16965,1.696502,1.796416,0.131713,0.009186,0.850918,0.0,scene_1|scene_1.2_y01_dense_strip_y05_2p75|12195|135,scene_1|scene_1.2_y01_dense_strip_y05_2p75|11513|104,4a146d8cbb932710fc3c4d2aeb99bb2cd325fd87,f8d3efb724750f786d2b3adf162388deeb6f0555
scene_1_2_terminalgain_globalmax_interp_1000,family_02,500,6.901432,7.062562,0.16113,30,2,28,2.9,2.647551,2.625998,1.008207,0.169649,1.696492,1.797636,0.272495,0.059465,1.345206,0.0,scene_1|scene_1.2_y01_dense_strip_y05_2p75|12195|135,scene_1|scene_1.2_y01_dense_strip_y05_2p75|11513|104,22238c3085f6e6d5bdab15e0872827979699b690,9342715890d95cb2ae5911324cfe977b1489157b
