position_index,layer_position_index,scene_id,layer_id,height_index,grid_x_index,grid_z_index,x,y,z,route_heading_deg,camera_route_yaw_deg,pitch_deg,legacy_anchor,route_bridge,distance_from_previous,distance_to_next
1,1,scene_1.1,scene_1.1_y01,1,80,4,93.48,0.6,5.72,270.0,90.0,10.0,True,False,0.0,1.293125
2,2,scene_1.1,scene_1.1_y01,1,79,4,92.186875,0.6,5.72,270.0,90.0,10.0,False,False,1.293125,1.293125
3,3,scene_1.1,scene_1.1_y01,1,78,4,90.89375,0.6,5.72,270.0,90.0,10.0,False,False,1.293125,1.293125
4,4,scene_1.1,scene_1.1_y01,1,77,4,89.600625,0.6,5.72,270.0,90.0,10.0,False,False,1.293125,1.293125
5,5,scene_1.1,scene_1.1_y01,1,76,4,88.3075,0.6,5.72,270.0,90.0,10.0,True,False,1.293125,1.293125
6,6,scene_1.1,scene_1.1_y01,1,75,4,87.014375,0.6,5.72,270.0,90.0,10.0,False,False,1.293125,1.293125
7,7,scene_1.1,scene_1.1_y01,1,74,4,85.72125,0.6,5.72,270.0,90.0,10.0,False,False,1.293125,1.293125
8,8,scene_1.1,scene_1.1_y01,1,73,4,84.428125,0.6,5.72,270.0,90.0,10.0,False,False,1.293125,1.293125
9,9,scene_1.1,scene_1.1_y01,1,72,4,83.135,0.6,5.72,270.0,90.0,10.0,True,False,1.293125,1.293125
10,10,scene_1.1,scene_1.1_y01,1,71,4,81.841875,0.6,5.72,270.0,90.0,10.0,False,False,1.293125,1.293125
11,11,scene_1.1,scene_1.1_y01,1,70,4,80.54875,0.6,5.72,270.0,90.0,10.0,False,False,1.293125,1.293125
12,12,scene_1.1,scene_1.1_y01,1,69,4,79.255625,0.6,5.72,270.0,90.0,10.0,False,False,1.293125,1.293125
13,13,scene_1.1,scene_1.1_y01,1,68,4,77.9625,0.6,5.72,270.0,90.0,10.0,True,False,1.293125,1.293125
14,14,scene_1.1,scene_1.1_y01,1,67,4,76.669375,0.6,5.72,270.0,90.0,10.0,False,False,1.293125,1.293125
15,15,scene_1.1,scene_1.1_y01,1,66,4,75.37625,0.6,5.72,270.0,90.0,10.0,False,False,1.293125,1.293125
16,16,scene_1.1,scene_1.1_y01,1,65,4,74.083125,0.6,5.72,270.0,90.0,10.0,False,False,1.293125,1.293125
17,17,scene_1.1,scene_1.1_y01,1,64,4,72.79,0.6,5.72,270.0,90.0,10.0,True,False,1.293125,1.293125
18,18,scene_1.1,scene_1.1_y01,1,63,4,71.496875,0.6,5.72,270.0,90.0,10.0,False,False,1.293125,1.293125
19,19,scene_1.1,scene_1.1_y01,1,62,4,70.20375,0.6,5.72,270.0,90.0,10.0,False,False,1.293125,1.293125
20,20,scene_1.1,scene_1.1_y01,1,61,4,68.910625,0.6,5.72,270.0,90.0,10.0,False,False,1.293125,1.293125
21,21,scene_1.1,scene_1.1_y01,1,60,4,67.6175,0.6,5.72,270.0,90.0,10.0,True,False,1.293125,1.293125
22,22,scene_1.1,scene_1.1_y01,1,59,4,66.324375,0.6,5.72,270.0,90.0,10.0,False,False,1.293125,1.293125
23,23,scene_1.1,scene_1.1_y01,1,58,4,65.03125,0.6,5.72,270.0,90.0,10.0,False,False,1.293125,1.293125
24,24,scene_1.1,scene_1.1_y01,1,57,4,63.738125,0.6,5.72,270.0,90.0,10.0,False,False,1.293125,1.293125
25,25,scene_1.1,scene_1.1_y01,1,56,4,62.445,0.6,5.72,270.0,90.0,10.0,True,False,1.293125,1.293125
26,26,scene_1.1,scene_1.1_y01,1,55,4,61.151875,0.6,5.72,270.0,90.0,10.0,False,False,1.293125,1.293125
27,27,scene_1.1,scene_1.1_y01,1,54,4,59.85875,0.6,5.72,270.0,90.0,10.0,False,False,1.293125,1.293125
28,28,scene_1.1,scene_1.1_y01,1,53,4,58.565625,0.6,5.72,270.0,90.0,10.0,False,False,1.293125,1.293125
29,29,scene_1.1,scene_1.1_y01,1,52,4,57.2725,0.6,5.72,270.0,90.0,10.0,True,False,1.293125,1.293125
30,30,scene_1.1,scene_1.1_y01,1,51,4,55.979375,0.6,5.72,270.0,90.0,10.0,False,False,1.293125,1.293125
31,31,scene_1.1,scene_1.1_y01,1,50,4,54.68625,0.6,5.72,270.0,90.0,10.0,False,False,1.293125,1.293125
32,32,scene_1.1,scene_1.1_y01,1,49,4,53.393125,0.6,5.72,270.0,90.0,10.0,False,False,1.293125,1.293125
33,33,scene_1.1,scene_1.1_y01,1,48,4,52.1,0.6,5.72,270.0,90.0,10.0,True,False,1.293125,1.293125
34,34,scene_1.1,scene_1.1_y01,1,47,4,50.806875,0.6,5.72,270.0,90.0,10.0,False,False,1.293125,1.293125
35,35,scene_1.1,scene_1.1_y01,1,46,4,49.51375,0.6,5.72,270.0,90.0,10.0,False,False,1.293125,1.293125
36,36,scene_1.1,scene_1.1_y01,1,45,4,48.220625,0.6,5.72,270.0,90.0,10.0,False,False,1.293125,1.293125
37,37,scene_1.1,scene_1.1_y01,1,44,4,46.9275,0.6,5.72,270.0,90.0,10.0,True,False,1.293125,1.293125
38,38,scene_1.1,scene_1.1_y01,1,43,4,45.634375,0.6,5.72,270.0,90.0,10.0,False,False,1.293125,1.293125
39,39,scene_1.1,scene_1.1_y01,1,42,4,44.34125,0.6,5.72,270.0,90.0,10.0,False,False,1.293125,1.293125
40,40,scene_1.1,scene_1.1_y01,1,41,4,43.048125,0.6,5.72,270.0,90.0,10.0,False,False,1.293125,1.293125
41,41,scene_1.1,scene_1.1_y01,1,40,4,41.755,0.6,5.72,270.0,90.0,10.0,True,False,1.293125,1.293125
42,42,scene_1.1,scene_1.1_y01,1,39,4,40.461875,0.6,5.72,270.0,90.0,10.0,False,False,1.293125,1.293125
43,43,scene_1.1,scene_1.1_y01,1,38,4,39.16875,0.6,5.72,270.0,90.0,10.0,False,False,1.293125,1.293125
44,44,scene_1.1,scene_1.1_y01,1,37,4,37.875625,0.6,5.72,270.0,90.0,10.0,False,False,1.293125,1.293125
45,45,scene_1.1,scene_1.1_y01,1,36,4,36.5825,0.6,5.72,270.0,90.0,10.0,True,False,1.293125,1.293125
46,46,scene_1.1,scene_1.1_y01,1,35,4,35.289375,0.6,5.72,270.0,90.0,10.0,False,False,1.293125,1.293125
47,47,scene_1.1,scene_1.1_y01,1,34,4,33.99625,0.6,5.72,270.0,90.0,10.0,False,False,1.293125,1.293125
48,48,scene_1.1,scene_1.1_y01,1,33,4,32.703125,0.6,5.72,270.0,90.0,10.0,False,False,1.293125,1.293125
49,49,scene_1.1,scene_1.1_y01,1,32,4,31.41,0.6,5.72,270.0,90.0,10.0,True,False,1.293125,1.293125
50,50,scene_1.1,scene_1.1_y01,1,31,4,30.116875,0.6,5.72,270.0,90.0,10.0,False,False,1.293125,1.293125
51,51,scene_1.1,scene_1.1_y01,1,30,4,28.82375,0.6,5.72,270.0,90.0,10.0,False,False,1.293125,1.293125
52,52,scene_1.1,scene_1.1_y01,1,29,4,27.530625,0.6,5.72,270.0,90.0,10.0,False,False,1.293125,1.293125
53,53,scene_1.1,scene_1.1_y01,1,28,4,26.2375,0.6,5.72,270.0,90.0,10.0,True,False,1.293125,1.293125
54,54,scene_1.1,scene_1.1_y01,1,27,4,24.944375,0.6,5.72,270.0,90.0,10.0,False,False,1.293125,1.293125
55,55,scene_1.1,scene_1.1_y01,1,26,4,23.65125,0.6,5.72,270.0,90.0,10.0,False,False,1.293125,1.293125
56,56,scene_1.1,scene_1.1_y01,1,25,4,22.358125,0.6,5.72,270.0,90.0,10.0,False,False,1.293125,1.293125
57,57,scene_1.1,scene_1.1_y01,1,24,4,21.065,0.6,5.72,270.0,90.0,10.0,True,False,1.293125,1.293125
58,58,scene_1.1,scene_1.1_y01,1,23,4,19.771875,0.6,5.72,270.0,90.0,10.0,False,False,1.293125,1.293125
59,59,scene_1.1,scene_1.1_y01,1,22,4,18.47875,0.6,5.72,270.0,90.0,10.0,False,False,1.293125,1.293125
60,60,scene_1.1,scene_1.1_y01,1,21,4,17.185625,0.6,5.72,270.0,90.0,10.0,False,False,1.293125,1.293125
61,61,scene_1.1,scene_1.1_y01,1,20,4,15.8925,0.6,5.72,270.0,90.0,10.0,True,False,1.293125,1.293125
62,62,scene_1.1,scene_1.1_y01,1,19,4,14.599375,0.6,5.72,270.0,90.0,10.0,False,False,1.293125,1.293125
63,63,scene_1.1,scene_1.1_y01,1,18,4,13.30625,0.6,5.72,270.0,90.0,10.0,False,False,1.293125,1.293125
64,64,scene_1.1,scene_1.1_y01,1,17,4,12.013125,0.6,5.72,270.0,90.0,10.0,False,False,1.293125,1.293125
65,65,scene_1.1,scene_1.1_y01,1,16,4,10.72,0.6,5.72,270.0,90.0,10.0,True,False,1.293125,1.293125
66,66,scene_1.1,scene_1.1_y01,1,15,4,9.426875,0.6,5.72,270.0,90.0,10.0,False,False,1.293125,1.293125
67,67,scene_1.1,scene_1.1_y01,1,14,4,8.13375,0.6,5.72,270.0,90.0,10.0,False,False,1.293125,1.293125
68,68,scene_1.1,scene_1.1_y01,1,13,4,6.840625,0.6,5.72,270.0,90.0,10.0,False,False,1.293125,1.293125
69,69,scene_1.1,scene_1.1_y01,1,12,4,5.5475,0.6,5.72,270.0,90.0,10.0,True,False,1.293125,1.293125
70,70,scene_1.1,scene_1.1_y01,1,11,4,4.254375,0.6,5.72,270.0,90.0,10.0,False,False,1.293125,1.293125
71,71,scene_1.1,scene_1.1_y01,1,10,4,2.96125,0.6,5.72,270.0,90.0,10.0,False,False,1.293125,1.293125
72,72,scene_1.1,scene_1.1_y01,1,9,4,1.668125,0.6,5.72,270.0,90.0,10.0,False,False,1.293125,1.293125
73,73,scene_1.1,scene_1.1_y01,1,8,4,0.375,0.6,5.72,270.0,90.0,10.0,True,False,1.293125,1.293125
74,74,scene_1.1,scene_1.1_y01,1,7,4,-0.918125,0.6,5.72,270.0,90.0,10.0,False,False,1.293125,1.293125
75,75,scene_1.1,scene_1.1_y01,1,6,4,-2.21125,0.6,5.72,270.0,90.0,10.0,False,False,1.293125,1.293125
76,76,scene_1.1,scene_1.1_y01,1,5,4,-3.504375,0.6,5.72,270.0,90.0,10.0,False,False,1.293125,1.293125
77,77,scene_1.1,scene_1.1_y01,1,4,4,-4.7975,0.6,5.72,270.0,90.0,10.0,True,False,1.293125,1.293125
78,78,scene_1.1,scene_1.1_y01,1,3,4,-6.090625,0.6,5.72,270.0,90.0,10.0,False,False,1.293125,1.293125
79,79,scene_1.1,scene_1.1_y01,1,2,4,-7.38375,0.6,5.72,270.0,90.0,10.0,False,False,1.293125,1.293125
80,80,scene_1.1,scene_1.1_y01,1,1,4,-8.676875,0.6,5.72,270.0,90.0,10.0,False,False,1.293125,1.293125
81,81,scene_1.1,scene_1.1_y01,1,0,4,-9.97,0.6,5.72,180.0,0.0,10.0,True,False,1.293125,1.8825
82,82,scene_1.1,scene_1.1_y01,1,0,3,-9.97,0.6,3.8375,90.0,270.0,10.0,True,False,1.8825,1.293125
83,83,scene_1.1,scene_1.1_y01,1,1,3,-8.676875,0.6,3.8375,90.0,270.0,10.0,False,False,1.293125,1.293125
84,84,scene_1.1,scene_1.1_y01,1,2,3,-7.38375,0.6,3.8375,90.0,270.0,10.0,False,False,1.293125,1.293125
85,85,scene_1.1,scene_1.1_y01,1,3,3,-6.090625,0.6,3.8375,90.0,270.0,10.0,False,False,1.293125,1.293125
86,86,scene_1.1,scene_1.1_y01,1,4,3,-4.7975,0.6,3.8375,90.0,270.0,10.0,True,False,1.293125,1.293125
87,87,scene_1.1,scene_1.1_y01,1,5,3,-3.504375,0.6,3.8375,90.0,270.0,10.0,False,False,1.293125,1.293125
88,88,scene_1.1,scene_1.1_y01,1,6,3,-2.21125,0.6,3.8375,90.0,270.0,10.0,False,False,1.293125,1.293125
89,89,scene_1.1,scene_1.1_y01,1,7,3,-0.918125,0.6,3.8375,90.0,270.0,10.0,False,False,1.293125,1.293125
90,90,scene_1.1,scene_1.1_y01,1,8,3,0.375,0.6,3.8375,90.0,270.0,10.0,True,False,1.293125,1.293125
91,91,scene_1.1,scene_1.1_y01,1,9,3,1.668125,0.6,3.8375,90.0,270.0,10.0,False,False,1.293125,1.293125
92,92,scene_1.1,scene_1.1_y01,1,10,3,2.96125,0.6,3.8375,90.0,270.0,10.0,False,False,1.293125,1.293125
93,93,scene_1.1,scene_1.1_y01,1,11,3,4.254375,0.6,3.8375,90.0,270.0,10.0,False,False,1.293125,1.293125
94,94,scene_1.1,scene_1.1_y01,1,12,3,5.5475,0.6,3.8375,90.0,270.0,10.0,True,False,1.293125,1.293125
95,95,scene_1.1,scene_1.1_y01,1,13,3,6.840625,0.6,3.8375,90.0,270.0,10.0,False,False,1.293125,1.293125
96,96,scene_1.1,scene_1.1_y01,1,14,3,8.13375,0.6,3.8375,90.0,270.0,10.0,False,False,1.293125,1.293125
97,97,scene_1.1,scene_1.1_y01,1,15,3,9.426875,0.6,3.8375,90.0,270.0,10.0,False,False,1.293125,1.293125
98,98,scene_1.1,scene_1.1_y01,1,16,3,10.72,0.6,3.8375,90.0,270.0,10.0,True,False,1.293125,1.293125
99,99,scene_1.1,scene_1.1_y01,1,17,3,12.013125,0.6,3.8375,90.0,270.0,10.0,False,False,1.293125,1.293125
100,100,scene_1.1,scene_1.1_y01,1,18,3,13.30625,0.6,3.8375,90.0,270.0,10.0,False,False,1.293125,1.293125
101,101,scene_1.1,scene_1.1_y01,1,19,3,14.599375,0.6,3.8375,90.0,270.0,10.0,False,False,1.293125,1.293125
102,102,scene_1.1,scene_1.1_y01,1,20,3,15.8925,0.6,3.8375,90.0,270.0,10.0,True,False,1.293125,1.293125
103,103,scene_1.1,scene_1.1_y01,1,21,3,17.185625,0.6,3.8375,90.0,270.0,10.0,False,False,1.293125,1.293125
104,104,scene_1.1,scene_1.1_y01,1,22,3,18.47875,0.6,3.8375,90.0,270.0,10.0,False,False,1.293125,1.293125
105,105,scene_1.1,scene_1.1_y01,1,23,3,19.771875,0.6,3.8375,90.0,270.0,10.0,False,False,1.293125,1.293125
106,106,scene_1.1,scene_1.1_y01,1,24,3,21.065,0.6,3.8375,90.0,270.0,10.0,True,False,1.293125,1.293125
107,107,scene_1.1,scene_1.1_y01,1,25,3,22.358125,0.6,3.8375,90.0,270.0,10.0,False,False,1.293125,1.293125
108,108,scene_1.1,scene_1.1_y01,1,26,3,23.65125,0.6,3.8375,90.0,270.0,10.0,False,False,1.293125,1.293125
109,109,scene_1.1,scene_1.1_y01,1,27,3,24.944375,0.6,3.8375,90.0,270.0,10.0,False,False,1.293125,1.293125
110,110,scene_1.1,scene_1.1_y01,1,28,3,26.2375,0.6,3.8375,90.0,270.0,10.0,True,False,1.293125,1.293125
111,111,scene_1.1,scene_1.1_y01,1,29,3,27.530625,0.6,3.8375,90.0,270.0,10.0,False,False,1.293125,1.293125
112,112,scene_1.1,scene_1.1_y01,1,30,3,28.82375,0.6,3.8375,90.0,270.0,10.0,False,False,1.293125,1.293125
113,113,scene_1.1,scene_1.1_y01,1,31,3,30.116875,0.6,3.8375,90.0,270.0,10.0,False,False,1.293125,1.293125
114,114,scene_1.1,scene_1.1_y01,1,32,3,31.41,0.6,3.8375,90.0,270.0,10.0,True,False,1.293125,1.293125
115,115,scene_1.1,scene_1.1_y01,1,33,3,32.703125,0.6,3.8375,90.0,270.0,10.0,False,False,1.293125,1.293125
116,116,scene_1.1,scene_1.1_y01,1,34,3,33.99625,0.6,3.8375,90.0,270.0,10.0,False,False,1.293125,1.293125
117,117,scene_1.1,scene_1.1_y01,1,35,3,35.289375,0.6,3.8375,90.0,270.0,10.0,False,False,1.293125,1.293125
118,118,scene_1.1,scene_1.1_y01,1,36,3,36.5825,0.6,3.8375,90.0,270.0,10.0,True,False,1.293125,1.293125
119,119,scene_1.1,scene_1.1_y01,1,37,3,37.875625,0.6,3.8375,90.0,270.0,10.0,False,False,1.293125,1.293125
120,120,scene_1.1,scene_1.1_y01,1,38,3,39.16875,0.6,3.8375,90.0,270.0,10.0,False,False,1.293125,1.293125
121,121,scene_1.1,scene_1.1_y01,1,39,3,40.461875,0.6,3.8375,90.0,270.0,10.0,False,False,1.293125,1.293125
122,122,scene_1.1,scene_1.1_y01,1,40,3,41.755,0.6,3.8375,90.0,270.0,10.0,True,False,1.293125,1.293125
123,123,scene_1.1,scene_1.1_y01,1,41,3,43.048125,0.6,3.8375,90.0,270.0,10.0,False,False,1.293125,1.293125
124,124,scene_1.1,scene_1.1_y01,1,42,3,44.34125,0.6,3.8375,90.0,270.0,10.0,False,False,1.293125,1.293125
125,125,scene_1.1,scene_1.1_y01,1,43,3,45.634375,0.6,3.8375,90.0,270.0,10.0,False,False,1.293125,1.293125
126,126,scene_1.1,scene_1.1_y01,1,44,3,46.9275,0.6,3.8375,90.0,270.0,10.0,True,False,1.293125,1.293125
127,127,scene_1.1,scene_1.1_y01,1,45,3,48.220625,0.6,3.8375,90.0,270.0,10.0,False,False,1.293125,1.293125
128,128,scene_1.1,scene_1.1_y01,1,46,3,49.51375,0.6,3.8375,90.0,270.0,10.0,False,False,1.293125,1.293125
129,129,scene_1.1,scene_1.1_y01,1,47,3,50.806875,0.6,3.8375,90.0,270.0,10.0,False,False,1.293125,1.293125
130,130,scene_1.1,scene_1.1_y01,1,48,3,52.1,0.6,3.8375,90.0,270.0,10.0,True,False,1.293125,1.293125
131,131,scene_1.1,scene_1.1_y01,1,49,3,53.393125,0.6,3.8375,90.0,270.0,10.0,False,False,1.293125,1.293125
132,132,scene_1.1,scene_1.1_y01,1,50,3,54.68625,0.6,3.8375,90.0,270.0,10.0,False,False,1.293125,1.293125
133,133,scene_1.1,scene_1.1_y01,1,51,3,55.979375,0.6,3.8375,90.0,270.0,10.0,False,False,1.293125,1.293125
134,134,scene_1.1,scene_1.1_y01,1,52,3,57.2725,0.6,3.8375,90.0,270.0,10.0,True,False,1.293125,1.293125
135,135,scene_1.1,scene_1.1_y01,1,53,3,58.565625,0.6,3.8375,90.0,270.0,10.0,False,False,1.293125,1.293125
136,136,scene_1.1,scene_1.1_y01,1,54,3,59.85875,0.6,3.8375,90.0,270.0,10.0,False,False,1.293125,1.293125
137,137,scene_1.1,scene_1.1_y01,1,55,3,61.151875,0.6,3.8375,90.0,270.0,10.0,False,False,1.293125,1.293125
138,138,scene_1.1,scene_1.1_y01,1,56,3,62.445,0.6,3.8375,90.0,270.0,10.0,True,False,1.293125,1.293125
139,139,scene_1.1,scene_1.1_y01,1,57,3,63.738125,0.6,3.8375,90.0,270.0,10.0,False,False,1.293125,1.293125
140,140,scene_1.1,scene_1.1_y01,1,58,3,65.03125,0.6,3.8375,90.0,270.0,10.0,False,False,1.293125,1.293125
141,141,scene_1.1,scene_1.1_y01,1,59,3,66.324375,0.6,3.8375,90.0,270.0,10.0,False,False,1.293125,1.293125
142,142,scene_1.1,scene_1.1_y01,1,60,3,67.6175,0.6,3.8375,90.0,270.0,10.0,True,False,1.293125,1.293125
143,143,scene_1.1,scene_1.1_y01,1,61,3,68.910625,0.6,3.8375,90.0,270.0,10.0,False,False,1.293125,1.293125
144,144,scene_1.1,scene_1.1_y01,1,62,3,70.20375,0.6,3.8375,90.0,270.0,10.0,False,False,1.293125,1.293125
145,145,scene_1.1,scene_1.1_y01,1,63,3,71.496875,0.6,3.8375,90.0,270.0,10.0,False,False,1.293125,1.293125
146,146,scene_1.1,scene_1.1_y01,1,64,3,72.79,0.6,3.8375,90.0,270.0,10.0,True,False,1.293125,1.293125
147,147,scene_1.1,scene_1.1_y01,1,65,3,74.083125,0.6,3.8375,90.0,270.0,10.0,False,False,1.293125,1.293125
148,148,scene_1.1,scene_1.1_y01,1,66,3,75.37625,0.6,3.8375,90.0,270.0,10.0,False,False,1.293125,1.293125
149,149,scene_1.1,scene_1.1_y01,1,67,3,76.669375,0.6,3.8375,90.0,270.0,10.0,False,False,1.293125,1.293125
150,150,scene_1.1,scene_1.1_y01,1,68,3,77.9625,0.6,3.8375,90.0,270.0,10.0,True,False,1.293125,1.293125
151,151,scene_1.1,scene_1.1_y01,1,69,3,79.255625,0.6,3.8375,90.0,270.0,10.0,False,False,1.293125,1.293125
152,152,scene_1.1,scene_1.1_y01,1,70,3,80.54875,0.6,3.8375,90.0,270.0,10.0,False,False,1.293125,1.293125
153,153,scene_1.1,scene_1.1_y01,1,71,3,81.841875,0.6,3.8375,90.0,270.0,10.0,False,False,1.293125,1.293125
154,154,scene_1.1,scene_1.1_y01,1,72,3,83.135,0.6,3.8375,90.0,270.0,10.0,True,False,1.293125,1.293125
155,155,scene_1.1,scene_1.1_y01,1,73,3,84.428125,0.6,3.8375,90.0,270.0,10.0,False,False,1.293125,1.293125
156,156,scene_1.1,scene_1.1_y01,1,74,3,85.72125,0.6,3.8375,90.0,270.0,10.0,False,False,1.293125,1.293125
157,157,scene_1.1,scene_1.1_y01,1,75,3,87.014375,0.6,3.8375,90.0,270.0,10.0,False,False,1.293125,1.293125
158,158,scene_1.1,scene_1.1_y01,1,76,3,88.3075,0.6,3.8375,90.0,270.0,10.0,True,False,1.293125,1.293125
159,159,scene_1.1,scene_1.1_y01,1,77,3,89.600625,0.6,3.8375,90.0,270.0,10.0,False,False,1.293125,1.293125
160,160,scene_1.1,scene_1.1_y01,1,78,3,90.89375,0.6,3.8375,90.0,270.0,10.0,False,False,1.293125,1.293125
161,161,scene_1.1,scene_1.1_y01,1,79,3,92.186875,0.6,3.8375,90.0,270.0,10.0,False,False,1.293125,1.293125
162,162,scene_1.1,scene_1.1_y01,1,80,3,93.48,0.6,3.8375,180.0,0.0,10.0,True,False,1.293125,1.8825
163,163,scene_1.1,scene_1.1_y01,1,80,2,93.48,0.6,1.955,270.0,90.0,10.0,True,False,1.8825,1.293125
164,164,scene_1.1,scene_1.1_y01,1,79,2,92.186875,0.6,1.955,270.0,90.0,10.0,False,False,1.293125,1.293125
165,165,scene_1.1,scene_1.1_y01,1,78,2,90.89375,0.6,1.955,270.0,90.0,10.0,False,False,1.293125,1.293125
166,166,scene_1.1,scene_1.1_y01,1,77,2,89.600625,0.6,1.955,270.0,90.0,10.0,False,False,1.293125,1.293125
167,167,scene_1.1,scene_1.1_y01,1,76,2,88.3075,0.6,1.955,270.0,90.0,10.0,True,False,1.293125,1.293125
168,168,scene_1.1,scene_1.1_y01,1,75,2,87.014375,0.6,1.955,270.0,90.0,10.0,False,False,1.293125,1.293125
169,169,scene_1.1,scene_1.1_y01,1,74,2,85.72125,0.6,1.955,270.0,90.0,10.0,False,False,1.293125,1.293125
170,170,scene_1.1,scene_1.1_y01,1,73,2,84.428125,0.6,1.955,270.0,90.0,10.0,False,False,1.293125,1.293125
171,171,scene_1.1,scene_1.1_y01,1,72,2,83.135,0.6,1.955,270.0,90.0,10.0,True,False,1.293125,1.293125
172,172,scene_1.1,scene_1.1_y01,1,71,2,81.841875,0.6,1.955,270.0,90.0,10.0,False,False,1.293125,1.293125
173,173,scene_1.1,scene_1.1_y01,1,70,2,80.54875,0.6,1.955,270.0,90.0,10.0,False,False,1.293125,1.293125
174,174,scene_1.1,scene_1.1_y01,1,69,2,79.255625,0.6,1.955,270.0,90.0,10.0,False,False,1.293125,1.293125
175,175,scene_1.1,scene_1.1_y01,1,68,2,77.9625,0.6,1.955,270.0,90.0,10.0,True,False,1.293125,1.293125
176,176,scene_1.1,scene_1.1_y01,1,67,2,76.669375,0.6,1.955,270.0,90.0,10.0,False,False,1.293125,1.293125
177,177,scene_1.1,scene_1.1_y01,1,66,2,75.37625,0.6,1.955,270.0,90.0,10.0,False,False,1.293125,1.293125
178,178,scene_1.1,scene_1.1_y01,1,65,2,74.083125,0.6,1.955,270.0,90.0,10.0,False,False,1.293125,1.293125
179,179,scene_1.1,scene_1.1_y01,1,64,2,72.79,0.6,1.955,270.0,90.0,10.0,True,False,1.293125,1.293125
180,180,scene_1.1,scene_1.1_y01,1,63,2,71.496875,0.6,1.955,270.0,90.0,10.0,False,False,1.293125,1.293125
181,181,scene_1.1,scene_1.1_y01,1,62,2,70.20375,0.6,1.955,270.0,90.0,10.0,False,False,1.293125,1.293125
182,182,scene_1.1,scene_1.1_y01,1,61,2,68.910625,0.6,1.955,270.0,90.0,10.0,False,False,1.293125,1.293125
183,183,scene_1.1,scene_1.1_y01,1,60,2,67.6175,0.6,1.955,270.0,90.0,10.0,True,False,1.293125,1.293125
184,184,scene_1.1,scene_1.1_y01,1,59,2,66.324375,0.6,1.955,270.0,90.0,10.0,False,False,1.293125,1.293125
185,185,scene_1.1,scene_1.1_y01,1,58,2,65.03125,0.6,1.955,270.0,90.0,10.0,False,False,1.293125,1.293125
186,186,scene_1.1,scene_1.1_y01,1,57,2,63.738125,0.6,1.955,270.0,90.0,10.0,False,False,1.293125,1.293125
187,187,scene_1.1,scene_1.1_y01,1,56,2,62.445,0.6,1.955,270.0,90.0,10.0,True,False,1.293125,1.293125
188,188,scene_1.1,scene_1.1_y01,1,55,2,61.151875,0.6,1.955,270.0,90.0,10.0,False,False,1.293125,1.293125
189,189,scene_1.1,scene_1.1_y01,1,54,2,59.85875,0.6,1.955,270.0,90.0,10.0,False,False,1.293125,1.293125
190,190,scene_1.1,scene_1.1_y01,1,53,2,58.565625,0.6,1.955,270.0,90.0,10.0,False,False,1.293125,1.293125
191,191,scene_1.1,scene_1.1_y01,1,52,2,57.2725,0.6,1.955,270.0,90.0,10.0,True,False,1.293125,1.293125
192,192,scene_1.1,scene_1.1_y01,1,51,2,55.979375,0.6,1.955,270.0,90.0,10.0,False,False,1.293125,1.293125
193,193,scene_1.1,scene_1.1_y01,1,50,2,54.68625,0.6,1.955,270.0,90.0,10.0,False,False,1.293125,1.293125
194,194,scene_1.1,scene_1.1_y01,1,49,2,53.393125,0.6,1.955,270.0,90.0,10.0,False,False,1.293125,1.293125
195,195,scene_1.1,scene_1.1_y01,1,48,2,52.1,0.6,1.955,270.0,90.0,10.0,True,False,1.293125,1.293125
196,196,scene_1.1,scene_1.1_y01,1,47,2,50.806875,0.6,1.955,270.0,90.0,10.0,False,False,1.293125,1.293125
197,197,scene_1.1,scene_1.1_y01,1,46,2,49.51375,0.6,1.955,270.0,90.0,10.0,False,False,1.293125,1.293125
198,198,scene_1.1,scene_1.1_y01,1,45,2,48.220625,0.6,1.955,270.0,90.0,10.0,False,False,1.293125,1.293125
199,199,scene_1.1,scene_1.1_y01,1,44,2,46.9275,0.6,1.955,270.0,90.0,10.0,True,False,1.293125,1.293125
200,200,scene_1.1,scene_1.1_y01,1,43,2,45.634375,0.6,1.955,270.0,90.0,10.0,False,False,1.293125,1.293125
201,201,scene_1.1,scene_1.1_y01,1,42,2,44.34125,0.6,1.955,270.0,90.0,10.0,False,False,1.293125,1.293125
202,202,scene_1.1,scene_1.1_y01,1,41,2,43.048125,0.6,1.955,270.0,90.0,10.0,False,False,1.293125,1.293125
203,203,scene_1.1,scene_1.1_y01,1,40,2,41.755,0.6,1.955,270.0,90.0,10.0,True,False,1.293125,1.293125
204,204,scene_1.1,scene_1.1_y01,1,39,2,40.461875,0.6,1.955,270.0,90.0,10.0,False,False,1.293125,1.293125
205,205,scene_1.1,scene_1.1_y01,1,38,2,39.16875,0.6,1.955,270.0,90.0,10.0,False,False,1.293125,1.293125
206,206,scene_1.1,scene_1.1_y01,1,37,2,37.875625,0.6,1.955,270.0,90.0,10.0,False,False,1.293125,1.293125
207,207,scene_1.1,scene_1.1_y01,1,36,2,36.5825,0.6,1.955,270.0,90.0,10.0,True,False,1.293125,1.293125
208,208,scene_1.1,scene_1.1_y01,1,35,2,35.289375,0.6,1.955,270.0,90.0,10.0,False,False,1.293125,1.293125
209,209,scene_1.1,scene_1.1_y01,1,34,2,33.99625,0.6,1.955,270.0,90.0,10.0,False,False,1.293125,1.293125
210,210,scene_1.1,scene_1.1_y01,1,33,2,32.703125,0.6,1.955,270.0,90.0,10.0,False,False,1.293125,1.293125
211,211,scene_1.1,scene_1.1_y01,1,32,2,31.41,0.6,1.955,270.0,90.0,10.0,True,False,1.293125,1.293125
212,212,scene_1.1,scene_1.1_y01,1,31,2,30.116875,0.6,1.955,270.0,90.0,10.0,False,False,1.293125,1.293125
213,213,scene_1.1,scene_1.1_y01,1,30,2,28.82375,0.6,1.955,270.0,90.0,10.0,False,False,1.293125,1.293125
214,214,scene_1.1,scene_1.1_y01,1,29,2,27.530625,0.6,1.955,270.0,90.0,10.0,False,False,1.293125,1.293125
215,215,scene_1.1,scene_1.1_y01,1,28,2,26.2375,0.6,1.955,270.0,90.0,10.0,True,False,1.293125,1.293125
216,216,scene_1.1,scene_1.1_y01,1,27,2,24.944375,0.6,1.955,270.0,90.0,10.0,False,False,1.293125,1.293125
217,217,scene_1.1,scene_1.1_y01,1,26,2,23.65125,0.6,1.955,270.0,90.0,10.0,False,False,1.293125,1.293125
218,218,scene_1.1,scene_1.1_y01,1,25,2,22.358125,0.6,1.955,270.0,90.0,10.0,False,False,1.293125,1.293125
219,219,scene_1.1,scene_1.1_y01,1,24,2,21.065,0.6,1.955,270.0,90.0,10.0,True,False,1.293125,1.293125
220,220,scene_1.1,scene_1.1_y01,1,23,2,19.771875,0.6,1.955,270.0,90.0,10.0,False,False,1.293125,1.293125
221,221,scene_1.1,scene_1.1_y01,1,22,2,18.47875,0.6,1.955,270.0,90.0,10.0,False,False,1.293125,1.293125
222,222,scene_1.1,scene_1.1_y01,1,21,2,17.185625,0.6,1.955,270.0,90.0,10.0,False,False,1.293125,1.293125
223,223,scene_1.1,scene_1.1_y01,1,20,2,15.8925,0.6,1.955,270.0,90.0,10.0,True,False,1.293125,1.293125
224,224,scene_1.1,scene_1.1_y01,1,19,2,14.599375,0.6,1.955,270.0,90.0,10.0,False,False,1.293125,1.293125
225,225,scene_1.1,scene_1.1_y01,1,18,2,13.30625,0.6,1.955,270.0,90.0,10.0,False,False,1.293125,1.293125
226,226,scene_1.1,scene_1.1_y01,1,17,2,12.013125,0.6,1.955,270.0,90.0,10.0,False,False,1.293125,1.293125
227,227,scene_1.1,scene_1.1_y01,1,16,2,10.72,0.6,1.955,270.0,90.0,10.0,True,False,1.293125,1.293125
228,228,scene_1.1,scene_1.1_y01,1,15,2,9.426875,0.6,1.955,270.0,90.0,10.0,False,False,1.293125,1.293125
229,229,scene_1.1,scene_1.1_y01,1,14,2,8.13375,0.6,1.955,270.0,90.0,10.0,False,False,1.293125,1.293125
230,230,scene_1.1,scene_1.1_y01,1,13,2,6.840625,0.6,1.955,270.0,90.0,10.0,False,False,1.293125,1.293125
231,231,scene_1.1,scene_1.1_y01,1,12,2,5.5475,0.6,1.955,270.0,90.0,10.0,True,False,1.293125,1.293125
232,232,scene_1.1,scene_1.1_y01,1,11,2,4.254375,0.6,1.955,270.0,90.0,10.0,False,False,1.293125,1.293125
233,233,scene_1.1,scene_1.1_y01,1,10,2,2.96125,0.6,1.955,270.0,90.0,10.0,False,False,1.293125,1.293125
234,234,scene_1.1,scene_1.1_y01,1,9,2,1.668125,0.6,1.955,270.0,90.0,10.0,False,False,1.293125,1.293125
235,235,scene_1.1,scene_1.1_y01,1,8,2,0.375,0.6,1.955,270.0,90.0,10.0,True,False,1.293125,1.293125
236,236,scene_1.1,scene_1.1_y01,1,7,2,-0.918125,0.6,1.955,270.0,90.0,10.0,False,False,1.293125,1.293125
237,237,scene_1.1,scene_1.1_y01,1,6,2,-2.21125,0.6,1.955,270.0,90.0,10.0,False,False,1.293125,1.293125
238,238,scene_1.1,scene_1.1_y01,1,5,2,-3.504375,0.6,1.955,270.0,90.0,10.0,False,False,1.293125,1.293125
239,239,scene_1.1,scene_1.1_y01,1,4,2,-4.7975,0.6,1.955,270.0,90.0,10.0,True,False,1.293125,1.293125
240,240,scene_1.1,scene_1.1_y01,1,3,2,-6.090625,0.6,1.955,270.0,90.0,10.0,False,False,1.293125,1.293125
241,241,scene_1.1,scene_1.1_y01,1,2,2,-7.38375,0.6,1.955,270.0,90.0,10.0,False,False,1.293125,1.293125
242,242,scene_1.1,scene_1.1_y01,1,1,2,-8.676875,0.6,1.955,270.0,90.0,10.0,False,False,1.293125,1.293125
243,243,scene_1.1,scene_1.1_y01,1,0,2,-9.97,0.6,1.955,180.0,0.0,10.0,True,False,1.293125,1.8825
244,244,scene_1.1,scene_1.1_y01,1,0,1,-9.97,0.6,0.0725,90.0,270.0,10.0,True,False,1.8825,1.293125
245,245,scene_1.1,scene_1.1_y01,1,1,1,-8.676875,0.6,0.0725,90.0,270.0,10.0,False,False,1.293125,1.293125
246,246,scene_1.1,scene_1.1_y01,1,2,1,-7.38375,0.6,0.0725,90.0,270.0,10.0,False,False,1.293125,1.293125
247,247,scene_1.1,scene_1.1_y01,1,3,1,-6.090625,0.6,0.0725,90.0,270.0,10.0,False,False,1.293125,1.293125
248,248,scene_1.1,scene_1.1_y01,1,4,1,-4.7975,0.6,0.0725,90.0,270.0,10.0,True,False,1.293125,1.293125
249,249,scene_1.1,scene_1.1_y01,1,5,1,-3.504375,0.6,0.0725,90.0,270.0,10.0,False,False,1.293125,1.293125
250,250,scene_1.1,scene_1.1_y01,1,6,1,-2.21125,0.6,0.0725,90.0,270.0,10.0,False,False,1.293125,1.293125
251,251,scene_1.1,scene_1.1_y01,1,7,1,-0.918125,0.6,0.0725,90.0,270.0,10.0,False,False,1.293125,1.293125
252,252,scene_1.1,scene_1.1_y01,1,8,1,0.375,0.6,0.0725,90.0,270.0,10.0,True,False,1.293125,1.293125
253,253,scene_1.1,scene_1.1_y01,1,9,1,1.668125,0.6,0.0725,90.0,270.0,10.0,False,False,1.293125,1.293125
254,254,scene_1.1,scene_1.1_y01,1,10,1,2.96125,0.6,0.0725,90.0,270.0,10.0,False,False,1.293125,1.293125
255,255,scene_1.1,scene_1.1_y01,1,11,1,4.254375,0.6,0.0725,90.0,270.0,10.0,False,False,1.293125,1.293125
256,256,scene_1.1,scene_1.1_y01,1,12,1,5.5475,0.6,0.0725,90.0,270.0,10.0,True,False,1.293125,1.293125
257,257,scene_1.1,scene_1.1_y01,1,13,1,6.840625,0.6,0.0725,90.0,270.0,10.0,False,False,1.293125,1.293125
258,258,scene_1.1,scene_1.1_y01,1,14,1,8.13375,0.6,0.0725,90.0,270.0,10.0,False,False,1.293125,1.293125
259,259,scene_1.1,scene_1.1_y01,1,15,1,9.426875,0.6,0.0725,90.0,270.0,10.0,False,False,1.293125,1.293125
260,260,scene_1.1,scene_1.1_y01,1,16,1,10.72,0.6,0.0725,90.0,270.0,10.0,True,False,1.293125,1.293125
261,261,scene_1.1,scene_1.1_y01,1,17,1,12.013125,0.6,0.0725,90.0,270.0,10.0,False,False,1.293125,1.293125
262,262,scene_1.1,scene_1.1_y01,1,18,1,13.30625,0.6,0.0725,90.0,270.0,10.0,False,False,1.293125,1.293125
263,263,scene_1.1,scene_1.1_y01,1,19,1,14.599375,0.6,0.0725,90.0,270.0,10.0,False,False,1.293125,1.293125
264,264,scene_1.1,scene_1.1_y01,1,20,1,15.8925,0.6,0.0725,90.0,270.0,10.0,True,False,1.293125,1.293125
265,265,scene_1.1,scene_1.1_y01,1,21,1,17.185625,0.6,0.0725,90.0,270.0,10.0,False,False,1.293125,1.293125
266,266,scene_1.1,scene_1.1_y01,1,22,1,18.47875,0.6,0.0725,90.0,270.0,10.0,False,False,1.293125,1.293125
267,267,scene_1.1,scene_1.1_y01,1,23,1,19.771875,0.6,0.0725,90.0,270.0,10.0,False,False,1.293125,1.293125
268,268,scene_1.1,scene_1.1_y01,1,24,1,21.065,0.6,0.0725,90.0,270.0,10.0,True,False,1.293125,1.293125
269,269,scene_1.1,scene_1.1_y01,1,25,1,22.358125,0.6,0.0725,90.0,270.0,10.0,False,False,1.293125,1.293125
270,270,scene_1.1,scene_1.1_y01,1,26,1,23.65125,0.6,0.0725,90.0,270.0,10.0,False,False,1.293125,1.293125
271,271,scene_1.1,scene_1.1_y01,1,27,1,24.944375,0.6,0.0725,90.0,270.0,10.0,False,False,1.293125,1.293125
272,272,scene_1.1,scene_1.1_y01,1,28,1,26.2375,0.6,0.0725,90.0,270.0,10.0,True,False,1.293125,1.293125
273,273,scene_1.1,scene_1.1_y01,1,29,1,27.530625,0.6,0.0725,90.0,270.0,10.0,False,False,1.293125,1.293125
274,274,scene_1.1,scene_1.1_y01,1,30,1,28.82375,0.6,0.0725,90.0,270.0,10.0,False,False,1.293125,1.293125
275,275,scene_1.1,scene_1.1_y01,1,31,1,30.116875,0.6,0.0725,90.0,270.0,10.0,False,False,1.293125,1.293125
276,276,scene_1.1,scene_1.1_y01,1,32,1,31.41,0.6,0.0725,90.0,270.0,10.0,True,False,1.293125,1.293125
277,277,scene_1.1,scene_1.1_y01,1,33,1,32.703125,0.6,0.0725,90.0,270.0,10.0,False,False,1.293125,1.293125
278,278,scene_1.1,scene_1.1_y01,1,34,1,33.99625,0.6,0.0725,90.0,270.0,10.0,False,False,1.293125,1.293125
279,279,scene_1.1,scene_1.1_y01,1,35,1,35.289375,0.6,0.0725,90.0,270.0,10.0,False,False,1.293125,1.293125
280,280,scene_1.1,scene_1.1_y01,1,36,1,36.5825,0.6,0.0725,90.0,270.0,10.0,True,False,1.293125,1.293125
281,281,scene_1.1,scene_1.1_y01,1,37,1,37.875625,0.6,0.0725,90.0,270.0,10.0,False,False,1.293125,1.293125
282,282,scene_1.1,scene_1.1_y01,1,38,1,39.16875,0.6,0.0725,90.0,270.0,10.0,False,False,1.293125,1.293125
283,283,scene_1.1,scene_1.1_y01,1,39,1,40.461875,0.6,0.0725,90.0,270.0,10.0,False,False,1.293125,1.293125
284,284,scene_1.1,scene_1.1_y01,1,40,1,41.755,0.6,0.0725,90.0,270.0,10.0,True,False,1.293125,1.293125
285,285,scene_1.1,scene_1.1_y01,1,41,1,43.048125,0.6,0.0725,90.0,270.0,10.0,False,False,1.293125,1.293125
286,286,scene_1.1,scene_1.1_y01,1,42,1,44.34125,0.6,0.0725,90.0,270.0,10.0,False,False,1.293125,1.293125
287,287,scene_1.1,scene_1.1_y01,1,43,1,45.634375,0.6,0.0725,90.0,270.0,10.0,False,False,1.293125,1.293125
288,288,scene_1.1,scene_1.1_y01,1,44,1,46.9275,0.6,0.0725,90.0,270.0,10.0,True,False,1.293125,1.293125
289,289,scene_1.1,scene_1.1_y01,1,45,1,48.220625,0.6,0.0725,90.0,270.0,10.0,False,False,1.293125,1.293125
290,290,scene_1.1,scene_1.1_y01,1,46,1,49.51375,0.6,0.0725,90.0,270.0,10.0,False,False,1.293125,1.293125
291,291,scene_1.1,scene_1.1_y01,1,47,1,50.806875,0.6,0.0725,90.0,270.0,10.0,False,False,1.293125,1.293125
292,292,scene_1.1,scene_1.1_y01,1,48,1,52.1,0.6,0.0725,90.0,270.0,10.0,True,False,1.293125,1.293125
293,293,scene_1.1,scene_1.1_y01,1,49,1,53.393125,0.6,0.0725,90.0,270.0,10.0,False,False,1.293125,1.293125
294,294,scene_1.1,scene_1.1_y01,1,50,1,54.68625,0.6,0.0725,90.0,270.0,10.0,False,False,1.293125,1.293125
295,295,scene_1.1,scene_1.1_y01,1,51,1,55.979375,0.6,0.0725,90.0,270.0,10.0,False,False,1.293125,1.293125
296,296,scene_1.1,scene_1.1_y01,1,52,1,57.2725,0.6,0.0725,90.0,270.0,10.0,True,False,1.293125,1.293125
297,297,scene_1.1,scene_1.1_y01,1,53,1,58.565625,0.6,0.0725,90.0,270.0,10.0,False,False,1.293125,1.293125
298,298,scene_1.1,scene_1.1_y01,1,54,1,59.85875,0.6,0.0725,90.0,270.0,10.0,False,False,1.293125,1.293125
299,299,scene_1.1,scene_1.1_y01,1,55,1,61.151875,0.6,0.0725,90.0,270.0,10.0,False,False,1.293125,1.293125
300,300,scene_1.1,scene_1.1_y01,1,56,1,62.445,0.6,0.0725,90.0,270.0,10.0,True,False,1.293125,1.293125
301,301,scene_1.1,scene_1.1_y01,1,57,1,63.738125,0.6,0.0725,90.0,270.0,10.0,False,False,1.293125,1.293125
302,302,scene_1.1,scene_1.1_y01,1,58,1,65.03125,0.6,0.0725,90.0,270.0,10.0,False,False,1.293125,1.293125
303,303,scene_1.1,scene_1.1_y01,1,59,1,66.324375,0.6,0.0725,90.0,270.0,10.0,False,False,1.293125,1.293125
304,304,scene_1.1,scene_1.1_y01,1,60,1,67.6175,0.6,0.0725,90.0,270.0,10.0,True,False,1.293125,1.293125
305,305,scene_1.1,scene_1.1_y01,1,61,1,68.910625,0.6,0.0725,90.0,270.0,10.0,False,False,1.293125,1.293125
306,306,scene_1.1,scene_1.1_y01,1,62,1,70.20375,0.6,0.0725,90.0,270.0,10.0,False,False,1.293125,1.293125
307,307,scene_1.1,scene_1.1_y01,1,63,1,71.496875,0.6,0.0725,90.0,270.0,10.0,False,False,1.293125,1.293125
308,308,scene_1.1,scene_1.1_y01,1,64,1,72.79,0.6,0.0725,90.0,270.0,10.0,True,False,1.293125,1.293125
309,309,scene_1.1,scene_1.1_y01,1,65,1,74.083125,0.6,0.0725,90.0,270.0,10.0,False,False,1.293125,1.293125
310,310,scene_1.1,scene_1.1_y01,1,66,1,75.37625,0.6,0.0725,90.0,270.0,10.0,False,False,1.293125,1.293125
311,311,scene_1.1,scene_1.1_y01,1,67,1,76.669375,0.6,0.0725,90.0,270.0,10.0,False,False,1.293125,1.293125
312,312,scene_1.1,scene_1.1_y01,1,68,1,77.9625,0.6,0.0725,90.0,270.0,10.0,True,False,1.293125,1.293125
313,313,scene_1.1,scene_1.1_y01,1,69,1,79.255625,0.6,0.0725,90.0,270.0,10.0,False,False,1.293125,1.293125
314,314,scene_1.1,scene_1.1_y01,1,70,1,80.54875,0.6,0.0725,90.0,270.0,10.0,False,False,1.293125,1.293125
315,315,scene_1.1,scene_1.1_y01,1,71,1,81.841875,0.6,0.0725,90.0,270.0,10.0,False,False,1.293125,1.293125
316,316,scene_1.1,scene_1.1_y01,1,72,1,83.135,0.6,0.0725,90.0,270.0,10.0,True,False,1.293125,1.293125
317,317,scene_1.1,scene_1.1_y01,1,73,1,84.428125,0.6,0.0725,90.0,270.0,10.0,False,False,1.293125,1.293125
318,318,scene_1.1,scene_1.1_y01,1,74,1,85.72125,0.6,0.0725,90.0,270.0,10.0,False,False,1.293125,1.293125
319,319,scene_1.1,scene_1.1_y01,1,75,1,87.014375,0.6,0.0725,90.0,270.0,10.0,False,False,1.293125,1.293125
320,320,scene_1.1,scene_1.1_y01,1,76,1,88.3075,0.6,0.0725,90.0,270.0,10.0,True,False,1.293125,1.293125
321,321,scene_1.1,scene_1.1_y01,1,77,1,89.600625,0.6,0.0725,90.0,270.0,10.0,False,False,1.293125,1.293125
322,322,scene_1.1,scene_1.1_y01,1,78,1,90.89375,0.6,0.0725,90.0,270.0,10.0,False,False,1.293125,1.293125
323,323,scene_1.1,scene_1.1_y01,1,79,1,92.186875,0.6,0.0725,90.0,270.0,10.0,False,False,1.293125,1.293125
324,324,scene_1.1,scene_1.1_y01,1,80,1,93.48,0.6,0.0725,180.0,0.0,10.0,True,False,1.293125,1.8825
325,325,scene_1.1,scene_1.1_y01,1,80,0,93.48,0.6,-1.81,270.0,90.0,10.0,True,False,1.8825,1.293125
326,326,scene_1.1,scene_1.1_y01,1,79,0,92.186875,0.6,-1.81,270.0,90.0,10.0,False,False,1.293125,1.293125
327,327,scene_1.1,scene_1.1_y01,1,78,0,90.89375,0.6,-1.81,270.0,90.0,10.0,False,False,1.293125,1.293125
328,328,scene_1.1,scene_1.1_y01,1,77,0,89.600625,0.6,-1.81,270.0,90.0,10.0,False,False,1.293125,1.293125
329,329,scene_1.1,scene_1.1_y01,1,76,0,88.3075,0.6,-1.81,270.0,90.0,10.0,True,False,1.293125,1.293125
330,330,scene_1.1,scene_1.1_y01,1,75,0,87.014375,0.6,-1.81,270.0,90.0,10.0,False,False,1.293125,1.293125
331,331,scene_1.1,scene_1.1_y01,1,74,0,85.72125,0.6,-1.81,270.0,90.0,10.0,False,False,1.293125,1.293125
332,332,scene_1.1,scene_1.1_y01,1,73,0,84.428125,0.6,-1.81,270.0,90.0,10.0,False,False,1.293125,1.293125
333,333,scene_1.1,scene_1.1_y01,1,72,0,83.135,0.6,-1.81,270.0,90.0,10.0,True,False,1.293125,1.293125
334,334,scene_1.1,scene_1.1_y01,1,71,0,81.841875,0.6,-1.81,270.0,90.0,10.0,False,False,1.293125,1.293125
335,335,scene_1.1,scene_1.1_y01,1,70,0,80.54875,0.6,-1.81,270.0,90.0,10.0,False,False,1.293125,1.293125
336,336,scene_1.1,scene_1.1_y01,1,69,0,79.255625,0.6,-1.81,270.0,90.0,10.0,False,False,1.293125,1.293125
337,337,scene_1.1,scene_1.1_y01,1,68,0,77.9625,0.6,-1.81,270.0,90.0,10.0,True,False,1.293125,1.293125
338,338,scene_1.1,scene_1.1_y01,1,67,0,76.669375,0.6,-1.81,270.0,90.0,10.0,False,False,1.293125,1.293125
339,339,scene_1.1,scene_1.1_y01,1,66,0,75.37625,0.6,-1.81,270.0,90.0,10.0,False,False,1.293125,1.293125
340,340,scene_1.1,scene_1.1_y01,1,65,0,74.083125,0.6,-1.81,270.0,90.0,10.0,False,False,1.293125,1.293125
341,341,scene_1.1,scene_1.1_y01,1,64,0,72.79,0.6,-1.81,270.0,90.0,10.0,True,False,1.293125,1.293125
342,342,scene_1.1,scene_1.1_y01,1,63,0,71.496875,0.6,-1.81,270.0,90.0,10.0,False,False,1.293125,1.293125
343,343,scene_1.1,scene_1.1_y01,1,62,0,70.20375,0.6,-1.81,270.0,90.0,10.0,False,False,1.293125,1.293125
344,344,scene_1.1,scene_1.1_y01,1,61,0,68.910625,0.6,-1.81,270.0,90.0,10.0,False,False,1.293125,1.293125
345,345,scene_1.1,scene_1.1_y01,1,60,0,67.6175,0.6,-1.81,270.0,90.0,10.0,True,False,1.293125,1.293125
346,346,scene_1.1,scene_1.1_y01,1,59,0,66.324375,0.6,-1.81,270.0,90.0,10.0,False,False,1.293125,1.293125
347,347,scene_1.1,scene_1.1_y01,1,58,0,65.03125,0.6,-1.81,270.0,90.0,10.0,False,False,1.293125,1.293125
348,348,scene_1.1,scene_1.1_y01,1,57,0,63.738125,0.6,-1.81,270.0,90.0,10.0,False,False,1.293125,1.293125
349,349,scene_1.1,scene_1.1_y01,1,56,0,62.445,0.6,-1.81,270.0,90.0,10.0,True,False,1.293125,1.293125
350,350,scene_1.1,scene_1.1_y01,1,55,0,61.151875,0.6,-1.81,270.0,90.0,10.0,False,False,1.293125,1.293125
351,351,scene_1.1,scene_1.1_y01,1,54,0,59.85875,0.6,-1.81,270.0,90.0,10.0,False,False,1.293125,1.293125
352,352,scene_1.1,scene_1.1_y01,1,53,0,58.565625,0.6,-1.81,270.0,90.0,10.0,False,False,1.293125,1.293125
353,353,scene_1.1,scene_1.1_y01,1,52,0,57.2725,0.6,-1.81,270.0,90.0,10.0,True,False,1.293125,1.293125
354,354,scene_1.1,scene_1.1_y01,1,51,0,55.979375,0.6,-1.81,270.0,90.0,10.0,False,False,1.293125,1.293125
355,355,scene_1.1,scene_1.1_y01,1,50,0,54.68625,0.6,-1.81,270.0,90.0,10.0,False,False,1.293125,1.293125
356,356,scene_1.1,scene_1.1_y01,1,49,0,53.393125,0.6,-1.81,270.0,90.0,10.0,False,False,1.293125,1.293125
357,357,scene_1.1,scene_1.1_y01,1,48,0,52.1,0.6,-1.81,270.0,90.0,10.0,True,False,1.293125,1.293125
358,358,scene_1.1,scene_1.1_y01,1,47,0,50.806875,0.6,-1.81,270.0,90.0,10.0,False,False,1.293125,1.293125
359,359,scene_1.1,scene_1.1_y01,1,46,0,49.51375,0.6,-1.81,270.0,90.0,10.0,False,False,1.293125,1.293125
360,360,scene_1.1,scene_1.1_y01,1,45,0,48.220625,0.6,-1.81,270.0,90.0,10.0,False,False,1.293125,1.293125
361,361,scene_1.1,scene_1.1_y01,1,44,0,46.9275,0.6,-1.81,270.0,90.0,10.0,True,False,1.293125,1.293125
362,362,scene_1.1,scene_1.1_y01,1,43,0,45.634375,0.6,-1.81,270.0,90.0,10.0,False,False,1.293125,1.293125
363,363,scene_1.1,scene_1.1_y01,1,42,0,44.34125,0.6,-1.81,270.0,90.0,10.0,False,False,1.293125,1.293125
364,364,scene_1.1,scene_1.1_y01,1,41,0,43.048125,0.6,-1.81,270.0,90.0,10.0,False,False,1.293125,1.293125
365,365,scene_1.1,scene_1.1_y01,1,40,0,41.755,0.6,-1.81,270.0,90.0,10.0,True,False,1.293125,1.293125
366,366,scene_1.1,scene_1.1_y01,1,39,0,40.461875,0.6,-1.81,270.0,90.0,10.0,False,False,1.293125,1.293125
367,367,scene_1.1,scene_1.1_y01,1,38,0,39.16875,0.6,-1.81,270.0,90.0,10.0,False,False,1.293125,1.293125
368,368,scene_1.1,scene_1.1_y01,1,37,0,37.875625,0.6,-1.81,270.0,90.0,10.0,False,False,1.293125,1.293125
369,369,scene_1.1,scene_1.1_y01,1,36,0,36.5825,0.6,-1.81,270.0,90.0,10.0,True,False,1.293125,1.293125
370,370,scene_1.1,scene_1.1_y01,1,35,0,35.289375,0.6,-1.81,270.0,90.0,10.0,False,False,1.293125,1.293125
371,371,scene_1.1,scene_1.1_y01,1,34,0,33.99625,0.6,-1.81,270.0,90.0,10.0,False,False,1.293125,1.293125
372,372,scene_1.1,scene_1.1_y01,1,33,0,32.703125,0.6,-1.81,270.0,90.0,10.0,False,False,1.293125,1.293125
373,373,scene_1.1,scene_1.1_y01,1,32,0,31.41,0.6,-1.81,270.0,90.0,10.0,True,False,1.293125,1.293125
374,374,scene_1.1,scene_1.1_y01,1,31,0,30.116875,0.6,-1.81,270.0,90.0,10.0,False,False,1.293125,1.293125
375,375,scene_1.1,scene_1.1_y01,1,30,0,28.82375,0.6,-1.81,270.0,90.0,10.0,False,False,1.293125,1.293125
376,376,scene_1.1,scene_1.1_y01,1,29,0,27.530625,0.6,-1.81,270.0,90.0,10.0,False,False,1.293125,1.293125
377,377,scene_1.1,scene_1.1_y01,1,28,0,26.2375,0.6,-1.81,270.0,90.0,10.0,True,False,1.293125,1.293125
378,378,scene_1.1,scene_1.1_y01,1,27,0,24.944375,0.6,-1.81,270.0,90.0,10.0,False,False,1.293125,1.293125
379,379,scene_1.1,scene_1.1_y01,1,26,0,23.65125,0.6,-1.81,270.0,90.0,10.0,False,False,1.293125,1.293125
380,380,scene_1.1,scene_1.1_y01,1,25,0,22.358125,0.6,-1.81,270.0,90.0,10.0,False,False,1.293125,1.293125
381,381,scene_1.1,scene_1.1_y01,1,24,0,21.065,0.6,-1.81,270.0,90.0,10.0,True,False,1.293125,1.293125
382,382,scene_1.1,scene_1.1_y01,1,23,0,19.771875,0.6,-1.81,270.0,90.0,10.0,False,False,1.293125,1.293125
383,383,scene_1.1,scene_1.1_y01,1,22,0,18.47875,0.6,-1.81,270.0,90.0,10.0,False,False,1.293125,1.293125
384,384,scene_1.1,scene_1.1_y01,1,21,0,17.185625,0.6,-1.81,270.0,90.0,10.0,False,False,1.293125,1.293125
385,385,scene_1.1,scene_1.1_y01,1,20,0,15.8925,0.6,-1.81,270.0,90.0,10.0,True,False,1.293125,1.293125
386,386,scene_1.1,scene_1.1_y01,1,19,0,14.599375,0.6,-1.81,270.0,90.0,10.0,False,False,1.293125,1.293125
387,387,scene_1.1,scene_1.1_y01,1,18,0,13.30625,0.6,-1.81,270.0,90.0,10.0,False,False,1.293125,1.293125
388,388,scene_1.1,scene_1.1_y01,1,17,0,12.013125,0.6,-1.81,270.0,90.0,10.0,False,False,1.293125,1.293125
389,389,scene_1.1,scene_1.1_y01,1,16,0,10.72,0.6,-1.81,270.0,90.0,10.0,True,False,1.293125,1.293125
390,390,scene_1.1,scene_1.1_y01,1,15,0,9.426875,0.6,-1.81,270.0,90.0,10.0,False,False,1.293125,1.293125
391,391,scene_1.1,scene_1.1_y01,1,14,0,8.13375,0.6,-1.81,270.0,90.0,10.0,False,False,1.293125,1.293125
392,392,scene_1.1,scene_1.1_y01,1,13,0,6.840625,0.6,-1.81,270.0,90.0,10.0,False,False,1.293125,1.293125
393,393,scene_1.1,scene_1.1_y01,1,12,0,5.5475,0.6,-1.81,270.0,90.0,10.0,True,False,1.293125,1.293125
394,394,scene_1.1,scene_1.1_y01,1,11,0,4.254375,0.6,-1.81,270.0,90.0,10.0,False,False,1.293125,1.293125
395,395,scene_1.1,scene_1.1_y01,1,10,0,2.96125,0.6,-1.81,270.0,90.0,10.0,False,False,1.293125,1.293125
396,396,scene_1.1,scene_1.1_y01,1,9,0,1.668125,0.6,-1.81,270.0,90.0,10.0,False,False,1.293125,1.293125
397,397,scene_1.1,scene_1.1_y01,1,8,0,0.375,0.6,-1.81,270.0,90.0,10.0,True,False,1.293125,1.293125
398,398,scene_1.1,scene_1.1_y01,1,7,0,-0.918125,0.6,-1.81,270.0,90.0,10.0,False,False,1.293125,1.293125
399,399,scene_1.1,scene_1.1_y01,1,6,0,-2.21125,0.6,-1.81,270.0,90.0,10.0,False,False,1.293125,1.293125
400,400,scene_1.1,scene_1.1_y01,1,5,0,-3.504375,0.6,-1.81,270.0,90.0,10.0,False,False,1.293125,1.293125
401,401,scene_1.1,scene_1.1_y01,1,4,0,-4.7975,0.6,-1.81,270.0,90.0,10.0,True,False,1.293125,1.293125
402,402,scene_1.1,scene_1.1_y01,1,3,0,-6.090625,0.6,-1.81,270.0,90.0,10.0,False,False,1.293125,1.293125
403,403,scene_1.1,scene_1.1_y01,1,2,0,-7.38375,0.6,-1.81,270.0,90.0,10.0,False,False,1.293125,1.293125
404,404,scene_1.1,scene_1.1_y01,1,1,0,-8.676875,0.6,-1.81,270.0,90.0,10.0,False,False,1.293125,1.293125
405,405,scene_1.1,scene_1.1_y01,1,0,0,-9.97,0.6,-1.81,270.0,90.0,10.0,True,False,1.293125,0.0
406,1,scene_1.1,scene_1.1_y02,2,0,0,-9.97,1.86,-1.81,90.0,270.0,0.0,True,False,1.26,1.293125
407,2,scene_1.1,scene_1.1_y02,2,1,0,-8.676875,1.86,-1.81,90.0,270.0,0.0,False,False,1.293125,1.293125
408,3,scene_1.1,scene_1.1_y02,2,2,0,-7.38375,1.86,-1.81,90.0,270.0,0.0,False,False,1.293125,1.293125
409,4,scene_1.1,scene_1.1_y02,2,3,0,-6.090625,1.86,-1.81,90.0,270.0,0.0,False,False,1.293125,1.293125
410,5,scene_1.1,scene_1.1_y02,2,4,0,-4.7975,1.86,-1.81,90.0,270.0,0.0,True,False,1.293125,1.293125
411,6,scene_1.1,scene_1.1_y02,2,5,0,-3.504375,1.86,-1.81,90.0,270.0,0.0,False,False,1.293125,1.293125
412,7,scene_1.1,scene_1.1_y02,2,6,0,-2.21125,1.86,-1.81,90.0,270.0,0.0,False,False,1.293125,1.293125
413,8,scene_1.1,scene_1.1_y02,2,7,0,-0.918125,1.86,-1.81,90.0,270.0,0.0,False,False,1.293125,1.293125
414,9,scene_1.1,scene_1.1_y02,2,8,0,0.375,1.86,-1.81,90.0,270.0,0.0,True,False,1.293125,1.293125
415,10,scene_1.1,scene_1.1_y02,2,9,0,1.668125,1.86,-1.81,90.0,270.0,0.0,False,False,1.293125,1.293125
416,11,scene_1.1,scene_1.1_y02,2,10,0,2.96125,1.86,-1.81,90.0,270.0,0.0,False,False,1.293125,1.293125
417,12,scene_1.1,scene_1.1_y02,2,11,0,4.254375,1.86,-1.81,90.0,270.0,0.0,False,False,1.293125,1.293125
418,13,scene_1.1,scene_1.1_y02,2,12,0,5.5475,1.86,-1.81,90.0,270.0,0.0,True,False,1.293125,1.293125
419,14,scene_1.1,scene_1.1_y02,2,13,0,6.840625,1.86,-1.81,90.0,270.0,0.0,False,False,1.293125,1.293125
420,15,scene_1.1,scene_1.1_y02,2,14,0,8.13375,1.86,-1.81,90.0,270.0,0.0,False,False,1.293125,1.293125
421,16,scene_1.1,scene_1.1_y02,2,15,0,9.426875,1.86,-1.81,90.0,270.0,0.0,False,False,1.293125,1.293125
422,17,scene_1.1,scene_1.1_y02,2,16,0,10.72,1.86,-1.81,90.0,270.0,0.0,True,False,1.293125,1.293125
423,18,scene_1.1,scene_1.1_y02,2,17,0,12.013125,1.86,-1.81,90.0,270.0,0.0,False,False,1.293125,1.293125
424,19,scene_1.1,scene_1.1_y02,2,18,0,13.30625,1.86,-1.81,90.0,270.0,0.0,False,False,1.293125,1.293125
425,20,scene_1.1,scene_1.1_y02,2,19,0,14.599375,1.86,-1.81,90.0,270.0,0.0,False,False,1.293125,1.293125
426,21,scene_1.1,scene_1.1_y02,2,20,0,15.8925,1.86,-1.81,90.0,270.0,0.0,True,False,1.293125,1.293125
427,22,scene_1.1,scene_1.1_y02,2,21,0,17.185625,1.86,-1.81,90.0,270.0,0.0,False,False,1.293125,1.293125
428,23,scene_1.1,scene_1.1_y02,2,22,0,18.47875,1.86,-1.81,90.0,270.0,0.0,False,False,1.293125,1.293125
429,24,scene_1.1,scene_1.1_y02,2,23,0,19.771875,1.86,-1.81,90.0,270.0,0.0,False,False,1.293125,1.293125
430,25,scene_1.1,scene_1.1_y02,2,24,0,21.065,1.86,-1.81,90.0,270.0,0.0,True,False,1.293125,1.293125
431,26,scene_1.1,scene_1.1_y02,2,25,0,22.358125,1.86,-1.81,90.0,270.0,0.0,False,False,1.293125,1.293125
432,27,scene_1.1,scene_1.1_y02,2,26,0,23.65125,1.86,-1.81,90.0,270.0,0.0,False,False,1.293125,1.293125
433,28,scene_1.1,scene_1.1_y02,2,27,0,24.944375,1.86,-1.81,90.0,270.0,0.0,False,False,1.293125,1.293125
434,29,scene_1.1,scene_1.1_y02,2,28,0,26.2375,1.86,-1.81,90.0,270.0,0.0,True,False,1.293125,1.293125
435,30,scene_1.1,scene_1.1_y02,2,29,0,27.530625,1.86,-1.81,90.0,270.0,0.0,False,False,1.293125,1.293125
436,31,scene_1.1,scene_1.1_y02,2,30,0,28.82375,1.86,-1.81,90.0,270.0,0.0,False,False,1.293125,1.293125
437,32,scene_1.1,scene_1.1_y02,2,31,0,30.116875,1.86,-1.81,90.0,270.0,0.0,False,False,1.293125,1.293125
438,33,scene_1.1,scene_1.1_y02,2,32,0,31.41,1.86,-1.81,90.0,270.0,0.0,True,False,1.293125,1.293125
439,34,scene_1.1,scene_1.1_y02,2,33,0,32.703125,1.86,-1.81,90.0,270.0,0.0,False,False,1.293125,1.293125
440,35,scene_1.1,scene_1.1_y02,2,34,0,33.99625,1.86,-1.81,90.0,270.0,0.0,False,False,1.293125,1.293125
441,36,scene_1.1,scene_1.1_y02,2,35,0,35.289375,1.86,-1.81,90.0,270.0,0.0,False,False,1.293125,1.293125
442,37,scene_1.1,scene_1.1_y02,2,36,0,36.5825,1.86,-1.81,90.0,270.0,0.0,True,False,1.293125,1.293125
443,38,scene_1.1,scene_1.1_y02,2,37,0,37.875625,1.86,-1.81,90.0,270.0,0.0,False,False,1.293125,1.293125
444,39,scene_1.1,scene_1.1_y02,2,38,0,39.16875,1.86,-1.81,90.0,270.0,0.0,False,False,1.293125,1.293125
445,40,scene_1.1,scene_1.1_y02,2,39,0,40.461875,1.86,-1.81,90.0,270.0,0.0,False,False,1.293125,1.293125
446,41,scene_1.1,scene_1.1_y02,2,40,0,41.755,1.86,-1.81,90.0,270.0,0.0,True,False,1.293125,1.293125
447,42,scene_1.1,scene_1.1_y02,2,41,0,43.048125,1.86,-1.81,90.0,270.0,0.0,False,False,1.293125,1.293125
448,43,scene_1.1,scene_1.1_y02,2,42,0,44.34125,1.86,-1.81,90.0,270.0,0.0,False,False,1.293125,1.293125
449,44,scene_1.1,scene_1.1_y02,2,43,0,45.634375,1.86,-1.81,90.0,270.0,0.0,False,False,1.293125,1.293125
450,45,scene_1.1,scene_1.1_y02,2,44,0,46.9275,1.86,-1.81,90.0,270.0,0.0,True,False,1.293125,1.293125
451,46,scene_1.1,scene_1.1_y02,2,45,0,48.220625,1.86,-1.81,90.0,270.0,0.0,False,False,1.293125,1.293125
452,47,scene_1.1,scene_1.1_y02,2,46,0,49.51375,1.86,-1.81,90.0,270.0,0.0,False,False,1.293125,1.293125
453,48,scene_1.1,scene_1.1_y02,2,47,0,50.806875,1.86,-1.81,90.0,270.0,0.0,False,False,1.293125,1.293125
454,49,scene_1.1,scene_1.1_y02,2,48,0,52.1,1.86,-1.81,90.0,270.0,0.0,True,False,1.293125,1.293125
455,50,scene_1.1,scene_1.1_y02,2,49,0,53.393125,1.86,-1.81,90.0,270.0,0.0,False,False,1.293125,1.293125
456,51,scene_1.1,scene_1.1_y02,2,50,0,54.68625,1.86,-1.81,90.0,270.0,0.0,False,False,1.293125,1.293125
457,52,scene_1.1,scene_1.1_y02,2,51,0,55.979375,1.86,-1.81,90.0,270.0,0.0,False,False,1.293125,1.293125
458,53,scene_1.1,scene_1.1_y02,2,52,0,57.2725,1.86,-1.81,90.0,270.0,0.0,True,False,1.293125,1.293125
459,54,scene_1.1,scene_1.1_y02,2,53,0,58.565625,1.86,-1.81,90.0,270.0,0.0,False,False,1.293125,1.293125
460,55,scene_1.1,scene_1.1_y02,2,54,0,59.85875,1.86,-1.81,90.0,270.0,0.0,False,False,1.293125,1.293125
461,56,scene_1.1,scene_1.1_y02,2,55,0,61.151875,1.86,-1.81,90.0,270.0,0.0,False,False,1.293125,1.293125
462,57,scene_1.1,scene_1.1_y02,2,56,0,62.445,1.86,-1.81,90.0,270.0,0.0,True,False,1.293125,1.293125
463,58,scene_1.1,scene_1.1_y02,2,57,0,63.738125,1.86,-1.81,90.0,270.0,0.0,False,False,1.293125,1.293125
464,59,scene_1.1,scene_1.1_y02,2,58,0,65.03125,1.86,-1.81,90.0,270.0,0.0,False,False,1.293125,1.293125
465,60,scene_1.1,scene_1.1_y02,2,59,0,66.324375,1.86,-1.81,90.0,270.0,0.0,False,False,1.293125,1.293125
466,61,scene_1.1,scene_1.1_y02,2,60,0,67.6175,1.86,-1.81,90.0,270.0,0.0,True,False,1.293125,1.293125
467,62,scene_1.1,scene_1.1_y02,2,61,0,68.910625,1.86,-1.81,90.0,270.0,0.0,False,False,1.293125,1.293125
468,63,scene_1.1,scene_1.1_y02,2,62,0,70.20375,1.86,-1.81,90.0,270.0,0.0,False,False,1.293125,1.293125
469,64,scene_1.1,scene_1.1_y02,2,63,0,71.496875,1.86,-1.81,90.0,270.0,0.0,False,False,1.293125,1.293125
470,65,scene_1.1,scene_1.1_y02,2,64,0,72.79,1.86,-1.81,90.0,270.0,0.0,True,False,1.293125,1.293125
471,66,scene_1.1,scene_1.1_y02,2,65,0,74.083125,1.86,-1.81,90.0,270.0,0.0,False,False,1.293125,1.293125
472,67,scene_1.1,scene_1.1_y02,2,66,0,75.37625,1.86,-1.81,90.0,270.0,0.0,False,False,1.293125,1.293125
473,68,scene_1.1,scene_1.1_y02,2,67,0,76.669375,1.86,-1.81,90.0,270.0,0.0,False,False,1.293125,1.293125
474,69,scene_1.1,scene_1.1_y02,2,68,0,77.9625,1.86,-1.81,90.0,270.0,0.0,True,False,1.293125,1.293125
475,70,scene_1.1,scene_1.1_y02,2,69,0,79.255625,1.86,-1.81,90.0,270.0,0.0,False,False,1.293125,1.293125
476,71,scene_1.1,scene_1.1_y02,2,70,0,80.54875,1.86,-1.81,90.0,270.0,0.0,False,False,1.293125,1.293125
477,72,scene_1.1,scene_1.1_y02,2,71,0,81.841875,1.86,-1.81,90.0,270.0,0.0,False,False,1.293125,1.293125
478,73,scene_1.1,scene_1.1_y02,2,72,0,83.135,1.86,-1.81,90.0,270.0,0.0,True,False,1.293125,1.293125
479,74,scene_1.1,scene_1.1_y02,2,73,0,84.428125,1.86,-1.81,90.0,270.0,0.0,False,False,1.293125,1.293125
480,75,scene_1.1,scene_1.1_y02,2,74,0,85.72125,1.86,-1.81,90.0,270.0,0.0,False,False,1.293125,1.293125
481,76,scene_1.1,scene_1.1_y02,2,75,0,87.014375,1.86,-1.81,90.0,270.0,0.0,False,False,1.293125,1.293125
482,77,scene_1.1,scene_1.1_y02,2,76,0,88.3075,1.86,-1.81,90.0,270.0,0.0,True,False,1.293125,1.293125
483,78,scene_1.1,scene_1.1_y02,2,77,0,89.600625,1.86,-1.81,90.0,270.0,0.0,False,False,1.293125,1.293125
484,79,scene_1.1,scene_1.1_y02,2,78,0,90.89375,1.86,-1.81,90.0,270.0,0.0,False,False,1.293125,1.293125
485,80,scene_1.1,scene_1.1_y02,2,79,0,92.186875,1.86,-1.81,90.0,270.0,0.0,False,False,1.293125,1.293125
486,81,scene_1.1,scene_1.1_y02,2,80,0,93.48,1.86,-1.81,0.0,180.0,0.0,True,False,1.293125,1.8825
487,82,scene_1.1,scene_1.1_y02,2,80,1,93.48,1.86,0.0725,270.0,90.0,0.0,True,False,1.8825,1.293125
488,83,scene_1.1,scene_1.1_y02,2,79,1,92.186875,1.86,0.0725,270.0,90.0,0.0,False,False,1.293125,1.293125
489,84,scene_1.1,scene_1.1_y02,2,78,1,90.89375,1.86,0.0725,270.0,90.0,0.0,False,False,1.293125,1.293125
490,85,scene_1.1,scene_1.1_y02,2,77,1,89.600625,1.86,0.0725,270.0,90.0,0.0,False,False,1.293125,1.293125
491,86,scene_1.1,scene_1.1_y02,2,76,1,88.3075,1.86,0.0725,270.0,90.0,0.0,True,False,1.293125,1.293125
492,87,scene_1.1,scene_1.1_y02,2,75,1,87.014375,1.86,0.0725,270.0,90.0,0.0,False,False,1.293125,1.293125
493,88,scene_1.1,scene_1.1_y02,2,74,1,85.72125,1.86,0.0725,270.0,90.0,0.0,False,False,1.293125,1.293125
494,89,scene_1.1,scene_1.1_y02,2,73,1,84.428125,1.86,0.0725,270.0,90.0,0.0,False,False,1.293125,1.293125
495,90,scene_1.1,scene_1.1_y02,2,72,1,83.135,1.86,0.0725,270.0,90.0,0.0,True,False,1.293125,1.293125
496,91,scene_1.1,scene_1.1_y02,2,71,1,81.841875,1.86,0.0725,270.0,90.0,0.0,False,False,1.293125,1.293125
497,92,scene_1.1,scene_1.1_y02,2,70,1,80.54875,1.86,0.0725,270.0,90.0,0.0,False,False,1.293125,1.293125
498,93,scene_1.1,scene_1.1_y02,2,69,1,79.255625,1.86,0.0725,270.0,90.0,0.0,False,False,1.293125,1.293125
499,94,scene_1.1,scene_1.1_y02,2,68,1,77.9625,1.86,0.0725,270.0,90.0,0.0,True,False,1.293125,1.293125
500,95,scene_1.1,scene_1.1_y02,2,67,1,76.669375,1.86,0.0725,270.0,90.0,0.0,False,False,1.293125,1.293125
501,96,scene_1.1,scene_1.1_y02,2,66,1,75.37625,1.86,0.0725,270.0,90.0,0.0,False,False,1.293125,1.293125
502,97,scene_1.1,scene_1.1_y02,2,65,1,74.083125,1.86,0.0725,270.0,90.0,0.0,False,False,1.293125,1.293125
503,98,scene_1.1,scene_1.1_y02,2,64,1,72.79,1.86,0.0725,270.0,90.0,0.0,True,False,1.293125,1.293125
504,99,scene_1.1,scene_1.1_y02,2,63,1,71.496875,1.86,0.0725,270.0,90.0,0.0,False,False,1.293125,1.293125
505,100,scene_1.1,scene_1.1_y02,2,62,1,70.20375,1.86,0.0725,270.0,90.0,0.0,False,False,1.293125,1.293125
506,101,scene_1.1,scene_1.1_y02,2,61,1,68.910625,1.86,0.0725,270.0,90.0,0.0,False,False,1.293125,1.293125
507,102,scene_1.1,scene_1.1_y02,2,60,1,67.6175,1.86,0.0725,270.0,90.0,0.0,True,False,1.293125,1.293125
508,103,scene_1.1,scene_1.1_y02,2,59,1,66.324375,1.86,0.0725,270.0,90.0,0.0,False,False,1.293125,1.293125
509,104,scene_1.1,scene_1.1_y02,2,58,1,65.03125,1.86,0.0725,270.0,90.0,0.0,False,False,1.293125,1.293125
510,105,scene_1.1,scene_1.1_y02,2,57,1,63.738125,1.86,0.0725,270.0,90.0,0.0,False,False,1.293125,1.293125
511,106,scene_1.1,scene_1.1_y02,2,56,1,62.445,1.86,0.0725,270.0,90.0,0.0,True,False,1.293125,1.293125
512,107,scene_1.1,scene_1.1_y02,2,55,1,61.151875,1.86,0.0725,270.0,90.0,0.0,False,False,1.293125,1.293125
513,108,scene_1.1,scene_1.1_y02,2,54,1,59.85875,1.86,0.0725,270.0,90.0,0.0,False,False,1.293125,1.293125
514,109,scene_1.1,scene_1.1_y02,2,53,1,58.565625,1.86,0.0725,270.0,90.0,0.0,False,False,1.293125,1.293125
515,110,scene_1.1,scene_1.1_y02,2,52,1,57.2725,1.86,0.0725,270.0,90.0,0.0,True,False,1.293125,1.293125
516,111,scene_1.1,scene_1.1_y02,2,51,1,55.979375,1.86,0.0725,270.0,90.0,0.0,False,False,1.293125,1.293125
517,112,scene_1.1,scene_1.1_y02,2,50,1,54.68625,1.86,0.0725,270.0,90.0,0.0,False,False,1.293125,1.293125
518,113,scene_1.1,scene_1.1_y02,2,49,1,53.393125,1.86,0.0725,270.0,90.0,0.0,False,False,1.293125,1.293125
519,114,scene_1.1,scene_1.1_y02,2,48,1,52.1,1.86,0.0725,270.0,90.0,0.0,True,False,1.293125,1.293125
520,115,scene_1.1,scene_1.1_y02,2,47,1,50.806875,1.86,0.0725,270.0,90.0,0.0,False,False,1.293125,1.293125
521,116,scene_1.1,scene_1.1_y02,2,46,1,49.51375,1.86,0.0725,270.0,90.0,0.0,False,False,1.293125,1.293125
522,117,scene_1.1,scene_1.1_y02,2,45,1,48.220625,1.86,0.0725,270.0,90.0,0.0,False,False,1.293125,1.293125
523,118,scene_1.1,scene_1.1_y02,2,44,1,46.9275,1.86,0.0725,270.0,90.0,0.0,True,False,1.293125,1.293125
524,119,scene_1.1,scene_1.1_y02,2,43,1,45.634375,1.86,0.0725,270.0,90.0,0.0,False,False,1.293125,1.293125
525,120,scene_1.1,scene_1.1_y02,2,42,1,44.34125,1.86,0.0725,270.0,90.0,0.0,False,False,1.293125,1.293125
526,121,scene_1.1,scene_1.1_y02,2,41,1,43.048125,1.86,0.0725,270.0,90.0,0.0,False,False,1.293125,1.293125
527,122,scene_1.1,scene_1.1_y02,2,40,1,41.755,1.86,0.0725,270.0,90.0,0.0,True,False,1.293125,1.293125
528,123,scene_1.1,scene_1.1_y02,2,39,1,40.461875,1.86,0.0725,270.0,90.0,0.0,False,False,1.293125,1.293125
529,124,scene_1.1,scene_1.1_y02,2,38,1,39.16875,1.86,0.0725,270.0,90.0,0.0,False,False,1.293125,1.293125
530,125,scene_1.1,scene_1.1_y02,2,37,1,37.875625,1.86,0.0725,270.0,90.0,0.0,False,False,1.293125,1.293125
531,126,scene_1.1,scene_1.1_y02,2,36,1,36.5825,1.86,0.0725,270.0,90.0,0.0,True,False,1.293125,1.293125
532,127,scene_1.1,scene_1.1_y02,2,35,1,35.289375,1.86,0.0725,270.0,90.0,0.0,False,False,1.293125,1.293125
533,128,scene_1.1,scene_1.1_y02,2,34,1,33.99625,1.86,0.0725,270.0,90.0,0.0,False,False,1.293125,1.293125
534,129,scene_1.1,scene_1.1_y02,2,33,1,32.703125,1.86,0.0725,270.0,90.0,0.0,False,False,1.293125,1.293125
535,130,scene_1.1,scene_1.1_y02,2,32,1,31.41,1.86,0.0725,270.0,90.0,0.0,True,False,1.293125,1.293125
536,131,scene_1.1,scene_1.1_y02,2,31,1,30.116875,1.86,0.0725,270.0,90.0,0.0,False,False,1.293125,1.293125
537,132,scene_1.1,scene_1.1_y02,2,30,1,28.82375,1.86,0.0725,270.0,90.0,0.0,False,False,1.293125,1.293125
538,133,scene_1.1,scene_1.1_y02,2,29,1,27.530625,1.86,0.0725,270.0,90.0,0.0,False,False,1.293125,1.293125
539,134,scene_1.1,scene_1.1_y02,2,28,1,26.2375,1.86,0.0725,270.0,90.0,0.0,True,False,1.293125,1.293125
540,135,scene_1.1,scene_1.1_y02,2,27,1,24.944375,1.86,0.0725,270.0,90.0,0.0,False,False,1.293125,1.293125
541,136,scene_1.1,scene_1.1_y02,2,26,1,23.65125,1.86,0.0725,270.0,90.0,0.0,False,False,1.293125,1.293125
542,137,scene_1.1,scene_1.1_y02,2,25,1,22.358125,1.86,0.0725,270.0,90.0,0.0,False,False,1.293125,1.293125
543,138,scene_1.1,scene_1.1_y02,2,24,1,21.065,1.86,0.0725,270.0,90.0,0.0,True,False,1.293125,1.293125
544,139,scene_1.1,scene_1.1_y02,2,23,1,19.771875,1.86,0.0725,270.0,90.0,0.0,False,False,1.293125,1.293125
545,140,scene_1.1,scene_1.1_y02,2,22,1,18.47875,1.86,0.0725,270.0,90.0,0.0,False,False,1.293125,1.293125
546,141,scene_1.1,scene_1.1_y02,2,21,1,17.185625,1.86,0.0725,270.0,90.0,0.0,False,False,1.293125,1.293125
547,142,scene_1.1,scene_1.1_y02,2,20,1,15.8925,1.86,0.0725,270.0,90.0,0.0,True,False,1.293125,1.293125
548,143,scene_1.1,scene_1.1_y02,2,19,1,14.599375,1.86,0.0725,270.0,90.0,0.0,False,False,1.293125,1.293125
549,144,scene_1.1,scene_1.1_y02,2,18,1,13.30625,1.86,0.0725,270.0,90.0,0.0,False,False,1.293125,1.293125
550,145,scene_1.1,scene_1.1_y02,2,17,1,12.013125,1.86,0.0725,270.0,90.0,0.0,False,False,1.293125,1.293125
551,146,scene_1.1,scene_1.1_y02,2,16,1,10.72,1.86,0.0725,270.0,90.0,0.0,True,False,1.293125,1.293125
552,147,scene_1.1,scene_1.1_y02,2,15,1,9.426875,1.86,0.0725,270.0,90.0,0.0,False,False,1.293125,1.293125
553,148,scene_1.1,scene_1.1_y02,2,14,1,8.13375,1.86,0.0725,270.0,90.0,0.0,False,False,1.293125,1.293125
554,149,scene_1.1,scene_1.1_y02,2,13,1,6.840625,1.86,0.0725,270.0,90.0,0.0,False,False,1.293125,1.293125
555,150,scene_1.1,scene_1.1_y02,2,12,1,5.5475,1.86,0.0725,270.0,90.0,0.0,True,False,1.293125,1.293125
556,151,scene_1.1,scene_1.1_y02,2,11,1,4.254375,1.86,0.0725,270.0,90.0,0.0,False,False,1.293125,1.293125
557,152,scene_1.1,scene_1.1_y02,2,10,1,2.96125,1.86,0.0725,270.0,90.0,0.0,False,False,1.293125,1.293125
558,153,scene_1.1,scene_1.1_y02,2,9,1,1.668125,1.86,0.0725,270.0,90.0,0.0,False,False,1.293125,1.293125
559,154,scene_1.1,scene_1.1_y02,2,8,1,0.375,1.86,0.0725,270.0,90.0,0.0,True,False,1.293125,1.293125
560,155,scene_1.1,scene_1.1_y02,2,7,1,-0.918125,1.86,0.0725,270.0,90.0,0.0,False,False,1.293125,1.293125
561,156,scene_1.1,scene_1.1_y02,2,6,1,-2.21125,1.86,0.0725,270.0,90.0,0.0,False,False,1.293125,1.293125
562,157,scene_1.1,scene_1.1_y02,2,5,1,-3.504375,1.86,0.0725,270.0,90.0,0.0,False,False,1.293125,1.293125
563,158,scene_1.1,scene_1.1_y02,2,4,1,-4.7975,1.86,0.0725,270.0,90.0,0.0,True,False,1.293125,1.293125
564,159,scene_1.1,scene_1.1_y02,2,3,1,-6.090625,1.86,0.0725,270.0,90.0,0.0,False,False,1.293125,1.293125
565,160,scene_1.1,scene_1.1_y02,2,2,1,-7.38375,1.86,0.0725,270.0,90.0,0.0,False,False,1.293125,1.293125
566,161,scene_1.1,scene_1.1_y02,2,1,1,-8.676875,1.86,0.0725,270.0,90.0,0.0,False,False,1.293125,1.293125
567,162,scene_1.1,scene_1.1_y02,2,0,1,-9.97,1.86,0.0725,0.0,180.0,0.0,True,False,1.293125,1.8825
568,163,scene_1.1,scene_1.1_y02,2,0,2,-9.97,1.86,1.955,90.0,270.0,0.0,True,False,1.8825,1.293125
569,164,scene_1.1,scene_1.1_y02,2,1,2,-8.676875,1.86,1.955,90.0,270.0,0.0,False,False,1.293125,1.293125
570,165,scene_1.1,scene_1.1_y02,2,2,2,-7.38375,1.86,1.955,90.0,270.0,0.0,False,False,1.293125,1.293125
571,166,scene_1.1,scene_1.1_y02,2,3,2,-6.090625,1.86,1.955,90.0,270.0,0.0,False,False,1.293125,1.293125
572,167,scene_1.1,scene_1.1_y02,2,4,2,-4.7975,1.86,1.955,90.0,270.0,0.0,True,False,1.293125,1.293125
573,168,scene_1.1,scene_1.1_y02,2,5,2,-3.504375,1.86,1.955,90.0,270.0,0.0,False,False,1.293125,1.293125
574,169,scene_1.1,scene_1.1_y02,2,6,2,-2.21125,1.86,1.955,90.0,270.0,0.0,False,False,1.293125,1.293125
575,170,scene_1.1,scene_1.1_y02,2,7,2,-0.918125,1.86,1.955,90.0,270.0,0.0,False,False,1.293125,1.293125
576,171,scene_1.1,scene_1.1_y02,2,8,2,0.375,1.86,1.955,90.0,270.0,0.0,True,False,1.293125,1.293125
577,172,scene_1.1,scene_1.1_y02,2,9,2,1.668125,1.86,1.955,90.0,270.0,0.0,False,False,1.293125,1.293125
578,173,scene_1.1,scene_1.1_y02,2,10,2,2.96125,1.86,1.955,90.0,270.0,0.0,False,False,1.293125,1.293125
579,174,scene_1.1,scene_1.1_y02,2,11,2,4.254375,1.86,1.955,90.0,270.0,0.0,False,False,1.293125,1.293125
580,175,scene_1.1,scene_1.1_y02,2,12,2,5.5475,1.86,1.955,90.0,270.0,0.0,True,False,1.293125,1.293125
581,176,scene_1.1,scene_1.1_y02,2,13,2,6.840625,1.86,1.955,90.0,270.0,0.0,False,False,1.293125,1.293125
582,177,scene_1.1,scene_1.1_y02,2,14,2,8.13375,1.86,1.955,90.0,270.0,0.0,False,False,1.293125,1.293125
583,178,scene_1.1,scene_1.1_y02,2,15,2,9.426875,1.86,1.955,90.0,270.0,0.0,False,False,1.293125,1.293125
584,179,scene_1.1,scene_1.1_y02,2,16,2,10.72,1.86,1.955,90.0,270.0,0.0,True,False,1.293125,1.293125
585,180,scene_1.1,scene_1.1_y02,2,17,2,12.013125,1.86,1.955,90.0,270.0,0.0,False,False,1.293125,1.293125
586,181,scene_1.1,scene_1.1_y02,2,18,2,13.30625,1.86,1.955,90.0,270.0,0.0,False,False,1.293125,1.293125
587,182,scene_1.1,scene_1.1_y02,2,19,2,14.599375,1.86,1.955,90.0,270.0,0.0,False,False,1.293125,1.293125
588,183,scene_1.1,scene_1.1_y02,2,20,2,15.8925,1.86,1.955,90.0,270.0,0.0,True,False,1.293125,1.293125
589,184,scene_1.1,scene_1.1_y02,2,21,2,17.185625,1.86,1.955,90.0,270.0,0.0,False,False,1.293125,1.293125
590,185,scene_1.1,scene_1.1_y02,2,22,2,18.47875,1.86,1.955,90.0,270.0,0.0,False,False,1.293125,1.293125
591,186,scene_1.1,scene_1.1_y02,2,23,2,19.771875,1.86,1.955,90.0,270.0,0.0,False,False,1.293125,1.293125
592,187,scene_1.1,scene_1.1_y02,2,24,2,21.065,1.86,1.955,90.0,270.0,0.0,True,False,1.293125,1.293125
593,188,scene_1.1,scene_1.1_y02,2,25,2,22.358125,1.86,1.955,90.0,270.0,0.0,False,False,1.293125,1.293125
594,189,scene_1.1,scene_1.1_y02,2,26,2,23.65125,1.86,1.955,90.0,270.0,0.0,False,False,1.293125,1.293125
595,190,scene_1.1,scene_1.1_y02,2,27,2,24.944375,1.86,1.955,90.0,270.0,0.0,False,False,1.293125,1.293125
596,191,scene_1.1,scene_1.1_y02,2,28,2,26.2375,1.86,1.955,90.0,270.0,0.0,True,False,1.293125,1.293125
597,192,scene_1.1,scene_1.1_y02,2,29,2,27.530625,1.86,1.955,90.0,270.0,0.0,False,False,1.293125,1.293125
598,193,scene_1.1,scene_1.1_y02,2,30,2,28.82375,1.86,1.955,90.0,270.0,0.0,False,False,1.293125,1.293125
599,194,scene_1.1,scene_1.1_y02,2,31,2,30.116875,1.86,1.955,90.0,270.0,0.0,False,False,1.293125,1.293125
600,195,scene_1.1,scene_1.1_y02,2,32,2,31.41,1.86,1.955,90.0,270.0,0.0,True,False,1.293125,1.293125
601,196,scene_1.1,scene_1.1_y02,2,33,2,32.703125,1.86,1.955,90.0,270.0,0.0,False,False,1.293125,1.293125
602,197,scene_1.1,scene_1.1_y02,2,34,2,33.99625,1.86,1.955,90.0,270.0,0.0,False,False,1.293125,1.293125
603,198,scene_1.1,scene_1.1_y02,2,35,2,35.289375,1.86,1.955,90.0,270.0,0.0,False,False,1.293125,1.293125
604,199,scene_1.1,scene_1.1_y02,2,36,2,36.5825,1.86,1.955,90.0,270.0,0.0,True,False,1.293125,1.293125
605,200,scene_1.1,scene_1.1_y02,2,37,2,37.875625,1.86,1.955,90.0,270.0,0.0,False,False,1.293125,1.293125
606,201,scene_1.1,scene_1.1_y02,2,38,2,39.16875,1.86,1.955,90.0,270.0,0.0,False,False,1.293125,1.293125
607,202,scene_1.1,scene_1.1_y02,2,39,2,40.461875,1.86,1.955,90.0,270.0,0.0,False,False,1.293125,1.293125
608,203,scene_1.1,scene_1.1_y02,2,40,2,41.755,1.86,1.955,90.0,270.0,0.0,True,False,1.293125,1.293125
609,204,scene_1.1,scene_1.1_y02,2,41,2,43.048125,1.86,1.955,90.0,270.0,0.0,False,False,1.293125,1.293125
610,205,scene_1.1,scene_1.1_y02,2,42,2,44.34125,1.86,1.955,90.0,270.0,0.0,False,False,1.293125,1.293125
611,206,scene_1.1,scene_1.1_y02,2,43,2,45.634375,1.86,1.955,90.0,270.0,0.0,False,False,1.293125,1.293125
612,207,scene_1.1,scene_1.1_y02,2,44,2,46.9275,1.86,1.955,90.0,270.0,0.0,True,False,1.293125,1.293125
613,208,scene_1.1,scene_1.1_y02,2,45,2,48.220625,1.86,1.955,90.0,270.0,0.0,False,False,1.293125,1.293125
614,209,scene_1.1,scene_1.1_y02,2,46,2,49.51375,1.86,1.955,90.0,270.0,0.0,False,False,1.293125,1.293125
615,210,scene_1.1,scene_1.1_y02,2,47,2,50.806875,1.86,1.955,90.0,270.0,0.0,False,False,1.293125,1.293125
616,211,scene_1.1,scene_1.1_y02,2,48,2,52.1,1.86,1.955,90.0,270.0,0.0,True,False,1.293125,1.293125
617,212,scene_1.1,scene_1.1_y02,2,49,2,53.393125,1.86,1.955,90.0,270.0,0.0,False,False,1.293125,1.293125
618,213,scene_1.1,scene_1.1_y02,2,50,2,54.68625,1.86,1.955,90.0,270.0,0.0,False,False,1.293125,1.293125
619,214,scene_1.1,scene_1.1_y02,2,51,2,55.979375,1.86,1.955,90.0,270.0,0.0,False,False,1.293125,1.293125
620,215,scene_1.1,scene_1.1_y02,2,52,2,57.2725,1.86,1.955,90.0,270.0,0.0,True,False,1.293125,1.293125
621,216,scene_1.1,scene_1.1_y02,2,53,2,58.565625,1.86,1.955,90.0,270.0,0.0,False,False,1.293125,1.293125
622,217,scene_1.1,scene_1.1_y02,2,54,2,59.85875,1.86,1.955,90.0,270.0,0.0,False,False,1.293125,1.293125
623,218,scene_1.1,scene_1.1_y02,2,55,2,61.151875,1.86,1.955,90.0,270.0,0.0,False,False,1.293125,1.293125
624,219,scene_1.1,scene_1.1_y02,2,56,2,62.445,1.86,1.955,90.0,270.0,0.0,True,False,1.293125,1.293125
625,220,scene_1.1,scene_1.1_y02,2,57,2,63.738125,1.86,1.955,90.0,270.0,0.0,False,False,1.293125,1.293125
626,221,scene_1.1,scene_1.1_y02,2,58,2,65.03125,1.86,1.955,90.0,270.0,0.0,False,False,1.293125,1.293125
627,222,scene_1.1,scene_1.1_y02,2,59,2,66.324375,1.86,1.955,90.0,270.0,0.0,False,False,1.293125,1.293125
628,223,scene_1.1,scene_1.1_y02,2,60,2,67.6175,1.86,1.955,90.0,270.0,0.0,True,False,1.293125,1.293125
629,224,scene_1.1,scene_1.1_y02,2,61,2,68.910625,1.86,1.955,90.0,270.0,0.0,False,False,1.293125,1.293125
630,225,scene_1.1,scene_1.1_y02,2,62,2,70.20375,1.86,1.955,90.0,270.0,0.0,False,False,1.293125,1.293125
631,226,scene_1.1,scene_1.1_y02,2,63,2,71.496875,1.86,1.955,90.0,270.0,0.0,False,False,1.293125,1.293125
632,227,scene_1.1,scene_1.1_y02,2,64,2,72.79,1.86,1.955,90.0,270.0,0.0,True,False,1.293125,1.293125
633,228,scene_1.1,scene_1.1_y02,2,65,2,74.083125,1.86,1.955,90.0,270.0,0.0,False,False,1.293125,1.293125
634,229,scene_1.1,scene_1.1_y02,2,66,2,75.37625,1.86,1.955,90.0,270.0,0.0,False,False,1.293125,1.293125
635,230,scene_1.1,scene_1.1_y02,2,67,2,76.669375,1.86,1.955,90.0,270.0,0.0,False,False,1.293125,1.293125
636,231,scene_1.1,scene_1.1_y02,2,68,2,77.9625,1.86,1.955,90.0,270.0,0.0,True,False,1.293125,1.293125
637,232,scene_1.1,scene_1.1_y02,2,69,2,79.255625,1.86,1.955,90.0,270.0,0.0,False,False,1.293125,1.293125
638,233,scene_1.1,scene_1.1_y02,2,70,2,80.54875,1.86,1.955,90.0,270.0,0.0,False,False,1.293125,1.293125
639,234,scene_1.1,scene_1.1_y02,2,71,2,81.841875,1.86,1.955,90.0,270.0,0.0,False,False,1.293125,1.293125
640,235,scene_1.1,scene_1.1_y02,2,72,2,83.135,1.86,1.955,90.0,270.0,0.0,True,False,1.293125,1.293125
641,236,scene_1.1,scene_1.1_y02,2,73,2,84.428125,1.86,1.955,90.0,270.0,0.0,False,False,1.293125,1.293125
642,237,scene_1.1,scene_1.1_y02,2,74,2,85.72125,1.86,1.955,90.0,270.0,0.0,False,False,1.293125,1.293125
643,238,scene_1.1,scene_1.1_y02,2,75,2,87.014375,1.86,1.955,90.0,270.0,0.0,False,False,1.293125,1.293125
644,239,scene_1.1,scene_1.1_y02,2,76,2,88.3075,1.86,1.955,90.0,270.0,0.0,True,False,1.293125,1.293125
645,240,scene_1.1,scene_1.1_y02,2,77,2,89.600625,1.86,1.955,90.0,270.0,0.0,False,False,1.293125,1.293125
646,241,scene_1.1,scene_1.1_y02,2,78,2,90.89375,1.86,1.955,90.0,270.0,0.0,False,False,1.293125,1.293125
647,242,scene_1.1,scene_1.1_y02,2,79,2,92.186875,1.86,1.955,90.0,270.0,0.0,False,False,1.293125,1.293125
648,243,scene_1.1,scene_1.1_y02,2,80,2,93.48,1.86,1.955,0.0,180.0,0.0,True,False,1.293125,1.8825
649,244,scene_1.1,scene_1.1_y02,2,80,3,93.48,1.86,3.8375,270.0,90.0,0.0,True,False,1.8825,1.293125
650,245,scene_1.1,scene_1.1_y02,2,79,3,92.186875,1.86,3.8375,270.0,90.0,0.0,False,False,1.293125,1.293125
651,246,scene_1.1,scene_1.1_y02,2,78,3,90.89375,1.86,3.8375,270.0,90.0,0.0,False,False,1.293125,1.293125
652,247,scene_1.1,scene_1.1_y02,2,77,3,89.600625,1.86,3.8375,270.0,90.0,0.0,False,False,1.293125,1.293125
653,248,scene_1.1,scene_1.1_y02,2,76,3,88.3075,1.86,3.8375,270.0,90.0,0.0,True,False,1.293125,1.293125
654,249,scene_1.1,scene_1.1_y02,2,75,3,87.014375,1.86,3.8375,270.0,90.0,0.0,False,False,1.293125,1.293125
655,250,scene_1.1,scene_1.1_y02,2,74,3,85.72125,1.86,3.8375,270.0,90.0,0.0,False,False,1.293125,1.293125
656,251,scene_1.1,scene_1.1_y02,2,73,3,84.428125,1.86,3.8375,270.0,90.0,0.0,False,False,1.293125,1.293125
657,252,scene_1.1,scene_1.1_y02,2,72,3,83.135,1.86,3.8375,270.0,90.0,0.0,True,False,1.293125,1.293125
658,253,scene_1.1,scene_1.1_y02,2,71,3,81.841875,1.86,3.8375,270.0,90.0,0.0,False,False,1.293125,1.293125
659,254,scene_1.1,scene_1.1_y02,2,70,3,80.54875,1.86,3.8375,270.0,90.0,0.0,False,False,1.293125,1.293125
660,255,scene_1.1,scene_1.1_y02,2,69,3,79.255625,1.86,3.8375,270.0,90.0,0.0,False,False,1.293125,1.293125
661,256,scene_1.1,scene_1.1_y02,2,68,3,77.9625,1.86,3.8375,270.0,90.0,0.0,True,False,1.293125,1.293125
662,257,scene_1.1,scene_1.1_y02,2,67,3,76.669375,1.86,3.8375,270.0,90.0,0.0,False,False,1.293125,1.293125
663,258,scene_1.1,scene_1.1_y02,2,66,3,75.37625,1.86,3.8375,270.0,90.0,0.0,False,False,1.293125,1.293125
664,259,scene_1.1,scene_1.1_y02,2,65,3,74.083125,1.86,3.8375,270.0,90.0,0.0,False,False,1.293125,1.293125
665,260,scene_1.1,scene_1.1_y02,2,64,3,72.79,1.86,3.8375,270.0,90.0,0.0,True,False,1.293125,1.293125
666,261,scene_1.1,scene_1.1_y02,2,63,3,71.496875,1.86,3.8375,270.0,90.0,0.0,False,False,1.293125,1.293125
667,262,scene_1.1,scene_1.1_y02,2,62,3,70.20375,1.86,3.8375,270.0,90.0,0.0,False,False,1.293125,1.293125
668,263,scene_1.1,scene_1.1_y02,2,61,3,68.910625,1.86,3.8375,270.0,90.0,0.0,False,False,1.293125,1.293125
669,264,scene_1.1,scene_1.1_y02,2,60,3,67.6175,1.86,3.8375,270.0,90.0,0.0,True,False,1.293125,1.293125
670,265,scene_1.1,scene_1.1_y02,2,59,3,66.324375,1.86,3.8375,270.0,90.0,0.0,False,False,1.293125,1.293125
671,266,scene_1.1,scene_1.1_y02,2,58,3,65.03125,1.86,3.8375,270.0,90.0,0.0,False,False,1.293125,1.293125
672,267,scene_1.1,scene_1.1_y02,2,57,3,63.738125,1.86,3.8375,270.0,90.0,0.0,False,False,1.293125,1.293125
673,268,scene_1.1,scene_1.1_y02,2,56,3,62.445,1.86,3.8375,270.0,90.0,0.0,True,False,1.293125,1.293125
674,269,scene_1.1,scene_1.1_y02,2,55,3,61.151875,1.86,3.8375,270.0,90.0,0.0,False,False,1.293125,1.293125
675,270,scene_1.1,scene_1.1_y02,2,54,3,59.85875,1.86,3.8375,270.0,90.0,0.0,False,False,1.293125,1.293125
676,271,scene_1.1,scene_1.1_y02,2,53,3,58.565625,1.86,3.8375,270.0,90.0,0.0,False,False,1.293125,1.293125
677,272,scene_1.1,scene_1.1_y02,2,52,3,57.2725,1.86,3.8375,270.0,90.0,0.0,True,False,1.293125,1.293125
678,273,scene_1.1,scene_1.1_y02,2,51,3,55.979375,1.86,3.8375,270.0,90.0,0.0,False,False,1.293125,1.293125
679,274,scene_1.1,scene_1.1_y02,2,50,3,54.68625,1.86,3.8375,270.0,90.0,0.0,False,False,1.293125,1.293125
680,275,scene_1.1,scene_1.1_y02,2,49,3,53.393125,1.86,3.8375,270.0,90.0,0.0,False,False,1.293125,1.293125
681,276,scene_1.1,scene_1.1_y02,2,48,3,52.1,1.86,3.8375,270.0,90.0,0.0,True,False,1.293125,1.293125
682,277,scene_1.1,scene_1.1_y02,2,47,3,50.806875,1.86,3.8375,270.0,90.0,0.0,False,False,1.293125,1.293125
683,278,scene_1.1,scene_1.1_y02,2,46,3,49.51375,1.86,3.8375,270.0,90.0,0.0,False,False,1.293125,1.293125
684,279,scene_1.1,scene_1.1_y02,2,45,3,48.220625,1.86,3.8375,270.0,90.0,0.0,False,False,1.293125,1.293125
685,280,scene_1.1,scene_1.1_y02,2,44,3,46.9275,1.86,3.8375,270.0,90.0,0.0,True,False,1.293125,1.293125
686,281,scene_1.1,scene_1.1_y02,2,43,3,45.634375,1.86,3.8375,270.0,90.0,0.0,False,False,1.293125,1.293125
687,282,scene_1.1,scene_1.1_y02,2,42,3,44.34125,1.86,3.8375,270.0,90.0,0.0,False,False,1.293125,1.293125
688,283,scene_1.1,scene_1.1_y02,2,41,3,43.048125,1.86,3.8375,270.0,90.0,0.0,False,False,1.293125,1.293125
689,284,scene_1.1,scene_1.1_y02,2,40,3,41.755,1.86,3.8375,270.0,90.0,0.0,True,False,1.293125,1.293125
690,285,scene_1.1,scene_1.1_y02,2,39,3,40.461875,1.86,3.8375,270.0,90.0,0.0,False,False,1.293125,1.293125
691,286,scene_1.1,scene_1.1_y02,2,38,3,39.16875,1.86,3.8375,270.0,90.0,0.0,False,False,1.293125,1.293125
692,287,scene_1.1,scene_1.1_y02,2,37,3,37.875625,1.86,3.8375,270.0,90.0,0.0,False,False,1.293125,1.293125
693,288,scene_1.1,scene_1.1_y02,2,36,3,36.5825,1.86,3.8375,270.0,90.0,0.0,True,False,1.293125,1.293125
694,289,scene_1.1,scene_1.1_y02,2,35,3,35.289375,1.86,3.8375,270.0,90.0,0.0,False,False,1.293125,1.293125
695,290,scene_1.1,scene_1.1_y02,2,34,3,33.99625,1.86,3.8375,270.0,90.0,0.0,False,False,1.293125,1.293125
696,291,scene_1.1,scene_1.1_y02,2,33,3,32.703125,1.86,3.8375,270.0,90.0,0.0,False,False,1.293125,1.293125
697,292,scene_1.1,scene_1.1_y02,2,32,3,31.41,1.86,3.8375,270.0,90.0,0.0,True,False,1.293125,1.293125
698,293,scene_1.1,scene_1.1_y02,2,31,3,30.116875,1.86,3.8375,270.0,90.0,0.0,False,False,1.293125,1.293125
699,294,scene_1.1,scene_1.1_y02,2,30,3,28.82375,1.86,3.8375,270.0,90.0,0.0,False,False,1.293125,1.293125
700,295,scene_1.1,scene_1.1_y02,2,29,3,27.530625,1.86,3.8375,270.0,90.0,0.0,False,False,1.293125,1.293125
701,296,scene_1.1,scene_1.1_y02,2,28,3,26.2375,1.86,3.8375,270.0,90.0,0.0,True,False,1.293125,1.293125
702,297,scene_1.1,scene_1.1_y02,2,27,3,24.944375,1.86,3.8375,270.0,90.0,0.0,False,False,1.293125,1.293125
703,298,scene_1.1,scene_1.1_y02,2,26,3,23.65125,1.86,3.8375,270.0,90.0,0.0,False,False,1.293125,1.293125
704,299,scene_1.1,scene_1.1_y02,2,25,3,22.358125,1.86,3.8375,270.0,90.0,0.0,False,False,1.293125,1.293125
705,300,scene_1.1,scene_1.1_y02,2,24,3,21.065,1.86,3.8375,270.0,90.0,0.0,True,False,1.293125,1.293125
706,301,scene_1.1,scene_1.1_y02,2,23,3,19.771875,1.86,3.8375,270.0,90.0,0.0,False,False,1.293125,1.293125
707,302,scene_1.1,scene_1.1_y02,2,22,3,18.47875,1.86,3.8375,270.0,90.0,0.0,False,False,1.293125,1.293125
708,303,scene_1.1,scene_1.1_y02,2,21,3,17.185625,1.86,3.8375,270.0,90.0,0.0,False,False,1.293125,1.293125
709,304,scene_1.1,scene_1.1_y02,2,20,3,15.8925,1.86,3.8375,270.0,90.0,0.0,True,False,1.293125,1.293125
710,305,scene_1.1,scene_1.1_y02,2,19,3,14.599375,1.86,3.8375,270.0,90.0,0.0,False,False,1.293125,1.293125
711,306,scene_1.1,scene_1.1_y02,2,18,3,13.30625,1.86,3.8375,270.0,90.0,0.0,False,False,1.293125,1.293125
712,307,scene_1.1,scene_1.1_y02,2,17,3,12.013125,1.86,3.8375,270.0,90.0,0.0,False,False,1.293125,1.293125
713,308,scene_1.1,scene_1.1_y02,2,16,3,10.72,1.86,3.8375,270.0,90.0,0.0,True,False,1.293125,1.293125
714,309,scene_1.1,scene_1.1_y02,2,15,3,9.426875,1.86,3.8375,270.0,90.0,0.0,False,False,1.293125,1.293125
715,310,scene_1.1,scene_1.1_y02,2,14,3,8.13375,1.86,3.8375,270.0,90.0,0.0,False,False,1.293125,1.293125
716,311,scene_1.1,scene_1.1_y02,2,13,3,6.840625,1.86,3.8375,270.0,90.0,0.0,False,False,1.293125,1.293125
717,312,scene_1.1,scene_1.1_y02,2,12,3,5.5475,1.86,3.8375,270.0,90.0,0.0,True,False,1.293125,1.293125
718,313,scene_1.1,scene_1.1_y02,2,11,3,4.254375,1.86,3.8375,270.0,90.0,0.0,False,False,1.293125,1.293125
719,314,scene_1.1,scene_1.1_y02,2,10,3,2.96125,1.86,3.8375,270.0,90.0,0.0,False,False,1.293125,1.293125
720,315,scene_1.1,scene_1.1_y02,2,9,3,1.668125,1.86,3.8375,270.0,90.0,0.0,False,False,1.293125,1.293125
721,316,scene_1.1,scene_1.1_y02,2,8,3,0.375,1.86,3.8375,270.0,90.0,0.0,True,False,1.293125,1.293125
722,317,scene_1.1,scene_1.1_y02,2,7,3,-0.918125,1.86,3.8375,270.0,90.0,0.0,False,False,1.293125,1.293125
723,318,scene_1.1,scene_1.1_y02,2,6,3,-2.21125,1.86,3.8375,270.0,90.0,0.0,False,False,1.293125,1.293125
724,319,scene_1.1,scene_1.1_y02,2,5,3,-3.504375,1.86,3.8375,270.0,90.0,0.0,False,False,1.293125,1.293125
725,320,scene_1.1,scene_1.1_y02,2,4,3,-4.7975,1.86,3.8375,270.0,90.0,0.0,True,False,1.293125,1.293125
726,321,scene_1.1,scene_1.1_y02,2,3,3,-6.090625,1.86,3.8375,270.0,90.0,0.0,False,False,1.293125,1.293125
727,322,scene_1.1,scene_1.1_y02,2,2,3,-7.38375,1.86,3.8375,270.0,90.0,0.0,False,False,1.293125,1.293125
728,323,scene_1.1,scene_1.1_y02,2,1,3,-8.676875,1.86,3.8375,270.0,90.0,0.0,False,False,1.293125,1.293125
729,324,scene_1.1,scene_1.1_y02,2,0,3,-9.97,1.86,3.8375,0.0,180.0,0.0,True,False,1.293125,1.8825
730,325,scene_1.1,scene_1.1_y02,2,0,4,-9.97,1.86,5.72,90.0,270.0,0.0,True,False,1.8825,1.293125
731,326,scene_1.1,scene_1.1_y02,2,1,4,-8.676875,1.86,5.72,90.0,270.0,0.0,False,False,1.293125,1.293125
732,327,scene_1.1,scene_1.1_y02,2,2,4,-7.38375,1.86,5.72,90.0,270.0,0.0,False,False,1.293125,1.293125
733,328,scene_1.1,scene_1.1_y02,2,3,4,-6.090625,1.86,5.72,90.0,270.0,0.0,False,False,1.293125,1.293125
734,329,scene_1.1,scene_1.1_y02,2,4,4,-4.7975,1.86,5.72,90.0,270.0,0.0,True,False,1.293125,1.293125
735,330,scene_1.1,scene_1.1_y02,2,5,4,-3.504375,1.86,5.72,90.0,270.0,0.0,False,False,1.293125,1.293125
736,331,scene_1.1,scene_1.1_y02,2,6,4,-2.21125,1.86,5.72,90.0,270.0,0.0,False,False,1.293125,1.293125
737,332,scene_1.1,scene_1.1_y02,2,7,4,-0.918125,1.86,5.72,90.0,270.0,0.0,False,False,1.293125,1.293125
738,333,scene_1.1,scene_1.1_y02,2,8,4,0.375,1.86,5.72,90.0,270.0,0.0,True,False,1.293125,1.293125
739,334,scene_1.1,scene_1.1_y02,2,9,4,1.668125,1.86,5.72,90.0,270.0,0.0,False,False,1.293125,1.293125
740,335,scene_1.1,scene_1.1_y02,2,10,4,2.96125,1.86,5.72,90.0,270.0,0.0,False,False,1.293125,1.293125
741,336,scene_1.1,scene_1.1_y02,2,11,4,4.254375,1.86,5.72,90.0,270.0,0.0,False,False,1.293125,1.293125
742,337,scene_1.1,scene_1.1_y02,2,12,4,5.5475,1.86,5.72,90.0,270.0,0.0,True,False,1.293125,1.293125
743,338,scene_1.1,scene_1.1_y02,2,13,4,6.840625,1.86,5.72,90.0,270.0,0.0,False,False,1.293125,1.293125
744,339,scene_1.1,scene_1.1_y02,2,14,4,8.13375,1.86,5.72,90.0,270.0,0.0,False,False,1.293125,1.293125
745,340,scene_1.1,scene_1.1_y02,2,15,4,9.426875,1.86,5.72,90.0,270.0,0.0,False,False,1.293125,1.293125
746,341,scene_1.1,scene_1.1_y02,2,16,4,10.72,1.86,5.72,90.0,270.0,0.0,True,False,1.293125,1.293125
747,342,scene_1.1,scene_1.1_y02,2,17,4,12.013125,1.86,5.72,90.0,270.0,0.0,False,False,1.293125,1.293125
748,343,scene_1.1,scene_1.1_y02,2,18,4,13.30625,1.86,5.72,90.0,270.0,0.0,False,False,1.293125,1.293125
749,344,scene_1.1,scene_1.1_y02,2,19,4,14.599375,1.86,5.72,90.0,270.0,0.0,False,False,1.293125,1.293125
750,345,scene_1.1,scene_1.1_y02,2,20,4,15.8925,1.86,5.72,90.0,270.0,0.0,True,False,1.293125,1.293125
751,346,scene_1.1,scene_1.1_y02,2,21,4,17.185625,1.86,5.72,90.0,270.0,0.0,False,False,1.293125,1.293125
752,347,scene_1.1,scene_1.1_y02,2,22,4,18.47875,1.86,5.72,90.0,270.0,0.0,False,False,1.293125,1.293125
753,348,scene_1.1,scene_1.1_y02,2,23,4,19.771875,1.86,5.72,90.0,270.0,0.0,False,False,1.293125,1.293125
754,349,scene_1.1,scene_1.1_y02,2,24,4,21.065,1.86,5.72,90.0,270.0,0.0,True,False,1.293125,1.293125
755,350,scene_1.1,scene_1.1_y02,2,25,4,22.358125,1.86,5.72,90.0,270.0,0.0,False,False,1.293125,1.293125
756,351,scene_1.1,scene_1.1_y02,2,26,4,23.65125,1.86,5.72,90.0,270.0,0.0,False,False,1.293125,1.293125
757,352,scene_1.1,scene_1.1_y02,2,27,4,24.944375,1.86,5.72,90.0,270.0,0.0,False,False,1.293125,1.293125
758,353,scene_1.1,scene_1.1_y02,2,28,4,26.2375,1.86,5.72,90.0,270.0,0.0,True,False,1.293125,1.293125
759,354,scene_1.1,scene_1.1_y02,2,29,4,27.530625,1.86,5.72,90.0,270.0,0.0,False,False,1.293125,1.293125
760,355,scene_1.1,scene_1.1_y02,2,30,4,28.82375,1.86,5.72,90.0,270.0,0.0,False,False,1.293125,1.293125
761,356,scene_1.1,scene_1.1_y02,2,31,4,30.116875,1.86,5.72,90.0,270.0,0.0,False,False,1.293125,1.293125
762,357,scene_1.1,scene_1.1_y02,2,32,4,31.41,1.86,5.72,90.0,270.0,0.0,True,False,1.293125,1.293125
763,358,scene_1.1,scene_1.1_y02,2,33,4,32.703125,1.86,5.72,90.0,270.0,0.0,False,False,1.293125,1.293125
764,359,scene_1.1,scene_1.1_y02,2,34,4,33.99625,1.86,5.72,90.0,270.0,0.0,False,False,1.293125,1.293125
765,360,scene_1.1,scene_1.1_y02,2,35,4,35.289375,1.86,5.72,90.0,270.0,0.0,False,False,1.293125,1.293125
766,361,scene_1.1,scene_1.1_y02,2,36,4,36.5825,1.86,5.72,90.0,270.0,0.0,True,False,1.293125,1.293125
767,362,scene_1.1,scene_1.1_y02,2,37,4,37.875625,1.86,5.72,90.0,270.0,0.0,False,False,1.293125,1.293125
768,363,scene_1.1,scene_1.1_y02,2,38,4,39.16875,1.86,5.72,90.0,270.0,0.0,False,False,1.293125,1.293125
769,364,scene_1.1,scene_1.1_y02,2,39,4,40.461875,1.86,5.72,90.0,270.0,0.0,False,False,1.293125,1.293125
770,365,scene_1.1,scene_1.1_y02,2,40,4,41.755,1.86,5.72,90.0,270.0,0.0,True,False,1.293125,1.293125
771,366,scene_1.1,scene_1.1_y02,2,41,4,43.048125,1.86,5.72,90.0,270.0,0.0,False,False,1.293125,1.293125
772,367,scene_1.1,scene_1.1_y02,2,42,4,44.34125,1.86,5.72,90.0,270.0,0.0,False,False,1.293125,1.293125
773,368,scene_1.1,scene_1.1_y02,2,43,4,45.634375,1.86,5.72,90.0,270.0,0.0,False,False,1.293125,1.293125
774,369,scene_1.1,scene_1.1_y02,2,44,4,46.9275,1.86,5.72,90.0,270.0,0.0,True,False,1.293125,1.293125
775,370,scene_1.1,scene_1.1_y02,2,45,4,48.220625,1.86,5.72,90.0,270.0,0.0,False,False,1.293125,1.293125
776,371,scene_1.1,scene_1.1_y02,2,46,4,49.51375,1.86,5.72,90.0,270.0,0.0,False,False,1.293125,1.293125
777,372,scene_1.1,scene_1.1_y02,2,47,4,50.806875,1.86,5.72,90.0,270.0,0.0,False,False,1.293125,1.293125
778,373,scene_1.1,scene_1.1_y02,2,48,4,52.1,1.86,5.72,90.0,270.0,0.0,True,False,1.293125,1.293125
779,374,scene_1.1,scene_1.1_y02,2,49,4,53.393125,1.86,5.72,90.0,270.0,0.0,False,False,1.293125,1.293125
780,375,scene_1.1,scene_1.1_y02,2,50,4,54.68625,1.86,5.72,90.0,270.0,0.0,False,False,1.293125,1.293125
781,376,scene_1.1,scene_1.1_y02,2,51,4,55.979375,1.86,5.72,90.0,270.0,0.0,False,False,1.293125,1.293125
782,377,scene_1.1,scene_1.1_y02,2,52,4,57.2725,1.86,5.72,90.0,270.0,0.0,True,False,1.293125,1.293125
783,378,scene_1.1,scene_1.1_y02,2,53,4,58.565625,1.86,5.72,90.0,270.0,0.0,False,False,1.293125,1.293125
784,379,scene_1.1,scene_1.1_y02,2,54,4,59.85875,1.86,5.72,90.0,270.0,0.0,False,False,1.293125,1.293125
785,380,scene_1.1,scene_1.1_y02,2,55,4,61.151875,1.86,5.72,90.0,270.0,0.0,False,False,1.293125,1.293125
786,381,scene_1.1,scene_1.1_y02,2,56,4,62.445,1.86,5.72,90.0,270.0,0.0,True,False,1.293125,1.293125
787,382,scene_1.1,scene_1.1_y02,2,57,4,63.738125,1.86,5.72,90.0,270.0,0.0,False,False,1.293125,1.293125
788,383,scene_1.1,scene_1.1_y02,2,58,4,65.03125,1.86,5.72,90.0,270.0,0.0,False,False,1.293125,1.293125
789,384,scene_1.1,scene_1.1_y02,2,59,4,66.324375,1.86,5.72,90.0,270.0,0.0,False,False,1.293125,1.293125
790,385,scene_1.1,scene_1.1_y02,2,60,4,67.6175,1.86,5.72,90.0,270.0,0.0,True,False,1.293125,1.293125
791,386,scene_1.1,scene_1.1_y02,2,61,4,68.910625,1.86,5.72,90.0,270.0,0.0,False,False,1.293125,1.293125
792,387,scene_1.1,scene_1.1_y02,2,62,4,70.20375,1.86,5.72,90.0,270.0,0.0,False,False,1.293125,1.293125
793,388,scene_1.1,scene_1.1_y02,2,63,4,71.496875,1.86,5.72,90.0,270.0,0.0,False,False,1.293125,1.293125
794,389,scene_1.1,scene_1.1_y02,2,64,4,72.79,1.86,5.72,90.0,270.0,0.0,True,False,1.293125,1.293125
795,390,scene_1.1,scene_1.1_y02,2,65,4,74.083125,1.86,5.72,90.0,270.0,0.0,False,False,1.293125,1.293125
796,391,scene_1.1,scene_1.1_y02,2,66,4,75.37625,1.86,5.72,90.0,270.0,0.0,False,False,1.293125,1.293125
797,392,scene_1.1,scene_1.1_y02,2,67,4,76.669375,1.86,5.72,90.0,270.0,0.0,False,False,1.293125,1.293125
798,393,scene_1.1,scene_1.1_y02,2,68,4,77.9625,1.86,5.72,90.0,270.0,0.0,True,False,1.293125,1.293125
799,394,scene_1.1,scene_1.1_y02,2,69,4,79.255625,1.86,5.72,90.0,270.0,0.0,False,False,1.293125,1.293125
800,395,scene_1.1,scene_1.1_y02,2,70,4,80.54875,1.86,5.72,90.0,270.0,0.0,False,False,1.293125,1.293125
801,396,scene_1.1,scene_1.1_y02,2,71,4,81.841875,1.86,5.72,90.0,270.0,0.0,False,False,1.293125,1.293125
802,397,scene_1.1,scene_1.1_y02,2,72,4,83.135,1.86,5.72,90.0,270.0,0.0,True,False,1.293125,1.293125
803,398,scene_1.1,scene_1.1_y02,2,73,4,84.428125,1.86,5.72,90.0,270.0,0.0,False,False,1.293125,1.293125
804,399,scene_1.1,scene_1.1_y02,2,74,4,85.72125,1.86,5.72,90.0,270.0,0.0,False,False,1.293125,1.293125
805,400,scene_1.1,scene_1.1_y02,2,75,4,87.014375,1.86,5.72,90.0,270.0,0.0,False,False,1.293125,1.293125
806,401,scene_1.1,scene_1.1_y02,2,76,4,88.3075,1.86,5.72,90.0,270.0,0.0,True,False,1.293125,1.293125
807,402,scene_1.1,scene_1.1_y02,2,77,4,89.600625,1.86,5.72,90.0,270.0,0.0,False,False,1.293125,1.293125
808,403,scene_1.1,scene_1.1_y02,2,78,4,90.89375,1.86,5.72,90.0,270.0,0.0,False,False,1.293125,1.293125
809,404,scene_1.1,scene_1.1_y02,2,79,4,92.186875,1.86,5.72,90.0,270.0,0.0,False,False,1.293125,1.293125
810,405,scene_1.1,scene_1.1_y02,2,80,4,93.48,1.86,5.72,90.0,270.0,0.0,True,False,1.293125,0.0
811,1,scene_1.1,scene_1.1_y03,3,80,4,93.48,3.13,5.72,270.0,90.0,-10.0,True,False,1.27,1.293125
812,2,scene_1.1,scene_1.1_y03,3,79,4,92.186875,3.13,5.72,270.0,90.0,-10.0,False,False,1.293125,1.293125
813,3,scene_1.1,scene_1.1_y03,3,78,4,90.89375,3.13,5.72,270.0,90.0,-10.0,False,False,1.293125,1.293125
814,4,scene_1.1,scene_1.1_y03,3,77,4,89.600625,3.13,5.72,270.0,90.0,-10.0,False,False,1.293125,1.293125
815,5,scene_1.1,scene_1.1_y03,3,76,4,88.3075,3.13,5.72,270.0,90.0,-10.0,True,False,1.293125,1.293125
816,6,scene_1.1,scene_1.1_y03,3,75,4,87.014375,3.13,5.72,270.0,90.0,-10.0,False,False,1.293125,1.293125
817,7,scene_1.1,scene_1.1_y03,3,74,4,85.72125,3.13,5.72,270.0,90.0,-10.0,False,False,1.293125,1.293125
818,8,scene_1.1,scene_1.1_y03,3,73,4,84.428125,3.13,5.72,270.0,90.0,-10.0,False,False,1.293125,1.293125
819,9,scene_1.1,scene_1.1_y03,3,72,4,83.135,3.13,5.72,270.0,90.0,-10.0,True,False,1.293125,1.293125
820,10,scene_1.1,scene_1.1_y03,3,71,4,81.841875,3.13,5.72,270.0,90.0,-10.0,False,False,1.293125,1.293125
821,11,scene_1.1,scene_1.1_y03,3,70,4,80.54875,3.13,5.72,270.0,90.0,-10.0,False,False,1.293125,1.293125
822,12,scene_1.1,scene_1.1_y03,3,69,4,79.255625,3.13,5.72,270.0,90.0,-10.0,False,False,1.293125,1.293125
823,13,scene_1.1,scene_1.1_y03,3,68,4,77.9625,3.13,5.72,270.0,90.0,-10.0,True,False,1.293125,1.293125
824,14,scene_1.1,scene_1.1_y03,3,67,4,76.669375,3.13,5.72,270.0,90.0,-10.0,False,False,1.293125,1.293125
825,15,scene_1.1,scene_1.1_y03,3,66,4,75.37625,3.13,5.72,270.0,90.0,-10.0,False,False,1.293125,1.293125
826,16,scene_1.1,scene_1.1_y03,3,65,4,74.083125,3.13,5.72,270.0,90.0,-10.0,False,False,1.293125,1.293125
827,17,scene_1.1,scene_1.1_y03,3,64,4,72.79,3.13,5.72,270.0,90.0,-10.0,True,False,1.293125,1.293125
828,18,scene_1.1,scene_1.1_y03,3,63,4,71.496875,3.13,5.72,270.0,90.0,-10.0,False,False,1.293125,1.293125
829,19,scene_1.1,scene_1.1_y03,3,62,4,70.20375,3.13,5.72,270.0,90.0,-10.0,False,False,1.293125,1.293125
830,20,scene_1.1,scene_1.1_y03,3,61,4,68.910625,3.13,5.72,270.0,90.0,-10.0,False,False,1.293125,1.293125
831,21,scene_1.1,scene_1.1_y03,3,60,4,67.6175,3.13,5.72,270.0,90.0,-10.0,True,False,1.293125,1.293125
832,22,scene_1.1,scene_1.1_y03,3,59,4,66.324375,3.13,5.72,270.0,90.0,-10.0,False,False,1.293125,1.293125
833,23,scene_1.1,scene_1.1_y03,3,58,4,65.03125,3.13,5.72,270.0,90.0,-10.0,False,False,1.293125,1.293125
834,24,scene_1.1,scene_1.1_y03,3,57,4,63.738125,3.13,5.72,270.0,90.0,-10.0,False,False,1.293125,1.293125
835,25,scene_1.1,scene_1.1_y03,3,56,4,62.445,3.13,5.72,270.0,90.0,-10.0,True,False,1.293125,1.293125
836,26,scene_1.1,scene_1.1_y03,3,55,4,61.151875,3.13,5.72,270.0,90.0,-10.0,False,False,1.293125,1.293125
837,27,scene_1.1,scene_1.1_y03,3,54,4,59.85875,3.13,5.72,270.0,90.0,-10.0,False,False,1.293125,1.293125
838,28,scene_1.1,scene_1.1_y03,3,53,4,58.565625,3.13,5.72,270.0,90.0,-10.0,False,False,1.293125,1.293125
839,29,scene_1.1,scene_1.1_y03,3,52,4,57.2725,3.13,5.72,270.0,90.0,-10.0,True,False,1.293125,1.293125
840,30,scene_1.1,scene_1.1_y03,3,51,4,55.979375,3.13,5.72,270.0,90.0,-10.0,False,False,1.293125,1.293125
841,31,scene_1.1,scene_1.1_y03,3,50,4,54.68625,3.13,5.72,270.0,90.0,-10.0,False,False,1.293125,1.293125
842,32,scene_1.1,scene_1.1_y03,3,49,4,53.393125,3.13,5.72,270.0,90.0,-10.0,False,False,1.293125,1.293125
843,33,scene_1.1,scene_1.1_y03,3,48,4,52.1,3.13,5.72,270.0,90.0,-10.0,True,False,1.293125,1.293125
844,34,scene_1.1,scene_1.1_y03,3,47,4,50.806875,3.13,5.72,270.0,90.0,-10.0,False,False,1.293125,1.293125
845,35,scene_1.1,scene_1.1_y03,3,46,4,49.51375,3.13,5.72,270.0,90.0,-10.0,False,False,1.293125,1.293125
846,36,scene_1.1,scene_1.1_y03,3,45,4,48.220625,3.13,5.72,270.0,90.0,-10.0,False,False,1.293125,1.293125
847,37,scene_1.1,scene_1.1_y03,3,44,4,46.9275,3.13,5.72,270.0,90.0,-10.0,True,False,1.293125,1.293125
848,38,scene_1.1,scene_1.1_y03,3,43,4,45.634375,3.13,5.72,270.0,90.0,-10.0,False,False,1.293125,1.293125
849,39,scene_1.1,scene_1.1_y03,3,42,4,44.34125,3.13,5.72,270.0,90.0,-10.0,False,False,1.293125,1.293125
850,40,scene_1.1,scene_1.1_y03,3,41,4,43.048125,3.13,5.72,270.0,90.0,-10.0,False,False,1.293125,1.293125
851,41,scene_1.1,scene_1.1_y03,3,40,4,41.755,3.13,5.72,270.0,90.0,-10.0,True,False,1.293125,1.293125
852,42,scene_1.1,scene_1.1_y03,3,39,4,40.461875,3.13,5.72,270.0,90.0,-10.0,False,False,1.293125,1.293125
853,43,scene_1.1,scene_1.1_y03,3,38,4,39.16875,3.13,5.72,270.0,90.0,-10.0,False,False,1.293125,1.293125
854,44,scene_1.1,scene_1.1_y03,3,37,4,37.875625,3.13,5.72,270.0,90.0,-10.0,False,False,1.293125,1.293125
855,45,scene_1.1,scene_1.1_y03,3,36,4,36.5825,3.13,5.72,270.0,90.0,-10.0,True,False,1.293125,1.293125
856,46,scene_1.1,scene_1.1_y03,3,35,4,35.289375,3.13,5.72,270.0,90.0,-10.0,False,False,1.293125,1.293125
857,47,scene_1.1,scene_1.1_y03,3,34,4,33.99625,3.13,5.72,270.0,90.0,-10.0,False,False,1.293125,1.293125
858,48,scene_1.1,scene_1.1_y03,3,33,4,32.703125,3.13,5.72,270.0,90.0,-10.0,False,False,1.293125,1.293125
859,49,scene_1.1,scene_1.1_y03,3,32,4,31.41,3.13,5.72,270.0,90.0,-10.0,True,False,1.293125,1.293125
860,50,scene_1.1,scene_1.1_y03,3,31,4,30.116875,3.13,5.72,270.0,90.0,-10.0,False,False,1.293125,1.293125
861,51,scene_1.1,scene_1.1_y03,3,30,4,28.82375,3.13,5.72,270.0,90.0,-10.0,False,False,1.293125,1.293125
862,52,scene_1.1,scene_1.1_y03,3,29,4,27.530625,3.13,5.72,270.0,90.0,-10.0,False,False,1.293125,1.293125
863,53,scene_1.1,scene_1.1_y03,3,28,4,26.2375,3.13,5.72,270.0,90.0,-10.0,True,False,1.293125,1.293125
864,54,scene_1.1,scene_1.1_y03,3,27,4,24.944375,3.13,5.72,270.0,90.0,-10.0,False,False,1.293125,1.293125
865,55,scene_1.1,scene_1.1_y03,3,26,4,23.65125,3.13,5.72,270.0,90.0,-10.0,False,False,1.293125,1.293125
866,56,scene_1.1,scene_1.1_y03,3,25,4,22.358125,3.13,5.72,270.0,90.0,-10.0,False,False,1.293125,1.293125
867,57,scene_1.1,scene_1.1_y03,3,24,4,21.065,3.13,5.72,270.0,90.0,-10.0,True,False,1.293125,1.293125
868,58,scene_1.1,scene_1.1_y03,3,23,4,19.771875,3.13,5.72,270.0,90.0,-10.0,False,False,1.293125,1.293125
869,59,scene_1.1,scene_1.1_y03,3,22,4,18.47875,3.13,5.72,270.0,90.0,-10.0,False,False,1.293125,1.293125
870,60,scene_1.1,scene_1.1_y03,3,21,4,17.185625,3.13,5.72,270.0,90.0,-10.0,False,False,1.293125,1.293125
871,61,scene_1.1,scene_1.1_y03,3,20,4,15.8925,3.13,5.72,270.0,90.0,-10.0,True,False,1.293125,1.293125
872,62,scene_1.1,scene_1.1_y03,3,19,4,14.599375,3.13,5.72,270.0,90.0,-10.0,False,False,1.293125,1.293125
873,63,scene_1.1,scene_1.1_y03,3,18,4,13.30625,3.13,5.72,270.0,90.0,-10.0,False,False,1.293125,1.293125
874,64,scene_1.1,scene_1.1_y03,3,17,4,12.013125,3.13,5.72,270.0,90.0,-10.0,False,False,1.293125,1.293125
875,65,scene_1.1,scene_1.1_y03,3,16,4,10.72,3.13,5.72,270.0,90.0,-10.0,True,False,1.293125,1.293125
876,66,scene_1.1,scene_1.1_y03,3,15,4,9.426875,3.13,5.72,270.0,90.0,-10.0,False,False,1.293125,1.293125
877,67,scene_1.1,scene_1.1_y03,3,14,4,8.13375,3.13,5.72,270.0,90.0,-10.0,False,False,1.293125,1.293125
878,68,scene_1.1,scene_1.1_y03,3,13,4,6.840625,3.13,5.72,270.0,90.0,-10.0,False,False,1.293125,1.293125
879,69,scene_1.1,scene_1.1_y03,3,12,4,5.5475,3.13,5.72,270.0,90.0,-10.0,True,False,1.293125,1.293125
880,70,scene_1.1,scene_1.1_y03,3,11,4,4.254375,3.13,5.72,270.0,90.0,-10.0,False,False,1.293125,1.293125
881,71,scene_1.1,scene_1.1_y03,3,10,4,2.96125,3.13,5.72,270.0,90.0,-10.0,False,False,1.293125,1.293125
882,72,scene_1.1,scene_1.1_y03,3,9,4,1.668125,3.13,5.72,270.0,90.0,-10.0,False,False,1.293125,1.293125
883,73,scene_1.1,scene_1.1_y03,3,8,4,0.375,3.13,5.72,270.0,90.0,-10.0,True,False,1.293125,1.293125
884,74,scene_1.1,scene_1.1_y03,3,7,4,-0.918125,3.13,5.72,270.0,90.0,-10.0,False,False,1.293125,1.293125
885,75,scene_1.1,scene_1.1_y03,3,6,4,-2.21125,3.13,5.72,270.0,90.0,-10.0,False,False,1.293125,1.293125
886,76,scene_1.1,scene_1.1_y03,3,5,4,-3.504375,3.13,5.72,270.0,90.0,-10.0,False,False,1.293125,1.293125
887,77,scene_1.1,scene_1.1_y03,3,4,4,-4.7975,3.13,5.72,270.0,90.0,-10.0,True,False,1.293125,1.293125
888,78,scene_1.1,scene_1.1_y03,3,3,4,-6.090625,3.13,5.72,270.0,90.0,-10.0,False,False,1.293125,1.293125
889,79,scene_1.1,scene_1.1_y03,3,2,4,-7.38375,3.13,5.72,270.0,90.0,-10.0,False,False,1.293125,1.293125
890,80,scene_1.1,scene_1.1_y03,3,1,4,-8.676875,3.13,5.72,270.0,90.0,-10.0,False,False,1.293125,1.293125
891,81,scene_1.1,scene_1.1_y03,3,0,4,-9.97,3.13,5.72,180.0,0.0,-10.0,True,False,1.293125,1.8825
892,82,scene_1.1,scene_1.1_y03,3,0,3,-9.97,3.13,3.8375,90.0,270.0,-10.0,True,False,1.8825,1.293125
893,83,scene_1.1,scene_1.1_y03,3,1,3,-8.676875,3.13,3.8375,90.0,270.0,-10.0,False,False,1.293125,1.293125
894,84,scene_1.1,scene_1.1_y03,3,2,3,-7.38375,3.13,3.8375,90.0,270.0,-10.0,False,False,1.293125,1.293125
895,85,scene_1.1,scene_1.1_y03,3,3,3,-6.090625,3.13,3.8375,90.0,270.0,-10.0,False,False,1.293125,1.293125
896,86,scene_1.1,scene_1.1_y03,3,4,3,-4.7975,3.13,3.8375,90.0,270.0,-10.0,True,False,1.293125,1.293125
897,87,scene_1.1,scene_1.1_y03,3,5,3,-3.504375,3.13,3.8375,90.0,270.0,-10.0,False,False,1.293125,1.293125
898,88,scene_1.1,scene_1.1_y03,3,6,3,-2.21125,3.13,3.8375,90.0,270.0,-10.0,False,False,1.293125,1.293125
899,89,scene_1.1,scene_1.1_y03,3,7,3,-0.918125,3.13,3.8375,90.0,270.0,-10.0,False,False,1.293125,1.293125
900,90,scene_1.1,scene_1.1_y03,3,8,3,0.375,3.13,3.8375,90.0,270.0,-10.0,True,False,1.293125,1.293125
901,91,scene_1.1,scene_1.1_y03,3,9,3,1.668125,3.13,3.8375,90.0,270.0,-10.0,False,False,1.293125,1.293125
902,92,scene_1.1,scene_1.1_y03,3,10,3,2.96125,3.13,3.8375,90.0,270.0,-10.0,False,False,1.293125,1.293125
903,93,scene_1.1,scene_1.1_y03,3,11,3,4.254375,3.13,3.8375,90.0,270.0,-10.0,False,False,1.293125,1.293125
904,94,scene_1.1,scene_1.1_y03,3,12,3,5.5475,3.13,3.8375,90.0,270.0,-10.0,True,False,1.293125,1.293125
905,95,scene_1.1,scene_1.1_y03,3,13,3,6.840625,3.13,3.8375,90.0,270.0,-10.0,False,False,1.293125,1.293125
906,96,scene_1.1,scene_1.1_y03,3,14,3,8.13375,3.13,3.8375,90.0,270.0,-10.0,False,False,1.293125,1.293125
907,97,scene_1.1,scene_1.1_y03,3,15,3,9.426875,3.13,3.8375,90.0,270.0,-10.0,False,False,1.293125,1.293125
908,98,scene_1.1,scene_1.1_y03,3,16,3,10.72,3.13,3.8375,90.0,270.0,-10.0,True,False,1.293125,1.293125
909,99,scene_1.1,scene_1.1_y03,3,17,3,12.013125,3.13,3.8375,90.0,270.0,-10.0,False,False,1.293125,1.293125
910,100,scene_1.1,scene_1.1_y03,3,18,3,13.30625,3.13,3.8375,90.0,270.0,-10.0,False,False,1.293125,1.293125
911,101,scene_1.1,scene_1.1_y03,3,19,3,14.599375,3.13,3.8375,90.0,270.0,-10.0,False,False,1.293125,1.293125
912,102,scene_1.1,scene_1.1_y03,3,20,3,15.8925,3.13,3.8375,90.0,270.0,-10.0,True,False,1.293125,1.293125
913,103,scene_1.1,scene_1.1_y03,3,21,3,17.185625,3.13,3.8375,90.0,270.0,-10.0,False,False,1.293125,1.293125
914,104,scene_1.1,scene_1.1_y03,3,22,3,18.47875,3.13,3.8375,90.0,270.0,-10.0,False,False,1.293125,1.293125
915,105,scene_1.1,scene_1.1_y03,3,23,3,19.771875,3.13,3.8375,90.0,270.0,-10.0,False,False,1.293125,1.293125
916,106,scene_1.1,scene_1.1_y03,3,24,3,21.065,3.13,3.8375,90.0,270.0,-10.0,True,False,1.293125,1.293125
917,107,scene_1.1,scene_1.1_y03,3,25,3,22.358125,3.13,3.8375,90.0,270.0,-10.0,False,False,1.293125,1.293125
918,108,scene_1.1,scene_1.1_y03,3,26,3,23.65125,3.13,3.8375,90.0,270.0,-10.0,False,False,1.293125,1.293125
919,109,scene_1.1,scene_1.1_y03,3,27,3,24.944375,3.13,3.8375,90.0,270.0,-10.0,False,False,1.293125,1.293125
920,110,scene_1.1,scene_1.1_y03,3,28,3,26.2375,3.13,3.8375,90.0,270.0,-10.0,True,False,1.293125,1.293125
921,111,scene_1.1,scene_1.1_y03,3,29,3,27.530625,3.13,3.8375,90.0,270.0,-10.0,False,False,1.293125,1.293125
922,112,scene_1.1,scene_1.1_y03,3,30,3,28.82375,3.13,3.8375,90.0,270.0,-10.0,False,False,1.293125,1.293125
923,113,scene_1.1,scene_1.1_y03,3,31,3,30.116875,3.13,3.8375,90.0,270.0,-10.0,False,False,1.293125,1.293125
924,114,scene_1.1,scene_1.1_y03,3,32,3,31.41,3.13,3.8375,90.0,270.0,-10.0,True,False,1.293125,1.293125
925,115,scene_1.1,scene_1.1_y03,3,33,3,32.703125,3.13,3.8375,90.0,270.0,-10.0,False,False,1.293125,1.293125
926,116,scene_1.1,scene_1.1_y03,3,34,3,33.99625,3.13,3.8375,90.0,270.0,-10.0,False,False,1.293125,1.293125
927,117,scene_1.1,scene_1.1_y03,3,35,3,35.289375,3.13,3.8375,90.0,270.0,-10.0,False,False,1.293125,1.293125
928,118,scene_1.1,scene_1.1_y03,3,36,3,36.5825,3.13,3.8375,90.0,270.0,-10.0,True,False,1.293125,1.293125
929,119,scene_1.1,scene_1.1_y03,3,37,3,37.875625,3.13,3.8375,90.0,270.0,-10.0,False,False,1.293125,1.293125
930,120,scene_1.1,scene_1.1_y03,3,38,3,39.16875,3.13,3.8375,90.0,270.0,-10.0,False,False,1.293125,1.293125
931,121,scene_1.1,scene_1.1_y03,3,39,3,40.461875,3.13,3.8375,90.0,270.0,-10.0,False,False,1.293125,1.293125
932,122,scene_1.1,scene_1.1_y03,3,40,3,41.755,3.13,3.8375,90.0,270.0,-10.0,True,False,1.293125,1.293125
933,123,scene_1.1,scene_1.1_y03,3,41,3,43.048125,3.13,3.8375,90.0,270.0,-10.0,False,False,1.293125,1.293125
934,124,scene_1.1,scene_1.1_y03,3,42,3,44.34125,3.13,3.8375,90.0,270.0,-10.0,False,False,1.293125,1.293125
935,125,scene_1.1,scene_1.1_y03,3,43,3,45.634375,3.13,3.8375,90.0,270.0,-10.0,False,False,1.293125,1.293125
936,126,scene_1.1,scene_1.1_y03,3,44,3,46.9275,3.13,3.8375,90.0,270.0,-10.0,True,False,1.293125,1.293125
937,127,scene_1.1,scene_1.1_y03,3,45,3,48.220625,3.13,3.8375,90.0,270.0,-10.0,False,False,1.293125,1.293125
938,128,scene_1.1,scene_1.1_y03,3,46,3,49.51375,3.13,3.8375,90.0,270.0,-10.0,False,False,1.293125,1.293125
939,129,scene_1.1,scene_1.1_y03,3,47,3,50.806875,3.13,3.8375,90.0,270.0,-10.0,False,False,1.293125,1.293125
940,130,scene_1.1,scene_1.1_y03,3,48,3,52.1,3.13,3.8375,90.0,270.0,-10.0,True,False,1.293125,1.293125
941,131,scene_1.1,scene_1.1_y03,3,49,3,53.393125,3.13,3.8375,90.0,270.0,-10.0,False,False,1.293125,1.293125
942,132,scene_1.1,scene_1.1_y03,3,50,3,54.68625,3.13,3.8375,90.0,270.0,-10.0,False,False,1.293125,1.293125
943,133,scene_1.1,scene_1.1_y03,3,51,3,55.979375,3.13,3.8375,90.0,270.0,-10.0,False,False,1.293125,1.293125
944,134,scene_1.1,scene_1.1_y03,3,52,3,57.2725,3.13,3.8375,90.0,270.0,-10.0,True,False,1.293125,1.293125
945,135,scene_1.1,scene_1.1_y03,3,53,3,58.565625,3.13,3.8375,90.0,270.0,-10.0,False,False,1.293125,1.293125
946,136,scene_1.1,scene_1.1_y03,3,54,3,59.85875,3.13,3.8375,90.0,270.0,-10.0,False,False,1.293125,1.293125
947,137,scene_1.1,scene_1.1_y03,3,55,3,61.151875,3.13,3.8375,90.0,270.0,-10.0,False,False,1.293125,1.293125
948,138,scene_1.1,scene_1.1_y03,3,56,3,62.445,3.13,3.8375,90.0,270.0,-10.0,True,False,1.293125,1.293125
949,139,scene_1.1,scene_1.1_y03,3,57,3,63.738125,3.13,3.8375,90.0,270.0,-10.0,False,False,1.293125,1.293125
950,140,scene_1.1,scene_1.1_y03,3,58,3,65.03125,3.13,3.8375,90.0,270.0,-10.0,False,False,1.293125,1.293125
951,141,scene_1.1,scene_1.1_y03,3,59,3,66.324375,3.13,3.8375,90.0,270.0,-10.0,False,False,1.293125,1.293125
952,142,scene_1.1,scene_1.1_y03,3,60,3,67.6175,3.13,3.8375,90.0,270.0,-10.0,True,False,1.293125,1.293125
953,143,scene_1.1,scene_1.1_y03,3,61,3,68.910625,3.13,3.8375,90.0,270.0,-10.0,False,False,1.293125,1.293125
954,144,scene_1.1,scene_1.1_y03,3,62,3,70.20375,3.13,3.8375,90.0,270.0,-10.0,False,False,1.293125,1.293125
955,145,scene_1.1,scene_1.1_y03,3,63,3,71.496875,3.13,3.8375,90.0,270.0,-10.0,False,False,1.293125,1.293125
956,146,scene_1.1,scene_1.1_y03,3,64,3,72.79,3.13,3.8375,90.0,270.0,-10.0,True,False,1.293125,1.293125
957,147,scene_1.1,scene_1.1_y03,3,65,3,74.083125,3.13,3.8375,90.0,270.0,-10.0,False,False,1.293125,1.293125
958,148,scene_1.1,scene_1.1_y03,3,66,3,75.37625,3.13,3.8375,90.0,270.0,-10.0,False,False,1.293125,1.293125
959,149,scene_1.1,scene_1.1_y03,3,67,3,76.669375,3.13,3.8375,90.0,270.0,-10.0,False,False,1.293125,1.293125
960,150,scene_1.1,scene_1.1_y03,3,68,3,77.9625,3.13,3.8375,90.0,270.0,-10.0,True,False,1.293125,1.293125
961,151,scene_1.1,scene_1.1_y03,3,69,3,79.255625,3.13,3.8375,90.0,270.0,-10.0,False,False,1.293125,1.293125
962,152,scene_1.1,scene_1.1_y03,3,70,3,80.54875,3.13,3.8375,90.0,270.0,-10.0,False,False,1.293125,1.293125
963,153,scene_1.1,scene_1.1_y03,3,71,3,81.841875,3.13,3.8375,90.0,270.0,-10.0,False,False,1.293125,1.293125
964,154,scene_1.1,scene_1.1_y03,3,72,3,83.135,3.13,3.8375,90.0,270.0,-10.0,True,False,1.293125,1.293125
965,155,scene_1.1,scene_1.1_y03,3,73,3,84.428125,3.13,3.8375,90.0,270.0,-10.0,False,False,1.293125,1.293125
966,156,scene_1.1,scene_1.1_y03,3,74,3,85.72125,3.13,3.8375,90.0,270.0,-10.0,False,False,1.293125,1.293125
967,157,scene_1.1,scene_1.1_y03,3,75,3,87.014375,3.13,3.8375,90.0,270.0,-10.0,False,False,1.293125,1.293125
968,158,scene_1.1,scene_1.1_y03,3,76,3,88.3075,3.13,3.8375,90.0,270.0,-10.0,True,False,1.293125,1.293125
969,159,scene_1.1,scene_1.1_y03,3,77,3,89.600625,3.13,3.8375,90.0,270.0,-10.0,False,False,1.293125,1.293125
970,160,scene_1.1,scene_1.1_y03,3,78,3,90.89375,3.13,3.8375,90.0,270.0,-10.0,False,False,1.293125,1.293125
971,161,scene_1.1,scene_1.1_y03,3,79,3,92.186875,3.13,3.8375,90.0,270.0,-10.0,False,False,1.293125,1.293125
972,162,scene_1.1,scene_1.1_y03,3,80,3,93.48,3.13,3.8375,180.0,0.0,-10.0,True,False,1.293125,1.8825
973,163,scene_1.1,scene_1.1_y03,3,80,2,93.48,3.13,1.955,270.0,90.0,-10.0,True,False,1.8825,1.293125
974,164,scene_1.1,scene_1.1_y03,3,79,2,92.186875,3.13,1.955,270.0,90.0,-10.0,False,False,1.293125,1.293125
975,165,scene_1.1,scene_1.1_y03,3,78,2,90.89375,3.13,1.955,270.0,90.0,-10.0,False,False,1.293125,1.293125
976,166,scene_1.1,scene_1.1_y03,3,77,2,89.600625,3.13,1.955,270.0,90.0,-10.0,False,False,1.293125,1.293125
977,167,scene_1.1,scene_1.1_y03,3,76,2,88.3075,3.13,1.955,270.0,90.0,-10.0,True,False,1.293125,1.293125
978,168,scene_1.1,scene_1.1_y03,3,75,2,87.014375,3.13,1.955,270.0,90.0,-10.0,False,False,1.293125,1.293125
979,169,scene_1.1,scene_1.1_y03,3,74,2,85.72125,3.13,1.955,270.0,90.0,-10.0,False,False,1.293125,1.293125
980,170,scene_1.1,scene_1.1_y03,3,73,2,84.428125,3.13,1.955,270.0,90.0,-10.0,False,False,1.293125,1.293125
981,171,scene_1.1,scene_1.1_y03,3,72,2,83.135,3.13,1.955,270.0,90.0,-10.0,True,False,1.293125,1.293125
982,172,scene_1.1,scene_1.1_y03,3,71,2,81.841875,3.13,1.955,270.0,90.0,-10.0,False,False,1.293125,1.293125
983,173,scene_1.1,scene_1.1_y03,3,70,2,80.54875,3.13,1.955,270.0,90.0,-10.0,False,False,1.293125,1.293125
984,174,scene_1.1,scene_1.1_y03,3,69,2,79.255625,3.13,1.955,270.0,90.0,-10.0,False,False,1.293125,1.293125
985,175,scene_1.1,scene_1.1_y03,3,68,2,77.9625,3.13,1.955,270.0,90.0,-10.0,True,False,1.293125,1.293125
986,176,scene_1.1,scene_1.1_y03,3,67,2,76.669375,3.13,1.955,270.0,90.0,-10.0,False,False,1.293125,1.293125
987,177,scene_1.1,scene_1.1_y03,3,66,2,75.37625,3.13,1.955,270.0,90.0,-10.0,False,False,1.293125,1.293125
988,178,scene_1.1,scene_1.1_y03,3,65,2,74.083125,3.13,1.955,270.0,90.0,-10.0,False,False,1.293125,1.293125
989,179,scene_1.1,scene_1.1_y03,3,64,2,72.79,3.13,1.955,270.0,90.0,-10.0,True,False,1.293125,1.293125
990,180,scene_1.1,scene_1.1_y03,3,63,2,71.496875,3.13,1.955,270.0,90.0,-10.0,False,False,1.293125,1.293125
991,181,scene_1.1,scene_1.1_y03,3,62,2,70.20375,3.13,1.955,270.0,90.0,-10.0,False,False,1.293125,1.293125
992,182,scene_1.1,scene_1.1_y03,3,61,2,68.910625,3.13,1.955,270.0,90.0,-10.0,False,False,1.293125,1.293125
993,183,scene_1.1,scene_1.1_y03,3,60,2,67.6175,3.13,1.955,270.0,90.0,-10.0,True,False,1.293125,1.293125
994,184,scene_1.1,scene_1.1_y03,3,59,2,66.324375,3.13,1.955,270.0,90.0,-10.0,False,False,1.293125,1.293125
995,185,scene_1.1,scene_1.1_y03,3,58,2,65.03125,3.13,1.955,270.0,90.0,-10.0,False,False,1.293125,1.293125
996,186,scene_1.1,scene_1.1_y03,3,57,2,63.738125,3.13,1.955,270.0,90.0,-10.0,False,False,1.293125,1.293125
997,187,scene_1.1,scene_1.1_y03,3,56,2,62.445,3.13,1.955,270.0,90.0,-10.0,True,False,1.293125,1.293125
998,188,scene_1.1,scene_1.1_y03,3,55,2,61.151875,3.13,1.955,270.0,90.0,-10.0,False,False,1.293125,1.293125
999,189,scene_1.1,scene_1.1_y03,3,54,2,59.85875,3.13,1.955,270.0,90.0,-10.0,False,False,1.293125,1.293125
1000,190,scene_1.1,scene_1.1_y03,3,53,2,58.565625,3.13,1.955,270.0,90.0,-10.0,False,False,1.293125,1.293125
1001,191,scene_1.1,scene_1.1_y03,3,52,2,57.2725,3.13,1.955,270.0,90.0,-10.0,True,False,1.293125,1.293125
1002,192,scene_1.1,scene_1.1_y03,3,51,2,55.979375,3.13,1.955,270.0,90.0,-10.0,False,False,1.293125,1.293125
1003,193,scene_1.1,scene_1.1_y03,3,50,2,54.68625,3.13,1.955,270.0,90.0,-10.0,False,False,1.293125,1.293125
1004,194,scene_1.1,scene_1.1_y03,3,49,2,53.393125,3.13,1.955,270.0,90.0,-10.0,False,False,1.293125,1.293125
1005,195,scene_1.1,scene_1.1_y03,3,48,2,52.1,3.13,1.955,270.0,90.0,-10.0,True,False,1.293125,1.293125
1006,196,scene_1.1,scene_1.1_y03,3,47,2,50.806875,3.13,1.955,270.0,90.0,-10.0,False,False,1.293125,1.293125
1007,197,scene_1.1,scene_1.1_y03,3,46,2,49.51375,3.13,1.955,270.0,90.0,-10.0,False,False,1.293125,1.293125
1008,198,scene_1.1,scene_1.1_y03,3,45,2,48.220625,3.13,1.955,270.0,90.0,-10.0,False,False,1.293125,1.293125
1009,199,scene_1.1,scene_1.1_y03,3,44,2,46.9275,3.13,1.955,270.0,90.0,-10.0,True,False,1.293125,1.293125
1010,200,scene_1.1,scene_1.1_y03,3,43,2,45.634375,3.13,1.955,270.0,90.0,-10.0,False,False,1.293125,1.293125
1011,201,scene_1.1,scene_1.1_y03,3,42,2,44.34125,3.13,1.955,270.0,90.0,-10.0,False,False,1.293125,1.293125
1012,202,scene_1.1,scene_1.1_y03,3,41,2,43.048125,3.13,1.955,270.0,90.0,-10.0,False,False,1.293125,1.293125
1013,203,scene_1.1,scene_1.1_y03,3,40,2,41.755,3.13,1.955,270.0,90.0,-10.0,True,False,1.293125,1.293125
1014,204,scene_1.1,scene_1.1_y03,3,39,2,40.461875,3.13,1.955,270.0,90.0,-10.0,False,False,1.293125,1.293125
1015,205,scene_1.1,scene_1.1_y03,3,38,2,39.16875,3.13,1.955,270.0,90.0,-10.0,False,False,1.293125,1.293125
1016,206,scene_1.1,scene_1.1_y03,3,37,2,37.875625,3.13,1.955,270.0,90.0,-10.0,False,False,1.293125,1.293125
1017,207,scene_1.1,scene_1.1_y03,3,36,2,36.5825,3.13,1.955,270.0,90.0,-10.0,True,False,1.293125,1.293125
1018,208,scene_1.1,scene_1.1_y03,3,35,2,35.289375,3.13,1.955,270.0,90.0,-10.0,False,False,1.293125,1.293125
1019,209,scene_1.1,scene_1.1_y03,3,34,2,33.99625,3.13,1.955,270.0,90.0,-10.0,False,False,1.293125,1.293125
1020,210,scene_1.1,scene_1.1_y03,3,33,2,32.703125,3.13,1.955,270.0,90.0,-10.0,False,False,1.293125,1.293125
1021,211,scene_1.1,scene_1.1_y03,3,32,2,31.41,3.13,1.955,270.0,90.0,-10.0,True,False,1.293125,1.293125
1022,212,scene_1.1,scene_1.1_y03,3,31,2,30.116875,3.13,1.955,270.0,90.0,-10.0,False,False,1.293125,1.293125
1023,213,scene_1.1,scene_1.1_y03,3,30,2,28.82375,3.13,1.955,270.0,90.0,-10.0,False,False,1.293125,1.293125
1024,214,scene_1.1,scene_1.1_y03,3,29,2,27.530625,3.13,1.955,270.0,90.0,-10.0,False,False,1.293125,1.293125
1025,215,scene_1.1,scene_1.1_y03,3,28,2,26.2375,3.13,1.955,270.0,90.0,-10.0,True,False,1.293125,1.293125
1026,216,scene_1.1,scene_1.1_y03,3,27,2,24.944375,3.13,1.955,270.0,90.0,-10.0,False,False,1.293125,1.293125
1027,217,scene_1.1,scene_1.1_y03,3,26,2,23.65125,3.13,1.955,270.0,90.0,-10.0,False,False,1.293125,1.293125
1028,218,scene_1.1,scene_1.1_y03,3,25,2,22.358125,3.13,1.955,270.0,90.0,-10.0,False,False,1.293125,1.293125
1029,219,scene_1.1,scene_1.1_y03,3,24,2,21.065,3.13,1.955,270.0,90.0,-10.0,True,False,1.293125,1.293125
1030,220,scene_1.1,scene_1.1_y03,3,23,2,19.771875,3.13,1.955,270.0,90.0,-10.0,False,False,1.293125,1.293125
1031,221,scene_1.1,scene_1.1_y03,3,22,2,18.47875,3.13,1.955,270.0,90.0,-10.0,False,False,1.293125,1.293125
1032,222,scene_1.1,scene_1.1_y03,3,21,2,17.185625,3.13,1.955,270.0,90.0,-10.0,False,False,1.293125,1.293125
1033,223,scene_1.1,scene_1.1_y03,3,20,2,15.8925,3.13,1.955,270.0,90.0,-10.0,True,False,1.293125,1.293125
1034,224,scene_1.1,scene_1.1_y03,3,19,2,14.599375,3.13,1.955,270.0,90.0,-10.0,False,False,1.293125,1.293125
1035,225,scene_1.1,scene_1.1_y03,3,18,2,13.30625,3.13,1.955,270.0,90.0,-10.0,False,False,1.293125,1.293125
1036,226,scene_1.1,scene_1.1_y03,3,17,2,12.013125,3.13,1.955,270.0,90.0,-10.0,False,False,1.293125,1.293125
1037,227,scene_1.1,scene_1.1_y03,3,16,2,10.72,3.13,1.955,270.0,90.0,-10.0,True,False,1.293125,1.293125
1038,228,scene_1.1,scene_1.1_y03,3,15,2,9.426875,3.13,1.955,270.0,90.0,-10.0,False,False,1.293125,1.293125
1039,229,scene_1.1,scene_1.1_y03,3,14,2,8.13375,3.13,1.955,270.0,90.0,-10.0,False,False,1.293125,1.293125
1040,230,scene_1.1,scene_1.1_y03,3,13,2,6.840625,3.13,1.955,270.0,90.0,-10.0,False,False,1.293125,1.293125
1041,231,scene_1.1,scene_1.1_y03,3,12,2,5.5475,3.13,1.955,270.0,90.0,-10.0,True,False,1.293125,1.293125
1042,232,scene_1.1,scene_1.1_y03,3,11,2,4.254375,3.13,1.955,270.0,90.0,-10.0,False,False,1.293125,1.293125
1043,233,scene_1.1,scene_1.1_y03,3,10,2,2.96125,3.13,1.955,270.0,90.0,-10.0,False,False,1.293125,1.293125
1044,234,scene_1.1,scene_1.1_y03,3,9,2,1.668125,3.13,1.955,270.0,90.0,-10.0,False,False,1.293125,1.293125
1045,235,scene_1.1,scene_1.1_y03,3,8,2,0.375,3.13,1.955,270.0,90.0,-10.0,True,False,1.293125,1.293125
1046,236,scene_1.1,scene_1.1_y03,3,7,2,-0.918125,3.13,1.955,270.0,90.0,-10.0,False,False,1.293125,1.293125
1047,237,scene_1.1,scene_1.1_y03,3,6,2,-2.21125,3.13,1.955,270.0,90.0,-10.0,False,False,1.293125,1.293125
1048,238,scene_1.1,scene_1.1_y03,3,5,2,-3.504375,3.13,1.955,270.0,90.0,-10.0,False,False,1.293125,1.293125
1049,239,scene_1.1,scene_1.1_y03,3,4,2,-4.7975,3.13,1.955,270.0,90.0,-10.0,True,False,1.293125,1.293125
1050,240,scene_1.1,scene_1.1_y03,3,3,2,-6.090625,3.13,1.955,270.0,90.0,-10.0,False,False,1.293125,1.293125
1051,241,scene_1.1,scene_1.1_y03,3,2,2,-7.38375,3.13,1.955,270.0,90.0,-10.0,False,False,1.293125,1.293125
1052,242,scene_1.1,scene_1.1_y03,3,1,2,-8.676875,3.13,1.955,270.0,90.0,-10.0,False,False,1.293125,1.293125
1053,243,scene_1.1,scene_1.1_y03,3,0,2,-9.97,3.13,1.955,180.0,0.0,-10.0,True,False,1.293125,1.8825
1054,244,scene_1.1,scene_1.1_y03,3,0,1,-9.97,3.13,0.0725,90.0,270.0,-10.0,True,False,1.8825,1.293125
1055,245,scene_1.1,scene_1.1_y03,3,1,1,-8.676875,3.13,0.0725,90.0,270.0,-10.0,False,False,1.293125,1.293125
1056,246,scene_1.1,scene_1.1_y03,3,2,1,-7.38375,3.13,0.0725,90.0,270.0,-10.0,False,False,1.293125,1.293125
1057,247,scene_1.1,scene_1.1_y03,3,3,1,-6.090625,3.13,0.0725,90.0,270.0,-10.0,False,False,1.293125,1.293125
1058,248,scene_1.1,scene_1.1_y03,3,4,1,-4.7975,3.13,0.0725,90.0,270.0,-10.0,True,False,1.293125,1.293125
1059,249,scene_1.1,scene_1.1_y03,3,5,1,-3.504375,3.13,0.0725,90.0,270.0,-10.0,False,False,1.293125,1.293125
1060,250,scene_1.1,scene_1.1_y03,3,6,1,-2.21125,3.13,0.0725,90.0,270.0,-10.0,False,False,1.293125,1.293125
1061,251,scene_1.1,scene_1.1_y03,3,7,1,-0.918125,3.13,0.0725,90.0,270.0,-10.0,False,False,1.293125,1.293125
1062,252,scene_1.1,scene_1.1_y03,3,8,1,0.375,3.13,0.0725,90.0,270.0,-10.0,True,False,1.293125,1.293125
1063,253,scene_1.1,scene_1.1_y03,3,9,1,1.668125,3.13,0.0725,90.0,270.0,-10.0,False,False,1.293125,1.293125
1064,254,scene_1.1,scene_1.1_y03,3,10,1,2.96125,3.13,0.0725,90.0,270.0,-10.0,False,False,1.293125,1.293125
1065,255,scene_1.1,scene_1.1_y03,3,11,1,4.254375,3.13,0.0725,90.0,270.0,-10.0,False,False,1.293125,1.293125
1066,256,scene_1.1,scene_1.1_y03,3,12,1,5.5475,3.13,0.0725,90.0,270.0,-10.0,True,False,1.293125,1.293125
1067,257,scene_1.1,scene_1.1_y03,3,13,1,6.840625,3.13,0.0725,90.0,270.0,-10.0,False,False,1.293125,1.293125
1068,258,scene_1.1,scene_1.1_y03,3,14,1,8.13375,3.13,0.0725,90.0,270.0,-10.0,False,False,1.293125,1.293125
1069,259,scene_1.1,scene_1.1_y03,3,15,1,9.426875,3.13,0.0725,90.0,270.0,-10.0,False,False,1.293125,1.293125
1070,260,scene_1.1,scene_1.1_y03,3,16,1,10.72,3.13,0.0725,90.0,270.0,-10.0,True,False,1.293125,1.293125
1071,261,scene_1.1,scene_1.1_y03,3,17,1,12.013125,3.13,0.0725,90.0,270.0,-10.0,False,False,1.293125,1.293125
1072,262,scene_1.1,scene_1.1_y03,3,18,1,13.30625,3.13,0.0725,90.0,270.0,-10.0,False,False,1.293125,1.293125
1073,263,scene_1.1,scene_1.1_y03,3,19,1,14.599375,3.13,0.0725,90.0,270.0,-10.0,False,False,1.293125,1.293125
1074,264,scene_1.1,scene_1.1_y03,3,20,1,15.8925,3.13,0.0725,90.0,270.0,-10.0,True,False,1.293125,1.293125
1075,265,scene_1.1,scene_1.1_y03,3,21,1,17.185625,3.13,0.0725,90.0,270.0,-10.0,False,False,1.293125,1.293125
1076,266,scene_1.1,scene_1.1_y03,3,22,1,18.47875,3.13,0.0725,90.0,270.0,-10.0,False,False,1.293125,1.293125
1077,267,scene_1.1,scene_1.1_y03,3,23,1,19.771875,3.13,0.0725,90.0,270.0,-10.0,False,False,1.293125,1.293125
1078,268,scene_1.1,scene_1.1_y03,3,24,1,21.065,3.13,0.0725,90.0,270.0,-10.0,True,False,1.293125,1.293125
1079,269,scene_1.1,scene_1.1_y03,3,25,1,22.358125,3.13,0.0725,90.0,270.0,-10.0,False,False,1.293125,1.293125
1080,270,scene_1.1,scene_1.1_y03,3,26,1,23.65125,3.13,0.0725,90.0,270.0,-10.0,False,False,1.293125,1.293125
1081,271,scene_1.1,scene_1.1_y03,3,27,1,24.944375,3.13,0.0725,90.0,270.0,-10.0,False,False,1.293125,1.293125
1082,272,scene_1.1,scene_1.1_y03,3,28,1,26.2375,3.13,0.0725,90.0,270.0,-10.0,True,False,1.293125,1.293125
1083,273,scene_1.1,scene_1.1_y03,3,29,1,27.530625,3.13,0.0725,90.0,270.0,-10.0,False,False,1.293125,1.293125
1084,274,scene_1.1,scene_1.1_y03,3,30,1,28.82375,3.13,0.0725,90.0,270.0,-10.0,False,False,1.293125,1.293125
1085,275,scene_1.1,scene_1.1_y03,3,31,1,30.116875,3.13,0.0725,90.0,270.0,-10.0,False,False,1.293125,1.293125
1086,276,scene_1.1,scene_1.1_y03,3,32,1,31.41,3.13,0.0725,90.0,270.0,-10.0,True,False,1.293125,1.293125
1087,277,scene_1.1,scene_1.1_y03,3,33,1,32.703125,3.13,0.0725,90.0,270.0,-10.0,False,False,1.293125,1.293125
1088,278,scene_1.1,scene_1.1_y03,3,34,1,33.99625,3.13,0.0725,90.0,270.0,-10.0,False,False,1.293125,1.293125
1089,279,scene_1.1,scene_1.1_y03,3,35,1,35.289375,3.13,0.0725,90.0,270.0,-10.0,False,False,1.293125,1.293125
1090,280,scene_1.1,scene_1.1_y03,3,36,1,36.5825,3.13,0.0725,90.0,270.0,-10.0,True,False,1.293125,1.293125
1091,281,scene_1.1,scene_1.1_y03,3,37,1,37.875625,3.13,0.0725,90.0,270.0,-10.0,False,False,1.293125,1.293125
1092,282,scene_1.1,scene_1.1_y03,3,38,1,39.16875,3.13,0.0725,90.0,270.0,-10.0,False,False,1.293125,1.293125
1093,283,scene_1.1,scene_1.1_y03,3,39,1,40.461875,3.13,0.0725,90.0,270.0,-10.0,False,False,1.293125,1.293125
1094,284,scene_1.1,scene_1.1_y03,3,40,1,41.755,3.13,0.0725,90.0,270.0,-10.0,True,False,1.293125,1.293125
1095,285,scene_1.1,scene_1.1_y03,3,41,1,43.048125,3.13,0.0725,90.0,270.0,-10.0,False,False,1.293125,1.293125
1096,286,scene_1.1,scene_1.1_y03,3,42,1,44.34125,3.13,0.0725,90.0,270.0,-10.0,False,False,1.293125,1.293125
1097,287,scene_1.1,scene_1.1_y03,3,43,1,45.634375,3.13,0.0725,90.0,270.0,-10.0,False,False,1.293125,1.293125
1098,288,scene_1.1,scene_1.1_y03,3,44,1,46.9275,3.13,0.0725,90.0,270.0,-10.0,True,False,1.293125,1.293125
1099,289,scene_1.1,scene_1.1_y03,3,45,1,48.220625,3.13,0.0725,90.0,270.0,-10.0,False,False,1.293125,1.293125
1100,290,scene_1.1,scene_1.1_y03,3,46,1,49.51375,3.13,0.0725,90.0,270.0,-10.0,False,False,1.293125,1.293125
1101,291,scene_1.1,scene_1.1_y03,3,47,1,50.806875,3.13,0.0725,90.0,270.0,-10.0,False,False,1.293125,1.293125
1102,292,scene_1.1,scene_1.1_y03,3,48,1,52.1,3.13,0.0725,90.0,270.0,-10.0,True,False,1.293125,1.293125
1103,293,scene_1.1,scene_1.1_y03,3,49,1,53.393125,3.13,0.0725,90.0,270.0,-10.0,False,False,1.293125,1.293125
1104,294,scene_1.1,scene_1.1_y03,3,50,1,54.68625,3.13,0.0725,90.0,270.0,-10.0,False,False,1.293125,1.293125
1105,295,scene_1.1,scene_1.1_y03,3,51,1,55.979375,3.13,0.0725,90.0,270.0,-10.0,False,False,1.293125,1.293125
1106,296,scene_1.1,scene_1.1_y03,3,52,1,57.2725,3.13,0.0725,90.0,270.0,-10.0,True,False,1.293125,1.293125
1107,297,scene_1.1,scene_1.1_y03,3,53,1,58.565625,3.13,0.0725,90.0,270.0,-10.0,False,False,1.293125,1.293125
1108,298,scene_1.1,scene_1.1_y03,3,54,1,59.85875,3.13,0.0725,90.0,270.0,-10.0,False,False,1.293125,1.293125
1109,299,scene_1.1,scene_1.1_y03,3,55,1,61.151875,3.13,0.0725,90.0,270.0,-10.0,False,False,1.293125,1.293125
1110,300,scene_1.1,scene_1.1_y03,3,56,1,62.445,3.13,0.0725,90.0,270.0,-10.0,True,False,1.293125,1.293125
1111,301,scene_1.1,scene_1.1_y03,3,57,1,63.738125,3.13,0.0725,90.0,270.0,-10.0,False,False,1.293125,1.293125
1112,302,scene_1.1,scene_1.1_y03,3,58,1,65.03125,3.13,0.0725,90.0,270.0,-10.0,False,False,1.293125,1.293125
1113,303,scene_1.1,scene_1.1_y03,3,59,1,66.324375,3.13,0.0725,90.0,270.0,-10.0,False,False,1.293125,1.293125
1114,304,scene_1.1,scene_1.1_y03,3,60,1,67.6175,3.13,0.0725,90.0,270.0,-10.0,True,False,1.293125,1.293125
1115,305,scene_1.1,scene_1.1_y03,3,61,1,68.910625,3.13,0.0725,90.0,270.0,-10.0,False,False,1.293125,1.293125
1116,306,scene_1.1,scene_1.1_y03,3,62,1,70.20375,3.13,0.0725,90.0,270.0,-10.0,False,False,1.293125,1.293125
1117,307,scene_1.1,scene_1.1_y03,3,63,1,71.496875,3.13,0.0725,90.0,270.0,-10.0,False,False,1.293125,1.293125
1118,308,scene_1.1,scene_1.1_y03,3,64,1,72.79,3.13,0.0725,90.0,270.0,-10.0,True,False,1.293125,1.293125
1119,309,scene_1.1,scene_1.1_y03,3,65,1,74.083125,3.13,0.0725,90.0,270.0,-10.0,False,False,1.293125,1.293125
1120,310,scene_1.1,scene_1.1_y03,3,66,1,75.37625,3.13,0.0725,90.0,270.0,-10.0,False,False,1.293125,1.293125
1121,311,scene_1.1,scene_1.1_y03,3,67,1,76.669375,3.13,0.0725,90.0,270.0,-10.0,False,False,1.293125,1.293125
1122,312,scene_1.1,scene_1.1_y03,3,68,1,77.9625,3.13,0.0725,90.0,270.0,-10.0,True,False,1.293125,1.293125
1123,313,scene_1.1,scene_1.1_y03,3,69,1,79.255625,3.13,0.0725,90.0,270.0,-10.0,False,False,1.293125,1.293125
1124,314,scene_1.1,scene_1.1_y03,3,70,1,80.54875,3.13,0.0725,90.0,270.0,-10.0,False,False,1.293125,1.293125
1125,315,scene_1.1,scene_1.1_y03,3,71,1,81.841875,3.13,0.0725,90.0,270.0,-10.0,False,False,1.293125,1.293125
1126,316,scene_1.1,scene_1.1_y03,3,72,1,83.135,3.13,0.0725,90.0,270.0,-10.0,True,False,1.293125,1.293125
1127,317,scene_1.1,scene_1.1_y03,3,73,1,84.428125,3.13,0.0725,90.0,270.0,-10.0,False,False,1.293125,1.293125
1128,318,scene_1.1,scene_1.1_y03,3,74,1,85.72125,3.13,0.0725,90.0,270.0,-10.0,False,False,1.293125,1.293125
1129,319,scene_1.1,scene_1.1_y03,3,75,1,87.014375,3.13,0.0725,90.0,270.0,-10.0,False,False,1.293125,1.293125
1130,320,scene_1.1,scene_1.1_y03,3,76,1,88.3075,3.13,0.0725,90.0,270.0,-10.0,True,False,1.293125,1.293125
1131,321,scene_1.1,scene_1.1_y03,3,77,1,89.600625,3.13,0.0725,90.0,270.0,-10.0,False,False,1.293125,1.293125
1132,322,scene_1.1,scene_1.1_y03,3,78,1,90.89375,3.13,0.0725,90.0,270.0,-10.0,False,False,1.293125,1.293125
1133,323,scene_1.1,scene_1.1_y03,3,79,1,92.186875,3.13,0.0725,90.0,270.0,-10.0,False,False,1.293125,1.293125
1134,324,scene_1.1,scene_1.1_y03,3,80,1,93.48,3.13,0.0725,180.0,0.0,-10.0,True,False,1.293125,1.8825
1135,325,scene_1.1,scene_1.1_y03,3,80,0,93.48,3.13,-1.81,270.0,90.0,-10.0,True,False,1.8825,1.293125
1136,326,scene_1.1,scene_1.1_y03,3,79,0,92.186875,3.13,-1.81,270.0,90.0,-10.0,False,False,1.293125,1.293125
1137,327,scene_1.1,scene_1.1_y03,3,78,0,90.89375,3.13,-1.81,270.0,90.0,-10.0,False,False,1.293125,1.293125
1138,328,scene_1.1,scene_1.1_y03,3,77,0,89.600625,3.13,-1.81,270.0,90.0,-10.0,False,False,1.293125,1.293125
1139,329,scene_1.1,scene_1.1_y03,3,76,0,88.3075,3.13,-1.81,270.0,90.0,-10.0,True,False,1.293125,1.293125
1140,330,scene_1.1,scene_1.1_y03,3,75,0,87.014375,3.13,-1.81,270.0,90.0,-10.0,False,False,1.293125,1.293125
1141,331,scene_1.1,scene_1.1_y03,3,74,0,85.72125,3.13,-1.81,270.0,90.0,-10.0,False,False,1.293125,1.293125
1142,332,scene_1.1,scene_1.1_y03,3,73,0,84.428125,3.13,-1.81,270.0,90.0,-10.0,False,False,1.293125,1.293125
1143,333,scene_1.1,scene_1.1_y03,3,72,0,83.135,3.13,-1.81,270.0,90.0,-10.0,True,False,1.293125,1.293125
1144,334,scene_1.1,scene_1.1_y03,3,71,0,81.841875,3.13,-1.81,270.0,90.0,-10.0,False,False,1.293125,1.293125
1145,335,scene_1.1,scene_1.1_y03,3,70,0,80.54875,3.13,-1.81,270.0,90.0,-10.0,False,False,1.293125,1.293125
1146,336,scene_1.1,scene_1.1_y03,3,69,0,79.255625,3.13,-1.81,270.0,90.0,-10.0,False,False,1.293125,1.293125
1147,337,scene_1.1,scene_1.1_y03,3,68,0,77.9625,3.13,-1.81,270.0,90.0,-10.0,True,False,1.293125,1.293125
1148,338,scene_1.1,scene_1.1_y03,3,67,0,76.669375,3.13,-1.81,270.0,90.0,-10.0,False,False,1.293125,1.293125
1149,339,scene_1.1,scene_1.1_y03,3,66,0,75.37625,3.13,-1.81,270.0,90.0,-10.0,False,False,1.293125,1.293125
1150,340,scene_1.1,scene_1.1_y03,3,65,0,74.083125,3.13,-1.81,270.0,90.0,-10.0,False,False,1.293125,1.293125
1151,341,scene_1.1,scene_1.1_y03,3,64,0,72.79,3.13,-1.81,270.0,90.0,-10.0,True,False,1.293125,1.293125
1152,342,scene_1.1,scene_1.1_y03,3,63,0,71.496875,3.13,-1.81,270.0,90.0,-10.0,False,False,1.293125,1.293125
1153,343,scene_1.1,scene_1.1_y03,3,62,0,70.20375,3.13,-1.81,270.0,90.0,-10.0,False,False,1.293125,1.293125
1154,344,scene_1.1,scene_1.1_y03,3,61,0,68.910625,3.13,-1.81,270.0,90.0,-10.0,False,False,1.293125,1.293125
1155,345,scene_1.1,scene_1.1_y03,3,60,0,67.6175,3.13,-1.81,270.0,90.0,-10.0,True,False,1.293125,1.293125
1156,346,scene_1.1,scene_1.1_y03,3,59,0,66.324375,3.13,-1.81,270.0,90.0,-10.0,False,False,1.293125,1.293125
1157,347,scene_1.1,scene_1.1_y03,3,58,0,65.03125,3.13,-1.81,270.0,90.0,-10.0,False,False,1.293125,1.293125
1158,348,scene_1.1,scene_1.1_y03,3,57,0,63.738125,3.13,-1.81,270.0,90.0,-10.0,False,False,1.293125,1.293125
1159,349,scene_1.1,scene_1.1_y03,3,56,0,62.445,3.13,-1.81,270.0,90.0,-10.0,True,False,1.293125,1.293125
1160,350,scene_1.1,scene_1.1_y03,3,55,0,61.151875,3.13,-1.81,270.0,90.0,-10.0,False,False,1.293125,1.293125
1161,351,scene_1.1,scene_1.1_y03,3,54,0,59.85875,3.13,-1.81,270.0,90.0,-10.0,False,False,1.293125,1.293125
1162,352,scene_1.1,scene_1.1_y03,3,53,0,58.565625,3.13,-1.81,270.0,90.0,-10.0,False,False,1.293125,1.293125
1163,353,scene_1.1,scene_1.1_y03,3,52,0,57.2725,3.13,-1.81,270.0,90.0,-10.0,True,False,1.293125,1.293125
1164,354,scene_1.1,scene_1.1_y03,3,51,0,55.979375,3.13,-1.81,270.0,90.0,-10.0,False,False,1.293125,1.293125
1165,355,scene_1.1,scene_1.1_y03,3,50,0,54.68625,3.13,-1.81,270.0,90.0,-10.0,False,False,1.293125,1.293125
1166,356,scene_1.1,scene_1.1_y03,3,49,0,53.393125,3.13,-1.81,270.0,90.0,-10.0,False,False,1.293125,1.293125
1167,357,scene_1.1,scene_1.1_y03,3,48,0,52.1,3.13,-1.81,270.0,90.0,-10.0,True,False,1.293125,1.293125
1168,358,scene_1.1,scene_1.1_y03,3,47,0,50.806875,3.13,-1.81,270.0,90.0,-10.0,False,False,1.293125,1.293125
1169,359,scene_1.1,scene_1.1_y03,3,46,0,49.51375,3.13,-1.81,270.0,90.0,-10.0,False,False,1.293125,1.293125
1170,360,scene_1.1,scene_1.1_y03,3,45,0,48.220625,3.13,-1.81,270.0,90.0,-10.0,False,False,1.293125,1.293125
1171,361,scene_1.1,scene_1.1_y03,3,44,0,46.9275,3.13,-1.81,270.0,90.0,-10.0,True,False,1.293125,1.293125
1172,362,scene_1.1,scene_1.1_y03,3,43,0,45.634375,3.13,-1.81,270.0,90.0,-10.0,False,False,1.293125,1.293125
1173,363,scene_1.1,scene_1.1_y03,3,42,0,44.34125,3.13,-1.81,270.0,90.0,-10.0,False,False,1.293125,1.293125
1174,364,scene_1.1,scene_1.1_y03,3,41,0,43.048125,3.13,-1.81,270.0,90.0,-10.0,False,False,1.293125,1.293125
1175,365,scene_1.1,scene_1.1_y03,3,40,0,41.755,3.13,-1.81,270.0,90.0,-10.0,True,False,1.293125,1.293125
1176,366,scene_1.1,scene_1.1_y03,3,39,0,40.461875,3.13,-1.81,270.0,90.0,-10.0,False,False,1.293125,1.293125
1177,367,scene_1.1,scene_1.1_y03,3,38,0,39.16875,3.13,-1.81,270.0,90.0,-10.0,False,False,1.293125,1.293125
1178,368,scene_1.1,scene_1.1_y03,3,37,0,37.875625,3.13,-1.81,270.0,90.0,-10.0,False,False,1.293125,1.293125
1179,369,scene_1.1,scene_1.1_y03,3,36,0,36.5825,3.13,-1.81,270.0,90.0,-10.0,True,False,1.293125,1.293125
1180,370,scene_1.1,scene_1.1_y03,3,35,0,35.289375,3.13,-1.81,270.0,90.0,-10.0,False,False,1.293125,1.293125
1181,371,scene_1.1,scene_1.1_y03,3,34,0,33.99625,3.13,-1.81,270.0,90.0,-10.0,False,False,1.293125,1.293125
1182,372,scene_1.1,scene_1.1_y03,3,33,0,32.703125,3.13,-1.81,270.0,90.0,-10.0,False,False,1.293125,1.293125
1183,373,scene_1.1,scene_1.1_y03,3,32,0,31.41,3.13,-1.81,270.0,90.0,-10.0,True,False,1.293125,1.293125
1184,374,scene_1.1,scene_1.1_y03,3,31,0,30.116875,3.13,-1.81,270.0,90.0,-10.0,False,False,1.293125,1.293125
1185,375,scene_1.1,scene_1.1_y03,3,30,0,28.82375,3.13,-1.81,270.0,90.0,-10.0,False,False,1.293125,1.293125
1186,376,scene_1.1,scene_1.1_y03,3,29,0,27.530625,3.13,-1.81,270.0,90.0,-10.0,False,False,1.293125,1.293125
1187,377,scene_1.1,scene_1.1_y03,3,28,0,26.2375,3.13,-1.81,270.0,90.0,-10.0,True,False,1.293125,1.293125
1188,378,scene_1.1,scene_1.1_y03,3,27,0,24.944375,3.13,-1.81,270.0,90.0,-10.0,False,False,1.293125,1.293125
1189,379,scene_1.1,scene_1.1_y03,3,26,0,23.65125,3.13,-1.81,270.0,90.0,-10.0,False,False,1.293125,1.293125
1190,380,scene_1.1,scene_1.1_y03,3,25,0,22.358125,3.13,-1.81,270.0,90.0,-10.0,False,False,1.293125,1.293125
1191,381,scene_1.1,scene_1.1_y03,3,24,0,21.065,3.13,-1.81,270.0,90.0,-10.0,True,False,1.293125,1.293125
1192,382,scene_1.1,scene_1.1_y03,3,23,0,19.771875,3.13,-1.81,270.0,90.0,-10.0,False,False,1.293125,1.293125
1193,383,scene_1.1,scene_1.1_y03,3,22,0,18.47875,3.13,-1.81,270.0,90.0,-10.0,False,False,1.293125,1.293125
1194,384,scene_1.1,scene_1.1_y03,3,21,0,17.185625,3.13,-1.81,270.0,90.0,-10.0,False,False,1.293125,1.293125
1195,385,scene_1.1,scene_1.1_y03,3,20,0,15.8925,3.13,-1.81,270.0,90.0,-10.0,True,False,1.293125,1.293125
1196,386,scene_1.1,scene_1.1_y03,3,19,0,14.599375,3.13,-1.81,270.0,90.0,-10.0,False,False,1.293125,1.293125
1197,387,scene_1.1,scene_1.1_y03,3,18,0,13.30625,3.13,-1.81,270.0,90.0,-10.0,False,False,1.293125,1.293125
1198,388,scene_1.1,scene_1.1_y03,3,17,0,12.013125,3.13,-1.81,270.0,90.0,-10.0,False,False,1.293125,1.293125
1199,389,scene_1.1,scene_1.1_y03,3,16,0,10.72,3.13,-1.81,270.0,90.0,-10.0,True,False,1.293125,1.293125
1200,390,scene_1.1,scene_1.1_y03,3,15,0,9.426875,3.13,-1.81,270.0,90.0,-10.0,False,False,1.293125,1.293125
1201,391,scene_1.1,scene_1.1_y03,3,14,0,8.13375,3.13,-1.81,270.0,90.0,-10.0,False,False,1.293125,1.293125
1202,392,scene_1.1,scene_1.1_y03,3,13,0,6.840625,3.13,-1.81,270.0,90.0,-10.0,False,False,1.293125,1.293125
1203,393,scene_1.1,scene_1.1_y03,3,12,0,5.5475,3.13,-1.81,270.0,90.0,-10.0,True,False,1.293125,1.293125
1204,394,scene_1.1,scene_1.1_y03,3,11,0,4.254375,3.13,-1.81,270.0,90.0,-10.0,False,False,1.293125,1.293125
1205,395,scene_1.1,scene_1.1_y03,3,10,0,2.96125,3.13,-1.81,270.0,90.0,-10.0,False,False,1.293125,1.293125
1206,396,scene_1.1,scene_1.1_y03,3,9,0,1.668125,3.13,-1.81,270.0,90.0,-10.0,False,False,1.293125,1.293125
1207,397,scene_1.1,scene_1.1_y03,3,8,0,0.375,3.13,-1.81,270.0,90.0,-10.0,True,False,1.293125,1.293125
1208,398,scene_1.1,scene_1.1_y03,3,7,0,-0.918125,3.13,-1.81,270.0,90.0,-10.0,False,False,1.293125,1.293125
1209,399,scene_1.1,scene_1.1_y03,3,6,0,-2.21125,3.13,-1.81,270.0,90.0,-10.0,False,False,1.293125,1.293125
1210,400,scene_1.1,scene_1.1_y03,3,5,0,-3.504375,3.13,-1.81,270.0,90.0,-10.0,False,False,1.293125,1.293125
1211,401,scene_1.1,scene_1.1_y03,3,4,0,-4.7975,3.13,-1.81,270.0,90.0,-10.0,True,False,1.293125,1.293125
1212,402,scene_1.1,scene_1.1_y03,3,3,0,-6.090625,3.13,-1.81,270.0,90.0,-10.0,False,False,1.293125,1.293125
1213,403,scene_1.1,scene_1.1_y03,3,2,0,-7.38375,3.13,-1.81,270.0,90.0,-10.0,False,False,1.293125,1.293125
1214,404,scene_1.1,scene_1.1_y03,3,1,0,-8.676875,3.13,-1.81,270.0,90.0,-10.0,False,False,1.293125,1.293125
1215,405,scene_1.1,scene_1.1_y03,3,0,0,-9.97,3.13,-1.81,270.0,90.0,-10.0,True,False,1.293125,0.0
1216,1,scene_1.1,scene_1.1_y04,4,0,0,-9.97,4.39,-1.81,90.0,270.0,-20.0,True,False,1.26,1.293125
1217,2,scene_1.1,scene_1.1_y04,4,1,0,-8.676875,4.39,-1.81,90.0,270.0,-20.0,False,False,1.293125,1.293125
1218,3,scene_1.1,scene_1.1_y04,4,2,0,-7.38375,4.39,-1.81,90.0,270.0,-20.0,False,False,1.293125,1.293125
1219,4,scene_1.1,scene_1.1_y04,4,3,0,-6.090625,4.39,-1.81,90.0,270.0,-20.0,False,False,1.293125,1.293125
1220,5,scene_1.1,scene_1.1_y04,4,4,0,-4.7975,4.39,-1.81,90.0,270.0,-20.0,True,False,1.293125,1.293125
1221,6,scene_1.1,scene_1.1_y04,4,5,0,-3.504375,4.39,-1.81,90.0,270.0,-20.0,False,False,1.293125,1.293125
1222,7,scene_1.1,scene_1.1_y04,4,6,0,-2.21125,4.39,-1.81,90.0,270.0,-20.0,False,False,1.293125,1.293125
1223,8,scene_1.1,scene_1.1_y04,4,7,0,-0.918125,4.39,-1.81,90.0,270.0,-20.0,False,False,1.293125,1.293125
1224,9,scene_1.1,scene_1.1_y04,4,8,0,0.375,4.39,-1.81,90.0,270.0,-20.0,True,False,1.293125,1.293125
1225,10,scene_1.1,scene_1.1_y04,4,9,0,1.668125,4.39,-1.81,90.0,270.0,-20.0,False,False,1.293125,1.293125
1226,11,scene_1.1,scene_1.1_y04,4,10,0,2.96125,4.39,-1.81,90.0,270.0,-20.0,False,False,1.293125,1.293125
1227,12,scene_1.1,scene_1.1_y04,4,11,0,4.254375,4.39,-1.81,90.0,270.0,-20.0,False,False,1.293125,1.293125
1228,13,scene_1.1,scene_1.1_y04,4,12,0,5.5475,4.39,-1.81,90.0,270.0,-20.0,True,False,1.293125,1.293125
1229,14,scene_1.1,scene_1.1_y04,4,13,0,6.840625,4.39,-1.81,90.0,270.0,-20.0,False,False,1.293125,1.293125
1230,15,scene_1.1,scene_1.1_y04,4,14,0,8.13375,4.39,-1.81,90.0,270.0,-20.0,False,False,1.293125,1.293125
1231,16,scene_1.1,scene_1.1_y04,4,15,0,9.426875,4.39,-1.81,90.0,270.0,-20.0,False,False,1.293125,1.293125
1232,17,scene_1.1,scene_1.1_y04,4,16,0,10.72,4.39,-1.81,90.0,270.0,-20.0,True,False,1.293125,1.293125
1233,18,scene_1.1,scene_1.1_y04,4,17,0,12.013125,4.39,-1.81,90.0,270.0,-20.0,False,False,1.293125,1.293125
1234,19,scene_1.1,scene_1.1_y04,4,18,0,13.30625,4.39,-1.81,90.0,270.0,-20.0,False,False,1.293125,1.293125
1235,20,scene_1.1,scene_1.1_y04,4,19,0,14.599375,4.39,-1.81,90.0,270.0,-20.0,False,False,1.293125,1.293125
1236,21,scene_1.1,scene_1.1_y04,4,20,0,15.8925,4.39,-1.81,90.0,270.0,-20.0,True,False,1.293125,1.293125
1237,22,scene_1.1,scene_1.1_y04,4,21,0,17.185625,4.39,-1.81,90.0,270.0,-20.0,False,False,1.293125,1.293125
1238,23,scene_1.1,scene_1.1_y04,4,22,0,18.47875,4.39,-1.81,90.0,270.0,-20.0,False,False,1.293125,1.293125
1239,24,scene_1.1,scene_1.1_y04,4,23,0,19.771875,4.39,-1.81,90.0,270.0,-20.0,False,False,1.293125,1.293125
1240,25,scene_1.1,scene_1.1_y04,4,24,0,21.065,4.39,-1.81,90.0,270.0,-20.0,True,False,1.293125,1.293125
1241,26,scene_1.1,scene_1.1_y04,4,25,0,22.358125,4.39,-1.81,90.0,270.0,-20.0,False,False,1.293125,1.293125
1242,27,scene_1.1,scene_1.1_y04,4,26,0,23.65125,4.39,-1.81,90.0,270.0,-20.0,False,False,1.293125,1.293125
1243,28,scene_1.1,scene_1.1_y04,4,27,0,24.944375,4.39,-1.81,90.0,270.0,-20.0,False,False,1.293125,1.293125
1244,29,scene_1.1,scene_1.1_y04,4,28,0,26.2375,4.39,-1.81,90.0,270.0,-20.0,True,False,1.293125,1.293125
1245,30,scene_1.1,scene_1.1_y04,4,29,0,27.530625,4.39,-1.81,90.0,270.0,-20.0,False,False,1.293125,1.293125
1246,31,scene_1.1,scene_1.1_y04,4,30,0,28.82375,4.39,-1.81,90.0,270.0,-20.0,False,False,1.293125,1.293125
1247,32,scene_1.1,scene_1.1_y04,4,31,0,30.116875,4.39,-1.81,90.0,270.0,-20.0,False,False,1.293125,1.293125
1248,33,scene_1.1,scene_1.1_y04,4,32,0,31.41,4.39,-1.81,90.0,270.0,-20.0,True,False,1.293125,1.293125
1249,34,scene_1.1,scene_1.1_y04,4,33,0,32.703125,4.39,-1.81,90.0,270.0,-20.0,False,False,1.293125,1.293125
1250,35,scene_1.1,scene_1.1_y04,4,34,0,33.99625,4.39,-1.81,90.0,270.0,-20.0,False,False,1.293125,1.293125
1251,36,scene_1.1,scene_1.1_y04,4,35,0,35.289375,4.39,-1.81,90.0,270.0,-20.0,False,False,1.293125,1.293125
1252,37,scene_1.1,scene_1.1_y04,4,36,0,36.5825,4.39,-1.81,90.0,270.0,-20.0,True,False,1.293125,1.293125
1253,38,scene_1.1,scene_1.1_y04,4,37,0,37.875625,4.39,-1.81,90.0,270.0,-20.0,False,False,1.293125,1.293125
1254,39,scene_1.1,scene_1.1_y04,4,38,0,39.16875,4.39,-1.81,90.0,270.0,-20.0,False,False,1.293125,1.293125
1255,40,scene_1.1,scene_1.1_y04,4,39,0,40.461875,4.39,-1.81,90.0,270.0,-20.0,False,False,1.293125,1.293125
1256,41,scene_1.1,scene_1.1_y04,4,40,0,41.755,4.39,-1.81,90.0,270.0,-20.0,True,False,1.293125,1.293125
1257,42,scene_1.1,scene_1.1_y04,4,41,0,43.048125,4.39,-1.81,90.0,270.0,-20.0,False,False,1.293125,1.293125
1258,43,scene_1.1,scene_1.1_y04,4,42,0,44.34125,4.39,-1.81,90.0,270.0,-20.0,False,False,1.293125,1.293125
1259,44,scene_1.1,scene_1.1_y04,4,43,0,45.634375,4.39,-1.81,90.0,270.0,-20.0,False,False,1.293125,1.293125
1260,45,scene_1.1,scene_1.1_y04,4,44,0,46.9275,4.39,-1.81,90.0,270.0,-20.0,True,False,1.293125,1.293125
1261,46,scene_1.1,scene_1.1_y04,4,45,0,48.220625,4.39,-1.81,90.0,270.0,-20.0,False,False,1.293125,1.293125
1262,47,scene_1.1,scene_1.1_y04,4,46,0,49.51375,4.39,-1.81,90.0,270.0,-20.0,False,False,1.293125,1.293125
1263,48,scene_1.1,scene_1.1_y04,4,47,0,50.806875,4.39,-1.81,90.0,270.0,-20.0,False,False,1.293125,1.293125
1264,49,scene_1.1,scene_1.1_y04,4,48,0,52.1,4.39,-1.81,90.0,270.0,-20.0,True,False,1.293125,1.293125
1265,50,scene_1.1,scene_1.1_y04,4,49,0,53.393125,4.39,-1.81,90.0,270.0,-20.0,False,False,1.293125,1.293125
1266,51,scene_1.1,scene_1.1_y04,4,50,0,54.68625,4.39,-1.81,90.0,270.0,-20.0,False,False,1.293125,1.293125
1267,52,scene_1.1,scene_1.1_y04,4,51,0,55.979375,4.39,-1.81,90.0,270.0,-20.0,False,False,1.293125,1.293125
1268,53,scene_1.1,scene_1.1_y04,4,52,0,57.2725,4.39,-1.81,90.0,270.0,-20.0,True,False,1.293125,1.293125
1269,54,scene_1.1,scene_1.1_y04,4,53,0,58.565625,4.39,-1.81,90.0,270.0,-20.0,False,False,1.293125,1.293125
1270,55,scene_1.1,scene_1.1_y04,4,54,0,59.85875,4.39,-1.81,90.0,270.0,-20.0,False,False,1.293125,1.293125
1271,56,scene_1.1,scene_1.1_y04,4,55,0,61.151875,4.39,-1.81,90.0,270.0,-20.0,False,False,1.293125,1.293125
1272,57,scene_1.1,scene_1.1_y04,4,56,0,62.445,4.39,-1.81,90.0,270.0,-20.0,True,False,1.293125,1.293125
1273,58,scene_1.1,scene_1.1_y04,4,57,0,63.738125,4.39,-1.81,90.0,270.0,-20.0,False,False,1.293125,1.293125
1274,59,scene_1.1,scene_1.1_y04,4,58,0,65.03125,4.39,-1.81,90.0,270.0,-20.0,False,False,1.293125,1.293125
1275,60,scene_1.1,scene_1.1_y04,4,59,0,66.324375,4.39,-1.81,90.0,270.0,-20.0,False,False,1.293125,1.293125
1276,61,scene_1.1,scene_1.1_y04,4,60,0,67.6175,4.39,-1.81,90.0,270.0,-20.0,True,False,1.293125,1.293125
1277,62,scene_1.1,scene_1.1_y04,4,61,0,68.910625,4.39,-1.81,90.0,270.0,-20.0,False,False,1.293125,1.293125
1278,63,scene_1.1,scene_1.1_y04,4,62,0,70.20375,4.39,-1.81,90.0,270.0,-20.0,False,False,1.293125,1.293125
1279,64,scene_1.1,scene_1.1_y04,4,63,0,71.496875,4.39,-1.81,90.0,270.0,-20.0,False,False,1.293125,1.293125
1280,65,scene_1.1,scene_1.1_y04,4,64,0,72.79,4.39,-1.81,90.0,270.0,-20.0,True,False,1.293125,1.293125
1281,66,scene_1.1,scene_1.1_y04,4,65,0,74.083125,4.39,-1.81,90.0,270.0,-20.0,False,False,1.293125,1.293125
1282,67,scene_1.1,scene_1.1_y04,4,66,0,75.37625,4.39,-1.81,90.0,270.0,-20.0,False,False,1.293125,1.293125
1283,68,scene_1.1,scene_1.1_y04,4,67,0,76.669375,4.39,-1.81,90.0,270.0,-20.0,False,False,1.293125,1.293125
1284,69,scene_1.1,scene_1.1_y04,4,68,0,77.9625,4.39,-1.81,90.0,270.0,-20.0,True,False,1.293125,1.293125
1285,70,scene_1.1,scene_1.1_y04,4,69,0,79.255625,4.39,-1.81,90.0,270.0,-20.0,False,False,1.293125,1.293125
1286,71,scene_1.1,scene_1.1_y04,4,70,0,80.54875,4.39,-1.81,90.0,270.0,-20.0,False,False,1.293125,1.293125
1287,72,scene_1.1,scene_1.1_y04,4,71,0,81.841875,4.39,-1.81,90.0,270.0,-20.0,False,False,1.293125,1.293125
1288,73,scene_1.1,scene_1.1_y04,4,72,0,83.135,4.39,-1.81,90.0,270.0,-20.0,True,False,1.293125,1.293125
1289,74,scene_1.1,scene_1.1_y04,4,73,0,84.428125,4.39,-1.81,90.0,270.0,-20.0,False,False,1.293125,1.293125
1290,75,scene_1.1,scene_1.1_y04,4,74,0,85.72125,4.39,-1.81,90.0,270.0,-20.0,False,False,1.293125,1.293125
1291,76,scene_1.1,scene_1.1_y04,4,75,0,87.014375,4.39,-1.81,90.0,270.0,-20.0,False,False,1.293125,1.293125
1292,77,scene_1.1,scene_1.1_y04,4,76,0,88.3075,4.39,-1.81,90.0,270.0,-20.0,True,False,1.293125,1.293125
1293,78,scene_1.1,scene_1.1_y04,4,77,0,89.600625,4.39,-1.81,90.0,270.0,-20.0,False,False,1.293125,1.293125
1294,79,scene_1.1,scene_1.1_y04,4,78,0,90.89375,4.39,-1.81,90.0,270.0,-20.0,False,False,1.293125,1.293125
1295,80,scene_1.1,scene_1.1_y04,4,79,0,92.186875,4.39,-1.81,90.0,270.0,-20.0,False,False,1.293125,1.293125
1296,81,scene_1.1,scene_1.1_y04,4,80,0,93.48,4.39,-1.81,0.0,180.0,-20.0,True,False,1.293125,1.8825
1297,82,scene_1.1,scene_1.1_y04,4,80,1,93.48,4.39,0.0725,270.0,90.0,-20.0,True,False,1.8825,1.293125
1298,83,scene_1.1,scene_1.1_y04,4,79,1,92.186875,4.39,0.0725,270.0,90.0,-20.0,False,False,1.293125,1.293125
1299,84,scene_1.1,scene_1.1_y04,4,78,1,90.89375,4.39,0.0725,270.0,90.0,-20.0,False,False,1.293125,1.293125
1300,85,scene_1.1,scene_1.1_y04,4,77,1,89.600625,4.39,0.0725,270.0,90.0,-20.0,False,False,1.293125,1.293125
1301,86,scene_1.1,scene_1.1_y04,4,76,1,88.3075,4.39,0.0725,270.0,90.0,-20.0,True,False,1.293125,1.293125
1302,87,scene_1.1,scene_1.1_y04,4,75,1,87.014375,4.39,0.0725,270.0,90.0,-20.0,False,False,1.293125,1.293125
1303,88,scene_1.1,scene_1.1_y04,4,74,1,85.72125,4.39,0.0725,270.0,90.0,-20.0,False,False,1.293125,1.293125
1304,89,scene_1.1,scene_1.1_y04,4,73,1,84.428125,4.39,0.0725,270.0,90.0,-20.0,False,False,1.293125,1.293125
1305,90,scene_1.1,scene_1.1_y04,4,72,1,83.135,4.39,0.0725,270.0,90.0,-20.0,True,False,1.293125,1.293125
1306,91,scene_1.1,scene_1.1_y04,4,71,1,81.841875,4.39,0.0725,270.0,90.0,-20.0,False,False,1.293125,1.293125
1307,92,scene_1.1,scene_1.1_y04,4,70,1,80.54875,4.39,0.0725,270.0,90.0,-20.0,False,False,1.293125,1.293125
1308,93,scene_1.1,scene_1.1_y04,4,69,1,79.255625,4.39,0.0725,270.0,90.0,-20.0,False,False,1.293125,1.293125
1309,94,scene_1.1,scene_1.1_y04,4,68,1,77.9625,4.39,0.0725,270.0,90.0,-20.0,True,False,1.293125,1.293125
1310,95,scene_1.1,scene_1.1_y04,4,67,1,76.669375,4.39,0.0725,270.0,90.0,-20.0,False,False,1.293125,1.293125
1311,96,scene_1.1,scene_1.1_y04,4,66,1,75.37625,4.39,0.0725,270.0,90.0,-20.0,False,False,1.293125,1.293125
1312,97,scene_1.1,scene_1.1_y04,4,65,1,74.083125,4.39,0.0725,270.0,90.0,-20.0,False,False,1.293125,1.293125
1313,98,scene_1.1,scene_1.1_y04,4,64,1,72.79,4.39,0.0725,270.0,90.0,-20.0,True,False,1.293125,1.293125
1314,99,scene_1.1,scene_1.1_y04,4,63,1,71.496875,4.39,0.0725,270.0,90.0,-20.0,False,False,1.293125,1.293125
1315,100,scene_1.1,scene_1.1_y04,4,62,1,70.20375,4.39,0.0725,270.0,90.0,-20.0,False,False,1.293125,1.293125
1316,101,scene_1.1,scene_1.1_y04,4,61,1,68.910625,4.39,0.0725,270.0,90.0,-20.0,False,False,1.293125,1.293125
1317,102,scene_1.1,scene_1.1_y04,4,60,1,67.6175,4.39,0.0725,270.0,90.0,-20.0,True,False,1.293125,1.293125
1318,103,scene_1.1,scene_1.1_y04,4,59,1,66.324375,4.39,0.0725,270.0,90.0,-20.0,False,False,1.293125,1.293125
1319,104,scene_1.1,scene_1.1_y04,4,58,1,65.03125,4.39,0.0725,270.0,90.0,-20.0,False,False,1.293125,1.293125
1320,105,scene_1.1,scene_1.1_y04,4,57,1,63.738125,4.39,0.0725,270.0,90.0,-20.0,False,False,1.293125,1.293125
1321,106,scene_1.1,scene_1.1_y04,4,56,1,62.445,4.39,0.0725,270.0,90.0,-20.0,True,False,1.293125,1.293125
1322,107,scene_1.1,scene_1.1_y04,4,55,1,61.151875,4.39,0.0725,270.0,90.0,-20.0,False,False,1.293125,1.293125
1323,108,scene_1.1,scene_1.1_y04,4,54,1,59.85875,4.39,0.0725,270.0,90.0,-20.0,False,False,1.293125,1.293125
1324,109,scene_1.1,scene_1.1_y04,4,53,1,58.565625,4.39,0.0725,270.0,90.0,-20.0,False,False,1.293125,1.293125
1325,110,scene_1.1,scene_1.1_y04,4,52,1,57.2725,4.39,0.0725,270.0,90.0,-20.0,True,False,1.293125,1.293125
1326,111,scene_1.1,scene_1.1_y04,4,51,1,55.979375,4.39,0.0725,270.0,90.0,-20.0,False,False,1.293125,1.293125
1327,112,scene_1.1,scene_1.1_y04,4,50,1,54.68625,4.39,0.0725,270.0,90.0,-20.0,False,False,1.293125,1.293125
1328,113,scene_1.1,scene_1.1_y04,4,49,1,53.393125,4.39,0.0725,270.0,90.0,-20.0,False,False,1.293125,1.293125
1329,114,scene_1.1,scene_1.1_y04,4,48,1,52.1,4.39,0.0725,270.0,90.0,-20.0,True,False,1.293125,1.293125
1330,115,scene_1.1,scene_1.1_y04,4,47,1,50.806875,4.39,0.0725,270.0,90.0,-20.0,False,False,1.293125,1.293125
1331,116,scene_1.1,scene_1.1_y04,4,46,1,49.51375,4.39,0.0725,270.0,90.0,-20.0,False,False,1.293125,1.293125
1332,117,scene_1.1,scene_1.1_y04,4,45,1,48.220625,4.39,0.0725,270.0,90.0,-20.0,False,False,1.293125,1.293125
1333,118,scene_1.1,scene_1.1_y04,4,44,1,46.9275,4.39,0.0725,270.0,90.0,-20.0,True,False,1.293125,1.293125
1334,119,scene_1.1,scene_1.1_y04,4,43,1,45.634375,4.39,0.0725,270.0,90.0,-20.0,False,False,1.293125,1.293125
1335,120,scene_1.1,scene_1.1_y04,4,42,1,44.34125,4.39,0.0725,270.0,90.0,-20.0,False,False,1.293125,1.293125
1336,121,scene_1.1,scene_1.1_y04,4,41,1,43.048125,4.39,0.0725,270.0,90.0,-20.0,False,False,1.293125,1.293125
1337,122,scene_1.1,scene_1.1_y04,4,40,1,41.755,4.39,0.0725,270.0,90.0,-20.0,True,False,1.293125,1.293125
1338,123,scene_1.1,scene_1.1_y04,4,39,1,40.461875,4.39,0.0725,270.0,90.0,-20.0,False,False,1.293125,1.293125
1339,124,scene_1.1,scene_1.1_y04,4,38,1,39.16875,4.39,0.0725,270.0,90.0,-20.0,False,False,1.293125,1.293125
1340,125,scene_1.1,scene_1.1_y04,4,37,1,37.875625,4.39,0.0725,270.0,90.0,-20.0,False,False,1.293125,1.293125
1341,126,scene_1.1,scene_1.1_y04,4,36,1,36.5825,4.39,0.0725,270.0,90.0,-20.0,True,False,1.293125,1.293125
1342,127,scene_1.1,scene_1.1_y04,4,35,1,35.289375,4.39,0.0725,270.0,90.0,-20.0,False,False,1.293125,1.293125
1343,128,scene_1.1,scene_1.1_y04,4,34,1,33.99625,4.39,0.0725,270.0,90.0,-20.0,False,False,1.293125,1.293125
1344,129,scene_1.1,scene_1.1_y04,4,33,1,32.703125,4.39,0.0725,270.0,90.0,-20.0,False,False,1.293125,1.293125
1345,130,scene_1.1,scene_1.1_y04,4,32,1,31.41,4.39,0.0725,270.0,90.0,-20.0,True,False,1.293125,1.293125
1346,131,scene_1.1,scene_1.1_y04,4,31,1,30.116875,4.39,0.0725,270.0,90.0,-20.0,False,False,1.293125,1.293125
1347,132,scene_1.1,scene_1.1_y04,4,30,1,28.82375,4.39,0.0725,270.0,90.0,-20.0,False,False,1.293125,1.293125
1348,133,scene_1.1,scene_1.1_y04,4,29,1,27.530625,4.39,0.0725,270.0,90.0,-20.0,False,False,1.293125,1.293125
1349,134,scene_1.1,scene_1.1_y04,4,28,1,26.2375,4.39,0.0725,270.0,90.0,-20.0,True,False,1.293125,1.293125
1350,135,scene_1.1,scene_1.1_y04,4,27,1,24.944375,4.39,0.0725,270.0,90.0,-20.0,False,False,1.293125,1.293125
1351,136,scene_1.1,scene_1.1_y04,4,26,1,23.65125,4.39,0.0725,270.0,90.0,-20.0,False,False,1.293125,1.293125
1352,137,scene_1.1,scene_1.1_y04,4,25,1,22.358125,4.39,0.0725,270.0,90.0,-20.0,False,False,1.293125,1.293125
1353,138,scene_1.1,scene_1.1_y04,4,24,1,21.065,4.39,0.0725,270.0,90.0,-20.0,True,False,1.293125,1.293125
1354,139,scene_1.1,scene_1.1_y04,4,23,1,19.771875,4.39,0.0725,270.0,90.0,-20.0,False,False,1.293125,1.293125
1355,140,scene_1.1,scene_1.1_y04,4,22,1,18.47875,4.39,0.0725,270.0,90.0,-20.0,False,False,1.293125,1.293125
1356,141,scene_1.1,scene_1.1_y04,4,21,1,17.185625,4.39,0.0725,270.0,90.0,-20.0,False,False,1.293125,1.293125
1357,142,scene_1.1,scene_1.1_y04,4,20,1,15.8925,4.39,0.0725,270.0,90.0,-20.0,True,False,1.293125,1.293125
1358,143,scene_1.1,scene_1.1_y04,4,19,1,14.599375,4.39,0.0725,270.0,90.0,-20.0,False,False,1.293125,1.293125
1359,144,scene_1.1,scene_1.1_y04,4,18,1,13.30625,4.39,0.0725,270.0,90.0,-20.0,False,False,1.293125,1.293125
1360,145,scene_1.1,scene_1.1_y04,4,17,1,12.013125,4.39,0.0725,270.0,90.0,-20.0,False,False,1.293125,1.293125
1361,146,scene_1.1,scene_1.1_y04,4,16,1,10.72,4.39,0.0725,270.0,90.0,-20.0,True,False,1.293125,1.293125
1362,147,scene_1.1,scene_1.1_y04,4,15,1,9.426875,4.39,0.0725,270.0,90.0,-20.0,False,False,1.293125,1.293125
1363,148,scene_1.1,scene_1.1_y04,4,14,1,8.13375,4.39,0.0725,270.0,90.0,-20.0,False,False,1.293125,1.293125
1364,149,scene_1.1,scene_1.1_y04,4,13,1,6.840625,4.39,0.0725,270.0,90.0,-20.0,False,False,1.293125,1.293125
1365,150,scene_1.1,scene_1.1_y04,4,12,1,5.5475,4.39,0.0725,270.0,90.0,-20.0,True,False,1.293125,1.293125
1366,151,scene_1.1,scene_1.1_y04,4,11,1,4.254375,4.39,0.0725,270.0,90.0,-20.0,False,False,1.293125,1.293125
1367,152,scene_1.1,scene_1.1_y04,4,10,1,2.96125,4.39,0.0725,270.0,90.0,-20.0,False,False,1.293125,1.293125
1368,153,scene_1.1,scene_1.1_y04,4,9,1,1.668125,4.39,0.0725,270.0,90.0,-20.0,False,False,1.293125,1.293125
1369,154,scene_1.1,scene_1.1_y04,4,8,1,0.375,4.39,0.0725,270.0,90.0,-20.0,True,False,1.293125,1.293125
1370,155,scene_1.1,scene_1.1_y04,4,7,1,-0.918125,4.39,0.0725,270.0,90.0,-20.0,False,False,1.293125,1.293125
1371,156,scene_1.1,scene_1.1_y04,4,6,1,-2.21125,4.39,0.0725,270.0,90.0,-20.0,False,False,1.293125,1.293125
1372,157,scene_1.1,scene_1.1_y04,4,5,1,-3.504375,4.39,0.0725,270.0,90.0,-20.0,False,False,1.293125,1.293125
1373,158,scene_1.1,scene_1.1_y04,4,4,1,-4.7975,4.39,0.0725,270.0,90.0,-20.0,True,False,1.293125,1.293125
1374,159,scene_1.1,scene_1.1_y04,4,3,1,-6.090625,4.39,0.0725,270.0,90.0,-20.0,False,False,1.293125,1.293125
1375,160,scene_1.1,scene_1.1_y04,4,2,1,-7.38375,4.39,0.0725,270.0,90.0,-20.0,False,False,1.293125,1.293125
1376,161,scene_1.1,scene_1.1_y04,4,1,1,-8.676875,4.39,0.0725,270.0,90.0,-20.0,False,False,1.293125,1.293125
1377,162,scene_1.1,scene_1.1_y04,4,0,1,-9.97,4.39,0.0725,0.0,180.0,-20.0,True,False,1.293125,1.8825
1378,163,scene_1.1,scene_1.1_y04,4,0,2,-9.97,4.39,1.955,90.0,270.0,-20.0,True,False,1.8825,1.293125
1379,164,scene_1.1,scene_1.1_y04,4,1,2,-8.676875,4.39,1.955,90.0,270.0,-20.0,False,False,1.293125,1.293125
1380,165,scene_1.1,scene_1.1_y04,4,2,2,-7.38375,4.39,1.955,90.0,270.0,-20.0,False,False,1.293125,1.293125
1381,166,scene_1.1,scene_1.1_y04,4,3,2,-6.090625,4.39,1.955,90.0,270.0,-20.0,False,False,1.293125,1.293125
1382,167,scene_1.1,scene_1.1_y04,4,4,2,-4.7975,4.39,1.955,90.0,270.0,-20.0,True,False,1.293125,1.293125
1383,168,scene_1.1,scene_1.1_y04,4,5,2,-3.504375,4.39,1.955,90.0,270.0,-20.0,False,False,1.293125,1.293125
1384,169,scene_1.1,scene_1.1_y04,4,6,2,-2.21125,4.39,1.955,90.0,270.0,-20.0,False,False,1.293125,1.293125
1385,170,scene_1.1,scene_1.1_y04,4,7,2,-0.918125,4.39,1.955,90.0,270.0,-20.0,False,False,1.293125,1.293125
1386,171,scene_1.1,scene_1.1_y04,4,8,2,0.375,4.39,1.955,90.0,270.0,-20.0,True,False,1.293125,1.293125
1387,172,scene_1.1,scene_1.1_y04,4,9,2,1.668125,4.39,1.955,90.0,270.0,-20.0,False,False,1.293125,1.293125
1388,173,scene_1.1,scene_1.1_y04,4,10,2,2.96125,4.39,1.955,90.0,270.0,-20.0,False,False,1.293125,1.293125
1389,174,scene_1.1,scene_1.1_y04,4,11,2,4.254375,4.39,1.955,90.0,270.0,-20.0,False,False,1.293125,1.293125
1390,175,scene_1.1,scene_1.1_y04,4,12,2,5.5475,4.39,1.955,90.0,270.0,-20.0,True,False,1.293125,1.293125
1391,176,scene_1.1,scene_1.1_y04,4,13,2,6.840625,4.39,1.955,90.0,270.0,-20.0,False,False,1.293125,1.293125
1392,177,scene_1.1,scene_1.1_y04,4,14,2,8.13375,4.39,1.955,90.0,270.0,-20.0,False,False,1.293125,1.293125
1393,178,scene_1.1,scene_1.1_y04,4,15,2,9.426875,4.39,1.955,90.0,270.0,-20.0,False,False,1.293125,1.293125
1394,179,scene_1.1,scene_1.1_y04,4,16,2,10.72,4.39,1.955,90.0,270.0,-20.0,True,False,1.293125,1.293125
1395,180,scene_1.1,scene_1.1_y04,4,17,2,12.013125,4.39,1.955,90.0,270.0,-20.0,False,False,1.293125,1.293125
1396,181,scene_1.1,scene_1.1_y04,4,18,2,13.30625,4.39,1.955,90.0,270.0,-20.0,False,False,1.293125,1.293125
1397,182,scene_1.1,scene_1.1_y04,4,19,2,14.599375,4.39,1.955,90.0,270.0,-20.0,False,False,1.293125,1.293125
1398,183,scene_1.1,scene_1.1_y04,4,20,2,15.8925,4.39,1.955,90.0,270.0,-20.0,True,False,1.293125,1.293125
1399,184,scene_1.1,scene_1.1_y04,4,21,2,17.185625,4.39,1.955,90.0,270.0,-20.0,False,False,1.293125,1.293125
1400,185,scene_1.1,scene_1.1_y04,4,22,2,18.47875,4.39,1.955,90.0,270.0,-20.0,False,False,1.293125,1.293125
1401,186,scene_1.1,scene_1.1_y04,4,23,2,19.771875,4.39,1.955,90.0,270.0,-20.0,False,False,1.293125,1.293125
1402,187,scene_1.1,scene_1.1_y04,4,24,2,21.065,4.39,1.955,90.0,270.0,-20.0,True,False,1.293125,1.293125
1403,188,scene_1.1,scene_1.1_y04,4,25,2,22.358125,4.39,1.955,90.0,270.0,-20.0,False,False,1.293125,1.293125
1404,189,scene_1.1,scene_1.1_y04,4,26,2,23.65125,4.39,1.955,90.0,270.0,-20.0,False,False,1.293125,1.293125
1405,190,scene_1.1,scene_1.1_y04,4,27,2,24.944375,4.39,1.955,90.0,270.0,-20.0,False,False,1.293125,1.293125
1406,191,scene_1.1,scene_1.1_y04,4,28,2,26.2375,4.39,1.955,90.0,270.0,-20.0,True,False,1.293125,1.293125
1407,192,scene_1.1,scene_1.1_y04,4,29,2,27.530625,4.39,1.955,90.0,270.0,-20.0,False,False,1.293125,1.293125
1408,193,scene_1.1,scene_1.1_y04,4,30,2,28.82375,4.39,1.955,90.0,270.0,-20.0,False,False,1.293125,1.293125
1409,194,scene_1.1,scene_1.1_y04,4,31,2,30.116875,4.39,1.955,90.0,270.0,-20.0,False,False,1.293125,1.293125
1410,195,scene_1.1,scene_1.1_y04,4,32,2,31.41,4.39,1.955,90.0,270.0,-20.0,True,False,1.293125,1.293125
1411,196,scene_1.1,scene_1.1_y04,4,33,2,32.703125,4.39,1.955,90.0,270.0,-20.0,False,False,1.293125,1.293125
1412,197,scene_1.1,scene_1.1_y04,4,34,2,33.99625,4.39,1.955,90.0,270.0,-20.0,False,False,1.293125,1.293125
1413,198,scene_1.1,scene_1.1_y04,4,35,2,35.289375,4.39,1.955,90.0,270.0,-20.0,False,False,1.293125,1.293125
1414,199,scene_1.1,scene_1.1_y04,4,36,2,36.5825,4.39,1.955,90.0,270.0,-20.0,True,False,1.293125,1.293125
1415,200,scene_1.1,scene_1.1_y04,4,37,2,37.875625,4.39,1.955,90.0,270.0,-20.0,False,False,1.293125,1.293125
1416,201,scene_1.1,scene_1.1_y04,4,38,2,39.16875,4.39,1.955,90.0,270.0,-20.0,False,False,1.293125,1.293125
1417,202,scene_1.1,scene_1.1_y04,4,39,2,40.461875,4.39,1.955,90.0,270.0,-20.0,False,False,1.293125,1.293125
1418,203,scene_1.1,scene_1.1_y04,4,40,2,41.755,4.39,1.955,90.0,270.0,-20.0,True,False,1.293125,1.293125
1419,204,scene_1.1,scene_1.1_y04,4,41,2,43.048125,4.39,1.955,90.0,270.0,-20.0,False,False,1.293125,1.293125
1420,205,scene_1.1,scene_1.1_y04,4,42,2,44.34125,4.39,1.955,90.0,270.0,-20.0,False,False,1.293125,1.293125
1421,206,scene_1.1,scene_1.1_y04,4,43,2,45.634375,4.39,1.955,90.0,270.0,-20.0,False,False,1.293125,1.293125
1422,207,scene_1.1,scene_1.1_y04,4,44,2,46.9275,4.39,1.955,90.0,270.0,-20.0,True,False,1.293125,1.293125
1423,208,scene_1.1,scene_1.1_y04,4,45,2,48.220625,4.39,1.955,90.0,270.0,-20.0,False,False,1.293125,1.293125
1424,209,scene_1.1,scene_1.1_y04,4,46,2,49.51375,4.39,1.955,90.0,270.0,-20.0,False,False,1.293125,1.293125
1425,210,scene_1.1,scene_1.1_y04,4,47,2,50.806875,4.39,1.955,90.0,270.0,-20.0,False,False,1.293125,1.293125
1426,211,scene_1.1,scene_1.1_y04,4,48,2,52.1,4.39,1.955,90.0,270.0,-20.0,True,False,1.293125,1.293125
1427,212,scene_1.1,scene_1.1_y04,4,49,2,53.393125,4.39,1.955,90.0,270.0,-20.0,False,False,1.293125,1.293125
1428,213,scene_1.1,scene_1.1_y04,4,50,2,54.68625,4.39,1.955,90.0,270.0,-20.0,False,False,1.293125,1.293125
1429,214,scene_1.1,scene_1.1_y04,4,51,2,55.979375,4.39,1.955,90.0,270.0,-20.0,False,False,1.293125,1.293125
1430,215,scene_1.1,scene_1.1_y04,4,52,2,57.2725,4.39,1.955,90.0,270.0,-20.0,True,False,1.293125,1.293125
1431,216,scene_1.1,scene_1.1_y04,4,53,2,58.565625,4.39,1.955,90.0,270.0,-20.0,False,False,1.293125,1.293125
1432,217,scene_1.1,scene_1.1_y04,4,54,2,59.85875,4.39,1.955,90.0,270.0,-20.0,False,False,1.293125,1.293125
1433,218,scene_1.1,scene_1.1_y04,4,55,2,61.151875,4.39,1.955,90.0,270.0,-20.0,False,False,1.293125,1.293125
1434,219,scene_1.1,scene_1.1_y04,4,56,2,62.445,4.39,1.955,90.0,270.0,-20.0,True,False,1.293125,1.293125
1435,220,scene_1.1,scene_1.1_y04,4,57,2,63.738125,4.39,1.955,90.0,270.0,-20.0,False,False,1.293125,1.293125
1436,221,scene_1.1,scene_1.1_y04,4,58,2,65.03125,4.39,1.955,90.0,270.0,-20.0,False,False,1.293125,1.293125
1437,222,scene_1.1,scene_1.1_y04,4,59,2,66.324375,4.39,1.955,90.0,270.0,-20.0,False,False,1.293125,1.293125
1438,223,scene_1.1,scene_1.1_y04,4,60,2,67.6175,4.39,1.955,90.0,270.0,-20.0,True,False,1.293125,1.293125
1439,224,scene_1.1,scene_1.1_y04,4,61,2,68.910625,4.39,1.955,90.0,270.0,-20.0,False,False,1.293125,1.293125
1440,225,scene_1.1,scene_1.1_y04,4,62,2,70.20375,4.39,1.955,90.0,270.0,-20.0,False,False,1.293125,1.293125
1441,226,scene_1.1,scene_1.1_y04,4,63,2,71.496875,4.39,1.955,90.0,270.0,-20.0,False,False,1.293125,1.293125
1442,227,scene_1.1,scene_1.1_y04,4,64,2,72.79,4.39,1.955,90.0,270.0,-20.0,True,False,1.293125,1.293125
1443,228,scene_1.1,scene_1.1_y04,4,65,2,74.083125,4.39,1.955,90.0,270.0,-20.0,False,False,1.293125,1.293125
1444,229,scene_1.1,scene_1.1_y04,4,66,2,75.37625,4.39,1.955,90.0,270.0,-20.0,False,False,1.293125,1.293125
1445,230,scene_1.1,scene_1.1_y04,4,67,2,76.669375,4.39,1.955,90.0,270.0,-20.0,False,False,1.293125,1.293125
1446,231,scene_1.1,scene_1.1_y04,4,68,2,77.9625,4.39,1.955,90.0,270.0,-20.0,True,False,1.293125,1.293125
1447,232,scene_1.1,scene_1.1_y04,4,69,2,79.255625,4.39,1.955,90.0,270.0,-20.0,False,False,1.293125,1.293125
1448,233,scene_1.1,scene_1.1_y04,4,70,2,80.54875,4.39,1.955,90.0,270.0,-20.0,False,False,1.293125,1.293125
1449,234,scene_1.1,scene_1.1_y04,4,71,2,81.841875,4.39,1.955,90.0,270.0,-20.0,False,False,1.293125,1.293125
1450,235,scene_1.1,scene_1.1_y04,4,72,2,83.135,4.39,1.955,90.0,270.0,-20.0,True,False,1.293125,1.293125
1451,236,scene_1.1,scene_1.1_y04,4,73,2,84.428125,4.39,1.955,90.0,270.0,-20.0,False,False,1.293125,1.293125
1452,237,scene_1.1,scene_1.1_y04,4,74,2,85.72125,4.39,1.955,90.0,270.0,-20.0,False,False,1.293125,1.293125
1453,238,scene_1.1,scene_1.1_y04,4,75,2,87.014375,4.39,1.955,90.0,270.0,-20.0,False,False,1.293125,1.293125
1454,239,scene_1.1,scene_1.1_y04,4,76,2,88.3075,4.39,1.955,90.0,270.0,-20.0,True,False,1.293125,1.293125
1455,240,scene_1.1,scene_1.1_y04,4,77,2,89.600625,4.39,1.955,90.0,270.0,-20.0,False,False,1.293125,1.293125
1456,241,scene_1.1,scene_1.1_y04,4,78,2,90.89375,4.39,1.955,90.0,270.0,-20.0,False,False,1.293125,1.293125
1457,242,scene_1.1,scene_1.1_y04,4,79,2,92.186875,4.39,1.955,90.0,270.0,-20.0,False,False,1.293125,1.293125
1458,243,scene_1.1,scene_1.1_y04,4,80,2,93.48,4.39,1.955,0.0,180.0,-20.0,True,False,1.293125,1.8825
1459,244,scene_1.1,scene_1.1_y04,4,80,3,93.48,4.39,3.8375,270.0,90.0,-20.0,True,False,1.8825,1.293125
1460,245,scene_1.1,scene_1.1_y04,4,79,3,92.186875,4.39,3.8375,270.0,90.0,-20.0,False,False,1.293125,1.293125
1461,246,scene_1.1,scene_1.1_y04,4,78,3,90.89375,4.39,3.8375,270.0,90.0,-20.0,False,False,1.293125,1.293125
1462,247,scene_1.1,scene_1.1_y04,4,77,3,89.600625,4.39,3.8375,270.0,90.0,-20.0,False,False,1.293125,1.293125
1463,248,scene_1.1,scene_1.1_y04,4,76,3,88.3075,4.39,3.8375,270.0,90.0,-20.0,True,False,1.293125,1.293125
1464,249,scene_1.1,scene_1.1_y04,4,75,3,87.014375,4.39,3.8375,270.0,90.0,-20.0,False,False,1.293125,1.293125
1465,250,scene_1.1,scene_1.1_y04,4,74,3,85.72125,4.39,3.8375,270.0,90.0,-20.0,False,False,1.293125,1.293125
1466,251,scene_1.1,scene_1.1_y04,4,73,3,84.428125,4.39,3.8375,270.0,90.0,-20.0,False,False,1.293125,1.293125
1467,252,scene_1.1,scene_1.1_y04,4,72,3,83.135,4.39,3.8375,270.0,90.0,-20.0,True,False,1.293125,1.293125
1468,253,scene_1.1,scene_1.1_y04,4,71,3,81.841875,4.39,3.8375,270.0,90.0,-20.0,False,False,1.293125,1.293125
1469,254,scene_1.1,scene_1.1_y04,4,70,3,80.54875,4.39,3.8375,270.0,90.0,-20.0,False,False,1.293125,1.293125
1470,255,scene_1.1,scene_1.1_y04,4,69,3,79.255625,4.39,3.8375,270.0,90.0,-20.0,False,False,1.293125,1.293125
1471,256,scene_1.1,scene_1.1_y04,4,68,3,77.9625,4.39,3.8375,270.0,90.0,-20.0,True,False,1.293125,1.293125
1472,257,scene_1.1,scene_1.1_y04,4,67,3,76.669375,4.39,3.8375,270.0,90.0,-20.0,False,False,1.293125,1.293125
1473,258,scene_1.1,scene_1.1_y04,4,66,3,75.37625,4.39,3.8375,270.0,90.0,-20.0,False,False,1.293125,1.293125
1474,259,scene_1.1,scene_1.1_y04,4,65,3,74.083125,4.39,3.8375,270.0,90.0,-20.0,False,False,1.293125,1.293125
1475,260,scene_1.1,scene_1.1_y04,4,64,3,72.79,4.39,3.8375,270.0,90.0,-20.0,True,False,1.293125,1.293125
1476,261,scene_1.1,scene_1.1_y04,4,63,3,71.496875,4.39,3.8375,270.0,90.0,-20.0,False,False,1.293125,1.293125
1477,262,scene_1.1,scene_1.1_y04,4,62,3,70.20375,4.39,3.8375,270.0,90.0,-20.0,False,False,1.293125,1.293125
1478,263,scene_1.1,scene_1.1_y04,4,61,3,68.910625,4.39,3.8375,270.0,90.0,-20.0,False,False,1.293125,1.293125
1479,264,scene_1.1,scene_1.1_y04,4,60,3,67.6175,4.39,3.8375,270.0,90.0,-20.0,True,False,1.293125,1.293125
1480,265,scene_1.1,scene_1.1_y04,4,59,3,66.324375,4.39,3.8375,270.0,90.0,-20.0,False,False,1.293125,1.293125
1481,266,scene_1.1,scene_1.1_y04,4,58,3,65.03125,4.39,3.8375,270.0,90.0,-20.0,False,False,1.293125,1.293125
1482,267,scene_1.1,scene_1.1_y04,4,57,3,63.738125,4.39,3.8375,270.0,90.0,-20.0,False,False,1.293125,1.293125
1483,268,scene_1.1,scene_1.1_y04,4,56,3,62.445,4.39,3.8375,270.0,90.0,-20.0,True,False,1.293125,1.293125
1484,269,scene_1.1,scene_1.1_y04,4,55,3,61.151875,4.39,3.8375,270.0,90.0,-20.0,False,False,1.293125,1.293125
1485,270,scene_1.1,scene_1.1_y04,4,54,3,59.85875,4.39,3.8375,270.0,90.0,-20.0,False,False,1.293125,1.293125
1486,271,scene_1.1,scene_1.1_y04,4,53,3,58.565625,4.39,3.8375,270.0,90.0,-20.0,False,False,1.293125,1.293125
1487,272,scene_1.1,scene_1.1_y04,4,52,3,57.2725,4.39,3.8375,270.0,90.0,-20.0,True,False,1.293125,1.293125
1488,273,scene_1.1,scene_1.1_y04,4,51,3,55.979375,4.39,3.8375,270.0,90.0,-20.0,False,False,1.293125,1.293125
1489,274,scene_1.1,scene_1.1_y04,4,50,3,54.68625,4.39,3.8375,270.0,90.0,-20.0,False,False,1.293125,1.293125
1490,275,scene_1.1,scene_1.1_y04,4,49,3,53.393125,4.39,3.8375,270.0,90.0,-20.0,False,False,1.293125,1.293125
1491,276,scene_1.1,scene_1.1_y04,4,48,3,52.1,4.39,3.8375,270.0,90.0,-20.0,True,False,1.293125,1.293125
1492,277,scene_1.1,scene_1.1_y04,4,47,3,50.806875,4.39,3.8375,270.0,90.0,-20.0,False,False,1.293125,1.293125
1493,278,scene_1.1,scene_1.1_y04,4,46,3,49.51375,4.39,3.8375,270.0,90.0,-20.0,False,False,1.293125,1.293125
1494,279,scene_1.1,scene_1.1_y04,4,45,3,48.220625,4.39,3.8375,270.0,90.0,-20.0,False,False,1.293125,1.293125
1495,280,scene_1.1,scene_1.1_y04,4,44,3,46.9275,4.39,3.8375,270.0,90.0,-20.0,True,False,1.293125,1.293125
1496,281,scene_1.1,scene_1.1_y04,4,43,3,45.634375,4.39,3.8375,270.0,90.0,-20.0,False,False,1.293125,1.293125
1497,282,scene_1.1,scene_1.1_y04,4,42,3,44.34125,4.39,3.8375,270.0,90.0,-20.0,False,False,1.293125,1.293125
1498,283,scene_1.1,scene_1.1_y04,4,41,3,43.048125,4.39,3.8375,270.0,90.0,-20.0,False,False,1.293125,1.293125
1499,284,scene_1.1,scene_1.1_y04,4,40,3,41.755,4.39,3.8375,270.0,90.0,-20.0,True,False,1.293125,1.293125
1500,285,scene_1.1,scene_1.1_y04,4,39,3,40.461875,4.39,3.8375,270.0,90.0,-20.0,False,False,1.293125,1.293125
1501,286,scene_1.1,scene_1.1_y04,4,38,3,39.16875,4.39,3.8375,270.0,90.0,-20.0,False,False,1.293125,1.293125
1502,287,scene_1.1,scene_1.1_y04,4,37,3,37.875625,4.39,3.8375,270.0,90.0,-20.0,False,False,1.293125,1.293125
1503,288,scene_1.1,scene_1.1_y04,4,36,3,36.5825,4.39,3.8375,270.0,90.0,-20.0,True,False,1.293125,1.293125
1504,289,scene_1.1,scene_1.1_y04,4,35,3,35.289375,4.39,3.8375,270.0,90.0,-20.0,False,False,1.293125,1.293125
1505,290,scene_1.1,scene_1.1_y04,4,34,3,33.99625,4.39,3.8375,270.0,90.0,-20.0,False,False,1.293125,1.293125
1506,291,scene_1.1,scene_1.1_y04,4,33,3,32.703125,4.39,3.8375,270.0,90.0,-20.0,False,False,1.293125,1.293125
1507,292,scene_1.1,scene_1.1_y04,4,32,3,31.41,4.39,3.8375,270.0,90.0,-20.0,True,False,1.293125,1.293125
1508,293,scene_1.1,scene_1.1_y04,4,31,3,30.116875,4.39,3.8375,270.0,90.0,-20.0,False,False,1.293125,1.293125
1509,294,scene_1.1,scene_1.1_y04,4,30,3,28.82375,4.39,3.8375,270.0,90.0,-20.0,False,False,1.293125,1.293125
1510,295,scene_1.1,scene_1.1_y04,4,29,3,27.530625,4.39,3.8375,270.0,90.0,-20.0,False,False,1.293125,1.293125
1511,296,scene_1.1,scene_1.1_y04,4,28,3,26.2375,4.39,3.8375,270.0,90.0,-20.0,True,False,1.293125,1.293125
1512,297,scene_1.1,scene_1.1_y04,4,27,3,24.944375,4.39,3.8375,270.0,90.0,-20.0,False,False,1.293125,1.293125
1513,298,scene_1.1,scene_1.1_y04,4,26,3,23.65125,4.39,3.8375,270.0,90.0,-20.0,False,False,1.293125,1.293125
1514,299,scene_1.1,scene_1.1_y04,4,25,3,22.358125,4.39,3.8375,270.0,90.0,-20.0,False,False,1.293125,1.293125
1515,300,scene_1.1,scene_1.1_y04,4,24,3,21.065,4.39,3.8375,270.0,90.0,-20.0,True,False,1.293125,1.293125
1516,301,scene_1.1,scene_1.1_y04,4,23,3,19.771875,4.39,3.8375,270.0,90.0,-20.0,False,False,1.293125,1.293125
1517,302,scene_1.1,scene_1.1_y04,4,22,3,18.47875,4.39,3.8375,270.0,90.0,-20.0,False,False,1.293125,1.293125
1518,303,scene_1.1,scene_1.1_y04,4,21,3,17.185625,4.39,3.8375,270.0,90.0,-20.0,False,False,1.293125,1.293125
1519,304,scene_1.1,scene_1.1_y04,4,20,3,15.8925,4.39,3.8375,270.0,90.0,-20.0,True,False,1.293125,1.293125
1520,305,scene_1.1,scene_1.1_y04,4,19,3,14.599375,4.39,3.8375,270.0,90.0,-20.0,False,False,1.293125,1.293125
1521,306,scene_1.1,scene_1.1_y04,4,18,3,13.30625,4.39,3.8375,270.0,90.0,-20.0,False,False,1.293125,1.293125
1522,307,scene_1.1,scene_1.1_y04,4,17,3,12.013125,4.39,3.8375,270.0,90.0,-20.0,False,False,1.293125,1.293125
1523,308,scene_1.1,scene_1.1_y04,4,16,3,10.72,4.39,3.8375,270.0,90.0,-20.0,True,False,1.293125,1.293125
1524,309,scene_1.1,scene_1.1_y04,4,15,3,9.426875,4.39,3.8375,270.0,90.0,-20.0,False,False,1.293125,1.293125
1525,310,scene_1.1,scene_1.1_y04,4,14,3,8.13375,4.39,3.8375,270.0,90.0,-20.0,False,False,1.293125,1.293125
1526,311,scene_1.1,scene_1.1_y04,4,13,3,6.840625,4.39,3.8375,270.0,90.0,-20.0,False,False,1.293125,1.293125
1527,312,scene_1.1,scene_1.1_y04,4,12,3,5.5475,4.39,3.8375,270.0,90.0,-20.0,True,False,1.293125,1.293125
1528,313,scene_1.1,scene_1.1_y04,4,11,3,4.254375,4.39,3.8375,270.0,90.0,-20.0,False,False,1.293125,1.293125
1529,314,scene_1.1,scene_1.1_y04,4,10,3,2.96125,4.39,3.8375,270.0,90.0,-20.0,False,False,1.293125,1.293125
1530,315,scene_1.1,scene_1.1_y04,4,9,3,1.668125,4.39,3.8375,270.0,90.0,-20.0,False,False,1.293125,1.293125
1531,316,scene_1.1,scene_1.1_y04,4,8,3,0.375,4.39,3.8375,270.0,90.0,-20.0,True,False,1.293125,1.293125
1532,317,scene_1.1,scene_1.1_y04,4,7,3,-0.918125,4.39,3.8375,270.0,90.0,-20.0,False,False,1.293125,1.293125
1533,318,scene_1.1,scene_1.1_y04,4,6,3,-2.21125,4.39,3.8375,270.0,90.0,-20.0,False,False,1.293125,1.293125
1534,319,scene_1.1,scene_1.1_y04,4,5,3,-3.504375,4.39,3.8375,270.0,90.0,-20.0,False,False,1.293125,1.293125
1535,320,scene_1.1,scene_1.1_y04,4,4,3,-4.7975,4.39,3.8375,270.0,90.0,-20.0,True,False,1.293125,1.293125
1536,321,scene_1.1,scene_1.1_y04,4,3,3,-6.090625,4.39,3.8375,270.0,90.0,-20.0,False,False,1.293125,1.293125
1537,322,scene_1.1,scene_1.1_y04,4,2,3,-7.38375,4.39,3.8375,270.0,90.0,-20.0,False,False,1.293125,1.293125
1538,323,scene_1.1,scene_1.1_y04,4,1,3,-8.676875,4.39,3.8375,270.0,90.0,-20.0,False,False,1.293125,1.293125
1539,324,scene_1.1,scene_1.1_y04,4,0,3,-9.97,4.39,3.8375,0.0,180.0,-20.0,True,False,1.293125,1.8825
1540,325,scene_1.1,scene_1.1_y04,4,0,4,-9.97,4.39,5.72,90.0,270.0,-20.0,True,False,1.8825,1.293125
1541,326,scene_1.1,scene_1.1_y04,4,1,4,-8.676875,4.39,5.72,90.0,270.0,-20.0,False,False,1.293125,1.293125
1542,327,scene_1.1,scene_1.1_y04,4,2,4,-7.38375,4.39,5.72,90.0,270.0,-20.0,False,False,1.293125,1.293125
1543,328,scene_1.1,scene_1.1_y04,4,3,4,-6.090625,4.39,5.72,90.0,270.0,-20.0,False,False,1.293125,1.293125
1544,329,scene_1.1,scene_1.1_y04,4,4,4,-4.7975,4.39,5.72,90.0,270.0,-20.0,True,False,1.293125,1.293125
1545,330,scene_1.1,scene_1.1_y04,4,5,4,-3.504375,4.39,5.72,90.0,270.0,-20.0,False,False,1.293125,1.293125
1546,331,scene_1.1,scene_1.1_y04,4,6,4,-2.21125,4.39,5.72,90.0,270.0,-20.0,False,False,1.293125,1.293125
1547,332,scene_1.1,scene_1.1_y04,4,7,4,-0.918125,4.39,5.72,90.0,270.0,-20.0,False,False,1.293125,1.293125
1548,333,scene_1.1,scene_1.1_y04,4,8,4,0.375,4.39,5.72,90.0,270.0,-20.0,True,False,1.293125,1.293125
1549,334,scene_1.1,scene_1.1_y04,4,9,4,1.668125,4.39,5.72,90.0,270.0,-20.0,False,False,1.293125,1.293125
1550,335,scene_1.1,scene_1.1_y04,4,10,4,2.96125,4.39,5.72,90.0,270.0,-20.0,False,False,1.293125,1.293125
1551,336,scene_1.1,scene_1.1_y04,4,11,4,4.254375,4.39,5.72,90.0,270.0,-20.0,False,False,1.293125,1.293125
1552,337,scene_1.1,scene_1.1_y04,4,12,4,5.5475,4.39,5.72,90.0,270.0,-20.0,True,False,1.293125,1.293125
1553,338,scene_1.1,scene_1.1_y04,4,13,4,6.840625,4.39,5.72,90.0,270.0,-20.0,False,False,1.293125,1.293125
1554,339,scene_1.1,scene_1.1_y04,4,14,4,8.13375,4.39,5.72,90.0,270.0,-20.0,False,False,1.293125,1.293125
1555,340,scene_1.1,scene_1.1_y04,4,15,4,9.426875,4.39,5.72,90.0,270.0,-20.0,False,False,1.293125,1.293125
1556,341,scene_1.1,scene_1.1_y04,4,16,4,10.72,4.39,5.72,90.0,270.0,-20.0,True,False,1.293125,1.293125
1557,342,scene_1.1,scene_1.1_y04,4,17,4,12.013125,4.39,5.72,90.0,270.0,-20.0,False,False,1.293125,1.293125
1558,343,scene_1.1,scene_1.1_y04,4,18,4,13.30625,4.39,5.72,90.0,270.0,-20.0,False,False,1.293125,1.293125
1559,344,scene_1.1,scene_1.1_y04,4,19,4,14.599375,4.39,5.72,90.0,270.0,-20.0,False,False,1.293125,1.293125
1560,345,scene_1.1,scene_1.1_y04,4,20,4,15.8925,4.39,5.72,90.0,270.0,-20.0,True,False,1.293125,1.293125
1561,346,scene_1.1,scene_1.1_y04,4,21,4,17.185625,4.39,5.72,90.0,270.0,-20.0,False,False,1.293125,1.293125
1562,347,scene_1.1,scene_1.1_y04,4,22,4,18.47875,4.39,5.72,90.0,270.0,-20.0,False,False,1.293125,1.293125
1563,348,scene_1.1,scene_1.1_y04,4,23,4,19.771875,4.39,5.72,90.0,270.0,-20.0,False,False,1.293125,1.293125
1564,349,scene_1.1,scene_1.1_y04,4,24,4,21.065,4.39,5.72,90.0,270.0,-20.0,True,False,1.293125,1.293125
1565,350,scene_1.1,scene_1.1_y04,4,25,4,22.358125,4.39,5.72,90.0,270.0,-20.0,False,False,1.293125,1.293125
1566,351,scene_1.1,scene_1.1_y04,4,26,4,23.65125,4.39,5.72,90.0,270.0,-20.0,False,False,1.293125,1.293125
1567,352,scene_1.1,scene_1.1_y04,4,27,4,24.944375,4.39,5.72,90.0,270.0,-20.0,False,False,1.293125,1.293125
1568,353,scene_1.1,scene_1.1_y04,4,28,4,26.2375,4.39,5.72,90.0,270.0,-20.0,True,False,1.293125,1.293125
1569,354,scene_1.1,scene_1.1_y04,4,29,4,27.530625,4.39,5.72,90.0,270.0,-20.0,False,False,1.293125,1.293125
1570,355,scene_1.1,scene_1.1_y04,4,30,4,28.82375,4.39,5.72,90.0,270.0,-20.0,False,False,1.293125,1.293125
1571,356,scene_1.1,scene_1.1_y04,4,31,4,30.116875,4.39,5.72,90.0,270.0,-20.0,False,False,1.293125,1.293125
1572,357,scene_1.1,scene_1.1_y04,4,32,4,31.41,4.39,5.72,90.0,270.0,-20.0,True,False,1.293125,1.293125
1573,358,scene_1.1,scene_1.1_y04,4,33,4,32.703125,4.39,5.72,90.0,270.0,-20.0,False,False,1.293125,1.293125
1574,359,scene_1.1,scene_1.1_y04,4,34,4,33.99625,4.39,5.72,90.0,270.0,-20.0,False,False,1.293125,1.293125
1575,360,scene_1.1,scene_1.1_y04,4,35,4,35.289375,4.39,5.72,90.0,270.0,-20.0,False,False,1.293125,1.293125
1576,361,scene_1.1,scene_1.1_y04,4,36,4,36.5825,4.39,5.72,90.0,270.0,-20.0,True,False,1.293125,1.293125
1577,362,scene_1.1,scene_1.1_y04,4,37,4,37.875625,4.39,5.72,90.0,270.0,-20.0,False,False,1.293125,1.293125
1578,363,scene_1.1,scene_1.1_y04,4,38,4,39.16875,4.39,5.72,90.0,270.0,-20.0,False,False,1.293125,1.293125
1579,364,scene_1.1,scene_1.1_y04,4,39,4,40.461875,4.39,5.72,90.0,270.0,-20.0,False,False,1.293125,1.293125
1580,365,scene_1.1,scene_1.1_y04,4,40,4,41.755,4.39,5.72,90.0,270.0,-20.0,True,False,1.293125,1.293125
1581,366,scene_1.1,scene_1.1_y04,4,41,4,43.048125,4.39,5.72,90.0,270.0,-20.0,False,False,1.293125,1.293125
1582,367,scene_1.1,scene_1.1_y04,4,42,4,44.34125,4.39,5.72,90.0,270.0,-20.0,False,False,1.293125,1.293125
1583,368,scene_1.1,scene_1.1_y04,4,43,4,45.634375,4.39,5.72,90.0,270.0,-20.0,False,False,1.293125,1.293125
1584,369,scene_1.1,scene_1.1_y04,4,44,4,46.9275,4.39,5.72,90.0,270.0,-20.0,True,False,1.293125,1.293125
1585,370,scene_1.1,scene_1.1_y04,4,45,4,48.220625,4.39,5.72,90.0,270.0,-20.0,False,False,1.293125,1.293125
1586,371,scene_1.1,scene_1.1_y04,4,46,4,49.51375,4.39,5.72,90.0,270.0,-20.0,False,False,1.293125,1.293125
1587,372,scene_1.1,scene_1.1_y04,4,47,4,50.806875,4.39,5.72,90.0,270.0,-20.0,False,False,1.293125,1.293125
1588,373,scene_1.1,scene_1.1_y04,4,48,4,52.1,4.39,5.72,90.0,270.0,-20.0,True,False,1.293125,1.293125
1589,374,scene_1.1,scene_1.1_y04,4,49,4,53.393125,4.39,5.72,90.0,270.0,-20.0,False,False,1.293125,1.293125
1590,375,scene_1.1,scene_1.1_y04,4,50,4,54.68625,4.39,5.72,90.0,270.0,-20.0,False,False,1.293125,1.293125
1591,376,scene_1.1,scene_1.1_y04,4,51,4,55.979375,4.39,5.72,90.0,270.0,-20.0,False,False,1.293125,1.293125
1592,377,scene_1.1,scene_1.1_y04,4,52,4,57.2725,4.39,5.72,90.0,270.0,-20.0,True,False,1.293125,1.293125
1593,378,scene_1.1,scene_1.1_y04,4,53,4,58.565625,4.39,5.72,90.0,270.0,-20.0,False,False,1.293125,1.293125
1594,379,scene_1.1,scene_1.1_y04,4,54,4,59.85875,4.39,5.72,90.0,270.0,-20.0,False,False,1.293125,1.293125
1595,380,scene_1.1,scene_1.1_y04,4,55,4,61.151875,4.39,5.72,90.0,270.0,-20.0,False,False,1.293125,1.293125
1596,381,scene_1.1,scene_1.1_y04,4,56,4,62.445,4.39,5.72,90.0,270.0,-20.0,True,False,1.293125,1.293125
1597,382,scene_1.1,scene_1.1_y04,4,57,4,63.738125,4.39,5.72,90.0,270.0,-20.0,False,False,1.293125,1.293125
1598,383,scene_1.1,scene_1.1_y04,4,58,4,65.03125,4.39,5.72,90.0,270.0,-20.0,False,False,1.293125,1.293125
1599,384,scene_1.1,scene_1.1_y04,4,59,4,66.324375,4.39,5.72,90.0,270.0,-20.0,False,False,1.293125,1.293125
1600,385,scene_1.1,scene_1.1_y04,4,60,4,67.6175,4.39,5.72,90.0,270.0,-20.0,True,False,1.293125,1.293125
1601,386,scene_1.1,scene_1.1_y04,4,61,4,68.910625,4.39,5.72,90.0,270.0,-20.0,False,False,1.293125,1.293125
1602,387,scene_1.1,scene_1.1_y04,4,62,4,70.20375,4.39,5.72,90.0,270.0,-20.0,False,False,1.293125,1.293125
1603,388,scene_1.1,scene_1.1_y04,4,63,4,71.496875,4.39,5.72,90.0,270.0,-20.0,False,False,1.293125,1.293125
1604,389,scene_1.1,scene_1.1_y04,4,64,4,72.79,4.39,5.72,90.0,270.0,-20.0,True,False,1.293125,1.293125
1605,390,scene_1.1,scene_1.1_y04,4,65,4,74.083125,4.39,5.72,90.0,270.0,-20.0,False,False,1.293125,1.293125
1606,391,scene_1.1,scene_1.1_y04,4,66,4,75.37625,4.39,5.72,90.0,270.0,-20.0,False,False,1.293125,1.293125
1607,392,scene_1.1,scene_1.1_y04,4,67,4,76.669375,4.39,5.72,90.0,270.0,-20.0,False,False,1.293125,1.293125
1608,393,scene_1.1,scene_1.1_y04,4,68,4,77.9625,4.39,5.72,90.0,270.0,-20.0,True,False,1.293125,1.293125
1609,394,scene_1.1,scene_1.1_y04,4,69,4,79.255625,4.39,5.72,90.0,270.0,-20.0,False,False,1.293125,1.293125
1610,395,scene_1.1,scene_1.1_y04,4,70,4,80.54875,4.39,5.72,90.0,270.0,-20.0,False,False,1.293125,1.293125
1611,396,scene_1.1,scene_1.1_y04,4,71,4,81.841875,4.39,5.72,90.0,270.0,-20.0,False,False,1.293125,1.293125
1612,397,scene_1.1,scene_1.1_y04,4,72,4,83.135,4.39,5.72,90.0,270.0,-20.0,True,False,1.293125,1.293125
1613,398,scene_1.1,scene_1.1_y04,4,73,4,84.428125,4.39,5.72,90.0,270.0,-20.0,False,False,1.293125,1.293125
1614,399,scene_1.1,scene_1.1_y04,4,74,4,85.72125,4.39,5.72,90.0,270.0,-20.0,False,False,1.293125,1.293125
1615,400,scene_1.1,scene_1.1_y04,4,75,4,87.014375,4.39,5.72,90.0,270.0,-20.0,False,False,1.293125,1.293125
1616,401,scene_1.1,scene_1.1_y04,4,76,4,88.3075,4.39,5.72,90.0,270.0,-20.0,True,False,1.293125,1.293125
1617,402,scene_1.1,scene_1.1_y04,4,77,4,89.600625,4.39,5.72,90.0,270.0,-20.0,False,False,1.293125,1.293125
1618,403,scene_1.1,scene_1.1_y04,4,78,4,90.89375,4.39,5.72,90.0,270.0,-20.0,False,False,1.293125,1.293125
1619,404,scene_1.1,scene_1.1_y04,4,79,4,92.186875,4.39,5.72,90.0,270.0,-20.0,False,False,1.293125,1.293125
1620,405,scene_1.1,scene_1.1_y04,4,80,4,93.48,4.39,5.72,90.0,270.0,-20.0,True,False,1.293125,0.0
