trajectory_id,family_id,variant_index,start_score,end_score,terminal_gain,keyframe_count,real_control_point_count,interpolated_keyframe_count,duration_sec,path_xyz_length,net_xyz_distance,path_to_net_ratio,max_xyz_step,max_speed_mps,max_abs_tangential_acceleration_mps2,max_yaw_step_deg,max_pitch_step_deg,max_sampled_turn_deg,target_distance_total_increase,start_anchor_node_id,target_anchor_node_id,physical_curve_signature_1cm,pose_curve_signature_exact
scene_3_1_terminalgain_globalmax_interp_0001,family_01,1,6.737561,6.873469,0.135909,50,2,48,4.9,4.755432,4.755432,1.0,0.181918,1.819178,1.140931,0.0,0.0,0.042359,0.0,scene_3.1|scene_3.1_y04_hull_dense_y04_14p13|9158|96,scene_3.1|scene_3.1_y04_hull_dense_y04_14p13|8872|83,a188e2dc2e0d583a4b375d80b8699110d9e21b24,4bd0bd2e3ce5a77a0067666924da3bc161ba49a1
scene_3_1_terminalgain_globalmax_interp_0002,family_01,2,6.737561,6.873469,0.135909,50,2,48,4.9,4.756655,4.755432,1.000257,0.181918,1.819178,1.141039,0.14308,0.080072,0.191835,0.0,scene_3.1|scene_3.1_y04_hull_dense_y04_14p13|9158|96,scene_3.1|scene_3.1_y04_hull_dense_y04_14p13|8872|83,58c7c016ae50cc3a56754c01fa9d1ca572b1717f,7bd4ef6bd3ced4a2f02d1e3b58784194f3df9360
scene_3_1_terminalgain_globalmax_interp_0003,family_01,3,6.737561,6.873469,0.135909,50,2,48,4.9,4.76252,4.755432,1.00149,0.181918,1.819178,1.141275,0.176265,0.095722,0.338136,0.0,scene_3.1|scene_3.1_y04_hull_dense_y04_14p13|9158|96,scene_3.1|scene_3.1_y04_hull_dense_y04_14p13|8872|83,746a817f404f89cf2bca301473d9c2e889745853,4c6f72c4a73fea88cab992fd535b385eed4fc822
scene_3_1_terminalgain_globalmax_interp_0004,family_01,4,6.737561,6.873469,0.135909,50,2,48,4.9,4.772093,4.755432,1.003504,0.181918,1.819178,1.141688,0.092227,0.065708,0.519148,0.0,scene_3.1|scene_3.1_y04_hull_dense_y04_14p13|9158|96,scene_3.1|scene_3.1_y04_hull_dense_y04_14p13|8872|83,37abf6a74165398cf1c056f30d3bdc413fd7a255,ac845bcb7ad3be198cc5243bf8d04daee7d74efe
scene_3_1_terminalgain_globalmax_interp_0005,family_01,5,6.737561,6.873469,0.135909,50,2,48,4.9,4.761663,4.755432,1.00131,0.181917,1.819172,1.141273,0.008189,0.035695,0.317355,0.0,scene_3.1|scene_3.1_y04_hull_dense_y04_14p13|9158|96,scene_3.1|scene_3.1_y04_hull_dense_y04_14p13|8872|83,c08054f5ab4b64d76a8d3f0594e37b403b0892d3,e938775d881facf4987d1e593940e2dc7c8d7a71
scene_3_1_terminalgain_globalmax_interp_0006,family_01,6,6.737561,6.873469,0.135909,50,2,48,4.9,4.770078,4.755432,1.00308,0.181917,1.819171,1.14161,0.075849,0.005681,0.486731,0.0,scene_3.1|scene_3.1_y04_hull_dense_y04_14p13|9158|96,scene_3.1|scene_3.1_y04_hull_dense_y04_14p13|8872|83,b763ce2672854ba9506c30f0ba3e50403f74b86b,4ff9e75e732dce69ccb344180ff6b06c18273c19
scene_3_1_terminalgain_globalmax_interp_0007,family_01,7,6.737561,6.873469,0.135909,50,2,48,4.9,4.758306,4.755432,1.000604,0.181918,1.819178,1.141001,0.159888,0.024332,0.222456,0.0,scene_3.1|scene_3.1_y04_hull_dense_y04_14p13|9158|96,scene_3.1|scene_3.1_y04_hull_dense_y04_14p13|8872|83,02b72a412d269d540e13a37d11670ba8d5f980fa,f32c22e3199af095ee7ea49f4dfdfc962489a2f2
scene_3_1_terminalgain_globalmax_interp_0008,family_01,8,6.737561,6.873469,0.135909,50,2,48,4.9,4.774788,4.755432,1.00407,0.181918,1.819178,1.141989,0.159457,0.054346,0.559706,0.0,scene_3.1|scene_3.1_y04_hull_dense_y04_14p13|9158|96,scene_3.1|scene_3.1_y04_hull_dense_y04_14p13|8872|83,a9b957879b28303949b0d388c8a55e9a1e04e467,0fdc09d2ed5534eedcbd7cf5bbbb2c28bc7a5c60
scene_3_1_terminalgain_globalmax_interp_0009,family_01,9,6.737561,6.873469,0.135909,50,2,48,4.9,4.791787,4.755432,1.007645,0.181917,1.819171,1.142751,0.075419,0.08436,0.76869,0.0,scene_3.1|scene_3.1_y04_hull_dense_y04_14p13|9158|96,scene_3.1|scene_3.1_y04_hull_dense_y04_14p13|8872|83,dbe51fb999e5211ba284a656e91a5f3efdb03b81,1d99fb500aa737846ff75b40b1b1ef562f0f3073
scene_3_1_terminalgain_globalmax_interp_0010,family_01,10,6.737561,6.873469,0.135909,50,2,48,4.9,4.773124,4.755432,1.00372,0.181918,1.819178,1.141843,0.008619,0.091435,0.534789,0.0,scene_3.1|scene_3.1_y04_hull_dense_y04_14p13|9158|96,scene_3.1|scene_3.1_y04_hull_dense_y04_14p13|8872|83,0ffe35f662e601d035a059db6246f58613a58d0b,a0733043b33955f144503639d791aac55acee4f3
scene_3_1_terminalgain_globalmax_interp_0011,family_01,11,6.737561,6.873469,0.135909,50,2,48,4.9,4.761201,4.755432,1.001213,0.181918,1.819178,1.14125,0.092657,0.061421,0.30526,0.0,scene_3.1|scene_3.1_y04_hull_dense_y04_14p13|9158|96,scene_3.1|scene_3.1_y04_hull_dense_y04_14p13|8872|83,6bafc95488f095df89b984e5198d8fe8d14671e2,cfa4fb220de4c4d55eb10fb5714096091262c70d
scene_3_1_terminalgain_globalmax_interp_0012,family_01,12,6.737561,6.873469,0.135909,50,2,48,4.9,4.764204,4.755432,1.001844,0.181917,1.819171,1.141421,0.176696,0.031408,0.376579,0.0,scene_3.1|scene_3.1_y04_hull_dense_y04_14p13|9158|96,scene_3.1|scene_3.1_y04_hull_dense_y04_14p13|8872|83,3e897038b9226617c7749f6059a8b15a08203aae,0bae2b9363cfaf56c40c2f5dc14e4cdcfa36ef78
scene_3_1_terminalgain_globalmax_interp_0013,family_01,13,6.737561,6.873469,0.135909,50,2,48,4.9,4.77579,4.755432,1.004281,0.181918,1.819178,1.141906,0.14265,0.001394,0.573964,0.0,scene_3.1|scene_3.1_y04_hull_dense_y04_14p13|9158|96,scene_3.1|scene_3.1_y04_hull_dense_y04_14p13|8872|83,ddbe28927e1b579ab980077d9465a170cecd0bff,a349a3c595c1300170f984200afb6fde32f52d6a
scene_3_1_terminalgain_globalmax_interp_0014,family_01,14,6.737561,6.873469,0.135909,50,2,48,4.9,4.757146,4.755432,1.00036,0.181917,1.819171,1.141013,0.058611,0.02862,0.230379,0.0,scene_3.1|scene_3.1_y04_hull_dense_y04_14p13|9158|96,scene_3.1|scene_3.1_y04_hull_dense_y04_14p13|8872|83,e648b584f452649ebc39004c783f91ab2160fc89,a9cfd015cf0dc6def615cca3f348788279315715
scene_3_1_terminalgain_globalmax_interp_0015,family_01,15,6.737561,6.873469,0.135909,50,2,48,4.9,4.763761,4.755432,1.001751,0.181918,1.819178,1.141412,0.025427,0.058633,0.403938,0.0,scene_3.1|scene_3.1_y04_hull_dense_y04_14p13|9158|96,scene_3.1|scene_3.1_y04_hull_dense_y04_14p13|8872|83,2707707acb056c12c38fed371367c45ae7970f32,38b582d2e5dd33b9a2ec652672e1cf3dfc5aed86
scene_3_1_terminalgain_globalmax_interp_0016,family_01,16,6.737561,6.873469,0.135909,50,2,48,4.9,4.772698,4.755432,1.003631,0.181918,1.819178,1.141653,0.109464,0.088647,0.528317,0.0,scene_3.1|scene_3.1_y04_hull_dense_y04_14p13|9158|96,scene_3.1|scene_3.1_y04_hull_dense_y04_14p13|8872|83,f154cad1d2d123743733f7df8ada1eb6f59cf607,8f4bc668b0fca326dc26419b3115641f614cfbf1
scene_3_1_terminalgain_globalmax_interp_0017,family_01,17,6.737561,6.873469,0.135909,50,2,48,4.9,4.769883,4.755432,1.003039,0.181917,1.819171,1.141675,0.193502,0.087147,0.483481,0.0,scene_3.1|scene_3.1_y04_hull_dense_y04_14p13|9158|96,scene_3.1|scene_3.1_y04_hull_dense_y04_14p13|8872|83,82a3be68f0cada1040de2c96aaddb1e7991cdff5,361ebbf192e7d9b1958cac90d21b2de28818c34a
scene_3_1_terminalgain_globalmax_interp_0018,family_01,18,6.737561,6.873469,0.135909,50,2,48,4.9,4.769763,4.755432,1.003014,0.181918,1.819178,1.141562,0.206518,0.057133,0.481223,0.0,scene_3.1|scene_3.1_y04_hull_dense_y04_14p13|9158|96,scene_3.1|scene_3.1_y04_hull_dense_y04_14p13|8872|83,d538788270e80024cd6a648142c64b407f976ed0,03fcef20d7c4aca73fb87bafb019551a7f75d6c6
scene_3_1_terminalgain_globalmax_interp_0019,family_01,19,6.737561,6.873469,0.135909,50,2,48,4.9,4.772683,4.755432,1.003627,0.181917,1.819172,1.141797,0.12248,0.02712,0.528341,0.0,scene_3.1|scene_3.1_y04_hull_dense_y04_14p13|9158|96,scene_3.1|scene_3.1_y04_hull_dense_y04_14p13|8872|83,d027102a7ecceecee1616d8a0c7486edef22bd6f,abbd070458361c18e9a767ebd4fbb1520cc82cb8
scene_3_1_terminalgain_globalmax_interp_0020,family_01,20,6.737561,6.873469,0.135909,50,2,48,4.9,4.764991,4.755432,1.00201,0.181917,1.819172,1.141365,0.038442,0.002894,0.393053,0.0,scene_3.1|scene_3.1_y04_hull_dense_y04_14p13|9158|96,scene_3.1|scene_3.1_y04_hull_dense_y04_14p13|8872|83,726db92a504765da719700a6f43b750ab0ccfc45,14a3de28c3e9c0427500f176cf1895d5684e6584
scene_3_1_terminalgain_globalmax_interp_0021,family_01,21,6.737561,6.873469,0.135909,50,2,48,4.9,4.766539,4.755432,1.002336,0.181918,1.819178,1.141529,0.045595,0.032908,0.423559,0.0,scene_3.1|scene_3.1_y04_hull_dense_y04_14p13|9158|96,scene_3.1|scene_3.1_y04_hull_dense_y04_14p13|8872|83,1483a027bdedfe62f84712e98c93411df6604eec,deb9cca220129e78fb91f9d348518c024b2e05ec
scene_3_1_terminalgain_globalmax_interp_0022,family_01,22,6.737561,6.873469,0.135909,50,2,48,4.9,4.767149,4.755432,1.002464,0.181917,1.819171,1.141417,0.129634,0.062921,0.435257,0.0,scene_3.1|scene_3.1_y04_hull_dense_y04_14p13|9158|96,scene_3.1|scene_3.1_y04_hull_dense_y04_14p13|8872|83,70c088096349fb7978d739753b00224e350502f9,23e447e1372d5620c30e28d5bdbe447a887b9a67
scene_3_1_terminalgain_globalmax_interp_0023,family_01,23,6.737561,6.873469,0.135909,50,2,48,4.9,4.75559,4.755432,1.000033,0.181918,1.819178,1.141045,0.189711,0.092935,0.057081,0.0,scene_3.1|scene_3.1_y04_hull_dense_y04_14p13|9158|96,scene_3.1|scene_3.1_y04_hull_dense_y04_14p13|8872|83,32530fac26e10afee00b126750ecc6125f37a75d,ff8f193afab7485bce3e6e7f70278119e56338d4
scene_3_1_terminalgain_globalmax_interp_0024,family_01,24,6.737561,6.873469,0.135909,50,2,48,4.9,4.781244,4.755432,1.005428,0.181918,1.819178,1.14218,0.105673,0.08286,0.646626,0.0,scene_3.1|scene_3.1_y04_hull_dense_y04_14p13|9158|96,scene_3.1|scene_3.1_y04_hull_dense_y04_14p13|8872|83,c8dd308a884f4866f2e20fa0c1f0b9f89cde97db,e5478cc6cb3a5c4145e7c57becc8a41a4030dba9
scene_3_1_terminalgain_globalmax_interp_0025,family_01,25,6.737561,6.873469,0.135909,50,2,48,4.9,4.775046,4.755432,1.004124,0.181916,1.819164,1.141782,0.021635,0.052846,0.56329,0.0,scene_3.1|scene_3.1_y04_hull_dense_y04_14p13|9158|96,scene_3.1|scene_3.1_y04_hull_dense_y04_14p13|8872|83,f00ee36a9d63c4c4c0ba29c1b0ed4b888354dfee,638d3042a2f59cb7c57315f050fbbc158a0a110f
scene_3_1_terminalgain_globalmax_interp_0026,family_01,26,6.737561,6.873469,0.135909,50,2,48,4.9,4.756794,4.755432,1.000286,0.181917,1.819172,1.141086,0.062403,0.022832,0.148674,0.0,scene_3.1|scene_3.1_y04_hull_dense_y04_14p13|9158|96,scene_3.1|scene_3.1_y04_hull_dense_y04_14p13|8872|83,4d7cdc001b60b8209321934573555f6fb403d0d6,79831fbb106620ff5228478a25e948a0f804b2fe
scene_3_1_terminalgain_globalmax_interp_0027,family_01,27,6.737561,6.873469,0.135909,50,2,48,4.9,4.774935,4.755432,1.004101,0.181918,1.819178,1.141797,0.146441,0.007181,0.561796,0.0,scene_3.1|scene_3.1_y04_hull_dense_y04_14p13|9158|96,scene_3.1|scene_3.1_y04_hull_dense_y04_14p13|8872|83,86a3c9f7dcebbd3134651f6b378ae02e22b7364c,05c319235d6f50917c457f8fc026a5f196a7895c
scene_3_1_terminalgain_globalmax_interp_0028,family_01,28,6.737561,6.873469,0.135909,50,2,48,4.9,4.775131,4.755432,1.004142,0.181918,1.819178,1.141913,0.172904,0.037195,0.564542,0.0,scene_3.1|scene_3.1_y04_hull_dense_y04_14p13|9158|96,scene_3.1|scene_3.1_y04_hull_dense_y04_14p13|8872|83,d7af91bc3a235a93f52ab3b6dd5b2e31744daab2,1b140aca1cbf7af4627d9149e3920ca49f438b25
scene_3_1_terminalgain_globalmax_interp_0029,family_01,29,6.737561,6.873469,0.135909,50,2,48,4.9,4.764141,4.755432,1.001831,0.181918,1.819178,1.141389,0.088865,0.067208,0.37761,0.0,scene_3.1|scene_3.1_y04_hull_dense_y04_14p13|9158|96,scene_3.1|scene_3.1_y04_hull_dense_y04_14p13|8872|83,88c22fc12cc29b9b5c5e16b0347d5fe0b453eb7c,6714ea16f54ca388630779c50c808ff8d6a89b5a
scene_3_1_terminalgain_globalmax_interp_0030,family_01,30,6.737561,6.873469,0.135909,50,2,48,4.9,4.763622,4.755432,1.001722,0.181917,1.819171,1.141369,0.004827,0.097222,0.363883,0.0,scene_3.1|scene_3.1_y04_hull_dense_y04_14p13|9158|96,scene_3.1|scene_3.1_y04_hull_dense_y04_14p13|8872|83,9e12004fb85a9c7b9732c6dc6745e56be9104fcf,07ffab1866d1cd2e1151e6c5cd73a24735f7d8f6
scene_3_1_terminalgain_globalmax_interp_0031,family_01,31,6.737561,6.873469,0.135909,50,2,48,4.9,4.762413,4.755432,1.001468,0.181918,1.819178,1.141249,0.079211,0.078572,0.375497,0.0,scene_3.1|scene_3.1_y04_hull_dense_y04_14p13|9158|96,scene_3.1|scene_3.1_y04_hull_dense_y04_14p13|8872|83,dc9662ebec275c088e7026931100d03008773ea8,61de7e6c8ec2a6063f185c3876c9ae2d914e61d2
scene_3_1_terminalgain_globalmax_interp_0032,family_01,32,6.737561,6.873469,0.135909,50,2,48,4.9,4.769966,4.755432,1.003056,0.181918,1.819178,1.141697,0.163249,0.048558,0.484621,0.0,scene_3.1|scene_3.1_y04_hull_dense_y04_14p13|9158|96,scene_3.1|scene_3.1_y04_hull_dense_y04_14p13|8872|83,cfbc7562b79b5971c9b8eb4b113901b4228f9bd1,9077170b734ebf8d717c1ae0980b9461b411a405
scene_3_1_terminalgain_globalmax_interp_0033,family_01,33,6.737561,6.873469,0.135909,50,2,48,4.9,4.778738,4.755432,1.004901,0.181918,1.819178,1.142021,0.156096,0.018544,0.614291,0.0,scene_3.1|scene_3.1_y04_hull_dense_y04_14p13|9158|96,scene_3.1|scene_3.1_y04_hull_dense_y04_14p13|8872|83,d0fb4390b4df5e1138ab5e339d7f860d1f3be311,72b1ab5f4e9662892d2ff1a2550ca4a3774b3539
scene_3_1_terminalgain_globalmax_interp_0034,family_01,34,6.737561,6.873469,0.135909,50,2,48,4.9,4.758901,4.755432,1.000729,0.181918,1.819178,1.141123,0.072058,0.011469,0.243102,0.0,scene_3.1|scene_3.1_y04_hull_dense_y04_14p13|9158|96,scene_3.1|scene_3.1_y04_hull_dense_y04_14p13|8872|83,26bd4fe7bb33797610f94fb4f3003d3566177db4,9afc316a989027ba82d1e19f6e91d82d0c5375f8
scene_3_1_terminalgain_globalmax_interp_0035,family_01,35,6.737561,6.873469,0.135909,50,2,48,4.9,4.758909,4.755432,1.000731,0.181918,1.819178,1.141054,0.011981,0.041483,0.236931,0.0,scene_3.1|scene_3.1_y04_hull_dense_y04_14p13|9158|96,scene_3.1|scene_3.1_y04_hull_dense_y04_14p13|8872|83,8c9d60abaca9be136280dfcaf80c1d6dafc60178,da3d9251b3da38761819e675e249aa1030eb3d27
scene_3_1_terminalgain_globalmax_interp_0036,family_01,36,6.737561,6.873469,0.135909,50,2,48,4.9,4.784917,4.755432,1.0062,0.181918,1.819178,1.142426,0.096019,0.071496,0.691652,0.0,scene_3.1|scene_3.1_y04_hull_dense_y04_14p13|9158|96,scene_3.1|scene_3.1_y04_hull_dense_y04_14p13|8872|83,f92b3ab31bdf9ed8099997a885c3e1715756328d,6f6a5e5c16e730b2912254682a5c8854583518df
scene_3_1_terminalgain_globalmax_interp_0037,family_01,37,6.737561,6.873469,0.135909,50,2,48,4.9,4.780078,4.755432,1.005183,0.181918,1.819178,1.142023,0.180057,0.10151,0.631954,0.0,scene_3.1|scene_3.1_y04_hull_dense_y04_14p13|9158|96,scene_3.1|scene_3.1_y04_hull_dense_y04_14p13|8872|83,9f8560b935365addc969f9b3390711217e1a88c5,0ff8762672a35f51b6980a5924d970890b2653a3
scene_3_1_terminalgain_globalmax_interp_0038,family_01,38,6.737561,6.873469,0.135909,50,2,48,4.9,4.761946,4.755432,1.00137,0.181917,1.819171,1.141295,0.139288,0.103685,0.324369,0.0,scene_3.1|scene_3.1_y04_hull_dense_y04_14p13|9158|96,scene_3.1|scene_3.1_y04_hull_dense_y04_14p13|8872|83,ced9d3671a938d85e04d6eaf49c4fe986484451f,cc917e0157df9e3a199fa28892cbac7a33cb3b0e
scene_3_1_terminalgain_globalmax_interp_0039,family_01,39,6.737561,6.873469,0.135909,50,2,48,4.9,4.75786,4.755432,1.00051,0.181918,1.819178,1.141112,0.05525,0.073672,0.197894,0.0,scene_3.1|scene_3.1_y04_hull_dense_y04_14p13|9158|96,scene_3.1|scene_3.1_y04_hull_dense_y04_14p13|8872|83,06392315a6b00ae286371bd698563b15856e44d9,c93d10335ede19e2e06ce4920cb20a9212f71926
scene_3_1_terminalgain_globalmax_interp_0040,family_01,40,6.737561,6.873469,0.135909,50,2,48,4.9,4.785752,4.755432,1.006376,0.181918,1.819178,1.142402,0.028788,0.043658,0.701177,0.0,scene_3.1|scene_3.1_y04_hull_dense_y04_14p13|9158|96,scene_3.1|scene_3.1_y04_hull_dense_y04_14p13|8872|83,f3a0068f0fe44bdff39b1e3cb77f4e91518fe488,aabd070897bb4e16dc3efae8e161debcb694c45f
scene_3_1_terminalgain_globalmax_interp_0041,family_01,41,6.737561,6.873469,0.135909,50,2,48,4.9,4.774552,4.755432,1.004021,0.181917,1.819171,1.14191,0.112826,0.013645,0.556273,0.0,scene_3.1|scene_3.1_y04_hull_dense_y04_14p13|9158|96,scene_3.1|scene_3.1_y04_hull_dense_y04_14p13|8872|83,34df2da55a61f3266627850893a889963011b99a,61cfd7c2dde4b38723550064d1cd3844c88d71d4
scene_3_1_terminalgain_globalmax_interp_0042,family_01,42,6.737561,6.873469,0.135909,50,2,48,4.9,4.761916,4.755432,1.001363,0.181918,1.819178,1.141352,0.196864,0.016369,0.323642,0.0,scene_3.1|scene_3.1_y04_hull_dense_y04_14p13|9158|96,scene_3.1|scene_3.1_y04_hull_dense_y04_14p13|8872|83,f1b876ae41865c90abc0e4c1053fade6bd98ffa5,127e1a06b447b2dbc8721be1a84a537e25c5233e
scene_3_1_terminalgain_globalmax_interp_0043,family_01,43,6.737561,6.873469,0.135909,50,2,48,4.9,4.765763,4.755432,1.002172,0.181918,1.819178,1.141503,0.203157,0.046383,0.408515,0.0,scene_3.1|scene_3.1_y04_hull_dense_y04_14p13|9158|96,scene_3.1|scene_3.1_y04_hull_dense_y04_14p13|8872|83,96dffb8a0f1fc5bc2794e80f947e777b1cbfef8d,124ae2665ce6377072cd85b44a49f7586fd21e4c
scene_3_1_terminalgain_globalmax_interp_0044,family_01,44,6.737561,6.873469,0.135909,50,2,48,4.9,4.76118,4.755432,1.001209,0.181917,1.819171,1.141177,0.119119,0.076397,0.304731,0.0,scene_3.1|scene_3.1_y04_hull_dense_y04_14p13|9158|96,scene_3.1|scene_3.1_y04_hull_dense_y04_14p13|8872|83,620a5ac8070bc3f38918654d2c04ee7254e0f3d5,7498ee6db1e4fe44ecc4d9cc2663f867038701e4
scene_3_1_terminalgain_globalmax_interp_0045,family_01,45,6.737561,6.873469,0.135909,50,2,48,4.9,4.778359,4.755432,1.004821,0.181918,1.819178,1.14208,0.035081,0.099397,0.609379,0.0,scene_3.1|scene_3.1_y04_hull_dense_y04_14p13|9158|96,scene_3.1|scene_3.1_y04_hull_dense_y04_14p13|8872|83,93320ce08b0a68d842c841f3beba165845d69e90,d0d0470002e534212b4e3f5b486f6fe07d0bdebc
scene_3_1_terminalgain_globalmax_interp_0046,family_01,46,6.737561,6.873469,0.135909,50,2,48,4.9,4.773357,4.755432,1.003769,0.181917,1.819171,1.141861,0.048957,0.069384,0.545931,0.0,scene_3.1|scene_3.1_y04_hull_dense_y04_14p13|9158|96,scene_3.1|scene_3.1_y04_hull_dense_y04_14p13|8872|83,a00e0d8bc1a3cbe716a23452b1a3b61622459269,c79584e5eeb201a74e21e37c48ee4210578f5751
scene_3_1_terminalgain_globalmax_interp_0047,family_01,47,6.737561,6.873469,0.135909,50,2,48,4.9,4.757649,4.755432,1.000466,0.181917,1.819172,1.141057,0.132995,0.03937,0.196009,0.0,scene_3.1|scene_3.1_y04_hull_dense_y04_14p13|9158|96,scene_3.1|scene_3.1_y04_hull_dense_y04_14p13|8872|83,bb1046a816960aa8946e0eb6c1ae28570585013b,1a94ef5d86b0d4a1c47c15fb133fbb1ced82ad54
scene_3_1_terminalgain_globalmax_interp_0048,family_01,48,6.737561,6.873469,0.135909,50,2,48,4.9,4.770815,4.755432,1.003235,0.181917,1.819172,1.141644,0.186349,0.009357,0.498863,0.0,scene_3.1|scene_3.1_y04_hull_dense_y04_14p13|9158|96,scene_3.1|scene_3.1_y04_hull_dense_y04_14p13|8872|83,100c4db8b66f25391e245ccba4b3b474373dae06,899f1269a170d3414e01d5532c7fadd702807f4c
scene_3_1_terminalgain_globalmax_interp_0049,family_01,49,6.737561,6.873469,0.135909,50,2,48,4.9,4.779209,4.755432,1.005,0.181917,1.819171,1.142224,0.102312,0.020657,0.620624,0.0,scene_3.1|scene_3.1_y04_hull_dense_y04_14p13|9158|96,scene_3.1|scene_3.1_y04_hull_dense_y04_14p13|8872|83,a0373e7f10ec0a44be44969ce06ca0ed75657c93,a81de2a64fb300669809ce6668449f0ca399fcd6
scene_3_1_terminalgain_globalmax_interp_0050,family_01,50,6.737561,6.873469,0.135909,50,2,48,4.9,4.755876,4.755432,1.000093,0.181918,1.819178,1.140974,0.018273,0.050671,0.086824,0.0,scene_3.1|scene_3.1_y04_hull_dense_y04_14p13|9158|96,scene_3.1|scene_3.1_y04_hull_dense_y04_14p13|8872|83,c79245cab0247a95883cc27c7bc1e5968f3e10ee,0d7c0d64f008b070913e2cb09f64981c46fa1a61
scene_3_1_terminalgain_globalmax_interp_0051,family_01,51,6.737561,6.873469,0.135909,50,2,48,4.9,4.766154,4.755432,1.002255,0.181918,1.819178,1.141525,0.065765,0.080684,0.416288,0.0,scene_3.1|scene_3.1_y04_hull_dense_y04_14p13|9158|96,scene_3.1|scene_3.1_y04_hull_dense_y04_14p13|8872|83,f6e5652674bab6a413f89a23df8cb9bef728b8f3,ff926621784cb21db9d80a202ee77e5f23e5cb35
scene_3_1_terminalgain_globalmax_interp_0052,family_01,52,6.737561,6.873469,0.135909,50,2,48,4.9,4.768077,4.755432,1.002659,0.181918,1.819178,1.141509,0.149803,0.095109,0.452069,0.0,scene_3.1|scene_3.1_y04_hull_dense_y04_14p13|9158|96,scene_3.1|scene_3.1_y04_hull_dense_y04_14p13|8872|83,d4d7a34a52f46f32b4ae4f479be2a91d934d7bee,7fe63b6a235ed95662890957be05aacf1cfa7fad
scene_3_1_terminalgain_globalmax_interp_0053,family_01,53,6.737561,6.873469,0.135909,50,2,48,4.9,4.763442,4.755432,1.001684,0.181918,1.819178,1.1413,0.169542,0.065096,0.359602,0.0,scene_3.1|scene_3.1_y04_hull_dense_y04_14p13|9158|96,scene_3.1|scene_3.1_y04_hull_dense_y04_14p13|8872|83,1fe6b34bc0a8d90f6a849e81f4c2d17021cfb212,f5e1f77911f6383477d647dd937eaa71965b5fd9
scene_3_1_terminalgain_globalmax_interp_0054,family_01,54,6.737561,6.873469,0.135909,50,2,48,4.9,4.773466,4.755432,1.003792,0.181917,1.819171,1.141878,0.085504,0.035082,0.540342,0.0,scene_3.1|scene_3.1_y04_hull_dense_y04_14p13|9158|96,scene_3.1|scene_3.1_y04_hull_dense_y04_14p13|8872|83,42038fdd53786f50260b7f94784ce691bdd07b53,ea5e37de90bb42bac39504a0481b3c0d644f6e24
scene_3_1_terminalgain_globalmax_interp_0055,family_01,55,6.737561,6.873469,0.135909,50,2,48,4.9,4.769538,4.755432,1.002966,0.181918,1.819178,1.141636,0.001466,0.005069,0.47747,0.0,scene_3.1|scene_3.1_y04_hull_dense_y04_14p13|9158|96,scene_3.1|scene_3.1_y04_hull_dense_y04_14p13|8872|83,116695b79dd599060300b667dae394156eca5c46,d620119831131a28963582f0309523b1ac1ba935
scene_3_1_terminalgain_globalmax_interp_0056,family_01,56,6.737561,6.873469,0.135909,50,2,48,4.9,4.771986,4.755432,1.003481,0.181918,1.819178,1.141649,0.082573,0.024945,0.517397,0.0,scene_3.1|scene_3.1_y04_hull_dense_y04_14p13|9158|96,scene_3.1|scene_3.1_y04_hull_dense_y04_14p13|8872|83,c2d184c3843d9e98662254904c833796309b96de,1b90cc05c28a04b4ea6a3b390295eb6a43465996
scene_3_1_terminalgain_globalmax_interp_0057,family_01,57,6.737561,6.873469,0.135909,50,2,48,4.9,4.776899,4.755432,1.004514,0.181917,1.819171,1.142057,0.166611,0.054959,0.590023,0.0,scene_3.1|scene_3.1_y04_hull_dense_y04_14p13|9158|96,scene_3.1|scene_3.1_y04_hull_dense_y04_14p13|8872|83,678e77d4427ea0c21963df8a975db2fb16cf95c9,c642cb91d852d9f8c0750773a0217200c1f8d1e7
scene_3_1_terminalgain_globalmax_interp_0058,family_01,58,6.737561,6.873469,0.135909,50,2,48,4.9,4.763084,4.755432,1.001609,0.181918,1.819178,1.141279,0.152734,0.084972,0.351485,0.0,scene_3.1|scene_3.1_y04_hull_dense_y04_14p13|9158|96,scene_3.1|scene_3.1_y04_hull_dense_y04_14p13|8872|83,6725dd1b34fd8b4c6d859508f30a1c2176dedcc2,43e49dbeb0f3437f5f67ee2593ef23bb01fe19bb
scene_3_1_terminalgain_globalmax_interp_0059,family_01,59,6.737561,6.873469,0.135909,50,2,48,4.9,4.758912,4.755432,1.000732,0.181918,1.819178,1.141,0.068696,0.090822,0.23732,0.0,scene_3.1|scene_3.1_y04_hull_dense_y04_14p13|9158|96,scene_3.1|scene_3.1_y04_hull_dense_y04_14p13|8872|83,42b918ee1dae01c0933d83f8155d8a4ae3d55cd7,8eecc34f8da3248b62637dd321ccb085da1871fb
scene_3_1_terminalgain_globalmax_interp_0060,family_01,60,6.737561,6.873469,0.135909,50,2,48,4.9,4.772466,4.755432,1.003582,0.181917,1.819171,1.141885,0.015342,0.060809,0.524863,0.0,scene_3.1|scene_3.1_y04_hull_dense_y04_14p13|9158|96,scene_3.1|scene_3.1_y04_hull_dense_y04_14p13|8872|83,cffa91c3b1db8e0ceb79d3542f305c6d77504952,ce8050103d9b892eb5f360b79b24ad8dbe1be7cf
scene_3_1_terminalgain_globalmax_interp_0061,family_01,61,6.737561,6.873469,0.135909,50,2,48,4.9,4.767268,4.755432,1.002489,0.181918,1.819178,1.141558,0.09938,0.030795,0.437312,0.0,scene_3.1|scene_3.1_y04_hull_dense_y04_14p13|9158|96,scene_3.1|scene_3.1_y04_hull_dense_y04_14p13|8872|83,0d063c039000e16a0e07cf0758fb928a87cf9199,0a5e896ce68c23eb40d9ea6c210630528ee9b144
scene_3_1_terminalgain_globalmax_interp_0062,family_01,62,6.737561,6.873469,0.135909,50,2,48,4.9,4.759163,4.755432,1.000785,0.181917,1.819171,1.141173,0.183418,0.000781,0.248868,0.0,scene_3.1|scene_3.1_y04_hull_dense_y04_14p13|9158|96,scene_3.1|scene_3.1_y04_hull_dense_y04_14p13|8872|83,e9aa3f6037d6de8ea87d8fdcb2f21f224870415c,575f14f2c318aad2360b3a9d45eb71d20331a413
scene_3_1_terminalgain_globalmax_interp_0063,family_01,63,6.737561,6.873469,0.135909,50,2,48,4.9,4.773526,4.755432,1.003805,0.181918,1.819178,1.141747,0.135926,0.029232,0.540869,0.0,scene_3.1|scene_3.1_y04_hull_dense_y04_14p13|9158|96,scene_3.1|scene_3.1_y04_hull_dense_y04_14p13|8872|83,e33b82bf9d84f54131bbabaf91f66fd7d9b5e130,5c4a8c1cdccb56c1eb65efb8ca0299a8e2c7fff3
scene_3_1_terminalgain_globalmax_interp_0064,family_01,64,6.737561,6.873469,0.135909,50,2,48,4.9,4.787434,4.755432,1.006729,0.181918,1.819178,1.142528,0.051888,0.059246,0.720672,0.0,scene_3.1|scene_3.1_y04_hull_dense_y04_14p13|9158|96,scene_3.1|scene_3.1_y04_hull_dense_y04_14p13|8872|83,a893ef5f93d6e479023a4e43e93b6f28fcf7d46b,429010485f8158f1e8369dc2f16469045e09afc8
scene_3_1_terminalgain_globalmax_interp_0065,family_01,65,6.737561,6.873469,0.135909,50,2,48,4.9,4.769526,4.755432,1.002964,0.181917,1.819171,1.141518,0.03215,0.089259,0.477574,0.0,scene_3.1|scene_3.1_y04_hull_dense_y04_14p13|9158|96,scene_3.1|scene_3.1_y04_hull_dense_y04_14p13|8872|83,054bf51c1cbff43ca257615d2d0ab6d9f15a5d20,f845195b6ce77341a4c1e78bd14e747a75d1e3c9
scene_3_1_terminalgain_globalmax_interp_0066,family_01,66,6.737561,6.873469,0.135909,50,2,48,4.9,4.75908,4.755432,1.000767,0.181917,1.819172,1.141096,0.116187,0.086534,0.30528,0.0,scene_3.1|scene_3.1_y04_hull_dense_y04_14p13|9158|96,scene_3.1|scene_3.1_y04_hull_dense_y04_14p13|8872|83,3b7650f632e904bbf22532a132ec406fdbef26f3,f801966239dd488a4e25c128962e4f67937b4294
scene_3_1_terminalgain_globalmax_interp_0067,family_01,67,6.737561,6.873469,0.135909,50,2,48,4.9,4.767916,4.755432,1.002625,0.181918,1.819178,1.141481,0.200226,0.056521,0.448948,0.0,scene_3.1|scene_3.1_y04_hull_dense_y04_14p13|9158|96,scene_3.1|scene_3.1_y04_hull_dense_y04_14p13|8872|83,c963b678e1f0c32dbbaab276e99b2a6e464d483f,c15b193db3f0059395e900ec97063dc550f85cdb
scene_3_1_terminalgain_globalmax_interp_0068,family_01,68,6.737561,6.873469,0.135909,50,2,48,4.9,4.76555,4.755432,1.002128,0.181918,1.819178,1.14143,0.199795,0.026507,0.404536,0.0,scene_3.1|scene_3.1_y04_hull_dense_y04_14p13|9158|96,scene_3.1|scene_3.1_y04_hull_dense_y04_14p13|8872|83,e3d83345f9014489381eebafa354d68720fb7a8a,18ebdb4c7e18b2c149ada9403d157bb8942f2d94
scene_3_1_terminalgain_globalmax_interp_0069,family_01,69,6.737561,6.873469,0.135909,50,2,48,4.9,4.768254,4.755432,1.002696,0.181918,1.819178,1.141489,0.115757,0.003507,0.455261,0.0,scene_3.1|scene_3.1_y04_hull_dense_y04_14p13|9158|96,scene_3.1|scene_3.1_y04_hull_dense_y04_14p13|8872|83,f0fa148b9f91198999457b13cd44fa6592c92351,7f4af1ff846d62a76ae58d67e188c0ffad513677
scene_3_1_terminalgain_globalmax_interp_0070,family_01,70,6.737561,6.873469,0.135909,50,2,48,4.9,4.764925,4.755432,1.001996,0.181917,1.819171,1.141452,0.03172,0.03352,0.3915,0.0,scene_3.1|scene_3.1_y04_hull_dense_y04_14p13|9158|96,scene_3.1|scene_3.1_y04_hull_dense_y04_14p13|8872|83,5cf1e37fe7cfde3ef6a78f68d44de639abe5c28b,dae485d528483ddc18c30ea497bcdfdb1bb0fd56
scene_3_1_terminalgain_globalmax_interp_0071,family_01,71,6.737561,6.873469,0.135909,50,2,48,4.9,4.755917,4.755432,1.000102,0.181918,1.819178,1.140858,0.052318,0.063534,0.10319,0.0,scene_3.1|scene_3.1_y04_hull_dense_y04_14p13|9158|96,scene_3.1|scene_3.1_y04_hull_dense_y04_14p13|8872|83,abbfe83e50d8664c45f32ce7ba25b735108030ea,650a38d1bcf3eb041b2c2df6ee7b9638d584b1d7
scene_3_1_terminalgain_globalmax_interp_0072,family_01,72,6.737561,6.873469,0.135909,50,2,48,4.9,4.786857,4.755432,1.006608,0.181918,1.819178,1.142496,0.136357,0.093547,0.714059,0.0,scene_3.1|scene_3.1_y04_hull_dense_y04_14p13|9158|96,scene_3.1|scene_3.1_y04_hull_dense_y04_14p13|8872|83,528dc8e12b6553280a0686b817e55df634963e42,be0ec12084a2e99178e846585bab185cdc95309b
scene_3_1_terminalgain_globalmax_interp_0073,family_01,73,6.737561,6.873469,0.135909,50,2,48,4.9,4.788631,4.755432,1.006981,0.181917,1.819171,1.142626,0.182987,0.082247,0.734165,0.0,scene_3.1|scene_3.1_y04_hull_dense_y04_14p13|9158|96,scene_3.1|scene_3.1_y04_hull_dense_y04_14p13|8872|83,a434ba9e87103b0f1d2f2d797ece1a13e45c6dcb,342c7479afc3774fe5388b97637b35fc1a13e856
scene_3_1_terminalgain_globalmax_interp_0074,family_01,74,6.737561,6.873469,0.135909,50,2,48,4.9,4.75645,4.755432,1.000214,0.181918,1.819178,1.141005,0.09895,0.052233,0.136652,0.0,scene_3.1|scene_3.1_y04_hull_dense_y04_14p13|9158|96,scene_3.1|scene_3.1_y04_hull_dense_y04_14p13|8872|83,f7c716be0b93aa4f8753c2659922b830224620f5,04e9e51bf0b5a021c4bcc5413d9b6f8641d1cdc0
scene_3_1_terminalgain_globalmax_interp_0075,family_01,75,6.737561,6.873469,0.135909,50,2,48,4.9,4.763363,4.755432,1.001668,0.181917,1.819172,1.141383,0.014912,0.02222,0.357853,0.0,scene_3.1|scene_3.1_y04_hull_dense_y04_14p13|9158|96,scene_3.1|scene_3.1_y04_hull_dense_y04_14p13|8872|83,80be7d3331080e970f364b24fc549e8477237881,55c77326750a647f90c050555c356d673c2c0142
scene_3_1_terminalgain_globalmax_interp_0076,family_01,76,6.737561,6.873469,0.135909,50,2,48,4.9,4.770266,4.755432,1.003119,0.181917,1.819171,1.141653,0.069126,0.007794,0.489789,0.0,scene_3.1|scene_3.1_y04_hull_dense_y04_14p13|9158|96,scene_3.1|scene_3.1_y04_hull_dense_y04_14p13|8872|83,47a6f4696a7d5a880541e56209557bd646c6f125,2231c8e23e7d9c312ff021cf6b418d88a9cca62e
scene_3_1_terminalgain_globalmax_interp_0077,family_01,77,6.737561,6.873469,0.135909,50,2,48,4.9,4.765061,4.755432,1.002025,0.181918,1.819178,1.141381,0.153165,0.037807,0.394287,0.0,scene_3.1|scene_3.1_y04_hull_dense_y04_14p13|9158|96,scene_3.1|scene_3.1_y04_hull_dense_y04_14p13|8872|83,45252270b2772a5f8afd50408ffbd89ac80b0aa9,0141c3802bae1993b6392a7823f141300c2be6ef
scene_3_1_terminalgain_globalmax_interp_0078,family_01,78,6.737561,6.873469,0.135909,50,2,48,4.9,4.766165,4.755432,1.002257,0.181917,1.819171,1.141458,0.166181,0.067821,0.416323,0.0,scene_3.1|scene_3.1_y04_hull_dense_y04_14p13|9158|96,scene_3.1|scene_3.1_y04_hull_dense_y04_14p13|8872|83,8b2ca1c4c516c6e51555a530194f7bbcaf3d783e,fb4a6b62e621ed611c522df17cc4b328c028282f
scene_3_1_terminalgain_globalmax_interp_0079,family_01,79,6.737561,6.873469,0.135909,50,2,48,4.9,4.76008,4.755432,1.000977,0.181918,1.819178,1.141139,0.082142,0.097834,0.273937,0.0,scene_3.1|scene_3.1_y04_hull_dense_y04_14p13|9158|96,scene_3.1|scene_3.1_y04_hull_dense_y04_14p13|8872|83,c687bfdbacd757ba6f60676354f4231f9635318b,4c8c88b15b02ba16e98d000f3c37f6a0cac8206e
scene_3_1_terminalgain_globalmax_interp_0080,family_01,80,6.737561,6.873469,0.135909,50,2,48,4.9,4.769261,4.755432,1.002908,0.181918,1.819178,1.141517,0.001896,0.077959,0.473,0.0,scene_3.1|scene_3.1_y04_hull_dense_y04_14p13|9158|96,scene_3.1|scene_3.1_y04_hull_dense_y04_14p13|8872|83,71438d40f9b875a4c7ac67654dc51cb248985fdd,9d3decb74ee4f8ad651d0be3204d45b23b9b9db6
scene_3_1_terminalgain_globalmax_interp_0081,family_01,81,6.737561,6.873469,0.135909,50,2,48,4.9,4.784485,4.755432,1.006109,0.181917,1.819171,1.142314,0.085934,0.047945,0.686305,0.0,scene_3.1|scene_3.1_y04_hull_dense_y04_14p13|9158|96,scene_3.1|scene_3.1_y04_hull_dense_y04_14p13|8872|83,33757a8cf99035a6675e9c3bbdd963ee149bc498,1683322f1c2fcfedbb6b461782baad8d2fc31391
scene_3_1_terminalgain_globalmax_interp_0082,family_01,82,6.737561,6.873469,0.135909,50,2,48,4.9,4.769158,4.755432,1.002886,0.181918,1.819178,1.141591,0.169972,0.017932,0.470856,0.0,scene_3.1|scene_3.1_y04_hull_dense_y04_14p13|9158|96,scene_3.1|scene_3.1_y04_hull_dense_y04_14p13|8872|83,d22be7bdb8615a3d9fded83f53083cf15ef6fc2d,c2e932c5d9845a5f08d018d58d1fe175a8381944
scene_3_1_terminalgain_globalmax_interp_0083,family_01,83,6.737561,6.873469,0.135909,50,2,48,4.9,4.757906,4.755432,1.00052,0.181918,1.819178,1.141063,0.149373,0.012082,0.200199,0.0,scene_3.1|scene_3.1_y04_hull_dense_y04_14p13|9158|96,scene_3.1|scene_3.1_y04_hull_dense_y04_14p13|8872|83,b0a0fc34d20258d7ff48252f0ade8fc295e73ec4,761a9c6eb633ebdc1414add21b963671c92d50c1
scene_3_1_terminalgain_globalmax_interp_0084,family_01,84,6.737561,6.873469,0.135909,50,2,48,4.9,4.769968,4.755432,1.003057,0.181918,1.819178,1.141623,0.065334,0.042095,0.484768,0.0,scene_3.1|scene_3.1_y04_hull_dense_y04_14p13|9158|96,scene_3.1|scene_3.1_y04_hull_dense_y04_14p13|8872|83,b5946242e02ea1def24ab56e77e7c5aac1361eb5,592e80b64a28500018e8d9a7b8a63c9a5369d27e
scene_3_1_terminalgain_globalmax_interp_0085,family_01,85,6.737561,6.873469,0.135909,50,2,48,4.9,4.768815,4.755432,1.002814,0.181918,1.819178,1.141614,0.018704,0.072109,0.465126,0.0,scene_3.1|scene_3.1_y04_hull_dense_y04_14p13|9158|96,scene_3.1|scene_3.1_y04_hull_dense_y04_14p13|8872|83,8570edb68996408628cb2975b5cbceb793a18906,cc92c5759ea59ad6657e90d116285cfd1b156657
scene_3_1_terminalgain_globalmax_interp_0086,family_01,86,6.737561,6.873469,0.135909,50,2,48,4.9,4.759209,4.755432,1.000794,0.181917,1.819171,1.141097,0.102742,0.102123,0.247064,0.0,scene_3.1|scene_3.1_y04_hull_dense_y04_14p13|9158|96,scene_3.1|scene_3.1_y04_hull_dense_y04_14p13|8872|83,27957986627d224eb14b7750dafa0ba9e6856202,12c25781f188e86223d885402b2add01ead2e4ad
scene_3_1_terminalgain_globalmax_interp_0087,family_01,87,6.737561,6.873469,0.135909,50,2,48,4.9,4.76651,4.755432,1.002329,0.181918,1.819178,1.141442,0.186779,0.103073,0.423146,0.0,scene_3.1|scene_3.1_y04_hull_dense_y04_14p13|9158|96,scene_3.1|scene_3.1_y04_hull_dense_y04_14p13|8872|83,14c2369af783a4f6ef5e7260d1011296bc945026,83bf9b67777f39a7dcd8186a9250354c2b10a7bf
scene_3_1_terminalgain_globalmax_interp_0088,family_01,88,6.737561,6.873469,0.135909,50,2,48,4.9,4.77521,4.755432,1.004159,0.181918,1.819178,1.141928,0.132565,0.073059,0.56593,0.0,scene_3.1|scene_3.1_y04_hull_dense_y04_14p13|9158|96,scene_3.1|scene_3.1_y04_hull_dense_y04_14p13|8872|83,35be81c65834066e0e004c010fd97c8c079b2599,8f849ee408ab3978d0eaa2803ad582f41071878b
scene_3_1_terminalgain_globalmax_interp_0089,family_01,89,6.737561,6.873469,0.135909,50,2,48,4.9,4.77269,4.755432,1.003629,0.181917,1.819171,1.141669,0.048527,0.043046,0.528629,0.0,scene_3.1|scene_3.1_y04_hull_dense_y04_14p13|9158|96,scene_3.1|scene_3.1_y04_hull_dense_y04_14p13|8872|83,aa4cd6a8cd482e5e88c1b90e7fcf58ffce0034d5,08dfa7617b5d89fb672dcace9c650c23ea89dc08
scene_3_1_terminalgain_globalmax_interp_0090,family_01,90,6.737561,6.873469,0.135909,50,2,48,4.9,4.774186,4.755432,1.003944,0.181918,1.819178,1.141937,0.035512,0.013032,0.550764,0.0,scene_3.1|scene_3.1_y04_hull_dense_y04_14p13|9158|96,scene_3.1|scene_3.1_y04_hull_dense_y04_14p13|8872|83,4e043c2a93fb44084093b6d692171cd89f9058d7,b96c0af6d467883e21c377771831652c39b18658
scene_3_1_terminalgain_globalmax_interp_0091,family_01,91,6.737561,6.873469,0.135909,50,2,48,4.9,4.775695,4.755432,1.004261,0.181918,1.819178,1.141861,0.119549,0.016981,0.572708,0.0,scene_3.1|scene_3.1_y04_hull_dense_y04_14p13|9158|96,scene_3.1|scene_3.1_y04_hull_dense_y04_14p13|8872|83,f3295686254c94fa1d5c25beffc41deaca900350,d0a64a3cc88ba6640b12e2f724baebf981f2b016
scene_3_1_terminalgain_globalmax_interp_0092,family_01,92,6.737561,6.873469,0.135909,50,2,48,4.9,4.764418,4.755432,1.001889,0.181918,1.819178,1.141387,0.203587,0.046995,0.380834,0.0,scene_3.1|scene_3.1_y04_hull_dense_y04_14p13|9158|96,scene_3.1|scene_3.1_y04_hull_dense_y04_14p13|8872|83,e2f23e5e3987ceef0a326e9da4a834364af37ada,962f93169e4c4f2de3b5d6f43795ca9b9fea9858
scene_3_1_terminalgain_globalmax_interp_0093,family_01,93,6.737561,6.873469,0.135909,50,2,48,4.9,4.766549,4.755432,1.002338,0.181918,1.819178,1.141447,0.196434,0.077009,0.423945,0.0,scene_3.1|scene_3.1_y04_hull_dense_y04_14p13|9158|96,scene_3.1|scene_3.1_y04_hull_dense_y04_14p13|8872|83,5c224e6f3de6b021406ce40bfd7003943e584701,3e1034f73269326ebce5f841f7b754d0ec3c95cd
scene_3_1_terminalgain_globalmax_interp_0094,family_01,94,6.737561,6.873469,0.135909,50,2,48,4.9,4.768199,4.755432,1.002685,0.181917,1.819171,1.141616,0.112395,0.098785,0.454443,0.0,scene_3.1|scene_3.1_y04_hull_dense_y04_14p13|9158|96,scene_3.1|scene_3.1_y04_hull_dense_y04_14p13|8872|83,c2e660ffc0966a5b90917bf147b09065f520d047,433cf1f1ba03646ecf90366d8edb635ba9b38739
scene_3_1_terminalgain_globalmax_interp_0095,family_01,95,6.737561,6.873469,0.135909,50,2,48,4.9,4.755832,4.755432,1.000084,0.181918,1.819178,1.140997,0.028358,0.068771,0.118611,0.0,scene_3.1|scene_3.1_y04_hull_dense_y04_14p13|9158|96,scene_3.1|scene_3.1_y04_hull_dense_y04_14p13|8872|83,66b108de2b808e3bd0e551570e82fd82a5c26476,99981d8d211bf4a6b745b572529bd8245279b39f
scene_3_1_terminalgain_globalmax_interp_0096,family_01,96,6.737561,6.873469,0.135909,50,2,48,4.9,4.77791,4.755432,1.004727,0.181918,1.819178,1.14206,0.05568,0.038758,0.603266,0.0,scene_3.1|scene_3.1_y04_hull_dense_y04_14p13|9158|96,scene_3.1|scene_3.1_y04_hull_dense_y04_14p13|8872|83,c8b790d18a53410790c623fa674a979cbfc63720,c7f6a75c6acfb90a725560372850a7bd9f7af845
scene_3_1_terminalgain_globalmax_interp_0097,family_01,97,6.737561,6.873469,0.135909,50,2,48,4.9,4.771634,4.755432,1.003407,0.181918,1.819178,1.14171,0.139718,0.008744,0.511992,0.0,scene_3.1|scene_3.1_y04_hull_dense_y04_14p13|9158|96,scene_3.1|scene_3.1_y04_hull_dense_y04_14p13|8872|83,cb9d9743c1d6a95a0f3152ac2f5acf6e3bde56c2,9fd0670b0af6796dc174ec0e92330dc2fa4ad9d1
scene_3_1_terminalgain_globalmax_interp_0098,family_01,98,6.737561,6.873469,0.135909,50,2,48,4.9,4.757205,4.755432,1.000373,0.181918,1.819178,1.141097,0.179627,0.02127,0.179272,0.0,scene_3.1|scene_3.1_y04_hull_dense_y04_14p13|9158|96,scene_3.1|scene_3.1_y04_hull_dense_y04_14p13|8872|83,8594e426caa8d7484623c0fb20905cc524207136,b587237df7b670a9b2277fa56fec547bcdcfbef7
scene_3_1_terminalgain_globalmax_interp_0099,family_01,99,6.737561,6.873469,0.135909,50,2,48,4.9,4.770832,4.755432,1.003238,0.181918,1.819178,1.141668,0.095589,0.051283,0.498841,0.0,scene_3.1|scene_3.1_y04_hull_dense_y04_14p13|9158|96,scene_3.1|scene_3.1_y04_hull_dense_y04_14p13|8872|83,5c531daedba4a02f3e5a7f397fc18e24ea2fddef,93eafd2e241b1ce543af3829039405d009d720a9
scene_3_1_terminalgain_globalmax_interp_0100,family_01,100,6.737561,6.873469,0.135909,50,2,48,4.9,4.780998,4.755432,1.005376,0.181918,1.819178,1.142269,0.01155,0.081297,0.643646,0.0,scene_3.1|scene_3.1_y04_hull_dense_y04_14p13|9158|96,scene_3.1|scene_3.1_y04_hull_dense_y04_14p13|8872|83,e2c2f11422ff203d040d1b6c9ec44159c248bea5,7b68f6e6c29f3a18d43474f4c4871f8bc83fcead
scene_3_1_terminalgain_globalmax_interp_0101,family_01,101,6.737561,6.873469,0.135909,50,2,48,4.9,4.761333,4.755432,1.001241,0.181918,1.819178,1.141199,0.072488,0.094497,0.308861,0.0,scene_3.1|scene_3.1_y04_hull_dense_y04_14p13|9158|96,scene_3.1|scene_3.1_y04_hull_dense_y04_14p13|8872|83,66ffeab740f49a1e29d4550c701282677ba424c2,f3fde0b04afe9eecc29ad069f8f7a2322b6a61bc
scene_3_1_terminalgain_globalmax_interp_0102,family_01,102,6.737561,6.873469,0.135909,50,2,48,4.9,4.764652,4.755432,1.001939,0.181917,1.819171,1.14138,0.156526,0.064483,0.39916,0.0,scene_3.1|scene_3.1_y04_hull_dense_y04_14p13|9158|96,scene_3.1|scene_3.1_y04_hull_dense_y04_14p13|8872|83,1320258ad19498b639fa591201fd99c1e75f31aa,94227cb3ee9b972b83710f5f9d675ce44631751e
scene_3_1_terminalgain_globalmax_interp_0103,family_01,103,6.737561,6.873469,0.135909,50,2,48,4.9,4.763556,4.755432,1.001708,0.181917,1.819172,1.141372,0.162819,0.03447,0.362175,0.0,scene_3.1|scene_3.1_y04_hull_dense_y04_14p13|9158|96,scene_3.1|scene_3.1_y04_hull_dense_y04_14p13|8872|83,a016f1883b605318dca898c0648a918ecdf2f975,4d0f8d1d233cfac3cabed946847607ecb94bf563
scene_3_1_terminalgain_globalmax_interp_0104,family_01,104,6.737561,6.873469,0.135909,50,2,48,4.9,4.774925,4.755432,1.004099,0.181917,1.819172,1.141831,0.078781,0.004456,0.56206,0.0,scene_3.1|scene_3.1_y04_hull_dense_y04_14p13|9158|96,scene_3.1|scene_3.1_y04_hull_dense_y04_14p13|8872|83,ac123654135a2e99c19025a0646f57bd526b7ec3,cc5384e56a9873d0e30695b279e2b78381df8def
scene_3_1_terminalgain_globalmax_interp_0105,family_01,105,6.737561,6.873469,0.135909,50,2,48,4.9,4.784154,4.755432,1.00604,0.181918,1.819178,1.142215,0.005257,0.025558,0.682381,0.0,scene_3.1|scene_3.1_y04_hull_dense_y04_14p13|9158|96,scene_3.1|scene_3.1_y04_hull_dense_y04_14p13|8872|83,1b98c4d10199872d51ba377157a9ac39a18af232,6f30d9c171d62684c4587086ec9548912d032ad2
scene_3_1_terminalgain_globalmax_interp_0106,family_01,106,6.737561,6.873469,0.135909,50,2,48,4.9,4.758898,4.755432,1.000729,0.181918,1.819178,1.141203,0.089296,0.055571,0.236593,0.0,scene_3.1|scene_3.1_y04_hull_dense_y04_14p13|9158|96,scene_3.1|scene_3.1_y04_hull_dense_y04_14p13|8872|83,98b7a3d8360a8b1793329d6b83913bfa4aa95d78,bb2e6b6ce389bb794f19543317c186c6c35f5c3d
scene_3_1_terminalgain_globalmax_interp_0107,family_01,107,6.737561,6.873469,0.135909,50,2,48,4.9,4.761353,4.755432,1.001245,0.181918,1.819178,1.141339,0.173334,0.085585,0.309529,0.0,scene_3.1|scene_3.1_y04_hull_dense_y04_14p13|9158|96,scene_3.1|scene_3.1_y04_hull_dense_y04_14p13|8872|83,d06ea1bf00deed96890bbbf296f7fa471f83ba95,36ddd60c6ee4b046cdfac8f9286a83961e865d0a
scene_3_1_terminalgain_globalmax_interp_0108,family_01,108,6.737561,6.873469,0.135909,50,2,48,4.9,4.777312,4.755432,1.004601,0.181918,1.819178,1.141988,0.146011,0.09021,0.595027,0.0,scene_3.1|scene_3.1_y04_hull_dense_y04_14p13|9158|96,scene_3.1|scene_3.1_y04_hull_dense_y04_14p13|8872|83,3c2a0ca26f2186ab5e135ed3e5f836688bad1d64,29eded9c5229a40eb94bf2a8af24bd2a004a77c6
scene_3_1_terminalgain_globalmax_interp_0109,family_01,109,6.737561,6.873469,0.135909,50,2,48,4.9,4.778416,4.755432,1.004833,0.181918,1.819178,1.142166,0.061973,0.060196,0.610108,0.0,scene_3.1|scene_3.1_y04_hull_dense_y04_14p13|9158|96,scene_3.1|scene_3.1_y04_hull_dense_y04_14p13|8872|83,5f1dad6a65a313e065c529d0ed931c354ee4ca43,792cd683b7fc06b42539fec6282d08ff208a00e1
scene_3_1_terminalgain_globalmax_interp_0110,family_01,110,6.737561,6.873469,0.135909,50,2,48,4.9,4.757118,4.755432,1.000354,0.181918,1.819178,1.141069,0.022065,0.030182,0.213272,0.0,scene_3.1|scene_3.1_y04_hull_dense_y04_14p13|9158|96,scene_3.1|scene_3.1_y04_hull_dense_y04_14p13|8872|83,062a1845b909daa8fcbe89743f35e175c88cc514,4152c2fdd911f9cdd6b3a4e18eddf9462f46911e
scene_3_1_terminalgain_globalmax_interp_0111,family_01,111,6.737561,6.873469,0.135909,50,2,48,4.9,4.762457,4.755432,1.001477,0.181917,1.819171,1.141268,0.106104,0.000169,0.36044,0.0,scene_3.1|scene_3.1_y04_hull_dense_y04_14p13|9158|96,scene_3.1|scene_3.1_y04_hull_dense_y04_14p13|8872|83,d496e5ab9b6aabcc60947596226cd94ee7365b99,04884492a4f3eb2f84cc6cfd17ef9a7cd6547198
scene_3_1_terminalgain_globalmax_interp_0112,family_01,112,6.737561,6.873469,0.135909,50,2,48,4.9,4.773363,4.755432,1.003771,0.181917,1.819172,1.141817,0.190141,0.029845,0.53887,0.0,scene_3.1|scene_3.1_y04_hull_dense_y04_14p13|9158|96,scene_3.1|scene_3.1_y04_hull_dense_y04_14p13|8872|83,e757881a97338153a996cd0b547f35970d515a18,4b03f7b33fb3c3d7ca89075ad4048372f3d22204
scene_3_1_terminalgain_globalmax_interp_0113,family_01,113,6.737561,6.873469,0.135909,50,2,48,4.9,4.77032,4.755432,1.003131,0.181918,1.819178,1.141712,0.129203,0.059858,0.49062,0.0,scene_3.1|scene_3.1_y04_hull_dense_y04_14p13|9158|96,scene_3.1|scene_3.1_y04_hull_dense_y04_14p13|8872|83,47c85237013164a632aad2cb8c664905d64bc422,50437a4832c2707b62369e6188691127f1c9137b
scene_3_1_terminalgain_globalmax_interp_0114,family_01,114,6.737561,6.873469,0.135909,50,2,48,4.9,4.767535,4.755432,1.002545,0.181918,1.819178,1.141496,0.045165,0.089872,0.442153,0.0,scene_3.1|scene_3.1_y04_hull_dense_y04_14p13|9158|96,scene_3.1|scene_3.1_y04_hull_dense_y04_14p13|8872|83,faf7d182bef8b54bc6b76303b5e26579e92550d1,ad0b7de1fa4b488d1df3c9483ee8e41c86fe0537
scene_3_1_terminalgain_globalmax_interp_0115,family_01,115,6.737561,6.873469,0.135909,50,2,48,4.9,4.760353,4.755432,1.001035,0.181917,1.819171,1.141231,0.038872,0.085922,0.292387,0.0,scene_3.1|scene_3.1_y04_hull_dense_y04_14p13|9158|96,scene_3.1|scene_3.1_y04_hull_dense_y04_14p13|8872|83,c6b84ac7f09e1fd582842f4a6488c16ce6a32b8b,b216eb47cb6c7dde5ac9c2857c8a8e5498376abe
scene_3_1_terminalgain_globalmax_interp_0116,family_01,116,6.737561,6.873469,0.135909,50,2,48,4.9,4.765644,4.755432,1.002147,0.181918,1.819178,1.141376,0.12291,0.055908,0.411077,0.0,scene_3.1|scene_3.1_y04_hull_dense_y04_14p13|9158|96,scene_3.1|scene_3.1_y04_hull_dense_y04_14p13|8872|83,3a37f41a05bce321c4c3a1449c446eb6e9cb3725,5b60a17d45a7d33bde03703e116413b314b70c94
scene_3_1_terminalgain_globalmax_interp_0117,family_01,117,6.737561,6.873469,0.135909,50,2,48,4.9,4.782205,4.755432,1.00563,0.181918,1.819178,1.142265,0.206949,0.025894,0.658794,0.0,scene_3.1|scene_3.1_y04_hull_dense_y04_14p13|9158|96,scene_3.1|scene_3.1_y04_hull_dense_y04_14p13|8872|83,e5a16d24d9797095c3e3b82791157c6916630c6e,b249c6f845e8138f63457c198b828bf459b6e514
scene_3_1_terminalgain_globalmax_interp_0118,family_01,118,6.737561,6.873469,0.135909,50,2,48,4.9,4.777339,4.755432,1.004607,0.181918,1.819178,1.142077,0.209208,0.004119,0.595485,0.0,scene_3.1|scene_3.1_y04_hull_dense_y04_14p13|9158|96,scene_3.1|scene_3.1_y04_hull_dense_y04_14p13|8872|83,3234148adb8af4e23aaff6a457618677e1989552,dfcd197f0ce27a2010e56bb45aebb60db6082058
scene_3_1_terminalgain_globalmax_interp_0119,family_01,119,6.737561,6.873469,0.135909,50,2,48,4.9,4.757588,4.755432,1.000453,0.181917,1.819171,1.141131,0.125169,0.034133,0.187978,0.0,scene_3.1|scene_3.1_y04_hull_dense_y04_14p13|9158|96,scene_3.1|scene_3.1_y04_hull_dense_y04_14p13|8872|83,3b8d0aff8731f4376f141b3b6652dbf43670ae48,4fb49fb82e4b887f4ff111e57ca13e78ad6f91a0
scene_3_1_terminalgain_globalmax_interp_0120,family_01,120,6.737561,6.873469,0.135909,50,2,48,4.9,4.77365,4.755432,1.003831,0.181918,1.819178,1.141778,0.041131,0.064146,0.542932,0.0,scene_3.1|scene_3.1_y04_hull_dense_y04_14p13|9158|96,scene_3.1|scene_3.1_y04_hull_dense_y04_14p13|8872|83,f11968a4be170752d3ef582296dc5c23e52f4262,31051b7bb405c3bee914d5273560c1730ff0efda
scene_3_1_terminalgain_globalmax_interp_0121,family_01,121,6.737561,6.873469,0.135909,50,2,48,4.9,4.783532,4.755432,1.005909,0.181918,1.819178,1.142341,0.042906,0.09416,0.674946,0.0,scene_3.1|scene_3.1_y04_hull_dense_y04_14p13|9158|96,scene_3.1|scene_3.1_y04_hull_dense_y04_14p13|8872|83,55d3c4bd8380f2644ef5f5a36c0dad28c642c172,76169cda94c1d22d59fb50887cd633858542ba9e
scene_3_1_terminalgain_globalmax_interp_0122,family_01,122,6.737561,6.873469,0.135909,50,2,48,4.9,4.755705,4.755432,1.000057,0.181918,1.819178,1.14098,0.126944,0.081634,0.169211,0.0,scene_3.1|scene_3.1_y04_hull_dense_y04_14p13|9158|96,scene_3.1|scene_3.1_y04_hull_dense_y04_14p13|8872|83,bc5a85bfba19f62a2455be09b14da2895a667c9a,a6052ccda198fd40d2ec66f6e2c19d524b8cd818
scene_3_1_terminalgain_globalmax_interp_0123,family_01,123,6.737561,6.873469,0.135909,50,2,48,4.9,4.765638,4.755432,1.002146,0.181918,1.819178,1.14136,0.1924,0.051621,0.406015,0.0,scene_3.1|scene_3.1_y04_hull_dense_y04_14p13|9158|96,scene_3.1|scene_3.1_y04_hull_dense_y04_14p13|8872|83,65e99901bda1564e693bb2060c6ae423eaae2cd7,9083dde2d4087e0d3d6c873053a362dac20b44f9
scene_3_1_terminalgain_globalmax_interp_0124,family_01,124,6.737561,6.873469,0.135909,50,2,48,4.9,4.767674,4.755432,1.002574,0.181918,1.819178,1.141701,0.108362,0.021607,0.444882,0.0,scene_3.1|scene_3.1_y04_hull_dense_y04_14p13|9158|96,scene_3.1|scene_3.1_y04_hull_dense_y04_14p13|8872|83,ab2fe8386d4835b133ce4a0dcca608768dc0e5c8,f598e8178ffcc6d56713de9cd8b29d4d9ca5d9f8
scene_3_1_terminalgain_globalmax_interp_0125,family_01,125,6.737561,6.873469,0.135909,50,2,48,4.9,4.764783,4.755432,1.001966,0.181917,1.819172,1.141411,0.024324,0.008406,0.425797,0.0,scene_3.1|scene_3.1_y04_hull_dense_y04_14p13|9158|96,scene_3.1|scene_3.1_y04_hull_dense_y04_14p13|8872|83,b778c77957c8dd8546bc5e0dc2dfe5f1bb7c913c,f44bec1c94b03f282e75b2f272628cef8da7c663
scene_3_1_terminalgain_globalmax_interp_0126,family_01,126,6.737561,6.873469,0.135909,50,2,48,4.9,4.77029,4.755432,1.003124,0.181917,1.819172,1.141543,0.059714,0.03842,0.49033,0.0,scene_3.1|scene_3.1_y04_hull_dense_y04_14p13|9158|96,scene_3.1|scene_3.1_y04_hull_dense_y04_14p13|8872|83,f50c88b87bb48cb884e25aee54c846ab7a52bd8c,f13232e7040b85211715abc8232475c613738738
scene_3_1_terminalgain_globalmax_interp_0127,family_01,127,6.737561,6.873469,0.135909,50,2,48,4.9,4.772184,4.755432,1.003523,0.181917,1.819171,1.141689,0.143752,0.068433,0.520591,0.0,scene_3.1|scene_3.1_y04_hull_dense_y04_14p13|9158|96,scene_3.1|scene_3.1_y04_hull_dense_y04_14p13|8872|83,b75abce8cd7f7b6227cf23f3ff1099a6288d7863,0f2bd2c5f8fd5e6b543b62c903a3a3082f681768
scene_3_1_terminalgain_globalmax_interp_0128,family_01,128,6.737561,6.873469,0.135909,50,2,48,4.9,4.770118,4.755432,1.003088,0.181918,1.819178,1.141683,0.175593,0.098447,0.487119,0.0,scene_3.1|scene_3.1_y04_hull_dense_y04_14p13|9158|96,scene_3.1|scene_3.1_y04_hull_dense_y04_14p13|8872|83,614498ceb188a9102cb254d57413c0598afe137b,74290888e7cdf22871f616ff5409526e98029ebb
scene_3_1_terminalgain_globalmax_interp_0129,family_01,129,6.737561,6.873469,0.135909,50,2,48,4.9,4.771734,4.755432,1.003428,0.181918,1.819178,1.141745,0.091555,0.077346,0.513306,0.0,scene_3.1|scene_3.1_y04_hull_dense_y04_14p13|9158|96,scene_3.1|scene_3.1_y04_hull_dense_y04_14p13|8872|83,5b00e27b71abdba39badedffefe00c3c91a93554,5013b6de2b2711f67a4e7531f1fddbc48194a98b
scene_3_1_terminalgain_globalmax_interp_0130,family_01,130,6.737561,6.873469,0.135909,50,2,48,4.9,4.765443,4.755432,1.002105,0.181918,1.819178,1.141423,0.007516,0.047333,0.401987,0.0,scene_3.1|scene_3.1_y04_hull_dense_y04_14p13|9158|96,scene_3.1|scene_3.1_y04_hull_dense_y04_14p13|8872|83,365670a4bd45e7eb9302f0e8db40496313eda00c,d2a64a775aea1603d54f29a9a6a7c12b0a61a0f2
scene_3_1_terminalgain_globalmax_interp_0131,family_01,131,6.737561,6.873469,0.135909,50,2,48,4.9,4.757201,4.755432,1.000372,0.181917,1.819171,1.141064,0.076522,0.017319,0.208456,0.0,scene_3.1|scene_3.1_y04_hull_dense_y04_14p13|9158|96,scene_3.1|scene_3.1_y04_hull_dense_y04_14p13|8872|83,41d0919b2caf24d5b9a9f4aaf6cfea8daea0bff7,7edb72ff2831a1e1c52155bcd8d31f702a4eef5a
scene_3_1_terminalgain_globalmax_interp_0132,family_01,132,6.737561,6.873469,0.135909,50,2,48,4.9,4.773662,4.755432,1.003833,0.181918,1.819178,1.141857,0.16056,0.012694,0.542961,0.0,scene_3.1|scene_3.1_y04_hull_dense_y04_14p13|9158|96,scene_3.1|scene_3.1_y04_hull_dense_y04_14p13|8872|83,16f0475ef909edcf9a3ecf9822c3f9439511cea2,35f5ec3be9e10fa051155335c0604b0e98e0331c
scene_3_1_terminalgain_globalmax_interp_0133,family_01,133,6.737561,6.873469,0.135909,50,2,48,4.9,4.765563,4.755432,1.00213,0.181918,1.819178,1.141462,0.158785,0.042708,0.404628,0.0,scene_3.1|scene_3.1_y04_hull_dense_y04_14p13|9158|96,scene_3.1|scene_3.1_y04_hull_dense_y04_14p13|8872|83,960c937fdae70087704a9b6a11a99fe41b963e39,b8a2ee0d2d8d8dde52770b6e8bbdb7c8a779268a
scene_3_1_terminalgain_globalmax_interp_0134,family_01,134,6.737561,6.873469,0.135909,50,2,48,4.9,4.760365,4.755432,1.001037,0.181918,1.819178,1.141146,0.074747,0.072722,0.283668,0.0,scene_3.1|scene_3.1_y04_hull_dense_y04_14p13|9158|96,scene_3.1|scene_3.1_y04_hull_dense_y04_14p13|8872|83,24f3cf1b3dad381c3158367531e4144faaeceaf6,6f88ef2970b9898d483ac36e8d8ffa74771f6e80
scene_3_1_terminalgain_globalmax_interp_0135,family_01,135,6.737561,6.873469,0.135909,50,2,48,4.9,4.770672,4.755432,1.003205,0.181918,1.819178,1.141537,0.009291,0.102735,0.49645,0.0,scene_3.1|scene_3.1_y04_hull_dense_y04_14p13|9158|96,scene_3.1|scene_3.1_y04_hull_dense_y04_14p13|8872|83,003022e1c491194b75a03f3bf0a0028482e3f2af,f2d6d5b46616ca6ab811d39d7c0558bb64a49faa
scene_3_1_terminalgain_globalmax_interp_0136,family_01,136,6.737561,6.873469,0.135909,50,2,48,4.9,4.786922,4.755432,1.006622,0.181918,1.819178,1.142537,0.09333,0.10246,0.714767,0.0,scene_3.1|scene_3.1_y04_hull_dense_y04_14p13|9158|96,scene_3.1|scene_3.1_y04_hull_dense_y04_14p13|8872|83,44f35d5208c44758c3ca8b3805164e4940c9fb08,3d9ba40d9168809697e25f79f5c008bd459366d1
scene_3_1_terminalgain_globalmax_interp_0137,family_01,137,6.737561,6.873469,0.135909,50,2,48,4.9,4.773994,4.755432,1.003903,0.181918,1.819178,1.141864,0.177368,0.072447,0.548042,0.0,scene_3.1|scene_3.1_y04_hull_dense_y04_14p13|9158|96,scene_3.1|scene_3.1_y04_hull_dense_y04_14p13|8872|83,9fef54b2cacc1fc14764f49c424c646af6895d6e,27e92e6cd67dff93f9b9e62bc3724032f9655b3c
scene_3_1_terminalgain_globalmax_interp_0138,family_01,138,6.737561,6.873469,0.135909,50,2,48,4.9,4.760542,4.755432,1.001074,0.181918,1.819178,1.141159,0.141977,0.042433,0.301953,0.0,scene_3.1|scene_3.1_y04_hull_dense_y04_14p13|9158|96,scene_3.1|scene_3.1_y04_hull_dense_y04_14p13|8872|83,41d60583f82dbaad6a599de4d20c4269be0460d2,bd7c99374cc54cc37bf1033fde35f4f54dd4e580
scene_3_1_terminalgain_globalmax_interp_0139,family_01,139,6.737561,6.873469,0.135909,50,2,48,4.9,4.766827,4.755432,1.002396,0.181917,1.819172,1.141505,0.057939,0.01242,0.429011,0.0,scene_3.1|scene_3.1_y04_hull_dense_y04_14p13|9158|96,scene_3.1|scene_3.1_y04_hull_dense_y04_14p13|8872|83,0b41ff647b5b30a69da649bb80051c0424f1bca9,ef33626c18b754815facfcc67c3ada2ee4ab9731
scene_3_1_terminalgain_globalmax_interp_0140,family_01,140,6.737561,6.873469,0.135909,50,2,48,4.9,4.761433,4.755432,1.001262,0.181917,1.819172,1.141202,0.026099,0.017594,0.313355,0.0,scene_3.1|scene_3.1_y04_hull_dense_y04_14p13|9158|96,scene_3.1|scene_3.1_y04_hull_dense_y04_14p13|8872|83,fe149cdef1a938a4d5e6b826b488624fab69f4b5,314ed9ddec0499ab2e7e99edb6bfe1a1ed53e964
scene_3_1_terminalgain_globalmax_interp_0141,family_01,141,6.737561,6.873469,0.135909,50,2,48,4.9,4.775726,4.755432,1.004267,0.181918,1.819178,1.141946,0.110136,0.047608,0.573026,0.0,scene_3.1|scene_3.1_y04_hull_dense_y04_14p13|9158|96,scene_3.1|scene_3.1_y04_hull_dense_y04_14p13|8872|83,22e778611a18c739f1baf108b98bde69b28a4332,e12bc9cc6afc4b25d12882d83c388a4c2fd2495f
scene_3_1_terminalgain_globalmax_interp_0142,family_01,142,6.737561,6.873469,0.135909,50,2,48,4.9,4.760111,4.755432,1.000984,0.181918,1.819178,1.141233,0.194175,0.077621,0.274714,0.0,scene_3.1|scene_3.1_y04_hull_dense_y04_14p13|9158|96,scene_3.1|scene_3.1_y04_hull_dense_y04_14p13|8872|83,a4743c34f484ad0cf92da5684e872b3f74864c70,8110ab03416161bd634a302248b7f703167dc9cf
scene_3_1_terminalgain_globalmax_interp_0143,family_01,143,6.737561,6.873469,0.135909,50,2,48,4.9,4.757849,4.755432,1.000508,0.181917,1.819171,1.141203,0.205846,0.098172,0.212017,0.0,scene_3.1|scene_3.1_y04_hull_dense_y04_14p13|9158|96,scene_3.1|scene_3.1_y04_hull_dense_y04_14p13|8872|83,eef916f85e6d56157c96852d9efb47f35c27d77d,fbed435b2721172f7ead872a8d80f4d17fc0d1a4
scene_3_1_terminalgain_globalmax_interp_0144,family_01,144,6.737561,6.873469,0.135909,50,2,48,4.9,4.785769,4.755432,1.006379,0.181918,1.819178,1.142348,0.121808,0.068159,0.701524,0.0,scene_3.1|scene_3.1_y04_hull_dense_y04_14p13|9158|96,scene_3.1|scene_3.1_y04_hull_dense_y04_14p13|8872|83,5b40029821670f7772410537efc976589239a977,21c817ba1b5bf4f4de6e5388235ddcada5408927
scene_3_1_terminalgain_globalmax_interp_0145,family_01,145,6.737561,6.873469,0.135909,50,2,48,4.9,4.786926,4.755432,1.006623,0.181918,1.819178,1.142518,0.03777,0.038145,0.714738,0.0,scene_3.1|scene_3.1_y04_hull_dense_y04_14p13|9158|96,scene_3.1|scene_3.1_y04_hull_dense_y04_14p13|8872|83,fd3dd37d301d46b27e21407db98358075b289b67,d6daf8ffd79ea778c5b5166daf7df2b0051095f3
scene_3_1_terminalgain_globalmax_interp_0146,family_01,146,6.737561,6.873469,0.135909,50,2,48,4.9,4.757635,4.755432,1.000463,0.181918,1.819178,1.141041,0.046268,0.008131,0.188606,0.0,scene_3.1|scene_3.1_y04_hull_dense_y04_14p13|9158|96,scene_3.1|scene_3.1_y04_hull_dense_y04_14p13|8872|83,c0a6a6869b9bd24e1c8110c06f09035b05cd901d,9bf7a218b83c35d276d0a9c2f157bbe113584fac
scene_3_1_terminalgain_globalmax_interp_0147,family_01,147,6.737561,6.873469,0.135909,50,2,48,4.9,4.760477,4.755432,1.001061,0.181917,1.819171,1.141197,0.130306,0.021882,0.285397,0.0,scene_3.1|scene_3.1_y04_hull_dense_y04_14p13|9158|96,scene_3.1|scene_3.1_y04_hull_dense_y04_14p13|8872|83,be3bb9a35f4071eca2c369864b85bc5d4e2fc416,d51ff09b9ffbbd3267f7b9958586a346afa95223
scene_3_1_terminalgain_globalmax_interp_0148,family_01,148,6.737561,6.873469,0.135909,50,2,48,4.9,4.774914,4.755432,1.004097,0.181918,1.819178,1.141848,0.189038,0.051896,0.561425,0.0,scene_3.1|scene_3.1_y04_hull_dense_y04_14p13|9158|96,scene_3.1|scene_3.1_y04_hull_dense_y04_14p13|8872|83,c9f519707aaff4a875efbd429e985d5dc5e12025,5cbcfa31984a82dfca1d1586fb98df1bde7d2355
scene_3_1_terminalgain_globalmax_interp_0149,family_01,149,6.737561,6.873469,0.135909,50,2,48,4.9,4.762176,4.755432,1.001418,0.181918,1.819178,1.1413,0.105001,0.081909,0.368732,0.0,scene_3.1|scene_3.1_y04_hull_dense_y04_14p13|9158|96,scene_3.1|scene_3.1_y04_hull_dense_y04_14p13|8872|83,dfd95b0e7fb859863a4c702716b8bff249799743,62c6031e78da0a401828fd698f0d86051a4f86a0
scene_3_1_terminalgain_globalmax_interp_0150,family_01,150,6.737561,6.873469,0.135909,50,2,48,4.9,4.766188,4.755432,1.002262,0.181918,1.819178,1.141398,0.020963,0.093885,0.416728,0.0,scene_3.1|scene_3.1_y04_hull_dense_y04_14p13|9158|96,scene_3.1|scene_3.1_y04_hull_dense_y04_14p13|8872|83,f3ad31131af676a96023e6bf16a6f04b86bc34f5,a1ce65fe1d7b0d8c9ffdc46371d8111606cd7676
scene_3_1_terminalgain_globalmax_interp_0151,family_01,151,6.737561,6.873469,0.135909,50,2,48,4.9,4.760681,4.755432,1.001104,0.181918,1.819178,1.141253,0.063075,0.063872,0.295968,0.0,scene_3.1|scene_3.1_y04_hull_dense_y04_14p13|9158|96,scene_3.1|scene_3.1_y04_hull_dense_y04_14p13|8872|83,5e6a4cb88d4f368819e2363f87d36bf9f7f17667,824d5414b41c43828dac26e7241086dbd2a54d5b
scene_3_1_terminalgain_globalmax_interp_0152,family_01,152,6.737561,6.873469,0.135909,50,2,48,4.9,4.772756,4.755432,1.003643,0.181918,1.819178,1.141813,0.147114,0.033858,0.529317,0.0,scene_3.1|scene_3.1_y04_hull_dense_y04_14p13|9158|96,scene_3.1|scene_3.1_y04_hull_dense_y04_14p13|8872|83,066c2b16f102a17bc0bf927183e5f86f10c85118,352353b5e72cada154ea3d93f7ab112f63e62b3f
scene_3_1_terminalgain_globalmax_interp_0153,family_01,153,6.737561,6.873469,0.135909,50,2,48,4.9,4.78463,4.755432,1.00614,0.181917,1.819172,1.14231,0.172231,0.003843,0.688218,0.0,scene_3.1|scene_3.1_y04_hull_dense_y04_14p13|9158|96,scene_3.1|scene_3.1_y04_hull_dense_y04_14p13|8872|83,4625d97210017f4b8c954b2988a839cb72576047,baf5a3e19fae758289fde1707b48172e2263d8db
scene_3_1_terminalgain_globalmax_interp_0154,family_01,154,6.737561,6.873469,0.135909,50,2,48,4.9,4.770958,4.755432,1.003265,0.181917,1.819172,1.141663,0.088193,0.02617,0.500921,0.0,scene_3.1|scene_3.1_y04_hull_dense_y04_14p13|9158|96,scene_3.1|scene_3.1_y04_hull_dense_y04_14p13|8872|83,0e185e70d14dfcbc93941b10d50a88bd1e154369,2eb702e564493f784261ddcde15185f16ac9ad76
scene_3_1_terminalgain_globalmax_interp_0155,family_01,155,6.737561,6.873469,0.135909,50,2,48,4.9,4.75937,4.755432,1.000828,0.181917,1.819171,1.141149,0.004155,0.056184,0.252157,0.0,scene_3.1|scene_3.1_y04_hull_dense_y04_14p13|9158|96,scene_3.1|scene_3.1_y04_hull_dense_y04_14p13|8872|83,a4bd6fc471ee6637a99327b39d43b03ab40e945f,d251941fcbe67a47ff609d26014a39b6d0d01650
scene_3_1_terminalgain_globalmax_interp_0156,family_01,156,6.737561,6.873469,0.135909,50,2,48,4.9,4.766904,4.755432,1.002412,0.181918,1.819178,1.141499,0.079883,0.086197,0.430355,0.0,scene_3.1|scene_3.1_y04_hull_dense_y04_14p13|9158|96,scene_3.1|scene_3.1_y04_hull_dense_y04_14p13|8872|83,bcaaf16122867e063b689edd52c5881011b47e03,833f848701de5fd950660c2ab09c5ed258647104
scene_3_1_terminalgain_globalmax_interp_0157,family_01,157,6.737561,6.873469,0.135909,50,2,48,4.9,4.772122,4.755432,1.00351,0.181918,1.819178,1.141669,0.163922,0.089597,0.519488,0.0,scene_3.1|scene_3.1_y04_hull_dense_y04_14p13|9158|96,scene_3.1|scene_3.1_y04_hull_dense_y04_14p13|8872|83,b1346204ae94fc6d80fe591620610acbbcc2c9dd,1cd36ac3cc9069e1f5d7258938c70ed2f24d41fa
scene_3_1_terminalgain_globalmax_interp_0158,family_01,158,6.737561,6.873469,0.135909,50,2,48,4.9,4.757993,4.755432,1.000538,0.181918,1.819178,1.141176,0.155424,0.059583,0.215648,0.0,scene_3.1|scene_3.1_y04_hull_dense_y04_14p13|9158|96,scene_3.1|scene_3.1_y04_hull_dense_y04_14p13|8872|83,24184007bc00d4d108e5e65ff6e49e9ecc244c64,b87106f242ca047906347b8a179d5add950a8a81
scene_3_1_terminalgain_globalmax_interp_0159,family_01,159,6.737561,6.873469,0.135909,50,2,48,4.9,4.764952,4.755432,1.002002,0.181917,1.819171,1.141455,0.071385,0.02957,0.401113,0.0,scene_3.1|scene_3.1_y04_hull_dense_y04_14p13|9158|96,scene_3.1|scene_3.1_y04_hull_dense_y04_14p13|8872|83,3bd91b6763b148945a96a34ee9376c13d0593408,427e5d8bfbe6f48db6f82e71ff13a58ae4ca19d9
scene_3_1_terminalgain_globalmax_interp_0160,family_01,160,6.737561,6.873469,0.135909,50,2,48,4.9,4.773771,4.755432,1.003856,0.181918,1.819178,1.141834,0.012653,0.000444,0.544806,0.0,scene_3.1|scene_3.1_y04_hull_dense_y04_14p13|9158|96,scene_3.1|scene_3.1_y04_hull_dense_y04_14p13|8872|83,51654201eeb972be80305fcdfc5cf385d5a26016,08454b469eb8a76d17ffbd5ca14ad73e6e3c1375
scene_3_1_terminalgain_globalmax_interp_0161,family_01,161,6.737561,6.873469,0.135909,50,2,48,4.9,4.768175,4.755432,1.00268,0.181918,1.819178,1.141495,0.096691,0.030457,0.453682,0.0,scene_3.1|scene_3.1_y04_hull_dense_y04_14p13|9158|96,scene_3.1|scene_3.1_y04_hull_dense_y04_14p13|8872|83,7e811263ed459a541468ba4fc3f200e5edd3950e,a968a3efbae927ae941f70296d7e728356bbeac3
scene_3_1_terminalgain_globalmax_interp_0162,family_01,162,6.737561,6.873469,0.135909,50,2,48,4.9,4.77257,4.755432,1.003604,0.181918,1.819178,1.141713,0.180728,0.060471,0.526421,0.0,scene_3.1|scene_3.1_y04_hull_dense_y04_14p13|9158|96,scene_3.1|scene_3.1_y04_hull_dense_y04_14p13|8872|83,c16f95e41081ae73606c4f07eaad76ac7ebf7662,81167720755f4fe8b23f46b25349bd52353a9777
scene_3_1_terminalgain_globalmax_interp_0163,family_01,163,6.737561,6.873469,0.135909,50,2,48,4.9,4.769666,4.755432,1.002993,0.181917,1.819171,1.141582,0.138616,0.090484,0.479775,0.0,scene_3.1|scene_3.1_y04_hull_dense_y04_14p13|9158|96,scene_3.1|scene_3.1_y04_hull_dense_y04_14p13|8872|83,9b619dd92372c0d4be1880a0235d9e84edf79360,8ed908e9a96bd42a9ee92cbdf13272d4dec0cc4f
scene_3_1_terminalgain_globalmax_interp_0164,family_01,164,6.737561,6.873469,0.135909,50,2,48,4.9,4.766492,4.755432,1.002326,0.181918,1.819178,1.141528,0.054577,0.085309,0.4355,0.0,scene_3.1|scene_3.1_y04_hull_dense_y04_14p13|9158|96,scene_3.1|scene_3.1_y04_hull_dense_y04_14p13|8872|83,37fc486871b412ff88101e167fe4aedde357b417,aa51ad1371760aaa23fe0652facde2446e9b9f1b
scene_3_1_terminalgain_globalmax_interp_0165,family_01,165,6.737561,6.873469,0.135909,50,2,48,4.9,4.766298,4.755432,1.002285,0.181918,1.819178,1.141392,0.029461,0.055295,0.419111,0.0,scene_3.1|scene_3.1_y04_hull_dense_y04_14p13|9158|96,scene_3.1|scene_3.1_y04_hull_dense_y04_14p13|8872|83,b85a9aa121de765b91bcb87eb687a0bc0799affd,56f41d3d80d998797689bb5831f4d7625194edf3
scene_3_1_terminalgain_globalmax_interp_0166,family_01,166,6.737561,6.873469,0.135909,50,2,48,4.9,4.766794,4.755432,1.002389,0.181918,1.819178,1.141565,0.113498,0.025282,0.428513,0.0,scene_3.1|scene_3.1_y04_hull_dense_y04_14p13|9158|96,scene_3.1|scene_3.1_y04_hull_dense_y04_14p13|8872|83,cdb1c666b95f3f513255a9639c67712d18a80a67,fa55f4c9c4a3265ecf854ffc9666b3499cd465c4
scene_3_1_terminalgain_globalmax_interp_0167,family_01,167,6.737561,6.873469,0.135909,50,2,48,4.9,4.755582,4.755432,1.000031,0.181918,1.819178,1.141045,0.197536,0.004732,0.087502,0.0,scene_3.1|scene_3.1_y04_hull_dense_y04_14p13|9158|96,scene_3.1|scene_3.1_y04_hull_dense_y04_14p13|8872|83,33a47d6d0f8315fec179ef2ef7c19a40806a4167,2b033cc726ff84c57677039534ede279dab6c51a
scene_3_1_terminalgain_globalmax_interp_0168,family_01,168,6.737561,6.873469,0.135909,50,2,48,4.9,4.785724,4.755432,1.00637,0.181917,1.819171,1.14246,0.202484,0.034745,0.701172,0.0,scene_3.1|scene_3.1_y04_hull_dense_y04_14p13|9158|96,scene_3.1|scene_3.1_y04_hull_dense_y04_14p13|8872|83,27fe7238967c989e66ec5258f1d8211b97f21a79,3a149ff6f7a78d0f83c59a10bbd02b7bdd534cab
scene_3_1_terminalgain_globalmax_interp_0169,family_01,169,6.737561,6.873469,0.135909,50,2,48,4.9,4.776618,4.755432,1.004455,0.181918,1.819178,1.141959,0.118446,0.064759,0.585647,0.0,scene_3.1|scene_3.1_y04_hull_dense_y04_14p13|9158|96,scene_3.1|scene_3.1_y04_hull_dense_y04_14p13|8872|83,0139e8afa66f1bb99d505964560848ac3c1bd9c6,8e37ff3f676fbe2c6487e4edd18e31a8e3579c20
scene_3_1_terminalgain_globalmax_interp_0170,family_01,170,6.737561,6.873469,0.135909,50,2,48,4.9,4.75733,4.755432,1.000399,0.181918,1.819178,1.141069,0.034409,0.094773,0.224036,0.0,scene_3.1|scene_3.1_y04_hull_dense_y04_14p13|9158|96,scene_3.1|scene_3.1_y04_hull_dense_y04_14p13|8872|83,cae72817dbc077b03269baf97bbd185f367ad024,7e4ac2a8be0c2e07d59c28f441620ca3ce0c4646
scene_3_1_terminalgain_globalmax_interp_0171,family_01,171,6.737561,6.873469,0.135909,50,2,48,4.9,4.778581,4.755432,1.004868,0.181918,1.819178,1.142103,0.049629,0.081022,0.612183,0.0,scene_3.1|scene_3.1_y04_hull_dense_y04_14p13|9158|96,scene_3.1|scene_3.1_y04_hull_dense_y04_14p13|8872|83,32f2569164feda8a346b750f7b925564eecd5f46,43575fd8fda01606afb5049997a5bd99ef619031
scene_3_1_terminalgain_globalmax_interp_0172,family_01,172,6.737561,6.873469,0.135909,50,2,48,4.9,4.778036,4.755432,1.004753,0.181918,1.819178,1.141915,0.133667,0.051008,0.605042,0.0,scene_3.1|scene_3.1_y04_hull_dense_y04_14p13|9158|96,scene_3.1|scene_3.1_y04_hull_dense_y04_14p13|8872|83,36570f69f67ead7983d1edce4aa1b8d25d9edf19,c96111791896927089a6144b172a120e6bfe022a
scene_3_1_terminalgain_globalmax_interp_0173,family_01,173,6.737561,6.873469,0.135909,50,2,48,4.9,4.767065,4.755432,1.002446,0.181918,1.819178,1.141486,0.185677,0.020995,0.433688,0.0,scene_3.1|scene_3.1_y04_hull_dense_y04_14p13|9158|96,scene_3.1|scene_3.1_y04_hull_dense_y04_14p13|8872|83,ec128d394fec2d123966cf834e3c848094cbd317,37120c4cc3783b6caaf43fe301bfbb6a72ac89bd
scene_3_1_terminalgain_globalmax_interp_0174,family_01,174,6.737561,6.873469,0.135909,50,2,48,4.9,4.760275,4.755432,1.001018,0.181918,1.819178,1.141231,0.101639,0.009019,0.312784,0.0,scene_3.1|scene_3.1_y04_hull_dense_y04_14p13|9158|96,scene_3.1|scene_3.1_y04_hull_dense_y04_14p13|8872|83,ccff69333d38af8cae019ebbcd4c34aa22fa1906,8f909d32e5f118d6cb200d46ce4bbde994afd3c6
scene_3_1_terminalgain_globalmax_interp_0175,family_01,175,6.737561,6.873469,0.135909,50,2,48,4.9,4.766266,4.755432,1.002278,0.181917,1.819171,1.141499,0.017601,0.039032,0.41839,0.0,scene_3.1|scene_3.1_y04_hull_dense_y04_14p13|9158|96,scene_3.1|scene_3.1_y04_hull_dense_y04_14p13|8872|83,5907b4f05ff26c14a35bcf5be096d737eb0d916c,2cc2983f27ef197f8679e50ada6e9f0ec3f7f1e7
scene_3_1_terminalgain_globalmax_interp_0176,family_01,176,6.737561,6.873469,0.135909,50,2,48,4.9,4.767554,4.755432,1.002549,0.181918,1.819178,1.141501,0.066437,0.069046,0.442627,0.0,scene_3.1|scene_3.1_y04_hull_dense_y04_14p13|9158|96,scene_3.1|scene_3.1_y04_hull_dense_y04_14p13|8872|83,adea0cd80ef3a0749097b1330b0866be44323b84,96d253dea0c7fb8f0be89f3251d82b8ddefa208b
scene_3_1_terminalgain_globalmax_interp_0177,family_01,177,6.737561,6.873469,0.135909,50,2,48,4.9,4.77738,4.755432,1.004615,0.181918,1.819178,1.142091,0.150475,0.09906,0.596047,0.0,scene_3.1|scene_3.1_y04_hull_dense_y04_14p13|9158|96,scene_3.1|scene_3.1_y04_hull_dense_y04_14p13|8872|83,1a1b3e11a7bfa57e1d971d4e2a25b2f01cdf27ea,6152228d46532a50101062405016d10934bf4490
scene_3_1_terminalgain_globalmax_interp_0178,family_01,178,6.737561,6.873469,0.135909,50,2,48,4.9,4.760551,4.755432,1.001076,0.181918,1.819178,1.141203,0.16887,0.076734,0.293524,0.0,scene_3.1|scene_3.1_y04_hull_dense_y04_14p13|9158|96,scene_3.1|scene_3.1_y04_hull_dense_y04_14p13|8872|83,688a12e29b6e7c8cabd98d9acce7b0307c436055,bc2078738b47fd608f4fdd0f9cdb5cd7c053d862
scene_3_1_terminalgain_globalmax_interp_0179,family_01,179,6.737561,6.873469,0.135909,50,2,48,4.9,4.758468,4.755432,1.000638,0.181916,1.819164,1.141151,0.084832,0.04672,0.221431,0.0,scene_3.1|scene_3.1_y04_hull_dense_y04_14p13|9158|96,scene_3.1|scene_3.1_y04_hull_dense_y04_14p13|8872|83,b55037bec01d25dca57214eb696053fde241ca3a,87fd7ed363fbb59a0a86e70665e64566fa331384
scene_3_1_terminalgain_globalmax_interp_0180,family_01,180,6.737561,6.873469,0.135909,50,2,48,4.9,4.778262,4.755432,1.004801,0.181917,1.819172,1.141947,0.000793,0.016707,0.608301,0.0,scene_3.1|scene_3.1_y04_hull_dense_y04_14p13|9158|96,scene_3.1|scene_3.1_y04_hull_dense_y04_14p13|8872|83,0b9c35f2a9fa93e94ca3aa6176b8100ad2f3a13f,af5562197358da98944c9bd2cda241f80f36b6d0
scene_3_1_terminalgain_globalmax_interp_0181,family_01,181,6.737561,6.873469,0.135909,50,2,48,4.9,4.77686,4.755432,1.004506,0.181918,1.819178,1.14203,0.083245,0.013307,0.588946,0.0,scene_3.1|scene_3.1_y04_hull_dense_y04_14p13|9158|96,scene_3.1|scene_3.1_y04_hull_dense_y04_14p13|8872|83,1ba92eb448c6b9c1ba53e13c902cf1795b926e1f,73bc7c4e6112e89108f240832fa76cf62579ac82
scene_3_1_terminalgain_globalmax_interp_0182,family_01,182,6.737561,6.873469,0.135909,50,2,48,4.9,4.759395,4.755432,1.000833,0.181918,1.819178,1.141106,0.167283,0.043321,0.274798,0.0,scene_3.1|scene_3.1_y04_hull_dense_y04_14p13|9158|96,scene_3.1|scene_3.1_y04_hull_dense_y04_14p13|8872|83,da682a4eeeec1b959d0ac9e70c369ac4f29fe4d8,a119839084780b2919e60a2b2133dfe6d22f6b18
scene_3_1_terminalgain_globalmax_interp_0183,family_01,183,6.737561,6.873469,0.135909,50,2,48,4.9,4.760195,4.755432,1.001001,0.181918,1.819178,1.141275,0.152062,0.073334,0.277937,0.0,scene_3.1|scene_3.1_y04_hull_dense_y04_14p13|9158|96,scene_3.1|scene_3.1_y04_hull_dense_y04_14p13|8872|83,c4bb44356878952894184c13513e29c8f3cda429,8e8d4ff82aabee73319a6926250ee4fbfcb8029c
scene_3_1_terminalgain_globalmax_interp_0184,family_01,184,6.737561,6.873469,0.135909,50,2,48,4.9,4.779545,4.755432,1.005071,0.181918,1.819178,1.142071,0.068024,0.103348,0.625162,0.0,scene_3.1|scene_3.1_y04_hull_dense_y04_14p13|9158|96,scene_3.1|scene_3.1_y04_hull_dense_y04_14p13|8872|83,b1857c9d514501e2ddbe96109831c5d7fc55286e,d8b886ebb141b91bdfae16306173830aa88e8bae
scene_3_1_terminalgain_globalmax_interp_0185,family_01,185,6.737561,6.873469,0.135909,50,2,48,4.9,4.771779,4.755432,1.003437,0.181918,1.819178,1.141648,0.016015,0.101848,0.514062,0.0,scene_3.1|scene_3.1_y04_hull_dense_y04_14p13|9158|96,scene_3.1|scene_3.1_y04_hull_dense_y04_14p13|8872|83,734ff3e68138762f226398b8e712f221ee7bbdd4,e2b697f3c69832c3026bddbb2f39fdef6c9c2eb4
scene_3_1_terminalgain_globalmax_interp_0186,family_01,186,6.737561,6.873469,0.135909,50,2,48,4.9,4.765402,4.755432,1.002096,0.181918,1.819178,1.141454,0.100053,0.071834,0.401329,0.0,scene_3.1|scene_3.1_y04_hull_dense_y04_14p13|9158|96,scene_3.1|scene_3.1_y04_hull_dense_y04_14p13|8872|83,07e03dbb717380a0bec9b2a25b064cf2d97d36b0,146449e0095ecab44e3eef3e0ff561fa9a4e9813
scene_3_1_terminalgain_globalmax_interp_0187,family_01,187,6.737561,6.873469,0.135909,50,2,48,4.9,4.762051,4.755432,1.001392,0.181917,1.819171,1.141282,0.18409,0.041821,0.326912,0.0,scene_3.1|scene_3.1_y04_hull_dense_y04_14p13|9158|96,scene_3.1|scene_3.1_y04_hull_dense_y04_14p13|8872|83,9c7744f930ef70386664adce4bd22d6a186ee861,fbe86e39102d26c37e9df4f72fb84e537c5212fb
scene_3_1_terminalgain_globalmax_interp_0188,family_01,188,6.737561,6.873469,0.135909,50,2,48,4.9,4.76374,4.755432,1.001747,0.181918,1.819178,1.141352,0.135254,0.011807,0.366223,0.0,scene_3.1|scene_3.1_y04_hull_dense_y04_14p13|9158|96,scene_3.1|scene_3.1_y04_hull_dense_y04_14p13|8872|83,e0bea168fac2d6315dfefd67315d5295f5cefb4b,146764691058d833d3b32216c70e2085de8cf43a
scene_3_1_terminalgain_globalmax_interp_0189,family_01,189,6.737561,6.873469,0.135909,50,2,48,4.9,4.780894,4.755432,1.005354,0.181918,1.819178,1.142127,0.051216,0.018207,0.64226,0.0,scene_3.1|scene_3.1_y04_hull_dense_y04_14p13|9158|96,scene_3.1|scene_3.1_y04_hull_dense_y04_14p13|8872|83,e2c959d53dac6eae1050dbd3464507595c676be5,dc0edcc58f41d4d49ada04c8f15822ebc4a66dbe
scene_3_1_terminalgain_globalmax_interp_0190,family_01,190,6.737561,6.873469,0.135909,50,2,48,4.9,4.769814,4.755432,1.003024,0.181918,1.819178,1.141615,0.032822,0.04822,0.48225,0.0,scene_3.1|scene_3.1_y04_hull_dense_y04_14p13|9158|96,scene_3.1|scene_3.1_y04_hull_dense_y04_14p13|8872|83,d5a31a3e73b407a733941e9ecff848f49f0a5940,57e192cb94bde7d07e8f300a1840ae4f00bd7a86
scene_3_1_terminalgain_globalmax_interp_0191,family_01,191,6.737561,6.873469,0.135909,50,2,48,4.9,4.756176,4.755432,1.000156,0.181917,1.819171,1.140927,0.11686,0.078234,0.159122,0.0,scene_3.1|scene_3.1_y04_hull_dense_y04_14p13|9158|96,scene_3.1|scene_3.1_y04_hull_dense_y04_14p13|8872|83,7572e75d62181cee65c5e436019aeb0544d2a2ff,3f1ba6a28e2fed5ee1011e37fd32a08abe08748d
scene_3_1_terminalgain_globalmax_interp_0192,family_01,192,6.737561,6.873469,0.135909,50,2,48,4.9,4.775597,4.755432,1.00424,0.181918,1.819178,1.14195,0.200898,0.09756,0.571261,0.0,scene_3.1|scene_3.1_y04_hull_dense_y04_14p13|9158|96,scene_3.1|scene_3.1_y04_hull_dense_y04_14p13|8872|83,15263290d6e6f7ecd98a934d831cb9b70a0c4de2,37bf6b4ce93f3269cb1c580892ace9ce520fa276
scene_3_1_terminalgain_globalmax_interp_0193,family_01,193,6.737561,6.873469,0.135909,50,2,48,4.9,4.77371,4.755432,1.003844,0.181917,1.819172,1.141806,0.199123,0.067546,0.544078,0.0,scene_3.1|scene_3.1_y04_hull_dense_y04_14p13|9158|96,scene_3.1|scene_3.1_y04_hull_dense_y04_14p13|8872|83,c8d715f3a673f4dc6caf3e8d64e2938ebc5d1bea,de134b4f57f1b42547a989e0faf3b2c6ea7d2bb3
scene_3_1_terminalgain_globalmax_interp_0194,family_01,194,6.737561,6.873469,0.135909,50,2,48,4.9,4.756617,4.755432,1.000249,0.181917,1.819172,1.141043,0.115085,0.037532,0.154931,0.0,scene_3.1|scene_3.1_y04_hull_dense_y04_14p13|9158|96,scene_3.1|scene_3.1_y04_hull_dense_y04_14p13|8872|83,19659b92d9de1cb96478a4ea305b13766b21526a,f96390906e39cb45dbcb85320fab3cb90734673b
scene_3_1_terminalgain_globalmax_interp_0195,family_01,195,6.737561,6.873469,0.135909,50,2,48,4.9,4.768975,4.755432,1.002848,0.181917,1.819171,1.141504,0.031047,0.007519,0.467974,0.0,scene_3.1|scene_3.1_y04_hull_dense_y04_14p13|9158|96,scene_3.1|scene_3.1_y04_hull_dense_y04_14p13|8872|83,a90b324067cab3f57dc681cbcd1b3e75da01927b,c69579b0a79e77394681830d32b20fe4d877ea10
scene_3_1_terminalgain_globalmax_interp_0196,family_01,196,6.737561,6.873469,0.135909,50,2,48,4.9,4.767889,4.755432,1.00262,0.181918,1.819178,1.141489,0.052991,0.022495,0.448625,0.0,scene_3.1|scene_3.1_y04_hull_dense_y04_14p13|9158|96,scene_3.1|scene_3.1_y04_hull_dense_y04_14p13|8872|83,10743b109f2d1111f41ca23f058504c5eb669cfe,8ffa8d661d75b496992a5d4b5e2da392ab47d197
scene_3_1_terminalgain_globalmax_interp_0197,family_01,197,6.737561,6.873469,0.135909,50,2,48,4.9,4.76325,4.755432,1.001644,0.181918,1.819178,1.141274,0.137029,0.052508,0.355472,0.0,scene_3.1|scene_3.1_y04_hull_dense_y04_14p13|9158|96,scene_3.1|scene_3.1_y04_hull_dense_y04_14p13|8872|83,baf9335da44ad050f5e56788edd36286690d7486,e293309e7c67e91c7270508421e8bb5de59003f7
scene_3_1_terminalgain_globalmax_interp_0198,family_01,198,6.737561,6.873469,0.135909,50,2,48,4.9,4.779508,4.755432,1.005063,0.181918,1.819178,1.14215,0.182315,0.082522,0.624589,0.0,scene_3.1|scene_3.1_y04_hull_dense_y04_14p13|9158|96,scene_3.1|scene_3.1_y04_hull_dense_y04_14p13|8872|83,46a0ada23540d0d46001a16cc4fdd6f460acec17,f2253b725cf136b60f68baa4493dd26ac8b77bab
scene_3_1_terminalgain_globalmax_interp_0199,family_01,199,6.737561,6.873469,0.135909,50,2,48,4.9,4.775183,4.755432,1.004153,0.181918,1.819178,1.141749,0.098278,0.093273,0.565297,0.0,scene_3.1|scene_3.1_y04_hull_dense_y04_14p13|9158|96,scene_3.1|scene_3.1_y04_hull_dense_y04_14p13|8872|83,2aab6c3eb2337f2350a09e23acffc0fb36be5f40,78ad6a9fee8a95b882616d182aa84102a7203540
scene_3_1_terminalgain_globalmax_interp_0200,family_01,200,6.737561,6.873469,0.135909,50,2,48,4.9,4.776167,4.755432,1.00436,0.181917,1.819171,1.141933,0.01424,0.063259,0.579596,0.0,scene_3.1|scene_3.1_y04_hull_dense_y04_14p13|9158|96,scene_3.1|scene_3.1_y04_hull_dense_y04_14p13|8872|83,1f5be30a1000d6a8ade537b554ce31133167c3b4,3093923141d17c02a57d8c7482dea923b879ac6a
scene_3_1_terminalgain_globalmax_interp_0201,family_01,201,6.737561,6.873469,0.135909,50,2,48,4.9,4.775115,4.755432,1.004139,0.181918,1.819178,1.141902,0.069799,0.033245,0.564411,0.0,scene_3.1|scene_3.1_y04_hull_dense_y04_14p13|9158|96,scene_3.1|scene_3.1_y04_hull_dense_y04_14p13|8872|83,1f1e303823e4c2b8521d5cf25e2f14ca6b9fde6d,779610ef8e268af8c44d745fe9b9823784f736bc
scene_3_1_terminalgain_globalmax_interp_0202,family_01,202,6.737561,6.873469,0.135909,50,2,48,4.9,4.767451,4.755432,1.002527,0.181918,1.819178,1.141446,0.153837,0.003232,0.440633,0.0,scene_3.1|scene_3.1_y04_hull_dense_y04_14p13|9158|96,scene_3.1|scene_3.1_y04_hull_dense_y04_14p13|8872|83,2275a6f9f210c639e2608c2e866b6b24b9d76498,81a013833f0d75043788b91df3ddae90ccaad544
scene_3_1_terminalgain_globalmax_interp_0203,family_01,203,6.737561,6.873469,0.135909,50,2,48,4.9,4.759491,4.755432,1.000853,0.181918,1.819178,1.141123,0.165508,0.026782,0.259032,0.0,scene_3.1|scene_3.1_y04_hull_dense_y04_14p13|9158|96,scene_3.1|scene_3.1_y04_hull_dense_y04_14p13|8872|83,e1a81cf53b26d1ec9d707b28ffff343372ab596d,9d50045ac51729df2a560ab6771d8fcc0846000d
scene_3_1_terminalgain_globalmax_interp_0204,family_01,204,6.737561,6.873469,0.135909,50,2,48,4.9,4.767872,4.755432,1.002616,0.181918,1.819178,1.141522,0.08147,0.056795,0.448255,0.0,scene_3.1|scene_3.1_y04_hull_dense_y04_14p13|9158|96,scene_3.1|scene_3.1_y04_hull_dense_y04_14p13|8872|83,0c8c44efaa9d44e78db65cea1e336f53c2ad4641,672312c7210d429bd05a33e6af21827629317249
scene_3_1_terminalgain_globalmax_interp_0205,family_01,205,6.737561,6.873469,0.135909,50,2,48,4.9,4.770907,4.755432,1.003254,0.181918,1.819178,1.141807,0.002568,0.086809,0.511705,0.0,scene_3.1|scene_3.1_y04_hull_dense_y04_14p13|9158|96,scene_3.1|scene_3.1_y04_hull_dense_y04_14p13|8872|83,c2fd858182f7354b7d5fa114a7719cca0f4db48e,4dd561c0de15aa59bcfed6177a2cd3a2440743ae
scene_3_1_terminalgain_globalmax_interp_0206,family_01,206,6.737561,6.873469,0.135909,50,2,48,4.9,4.757621,4.755432,1.00046,0.181918,1.819178,1.140955,0.086606,0.088984,0.225319,0.0,scene_3.1|scene_3.1_y04_hull_dense_y04_14p13|9158|96,scene_3.1|scene_3.1_y04_hull_dense_y04_14p13|8872|83,bd48bf84daf5c5560da813d3e55c7fdea06e83cc,01e726a5a148c23686cb7313dfa473693fd44438
scene_3_1_terminalgain_globalmax_interp_0207,family_01,207,6.737561,6.873469,0.135909,50,2,48,4.9,4.768215,4.755432,1.002688,0.181917,1.819171,1.141552,0.170645,0.058971,0.454732,0.0,scene_3.1|scene_3.1_y04_hull_dense_y04_14p13|9158|96,scene_3.1|scene_3.1_y04_hull_dense_y04_14p13|8872|83,674fd1a9871e250a1ac40b2525b6f1e22bb1296e,48e9c37c7c259ada3008a8430c5a7a1158f62ac6
scene_3_1_terminalgain_globalmax_interp_0208,family_01,208,6.737561,6.873469,0.135909,50,2,48,4.9,4.785324,4.755432,1.006286,0.181918,1.819178,1.142332,0.1487,0.028957,0.696269,0.0,scene_3.1|scene_3.1_y04_hull_dense_y04_14p13|9158|96,scene_3.1|scene_3.1_y04_hull_dense_y04_14p13|8872|83,efe18208bd6dc00acf820ac29151e4797125c291,992880e263fbde7e5bef5e9f33799b42533dfd8d
scene_3_1_terminalgain_globalmax_interp_0209,family_01,209,6.737561,6.873469,0.135909,50,2,48,4.9,4.769871,4.755432,1.003036,0.181918,1.819178,1.141602,0.064662,0.001056,0.483087,0.0,scene_3.1|scene_3.1_y04_hull_dense_y04_14p13|9158|96,scene_3.1|scene_3.1_y04_hull_dense_y04_14p13|8872|83,7ae82e07506df7935720f2f491762eda233df15b,32374cd77b702ad3ecfdcac77d38a4e7280443fa
scene_3_1_terminalgain_globalmax_interp_0210,family_01,210,6.737561,6.873469,0.135909,50,2,48,4.9,4.759464,4.755432,1.000848,0.181918,1.819178,1.141181,0.019376,0.03107,0.287754,0.0,scene_3.1|scene_3.1_y04_hull_dense_y04_14p13|9158|96,scene_3.1|scene_3.1_y04_hull_dense_y04_14p13|8872|83,82531adc7cc88ecb1131c8eb6073861bdae38625,8225e14e086c00d84e5ee3640c60d4b16df6a56f
scene_3_1_terminalgain_globalmax_interp_0211,family_01,211,6.737561,6.873469,0.135909,50,2,48,4.9,4.767153,4.755432,1.002465,0.181917,1.819171,1.141465,0.103414,0.061083,0.435302,0.0,scene_3.1|scene_3.1_y04_hull_dense_y04_14p13|9158|96,scene_3.1|scene_3.1_y04_hull_dense_y04_14p13|8872|83,edbb429d43d0cbc116a429fd4aee4eb45bd66a35,921d11c24f9c8d81b1303cef7237530db1614682
scene_3_1_terminalgain_globalmax_interp_0212,family_01,212,6.737561,6.873469,0.135909,50,2,48,4.9,4.764824,4.755432,1.001975,0.181918,1.819178,1.141309,0.187452,0.091097,0.389398,0.0,scene_3.1|scene_3.1_y04_hull_dense_y04_14p13|9158|96,scene_3.1|scene_3.1_y04_hull_dense_y04_14p13|8872|83,7e76e023a848bdc3c7fb7533f01c5dbe811917e9,858154b99c915fd3a9a33bb5c72cd8c162e167b5
scene_3_1_terminalgain_globalmax_interp_0213,family_01,213,6.737561,6.873469,0.135909,50,2,48,4.9,4.769654,4.755432,1.002991,0.181917,1.819172,1.141605,0.131893,0.084696,0.479475,0.0,scene_3.1|scene_3.1_y04_hull_dense_y04_14p13|9158|96,scene_3.1|scene_3.1_y04_hull_dense_y04_14p13|8872|83,0e82f47528e03f17ca8ecee098bc8bf1049f2089,02a19e5d2e771a470ea4fc8a5d567acb9ec16cd4
scene_3_1_terminalgain_globalmax_interp_0214,family_01,214,6.737561,6.873469,0.135909,50,2,48,4.9,4.763786,4.755432,1.001757,0.181917,1.819172,1.141331,0.047854,0.054683,0.367678,0.0,scene_3.1|scene_3.1_y04_hull_dense_y04_14p13|9158|96,scene_3.1|scene_3.1_y04_hull_dense_y04_14p13|8872|83,9d4dd90d8793ba59c82e55fe68cf0780fbdbd2f1,8595318c7da80fb2e08c34ada739f57fce4148be
scene_3_1_terminalgain_globalmax_interp_0215,family_01,215,6.737561,6.873469,0.135909,50,2,48,4.9,4.756212,4.755432,1.000164,0.181918,1.819178,1.140931,0.036183,0.024669,0.199527,0.0,scene_3.1|scene_3.1_y04_hull_dense_y04_14p13|9158|96,scene_3.1|scene_3.1_y04_hull_dense_y04_14p13|8872|83,659abc11967bc644c9d330a87fab046a5dc0f329,a1a4eaabf7bdbcb112d467db169bc404c9be361d
scene_3_1_terminalgain_globalmax_interp_0216,family_01,216,6.737561,6.873469,0.135909,50,2,48,4.9,4.787184,4.755432,1.006677,0.181918,1.819178,1.142522,0.120221,0.005344,0.717714,0.0,scene_3.1|scene_3.1_y04_hull_dense_y04_14p13|9158|96,scene_3.1|scene_3.1_y04_hull_dense_y04_14p13|8872|83,1f06be0b3ca01d61f538628bed71282db1029c78,500cea825454c8aa88f3686d348fa3588082131c
scene_3_1_terminalgain_globalmax_interp_0217,family_01,217,6.737561,6.873469,0.135909,50,2,48,4.9,4.784873,4.755432,1.006191,0.181918,1.819178,1.142428,0.204259,0.035358,0.691077,0.0,scene_3.1|scene_3.1_y04_hull_dense_y04_14p13|9158|96,scene_3.1|scene_3.1_y04_hull_dense_y04_14p13|8872|83,18905e929f032645fa485c7ec9046d2aa97cb7f3,e64d394366b6ed02f0553a203d4fb9f60e63ad71
scene_3_1_terminalgain_globalmax_interp_0218,family_01,218,6.737561,6.873469,0.135909,50,2,48,4.9,4.756406,4.755432,1.000205,0.181918,1.819178,1.140964,0.195761,0.065372,0.16933,0.0,scene_3.1|scene_3.1_y04_hull_dense_y04_14p13|9158|96,scene_3.1|scene_3.1_y04_hull_dense_y04_14p13|8872|83,23a25ae21b724595da35dc506573c3764e592331,21e19c0a60540431159191be9b0a7d75dc1cb809
scene_3_1_terminalgain_globalmax_interp_0219,family_01,219,6.737561,6.873469,0.135909,50,2,48,4.9,4.762892,4.755432,1.001569,0.181917,1.819171,1.141373,0.111723,0.095385,0.347128,0.0,scene_3.1|scene_3.1_y04_hull_dense_y04_14p13|9158|96,scene_3.1|scene_3.1_y04_hull_dense_y04_14p13|8872|83,cb2a0003b0e5baa1a1c185a87c9efedb07324b85,3904e99e2a581a711f4503ef7f46e43f28e2bbef
scene_3_1_terminalgain_globalmax_interp_0220,family_01,220,6.737561,6.873469,0.135909,50,2,48,4.9,4.77097,4.755432,1.003267,0.181918,1.819178,1.141704,0.027686,0.080409,0.501197,0.0,scene_3.1|scene_3.1_y04_hull_dense_y04_14p13|9158|96,scene_3.1|scene_3.1_y04_hull_dense_y04_14p13|8872|83,78197f60fc25d08eb9c0eaad024457d14d50b7b0,21e987c81849e49a5f1207144f2bb0d0fe8870e5
scene_3_1_terminalgain_globalmax_interp_0221,family_01,221,6.737561,6.873469,0.135909,50,2,48,4.9,4.763249,4.755432,1.001644,0.181918,1.819178,1.141205,0.056352,0.050396,0.366004,0.0,scene_3.1|scene_3.1_y04_hull_dense_y04_14p13|9158|96,scene_3.1|scene_3.1_y04_hull_dense_y04_14p13|8872|83,c2ffb72b7ff49bcff71816f656d7aee689332029,9e0a1c08a927f17b06256b9bff54d99de48d34fd
scene_3_1_terminalgain_globalmax_interp_0222,family_01,222,6.737561,6.873469,0.135909,50,2,48,4.9,4.768105,4.755432,1.002665,0.181918,1.819178,1.141598,0.140391,0.020382,0.4526,0.0,scene_3.1|scene_3.1_y04_hull_dense_y04_14p13|9158|96,scene_3.1|scene_3.1_y04_hull_dense_y04_14p13|8872|83,c3a38885a5b4697e80e57e6b3d76ec719ca86e6f,ea7fb438370d40c7ea575de8638b6de9140aa39b
scene_3_1_terminalgain_globalmax_interp_0223,family_01,223,6.737561,6.873469,0.135909,50,2,48,4.9,4.759014,4.755432,1.000753,0.181917,1.819171,1.141232,0.178954,0.009631,0.240432,0.0,scene_3.1|scene_3.1_y04_hull_dense_y04_14p13|9158|96,scene_3.1|scene_3.1_y04_hull_dense_y04_14p13|8872|83,9245b37a26d6c67f829a8939b08ad90d3be2c802,7bc8e6d78b5240d6211cc9b598485c9192091038
scene_3_1_terminalgain_globalmax_interp_0224,family_01,224,6.737561,6.873469,0.135909,50,2,48,4.9,4.771945,4.755432,1.003472,0.181917,1.819172,1.141664,0.094916,0.039645,0.517017,0.0,scene_3.1|scene_3.1_y04_hull_dense_y04_14p13|9158|96,scene_3.1|scene_3.1_y04_hull_dense_y04_14p13|8872|83,3ee2af66be8c019ef42d6f3cf978cb90d1ecb0f4,eb15344e25f1cd0016395853036b9196b0627e4e
scene_3_1_terminalgain_globalmax_interp_0225,family_01,225,6.737561,6.873469,0.135909,50,2,48,4.9,4.783622,4.755432,1.005928,0.181918,1.819178,1.142283,0.010878,0.069659,0.675965,0.0,scene_3.1|scene_3.1_y04_hull_dense_y04_14p13|9158|96,scene_3.1|scene_3.1_y04_hull_dense_y04_14p13|8872|83,b456d19c91feab78347560da4cd15ffde9ca58ca,527f88c47550bbcc665c55e892935ec1732c58ff
scene_3_1_terminalgain_globalmax_interp_0226,family_01,226,6.737561,6.873469,0.135909,50,2,48,4.9,4.775427,4.755432,1.004205,0.181918,1.819178,1.141894,0.07316,0.099672,0.569129,0.0,scene_3.1|scene_3.1_y04_hull_dense_y04_14p13|9158|96,scene_3.1|scene_3.1_y04_hull_dense_y04_14p13|8872|83,89e02694dd51e8caa277408647400a9a77ab5e44,348215da418e5c9dc512c9c2a1ccadc2bdce5c01
scene_3_1_terminalgain_globalmax_interp_0227,family_01,227,6.737561,6.873469,0.135909,50,2,48,4.9,4.758553,4.755432,1.000656,0.181917,1.819171,1.141121,0.157198,0.076121,0.224607,0.0,scene_3.1|scene_3.1_y04_hull_dense_y04_14p13|9158|96,scene_3.1|scene_3.1_y04_hull_dense_y04_14p13|8872|83,ea6cca94856e57bec8a8c3e325b73af70e3d272b,b64d5541af3667cfb22e5c34ebe0925ff0989882
scene_3_1_terminalgain_globalmax_interp_0228,family_01,228,6.737561,6.873469,0.135909,50,2,48,4.9,4.769147,4.755432,1.002884,0.181918,1.819178,1.141641,0.162147,0.046108,0.470802,0.0,scene_3.1|scene_3.1_y04_hull_dense_y04_14p13|9158|96,scene_3.1|scene_3.1_y04_hull_dense_y04_14p13|8872|83,c130f6731bed33660ef805e422cf1b9de5a0dddc,4315524bd16df1fc86eccd95af5bf95652d06f28
scene_3_1_terminalgain_globalmax_interp_0229,family_01,229,6.737561,6.873469,0.135909,50,2,48,4.9,4.771591,4.755432,1.003398,0.181918,1.819178,1.14178,0.078108,0.016094,0.511037,0.0,scene_3.1|scene_3.1_y04_hull_dense_y04_14p13|9158|96,scene_3.1|scene_3.1_y04_hull_dense_y04_14p13|8872|83,129229c87801ac94a0ceb4f6db4590fb2cef83e5,b0dc39e4556cace4d8b46ed70d270d0d6418015d
scene_3_1_terminalgain_globalmax_interp_0230,family_01,230,6.737561,6.873469,0.135909,50,2,48,4.9,4.760529,4.755432,1.001072,0.181918,1.819178,1.141239,0.00593,0.01392,0.287019,0.0,scene_3.1|scene_3.1_y04_hull_dense_y04_14p13|9158|96,scene_3.1|scene_3.1_y04_hull_dense_y04_14p13|8872|83,b00098d6dcb42a8505e8d6e27e30256a98fb1cbd,752cba08bc4a5fbe854b98547aba040823205542
scene_3_1_terminalgain_globalmax_interp_0231,family_01,231,6.737561,6.873469,0.135909,50,2,48,4.9,4.762178,4.755432,1.001418,0.181918,1.819178,1.141376,0.089968,0.043933,0.329909,0.0,scene_3.1|scene_3.1_y04_hull_dense_y04_14p13|9158|96,scene_3.1|scene_3.1_y04_hull_dense_y04_14p13|8872|83,3e076aacfeb7da9d28690eee9c1d2e81b8af6136,5b8cd1eb5a77ea9ce47063dc6eafbbeff5029704
scene_3_1_terminalgain_globalmax_interp_0232,family_01,232,6.737561,6.873469,0.135909,50,2,48,4.9,4.780722,4.755432,1.005318,0.181917,1.819171,1.142081,0.174006,0.073947,0.640413,0.0,scene_3.1|scene_3.1_y04_hull_dense_y04_14p13|9158|96,scene_3.1|scene_3.1_y04_hull_dense_y04_14p13|8872|83,5883bf0372bb8ee7687b3e27eaa83f13e8f0c255,2e4ec73c7fdb5a9c5a5258dfdd00f4fc1846a1fd
scene_3_1_terminalgain_globalmax_interp_0233,family_01,233,6.737561,6.873469,0.135909,50,2,48,4.9,4.775602,4.755432,1.004241,0.181918,1.819178,1.141937,0.145339,0.10396,0.571257,0.0,scene_3.1|scene_3.1_y04_hull_dense_y04_14p13|9158|96,scene_3.1|scene_3.1_y04_hull_dense_y04_14p13|8872|83,2670e6174b0077203cb47f459482cc8e93c81119,ed82787113070d245d20cbd7d41cf77088781749
scene_3_1_terminalgain_globalmax_interp_0234,family_01,234,6.737561,6.873469,0.135909,50,2,48,4.9,4.768287,4.755432,1.002703,0.181918,1.819178,1.141507,0.061301,0.101235,0.455774,0.0,scene_3.1|scene_3.1_y04_hull_dense_y04_14p13|9158|96,scene_3.1|scene_3.1_y04_hull_dense_y04_14p13|8872|83,b43337ef1fa467cb132c0334d070ad03efb764c1,22aeda83938ba9aefc20ea6cfa721f1aa9c498f7
scene_3_1_terminalgain_globalmax_interp_0235,family_01,235,6.737561,6.873469,0.135909,50,2,48,4.9,4.776386,4.755432,1.004406,0.181917,1.819171,1.14195,0.022738,0.071222,0.582684,0.0,scene_3.1|scene_3.1_y04_hull_dense_y04_14p13|9158|96,scene_3.1|scene_3.1_y04_hull_dense_y04_14p13|8872|83,1c00ebdd5e4a11bc0277f0f74479e51487b7c0dc,aed987aca51a56cfd13d3f3863e50f726390c407
scene_3_1_terminalgain_globalmax_interp_0236,family_01,236,6.737561,6.873469,0.135909,50,2,48,4.9,4.761489,4.755432,1.001274,0.181918,1.819178,1.141274,0.106776,0.041208,0.312624,0.0,scene_3.1|scene_3.1_y04_hull_dense_y04_14p13|9158|96,scene_3.1|scene_3.1_y04_hull_dense_y04_14p13|8872|83,826df536ce701d5d3c9ec9260d8a8b5142356970,f5e790902778c717d834002d6984ac925b3a83ec
scene_3_1_terminalgain_globalmax_interp_0237,family_01,237,6.737561,6.873469,0.135909,50,2,48,4.9,4.770319,4.755432,1.00313,0.181918,1.819178,1.141667,0.190813,0.011194,0.490457,0.0,scene_3.1|scene_3.1_y04_hull_dense_y04_14p13|9158|96,scene_3.1|scene_3.1_y04_hull_dense_y04_14p13|8872|83,c3dd20b8328107bb0cf62c1d731c87c45ffec8ab,8dfd987f6f148085a5a959199bd086c27c22d406
scene_3_1_terminalgain_globalmax_interp_0238,family_01,238,6.737561,6.873469,0.135909,50,2,48,4.9,4.765778,4.755432,1.002176,0.181918,1.819178,1.141409,0.128531,0.018819,0.408883,0.0,scene_3.1|scene_3.1_y04_hull_dense_y04_14p13|9158|96,scene_3.1|scene_3.1_y04_hull_dense_y04_14p13|8872|83,4619a31bea2e987b81506e54005604917acb0e21,c8dbb451a1a4587c9d3936068bf67503b213c234
scene_3_1_terminalgain_globalmax_interp_0239,family_01,239,6.737561,6.873469,0.135909,50,2,48,4.9,4.756673,4.755432,1.000261,0.181918,1.819178,1.141089,0.044493,0.048833,0.190414,0.0,scene_3.1|scene_3.1_y04_hull_dense_y04_14p13|9158|96,scene_3.1|scene_3.1_y04_hull_dense_y04_14p13|8872|83,69f9a715b837da6b87a4bf5556b5c986a888bbea,49367c0b9106ae0fb1f60eae22ca019d6f80421e
scene_3_1_terminalgain_globalmax_interp_0240,family_01,240,6.737561,6.873469,0.135909,50,2,48,4.9,4.775142,4.755432,1.004145,0.181917,1.819171,1.14183,0.039544,0.078846,0.564948,0.0,scene_3.1|scene_3.1_y04_hull_dense_y04_14p13|9158|96,scene_3.1|scene_3.1_y04_hull_dense_y04_14p13|8872|83,53d78bb4977222e2e53e7f4ebf09675c3de0326b,f2385835c55459336cef3e953604fc389ce3060a
scene_3_1_terminalgain_globalmax_interp_0241,family_01,241,6.737561,6.873469,0.135909,50,2,48,4.9,4.774682,4.755432,1.004048,0.181918,1.819178,1.141853,0.123583,0.096947,0.558068,0.0,scene_3.1|scene_3.1_y04_hull_dense_y04_14p13|9158|96,scene_3.1|scene_3.1_y04_hull_dense_y04_14p13|8872|83,5dd4c868f1d3314080d91bbe2fe8f35070e8e3e3,453901a898a6b4e16f394640191f1df4fe95241c
scene_3_1_terminalgain_globalmax_interp_0242,family_01,242,6.737561,6.873469,0.135909,50,2,48,4.9,4.756642,4.755432,1.000254,0.181918,1.819178,1.140999,0.207621,0.066933,0.196726,0.0,scene_3.1|scene_3.1_y04_hull_dense_y04_14p13|9158|96,scene_3.1|scene_3.1_y04_hull_dense_y04_14p13|8872|83,ccafcdb7c4c5ca6f87aa914ed1e12521f6764071,7dc8ceec0b190380fd4f472b81f2d016e47c1838
scene_3_1_terminalgain_globalmax_interp_0243,family_01,243,6.737561,6.873469,0.135909,50,2,48,4.9,4.773523,4.755432,1.003804,0.181918,1.819178,1.141807,0.208535,0.03692,0.540963,0.0,scene_3.1|scene_3.1_y04_hull_dense_y04_14p13|9158|96,scene_3.1|scene_3.1_y04_hull_dense_y04_14p13|8872|83,6eb6b83b5d3a9051d35c01030f6d703bbe0d7596,0fc8d7609c2af5d2948c2380d854d23c5ef12ee3
scene_3_1_terminalgain_globalmax_interp_0244,family_01,244,6.737561,6.873469,0.135909,50,2,48,4.9,4.776668,4.755432,1.004466,0.181917,1.819172,1.141914,0.124497,0.006906,0.586434,0.0,scene_3.1|scene_3.1_y04_hull_dense_y04_14p13|9158|96,scene_3.1|scene_3.1_y04_hull_dense_y04_14p13|8872|83,a0d46fd4f15e7766462f04f11ff02d5007d762f4,073286a81255acd04b7cedca6ce9344c572c47d2
scene_3_1_terminalgain_globalmax_interp_0245,family_01,245,6.737561,6.873469,0.135909,50,2,48,4.9,4.763678,4.755432,1.001734,0.181917,1.819171,1.141375,0.040459,0.023107,0.36503,0.0,scene_3.1|scene_3.1_y04_hull_dense_y04_14p13|9158|96,scene_3.1|scene_3.1_y04_hull_dense_y04_14p13|8872|83,d38d0541ea3543e7fa35174b6c1fd42791201756,1ddb0114b0bca64e2d40570f0ae2bb96dc70befd
scene_3_1_terminalgain_globalmax_interp_0246,family_01,246,6.737561,6.873469,0.135909,50,2,48,4.9,4.763374,4.755432,1.00167,0.181918,1.819178,1.141243,0.043578,0.053121,0.358118,0.0,scene_3.1|scene_3.1_y04_hull_dense_y04_14p13|9158|96,scene_3.1|scene_3.1_y04_hull_dense_y04_14p13|8872|83,c6322b85397e8ca5972f377b14d3ae4f8bf15c41,83fb737169aff26dac7de678b9974c7be004085c
scene_3_1_terminalgain_globalmax_interp_0247,family_01,247,6.737561,6.873469,0.135909,50,2,48,4.9,4.762961,4.755432,1.001583,0.181918,1.819178,1.141303,0.127617,0.083134,0.348551,0.0,scene_3.1|scene_3.1_y04_hull_dense_y04_14p13|9158|96,scene_3.1|scene_3.1_y04_hull_dense_y04_14p13|8872|83,d8fdc5f41657aa3c1666c62bf5c182f9be9519e7,78c5349a94042b6819093b989ce7cf83f18c9160
scene_3_1_terminalgain_globalmax_interp_0248,family_01,248,6.737561,6.873469,0.135909,50,2,48,4.9,4.770725,4.755432,1.003216,0.181917,1.819171,1.14167,0.191727,0.09266,0.497338,0.0,scene_3.1|scene_3.1_y04_hull_dense_y04_14p13|9158|96,scene_3.1|scene_3.1_y04_hull_dense_y04_14p13|8872|83,7ecea4ec0bea4a4632c2a7ec45d121c2729ff968,6a635dd9e2cc4b46d1992ca635e27a0d97382f63
scene_3_1_terminalgain_globalmax_interp_0249,family_01,249,6.737561,6.873469,0.135909,50,2,48,4.9,4.783353,4.755432,1.005871,0.181918,1.819178,1.142247,0.10769,0.062646,0.672659,0.0,scene_3.1|scene_3.1_y04_hull_dense_y04_14p13|9158|96,scene_3.1|scene_3.1_y04_hull_dense_y04_14p13|8872|83,1e4ce590c6f9da72f93769d5ccf53915654efa4c,06aa2c39abb9265c268f16a2e3705796969f948e
scene_3_1_terminalgain_globalmax_interp_0250,family_01,250,6.737561,6.873469,0.135909,50,2,48,4.9,4.758393,4.755432,1.000622,0.181918,1.819178,1.141177,0.023652,0.032633,0.242207,0.0,scene_3.1|scene_3.1_y04_hull_dense_y04_14p13|9158|96,scene_3.1|scene_3.1_y04_hull_dense_y04_14p13|8872|83,2f10b94dd1869c136a71501caa6e20c5bdd5834e,02e0b9042dac8a96aa57db5eeed59f9ed07ba9ba
scene_3_1_terminalgain_globalmax_interp_0251,family_01,251,6.737561,6.873469,0.135909,50,2,48,4.9,4.760857,4.755432,1.001141,0.181917,1.819171,1.141192,0.060386,0.002619,0.303769,0.0,scene_3.1|scene_3.1_y04_hull_dense_y04_14p13|9158|96,scene_3.1|scene_3.1_y04_hull_dense_y04_14p13|8872|83,7ef0ab36bd8cd8aeb903b122e6971a3cfda4b112,7623ad103bf5e455e93b8b77be91a94e5be8727b
scene_3_1_terminalgain_globalmax_interp_0252,family_01,252,6.737561,6.873469,0.135909,50,2,48,4.9,4.779684,4.755432,1.0051,0.181918,1.819178,1.142101,0.144424,0.027394,0.626948,0.0,scene_3.1|scene_3.1_y04_hull_dense_y04_14p13|9158|96,scene_3.1|scene_3.1_y04_hull_dense_y04_14p13|8872|83,5b3c63b357706bc5dd5315478436656a46c6a72c,d11183ec3e39cbe13255eaa8fc551a3bca69cb7f
scene_3_1_terminalgain_globalmax_interp_0253,family_01,253,6.737561,6.873469,0.135909,50,2,48,4.9,4.78256,4.755432,1.005705,0.181917,1.819171,1.142112,0.174921,0.057408,0.663238,0.0,scene_3.1|scene_3.1_y04_hull_dense_y04_14p13|9158|96,scene_3.1|scene_3.1_y04_hull_dense_y04_14p13|8872|83,42de9418aa28390f63f323960d8a9e6c611c8b1e,d7a551f318a683c59d728b0c765c06a71ba97884
scene_3_1_terminalgain_globalmax_interp_0254,family_01,254,6.737561,6.873469,0.135909,50,2,48,4.9,4.758962,4.755432,1.000742,0.181918,1.819178,1.141226,0.090882,0.087422,0.274303,0.0,scene_3.1|scene_3.1_y04_hull_dense_y04_14p13|9158|96,scene_3.1|scene_3.1_y04_hull_dense_y04_14p13|8872|83,d3e53d5c51854d8a3eabb075faa8f3de717e976b,6b8f83af27fa8e4c6ab4100ef0eb2d040b0dba47
scene_3_1_terminalgain_globalmax_interp_0255,family_01,255,6.737561,6.873469,0.135909,50,2,48,4.9,4.759076,4.755432,1.000766,0.181918,1.819178,1.141175,0.006844,0.088372,0.260839,0.0,scene_3.1|scene_3.1_y04_hull_dense_y04_14p13|9158|96,scene_3.1|scene_3.1_y04_hull_dense_y04_14p13|8872|83,6167fdc9658c941ba460cce93fdfc4e640041257,75961d60b60159032bb3f0ff79796474f91f4ce6
scene_3_1_terminalgain_globalmax_interp_0256,family_01,256,6.737561,6.873469,0.135909,50,2,48,4.9,4.778964,4.755432,1.004948,0.181917,1.819171,1.142079,0.077194,0.058358,0.617423,0.0,scene_3.1|scene_3.1_y04_hull_dense_y04_14p13|9158|96,scene_3.1|scene_3.1_y04_hull_dense_y04_14p13|8872|83,7469be9dc0c534ec0e11db6d02ceb12985033e98,cd579efaa87362ed75a496752bbcc97ed9e9a8c4
scene_3_1_terminalgain_globalmax_interp_0257,family_01,257,6.737561,6.873469,0.135909,50,2,48,4.9,4.768587,4.755432,1.002766,0.181917,1.819172,1.141594,0.161232,0.028345,0.461166,0.0,scene_3.1|scene_3.1_y04_hull_dense_y04_14p13|9158|96,scene_3.1|scene_3.1_y04_hull_dense_y04_14p13|8872|83,9cd40d0fe8df104c107d5a35c05b159f3a7b82fe,771de6157cd26a8e87640c2396565669cecd40ae
scene_3_1_terminalgain_globalmax_interp_0258,family_01,258,6.737561,6.873469,0.135909,50,2,48,4.9,4.763463,4.755432,1.001689,0.181917,1.819172,1.141312,0.158113,0.001669,0.360051,0.0,scene_3.1|scene_3.1_y04_hull_dense_y04_14p13|9158|96,scene_3.1|scene_3.1_y04_hull_dense_y04_14p13|8872|83,c91bb01e3082f439fc79d4767207af3b0b36b66a,4d9f3734d15a3e4733f323e3a1dd904e68919dd1
scene_3_1_terminalgain_globalmax_interp_0259,family_01,259,6.737561,6.873469,0.135909,50,2,48,4.9,4.762415,4.755432,1.001468,0.181918,1.819178,1.141357,0.074075,0.031682,0.335669,0.0,scene_3.1|scene_3.1_y04_hull_dense_y04_14p13|9158|96,scene_3.1|scene_3.1_y04_hull_dense_y04_14p13|8872|83,02a633cc1d909b84b3383882320735e2bfc4580e,b31782897bd0c73c0e4bd6e72a1307e36c1e1188
scene_3_1_terminalgain_globalmax_interp_0260,family_01,260,6.737561,6.873469,0.135909,50,2,48,4.9,4.765365,4.755432,1.002089,0.181917,1.819171,1.141486,0.009964,0.061696,0.400654,0.0,scene_3.1|scene_3.1_y04_hull_dense_y04_14p13|9158|96,scene_3.1|scene_3.1_y04_hull_dense_y04_14p13|8872|83,6fba3e496e6565066f1dca68f336dab574edee61,f2e4999562b86c5fe0637d1f3dd62873dcaac70f
scene_3_1_terminalgain_globalmax_interp_0261,family_01,261,6.737561,6.873469,0.135909,50,2,48,4.9,4.775322,4.755432,1.004183,0.181917,1.819171,1.141815,0.094002,0.09171,0.567482,0.0,scene_3.1|scene_3.1_y04_hull_dense_y04_14p13|9158|96,scene_3.1|scene_3.1_y04_hull_dense_y04_14p13|8872|83,d286516fe834c9606cd5460ff5d15360f01e0ee5,a9af1f948ffc43c394b56b395124ad4c2dc8e513
scene_3_1_terminalgain_globalmax_interp_0262,family_01,262,6.737561,6.873469,0.135909,50,2,48,4.9,4.77439,4.755432,1.003986,0.181918,1.819178,1.141951,0.17804,0.084085,0.553905,0.0,scene_3.1|scene_3.1_y04_hull_dense_y04_14p13|9158|96,scene_3.1|scene_3.1_y04_hull_dense_y04_14p13|8872|83,4471e27a63fc5b2ef4424fdab242adec78804626,c6b0e532a9e58169e641c213c90b8939355a8b5a
scene_3_1_terminalgain_globalmax_interp_0263,family_01,263,6.737561,6.873469,0.135909,50,2,48,4.9,4.756367,4.755432,1.000197,0.181918,1.819178,1.141074,0.141305,0.05407,0.134532,0.0,scene_3.1|scene_3.1_y04_hull_dense_y04_14p13|9158|96,scene_3.1|scene_3.1_y04_hull_dense_y04_14p13|8872|83,c9580bed525ebf2be8b5c35d597582ef76d83823,637029ac1d1968ceea3ec13174754d84145a1257
scene_3_1_terminalgain_globalmax_interp_0264,family_01,264,6.737561,6.873469,0.135909,50,2,48,4.9,4.77704,4.755432,1.004544,0.181917,1.819171,1.142025,0.057267,0.024057,0.591654,0.0,scene_3.1|scene_3.1_y04_hull_dense_y04_14p13|9158|96,scene_3.1|scene_3.1_y04_hull_dense_y04_14p13|8872|83,02a57b41316208ee7f62b01ecc142d00fa460553,989238d55c4d3d961642e4fbe77ee02501236618
scene_3_1_terminalgain_globalmax_interp_0265,family_01,265,6.737561,6.873469,0.135909,50,2,48,4.9,4.782389,4.755432,1.005669,0.181918,1.819178,1.14221,0.026772,0.005957,0.661012,0.0,scene_3.1|scene_3.1_y04_hull_dense_y04_14p13|9158|96,scene_3.1|scene_3.1_y04_hull_dense_y04_14p13|8872|83,a0c14b1395606b86961ca5a13aa99d38c63dc9ab,7f31d535893405f3d7816a384749934e93daa4dc
scene_3_1_terminalgain_globalmax_interp_0266,family_01,266,6.737561,6.873469,0.135909,50,2,48,4.9,4.755457,4.755432,1.000005,0.181918,1.819178,1.140942,0.110809,0.035971,0.083688,0.0,scene_3.1|scene_3.1_y04_hull_dense_y04_14p13|9158|96,scene_3.1|scene_3.1_y04_hull_dense_y04_14p13|8872|83,e78a85972cb464f562502efdf72ff42029d3fb28,68b1117cafee43bad9002b249dea6cdfa2125380
scene_3_1_terminalgain_globalmax_interp_0267,family_01,267,6.737561,6.873469,0.135909,50,2,48,4.9,4.768994,4.755432,1.002852,0.181917,1.819171,1.141503,0.194847,0.065984,0.468278,0.0,scene_3.1|scene_3.1_y04_hull_dense_y04_14p13|9158|96,scene_3.1|scene_3.1_y04_hull_dense_y04_14p13|8872|83,b13aae489f7a25ee040490a397bf824d252090aa,08aead7a9554840c9d3579f0204701baf0447420
scene_3_1_terminalgain_globalmax_interp_0268,family_01,268,6.737561,6.873469,0.135909,50,2,48,4.9,4.764724,4.755432,1.001954,0.181918,1.819178,1.141494,0.205174,0.095998,0.387337,0.0,scene_3.1|scene_3.1_y04_hull_dense_y04_14p13|9158|96,scene_3.1|scene_3.1_y04_hull_dense_y04_14p13|8872|83,1a596c9491f799e3efdaefcfb11308f7a6344c8c,8f1d56da13ad8e74bc7a755685d6545888d28ebb
scene_3_1_terminalgain_globalmax_interp_0269,family_01,269,6.737561,6.873469,0.135909,50,2,48,4.9,4.766788,4.755432,1.002388,0.181917,1.819171,1.141447,0.121136,0.079797,0.428475,0.0,scene_3.1|scene_3.1_y04_hull_dense_y04_14p13|9158|96,scene_3.1|scene_3.1_y04_hull_dense_y04_14p13|8872|83,868fdd86c22d38372d5a7a4b01c4427efb2e1fa6,9246e0a812a72bce3978d91a231f976190dd4403
scene_3_1_terminalgain_globalmax_interp_0270,family_01,270,6.737561,6.873469,0.135909,50,2,48,4.9,4.773193,4.755432,1.003735,0.181918,1.819178,1.141796,0.037097,0.049783,0.535966,0.0,scene_3.1|scene_3.1_y04_hull_dense_y04_14p13|9158|96,scene_3.1|scene_3.1_y04_hull_dense_y04_14p13|8872|83,0b95cb6d70e526309c11c9f131102eb6f7fe8df7,0b6288e6168a69ecd77fa84a7268221920df93ef
scene_3_1_terminalgain_globalmax_interp_0271,family_01,271,6.737561,6.873469,0.135909,50,2,48,4.9,4.769087,4.755432,1.002871,0.181918,1.819178,1.141558,0.04694,0.01977,0.469726,0.0,scene_3.1|scene_3.1_y04_hull_dense_y04_14p13|9158|96,scene_3.1|scene_3.1_y04_hull_dense_y04_14p13|8872|83,d09f39e65270193d65b5518766181560f2da5fd7,c98e5182649a4d022a5b551898b4d4bd936d4119
scene_3_1_terminalgain_globalmax_interp_0272,family_01,272,6.737561,6.873469,0.135909,50,2,48,4.9,4.767923,4.755432,1.002627,0.181917,1.819171,1.141587,0.130978,0.010244,0.449421,0.0,scene_3.1|scene_3.1_y04_hull_dense_y04_14p13|9158|96,scene_3.1|scene_3.1_y04_hull_dense_y04_14p13|8872|83,3fca5761ed6e4de332260247fde543527fdcaac7,5ee23e297696aacc34d766b33f09a284dfd19ff4
scene_3_1_terminalgain_globalmax_interp_0273,family_01,273,6.737561,6.873469,0.135909,50,2,48,4.9,4.775154,4.755432,1.004147,0.181918,1.819178,1.14182,0.188366,0.040258,0.564835,0.0,scene_3.1|scene_3.1_y04_hull_dense_y04_14p13|9158|96,scene_3.1|scene_3.1_y04_hull_dense_y04_14p13|8872|83,d9f570214ff6f9bc58cdedd1016eb53d50e6e6c8,34b0891ae5f4ef6897e01b0cea12ae257f35b43a
scene_3_1_terminalgain_globalmax_interp_0274,family_01,274,6.737561,6.873469,0.135909,50,2,48,4.9,4.762563,4.755432,1.0015,0.181918,1.819178,1.141341,0.104329,0.070271,0.339403,0.0,scene_3.1|scene_3.1_y04_hull_dense_y04_14p13|9158|96,scene_3.1|scene_3.1_y04_hull_dense_y04_14p13|8872|83,b1c4a834f4d2d1373e7a45083f77c9a08c0103e1,1c66aa533d48dc0b2714312f16ce3e7cf3ec5c93
scene_3_1_terminalgain_globalmax_interp_0275,family_01,275,6.737561,6.873469,0.135909,50,2,48,4.9,4.757932,4.755432,1.000526,0.181918,1.819178,1.141068,0.02029,0.100285,0.240345,0.0,scene_3.1|scene_3.1_y04_hull_dense_y04_14p13|9158|96,scene_3.1|scene_3.1_y04_hull_dense_y04_14p13|8872|83,035106816c7040cc8247a2bce40aab089353593e,a6bf0906c5df8e7a47d272a1f5f1913395fa51e6
scene_3_1_terminalgain_globalmax_interp_0276,family_01,276,6.737561,6.873469,0.135909,50,2,48,4.9,4.77529,4.755432,1.004176,0.181917,1.819171,1.141923,0.063748,0.075509,0.567143,0.0,scene_3.1|scene_3.1_y04_hull_dense_y04_14p13|9158|96,scene_3.1|scene_3.1_y04_hull_dense_y04_14p13|8872|83,e8a8819c835dfa3c70f02f4163d8bcc02ff47857,c69fec8002298c6eb542f544bcc746ad6f7c443e
scene_3_1_terminalgain_globalmax_interp_0277,family_01,277,6.737561,6.873469,0.135909,50,2,48,4.9,4.764937,4.755432,1.001999,0.181916,1.819164,1.141347,0.147786,0.045495,0.39189,0.0,scene_3.1|scene_3.1_y04_hull_dense_y04_14p13|9158|96,scene_3.1|scene_3.1_y04_hull_dense_y04_14p13|8872|83,458ab5c798ccff16e6ea4250186a6419b3982b37,b53be4764686ad680d62b18d084d31f9f8182579
scene_3_1_terminalgain_globalmax_interp_0278,family_01,278,6.737561,6.873469,0.135909,50,2,48,4.9,4.760647,4.755432,1.001097,0.181917,1.819172,1.141217,0.171559,0.015481,0.294712,0.0,scene_3.1|scene_3.1_y04_hull_dense_y04_14p13|9158|96,scene_3.1|scene_3.1_y04_hull_dense_y04_14p13|8872|83,7e7b22e5b740f59e27bc81d7c40f1943b40975ce,a4766b435ac7bf0742e86e0328ebe5da263573e1
scene_3_1_terminalgain_globalmax_interp_0279,family_01,279,6.737561,6.873469,0.135909,50,2,48,4.9,4.774546,4.755432,1.004019,0.181918,1.819178,1.141741,0.087521,0.014532,0.55604,0.0,scene_3.1|scene_3.1_y04_hull_dense_y04_14p13|9158|96,scene_3.1|scene_3.1_y04_hull_dense_y04_14p13|8872|83,03e3fbdb7392c91376a5006f995de6d3080e2db2,24a801caae6d7753764013b6d47e78d4d4b62d6a
scene_3_1_terminalgain_globalmax_interp_0280,family_01,280,6.737561,6.873469,0.135909,50,2,48,4.9,4.791001,4.755432,1.00748,0.181917,1.819171,1.142756,0.003483,0.044546,0.760132,0.0,scene_3.1|scene_3.1_y04_hull_dense_y04_14p13|9158|96,scene_3.1|scene_3.1_y04_hull_dense_y04_14p13|8872|83,555c8f8ca5c2bf777c68f5e788d8dadc73038f68,200a5493ef1f7981b4ac966182e78ed89f29e5fb
scene_3_1_terminalgain_globalmax_interp_0281,family_01,281,6.737561,6.873469,0.135909,50,2,48,4.9,4.77376,4.755432,1.003854,0.181918,1.819178,1.141869,0.080556,0.074559,0.54441,0.0,scene_3.1|scene_3.1_y04_hull_dense_y04_14p13|9158|96,scene_3.1|scene_3.1_y04_hull_dense_y04_14p13|8872|83,17646a4ded960a7f538c6c81f5b4cd0b10be7903,8c4f40f1a3f661972ff617d6a66b0d0c7c7dfe92
scene_3_1_terminalgain_globalmax_interp_0282,family_01,282,6.737561,6.873469,0.135909,50,2,48,4.9,4.757962,4.755432,1.000532,0.181918,1.819178,1.141053,0.164594,0.104573,0.220048,0.0,scene_3.1|scene_3.1_y04_hull_dense_y04_14p13|9158|96,scene_3.1|scene_3.1_y04_hull_dense_y04_14p13|8872|83,edcf83015e7a8fa8131f07b458b401afc2fca868,69c90f1c0fa15a9894a25afdf1e1afb8481b1ec4
scene_3_1_terminalgain_globalmax_interp_0283,family_01,283,6.737561,6.873469,0.135909,50,2,48,4.9,4.770379,4.755432,1.003143,0.181917,1.819171,1.141617,0.154751,0.104823,0.491769,0.0,scene_3.1|scene_3.1_y04_hull_dense_y04_14p13|9158|96,scene_3.1|scene_3.1_y04_hull_dense_y04_14p13|8872|83,48f0dcdbed870b1a7c08612e52c83127a07df9f4,eadaae96a9a5434856549af3756a79359966d46a
scene_3_1_terminalgain_globalmax_interp_0284,family_01,284,6.737561,6.873469,0.135909,50,2,48,4.9,4.762656,4.755432,1.001519,0.181918,1.819178,1.14123,0.070713,0.074809,0.341554,0.0,scene_3.1|scene_3.1_y04_hull_dense_y04_14p13|9158|96,scene_3.1|scene_3.1_y04_hull_dense_y04_14p13|8872|83,dd326522b8e2b417886171b173ed90ee7e3399cb,7a9f6ca9985cf3348cb76d4206628940b2cdb925
scene_3_1_terminalgain_globalmax_interp_0285,family_01,285,6.737561,6.873469,0.135909,50,2,48,4.9,4.770319,4.755432,1.00313,0.181917,1.819171,1.14167,0.013325,0.044796,0.490601,0.0,scene_3.1|scene_3.1_y04_hull_dense_y04_14p13|9158|96,scene_3.1|scene_3.1_y04_hull_dense_y04_14p13|8872|83,111a5b7ea08c18ab8c75280aa53809a8eb5716d7,18dad56c5dcc697b4904d36d3112058e1d33c400
scene_3_1_terminalgain_globalmax_interp_0286,family_01,286,6.737561,6.873469,0.135909,50,2,48,4.9,4.763694,4.755432,1.001737,0.181918,1.819178,1.141439,0.097363,0.014782,0.365428,0.0,scene_3.1|scene_3.1_y04_hull_dense_y04_14p13|9158|96,scene_3.1|scene_3.1_y04_hull_dense_y04_14p13|8872|83,34d9b5691422ca3f59b4da5d9d7fd7828a8ee752,220305c8672fe85d914c6c73a42ec7b7ee5ab728
scene_3_1_terminalgain_globalmax_interp_0287,family_01,287,6.737561,6.873469,0.135909,50,2,48,4.9,4.756209,4.755432,1.000163,0.181918,1.819178,1.141003,0.181401,0.015231,0.113815,0.0,scene_3.1|scene_3.1_y04_hull_dense_y04_14p13|9158|96,scene_3.1|scene_3.1_y04_hull_dense_y04_14p13|8872|83,755f12ecfd19d184bec01a57fc05b868bbc5bc2b,c73e673822733483d0192ec58e9d0d5b075e9ea1
scene_3_1_terminalgain_globalmax_interp_0288,family_01,288,6.737561,6.873469,0.135909,50,2,48,4.9,4.781833,4.755432,1.005552,0.181917,1.819171,1.142188,0.137943,0.045245,0.654305,0.0,scene_3.1|scene_3.1_y04_hull_dense_y04_14p13|9158|96,scene_3.1|scene_3.1_y04_hull_dense_y04_14p13|8872|83,8ad4e2b64466d1d7c2f765e173eaeb3130002f33,f924622b06d062b300dda7c93fa6481ed76c7954
scene_3_1_terminalgain_globalmax_interp_0289,family_01,289,6.737561,6.873469,0.135909,50,2,48,4.9,4.784058,4.755432,1.00602,0.181918,1.819178,1.142306,0.053905,0.075259,0.681348,0.0,scene_3.1|scene_3.1_y04_hull_dense_y04_14p13|9158|96,scene_3.1|scene_3.1_y04_hull_dense_y04_14p13|8872|83,9c14b0dd353224a14e08f38c2c2f48b7c4803098,71ca87cddb2f196b3b9dc13a5a85d86aa125b999
scene_3_1_terminalgain_globalmax_interp_0290,family_01,290,6.737561,6.873469,0.135909,50,2,48,4.9,4.757622,4.755432,1.00046,0.181918,1.819178,1.141097,0.030133,0.100535,0.255305,0.0,scene_3.1|scene_3.1_y04_hull_dense_y04_14p13|9158|96,scene_3.1|scene_3.1_y04_hull_dense_y04_14p13|8872|83,454c29ea078e69d0515e55efdd794d136a66716d,dfb8ab79c3b9ec7d074dca2a82d6ed496d4bd77a
scene_3_1_terminalgain_globalmax_interp_0291,family_01,291,6.737561,6.873469,0.135909,50,2,48,4.9,4.760472,4.755432,1.00106,0.181918,1.819178,1.141174,0.11417,0.070521,0.311211,0.0,scene_3.1|scene_3.1_y04_hull_dense_y04_14p13|9158|96,scene_3.1|scene_3.1_y04_hull_dense_y04_14p13|8872|83,eb1f58ea297cee08067a052f4c728fc405e06af6,016c06c79a1d8557cb953856cc5101fc158c61fe
scene_3_1_terminalgain_globalmax_interp_0292,family_01,292,6.737561,6.873469,0.135909,50,2,48,4.9,4.775212,4.755432,1.004159,0.181917,1.819171,1.141981,0.198209,0.040508,0.575434,0.0,scene_3.1|scene_3.1_y04_hull_dense_y04_14p13|9158|96,scene_3.1|scene_3.1_y04_hull_dense_y04_14p13|8872|83,61a5b8d49e34d176f718c8291497e69a85930a75,f2d724baaa2690702e1e638f16db08ca6db81760
scene_3_1_terminalgain_globalmax_interp_0293,family_01,293,6.737561,6.873469,0.135909,50,2,48,4.9,4.761046,4.755432,1.001181,0.181917,1.819171,1.141334,0.201812,0.010494,0.301259,0.0,scene_3.1|scene_3.1_y04_hull_dense_y04_14p13|9158|96,scene_3.1|scene_3.1_y04_hull_dense_y04_14p13|8872|83,e4640824fbbb72e9f300d5e3a646e0a1d5499b62,24eb8b4852c8707e3c51909e343b351be770ff2a
scene_3_1_terminalgain_globalmax_interp_0294,family_01,294,6.737561,6.873469,0.135909,50,2,48,4.9,4.767941,4.755432,1.00263,0.181918,1.819178,1.141388,0.117774,0.01952,0.4496,0.0,scene_3.1|scene_3.1_y04_hull_dense_y04_14p13|9158|96,scene_3.1|scene_3.1_y04_hull_dense_y04_14p13|8872|83,46236a46268efd1912d4ea3d9be23abc7b316ab9,7d01cdbc080928c838f279fec1df029d89d84138
scene_3_1_terminalgain_globalmax_interp_0295,family_01,295,6.737561,6.873469,0.135909,50,2,48,4.9,4.759864,4.755432,1.000932,0.181917,1.819172,1.141238,0.033737,0.049533,0.267448,0.0,scene_3.1|scene_3.1_y04_hull_dense_y04_14p13|9158|96,scene_3.1|scene_3.1_y04_hull_dense_y04_14p13|8872|83,885cb458d73c154007c1dce2738d17bd0c652114,c21ae62cf729f5779230353455410f4b253c27c6
scene_3_1_terminalgain_globalmax_interp_0296,family_01,296,6.737561,6.873469,0.135909,50,2,48,4.9,4.774816,4.755432,1.004076,0.181917,1.819171,1.141789,0.050302,0.079547,0.560148,0.0,scene_3.1|scene_3.1_y04_hull_dense_y04_14p13|9158|96,scene_3.1|scene_3.1_y04_hull_dense_y04_14p13|8872|83,689adf9f3b91e0ef88fed1fb8c2189ed9ae1a950,ded3ce3810a9333541dc6b6d4b6c18388e1763fa
scene_3_1_terminalgain_globalmax_interp_0297,family_01,297,6.737561,6.873469,0.135909,50,2,48,4.9,4.789235,4.755432,1.007108,0.181918,1.819178,1.142586,0.13434,0.096248,0.74075,0.0,scene_3.1|scene_3.1_y04_hull_dense_y04_14p13|9158|96,scene_3.1|scene_3.1_y04_hull_dense_y04_14p13|8872|83,eae3aeab90474c06fa3201dd92e6118a1616d6f6,01cf1968fc12a296471e78501e7317d2232d1c9f
scene_3_1_terminalgain_globalmax_interp_0298,family_01,298,6.737561,6.873469,0.135909,50,2,48,4.9,4.769487,4.755432,1.002956,0.181918,1.819178,1.141573,0.185004,0.066234,0.476613,0.0,scene_3.1|scene_3.1_y04_hull_dense_y04_14p13|9158|96,scene_3.1|scene_3.1_y04_hull_dense_y04_14p13|8872|83,7333a18494377a23c2ec75ffbcdad6071fd674c8,98b4d6749a33ce6fbc5d48cf5b7b47f390f3bacb
scene_3_1_terminalgain_globalmax_interp_0299,family_01,299,6.737561,6.873469,0.135909,50,2,48,4.9,4.760694,4.755432,1.001106,0.181916,1.819164,1.141081,0.100967,0.036221,0.296036,0.0,scene_3.1|scene_3.1_y04_hull_dense_y04_14p13|9158|96,scene_3.1|scene_3.1_y04_hull_dense_y04_14p13|8872|83,c9e2855f110e27a91c4aa1b9fd2d8368c3e9f5d5,5088077ace59f693844d7bd8343f030c5b477dc2
scene_3_1_terminalgain_globalmax_interp_0300,family_01,300,6.737561,6.873469,0.135909,50,2,48,4.9,4.765534,4.755432,1.002124,0.181917,1.819172,1.141417,0.016929,0.006207,0.404045,0.0,scene_3.1|scene_3.1_y04_hull_dense_y04_14p13|9158|96,scene_3.1|scene_3.1_y04_hull_dense_y04_14p13|8872|83,ced3e7c134ec944a0f99a07a3304d33d902f91ce,de7c3c03f7bc8364a4f77857d00cb93f563e407e
scene_3_1_terminalgain_globalmax_interp_0301,family_01,301,6.737561,6.873469,0.135909,50,2,48,4.9,4.773707,4.755432,1.003843,0.181918,1.819178,1.141957,0.067109,0.023807,0.543786,0.0,scene_3.1|scene_3.1_y04_hull_dense_y04_14p13|9158|96,scene_3.1|scene_3.1_y04_hull_dense_y04_14p13|8872|83,f68b23e898817496ad0712cf706560e467bdedf1,065dbd8d5c90d4acf3dca3cf890b85f1f8a11a9b
scene_3_1_terminalgain_globalmax_interp_0302,family_01,302,6.737561,6.873469,0.135909,50,2,48,4.9,4.756888,4.755432,1.000306,0.181918,1.819178,1.140928,0.151148,0.05382,0.186311,0.0,scene_3.1|scene_3.1_y04_hull_dense_y04_14p13|9158|96,scene_3.1|scene_3.1_y04_hull_dense_y04_14p13|8872|83,7f50b876875a4b8e5248cbc12844438d81eddfbe,1d7fdcee3c858d1eb3b6a90d3f9803ed483fa99e
scene_3_1_terminalgain_globalmax_interp_0303,family_01,303,6.737561,6.873469,0.135909,50,2,48,4.9,4.766647,4.755432,1.002358,0.181918,1.819178,1.141493,0.168197,0.083834,0.425665,0.0,scene_3.1|scene_3.1_y04_hull_dense_y04_14p13|9158|96,scene_3.1|scene_3.1_y04_hull_dense_y04_14p13|8872|83,ac1feda799370fe7fe4764401d857af6b530a48c,248c964816d19bf5d864768cbb0b3aa028d8d580
scene_3_1_terminalgain_globalmax_interp_0304,family_01,304,6.737561,6.873469,0.135909,50,2,48,4.9,4.770209,4.755432,1.003107,0.181917,1.819171,1.141675,0.084159,0.09196,0.48881,0.0,scene_3.1|scene_3.1_y04_hull_dense_y04_14p13|9158|96,scene_3.1|scene_3.1_y04_hull_dense_y04_14p13|8872|83,c528b0a45234702f524e8cbe1b19b67da64d029e,e0540d8338af1920e10973fcd5ae217fb2151b88
scene_3_1_terminalgain_globalmax_interp_0305,family_01,305,6.737561,6.873469,0.135909,50,2,48,4.9,4.771504,4.755432,1.00338,0.181918,1.819178,1.141671,0.000121,0.061946,0.509731,0.0,scene_3.1|scene_3.1_y04_hull_dense_y04_14p13|9158|96,scene_3.1|scene_3.1_y04_hull_dense_y04_14p13|8872|83,4677a62fd208e4d19cf638ea48fa22df3b7644f3,620de3ba3774b8fcadb66f86bd2940eb346bc227
scene_3_1_terminalgain_globalmax_interp_0306,family_01,306,6.737561,6.873469,0.135909,50,2,48,4.9,4.773214,4.755432,1.003739,0.181918,1.819178,1.141791,0.083917,0.031932,0.536264,0.0,scene_3.1|scene_3.1_y04_hull_dense_y04_14p13|9158|96,scene_3.1|scene_3.1_y04_hull_dense_y04_14p13|8872|83,292c4ad6ee39e81c84be0ff1affdffbef42a57e3,71b9f602513d5f810b53e5e874874eb9e4fff4fb
scene_3_1_terminalgain_globalmax_interp_0307,family_01,307,6.737561,6.873469,0.135909,50,2,48,4.9,4.776427,4.755432,1.004415,0.181918,1.819178,1.141902,0.167955,0.001919,0.58296,0.0,scene_3.1|scene_3.1_y04_hull_dense_y04_14p13|9158|96,scene_3.1|scene_3.1_y04_hull_dense_y04_14p13|8872|83,598120bb6f4b529dea665b668805b800d807a8c5,10eb209e8245ab922f85b1a181f7432b1bf70c39
scene_3_1_terminalgain_globalmax_interp_0308,family_01,308,6.737561,6.873469,0.135909,50,2,48,4.9,4.765367,4.755432,1.002089,0.181918,1.819178,1.141415,0.15139,0.028095,0.400472,0.0,scene_3.1|scene_3.1_y04_hull_dense_y04_14p13|9158|96,scene_3.1|scene_3.1_y04_hull_dense_y04_14p13|8872|83,0a782e5e4babf50eea7971b908dfcd110ed05a26,b19ea9988675bc62807a9927bf7fc3d66b5cf5e9
scene_3_1_terminalgain_globalmax_interp_0309,family_01,309,6.737561,6.873469,0.135909,50,2,48,4.9,4.765492,4.755432,1.002115,0.181917,1.819171,1.141547,0.067351,0.058108,0.409723,0.0,scene_3.1|scene_3.1_y04_hull_dense_y04_14p13|9158|96,scene_3.1|scene_3.1_y04_hull_dense_y04_14p13|8872|83,d0f1786e92f65400aa3fde95605e4dcfb63fe5a6,436117a4f24e8c12b502bac3754209d866499857
scene_3_1_terminalgain_globalmax_interp_0310,family_01,310,6.737561,6.873469,0.135909,50,2,48,4.9,4.769415,4.755432,1.00294,0.181918,1.819178,1.141622,0.016687,0.088122,0.475488,0.0,scene_3.1|scene_3.1_y04_hull_dense_y04_14p13|9158|96,scene_3.1|scene_3.1_y04_hull_dense_y04_14p13|8872|83,b221df4fb46f27b4330943be14183f7f6401a375,43a2de54ae3e86dbdeb0d651b24b1a660f56c4f7
scene_3_1_terminalgain_globalmax_interp_0311,family_01,311,6.737561,6.873469,0.135909,50,2,48,4.9,4.755783,4.755432,1.000074,0.181918,1.819178,1.140899,0.100725,0.087672,0.093746,0.0,scene_3.1|scene_3.1_y04_hull_dense_y04_14p13|9158|96,scene_3.1|scene_3.1_y04_hull_dense_y04_14p13|8872|83,fa68c6bf96839986e81c78b4925fa570d761948a,1e7ecf80eae939e3e6664cba27cb14ace5cff70e
scene_3_1_terminalgain_globalmax_interp_0312,family_01,312,6.737561,6.873469,0.135909,50,2,48,4.9,4.778074,4.755432,1.004761,0.181917,1.819171,1.142044,0.184762,0.057658,0.605616,0.0,scene_3.1|scene_3.1_y04_hull_dense_y04_14p13|9158|96,scene_3.1|scene_3.1_y04_hull_dense_y04_14p13|8872|83,8905a86fdf099c0adafabd33eeb1281c60fc03f8,7d5b8837f67c33b23d687bc460c809526458d14e
scene_3_1_terminalgain_globalmax_interp_0313,family_01,313,6.737561,6.873469,0.135909,50,2,48,4.9,4.777607,4.755432,1.004663,0.181917,1.819172,1.14207,0.134582,0.027644,0.599331,0.0,scene_3.1|scene_3.1_y04_hull_dense_y04_14p13|9158|96,scene_3.1|scene_3.1_y04_hull_dense_y04_14p13|8872|83,eb8fdfed25c5249eb1ba046ae4a11a124310cc31,54f73c542b59cdd3f845522ca55ab3e3c107dcdb
scene_3_1_terminalgain_globalmax_interp_0314,family_01,314,6.737561,6.873469,0.135909,50,2,48,4.9,4.755982,4.755432,1.000116,0.181917,1.819172,1.140947,0.050544,0.002369,0.172338,0.0,scene_3.1|scene_3.1_y04_hull_dense_y04_14p13|9158|96,scene_3.1|scene_3.1_y04_hull_dense_y04_14p13|8872|83,5c5015ea8b60e55cb32dd1144e4d8b4b989ab0cf,3e53e956067d05e7c4abd189d3d7f00e13e9a247
scene_3_1_terminalgain_globalmax_interp_0315,family_01,315,6.737561,6.873469,0.135909,50,2,48,4.9,4.77206,4.755432,1.003496,0.181917,1.819171,1.141791,0.033495,0.032383,0.518603,0.0,scene_3.1|scene_3.1_y04_hull_dense_y04_14p13|9158|96,scene_3.1|scene_3.1_y04_hull_dense_y04_14p13|8872|83,2f2ec808f00a9b2bb423c241221af51f8b5473c6,ad45f0bc4e7519608b9f213049fdd63d5524bb2b
scene_3_1_terminalgain_globalmax_interp_0316,family_01,316,6.737561,6.873469,0.135909,50,2,48,4.9,4.777782,4.755432,1.0047,0.181918,1.819178,1.142099,0.117532,0.062396,0.601471,0.0,scene_3.1|scene_3.1_y04_hull_dense_y04_14p13|9158|96,scene_3.1|scene_3.1_y04_hull_dense_y04_14p13|8872|83,9fc577b4c7400172fe719bfbcc6081fc7c6f51ed,a52e6689e96f3936b6bd46cd2c7b293b3e3e21b5
scene_3_1_terminalgain_globalmax_interp_0317,family_01,317,6.737561,6.873469,0.135909,50,2,48,4.9,4.765382,4.755432,1.002092,0.181917,1.819171,1.141451,0.20157,0.09241,0.40091,0.0,scene_3.1|scene_3.1_y04_hull_dense_y04_14p13|9158|96,scene_3.1|scene_3.1_y04_hull_dense_y04_14p13|8872|83,47dd93e81972c27a518025c275fd897356115cb0,29068355bed201f31656e9ca257ae3fc0eb94bed
scene_3_1_terminalgain_globalmax_interp_0318,family_01,318,6.737561,6.873469,0.135909,50,2,48,4.9,4.761476,4.755432,1.001271,0.181918,1.819178,1.141299,0.198451,0.083384,0.312599,0.0,scene_3.1|scene_3.1_y04_hull_dense_y04_14p13|9158|96,scene_3.1|scene_3.1_y04_hull_dense_y04_14p13|8872|83,a0bd3fc62cac04fe28d50295ba773f357c815e96,78da038e2bde9d413cbd9c7ac08e7f8719806a18
scene_3_1_terminalgain_globalmax_interp_0319,family_01,319,6.737561,6.873469,0.135909,50,2,48,4.9,4.764895,4.755432,1.00199,0.181918,1.819178,1.141487,0.114412,0.053371,0.390811,0.0,scene_3.1|scene_3.1_y04_hull_dense_y04_14p13|9158|96,scene_3.1|scene_3.1_y04_hull_dense_y04_14p13|8872|83,af5d16d6d25e8ab2a5cb781b635472fa841c2251,8abb7197b087dc36b93de5a0c9ecc6662cdd5613
scene_3_1_terminalgain_globalmax_interp_0320,family_01,320,6.737561,6.873469,0.135909,50,2,48,4.9,4.769064,4.755432,1.002867,0.181917,1.819171,1.141504,0.030375,0.023357,0.469504,0.0,scene_3.1|scene_3.1_y04_hull_dense_y04_14p13|9158|96,scene_3.1|scene_3.1_y04_hull_dense_y04_14p13|8872|83,38db33a5606495daa4fa86f9aaa5c4b7a806a7fd,e60f6c1134ec646214d3be49a2174d77cbaba99d
scene_3_1_terminalgain_globalmax_interp_0321,family_01,321,6.737561,6.873469,0.135909,50,2,48,4.9,4.776749,4.755432,1.004483,0.181918,1.819178,1.142008,0.053663,0.006656,0.587407,0.0,scene_3.1|scene_3.1_y04_hull_dense_y04_14p13|9158|96,scene_3.1|scene_3.1_y04_hull_dense_y04_14p13|8872|83,0f9b175fa3f8aa5ccb15530488d956feef0d6eb8,091ef783cada0a7cda50e3bbd35bf3d6b8b6593b
scene_3_1_terminalgain_globalmax_interp_0322,family_01,322,6.737561,6.873469,0.135909,50,2,48,4.9,4.76022,4.755432,1.001007,0.181918,1.819178,1.141252,0.137701,0.03667,0.306179,0.0,scene_3.1|scene_3.1_y04_hull_dense_y04_14p13|9158|96,scene_3.1|scene_3.1_y04_hull_dense_y04_14p13|8872|83,017e765fecb5d718195e38fe91e292feac1f4e0a,3d4320273b9f5bb4841a782c35d383e75dd2fd7d
scene_3_1_terminalgain_globalmax_interp_0323,family_01,323,6.737561,6.873469,0.135909,50,2,48,4.9,4.758145,4.755432,1.000571,0.181918,1.819178,1.141029,0.181643,0.066683,0.248173,0.0,scene_3.1|scene_3.1_y04_hull_dense_y04_14p13|9158|96,scene_3.1|scene_3.1_y04_hull_dense_y04_14p13|8872|83,b3245eda321fdcb314c0b2c6582b738816267b93,b0ac90d6aa76a2e79f80205cfaceede59d95545d
scene_3_1_terminalgain_globalmax_interp_0324,family_01,324,6.737561,6.873469,0.135909,50,2,48,4.9,4.780806,4.755432,1.005336,0.181917,1.819171,1.142231,0.097606,0.096697,0.641181,0.0,scene_3.1|scene_3.1_y04_hull_dense_y04_14p13|9158|96,scene_3.1|scene_3.1_y04_hull_dense_y04_14p13|8872|83,fb3bad867aaa1e95db6497de8528beddd1d960d6,a96449a5d5309cf57570408e13b86f3d1861c8ad
scene_3_1_terminalgain_globalmax_interp_0325,family_01,325,6.737561,6.873469,0.135909,50,2,48,4.9,4.774568,4.755432,1.004024,0.181917,1.819171,1.141955,0.013567,0.079096,0.556605,0.0,scene_3.1|scene_3.1_y04_hull_dense_y04_14p13|9158|96,scene_3.1|scene_3.1_y04_hull_dense_y04_14p13|8872|83,1131cd451f365d31ca9956e7de6f684868e29d41,e39fb592caa441ef3859ea5fa2a7cc20bc52a087
scene_3_1_terminalgain_globalmax_interp_0326,family_01,326,6.737561,6.873469,0.135909,50,2,48,4.9,4.759976,4.755432,1.000955,0.181918,1.819178,1.141189,0.070471,0.049083,0.271708,0.0,scene_3.1|scene_3.1_y04_hull_dense_y04_14p13|9158|96,scene_3.1|scene_3.1_y04_hull_dense_y04_14p13|8872|83,3828c26fc2801e9e071f3c5740dcf02184dd9954,03791c35da40378ed9bb84472cae012c3458b338
scene_3_1_terminalgain_globalmax_interp_0327,family_01,327,6.737561,6.873469,0.135909,50,2,48,4.9,4.760783,4.755432,1.001125,0.181918,1.819178,1.141315,0.154509,0.019069,0.315201,0.0,scene_3.1|scene_3.1_y04_hull_dense_y04_14p13|9158|96,scene_3.1|scene_3.1_y04_hull_dense_y04_14p13|8872|83,4beb9f4d51766a992b399c760281bd6001c9b171,f0723cbdd44ce54dd88047d010e4e4271f8d86d7
scene_3_1_terminalgain_globalmax_interp_0328,family_01,328,6.737561,6.873469,0.135909,50,2,48,4.9,4.780432,4.755432,1.005257,0.181917,1.819171,1.142103,0.164836,0.010944,0.636631,0.0,scene_3.1|scene_3.1_y04_hull_dense_y04_14p13|9158|96,scene_3.1|scene_3.1_y04_hull_dense_y04_14p13|8872|83,720b32ab61ec907940c615245ec43a02fe63662d,cd4af7851061e5eabe7f5092b6f105c31d9d1453
scene_3_1_terminalgain_globalmax_interp_0329,family_01,329,6.737561,6.873469,0.135909,50,2,48,4.9,4.773524,4.755432,1.003804,0.181918,1.819178,1.141777,0.080798,0.040958,0.541162,0.0,scene_3.1|scene_3.1_y04_hull_dense_y04_14p13|9158|96,scene_3.1|scene_3.1_y04_hull_dense_y04_14p13|8872|83,08718f40399feaf9acda479650acf7ee3d3a7364,c15e73e0609781e3a06b4adf405a018016e8853a
scene_3_1_terminalgain_globalmax_interp_0330,family_01,330,6.737561,6.873469,0.135909,50,2,48,4.9,4.76632,4.755432,1.002289,0.181918,1.819178,1.141502,0.003241,0.070972,0.419252,0.0,scene_3.1|scene_3.1_y04_hull_dense_y04_14p13|9158|96,scene_3.1|scene_3.1_y04_hull_dense_y04_14p13|8872|83,470afcfd543793c4df08c20077e15866bfaff6f3,5485c9f9070899d1bee6eb52a81bc1c838d6e533
scene_3_1_terminalgain_globalmax_interp_0331,family_01,331,6.737561,6.873469,0.135909,50,2,48,4.9,4.762258,4.755432,1.001435,0.181917,1.819171,1.141231,0.087279,0.100985,0.332084,0.0,scene_3.1|scene_3.1_y04_hull_dense_y04_14p13|9158|96,scene_3.1|scene_3.1_y04_hull_dense_y04_14p13|8872|83,d35db9ec5f1365beb7a94207764c6771691d43b8,74ccdeee34079b058a22d28cd64e16cb8f188148
scene_3_1_terminalgain_globalmax_interp_0332,family_01,332,6.737561,6.873469,0.135909,50,2,48,4.9,4.763113,4.755432,1.001615,0.181918,1.819178,1.141323,0.171317,0.10421,0.352371,0.0,scene_3.1|scene_3.1_y04_hull_dense_y04_14p13|9158|96,scene_3.1|scene_3.1_y04_hull_dense_y04_14p13|8872|83,d6726466fbe8cca700283ae3fd97de21420965e1,2d9a27b7b5e63df40051d1c2c2c075bbb62660e6
scene_3_1_terminalgain_globalmax_interp_0333,family_01,333,6.737561,6.873469,0.135909,50,2,48,4.9,4.783463,4.755432,1.005895,0.181916,1.819164,1.142189,0.148028,0.074197,0.674099,0.0,scene_3.1|scene_3.1_y04_hull_dense_y04_14p13|9158|96,scene_3.1|scene_3.1_y04_hull_dense_y04_14p13|8872|83,e1daf18c7e46b4a5c349e22892aebf0254ff1e7e,ec83eaf721c236a4abafe9bf70617b4aa5fea772
scene_3_1_terminalgain_globalmax_interp_0334,family_01,334,6.737561,6.873469,0.135909,50,2,48,4.9,4.774706,4.755432,1.004053,0.181917,1.819172,1.141922,0.06399,0.044183,0.558553,0.0,scene_3.1|scene_3.1_y04_hull_dense_y04_14p13|9158|96,scene_3.1|scene_3.1_y04_hull_dense_y04_14p13|8872|83,607194637ca26da1383b9d2256a4d9e9f3b231fc,ceb66a47d1d7dd6b7e511a6250c6b09029c8dbce
scene_3_1_terminalgain_globalmax_interp_0335,family_01,335,6.737561,6.873469,0.135909,50,2,48,4.9,4.757737,4.755432,1.000485,0.181918,1.819178,1.141003,0.020048,0.01417,0.194853,0.0,scene_3.1|scene_3.1_y04_hull_dense_y04_14p13|9158|96,scene_3.1|scene_3.1_y04_hull_dense_y04_14p13|8872|83,4c8f69a1e67d501bc327b988453c45987aa44748,c2253392658bffa27ee3255d6e8f3fea99841a8a
scene_3_1_terminalgain_globalmax_interp_0336,family_01,336,6.737561,6.873469,0.135909,50,2,48,4.9,4.771116,4.755432,1.003298,0.181917,1.819171,1.141723,0.104087,0.015844,0.503846,0.0,scene_3.1|scene_3.1_y04_hull_dense_y04_14p13|9158|96,scene_3.1|scene_3.1_y04_hull_dense_y04_14p13|8872|83,b46f61a3c0d5b15314f8d2b908034ad217f14fa6,dcf9ef02fe37218358b75489cac30375f15b602f
scene_3_1_terminalgain_globalmax_interp_0337,family_01,337,6.737561,6.873469,0.135909,50,2,48,4.9,4.779196,4.755432,1.004997,0.181918,1.819178,1.142072,0.188124,0.045858,0.620326,0.0,scene_3.1|scene_3.1_y04_hull_dense_y04_14p13|9158|96,scene_3.1|scene_3.1_y04_hull_dense_y04_14p13|8872|83,97fe97e73943866d7599d5794a3d4575b4c9f982,ac8ea5a23c77fcf0c9ecec267524b495be4b7bed
scene_3_1_terminalgain_globalmax_interp_0338,family_01,338,6.737561,6.873469,0.135909,50,2,48,4.9,4.756077,4.755432,1.000136,0.181918,1.819178,1.141041,0.13122,0.075871,0.179624,0.0,scene_3.1|scene_3.1_y04_hull_dense_y04_14p13|9158|96,scene_3.1|scene_3.1_y04_hull_dense_y04_14p13|8872|83,730c37f1d2aec747c2b1edcac20545e3c60a1cec,c3d12b01e6125acff6bec448fef599e8f4dad4b3
scene_3_1_terminalgain_globalmax_interp_0339,family_01,339,6.737561,6.873469,0.135909,50,2,48,4.9,4.765088,4.755432,1.00203,0.181918,1.819178,1.14141,0.047182,0.099922,0.394956,0.0,scene_3.1|scene_3.1_y04_hull_dense_y04_14p13|9158|96,scene_3.1|scene_3.1_y04_hull_dense_y04_14p13|8872|83,19edf417097be77f4a87d2c635daa94a8a03513c,252ca8f589622f73a3fdfc5652b90d04dbd542b3
scene_3_1_terminalgain_globalmax_interp_0340,family_01,340,6.737561,6.873469,0.135909,50,2,48,4.9,4.769285,4.755432,1.002913,0.181917,1.819171,1.141709,0.036855,0.069909,0.473483,0.0,scene_3.1|scene_3.1_y04_hull_dense_y04_14p13|9158|96,scene_3.1|scene_3.1_y04_hull_dense_y04_14p13|8872|83,81879d3bf5da57f60827e4f92c4df7b01bb79fb3,efae891576dd40671d8d206e9477383c4021bbb7
scene_3_1_terminalgain_globalmax_interp_0341,family_01,341,6.737561,6.873469,0.135909,50,2,48,4.9,4.762644,4.755432,1.001516,0.181917,1.819171,1.141188,0.120893,0.039895,0.392011,0.0,scene_3.1|scene_3.1_y04_hull_dense_y04_14p13|9158|96,scene_3.1|scene_3.1_y04_hull_dense_y04_14p13|8872|83,73304caeee94b8d1e77694adc8b3f370b42688f0,3de53dfad2a4b445365158b50ad95c67ea0273df
scene_3_1_terminalgain_globalmax_interp_0342,family_01,342,6.737561,6.873469,0.135909,50,2,48,4.9,4.772885,4.755432,1.00367,0.181918,1.819178,1.141812,0.204932,0.009881,0.531219,0.0,scene_3.1|scene_3.1_y04_hull_dense_y04_14p13|9158|96,scene_3.1|scene_3.1_y04_hull_dense_y04_14p13|8872|83,86aabd7fa70e41ab400f5bdaf4d225c5bb9ba587,22938d4ba0f28a999462104560100f453340d756
scene_3_1_terminalgain_globalmax_interp_0343,family_01,343,6.737561,6.873469,0.135909,50,2,48,4.9,4.770435,4.755432,1.003155,0.181918,1.819178,1.141616,0.195089,0.020132,0.492397,0.0,scene_3.1|scene_3.1_y04_hull_dense_y04_14p13|9158|96,scene_3.1|scene_3.1_y04_hull_dense_y04_14p13|8872|83,f1a3d35b165b97e8f0e04071b8c81c7e8ec16939,272b83bc78e0db6ae285d96a607d1cb90a282921
scene_3_1_terminalgain_globalmax_interp_0344,family_01,344,6.737561,6.873469,0.135909,50,2,48,4.9,4.773095,4.755432,1.003714,0.181917,1.819171,1.141785,0.111051,0.050146,0.534731,0.0,scene_3.1|scene_3.1_y04_hull_dense_y04_14p13|9158|96,scene_3.1|scene_3.1_y04_hull_dense_y04_14p13|8872|83,a0bf21499cf9d7ebc860cbd2ca6dbd0ddc0e872d,4d1db37eb52d2e6a80c01b263b8f6a35648464dd
scene_3_1_terminalgain_globalmax_interp_0345,family_01,345,6.737561,6.873469,0.135909,50,2,48,4.9,4.775457,4.755432,1.004211,0.181918,1.819178,1.1419,0.027014,0.080159,0.569438,0.0,scene_3.1|scene_3.1_y04_hull_dense_y04_14p13|9158|96,scene_3.1|scene_3.1_y04_hull_dense_y04_14p13|8872|83,bf4985519dc429dd5fe5485ec32d49b5b7d4137f,8c096d870f00a4567f6232019ed845fa8dc3bf97
scene_3_1_terminalgain_globalmax_interp_0346,family_01,346,6.737561,6.873469,0.135909,50,2,48,4.9,4.763911,4.755432,1.001783,0.181918,1.819178,1.141284,0.057025,0.095635,0.369955,0.0,scene_3.1|scene_3.1_y04_hull_dense_y04_14p13|9158|96,scene_3.1|scene_3.1_y04_hull_dense_y04_14p13|8872|83,45adddbd677752fa73e175c33ce0377fd8e1cac3,9c14efea3dc33b431c449a07049411f74cfc0f9b
scene_3_1_terminalgain_globalmax_interp_0347,family_01,347,6.737561,6.873469,0.135909,50,2,48,4.9,4.75847,4.755432,1.000639,0.181918,1.819178,1.14116,0.141063,0.065622,0.227765,0.0,scene_3.1|scene_3.1_y04_hull_dense_y04_14p13|9158|96,scene_3.1|scene_3.1_y04_hull_dense_y04_14p13|8872|83,143f1585870d4467bcb0c46c7e997abe97d4a731,a40f6aa217da6c216b579f41c0b16aa0e66d5a0b
scene_3_1_terminalgain_globalmax_interp_0348,family_01,348,6.737561,6.873469,0.135909,50,2,48,4.9,4.77224,4.755432,1.003534,0.181918,1.819178,1.141667,0.178282,0.035608,0.521338,0.0,scene_3.1|scene_3.1_y04_hull_dense_y04_14p13|9158|96,scene_3.1|scene_3.1_y04_hull_dense_y04_14p13|8872|83,6e245fe504deee99c7bbf5c40dc36907fd0b2999,ee1d60e44b99cee7d6a2dd11e9fa5a1455b26195
scene_3_1_terminalgain_globalmax_interp_0349,family_01,349,6.737561,6.873469,0.135909,50,2,48,4.9,4.767097,4.755432,1.002453,0.181917,1.819171,1.141576,0.094244,0.005594,0.434366,0.0,scene_3.1|scene_3.1_y04_hull_dense_y04_14p13|9158|96,scene_3.1|scene_3.1_y04_hull_dense_y04_14p13|8872|83,1acc4953a5934b6c5b580d7ef348ab51d0c7931b,15368551849ca9baa27812b3030fbedcf3fa31a6
scene_3_1_terminalgain_globalmax_interp_0350,family_01,350,6.737561,6.873469,0.135909,50,2,48,4.9,4.759205,4.755432,1.000793,0.181918,1.819178,1.141097,0.010206,0.024419,0.266022,0.0,scene_3.1|scene_3.1_y04_hull_dense_y04_14p13|9158|96,scene_3.1|scene_3.1_y04_hull_dense_y04_14p13|8872|83,619434f12743c627e014636aa44f240486b127ff,8572742d49210476a166318caf23070cb14d449a
scene_3_1_terminalgain_globalmax_interp_0351,family_01,351,6.737561,6.873469,0.135909,50,2,48,4.9,4.772306,4.755432,1.003548,0.181917,1.819172,1.141762,0.073833,0.054433,0.522551,0.0,scene_3.1|scene_3.1_y04_hull_dense_y04_14p13|9158|96,scene_3.1|scene_3.1_y04_hull_dense_y04_14p13|8872|83,753ac10464a81ccfb035cf62714fa597af488add,6c1604a062f12d95531412e97055863fb2edbe4f
scene_3_1_terminalgain_globalmax_interp_0352,family_01,352,6.737561,6.873469,0.135909,50,2,48,4.9,4.782474,4.755432,1.005686,0.181917,1.819171,1.142269,0.157871,0.084446,0.662042,0.0,scene_3.1|scene_3.1_y04_hull_dense_y04_14p13|9158|96,scene_3.1|scene_3.1_y04_hull_dense_y04_14p13|8872|83,65cf161f68f6e5c10077e6d3ac389228e1881cbb,ec6a48dec4fdc2f6ece69a32752fa2fa0d8c15ce
scene_3_1_terminalgain_globalmax_interp_0353,family_01,353,6.737561,6.873469,0.135909,50,2,48,4.9,4.767365,4.755432,1.002509,0.181918,1.819178,1.141494,0.161474,0.091347,0.43921,0.0,scene_3.1|scene_3.1_y04_hull_dense_y04_14p13|9158|96,scene_3.1|scene_3.1_y04_hull_dense_y04_14p13|8872|83,97690da6acab983a22b15aefd6f2c0da04bf963f,99404915764aebad13c0a7a4fcfda7baef219e19
scene_3_1_terminalgain_globalmax_interp_0354,family_01,354,6.737561,6.873469,0.135909,50,2,48,4.9,4.762356,4.755432,1.001456,0.181918,1.819178,1.141291,0.077436,0.061333,0.334401,0.0,scene_3.1|scene_3.1_y04_hull_dense_y04_14p13|9158|96,scene_3.1|scene_3.1_y04_hull_dense_y04_14p13|8872|83,7427767422f6c72b0b4c1fc38289b930dfe14a43,6cc3f5c10af863a8388ff6022751108ac7a85389
scene_3_1_terminalgain_globalmax_interp_0355,family_01,355,6.737561,6.873469,0.135909,50,2,48,4.9,4.763281,4.755432,1.00165,0.181918,1.819178,1.141348,0.006602,0.03132,0.355947,0.0,scene_3.1|scene_3.1_y04_hull_dense_y04_14p13|9158|96,scene_3.1|scene_3.1_y04_hull_dense_y04_14p13|8872|83,6b5a65e96df6d5fe5d925589235fbf4695e003d5,1821609b4c21d5c5e53ef82643016449fe76ed2f
scene_3_1_terminalgain_globalmax_interp_0356,family_01,356,6.737561,6.873469,0.135909,50,2,48,4.9,4.766348,4.755432,1.002295,0.181917,1.819171,1.141384,0.09064,0.001306,0.436039,0.0,scene_3.1|scene_3.1_y04_hull_dense_y04_14p13|9158|96,scene_3.1|scene_3.1_y04_hull_dense_y04_14p13|8872|83,886cb4eb0316f33817cf05c40196ba9b489af493,bdc5714fad2e844f9cb21a6ed7c87cccf310db01
scene_3_1_terminalgain_globalmax_interp_0357,family_01,357,6.737561,6.873469,0.135909,50,2,48,4.9,4.772256,4.755432,1.003538,0.181917,1.819171,1.141816,0.174679,0.028707,0.521658,0.0,scene_3.1|scene_3.1_y04_hull_dense_y04_14p13|9158|96,scene_3.1|scene_3.1_y04_hull_dense_y04_14p13|8872|83,276d919e50286cbb83e53303b8f7642add60da86,9acf699011e8c041fc0fe8f71a1917f942f6e001
scene_3_1_terminalgain_globalmax_interp_0358,family_01,358,6.737561,6.873469,0.135909,50,2,48,4.9,4.76251,4.755432,1.001488,0.181918,1.819178,1.141299,0.144666,0.058721,0.338125,0.0,scene_3.1|scene_3.1_y04_hull_dense_y04_14p13|9158|96,scene_3.1|scene_3.1_y04_hull_dense_y04_14p13|8872|83,feae9671520388009b406942979bb98a6d9e6dcd,35e1610d7824625331447914b5d7c589f76dc7f1
scene_3_1_terminalgain_globalmax_interp_0359,family_01,359,6.737561,6.873469,0.135909,50,2,48,4.9,4.757464,4.755432,1.000427,0.181918,1.819178,1.141083,0.060628,0.088734,0.220236,0.0,scene_3.1|scene_3.1_y04_hull_dense_y04_14p13|9158|96,scene_3.1|scene_3.1_y04_hull_dense_y04_14p13|8872|83,57abf9c6ffeca4a13db9a933ff7a5bd253f366d7,ae8d78e3aba1a7d765e8ec40db58816dc13019a3
scene_3_1_terminalgain_globalmax_interp_0360,family_01,360,6.737561,6.873469,0.135909,50,2,48,4.9,4.793747,4.755432,1.008057,0.181918,1.819178,1.142782,0.02341,0.087059,0.788905,0.0,scene_3.1|scene_3.1_y04_hull_dense_y04_14p13|9158|96,scene_3.1|scene_3.1_y04_hull_dense_y04_14p13|8872|83,b3667966cef640608592ae3e70f366d8967fee61,fb1dd05db438863cfea9c484fa602deda7715619
scene_3_1_terminalgain_globalmax_interp_0361,family_01,361,6.737561,6.873469,0.135909,50,2,48,4.9,4.79383,4.755432,1.008075,0.181918,1.819178,1.142902,0.107448,0.057045,0.789917,0.0,scene_3.1|scene_3.1_y04_hull_dense_y04_14p13|9158|96,scene_3.1|scene_3.1_y04_hull_dense_y04_14p13|8872|83,27dc20fc8c70703a777be355bbecc8fbb7577ffc,8579c18a2b176d69f14c6509995d029e0d969127
scene_3_1_terminalgain_globalmax_interp_0362,family_01,362,6.737561,6.873469,0.135909,50,2,48,4.9,4.757404,4.755432,1.000415,0.181917,1.819171,1.141039,0.191485,0.027032,0.203645,0.0,scene_3.1|scene_3.1_y04_hull_dense_y04_14p13|9158|96,scene_3.1|scene_3.1_y04_hull_dense_y04_14p13|8872|83,38a82e222c22149e68eb53d32932cf0eb8871d39,8dced05de401c703bd54032af400fa1afd3be7de
scene_3_1_terminalgain_globalmax_interp_0363,family_01,363,6.737561,6.873469,0.135909,50,2,48,4.9,4.7627,4.755432,1.001528,0.181918,1.819178,1.141366,0.127859,0.002982,0.342613,0.0,scene_3.1|scene_3.1_y04_hull_dense_y04_14p13|9158|96,scene_3.1|scene_3.1_y04_hull_dense_y04_14p13|8872|83,c0170f60bd8fdc58b61ff793dacd42abf575a901,6eab638bddd257b6403c79674d3506cd9431fe94
scene_3_1_terminalgain_globalmax_interp_0364,family_01,364,6.737561,6.873469,0.135909,50,2,48,4.9,4.771988,4.755432,1.003481,0.181918,1.819178,1.141747,0.04382,0.032995,0.517334,0.0,scene_3.1|scene_3.1_y04_hull_dense_y04_14p13|9158|96,scene_3.1|scene_3.1_y04_hull_dense_y04_14p13|8872|83,b68a858eccbc599aa6d9c2fc7186f68b50fe081e,b6708f8edbb1eb3fd510c4b795dbf9c0052c67e7
scene_3_1_terminalgain_globalmax_interp_0365,family_01,365,6.737561,6.873469,0.135909,50,2,48,4.9,4.766524,4.755432,1.002332,0.181918,1.819178,1.141567,0.040217,0.063009,0.423447,0.0,scene_3.1|scene_3.1_y04_hull_dense_y04_14p13|9158|96,scene_3.1|scene_3.1_y04_hull_dense_y04_14p13|8872|83,3cfb3688545b35732d8fdbca612847b060c8d9f2,512a9cad847582a197a7a29c231196ac1cc9f62d
scene_3_1_terminalgain_globalmax_interp_0366,family_01,366,6.737561,6.873469,0.135909,50,2,48,4.9,4.763314,4.755432,1.001657,0.181917,1.819171,1.141217,0.124255,0.093023,0.357026,0.0,scene_3.1|scene_3.1_y04_hull_dense_y04_14p13|9158|96,scene_3.1|scene_3.1_y04_hull_dense_y04_14p13|8872|83,79c722cb6fdfb3bb46247bcaa6a7c513447aab94,478bf5a47c9b5536b9a31ee49791402ece0ae7b5
scene_3_1_terminalgain_globalmax_interp_0367,family_01,367,6.737561,6.873469,0.135909,50,2,48,4.9,4.762323,4.755432,1.001449,0.181918,1.819178,1.141286,0.208293,0.082772,0.333573,0.0,scene_3.1|scene_3.1_y04_hull_dense_y04_14p13|9158|96,scene_3.1|scene_3.1_y04_hull_dense_y04_14p13|8872|83,1a2929aa10bdb6c59f6fab6ae4005b91d003e5c8,b449e87e2516c0037714f6fe44328b5cf9c17956
scene_3_1_terminalgain_globalmax_interp_0368,family_01,368,6.737561,6.873469,0.135909,50,2,48,4.9,4.767189,4.755432,1.002472,0.181918,1.819178,1.141425,0.207863,0.052758,0.435797,0.0,scene_3.1|scene_3.1_y04_hull_dense_y04_14p13|9158|96,scene_3.1|scene_3.1_y04_hull_dense_y04_14p13|8872|83,2f26cb869f2043e780b39291aa6ea98786cf5f7b,85461e8d307f0c0c282f1fead21ff6a0e6d5933d
scene_3_1_terminalgain_globalmax_interp_0369,family_01,369,6.737561,6.873469,0.135909,50,2,48,4.9,4.782837,4.755432,1.005763,0.181918,1.819178,1.142214,0.123825,0.022745,0.666614,0.0,scene_3.1|scene_3.1_y04_hull_dense_y04_14p13|9158|96,scene_3.1|scene_3.1_y04_hull_dense_y04_14p13|8872|83,635165f0f104208776eef6c950a16a6c9ce7bfde,c8b1090c05a41f02ebaf3fec936683bfcefc135a
scene_3_1_terminalgain_globalmax_interp_0370,family_01,370,6.737561,6.873469,0.135909,50,2,48,4.9,4.77211,4.755432,1.003507,0.181917,1.819171,1.141739,0.039787,0.007269,0.519397,0.0,scene_3.1|scene_3.1_y04_hull_dense_y04_14p13|9158|96,scene_3.1|scene_3.1_y04_hull_dense_y04_14p13|8872|83,3312cd8b796611b30bfdfac6bf627048fa376374,50f4334efb51b1c38b78bc0765cf80d692d82cd8
scene_3_1_terminalgain_globalmax_interp_0371,family_01,371,6.737561,6.873469,0.135909,50,2,48,4.9,4.759257,4.755432,1.000804,0.181917,1.819172,1.141077,0.044251,0.037282,0.255354,0.0,scene_3.1|scene_3.1_y04_hull_dense_y04_14p13|9158|96,scene_3.1|scene_3.1_y04_hull_dense_y04_14p13|8872|83,e7d7cc482cc51ae4c53bd69deae7620e2b3cc1e4,596b1b4ac412d7cdbf3b3a096b59a8a41b01981a
scene_3_1_terminalgain_globalmax_interp_0372,family_01,372,6.737561,6.873469,0.135909,50,2,48,4.9,4.767006,4.755432,1.002434,0.181917,1.819172,1.141422,0.128289,0.067296,0.432768,0.0,scene_3.1|scene_3.1_y04_hull_dense_y04_14p13|9158|96,scene_3.1|scene_3.1_y04_hull_dense_y04_14p13|8872|83,14c759ce6c72654a12e19661eaef0255ed3e0ea5,96bed0aa4e65eb68fcea5c1d8acc98d23e55f9eb
scene_3_1_terminalgain_globalmax_interp_0373,family_01,373,6.737561,6.873469,0.135909,50,2,48,4.9,4.772278,4.755432,1.003542,0.181918,1.819178,1.14183,0.191055,0.09731,0.522017,0.0,scene_3.1|scene_3.1_y04_hull_dense_y04_14p13|9158|96,scene_3.1|scene_3.1_y04_hull_dense_y04_14p13|8872|83,79f4c1b8a191815185e1abdb8e93f170240563dc,21d45888293b4cf7d963fb1b76f7c7b3c5d6101b
scene_3_1_terminalgain_globalmax_interp_0374,family_01,374,6.737561,6.873469,0.135909,50,2,48,4.9,4.758365,4.755432,1.000617,0.181918,1.819178,1.140982,0.107018,0.078484,0.220047,0.0,scene_3.1|scene_3.1_y04_hull_dense_y04_14p13|9158|96,scene_3.1|scene_3.1_y04_hull_dense_y04_14p13|8872|83,d094e3df0f5f04a93e0e2f62715bb452bcc95ac4,796c1fa69205c65a98d4f68c551c5d9a3820041f
scene_3_1_terminalgain_globalmax_interp_0375,family_01,375,6.737561,6.873469,0.135909,50,2,48,4.9,4.764055,4.755432,1.001813,0.181918,1.819178,1.141252,0.02298,0.04847,0.373489,0.0,scene_3.1|scene_3.1_y04_hull_dense_y04_14p13|9158|96,scene_3.1|scene_3.1_y04_hull_dense_y04_14p13|8872|83,0d06eeefc30ecae44e032dd0cda35d941e2726d4,8f1ba975473e24619cd0c4f9a293f0ffbe32110e
scene_3_1_terminalgain_globalmax_interp_0376,family_01,376,6.737561,6.873469,0.135909,50,2,48,4.9,4.775144,4.755432,1.004145,0.181918,1.819178,1.142023,0.061059,0.018457,0.564666,0.0,scene_3.1|scene_3.1_y04_hull_dense_y04_14p13|9158|96,scene_3.1|scene_3.1_y04_hull_dense_y04_14p13|8872|83,64b2ea9aec58d38fc3a316bd9ccaa8aad55fe6f1,3c4a1ff540175e2a2601dddcb28126700b116e90
scene_3_1_terminalgain_globalmax_interp_0377,family_01,377,6.737561,6.873469,0.135909,50,2,48,4.9,4.773371,4.755432,1.003772,0.181918,1.819178,1.141809,0.145097,0.011557,0.538764,0.0,scene_3.1|scene_3.1_y04_hull_dense_y04_14p13|9158|96,scene_3.1|scene_3.1_y04_hull_dense_y04_14p13|8872|83,5177501a8a7a8d104ca97277a675fb4bc1e9fb44,ae80cad9f64e8ecac15d8c1e3ea6bf927920ae44
scene_3_1_terminalgain_globalmax_interp_0378,family_01,378,6.737561,6.873469,0.135909,50,2,48,4.9,4.770569,4.755432,1.003183,0.181916,1.819164,1.141628,0.174248,0.041571,0.494593,0.0,scene_3.1|scene_3.1_y04_hull_dense_y04_14p13|9158|96,scene_3.1|scene_3.1_y04_hull_dense_y04_14p13|8872|83,210b9a0da56d949fa4fd2c0b2a08ca9c16ecfd20,6ed0d4778d27d92ee78a0dbe6e2eecf5ab53da31
scene_3_1_terminalgain_globalmax_interp_0379,family_01,379,6.737561,6.873469,0.135909,50,2,48,4.9,4.772848,4.755432,1.003662,0.181918,1.819178,1.14187,0.09021,0.071584,0.530744,0.0,scene_3.1|scene_3.1_y04_hull_dense_y04_14p13|9158|96,scene_3.1|scene_3.1_y04_hull_dense_y04_14p13|8872|83,0dd4faf0ca521b82abdc93c9948f97bd1fe5b4c6,8c2018e6ee2c3bab258ce2a1789250f1d47c3c4c
scene_3_1_terminalgain_globalmax_interp_0380,family_01,380,6.737561,6.873469,0.135909,50,2,48,4.9,4.762463,4.755432,1.001479,0.181918,1.819178,1.141225,0.006172,0.101598,0.337236,0.0,scene_3.1|scene_3.1_y04_hull_dense_y04_14p13|9158|96,scene_3.1|scene_3.1_y04_hull_dense_y04_14p13|8872|83,3462e4baa234eff04a5333f5c3397d535197ba42,06ce11c4b5a74a20f296ba9022fb98f0dd02d62d
scene_3_1_terminalgain_globalmax_interp_0381,family_01,381,6.737561,6.873469,0.135909,50,2,48,4.9,4.769549,4.755432,1.002969,0.181918,1.819178,1.141528,0.077866,0.103598,0.477633,0.0,scene_3.1|scene_3.1_y04_hull_dense_y04_14p13|9158|96,scene_3.1|scene_3.1_y04_hull_dense_y04_14p13|8872|83,bc59f2b1582f4fe35b9f62118d788510c6a7e058,fca55c4a041f144a3e538d4277029142d5e52892
scene_3_1_terminalgain_globalmax_interp_0382,family_01,382,6.737561,6.873469,0.135909,50,2,48,4.9,4.764894,4.755432,1.00199,0.181918,1.819178,1.141477,0.161905,0.073584,0.391194,0.0,scene_3.1|scene_3.1_y04_hull_dense_y04_14p13|9158|96,scene_3.1|scene_3.1_y04_hull_dense_y04_14p13|8872|83,ba5d1219fc426ed1b5b630f6f9c553988563cf63,fc5da85cd4a0e4a1e3f37f4022b111fb69a37f3d
scene_3_1_terminalgain_globalmax_interp_0383,family_01,383,6.737561,6.873469,0.135909,50,2,48,4.9,4.756133,4.755432,1.000147,0.181918,1.819178,1.141003,0.15744,0.043571,0.159767,0.0,scene_3.1|scene_3.1_y04_hull_dense_y04_14p13|9158|96,scene_3.1|scene_3.1_y04_hull_dense_y04_14p13|8872|83,6e8857ec0dd11c62a813e5c21bf2dc19892ae3b1,a0382a965728fb57f1bdf3e1e755428fd9909fec
scene_3_1_terminalgain_globalmax_interp_0384,family_01,384,6.737561,6.873469,0.135909,50,2,48,4.9,4.779109,4.755432,1.004979,0.181918,1.819178,1.142093,0.073402,0.013557,0.619372,0.0,scene_3.1|scene_3.1_y04_hull_dense_y04_14p13|9158|96,scene_3.1|scene_3.1_y04_hull_dense_y04_14p13|8872|83,d442afab3676621d0b94ac54ce03b967338da3e5,8db07234130194cac489933f70d701eb4d0b9e23
scene_3_1_terminalgain_globalmax_interp_0385,family_01,385,6.737561,6.873469,0.135909,50,2,48,4.9,4.771256,4.755432,1.003327,0.181918,1.819178,1.141622,0.010636,0.016457,0.518883,0.0,scene_3.1|scene_3.1_y04_hull_dense_y04_14p13|9158|96,scene_3.1|scene_3.1_y04_hull_dense_y04_14p13|8872|83,0423bdfb736d477a7f81106a5aa1d2b6e929a86e,940c4e23c83222958e6bc49242c7a08f5ddb5523
scene_3_1_terminalgain_globalmax_interp_0386,family_01,386,6.737561,6.873469,0.135909,50,2,48,4.9,4.757734,4.755432,1.000484,0.181917,1.819171,1.141116,0.094674,0.04647,0.227902,0.0,scene_3.1|scene_3.1_y04_hull_dense_y04_14p13|9158|96,scene_3.1|scene_3.1_y04_hull_dense_y04_14p13|8872|83,d2b69dfbda7a768bf945bdc4295e14c9682a1d6e,d518027f075b16a30d2d9f4e9ed077ccc4766ec7
scene_3_1_terminalgain_globalmax_interp_0387,family_01,387,6.737561,6.873469,0.135909,50,2,48,4.9,4.77495,4.755432,1.004104,0.181918,1.819178,1.14185,0.178712,0.076484,0.562047,0.0,scene_3.1|scene_3.1_y04_hull_dense_y04_14p13|9158|96,scene_3.1|scene_3.1_y04_hull_dense_y04_14p13|8872|83,d0953bc0f78c8a56a85d360b2e74ac9fc5f7a016,8056895ec4c13b75802d770d843430bc2b4ddcbc
scene_3_1_terminalgain_globalmax_interp_0388,family_01,388,6.737561,6.873469,0.135909,50,2,48,4.9,4.783114,4.755432,1.005821,0.181918,1.819178,1.142403,0.140633,0.09931,0.669852,0.0,scene_3.1|scene_3.1_y04_hull_dense_y04_14p13|9158|96,scene_3.1|scene_3.1_y04_hull_dense_y04_14p13|8872|83,97466f79db9c13fad4f12bb58f6484b0a6d8e5a1,746aebf4b4dbd69a2cbad143a669fe6167edafba
scene_3_1_terminalgain_globalmax_interp_0389,family_01,389,6.737561,6.873469,0.135909,50,2,48,4.9,4.763206,4.755432,1.001635,0.181918,1.819178,1.141408,0.056594,0.069296,0.354292,0.0,scene_3.1|scene_3.1_y04_hull_dense_y04_14p13|9158|96,scene_3.1|scene_3.1_y04_hull_dense_y04_14p13|8872|83,535f044e597e31fd5ecce4b7f7398d1b245bae06,b7eaa401b3f2f22642f464b72c0de5257a77338c
scene_3_1_terminalgain_globalmax_interp_0390,family_01,390,6.737561,6.873469,0.135909,50,2,48,4.9,4.762207,4.755432,1.001425,0.181918,1.819178,1.141214,0.027444,0.039282,0.331004,0.0,scene_3.1|scene_3.1_y04_hull_dense_y04_14p13|9158|96,scene_3.1|scene_3.1_y04_hull_dense_y04_14p13|8872|83,727ec8c246a828c9bf3bdeb5b76e23a448b0240e,9a3be90896dfae0419b32c1a7ee192cf0c68ddd1
scene_3_1_terminalgain_globalmax_interp_0391,family_01,391,6.737561,6.873469,0.135909,50,2,48,4.9,4.766203,4.755432,1.002265,0.181918,1.819178,1.141514,0.111481,0.009269,0.416996,0.0,scene_3.1|scene_3.1_y04_hull_dense_y04_14p13|9158|96,scene_3.1|scene_3.1_y04_hull_dense_y04_14p13|8872|83,a3aa3776d03728b0d85c8438070dab99e2050824,9a47c9ce7cd5bb3c2c2db45a8a515660554c162a
scene_3_1_terminalgain_globalmax_interp_0392,family_01,392,6.737561,6.873469,0.135909,50,2,48,4.9,4.773265,4.755432,1.00375,0.181918,1.819178,1.1417,0.195519,0.020745,0.537106,0.0,scene_3.1|scene_3.1_y04_hull_dense_y04_14p13|9158|96,scene_3.1|scene_3.1_y04_hull_dense_y04_14p13|8872|83,934f50e5a6697cce9c97fe27376029a93a5cfe46,35afbabbd2b1a97dbdced79ebcc883063466a284
scene_3_1_terminalgain_globalmax_interp_0393,family_01,393,6.737561,6.873469,0.135909,50,2,48,4.9,4.780785,4.755432,1.005331,0.181918,1.819178,1.14204,0.204501,0.050758,0.640919,0.0,scene_3.1|scene_3.1_y04_hull_dense_y04_14p13|9158|96,scene_3.1|scene_3.1_y04_hull_dense_y04_14p13|8872|83,df8c0b1fe216ae15c0fe9a58b4cf91285fba0a34,ca17bbc7aed92dd17412d2c3dd7353545802160c
scene_3_1_terminalgain_globalmax_interp_0394,family_01,394,6.737561,6.873469,0.135909,50,2,48,4.9,4.760681,4.755432,1.001104,0.181917,1.819171,1.141185,0.120463,0.080772,0.290982,0.0,scene_3.1|scene_3.1_y04_hull_dense_y04_14p13|9158|96,scene_3.1|scene_3.1_y04_hull_dense_y04_14p13|8872|83,9d39d846139bccb33d8d9f154e7077bd921ef928,ad7175404a65b6cd5083e6c326fa8c4a8005a114
scene_3_1_terminalgain_globalmax_interp_0395,family_01,395,6.737561,6.873469,0.135909,50,2,48,4.9,4.760122,4.755432,1.000986,0.181918,1.819178,1.141157,0.036425,0.095023,0.275118,0.0,scene_3.1|scene_3.1_y04_hull_dense_y04_14p13|9158|96,scene_3.1|scene_3.1_y04_hull_dense_y04_14p13|8872|83,fbe8454ac13b4e93f5d829ac7cfa32437e0203f1,d5fecc987a874eed11e1317f4b4e1cd1d01b3bca
scene_3_1_terminalgain_globalmax_interp_0396,family_01,396,6.737561,6.873469,0.135909,50,2,48,4.9,4.774571,4.755432,1.004025,0.181918,1.819178,1.141849,0.047612,0.065009,0.556303,0.0,scene_3.1|scene_3.1_y04_hull_dense_y04_14p13|9158|96,scene_3.1|scene_3.1_y04_hull_dense_y04_14p13|8872|83,02852fed589efa020efbc2bf93093117084d80a1,3dbd8d42d77ecce7e15e33d3b6cec2f26459f9f9
scene_3_1_terminalgain_globalmax_interp_0397,family_01,397,6.737561,6.873469,0.135909,50,2,48,4.9,4.780834,4.755432,1.005342,0.181918,1.819178,1.142132,0.13165,0.034995,0.64145,0.0,scene_3.1|scene_3.1_y04_hull_dense_y04_14p13|9158|96,scene_3.1|scene_3.1_y04_hull_dense_y04_14p13|8872|83,8d32af7495be78ecda63fde8235ad3f1b8112796,61d8826da0b4f72ec0b7122728af1aea25c053a1
scene_3_1_terminalgain_globalmax_interp_0398,family_01,398,6.737561,6.873469,0.135909,50,2,48,4.9,4.75803,4.755432,1.000546,0.181917,1.819171,1.141122,0.187694,0.004982,0.265792,0.0,scene_3.1|scene_3.1_y04_hull_dense_y04_14p13|9158|96,scene_3.1|scene_3.1_y04_hull_dense_y04_14p13|8872|83,b33e04bdddf8dbc71b079432df818c5fc0cc95b0,e67c38d50c87f102c07d2a3c6f485f5a83941a47
scene_3_1_terminalgain_globalmax_interp_0399,family_01,399,6.737561,6.873469,0.135909,50,2,48,4.9,4.760354,4.755432,1.001035,0.181918,1.819178,1.141136,0.103656,0.025032,0.281826,0.0,scene_3.1|scene_3.1_y04_hull_dense_y04_14p13|9158|96,scene_3.1|scene_3.1_y04_hull_dense_y04_14p13|8872|83,12f3a020219c9334b5bb95095775e7d653c8a7aa,c451d05c968b3e25bb943f366e860ed5fbc49cbc
scene_3_1_terminalgain_globalmax_interp_0400,family_01,400,6.737561,6.873469,0.135909,50,2,48,4.9,4.776426,4.755432,1.004415,0.181918,1.819178,1.141991,0.019618,0.055045,0.582852,0.0,scene_3.1|scene_3.1_y04_hull_dense_y04_14p13|9158|96,scene_3.1|scene_3.1_y04_hull_dense_y04_14p13|8872|83,09be3918c517f093d6a7f0279c6f5c1ecd4f9793,9a8b893ff4f693adbeeac296faa9c3227ccafeaf
scene_3_1_terminalgain_globalmax_interp_0401,family_01,401,6.737561,6.873469,0.135909,50,2,48,4.9,4.769282,4.755432,1.002912,0.181918,1.819178,1.141554,0.06442,0.085059,0.473131,0.0,scene_3.1|scene_3.1_y04_hull_dense_y04_14p13|9158|96,scene_3.1|scene_3.1_y04_hull_dense_y04_14p13|8872|83,26079ab64392becda2beee420da9f26cb9d8ab00,a205a01bb98c640373d61af6c33e43bdfe3c9033
scene_3_1_terminalgain_globalmax_interp_0402,family_01,402,6.737561,6.873469,0.135909,50,2,48,4.9,4.76497,4.755432,1.002006,0.181917,1.819171,1.141403,0.148458,0.090734,0.392407,0.0,scene_3.1|scene_3.1_y04_hull_dense_y04_14p13|9158|96,scene_3.1|scene_3.1_y04_hull_dense_y04_14p13|8872|83,d891066e924f258ab0eec33228f00fc98ab677ef,b24e7fd9d5ed1445a3e0afcd86bd07d9205161b1
scene_3_1_terminalgain_globalmax_interp_0403,family_01,403,6.737561,6.873469,0.135909,50,2,48,4.9,4.761485,4.755432,1.001273,0.181918,1.819178,1.141202,0.170887,0.060721,0.31261,0.0,scene_3.1|scene_3.1_y04_hull_dense_y04_14p13|9158|96,scene_3.1|scene_3.1_y04_hull_dense_y04_14p13|8872|83,88df3a2910cee4e0796fea7ee2b137e87af8e200,1bef3f9ef93cc616841c564adaa1f4b094448960
scene_3_1_terminalgain_globalmax_interp_0404,family_01,404,6.737561,6.873469,0.135909,50,2,48,4.9,4.765247,4.755432,1.002064,0.181918,1.819178,1.14141,0.086849,0.030707,0.398365,0.0,scene_3.1|scene_3.1_y04_hull_dense_y04_14p13|9158|96,scene_3.1|scene_3.1_y04_hull_dense_y04_14p13|8872|83,edc1de47124e692a7110bdce2e8780f96cd7dd38,427785e157153a1d62d06008fa52c80738335b7b
scene_3_1_terminalgain_globalmax_interp_0405,family_01,405,6.737561,6.873469,0.135909,50,2,48,4.9,4.77809,4.755432,1.004765,0.181917,1.819172,1.141955,0.00281,0.000694,0.605681,0.0,scene_3.1|scene_3.1_y04_hull_dense_y04_14p13|9158|96,scene_3.1|scene_3.1_y04_hull_dense_y04_14p13|8872|83,6fe735c31b406ee3ee104f51b86b58b5ebcec5f3,1cb20b489ac91749e0f50900b44fd5860da938bb
scene_3_1_terminalgain_globalmax_interp_0406,family_01,406,6.737561,6.873469,0.135909,50,2,48,4.9,4.771807,4.755432,1.003443,0.181917,1.819172,1.141838,0.081228,0.02932,0.514789,0.0,scene_3.1|scene_3.1_y04_hull_dense_y04_14p13|9158|96,scene_3.1|scene_3.1_y04_hull_dense_y04_14p13|8872|83,da572203cf3f5775624903c1b8f311f0f9c08465,9f5318e562361cb6768e3122ad8398118a8245fe
scene_3_1_terminalgain_globalmax_interp_0407,family_01,407,6.737561,6.873469,0.135909,50,2,48,4.9,4.755978,4.755432,1.000115,0.181918,1.819178,1.140932,0.165266,0.059333,0.110339,0.0,scene_3.1|scene_3.1_y04_hull_dense_y04_14p13|9158|96,scene_3.1|scene_3.1_y04_hull_dense_y04_14p13|8872|83,98a64cb243dfe9187b4190a12fa5c38be477089c,06192aff792f31f5d703c3a1765262a29c132074
scene_3_1_terminalgain_globalmax_interp_0408,family_01,408,6.737561,6.873469,0.135909,50,2,48,4.9,4.777461,4.755432,1.004632,0.181918,1.819178,1.142039,0.154079,0.089347,0.597201,0.0,scene_3.1|scene_3.1_y04_hull_dense_y04_14p13|9158|96,scene_3.1|scene_3.1_y04_hull_dense_y04_14p13|8872|83,4bdd05799bf9813624b0e9e06c7264c93513a052,c3c21194db46f2656e670f0deead3798ab43192f
scene_3_1_terminalgain_globalmax_interp_0409,family_01,409,6.737561,6.873469,0.135909,50,2,48,4.9,4.778203,4.755432,1.004788,0.181918,1.819178,1.142084,0.070041,0.086447,0.607186,0.0,scene_3.1|scene_3.1_y04_hull_dense_y04_14p13|9158|96,scene_3.1|scene_3.1_y04_hull_dense_y04_14p13|8872|83,a885433d45af862a9dd74bbbcfadc3f6ca5c403e,a9a976afbe38b43901fc7b08e09b258315a23208
scene_3_1_terminalgain_globalmax_interp_0410,family_01,410,6.737561,6.873469,0.135909,50,2,48,4.9,4.755769,4.755432,1.000071,0.181917,1.819171,1.140963,0.013998,0.056434,0.107161,0.0,scene_3.1|scene_3.1_y04_hull_dense_y04_14p13|9158|96,scene_3.1|scene_3.1_y04_hull_dense_y04_14p13|8872|83,8fb99fc0235e9b0ea6d0033de5d20d300ae4106d,6fc8da5ed81d38f6a49bf85c94cec81e45c3b47e
scene_3_1_terminalgain_globalmax_interp_0411,family_01,411,6.737561,6.873469,0.135909,50,2,48,4.9,4.76965,4.755432,1.00299,0.181918,1.819178,1.141616,0.098036,0.02642,0.479305,0.0,scene_3.1|scene_3.1_y04_hull_dense_y04_14p13|9158|96,scene_3.1|scene_3.1_y04_hull_dense_y04_14p13|8872|83,bc71ffd697b32e1849f670781bba0396d7134f83,cf5d1dc7760c903a72c7b2236bc22e55ff580626
scene_3_1_terminalgain_globalmax_interp_0412,family_01,412,6.737561,6.873469,0.135909,50,2,48,4.9,4.765269,4.755432,1.002068,0.181918,1.819178,1.141438,0.182073,0.003593,0.39846,0.0,scene_3.1|scene_3.1_y04_hull_dense_y04_14p13|9158|96,scene_3.1|scene_3.1_y04_hull_dense_y04_14p13|8872|83,e971156f47531d66dbeb9c22cc6f654dfc13ff0d,840cbe540fc99906b39f40288ef3b83faa397b56
scene_3_1_terminalgain_globalmax_interp_0413,family_01,413,6.737561,6.873469,0.135909,50,2,48,4.9,4.765589,4.755432,1.002136,0.181918,1.819178,1.141461,0.137271,0.033607,0.4051,0.0,scene_3.1|scene_3.1_y04_hull_dense_y04_14p13|9158|96,scene_3.1|scene_3.1_y04_hull_dense_y04_14p13|8872|83,0415478c553d8625bae138a05c8cd490d26b97e9,1f4df81cd8fb54bec4f746684209d2a57d73ed80
scene_3_1_terminalgain_globalmax_interp_0414,family_01,414,6.737561,6.873469,0.135909,50,2,48,4.9,4.776505,4.755432,1.004431,0.181918,1.819178,1.141851,0.053233,0.063621,0.583987,0.0,scene_3.1|scene_3.1_y04_hull_dense_y04_14p13|9158|96,scene_3.1|scene_3.1_y04_hull_dense_y04_14p13|8872|83,de620eaa4ca68cc1b24c86cfe5521682b145f46d,fed52df87bcf00ad7565ffe9b0f4e624d9a2a05a
scene_3_1_terminalgain_globalmax_interp_0415,family_01,415,6.737561,6.873469,0.135909,50,2,48,4.9,4.773087,4.755432,1.003712,0.181917,1.819172,1.141844,0.030805,0.093635,0.534371,0.0,scene_3.1|scene_3.1_y04_hull_dense_y04_14p13|9158|96,scene_3.1|scene_3.1_y04_hull_dense_y04_14p13|8872|83,9219a3ad25c6cb08c624f9c738fb9f64bc39f369,11e2a0e29848b10a5120c53621f13f62f477ce8c
scene_3_1_terminalgain_globalmax_interp_0416,family_01,416,6.737561,6.873469,0.135909,50,2,48,4.9,4.771234,4.755432,1.003323,0.181917,1.819172,1.141607,0.114843,0.082159,0.505572,0.0,scene_3.1|scene_3.1_y04_hull_dense_y04_14p13|9158|96,scene_3.1|scene_3.1_y04_hull_dense_y04_14p13|8872|83,a8852a39854e316543508189bd0011c42954fd8b,7f75c1e954e5c808d97f76f1df1a04b37473b8c9
scene_3_1_terminalgain_globalmax_interp_0417,family_01,417,6.737561,6.873469,0.135909,50,2,48,4.9,4.77048,4.755432,1.003164,0.181918,1.819178,1.141708,0.198881,0.052146,0.493193,0.0,scene_3.1|scene_3.1_y04_hull_dense_y04_14p13|9158|96,scene_3.1|scene_3.1_y04_hull_dense_y04_14p13|8872|83,19be7485be5a8c5a99f5681b29057ed6b9ae842d,899fb9bd40f11d99bd4fcf78eb9cb6c4849d4b13
scene_3_1_terminalgain_globalmax_interp_0418,family_01,418,6.737561,6.873469,0.135909,50,2,48,4.9,4.766461,4.755432,1.002319,0.181917,1.819171,1.141545,0.20114,0.022132,0.422306,0.0,scene_3.1|scene_3.1_y04_hull_dense_y04_14p13|9158|96,scene_3.1|scene_3.1_y04_hull_dense_y04_14p13|8872|83,e4b36f663afdcb171d1c6ebd4285a6ff23e01c5e,a3b75bf7ad8ee310e78a6564b94523b11d6987b9
scene_3_1_terminalgain_globalmax_interp_0419,family_01,419,6.737561,6.873469,0.135909,50,2,48,4.9,4.756951,4.755432,1.000319,0.181918,1.819178,1.141033,0.117102,0.007881,0.234663,0.0,scene_3.1|scene_3.1_y04_hull_dense_y04_14p13|9158|96,scene_3.1|scene_3.1_y04_hull_dense_y04_14p13|8872|83,2ddea96b7859c74e255b9a2aae467b4ec918323a,e1733f9c4946479d42ad328031bf47b62e89fa10
scene_3_1_terminalgain_globalmax_interp_0420,family_01,420,6.737561,6.873469,0.135909,50,2,48,4.9,4.773627,4.755432,1.003826,0.181918,1.819178,1.141703,0.033064,0.037895,0.542508,0.0,scene_3.1|scene_3.1_y04_hull_dense_y04_14p13|9158|96,scene_3.1|scene_3.1_y04_hull_dense_y04_14p13|8872|83,2c8a5bc981fd56eb16be867bad3de33faf950a3f,e321f2abee09d39901815bb421dad445f64e3389
scene_3_1_terminalgain_globalmax_interp_0421,family_01,421,6.737561,6.873469,0.135909,50,2,48,4.9,4.765583,4.755432,1.002135,0.181918,1.819178,1.141445,0.050974,0.067909,0.404801,0.0,scene_3.1|scene_3.1_y04_hull_dense_y04_14p13|9158|96,scene_3.1|scene_3.1_y04_hull_dense_y04_14p13|8872|83,8b3a50424d9dcb1a1def3b4c6f26776588216519,9994c668d2300609ded8e9c4c83f36b0bc3ca280
scene_3_1_terminalgain_globalmax_interp_0422,family_01,422,6.737561,6.873469,0.135909,50,2,48,4.9,4.7606,4.755432,1.001087,0.181918,1.819178,1.141145,0.135012,0.097922,0.289326,0.0,scene_3.1|scene_3.1_y04_hull_dense_y04_14p13|9158|96,scene_3.1|scene_3.1_y04_hull_dense_y04_14p13|8872|83,8dcc4ce22b6e0902ad3c18a0766b685de7b87e94,25523f660c9faa9a8e451f30fe422f4008b38521
scene_3_1_terminalgain_globalmax_interp_0423,family_01,423,6.737561,6.873469,0.135909,50,2,48,4.9,4.769642,4.755432,1.002988,0.181917,1.819171,1.141582,0.184332,0.077871,0.479248,0.0,scene_3.1|scene_3.1_y04_hull_dense_y04_14p13|9158|96,scene_3.1|scene_3.1_y04_hull_dense_y04_14p13|8872|83,78fa7bc8cffbef1407257204488d98e36e2636af,455b5671cbb117b6ef7d9c9fa9303fe523fd527f
scene_3_1_terminalgain_globalmax_interp_0424,family_01,424,6.737561,6.873469,0.135909,50,2,48,4.9,4.788831,4.755432,1.007023,0.181918,1.819178,1.142508,0.100295,0.047858,0.736108,0.0,scene_3.1|scene_3.1_y04_hull_dense_y04_14p13|9158|96,scene_3.1|scene_3.1_y04_hull_dense_y04_14p13|8872|83,7e869cc9405fed998a8c57a26b03fc0d517ba1b7,4b2a49e13bec377c53b88eec5b5e5393fa6bc52b
scene_3_1_terminalgain_globalmax_interp_0425,family_01,425,6.737561,6.873469,0.135909,50,2,48,4.9,4.775034,4.755432,1.004122,0.181918,1.819178,1.14198,0.016257,0.017844,0.563101,0.0,scene_3.1|scene_3.1_y04_hull_dense_y04_14p13|9158|96,scene_3.1|scene_3.1_y04_hull_dense_y04_14p13|8872|83,a2aaf06c85e84c4e71f770aa3c16ab7494044e9f,501972ade66fdd8e0fe504e82a87e49e4ac166aa
scene_3_1_terminalgain_globalmax_interp_0426,family_01,426,6.737561,6.873469,0.135909,50,2,48,4.9,4.759941,4.755432,1.000948,0.181917,1.819171,1.141137,0.067782,0.01217,0.269771,0.0,scene_3.1|scene_3.1_y04_hull_dense_y04_14p13|9158|96,scene_3.1|scene_3.1_y04_hull_dense_y04_14p13|8872|83,c116c80ab01a82c841e68e8773cd2312a1e3a230,41a7e883f815c83a465f21ee2a2d30e749b09b03
scene_3_1_terminalgain_globalmax_interp_0427,family_01,427,6.737561,6.873469,0.135909,50,2,48,4.9,4.767951,4.755432,1.002632,0.181917,1.819172,1.141418,0.15182,0.042183,0.449935,0.0,scene_3.1|scene_3.1_y04_hull_dense_y04_14p13|9158|96,scene_3.1|scene_3.1_y04_hull_dense_y04_14p13|8872|83,b435908e199660da5508f1ce50922d0a0d22bf23,4fb7878156f4d67b7661792fcc990178ea4e24a0
scene_3_1_terminalgain_globalmax_interp_0428,family_01,428,6.737561,6.873469,0.135909,50,2,48,4.9,4.760913,4.755432,1.001153,0.181917,1.819172,1.141297,0.167525,0.072197,0.354008,0.0,scene_3.1|scene_3.1_y04_hull_dense_y04_14p13|9158|96,scene_3.1|scene_3.1_y04_hull_dense_y04_14p13|8872|83,f71613f26f59361b4a78058df36bf7c4a2903763,a02f33a8b36df8fb82fafe20330d874959fe1ee1
scene_3_1_terminalgain_globalmax_interp_0429,family_01,429,6.737561,6.873469,0.135909,50,2,48,4.9,4.775523,4.755432,1.004225,0.181918,1.819178,1.141892,0.083487,0.10221,0.570091,0.0,scene_3.1|scene_3.1_y04_hull_dense_y04_14p13|9158|96,scene_3.1|scene_3.1_y04_hull_dense_y04_14p13|8872|83,c6d811dd455037153e29df6baf9852e7364f75c3,565064b4b9cffb82975151f80fcf0132857c9173
scene_3_1_terminalgain_globalmax_interp_0430,family_01,430,6.737561,6.873469,0.135909,50,2,48,4.9,4.760326,4.755432,1.001029,0.181917,1.819171,1.141098,0.000551,0.102985,0.299078,0.0,scene_3.1|scene_3.1_y04_hull_dense_y04_14p13|9158|96,scene_3.1|scene_3.1_y04_hull_dense_y04_14p13|8872|83,e3e2a3ecdcbe34f15f613f1d2fd95335bbf042a1,221ff183fb7410f07e4c6b0d3fe01f6fd610b78d
scene_3_1_terminalgain_globalmax_interp_0431,family_01,431,6.737561,6.873469,0.135909,50,2,48,4.9,4.757725,4.755432,1.000482,0.181918,1.819178,1.141064,0.08459,0.072972,0.286439,0.0,scene_3.1|scene_3.1_y04_hull_dense_y04_14p13|9158|96,scene_3.1|scene_3.1_y04_hull_dense_y04_14p13|8872|83,671af379d63137883927237164581fe3a31be6f5,75f4b43e6fc49483df493c5c8d6d2d1bda2f7740
scene_3_1_terminalgain_globalmax_interp_0432,family_01,432,6.737561,6.873469,0.135909,50,2,48,4.9,4.784018,4.755432,1.006011,0.181918,1.819178,1.142306,0.168628,0.042958,0.680797,0.0,scene_3.1|scene_3.1_y04_hull_dense_y04_14p13|9158|96,scene_3.1|scene_3.1_y04_hull_dense_y04_14p13|8872|83,f744a2056fc08e321f428958ca03fdd9e256a5d6,ab66cda4c9f1bad94d8ff11f8da756a8e574d8b8
scene_3_1_terminalgain_globalmax_interp_0433,family_01,433,6.737561,6.873469,0.135909,50,2,48,4.9,4.781915,4.755432,1.005569,0.181918,1.819178,1.142134,0.150717,0.012944,0.655201,0.0,scene_3.1|scene_3.1_y04_hull_dense_y04_14p13|9158|96,scene_3.1|scene_3.1_y04_hull_dense_y04_14p13|8872|83,679396fc5c83ff8828ecb53a160409feecbb9064,c9c46c41bacbe16ddc628e9109a5d3914352289c
scene_3_1_terminalgain_globalmax_interp_0434,family_01,434,6.737561,6.873469,0.135909,50,2,48,4.9,4.756148,4.755432,1.00015,0.181917,1.819171,1.14097,0.066679,0.017069,0.183807,0.0,scene_3.1|scene_3.1_y04_hull_dense_y04_14p13|9158|96,scene_3.1|scene_3.1_y04_hull_dense_y04_14p13|8872|83,a4901eb83f644bac5b38d9fcb5992af90829899b,95c8ea41fda2974f146079a5272839d0ce8b942f
scene_3_1_terminalgain_globalmax_interp_0435,family_01,435,6.737561,6.873469,0.135909,50,2,48,4.9,4.763882,4.755432,1.001777,0.181918,1.819178,1.141358,0.017359,0.047083,0.369299,0.0,scene_3.1|scene_3.1_y04_hull_dense_y04_14p13|9158|96,scene_3.1|scene_3.1_y04_hull_dense_y04_14p13|8872|83,f63d9cc2594015cb1e90447890b794c84a01b849,945d3f1eb5ccf2986d53e6b079ebb742b0764049
scene_3_1_terminalgain_globalmax_interp_0436,family_01,436,6.737561,6.873469,0.135909,50,2,48,4.9,4.770049,4.755432,1.003074,0.181918,1.819178,1.141587,0.101397,0.077096,0.48612,0.0,scene_3.1|scene_3.1_y04_hull_dense_y04_14p13|9158|96,scene_3.1|scene_3.1_y04_hull_dense_y04_14p13|8872|83,0b34a1d5e516cb0ee4655ef79fe079269946f12f,67254e065a868f00f56c10c091c928c04636c336
scene_3_1_terminalgain_globalmax_interp_0437,family_01,437,6.737561,6.873469,0.135909,50,2,48,4.9,4.762831,4.755432,1.001556,0.181918,1.819178,1.141318,0.185435,0.098697,0.345801,0.0,scene_3.1|scene_3.1_y04_hull_dense_y04_14p13|9158|96,scene_3.1|scene_3.1_y04_hull_dense_y04_14p13|8872|83,f3301bacdf16636dae271c844b49fba74fbca834,58a5a302731f5ea22ebafcb90779cc1aaf6f8a4a
scene_3_1_terminalgain_globalmax_interp_0438,family_01,438,6.737561,6.873469,0.135909,50,2,48,4.9,4.770411,4.755432,1.00315,0.181918,1.819178,1.141703,0.133909,0.068683,0.492042,0.0,scene_3.1|scene_3.1_y04_hull_dense_y04_14p13|9158|96,scene_3.1|scene_3.1_y04_hull_dense_y04_14p13|8872|83,f1d1e68dbb2909a32cf57237c7b39ac49643339b,d44bbd495b42f988fbb73ed61b664ee72779bd26
scene_3_1_terminalgain_globalmax_interp_0439,family_01,439,6.737561,6.873469,0.135909,50,2,48,4.9,4.757927,4.755432,1.000525,0.181918,1.819178,1.141014,0.049871,0.03867,0.200744,0.0,scene_3.1|scene_3.1_y04_hull_dense_y04_14p13|9158|96,scene_3.1|scene_3.1_y04_hull_dense_y04_14p13|8872|83,41638ac348e8c06cc26f8829386fc34a39081f1b,d7631ea9c6c41febf193ef774126ffad3cd4f183
scene_3_1_terminalgain_globalmax_interp_0440,family_01,440,6.737561,6.873469,0.135909,50,2,48,4.9,4.773582,4.755432,1.003817,0.181918,1.819178,1.141926,0.034167,0.008656,0.54182,0.0,scene_3.1|scene_3.1_y04_hull_dense_y04_14p13|9158|96,scene_3.1|scene_3.1_y04_hull_dense_y04_14p13|8872|83,eaeecf14b7c238eed87c2a37d945432912950bfe,75c02c214714c9398e1eb391502207cce8e6913a
scene_3_1_terminalgain_globalmax_interp_0441,family_01,441,6.737561,6.873469,0.135909,50,2,48,4.9,4.79141,4.755432,1.007566,0.181918,1.819178,1.142811,0.118204,0.021357,0.764427,0.0,scene_3.1|scene_3.1_y04_hull_dense_y04_14p13|9158|96,scene_3.1|scene_3.1_y04_hull_dense_y04_14p13|8872|83,06ddff1d94e12427c90dea7628524849259d2d4f,8732127f541b8b8c9980a012e82f925b01071447
scene_3_1_terminalgain_globalmax_interp_0442,family_01,442,6.737561,6.873469,0.135909,50,2,48,4.9,4.775203,4.755432,1.004157,0.181917,1.819171,1.141801,0.202242,0.051371,0.565562,0.0,scene_3.1|scene_3.1_y04_hull_dense_y04_14p13|9158|96,scene_3.1|scene_3.1_y04_hull_dense_y04_14p13|8872|83,241f2121f783cd8cb96a917525d9fbaa51d67860,c9219b24d4a026b1c508a28164b349941bbae0af
scene_3_1_terminalgain_globalmax_interp_0443,family_01,443,6.737561,6.873469,0.135909,50,2,48,4.9,4.760976,4.755432,1.001166,0.181918,1.819178,1.141357,0.197778,0.081384,0.300505,0.0,scene_3.1|scene_3.1_y04_hull_dense_y04_14p13|9158|96,scene_3.1|scene_3.1_y04_hull_dense_y04_14p13|8872|83,0f36a8a87cc69c9d498a0cec0e734242f21581b9,aeae1d9625b46856a72dced8ede4b7026b2bb585
scene_3_1_terminalgain_globalmax_interp_0444,family_01,444,6.737561,6.873469,0.135909,50,2,48,4.9,4.764543,4.755432,1.001916,0.181918,1.819178,1.141386,0.11374,0.09441,0.383527,0.0,scene_3.1|scene_3.1_y04_hull_dense_y04_14p13|9158|96,scene_3.1|scene_3.1_y04_hull_dense_y04_14p13|8872|83,0d1599c0558236392d8498eaf74d9bc3d18a41a3,5e07b91bb65c4fac1a52b088ee7ff37c8626c5e7
scene_3_1_terminalgain_globalmax_interp_0445,family_01,445,6.737561,6.873469,0.135909,50,2,48,4.9,4.775988,4.755432,1.004323,0.181918,1.819178,1.141867,0.029703,0.064396,0.576852,0.0,scene_3.1|scene_3.1_y04_hull_dense_y04_14p13|9158|96,scene_3.1|scene_3.1_y04_hull_dense_y04_14p13|8872|83,339de9baf1fb51e5738d408023d729cd0184dc8c,7c2b897364ff5f2b2f437eec3da473d3cdc0db70
scene_3_1_terminalgain_globalmax_interp_0446,family_01,446,6.737561,6.873469,0.135909,50,2,48,4.9,4.757911,4.755432,1.000521,0.181918,1.819178,1.141188,0.054335,0.034383,0.259506,0.0,scene_3.1|scene_3.1_y04_hull_dense_y04_14p13|9158|96,scene_3.1|scene_3.1_y04_hull_dense_y04_14p13|8872|83,32a89143b95be0fb9e072708e8906e0d1c456932,c529aeb301772dbe24b06d07f187e68d05422c3e
scene_3_1_terminalgain_globalmax_interp_0447,family_01,447,6.737561,6.873469,0.135909,50,2,48,4.9,4.76221,4.755432,1.001425,0.181918,1.819178,1.141303,0.138374,0.004369,0.330883,0.0,scene_3.1|scene_3.1_y04_hull_dense_y04_14p13|9158|96,scene_3.1|scene_3.1_y04_hull_dense_y04_14p13|8872|83,a1d6e2a6f3da90904afc560de9b00dd415648b19,7312bcea388b6ee895600d633c3fed96c509a7a1
scene_3_1_terminalgain_globalmax_interp_0448,family_01,448,6.737561,6.873469,0.135909,50,2,48,4.9,4.775309,4.755432,1.00418,0.181918,1.819178,1.141753,0.18097,0.025644,0.567237,0.0,scene_3.1|scene_3.1_y04_hull_dense_y04_14p13|9158|96,scene_3.1|scene_3.1_y04_hull_dense_y04_14p13|8872|83,d49178f29e446dc29a3b7c3a849b1345dcf0d610,08f0ae4faa9106ff6c93278ebe349a12ab0bfb62
scene_3_1_terminalgain_globalmax_interp_0449,family_01,449,6.737561,6.873469,0.135909,50,2,48,4.9,4.768042,4.755432,1.002652,0.181918,1.819178,1.141654,0.096933,0.055658,0.467731,0.0,scene_3.1|scene_3.1_y04_hull_dense_y04_14p13|9158|96,scene_3.1|scene_3.1_y04_hull_dense_y04_14p13|8872|83,aa0e25a5c9d8f31ccfc9a7aefa6905fde31955e9,b83454efbc150664cf967f6c1d114ea90372c10f
scene_3_1_terminalgain_globalmax_interp_0450,family_01,450,6.737561,6.873469,0.135909,50,2,48,4.9,4.768484,4.755432,1.002744,0.181917,1.819171,1.141669,0.012895,0.085672,0.459217,0.0,scene_3.1|scene_3.1_y04_hull_dense_y04_14p13|9158|96,scene_3.1|scene_3.1_y04_hull_dense_y04_14p13|8872|83,7b73857952cc1c6806614962476ef914cf4c7957,2eb8253d61a50b698c3dc7d85cd19e213ab8838c
scene_3_1_terminalgain_globalmax_interp_0451,family_01,451,6.737561,6.873469,0.135909,50,2,48,4.9,4.773896,4.755432,1.003883,0.181918,1.819178,1.141835,0.071143,0.090122,0.546343,0.0,scene_3.1|scene_3.1_y04_hull_dense_y04_14p13|9158|96,scene_3.1|scene_3.1_y04_hull_dense_y04_14p13|8872|83,2ad68ab397e6634f9c60327df362d5d483cfa455,2c66fa28a5729b6ee3c007b4a998a2d3574c6a31
scene_3_1_terminalgain_globalmax_interp_0452,family_01,452,6.737561,6.873469,0.135909,50,2,48,4.9,4.766771,4.755432,1.002384,0.181918,1.819178,1.141547,0.155181,0.060108,0.428009,0.0,scene_3.1|scene_3.1_y04_hull_dense_y04_14p13|9158|96,scene_3.1|scene_3.1_y04_hull_dense_y04_14p13|8872|83,b5412e607be0d2a4e5f0c64e7b395f370d4d5087,e099bfa353e396cf63c4d8fc860e347d82824f94
scene_3_1_terminalgain_globalmax_interp_0453,family_01,453,6.737561,6.873469,0.135909,50,2,48,4.9,4.764572,4.755432,1.001922,0.181918,1.819178,1.141457,0.164164,0.030095,0.384147,0.0,scene_3.1|scene_3.1_y04_hull_dense_y04_14p13|9158|96,scene_3.1|scene_3.1_y04_hull_dense_y04_14p13|8872|83,f36bc539dadae7916e27fe67df7370a17ac2f804,2e93bb6d6130d0c44c2ff737685713619ff167ca
scene_3_1_terminalgain_globalmax_interp_0454,family_01,454,6.737561,6.873469,0.135909,50,2,48,4.9,4.76935,4.755432,1.002927,0.181918,1.819178,1.141627,0.080125,8.1e-05,0.474222,0.0,scene_3.1|scene_3.1_y04_hull_dense_y04_14p13|9158|96,scene_3.1|scene_3.1_y04_hull_dense_y04_14p13|8872|83,02b3567f7c2a922e6280f2265b1061fd6bbb339d,34751507c2f03e55c98d569889cfafd4e195feda
scene_3_1_terminalgain_globalmax_interp_0455,family_01,455,6.737561,6.873469,0.135909,50,2,48,4.9,4.755482,4.755432,1.00001,0.181917,1.819172,1.141029,0.003913,0.029932,0.079306,0.0,scene_3.1|scene_3.1_y04_hull_dense_y04_14p13|9158|96,scene_3.1|scene_3.1_y04_hull_dense_y04_14p13|8872|83,5979452bb01a1ceca27776eaa368037bf8ede3ce,2e54b0281a1c50b35611604756d5738e39490300
scene_3_1_terminalgain_globalmax_interp_0456,family_01,456,6.737561,6.873469,0.135909,50,2,48,4.9,4.781696,4.755432,1.005523,0.181917,1.819172,1.142172,0.087951,0.059946,0.652611,0.0,scene_3.1|scene_3.1_y04_hull_dense_y04_14p13|9158|96,scene_3.1|scene_3.1_y04_hull_dense_y04_14p13|8872|83,142f9215915d77b1217ba1d42c64564a257a55c7,e753641b0ce0772a90831566c5f4cb146af20d9d
scene_3_1_terminalgain_globalmax_interp_0457,family_01,457,6.737561,6.873469,0.135909,50,2,48,4.9,4.777607,4.755432,1.004663,0.181918,1.819178,1.141919,0.171989,0.08996,0.599234,0.0,scene_3.1|scene_3.1_y04_hull_dense_y04_14p13|9158|96,scene_3.1|scene_3.1_y04_hull_dense_y04_14p13|8872|83,1284f124d48fd0afc0b7736b1c7186f8a6e5c56d,75346456f98587ea86dd6483cd1753751635c9fd
scene_3_1_terminalgain_globalmax_interp_0458,family_01,458,6.737561,6.873469,0.135909,50,2,48,4.9,4.756213,4.755432,1.000164,0.181917,1.819171,1.141054,0.147356,0.085835,0.125059,0.0,scene_3.1|scene_3.1_y04_hull_dense_y04_14p13|9158|96,scene_3.1|scene_3.1_y04_hull_dense_y04_14p13|8872|83,93e3d9cc7a433e50fc3ae299d6f5274be7370a1e,ba482df2551f11ba6bdeb7dfd010ef64e34d316b
scene_3_1_terminalgain_globalmax_interp_0459,family_01,459,6.737561,6.873469,0.135909,50,2,48,4.9,4.773908,4.755432,1.003885,0.181918,1.819178,1.14174,0.063318,0.055821,0.546668,0.0,scene_3.1|scene_3.1_y04_hull_dense_y04_14p13|9158|96,scene_3.1|scene_3.1_y04_hull_dense_y04_14p13|8872|83,0509e49d449136b3f624fcac638551499cfcf5c8,df4b4ed124a427a2e4b04797d3b74bece9cd4db3
scene_3_1_terminalgain_globalmax_interp_0460,family_01,460,6.737561,6.873469,0.135909,50,2,48,4.9,4.775755,4.755432,1.004273,0.181918,1.819178,1.141927,0.020721,0.025808,0.573358,0.0,scene_3.1|scene_3.1_y04_hull_dense_y04_14p13|9158|96,scene_3.1|scene_3.1_y04_hull_dense_y04_14p13|8872|83,ea5804c1d289e593f0aae272d7ea0788567b85cd,db7f883a6131514ed068981fef387b0f51c1a399
scene_3_1_terminalgain_globalmax_interp_0461,family_01,461,6.737561,6.873469,0.135909,50,2,48,4.9,4.765664,4.755432,1.002152,0.181917,1.819172,1.141429,0.104759,0.004206,0.406828,0.0,scene_3.1|scene_3.1_y04_hull_dense_y04_14p13|9158|96,scene_3.1|scene_3.1_y04_hull_dense_y04_14p13|8872|83,6ea3b2db208ff7447f47cce719633bdf52d38f7a,cc2d02538b9b0a3b5f40d056ee9bbf76c67b1c9f
scene_3_1_terminalgain_globalmax_interp_0462,family_01,462,6.737561,6.873469,0.135909,50,2,48,4.9,4.761991,4.755432,1.001379,0.181918,1.819178,1.141338,0.188796,0.03422,0.326505,0.0,scene_3.1|scene_3.1_y04_hull_dense_y04_14p13|9158|96,scene_3.1|scene_3.1_y04_hull_dense_y04_14p13|8872|83,b7b684539c1ee89e848046d663b3a4790f8307d6,d11f1d241546dfcce43a2c0e0bbcae9ba62acac5
scene_3_1_terminalgain_globalmax_interp_0463,family_01,463,6.737561,6.873469,0.135909,50,2,48,4.9,4.76394,4.755432,1.001789,0.181918,1.819178,1.141393,0.130548,0.064233,0.371599,0.0,scene_3.1|scene_3.1_y04_hull_dense_y04_14p13|9158|96,scene_3.1|scene_3.1_y04_hull_dense_y04_14p13|8872|83,afde465c11f38d0985a3f80e3b73e0cd6bc4b15e,275257df7cf450c2193cf1158cc6ca6980add052
scene_3_1_terminalgain_globalmax_interp_0464,family_01,464,6.737561,6.873469,0.135909,50,2,48,4.9,4.768341,4.755432,1.002715,0.181918,1.819178,1.141616,0.04651,0.094247,0.456849,0.0,scene_3.1|scene_3.1_y04_hull_dense_y04_14p13|9158|96,scene_3.1|scene_3.1_y04_hull_dense_y04_14p13|8872|83,1d0d53f1173a0e5c62ee91063071bdf526d133c5,f5834c335c14451284208bb97e908a500789b4fb
scene_3_1_terminalgain_globalmax_interp_0465,family_01,465,6.737561,6.873469,0.135909,50,2,48,4.9,4.778683,4.755432,1.004889,0.181918,1.819178,1.141986,0.037528,0.081547,0.613595,0.0,scene_3.1|scene_3.1_y04_hull_dense_y04_14p13|9158|96,scene_3.1|scene_3.1_y04_hull_dense_y04_14p13|8872|83,264808776c6ee3f6837b057b8a3ac1dadef75a5f,d0755cf3f06a88f7f05eec734cf536239ee45518
scene_3_1_terminalgain_globalmax_interp_0466,family_01,466,6.737561,6.873469,0.135909,50,2,48,4.9,4.759301,4.755432,1.000814,0.181917,1.819171,1.14121,0.121566,0.051533,0.268551,0.0,scene_3.1|scene_3.1_y04_hull_dense_y04_14p13|9158|96,scene_3.1|scene_3.1_y04_hull_dense_y04_14p13|8872|83,4e75297717e05c2d0b9d5d43eee633ef054df41c,d8c58d6fb71e1b2a879effbb9aac19c7949cdabc
scene_3_1_terminalgain_globalmax_interp_0467,family_01,467,6.737561,6.873469,0.135909,50,2,48,4.9,4.758855,4.755432,1.00072,0.181918,1.819178,1.141039,0.205604,0.02152,0.272958,0.0,scene_3.1|scene_3.1_y04_hull_dense_y04_14p13|9158|96,scene_3.1|scene_3.1_y04_hull_dense_y04_14p13|8872|83,9559d59794a5312d26315acc7ee4f27b2711b95f,2fe4b91c7d195b67f605450d71138d3660415242
scene_3_1_terminalgain_globalmax_interp_0468,family_01,468,6.737561,6.873469,0.135909,50,2,48,4.9,4.781737,4.755432,1.005532,0.181918,1.819178,1.142271,0.194417,0.008494,0.65288,0.0,scene_3.1|scene_3.1_y04_hull_dense_y04_14p13|9158|96,scene_3.1|scene_3.1_y04_hull_dense_y04_14p13|8872|83,adeb1d3117adfc66940e34e5497940f74d1fd261,96cbd243e47cd249fe2337d57cbb98632b1106fe
scene_3_1_terminalgain_globalmax_interp_0469,family_01,469,6.737561,6.873469,0.135909,50,2,48,4.9,4.780493,4.755432,1.00527,0.181918,1.819178,1.14207,0.110378,0.038508,0.637211,0.0,scene_3.1|scene_3.1_y04_hull_dense_y04_14p13|9158|96,scene_3.1|scene_3.1_y04_hull_dense_y04_14p13|8872|83,927b651de33c667806ef4786db3bff25dd1fccde,1514230382a299efbd940bda40924aa63034099d
scene_3_1_terminalgain_globalmax_interp_0470,family_01,470,6.737561,6.873469,0.135909,50,2,48,4.9,4.760949,4.755432,1.00116,0.181918,1.819178,1.14123,0.026341,0.068521,0.298434,0.0,scene_3.1|scene_3.1_y04_hull_dense_y04_14p13|9158|96,scene_3.1|scene_3.1_y04_hull_dense_y04_14p13|8872|83,e8fd396b28f3d37cb0c080bc2fdfd152e625206a,ce437ab2b14c7d4d27cd8a3de7fa735547af1208
scene_3_1_terminalgain_globalmax_interp_0471,family_01,471,6.737561,6.873469,0.135909,50,2,48,4.9,4.758152,4.755432,1.000572,0.181918,1.819178,1.141125,0.057697,0.098535,0.242661,0.0,scene_3.1|scene_3.1_y04_hull_dense_y04_14p13|9158|96,scene_3.1|scene_3.1_y04_hull_dense_y04_14p13|8872|83,2fe42a3576fb1305dc8d823da966a0d8adba5991,3d91af990ec0b97a48e28ad1c856b43a3b603e35
scene_3_1_terminalgain_globalmax_interp_0472,family_01,472,6.737561,6.873469,0.135909,50,2,48,4.9,4.783619,4.755432,1.005927,0.181918,1.819178,1.142308,0.141735,0.077259,0.676138,0.0,scene_3.1|scene_3.1_y04_hull_dense_y04_14p13|9158|96,scene_3.1|scene_3.1_y04_hull_dense_y04_14p13|8872|83,9ca52562624d425898d771b0e354d61a7cda2398,e1f79454b3244dbabf5dc793914a62a3bb980e39
scene_3_1_terminalgain_globalmax_interp_0473,family_01,473,6.737561,6.873469,0.135909,50,2,48,4.9,4.771004,4.755432,1.003275,0.181918,1.819178,1.141718,0.17761,0.047245,0.501906,0.0,scene_3.1|scene_3.1_y04_hull_dense_y04_14p13|9158|96,scene_3.1|scene_3.1_y04_hull_dense_y04_14p13|8872|83,cf0dd71653ed9edffef5d08163b03a018036f482,8c4de49bb09880974066dacd7a6003b220a003b9
scene_3_1_terminalgain_globalmax_interp_0474,family_01,474,6.737561,6.873469,0.135909,50,2,48,4.9,4.762517,4.755432,1.00149,0.181917,1.819171,1.141323,0.093572,0.017231,0.338327,0.0,scene_3.1|scene_3.1_y04_hull_dense_y04_14p13|9158|96,scene_3.1|scene_3.1_y04_hull_dense_y04_14p13|8872|83,68e13c5525fea49f0e680be6dbdc8768aaaac88b,ebc7c3ef68ac6252476538ddaec15086e125730e
scene_3_1_terminalgain_globalmax_interp_0475,family_01,475,6.737561,6.873469,0.135909,50,2,48,4.9,4.763832,4.755432,1.001766,0.181918,1.819178,1.14138,0.009533,0.012782,0.368292,0.0,scene_3.1|scene_3.1_y04_hull_dense_y04_14p13|9158|96,scene_3.1|scene_3.1_y04_hull_dense_y04_14p13|8872|83,10f46210ad1d9e32f73d847c8ec7ab9fc6eb6b04,a16b4b927f286728fff8a56af3b639b1241d3acf
scene_3_1_terminalgain_globalmax_interp_0476,family_01,476,6.737561,6.873469,0.135909,50,2,48,4.9,4.763412,4.755432,1.001678,0.181918,1.819178,1.141297,0.074505,0.042796,0.406331,0.0,scene_3.1|scene_3.1_y04_hull_dense_y04_14p13|9158|96,scene_3.1|scene_3.1_y04_hull_dense_y04_14p13|8872|83,671b484c8bc8a69f70358540a9e3fa179d73bca4,390f48e32334797c47ed26f2cb092fec8273056b
scene_3_1_terminalgain_globalmax_interp_0477,family_01,477,6.737561,6.873469,0.135909,50,2,48,4.9,4.776269,4.755432,1.004382,0.181918,1.819178,1.141987,0.158543,0.072809,0.580859,0.0,scene_3.1|scene_3.1_y04_hull_dense_y04_14p13|9158|96,scene_3.1|scene_3.1_y04_hull_dense_y04_14p13|8872|83,70cf90495e68a53f4428fc30a5412fe5e4428ff1,1c3399ffb8da351f692847e15a100d9fcdf07f1a
scene_3_1_terminalgain_globalmax_interp_0478,family_01,478,6.737561,6.873469,0.135909,50,2,48,4.9,4.774038,4.755432,1.003913,0.181918,1.819178,1.141728,0.160802,0.102823,0.548565,0.0,scene_3.1|scene_3.1_y04_hull_dense_y04_14p13|9158|96,scene_3.1|scene_3.1_y04_hull_dense_y04_14p13|8872|83,4c2539c1d3c2e4d9aeec295744c6de8567b26ee5,9c88e4b139d22821cc3678da0e8956e0fcf6d1aa
scene_3_1_terminalgain_globalmax_interp_0479,family_01,479,6.737561,6.873469,0.135909,50,2,48,4.9,4.75683,4.755432,1.000294,0.181918,1.819178,1.141081,0.076764,0.102373,0.204166,0.0,scene_3.1|scene_3.1_y04_hull_dense_y04_14p13|9158|96,scene_3.1|scene_3.1_y04_hull_dense_y04_14p13|8872|83,54443f89d93a1ba019f55869c18cce4a79668cbb,7c505d7a3ab16c9d00d10289324eb61df2ac6747
scene_3_1_terminalgain_globalmax_interp_0480,family_01,480,6.737561,6.873469,0.135909,50,2,48,4.9,4.774148,4.755432,1.003936,0.181918,1.819178,1.141803,0.007274,0.072359,0.550253,0.0,scene_3.1|scene_3.1_y04_hull_dense_y04_14p13|9158|96,scene_3.1|scene_3.1_y04_hull_dense_y04_14p13|8872|83,4b0a088f235ab5a9c515931086f6352e872e8303,b2f9d0ac4043f792673d37bece24addac43f322c
scene_3_1_terminalgain_globalmax_interp_0481,family_01,481,6.737561,6.873469,0.135909,50,2,48,4.9,4.775797,4.755432,1.004282,0.181918,1.819178,1.141912,0.091313,0.042345,0.574273,0.0,scene_3.1|scene_3.1_y04_hull_dense_y04_14p13|9158|96,scene_3.1|scene_3.1_y04_hull_dense_y04_14p13|8872|83,ba5f42cde81c840fa5fe4924f62dfebda10dc29a,62eb32ff949cc19454be6cdbcbbca134a9cdc314
scene_3_1_terminalgain_globalmax_interp_0482,family_01,482,6.737561,6.873469,0.135909,50,2,48,4.9,4.756607,4.755432,1.000247,0.181917,1.819171,1.140983,0.175351,0.012332,0.174807,0.0,scene_3.1|scene_3.1_y04_hull_dense_y04_14p13|9158|96,scene_3.1|scene_3.1_y04_hull_dense_y04_14p13|8872|83,591d19b49c7e944b31b03bc12ba1b818a2c82731,cf04dbe55f8b33198f2f4b77fe4355bb297751d7
scene_3_1_terminalgain_globalmax_interp_0483,family_01,483,6.737561,6.873469,0.135909,50,2,48,4.9,4.765382,4.755432,1.002092,0.181917,1.819172,1.141445,0.143994,0.017682,0.400765,0.0,scene_3.1|scene_3.1_y04_hull_dense_y04_14p13|9158|96,scene_3.1|scene_3.1_y04_hull_dense_y04_14p13|8872|83,45f18526142595af839e0622a7c6a7d9ff215b40,5ef19b6858ce7b8513e3c8762b9632019bccfcac
scene_3_1_terminalgain_globalmax_interp_0484,family_01,484,6.737561,6.873469,0.135909,50,2,48,4.9,4.77043,4.755432,1.003154,0.181917,1.819172,1.141614,0.059956,0.047695,0.492493,0.0,scene_3.1|scene_3.1_y04_hull_dense_y04_14p13|9158|96,scene_3.1|scene_3.1_y04_hull_dense_y04_14p13|8872|83,9dde8b2fb28dd25064ac5c786c60dcfe8ca04e2e,640ece6622a4d4fc17d5ab83ecfdeb264429dee5
scene_3_1_terminalgain_globalmax_interp_0485,family_01,485,6.737561,6.873469,0.135909,50,2,48,4.9,4.761466,4.755432,1.001269,0.181918,1.819178,1.141246,0.024082,0.077709,0.311915,0.0,scene_3.1|scene_3.1_y04_hull_dense_y04_14p13|9158|96,scene_3.1|scene_3.1_y04_hull_dense_y04_14p13|8872|83,d37f6cd21d15b2ed0bc2c94d00c28fd958d17481,e2bc5290591408b3be06595d1f739650c12160cc
scene_3_1_terminalgain_globalmax_interp_0486,family_01,486,6.737561,6.873469,0.135909,50,2,48,4.9,4.775644,4.755432,1.00425,0.181918,1.819178,1.141958,0.108121,0.098084,0.572062,0.0,scene_3.1|scene_3.1_y04_hull_dense_y04_14p13|9158|96,scene_3.1|scene_3.1_y04_hull_dense_y04_14p13|8872|83,c5b0a7cb6276d7c6a196a3575872d209e0f05e0f,62e23a4ccfa0ce574c433515d3a5078d4d92832a
scene_3_1_terminalgain_globalmax_interp_0487,family_01,487,6.737561,6.873469,0.135909,50,2,48,4.9,4.768851,4.755432,1.002822,0.181917,1.819171,1.141591,0.192158,0.068071,0.465872,0.0,scene_3.1|scene_3.1_y04_hull_dense_y04_14p13|9158|96,scene_3.1|scene_3.1_y04_hull_dense_y04_14p13|8872|83,ee677ed39c6ec487353ae05170e4e49ce434d0fe,95c5507f6d0e44074b88658eecc17134bfbfc347
scene_3_1_terminalgain_globalmax_interp_0488,family_01,488,6.737561,6.873469,0.135909,50,2,48,4.9,4.775445,4.755432,1.004208,0.181918,1.819178,1.141877,0.127186,0.038057,0.569085,0.0,scene_3.1|scene_3.1_y04_hull_dense_y04_14p13|9158|96,scene_3.1|scene_3.1_y04_hull_dense_y04_14p13|8872|83,f2dacfbd60f0354bad46b4b63d1b338429a1a543,4c11de9e0e140eb914728164b884f764643cb83e
scene_3_1_terminalgain_globalmax_interp_0489,family_01,489,6.737561,6.873469,0.135909,50,2,48,4.9,4.78022,4.755432,1.005213,0.181917,1.819171,1.142091,0.043148,0.008044,0.633871,0.0,scene_3.1|scene_3.1_y04_hull_dense_y04_14p13|9158|96,scene_3.1|scene_3.1_y04_hull_dense_y04_14p13|8872|83,2f48c5fdf6bff3854a99f93df39e7c5ca419ac26,633f63e6672059630297b85b2da1015a990de4c1
scene_3_1_terminalgain_globalmax_interp_0490,family_01,490,6.737561,6.873469,0.135909,50,2,48,4.9,4.762588,4.755432,1.001505,0.181918,1.819178,1.141295,0.040889,0.02197,0.339908,0.0,scene_3.1|scene_3.1_y04_hull_dense_y04_14p13|9158|96,scene_3.1|scene_3.1_y04_hull_dense_y04_14p13|8872|83,8f775cedc4a73e7e006795ea8277095815704032,0e523608314b1ad7779f4b7de3ff407c06896949
scene_3_1_terminalgain_globalmax_interp_0491,family_01,491,6.737561,6.873469,0.135909,50,2,48,4.9,4.760404,4.755432,1.001045,0.181918,1.819178,1.141236,0.124927,0.051983,0.29111,0.0,scene_3.1|scene_3.1_y04_hull_dense_y04_14p13|9158|96,scene_3.1|scene_3.1_y04_hull_dense_y04_14p13|8872|83,3c741f0a78027695ed415cdb56d8bc31eb3f695f,4481ca9dd5f90edfa2c7002e087189460ca7b798
scene_3_1_terminalgain_globalmax_interp_0492,family_01,492,6.737561,6.873469,0.135909,50,2,48,4.9,4.771152,4.755432,1.003306,0.181917,1.819171,1.141638,0.208966,0.081997,0.504163,0.0,scene_3.1|scene_3.1_y04_hull_dense_y04_14p13|9158|96,scene_3.1|scene_3.1_y04_hull_dense_y04_14p13|8872|83,eace173f8275088e6fad62c39b8b3b6f2d95348e,6b8c1ab4f029c6b0f436ca1a5f4b62b9a04dbaa2
scene_3_1_terminalgain_globalmax_interp_0493,family_01,493,6.737561,6.873469,0.135909,50,2,48,4.9,4.769294,4.755432,1.002915,0.181917,1.819171,1.141559,0.207191,0.093797,0.47343,0.0,scene_3.1|scene_3.1_y04_hull_dense_y04_14p13|9158|96,scene_3.1|scene_3.1_y04_hull_dense_y04_14p13|8872|83,b7b17292f16e45892de8eeb5e1f646f5d9f2f507,18ed47df34766d8ff07fc2a647acafd955e1bbd7
scene_3_1_terminalgain_globalmax_interp_0494,family_01,494,6.737561,6.873469,0.135909,50,2,48,4.9,4.758383,4.755432,1.00062,0.181918,1.819178,1.141192,0.123152,0.063784,0.218376,0.0,scene_3.1|scene_3.1_y04_hull_dense_y04_14p13|9158|96,scene_3.1|scene_3.1_y04_hull_dense_y04_14p13|8872|83,4208f4da87874200e5bd0f7dd380c1ff7fdb74bc,c65fc614741d8b23f943778a6a234cb584f2af96
scene_3_1_terminalgain_globalmax_interp_0495,family_01,495,6.737561,6.873469,0.135909,50,2,48,4.9,4.774727,4.755432,1.004057,0.181918,1.819178,1.141821,0.039114,0.03377,0.558784,0.0,scene_3.1|scene_3.1_y04_hull_dense_y04_14p13|9158|96,scene_3.1|scene_3.1_y04_hull_dense_y04_14p13|8872|83,eb104403f0bf47737f05fb252b8e86c53845e485,40f5208e29827477fa648539d7aac87a64160784
scene_3_1_terminalgain_globalmax_interp_0496,family_01,496,6.737561,6.873469,0.135909,50,2,48,4.9,4.784373,4.755432,1.006086,0.181918,1.819178,1.142366,0.044923,0.003757,0.685192,0.0,scene_3.1|scene_3.1_y04_hull_dense_y04_14p13|9158|96,scene_3.1|scene_3.1_y04_hull_dense_y04_14p13|8872|83,8e954445295d6a609bc8af59e2687820cbdbe8f4,8f8d06f691bd200ace4adf1c68eadeb1aeb5949f
scene_3_1_terminalgain_globalmax_interp_0497,family_01,497,6.737561,6.873469,0.135909,50,2,48,4.9,4.772005,4.755432,1.003485,0.181917,1.819171,1.141745,0.128961,0.026257,0.517844,0.0,scene_3.1|scene_3.1_y04_hull_dense_y04_14p13|9158|96,scene_3.1|scene_3.1_y04_hull_dense_y04_14p13|8872|83,7460994c267f5b6105bf8f311e237e5faa340d6d,ec6035c8393336653ccf2442aa25037dc3cb907c
scene_3_1_terminalgain_globalmax_interp_0498,family_01,498,6.737561,6.873469,0.135909,50,2,48,4.9,4.758757,4.755432,1.000699,0.181918,1.819178,1.141095,0.190383,0.056271,0.234981,0.0,scene_3.1|scene_3.1_y04_hull_dense_y04_14p13|9158|96,scene_3.1|scene_3.1_y04_hull_dense_y04_14p13|8872|83,7f965d56a2ec0e214fd5d081ed5d7b71a3e317ba,46373d48d449411e1d31de98029377e95b8bbcc9
scene_3_1_terminalgain_globalmax_interp_0499,family_01,499,6.737561,6.873469,0.135909,50,2,48,4.9,4.768546,4.755432,1.002757,0.181917,1.819172,1.14166,0.106346,0.086284,0.460386,0.0,scene_3.1|scene_3.1_y04_hull_dense_y04_14p13|9158|96,scene_3.1|scene_3.1_y04_hull_dense_y04_14p13|8872|83,228869351df190b6548311a1224f8ec560d17237,27b3f92a951d4832940e22e741b957ec74bb84c9
scene_3_1_terminalgain_globalmax_interp_0500,family_01,500,6.737561,6.873469,0.135909,50,2,48,4.9,4.763373,4.755432,1.00167,0.181916,1.819164,1.141382,0.022307,0.089509,0.35806,0.0,scene_3.1|scene_3.1_y04_hull_dense_y04_14p13|9158|96,scene_3.1|scene_3.1_y04_hull_dense_y04_14p13|8872|83,70f1d3bafa3f87ab0ff193e7f7a73d3c060a782b,697cee9d8def1517f6e535ca4b0d0031cfdd827c
scene_3_1_terminalgain_globalmax_interp_0501,family_01,501,6.737561,6.873469,0.135909,50,2,48,4.9,4.770452,4.755432,1.003158,0.181918,1.819178,1.141575,0.061731,0.059496,0.492789,0.0,scene_3.1|scene_3.1_y04_hull_dense_y04_14p13|9158|96,scene_3.1|scene_3.1_y04_hull_dense_y04_14p13|8872|83,be7f35289955039d39535ca10041704f4e263b01,fb05be1564135415d05a13e58ae22a7e86fe0f63
scene_3_1_terminalgain_globalmax_interp_0502,family_01,502,6.737561,6.873469,0.135909,50,2,48,4.9,4.763288,4.755432,1.001652,0.181917,1.819171,1.141437,0.145769,0.029482,0.364984,0.0,scene_3.1|scene_3.1_y04_hull_dense_y04_14p13|9158|96,scene_3.1|scene_3.1_y04_hull_dense_y04_14p13|8872|83,8aea39889f9f68eedb5deb055d8fde18d5e3dfe6,bff46593b31f007731178dd569f674d0e62de8fe
scene_3_1_terminalgain_globalmax_interp_0503,family_01,503,6.737561,6.873469,0.135909,50,2,48,4.9,4.756267,4.755432,1.000175,0.181918,1.819178,1.141084,0.173576,0.000531,0.132237,0.0,scene_3.1|scene_3.1_y04_hull_dense_y04_14p13|9158|96,scene_3.1|scene_3.1_y04_hull_dense_y04_14p13|8872|83,d57dadbafce62dec6e8414e550f292ebde017bc7,4df9b5d806b77d0c321408fc23be4552ac532e3b
scene_3_1_terminalgain_globalmax_interp_0504,family_01,504,6.737561,6.873469,0.135909,50,2,48,4.9,4.784422,4.755432,1.006096,0.181918,1.819178,1.142369,0.089538,0.030545,0.685719,0.0,scene_3.1|scene_3.1_y04_hull_dense_y04_14p13|9158|96,scene_3.1|scene_3.1_y04_hull_dense_y04_14p13|8872|83,35350bb54c810cc10cbe3820fc674fe3b74eac2a,ae1e62b8237816a2d454df28e5ba8e286c3a51cf
scene_3_1_terminalgain_globalmax_interp_0505,family_01,505,6.737561,6.873469,0.135909,50,2,48,4.9,4.787641,4.755432,1.006773,0.181917,1.819171,1.142553,0.0055,0.060559,0.72293,0.0,scene_3.1|scene_3.1_y04_hull_dense_y04_14p13|9158|96,scene_3.1|scene_3.1_y04_hull_dense_y04_14p13|8872|83,c6bd9af20f14d7a3a13c4365ff79df2322d25a2c,bb46eeb84e798175ef8147b2188899dddc6f5a27
scene_3_1_terminalgain_globalmax_interp_0506,family_01,506,6.737561,6.873469,0.135909,50,2,48,4.9,4.756358,4.755432,1.000195,0.181918,1.819178,1.140988,0.078539,0.090572,0.179822,0.0,scene_3.1|scene_3.1_y04_hull_dense_y04_14p13|9158|96,scene_3.1|scene_3.1_y04_hull_dense_y04_14p13|8872|83,edb1977dc599a07bca3efd666af81639c599460a,706e26c052a49fc1c0f7639c683e5d29d70d0101
scene_3_1_terminalgain_globalmax_interp_0507,family_01,507,6.737561,6.873469,0.135909,50,2,48,4.9,4.763397,4.755432,1.001675,0.181918,1.819178,1.141325,0.162577,0.085222,0.358671,0.0,scene_3.1|scene_3.1_y04_hull_dense_y04_14p13|9158|96,scene_3.1|scene_3.1_y04_hull_dense_y04_14p13|8872|83,ae99588dbbf0c3852b488def2e95a7f36d8f1d75,12b5c663a684da6b1f0dd6b85a4dfa3b58ed95ea
scene_3_1_terminalgain_globalmax_interp_0508,family_01,508,6.737561,6.873469,0.135909,50,2,48,4.9,4.770179,4.755432,1.003101,0.181917,1.819171,1.141612,0.156768,0.055209,0.488479,0.0,scene_3.1|scene_3.1_y04_hull_dense_y04_14p13|9158|96,scene_3.1|scene_3.1_y04_hull_dense_y04_14p13|8872|83,8e2bc492c786418b4a9224525383d243834043d0,c66a57b6456cf1803a45df438befd01f11a4b20c
scene_3_1_terminalgain_globalmax_interp_0509,family_01,509,6.737561,6.873469,0.135909,50,2,48,4.9,4.764707,4.755432,1.00195,0.181918,1.819178,1.141486,0.07273,0.025195,0.387008,0.0,scene_3.1|scene_3.1_y04_hull_dense_y04_14p13|9158|96,scene_3.1|scene_3.1_y04_hull_dense_y04_14p13|8872|83,990aaf802068f8adc42503063fc5b7c810c9e659,97f87a76d81348913d5c10aff681f24a0cf57b99
scene_3_1_terminalgain_globalmax_interp_0510,family_01,510,6.737561,6.873469,0.135909,50,2,48,4.9,4.766719,4.755432,1.002373,0.181917,1.819171,1.141398,0.011308,0.004819,0.427094,0.0,scene_3.1|scene_3.1_y04_hull_dense_y04_14p13|9158|96,scene_3.1|scene_3.1_y04_hull_dense_y04_14p13|8872|83,11c7603727c6187c1af91fd410221a3b1ffa6587,4ee6a241b0410ea28d7efca1d3449f62505bb764
scene_3_1_terminalgain_globalmax_interp_0511,family_01,511,6.737561,6.873469,0.135909,50,2,48,4.9,4.759728,4.755432,1.000903,0.181918,1.819178,1.141164,0.095347,0.034832,0.263281,0.0,scene_3.1|scene_3.1_y04_hull_dense_y04_14p13|9158|96,scene_3.1|scene_3.1_y04_hull_dense_y04_14p13|8872|83,2c7b3e2dce4c769ca9fac494a813d0e2cf7cc5f0,9b25a2eeffc56114859838912cd20a97cd98f91d
scene_3_1_terminalgain_globalmax_interp_0512,family_01,512,6.737561,6.873469,0.135909,50,2,48,4.9,4.769818,4.755432,1.003025,0.181918,1.819178,1.141668,0.179385,0.064846,0.482171,0.0,scene_3.1|scene_3.1_y04_hull_dense_y04_14p13|9158|96,scene_3.1|scene_3.1_y04_hull_dense_y04_14p13|8872|83,a188ee2737e6e4960118f54e9b35686bbad23e88,50ef2152fddfb5428d7cbb9013f5838eef9a74c0
scene_3_1_terminalgain_globalmax_interp_0513,family_01,513,6.737561,6.873469,0.135909,50,2,48,4.9,4.78458,4.755432,1.006129,0.181916,1.819164,1.142382,0.13996,0.094859,0.687632,0.0,scene_3.1|scene_3.1_y04_hull_dense_y04_14p13|9158|96,scene_3.1|scene_3.1_y04_hull_dense_y04_14p13|8872|83,af08f3c8658d6b7ab934d4985f12b4cfc7d15aec,1f8b9a5e3adcb556d3c0bb8c70f1f199499f3e0f
scene_3_1_terminalgain_globalmax_interp_0514,family_01,514,6.737561,6.873469,0.135909,50,2,48,4.9,4.768788,4.755432,1.002809,0.181917,1.819172,1.14156,0.055922,0.080934,0.464572,0.0,scene_3.1|scene_3.1_y04_hull_dense_y04_14p13|9158|96,scene_3.1|scene_3.1_y04_hull_dense_y04_14p13|8872|83,68428a8d5895f5a5942c596839039a90abad74f2,ed2ef25e882b84c31894cceaa073dbe38fbc7522
scene_3_1_terminalgain_globalmax_interp_0515,family_01,515,6.737561,6.873469,0.135909,50,2,48,4.9,4.757661,4.755432,1.000469,0.181918,1.819178,1.141125,0.028116,0.050921,0.18982,0.0,scene_3.1|scene_3.1_y04_hull_dense_y04_14p13|9158|96,scene_3.1|scene_3.1_y04_hull_dense_y04_14p13|8872|83,1fc04f256144b2783635124ea1bb72eec942eb9b,23bbdf896c5017d07513fa33dd091706c9a69e6a
scene_3_1_terminalgain_globalmax_interp_0516,family_01,516,6.737561,6.873469,0.135909,50,2,48,4.9,4.770631,4.755432,1.003196,0.181918,1.819178,1.141609,0.112153,0.020907,0.495719,0.0,scene_3.1|scene_3.1_y04_hull_dense_y04_14p13|9158|96,scene_3.1|scene_3.1_y04_hull_dense_y04_14p13|8872|83,6fd9ead350c026e762e77b88057288ad9e1f6e08,f31c7e6ebb1f72906cdada1fb3c4f24f87b11c6b
scene_3_1_terminalgain_globalmax_interp_0517,family_01,517,6.737561,6.873469,0.135909,50,2,48,4.9,4.768183,4.755432,1.002681,0.181918,1.819178,1.141563,0.196192,0.009107,0.474137,0.0,scene_3.1|scene_3.1_y04_hull_dense_y04_14p13|9158|96,scene_3.1|scene_3.1_y04_hull_dense_y04_14p13|8872|83,2f3745ea7be3d8ecfc89a3e55a28e4d094c04655,bcde0f28baaa3dde213e62ff8b873edc251ec3ae
scene_3_1_terminalgain_globalmax_interp_0518,family_01,518,6.737561,6.873469,0.135909,50,2,48,4.9,4.759486,4.755432,1.000852,0.181917,1.819171,1.141112,0.203829,0.03912,0.296342,0.0,scene_3.1|scene_3.1_y04_hull_dense_y04_14p13|9158|96,scene_3.1|scene_3.1_y04_hull_dense_y04_14p13|8872|83,9119dde767d7bf37668b6b9fc814cc40857b999e,700179130cbfa0912308f1c586ac1509c576f98f
scene_3_1_terminalgain_globalmax_interp_0519,family_01,519,6.737561,6.873469,0.135909,50,2,48,4.9,4.766911,4.755432,1.002414,0.181918,1.819178,1.141363,0.119791,0.069134,0.430701,0.0,scene_3.1|scene_3.1_y04_hull_dense_y04_14p13|9158|96,scene_3.1|scene_3.1_y04_hull_dense_y04_14p13|8872|83,05715bb667e2b5972374708d221c0d5facc283e1,17dba621ef98cb4ae8cf925992bce204d435b2f8
scene_3_1_terminalgain_globalmax_interp_0520,family_01,520,6.737561,6.873469,0.135909,50,2,48,4.9,4.775488,4.755432,1.004217,0.181918,1.819178,1.14204,0.035754,0.099147,0.569865,0.0,scene_3.1|scene_3.1_y04_hull_dense_y04_14p13|9158|96,scene_3.1|scene_3.1_y04_hull_dense_y04_14p13|8872|83,9e84b76f7a51f1ceeeefd36c0263bb9cef4da243,a1668dcf24f10cb520eebb3f79d2eb734219684c
scene_3_1_terminalgain_globalmax_interp_0521,family_01,521,6.737561,6.873469,0.135909,50,2,48,4.9,4.775805,4.755432,1.004284,0.181917,1.819171,1.141925,0.048285,0.076647,0.574403,0.0,scene_3.1|scene_3.1_y04_hull_dense_y04_14p13|9158|96,scene_3.1|scene_3.1_y04_hull_dense_y04_14p13|8872|83,9d0b6ac9c1bc64fce4ca0fa5ad12a76e61e21cdd,5814afbbb2a088a5c1961ea26b676676e292526b
scene_3_1_terminalgain_globalmax_interp_0522,family_01,522,6.737561,6.873469,0.135909,50,2,48,4.9,4.774506,4.755432,1.004011,0.181918,1.819178,1.141876,0.132323,0.046633,0.555584,0.0,scene_3.1|scene_3.1_y04_hull_dense_y04_14p13|9158|96,scene_3.1|scene_3.1_y04_hull_dense_y04_14p13|8872|83,04e85795e96963103d7c55809adaa747d0be8f63,baf96aa6bd95793ab822cd5d5a56edb5e031ed29
scene_3_1_terminalgain_globalmax_interp_0523,family_01,523,6.737561,6.873469,0.135909,50,2,48,4.9,4.77898,4.755432,1.004952,0.181918,1.819178,1.142172,0.187021,0.01662,0.61754,0.0,scene_3.1|scene_3.1_y04_hull_dense_y04_14p13|9158|96,scene_3.1|scene_3.1_y04_hull_dense_y04_14p13|8872|83,483ca04db21c12b1939ea098a91dcdf3ba3f16c2,7af2d1864ea4cb554adfc566f5bf104a7d5bd172
scene_3_1_terminalgain_globalmax_interp_0524,family_01,524,6.737561,6.873469,0.135909,50,2,48,4.9,4.763175,4.755432,1.001628,0.181917,1.819171,1.141326,0.102984,0.013395,0.353535,0.0,scene_3.1|scene_3.1_y04_hull_dense_y04_14p13|9158|96,scene_3.1|scene_3.1_y04_hull_dense_y04_14p13|8872|83,bcabd23d88e4a0baa92e24380cd2580cfc22c24d,0ee783aeee2649a6d61aabfb4dedf956461b4444
scene_3_1_terminalgain_globalmax_interp_0525,family_01,525,6.737561,6.873469,0.135909,50,2,48,4.9,4.767945,4.755432,1.002631,0.181918,1.819178,1.141563,0.018946,0.043408,0.449621,0.0,scene_3.1|scene_3.1_y04_hull_dense_y04_14p13|9158|96,scene_3.1|scene_3.1_y04_hull_dense_y04_14p13|8872|83,9391699882369b1d2ff254069969c119a5cae9f3,83d8ed0146f541b724b173c505af5d86f0fb8430
scene_3_1_terminalgain_globalmax_interp_0526,family_01,526,6.737561,6.873469,0.135909,50,2,48,4.9,4.768657,4.755432,1.002781,0.181918,1.819178,1.141656,0.065092,0.073422,0.462272,0.0,scene_3.1|scene_3.1_y04_hull_dense_y04_14p13|9158|96,scene_3.1|scene_3.1_y04_hull_dense_y04_14p13|8872|83,71bdfdf0435ed61539e343a13b51d04730d79107,c4f8a1a2ae217fb8ddee9f63e204227f82ca5dc3
scene_3_1_terminalgain_globalmax_interp_0527,family_01,527,6.737561,6.873469,0.135909,50,2,48,4.9,4.756537,4.755432,1.000232,0.181918,1.819178,1.141088,0.149131,0.103435,0.168591,0.0,scene_3.1|scene_3.1_y04_hull_dense_y04_14p13|9158|96,scene_3.1|scene_3.1_y04_hull_dense_y04_14p13|8872|83,db1555ac1bb2b855008f6dc983d3b8e2264f4c7e,1b6c9c4f22fc4cde940c4d50ac078cdef499c8bd
scene_3_1_terminalgain_globalmax_interp_0528,family_01,528,6.737561,6.873469,0.135909,50,2,48,4.9,4.774085,4.755432,1.003922,0.181918,1.819178,1.141783,0.170214,0.10176,0.5493,0.0,scene_3.1|scene_3.1_y04_hull_dense_y04_14p13|9158|96,scene_3.1|scene_3.1_y04_hull_dense_y04_14p13|8872|83,02d88b1a1bec73cd29132b15c007dbb8dd0e5117,6ba0f1be652efd9b7b32cb70de8030a92439f6c1
scene_3_1_terminalgain_globalmax_interp_0529,family_01,529,6.737561,6.873469,0.135909,50,2,48,4.9,4.77522,4.755432,1.004161,0.181917,1.819171,1.141956,0.086176,0.071746,0.566014,0.0,scene_3.1|scene_3.1_y04_hull_dense_y04_14p13|9158|96,scene_3.1|scene_3.1_y04_hull_dense_y04_14p13|8872|83,c754b6168684dd8de64a85d5497c19a3cd695e4c,9531b166f9e0c6005b838ee4b369c809a9528d0b
scene_3_1_terminalgain_globalmax_interp_0530,family_01,530,6.737561,6.873469,0.135909,50,2,48,4.9,4.756255,4.755432,1.000173,0.181918,1.819178,1.14103,0.002138,0.041733,0.156702,0.0,scene_3.1|scene_3.1_y04_hull_dense_y04_14p13|9158|96,scene_3.1|scene_3.1_y04_hull_dense_y04_14p13|8872|83,077907db182c34609d691f4eb6a874143ea54d20,e973c64f3e35e899f14e2833daa0bb3263a785ff
scene_3_1_terminalgain_globalmax_interp_0531,family_01,531,6.737561,6.873469,0.135909,50,2,48,4.9,4.770131,4.755432,1.003091,0.181918,1.819178,1.141615,0.0819,0.011719,0.487261,0.0,scene_3.1|scene_3.1_y04_hull_dense_y04_14p13|9158|96,scene_3.1|scene_3.1_y04_hull_dense_y04_14p13|8872|83,a7e99fd216fba46c7da744b1af34a5b6d77cce76,e2434df434b849bdbe1c84e9e24d2330a8c53631
scene_3_1_terminalgain_globalmax_interp_0532,family_01,532,6.737561,6.873469,0.135909,50,2,48,4.9,4.780563,4.755432,1.005285,0.181918,1.819178,1.142177,0.165938,0.018294,0.638137,0.0,scene_3.1|scene_3.1_y04_hull_dense_y04_14p13|9158|96,scene_3.1|scene_3.1_y04_hull_dense_y04_14p13|8872|83,3fd4fcb5fde550c57bf9d00e03f1bb60f05b9351,72309b87ef8b4f2f1f5322f6213d808d0c3e2d36
scene_3_1_terminalgain_globalmax_interp_0533,family_01,533,6.737561,6.873469,0.135909,50,2,48,4.9,4.763536,4.755432,1.001704,0.181917,1.819172,1.141444,0.153407,0.048308,0.361838,0.0,scene_3.1|scene_3.1_y04_hull_dense_y04_14p13|9158|96,scene_3.1|scene_3.1_y04_hull_dense_y04_14p13|8872|83,aef2e0521cd3966949af0a835239b54d68aeb1ca,9df41ed6ac264a15d1cea4c1b8d53f713e471e7a
scene_3_1_terminalgain_globalmax_interp_0534,family_01,534,6.737561,6.873469,0.135909,50,2,48,4.9,4.762304,4.755432,1.001445,0.181916,1.819164,1.1412,0.069368,0.078322,0.333037,0.0,scene_3.1|scene_3.1_y04_hull_dense_y04_14p13|9158|96,scene_3.1|scene_3.1_y04_hull_dense_y04_14p13|8872|83,d84c3f97fe65b0c97950d553659a470dd97376d7,43b5da4a3bf7aab3823e1b51986f7988326d2ca9
scene_3_1_terminalgain_globalmax_interp_0535,family_01,535,6.737561,6.873469,0.135909,50,2,48,4.9,4.765063,4.755432,1.002025,0.181918,1.819178,1.141477,0.01467,0.097472,0.394597,0.0,scene_3.1|scene_3.1_y04_hull_dense_y04_14p13|9158|96,scene_3.1|scene_3.1_y04_hull_dense_y04_14p13|8872|83,aba9ff28c8d12e6e64e3d1687f13a7902a9473c9,a405df5675a92ce40c2e7075d3ae94fdf049557d
scene_3_1_terminalgain_globalmax_interp_0536,family_01,536,6.737561,6.873469,0.135909,50,2,48,4.9,4.771896,4.755432,1.003462,0.181918,1.819178,1.141638,0.098708,0.067458,0.51603,0.0,scene_3.1|scene_3.1_y04_hull_dense_y04_14p13|9158|96,scene_3.1|scene_3.1_y04_hull_dense_y04_14p13|8872|83,255e88204efc7cc2c673d9212adda078bf3155c0,d8c6e1073303c0eb1d9eac2e2f45ee7c3fd23414
scene_3_1_terminalgain_globalmax_interp_0537,family_01,537,6.737561,6.873469,0.135909,50,2,48,4.9,4.779711,4.755432,1.005105,0.181917,1.819171,1.142062,0.182745,0.037445,0.627267,0.0,scene_3.1|scene_3.1_y04_hull_dense_y04_14p13|9158|96,scene_3.1|scene_3.1_y04_hull_dense_y04_14p13|8872|83,e37b115f526a56a42b1c8795e47e4bb0714a4305,8daaf16eb668a580c0b0d1d6206382d81812cd8a
scene_3_1_terminalgain_globalmax_interp_0538,family_01,538,6.737561,6.873469,0.135909,50,2,48,4.9,4.759986,4.755432,1.000958,0.181918,1.819178,1.141152,0.136599,0.007431,0.270958,0.0,scene_3.1|scene_3.1_y04_hull_dense_y04_14p13|9158|96,scene_3.1|scene_3.1_y04_hull_dense_y04_14p13|8872|83,008ee907ab7816d26997933475b9d614b574e381,bcfead39a36ab1ee65c628c98d46240751dc6508
scene_3_1_terminalgain_globalmax_interp_0539,family_01,539,6.737561,6.873469,0.135909,50,2,48,4.9,4.759426,4.755432,1.00084,0.181918,1.819178,1.141129,0.05256,0.022582,0.266807,0.0,scene_3.1|scene_3.1_y04_hull_dense_y04_14p13|9158|96,scene_3.1|scene_3.1_y04_hull_dense_y04_14p13|8872|83,d9745e546f3cbd9558d736c9a64ffdd5b31e0bfe,88a5618f53ffd7994d595a13349e4dbeaa983c8d
scene_3_1_terminalgain_globalmax_interp_0540,family_01,540,6.737561,6.873469,0.135909,50,2,48,4.9,4.777345,4.755432,1.004608,0.181917,1.819171,1.142002,0.031478,0.052596,0.595808,0.0,scene_3.1|scene_3.1_y04_hull_dense_y04_14p13|9158|96,scene_3.1|scene_3.1_y04_hull_dense_y04_14p13|8872|83,9b3b20c2d2aa2d91493821c26b34146f42618e31,9bb7630ef8b9d97488b9caa2caeb67735049d54c
scene_3_1_terminalgain_globalmax_interp_0541,family_01,541,6.737561,6.873469,0.135909,50,2,48,4.9,4.777775,4.755432,1.004698,0.181918,1.819178,1.142044,0.115515,0.08261,0.601555,0.0,scene_3.1|scene_3.1_y04_hull_dense_y04_14p13|9158|96,scene_3.1|scene_3.1_y04_hull_dense_y04_14p13|8872|83,e5bdbf831b87248c88ed8466818bccdacd747171,2e46a03d593c14237ff5c728c2bd0666f975fad1
scene_3_1_terminalgain_globalmax_interp_0542,family_01,542,6.737561,6.873469,0.135909,50,2,48,4.9,4.758435,4.755432,1.000631,0.181917,1.819171,1.141132,0.199553,0.093185,0.220479,0.0,scene_3.1|scene_3.1_y04_hull_dense_y04_14p13|9158|96,scene_3.1|scene_3.1_y04_hull_dense_y04_14p13|8872|83,59491406e6011dd079780210d0569d5f0b342853,39a9711e2cbb7e58c0a8c8526c3dae580e91d872
scene_3_1_terminalgain_globalmax_interp_0543,family_01,543,6.737561,6.873469,0.135909,50,2,48,4.9,4.760757,4.755432,1.00112,0.181918,1.819178,1.141157,0.200468,0.063171,0.293167,0.0,scene_3.1|scene_3.1_y04_hull_dense_y04_14p13|9158|96,scene_3.1|scene_3.1_y04_hull_dense_y04_14p13|8872|83,de2cf976bf084e15e41d9a7e671a1ebd9cba5f3f,3d825f34ac0c22d33450f94aff7ab432a5c08a5e
scene_3_1_terminalgain_globalmax_interp_0544,family_01,544,6.737561,6.873469,0.135909,50,2,48,4.9,4.777213,4.755432,1.00458,0.181917,1.819172,1.14199,0.116429,0.033158,0.594006,0.0,scene_3.1|scene_3.1_y04_hull_dense_y04_14p13|9158|96,scene_3.1|scene_3.1_y04_hull_dense_y04_14p13|8872|83,3a002aa1038449ce2e59151257ae574e39b3647d,7a90af1b041f2982ae6cdf1c80e0ff0894d6a0c3
scene_3_1_terminalgain_globalmax_interp_0545,family_01,545,6.737561,6.873469,0.135909,50,2,48,4.9,4.767462,4.755432,1.00253,0.181917,1.819171,1.141471,0.032392,0.003144,0.441035,0.0,scene_3.1|scene_3.1_y04_hull_dense_y04_14p13|9158|96,scene_3.1|scene_3.1_y04_hull_dense_y04_14p13|8872|83,1982c40caac1ebeb0e1bee84a06ce64d19a421f2,b8c026a2ffd0193e9311b7dfd112e456ec783ce0
scene_3_1_terminalgain_globalmax_interp_0546,family_01,546,6.737561,6.873469,0.135909,50,2,48,4.9,4.76663,4.755432,1.002355,0.181918,1.819178,1.141487,0.051646,0.02687,0.425519,0.0,scene_3.1|scene_3.1_y04_hull_dense_y04_14p13|9158|96,scene_3.1|scene_3.1_y04_hull_dense_y04_14p13|8872|83,49317701bafe8add53f59eff8976ea4e8b5280dc,59293ed23056947dace2167ebcdcfe3b277ccee8
scene_3_1_terminalgain_globalmax_interp_0547,family_01,547,6.737561,6.873469,0.135909,50,2,48,4.9,4.760047,4.755432,1.00097,0.181918,1.819178,1.141139,0.135684,0.056883,0.272956,0.0,scene_3.1|scene_3.1_y04_hull_dense_y04_14p13|9158|96,scene_3.1|scene_3.1_y04_hull_dense_y04_14p13|8872|83,ea85e264ad6e5d3c6e10bee0c7d69a637720f5ac,37819236b7883e1993d865cd26c8d4ba492f84ac
scene_3_1_terminalgain_globalmax_interp_0548,family_01,548,6.737561,6.873469,0.135909,50,2,48,4.9,4.767294,4.755432,1.002494,0.181918,1.819178,1.141552,0.18366,0.086897,0.43769,0.0,scene_3.1|scene_3.1_y04_hull_dense_y04_14p13|9158|96,scene_3.1|scene_3.1_y04_hull_dense_y04_14p13|8872|83,e03cf2605c459397a6196dc679d2dd3a44313b31,8c9f8113df3343e6d07d6e5b94a438dac39539e3
scene_3_1_terminalgain_globalmax_interp_0549,family_01,549,6.737561,6.873469,0.135909,50,2,48,4.9,4.778393,4.755432,1.004828,0.181918,1.819178,1.141966,0.099622,0.088897,0.609699,0.0,scene_3.1|scene_3.1_y04_hull_dense_y04_14p13|9158|96,scene_3.1|scene_3.1_y04_hull_dense_y04_14p13|8872|83,13a1c1b218dfb19dadebd3ce3c505a2d6770b7cb,52c56537b3fc45bed50583c9763b53fe5693ddba
scene_3_1_terminalgain_globalmax_interp_0550,family_01,550,6.737561,6.873469,0.135909,50,2,48,4.9,4.7782,4.755432,1.004788,0.181917,1.819171,1.142066,0.015584,0.058883,0.607228,0.0,scene_3.1|scene_3.1_y04_hull_dense_y04_14p13|9158|96,scene_3.1|scene_3.1_y04_hull_dense_y04_14p13|8872|83,a8a3db605ad96038a46a8ebc78c2c90dfdb488ff,a88f9b30f95e3a4206dbfc3cc5ee3bc463bfbe9b
scene_3_1_terminalgain_globalmax_interp_0551,family_01,551,6.737561,6.873469,0.135909,50,2,48,4.9,4.757184,4.755432,1.000368,0.181918,1.819178,1.141127,0.068454,0.02887,0.174774,0.0,scene_3.1|scene_3.1_y04_hull_dense_y04_14p13|9158|96,scene_3.1|scene_3.1_y04_hull_dense_y04_14p13|8872|83,04cd47a6b121e4962f2fab3c8d333bffc33de6fa,29d6afaa03ee236e7d4812ea748e615ce9022eb6
scene_3_1_terminalgain_globalmax_interp_0552,family_01,552,6.737561,6.873469,0.135909,50,2,48,4.9,4.776928,4.755432,1.00452,0.181918,1.819178,1.142021,0.152492,0.001144,0.589985,0.0,scene_3.1|scene_3.1_y04_hull_dense_y04_14p13|9158|96,scene_3.1|scene_3.1_y04_hull_dense_y04_14p13|8872|83,fc5d5207ed1aeb391b4260ee0ff9a99b4b0013f2,93b366b7dca1605980c78a4dc970dd8f39717d78
scene_3_1_terminalgain_globalmax_interp_0553,family_01,553,6.737561,6.873469,0.135909,50,2,48,4.9,4.785237,4.755432,1.006268,0.181917,1.819171,1.142291,0.166853,0.031158,0.695166,0.0,scene_3.1|scene_3.1_y04_hull_dense_y04_14p13|9158|96,scene_3.1|scene_3.1_y04_hull_dense_y04_14p13|8872|83,5e79797483e2a59acd2a1ca61ebd8e961e6dd4e3,254c915cd03c6fa001d9c8003bd14a396d9c29c5
scene_3_1_terminalgain_globalmax_interp_0554,family_01,554,6.737561,6.873469,0.135909,50,2,48,4.9,4.755547,4.755432,1.000024,0.181918,1.819178,1.140924,0.082815,0.061171,0.07177,0.0,scene_3.1|scene_3.1_y04_hull_dense_y04_14p13|9158|96,scene_3.1|scene_3.1_y04_hull_dense_y04_14p13|8872|83,3f34029432a7e6c46532a7db5a3c0b9d336a2e4d,7c03ee36497b8eb6ea411a2a8bad6569408af983
scene_3_1_terminalgain_globalmax_interp_0555,family_01,555,6.737561,6.873469,0.135909,50,2,48,4.9,4.766999,4.755432,1.002432,0.181917,1.819172,1.141546,0.001224,0.091185,0.432367,0.0,scene_3.1|scene_3.1_y04_hull_dense_y04_14p13|9158|96,scene_3.1|scene_3.1_y04_hull_dense_y04_14p13|8872|83,dcd7831b4e62a65187437d995e8c1ef344863dc9,62c0c3b5af97441569d44fa3a5f9d198cb2f18f9
scene_3_1_terminalgain_globalmax_interp_0556,family_01,556,6.737561,6.873469,0.135909,50,2,48,4.9,4.766129,4.755432,1.002249,0.181916,1.819164,1.141416,0.085262,0.08461,0.41599,0.0,scene_3.1|scene_3.1_y04_hull_dense_y04_14p13|9158|96,scene_3.1|scene_3.1_y04_hull_dense_y04_14p13|8872|83,474ee141a8c39795c28089a0a503491fcf09e5e6,b5dd9508adbb1e3d28f16e7ea1e022cb8ca3bdd5
scene_3_1_terminalgain_globalmax_interp_0557,family_01,557,6.737561,6.873469,0.135909,50,2,48,4.9,4.766453,4.755432,1.002317,0.181918,1.819178,1.141457,0.1693,0.054596,0.421856,0.0,scene_3.1|scene_3.1_y04_hull_dense_y04_14p13|9158|96,scene_3.1|scene_3.1_y04_hull_dense_y04_14p13|8872|83,6e8c30a231fa96cc4769f8f0ff352f3c27574230,2d7f91643f906da0b9c7758511667c47f121d83d
scene_3_1_terminalgain_globalmax_interp_0558,family_01,558,6.737561,6.873469,0.135909,50,2,48,4.9,4.770083,4.755432,1.003081,0.181918,1.819178,1.141754,0.150045,0.024582,0.486661,0.0,scene_3.1|scene_3.1_y04_hull_dense_y04_14p13|9158|96,scene_3.1|scene_3.1_y04_hull_dense_y04_14p13|8872|83,e6caa7d5ef3026d3b9fbfe0e711b205efa38486c,85580bd677cbd162503e5e887b86ac042a297686
scene_3_1_terminalgain_globalmax_interp_0559,family_01,559,6.737561,6.873469,0.135909,50,2,48,4.9,4.772121,4.755432,1.003509,0.181918,1.819178,1.141753,0.066007,0.005431,0.519395,0.0,scene_3.1|scene_3.1_y04_hull_dense_y04_14p13|9158|96,scene_3.1|scene_3.1_y04_hull_dense_y04_14p13|8872|83,33363b706fdc853a3ef191032cab1d31dbd8bea1,b1a51e13772f17eaca17729e69d3119ed9cf40b6
scene_3_1_terminalgain_globalmax_interp_0560,family_01,560,6.737561,6.873469,0.135909,50,2,48,4.9,4.76818,4.755432,1.002681,0.181918,1.819178,1.141478,0.018031,0.035445,0.453738,0.0,scene_3.1|scene_3.1_y04_hull_dense_y04_14p13|9158|96,scene_3.1|scene_3.1_y04_hull_dense_y04_14p13|8872|83,d65386c78a285293fbc9dd61618c81e7fdb12099,ea68593aac71469b1f0201c6d1e2ad96e4b847fb
scene_3_1_terminalgain_globalmax_interp_0561,family_01,561,6.737561,6.873469,0.135909,50,2,48,4.9,4.773852,4.755432,1.003873,0.181917,1.819171,1.141866,0.10207,0.065458,0.545901,0.0,scene_3.1|scene_3.1_y04_hull_dense_y04_14p13|9158|96,scene_3.1|scene_3.1_y04_hull_dense_y04_14p13|8872|83,6c3610d664c1a3f1548a524bb1e71714b11841cb,25cdacad23076fa5ae5194da6df9fdc5b1b01ba9
scene_3_1_terminalgain_globalmax_interp_0562,family_01,562,6.737561,6.873469,0.135909,50,2,48,4.9,4.764659,4.755432,1.00194,0.181918,1.819178,1.141314,0.186107,0.095472,0.385881,0.0,scene_3.1|scene_3.1_y04_hull_dense_y04_14p13|9158|96,scene_3.1|scene_3.1_y04_hull_dense_y04_14p13|8872|83,6d5d046961114d781c1a22971c196f91fb42a6b5,caa875259ec75a097cee67998572be13beb52c66
scene_3_1_terminalgain_globalmax_interp_0563,family_01,563,6.737561,6.873469,0.135909,50,2,48,4.9,4.757939,4.755432,1.000527,0.181918,1.819178,1.141033,0.133237,0.080322,0.204967,0.0,scene_3.1|scene_3.1_y04_hull_dense_y04_14p13|9158|96,scene_3.1|scene_3.1_y04_hull_dense_y04_14p13|8872|83,cfdf7162f418fe653da222e941dfdfe993fc3eb2,8c6a6dad496a2e1bd5821087fd6aba8031a980d1
scene_3_1_terminalgain_globalmax_interp_0564,family_01,564,6.737561,6.873469,0.135909,50,2,48,4.9,4.772523,4.755432,1.003594,0.181918,1.819178,1.141793,0.049199,0.050308,0.525928,0.0,scene_3.1|scene_3.1_y04_hull_dense_y04_14p13|9158|96,scene_3.1|scene_3.1_y04_hull_dense_y04_14p13|8872|83,308d450519fc53bfa825ea1ad38d1a2e6eaead35,24eeffd2f4e6d2277ae221599ef562c40c9def5c
scene_3_1_terminalgain_globalmax_interp_0565,family_01,565,6.737561,6.873469,0.135909,50,2,48,4.9,4.766606,4.755432,1.00235,0.181918,1.819178,1.141523,0.034839,0.020294,0.439265,0.0,scene_3.1|scene_3.1_y04_hull_dense_y04_14p13|9158|96,scene_3.1|scene_3.1_y04_hull_dense_y04_14p13|8872|83,3f3a34fec23924f6ea7dc33142c43e73ec516f17,a3dffdd353ce4b6dd3c7bc8082375573f7b17893
scene_3_1_terminalgain_globalmax_interp_0566,family_01,566,6.737561,6.873469,0.135909,50,2,48,4.9,4.759529,4.755432,1.000861,0.181917,1.819171,1.141272,0.118877,0.009719,0.292878,0.0,scene_3.1|scene_3.1_y04_hull_dense_y04_14p13|9158|96,scene_3.1|scene_3.1_y04_hull_dense_y04_14p13|8872|83,a5287d186d0dc76e93fb8ae52c590decf6a5d757,579e698165c10f2406e070f9b775d5cf1335a4f8
scene_3_1_terminalgain_globalmax_interp_0567,family_01,567,6.737561,6.873469,0.135909,50,2,48,4.9,4.771355,4.755432,1.003348,0.181918,1.819178,1.141797,0.202915,0.039733,0.507508,0.0,scene_3.1|scene_3.1_y04_hull_dense_y04_14p13|9158|96,scene_3.1|scene_3.1_y04_hull_dense_y04_14p13|8872|83,355d8de9c64ee4a09e96dce48116684be1004919,7b04713ccbcb74ffbb4116d4546660ea3113535a
scene_3_1_terminalgain_globalmax_interp_0568,family_01,568,6.737561,6.873469,0.135909,50,2,48,4.9,4.784378,4.755432,1.006087,0.181918,1.819178,1.142215,0.197106,0.069746,0.685123,0.0,scene_3.1|scene_3.1_y04_hull_dense_y04_14p13|9158|96,scene_3.1|scene_3.1_y04_hull_dense_y04_14p13|8872|83,f08c28e750b650b355ae82ed6ccbde88eacf42bd,e7793c1bb677e49a70a93fc2a44c7bde19c4c879
scene_3_1_terminalgain_globalmax_interp_0569,family_01,569,6.737561,6.873469,0.135909,50,2,48,4.9,4.772552,4.755432,1.0036,0.181916,1.819164,1.141763,0.113068,0.09976,0.526193,0.0,scene_3.1|scene_3.1_y04_hull_dense_y04_14p13|9158|96,scene_3.1|scene_3.1_y04_hull_dense_y04_14p13|8872|83,b5fa222f63405f81acc25de0eeb3449abe22f9cd,f37a623b3d2b6e42a50efd63a3929e4990b64ff0
scene_3_1_terminalgain_globalmax_interp_0570,family_01,570,6.737561,6.873469,0.135909,50,2,48,4.9,4.760933,4.755432,1.001157,0.181918,1.819178,1.141234,0.029031,0.076034,0.29806,0.0,scene_3.1|scene_3.1_y04_hull_dense_y04_14p13|9158|96,scene_3.1|scene_3.1_y04_hull_dense_y04_14p13|8872|83,7ecd25b0aa6156c582eb615253d6a23193bcce15,58fa329a7eb77901001d53c832cc39b112e1890e
scene_3_1_terminalgain_globalmax_interp_0571,family_01,571,6.737561,6.873469,0.135909,50,2,48,4.9,4.765848,4.755432,1.00219,0.181918,1.819178,1.141332,0.055008,0.046021,0.410255,0.0,scene_3.1|scene_3.1_y04_hull_dense_y04_14p13|9158|96,scene_3.1|scene_3.1_y04_hull_dense_y04_14p13|8872|83,62e206f046ca9e7903a5883ed5dec11adefa9fec,de031acd10b9c81b7b2b211731ecfda07a157bc8
scene_3_1_terminalgain_globalmax_interp_0572,family_01,572,6.737561,6.873469,0.135909,50,2,48,4.9,4.762293,4.755432,1.001443,0.181917,1.819171,1.14133,0.139046,0.016007,0.332881,0.0,scene_3.1|scene_3.1_y04_hull_dense_y04_14p13|9158|96,scene_3.1|scene_3.1_y04_hull_dense_y04_14p13|8872|83,ea48ca271eedf31bcf7f21f62d66a3c6824caf4c,e996ebb470e9c820aae0cf3aec0a251edc98580f
scene_3_1_terminalgain_globalmax_interp_0573,family_01,573,6.737561,6.873469,0.135909,50,2,48,4.9,4.775159,4.755432,1.004148,0.181918,1.819178,1.141879,0.180299,0.014006,0.56499,0.0,scene_3.1|scene_3.1_y04_hull_dense_y04_14p13|9158|96,scene_3.1|scene_3.1_y04_hull_dense_y04_14p13|8872|83,f321b581f55166208cfb37291b64e82e4ce9937f,ee75e0ad3c5e39197831f51af428684da6e7469b
scene_3_1_terminalgain_globalmax_interp_0574,family_01,574,6.737561,6.873469,0.135909,50,2,48,4.9,4.760349,4.755432,1.001034,0.181917,1.819171,1.141091,0.096261,0.04402,0.284651,0.0,scene_3.1|scene_3.1_y04_hull_dense_y04_14p13|9158|96,scene_3.1|scene_3.1_y04_hull_dense_y04_14p13|8872|83,804af36855cc83aef357795a2253a557f6fd1d3f,83c7dd9724026d3d15a311f21bd2f33e638c4106
scene_3_1_terminalgain_globalmax_interp_0575,family_01,575,6.737561,6.873469,0.135909,50,2,48,4.9,4.757747,4.755432,1.000487,0.181918,1.819178,1.140995,0.012223,0.074033,0.226676,0.0,scene_3.1|scene_3.1_y04_hull_dense_y04_14p13|9158|96,scene_3.1|scene_3.1_y04_hull_dense_y04_14p13|8872|83,b216bf8c3bc21c18323e0aad7151099b721ee974,0fcc4ce56e13567005832f7c3b03dd4d4d6d2e9b
scene_3_1_terminalgain_globalmax_interp_0576,family_01,576,6.737561,6.873469,0.135909,50,2,48,4.9,4.787488,4.755432,1.006741,0.181918,1.819178,1.142534,0.071816,0.104047,0.721227,0.0,scene_3.1|scene_3.1_y04_hull_dense_y04_14p13|9158|96,scene_3.1|scene_3.1_y04_hull_dense_y04_14p13|8872|83,28a8f51b8e13a6b46e6f4db12898269ebdf8d384,412f668653309c00abb5ccf9724adbf22ccfe7af
scene_3_1_terminalgain_globalmax_interp_0577,family_01,577,6.737561,6.873469,0.135909,50,2,48,4.9,4.785218,4.755432,1.006264,0.181917,1.819171,1.142383,0.155854,0.101147,0.695051,0.0,scene_3.1|scene_3.1_y04_hull_dense_y04_14p13|9158|96,scene_3.1|scene_3.1_y04_hull_dense_y04_14p13|8872|83,db6cf433944c16e4bc06259cb1f84f76cebf8a91,6c148f94db2a09386f66abac5a814da5f749ff5c
scene_3_1_terminalgain_globalmax_interp_0578,family_01,578,6.737561,6.873469,0.135909,50,2,48,4.9,4.757749,4.755432,1.000487,0.181918,1.819178,1.141038,0.163491,0.071134,0.220561,0.0,scene_3.1|scene_3.1_y04_hull_dense_y04_14p13|9158|96,scene_3.1|scene_3.1_y04_hull_dense_y04_14p13|8872|83,fc432ec8c4a607fcd9f8c0277e6156bf357e4ba6,411d8b49a39af40926646213a7313b9f4cef4e69
scene_3_1_terminalgain_globalmax_interp_0579,family_01,579,6.737561,6.873469,0.135909,50,2,48,4.9,4.760251,4.755432,1.001013,0.181918,1.819178,1.141202,0.079453,0.04112,0.279065,0.0,scene_3.1|scene_3.1_y04_hull_dense_y04_14p13|9158|96,scene_3.1|scene_3.1_y04_hull_dense_y04_14p13|8872|83,ee28b83d43d8fed61c182abfbd0f90a5cb89d55f,15306e5dd60921bd75f3dc7d275b2860b513f1ed
scene_3_1_terminalgain_globalmax_interp_0580,family_01,580,6.737561,6.873469,0.135909,50,2,48,4.9,4.775492,4.755432,1.004218,0.181918,1.819178,1.141837,0.004585,0.011107,0.569747,0.0,scene_3.1|scene_3.1_y04_hull_dense_y04_14p13|9158|96,scene_3.1|scene_3.1_y04_hull_dense_y04_14p13|8872|83,58fd89729b63342df369f95a8d9d80b5408b62cd,d0ebcc3020a085749285390536404c21b2bfbcff
scene_3_1_terminalgain_globalmax_interp_0581,family_01,581,6.737561,6.873469,0.135909,50,2,48,4.9,4.761329,4.755432,1.00124,0.181918,1.819178,1.141122,0.088623,0.018907,0.341288,0.0,scene_3.1|scene_3.1_y04_hull_dense_y04_14p13|9158|96,scene_3.1|scene_3.1_y04_hull_dense_y04_14p13|8872|83,28c025ab00c817fa5cce36a70fcd4077672a89c7,d0a2294f7290f951205bc7f7b55fdeba5dbdf9cc
scene_3_1_terminalgain_globalmax_interp_0582,family_01,582,6.737561,6.873469,0.135909,50,2,48,4.9,4.767179,4.755432,1.00247,0.181917,1.819171,1.141487,0.172662,0.048921,0.435685,0.0,scene_3.1|scene_3.1_y04_hull_dense_y04_14p13|9158|96,scene_3.1|scene_3.1_y04_hull_dense_y04_14p13|8872|83,9561f94e3719b25b409a3d6caaab7d6311559ffb,7dc1d69b2ad411da8e398907563b7d3c1e8b1d0c
scene_3_1_terminalgain_globalmax_interp_0583,family_01,583,6.737561,6.873469,0.135909,50,2,48,4.9,4.760302,4.755432,1.001024,0.181918,1.819178,1.141111,0.146683,0.078934,0.281519,0.0,scene_3.1|scene_3.1_y04_hull_dense_y04_14p13|9158|96,scene_3.1|scene_3.1_y04_hull_dense_y04_14p13|8872|83,f4a57ff26c845412470a5e5f2d0cd8ad95951c78,2de670a9a343eca58da4ffb78c1173172759238f
scene_3_1_terminalgain_globalmax_interp_0584,family_01,584,6.737561,6.873469,0.135909,50,2,48,4.9,4.77421,4.755432,1.003949,0.181917,1.819172,1.141836,0.062645,0.09686,0.551412,0.0,scene_3.1|scene_3.1_y04_hull_dense_y04_14p13|9158|96,scene_3.1|scene_3.1_y04_hull_dense_y04_14p13|8872|83,30e97975baf4bcf7021162d658ca7a0adcfdc928,7e2e1cb82aa47004d215d478dc02a62c728bf7c3
scene_3_1_terminalgain_globalmax_interp_0585,family_01,585,6.737561,6.873469,0.135909,50,2,48,4.9,4.787171,4.755432,1.006674,0.181917,1.819171,1.142498,0.021393,0.066847,0.717706,0.0,scene_3.1|scene_3.1_y04_hull_dense_y04_14p13|9158|96,scene_3.1|scene_3.1_y04_hull_dense_y04_14p13|8872|83,d62c2d0f8f79d4d715e0c30ff4fbeedd8be57c30,869c1f8a8e4426cea653c3b0c2a37058f24972b9
scene_3_1_terminalgain_globalmax_interp_0586,family_01,586,6.737561,6.873469,0.135909,50,2,48,4.9,4.770274,4.755432,1.003121,0.181918,1.819178,1.14165,0.105431,0.036832,0.489721,0.0,scene_3.1|scene_3.1_y04_hull_dense_y04_14p13|9158|96,scene_3.1|scene_3.1_y04_hull_dense_y04_14p13|8872|83,d6ffce2aa3a5c587ad1e4e017e66d881671f032e,0b43cf29ca67abc04ad6192e94836931c82e0a52
scene_3_1_terminalgain_globalmax_interp_0587,family_01,587,6.737561,6.873469,0.135909,50,2,48,4.9,4.760205,4.755432,1.001004,0.181918,1.819178,1.141233,0.189468,0.006819,0.30117,0.0,scene_3.1|scene_3.1_y04_hull_dense_y04_14p13|9158|96,scene_3.1|scene_3.1_y04_hull_dense_y04_14p13|8872|83,bb0bfd70e214348c3737b9d89d2cdb1f9ff13ed2,31683aa20f8a2ea4cbed0a28948476cedfd5391d
scene_3_1_terminalgain_globalmax_interp_0588,family_01,588,6.737561,6.873469,0.135909,50,2,48,4.9,4.76586,4.755432,1.002193,0.181917,1.819171,1.141363,0.129876,0.023195,0.428117,0.0,scene_3.1|scene_3.1_y04_hull_dense_y04_14p13|9158|96,scene_3.1|scene_3.1_y04_hull_dense_y04_14p13|8872|83,430fdd35324bb5d3e867dddee97b73137c8283a8,163cc874d603aab673a48368eb7b889e583929a0
scene_3_1_terminalgain_globalmax_interp_0589,family_01,589,6.737561,6.873469,0.135909,50,2,48,4.9,4.773259,4.755432,1.003749,0.181917,1.819172,1.141783,0.045837,0.053209,0.537324,0.0,scene_3.1|scene_3.1_y04_hull_dense_y04_14p13|9158|96,scene_3.1|scene_3.1_y04_hull_dense_y04_14p13|8872|83,7ee65d8df058c3a7fb1bbd59c129daab0714cf24,50f706bc857256acb861de12ab4f257ee1535073
scene_3_1_terminalgain_globalmax_interp_0590,family_01,590,6.737561,6.873469,0.135909,50,2,48,4.9,4.757254,4.755432,1.000383,0.181917,1.819172,1.140944,0.0382,0.083222,0.176725,0.0,scene_3.1|scene_3.1_y04_hull_dense_y04_14p13|9158|96,scene_3.1|scene_3.1_y04_hull_dense_y04_14p13|8872|83,c8ffc98335b6f7afafba4a9b407a57487ab130bd,abd8adb484c42fe3d22c1346fbf39dffe6215f91
scene_3_1_terminalgain_globalmax_interp_0591,family_01,591,6.737561,6.873469,0.135909,50,2,48,4.9,4.765734,4.755432,1.002166,0.181918,1.819178,1.14145,0.122238,0.092572,0.407976,0.0,scene_3.1|scene_3.1_y04_hull_dense_y04_14p13|9158|96,scene_3.1|scene_3.1_y04_hull_dense_y04_14p13|8872|83,1d125fad1169845306c74d7b6a08a6ff6e07bd74,08a2935022eae0056bf1a4b766ff1acc7e7ba60f
scene_3_1_terminalgain_globalmax_interp_0592,family_01,592,6.737561,6.873469,0.135909,50,2,48,4.9,4.771652,4.755432,1.003411,0.181918,1.819178,1.141652,0.206276,0.062559,0.512043,0.0,scene_3.1|scene_3.1_y04_hull_dense_y04_14p13|9158|96,scene_3.1|scene_3.1_y04_hull_dense_y04_14p13|8872|83,df24e603822bc3449b0539c8882c5cc014f5a54a,451ccce7035862d8f9ec31b6708de104ffae4752
scene_3_1_terminalgain_globalmax_interp_0593,family_01,593,6.737561,6.873469,0.135909,50,2,48,4.9,4.770111,4.755432,1.003087,0.181917,1.819171,1.141656,0.193744,0.032545,0.487333,0.0,scene_3.1|scene_3.1_y04_hull_dense_y04_14p13|9158|96,scene_3.1|scene_3.1_y04_hull_dense_y04_14p13|8872|83,bfe3405d8c29b9a9c8d87573623aefbf25d13965,77cc873526a37d175393efe8a9b2c48f1451ed60
scene_3_1_terminalgain_globalmax_interp_0594,family_01,594,6.737561,6.873469,0.135909,50,2,48,4.9,4.772632,4.755432,1.003617,0.181918,1.819178,1.141765,0.109706,0.002531,0.527478,0.0,scene_3.1|scene_3.1_y04_hull_dense_y04_14p13|9158|96,scene_3.1|scene_3.1_y04_hull_dense_y04_14p13|8872|83,3da5153a2059b20845efba6c776be92734961312,dc4583d77faa32eabd8331f68b0961cb35bba561
scene_3_1_terminalgain_globalmax_interp_0595,family_01,595,6.737561,6.873469,0.135909,50,2,48,4.9,4.769872,4.755432,1.003036,0.181918,1.819178,1.14166,0.025669,0.027482,0.482997,0.0,scene_3.1|scene_3.1_y04_hull_dense_y04_14p13|9158|96,scene_3.1|scene_3.1_y04_hull_dense_y04_14p13|8872|83,13ed6f8199185bdcb369b7e95a2a141512a6e7b5,b7160c1288dd50b37804cd6bb82e4a4baa704ed0
scene_3_1_terminalgain_globalmax_interp_0596,family_01,596,6.737561,6.873469,0.135909,50,2,48,4.9,4.764821,4.755432,1.001974,0.181918,1.819178,1.141373,0.058369,0.057496,0.389367,0.0,scene_3.1|scene_3.1_y04_hull_dense_y04_14p13|9158|96,scene_3.1|scene_3.1_y04_hull_dense_y04_14p13|8872|83,3b2a7a4bb60039a163fcf30852788276d2dc13bf,8da4698aa900eeb8164daec68f8ca24ca5f66677
scene_3_1_terminalgain_globalmax_interp_0597,family_01,597,6.737561,6.873469,0.135909,50,2,48,4.9,4.767842,4.755432,1.00261,0.181918,1.819178,1.141581,0.142408,0.087509,0.447886,0.0,scene_3.1|scene_3.1_y04_hull_dense_y04_14p13|9158|96,scene_3.1|scene_3.1_y04_hull_dense_y04_14p13|8872|83,631443a671fcfc333831de00cb4290159a4d9804,daa14fe4a358f0e6751b8e2eb911427fd54ccf8a
scene_3_1_terminalgain_globalmax_interp_0598,family_01,598,6.737561,6.873469,0.135909,50,2,48,4.9,4.765432,4.755432,1.002103,0.181917,1.819171,1.141322,0.176938,0.088284,0.40181,0.0,scene_3.1|scene_3.1_y04_hull_dense_y04_14p13|9158|96,scene_3.1|scene_3.1_y04_hull_dense_y04_14p13|8872|83,c41c7534569544a33a875d2a05a6ea8f92f7acbe,b64fb84ea8bc4b0535e76c6e2c5a5a21423def05
scene_3_1_terminalgain_globalmax_interp_0599,family_01,599,6.737561,6.873469,0.135909,50,2,48,4.9,4.755738,4.755432,1.000064,0.181918,1.819178,1.140998,0.092899,0.058271,0.091218,0.0,scene_3.1|scene_3.1_y04_hull_dense_y04_14p13|9158|96,scene_3.1|scene_3.1_y04_hull_dense_y04_14p13|8872|83,1b21d06ecb816f062bbb1b4bd9cf6870945b14b6,bdc464ecdacba97193e45eaba1a6c055f39224cd
scene_3_1_terminalgain_globalmax_interp_0600,family_01,600,6.737561,6.873469,0.135909,50,2,48,4.9,4.784017,4.755432,1.006011,0.181918,1.819178,1.142281,0.008861,0.028257,0.680687,0.0,scene_3.1|scene_3.1_y04_hull_dense_y04_14p13|9158|96,scene_3.1|scene_3.1_y04_hull_dense_y04_14p13|8872|83,0a50f77a994941765875bb2f4020073be200e5cb,21ae7838b7fb276121d233c49927ec7ad6c5af5d
scene_3_1_terminalgain_globalmax_interp_0601,family_01,601,6.737561,6.873469,0.135909,50,2,48,4.9,4.773358,4.755432,1.00377,0.181917,1.819171,1.141706,0.075177,0.001757,0.538737,0.0,scene_3.1|scene_3.1_y04_hull_dense_y04_14p13|9158|96,scene_3.1|scene_3.1_y04_hull_dense_y04_14p13|8872|83,fab032e9fee3b4bcfdfcec3ddbef8b1c91cbe238,f8c546a4be27376a24e8fc7f017c3a9680ce7bf8
scene_3_1_terminalgain_globalmax_interp_0602,family_01,602,6.737561,6.873469,0.135909,50,2,48,4.9,4.757752,4.755432,1.000488,0.181918,1.819178,1.141091,0.159215,0.03177,0.194139,0.0,scene_3.1|scene_3.1_y04_hull_dense_y04_14p13|9158|96,scene_3.1|scene_3.1_y04_hull_dense_y04_14p13|8872|83,057ba728100d5896c8b09cef727d90b9491f9527,57d7a24e9da3a88eb5b0202c7095554493ce2f50
scene_3_1_terminalgain_globalmax_interp_0603,family_01,603,6.737561,6.873469,0.135909,50,2,48,4.9,4.777739,4.755432,1.004691,0.181918,1.819178,1.141938,0.16013,0.061784,0.600957,0.0,scene_3.1|scene_3.1_y04_hull_dense_y04_14p13|9158|96,scene_3.1|scene_3.1_y04_hull_dense_y04_14p13|8872|83,263412f5db603c4f214c5552d3cb17f5bffac7b1,72e13977b3a0d05cbf0aca3f0c4ad892941f46e4
scene_3_1_terminalgain_globalmax_interp_0604,family_01,604,6.737561,6.873469,0.135909,50,2,48,4.9,4.781837,4.755432,1.005552,0.181917,1.819171,1.142195,0.076091,0.091797,0.654439,0.0,scene_3.1|scene_3.1_y04_hull_dense_y04_14p13|9158|96,scene_3.1|scene_3.1_y04_hull_dense_y04_14p13|8872|83,ab1b4a773d55320580ec3a7a38b6aee4a312a9b5,21dae0ebda7435a6d9c4ddc90bcaddfd332f16af
scene_3_1_terminalgain_globalmax_interp_0605,family_01,605,6.737561,6.873469,0.135909,50,2,48,4.9,4.765403,4.755432,1.002097,0.181918,1.819178,1.141378,0.007947,0.083997,0.401196,0.0,scene_3.1|scene_3.1_y04_hull_dense_y04_14p13|9158|96,scene_3.1|scene_3.1_y04_hull_dense_y04_14p13|8872|83,f8464205a466337c8e3c58be0e27147fc5baf637,6a84543f1fb5a761769195c1e0e45da51592521b
scene_3_1_terminalgain_globalmax_interp_0606,family_01,606,6.737561,6.873469,0.135909,50,2,48,4.9,4.760569,4.755432,1.00108,0.181917,1.819171,1.141271,0.091985,0.053983,0.291202,0.0,scene_3.1|scene_3.1_y04_hull_dense_y04_14p13|9158|96,scene_3.1|scene_3.1_y04_hull_dense_y04_14p13|8872|83,5534b6bf7b68d84c0a052695425418ca6865858c,550853bce1d6bbb469a8161670e034748288e99d
scene_3_1_terminalgain_globalmax_interp_0607,family_01,607,6.737561,6.873469,0.135909,50,2,48,4.9,4.76716,4.755432,1.002466,0.181918,1.819178,1.141517,0.176023,0.02397,0.435399,0.0,scene_3.1|scene_3.1_y04_hull_dense_y04_14p13|9158|96,scene_3.1|scene_3.1_y04_hull_dense_y04_14p13|8872|83,5835ebe1a36d33723aa70b74ad110072fe032c02,9ba1fa3f9f2efcdcfaa0b1599372dc35d01354f7
scene_3_1_terminalgain_globalmax_interp_0608,family_01,608,6.737561,6.873469,0.135909,50,2,48,4.9,4.7704,4.755432,1.003147,0.181918,1.819178,1.14173,0.143322,0.006044,0.492027,0.0,scene_3.1|scene_3.1_y04_hull_dense_y04_14p13|9158|96,scene_3.1|scene_3.1_y04_hull_dense_y04_14p13|8872|83,2d05ccbb388cfc47092a52171bd4ba7754537647,0784c1ede8059ca22faee2b69455d22a64cc23f4
scene_3_1_terminalgain_globalmax_interp_0609,family_01,609,6.737561,6.873469,0.135909,50,2,48,4.9,4.773519,4.755432,1.003803,0.181917,1.819171,1.141726,0.059284,0.036057,0.541105,0.0,scene_3.1|scene_3.1_y04_hull_dense_y04_14p13|9158|96,scene_3.1|scene_3.1_y04_hull_dense_y04_14p13|8872|83,a591584ebd21d5c5d6ce949e96c4a0c6dc327ce6,da15888f96044434682edcc20f70c7f398016624
scene_3_1_terminalgain_globalmax_interp_0610,family_01,610,6.737561,6.873469,0.135909,50,2,48,4.9,4.762239,4.755432,1.001431,0.181918,1.819178,1.141339,0.024755,0.066071,0.331701,0.0,scene_3.1|scene_3.1_y04_hull_dense_y04_14p13|9158|96,scene_3.1|scene_3.1_y04_hull_dense_y04_14p13|8872|83,820bbd4db92c9284885d9ac67965912cf5b3ea4e,2f311c871d14987e209389a3e5d9bb3473be1651
scene_3_1_terminalgain_globalmax_interp_0611,family_01,611,6.737561,6.873469,0.135909,50,2,48,4.9,4.757139,4.755432,1.000359,0.181917,1.819172,1.140971,0.108792,0.096084,0.236648,0.0,scene_3.1|scene_3.1_y04_hull_dense_y04_14p13|9158|96,scene_3.1|scene_3.1_y04_hull_dense_y04_14p13|8872|83,470cef9dc89774e70eb0e8ab7b3d772483ef390b,42997b2184a281d2e7c2cd99c0ae77dad6ed263b
scene_3_1_terminalgain_globalmax_interp_0612,family_01,612,6.737561,6.873469,0.135909,50,2,48,4.9,4.778891,4.755432,1.004933,0.181917,1.819172,1.142113,0.19283,0.079709,0.616505,0.0,scene_3.1|scene_3.1_y04_hull_dense_y04_14p13|9158|96,scene_3.1|scene_3.1_y04_hull_dense_y04_14p13|8872|83,2503623ef1c0bf6f4d69769ed264ff5bb30af509,64009c6e8af673fae0ef73896411d451548b687f
scene_3_1_terminalgain_globalmax_interp_0613,family_01,613,6.737561,6.873469,0.135909,50,2,48,4.9,4.776815,4.755432,1.004496,0.181918,1.819178,1.141919,0.126514,0.049695,0.58829,0.0,scene_3.1|scene_3.1_y04_hull_dense_y04_14p13|9158|96,scene_3.1|scene_3.1_y04_hull_dense_y04_14p13|8872|83,bc4ad96ed68bfbe56e93aadda6bb47c153eee642,ee31149ffb41865dde4d760841b615ee0af770ac
scene_3_1_terminalgain_globalmax_interp_0614,family_01,614,6.737561,6.873469,0.135909,50,2,48,4.9,4.76131,4.755432,1.001236,0.181917,1.819171,1.14122,0.042476,0.019682,0.357492,0.0,scene_3.1|scene_3.1_y04_hull_dense_y04_14p13|9158|96,scene_3.1|scene_3.1_y04_hull_dense_y04_14p13|8872|83,46c123f36d99afe9b55ff90e6544cea339891e30,02df0c66e9314e0ffde6ab4656fc73cc682b3abf
scene_3_1_terminalgain_globalmax_interp_0615,family_01,615,6.737561,6.873469,0.135909,50,2,48,4.9,4.759094,4.755432,1.00077,0.181918,1.819178,1.141165,0.041561,0.010332,0.258382,0.0,scene_3.1|scene_3.1_y04_hull_dense_y04_14p13|9158|96,scene_3.1|scene_3.1_y04_hull_dense_y04_14p13|8872|83,d9b0e8a14e1779b5810215f1c49b8b4476bd9a81,a45041a2ba4c4ee0fab7492241cfe1c65cc1eaf6
scene_3_1_terminalgain_globalmax_interp_0616,family_01,616,6.737561,6.873469,0.135909,50,2,48,4.9,4.783978,4.755432,1.006003,0.181918,1.819178,1.142327,0.1256,0.040345,0.680231,0.0,scene_3.1|scene_3.1_y04_hull_dense_y04_14p13|9158|96,scene_3.1|scene_3.1_y04_hull_dense_y04_14p13|8872|83,a0e9cb6e41d7d048f3877b8ed438aa57be545e15,5376f2fef3f22700407fac000a4850e91b31b499
scene_3_1_terminalgain_globalmax_interp_0617,family_01,617,6.737561,6.873469,0.135909,50,2,48,4.9,4.774772,4.755432,1.004067,0.181918,1.819178,1.141726,0.209638,0.070359,0.559347,0.0,scene_3.1|scene_3.1_y04_hull_dense_y04_14p13|9158|96,scene_3.1|scene_3.1_y04_hull_dense_y04_14p13|8872|83,d498819e04601e5820d9c8d796eb9f60785289aa,375c9e4065dbc6ac255ba912f903108f466fcb40
scene_3_1_terminalgain_globalmax_interp_0618,family_01,618,6.737561,6.873469,0.135909,50,2,48,4.9,4.76386,4.755432,1.001772,0.181918,1.819178,1.141437,0.209745,0.100373,0.368903,0.0,scene_3.1|scene_3.1_y04_hull_dense_y04_14p13|9158|96,scene_3.1|scene_3.1_y04_hull_dense_y04_14p13|8872|83,1df8acfcfc64669adaff9aee5dd3b89f68ae4566,0d296813f2f806291d0fa97776332e53a4778226
scene_3_1_terminalgain_globalmax_interp_0619,family_01,619,6.737561,6.873469,0.135909,50,2,48,4.9,4.764364,4.755432,1.001878,0.181918,1.819178,1.14149,0.125707,0.075422,0.37989,0.0,scene_3.1|scene_3.1_y04_hull_dense_y04_14p13|9158|96,scene_3.1|scene_3.1_y04_hull_dense_y04_14p13|8872|83,9dc796c575dc75f4d6cef3e2dea355a720c54a7a,d9953a6fd1eed07fdc5fa045a1c0194bc77c4ecc
scene_3_1_terminalgain_globalmax_interp_0620,family_01,620,6.737561,6.873469,0.135909,50,2,48,4.9,4.761501,4.755432,1.001276,0.181918,1.819178,1.141186,0.041669,0.045408,0.313062,0.0,scene_3.1|scene_3.1_y04_hull_dense_y04_14p13|9158|96,scene_3.1|scene_3.1_y04_hull_dense_y04_14p13|8872|83,bf87f61ebc9e6773703a003f4d1871054050e199,6b1f8aa1397a715c17c4c7e38cf8a3812ee4400a
scene_3_1_terminalgain_globalmax_interp_0621,family_01,621,6.737561,6.873469,0.135909,50,2,48,4.9,4.781293,4.755432,1.005438,0.181918,1.819178,1.142161,0.042368,0.015395,0.647597,0.0,scene_3.1|scene_3.1_y04_hull_dense_y04_14p13|9158|96,scene_3.1|scene_3.1_y04_hull_dense_y04_14p13|8872|83,6397a87e59f5c6bd1d0fc174e6d1ee2d71eff88a,d2c817aca00f06f0c330c37e4aba0fcdaa982803
scene_3_1_terminalgain_globalmax_interp_0622,family_01,622,6.737561,6.873469,0.135909,50,2,48,4.9,4.77048,4.755432,1.003164,0.181918,1.819178,1.141724,0.126406,0.014619,0.493117,0.0,scene_3.1|scene_3.1_y04_hull_dense_y04_14p13|9158|96,scene_3.1|scene_3.1_y04_hull_dense_y04_14p13|8872|83,eb56f387118a4e3b9ac748067c2ff0f632d31672,bfae09fcfdd280c8488522e701852643bc030200
scene_3_1_terminalgain_globalmax_interp_0623,family_01,623,6.737561,6.873469,0.135909,50,2,48,4.9,4.757091,4.755432,1.000349,0.181917,1.819171,1.140976,0.192938,0.044632,0.164029,0.0,scene_3.1|scene_3.1_y04_hull_dense_y04_14p13|9158|96,scene_3.1|scene_3.1_y04_hull_dense_y04_14p13|8872|83,50f3d20ecd3448659f5849de4f6435dcd3ebfe73,ed18dd7987f859dede0bf00dcd989c0bd6e12a85
scene_3_1_terminalgain_globalmax_interp_0624,family_01,624,6.737561,6.873469,0.135909,50,2,48,4.9,4.771976,4.755432,1.003479,0.181918,1.819178,1.141822,0.108899,0.074646,0.517115,0.0,scene_3.1|scene_3.1_y04_hull_dense_y04_14p13|9158|96,scene_3.1|scene_3.1_y04_hull_dense_y04_14p13|8872|83,8a9dde598fc10afa4a33af0653d7c5686ee578d2,d146d8301a7a1ff2f468570508f2699a15358faa
scene_3_1_terminalgain_globalmax_interp_0625,family_01,625,6.737561,6.873469,0.135909,50,2,48,4.9,4.7775,4.755432,1.00464,0.181918,1.819178,1.142051,0.024862,0.10466,0.597678,0.0,scene_3.1|scene_3.1_y04_hull_dense_y04_14p13|9158|96,scene_3.1|scene_3.1_y04_hull_dense_y04_14p13|8872|83,be966d3d62eec7df158c051ac2e8869ef82f4aab,c227bff3c096fc76eea1f954a39b45efa2b3b3e2
scene_3_1_terminalgain_globalmax_interp_0626,family_01,626,6.737561,6.873469,0.135909,50,2,48,4.9,4.755876,4.755432,1.000093,0.181918,1.819178,1.141018,0.059176,0.104735,0.122031,0.0,scene_3.1|scene_3.1_y04_hull_dense_y04_14p13|9158|96,scene_3.1|scene_3.1_y04_hull_dense_y04_14p13|8872|83,40b9e44f90d215c8b58b3ad12e5353c03028eca1,79046afacd86c7d47acdf5fcea5622e4d57e9e3e
scene_3_1_terminalgain_globalmax_interp_0627,family_01,627,6.737561,6.873469,0.135909,50,2,48,4.9,4.768482,4.755432,1.002744,0.181916,1.819164,1.14169,0.143214,0.074721,0.459298,0.0,scene_3.1|scene_3.1_y04_hull_dense_y04_14p13|9158|96,scene_3.1|scene_3.1_y04_hull_dense_y04_14p13|8872|83,f8ca13cb15c267e19f6dc879a87f3de8addcd39d,bc675253d22b885d6919312fc4e155ed369f4bbe
scene_3_1_terminalgain_globalmax_interp_0628,family_01,628,6.737561,6.873469,0.135909,50,2,48,4.9,4.766458,4.755432,1.002319,0.181918,1.819178,1.141574,0.176131,0.044708,0.422152,0.0,scene_3.1|scene_3.1_y04_hull_dense_y04_14p13|9158|96,scene_3.1|scene_3.1_y04_hull_dense_y04_14p13|8872|83,b3f1a6212f0df61078660693583cf7ac858940a7,10179758f05d587d26cd2bf8f484da13206e2a19
scene_3_1_terminalgain_globalmax_interp_0629,family_01,629,6.737561,6.873469,0.135909,50,2,48,4.9,4.764457,4.755432,1.001898,0.181918,1.819178,1.141395,0.092093,0.014694,0.381898,0.0,scene_3.1|scene_3.1_y04_hull_dense_y04_14p13|9158|96,scene_3.1|scene_3.1_y04_hull_dense_y04_14p13|8872|83,f05e021fe25e05e8d851b6432c6d98cdc83ab686,7b1a3ab38fcc0501e0877704f73e019e6731d413
scene_3_1_terminalgain_globalmax_interp_0630,family_01,630,6.737561,6.873469,0.135909,50,2,48,4.9,4.776188,4.755432,1.004365,0.181918,1.819178,1.142009,0.008054,0.015319,0.579458,0.0,scene_3.1|scene_3.1_y04_hull_dense_y04_14p13|9158|96,scene_3.1|scene_3.1_y04_hull_dense_y04_14p13|8872|83,559ba0600bd546b87fdb76ddee9c371b99e8c9e3,becdcd2e739e010919533748494ec2b4ab486283
scene_3_1_terminalgain_globalmax_interp_0631,family_01,631,6.737561,6.873469,0.135909,50,2,48,4.9,4.773723,4.755432,1.003846,0.181917,1.819171,1.141859,0.075984,0.045333,0.54384,0.0,scene_3.1|scene_3.1_y04_hull_dense_y04_14p13|9158|96,scene_3.1|scene_3.1_y04_hull_dense_y04_14p13|8872|83,f019fbc8311f17dc347ccb167594e0a94f049de5,6a4f8e2776981ed2d760156aaf2de986a398432b
scene_3_1_terminalgain_globalmax_interp_0632,family_01,632,6.737561,6.873469,0.135909,50,2,48,4.9,4.772682,4.755432,1.003627,0.181918,1.819178,1.141675,0.160022,0.075346,0.528154,0.0,scene_3.1|scene_3.1_y04_hull_dense_y04_14p13|9158|96,scene_3.1|scene_3.1_y04_hull_dense_y04_14p13|8872|83,e7c1e7623c9d5a955833e475fe0fc67d72b02af9,6ef921e4647b5dd4aa2a5c5d1151cf62075355d2
scene_3_1_terminalgain_globalmax_interp_0633,family_01,633,6.737561,6.873469,0.135909,50,2,48,4.9,4.775249,4.755432,1.004167,0.181917,1.819172,1.14188,0.159323,0.100447,0.566543,0.0,scene_3.1|scene_3.1_y04_hull_dense_y04_14p13|9158|96,scene_3.1|scene_3.1_y04_hull_dense_y04_14p13|8872|83,3c20b4080fbfeb8f0f880e7042493fd62f72c362,ce8236e8b466b563d687e423d5dacea55df5aee1
scene_3_1_terminalgain_globalmax_interp_0634,family_01,634,6.737561,6.873469,0.135909,50,2,48,4.9,4.766176,4.755432,1.002259,0.181917,1.819172,1.141446,0.075285,0.070433,0.416499,0.0,scene_3.1|scene_3.1_y04_hull_dense_y04_14p13|9158|96,scene_3.1|scene_3.1_y04_hull_dense_y04_14p13|8872|83,9dd9224aef7e7082ae42cc5a0d975021a31a5281,f24689a85681707966756fef31fd9ad25ab79d02
scene_3_1_terminalgain_globalmax_interp_0635,family_01,635,6.737561,6.873469,0.135909,50,2,48,4.9,4.759113,4.755432,1.000774,0.181918,1.819178,1.141003,0.008754,0.04042,0.243733,0.0,scene_3.1|scene_3.1_y04_hull_dense_y04_14p13|9158|96,scene_3.1|scene_3.1_y04_hull_dense_y04_14p13|8872|83,6bd46b74a4c23bfc7a01d8b3185cd30327ed7b48,451084749a73ff44840db2eed219db615360d0fe
scene_3_1_terminalgain_globalmax_interp_0636,family_01,636,6.737561,6.873469,0.135909,50,2,48,4.9,4.769176,4.755432,1.00289,0.181918,1.819178,1.141595,0.092792,0.010406,0.480575,0.0,scene_3.1|scene_3.1_y04_hull_dense_y04_14p13|9158|96,scene_3.1|scene_3.1_y04_hull_dense_y04_14p13|8872|83,b4737a8261407daa9af95c3c54a7e477a213f15f,9ac803fd379b9b2f200c925cbc8a0f279cbd8d79
scene_3_1_terminalgain_globalmax_interp_0637,family_01,637,6.737561,6.873469,0.135909,50,2,48,4.9,4.769629,4.755432,1.002985,0.181918,1.819178,1.141766,0.17683,0.019607,0.479042,0.0,scene_3.1|scene_3.1_y04_hull_dense_y04_14p13|9158|96,scene_3.1|scene_3.1_y04_hull_dense_y04_14p13|8872|83,e9e048a27f86c7113a42e35dd66a15c7ec1ac812,8b8cb0f50f735217e624d58518a5b246fcd246e0
scene_3_1_terminalgain_globalmax_interp_0638,family_01,638,6.737561,6.873469,0.135909,50,2,48,4.9,4.758024,4.755432,1.000545,0.181918,1.819178,1.140988,0.142515,0.049621,0.269366,0.0,scene_3.1|scene_3.1_y04_hull_dense_y04_14p13|9158|96,scene_3.1|scene_3.1_y04_hull_dense_y04_14p13|8872|83,7c2752b39f23c3de4d02560f1beb8f284afb3a13,9b302e91a9bc5a93102182d325060e3e9b9ac839
scene_3_1_terminalgain_globalmax_interp_0639,family_01,639,6.737561,6.873469,0.135909,50,2,48,4.9,4.769513,4.755432,1.002961,0.181917,1.819171,1.141653,0.058477,0.079635,0.477189,0.0,scene_3.1|scene_3.1_y04_hull_dense_y04_14p13|9158|96,scene_3.1|scene_3.1_y04_hull_dense_y04_14p13|8872|83,2fbcb5d4a392762ea1a83840f788f7afb126b13d,8be5b020d1172196cd397fa2377f9d657205afe7
scene_3_1_terminalgain_globalmax_interp_0640,family_01,640,6.737561,6.873469,0.135909,50,2,48,4.9,4.784194,4.755432,1.006048,0.181918,1.819178,1.142416,0.025561,0.09616,0.682893,0.0,scene_3.1|scene_3.1_y04_hull_dense_y04_14p13|9158|96,scene_3.1|scene_3.1_y04_hull_dense_y04_14p13|8872|83,c0aadeffd699bf2c822d54a15610d48d4fd16cf8,9a95150dcc8192421318e20509737423e3cee0ae
scene_3_1_terminalgain_globalmax_interp_0641,family_01,641,6.737561,6.873469,0.135909,50,2,48,4.9,4.769042,4.755432,1.002862,0.181918,1.819178,1.141535,0.109599,0.066146,0.469001,0.0,scene_3.1|scene_3.1_y04_hull_dense_y04_14p13|9158|96,scene_3.1|scene_3.1_y04_hull_dense_y04_14p13|8872|83,e92ccd77e97056bf84f3605987376f1ba4e494ed,1a513e125eb99c9baafdacf9ffc026c56a98d1bc
scene_3_1_terminalgain_globalmax_interp_0642,family_01,642,6.737561,6.873469,0.135909,50,2,48,4.9,4.760318,4.755432,1.001027,0.181918,1.819178,1.141193,0.193637,0.036133,0.281063,0.0,scene_3.1|scene_3.1_y04_hull_dense_y04_14p13|9158|96,scene_3.1|scene_3.1_y04_hull_dense_y04_14p13|8872|83,7d3a2afe8adaff3832e135f19555ad3829dc825c,e2cdc10d402b1308465afad9932ae24b3692298c
scene_3_1_terminalgain_globalmax_interp_0643,family_01,643,6.737561,6.873469,0.135909,50,2,48,4.9,4.765811,4.755432,1.002183,0.181917,1.819171,1.141388,0.206384,0.006119,0.409415,0.0,scene_3.1|scene_3.1_y04_hull_dense_y04_14p13|9158|96,scene_3.1|scene_3.1_y04_hull_dense_y04_14p13|8872|83,639a1b8cd40a5ea00d4c5fcec1528290624ae534,59761e4d6f3b5820a76ba1f689741d2c76706a16
scene_3_1_terminalgain_globalmax_interp_0644,family_01,644,6.737561,6.873469,0.135909,50,2,48,4.9,4.765164,4.755432,1.002046,0.181918,1.819178,1.141403,0.122346,0.023894,0.396428,0.0,scene_3.1|scene_3.1_y04_hull_dense_y04_14p13|9158|96,scene_3.1|scene_3.1_y04_hull_dense_y04_14p13|8872|83,ea6b9386c428b408833c8ca9b810fbb0673e7d3f,1509130b6c1ca7fa68697a2aad96a88ea8e058a1
scene_3_1_terminalgain_globalmax_interp_0645,family_01,645,6.737561,6.873469,0.135909,50,2,48,4.9,4.770499,4.755432,1.003168,0.181918,1.819178,1.141718,0.038307,0.053908,0.493517,0.0,scene_3.1|scene_3.1_y04_hull_dense_y04_14p13|9158|96,scene_3.1|scene_3.1_y04_hull_dense_y04_14p13|8872|83,2dfb001144b7552e139241282bb86d0e445f0448,39bf719311b2f747fbf3d68a740e6b7158a742b0
scene_3_1_terminalgain_globalmax_interp_0646,family_01,646,6.737561,6.873469,0.135909,50,2,48,4.9,4.763222,4.755432,1.001638,0.181918,1.819178,1.141335,0.04573,0.083922,0.354558,0.0,scene_3.1|scene_3.1_y04_hull_dense_y04_14p13|9158|96,scene_3.1|scene_3.1_y04_hull_dense_y04_14p13|8872|83,1eba73c8ec7707f9bd500df54dedaf1d180fce58,58ae7fc2d2d68177576cb94e0119b27566721b71
scene_3_1_terminalgain_globalmax_interp_0647,family_01,647,6.737561,6.873469,0.135909,50,2,48,4.9,4.756548,4.755432,1.000235,0.181918,1.819178,1.140924,0.129768,0.091872,0.202721,0.0,scene_3.1|scene_3.1_y04_hull_dense_y04_14p13|9158|96,scene_3.1|scene_3.1_y04_hull_dense_y04_14p13|8872|83,0e171492dee117d3c958d9dba1bcb8e9c12ff73b,6a11c47de52b5c2b1b042481df0e1cf158b207bb
scene_3_1_terminalgain_globalmax_interp_0648,family_01,648,6.737561,6.873469,0.135909,50,2,48,4.9,4.789179,4.755432,1.007097,0.181918,1.819178,1.142688,0.189576,0.061858,0.740182,0.0,scene_3.1|scene_3.1_y04_hull_dense_y04_14p13|9158|96,scene_3.1|scene_3.1_y04_hull_dense_y04_14p13|8872|83,3686fbaea97db36fb713de808a2e011804cfd69f,3e10316a759eac9b2f4865d9941e7ffa3d166366
scene_3_1_terminalgain_globalmax_interp_0649,family_01,649,6.737561,6.873469,0.135909,50,2,48,4.9,4.786344,4.755432,1.0065,0.181918,1.819178,1.1425,0.105539,0.031845,0.70808,0.0,scene_3.1|scene_3.1_y04_hull_dense_y04_14p13|9158|96,scene_3.1|scene_3.1_y04_hull_dense_y04_14p13|8872|83,1b66ae21b357cb3d065bfa20d79423a65175a167,35e67e5a141d43b33bd13a0f51ed5821bd1aa457
scene_3_1_terminalgain_globalmax_interp_0650,family_01,650,6.737561,6.873469,0.135909,50,2,48,4.9,4.755855,4.755432,1.000089,0.181918,1.819178,1.141018,0.021501,0.001831,0.158658,0.0,scene_3.1|scene_3.1_y04_hull_dense_y04_14p13|9158|96,scene_3.1|scene_3.1_y04_hull_dense_y04_14p13|8872|83,0faa1edca3768724f1846e150485ce6e3b468bc4,dfbc606f3daf952aacd9a9d03c99569170bf040d
scene_3_1_terminalgain_globalmax_interp_0651,family_01,651,6.737561,6.873469,0.135909,50,2,48,4.9,4.765102,4.755432,1.002033,0.181918,1.819178,1.141532,0.062538,0.028183,0.420276,0.0,scene_3.1|scene_3.1_y04_hull_dense_y04_14p13|9158|96,scene_3.1|scene_3.1_y04_hull_dense_y04_14p13|8872|83,53f66b44227be070eda5e742f0e095f80512d589,11c7e689487afc7df9eeb12bbcc93fd26d9b4830
scene_3_1_terminalgain_globalmax_interp_0652,family_01,652,6.737561,6.873469,0.135909,50,2,48,4.9,4.768058,4.755432,1.002655,0.181918,1.819178,1.14147,0.146576,0.058196,0.4517,0.0,scene_3.1|scene_3.1_y04_hull_dense_y04_14p13|9158|96,scene_3.1|scene_3.1_y04_hull_dense_y04_14p13|8872|83,ec5f50f3cac00adac5bb9eb0bdd54e47459c1452,58cf5c1cc85c57897f99a757a1d4f35ed50172e6
scene_3_1_terminalgain_globalmax_interp_0653,family_01,653,6.737561,6.873469,0.135909,50,2,48,4.9,4.765483,4.755432,1.002114,0.181918,1.819178,1.141398,0.172769,0.08821,0.409444,0.0,scene_3.1|scene_3.1_y04_hull_dense_y04_14p13|9158|96,scene_3.1|scene_3.1_y04_hull_dense_y04_14p13|8872|83,6ab72421bde983ecd9544d8905b0b63a1854e42a,95a909d786e614d0b94189157ecfbbefd2f58974
scene_3_1_terminalgain_globalmax_interp_0654,family_01,654,6.737561,6.873469,0.135909,50,2,48,4.9,4.768305,4.755432,1.002707,0.181917,1.819172,1.141554,0.088731,0.087585,0.456179,0.0,scene_3.1|scene_3.1_y04_hull_dense_y04_14p13|9158|96,scene_3.1|scene_3.1_y04_hull_dense_y04_14p13|8872|83,04cff6ef51bd681337e984d2b151c04c046f94d8,a9202cc7f64d4d0e750f418530f6cafd1fcd78a2
scene_3_1_terminalgain_globalmax_interp_0655,family_01,655,6.737561,6.873469,0.135909,50,2,48,4.9,4.758877,4.755432,1.000724,0.181917,1.819171,1.141168,0.004693,0.057571,0.235927,0.0,scene_3.1|scene_3.1_y04_hull_dense_y04_14p13|9158|96,scene_3.1|scene_3.1_y04_hull_dense_y04_14p13|8872|83,2cff162e6e92e629122dd9dbaa59de1387da6535,852a976bc6172154fbdc13511bb3ee310f4e5a32
scene_3_1_terminalgain_globalmax_interp_0656,family_01,656,6.737561,6.873469,0.135909,50,2,48,4.9,4.769781,4.755432,1.003017,0.181918,1.819178,1.14154,0.079345,0.027558,0.481575,0.0,scene_3.1|scene_3.1_y04_hull_dense_y04_14p13|9158|96,scene_3.1|scene_3.1_y04_hull_dense_y04_14p13|8872|83,4e7829cdd8e88544a7e89432bba4f2b433fccd89,6ee01de6740c315ac69cd60cff2db27f609617cc
scene_3_1_terminalgain_globalmax_interp_0657,family_01,657,6.737561,6.873469,0.135909,50,2,48,4.9,4.787761,4.755432,1.006798,0.181918,1.819178,1.14261,0.163384,0.002456,0.724225,0.0,scene_3.1|scene_3.1_y04_hull_dense_y04_14p13|9158|96,scene_3.1|scene_3.1_y04_hull_dense_y04_14p13|8872|83,d6d97b51793439db24d30719e69e644fdf436d46,05bb85dae04d400b765b5de0caa7cd0e13a6bb39
scene_3_1_terminalgain_globalmax_interp_0658,family_01,658,6.737561,6.873469,0.135909,50,2,48,4.9,4.773115,4.755432,1.003718,0.181918,1.819178,1.141847,0.155961,0.03247,0.534749,0.0,scene_3.1|scene_3.1_y04_hull_dense_y04_14p13|9158|96,scene_3.1|scene_3.1_y04_hull_dense_y04_14p13|8872|83,a31fe7e75026cf175baa379e6282e837b4f12a70,1f8c23a6f877606bbd539a98623c3400db0c46a3
scene_3_1_terminalgain_globalmax_interp_0659,family_01,659,6.737561,6.873469,0.135909,50,2,48,4.9,4.758989,4.755432,1.000748,0.181917,1.819171,1.14113,0.071923,0.062483,0.239839,0.0,scene_3.1|scene_3.1_y04_hull_dense_y04_14p13|9158|96,scene_3.1|scene_3.1_y04_hull_dense_y04_14p13|8872|83,1dcc0d0e5dbc1d25c6c3b0469cdcd28e1285bf74,7b53c4776a6f840a6214e3d054e8985733cbdd8e
scene_3_1_terminalgain_globalmax_interp_0660,family_01,660,6.737561,6.873469,0.135909,50,2,48,4.9,4.767551,4.755432,1.002548,0.181918,1.819178,1.141493,0.012115,0.092497,0.442587,0.0,scene_3.1|scene_3.1_y04_hull_dense_y04_14p13|9158|96,scene_3.1|scene_3.1_y04_hull_dense_y04_14p13|8872|83,645ecc839d341a4726ee06f471d82b5059330f47,9b8a5fe4759ea86981a321878cb56c11eb8a7c21
scene_3_1_terminalgain_globalmax_interp_0661,family_01,661,6.737561,6.873469,0.135909,50,2,48,4.9,4.77205,4.755432,1.003494,0.181918,1.819178,1.14174,0.096153,0.083297,0.518413,0.0,scene_3.1|scene_3.1_y04_hull_dense_y04_14p13|9158|96,scene_3.1|scene_3.1_y04_hull_dense_y04_14p13|8872|83,458e1b88eebd4a6f30f901cb127a5484c1c1069e,d9f7314a9620d9ad34ad2ee72a508e89ff29e0cd
scene_3_1_terminalgain_globalmax_interp_0662,family_01,662,6.737561,6.873469,0.135909,50,2,48,4.9,4.758951,4.755432,1.00074,0.181918,1.819178,1.141098,0.180192,0.053283,0.299533,0.0,scene_3.1|scene_3.1_y04_hull_dense_y04_14p13|9158|96,scene_3.1|scene_3.1_y04_hull_dense_y04_14p13|8872|83,d3db4cc7712a54af402bcf63060e471346ce1de9,c550669bae41438f143bf2636de93aabda0102c5
scene_3_1_terminalgain_globalmax_interp_0663,family_01,663,6.737561,6.873469,0.135909,50,2,48,4.9,4.763362,4.755432,1.001668,0.181917,1.819171,1.141418,0.139154,0.023269,0.357729,0.0,scene_3.1|scene_3.1_y04_hull_dense_y04_14p13|9158|96,scene_3.1|scene_3.1_y04_hull_dense_y04_14p13|8872|83,8ea0461ac0b569d2558a0edac3effc54f60faa31,098a064f7a12d5e8d5565afdf5e4d05b192a3988
scene_3_1_terminalgain_globalmax_interp_0664,family_01,664,6.737561,6.873469,0.135909,50,2,48,4.9,4.776803,4.755432,1.004494,0.181918,1.819178,1.141979,0.055115,0.006744,0.588386,0.0,scene_3.1|scene_3.1_y04_hull_dense_y04_14p13|9158|96,scene_3.1|scene_3.1_y04_hull_dense_y04_14p13|8872|83,379c9a0d82b4f1b18a674ad05565bacbad2e5290,ba303ee18cee1445827cf42d172e7b3883689e0a
scene_3_1_terminalgain_globalmax_interp_0665,family_01,665,6.737561,6.873469,0.135909,50,2,48,4.9,4.771938,4.755432,1.003471,0.181918,1.819178,1.141691,0.028923,0.036758,0.516664,0.0,scene_3.1|scene_3.1_y04_hull_dense_y04_14p13|9158|96,scene_3.1|scene_3.1_y04_hull_dense_y04_14p13|8872|83,db08fb4de200756ecc349c6891a7b56b0827e85f,6792a3c954d3842847fc7b856b1e1300f9b566f8
scene_3_1_terminalgain_globalmax_interp_0666,family_01,666,6.737561,6.873469,0.135909,50,2,48,4.9,4.769946,4.755432,1.003052,0.181918,1.819178,1.141796,0.11296,0.066771,0.484377,0.0,scene_3.1|scene_3.1_y04_hull_dense_y04_14p13|9158|96,scene_3.1|scene_3.1_y04_hull_dense_y04_14p13|8872|83,60df88c7154bd05f0c94929d02ebe791ba3a0c57,ac706eb71f1cd31436dff4aaf0aa0b6ca0e8a2d3
scene_3_1_terminalgain_globalmax_interp_0667,family_01,667,6.737561,6.873469,0.135909,50,2,48,4.9,4.773008,4.755432,1.003696,0.181918,1.819178,1.141729,0.196998,0.096785,0.533232,0.0,scene_3.1|scene_3.1_y04_hull_dense_y04_14p13|9158|96,scene_3.1|scene_3.1_y04_hull_dense_y04_14p13|8872|83,81ee33192c1ac21e350c10b422dadacea00ea00f,ea7db436637a487312fa8110979371695771a51a
scene_3_1_terminalgain_globalmax_interp_0668,family_01,668,6.737561,6.873469,0.135909,50,2,48,4.9,4.763439,4.755432,1.001684,0.181918,1.819178,1.141332,0.203022,0.07901,0.359491,0.0,scene_3.1|scene_3.1_y04_hull_dense_y04_14p13|9158|96,scene_3.1|scene_3.1_y04_hull_dense_y04_14p13|8872|83,a2c71664b3db9d88076ee80c0056748e52485661,6b57706da986ebccc6efcf33ed4117ddfac3b193
scene_3_1_terminalgain_globalmax_interp_0669,family_01,669,6.737561,6.873469,0.135909,50,2,48,4.9,4.768204,4.755432,1.002686,0.181918,1.819178,1.141532,0.118984,0.048996,0.454335,0.0,scene_3.1|scene_3.1_y04_hull_dense_y04_14p13|9158|96,scene_3.1|scene_3.1_y04_hull_dense_y04_14p13|8872|83,6180c5bacd4d96ef735d0da3b4e166a552dc6700,f3b96bbbcfccc0217824e80f448473f80da39c95
scene_3_1_terminalgain_globalmax_interp_0670,family_01,670,6.737561,6.873469,0.135909,50,2,48,4.9,4.765907,4.755432,1.002203,0.181918,1.819178,1.141474,0.034947,0.018982,0.411316,0.0,scene_3.1|scene_3.1_y04_hull_dense_y04_14p13|9158|96,scene_3.1|scene_3.1_y04_hull_dense_y04_14p13|8872|83,f6aa7295cba4e2166d12ed02bd7639d9abee4011,d881caa4a3261415e34e0f08ecb654ffc8453f90
scene_3_1_terminalgain_globalmax_interp_0671,family_01,671,6.737561,6.873469,0.135909,50,2,48,4.9,4.755868,4.755432,1.000092,0.181916,1.819164,1.140927,0.049091,0.011031,0.131848,0.0,scene_3.1|scene_3.1_y04_hull_dense_y04_14p13|9158|96,scene_3.1|scene_3.1_y04_hull_dense_y04_14p13|8872|83,64b21f1f61b5c6586a508aae37fb6b3fc7a9c3a1,f5263088729d2535b94f92190d6a732c7edbaea5
scene_3_1_terminalgain_globalmax_interp_0672,family_01,672,6.737561,6.873469,0.135909,50,2,48,4.9,4.779654,4.755432,1.005094,0.181917,1.819172,1.142129,0.13313,0.041045,0.626677,0.0,scene_3.1|scene_3.1_y04_hull_dense_y04_14p13|9158|96,scene_3.1|scene_3.1_y04_hull_dense_y04_14p13|8872|83,ac2bc17df46fce08efde607b88a4107a8283b7b2,f56dd8a7a008324c86bb2685a7f1e127fcce96fb
scene_3_1_terminalgain_globalmax_interp_0673,family_01,673,6.737561,6.873469,0.135909,50,2,48,4.9,4.770509,4.755432,1.00317,0.181918,1.819178,1.141631,0.186214,0.071058,0.493809,0.0,scene_3.1|scene_3.1_y04_hull_dense_y04_14p13|9158|96,scene_3.1|scene_3.1_y04_hull_dense_y04_14p13|8872|83,5af829f0bd601ea21dc6f0c8d152d33b71532528,142b182319ea799103c5e3d1f95e09a7d5689ecc
scene_3_1_terminalgain_globalmax_interp_0674,family_01,674,6.737561,6.873469,0.135909,50,2,48,4.9,4.7578,4.755432,1.000498,0.181918,1.819178,1.141111,0.102177,0.101072,0.214766,0.0,scene_3.1|scene_3.1_y04_hull_dense_y04_14p13|9158|96,scene_3.1|scene_3.1_y04_hull_dense_y04_14p13|8872|83,83d36afd84083125f622a6dd58a84a48e011764c,86e0f3e08dc89ee32e796be14df717cc96b5d44c
scene_3_1_terminalgain_globalmax_interp_0675,family_01,675,6.737561,6.873469,0.135909,50,2,48,4.9,4.773744,4.755432,1.003851,0.181917,1.819171,1.141855,0.018139,0.104122,0.544136,0.0,scene_3.1|scene_3.1_y04_hull_dense_y04_14p13|9158|96,scene_3.1|scene_3.1_y04_hull_dense_y04_14p13|8872|83,8c97b41a6304b6ca076b8ff5e1c3050ae930fbbc,6fcf9418ac4d15f80a5ae225e8e269af0497c01c
scene_3_1_terminalgain_globalmax_interp_0676,family_01,676,6.737561,6.873469,0.135909,50,2,48,4.9,4.778099,4.755432,1.004766,0.181918,1.819178,1.142054,0.065899,0.074109,0.605814,0.0,scene_3.1|scene_3.1_y04_hull_dense_y04_14p13|9158|96,scene_3.1|scene_3.1_y04_hull_dense_y04_14p13|8872|83,a966742ee9c2ba34ed3c1ad4b124bab8e30b940b,b12a1aad17e27bc6ccc074f5334959d8ad3f5418
scene_3_1_terminalgain_globalmax_interp_0677,family_01,677,6.737561,6.873469,0.135909,50,2,48,4.9,4.761048,4.755432,1.001181,0.181918,1.819178,1.141122,0.149937,0.044095,0.307231,0.0,scene_3.1|scene_3.1_y04_hull_dense_y04_14p13|9158|96,scene_3.1|scene_3.1_y04_hull_dense_y04_14p13|8872|83,18e91e02ab37adb50e544c01be6ab8f64e958e97,86bd5a51db6db0573b32fb918e5889538e19f027
scene_3_1_terminalgain_globalmax_interp_0678,family_01,678,6.737561,6.873469,0.135909,50,2,48,4.9,4.766088,4.755432,1.002241,0.181918,1.819178,1.141512,0.169408,0.014082,0.414837,0.0,scene_3.1|scene_3.1_y04_hull_dense_y04_14p13|9158|96,scene_3.1|scene_3.1_y04_hull_dense_y04_14p13|8872|83,b9a67c44bbc538f0d9819b095a9228134df14c3a,fd7098145e0bcc6bc874d03429a902eb4e5995c4
scene_3_1_terminalgain_globalmax_interp_0679,family_01,679,6.737561,6.873469,0.135909,50,2,48,4.9,4.761649,4.755432,1.001307,0.181918,1.819178,1.14123,0.085369,0.015932,0.316651,0.0,scene_3.1|scene_3.1_y04_hull_dense_y04_14p13|9158|96,scene_3.1|scene_3.1_y04_hull_dense_y04_14p13|8872|83,4655bd23fb00bcf2ea5bcd2bb912e0713679ff16,ca05bc1842b9f8fe2d50b704bd6ac624c8a5059b
scene_3_1_terminalgain_globalmax_interp_0680,family_01,680,6.737561,6.873469,0.135909,50,2,48,4.9,4.774741,4.755432,1.00406,0.181918,1.819178,1.141881,0.001331,0.045945,0.558918,0.0,scene_3.1|scene_3.1_y04_hull_dense_y04_14p13|9158|96,scene_3.1|scene_3.1_y04_hull_dense_y04_14p13|8872|83,255c48cc0a4ed8e0bf3295df3e483549cc6a7f0c,d7b351b9a7b667c75f898e77f4769ab6f01f0f39
scene_3_1_terminalgain_globalmax_interp_0681,family_01,681,6.737561,6.873469,0.135909,50,2,48,4.9,4.785968,4.755432,1.006421,0.181918,1.819178,1.14246,0.082707,0.075959,0.703774,0.0,scene_3.1|scene_3.1_y04_hull_dense_y04_14p13|9158|96,scene_3.1|scene_3.1_y04_hull_dense_y04_14p13|8872|83,35c29a87be8debc3c622dd8044caa07c8f896b81,9ecee1423f6bfe24e0b8b989e9a65b6146dec822
scene_3_1_terminalgain_globalmax_interp_0682,family_01,682,6.737561,6.873469,0.135909,50,2,48,4.9,4.757703,4.755432,1.000477,0.181918,1.819178,1.141142,0.166745,0.099835,0.235806,0.0,scene_3.1|scene_3.1_y04_hull_dense_y04_14p13|9158|96,scene_3.1|scene_3.1_y04_hull_dense_y04_14p13|8872|83,bd1bd80be676fa5d8b9f63466a9cd1c1895e4518,cc42f7df3a4055aa21b6cc4ca1e2e0ae71e28010
scene_3_1_terminalgain_globalmax_interp_0683,family_01,683,6.737561,6.873469,0.135909,50,2,48,4.9,4.762029,4.755432,1.001387,0.181918,1.819178,1.141416,0.1526,0.069821,0.392337,0.0,scene_3.1|scene_3.1_y04_hull_dense_y04_14p13|9158|96,scene_3.1|scene_3.1_y04_hull_dense_y04_14p13|8872|83,018fed8f902c7894797196ad6238a68061cb7580,26f9faa97f89002cee35af0cc67b9508028fe131
scene_3_1_terminalgain_globalmax_interp_0684,family_01,684,6.737561,6.873469,0.135909,50,2,48,4.9,4.780613,4.755432,1.005295,0.181918,1.819178,1.142145,0.068562,0.039807,0.638609,0.0,scene_3.1|scene_3.1_y04_hull_dense_y04_14p13|9158|96,scene_3.1|scene_3.1_y04_hull_dense_y04_14p13|8872|83,4c5b353faa560518376806e4475e46cf49893a80,2cd63c3aead85bfe57bd180cfb0727db7640358a
scene_3_1_terminalgain_globalmax_interp_0685,family_01,685,6.737561,6.873469,0.135909,50,2,48,4.9,4.785206,4.755432,1.006261,0.181918,1.819178,1.142326,0.015477,0.009794,0.69484,0.0,scene_3.1|scene_3.1_y04_hull_dense_y04_14p13|9158|96,scene_3.1|scene_3.1_y04_hull_dense_y04_14p13|8872|83,d20dba945d7c5134ef59421e88e1c8b50bc10896,0fccf609036855a5f75683033eae5d5d4edcecd4
scene_3_1_terminalgain_globalmax_interp_0686,family_01,686,6.737561,6.873469,0.135909,50,2,48,4.9,4.759079,4.755432,1.000767,0.181918,1.819178,1.141236,0.099515,0.02022,0.245343,0.0,scene_3.1|scene_3.1_y04_hull_dense_y04_14p13|9158|96,scene_3.1|scene_3.1_y04_hull_dense_y04_14p13|8872|83,7db104d0457b2404be63ce5e5791ccc1d4d189d6,99d65d3ec73b2f440b2bfe787ee951494e1cca1f
scene_3_1_terminalgain_globalmax_interp_0687,family_01,687,6.737561,6.873469,0.135909,50,2,48,4.9,4.758728,4.755432,1.000693,0.181917,1.819171,1.141141,0.183552,0.050234,0.244122,0.0,scene_3.1|scene_3.1_y04_hull_dense_y04_14p13|9158|96,scene_3.1|scene_3.1_y04_hull_dense_y04_14p13|8872|83,43fcb026998b76ba5aabb58315ed17706df15ba1,e88140f604445a4f2357113a94dff81fb7821f80
scene_3_1_terminalgain_globalmax_interp_0688,family_01,688,6.737561,6.873469,0.135909,50,2,48,4.9,4.779156,4.755432,1.004989,0.181918,1.819178,1.142013,0.135792,0.080247,0.619789,0.0,scene_3.1|scene_3.1_y04_hull_dense_y04_14p13|9158|96,scene_3.1|scene_3.1_y04_hull_dense_y04_14p13|8872|83,5145b78d2b7fddbd7ff87a628cd723644edce4e0,1c15b339be22f6fa1ae9f10b01a43ab2f986665a
scene_3_1_terminalgain_globalmax_interp_0689,family_01,689,6.737561,6.873469,0.135909,50,2,48,4.9,4.769882,4.755432,1.003039,0.181918,1.819178,1.14167,0.051754,0.095547,0.483177,0.0,scene_3.1|scene_3.1_y04_hull_dense_y04_14p13|9158|96,scene_3.1|scene_3.1_y04_hull_dense_y04_14p13|8872|83,3fd0be6f1f076a2a881e9f91f5f9fa125670b9a4,9c22fa8af7e6d9353f4289dd0c0309be65b12d72
scene_3_1_terminalgain_globalmax_interp_0690,family_01,690,6.737561,6.873469,0.135909,50,2,48,4.9,4.762206,4.755432,1.001424,0.181918,1.819178,1.141379,0.032285,0.065534,0.331595,0.0,scene_3.1|scene_3.1_y04_hull_dense_y04_14p13|9158|96,scene_3.1|scene_3.1_y04_hull_dense_y04_14p13|8872|83,94502c0f7d50ab8eb8e8dedb5dfa0c3c3de1adb9,44784611445d06631c921815d9375ce176710905
scene_3_1_terminalgain_globalmax_interp_0691,family_01,691,6.737561,6.873469,0.135909,50,2,48,4.9,4.763791,4.755432,1.001758,0.181917,1.819171,1.141299,0.116322,0.03552,0.367462,0.0,scene_3.1|scene_3.1_y04_hull_dense_y04_14p13|9158|96,scene_3.1|scene_3.1_y04_hull_dense_y04_14p13|8872|83,00bc8208df5ad3be66f47e3c8679ace18041b3ea,a20b7ec9073a75ce84e727ac80ea51152dfde46d
scene_3_1_terminalgain_globalmax_interp_0692,family_01,692,6.737561,6.873469,0.135909,50,2,48,4.9,4.764185,4.755432,1.001841,0.181918,1.819178,1.141367,0.20036,0.005507,0.376177,0.0,scene_3.1|scene_3.1_y04_hull_dense_y04_14p13|9158|96,scene_3.1|scene_3.1_y04_hull_dense_y04_14p13|8872|83,d42dd2dcbafe0c84edc0600c5a5ef0faad8f2109,904f4201ff0008e4451a6e4bde7724c0e90721fd
scene_3_1_terminalgain_globalmax_interp_0693,family_01,693,6.737561,6.873469,0.135909,50,2,48,4.9,4.774728,4.755432,1.004057,0.181918,1.819178,1.141917,0.199661,0.024507,0.558704,0.0,scene_3.1|scene_3.1_y04_hull_dense_y04_14p13|9158|96,scene_3.1|scene_3.1_y04_hull_dense_y04_14p13|8872|83,c6994f40bc45215f0bf8be3631ebc21b00cb9187,0dce9a35ef65e6dde5da82cd1553ddff285eed43
scene_3_1_terminalgain_globalmax_interp_0694,family_01,694,6.737561,6.873469,0.135909,50,2,48,4.9,4.775359,4.755432,1.00419,0.181918,1.819178,1.141922,0.115623,0.054521,0.567817,0.0,scene_3.1|scene_3.1_y04_hull_dense_y04_14p13|9158|96,scene_3.1|scene_3.1_y04_hull_dense_y04_14p13|8872|83,67aac3072d460836e3996f3c06fe441c3b9c64ad,803c59b604cd647c157a2f79f214c98d8f686ddf
scene_3_1_terminalgain_globalmax_interp_0695,family_01,695,6.737561,6.873469,0.135909,50,2,48,4.9,4.756879,4.755432,1.000304,0.181917,1.819171,1.141098,0.031585,0.084534,0.167288,0.0,scene_3.1|scene_3.1_y04_hull_dense_y04_14p13|9158|96,scene_3.1|scene_3.1_y04_hull_dense_y04_14p13|8872|83,397ad731a5cfb108fda104008a517c0c39bfe1b0,a2f7c74ce6f46b9c74fba82c28577a5b2535c7ac
scene_3_1_terminalgain_globalmax_interp_0696,family_01,696,6.737561,6.873469,0.135909,50,2,48,4.9,4.775007,4.755432,1.004116,0.181918,1.819178,1.141824,0.052453,0.091259,0.562802,0.0,scene_3.1|scene_3.1_y04_hull_dense_y04_14p13|9158|96,scene_3.1|scene_3.1_y04_hull_dense_y04_14p13|8872|83,d3454d2d3edae9a6c37380e1ba1ae86ac23d11ce,43c230e5e45ec8bba93f4f1d40e9351165f26085
scene_3_1_terminalgain_globalmax_interp_0697,family_01,697,6.737561,6.873469,0.135909,50,2,48,4.9,4.781389,4.755432,1.005458,0.181918,1.819178,1.142119,0.136491,0.061246,0.648639,0.0,scene_3.1|scene_3.1_y04_hull_dense_y04_14p13|9158|96,scene_3.1|scene_3.1_y04_hull_dense_y04_14p13|8872|83,cf5e622f687d23e9b4f132b789b724b2588bfcbf,3515d367c106f1aef631156cd72c2c650ecdb79e
scene_3_1_terminalgain_globalmax_interp_0698,family_01,698,6.737561,6.873469,0.135909,50,2,48,4.9,4.755612,4.755432,1.000038,0.181918,1.819178,1.141018,0.182853,0.031232,0.108054,0.0,scene_3.1|scene_3.1_y04_hull_dense_y04_14p13|9158|96,scene_3.1|scene_3.1_y04_hull_dense_y04_14p13|8872|83,0e9a943fa879df21ae0bb4f1c1958f1852395989,dba4402ce6e3b21c796579c27bf03556b873be52
scene_3_1_terminalgain_globalmax_interp_0699,family_01,699,6.737561,6.873469,0.135909,50,2,48,4.9,4.76683,4.755432,1.002397,0.181918,1.819178,1.141482,0.098816,0.001218,0.428966,0.0,scene_3.1|scene_3.1_y04_hull_dense_y04_14p13|9158|96,scene_3.1|scene_3.1_y04_hull_dense_y04_14p13|8872|83,b558881e0f5805f6cf4c8cce693171b0dc9ccef9,049fcfeb91c6f1c41f2ef640cb55648ab51c1b4b
scene_3_1_terminalgain_globalmax_interp_0700,family_01,700,6.737561,6.873469,0.135909,50,2,48,4.9,4.766813,4.755432,1.002393,0.181918,1.819178,1.141441,0.014777,0.028795,0.428777,0.0,scene_3.1|scene_3.1_y04_hull_dense_y04_14p13|9158|96,scene_3.1|scene_3.1_y04_hull_dense_y04_14p13|8872|83,016b3ea769aeeeb1d359e91eb5441de458fb3a1a,a1b3eaa8e58bd22f884f7d62f0dfbeff5c0e1090
scene_3_1_terminalgain_globalmax_interp_0701,family_01,701,6.737561,6.873469,0.135909,50,2,48,4.9,4.764815,4.755432,1.001973,0.181918,1.819178,1.141419,0.069261,0.058809,0.389308,0.0,scene_3.1|scene_3.1_y04_hull_dense_y04_14p13|9158|96,scene_3.1|scene_3.1_y04_hull_dense_y04_14p13|8872|83,e1e8c6bb92452faf4e843399c2050b0cfff22cd0,95e0daddd3f17abe36e4b9179c02f9b4cb61fed1
scene_3_1_terminalgain_globalmax_interp_0702,family_01,702,6.737561,6.873469,0.135909,50,2,48,4.9,4.772384,4.755432,1.003565,0.181918,1.819178,1.141789,0.153299,0.088822,0.523436,0.0,scene_3.1|scene_3.1_y04_hull_dense_y04_14p13|9158|96,scene_3.1|scene_3.1_y04_hull_dense_y04_14p13|8872|83,882ce19f6e804c5f2222479cac83c32ab1778d37,00b15f9d9fd0b9d1563c2596ec3fe51d18d749e4
scene_3_1_terminalgain_globalmax_interp_0703,family_01,703,6.737561,6.873469,0.135909,50,2,48,4.9,4.770077,4.755432,1.00308,0.181917,1.819171,1.141617,0.166046,0.086972,0.486614,0.0,scene_3.1|scene_3.1_y04_hull_dense_y04_14p13|9158|96,scene_3.1|scene_3.1_y04_hull_dense_y04_14p13|8872|83,3131d79e96de96457d7809d38e06a942ada9254b,60ee28e1091bcb22b5cf58de73f900ad7f55b8f4
scene_3_1_terminalgain_globalmax_interp_0704,family_01,704,6.737561,6.873469,0.135909,50,2,48,4.9,4.770074,4.755432,1.003079,0.181918,1.819178,1.1417,0.082008,0.056959,0.486522,0.0,scene_3.1|scene_3.1_y04_hull_dense_y04_14p13|9158|96,scene_3.1|scene_3.1_y04_hull_dense_y04_14p13|8872|83,a5e9eab54892e8a1b792b4d12b382df684cb7b58,43da92327270abaa4eca03649d918f9dcf351575
scene_3_1_terminalgain_globalmax_interp_0705,family_01,705,6.737561,6.873469,0.135909,50,2,48,4.9,4.772386,4.755432,1.003565,0.181918,1.819178,1.141679,0.00203,0.026945,0.52383,0.0,scene_3.1|scene_3.1_y04_hull_dense_y04_14p13|9158|96,scene_3.1|scene_3.1_y04_hull_dense_y04_14p13|8872|83,a2b2580e49dbcdb425a9b805b1bdade7dc560ef0,e3059b04ecf614e6ed3fffb2daa670f8a0f9278b
scene_3_1_terminalgain_globalmax_interp_0706,family_01,706,6.737561,6.873469,0.135909,50,2,48,4.9,4.764041,4.755432,1.00181,0.181918,1.819178,1.14128,0.086069,0.003069,0.372917,0.0,scene_3.1|scene_3.1_y04_hull_dense_y04_14p13|9158|96,scene_3.1|scene_3.1_y04_hull_dense_y04_14p13|8872|83,685a050c4b1954f88b9d76b1682c05b9304b7d78,8075a1e53b96f8b2867de4903cc8bd852bf76605
scene_3_1_terminalgain_globalmax_interp_0707,family_01,707,6.737561,6.873469,0.135909,50,2,48,4.9,4.757084,4.755432,1.000347,0.181917,1.819171,1.141043,0.170107,0.033082,0.165364,0.0,scene_3.1|scene_3.1_y04_hull_dense_y04_14p13|9158|96,scene_3.1|scene_3.1_y04_hull_dense_y04_14p13|8872|83,3c8c634081ef126239c244c365f7002fd6d6d126,45c58302840a5ceda9984433d3d52bca6fcb4aa8
scene_3_1_terminalgain_globalmax_interp_0708,family_01,708,6.737561,6.873469,0.135909,50,2,48,4.9,4.775606,4.755432,1.004242,0.181918,1.819178,1.141969,0.149238,0.063096,0.571446,0.0,scene_3.1|scene_3.1_y04_hull_dense_y04_14p13|9158|96,scene_3.1|scene_3.1_y04_hull_dense_y04_14p13|8872|83,527a6849956c1411b719f089bff19a29f2607bb6,ea52417a1a58776b2d4e06234759370f81b899a0
scene_3_1_terminalgain_globalmax_interp_0709,family_01,709,6.737561,6.873469,0.135909,50,2,48,4.9,4.764285,4.755432,1.001862,0.181918,1.819178,1.141269,0.0652,0.093109,0.393351,0.0,scene_3.1|scene_3.1_y04_hull_dense_y04_14p13|9158|96,scene_3.1|scene_3.1_y04_hull_dense_y04_14p13|8872|83,836b615c37bb407fe400f4affdb2034e90a6d78e,02f8ef78a08c78fdbb585eef083fac73f29ee0c4
scene_3_1_terminalgain_globalmax_interp_0710,family_01,710,6.737561,6.873469,0.135909,50,2,48,4.9,4.761158,4.755432,1.001204,0.181918,1.819178,1.141317,0.018838,0.082684,0.303926,0.0,scene_3.1|scene_3.1_y04_hull_dense_y04_14p13|9158|96,scene_3.1|scene_3.1_y04_hull_dense_y04_14p13|8872|83,9160b3041cff052d6ad7fcafdf29b48a2e0a113f,029e5d542875501b31c3baca846f19896a05d9b9
scene_3_1_terminalgain_globalmax_interp_0711,family_01,711,6.737561,6.873469,0.135909,50,2,48,4.9,4.772742,4.755432,1.00364,0.181917,1.819172,1.141784,0.102876,0.05267,0.529042,0.0,scene_3.1|scene_3.1_y04_hull_dense_y04_14p13|9158|96,scene_3.1|scene_3.1_y04_hull_dense_y04_14p13|8872|83,0fd5ea024d58f30d9d577785988e94dd7f7fd285,1c0f2089f437284302349cbb3acb10b4b1c139f2
scene_3_1_terminalgain_globalmax_interp_0712,family_01,712,6.737561,6.873469,0.135909,50,2,48,4.9,4.792308,4.755432,1.007754,0.181917,1.819172,1.142822,0.186914,0.022657,0.774414,0.0,scene_3.1|scene_3.1_y04_hull_dense_y04_14p13|9158|96,scene_3.1|scene_3.1_y04_hull_dense_y04_14p13|8872|83,c1685f0ed02a796a4c5d59e8efd4863f242d5713,bac94618ada4f605ca4290876f81288456f41cf5
scene_3_1_terminalgain_globalmax_interp_0713,family_01,713,6.737561,6.873469,0.135909,50,2,48,4.9,4.77477,4.755432,1.004067,0.181918,1.819178,1.141872,0.13243,0.007357,0.559428,0.0,scene_3.1|scene_3.1_y04_hull_dense_y04_14p13|9158|96,scene_3.1|scene_3.1_y04_hull_dense_y04_14p13|8872|83,b649fd4642f77ef82c74e059b88c9cc2509ff7c1,493e5391b383c7ebe362b222028be9ac53be2aac
scene_3_1_terminalgain_globalmax_interp_0714,family_01,714,6.737561,6.873469,0.135909,50,2,48,4.9,4.758164,4.755432,1.000574,0.181918,1.819178,1.141064,0.048392,0.03737,0.210037,0.0,scene_3.1|scene_3.1_y04_hull_dense_y04_14p13|9158|96,scene_3.1|scene_3.1_y04_hull_dense_y04_14p13|8872|83,7b3aa57e9f6554105889adb58bf8e20161bbbaf3,95d7affd4d5e4e195e0e6cd6326e0279d25d3848
scene_3_1_terminalgain_globalmax_interp_0715,family_01,715,6.737561,6.873469,0.135909,50,2,48,4.9,4.770311,4.755432,1.003129,0.181918,1.819178,1.141671,0.035646,0.067384,0.490487,0.0,scene_3.1|scene_3.1_y04_hull_dense_y04_14p13|9158|96,scene_3.1|scene_3.1_y04_hull_dense_y04_14p13|8872|83,774b9ac276529ba29120a4cdd9aede7982b3515e,134c6f0944c900f53b4ba1c22a334b033f0bbdd6
scene_3_1_terminalgain_globalmax_interp_0716,family_01,716,6.737561,6.873469,0.135909,50,2,48,4.9,4.761773,4.755432,1.001333,0.181918,1.819178,1.141214,0.119683,0.097397,0.320125,0.0,scene_3.1|scene_3.1_y04_hull_dense_y04_14p13|9158|96,scene_3.1|scene_3.1_y04_hull_dense_y04_14p13|8872|83,1991129f0a3eb4a22ee39d735b1223c7a49464e4,fa89151cfecb79fb46d67b56b07b27e8325ffa89
scene_3_1_terminalgain_globalmax_interp_0717,family_01,717,6.737561,6.873469,0.135909,50,2,48,4.9,4.771755,4.755432,1.003432,0.181918,1.819178,1.141839,0.203722,0.078397,0.513816,0.0,scene_3.1|scene_3.1_y04_hull_dense_y04_14p13|9158|96,scene_3.1|scene_3.1_y04_hull_dense_y04_14p13|8872|83,40478512079d14acb02d4fc5ef236602391363f1,c84a3b185c68f5cd28a58f87eb5f5829a33c9832
scene_3_1_terminalgain_globalmax_interp_0718,family_01,718,6.737561,6.873469,0.135909,50,2,48,4.9,4.762773,4.755432,1.001544,0.181918,1.819178,1.141158,0.196299,0.048383,0.357949,0.0,scene_3.1|scene_3.1_y04_hull_dense_y04_14p13|9158|96,scene_3.1|scene_3.1_y04_hull_dense_y04_14p13|8872|83,921b8992edea95992d373b91ee7c0bc30c308042,568768cb7f385443f75dca8275ade718033cbe6e
scene_3_1_terminalgain_globalmax_interp_0719,family_01,719,6.737561,6.873469,0.135909,50,2,48,4.9,4.756567,4.755432,1.000239,0.181917,1.819171,1.14108,0.112261,0.01837,0.139661,0.0,scene_3.1|scene_3.1_y04_hull_dense_y04_14p13|9158|96,scene_3.1|scene_3.1_y04_hull_dense_y04_14p13|8872|83,34f56875e42405e40bba2e834e95a29a2f5e6a24,5884411cb02586bf1176bbe9f85fb9be21b885ed
scene_3_1_terminalgain_globalmax_interp_0720,family_01,720,6.737561,6.873469,0.135909,50,2,48,4.9,4.78138,4.755432,1.005456,0.181918,1.819178,1.142156,0.028224,0.011644,0.648528,0.0,scene_3.1|scene_3.1_y04_hull_dense_y04_14p13|9158|96,scene_3.1|scene_3.1_y04_hull_dense_y04_14p13|8872|83,4c0f1f25798e4e8e9199f65d4a53e8960d52d087,963afcbd118fda1800fd3fe7674552ed3083a40a
scene_3_1_terminalgain_globalmax_interp_0721,family_01,721,6.737561,6.873469,0.135909,50,2,48,4.9,4.78438,4.755432,1.006087,0.181917,1.819172,1.142343,0.055814,0.041657,0.685225,0.0,scene_3.1|scene_3.1_y04_hull_dense_y04_14p13|9158|96,scene_3.1|scene_3.1_y04_hull_dense_y04_14p13|8872|83,bf1837f10e1e7556fe53a9bc5d21973858f7c780,88d9813cbfaba850e7016f6da652a0124931ef67
scene_3_1_terminalgain_globalmax_interp_0722,family_01,722,6.737561,6.873469,0.135909,50,2,48,4.9,4.757132,4.755432,1.000357,0.181917,1.819172,1.141012,0.139853,0.071671,0.182612,0.0,scene_3.1|scene_3.1_y04_hull_dense_y04_14p13|9158|96,scene_3.1|scene_3.1_y04_hull_dense_y04_14p13|8872|83,12bfbad731525026d108d6b349bbc2c764ca5cdf,5a03fd58f03cdef5240f473696e2133af1c2832c
scene_3_1_terminalgain_globalmax_interp_0723,family_01,723,6.737561,6.873469,0.135909,50,2,48,4.9,4.761262,4.755432,1.001226,0.181917,1.819171,1.141373,0.179492,0.101685,0.310851,0.0,scene_3.1|scene_3.1_y04_hull_dense_y04_14p13|9158|96,scene_3.1|scene_3.1_y04_hull_dense_y04_14p13|8872|83,d38e4e5d154c83c14f534fca716661a7c92267d2,c9e8a413886153232d3b5fcff2898e61e678a75b
scene_3_1_terminalgain_globalmax_interp_0724,family_01,724,6.737561,6.873469,0.135909,50,2,48,4.9,4.773648,4.755432,1.00383,0.181918,1.819178,1.141696,0.095454,0.10351,0.542875,0.0,scene_3.1|scene_3.1_y04_hull_dense_y04_14p13|9158|96,scene_3.1|scene_3.1_y04_hull_dense_y04_14p13|8872|83,b8068716892d96821e6e442e7b3e9408a6c0f983,8c4d4573d19a5089cc7a168cf72e5bcbc923082a
scene_3_1_terminalgain_globalmax_interp_0725,family_01,725,6.737561,6.873469,0.135909,50,2,48,4.9,4.761798,4.755432,1.001339,0.181918,1.819178,1.141294,0.011416,0.073496,0.320486,0.0,scene_3.1|scene_3.1_y04_hull_dense_y04_14p13|9158|96,scene_3.1|scene_3.1_y04_hull_dense_y04_14p13|8872|83,287eff673464bca5f554eedc597415622f2cdade,ba2a01bb7fa4c6c2af2c816a0e4f6234b591b0c4
scene_3_1_terminalgain_globalmax_interp_0726,family_01,726,6.737561,6.873469,0.135909,50,2,48,4.9,4.767878,4.755432,1.002617,0.181918,1.819178,1.141574,0.072622,0.043483,0.448466,0.0,scene_3.1|scene_3.1_y04_hull_dense_y04_14p13|9158|96,scene_3.1|scene_3.1_y04_hull_dense_y04_14p13|8872|83,8006622f40575c2601c6b9005d52ad52d0356997,d8b37071cd01164a0a9dcf24f868018e7dd0a468
scene_3_1_terminalgain_globalmax_interp_0727,family_01,727,6.737561,6.873469,0.135909,50,2,48,4.9,4.75953,4.755432,1.000862,0.181917,1.819171,1.141088,0.156661,0.013469,0.257169,0.0,scene_3.1|scene_3.1_y04_hull_dense_y04_14p13|9158|96,scene_3.1|scene_3.1_y04_hull_dense_y04_14p13|8872|83,a8801292525cff9a2f0749fd6d43a292c33ac44f,a7c724812f0aefff3b13aa63c919e0fe112ce951
scene_3_1_terminalgain_globalmax_interp_0728,family_01,728,6.737561,6.873469,0.135909,50,2,48,4.9,4.773674,4.755432,1.003836,0.181918,1.819178,1.141794,0.162685,0.016544,0.543282,0.0,scene_3.1|scene_3.1_y04_hull_dense_y04_14p13|9158|96,scene_3.1|scene_3.1_y04_hull_dense_y04_14p13|8872|83,3631e19dd1d3970943352f95c4c207230a1390bb,5f56d949cce81dd0ce79fa347411063196d1105d
scene_3_1_terminalgain_globalmax_interp_0729,family_01,729,6.737561,6.873469,0.135909,50,2,48,4.9,4.786136,4.755432,1.006457,0.181918,1.819178,1.142478,0.078646,0.046558,0.705587,0.0,scene_3.1|scene_3.1_y04_hull_dense_y04_14p13|9158|96,scene_3.1|scene_3.1_y04_hull_dense_y04_14p13|8872|83,82a656faca348bb645ee5f7d2f93bfb33ef2cfab,346c9014d64e7d0b79800c9399c26795095f71f3
scene_3_1_terminalgain_globalmax_interp_0730,family_01,730,6.737561,6.873469,0.135909,50,2,48,4.9,4.769054,4.755432,1.002864,0.181918,1.819178,1.141589,0.005392,0.076572,0.469049,0.0,scene_3.1|scene_3.1_y04_hull_dense_y04_14p13|9158|96,scene_3.1|scene_3.1_y04_hull_dense_y04_14p13|8872|83,36350356a289323c743dd4121bdc9e05ccc19735,826a93eb7e3d458d21b4ce79f1bb1cd89d21ac49
scene_3_1_terminalgain_globalmax_interp_0731,family_01,731,6.737561,6.873469,0.135909,50,2,48,4.9,4.758744,4.755432,1.000696,0.181917,1.819171,1.141045,0.08943,0.099223,0.293146,0.0,scene_3.1|scene_3.1_y04_hull_dense_y04_14p13|9158|96,scene_3.1|scene_3.1_y04_hull_dense_y04_14p13|8872|83,4f4031ffb258896a0fa1b55b2802a373b5a64e25,d975895f3813d4e14ed9292d409779a9e0ff2151
scene_3_1_terminalgain_globalmax_interp_0732,family_01,732,6.737561,6.873469,0.135909,50,2,48,4.9,4.768348,4.755432,1.002716,0.181918,1.819178,1.141699,0.173468,0.069209,0.457,0.0,scene_3.1|scene_3.1_y04_hull_dense_y04_14p13|9158|96,scene_3.1|scene_3.1_y04_hull_dense_y04_14p13|8872|83,0d5fb3a72cc6fe883d06a8dbf84e89df3fb657c3,90182e427244bf73b5771909b992fad3517e2b07
scene_3_1_terminalgain_globalmax_interp_0733,family_01,733,6.737561,6.873469,0.135909,50,2,48,4.9,4.770342,4.755432,1.003135,0.181918,1.819178,1.141543,0.145877,0.039196,0.49114,0.0,scene_3.1|scene_3.1_y04_hull_dense_y04_14p13|9158|96,scene_3.1|scene_3.1_y04_hull_dense_y04_14p13|8872|83,0f92ff87aa887d8aad20ec301ceaaa80524971c4,4e9edc79adf74e7c2338c66a0c2f3f24ee4ea3b5
scene_3_1_terminalgain_globalmax_interp_0734,family_01,734,6.737561,6.873469,0.135909,50,2,48,4.9,4.758278,4.755432,1.000598,0.181918,1.819178,1.141121,0.061838,0.009182,0.214619,0.0,scene_3.1|scene_3.1_y04_hull_dense_y04_14p13|9158|96,scene_3.1|scene_3.1_y04_hull_dense_y04_14p13|8872|83,610a4191fa01d01bbe6d38945ef06ed04764eae3,14c5b7b45f593ab00a29c97a1817407df525869d
scene_3_1_terminalgain_globalmax_interp_0735,family_01,735,6.737561,6.873469,0.135909,50,2,48,4.9,4.766521,4.755432,1.002332,0.181917,1.819171,1.141561,0.0222,0.020832,0.423176,0.0,scene_3.1|scene_3.1_y04_hull_dense_y04_14p13|9158|96,scene_3.1|scene_3.1_y04_hull_dense_y04_14p13|8872|83,a511297bb4cfd9f409badd8a3733aa0b551ffe20,2ac8118f7d68b831f4ae9bff05d57eb35c94da86
scene_3_1_terminalgain_globalmax_interp_0736,family_01,736,6.737561,6.873469,0.135909,50,2,48,4.9,4.773287,4.755432,1.003755,0.181918,1.819178,1.141782,0.106238,0.050845,0.537335,0.0,scene_3.1|scene_3.1_y04_hull_dense_y04_14p13|9158|96,scene_3.1|scene_3.1_y04_hull_dense_y04_14p13|8872|83,db8d7bd451adae822b2c492d0deda83e5c995968,66f14babe01abbe5b1eb15b2bfb1665304dde603
scene_3_1_terminalgain_globalmax_interp_0737,family_01,737,6.737561,6.873469,0.135909,50,2,48,4.9,4.768386,4.755432,1.002724,0.181918,1.819178,1.141569,0.190275,0.080859,0.457435,0.0,scene_3.1|scene_3.1_y04_hull_dense_y04_14p13|9158|96,scene_3.1|scene_3.1_y04_hull_dense_y04_14p13|8872|83,6f036acd366d1b534c203256928dfcab8d255e86,e00b8a2d282167713f35e192334ff903c452789e
scene_3_1_terminalgain_globalmax_interp_0738,family_01,738,6.737561,6.873469,0.135909,50,2,48,4.9,4.774842,4.755432,1.004082,0.181918,1.819178,1.141984,0.129069,0.094935,0.560262,0.0,scene_3.1|scene_3.1_y04_hull_dense_y04_14p13|9158|96,scene_3.1|scene_3.1_y04_hull_dense_y04_14p13|8872|83,1e3a544168db514f2daa8f63c1ff499c1fe2901e,c8f334a50b1f68ccfeed2d35d3aa9a53fcf3cc95
scene_3_1_terminalgain_globalmax_interp_0739,family_01,739,6.737561,6.873469,0.135909,50,2,48,4.9,4.774328,4.755432,1.003973,0.181916,1.819164,1.141819,0.045031,0.064921,0.553025,0.0,scene_3.1|scene_3.1_y04_hull_dense_y04_14p13|9158|96,scene_3.1|scene_3.1_y04_hull_dense_y04_14p13|8872|83,7b1f60f788325127005dffc211082aa1189bdd94,bea14ac160c90eff43ca1af727f180c7b873c9a3
scene_3_1_terminalgain_globalmax_interp_0740,family_01,740,6.737561,6.873469,0.135909,50,2,48,4.9,4.768017,4.755432,1.002646,0.181917,1.819172,1.141541,0.039007,0.034908,0.451188,0.0,scene_3.1|scene_3.1_y04_hull_dense_y04_14p13|9158|96,scene_3.1|scene_3.1_y04_hull_dense_y04_14p13|8872|83,4065831c712498ce9df67910d6a55d3d65dd9391,911e44c68fc2c70153239296e3155e4dc024e75e
scene_3_1_terminalgain_globalmax_interp_0741,family_01,741,6.737561,6.873469,0.135909,50,2,48,4.9,4.763497,4.755432,1.001696,0.181918,1.819178,1.141339,0.123045,0.004894,0.360819,0.0,scene_3.1|scene_3.1_y04_hull_dense_y04_14p13|9158|96,scene_3.1|scene_3.1_y04_hull_dense_y04_14p13|8872|83,484139020348bf83b8890c9fcf6036ae59126805,e86d00730d822b5963f01d3425b5e42de8d60519
scene_3_1_terminalgain_globalmax_interp_0742,family_01,742,6.737561,6.873469,0.135909,50,2,48,4.9,4.770632,4.755432,1.003196,0.181918,1.819178,1.141634,0.207083,0.02512,0.495766,0.0,scene_3.1|scene_3.1_y04_hull_dense_y04_14p13|9158|96,scene_3.1|scene_3.1_y04_hull_dense_y04_14p13|8872|83,a01e84575da0926276fd0602f7f3d249046bc329,027d5512ad30e212cec866cb2ad609fe536dbeb0
scene_3_1_terminalgain_globalmax_interp_0743,family_01,743,6.737561,6.873469,0.135909,50,2,48,4.9,4.755491,4.755432,1.000012,0.181918,1.819178,1.141029,0.209073,0.055133,0.088074,0.0,scene_3.1|scene_3.1_y04_hull_dense_y04_14p13|9158|96,scene_3.1|scene_3.1_y04_hull_dense_y04_14p13|8872|83,fb233999eed5116eac1068892ab045174b673214,28546cfbfdbea7e24c56ecd25060fdc63e65e59b
scene_3_1_terminalgain_globalmax_interp_0744,family_01,744,6.737561,6.873469,0.135909,50,2,48,4.9,4.782512,4.755432,1.005694,0.181918,1.819178,1.142338,0.125035,0.085147,0.662502,0.0,scene_3.1|scene_3.1_y04_hull_dense_y04_14p13|9158|96,scene_3.1|scene_3.1_y04_hull_dense_y04_14p13|8872|83,2e727372230f1057aaeed13802e927d57e392a7d,ab2dfb4208564f5edfe7dcc2f0bf735a8ff32401
scene_3_1_terminalgain_globalmax_interp_0745,family_01,745,6.737561,6.873469,0.135909,50,2,48,4.9,4.780045,4.755432,1.005176,0.181918,1.819178,1.142202,0.040997,0.090647,0.631563,0.0,scene_3.1|scene_3.1_y04_hull_dense_y04_14p13|9158|96,scene_3.1|scene_3.1_y04_hull_dense_y04_14p13|8872|83,47547c6f5cb6fa6fe670a7819b4b7acf8dacec26,1b26bd99c303d4e464ec62de385aeec0bed6d9f3
scene_3_1_terminalgain_globalmax_interp_0746,family_01,746,6.737561,6.873469,0.135909,50,2,48,4.9,4.755996,4.755432,1.000119,0.181917,1.819171,1.140974,0.043041,0.060633,0.128761,0.0,scene_3.1|scene_3.1_y04_hull_dense_y04_14p13|9158|96,scene_3.1|scene_3.1_y04_hull_dense_y04_14p13|8872|83,b397a08ead3b2e03f70b36187c2273a8bbe5db6c,826ffdceb3b950558045680be66c733b114f26e3
scene_3_1_terminalgain_globalmax_interp_0747,family_01,747,6.737561,6.873469,0.135909,50,2,48,4.9,4.774155,4.755432,1.003937,0.181918,1.819178,1.141848,0.127079,0.030619,0.550525,0.0,scene_3.1|scene_3.1_y04_hull_dense_y04_14p13|9158|96,scene_3.1|scene_3.1_y04_hull_dense_y04_14p13|8872|83,a8a2b85a2752c02b8fed464a6090c85d92770901,9f1386373acd6dbbc5d7b60d8ce38f285c090caf
scene_3_1_terminalgain_globalmax_interp_0748,family_01,748,6.737561,6.873469,0.135909,50,2,48,4.9,4.775397,4.755432,1.004198,0.181918,1.819178,1.141818,0.192265,0.000606,0.568354,0.0,scene_3.1|scene_3.1_y04_hull_dense_y04_14p13|9158|96,scene_3.1|scene_3.1_y04_hull_dense_y04_14p13|8872|83,e843dceb489fa3f0e79ea1f7da3d384cc0a04dba,84047f16e8bb8550589a666a50f94df072e7e454
scene_3_1_terminalgain_globalmax_interp_0749,family_01,749,6.737561,6.873469,0.135909,50,2,48,4.9,4.767337,4.755432,1.002503,0.181918,1.819178,1.141445,0.108227,0.029408,0.43874,0.0,scene_3.1|scene_3.1_y04_hull_dense_y04_14p13|9158|96,scene_3.1|scene_3.1_y04_hull_dense_y04_14p13|8872|83,3ed9922186511a24f6085d9b9b10e272d3cc41ea,4497b47425f5262134f27750b505ccb59764c0d5
scene_3_1_terminalgain_globalmax_interp_0750,family_01,750,6.737561,6.873469,0.135909,50,2,48,4.9,4.760992,4.755432,1.001169,0.181918,1.819178,1.141256,0.02419,0.059421,0.299628,0.0,scene_3.1|scene_3.1_y04_hull_dense_y04_14p13|9158|96,scene_3.1|scene_3.1_y04_hull_dense_y04_14p13|8872|83,83969bf0d9164bad0c03a90a750191426351a498,2e74d0257c0628839c30558376cc9fa4e8d5d536
scene_3_1_terminalgain_globalmax_interp_0751,family_01,751,6.737561,6.873469,0.135909,50,2,48,4.9,4.764955,4.755432,1.002003,0.181918,1.819178,1.141322,0.059848,0.089435,0.392242,0.0,scene_3.1|scene_3.1_y04_hull_dense_y04_14p13|9158|96,scene_3.1|scene_3.1_y04_hull_dense_y04_14p13|8872|83,b06b9c69fc9230330ca5d664bd3eef6c53e86d84,39654fe3eba4d1bea66595c9e3c2b88824030dfe
scene_3_1_terminalgain_globalmax_interp_0752,family_01,752,6.737561,6.873469,0.135909,50,2,48,4.9,4.766688,4.755432,1.002367,0.181918,1.819178,1.141521,0.143887,0.08636,0.426469,0.0,scene_3.1|scene_3.1_y04_hull_dense_y04_14p13|9158|96,scene_3.1|scene_3.1_y04_hull_dense_y04_14p13|8872|83,08685db001d5aba0584cf615859648ee405b5ba4,e970b77e1cfca7f8a886037bb79be05b69e95d7f
scene_3_1_terminalgain_globalmax_interp_0753,family_01,753,6.737561,6.873469,0.135909,50,2,48,4.9,4.779836,4.755432,1.005132,0.181918,1.819178,1.142085,0.175458,0.056346,0.628885,0.0,scene_3.1|scene_3.1_y04_hull_dense_y04_14p13|9158|96,scene_3.1|scene_3.1_y04_hull_dense_y04_14p13|8872|83,da3dbf53556e41e7afd8354f874db0609b523b7e,b693fdf0f4ec2a92fb54b4851fbbb0f24c21e091
scene_3_1_terminalgain_globalmax_interp_0754,family_01,754,6.737561,6.873469,0.135909,50,2,48,4.9,4.759339,4.755432,1.000822,0.181918,1.819178,1.141157,0.09142,0.026332,0.26555,0.0,scene_3.1|scene_3.1_y04_hull_dense_y04_14p13|9158|96,scene_3.1|scene_3.1_y04_hull_dense_y04_14p13|8872|83,abc67945b42f0b4ab95ca09b7c51d19dc0a5ee43,2964fc36a87aea5b7cc9dd259ddcf7acc440f1b6
scene_3_1_terminalgain_globalmax_interp_0755,family_01,755,6.737561,6.873469,0.135909,50,2,48,4.9,4.75936,4.755432,1.000826,0.181917,1.819172,1.141049,0.007382,0.003681,0.321881,0.0,scene_3.1|scene_3.1_y04_hull_dense_y04_14p13|9158|96,scene_3.1|scene_3.1_y04_hull_dense_y04_14p13|8872|83,94e0f491999138814b792f44092239e5a6333df2,5d8a77749f1e3db4661c937f71093b2d0cb53bf8
scene_3_1_terminalgain_globalmax_interp_0756,family_01,756,6.737561,6.873469,0.135909,50,2,48,4.9,4.779586,4.755432,1.005079,0.181917,1.819172,1.142178,0.076656,0.033695,0.625543,0.0,scene_3.1|scene_3.1_y04_hull_dense_y04_14p13|9158|96,scene_3.1|scene_3.1_y04_hull_dense_y04_14p13|8872|83,9e6238cc25e9553b205b627c4d4a5f62d3ba6f81,11ee6bc0ed3738bdc63791391a141b20a138e854
scene_3_1_terminalgain_globalmax_interp_0757,family_01,757,6.737561,6.873469,0.135909,50,2,48,4.9,4.775626,4.755432,1.004247,0.181918,1.819178,1.141948,0.160694,0.063708,0.571556,0.0,scene_3.1|scene_3.1_y04_hull_dense_y04_14p13|9158|96,scene_3.1|scene_3.1_y04_hull_dense_y04_14p13|8872|83,54a527713935fc120e4001e5eb07008e47ce4065,a32f38aa707c901ce1d98971c540e54fe67c043c
scene_3_1_terminalgain_globalmax_interp_0758,family_01,758,6.737561,6.873469,0.135909,50,2,48,4.9,4.758596,4.755432,1.000665,0.181918,1.819178,1.14112,0.158651,0.093722,0.247374,0.0,scene_3.1|scene_3.1_y04_hull_dense_y04_14p13|9158|96,scene_3.1|scene_3.1_y04_hull_dense_y04_14p13|8872|83,cd6466d6e1a6e0849db6ca469e8ce9ed88637697,75bd7da2597ac36db7eee83e09112df722edafc2
scene_3_1_terminalgain_globalmax_interp_0759,family_01,759,6.737561,6.873469,0.135909,50,2,48,4.9,4.761499,4.755432,1.001276,0.181917,1.819171,1.141234,0.074612,0.082071,0.312959,0.0,scene_3.1|scene_3.1_y04_hull_dense_y04_14p13|9158|96,scene_3.1|scene_3.1_y04_hull_dense_y04_14p13|8872|83,28e6c2b665d9f8a4cceb8e3282ebf9c71eba63b4,224ae7eba37c0429d89ac6e5269e5a763900d34d
scene_3_1_terminalgain_globalmax_interp_0760,family_01,760,6.737561,6.873469,0.135909,50,2,48,4.9,4.777181,4.755432,1.004573,0.181918,1.819178,1.141946,0.009426,0.052058,0.593676,0.0,scene_3.1|scene_3.1_y04_hull_dense_y04_14p13|9158|96,scene_3.1|scene_3.1_y04_hull_dense_y04_14p13|8872|83,051a53cb2c3c9cf67d552b340edfdfa11bc7f331,33b62756fb4e9a30ef0b0bd110196e8b5dd14413
scene_3_1_terminalgain_globalmax_interp_0761,family_01,761,6.737561,6.873469,0.135909,50,2,48,4.9,4.772941,4.755432,1.003682,0.181918,1.819178,1.141808,0.093464,0.022044,0.532246,0.0,scene_3.1|scene_3.1_y04_hull_dense_y04_14p13|9158|96,scene_3.1|scene_3.1_y04_hull_dense_y04_14p13|8872|83,522f6845679726b1ffd35402bc348f9a389c8037,9ba66086fd0d47c3cf203dd89814b18f950fa9d8
scene_3_1_terminalgain_globalmax_interp_0762,family_01,762,6.737561,6.873469,0.135909,50,2,48,4.9,4.767011,4.755432,1.002435,0.181917,1.819171,1.141575,0.177502,0.007969,0.432627,0.0,scene_3.1|scene_3.1_y04_hull_dense_y04_14p13|9158|96,scene_3.1|scene_3.1_y04_hull_dense_y04_14p13|8872|83,3cdd7681e01e2cc2b4b6031ff6512cc7646c9b7e,e055b293822a6f6eb9bd3907e45d6d5847d594f5
scene_3_1_terminalgain_globalmax_interp_0763,family_01,763,6.737561,6.873469,0.135909,50,2,48,4.9,4.761634,4.755432,1.001304,0.181918,1.819178,1.141308,0.141843,0.037983,0.316539,0.0,scene_3.1|scene_3.1_y04_hull_dense_y04_14p13|9158|96,scene_3.1|scene_3.1_y04_hull_dense_y04_14p13|8872|83,d9ae227737a154bb18ebb54d324a10b87dc4ef00,482d6d7f839d5805b944a2d6aeee112521be4239
scene_3_1_terminalgain_globalmax_interp_0764,family_01,764,6.737561,6.873469,0.135909,50,2,48,4.9,4.763767,4.755432,1.001753,0.181918,1.819178,1.14132,0.057805,0.067996,0.369731,0.0,scene_3.1|scene_3.1_y04_hull_dense_y04_14p13|9158|96,scene_3.1|scene_3.1_y04_hull_dense_y04_14p13|8872|83,2b135a5527346c7bbe812eb2ea5e3d5c7f99520a,e311fa81e9842f2f2d0cd5992c679782a4c88cce
scene_3_1_terminalgain_globalmax_interp_0765,family_01,765,6.737561,6.873469,0.135909,50,2,48,4.9,4.783823,4.755432,1.00597,0.181918,1.819178,1.142425,0.026234,0.09801,0.678636,0.0,scene_3.1|scene_3.1_y04_hull_dense_y04_14p13|9158|96,scene_3.1|scene_3.1_y04_hull_dense_y04_14p13|8872|83,dfa5096ac2f00c0d7d1736439d81e5aae52e8d4f,fa0e4b866abaad5c5affc5c07d80b410eea13ac0
scene_3_1_terminalgain_globalmax_interp_0766,family_01,766,6.737561,6.873469,0.135909,50,2,48,4.9,4.776584,4.755432,1.004448,0.181918,1.819178,1.141989,0.110271,0.077784,0.585032,0.0,scene_3.1|scene_3.1_y04_hull_dense_y04_14p13|9158|96,scene_3.1|scene_3.1_y04_hull_dense_y04_14p13|8872|83,1056deb4e5a5f452b2d5eafb34c22464cf02b31e,f4d2963d62c70f139ef237662f9d210de77210c9
scene_3_1_terminalgain_globalmax_interp_0767,family_01,767,6.737561,6.873469,0.135909,50,2,48,4.9,4.758118,4.755432,1.000565,0.181917,1.819171,1.141126,0.194309,0.047771,0.208194,0.0,scene_3.1|scene_3.1_y04_hull_dense_y04_14p13|9158|96,scene_3.1|scene_3.1_y04_hull_dense_y04_14p13|8872|83,44d0233ff4558ce92659cc301964597a8de2082e,76ccfdd565a5bf922d455e1740943217972eb497
scene_3_1_terminalgain_globalmax_interp_0768,family_01,768,6.737561,6.873469,0.135909,50,2,48,4.9,4.771032,4.755432,1.00328,0.181918,1.819178,1.141616,0.205712,0.017757,0.502294,0.0,scene_3.1|scene_3.1_y04_hull_dense_y04_14p13|9158|96,scene_3.1|scene_3.1_y04_hull_dense_y04_14p13|8872|83,ad3c4e4ec16e5ee2b324a95c83d68c0782237c10,6db3fafeb54b5fbb6cc997235deba255a765374f
scene_3_1_terminalgain_globalmax_interp_0769,family_01,769,6.737561,6.873469,0.135909,50,2,48,4.9,4.779908,4.755432,1.005147,0.181917,1.819172,1.142142,0.121673,0.012256,0.629878,0.0,scene_3.1|scene_3.1_y04_hull_dense_y04_14p13|9158|96,scene_3.1|scene_3.1_y04_hull_dense_y04_14p13|8872|83,b3a52b0525b369b2c2fe9417b1c51dfb5a98f0ee,0ffeadb32bda3d4409658f9d283b85d88efc39dc
scene_3_1_terminalgain_globalmax_interp_0770,family_01,770,6.737561,6.873469,0.135909,50,2,48,4.9,4.756332,4.755432,1.000189,0.181917,1.819172,1.141018,0.037635,0.04227,0.190027,0.0,scene_3.1|scene_3.1_y04_hull_dense_y04_14p13|9158|96,scene_3.1|scene_3.1_y04_hull_dense_y04_14p13|8872|83,6b36f9e1df88fedfb19b848a1c21c6d93cf482af,049e0d3327f28bcf3aab359bea5d3abe1edd266e
scene_3_1_terminalgain_globalmax_interp_0771,family_01,771,6.737561,6.873469,0.135909,50,2,48,4.9,4.763833,4.755432,1.001766,0.181918,1.819178,1.141396,0.046402,0.072284,0.368389,0.0,scene_3.1|scene_3.1_y04_hull_dense_y04_14p13|9158|96,scene_3.1|scene_3.1_y04_hull_dense_y04_14p13|8872|83,5efbdce71b6bceacba9de0a248c4f0318787ba1b,cc59910927523df5e25b42cfe3d634e870333782
scene_3_1_terminalgain_globalmax_interp_0772,family_01,772,6.737561,6.873469,0.135909,50,2,48,4.9,4.770657,4.755432,1.003202,0.181918,1.819178,1.141583,0.13044,0.102297,0.496179,0.0,scene_3.1|scene_3.1_y04_hull_dense_y04_14p13|9158|96,scene_3.1|scene_3.1_y04_hull_dense_y04_14p13|8872|83,e36b36b92f5679367f543246667c9f551d09297b,6fc6c49cea20750ce35cc9cec4ec64b28ebb0055
scene_3_1_terminalgain_globalmax_interp_0773,family_01,773,6.737561,6.873469,0.135909,50,2,48,4.9,4.761987,4.755432,1.001378,0.181918,1.819178,1.141265,0.188904,0.102897,0.325221,0.0,scene_3.1|scene_3.1_y04_hull_dense_y04_14p13|9158|96,scene_3.1|scene_3.1_y04_hull_dense_y04_14p13|8872|83,deba200c7244f7b4ec385fb41fd5d4b4377f4002,0795b56bd5d0ed60c937b877692dbf9a4703bd90
scene_3_1_terminalgain_globalmax_interp_0774,family_01,774,6.737561,6.873469,0.135909,50,2,48,4.9,4.77177,4.755432,1.003436,0.181918,1.819178,1.141681,0.104867,0.072884,0.51398,0.0,scene_3.1|scene_3.1_y04_hull_dense_y04_14p13|9158|96,scene_3.1|scene_3.1_y04_hull_dense_y04_14p13|8872|83,2c7f9d9fcef1ca811672897b61536f701529c7b1,1d037dbc6e6e7d7d42590ba286ce82a4c1e5dfac
scene_3_1_terminalgain_globalmax_interp_0775,family_01,775,6.737561,6.873469,0.135909,50,2,48,4.9,4.771928,4.755432,1.003469,0.181917,1.819171,1.1418,0.020828,0.04287,0.516325,0.0,scene_3.1|scene_3.1_y04_hull_dense_y04_14p13|9158|96,scene_3.1|scene_3.1_y04_hull_dense_y04_14p13|8872|83,c11406f6355e8b6d82839f17f81ada3013bf275b,044c5651ecbba642daeeeb4c3ee8403102a5436c
scene_3_1_terminalgain_globalmax_interp_0776,family_01,776,6.737561,6.873469,0.135909,50,2,48,4.9,4.774125,4.755432,1.003931,0.181918,1.819178,1.141723,0.06321,0.012857,0.550014,0.0,scene_3.1|scene_3.1_y04_hull_dense_y04_14p13|9158|96,scene_3.1|scene_3.1_y04_hull_dense_y04_14p13|8872|83,16246be750f12c15688a5ceda98150d8ac2cc217,26b2f75db24a99725d8937b67d953814abd8c887
scene_3_1_terminalgain_globalmax_interp_0777,family_01,777,6.737561,6.873469,0.135909,50,2,48,4.9,4.777473,4.755432,1.004635,0.181918,1.819178,1.141955,0.147248,0.017157,0.59739,0.0,scene_3.1|scene_3.1_y04_hull_dense_y04_14p13|9158|96,scene_3.1|scene_3.1_y04_hull_dense_y04_14p13|8872|83,e01338ac90c807b68ffe289b35b88066953aadcd,82dd165ffcd76bd976dfa2e6f5215290930a3ff3
scene_3_1_terminalgain_globalmax_interp_0778,family_01,778,6.737561,6.873469,0.135909,50,2,48,4.9,4.764853,4.755432,1.001981,0.181917,1.819171,1.141418,0.172097,0.047171,0.389947,0.0,scene_3.1|scene_3.1_y04_hull_dense_y04_14p13|9158|96,scene_3.1|scene_3.1_y04_hull_dense_y04_14p13|8872|83,b452015442566593a80e03f893ad9bac8418240d,7f223afd23809e300616f787be04ee926f3184fa
scene_3_1_terminalgain_globalmax_interp_0779,family_01,779,6.737561,6.873469,0.135909,50,2,48,4.9,4.759765,4.755432,1.000911,0.181918,1.819178,1.141104,0.088059,0.077184,0.268696,0.0,scene_3.1|scene_3.1_y04_hull_dense_y04_14p13|9158|96,scene_3.1|scene_3.1_y04_hull_dense_y04_14p13|8872|83,66da58b6fad587cc404f57c6a5d43617c2e7f2a4,d3a32749cb1893a1b424e5cec1398708a776b9ea
scene_3_1_terminalgain_globalmax_interp_0780,family_01,780,6.737561,6.873469,0.135909,50,2,48,4.9,4.76936,4.755432,1.002929,0.181918,1.819178,1.141647,0.00402,0.09861,0.47435,0.0,scene_3.1|scene_3.1_y04_hull_dense_y04_14p13|9158|96,scene_3.1|scene_3.1_y04_hull_dense_y04_14p13|8872|83,a595cdbf51ba36fa4d427c809eeddd24541cb723,e894522c7a6169903f237116829106b5db209202
scene_3_1_terminalgain_globalmax_interp_0781,family_01,781,6.737561,6.873469,0.135909,50,2,48,4.9,4.769911,4.755432,1.003045,0.181918,1.819178,1.14167,0.080018,0.068597,0.483928,0.0,scene_3.1|scene_3.1_y04_hull_dense_y04_14p13|9158|96,scene_3.1|scene_3.1_y04_hull_dense_y04_14p13|8872|83,91489551928df66850b626687fad21355d4390aa,3bf5696d9ce6aa98147a9e04c1be39ab55fd4468
scene_3_1_terminalgain_globalmax_interp_0782,family_01,782,6.737561,6.873469,0.135909,50,2,48,4.9,4.757841,4.755432,1.000506,0.181918,1.819178,1.141078,0.164056,0.038583,0.199626,0.0,scene_3.1|scene_3.1_y04_hull_dense_y04_14p13|9158|96,scene_3.1|scene_3.1_y04_hull_dense_y04_14p13|8872|83,0660718789b8d93d46828f8e06c4d867a6f17679,b69c309224f49e801951d14aa841c37cc0fcc444
scene_3_1_terminalgain_globalmax_interp_0783,family_01,783,6.737561,6.873469,0.135909,50,2,48,4.9,4.771299,4.755432,1.003336,0.181918,1.819178,1.141771,0.155289,0.008569,0.506384,0.0,scene_3.1|scene_3.1_y04_hull_dense_y04_14p13|9158|96,scene_3.1|scene_3.1_y04_hull_dense_y04_14p13|8872|83,c60f1eb71820864582c81a4db83a8a862092283d,fa03c37c2cd8e20a010f1655cb9b88ddcb175ca2
scene_3_1_terminalgain_globalmax_interp_0784,family_01,784,6.737561,6.873469,0.135909,50,2,48,4.9,4.781417,4.755432,1.005464,0.181918,1.819178,1.14221,0.071251,0.021444,0.648845,0.0,scene_3.1|scene_3.1_y04_hull_dense_y04_14p13|9158|96,scene_3.1|scene_3.1_y04_hull_dense_y04_14p13|8872|83,bbe300199faee0951a4d8f31d411d6dc5820355e,3b53d7e7de19e62a0ead47214a6f2c53b6bd9f4d
scene_3_1_terminalgain_globalmax_interp_0785,family_01,785,6.737561,6.873469,0.135909,50,2,48,4.9,4.770042,4.755432,1.003072,0.181918,1.819178,1.141549,0.012787,0.051458,0.485947,0.0,scene_3.1|scene_3.1_y04_hull_dense_y04_14p13|9158|96,scene_3.1|scene_3.1_y04_hull_dense_y04_14p13|8872|83,263da6279a47a102576ade0d9d55c43bdb90bf41,d59f1b983e16eb2b2f209d2c2bd3ed5a8a0847f8
scene_3_1_terminalgain_globalmax_interp_0786,family_01,786,6.737561,6.873469,0.135909,50,2,48,4.9,4.760855,4.755432,1.00114,0.181918,1.819178,1.141259,0.096826,0.081471,0.296001,0.0,scene_3.1|scene_3.1_y04_hull_dense_y04_14p13|9158|96,scene_3.1|scene_3.1_y04_hull_dense_y04_14p13|8872|83,2ffe145f36e9054e0af7d0358b156eb972fcbe60,4f48ffd18b65b1ab95b7c7c791a39af02006b57f
scene_3_1_terminalgain_globalmax_interp_0787,family_01,787,6.737561,6.873469,0.135909,50,2,48,4.9,4.765227,4.755432,1.00206,0.181918,1.819178,1.141497,0.180863,0.094322,0.397661,0.0,scene_3.1|scene_3.1_y04_hull_dense_y04_14p13|9158|96,scene_3.1|scene_3.1_y04_hull_dense_y04_14p13|8872|83,8bc11f02f041b73dc04f10b5aabb5a11950bf64e,286dc417203045697b1dc9723add9028d04d4282
scene_3_1_terminalgain_globalmax_interp_0788,family_01,788,6.737561,6.873469,0.135909,50,2,48,4.9,4.764113,4.755432,1.001825,0.181918,1.819178,1.141394,0.138481,0.064309,0.377279,0.0,scene_3.1|scene_3.1_y04_hull_dense_y04_14p13|9158|96,scene_3.1|scene_3.1_y04_hull_dense_y04_14p13|8872|83,637718e9a1883325dfbcc95b20f2efccdc517f05,fbe0f6ae10540ff26fa3f51167fed0cee0b6ff9d
scene_3_1_terminalgain_globalmax_interp_0789,family_01,789,6.737561,6.873469,0.135909,50,2,48,4.9,4.772634,4.755432,1.003617,0.181917,1.819172,1.141718,0.054443,0.034295,0.527594,0.0,scene_3.1|scene_3.1_y04_hull_dense_y04_14p13|9158|96,scene_3.1|scene_3.1_y04_hull_dense_y04_14p13|8872|83,202d327f73a1bc41f02c3c006ce57edc33584bea,001354d2f5ff7d1ee0741acafcd0baf2bd2af782
scene_3_1_terminalgain_globalmax_interp_0790,family_01,790,6.737561,6.873469,0.135909,50,2,48,4.9,4.761802,4.755432,1.00134,0.181917,1.819172,1.141367,0.029595,0.004281,0.368777,0.0,scene_3.1|scene_3.1_y04_hull_dense_y04_14p13|9158|96,scene_3.1|scene_3.1_y04_hull_dense_y04_14p13|8872|83,9bb0bbcbf0f947d7a1e2e21e2467e7c12c5defe1,d8d768de89d7e27ee7e3668af9b056192b454a84
scene_3_1_terminalgain_globalmax_interp_0791,family_01,791,6.737561,6.873469,0.135909,50,2,48,4.9,4.757106,4.755432,1.000352,0.181917,1.819171,1.140997,0.113632,0.025732,0.196676,0.0,scene_3.1|scene_3.1_y04_hull_dense_y04_14p13|9158|96,scene_3.1|scene_3.1_y04_hull_dense_y04_14p13|8872|83,945c72613e79f18e7d71d6a86caa6eddf32a1172,fc8f829031e15e6e8107677c8feb51960ce81ffe
scene_3_1_terminalgain_globalmax_interp_0792,family_01,792,6.737561,6.873469,0.135909,50,2,48,4.9,4.789268,4.755432,1.007115,0.181918,1.819178,1.14265,0.197671,0.055746,0.74112,0.0,scene_3.1|scene_3.1_y04_hull_dense_y04_14p13|9158|96,scene_3.1|scene_3.1_y04_hull_dense_y04_14p13|8872|83,b1c453dcd12f278a2e8c9c8514db7ebcc68e059b,703c62825f36ee75387531ced6cdf0fb99bee770
scene_3_1_terminalgain_globalmax_interp_0793,family_01,793,6.737561,6.873469,0.135909,50,2,48,4.9,4.789737,4.755432,1.007214,0.181918,1.819178,1.142776,0.20235,0.085759,0.746361,0.0,scene_3.1|scene_3.1_y04_hull_dense_y04_14p13|9158|96,scene_3.1|scene_3.1_y04_hull_dense_y04_14p13|8872|83,b71b2a1a4ca6fca2c11018edf4f32d6e5aaff4f4,b32bf2839f627376d2df7d1966536a0c6f0bb10f
scene_3_1_terminalgain_globalmax_interp_0794,family_01,794,6.737561,6.873469,0.135909,50,2,48,4.9,4.757322,4.755432,1.000397,0.181917,1.819171,1.140962,0.118312,0.090034,0.217742,0.0,scene_3.1|scene_3.1_y04_hull_dense_y04_14p13|9158|96,scene_3.1|scene_3.1_y04_hull_dense_y04_14p13|8872|83,a0f772a88958ac6c39faf5be611013934b30006c,6abf364782f915d9b9d7ef88b9825733a4c7f979
scene_3_1_terminalgain_globalmax_interp_0795,family_01,795,6.737561,6.873469,0.135909,50,2,48,4.9,4.761454,4.755432,1.001266,0.181918,1.819178,1.141275,0.034275,0.06002,0.311719,0.0,scene_3.1|scene_3.1_y04_hull_dense_y04_14p13|9158|96,scene_3.1|scene_3.1_y04_hull_dense_y04_14p13|8872|83,50eb4cf5792d93b0e2f9fbf20a8231798d8d6df2,f04ee7cb8c36cf8379a73c33c009e1a0d7e22201
scene_3_1_terminalgain_globalmax_interp_0796,family_01,796,6.737561,6.873469,0.135909,50,2,48,4.9,4.773257,4.755432,1.003748,0.181918,1.819178,1.141703,0.049764,0.030007,0.536934,0.0,scene_3.1|scene_3.1_y04_hull_dense_y04_14p13|9158|96,scene_3.1|scene_3.1_y04_hull_dense_y04_14p13|8872|83,e8b9b71353bf8878e51a196f40d5f00d42ddae2f,59af1a60d78723db86d270be49e470171af12ac5
scene_3_1_terminalgain_globalmax_interp_0797,family_01,797,6.737561,6.873469,0.135909,50,2,48,4.9,4.764023,4.755432,1.001806,0.181918,1.819178,1.14128,0.133802,7e-06,0.372559,0.0,scene_3.1|scene_3.1_y04_hull_dense_y04_14p13|9158|96,scene_3.1|scene_3.1_y04_hull_dense_y04_14p13|8872|83,1c57799f750040b4a1591348400782d9a50580bf,49b7a75acaa74cc693c3f05be0200098277281d0
scene_3_1_terminalgain_globalmax_interp_0798,family_01,798,6.737561,6.873469,0.135909,50,2,48,4.9,4.764878,4.755432,1.001986,0.181918,1.819178,1.141434,0.185542,0.03002,0.390534,0.0,scene_3.1|scene_3.1_y04_hull_dense_y04_14p13|9158|96,scene_3.1|scene_3.1_y04_hull_dense_y04_14p13|8872|83,63132c0c5b667f50186ce6b6536713327b1098f7,671ac57d7fb669a32a0ee9711f04b5831f8d845e
scene_3_1_terminalgain_globalmax_interp_0799,family_01,799,6.737561,6.873469,0.135909,50,2,48,4.9,4.761175,4.755432,1.001208,0.181917,1.819171,1.141207,0.101505,0.060034,0.304638,0.0,scene_3.1|scene_3.1_y04_hull_dense_y04_14p13|9158|96,scene_3.1|scene_3.1_y04_hull_dense_y04_14p13|8872|83,650fe2c1b57de710a743c29ded52f53c21fa4360,fd0235ed1997377856c67c00720e9728595c0d7a
scene_3_1_terminalgain_globalmax_interp_0800,family_01,800,6.737561,6.873469,0.135909,50,2,48,4.9,4.770102,4.755432,1.003085,0.181918,1.819178,1.141521,0.017467,0.090047,0.486938,0.0,scene_3.1|scene_3.1_y04_hull_dense_y04_14p13|9158|96,scene_3.1|scene_3.1_y04_hull_dense_y04_14p13|8872|83,1781b072e83e105d111599ec44b20a8e160e9927,49de3e11b275452b82c608718a92579aeadd13a7
scene_3_1_terminalgain_globalmax_interp_0801,family_01,801,6.737561,6.873469,0.135909,50,2,48,4.9,4.780691,4.755432,1.005311,0.181918,1.819178,1.142194,0.066572,0.085747,0.639657,0.0,scene_3.1|scene_3.1_y04_hull_dense_y04_14p13|9158|96,scene_3.1|scene_3.1_y04_hull_dense_y04_14p13|8872|83,62d96102e3b491f0f3308c53f599c916813f9002,943a0e2272ee12156ebb5e230ae0ee500e42209d
scene_3_1_terminalgain_globalmax_interp_0802,family_01,802,6.737561,6.873469,0.135909,50,2,48,4.9,4.771948,4.755432,1.003473,0.181918,1.819178,1.14175,0.15061,0.055733,0.51674,0.0,scene_3.1|scene_3.1_y04_hull_dense_y04_14p13|9158|96,scene_3.1|scene_3.1_y04_hull_dense_y04_14p13|8872|83,559973cb03aac143cf17f714b67039e3be6873ac,9bf3d5dc7927c7f7b6e783598f44af8f7186ec81
scene_3_1_terminalgain_globalmax_interp_0803,family_01,803,6.737561,6.873469,0.135909,50,2,48,4.9,4.757929,4.755432,1.000525,0.181918,1.819178,1.140978,0.168735,0.02572,0.247057,0.0,scene_3.1|scene_3.1_y04_hull_dense_y04_14p13|9158|96,scene_3.1|scene_3.1_y04_hull_dense_y04_14p13|8872|83,d51f41e01527abb0bdc11521315ec17fbe1bab4f,354a54b465362e9ef3234b9fc087b705e8d29229
scene_3_1_terminalgain_globalmax_interp_0804,family_01,804,6.737561,6.873469,0.135909,50,2,48,4.9,4.769741,4.755432,1.003009,0.181918,1.819178,1.1416,0.084697,0.004294,0.480888,0.0,scene_3.1|scene_3.1_y04_hull_dense_y04_14p13|9158|96,scene_3.1|scene_3.1_y04_hull_dense_y04_14p13|8872|83,72c0fa1f4cfd19c054d937b7e9b20513ac0c55eb,8cf846eaf7267da6f9a3f1d4e55ad13aa950eecd
scene_3_1_terminalgain_globalmax_interp_0805,family_01,805,6.737561,6.873469,0.135909,50,2,48,4.9,4.769704,4.755432,1.003001,0.181918,1.819178,1.141751,0.000659,0.034307,0.480133,0.0,scene_3.1|scene_3.1_y04_hull_dense_y04_14p13|9158|96,scene_3.1|scene_3.1_y04_hull_dense_y04_14p13|8872|83,9fab11cb53d95e0e69300200dd2665319c6d38a0,001851ae5803dadf4c71dcad8a51a6b2317ec864
scene_3_1_terminalgain_globalmax_interp_0806,family_01,806,6.737561,6.873469,0.135909,50,2,48,4.9,4.759852,4.755432,1.000929,0.181918,1.819178,1.141105,0.083379,0.064321,0.267215,0.0,scene_3.1|scene_3.1_y04_hull_dense_y04_14p13|9158|96,scene_3.1|scene_3.1_y04_hull_dense_y04_14p13|8872|83,40a516a9446d1f47301ea0869eff68720415bbfa,706ae18ace15fb20f2b763a7fbee126c395befcd
scene_3_1_terminalgain_globalmax_interp_0807,family_01,807,6.737561,6.873469,0.135909,50,2,48,4.9,4.764376,4.755432,1.001881,0.181917,1.819171,1.141371,0.167418,0.094335,0.379967,0.0,scene_3.1|scene_3.1_y04_hull_dense_y04_14p13|9158|96,scene_3.1|scene_3.1_y04_hull_dense_y04_14p13|8872|83,ced999f88f223c79afc38c5cb1e51e3e2189ff6f,49db6f26f96fdcefd423be5b4bbc620d80313002
scene_3_1_terminalgain_globalmax_interp_0808,family_01,808,6.737561,6.873469,0.135909,50,2,48,4.9,4.777967,4.755432,1.004739,0.181918,1.819178,1.142119,0.151927,0.081459,0.603959,0.0,scene_3.1|scene_3.1_y04_hull_dense_y04_14p13|9158|96,scene_3.1|scene_3.1_y04_hull_dense_y04_14p13|8872|83,f9030b05ab8abbf5f04004835fbf78b6b7f9216b,585e94dc42a9f86b00ecaed8405ed56c22a4c15d
scene_3_1_terminalgain_globalmax_interp_0809,family_01,809,6.737561,6.873469,0.135909,50,2,48,4.9,4.775546,4.755432,1.00423,0.181918,1.819178,1.141825,0.067889,0.051445,0.570531,0.0,scene_3.1|scene_3.1_y04_hull_dense_y04_14p13|9158|96,scene_3.1|scene_3.1_y04_hull_dense_y04_14p13|8872|83,69c5cf60507ff7d2ed9f96150846d4a3f5e8e32d,b577a247992fae1689e8f2250f3878b3c76e1a56
scene_3_1_terminalgain_globalmax_interp_0810,family_01,810,6.737561,6.873469,0.135909,50,2,48,4.9,4.771241,4.755432,1.003324,0.181917,1.819171,1.141702,0.016149,0.021432,0.50561,0.0,scene_3.1|scene_3.1_y04_hull_dense_y04_14p13|9158|96,scene_3.1|scene_3.1_y04_hull_dense_y04_14p13|8872|83,02b87994673b02dc40abd6205408e58e6b2946bb,4eef5b7df2c0fc178e0d353d2964a3adb528064f
scene_3_1_terminalgain_globalmax_interp_0811,family_01,811,6.737561,6.873469,0.135909,50,2,48,4.9,4.773084,4.755432,1.003712,0.181917,1.819172,1.141756,0.100187,0.008582,0.534625,0.0,scene_3.1|scene_3.1_y04_hull_dense_y04_14p13|9158|96,scene_3.1|scene_3.1_y04_hull_dense_y04_14p13|8872|83,8a572a89a62e545c20ecc2114377c4811bd6943b,dc9d5d5d0b0f70937e4909be29b55b4edb6e85ac
scene_3_1_terminalgain_globalmax_interp_0812,family_01,812,6.737561,6.873469,0.135909,50,2,48,4.9,4.761188,4.755432,1.00121,0.181917,1.819172,1.141226,0.184224,0.038595,0.353253,0.0,scene_3.1|scene_3.1_y04_hull_dense_y04_14p13|9158|96,scene_3.1|scene_3.1_y04_hull_dense_y04_14p13|8872|83,83be93dc6fbab7ffd2a57f30d244ce20b531864b,8aede09bdf80d72cd26a2b3c2c96dbe662992919
scene_3_1_terminalgain_globalmax_interp_0813,family_01,813,6.737561,6.873469,0.135909,50,2,48,4.9,4.771464,4.755432,1.003371,0.181918,1.819178,1.14164,0.13512,0.068609,0.509156,0.0,scene_3.1|scene_3.1_y04_hull_dense_y04_14p13|9158|96,scene_3.1|scene_3.1_y04_hull_dense_y04_14p13|8872|83,a61820e313f5468788e48a8c63ba29b59b8e8130,d557da75ea8d16d8b933850c9b9364d5063dfe83
scene_3_1_terminalgain_globalmax_interp_0814,family_01,814,6.737561,6.873469,0.135909,50,2,48,4.9,4.763756,4.755432,1.00175,0.181918,1.819178,1.14144,0.051081,0.098623,0.366604,0.0,scene_3.1|scene_3.1_y04_hull_dense_y04_14p13|9158|96,scene_3.1|scene_3.1_y04_hull_dense_y04_14p13|8872|83,81d41c0bfc05171c20c3c2a719b3117c3ef02e1a,94ad120f6a3332b60aa932a60a799c9e9a4fb568
scene_3_1_terminalgain_globalmax_interp_0815,family_01,815,6.737561,6.873469,0.135909,50,2,48,4.9,4.756622,4.755432,1.00025,0.181918,1.819178,1.140985,0.032957,0.077172,0.208245,0.0,scene_3.1|scene_3.1_y04_hull_dense_y04_14p13|9158|96,scene_3.1|scene_3.1_y04_hull_dense_y04_14p13|8872|83,c7f10a259c5f319ac8a72217c7e4cbc6f0ca4a72,943dafee8f36bafc8f3267db3b3e2066609d33fb
scene_3_1_terminalgain_globalmax_interp_0816,family_01,816,6.737561,6.873469,0.135909,50,2,48,4.9,4.778092,4.755432,1.004765,0.181918,1.819178,1.142093,0.116994,0.047158,0.605762,0.0,scene_3.1|scene_3.1_y04_hull_dense_y04_14p13|9158|96,scene_3.1|scene_3.1_y04_hull_dense_y04_14p13|8872|83,2db484a5b80dcf556bb8abab2c5d723c58edd04c,1b9b5c6a0935ac07d8d0a931de374d5a46860255
scene_3_1_terminalgain_globalmax_interp_0817,family_01,817,6.737561,6.873469,0.135909,50,2,48,4.9,4.772658,4.755432,1.003622,0.181918,1.819178,1.141781,0.201032,0.017145,0.527765,0.0,scene_3.1|scene_3.1_y04_hull_dense_y04_14p13|9158|96,scene_3.1|scene_3.1_y04_hull_dense_y04_14p13|8872|83,a82af0faf2b7e8d426be811bc2704c5b763c5d6f,64c3b75fcfd7bfeb0895e46b2a54cbec99bcd52a
scene_3_1_terminalgain_globalmax_interp_0818,family_01,818,6.737561,6.873469,0.135909,50,2,48,4.9,4.757631,4.755432,1.000462,0.181918,1.819178,1.141143,0.198988,0.012869,0.206946,0.0,scene_3.1|scene_3.1_y04_hull_dense_y04_14p13|9158|96,scene_3.1|scene_3.1_y04_hull_dense_y04_14p13|8872|83,b5adb2c31e71f7b252d7f2228a0f0cddc3e0f070,9f1823819ec790c9da7468f263c4dc565a2fe044
scene_3_1_terminalgain_globalmax_interp_0819,family_01,819,6.737561,6.873469,0.135909,50,2,48,4.9,4.776465,4.755432,1.004423,0.181918,1.819178,1.141872,0.11495,0.042883,0.583426,0.0,scene_3.1|scene_3.1_y04_hull_dense_y04_14p13|9158|96,scene_3.1|scene_3.1_y04_hull_dense_y04_14p13|8872|83,2f52c2f0118e306594638a0dd2becf4ba6c8a7de,b8a49f5195f62f5b764ca59b519cf81268f62e78
scene_3_1_terminalgain_globalmax_interp_0820,family_01,820,6.737561,6.873469,0.135909,50,2,48,4.9,4.780909,4.755432,1.005357,0.181918,1.819178,1.142141,0.030913,0.072896,0.64257,0.0,scene_3.1|scene_3.1_y04_hull_dense_y04_14p13|9158|96,scene_3.1|scene_3.1_y04_hull_dense_y04_14p13|8872|83,96ef00bd445f78bab9ef9be0e88c673909685714,3fac4e0defb5b98f0e3a91cdbab89079d16c8925
scene_3_1_terminalgain_globalmax_interp_0821,family_01,821,6.737561,6.873469,0.135909,50,2,48,4.9,4.764177,4.755432,1.001839,0.181918,1.819178,1.141362,0.053125,0.10291,0.375677,0.0,scene_3.1|scene_3.1_y04_hull_dense_y04_14p13|9158|96,scene_3.1|scene_3.1_y04_hull_dense_y04_14p13|8872|83,ae92d6e95a7fdec5a9d6a917f7daf5b0927edfbf,bfdd56be7852e8ecc43cd2cbc05f8c240f1157a3
scene_3_1_terminalgain_globalmax_interp_0822,family_01,822,6.737561,6.873469,0.135909,50,2,48,4.9,4.761667,4.755432,1.001311,0.181918,1.819178,1.141215,0.137163,0.102285,0.317323,0.0,scene_3.1|scene_3.1_y04_hull_dense_y04_14p13|9158|96,scene_3.1|scene_3.1_y04_hull_dense_y04_14p13|8872|83,b3c3441ef4cbef81083b578bebd30d3c59078d85,9a4323092cef7b362a0aad162a8a1af7d504263d
scene_3_1_terminalgain_globalmax_interp_0823,family_01,823,6.737561,6.873469,0.135909,50,2,48,4.9,4.765742,4.755432,1.002168,0.181917,1.819171,1.141463,0.182181,0.072271,0.408219,0.0,scene_3.1|scene_3.1_y04_hull_dense_y04_14p13|9158|96,scene_3.1|scene_3.1_y04_hull_dense_y04_14p13|8872|83,2a7dfc692ec34b61b8f02de785b4ecc85f2d3f93,c4fa5d8a0d29332135d625c17fb83b504919fd97
scene_3_1_terminalgain_globalmax_interp_0824,family_01,824,6.737561,6.873469,0.135909,50,2,48,4.9,4.7713,4.755432,1.003337,0.181918,1.819178,1.141806,0.098143,0.042258,0.50648,0.0,scene_3.1|scene_3.1_y04_hull_dense_y04_14p13|9158|96,scene_3.1|scene_3.1_y04_hull_dense_y04_14p13|8872|83,a5031d585246c76b2e833a8a70d25973a0ed92a4,fc34d166e075fbb76a947ada4fd2b1d63b15c530
scene_3_1_terminalgain_globalmax_interp_0825,family_01,825,6.737561,6.873469,0.135909,50,2,48,4.9,4.779795,4.755432,1.005123,0.181917,1.819172,1.142177,0.014105,0.012244,0.628296,0.0,scene_3.1|scene_3.1_y04_hull_dense_y04_14p13|9158|96,scene_3.1|scene_3.1_y04_hull_dense_y04_14p13|8872|83,b33033851c596e610f4054dcb7de837f6c3e4ee8,d8d0e18cdb513e547edf74aad9b31cdf9b64b013
scene_3_1_terminalgain_globalmax_interp_0826,family_01,826,6.737561,6.873469,0.135909,50,2,48,4.9,4.760342,4.755432,1.001032,0.181916,1.819164,1.141147,0.069933,0.01777,0.28163,0.0,scene_3.1|scene_3.1_y04_hull_dense_y04_14p13|9158|96,scene_3.1|scene_3.1_y04_hull_dense_y04_14p13|8872|83,d9a1707531edff8ed42364cec82d67321ab3dc53,dafb6bdd6f0238910b6ab992d6780b0d69509435
scene_3_1_terminalgain_globalmax_interp_0827,family_01,827,6.737561,6.873469,0.135909,50,2,48,4.9,4.75955,4.755432,1.000866,0.181918,1.819178,1.141238,0.153971,0.047783,0.258673,0.0,scene_3.1|scene_3.1_y04_hull_dense_y04_14p13|9158|96,scene_3.1|scene_3.1_y04_hull_dense_y04_14p13|8872|83,123c1e62b1d6ffd8b6c2cb73ef147203534ad7c0,129411eb89dd2bc3a35edad06937c5bcc5a53273
scene_3_1_terminalgain_globalmax_interp_0828,family_01,828,6.737561,6.873469,0.135909,50,2,48,4.9,4.776198,4.755432,1.004367,0.181918,1.819178,1.141852,0.165374,0.077797,0.579775,0.0,scene_3.1|scene_3.1_y04_hull_dense_y04_14p13|9158|96,scene_3.1|scene_3.1_y04_hull_dense_y04_14p13|8872|83,e8c982557e9a3de20b8adc566545ac33f96b25b8,fa62183c5e425fe3a3a69ad5deb68d57c0eeffd5
scene_3_1_terminalgain_globalmax_interp_0829,family_01,829,6.737561,6.873469,0.135909,50,2,48,4.9,4.778967,4.755432,1.004949,0.181918,1.819178,1.142069,0.081336,0.097998,0.61736,0.0,scene_3.1|scene_3.1_y04_hull_dense_y04_14p13|9158|96,scene_3.1|scene_3.1_y04_hull_dense_y04_14p13|8872|83,7aed6ad0c152a9c462c2d5e211cf7748d63c5721,6f23981da90b46ffa61821f74886b0c86f28eebd
scene_3_1_terminalgain_globalmax_interp_0830,family_01,830,6.737561,6.873469,0.135909,50,2,48,4.9,4.758357,4.755432,1.000615,0.181918,1.819178,1.141091,0.002703,0.067984,0.256827,0.0,scene_3.1|scene_3.1_y04_hull_dense_y04_14p13|9158|96,scene_3.1|scene_3.1_y04_hull_dense_y04_14p13|8872|83,91dbc15ccc8efc3d94dabb36433fa35c905f7e56,ea0ae99b0c4a6f85db7198522f025648fdc1d67c
scene_3_1_terminalgain_globalmax_interp_0831,family_01,831,6.737561,6.873469,0.135909,50,2,48,4.9,4.760448,4.755432,1.001055,0.181917,1.819171,1.141184,0.086741,0.03797,0.29836,0.0,scene_3.1|scene_3.1_y04_hull_dense_y04_14p13|9158|96,scene_3.1|scene_3.1_y04_hull_dense_y04_14p13|8872|83,053ecdde754b6efe701ee6276fbd249ea5bd96b7,3fb57446813f3183959369ac4db39dccf65fbe14
scene_3_1_terminalgain_globalmax_interp_0832,family_01,832,6.737561,6.873469,0.135909,50,2,48,4.9,4.777174,4.755432,1.004572,0.181918,1.819178,1.141967,0.170779,0.007957,0.593186,0.0,scene_3.1|scene_3.1_y04_hull_dense_y04_14p13|9158|96,scene_3.1|scene_3.1_y04_hull_dense_y04_14p13|8872|83,f908ea1841c99ab0b7dc8d814aa3ed741a94aaa5,37ae259033a3f55052930e9054f01871611ab627
scene_3_1_terminalgain_globalmax_interp_0833,family_01,833,6.737561,6.873469,0.135909,50,2,48,4.9,4.767974,4.755432,1.002637,0.181918,1.819178,1.141532,0.148566,0.022057,0.467024,0.0,scene_3.1|scene_3.1_y04_hull_dense_y04_14p13|9158|96,scene_3.1|scene_3.1_y04_hull_dense_y04_14p13|8872|83,b6401abfa071334b99dddc0019788fa8bd11e91d,d25f9cc18bce4944d8c651eec1ae3673ba00340b
scene_3_1_terminalgain_globalmax_interp_0834,family_01,834,6.737561,6.873469,0.135909,50,2,48,4.9,4.765867,4.755432,1.002194,0.181918,1.819178,1.141425,0.064528,0.05207,0.410586,0.0,scene_3.1|scene_3.1_y04_hull_dense_y04_14p13|9158|96,scene_3.1|scene_3.1_y04_hull_dense_y04_14p13|8872|83,b59142a325c55f7f5af03dc7edadd2b8cf410ab8,c3490eef3db3a39937faaa14914b72bad7d662cb
scene_3_1_terminalgain_globalmax_interp_0835,family_01,835,6.737561,6.873469,0.135909,50,2,48,4.9,4.7606,4.755432,1.001087,0.181918,1.819178,1.141206,0.019511,0.082084,0.28921,0.0,scene_3.1|scene_3.1_y04_hull_dense_y04_14p13|9158|96,scene_3.1|scene_3.1_y04_hull_dense_y04_14p13|8872|83,93de5d9a42d1f78d8e7007f6146dd43fc98b142a,ffbc8c0d0ac2bf5d1979e20534d9c46f11c5534e
scene_3_1_terminalgain_globalmax_interp_0836,family_01,836,6.737561,6.873469,0.135909,50,2,48,4.9,4.766569,4.755432,1.002342,0.181918,1.819178,1.141399,0.103549,0.09371,0.424102,0.0,scene_3.1|scene_3.1_y04_hull_dense_y04_14p13|9158|96,scene_3.1|scene_3.1_y04_hull_dense_y04_14p13|8872|83,0024dc658cbe5b3fec3a2dca5f717e396183565b,a0bfc3f5941c0156e42a3f36345e1cdfd6446729
scene_3_1_terminalgain_globalmax_interp_0837,family_01,837,6.737561,6.873469,0.135909,50,2,48,4.9,4.777961,4.755432,1.004737,0.181918,1.819178,1.142069,0.187586,0.063696,0.604077,0.0,scene_3.1|scene_3.1_y04_hull_dense_y04_14p13|9158|96,scene_3.1|scene_3.1_y04_hull_dense_y04_14p13|8872|83,9a47a98944a8b5e8a2f0fbbc627a5f9d814e7e1a,3dbeed0f8f25d7f61759861148282c3a59364c74
scene_3_1_terminalgain_globalmax_interp_0838,family_01,838,6.737561,6.873469,0.135909,50,2,48,4.9,4.771821,4.755432,1.003446,0.181918,1.819178,1.14171,0.131758,0.033682,0.514768,0.0,scene_3.1|scene_3.1_y04_hull_dense_y04_14p13|9158|96,scene_3.1|scene_3.1_y04_hull_dense_y04_14p13|8872|83,d792ba8568021df860783f34c74cdd56dbb69079,045789c29cbe1709604e7ccfe58c035ca7e4628f
scene_3_1_terminalgain_globalmax_interp_0839,family_01,839,6.737561,6.873469,0.135909,50,2,48,4.9,4.755758,4.755432,1.000068,0.181917,1.819171,1.141027,0.04772,0.003669,0.11767,0.0,scene_3.1|scene_3.1_y04_hull_dense_y04_14p13|9158|96,scene_3.1|scene_3.1_y04_hull_dense_y04_14p13|8872|83,a60d123a0d901986b8f0d68bb64bc7b5ba36027e,0d9305b3f50e29a8dca0792342e459b108a21f4a
scene_3_1_terminalgain_globalmax_interp_0840,family_01,840,6.737561,6.873469,0.135909,50,2,48,4.9,4.779435,4.755432,1.005047,0.181918,1.819178,1.142086,0.036317,0.026345,0.623401,0.0,scene_3.1|scene_3.1_y04_hull_dense_y04_14p13|9158|96,scene_3.1|scene_3.1_y04_hull_dense_y04_14p13|8872|83,ead1c61e80bd45fb915216e806b89bf0da9dc708,5e4ecf7b8f518f06856ad7c3ffc88469ea5fb211
scene_3_1_terminalgain_globalmax_interp_0841,family_01,841,6.737561,6.873469,0.135909,50,2,48,4.9,4.779625,4.755432,1.005087,0.181918,1.819178,1.142046,0.120356,0.056358,0.625962,0.0,scene_3.1|scene_3.1_y04_hull_dense_y04_14p13|9158|96,scene_3.1|scene_3.1_y04_hull_dense_y04_14p13|8872|83,03172b42d4c2b5ca7fb1e145a39a94190e4bedaa,668cb3acb81045b0a0aa1afe5d2711d24f1751a8
scene_3_1_terminalgain_globalmax_interp_0842,family_01,842,6.737561,6.873469,0.135909,50,2,48,4.9,4.75569,4.755432,1.000054,0.181917,1.819171,1.141071,0.204394,0.086372,0.126698,0.0,scene_3.1|scene_3.1_y04_hull_dense_y04_14p13|9158|96,scene_3.1|scene_3.1_y04_hull_dense_y04_14p13|8872|83,fd26f7d9876d835be4dfa5502b27a56f95875586,63410ae0971554685bb9b2961e9b0b8fba380429
scene_3_1_terminalgain_globalmax_interp_0843,family_01,843,6.737561,6.873469,0.135909,50,2,48,4.9,4.771192,4.755432,1.003314,0.181918,1.819178,1.141657,0.195627,0.089422,0.504712,0.0,scene_3.1|scene_3.1_y04_hull_dense_y04_14p13|9158|96,scene_3.1|scene_3.1_y04_hull_dense_y04_14p13|8872|83,a7300aa1060c8e7819c79e8ed156e0b7dba4f4e8,c1f7687402cb2d4682fdda99001c7da009fb3c65
scene_3_1_terminalgain_globalmax_interp_0844,family_01,844,6.737561,6.873469,0.135909,50,2,48,4.9,4.763757,4.755432,1.001751,0.181918,1.819178,1.141413,0.111589,0.059409,0.366923,0.0,scene_3.1|scene_3.1_y04_hull_dense_y04_14p13|9158|96,scene_3.1|scene_3.1_y04_hull_dense_y04_14p13|8872|83,e14b2593b38fdc8073c1bde87cae11c9b9677cdf,e91003785597f3d3a18c255e1b7e765c74204c35
scene_3_1_terminalgain_globalmax_interp_0845,family_01,845,6.737561,6.873469,0.135909,50,2,48,4.9,4.76727,4.755432,1.002489,0.181917,1.819172,1.141572,0.027551,0.029395,0.437452,0.0,scene_3.1|scene_3.1_y04_hull_dense_y04_14p13|9158|96,scene_3.1|scene_3.1_y04_hull_dense_y04_14p13|8872|83,ddc464a76d4d4f8cf3d893b10571ef4db78b89bd,ee33a610cd62de13da7a0773f8c3fd7bdb8a484f
scene_3_1_terminalgain_globalmax_interp_0846,family_01,846,6.737561,6.873469,0.135909,50,2,48,4.9,4.776676,4.755432,1.004467,0.181917,1.819172,1.141891,0.056487,0.000618,0.586352,0.0,scene_3.1|scene_3.1_y04_hull_dense_y04_14p13|9158|96,scene_3.1|scene_3.1_y04_hull_dense_y04_14p13|8872|83,a6b7475837addddf4de58b035df9cf3497d18edf,76db619f9eefbdd2c193c899f639afa8968f2e7d
scene_3_1_terminalgain_globalmax_interp_0847,family_01,847,6.737561,6.873469,0.135909,50,2,48,4.9,4.775102,4.755432,1.004136,0.181917,1.819171,1.14194,0.140525,0.030632,0.564029,0.0,scene_3.1|scene_3.1_y04_hull_dense_y04_14p13|9158|96,scene_3.1|scene_3.1_y04_hull_dense_y04_14p13|8872|83,6da7872dbc46f1a2a60eed74092c7d0c64fea0ed,101abb54197986321306d3f00b65ae7f612acd8a
scene_3_1_terminalgain_globalmax_interp_0848,family_01,848,6.737561,6.873469,0.135909,50,2,48,4.9,4.770011,4.755432,1.003066,0.181918,1.819178,1.141568,0.17882,0.060646,0.48542,0.0,scene_3.1|scene_3.1_y04_hull_dense_y04_14p13|9158|96,scene_3.1|scene_3.1_y04_hull_dense_y04_14p13|8872|83,72a8798da6ff278e0fe69a62d142aa9e3640d96e,f773a1ae273a5303bdf1f4813a15f829faf08938
scene_3_1_terminalgain_globalmax_interp_0849,family_01,849,6.737561,6.873469,0.135909,50,2,48,4.9,4.771487,4.755432,1.003376,0.181918,1.819178,1.141636,0.094782,0.09066,0.509477,0.0,scene_3.1|scene_3.1_y04_hull_dense_y04_14p13|9158|96,scene_3.1|scene_3.1_y04_hull_dense_y04_14p13|8872|83,9871966abce9f74aa50c599a99ea407dda139772,1af9884ac0c637ab7000e2c2aec39d1883c8c8b7
scene_3_1_terminalgain_globalmax_interp_0850,family_01,850,6.737561,6.873469,0.135909,50,2,48,4.9,4.767313,4.755432,1.002498,0.181918,1.819178,1.141609,0.010744,0.085134,0.438183,0.0,scene_3.1|scene_3.1_y04_hull_dense_y04_14p13|9158|96,scene_3.1|scene_3.1_y04_hull_dense_y04_14p13|8872|83,d1e3f6f9fe7dcdb859a23b6a526af65a12581838,2478d41ae87c2884a3b8636e22adff56b053f06e
scene_3_1_terminalgain_globalmax_interp_0851,family_01,851,6.737561,6.873469,0.135909,50,2,48,4.9,4.757692,4.755432,1.000475,0.181918,1.819178,1.141166,0.073295,0.055121,0.193379,0.0,scene_3.1|scene_3.1_y04_hull_dense_y04_14p13|9158|96,scene_3.1|scene_3.1_y04_hull_dense_y04_14p13|8872|83,b7b7f57a19050f5205f276c279dd278607d971f9,a5435e720abdcde5b34b2374d8d3aeaea4ade1a6
scene_3_1_terminalgain_globalmax_interp_0852,family_01,852,6.737561,6.873469,0.135909,50,2,48,4.9,4.771124,4.755432,1.0033,0.181918,1.819178,1.141682,0.157333,0.025107,0.503778,0.0,scene_3.1|scene_3.1_y04_hull_dense_y04_14p13|9158|96,scene_3.1|scene_3.1_y04_hull_dense_y04_14p13|8872|83,bce4e24b38859427f898c9f6b383b0bf50431131,8a84828468ba4aea085542d7f64211e70eb5679c
scene_3_1_terminalgain_globalmax_interp_0853,family_01,853,6.737561,6.873469,0.135909,50,2,48,4.9,4.767616,4.755432,1.002562,0.181918,1.819178,1.141602,0.162012,0.004906,0.443573,0.0,scene_3.1|scene_3.1_y04_hull_dense_y04_14p13|9158|96,scene_3.1|scene_3.1_y04_hull_dense_y04_14p13|8872|83,765ec2ac083f98961aa17ba35fbb8b794bb4729b,bdbcc8f44d597ca05327fa15bc04c5e02eeaab0e
scene_3_1_terminalgain_globalmax_interp_0854,family_01,854,6.737561,6.873469,0.135909,50,2,48,4.9,4.759381,4.755432,1.00083,0.181918,1.819178,1.141219,0.077974,0.03492,0.317113,0.0,scene_3.1|scene_3.1_y04_hull_dense_y04_14p13|9158|96,scene_3.1|scene_3.1_y04_hull_dense_y04_14p13|8872|83,1dbfc19668ac57b6a73d9b702f2971a3fb2fbe48,896bcda3657207376cdd66dcf40e2f64dd850c0d
scene_3_1_terminalgain_globalmax_interp_0855,family_01,855,6.737561,6.873469,0.135909,50,2,48,4.9,4.768313,4.755432,1.002709,0.181917,1.819171,1.141542,0.006064,0.064934,0.456171,0.0,scene_3.1|scene_3.1_y04_hull_dense_y04_14p13|9158|96,scene_3.1|scene_3.1_y04_hull_dense_y04_14p13|8872|83,d81a50009646a0e0f8b13005d3e11355f917cc2b,279f618b41e2371fc30df6796f78f4f8975edd51
scene_3_1_terminalgain_globalmax_interp_0856,family_01,856,6.737561,6.873469,0.135909,50,2,48,4.9,4.788379,4.755432,1.006928,0.181918,1.819178,1.1426,0.090102,0.094947,0.73138,0.0,scene_3.1|scene_3.1_y04_hull_dense_y04_14p13|9158|96,scene_3.1|scene_3.1_y04_hull_dense_y04_14p13|8872|83,f4fe9e7e974a8ca96b3ce9dc627ba3a54f68ef3a,0a84627b1f7046695014652c679eb9a96082ab8b
scene_3_1_terminalgain_globalmax_interp_0857,family_01,857,6.737561,6.873469,0.135909,50,2,48,4.9,4.77217,4.755432,1.00352,0.181918,1.819178,1.141853,0.174141,0.080846,0.520607,0.0,scene_3.1|scene_3.1_y04_hull_dense_y04_14p13|9158|96,scene_3.1|scene_3.1_y04_hull_dense_y04_14p13|8872|83,94d141a2764b9ed2164d4e517c062425b7f6df24,1b51f1851d9455fd88e14d1c76ea28e448536c82
scene_3_1_terminalgain_globalmax_interp_0858,family_01,858,6.737561,6.873469,0.135909,50,2,48,4.9,4.759388,4.755432,1.000832,0.181917,1.819171,1.141018,0.145204,0.050833,0.25303,0.0,scene_3.1|scene_3.1_y04_hull_dense_y04_14p13|9158|96,scene_3.1|scene_3.1_y04_hull_dense_y04_14p13|8872|83,a940fdfb7c2d9573a346da66ec5b9185f3211f50,c345766992be3c617bb24e04531e56c966a50927
scene_3_1_terminalgain_globalmax_interp_0859,family_01,859,6.737561,6.873469,0.135909,50,2,48,4.9,4.767591,4.755432,1.002557,0.181918,1.819178,1.141499,0.061166,0.020819,0.443184,0.0,scene_3.1|scene_3.1_y04_hull_dense_y04_14p13|9158|96,scene_3.1|scene_3.1_y04_hull_dense_y04_14p13|8872|83,8f99405a7566cb68e3f179bba2fd6c76fbbbb64d,a0fcb3a47817898f67847bcd17a4d297e86ffed6
scene_3_1_terminalgain_globalmax_interp_0860,family_01,860,6.737561,6.873469,0.135909,50,2,48,4.9,4.762879,4.755432,1.001566,0.181918,1.819178,1.141344,0.022872,0.009194,0.346735,0.0,scene_3.1|scene_3.1_y04_hull_dense_y04_14p13|9158|96,scene_3.1|scene_3.1_y04_hull_dense_y04_14p13|8872|83,839865241904fe8c970364cd591a11308c7a8e17,53a5b2576c9b4ba182aef7d9d8a6727f897b2137
scene_3_1_terminalgain_globalmax_interp_0861,family_01,861,6.737561,6.873469,0.135909,50,2,48,4.9,4.771986,4.755432,1.003481,0.181918,1.819178,1.141756,0.10691,0.039208,0.517428,0.0,scene_3.1|scene_3.1_y04_hull_dense_y04_14p13|9158|96,scene_3.1|scene_3.1_y04_hull_dense_y04_14p13|8872|83,ec7f1a3a80e3ad37434d9fc5ab725dc5a1bd0885,809da6372b2eaf5d6f4dcc284f402982722a3dd5
scene_3_1_terminalgain_globalmax_interp_0862,family_01,862,6.737561,6.873469,0.135909,50,2,48,4.9,4.762195,4.755432,1.001422,0.181918,1.819178,1.141315,0.190948,0.069222,0.330442,0.0,scene_3.1|scene_3.1_y04_hull_dense_y04_14p13|9158|96,scene_3.1|scene_3.1_y04_hull_dense_y04_14p13|8872|83,d48aa541ddc3577f767cb1d7ac27d153a0ee1182,02fdecd2f8254e04cd6059055078a18bb5aefc99
scene_3_1_terminalgain_globalmax_interp_0863,family_01,863,6.737561,6.873469,0.135909,50,2,48,4.9,4.756685,4.755432,1.000263,0.181917,1.819171,1.141059,0.128396,0.099235,0.187919,0.0,scene_3.1|scene_3.1_y04_hull_dense_y04_14p13|9158|96,scene_3.1|scene_3.1_y04_hull_dense_y04_14p13|8872|83,dab9ec8cba2a1f6a44cbee36b97987857df1d304,7d2174c8a32d86e892b432b7623bd7665d9ce7cd
scene_3_1_terminalgain_globalmax_interp_0864,family_01,864,6.737561,6.873469,0.135909,50,2,48,4.9,4.785293,4.755432,1.006279,0.181918,1.819178,1.142369,0.044358,0.076559,0.695975,0.0,scene_3.1|scene_3.1_y04_hull_dense_y04_14p13|9158|96,scene_3.1|scene_3.1_y04_hull_dense_y04_14p13|8872|83,fc7316a900e4690987bdddddd6c452688da79eef,49ddaa5b9cc846faa60523f99f29f6181642c1ad
scene_3_1_terminalgain_globalmax_interp_0865,family_01,865,6.737561,6.873469,0.135909,50,2,48,4.9,4.780516,4.755432,1.005275,0.181918,1.819178,1.142189,0.039679,0.046546,0.637357,0.0,scene_3.1|scene_3.1_y04_hull_dense_y04_14p13|9158|96,scene_3.1|scene_3.1_y04_hull_dense_y04_14p13|8872|83,afde1d191bf8266675abc5e078755d4936bac53b,0b453a73c3797bb9e95c14bd9b47b5d2a86e5bfc
scene_3_1_terminalgain_globalmax_interp_0866,family_01,866,6.737561,6.873469,0.135909,50,2,48,4.9,4.757066,4.755432,1.000344,0.181918,1.819178,1.141024,0.123717,0.016532,0.210069,0.0,scene_3.1|scene_3.1_y04_hull_dense_y04_14p13|9158|96,scene_3.1|scene_3.1_y04_hull_dense_y04_14p13|8872|83,6adf4536e217f174be276164dbc40765859926f6,fc8fbae16a6432cf6e56b657fcfdc9c247d2ffac
scene_3_1_terminalgain_globalmax_interp_0867,family_01,867,6.737561,6.873469,0.135909,50,2,48,4.9,4.761892,4.755432,1.001358,0.181918,1.819178,1.141199,0.207755,0.013482,0.348494,0.0,scene_3.1|scene_3.1_y04_hull_dense_y04_14p13|9158|96,scene_3.1|scene_3.1_y04_hull_dense_y04_14p13|8872|83,dea6372a113baf81ded55c5ca3780e2314dffc7f,25e9a4e5a1399a467eaf5d9fc1daa54a9a376546
scene_3_1_terminalgain_globalmax_interp_0868,family_01,868,6.737561,6.873469,0.135909,50,2,48,4.9,4.773468,4.755432,1.003793,0.181917,1.819172,1.141926,0.208401,0.043495,0.540304,0.0,scene_3.1|scene_3.1_y04_hull_dense_y04_14p13|9158|96,scene_3.1|scene_3.1_y04_hull_dense_y04_14p13|8872|83,e6c2839b2bef63fb9a22039cae7e1877b3a9e9d7,04124b32b675fb71c38c10e88a0bae60b365e801
scene_3_1_terminalgain_globalmax_interp_0869,family_01,869,6.737561,6.873469,0.135909,50,2,48,4.9,4.760742,4.755432,1.001117,0.181918,1.819178,1.141181,0.124363,0.073509,0.292735,0.0,scene_3.1|scene_3.1_y04_hull_dense_y04_14p13|9158|96,scene_3.1|scene_3.1_y04_hull_dense_y04_14p13|8872|83,a148484985d57a1d9ffcf8686a39334719ef4b9b,a07dab9674b6cd5fcb3df54870916893e2b710c0
scene_3_1_terminalgain_globalmax_interp_0870,family_01,870,6.737561,6.873469,0.135909,50,2,48,4.9,4.770649,4.755432,1.0032,0.181918,1.819178,1.141553,0.040324,0.103522,0.495839,0.0,scene_3.1|scene_3.1_y04_hull_dense_y04_14p13|9158|96,scene_3.1|scene_3.1_y04_hull_dense_y04_14p13|8872|83,53b8d5f6bed81b6125c6af1c8a615ef2ef48efc2,9aeeea95c687dd95b6c63699b3fb1caa36f66765
scene_3_1_terminalgain_globalmax_interp_0871,family_01,871,6.737561,6.873469,0.135909,50,2,48,4.9,4.758358,4.755432,1.000615,0.181917,1.819171,1.141116,0.043713,0.101672,0.21751,0.0,scene_3.1|scene_3.1_y04_hull_dense_y04_14p13|9158|96,scene_3.1|scene_3.1_y04_hull_dense_y04_14p13|8872|83,6f3dde566357d5d9959cea35fdf21de55d921a15,a1a83e20e7909a0b3a9de3e4f6d25e997c51eba9
scene_3_1_terminalgain_globalmax_interp_0872,family_01,872,6.737561,6.873469,0.135909,50,2,48,4.9,4.776323,4.755432,1.004393,0.181918,1.819178,1.141975,0.127751,0.071659,0.5815,0.0,scene_3.1|scene_3.1_y04_hull_dense_y04_14p13|9158|96,scene_3.1|scene_3.1_y04_hull_dense_y04_14p13|8872|83,aa5a4c3f7c12f836825fb7ec213430ceed8c5e7f,bc1f1edbad7046d5d7bddd23b3e82eabe100076b
scene_3_1_terminalgain_globalmax_interp_0873,family_01,873,6.737561,6.873469,0.135909,50,2,48,4.9,4.792576,4.755432,1.007811,0.181918,1.819178,1.142737,0.191593,0.041645,0.776719,0.0,scene_3.1|scene_3.1_y04_hull_dense_y04_14p13|9158|96,scene_3.1|scene_3.1_y04_hull_dense_y04_14p13|8872|83,9349686fa477cd2e3ee2ecd8babdf0ec022623c6,8162a082e82e720585e50c568295d45483816c73
scene_3_1_terminalgain_globalmax_interp_0874,family_01,874,6.737561,6.873469,0.135909,50,2,48,4.9,4.773371,4.755432,1.003772,0.181918,1.819178,1.141734,0.107556,0.011631,0.538494,0.0,scene_3.1|scene_3.1_y04_hull_dense_y04_14p13|9158|96,scene_3.1|scene_3.1_y04_hull_dense_y04_14p13|8872|83,209678ef2332643354ea4567572d2864071a239a,e735d9bcafee07c19978525f61de31f58b9cab84
scene_3_1_terminalgain_globalmax_interp_0875,family_01,875,6.737561,6.873469,0.135909,50,2,48,4.9,4.761808,4.755432,1.001341,0.181918,1.819178,1.141295,0.023518,0.018382,0.321154,0.0,scene_3.1|scene_3.1_y04_hull_dense_y04_14p13|9158|96,scene_3.1|scene_3.1_y04_hull_dense_y04_14p13|8872|83,2e5be4f6b82595e24b3a9ff1cfded855d3f6f090,705e585351a9ee8835ba279595efaf8c966c4181
scene_3_1_terminalgain_globalmax_interp_0876,family_01,876,6.737561,6.873469,0.135909,50,2,48,4.9,4.763513,4.755432,1.001699,0.181917,1.819171,1.141422,0.060521,0.048396,0.361332,0.0,scene_3.1|scene_3.1_y04_hull_dense_y04_14p13|9158|96,scene_3.1|scene_3.1_y04_hull_dense_y04_14p13|8872|83,c68787562427b9413572f2193bd061264d79be1c,b40ff5fdae90bbc38623e4665225a092ea74cf39
scene_3_1_terminalgain_globalmax_interp_0877,family_01,877,6.737561,6.873469,0.135909,50,2,48,4.9,4.776795,4.755432,1.004492,0.181917,1.819171,1.141858,0.144559,0.078409,0.588092,0.0,scene_3.1|scene_3.1_y04_hull_dense_y04_14p13|9158|96,scene_3.1|scene_3.1_y04_hull_dense_y04_14p13|8872|83,85dd062aa408707c8b2c1bc451444e93666860e5,c2a20a6f5034195733371a94f0cc0723e90ac8c8
scene_3_1_terminalgain_globalmax_interp_0878,family_01,878,6.737561,6.873469,0.135909,50,2,48,4.9,4.756859,4.755432,1.0003,0.181918,1.819178,1.141033,0.174786,0.097385,0.173858,0.0,scene_3.1|scene_3.1_y04_hull_dense_y04_14p13|9158|96,scene_3.1|scene_3.1_y04_hull_dense_y04_14p13|8872|83,4b553a4b1032e33f4ca268cad68593671e650eb6,08dcf77030fe82a80b59d198302e40edc91accee
scene_3_1_terminalgain_globalmax_interp_0879,family_01,879,6.737561,6.873469,0.135909,50,2,48,4.9,4.763834,4.755432,1.001767,0.181918,1.819178,1.141327,0.090748,0.067371,0.368375,0.0,scene_3.1|scene_3.1_y04_hull_dense_y04_14p13|9158|96,scene_3.1|scene_3.1_y04_hull_dense_y04_14p13|8872|83,0bcb4f7383b49cfd9d8f5db6e8b34292c831f8ff,fdaacda5ca76aae0731b7a8732a31a3f3992147e
scene_3_1_terminalgain_globalmax_interp_0880,family_01,880,6.737561,6.873469,0.135909,50,2,48,4.9,4.771992,4.755432,1.003482,0.181917,1.819171,1.141706,0.00671,0.037358,0.517665,0.0,scene_3.1|scene_3.1_y04_hull_dense_y04_14p13|9158|96,scene_3.1|scene_3.1_y04_hull_dense_y04_14p13|8872|83,7fdcacac09f34eec2a9c83bc7ae928f1d57cf273,45a3dd93fada318091df6d6bc6df59ac490a52ae
scene_3_1_terminalgain_globalmax_interp_0881,family_01,881,6.737561,6.873469,0.135909,50,2,48,4.9,4.770772,4.755432,1.003226,0.181917,1.819171,1.141739,0.077329,0.007344,0.498322,0.0,scene_3.1|scene_3.1_y04_hull_dense_y04_14p13|9158|96,scene_3.1|scene_3.1_y04_hull_dense_y04_14p13|8872|83,2411596547b25367bb98a5c9ebcf863dcbeb562a,1a73abcb786a8506b93be9c53b894eb554b83ec9
scene_3_1_terminalgain_globalmax_interp_0882,family_01,882,6.737561,6.873469,0.135909,50,2,48,4.9,4.769358,4.755432,1.002928,0.181918,1.819178,1.141588,0.161367,0.022669,0.474281,0.0,scene_3.1|scene_3.1_y04_hull_dense_y04_14p13|9158|96,scene_3.1|scene_3.1_y04_hull_dense_y04_14p13|8872|83,db6121c8d4fdeebf60ac96c306567e975afc0379,484907789c0875744b1a3235b9f5d7a2466b6309
scene_3_1_terminalgain_globalmax_interp_0883,family_01,883,6.737561,6.873469,0.135909,50,2,48,4.9,4.77332,4.755432,1.003762,0.181917,1.819172,1.141723,0.157978,0.052683,0.538083,0.0,scene_3.1|scene_3.1_y04_hull_dense_y04_14p13|9158|96,scene_3.1|scene_3.1_y04_hull_dense_y04_14p13|8872|83,7aa55c3f1fe477809ac6675fadef3df6e1fea693,48bfd27cfdcb284bdfcfda0d641562683a761790
scene_3_1_terminalgain_globalmax_interp_0884,family_01,884,6.737561,6.873469,0.135909,50,2,48,4.9,4.764334,4.755432,1.001872,0.181916,1.819164,1.141406,0.07394,0.082696,0.388783,0.0,scene_3.1|scene_3.1_y04_hull_dense_y04_14p13|9158|96,scene_3.1|scene_3.1_y04_hull_dense_y04_14p13|8872|83,e6dd1db870bc07817954e1e995ebd3db98e39686,04ca4a499b05030c74e4f936629e86b086a9da31
scene_3_1_terminalgain_globalmax_interp_0885,family_01,885,6.737561,6.873469,0.135909,50,2,48,4.9,4.767068,4.755432,1.002447,0.181917,1.819171,1.141452,0.010098,0.093097,0.434038,0.0,scene_3.1|scene_3.1_y04_hull_dense_y04_14p13|9158|96,scene_3.1|scene_3.1_y04_hull_dense_y04_14p13|8872|83,618d3f25894cf57b7ca9928898312eadd437227b,37c5a336ec912ed3e5a9b3c7d930fe994c558d66
scene_3_1_terminalgain_globalmax_interp_0886,family_01,886,6.737561,6.873469,0.135909,50,2,48,4.9,4.766897,4.755432,1.002411,0.181918,1.819178,1.141501,0.094136,0.063083,0.430523,0.0,scene_3.1|scene_3.1_y04_hull_dense_y04_14p13|9158|96,scene_3.1|scene_3.1_y04_hull_dense_y04_14p13|8872|83,42eb71c7a04e17cf3b19e7925d10115e8f83e0e3,0f2485eba24ffc3aabf90535c26a58e52b5eb5da
scene_3_1_terminalgain_globalmax_interp_0887,family_01,887,6.737561,6.873469,0.135909,50,2,48,4.9,4.755697,4.755432,1.000056,0.181918,1.819178,1.140949,0.178175,0.03307,0.088643,0.0,scene_3.1|scene_3.1_y04_hull_dense_y04_14p13|9158|96,scene_3.1|scene_3.1_y04_hull_dense_y04_14p13|8872|83,b6a1e5ff31172cf3b2c9a1936a151b209c4d18ad,9d66f6e7764c51182c56d16c2e9ab81c4278ba15
scene_3_1_terminalgain_globalmax_interp_0888,family_01,888,6.737561,6.873469,0.135909,50,2,48,4.9,4.780063,4.755432,1.005179,0.181918,1.819178,1.142109,0.14117,0.003056,0.631721,0.0,scene_3.1|scene_3.1_y04_hull_dense_y04_14p13|9158|96,scene_3.1|scene_3.1_y04_hull_dense_y04_14p13|8872|83,5cb42b13ab79de7e4807ebe5f8a7a97b63d36204,3eca14ff213df654645afce71b9fecfd4f9423b4
scene_3_1_terminalgain_globalmax_interp_0889,family_01,889,6.737561,6.873469,0.135909,50,2,48,4.9,4.776172,4.755432,1.004361,0.181917,1.819172,1.141961,0.057132,0.026957,0.579618,0.0,scene_3.1|scene_3.1_y04_hull_dense_y04_14p13|9158|96,scene_3.1|scene_3.1_y04_hull_dense_y04_14p13|8872|83,41152ff06befd270e74ad9fb334fe79ebebae0c2,3476f16f378b5b72d20025a080d3b725d618d0e3
scene_3_1_terminalgain_globalmax_interp_0890,family_01,890,6.737561,6.873469,0.135909,50,2,48,4.9,4.756629,4.755432,1.000252,0.181917,1.819172,1.141078,0.026906,0.056971,0.186405,0.0,scene_3.1|scene_3.1_y04_hull_dense_y04_14p13|9158|96,scene_3.1|scene_3.1_y04_hull_dense_y04_14p13|8872|83,333731204e4fe55dcdaa90b684330adea6674257,cfd8b9ed137471c339ff7849b0cce187ba887ac7
scene_3_1_terminalgain_globalmax_interp_0891,family_01,891,6.737561,6.873469,0.135909,50,2,48,4.9,4.775127,4.755432,1.004142,0.181918,1.819178,1.141912,0.110943,0.086985,0.564504,0.0,scene_3.1|scene_3.1_y04_hull_dense_y04_14p13|9158|96,scene_3.1|scene_3.1_y04_hull_dense_y04_14p13|8872|83,5673a348fef09fb710e47bbe57b6699fe0ea6714,363a10af29de04381d66e0b0874b948469472f0f
scene_3_1_terminalgain_globalmax_interp_0892,family_01,892,6.737561,6.873469,0.135909,50,2,48,4.9,4.774717,4.755432,1.004055,0.181917,1.819171,1.141799,0.194981,0.08881,0.558739,0.0,scene_3.1|scene_3.1_y04_hull_dense_y04_14p13|9158|96,scene_3.1|scene_3.1_y04_hull_dense_y04_14p13|8872|83,056704c89fcbb9b5089a7fd95d6ebfcb297e3460,657c978be05a3fe58053fa36304531624d0f1e98
scene_3_1_terminalgain_globalmax_interp_0893,family_01,893,6.737561,6.873469,0.135909,50,2,48,4.9,4.764911,4.755432,1.001993,0.181917,1.819171,1.141536,0.205039,0.058796,0.391328,0.0,scene_3.1|scene_3.1_y04_hull_dense_y04_14p13|9158|96,scene_3.1|scene_3.1_y04_hull_dense_y04_14p13|8872|83,fddaf982beb4ee6aaeeafc1d2e299e4f198dab50,f3e2c6f28c16f6ef6b719b79a38e96289cb6ee6e
scene_3_1_terminalgain_globalmax_interp_0894,family_01,894,6.737561,6.873469,0.135909,50,2,48,4.9,4.763096,4.755432,1.001611,0.181918,1.819178,1.14136,0.121001,0.028783,0.351793,0.0,scene_3.1|scene_3.1_y04_hull_dense_y04_14p13|9158|96,scene_3.1|scene_3.1_y04_hull_dense_y04_14p13|8872|83,0757da59f9b1375859ad6fd15837e8bddfa01eb8,78c1a08cf3fa49df24255e207a9c6878c70f1abb
scene_3_1_terminalgain_globalmax_interp_0895,family_01,895,6.737561,6.873469,0.135909,50,2,48,4.9,4.762761,4.755432,1.001541,0.181918,1.819178,1.141382,0.036963,0.001231,0.343941,0.0,scene_3.1|scene_3.1_y04_hull_dense_y04_14p13|9158|96,scene_3.1|scene_3.1_y04_hull_dense_y04_14p13|8872|83,822c1b7dc682e8b9cfe2c6c862ad339f6d6d7bc7,3d16a613cc019f26b8d9e8621ad3ffe61b401876
scene_3_1_terminalgain_globalmax_interp_0896,family_01,896,6.737561,6.873469,0.135909,50,2,48,4.9,4.769019,4.755432,1.002857,0.181918,1.819178,1.141541,0.047074,0.031244,0.468612,0.0,scene_3.1|scene_3.1_y04_hull_dense_y04_14p13|9158|96,scene_3.1|scene_3.1_y04_hull_dense_y04_14p13|8872|83,4503e6f7e2fa8d12b2901a7f5c9770fc6af106f3,64a64dc753c8529c53d7bf6488ac27c7054843a6
scene_3_1_terminalgain_globalmax_interp_0897,family_01,897,6.737561,6.873469,0.135909,50,2,48,4.9,4.779384,4.755432,1.005037,0.181917,1.819171,1.142128,0.131113,0.061258,0.622995,0.0,scene_3.1|scene_3.1_y04_hull_dense_y04_14p13|9158|96,scene_3.1|scene_3.1_y04_hull_dense_y04_14p13|8872|83,2cf352aa46f7ba13bad75074c420f0df45b21c14,12859e118b1809337713f6fcef8f3a0d739e6afe
scene_3_1_terminalgain_globalmax_interp_0898,family_01,898,6.737561,6.873469,0.135909,50,2,48,4.9,4.758769,4.755432,1.000702,0.181918,1.819178,1.141097,0.188231,0.091272,0.239366,0.0,scene_3.1|scene_3.1_y04_hull_dense_y04_14p13|9158|96,scene_3.1|scene_3.1_y04_hull_dense_y04_14p13|8872|83,a2655c70ae893137342acca35fe2b186d0b4331c,90f0d17bb84541a98b4843ecce00b6116c101c70
scene_3_1_terminalgain_globalmax_interp_0899,family_01,899,6.737561,6.873469,0.135909,50,2,48,4.9,4.759138,4.755432,1.000779,0.181918,1.819178,1.141168,0.104194,0.084522,0.256699,0.0,scene_3.1|scene_3.1_y04_hull_dense_y04_14p13|9158|96,scene_3.1|scene_3.1_y04_hull_dense_y04_14p13|8872|83,dd55228d9f707805cfde81e61d4a445d640eed05,7a4727a6c7aed947481a8a1381656144413c147f
scene_3_1_terminalgain_globalmax_interp_0900,family_01,900,6.737561,6.873469,0.135909,50,2,48,4.9,4.783857,4.755432,1.005977,0.181917,1.819171,1.14225,0.020156,0.054508,0.678999,0.0,scene_3.1|scene_3.1_y04_hull_dense_y04_14p13|9158|96,scene_3.1|scene_3.1_y04_hull_dense_y04_14p13|8872|83,8a3174d6cf0e614c73f6b9608b10ddd1471137b6,f80f968a9c7a1412078a7bf40a714fdbb425adcd
scene_3_1_terminalgain_globalmax_interp_0901,family_01,901,6.737561,6.873469,0.135909,50,2,48,4.9,4.778466,4.755432,1.004844,0.181918,1.819178,1.142038,0.063882,0.024495,0.610705,0.0,scene_3.1|scene_3.1_y04_hull_dense_y04_14p13|9158|96,scene_3.1|scene_3.1_y04_hull_dense_y04_14p13|8872|83,200b6033ce55473dce6db4e644a6f68b831c9f25,53f2dffa916ed6ab302f03f04e974177d3d9cefd
scene_3_1_terminalgain_globalmax_interp_0902,family_01,902,6.737561,6.873469,0.135909,50,2,48,4.9,4.760764,4.755432,1.001121,0.181918,1.819178,1.141187,0.14792,0.005519,0.293352,0.0,scene_3.1|scene_3.1_y04_hull_dense_y04_14p13|9158|96,scene_3.1|scene_3.1_y04_hull_dense_y04_14p13|8872|83,46a34f6efb448fc913ca13378e22d148b905af4f,b9e243d5d025b647269dc9e54d9eb54b6e144285
scene_3_1_terminalgain_globalmax_interp_0903,family_01,903,6.737561,6.873469,0.135909,50,2,48,4.9,4.758781,4.755432,1.000704,0.181918,1.819178,1.141187,0.171425,0.035533,0.237677,0.0,scene_3.1|scene_3.1_y04_hull_dense_y04_14p13|9158|96,scene_3.1|scene_3.1_y04_hull_dense_y04_14p13|8872|83,d32cb8488d817e4e587d29797f761ebeef7428b7,d5bdc5515961a3e9a1c3791c6b0a9aead16dc200
scene_3_1_terminalgain_globalmax_interp_0904,family_01,904,6.737561,6.873469,0.135909,50,2,48,4.9,4.783015,4.755432,1.0058,0.181918,1.819178,1.142214,0.087386,0.065546,0.668752,0.0,scene_3.1|scene_3.1_y04_hull_dense_y04_14p13|9158|96,scene_3.1|scene_3.1_y04_hull_dense_y04_14p13|8872|83,772b5a374805dbf95dfd6d435d48c9e1fc3708af,5d99530a13ee564472ccac5cc9cd5dfcbaf3d608
scene_3_1_terminalgain_globalmax_interp_0905,family_01,905,6.737561,6.873469,0.135909,50,2,48,4.9,4.77367,4.755432,1.003835,0.181918,1.819178,1.141719,0.003348,0.09556,0.543043,0.0,scene_3.1|scene_3.1_y04_hull_dense_y04_14p13|9158|96,scene_3.1|scene_3.1_y04_hull_dense_y04_14p13|8872|83,1a4b330b2f0904e66c9f184ccee03c771a8793d9,00bdfcf5d1a1bb884ab5fcab1a87f876c1280d7f
scene_3_1_terminalgain_globalmax_interp_0906,family_01,906,6.737561,6.873469,0.135909,50,2,48,4.9,4.763334,4.755432,1.001661,0.181918,1.819178,1.141402,0.08069,0.080234,0.357514,0.0,scene_3.1|scene_3.1_y04_hull_dense_y04_14p13|9158|96,scene_3.1|scene_3.1_y04_hull_dense_y04_14p13|8872|83,fb7ab3d663fb332d556073f98a0bb488fcfb143e,61d1355f92fb0ade47a2c74ea912b0be29a3cd97
scene_3_1_terminalgain_globalmax_interp_0907,family_01,907,6.737561,6.873469,0.135909,50,2,48,4.9,4.764224,4.755432,1.001849,0.181918,1.819178,1.141351,0.164728,0.05022,0.376942,0.0,scene_3.1|scene_3.1_y04_hull_dense_y04_14p13|9158|96,scene_3.1|scene_3.1_y04_hull_dense_y04_14p13|8872|83,d6ff988572361daebca57de2dfde86ba8e598848,fa63328f1ffc763e402eac3f4d4e5b2e2010c6ba
scene_3_1_terminalgain_globalmax_interp_0908,family_01,908,6.737561,6.873469,0.135909,50,2,48,4.9,4.761943,4.755432,1.001369,0.181917,1.819171,1.141355,0.154617,0.020207,0.33434,0.0,scene_3.1|scene_3.1_y04_hull_dense_y04_14p13|9158|96,scene_3.1|scene_3.1_y04_hull_dense_y04_14p13|8872|83,7ecc4b5a44e907340de540400afd3b4e00591cf6,2f96cc286547b2dee7051db55976ef28141cb4ed
scene_3_1_terminalgain_globalmax_interp_0909,family_01,909,6.737561,6.873469,0.135909,50,2,48,4.9,4.779715,4.755432,1.005106,0.181917,1.819171,1.142111,0.070579,0.009807,0.627339,0.0,scene_3.1|scene_3.1_y04_hull_dense_y04_14p13|9158|96,scene_3.1|scene_3.1_y04_hull_dense_y04_14p13|8872|83,08da42aff5a33927ddacf2ab44a1b69f9cd9143e,033f9a05fdf63e2ed5d96718e9cdf40ae41a2874
scene_3_1_terminalgain_globalmax_interp_0910,family_01,910,6.737561,6.873469,0.135909,50,2,48,4.9,4.771531,4.755432,1.003385,0.181918,1.819178,1.141655,0.01346,0.039821,0.510147,0.0,scene_3.1|scene_3.1_y04_hull_dense_y04_14p13|9158|96,scene_3.1|scene_3.1_y04_hull_dense_y04_14p13|8872|83,fcd204f3de04547c5c3a555295794df4f4897a03,c1a620d675fd0d5e8bb02fcea3da2326bd3fc83a
scene_3_1_terminalgain_globalmax_interp_0911,family_01,911,6.737561,6.873469,0.135909,50,2,48,4.9,4.756983,4.755432,1.000326,0.181918,1.819178,1.141136,0.097498,0.069834,0.159681,0.0,scene_3.1|scene_3.1_y04_hull_dense_y04_14p13|9158|96,scene_3.1|scene_3.1_y04_hull_dense_y04_14p13|8872|83,3bb15a3191d3d68ad8533715ee701d5a7ad03963,3806d7b9ff9cb7226912d362f4248419b2dc8255
scene_3_1_terminalgain_globalmax_interp_0912,family_01,912,6.737561,6.873469,0.135909,50,2,48,4.9,4.772448,4.755432,1.003578,0.181917,1.819171,1.141862,0.181535,0.099848,0.524623,0.0,scene_3.1|scene_3.1_y04_hull_dense_y04_14p13|9158|96,scene_3.1|scene_3.1_y04_hull_dense_y04_14p13|8872|83,c52e77d339d3eb649472b3e6683fd5ffa56e6c54,73c3f020945e92f945535083f15ff5468e6dad5f
scene_3_1_terminalgain_globalmax_interp_0913,family_01,913,6.737561,6.873469,0.135909,50,2,48,4.9,4.777056,4.755432,1.004547,0.181917,1.819171,1.14186,0.137809,0.075947,0.591713,0.0,scene_3.1|scene_3.1_y04_hull_dense_y04_14p13|9158|96,scene_3.1|scene_3.1_y04_hull_dense_y04_14p13|8872|83,ad5c0b9d9ec409b2e3f77e2ee5455374b4782fea,4998d6f46c0f551472055e753e92c215484593e4
scene_3_1_terminalgain_globalmax_interp_0914,family_01,914,6.737561,6.873469,0.135909,50,2,48,4.9,4.756012,4.755432,1.000122,0.181918,1.819178,1.14107,0.053771,0.045933,0.12887,0.0,scene_3.1|scene_3.1_y04_hull_dense_y04_14p13|9158|96,scene_3.1|scene_3.1_y04_hull_dense_y04_14p13|8872|83,f9d956d15dba1d3b352091d638cb11847ae79402,7efff05e4bb7391d1a760a75cfb4acc7dd4bc962
scene_3_1_terminalgain_globalmax_interp_0915,family_01,915,6.737561,6.873469,0.135909,50,2,48,4.9,4.767458,4.755432,1.002529,0.181918,1.819178,1.141545,0.030268,0.015919,0.440884,0.0,scene_3.1|scene_3.1_y04_hull_dense_y04_14p13|9158|96,scene_3.1|scene_3.1_y04_hull_dense_y04_14p13|8872|83,ebd56515d238ace634def8e15bdcea4f0501b9b3,c9cfb35727a56263c2932ca097b53ae47800d0c8
scene_3_1_terminalgain_globalmax_interp_0916,family_01,916,6.737561,6.873469,0.135909,50,2,48,4.9,4.76756,4.755432,1.00255,0.181917,1.819171,1.141519,0.114305,0.014094,0.442808,0.0,scene_3.1|scene_3.1_y04_hull_dense_y04_14p13|9158|96,scene_3.1|scene_3.1_y04_hull_dense_y04_14p13|8872|83,f07894636999573838b9ee7553c8d05be74abcfe,f2d4b8e707ff7c7a1069ba15d52a03f79743a18e
scene_3_1_terminalgain_globalmax_interp_0917,family_01,917,6.737561,6.873469,0.135909,50,2,48,4.9,4.763527,4.755432,1.001702,0.181916,1.819164,1.141463,0.198343,0.044108,0.361621,0.0,scene_3.1|scene_3.1_y04_hull_dense_y04_14p13|9158|96,scene_3.1|scene_3.1_y04_hull_dense_y04_14p13|8872|83,793511431153edbdff3b07e2cc25338347e3682d,b075e6d1732c56161a9655c71eb8387fb66a06f6
scene_3_1_terminalgain_globalmax_interp_0918,family_01,918,6.737561,6.873469,0.135909,50,2,48,4.9,4.775842,4.755432,1.004292,0.181918,1.819178,1.142015,0.201678,0.074121,0.574723,0.0,scene_3.1|scene_3.1_y04_hull_dense_y04_14p13|9158|96,scene_3.1|scene_3.1_y04_hull_dense_y04_14p13|8872|83,d4f5865ca9f7b8cee8d8edb4c7de8800b3b49490,0a021c155f3759a7151aa4dd7aaef50ec6fb86a8
scene_3_1_terminalgain_globalmax_interp_0919,family_01,919,6.737561,6.873469,0.135909,50,2,48,4.9,4.767597,4.755432,1.002558,0.181918,1.819178,1.141513,0.117639,0.104135,0.443265,0.0,scene_3.1|scene_3.1_y04_hull_dense_y04_14p13|9158|96,scene_3.1|scene_3.1_y04_hull_dense_y04_14p13|8872|83,83f21d71c66ef8863672dac099cbdd296d83e525,c95141b44ad69d404f6b372b8d099c2c106a7d87
scene_3_1_terminalgain_globalmax_interp_0920,family_01,920,6.737561,6.873469,0.135909,50,2,48,4.9,4.772343,4.755432,1.003556,0.181918,1.819178,1.141837,0.033602,0.10106,0.522877,0.0,scene_3.1|scene_3.1_y04_hull_dense_y04_14p13|9158|96,scene_3.1|scene_3.1_y04_hull_dense_y04_14p13|8872|83,d793208a945944a7143ef98e999b96a7f0441f7b,9b22d1dbda95f7dabc23954e185aa1eae107b874
scene_3_1_terminalgain_globalmax_interp_0921,family_01,921,6.737561,6.873469,0.135909,50,2,48,4.9,4.777432,4.755432,1.004626,0.181917,1.819171,1.14207,0.050436,0.071046,0.596823,0.0,scene_3.1|scene_3.1_y04_hull_dense_y04_14p13|9158|96,scene_3.1|scene_3.1_y04_hull_dense_y04_14p13|8872|83,76cf9b5316c7e5ce8f26a207fd17b8368dd1afc2,9396eeead3d42111878491030405495e4106cf39
scene_3_1_terminalgain_globalmax_interp_0922,family_01,922,6.737561,6.873469,0.135909,50,2,48,4.9,4.761796,4.755432,1.001338,0.181918,1.819178,1.141142,0.134474,0.041032,0.320499,0.0,scene_3.1|scene_3.1_y04_hull_dense_y04_14p13|9158|96,scene_3.1|scene_3.1_y04_hull_dense_y04_14p13|8872|83,819c296a94f4338fca3305762c82e543c7b62f0e,7901261748bed0e7b0a3c1b91bfd1ebfd2f0b8ab
scene_3_1_terminalgain_globalmax_interp_0923,family_01,923,6.737561,6.873469,0.135909,50,2,48,4.9,4.758794,4.755432,1.000707,0.181918,1.819178,1.141154,0.18487,0.011019,0.234463,0.0,scene_3.1|scene_3.1_y04_hull_dense_y04_14p13|9158|96,scene_3.1|scene_3.1_y04_hull_dense_y04_14p13|8872|83,769bef5db204a5e42e63a6368995a30297485176,e5ca619c3bbf09d184f500bea1c598e557c108d3
scene_3_1_terminalgain_globalmax_interp_0924,family_01,924,6.737561,6.873469,0.135909,50,2,48,4.9,4.774642,4.755432,1.004039,0.181917,1.819171,1.14189,0.100833,0.018995,0.557677,0.0,scene_3.1|scene_3.1_y04_hull_dense_y04_14p13|9158|96,scene_3.1|scene_3.1_y04_hull_dense_y04_14p13|8872|83,54a026203fb041f9180d3b11dc951913433c0c43,ccd354b9e89b7dfbe75a8570be475de14914aa77
scene_3_1_terminalgain_globalmax_interp_0925,family_01,925,6.737561,6.873469,0.135909,50,2,48,4.9,4.765932,4.755432,1.002208,0.181917,1.819171,1.141412,0.016794,0.049008,0.411868,0.0,scene_3.1|scene_3.1_y04_hull_dense_y04_14p13|9158|96,scene_3.1|scene_3.1_y04_hull_dense_y04_14p13|8872|83,73f4e5291f9a01f14be63fd1f153545c9ec30889,3d012707a11da975e0cff45e2bc099580cc41872
scene_3_1_terminalgain_globalmax_interp_0926,family_01,926,6.737561,6.873469,0.135909,50,2,48,4.9,4.76013,4.755432,1.000988,0.181918,1.819178,1.141175,0.067244,0.079022,0.275475,0.0,scene_3.1|scene_3.1_y04_hull_dense_y04_14p13|9158|96,scene_3.1|scene_3.1_y04_hull_dense_y04_14p13|8872|83,f6d74ebd69dafbc4356745b4c4dac080c536b7ee,624e8606aabe37e18a8819ca8737ae265f98b6ad
scene_3_1_terminalgain_globalmax_interp_0927,family_01,927,6.737561,6.873469,0.135909,50,2,48,4.9,4.77565,4.755432,1.004252,0.181917,1.819172,1.141889,0.151282,0.096772,0.571996,0.0,scene_3.1|scene_3.1_y04_hull_dense_y04_14p13|9158|96,scene_3.1|scene_3.1_y04_hull_dense_y04_14p13|8872|83,798a04ef47ada4c248ce58971f772acb7a867cf4,e26757be7205679e37a6bcd5439608ca18027dd3
scene_3_1_terminalgain_globalmax_interp_0928,family_01,928,6.737561,6.873469,0.135909,50,2,48,4.9,4.789563,4.755432,1.007177,0.181917,1.819172,1.142597,0.168063,0.066759,0.744545,0.0,scene_3.1|scene_3.1_y04_hull_dense_y04_14p13|9158|96,scene_3.1|scene_3.1_y04_hull_dense_y04_14p13|8872|83,f261834f325f01a60c6f5f3b9544778cd6b72acc,2d55f467cc931fdb4a55a550c71781e5afaa7df7
scene_3_1_terminalgain_globalmax_interp_0929,family_01,929,6.737561,6.873469,0.135909,50,2,48,4.9,4.769422,4.755432,1.002942,0.181917,1.819171,1.141662,0.084025,0.036745,0.475583,0.0,scene_3.1|scene_3.1_y04_hull_dense_y04_14p13|9158|96,scene_3.1|scene_3.1_y04_hull_dense_y04_14p13|8872|83,3ca93081fe9364bfae72cc115653b647173bf911,9ff04f81cfb3d37389288c285e1a749c9fe63ff6
scene_3_1_terminalgain_globalmax_interp_0930,family_01,930,6.737561,6.873469,0.135909,50,2,48,4.9,4.758697,4.755432,1.000687,0.181918,1.819178,1.141195,1.4e-05,0.006732,0.240045,0.0,scene_3.1|scene_3.1_y04_hull_dense_y04_14p13|9158|96,scene_3.1|scene_3.1_y04_hull_dense_y04_14p13|8872|83,c420d9706246c7426dbb95126000228598ff5488,51811e45ab2b08b9fa6fdc7913231462ba34a2bf
scene_3_1_terminalgain_globalmax_interp_0931,family_01,931,6.737561,6.873469,0.135909,50,2,48,4.9,4.768874,4.755432,1.002827,0.181918,1.819178,1.141502,0.084052,0.023282,0.466133,0.0,scene_3.1|scene_3.1_y04_hull_dense_y04_14p13|9158|96,scene_3.1|scene_3.1_y04_hull_dense_y04_14p13|8872|83,2babae5f4cc3845babc268671a67ee9059f277f1,013a60a0f57663aa1d35f3665faf5575e3888f7a
scene_3_1_terminalgain_globalmax_interp_0932,family_01,932,6.737561,6.873469,0.135909,50,2,48,4.9,4.766234,4.755432,1.002271,0.181917,1.819171,1.141487,0.16809,0.053295,0.417901,0.0,scene_3.1|scene_3.1_y04_hull_dense_y04_14p13|9158|96,scene_3.1|scene_3.1_y04_hull_dense_y04_14p13|8872|83,9d8c42221e25a0ce80fecc44769199ed7caba193,62df6b45d90d50372b764909e715f4a090f3111c
scene_3_1_terminalgain_globalmax_interp_0933,family_01,933,6.737561,6.873469,0.135909,50,2,48,4.9,4.766965,4.755432,1.002425,0.181918,1.819178,1.141588,0.151255,0.083309,0.431721,0.0,scene_3.1|scene_3.1_y04_hull_dense_y04_14p13|9158|96,scene_3.1|scene_3.1_y04_hull_dense_y04_14p13|8872|83,7c20ecbcae044d98033c9b27ab741368ae8f78a8,ebd03692f95e5760c932fe1668bd455233538c08
scene_3_1_terminalgain_globalmax_interp_0934,family_01,934,6.737561,6.873469,0.135909,50,2,48,4.9,4.766107,4.755432,1.002245,0.181918,1.819178,1.141311,0.067217,0.092484,0.415432,0.0,scene_3.1|scene_3.1_y04_hull_dense_y04_14p13|9158|96,scene_3.1|scene_3.1_y04_hull_dense_y04_14p13|8872|83,1a570c19637493003e37ae8cb8df0ec628eb0d31,ff74b98f6a7f86582b1cd58c92b78e03a1afe37c
scene_3_1_terminalgain_globalmax_interp_0935,family_01,935,6.737561,6.873469,0.135909,50,2,48,4.9,4.75569,4.755432,1.000054,0.181918,1.819178,1.140994,0.016821,0.062471,0.134211,0.0,scene_3.1|scene_3.1_y04_hull_dense_y04_14p13|9158|96,scene_3.1|scene_3.1_y04_hull_dense_y04_14p13|8872|83,f22355662e9a1244e142079d5221e29f9a75819c,c91fdab34b0370a757f6cc53cd390b2c9160b95e
scene_3_1_terminalgain_globalmax_interp_0936,family_01,936,6.737561,6.873469,0.135909,50,2,48,4.9,4.78636,4.755432,1.006504,0.181918,1.819178,1.142425,0.10086,0.032457,0.708131,0.0,scene_3.1|scene_3.1_y04_hull_dense_y04_14p13|9158|96,scene_3.1|scene_3.1_y04_hull_dense_y04_14p13|8872|83,b9b6767bb6545481a4eade84a6ef76a38c9f76c7,44310959623f67e0399ae47a711095218bfe57eb
scene_3_1_terminalgain_globalmax_interp_0937,family_01,937,6.737561,6.873469,0.135909,50,2,48,4.9,4.791062,4.755432,1.007492,0.181918,1.819178,1.142648,0.184897,0.002444,0.761042,0.0,scene_3.1|scene_3.1_y04_hull_dense_y04_14p13|9158|96,scene_3.1|scene_3.1_y04_hull_dense_y04_14p13|8872|83,19c271a20e566f63a567690eb3e73e18c51af0c6,78756a7102ee7169d5c28e5ac14c118f2f3d0b80
scene_3_1_terminalgain_globalmax_interp_0938,family_01,938,6.737561,6.873469,0.135909,50,2,48,4.9,4.756777,4.755432,1.000283,0.181918,1.819178,1.141128,0.134447,0.02757,0.22926,0.0,scene_3.1|scene_3.1_y04_hull_dense_y04_14p13|9158|96,scene_3.1|scene_3.1_y04_hull_dense_y04_14p13|8872|83,bbfef6dd5fa5ba0ac51b1b6530a559ff8df517d9,46e58cbd730446457b5cb5f0c978c795179eb6fb
scene_3_1_terminalgain_globalmax_interp_0939,family_01,939,6.737561,6.873469,0.135909,50,2,48,4.9,4.763209,4.755432,1.001635,0.181917,1.819172,1.141285,0.050409,0.057584,0.370966,0.0,scene_3.1|scene_3.1_y04_hull_dense_y04_14p13|9158|96,scene_3.1|scene_3.1_y04_hull_dense_y04_14p13|8872|83,50ab9381be2cf7d14290373e0ea65254284f8e74,c3fd2d4513b886417f7da29291e89ca6febbae9d
scene_3_1_terminalgain_globalmax_interp_0940,family_01,940,6.737561,6.873469,0.135909,50,2,48,4.9,4.770727,4.755432,1.003216,0.181917,1.819171,1.141797,0.033629,0.087597,0.497383,0.0,scene_3.1|scene_3.1_y04_hull_dense_y04_14p13|9158|96,scene_3.1|scene_3.1_y04_hull_dense_y04_14p13|8872|83,411e3c24c6b7c0689bb66f3beb742007af7a7913,84cd4c4434554d9f7d7c5e90020534f65b75a8e6
scene_3_1_terminalgain_globalmax_interp_0941,family_01,941,6.737561,6.873469,0.135909,50,2,48,4.9,4.765871,4.755432,1.002195,0.181917,1.819171,1.141361,0.117666,0.088197,0.410624,0.0,scene_3.1|scene_3.1_y04_hull_dense_y04_14p13|9158|96,scene_3.1|scene_3.1_y04_hull_dense_y04_14p13|8872|83,f999520df3a2893807db9d32dc546f7c05a4193b,e4f8ddfe832fcae1a106ddb72ee92a48ecb4f814
scene_3_1_terminalgain_globalmax_interp_0942,family_01,942,6.737561,6.873469,0.135909,50,2,48,4.9,4.76484,4.755432,1.001978,0.181918,1.819178,1.141331,0.201705,0.058184,0.389835,0.0,scene_3.1|scene_3.1_y04_hull_dense_y04_14p13|9158|96,scene_3.1|scene_3.1_y04_hull_dense_y04_14p13|8872|83,f19950b7e59a2a11ce84900adb9a17f0412c0dfd,7d88f01d81fd36496b76fdd2d06a36fad1a007d7
scene_3_1_terminalgain_globalmax_interp_0943,family_01,943,6.737561,6.873469,0.135909,50,2,48,4.9,4.761027,4.755432,1.001176,0.181918,1.819178,1.141276,0.198316,0.02817,0.300466,0.0,scene_3.1|scene_3.1_y04_hull_dense_y04_14p13|9158|96,scene_3.1|scene_3.1_y04_hull_dense_y04_14p13|8872|83,1c9a1db2af29e94484cc7ec303ddf2defb243a19,6269e8b48b321d4932531f745c1c41edf54bc40a
scene_3_1_terminalgain_globalmax_interp_0944,family_01,944,6.737561,6.873469,0.135909,50,2,48,4.9,4.768073,4.755432,1.002658,0.181917,1.819171,1.141569,0.114278,0.001843,0.452235,0.0,scene_3.1|scene_3.1_y04_hull_dense_y04_14p13|9158|96,scene_3.1|scene_3.1_y04_hull_dense_y04_14p13|8872|83,4f8c1d76eee99320c9c28b07144d90458b5d7e57,c81a47d54bc5fcc86eac460cdb470e36777e39a9
scene_3_1_terminalgain_globalmax_interp_0945,family_01,945,6.737561,6.873469,0.135909,50,2,48,4.9,4.784062,4.755432,1.00602,0.181917,1.819171,1.142259,0.030241,0.031857,0.681396,0.0,scene_3.1|scene_3.1_y04_hull_dense_y04_14p13|9158|96,scene_3.1|scene_3.1_y04_hull_dense_y04_14p13|8872|83,df26adfca440b2643ad1eec112d4c472567a08fc,bd2df4b7ce5e6b07369be0bb63726ad34c06d702
scene_3_1_terminalgain_globalmax_interp_0946,family_01,946,6.737561,6.873469,0.135909,50,2,48,4.9,4.770259,4.755432,1.003118,0.181918,1.819178,1.141674,0.053798,0.061871,0.489475,0.0,scene_3.1|scene_3.1_y04_hull_dense_y04_14p13|9158|96,scene_3.1|scene_3.1_y04_hull_dense_y04_14p13|8872|83,6dc7d667a9b8bd508d27527ab965cbb5ef866aa8,83329efa14c21284e54b719b4b7b6ba2cc1c8afc
scene_3_1_terminalgain_globalmax_interp_0947,family_01,947,6.737561,6.873469,0.135909,50,2,48,4.9,4.758533,4.755432,1.000652,0.181918,1.819178,1.141061,0.137836,0.091884,0.277343,0.0,scene_3.1|scene_3.1_y04_hull_dense_y04_14p13|9158|96,scene_3.1|scene_3.1_y04_hull_dense_y04_14p13|8872|83,2e4b7453c7e7fa181ab337a9ecdbb1a559d709d2,3f2b583d2c290275e1aa45fa291839df6a75bc52
scene_3_1_terminalgain_globalmax_interp_0948,family_01,948,6.737561,6.873469,0.135909,50,2,48,4.9,4.768461,4.755432,1.00274,0.181917,1.819171,1.141604,0.181508,0.083909,0.459017,0.0,scene_3.1|scene_3.1_y04_hull_dense_y04_14p13|9158|96,scene_3.1|scene_3.1_y04_hull_dense_y04_14p13|8872|83,140d22f783c9c4b1c3cfd1a80e70a3346e47ddad,0442c4c22701dca71c8099ea125ca08a86871d20
scene_3_1_terminalgain_globalmax_interp_0949,family_01,949,6.737561,6.873469,0.135909,50,2,48,4.9,4.7704,4.755432,1.003147,0.181917,1.819171,1.141631,0.097471,0.053896,0.491857,0.0,scene_3.1|scene_3.1_y04_hull_dense_y04_14p13|9158|96,scene_3.1|scene_3.1_y04_hull_dense_y04_14p13|8872|83,736158187b1a24360ca8f84161c3a9a11e34fda1,6be1a5f3665bd3d7b71184783c758938eec755bb
scene_3_1_terminalgain_globalmax_interp_0950,family_01,950,6.737561,6.873469,0.135909,50,2,48,4.9,4.758661,4.755432,1.000679,0.181918,1.819178,1.141102,0.013433,0.023882,0.231481,0.0,scene_3.1|scene_3.1_y04_hull_dense_y04_14p13|9158|96,scene_3.1|scene_3.1_y04_hull_dense_y04_14p13|8872|83,e338720b46ed1f9f16e23f49d7af9ca20c0b1019,8ff920da5a6ec27505d72cbf80900bf49ee55569
scene_3_1_terminalgain_globalmax_interp_0951,family_01,951,6.737561,6.873469,0.135909,50,2,48,4.9,4.765484,4.755432,1.002114,0.181918,1.819178,1.141424,0.070605,0.006132,0.403027,0.0,scene_3.1|scene_3.1_y04_hull_dense_y04_14p13|9158|96,scene_3.1|scene_3.1_y04_hull_dense_y04_14p13|8872|83,5fc4f21820ed543085dc9608d6728883051054bc,9b3c1c42ca8653ff842eb929e4e5192e397fd645
scene_3_1_terminalgain_globalmax_interp_0952,family_01,952,6.737561,6.873469,0.135909,50,2,48,4.9,4.774801,4.755432,1.004073,0.181918,1.819178,1.141962,0.154644,0.036145,0.55978,0.0,scene_3.1|scene_3.1_y04_hull_dense_y04_14p13|9158|96,scene_3.1|scene_3.1_y04_hull_dense_y04_14p13|8872|83,fa69995ede0e04598287ec0293af03e3e8d0b1cb,71110a2c2b5b10545aa2dba7853a2daddf1fd722
scene_3_1_terminalgain_globalmax_interp_0953,family_01,953,6.737561,6.873469,0.135909,50,2,48,4.9,4.773246,4.755432,1.003746,0.181918,1.819178,1.141761,0.164701,0.066159,0.536738,0.0,scene_3.1|scene_3.1_y04_hull_dense_y04_14p13|9158|96,scene_3.1|scene_3.1_y04_hull_dense_y04_14p13|8872|83,c2d3f6f831564c5966c5f70679387fe8673bfc6c,ac6381a87ec9478a7dbe7e9f5d4e4f6b3852c311
scene_3_1_terminalgain_globalmax_interp_0954,family_01,954,6.737561,6.873469,0.135909,50,2,48,4.9,4.772616,4.755432,1.003613,0.181918,1.819178,1.141616,0.080663,0.096172,0.527258,0.0,scene_3.1|scene_3.1_y04_hull_dense_y04_14p13|9158|96,scene_3.1|scene_3.1_y04_hull_dense_y04_14p13|8872|83,e5176e80d3d500c39a11a9ba781db1aa046fcb72,9f01d3c9cc70abd4c975f645949e8a5523384204
scene_3_1_terminalgain_globalmax_interp_0955,family_01,955,6.737561,6.873469,0.135909,50,2,48,4.9,4.7776,4.755432,1.004662,0.181918,1.819178,1.142008,0.003375,0.079622,0.59904,0.0,scene_3.1|scene_3.1_y04_hull_dense_y04_14p13|9158|96,scene_3.1|scene_3.1_y04_hull_dense_y04_14p13|8872|83,cccaba420c770c664cb84ff96a2be99c3ec6d294,ba109bab75a33616d7cf7ba08d491837a55e725d
scene_3_1_terminalgain_globalmax_interp_0956,family_01,956,6.737561,6.873469,0.135909,50,2,48,4.9,4.764199,4.755432,1.001843,0.181917,1.819171,1.141331,0.087413,0.049609,0.376303,0.0,scene_3.1|scene_3.1_y04_hull_dense_y04_14p13|9158|96,scene_3.1|scene_3.1_y04_hull_dense_y04_14p13|8872|83,743455e066b5ea6d028c5d224bb2b56c88d86ecc,1605631fac0991a913f551587ec036624598bd25
scene_3_1_terminalgain_globalmax_interp_0957,family_01,957,6.737561,6.873469,0.135909,50,2,48,4.9,4.766678,4.755432,1.002365,0.181917,1.819171,1.141494,0.171451,0.019594,0.426395,0.0,scene_3.1|scene_3.1_y04_hull_dense_y04_14p13|9158|96,scene_3.1|scene_3.1_y04_hull_dense_y04_14p13|8872|83,50c1200002a8ef838d0547a94e527d9da92379a6,cfe95bde22daf89ac6ee20a41dc2a92e80331fe2
scene_3_1_terminalgain_globalmax_interp_0958,family_01,958,6.737561,6.873469,0.135909,50,2,48,4.9,4.768943,4.755432,1.002841,0.181918,1.819178,1.141532,0.147894,0.01042,0.467151,0.0,scene_3.1|scene_3.1_y04_hull_dense_y04_14p13|9158|96,scene_3.1|scene_3.1_y04_hull_dense_y04_14p13|8872|83,b53ce10d8dc83a96038b7fefd73770383d0346a3,da7f7054b8d67439683739805833b207605b93a6
scene_3_1_terminalgain_globalmax_interp_0959,family_01,959,6.737561,6.873469,0.135909,50,2,48,4.9,4.756098,4.755432,1.00014,0.181918,1.819178,1.141045,0.063855,0.040433,0.140374,0.0,scene_3.1|scene_3.1_y04_hull_dense_y04_14p13|9158|96,scene_3.1|scene_3.1_y04_hull_dense_y04_14p13|8872|83,ae4d50fc0e8732235b271478fc3237d0021822de,32eee4feacc2a75fb152f638d59adac4fd821dc9
scene_3_1_terminalgain_globalmax_interp_0960,family_01,960,6.737561,6.873469,0.135909,50,2,48,4.9,4.776051,4.755432,1.004336,0.181918,1.819178,1.141851,0.020183,0.070447,0.577722,0.0,scene_3.1|scene_3.1_y04_hull_dense_y04_14p13|9158|96,scene_3.1|scene_3.1_y04_hull_dense_y04_14p13|8872|83,17eebadd34fd1c0ea50b7dd6341109652988c77c,e458cde357529038504d6fa4f06ee54197043aa1
scene_3_1_terminalgain_globalmax_interp_0961,family_01,961,6.737561,6.873469,0.135909,50,2,48,4.9,4.77327,4.755432,1.003751,0.181917,1.819171,1.141866,0.104221,0.10046,0.53734,0.0,scene_3.1|scene_3.1_y04_hull_dense_y04_14p13|9158|96,scene_3.1|scene_3.1_y04_hull_dense_y04_14p13|8872|83,5293c30f1bbe4dadacd25dee9b0ad0e8d95e030b,1cced77e8519f4c640871770beb9ec364d61cc05
scene_3_1_terminalgain_globalmax_interp_0962,family_01,962,6.737561,6.873469,0.135909,50,2,48,4.9,4.756711,4.755432,1.000269,0.181918,1.819178,1.141028,0.188258,0.075334,0.15684,0.0,scene_3.1|scene_3.1_y04_hull_dense_y04_14p13|9158|96,scene_3.1|scene_3.1_y04_hull_dense_y04_14p13|8872|83,ef913e32f878958f60432eba8a14dd32ec6fbd8e,33443530296c8ab3873621f33a3920f92ea5bdee
scene_3_1_terminalgain_globalmax_interp_0963,family_01,963,6.737561,6.873469,0.135909,50,2,48,4.9,4.769863,4.755432,1.003034,0.181918,1.819178,1.141679,0.131086,0.04532,0.482848,0.0,scene_3.1|scene_3.1_y04_hull_dense_y04_14p13|9158|96,scene_3.1|scene_3.1_y04_hull_dense_y04_14p13|8872|83,eeff450603c3100d4053abdc3ccd2c44be5350a8,c7d5f2f0199295ebc490a110aaee7bdf0a611f00
scene_3_1_terminalgain_globalmax_interp_0964,family_01,964,6.737561,6.873469,0.135909,50,2,48,4.9,4.781553,4.755432,1.005493,0.181917,1.819171,1.142259,0.047048,0.015307,0.650664,0.0,scene_3.1|scene_3.1_y04_hull_dense_y04_14p13|9158|96,scene_3.1|scene_3.1_y04_hull_dense_y04_14p13|8872|83,d9765aa5860e2d19f7662b05cd36be8486ac0e09,31422e2fd3a9502d8f961b7db5a4568774bfc895
scene_3_1_terminalgain_globalmax_interp_0965,family_01,965,6.737561,6.873469,0.135909,50,2,48,4.9,4.762242,4.755432,1.001432,0.181918,1.819178,1.141263,0.03699,0.014707,0.331499,0.0,scene_3.1|scene_3.1_y04_hull_dense_y04_14p13|9158|96,scene_3.1|scene_3.1_y04_hull_dense_y04_14p13|8872|83,48b89d3298656ae2f844629b13812586af49ab54,02cb4486199031a65babec680fcaf44ff0f1b6c2
scene_3_1_terminalgain_globalmax_interp_0966,family_01,966,6.737561,6.873469,0.135909,50,2,48,4.9,4.763426,4.755432,1.001681,0.181918,1.819178,1.141219,0.121028,0.04472,0.359267,0.0,scene_3.1|scene_3.1_y04_hull_dense_y04_14p13|9158|96,scene_3.1|scene_3.1_y04_hull_dense_y04_14p13|8872|83,9fc4213d706f99328e1d24dd5d0e1d8fa5813c4a,ef0ac8b7d0cbd5d51912e825de7943888f767a06
scene_3_1_terminalgain_globalmax_interp_0967,family_01,967,6.737561,6.873469,0.135909,50,2,48,4.9,4.764601,4.755432,1.001928,0.181917,1.819172,1.141345,0.205066,0.074734,0.384862,0.0,scene_3.1|scene_3.1_y04_hull_dense_y04_14p13|9158|96,scene_3.1|scene_3.1_y04_hull_dense_y04_14p13|8872|83,ff082aba06985d7765825c8f64648ac40574bb14,f2b1ee5628a779fdf205c2053855ea8445e76186
scene_3_1_terminalgain_globalmax_interp_0968,family_01,968,6.737561,6.873469,0.135909,50,2,48,4.9,4.773839,4.755432,1.003871,0.181917,1.819172,1.141726,0.194955,0.104747,0.545984,0.0,scene_3.1|scene_3.1_y04_hull_dense_y04_14p13|9158|96,scene_3.1|scene_3.1_y04_hull_dense_y04_14p13|8872|83,fec7f7e8da2088f9f58d79bd6815c5df39e30404,943bc98d554d88b79bf9f1032574fc6667a204ed
scene_3_1_terminalgain_globalmax_interp_0969,family_01,969,6.737561,6.873469,0.135909,50,2,48,4.9,4.78151,4.755432,1.005484,0.181918,1.819178,1.142188,0.110916,0.104647,0.64996,0.0,scene_3.1|scene_3.1_y04_hull_dense_y04_14p13|9158|96,scene_3.1|scene_3.1_y04_hull_dense_y04_14p13|8872|83,765424914bfebfee82eff54ee2b1abfc198c8882,ff48412eb0c5b053309693fd01915bf9419a8ea2
scene_3_1_terminalgain_globalmax_interp_0970,family_01,970,6.737561,6.873469,0.135909,50,2,48,4.9,4.759636,4.755432,1.000884,0.181918,1.819178,1.141189,0.026879,0.074634,0.286908,0.0,scene_3.1|scene_3.1_y04_hull_dense_y04_14p13|9158|96,scene_3.1|scene_3.1_y04_hull_dense_y04_14p13|8872|83,c7170b22f4b21cdb776475a30eac3dc1328c2313,4e5d7f3ce1a84f4ed14517871c72637c2a788270
scene_3_1_terminalgain_globalmax_interp_0971,family_01,971,6.737561,6.873469,0.135909,50,2,48,4.9,4.760214,4.755432,1.001005,0.181918,1.819178,1.141163,0.057159,0.04462,0.334441,0.0,scene_3.1|scene_3.1_y04_hull_dense_y04_14p13|9158|96,scene_3.1|scene_3.1_y04_hull_dense_y04_14p13|8872|83,cc1496a6e79b76ad7be214d5cf18092efcb5e5b3,77b32b4114167d5c5a0f975f4b1200f5ce7e49f7
scene_3_1_terminalgain_globalmax_interp_0972,family_01,972,6.737561,6.873469,0.135909,50,2,48,4.9,4.77683,4.755432,1.0045,0.181917,1.819171,1.141973,0.141197,0.014607,0.588597,0.0,scene_3.1|scene_3.1_y04_hull_dense_y04_14p13|9158|96,scene_3.1|scene_3.1_y04_hull_dense_y04_14p13|8872|83,98d047cbfa12bbc58ea4d9a7247426c9ddaf6458,f22ef3320aff1774ea9c91a2bdef653574adff4f
scene_3_1_terminalgain_globalmax_interp_0973,family_01,973,6.737561,6.873469,0.135909,50,2,48,4.9,4.778462,4.755432,1.004843,0.181917,1.819171,1.142138,0.178148,0.015407,0.610979,0.0,scene_3.1|scene_3.1_y04_hull_dense_y04_14p13|9158|96,scene_3.1|scene_3.1_y04_hull_dense_y04_14p13|8872|83,599c21d48c9a8ad1c87814022600a259e79d972d,de2fc3124832a1094ce310e10148954fb92eb926
scene_3_1_terminalgain_globalmax_interp_0974,family_01,974,6.737561,6.873469,0.135909,50,2,48,4.9,4.757819,4.755432,1.000502,0.181918,1.819178,1.141088,0.094109,0.045421,0.196925,0.0,scene_3.1|scene_3.1_y04_hull_dense_y04_14p13|9158|96,scene_3.1|scene_3.1_y04_hull_dense_y04_14p13|8872|83,b6f0b2d05fb173033abf338baeb22edc98240e19,1cb017df15879b551ef1dcdcadfc718bae0f2c82
scene_3_1_terminalgain_globalmax_interp_0975,family_01,975,6.737561,6.873469,0.135909,50,2,48,4.9,4.761281,4.755432,1.00123,0.181918,1.819178,1.141209,0.010071,0.075434,0.307277,0.0,scene_3.1|scene_3.1_y04_hull_dense_y04_14p13|9158|96,scene_3.1|scene_3.1_y04_hull_dense_y04_14p13|8872|83,22f335f30f4d3c53440e2dc3a2441c12bfba0e8c,fd928d5a15c677ea1c873066f3354dfaa22ea895
scene_3_1_terminalgain_globalmax_interp_0976,family_01,976,6.737561,6.873469,0.135909,50,2,48,4.9,4.775581,4.755432,1.004237,0.181917,1.819171,1.141886,0.073967,0.10036,0.571172,0.0,scene_3.1|scene_3.1_y04_hull_dense_y04_14p13|9158|96,scene_3.1|scene_3.1_y04_hull_dense_y04_14p13|8872|83,af3b002079af78be81a3c3ce5aa32028f24f2fc2,faeb488ccc656c9956968263a131fc17ef0964e6
scene_3_1_terminalgain_globalmax_interp_0977,family_01,977,6.737561,6.873469,0.135909,50,2,48,4.9,4.768783,4.755432,1.002808,0.181917,1.819171,1.141585,0.158005,0.070347,0.464684,0.0,scene_3.1|scene_3.1_y04_hull_dense_y04_14p13|9158|96,scene_3.1|scene_3.1_y04_hull_dense_y04_14p13|8872|83,40516d96ca7d32f4d0edc7efd8e13b48ef7d6be4,bce10a2e37697dcd78a99ff0d4b98075c9f2d3bc
scene_3_1_terminalgain_globalmax_interp_0978,family_01,978,6.737561,6.873469,0.135909,50,2,48,4.9,4.766649,4.755432,1.002359,0.181917,1.819172,1.141496,0.16134,0.040333,0.425804,0.0,scene_3.1|scene_3.1_y04_hull_dense_y04_14p13|9158|96,scene_3.1|scene_3.1_y04_hull_dense_y04_14p13|8872|83,7604a75d4e295a03a2859cd9a3d221095ee67f14,50b706631215cd5ed431ab9ab74302a46511683a
scene_3_1_terminalgain_globalmax_interp_0979,family_01,979,6.737561,6.873469,0.135909,50,2,48,4.9,4.760343,4.755432,1.001033,0.181918,1.819178,1.141254,0.077302,0.010319,0.281625,0.0,scene_3.1|scene_3.1_y04_hull_dense_y04_14p13|9158|96,scene_3.1|scene_3.1_y04_hull_dense_y04_14p13|8872|83,b44fe08c3a8b48c5f41a2786aabc11028081a7b5,f9bfc3c6f34e3705332cdf384cbfadadb76a3021
scene_3_1_terminalgain_globalmax_interp_0980,family_01,980,6.737561,6.873469,0.135909,50,2,48,4.9,4.766287,4.755432,1.002283,0.181917,1.819171,1.141354,0.006737,0.019694,0.418776,0.0,scene_3.1|scene_3.1_y04_hull_dense_y04_14p13|9158|96,scene_3.1|scene_3.1_y04_hull_dense_y04_14p13|8872|83,8612bb95e0c6d79eb9d7c0fb814f724fb5707b5d,b533130d93280ae94db5da3d8929ec779ebcc59c
scene_3_1_terminalgain_globalmax_interp_0981,family_01,981,6.737561,6.873469,0.135909,50,2,48,4.9,4.77973,4.755432,1.00511,0.181918,1.819178,1.142136,0.090775,0.049708,0.627512,0.0,scene_3.1|scene_3.1_y04_hull_dense_y04_14p13|9158|96,scene_3.1|scene_3.1_y04_hull_dense_y04_14p13|8872|83,08c83894e0edc2f0e676b2b4efd12af0afff1885,134a08a4b7ea0a8b14e1f5616ac8b2eb860d0908
scene_3_1_terminalgain_globalmax_interp_0982,family_01,982,6.737561,6.873469,0.135909,50,2,48,4.9,4.777009,4.755432,1.004537,0.181918,1.819178,1.14204,0.174813,0.079721,0.590947,0.0,scene_3.1|scene_3.1_y04_hull_dense_y04_14p13|9158|96,scene_3.1|scene_3.1_y04_hull_dense_y04_14p13|8872|83,79a4d0e540c0c3e076550d22e3aaba59609e1311,6020b4df62c5a85433753db51473963deab0a051
scene_3_1_terminalgain_globalmax_interp_0983,family_01,983,6.737561,6.873469,0.135909,50,2,48,4.9,4.757121,4.755432,1.000355,0.181918,1.819178,1.141026,0.144532,0.096072,0.184955,0.0,scene_3.1|scene_3.1_y04_hull_dense_y04_14p13|9158|96,scene_3.1|scene_3.1_y04_hull_dense_y04_14p13|8872|83,56dbc7eb6e444d7d10f919ca03c50c4b9c34f252,ea639dd418becff9289bfc061aa311cfdb4910ad
scene_3_1_terminalgain_globalmax_interp_0984,family_01,984,6.737561,6.873469,0.135909,50,2,48,4.9,4.775568,4.755432,1.004234,0.181918,1.819178,1.141898,0.060494,0.066059,0.570988,0.0,scene_3.1|scene_3.1_y04_hull_dense_y04_14p13|9158|96,scene_3.1|scene_3.1_y04_hull_dense_y04_14p13|8872|83,47765515d5c0b838e583b3eaf8f0f1e484587628,cfb8c0329d3cb97830c8fe6b8cc5ace359c07ddb
scene_3_1_terminalgain_globalmax_interp_0985,family_01,985,6.737561,6.873469,0.135909,50,2,48,4.9,4.781245,4.755432,1.005428,0.181917,1.819171,1.142276,0.023544,0.036045,0.646933,0.0,scene_3.1|scene_3.1_y04_hull_dense_y04_14p13|9158|96,scene_3.1|scene_3.1_y04_hull_dense_y04_14p13|8872|83,b7ae82e5f2763fa9d004e895c096d214b45828c3,c1cb51288d212a4f2d00966055cbd7483dfa6ffa
scene_3_1_terminalgain_globalmax_interp_0986,family_01,986,6.737561,6.873469,0.135909,50,2,48,4.9,4.755792,4.755432,1.000076,0.181918,1.819178,1.140906,0.107583,0.006031,0.086797,0.0,scene_3.1|scene_3.1_y04_hull_dense_y04_14p13|9158|96,scene_3.1|scene_3.1_y04_hull_dense_y04_14p13|8872|83,830a77cc6e89acbd16c4b1307e91755720f65ed8,e85854031697d1ac2ad01c5f31852ea6c71bb506
scene_3_1_terminalgain_globalmax_interp_0987,family_01,987,6.737561,6.873469,0.135909,50,2,48,4.9,4.765591,4.755432,1.002136,0.181918,1.819178,1.141392,0.19162,0.023982,0.405071,0.0,scene_3.1|scene_3.1_y04_hull_dense_y04_14p13|9158|96,scene_3.1|scene_3.1_y04_hull_dense_y04_14p13|8872|83,898391e6a5942705a0bcbb40aa78f6e0e3c9acf2,a6249625e73dde421b6ee37921d0babed1549701
scene_3_1_terminalgain_globalmax_interp_0988,family_01,988,6.737561,6.873469,0.135909,50,2,48,4.9,4.76813,4.755432,1.00267,0.181917,1.819171,1.141608,0.127724,0.053996,0.453235,0.0,scene_3.1|scene_3.1_y04_hull_dense_y04_14p13|9158|96,scene_3.1|scene_3.1_y04_hull_dense_y04_14p13|8872|83,a5e36b6f384662cab93271b5294edad5c7be7485,177e144108281ac2b4a3570b7f2fd1146210da29
scene_3_1_terminalgain_globalmax_interp_0989,family_01,989,6.737561,6.873469,0.135909,50,2,48,4.9,4.763843,4.755432,1.001769,0.181917,1.819171,1.141259,0.043686,0.084009,0.368675,0.0,scene_3.1|scene_3.1_y04_hull_dense_y04_14p13|9158|96,scene_3.1|scene_3.1_y04_hull_dense_y04_14p13|8872|83,e527f7c88f9afd67c2cb3589e970dbb2b0f99def,0f05a6134d7e263368dbb44189008314bf295194
scene_3_1_terminalgain_globalmax_interp_0990,family_01,990,6.737561,6.873469,0.135909,50,2,48,4.9,4.771739,4.755432,1.003429,0.181918,1.819178,1.141729,0.040351,0.091785,0.513359,0.0,scene_3.1|scene_3.1_y04_hull_dense_y04_14p13|9158|96,scene_3.1|scene_3.1_y04_hull_dense_y04_14p13|8872|83,3ea2a5d21266925a89391f0e050e8efecb03fff6,626420d2296a596db545d9eb831575d7acbccce3
scene_3_1_terminalgain_globalmax_interp_0991,family_01,991,6.737561,6.873469,0.135909,50,2,48,4.9,4.770987,4.755432,1.003271,0.181918,1.819178,1.14166,0.12439,0.061771,0.501603,0.0,scene_3.1|scene_3.1_y04_hull_dense_y04_14p13|9158|96,scene_3.1|scene_3.1_y04_hull_dense_y04_14p13|8872|83,0342f01c1ff5af22804c92643a23d9084afd8441,1b9b0a2cc3e7babd9cd003e4979e6e1fb06ac953
scene_3_1_terminalgain_globalmax_interp_0992,family_01,992,6.737561,6.873469,0.135909,50,2,48,4.9,4.771307,4.755432,1.003338,0.181918,1.819178,1.141716,0.208428,0.031758,0.507094,0.0,scene_3.1|scene_3.1_y04_hull_dense_y04_14p13|9158|96,scene_3.1|scene_3.1_y04_hull_dense_y04_14p13|8872|83,12f7c70811ea6a63d5e669a5bca3b2cac33e7616,b22de98613ecff7630aeb7020238fc23f9dddbb8
scene_3_1_terminalgain_globalmax_interp_0993,family_01,993,6.737561,6.873469,0.135909,50,2,48,4.9,4.770901,4.755432,1.003253,0.181917,1.819171,1.141558,0.207729,0.001744,0.500293,0.0,scene_3.1|scene_3.1_y04_hull_dense_y04_14p13|9158|96,scene_3.1|scene_3.1_y04_hull_dense_y04_14p13|8872|83,74c36db56d0575f990c5bd7e4d446f3db8370c63,c2f6bd6094db5bdc56842bffb8c9b94ddf03f441
scene_3_1_terminalgain_globalmax_interp_0994,family_01,994,6.737561,6.873469,0.135909,50,2,48,4.9,4.76511,4.755432,1.002035,0.181918,1.819178,1.141429,0.12369,0.028269,0.395621,0.0,scene_3.1|scene_3.1_y04_hull_dense_y04_14p13|9158|96,scene_3.1|scene_3.1_y04_hull_dense_y04_14p13|8872|83,4e04e7b4a0037e9716bcb81dcc766d9c631bd5e5,6848beadb1faff7a91b90255056e2a7c971c2832
scene_3_1_terminalgain_globalmax_interp_0995,family_01,995,6.737561,6.873469,0.135909,50,2,48,4.9,4.756733,4.755432,1.000273,0.181917,1.819172,1.140914,0.039652,0.058283,0.156879,0.0,scene_3.1|scene_3.1_y04_hull_dense_y04_14p13|9158|96,scene_3.1|scene_3.1_y04_hull_dense_y04_14p13|8872|83,3670489d3ccb521eee75e244472afe56af81d898,3122a80d77b9b89d8eafa597304e5e7c4cef36e9
scene_3_1_terminalgain_globalmax_interp_0996,family_01,996,6.737561,6.873469,0.135909,50,2,48,4.9,4.77558,4.755432,1.004237,0.181916,1.819164,1.141971,0.044385,0.088296,0.571117,0.0,scene_3.1|scene_3.1_y04_hull_dense_y04_14p13|9158|96,scene_3.1|scene_3.1_y04_hull_dense_y04_14p13|8872|83,700a56f19c73a047f15ccb692dcc36fa8293b383,37c7dae02b7ffad845a12f5c11482e292d373577
scene_3_1_terminalgain_globalmax_interp_0997,family_01,997,6.737561,6.873469,0.135909,50,2,48,4.9,4.764203,4.755432,1.001844,0.181918,1.819178,1.14142,0.128423,0.087497,0.376239,0.0,scene_3.1|scene_3.1_y04_hull_dense_y04_14p13|9158|96,scene_3.1|scene_3.1_y04_hull_dense_y04_14p13|8872|83,3cda525ead482966958d98ee550e9e9a2c8d4911,4bb1a6cbb3f6ffaf728dac4bdec96dc740b27a73
scene_3_1_terminalgain_globalmax_interp_0998,family_01,998,6.737561,6.873469,0.135909,50,2,48,4.9,4.761401,4.755432,1.001255,0.181917,1.819171,1.141285,0.190921,0.057483,0.330061,0.0,scene_3.1|scene_3.1_y04_hull_dense_y04_14p13|9158|96,scene_3.1|scene_3.1_y04_hull_dense_y04_14p13|8872|83,0321bfe7038b15c9496fed8e3e3139bddf055b06,f27cf0eb2841bd6b039bb76278a81be91951daa8
scene_3_1_terminalgain_globalmax_interp_0999,family_01,999,6.737561,6.873469,0.135909,50,2,48,4.9,4.77157,4.755432,1.003393,0.181918,1.819178,1.14163,0.106883,0.02747,0.51067,0.0,scene_3.1|scene_3.1_y04_hull_dense_y04_14p13|9158|96,scene_3.1|scene_3.1_y04_hull_dense_y04_14p13|8872|83,f964836a7a5e1e06441b9c826b1048cdb371ec02,11fe810d7ac8a2b52cf4d0fa041a810530ff7c7e
scene_3_1_terminalgain_globalmax_interp_1000,family_01,1000,6.737561,6.873469,0.135909,50,2,48,4.9,4.787686,4.755432,1.006782,0.181918,1.819178,1.142549,0.022845,0.002544,0.723408,0.0,scene_3.1|scene_3.1_y04_hull_dense_y04_14p13|9158|96,scene_3.1|scene_3.1_y04_hull_dense_y04_14p13|8872|83,73c8afc13320dfa07fe0d80c31a40f833d70cfa2,0dbc85bbc765e8387fbbd6f32866340c6253344e
