position_index,layer_position_index,scene_id,layer_id,height_index,grid_x_index,grid_z_index,x,y,z,route_heading_deg,camera_route_yaw_deg,pitch_deg,legacy_anchor,route_bridge,distance_from_previous,distance_to_next
1,1,scene_1.3,scene_1.3_y01,9,45,0,71.32,12.73,-3.39,270.0,90.0,10.0,True,False,0.0,1.219111111
2,2,scene_1.3,scene_1.3_y01,9,44,0,70.100888889,12.73,-3.39,270.0,90.0,10.0,False,False,1.219111111,1.219111111
3,3,scene_1.3,scene_1.3_y01,9,43,0,68.881777778,12.73,-3.39,270.0,90.0,10.0,False,False,1.219111111,1.219111111
4,4,scene_1.3,scene_1.3_y01,9,42,0,67.662666667,12.73,-3.39,270.0,90.0,10.0,False,False,1.219111111,1.219111111
5,5,scene_1.3,scene_1.3_y01,9,41,0,66.443555556,12.73,-3.39,270.0,90.0,10.0,False,False,1.219111111,1.219111111
6,6,scene_1.3,scene_1.3_y01,9,40,0,65.224444444,12.73,-3.39,270.0,90.0,10.0,False,False,1.219111111,1.219111111
7,7,scene_1.3,scene_1.3_y01,9,39,0,64.005333333,12.73,-3.39,270.0,90.0,10.0,False,False,1.219111111,1.219111111
8,8,scene_1.3,scene_1.3_y01,9,38,0,62.786222222,12.73,-3.39,270.0,90.0,10.0,False,False,1.219111111,1.219111111
9,9,scene_1.3,scene_1.3_y01,9,37,0,61.567111111,12.73,-3.39,270.0,90.0,10.0,False,False,1.219111111,1.219111111
10,10,scene_1.3,scene_1.3_y01,9,36,0,60.348,12.73,-3.39,270.0,90.0,10.0,True,False,1.219111111,1.219111111
11,11,scene_1.3,scene_1.3_y01,9,35,0,59.128888889,12.73,-3.39,270.0,90.0,10.0,False,False,1.219111111,1.219111111
12,12,scene_1.3,scene_1.3_y01,9,34,0,57.909777778,12.73,-3.39,270.0,90.0,10.0,False,False,1.219111111,1.219111111
13,13,scene_1.3,scene_1.3_y01,9,33,0,56.690666667,12.73,-3.39,270.0,90.0,10.0,False,False,1.219111111,1.219111111
14,14,scene_1.3,scene_1.3_y01,9,32,0,55.471555556,12.73,-3.39,270.0,90.0,10.0,False,False,1.219111111,1.219111111
15,15,scene_1.3,scene_1.3_y01,9,31,0,54.252444444,12.73,-3.39,270.0,90.0,10.0,False,False,1.219111111,1.219111111
16,16,scene_1.3,scene_1.3_y01,9,30,0,53.033333333,12.73,-3.39,270.0,90.0,10.0,False,False,1.219111111,1.219111111
17,17,scene_1.3,scene_1.3_y01,9,29,0,51.814222222,12.73,-3.39,270.0,90.0,10.0,False,False,1.219111111,1.219111111
18,18,scene_1.3,scene_1.3_y01,9,28,0,50.595111111,12.73,-3.39,270.0,90.0,10.0,False,False,1.219111111,1.219111111
19,19,scene_1.3,scene_1.3_y01,9,27,0,49.376,12.73,-3.39,270.0,90.0,10.0,True,False,1.219111111,1.219111111
20,20,scene_1.3,scene_1.3_y01,9,26,0,48.156888889,12.73,-3.39,270.0,90.0,10.0,False,False,1.219111111,1.219111111
21,21,scene_1.3,scene_1.3_y01,9,25,0,46.937777778,12.73,-3.39,270.0,90.0,10.0,False,False,1.219111111,1.219111111
22,22,scene_1.3,scene_1.3_y01,9,24,0,45.718666667,12.73,-3.39,270.0,90.0,10.0,False,False,1.219111111,1.219111111
23,23,scene_1.3,scene_1.3_y01,9,23,0,44.499555556,12.73,-3.39,270.0,90.0,10.0,False,False,1.219111111,1.219111111
24,24,scene_1.3,scene_1.3_y01,9,22,0,43.280444444,12.73,-3.39,270.0,90.0,10.0,False,False,1.219111111,1.219111111
25,25,scene_1.3,scene_1.3_y01,9,21,0,42.061333333,12.73,-3.39,270.0,90.0,10.0,False,False,1.219111111,1.219111111
26,26,scene_1.3,scene_1.3_y01,9,20,0,40.842222222,12.73,-3.39,270.0,90.0,10.0,False,False,1.219111111,1.219111111
27,27,scene_1.3,scene_1.3_y01,9,19,0,39.623111111,12.73,-3.39,270.0,90.0,10.0,False,False,1.219111111,1.219111111
28,28,scene_1.3,scene_1.3_y01,9,18,0,38.404,12.73,-3.39,270.0,90.0,10.0,True,False,1.219111111,1.219111111
29,29,scene_1.3,scene_1.3_y01,9,17,0,37.184888889,12.73,-3.39,270.0,90.0,10.0,False,False,1.219111111,1.219111111
30,30,scene_1.3,scene_1.3_y01,9,16,0,35.965777778,12.73,-3.39,270.0,90.0,10.0,False,False,1.219111111,1.219111111
31,31,scene_1.3,scene_1.3_y01,9,15,0,34.746666667,12.73,-3.39,270.0,90.0,10.0,False,False,1.219111111,1.219111111
32,32,scene_1.3,scene_1.3_y01,9,14,0,33.527555556,12.73,-3.39,270.0,90.0,10.0,False,False,1.219111111,1.219111111
33,33,scene_1.3,scene_1.3_y01,9,13,0,32.308444444,12.73,-3.39,270.0,90.0,10.0,False,False,1.219111111,1.219111111
34,34,scene_1.3,scene_1.3_y01,9,12,0,31.089333333,12.73,-3.39,270.0,90.0,10.0,False,False,1.219111111,1.219111111
35,35,scene_1.3,scene_1.3_y01,9,11,0,29.870222222,12.73,-3.39,270.0,90.0,10.0,False,False,1.219111111,1.219111111
36,36,scene_1.3,scene_1.3_y01,9,10,0,28.651111111,12.73,-3.39,270.0,90.0,10.0,False,False,1.219111111,1.219111111
37,37,scene_1.3,scene_1.3_y01,9,9,0,27.432,12.73,-3.39,270.0,90.0,10.0,True,False,1.219111111,1.219111111
38,38,scene_1.3,scene_1.3_y01,9,8,0,26.212888889,12.73,-3.39,270.0,90.0,10.0,False,False,1.219111111,1.219111111
39,39,scene_1.3,scene_1.3_y01,9,7,0,24.993777778,12.73,-3.39,270.0,90.0,10.0,False,False,1.219111111,1.219111111
40,40,scene_1.3,scene_1.3_y01,9,6,0,23.774666667,12.73,-3.39,270.0,90.0,10.0,False,False,1.219111111,1.219111111
41,41,scene_1.3,scene_1.3_y01,9,5,0,22.555555556,12.73,-3.39,270.0,90.0,10.0,False,False,1.219111111,1.219111111
42,42,scene_1.3,scene_1.3_y01,9,4,0,21.336444444,12.73,-3.39,270.0,90.0,10.0,False,False,1.219111111,1.219111111
43,43,scene_1.3,scene_1.3_y01,9,3,0,20.117333333,12.73,-3.39,270.0,90.0,10.0,False,False,1.219111111,1.219111111
44,44,scene_1.3,scene_1.3_y01,9,2,0,18.898222222,12.73,-3.39,270.0,90.0,10.0,False,False,1.219111111,1.219111111
45,45,scene_1.3,scene_1.3_y01,9,1,0,17.679111111,12.73,-3.39,270.0,90.0,10.0,False,False,1.219111111,1.219111111
46,46,scene_1.3,scene_1.3_y01,9,0,0,16.46,12.73,-3.39,0.0,180.0,10.0,True,False,1.219111111,1.77
47,47,scene_1.3,scene_1.3_y01,9,0,1,16.46,12.73,-1.62,90.0,270.0,10.0,False,False,1.77,1.219111111
48,48,scene_1.3,scene_1.3_y01,9,1,1,17.679111111,12.73,-1.62,90.0,270.0,10.0,False,False,1.219111111,1.219111111
49,49,scene_1.3,scene_1.3_y01,9,2,1,18.898222222,12.73,-1.62,90.0,270.0,10.0,False,False,1.219111111,1.219111111
50,50,scene_1.3,scene_1.3_y01,9,3,1,20.117333333,12.73,-1.62,90.0,270.0,10.0,False,False,1.219111111,1.219111111
51,51,scene_1.3,scene_1.3_y01,9,4,1,21.336444444,12.73,-1.62,90.0,270.0,10.0,False,False,1.219111111,1.219111111
52,52,scene_1.3,scene_1.3_y01,9,5,1,22.555555556,12.73,-1.62,90.0,270.0,10.0,False,False,1.219111111,1.219111111
53,53,scene_1.3,scene_1.3_y01,9,6,1,23.774666667,12.73,-1.62,90.0,270.0,10.0,False,False,1.219111111,1.219111111
54,54,scene_1.3,scene_1.3_y01,9,7,1,24.993777778,12.73,-1.62,90.0,270.0,10.0,False,False,1.219111111,1.219111111
55,55,scene_1.3,scene_1.3_y01,9,8,1,26.212888889,12.73,-1.62,90.0,270.0,10.0,False,False,1.219111111,1.219111111
56,56,scene_1.3,scene_1.3_y01,9,9,1,27.432,12.73,-1.62,90.0,270.0,10.0,False,False,1.219111111,1.219111111
57,57,scene_1.3,scene_1.3_y01,9,10,1,28.651111111,12.73,-1.62,90.0,270.0,10.0,False,False,1.219111111,1.219111111
58,58,scene_1.3,scene_1.3_y01,9,11,1,29.870222222,12.73,-1.62,90.0,270.0,10.0,False,False,1.219111111,1.219111111
59,59,scene_1.3,scene_1.3_y01,9,12,1,31.089333333,12.73,-1.62,90.0,270.0,10.0,False,False,1.219111111,1.219111111
60,60,scene_1.3,scene_1.3_y01,9,13,1,32.308444444,12.73,-1.62,90.0,270.0,10.0,False,False,1.219111111,1.219111111
61,61,scene_1.3,scene_1.3_y01,9,14,1,33.527555556,12.73,-1.62,90.0,270.0,10.0,False,False,1.219111111,1.219111111
62,62,scene_1.3,scene_1.3_y01,9,15,1,34.746666667,12.73,-1.62,90.0,270.0,10.0,False,False,1.219111111,1.219111111
63,63,scene_1.3,scene_1.3_y01,9,16,1,35.965777778,12.73,-1.62,90.0,270.0,10.0,False,False,1.219111111,1.219111111
64,64,scene_1.3,scene_1.3_y01,9,17,1,37.184888889,12.73,-1.62,90.0,270.0,10.0,False,False,1.219111111,1.219111111
65,65,scene_1.3,scene_1.3_y01,9,18,1,38.404,12.73,-1.62,90.0,270.0,10.0,False,False,1.219111111,1.219111111
66,66,scene_1.3,scene_1.3_y01,9,19,1,39.623111111,12.73,-1.62,90.0,270.0,10.0,False,False,1.219111111,1.219111111
67,67,scene_1.3,scene_1.3_y01,9,20,1,40.842222222,12.73,-1.62,90.0,270.0,10.0,False,False,1.219111111,1.219111111
68,68,scene_1.3,scene_1.3_y01,9,21,1,42.061333333,12.73,-1.62,90.0,270.0,10.0,False,False,1.219111111,1.219111111
69,69,scene_1.3,scene_1.3_y01,9,22,1,43.280444444,12.73,-1.62,90.0,270.0,10.0,False,False,1.219111111,1.219111111
70,70,scene_1.3,scene_1.3_y01,9,23,1,44.499555556,12.73,-1.62,90.0,270.0,10.0,False,False,1.219111111,1.219111111
71,71,scene_1.3,scene_1.3_y01,9,24,1,45.718666667,12.73,-1.62,90.0,270.0,10.0,False,False,1.219111111,1.219111111
72,72,scene_1.3,scene_1.3_y01,9,25,1,46.937777778,12.73,-1.62,90.0,270.0,10.0,False,False,1.219111111,1.219111111
73,73,scene_1.3,scene_1.3_y01,9,26,1,48.156888889,12.73,-1.62,90.0,270.0,10.0,False,False,1.219111111,1.219111111
74,74,scene_1.3,scene_1.3_y01,9,27,1,49.376,12.73,-1.62,90.0,270.0,10.0,False,False,1.219111111,1.219111111
75,75,scene_1.3,scene_1.3_y01,9,28,1,50.595111111,12.73,-1.62,90.0,270.0,10.0,False,False,1.219111111,1.219111111
76,76,scene_1.3,scene_1.3_y01,9,29,1,51.814222222,12.73,-1.62,90.0,270.0,10.0,False,False,1.219111111,1.219111111
77,77,scene_1.3,scene_1.3_y01,9,30,1,53.033333333,12.73,-1.62,90.0,270.0,10.0,False,False,1.219111111,1.219111111
78,78,scene_1.3,scene_1.3_y01,9,31,1,54.252444444,12.73,-1.62,90.0,270.0,10.0,False,False,1.219111111,1.219111111
79,79,scene_1.3,scene_1.3_y01,9,32,1,55.471555556,12.73,-1.62,90.0,270.0,10.0,False,False,1.219111111,1.219111111
80,80,scene_1.3,scene_1.3_y01,9,33,1,56.690666667,12.73,-1.62,90.0,270.0,10.0,False,False,1.219111111,1.219111111
81,81,scene_1.3,scene_1.3_y01,9,34,1,57.909777778,12.73,-1.62,90.0,270.0,10.0,False,False,1.219111111,1.219111111
82,82,scene_1.3,scene_1.3_y01,9,35,1,59.128888889,12.73,-1.62,90.0,270.0,10.0,False,False,1.219111111,1.219111111
83,83,scene_1.3,scene_1.3_y01,9,36,1,60.348,12.73,-1.62,90.0,270.0,10.0,False,False,1.219111111,1.219111111
84,84,scene_1.3,scene_1.3_y01,9,37,1,61.567111111,12.73,-1.62,90.0,270.0,10.0,False,False,1.219111111,1.219111111
85,85,scene_1.3,scene_1.3_y01,9,38,1,62.786222222,12.73,-1.62,90.0,270.0,10.0,False,False,1.219111111,1.219111111
86,86,scene_1.3,scene_1.3_y01,9,39,1,64.005333333,12.73,-1.62,90.0,270.0,10.0,False,False,1.219111111,1.219111111
87,87,scene_1.3,scene_1.3_y01,9,40,1,65.224444444,12.73,-1.62,90.0,270.0,10.0,False,False,1.219111111,1.219111111
88,88,scene_1.3,scene_1.3_y01,9,41,1,66.443555556,12.73,-1.62,90.0,270.0,10.0,False,False,1.219111111,1.219111111
89,89,scene_1.3,scene_1.3_y01,9,42,1,67.662666667,12.73,-1.62,90.0,270.0,10.0,False,False,1.219111111,1.219111111
90,90,scene_1.3,scene_1.3_y01,9,43,1,68.881777778,12.73,-1.62,90.0,270.0,10.0,False,False,1.219111111,1.219111111
91,91,scene_1.3,scene_1.3_y01,9,44,1,70.100888889,12.73,-1.62,90.0,270.0,10.0,False,False,1.219111111,1.219111111
92,92,scene_1.3,scene_1.3_y01,9,45,1,71.32,12.73,-1.62,0.0,180.0,10.0,False,False,1.219111111,1.77
93,93,scene_1.3,scene_1.3_y01,9,45,2,71.32,12.73,0.15,270.0,90.0,10.0,False,False,1.77,1.219111111
94,94,scene_1.3,scene_1.3_y01,9,44,2,70.100888889,12.73,0.15,270.0,90.0,10.0,False,False,1.219111111,1.219111111
95,95,scene_1.3,scene_1.3_y01,9,43,2,68.881777778,12.73,0.15,270.0,90.0,10.0,False,False,1.219111111,1.219111111
96,96,scene_1.3,scene_1.3_y01,9,42,2,67.662666667,12.73,0.15,270.0,90.0,10.0,False,False,1.219111111,1.219111111
97,97,scene_1.3,scene_1.3_y01,9,41,2,66.443555556,12.73,0.15,270.0,90.0,10.0,False,False,1.219111111,1.219111111
98,98,scene_1.3,scene_1.3_y01,9,40,2,65.224444444,12.73,0.15,270.0,90.0,10.0,False,False,1.219111111,1.219111111
99,99,scene_1.3,scene_1.3_y01,9,39,2,64.005333333,12.73,0.15,270.0,90.0,10.0,False,False,1.219111111,1.219111111
100,100,scene_1.3,scene_1.3_y01,9,38,2,62.786222222,12.73,0.15,270.0,90.0,10.0,False,False,1.219111111,1.219111111
101,101,scene_1.3,scene_1.3_y01,9,37,2,61.567111111,12.73,0.15,270.0,90.0,10.0,False,False,1.219111111,1.219111111
102,102,scene_1.3,scene_1.3_y01,9,36,2,60.348,12.73,0.15,270.0,90.0,10.0,False,False,1.219111111,1.219111111
103,103,scene_1.3,scene_1.3_y01,9,35,2,59.128888889,12.73,0.15,270.0,90.0,10.0,False,False,1.219111111,1.219111111
104,104,scene_1.3,scene_1.3_y01,9,34,2,57.909777778,12.73,0.15,270.0,90.0,10.0,False,False,1.219111111,1.219111111
105,105,scene_1.3,scene_1.3_y01,9,33,2,56.690666667,12.73,0.15,270.0,90.0,10.0,False,False,1.219111111,1.219111111
106,106,scene_1.3,scene_1.3_y01,9,32,2,55.471555556,12.73,0.15,270.0,90.0,10.0,False,False,1.219111111,1.219111111
107,107,scene_1.3,scene_1.3_y01,9,31,2,54.252444444,12.73,0.15,270.0,90.0,10.0,False,False,1.219111111,1.219111111
108,108,scene_1.3,scene_1.3_y01,9,30,2,53.033333333,12.73,0.15,270.0,90.0,10.0,False,False,1.219111111,1.219111111
109,109,scene_1.3,scene_1.3_y01,9,29,2,51.814222222,12.73,0.15,270.0,90.0,10.0,False,False,1.219111111,1.219111111
110,110,scene_1.3,scene_1.3_y01,9,28,2,50.595111111,12.73,0.15,270.0,90.0,10.0,False,False,1.219111111,1.219111111
111,111,scene_1.3,scene_1.3_y01,9,27,2,49.376,12.73,0.15,270.0,90.0,10.0,False,False,1.219111111,1.219111111
112,112,scene_1.3,scene_1.3_y01,9,26,2,48.156888889,12.73,0.15,270.0,90.0,10.0,False,False,1.219111111,1.219111111
113,113,scene_1.3,scene_1.3_y01,9,25,2,46.937777778,12.73,0.15,270.0,90.0,10.0,False,False,1.219111111,1.219111111
114,114,scene_1.3,scene_1.3_y01,9,24,2,45.718666667,12.73,0.15,270.0,90.0,10.0,False,False,1.219111111,1.219111111
115,115,scene_1.3,scene_1.3_y01,9,23,2,44.499555556,12.73,0.15,270.0,90.0,10.0,False,False,1.219111111,1.219111111
116,116,scene_1.3,scene_1.3_y01,9,22,2,43.280444444,12.73,0.15,270.0,90.0,10.0,False,False,1.219111111,1.219111111
117,117,scene_1.3,scene_1.3_y01,9,21,2,42.061333333,12.73,0.15,270.0,90.0,10.0,False,False,1.219111111,1.219111111
118,118,scene_1.3,scene_1.3_y01,9,20,2,40.842222222,12.73,0.15,270.0,90.0,10.0,False,False,1.219111111,1.219111111
119,119,scene_1.3,scene_1.3_y01,9,19,2,39.623111111,12.73,0.15,270.0,90.0,10.0,False,False,1.219111111,1.219111111
120,120,scene_1.3,scene_1.3_y01,9,18,2,38.404,12.73,0.15,270.0,90.0,10.0,False,False,1.219111111,1.219111111
121,121,scene_1.3,scene_1.3_y01,9,17,2,37.184888889,12.73,0.15,270.0,90.0,10.0,False,False,1.219111111,1.219111111
122,122,scene_1.3,scene_1.3_y01,9,16,2,35.965777778,12.73,0.15,270.0,90.0,10.0,False,False,1.219111111,1.219111111
123,123,scene_1.3,scene_1.3_y01,9,15,2,34.746666667,12.73,0.15,270.0,90.0,10.0,False,False,1.219111111,1.219111111
124,124,scene_1.3,scene_1.3_y01,9,14,2,33.527555556,12.73,0.15,270.0,90.0,10.0,False,False,1.219111111,1.219111111
125,125,scene_1.3,scene_1.3_y01,9,13,2,32.308444444,12.73,0.15,270.0,90.0,10.0,False,False,1.219111111,1.219111111
126,126,scene_1.3,scene_1.3_y01,9,12,2,31.089333333,12.73,0.15,270.0,90.0,10.0,False,False,1.219111111,1.219111111
127,127,scene_1.3,scene_1.3_y01,9,11,2,29.870222222,12.73,0.15,270.0,90.0,10.0,False,False,1.219111111,1.219111111
128,128,scene_1.3,scene_1.3_y01,9,10,2,28.651111111,12.73,0.15,270.0,90.0,10.0,False,False,1.219111111,1.219111111
129,129,scene_1.3,scene_1.3_y01,9,9,2,27.432,12.73,0.15,270.0,90.0,10.0,False,False,1.219111111,1.219111111
130,130,scene_1.3,scene_1.3_y01,9,8,2,26.212888889,12.73,0.15,270.0,90.0,10.0,False,False,1.219111111,1.219111111
131,131,scene_1.3,scene_1.3_y01,9,7,2,24.993777778,12.73,0.15,270.0,90.0,10.0,False,False,1.219111111,1.219111111
132,132,scene_1.3,scene_1.3_y01,9,6,2,23.774666667,12.73,0.15,270.0,90.0,10.0,False,False,1.219111111,1.219111111
133,133,scene_1.3,scene_1.3_y01,9,5,2,22.555555556,12.73,0.15,270.0,90.0,10.0,False,False,1.219111111,1.219111111
134,134,scene_1.3,scene_1.3_y01,9,4,2,21.336444444,12.73,0.15,270.0,90.0,10.0,False,False,1.219111111,1.219111111
135,135,scene_1.3,scene_1.3_y01,9,3,2,20.117333333,12.73,0.15,270.0,90.0,10.0,False,False,1.219111111,1.219111111
136,136,scene_1.3,scene_1.3_y01,9,2,2,18.898222222,12.73,0.15,270.0,90.0,10.0,False,False,1.219111111,1.219111111
137,137,scene_1.3,scene_1.3_y01,9,1,2,17.679111111,12.73,0.15,270.0,90.0,10.0,False,False,1.219111111,1.219111111
138,138,scene_1.3,scene_1.3_y01,9,0,2,16.46,12.73,0.15,0.0,180.0,10.0,False,False,1.219111111,1.77
139,139,scene_1.3,scene_1.3_y01,9,0,3,16.46,12.73,1.92,90.0,270.0,10.0,False,False,1.77,1.219111111
140,140,scene_1.3,scene_1.3_y01,9,1,3,17.679111111,12.73,1.92,90.0,270.0,10.0,False,False,1.219111111,1.219111111
141,141,scene_1.3,scene_1.3_y01,9,2,3,18.898222222,12.73,1.92,90.0,270.0,10.0,False,False,1.219111111,1.219111111
142,142,scene_1.3,scene_1.3_y01,9,3,3,20.117333333,12.73,1.92,90.0,270.0,10.0,False,False,1.219111111,1.219111111
143,143,scene_1.3,scene_1.3_y01,9,4,3,21.336444444,12.73,1.92,90.0,270.0,10.0,False,False,1.219111111,1.219111111
144,144,scene_1.3,scene_1.3_y01,9,5,3,22.555555556,12.73,1.92,90.0,270.0,10.0,False,False,1.219111111,1.219111111
145,145,scene_1.3,scene_1.3_y01,9,6,3,23.774666667,12.73,1.92,90.0,270.0,10.0,False,False,1.219111111,1.219111111
146,146,scene_1.3,scene_1.3_y01,9,7,3,24.993777778,12.73,1.92,90.0,270.0,10.0,False,False,1.219111111,1.219111111
147,147,scene_1.3,scene_1.3_y01,9,8,3,26.212888889,12.73,1.92,90.0,270.0,10.0,False,False,1.219111111,1.219111111
148,148,scene_1.3,scene_1.3_y01,9,9,3,27.432,12.73,1.92,90.0,270.0,10.0,False,False,1.219111111,1.219111111
149,149,scene_1.3,scene_1.3_y01,9,10,3,28.651111111,12.73,1.92,90.0,270.0,10.0,False,False,1.219111111,1.219111111
150,150,scene_1.3,scene_1.3_y01,9,11,3,29.870222222,12.73,1.92,90.0,270.0,10.0,False,False,1.219111111,1.219111111
151,151,scene_1.3,scene_1.3_y01,9,12,3,31.089333333,12.73,1.92,90.0,270.0,10.0,False,False,1.219111111,1.219111111
152,152,scene_1.3,scene_1.3_y01,9,13,3,32.308444444,12.73,1.92,90.0,270.0,10.0,False,False,1.219111111,1.219111111
153,153,scene_1.3,scene_1.3_y01,9,14,3,33.527555556,12.73,1.92,90.0,270.0,10.0,False,False,1.219111111,1.219111111
154,154,scene_1.3,scene_1.3_y01,9,15,3,34.746666667,12.73,1.92,90.0,270.0,10.0,False,False,1.219111111,1.219111111
155,155,scene_1.3,scene_1.3_y01,9,16,3,35.965777778,12.73,1.92,90.0,270.0,10.0,False,False,1.219111111,1.219111111
156,156,scene_1.3,scene_1.3_y01,9,17,3,37.184888889,12.73,1.92,90.0,270.0,10.0,False,False,1.219111111,1.219111111
157,157,scene_1.3,scene_1.3_y01,9,18,3,38.404,12.73,1.92,90.0,270.0,10.0,False,False,1.219111111,1.219111111
158,158,scene_1.3,scene_1.3_y01,9,19,3,39.623111111,12.73,1.92,90.0,270.0,10.0,False,False,1.219111111,1.219111111
159,159,scene_1.3,scene_1.3_y01,9,20,3,40.842222222,12.73,1.92,90.0,270.0,10.0,False,False,1.219111111,1.219111111
160,160,scene_1.3,scene_1.3_y01,9,21,3,42.061333333,12.73,1.92,90.0,270.0,10.0,False,False,1.219111111,1.219111111
161,161,scene_1.3,scene_1.3_y01,9,22,3,43.280444444,12.73,1.92,90.0,270.0,10.0,False,False,1.219111111,1.219111111
162,162,scene_1.3,scene_1.3_y01,9,23,3,44.499555556,12.73,1.92,90.0,270.0,10.0,False,False,1.219111111,1.219111111
163,163,scene_1.3,scene_1.3_y01,9,24,3,45.718666667,12.73,1.92,90.0,270.0,10.0,False,False,1.219111111,1.219111111
164,164,scene_1.3,scene_1.3_y01,9,25,3,46.937777778,12.73,1.92,90.0,270.0,10.0,False,False,1.219111111,1.219111111
165,165,scene_1.3,scene_1.3_y01,9,26,3,48.156888889,12.73,1.92,90.0,270.0,10.0,False,False,1.219111111,1.219111111
166,166,scene_1.3,scene_1.3_y01,9,27,3,49.376,12.73,1.92,90.0,270.0,10.0,False,False,1.219111111,1.219111111
167,167,scene_1.3,scene_1.3_y01,9,28,3,50.595111111,12.73,1.92,90.0,270.0,10.0,False,False,1.219111111,1.219111111
168,168,scene_1.3,scene_1.3_y01,9,29,3,51.814222222,12.73,1.92,90.0,270.0,10.0,False,False,1.219111111,1.219111111
169,169,scene_1.3,scene_1.3_y01,9,30,3,53.033333333,12.73,1.92,90.0,270.0,10.0,False,False,1.219111111,1.219111111
170,170,scene_1.3,scene_1.3_y01,9,31,3,54.252444444,12.73,1.92,90.0,270.0,10.0,False,False,1.219111111,1.219111111
171,171,scene_1.3,scene_1.3_y01,9,32,3,55.471555556,12.73,1.92,90.0,270.0,10.0,False,False,1.219111111,1.219111111
172,172,scene_1.3,scene_1.3_y01,9,33,3,56.690666667,12.73,1.92,90.0,270.0,10.0,False,False,1.219111111,1.219111111
173,173,scene_1.3,scene_1.3_y01,9,34,3,57.909777778,12.73,1.92,90.0,270.0,10.0,False,False,1.219111111,1.219111111
174,174,scene_1.3,scene_1.3_y01,9,35,3,59.128888889,12.73,1.92,90.0,270.0,10.0,False,False,1.219111111,1.219111111
175,175,scene_1.3,scene_1.3_y01,9,36,3,60.348,12.73,1.92,90.0,270.0,10.0,False,False,1.219111111,1.219111111
176,176,scene_1.3,scene_1.3_y01,9,37,3,61.567111111,12.73,1.92,90.0,270.0,10.0,False,False,1.219111111,1.219111111
177,177,scene_1.3,scene_1.3_y01,9,38,3,62.786222222,12.73,1.92,90.0,270.0,10.0,False,False,1.219111111,1.219111111
178,178,scene_1.3,scene_1.3_y01,9,39,3,64.005333333,12.73,1.92,90.0,270.0,10.0,False,False,1.219111111,1.219111111
179,179,scene_1.3,scene_1.3_y01,9,40,3,65.224444444,12.73,1.92,90.0,270.0,10.0,False,False,1.219111111,1.219111111
180,180,scene_1.3,scene_1.3_y01,9,41,3,66.443555556,12.73,1.92,90.0,270.0,10.0,False,False,1.219111111,1.219111111
181,181,scene_1.3,scene_1.3_y01,9,42,3,67.662666667,12.73,1.92,90.0,270.0,10.0,False,False,1.219111111,1.219111111
182,182,scene_1.3,scene_1.3_y01,9,43,3,68.881777778,12.73,1.92,90.0,270.0,10.0,False,False,1.219111111,1.219111111
183,183,scene_1.3,scene_1.3_y01,9,44,3,70.100888889,12.73,1.92,90.0,270.0,10.0,False,False,1.219111111,1.219111111
184,184,scene_1.3,scene_1.3_y01,9,45,3,71.32,12.73,1.92,0.0,180.0,10.0,False,False,1.219111111,1.77
185,185,scene_1.3,scene_1.3_y01,9,45,4,71.32,12.73,3.69,270.0,90.0,10.0,True,False,1.77,1.219111111
186,186,scene_1.3,scene_1.3_y01,9,44,4,70.100888889,12.73,3.69,270.0,90.0,10.0,False,False,1.219111111,1.219111111
187,187,scene_1.3,scene_1.3_y01,9,43,4,68.881777778,12.73,3.69,270.0,90.0,10.0,False,False,1.219111111,1.219111111
188,188,scene_1.3,scene_1.3_y01,9,42,4,67.662666667,12.73,3.69,270.0,90.0,10.0,False,False,1.219111111,1.219111111
189,189,scene_1.3,scene_1.3_y01,9,41,4,66.443555556,12.73,3.69,270.0,90.0,10.0,False,False,1.219111111,1.219111111
190,190,scene_1.3,scene_1.3_y01,9,40,4,65.224444444,12.73,3.69,270.0,90.0,10.0,False,False,1.219111111,1.219111111
191,191,scene_1.3,scene_1.3_y01,9,39,4,64.005333333,12.73,3.69,270.0,90.0,10.0,False,False,1.219111111,1.219111111
192,192,scene_1.3,scene_1.3_y01,9,38,4,62.786222222,12.73,3.69,270.0,90.0,10.0,False,False,1.219111111,1.219111111
193,193,scene_1.3,scene_1.3_y01,9,37,4,61.567111111,12.73,3.69,270.0,90.0,10.0,False,False,1.219111111,1.219111111
194,194,scene_1.3,scene_1.3_y01,9,36,4,60.348,12.73,3.69,270.0,90.0,10.0,True,False,1.219111111,1.219111111
195,195,scene_1.3,scene_1.3_y01,9,35,4,59.128888889,12.73,3.69,270.0,90.0,10.0,False,False,1.219111111,1.219111111
196,196,scene_1.3,scene_1.3_y01,9,34,4,57.909777778,12.73,3.69,270.0,90.0,10.0,False,False,1.219111111,1.219111111
197,197,scene_1.3,scene_1.3_y01,9,33,4,56.690666667,12.73,3.69,270.0,90.0,10.0,False,False,1.219111111,1.219111111
198,198,scene_1.3,scene_1.3_y01,9,32,4,55.471555556,12.73,3.69,270.0,90.0,10.0,False,False,1.219111111,1.219111111
199,199,scene_1.3,scene_1.3_y01,9,31,4,54.252444444,12.73,3.69,270.0,90.0,10.0,False,False,1.219111111,1.219111111
200,200,scene_1.3,scene_1.3_y01,9,30,4,53.033333333,12.73,3.69,270.0,90.0,10.0,False,False,1.219111111,1.219111111
201,201,scene_1.3,scene_1.3_y01,9,29,4,51.814222222,12.73,3.69,270.0,90.0,10.0,False,False,1.219111111,1.219111111
202,202,scene_1.3,scene_1.3_y01,9,28,4,50.595111111,12.73,3.69,270.0,90.0,10.0,False,False,1.219111111,1.219111111
203,203,scene_1.3,scene_1.3_y01,9,27,4,49.376,12.73,3.69,270.0,90.0,10.0,True,False,1.219111111,1.219111111
204,204,scene_1.3,scene_1.3_y01,9,26,4,48.156888889,12.73,3.69,270.0,90.0,10.0,False,False,1.219111111,1.219111111
205,205,scene_1.3,scene_1.3_y01,9,25,4,46.937777778,12.73,3.69,270.0,90.0,10.0,False,False,1.219111111,1.219111111
206,206,scene_1.3,scene_1.3_y01,9,24,4,45.718666667,12.73,3.69,270.0,90.0,10.0,False,False,1.219111111,1.219111111
207,207,scene_1.3,scene_1.3_y01,9,23,4,44.499555556,12.73,3.69,270.0,90.0,10.0,False,False,1.219111111,1.219111111
208,208,scene_1.3,scene_1.3_y01,9,22,4,43.280444444,12.73,3.69,270.0,90.0,10.0,False,False,1.219111111,1.219111111
209,209,scene_1.3,scene_1.3_y01,9,21,4,42.061333333,12.73,3.69,270.0,90.0,10.0,False,False,1.219111111,1.219111111
210,210,scene_1.3,scene_1.3_y01,9,20,4,40.842222222,12.73,3.69,270.0,90.0,10.0,False,False,1.219111111,1.219111111
211,211,scene_1.3,scene_1.3_y01,9,19,4,39.623111111,12.73,3.69,270.0,90.0,10.0,False,False,1.219111111,1.219111111
212,212,scene_1.3,scene_1.3_y01,9,18,4,38.404,12.73,3.69,270.0,90.0,10.0,True,False,1.219111111,1.219111111
213,213,scene_1.3,scene_1.3_y01,9,17,4,37.184888889,12.73,3.69,270.0,90.0,10.0,False,False,1.219111111,1.219111111
214,214,scene_1.3,scene_1.3_y01,9,16,4,35.965777778,12.73,3.69,270.0,90.0,10.0,False,False,1.219111111,1.219111111
215,215,scene_1.3,scene_1.3_y01,9,15,4,34.746666667,12.73,3.69,270.0,90.0,10.0,False,False,1.219111111,1.219111111
216,216,scene_1.3,scene_1.3_y01,9,14,4,33.527555556,12.73,3.69,270.0,90.0,10.0,False,False,1.219111111,1.219111111
217,217,scene_1.3,scene_1.3_y01,9,13,4,32.308444444,12.73,3.69,270.0,90.0,10.0,False,False,1.219111111,1.219111111
218,218,scene_1.3,scene_1.3_y01,9,12,4,31.089333333,12.73,3.69,270.0,90.0,10.0,False,False,1.219111111,1.219111111
219,219,scene_1.3,scene_1.3_y01,9,11,4,29.870222222,12.73,3.69,270.0,90.0,10.0,False,False,1.219111111,1.219111111
220,220,scene_1.3,scene_1.3_y01,9,10,4,28.651111111,12.73,3.69,270.0,90.0,10.0,False,False,1.219111111,1.219111111
221,221,scene_1.3,scene_1.3_y01,9,9,4,27.432,12.73,3.69,270.0,90.0,10.0,True,False,1.219111111,1.219111111
222,222,scene_1.3,scene_1.3_y01,9,8,4,26.212888889,12.73,3.69,270.0,90.0,10.0,False,False,1.219111111,1.219111111
223,223,scene_1.3,scene_1.3_y01,9,7,4,24.993777778,12.73,3.69,270.0,90.0,10.0,False,False,1.219111111,1.219111111
224,224,scene_1.3,scene_1.3_y01,9,6,4,23.774666667,12.73,3.69,270.0,90.0,10.0,False,False,1.219111111,1.219111111
225,225,scene_1.3,scene_1.3_y01,9,5,4,22.555555556,12.73,3.69,270.0,90.0,10.0,False,False,1.219111111,1.219111111
226,226,scene_1.3,scene_1.3_y01,9,4,4,21.336444444,12.73,3.69,270.0,90.0,10.0,False,False,1.219111111,1.219111111
227,227,scene_1.3,scene_1.3_y01,9,3,4,20.117333333,12.73,3.69,270.0,90.0,10.0,False,False,1.219111111,1.219111111
228,228,scene_1.3,scene_1.3_y01,9,2,4,18.898222222,12.73,3.69,270.0,90.0,10.0,False,False,1.219111111,1.219111111
229,229,scene_1.3,scene_1.3_y01,9,1,4,17.679111111,12.73,3.69,270.0,90.0,10.0,False,False,1.219111111,1.219111111
230,230,scene_1.3,scene_1.3_y01,9,0,4,16.46,12.73,3.69,0.0,180.0,10.0,True,False,1.219111111,1.77
231,231,scene_1.3,scene_1.3_y01,9,0,5,16.46,12.73,5.46,90.0,270.0,10.0,False,False,1.77,1.219111111
232,232,scene_1.3,scene_1.3_y01,9,1,5,17.679111111,12.73,5.46,90.0,270.0,10.0,False,False,1.219111111,1.219111111
233,233,scene_1.3,scene_1.3_y01,9,2,5,18.898222222,12.73,5.46,90.0,270.0,10.0,False,False,1.219111111,1.219111111
234,234,scene_1.3,scene_1.3_y01,9,3,5,20.117333333,12.73,5.46,90.0,270.0,10.0,False,False,1.219111111,1.219111111
235,235,scene_1.3,scene_1.3_y01,9,4,5,21.336444444,12.73,5.46,90.0,270.0,10.0,False,False,1.219111111,1.219111111
236,236,scene_1.3,scene_1.3_y01,9,5,5,22.555555556,12.73,5.46,90.0,270.0,10.0,False,False,1.219111111,1.219111111
237,237,scene_1.3,scene_1.3_y01,9,6,5,23.774666667,12.73,5.46,90.0,270.0,10.0,False,False,1.219111111,1.219111111
238,238,scene_1.3,scene_1.3_y01,9,7,5,24.993777778,12.73,5.46,90.0,270.0,10.0,False,False,1.219111111,1.219111111
239,239,scene_1.3,scene_1.3_y01,9,8,5,26.212888889,12.73,5.46,90.0,270.0,10.0,False,False,1.219111111,1.219111111
240,240,scene_1.3,scene_1.3_y01,9,9,5,27.432,12.73,5.46,90.0,270.0,10.0,False,False,1.219111111,1.219111111
241,241,scene_1.3,scene_1.3_y01,9,10,5,28.651111111,12.73,5.46,90.0,270.0,10.0,False,False,1.219111111,1.219111111
242,242,scene_1.3,scene_1.3_y01,9,11,5,29.870222222,12.73,5.46,90.0,270.0,10.0,False,False,1.219111111,1.219111111
243,243,scene_1.3,scene_1.3_y01,9,12,5,31.089333333,12.73,5.46,90.0,270.0,10.0,False,False,1.219111111,1.219111111
244,244,scene_1.3,scene_1.3_y01,9,13,5,32.308444444,12.73,5.46,90.0,270.0,10.0,False,False,1.219111111,1.219111111
245,245,scene_1.3,scene_1.3_y01,9,14,5,33.527555556,12.73,5.46,90.0,270.0,10.0,False,False,1.219111111,1.219111111
246,246,scene_1.3,scene_1.3_y01,9,15,5,34.746666667,12.73,5.46,90.0,270.0,10.0,False,False,1.219111111,1.219111111
247,247,scene_1.3,scene_1.3_y01,9,16,5,35.965777778,12.73,5.46,90.0,270.0,10.0,False,False,1.219111111,1.219111111
248,248,scene_1.3,scene_1.3_y01,9,17,5,37.184888889,12.73,5.46,90.0,270.0,10.0,False,False,1.219111111,1.219111111
249,249,scene_1.3,scene_1.3_y01,9,18,5,38.404,12.73,5.46,90.0,270.0,10.0,False,False,1.219111111,1.219111111
250,250,scene_1.3,scene_1.3_y01,9,19,5,39.623111111,12.73,5.46,90.0,270.0,10.0,False,False,1.219111111,1.219111111
251,251,scene_1.3,scene_1.3_y01,9,20,5,40.842222222,12.73,5.46,90.0,270.0,10.0,False,False,1.219111111,1.219111111
252,252,scene_1.3,scene_1.3_y01,9,21,5,42.061333333,12.73,5.46,90.0,270.0,10.0,False,False,1.219111111,1.219111111
253,253,scene_1.3,scene_1.3_y01,9,22,5,43.280444444,12.73,5.46,90.0,270.0,10.0,False,False,1.219111111,1.219111111
254,254,scene_1.3,scene_1.3_y01,9,23,5,44.499555556,12.73,5.46,90.0,270.0,10.0,False,False,1.219111111,1.219111111
255,255,scene_1.3,scene_1.3_y01,9,24,5,45.718666667,12.73,5.46,90.0,270.0,10.0,False,False,1.219111111,1.219111111
256,256,scene_1.3,scene_1.3_y01,9,25,5,46.937777778,12.73,5.46,90.0,270.0,10.0,False,False,1.219111111,1.219111111
257,257,scene_1.3,scene_1.3_y01,9,26,5,48.156888889,12.73,5.46,90.0,270.0,10.0,False,False,1.219111111,1.219111111
258,258,scene_1.3,scene_1.3_y01,9,27,5,49.376,12.73,5.46,90.0,270.0,10.0,False,False,1.219111111,1.219111111
259,259,scene_1.3,scene_1.3_y01,9,28,5,50.595111111,12.73,5.46,90.0,270.0,10.0,False,False,1.219111111,1.219111111
260,260,scene_1.3,scene_1.3_y01,9,29,5,51.814222222,12.73,5.46,90.0,270.0,10.0,False,False,1.219111111,1.219111111
261,261,scene_1.3,scene_1.3_y01,9,30,5,53.033333333,12.73,5.46,90.0,270.0,10.0,False,False,1.219111111,1.219111111
262,262,scene_1.3,scene_1.3_y01,9,31,5,54.252444444,12.73,5.46,90.0,270.0,10.0,False,False,1.219111111,1.219111111
263,263,scene_1.3,scene_1.3_y01,9,32,5,55.471555556,12.73,5.46,90.0,270.0,10.0,False,False,1.219111111,1.219111111
264,264,scene_1.3,scene_1.3_y01,9,33,5,56.690666667,12.73,5.46,90.0,270.0,10.0,False,False,1.219111111,1.219111111
265,265,scene_1.3,scene_1.3_y01,9,34,5,57.909777778,12.73,5.46,90.0,270.0,10.0,False,False,1.219111111,1.219111111
266,266,scene_1.3,scene_1.3_y01,9,35,5,59.128888889,12.73,5.46,90.0,270.0,10.0,False,False,1.219111111,1.219111111
267,267,scene_1.3,scene_1.3_y01,9,36,5,60.348,12.73,5.46,90.0,270.0,10.0,False,False,1.219111111,1.219111111
268,268,scene_1.3,scene_1.3_y01,9,37,5,61.567111111,12.73,5.46,90.0,270.0,10.0,False,False,1.219111111,1.219111111
269,269,scene_1.3,scene_1.3_y01,9,38,5,62.786222222,12.73,5.46,90.0,270.0,10.0,False,False,1.219111111,1.219111111
270,270,scene_1.3,scene_1.3_y01,9,39,5,64.005333333,12.73,5.46,90.0,270.0,10.0,False,False,1.219111111,1.219111111
271,271,scene_1.3,scene_1.3_y01,9,40,5,65.224444444,12.73,5.46,90.0,270.0,10.0,False,False,1.219111111,1.219111111
272,272,scene_1.3,scene_1.3_y01,9,41,5,66.443555556,12.73,5.46,90.0,270.0,10.0,False,False,1.219111111,1.219111111
273,273,scene_1.3,scene_1.3_y01,9,42,5,67.662666667,12.73,5.46,90.0,270.0,10.0,False,False,1.219111111,1.219111111
274,274,scene_1.3,scene_1.3_y01,9,43,5,68.881777778,12.73,5.46,90.0,270.0,10.0,False,False,1.219111111,1.219111111
275,275,scene_1.3,scene_1.3_y01,9,44,5,70.100888889,12.73,5.46,90.0,270.0,10.0,False,False,1.219111111,1.219111111
276,276,scene_1.3,scene_1.3_y01,9,45,5,71.32,12.73,5.46,0.0,180.0,10.0,False,False,1.219111111,1.77
277,277,scene_1.3,scene_1.3_y01,9,45,6,71.32,12.73,7.23,270.0,90.0,10.0,False,False,1.77,1.219111111
278,278,scene_1.3,scene_1.3_y01,9,44,6,70.100888889,12.73,7.23,270.0,90.0,10.0,False,False,1.219111111,1.219111111
279,279,scene_1.3,scene_1.3_y01,9,43,6,68.881777778,12.73,7.23,270.0,90.0,10.0,False,False,1.219111111,1.219111111
280,280,scene_1.3,scene_1.3_y01,9,42,6,67.662666667,12.73,7.23,270.0,90.0,10.0,False,False,1.219111111,1.219111111
281,281,scene_1.3,scene_1.3_y01,9,41,6,66.443555556,12.73,7.23,270.0,90.0,10.0,False,False,1.219111111,1.219111111
282,282,scene_1.3,scene_1.3_y01,9,40,6,65.224444444,12.73,7.23,270.0,90.0,10.0,False,False,1.219111111,1.219111111
283,283,scene_1.3,scene_1.3_y01,9,39,6,64.005333333,12.73,7.23,270.0,90.0,10.0,False,False,1.219111111,1.219111111
284,284,scene_1.3,scene_1.3_y01,9,38,6,62.786222222,12.73,7.23,270.0,90.0,10.0,False,False,1.219111111,1.219111111
285,285,scene_1.3,scene_1.3_y01,9,37,6,61.567111111,12.73,7.23,270.0,90.0,10.0,False,False,1.219111111,1.219111111
286,286,scene_1.3,scene_1.3_y01,9,36,6,60.348,12.73,7.23,270.0,90.0,10.0,False,False,1.219111111,1.219111111
287,287,scene_1.3,scene_1.3_y01,9,35,6,59.128888889,12.73,7.23,270.0,90.0,10.0,False,False,1.219111111,1.219111111
288,288,scene_1.3,scene_1.3_y01,9,34,6,57.909777778,12.73,7.23,270.0,90.0,10.0,False,False,1.219111111,1.219111111
289,289,scene_1.3,scene_1.3_y01,9,33,6,56.690666667,12.73,7.23,270.0,90.0,10.0,False,False,1.219111111,1.219111111
290,290,scene_1.3,scene_1.3_y01,9,32,6,55.471555556,12.73,7.23,270.0,90.0,10.0,False,False,1.219111111,1.219111111
291,291,scene_1.3,scene_1.3_y01,9,31,6,54.252444444,12.73,7.23,270.0,90.0,10.0,False,False,1.219111111,1.219111111
292,292,scene_1.3,scene_1.3_y01,9,30,6,53.033333333,12.73,7.23,270.0,90.0,10.0,False,False,1.219111111,1.219111111
293,293,scene_1.3,scene_1.3_y01,9,29,6,51.814222222,12.73,7.23,270.0,90.0,10.0,False,False,1.219111111,1.219111111
294,294,scene_1.3,scene_1.3_y01,9,28,6,50.595111111,12.73,7.23,270.0,90.0,10.0,False,False,1.219111111,1.219111111
295,295,scene_1.3,scene_1.3_y01,9,27,6,49.376,12.73,7.23,270.0,90.0,10.0,False,False,1.219111111,1.219111111
296,296,scene_1.3,scene_1.3_y01,9,26,6,48.156888889,12.73,7.23,270.0,90.0,10.0,False,False,1.219111111,1.219111111
297,297,scene_1.3,scene_1.3_y01,9,25,6,46.937777778,12.73,7.23,270.0,90.0,10.0,False,False,1.219111111,1.219111111
298,298,scene_1.3,scene_1.3_y01,9,24,6,45.718666667,12.73,7.23,270.0,90.0,10.0,False,False,1.219111111,1.219111111
299,299,scene_1.3,scene_1.3_y01,9,23,6,44.499555556,12.73,7.23,270.0,90.0,10.0,False,False,1.219111111,1.219111111
300,300,scene_1.3,scene_1.3_y01,9,22,6,43.280444444,12.73,7.23,270.0,90.0,10.0,False,False,1.219111111,1.219111111
301,301,scene_1.3,scene_1.3_y01,9,21,6,42.061333333,12.73,7.23,270.0,90.0,10.0,False,False,1.219111111,1.219111111
302,302,scene_1.3,scene_1.3_y01,9,20,6,40.842222222,12.73,7.23,270.0,90.0,10.0,False,False,1.219111111,1.219111111
303,303,scene_1.3,scene_1.3_y01,9,19,6,39.623111111,12.73,7.23,270.0,90.0,10.0,False,False,1.219111111,1.219111111
304,304,scene_1.3,scene_1.3_y01,9,18,6,38.404,12.73,7.23,270.0,90.0,10.0,False,False,1.219111111,1.219111111
305,305,scene_1.3,scene_1.3_y01,9,17,6,37.184888889,12.73,7.23,270.0,90.0,10.0,False,False,1.219111111,1.219111111
306,306,scene_1.3,scene_1.3_y01,9,16,6,35.965777778,12.73,7.23,270.0,90.0,10.0,False,False,1.219111111,1.219111111
307,307,scene_1.3,scene_1.3_y01,9,15,6,34.746666667,12.73,7.23,270.0,90.0,10.0,False,False,1.219111111,1.219111111
308,308,scene_1.3,scene_1.3_y01,9,14,6,33.527555556,12.73,7.23,270.0,90.0,10.0,False,False,1.219111111,1.219111111
309,309,scene_1.3,scene_1.3_y01,9,13,6,32.308444444,12.73,7.23,270.0,90.0,10.0,False,False,1.219111111,1.219111111
310,310,scene_1.3,scene_1.3_y01,9,12,6,31.089333333,12.73,7.23,270.0,90.0,10.0,False,False,1.219111111,1.219111111
311,311,scene_1.3,scene_1.3_y01,9,11,6,29.870222222,12.73,7.23,270.0,90.0,10.0,False,False,1.219111111,1.219111111
312,312,scene_1.3,scene_1.3_y01,9,10,6,28.651111111,12.73,7.23,270.0,90.0,10.0,False,False,1.219111111,1.219111111
313,313,scene_1.3,scene_1.3_y01,9,9,6,27.432,12.73,7.23,270.0,90.0,10.0,False,False,1.219111111,1.219111111
314,314,scene_1.3,scene_1.3_y01,9,8,6,26.212888889,12.73,7.23,270.0,90.0,10.0,False,False,1.219111111,1.219111111
315,315,scene_1.3,scene_1.3_y01,9,7,6,24.993777778,12.73,7.23,270.0,90.0,10.0,False,False,1.219111111,1.219111111
316,316,scene_1.3,scene_1.3_y01,9,6,6,23.774666667,12.73,7.23,270.0,90.0,10.0,False,False,1.219111111,1.219111111
317,317,scene_1.3,scene_1.3_y01,9,5,6,22.555555556,12.73,7.23,270.0,90.0,10.0,False,False,1.219111111,1.219111111
318,318,scene_1.3,scene_1.3_y01,9,4,6,21.336444444,12.73,7.23,270.0,90.0,10.0,False,False,1.219111111,1.219111111
319,319,scene_1.3,scene_1.3_y01,9,3,6,20.117333333,12.73,7.23,270.0,90.0,10.0,False,False,1.219111111,1.219111111
320,320,scene_1.3,scene_1.3_y01,9,2,6,18.898222222,12.73,7.23,270.0,90.0,10.0,False,False,1.219111111,1.219111111
321,321,scene_1.3,scene_1.3_y01,9,1,6,17.679111111,12.73,7.23,270.0,90.0,10.0,False,False,1.219111111,1.219111111
322,322,scene_1.3,scene_1.3_y01,9,0,6,16.46,12.73,7.23,0.0,180.0,10.0,False,False,1.219111111,1.77
323,323,scene_1.3,scene_1.3_y01,9,0,7,16.46,12.73,9.0,90.0,270.0,10.0,False,False,1.77,1.219111111
324,324,scene_1.3,scene_1.3_y01,9,1,7,17.679111111,12.73,9.0,90.0,270.0,10.0,False,False,1.219111111,1.219111111
325,325,scene_1.3,scene_1.3_y01,9,2,7,18.898222222,12.73,9.0,90.0,270.0,10.0,False,False,1.219111111,1.219111111
326,326,scene_1.3,scene_1.3_y01,9,3,7,20.117333333,12.73,9.0,90.0,270.0,10.0,False,False,1.219111111,1.219111111
327,327,scene_1.3,scene_1.3_y01,9,4,7,21.336444444,12.73,9.0,90.0,270.0,10.0,False,False,1.219111111,1.219111111
328,328,scene_1.3,scene_1.3_y01,9,5,7,22.555555556,12.73,9.0,90.0,270.0,10.0,False,False,1.219111111,1.219111111
329,329,scene_1.3,scene_1.3_y01,9,6,7,23.774666667,12.73,9.0,90.0,270.0,10.0,False,False,1.219111111,1.219111111
330,330,scene_1.3,scene_1.3_y01,9,7,7,24.993777778,12.73,9.0,90.0,270.0,10.0,False,False,1.219111111,1.219111111
331,331,scene_1.3,scene_1.3_y01,9,8,7,26.212888889,12.73,9.0,90.0,270.0,10.0,False,False,1.219111111,1.219111111
332,332,scene_1.3,scene_1.3_y01,9,9,7,27.432,12.73,9.0,90.0,270.0,10.0,False,False,1.219111111,1.219111111
333,333,scene_1.3,scene_1.3_y01,9,10,7,28.651111111,12.73,9.0,90.0,270.0,10.0,False,False,1.219111111,1.219111111
334,334,scene_1.3,scene_1.3_y01,9,11,7,29.870222222,12.73,9.0,90.0,270.0,10.0,False,False,1.219111111,1.219111111
335,335,scene_1.3,scene_1.3_y01,9,12,7,31.089333333,12.73,9.0,90.0,270.0,10.0,False,False,1.219111111,1.219111111
336,336,scene_1.3,scene_1.3_y01,9,13,7,32.308444444,12.73,9.0,90.0,270.0,10.0,False,False,1.219111111,1.219111111
337,337,scene_1.3,scene_1.3_y01,9,14,7,33.527555556,12.73,9.0,90.0,270.0,10.0,False,False,1.219111111,1.219111111
338,338,scene_1.3,scene_1.3_y01,9,15,7,34.746666667,12.73,9.0,90.0,270.0,10.0,False,False,1.219111111,1.219111111
339,339,scene_1.3,scene_1.3_y01,9,16,7,35.965777778,12.73,9.0,90.0,270.0,10.0,False,False,1.219111111,1.219111111
340,340,scene_1.3,scene_1.3_y01,9,17,7,37.184888889,12.73,9.0,90.0,270.0,10.0,False,False,1.219111111,1.219111111
341,341,scene_1.3,scene_1.3_y01,9,18,7,38.404,12.73,9.0,90.0,270.0,10.0,False,False,1.219111111,1.219111111
342,342,scene_1.3,scene_1.3_y01,9,19,7,39.623111111,12.73,9.0,90.0,270.0,10.0,False,False,1.219111111,1.219111111
343,343,scene_1.3,scene_1.3_y01,9,20,7,40.842222222,12.73,9.0,90.0,270.0,10.0,False,False,1.219111111,1.219111111
344,344,scene_1.3,scene_1.3_y01,9,21,7,42.061333333,12.73,9.0,90.0,270.0,10.0,False,False,1.219111111,1.219111111
345,345,scene_1.3,scene_1.3_y01,9,22,7,43.280444444,12.73,9.0,90.0,270.0,10.0,False,False,1.219111111,1.219111111
346,346,scene_1.3,scene_1.3_y01,9,23,7,44.499555556,12.73,9.0,90.0,270.0,10.0,False,False,1.219111111,1.219111111
347,347,scene_1.3,scene_1.3_y01,9,24,7,45.718666667,12.73,9.0,90.0,270.0,10.0,False,False,1.219111111,1.219111111
348,348,scene_1.3,scene_1.3_y01,9,25,7,46.937777778,12.73,9.0,90.0,270.0,10.0,False,False,1.219111111,1.219111111
349,349,scene_1.3,scene_1.3_y01,9,26,7,48.156888889,12.73,9.0,90.0,270.0,10.0,False,False,1.219111111,1.219111111
350,350,scene_1.3,scene_1.3_y01,9,27,7,49.376,12.73,9.0,90.0,270.0,10.0,False,False,1.219111111,1.219111111
351,351,scene_1.3,scene_1.3_y01,9,28,7,50.595111111,12.73,9.0,90.0,270.0,10.0,False,False,1.219111111,1.219111111
352,352,scene_1.3,scene_1.3_y01,9,29,7,51.814222222,12.73,9.0,90.0,270.0,10.0,False,False,1.219111111,1.219111111
353,353,scene_1.3,scene_1.3_y01,9,30,7,53.033333333,12.73,9.0,90.0,270.0,10.0,False,False,1.219111111,1.219111111
354,354,scene_1.3,scene_1.3_y01,9,31,7,54.252444444,12.73,9.0,90.0,270.0,10.0,False,False,1.219111111,1.219111111
355,355,scene_1.3,scene_1.3_y01,9,32,7,55.471555556,12.73,9.0,90.0,270.0,10.0,False,False,1.219111111,1.219111111
356,356,scene_1.3,scene_1.3_y01,9,33,7,56.690666667,12.73,9.0,90.0,270.0,10.0,False,False,1.219111111,1.219111111
357,357,scene_1.3,scene_1.3_y01,9,34,7,57.909777778,12.73,9.0,90.0,270.0,10.0,False,False,1.219111111,1.219111111
358,358,scene_1.3,scene_1.3_y01,9,35,7,59.128888889,12.73,9.0,90.0,270.0,10.0,False,False,1.219111111,1.219111111
359,359,scene_1.3,scene_1.3_y01,9,36,7,60.348,12.73,9.0,90.0,270.0,10.0,False,False,1.219111111,1.219111111
360,360,scene_1.3,scene_1.3_y01,9,37,7,61.567111111,12.73,9.0,90.0,270.0,10.0,False,False,1.219111111,1.219111111
361,361,scene_1.3,scene_1.3_y01,9,38,7,62.786222222,12.73,9.0,90.0,270.0,10.0,False,False,1.219111111,1.219111111
362,362,scene_1.3,scene_1.3_y01,9,39,7,64.005333333,12.73,9.0,90.0,270.0,10.0,False,False,1.219111111,1.219111111
363,363,scene_1.3,scene_1.3_y01,9,40,7,65.224444444,12.73,9.0,90.0,270.0,10.0,False,False,1.219111111,1.219111111
364,364,scene_1.3,scene_1.3_y01,9,41,7,66.443555556,12.73,9.0,90.0,270.0,10.0,False,False,1.219111111,1.219111111
365,365,scene_1.3,scene_1.3_y01,9,42,7,67.662666667,12.73,9.0,90.0,270.0,10.0,False,False,1.219111111,1.219111111
366,366,scene_1.3,scene_1.3_y01,9,43,7,68.881777778,12.73,9.0,90.0,270.0,10.0,False,False,1.219111111,1.219111111
367,367,scene_1.3,scene_1.3_y01,9,44,7,70.100888889,12.73,9.0,90.0,270.0,10.0,False,False,1.219111111,1.219111111
368,368,scene_1.3,scene_1.3_y01,9,45,7,71.32,12.73,9.0,0.0,180.0,10.0,False,False,1.219111111,1.77
369,369,scene_1.3,scene_1.3_y01,9,45,8,71.32,12.73,10.77,270.0,90.0,10.0,True,False,1.77,1.219111111
370,370,scene_1.3,scene_1.3_y01,9,44,8,70.100888889,12.73,10.77,270.0,90.0,10.0,False,False,1.219111111,1.219111111
371,371,scene_1.3,scene_1.3_y01,9,43,8,68.881777778,12.73,10.77,270.0,90.0,10.0,False,False,1.219111111,1.219111111
372,372,scene_1.3,scene_1.3_y01,9,42,8,67.662666667,12.73,10.77,270.0,90.0,10.0,False,False,1.219111111,1.219111111
373,373,scene_1.3,scene_1.3_y01,9,41,8,66.443555556,12.73,10.77,270.0,90.0,10.0,False,False,1.219111111,1.219111111
374,374,scene_1.3,scene_1.3_y01,9,40,8,65.224444444,12.73,10.77,270.0,90.0,10.0,False,False,1.219111111,1.219111111
375,375,scene_1.3,scene_1.3_y01,9,39,8,64.005333333,12.73,10.77,270.0,90.0,10.0,False,False,1.219111111,1.219111111
376,376,scene_1.3,scene_1.3_y01,9,38,8,62.786222222,12.73,10.77,270.0,90.0,10.0,False,False,1.219111111,1.219111111
377,377,scene_1.3,scene_1.3_y01,9,37,8,61.567111111,12.73,10.77,270.0,90.0,10.0,False,False,1.219111111,1.219111111
378,378,scene_1.3,scene_1.3_y01,9,36,8,60.348,12.73,10.77,270.0,90.0,10.0,True,False,1.219111111,1.219111111
379,379,scene_1.3,scene_1.3_y01,9,35,8,59.128888889,12.73,10.77,270.0,90.0,10.0,False,False,1.219111111,1.219111111
380,380,scene_1.3,scene_1.3_y01,9,34,8,57.909777778,12.73,10.77,270.0,90.0,10.0,False,False,1.219111111,1.219111111
381,381,scene_1.3,scene_1.3_y01,9,33,8,56.690666667,12.73,10.77,270.0,90.0,10.0,False,False,1.219111111,1.219111111
382,382,scene_1.3,scene_1.3_y01,9,32,8,55.471555556,12.73,10.77,270.0,90.0,10.0,False,False,1.219111111,1.219111111
383,383,scene_1.3,scene_1.3_y01,9,31,8,54.252444444,12.73,10.77,270.0,90.0,10.0,False,False,1.219111111,1.219111111
384,384,scene_1.3,scene_1.3_y01,9,30,8,53.033333333,12.73,10.77,270.0,90.0,10.0,False,False,1.219111111,1.219111111
385,385,scene_1.3,scene_1.3_y01,9,29,8,51.814222222,12.73,10.77,270.0,90.0,10.0,False,False,1.219111111,1.219111111
386,386,scene_1.3,scene_1.3_y01,9,28,8,50.595111111,12.73,10.77,270.0,90.0,10.0,False,False,1.219111111,1.219111111
387,387,scene_1.3,scene_1.3_y01,9,27,8,49.376,12.73,10.77,270.0,90.0,10.0,True,False,1.219111111,1.219111111
388,388,scene_1.3,scene_1.3_y01,9,26,8,48.156888889,12.73,10.77,270.0,90.0,10.0,False,False,1.219111111,1.219111111
389,389,scene_1.3,scene_1.3_y01,9,25,8,46.937777778,12.73,10.77,270.0,90.0,10.0,False,False,1.219111111,1.219111111
390,390,scene_1.3,scene_1.3_y01,9,24,8,45.718666667,12.73,10.77,270.0,90.0,10.0,False,False,1.219111111,1.219111111
391,391,scene_1.3,scene_1.3_y01,9,23,8,44.499555556,12.73,10.77,270.0,90.0,10.0,False,False,1.219111111,1.219111111
392,392,scene_1.3,scene_1.3_y01,9,22,8,43.280444444,12.73,10.77,270.0,90.0,10.0,False,False,1.219111111,1.219111111
393,393,scene_1.3,scene_1.3_y01,9,21,8,42.061333333,12.73,10.77,270.0,90.0,10.0,False,False,1.219111111,1.219111111
394,394,scene_1.3,scene_1.3_y01,9,20,8,40.842222222,12.73,10.77,270.0,90.0,10.0,False,False,1.219111111,1.219111111
395,395,scene_1.3,scene_1.3_y01,9,19,8,39.623111111,12.73,10.77,270.0,90.0,10.0,False,False,1.219111111,1.219111111
396,396,scene_1.3,scene_1.3_y01,9,18,8,38.404,12.73,10.77,270.0,90.0,10.0,True,False,1.219111111,1.219111111
397,397,scene_1.3,scene_1.3_y01,9,17,8,37.184888889,12.73,10.77,270.0,90.0,10.0,False,False,1.219111111,1.219111111
398,398,scene_1.3,scene_1.3_y01,9,16,8,35.965777778,12.73,10.77,270.0,90.0,10.0,False,False,1.219111111,1.219111111
399,399,scene_1.3,scene_1.3_y01,9,15,8,34.746666667,12.73,10.77,270.0,90.0,10.0,False,False,1.219111111,1.219111111
400,400,scene_1.3,scene_1.3_y01,9,14,8,33.527555556,12.73,10.77,270.0,90.0,10.0,False,False,1.219111111,1.219111111
401,401,scene_1.3,scene_1.3_y01,9,13,8,32.308444444,12.73,10.77,270.0,90.0,10.0,False,False,1.219111111,1.219111111
402,402,scene_1.3,scene_1.3_y01,9,12,8,31.089333333,12.73,10.77,270.0,90.0,10.0,False,False,1.219111111,1.219111111
403,403,scene_1.3,scene_1.3_y01,9,11,8,29.870222222,12.73,10.77,270.0,90.0,10.0,False,False,1.219111111,1.219111111
404,404,scene_1.3,scene_1.3_y01,9,10,8,28.651111111,12.73,10.77,270.0,90.0,10.0,False,False,1.219111111,1.219111111
405,405,scene_1.3,scene_1.3_y01,9,9,8,27.432,12.73,10.77,270.0,90.0,10.0,True,False,1.219111111,1.219111111
406,406,scene_1.3,scene_1.3_y01,9,8,8,26.212888889,12.73,10.77,270.0,90.0,10.0,False,False,1.219111111,1.219111111
407,407,scene_1.3,scene_1.3_y01,9,7,8,24.993777778,12.73,10.77,270.0,90.0,10.0,False,False,1.219111111,1.219111111
408,408,scene_1.3,scene_1.3_y01,9,6,8,23.774666667,12.73,10.77,270.0,90.0,10.0,False,False,1.219111111,1.219111111
409,409,scene_1.3,scene_1.3_y01,9,5,8,22.555555556,12.73,10.77,270.0,90.0,10.0,False,False,1.219111111,1.219111111
410,410,scene_1.3,scene_1.3_y01,9,4,8,21.336444444,12.73,10.77,270.0,90.0,10.0,False,False,1.219111111,1.219111111
411,411,scene_1.3,scene_1.3_y01,9,3,8,20.117333333,12.73,10.77,270.0,90.0,10.0,False,False,1.219111111,1.219111111
412,412,scene_1.3,scene_1.3_y01,9,2,8,18.898222222,12.73,10.77,270.0,90.0,10.0,False,False,1.219111111,1.219111111
413,413,scene_1.3,scene_1.3_y01,9,1,8,17.679111111,12.73,10.77,270.0,90.0,10.0,False,False,1.219111111,1.219111111
414,414,scene_1.3,scene_1.3_y01,9,0,8,16.46,12.73,10.77,270.0,90.0,10.0,True,False,1.219111111,0.0
415,1,scene_1.3,scene_1.3_y02,10,0,8,16.46,15.39,10.77,90.0,270.0,-5.0,True,False,2.66,1.219111111
416,2,scene_1.3,scene_1.3_y02,10,1,8,17.679111111,15.39,10.77,90.0,270.0,-5.0,False,False,1.219111111,1.219111111
417,3,scene_1.3,scene_1.3_y02,10,2,8,18.898222222,15.39,10.77,90.0,270.0,-5.0,False,False,1.219111111,1.219111111
418,4,scene_1.3,scene_1.3_y02,10,3,8,20.117333333,15.39,10.77,90.0,270.0,-5.0,False,False,1.219111111,1.219111111
419,5,scene_1.3,scene_1.3_y02,10,4,8,21.336444444,15.39,10.77,90.0,270.0,-5.0,False,False,1.219111111,1.219111111
420,6,scene_1.3,scene_1.3_y02,10,5,8,22.555555556,15.39,10.77,90.0,270.0,-5.0,False,False,1.219111111,1.219111111
421,7,scene_1.3,scene_1.3_y02,10,6,8,23.774666667,15.39,10.77,90.0,270.0,-5.0,False,False,1.219111111,1.219111111
422,8,scene_1.3,scene_1.3_y02,10,7,8,24.993777778,15.39,10.77,90.0,270.0,-5.0,False,False,1.219111111,1.219111111
423,9,scene_1.3,scene_1.3_y02,10,8,8,26.212888889,15.39,10.77,90.0,270.0,-5.0,False,False,1.219111111,1.219111111
424,10,scene_1.3,scene_1.3_y02,10,9,8,27.432,15.39,10.77,90.0,270.0,-5.0,True,False,1.219111111,1.219111111
425,11,scene_1.3,scene_1.3_y02,10,10,8,28.651111111,15.39,10.77,90.0,270.0,-5.0,False,False,1.219111111,1.219111111
426,12,scene_1.3,scene_1.3_y02,10,11,8,29.870222222,15.39,10.77,90.0,270.0,-5.0,False,False,1.219111111,1.219111111
427,13,scene_1.3,scene_1.3_y02,10,12,8,31.089333333,15.39,10.77,90.0,270.0,-5.0,False,False,1.219111111,1.219111111
428,14,scene_1.3,scene_1.3_y02,10,13,8,32.308444444,15.39,10.77,90.0,270.0,-5.0,False,False,1.219111111,1.219111111
429,15,scene_1.3,scene_1.3_y02,10,14,8,33.527555556,15.39,10.77,90.0,270.0,-5.0,False,False,1.219111111,1.219111111
430,16,scene_1.3,scene_1.3_y02,10,15,8,34.746666667,15.39,10.77,90.0,270.0,-5.0,False,False,1.219111111,1.219111111
431,17,scene_1.3,scene_1.3_y02,10,16,8,35.965777778,15.39,10.77,90.0,270.0,-5.0,False,False,1.219111111,1.219111111
432,18,scene_1.3,scene_1.3_y02,10,17,8,37.184888889,15.39,10.77,90.0,270.0,-5.0,False,False,1.219111111,1.219111111
433,19,scene_1.3,scene_1.3_y02,10,18,8,38.404,15.39,10.77,90.0,270.0,-5.0,True,False,1.219111111,1.219111111
434,20,scene_1.3,scene_1.3_y02,10,19,8,39.623111111,15.39,10.77,90.0,270.0,-5.0,False,False,1.219111111,1.219111111
435,21,scene_1.3,scene_1.3_y02,10,20,8,40.842222222,15.39,10.77,90.0,270.0,-5.0,False,False,1.219111111,1.219111111
436,22,scene_1.3,scene_1.3_y02,10,21,8,42.061333333,15.39,10.77,90.0,270.0,-5.0,False,False,1.219111111,1.219111111
437,23,scene_1.3,scene_1.3_y02,10,22,8,43.280444444,15.39,10.77,90.0,270.0,-5.0,False,False,1.219111111,1.219111111
438,24,scene_1.3,scene_1.3_y02,10,23,8,44.499555556,15.39,10.77,90.0,270.0,-5.0,False,False,1.219111111,1.219111111
439,25,scene_1.3,scene_1.3_y02,10,24,8,45.718666667,15.39,10.77,90.0,270.0,-5.0,False,False,1.219111111,1.219111111
440,26,scene_1.3,scene_1.3_y02,10,25,8,46.937777778,15.39,10.77,90.0,270.0,-5.0,False,False,1.219111111,1.219111111
441,27,scene_1.3,scene_1.3_y02,10,26,8,48.156888889,15.39,10.77,90.0,270.0,-5.0,False,False,1.219111111,1.219111111
442,28,scene_1.3,scene_1.3_y02,10,27,8,49.376,15.39,10.77,90.0,270.0,-5.0,True,False,1.219111111,1.219111111
443,29,scene_1.3,scene_1.3_y02,10,28,8,50.595111111,15.39,10.77,90.0,270.0,-5.0,False,False,1.219111111,1.219111111
444,30,scene_1.3,scene_1.3_y02,10,29,8,51.814222222,15.39,10.77,90.0,270.0,-5.0,False,False,1.219111111,1.219111111
445,31,scene_1.3,scene_1.3_y02,10,30,8,53.033333333,15.39,10.77,90.0,270.0,-5.0,False,False,1.219111111,1.219111111
446,32,scene_1.3,scene_1.3_y02,10,31,8,54.252444444,15.39,10.77,90.0,270.0,-5.0,False,False,1.219111111,1.219111111
447,33,scene_1.3,scene_1.3_y02,10,32,8,55.471555556,15.39,10.77,90.0,270.0,-5.0,False,False,1.219111111,1.219111111
448,34,scene_1.3,scene_1.3_y02,10,33,8,56.690666667,15.39,10.77,90.0,270.0,-5.0,False,False,1.219111111,1.219111111
449,35,scene_1.3,scene_1.3_y02,10,34,8,57.909777778,15.39,10.77,90.0,270.0,-5.0,False,False,1.219111111,1.219111111
450,36,scene_1.3,scene_1.3_y02,10,35,8,59.128888889,15.39,10.77,90.0,270.0,-5.0,False,False,1.219111111,1.219111111
451,37,scene_1.3,scene_1.3_y02,10,36,8,60.348,15.39,10.77,90.0,270.0,-5.0,True,False,1.219111111,1.219111111
452,38,scene_1.3,scene_1.3_y02,10,37,8,61.567111111,15.39,10.77,90.0,270.0,-5.0,False,False,1.219111111,1.219111111
453,39,scene_1.3,scene_1.3_y02,10,38,8,62.786222222,15.39,10.77,90.0,270.0,-5.0,False,False,1.219111111,1.219111111
454,40,scene_1.3,scene_1.3_y02,10,39,8,64.005333333,15.39,10.77,90.0,270.0,-5.0,False,False,1.219111111,1.219111111
455,41,scene_1.3,scene_1.3_y02,10,40,8,65.224444444,15.39,10.77,90.0,270.0,-5.0,False,False,1.219111111,1.219111111
456,42,scene_1.3,scene_1.3_y02,10,41,8,66.443555556,15.39,10.77,90.0,270.0,-5.0,False,False,1.219111111,1.219111111
457,43,scene_1.3,scene_1.3_y02,10,42,8,67.662666667,15.39,10.77,90.0,270.0,-5.0,False,False,1.219111111,1.219111111
458,44,scene_1.3,scene_1.3_y02,10,43,8,68.881777778,15.39,10.77,90.0,270.0,-5.0,False,False,1.219111111,1.219111111
459,45,scene_1.3,scene_1.3_y02,10,44,8,70.100888889,15.39,10.77,90.0,270.0,-5.0,False,False,1.219111111,1.219111111
460,46,scene_1.3,scene_1.3_y02,10,45,8,71.32,15.39,10.77,180.0,0.0,-5.0,True,False,1.219111111,1.77
461,47,scene_1.3,scene_1.3_y02,10,45,7,71.32,15.39,9.0,270.0,90.0,-5.0,False,False,1.77,1.219111111
462,48,scene_1.3,scene_1.3_y02,10,44,7,70.100888889,15.39,9.0,270.0,90.0,-5.0,False,False,1.219111111,1.219111111
463,49,scene_1.3,scene_1.3_y02,10,43,7,68.881777778,15.39,9.0,270.0,90.0,-5.0,False,False,1.219111111,1.219111111
464,50,scene_1.3,scene_1.3_y02,10,42,7,67.662666667,15.39,9.0,270.0,90.0,-5.0,False,False,1.219111111,1.219111111
465,51,scene_1.3,scene_1.3_y02,10,41,7,66.443555556,15.39,9.0,270.0,90.0,-5.0,False,False,1.219111111,1.219111111
466,52,scene_1.3,scene_1.3_y02,10,40,7,65.224444444,15.39,9.0,270.0,90.0,-5.0,False,False,1.219111111,1.219111111
467,53,scene_1.3,scene_1.3_y02,10,39,7,64.005333333,15.39,9.0,270.0,90.0,-5.0,False,False,1.219111111,1.219111111
468,54,scene_1.3,scene_1.3_y02,10,38,7,62.786222222,15.39,9.0,270.0,90.0,-5.0,False,False,1.219111111,1.219111111
469,55,scene_1.3,scene_1.3_y02,10,37,7,61.567111111,15.39,9.0,270.0,90.0,-5.0,False,False,1.219111111,1.219111111
470,56,scene_1.3,scene_1.3_y02,10,36,7,60.348,15.39,9.0,270.0,90.0,-5.0,False,False,1.219111111,1.219111111
471,57,scene_1.3,scene_1.3_y02,10,35,7,59.128888889,15.39,9.0,270.0,90.0,-5.0,False,False,1.219111111,1.219111111
472,58,scene_1.3,scene_1.3_y02,10,34,7,57.909777778,15.39,9.0,270.0,90.0,-5.0,False,False,1.219111111,1.219111111
473,59,scene_1.3,scene_1.3_y02,10,33,7,56.690666667,15.39,9.0,270.0,90.0,-5.0,False,False,1.219111111,1.219111111
474,60,scene_1.3,scene_1.3_y02,10,32,7,55.471555556,15.39,9.0,270.0,90.0,-5.0,False,False,1.219111111,1.219111111
475,61,scene_1.3,scene_1.3_y02,10,31,7,54.252444444,15.39,9.0,270.0,90.0,-5.0,False,False,1.219111111,1.219111111
476,62,scene_1.3,scene_1.3_y02,10,30,7,53.033333333,15.39,9.0,270.0,90.0,-5.0,False,False,1.219111111,1.219111111
477,63,scene_1.3,scene_1.3_y02,10,29,7,51.814222222,15.39,9.0,270.0,90.0,-5.0,False,False,1.219111111,1.219111111
478,64,scene_1.3,scene_1.3_y02,10,28,7,50.595111111,15.39,9.0,270.0,90.0,-5.0,False,False,1.219111111,1.219111111
479,65,scene_1.3,scene_1.3_y02,10,27,7,49.376,15.39,9.0,270.0,90.0,-5.0,False,False,1.219111111,1.219111111
480,66,scene_1.3,scene_1.3_y02,10,26,7,48.156888889,15.39,9.0,270.0,90.0,-5.0,False,False,1.219111111,1.219111111
481,67,scene_1.3,scene_1.3_y02,10,25,7,46.937777778,15.39,9.0,270.0,90.0,-5.0,False,False,1.219111111,1.219111111
482,68,scene_1.3,scene_1.3_y02,10,24,7,45.718666667,15.39,9.0,270.0,90.0,-5.0,False,False,1.219111111,1.219111111
483,69,scene_1.3,scene_1.3_y02,10,23,7,44.499555556,15.39,9.0,270.0,90.0,-5.0,False,False,1.219111111,1.219111111
484,70,scene_1.3,scene_1.3_y02,10,22,7,43.280444444,15.39,9.0,270.0,90.0,-5.0,False,False,1.219111111,1.219111111
485,71,scene_1.3,scene_1.3_y02,10,21,7,42.061333333,15.39,9.0,270.0,90.0,-5.0,False,False,1.219111111,1.219111111
486,72,scene_1.3,scene_1.3_y02,10,20,7,40.842222222,15.39,9.0,270.0,90.0,-5.0,False,False,1.219111111,1.219111111
487,73,scene_1.3,scene_1.3_y02,10,19,7,39.623111111,15.39,9.0,270.0,90.0,-5.0,False,False,1.219111111,1.219111111
488,74,scene_1.3,scene_1.3_y02,10,18,7,38.404,15.39,9.0,270.0,90.0,-5.0,False,False,1.219111111,1.219111111
489,75,scene_1.3,scene_1.3_y02,10,17,7,37.184888889,15.39,9.0,270.0,90.0,-5.0,False,False,1.219111111,1.219111111
490,76,scene_1.3,scene_1.3_y02,10,16,7,35.965777778,15.39,9.0,270.0,90.0,-5.0,False,False,1.219111111,1.219111111
491,77,scene_1.3,scene_1.3_y02,10,15,7,34.746666667,15.39,9.0,270.0,90.0,-5.0,False,False,1.219111111,1.219111111
492,78,scene_1.3,scene_1.3_y02,10,14,7,33.527555556,15.39,9.0,270.0,90.0,-5.0,False,False,1.219111111,1.219111111
493,79,scene_1.3,scene_1.3_y02,10,13,7,32.308444444,15.39,9.0,270.0,90.0,-5.0,False,False,1.219111111,1.219111111
494,80,scene_1.3,scene_1.3_y02,10,12,7,31.089333333,15.39,9.0,270.0,90.0,-5.0,False,False,1.219111111,1.219111111
495,81,scene_1.3,scene_1.3_y02,10,11,7,29.870222222,15.39,9.0,270.0,90.0,-5.0,False,False,1.219111111,1.219111111
496,82,scene_1.3,scene_1.3_y02,10,10,7,28.651111111,15.39,9.0,270.0,90.0,-5.0,False,False,1.219111111,1.219111111
497,83,scene_1.3,scene_1.3_y02,10,9,7,27.432,15.39,9.0,270.0,90.0,-5.0,False,False,1.219111111,1.219111111
498,84,scene_1.3,scene_1.3_y02,10,8,7,26.212888889,15.39,9.0,270.0,90.0,-5.0,False,False,1.219111111,1.219111111
499,85,scene_1.3,scene_1.3_y02,10,7,7,24.993777778,15.39,9.0,270.0,90.0,-5.0,False,False,1.219111111,1.219111111
500,86,scene_1.3,scene_1.3_y02,10,6,7,23.774666667,15.39,9.0,270.0,90.0,-5.0,False,False,1.219111111,1.219111111
501,87,scene_1.3,scene_1.3_y02,10,5,7,22.555555556,15.39,9.0,270.0,90.0,-5.0,False,False,1.219111111,1.219111111
502,88,scene_1.3,scene_1.3_y02,10,4,7,21.336444444,15.39,9.0,270.0,90.0,-5.0,False,False,1.219111111,1.219111111
503,89,scene_1.3,scene_1.3_y02,10,3,7,20.117333333,15.39,9.0,270.0,90.0,-5.0,False,False,1.219111111,1.219111111
504,90,scene_1.3,scene_1.3_y02,10,2,7,18.898222222,15.39,9.0,270.0,90.0,-5.0,False,False,1.219111111,1.219111111
505,91,scene_1.3,scene_1.3_y02,10,1,7,17.679111111,15.39,9.0,270.0,90.0,-5.0,False,False,1.219111111,1.219111111
506,92,scene_1.3,scene_1.3_y02,10,0,7,16.46,15.39,9.0,180.0,0.0,-5.0,False,False,1.219111111,1.77
507,93,scene_1.3,scene_1.3_y02,10,0,6,16.46,15.39,7.23,90.0,270.0,-5.0,False,False,1.77,1.219111111
508,94,scene_1.3,scene_1.3_y02,10,1,6,17.679111111,15.39,7.23,90.0,270.0,-5.0,False,False,1.219111111,1.219111111
509,95,scene_1.3,scene_1.3_y02,10,2,6,18.898222222,15.39,7.23,90.0,270.0,-5.0,False,False,1.219111111,1.219111111
510,96,scene_1.3,scene_1.3_y02,10,3,6,20.117333333,15.39,7.23,90.0,270.0,-5.0,False,False,1.219111111,1.219111111
511,97,scene_1.3,scene_1.3_y02,10,4,6,21.336444444,15.39,7.23,90.0,270.0,-5.0,False,False,1.219111111,1.219111111
512,98,scene_1.3,scene_1.3_y02,10,5,6,22.555555556,15.39,7.23,90.0,270.0,-5.0,False,False,1.219111111,1.219111111
513,99,scene_1.3,scene_1.3_y02,10,6,6,23.774666667,15.39,7.23,90.0,270.0,-5.0,False,False,1.219111111,1.219111111
514,100,scene_1.3,scene_1.3_y02,10,7,6,24.993777778,15.39,7.23,90.0,270.0,-5.0,False,False,1.219111111,1.219111111
515,101,scene_1.3,scene_1.3_y02,10,8,6,26.212888889,15.39,7.23,90.0,270.0,-5.0,False,False,1.219111111,1.219111111
516,102,scene_1.3,scene_1.3_y02,10,9,6,27.432,15.39,7.23,90.0,270.0,-5.0,False,False,1.219111111,1.219111111
517,103,scene_1.3,scene_1.3_y02,10,10,6,28.651111111,15.39,7.23,90.0,270.0,-5.0,False,False,1.219111111,1.219111111
518,104,scene_1.3,scene_1.3_y02,10,11,6,29.870222222,15.39,7.23,90.0,270.0,-5.0,False,False,1.219111111,1.219111111
519,105,scene_1.3,scene_1.3_y02,10,12,6,31.089333333,15.39,7.23,90.0,270.0,-5.0,False,False,1.219111111,1.219111111
520,106,scene_1.3,scene_1.3_y02,10,13,6,32.308444444,15.39,7.23,90.0,270.0,-5.0,False,False,1.219111111,1.219111111
521,107,scene_1.3,scene_1.3_y02,10,14,6,33.527555556,15.39,7.23,90.0,270.0,-5.0,False,False,1.219111111,1.219111111
522,108,scene_1.3,scene_1.3_y02,10,15,6,34.746666667,15.39,7.23,90.0,270.0,-5.0,False,False,1.219111111,1.219111111
523,109,scene_1.3,scene_1.3_y02,10,16,6,35.965777778,15.39,7.23,90.0,270.0,-5.0,False,False,1.219111111,1.219111111
524,110,scene_1.3,scene_1.3_y02,10,17,6,37.184888889,15.39,7.23,90.0,270.0,-5.0,False,False,1.219111111,1.219111111
525,111,scene_1.3,scene_1.3_y02,10,18,6,38.404,15.39,7.23,90.0,270.0,-5.0,False,False,1.219111111,1.219111111
526,112,scene_1.3,scene_1.3_y02,10,19,6,39.623111111,15.39,7.23,90.0,270.0,-5.0,False,False,1.219111111,1.219111111
527,113,scene_1.3,scene_1.3_y02,10,20,6,40.842222222,15.39,7.23,90.0,270.0,-5.0,False,False,1.219111111,1.219111111
528,114,scene_1.3,scene_1.3_y02,10,21,6,42.061333333,15.39,7.23,90.0,270.0,-5.0,False,False,1.219111111,1.219111111
529,115,scene_1.3,scene_1.3_y02,10,22,6,43.280444444,15.39,7.23,90.0,270.0,-5.0,False,False,1.219111111,1.219111111
530,116,scene_1.3,scene_1.3_y02,10,23,6,44.499555556,15.39,7.23,90.0,270.0,-5.0,False,False,1.219111111,1.219111111
531,117,scene_1.3,scene_1.3_y02,10,24,6,45.718666667,15.39,7.23,90.0,270.0,-5.0,False,False,1.219111111,1.219111111
532,118,scene_1.3,scene_1.3_y02,10,25,6,46.937777778,15.39,7.23,90.0,270.0,-5.0,False,False,1.219111111,1.219111111
533,119,scene_1.3,scene_1.3_y02,10,26,6,48.156888889,15.39,7.23,90.0,270.0,-5.0,False,False,1.219111111,1.219111111
534,120,scene_1.3,scene_1.3_y02,10,27,6,49.376,15.39,7.23,90.0,270.0,-5.0,False,False,1.219111111,1.219111111
535,121,scene_1.3,scene_1.3_y02,10,28,6,50.595111111,15.39,7.23,90.0,270.0,-5.0,False,False,1.219111111,1.219111111
536,122,scene_1.3,scene_1.3_y02,10,29,6,51.814222222,15.39,7.23,90.0,270.0,-5.0,False,False,1.219111111,1.219111111
537,123,scene_1.3,scene_1.3_y02,10,30,6,53.033333333,15.39,7.23,90.0,270.0,-5.0,False,False,1.219111111,1.219111111
538,124,scene_1.3,scene_1.3_y02,10,31,6,54.252444444,15.39,7.23,90.0,270.0,-5.0,False,False,1.219111111,1.219111111
539,125,scene_1.3,scene_1.3_y02,10,32,6,55.471555556,15.39,7.23,90.0,270.0,-5.0,False,False,1.219111111,1.219111111
540,126,scene_1.3,scene_1.3_y02,10,33,6,56.690666667,15.39,7.23,90.0,270.0,-5.0,False,False,1.219111111,1.219111111
541,127,scene_1.3,scene_1.3_y02,10,34,6,57.909777778,15.39,7.23,90.0,270.0,-5.0,False,False,1.219111111,1.219111111
542,128,scene_1.3,scene_1.3_y02,10,35,6,59.128888889,15.39,7.23,90.0,270.0,-5.0,False,False,1.219111111,1.219111111
543,129,scene_1.3,scene_1.3_y02,10,36,6,60.348,15.39,7.23,90.0,270.0,-5.0,False,False,1.219111111,1.219111111
544,130,scene_1.3,scene_1.3_y02,10,37,6,61.567111111,15.39,7.23,90.0,270.0,-5.0,False,False,1.219111111,1.219111111
545,131,scene_1.3,scene_1.3_y02,10,38,6,62.786222222,15.39,7.23,90.0,270.0,-5.0,False,False,1.219111111,1.219111111
546,132,scene_1.3,scene_1.3_y02,10,39,6,64.005333333,15.39,7.23,90.0,270.0,-5.0,False,False,1.219111111,1.219111111
547,133,scene_1.3,scene_1.3_y02,10,40,6,65.224444444,15.39,7.23,90.0,270.0,-5.0,False,False,1.219111111,1.219111111
548,134,scene_1.3,scene_1.3_y02,10,41,6,66.443555556,15.39,7.23,90.0,270.0,-5.0,False,False,1.219111111,1.219111111
549,135,scene_1.3,scene_1.3_y02,10,42,6,67.662666667,15.39,7.23,90.0,270.0,-5.0,False,False,1.219111111,1.219111111
550,136,scene_1.3,scene_1.3_y02,10,43,6,68.881777778,15.39,7.23,90.0,270.0,-5.0,False,False,1.219111111,1.219111111
551,137,scene_1.3,scene_1.3_y02,10,44,6,70.100888889,15.39,7.23,90.0,270.0,-5.0,False,False,1.219111111,1.219111111
552,138,scene_1.3,scene_1.3_y02,10,45,6,71.32,15.39,7.23,180.0,0.0,-5.0,False,False,1.219111111,1.77
553,139,scene_1.3,scene_1.3_y02,10,45,5,71.32,15.39,5.46,270.0,90.0,-5.0,False,False,1.77,1.219111111
554,140,scene_1.3,scene_1.3_y02,10,44,5,70.100888889,15.39,5.46,270.0,90.0,-5.0,False,False,1.219111111,1.219111111
555,141,scene_1.3,scene_1.3_y02,10,43,5,68.881777778,15.39,5.46,270.0,90.0,-5.0,False,False,1.219111111,1.219111111
556,142,scene_1.3,scene_1.3_y02,10,42,5,67.662666667,15.39,5.46,270.0,90.0,-5.0,False,False,1.219111111,1.219111111
557,143,scene_1.3,scene_1.3_y02,10,41,5,66.443555556,15.39,5.46,270.0,90.0,-5.0,False,False,1.219111111,1.219111111
558,144,scene_1.3,scene_1.3_y02,10,40,5,65.224444444,15.39,5.46,270.0,90.0,-5.0,False,False,1.219111111,1.219111111
559,145,scene_1.3,scene_1.3_y02,10,39,5,64.005333333,15.39,5.46,270.0,90.0,-5.0,False,False,1.219111111,1.219111111
560,146,scene_1.3,scene_1.3_y02,10,38,5,62.786222222,15.39,5.46,270.0,90.0,-5.0,False,False,1.219111111,1.219111111
561,147,scene_1.3,scene_1.3_y02,10,37,5,61.567111111,15.39,5.46,270.0,90.0,-5.0,False,False,1.219111111,1.219111111
562,148,scene_1.3,scene_1.3_y02,10,36,5,60.348,15.39,5.46,270.0,90.0,-5.0,False,False,1.219111111,1.219111111
563,149,scene_1.3,scene_1.3_y02,10,35,5,59.128888889,15.39,5.46,270.0,90.0,-5.0,False,False,1.219111111,1.219111111
564,150,scene_1.3,scene_1.3_y02,10,34,5,57.909777778,15.39,5.46,270.0,90.0,-5.0,False,False,1.219111111,1.219111111
565,151,scene_1.3,scene_1.3_y02,10,33,5,56.690666667,15.39,5.46,270.0,90.0,-5.0,False,False,1.219111111,1.219111111
566,152,scene_1.3,scene_1.3_y02,10,32,5,55.471555556,15.39,5.46,270.0,90.0,-5.0,False,False,1.219111111,1.219111111
567,153,scene_1.3,scene_1.3_y02,10,31,5,54.252444444,15.39,5.46,270.0,90.0,-5.0,False,False,1.219111111,1.219111111
568,154,scene_1.3,scene_1.3_y02,10,30,5,53.033333333,15.39,5.46,270.0,90.0,-5.0,False,False,1.219111111,1.219111111
569,155,scene_1.3,scene_1.3_y02,10,29,5,51.814222222,15.39,5.46,270.0,90.0,-5.0,False,False,1.219111111,1.219111111
570,156,scene_1.3,scene_1.3_y02,10,28,5,50.595111111,15.39,5.46,270.0,90.0,-5.0,False,False,1.219111111,1.219111111
571,157,scene_1.3,scene_1.3_y02,10,27,5,49.376,15.39,5.46,270.0,90.0,-5.0,False,False,1.219111111,1.219111111
572,158,scene_1.3,scene_1.3_y02,10,26,5,48.156888889,15.39,5.46,270.0,90.0,-5.0,False,False,1.219111111,1.219111111
573,159,scene_1.3,scene_1.3_y02,10,25,5,46.937777778,15.39,5.46,270.0,90.0,-5.0,False,False,1.219111111,1.219111111
574,160,scene_1.3,scene_1.3_y02,10,24,5,45.718666667,15.39,5.46,270.0,90.0,-5.0,False,False,1.219111111,1.219111111
575,161,scene_1.3,scene_1.3_y02,10,23,5,44.499555556,15.39,5.46,270.0,90.0,-5.0,False,False,1.219111111,1.219111111
576,162,scene_1.3,scene_1.3_y02,10,22,5,43.280444444,15.39,5.46,270.0,90.0,-5.0,False,False,1.219111111,1.219111111
577,163,scene_1.3,scene_1.3_y02,10,21,5,42.061333333,15.39,5.46,270.0,90.0,-5.0,False,False,1.219111111,1.219111111
578,164,scene_1.3,scene_1.3_y02,10,20,5,40.842222222,15.39,5.46,270.0,90.0,-5.0,False,False,1.219111111,1.219111111
579,165,scene_1.3,scene_1.3_y02,10,19,5,39.623111111,15.39,5.46,270.0,90.0,-5.0,False,False,1.219111111,1.219111111
580,166,scene_1.3,scene_1.3_y02,10,18,5,38.404,15.39,5.46,270.0,90.0,-5.0,False,False,1.219111111,1.219111111
581,167,scene_1.3,scene_1.3_y02,10,17,5,37.184888889,15.39,5.46,270.0,90.0,-5.0,False,False,1.219111111,1.219111111
582,168,scene_1.3,scene_1.3_y02,10,16,5,35.965777778,15.39,5.46,270.0,90.0,-5.0,False,False,1.219111111,1.219111111
583,169,scene_1.3,scene_1.3_y02,10,15,5,34.746666667,15.39,5.46,270.0,90.0,-5.0,False,False,1.219111111,1.219111111
584,170,scene_1.3,scene_1.3_y02,10,14,5,33.527555556,15.39,5.46,270.0,90.0,-5.0,False,False,1.219111111,1.219111111
585,171,scene_1.3,scene_1.3_y02,10,13,5,32.308444444,15.39,5.46,270.0,90.0,-5.0,False,False,1.219111111,1.219111111
586,172,scene_1.3,scene_1.3_y02,10,12,5,31.089333333,15.39,5.46,270.0,90.0,-5.0,False,False,1.219111111,1.219111111
587,173,scene_1.3,scene_1.3_y02,10,11,5,29.870222222,15.39,5.46,270.0,90.0,-5.0,False,False,1.219111111,1.219111111
588,174,scene_1.3,scene_1.3_y02,10,10,5,28.651111111,15.39,5.46,270.0,90.0,-5.0,False,False,1.219111111,1.219111111
589,175,scene_1.3,scene_1.3_y02,10,9,5,27.432,15.39,5.46,270.0,90.0,-5.0,False,False,1.219111111,1.219111111
590,176,scene_1.3,scene_1.3_y02,10,8,5,26.212888889,15.39,5.46,270.0,90.0,-5.0,False,False,1.219111111,1.219111111
591,177,scene_1.3,scene_1.3_y02,10,7,5,24.993777778,15.39,5.46,270.0,90.0,-5.0,False,False,1.219111111,1.219111111
592,178,scene_1.3,scene_1.3_y02,10,6,5,23.774666667,15.39,5.46,270.0,90.0,-5.0,False,False,1.219111111,1.219111111
593,179,scene_1.3,scene_1.3_y02,10,5,5,22.555555556,15.39,5.46,270.0,90.0,-5.0,False,False,1.219111111,1.219111111
594,180,scene_1.3,scene_1.3_y02,10,4,5,21.336444444,15.39,5.46,270.0,90.0,-5.0,False,False,1.219111111,1.219111111
595,181,scene_1.3,scene_1.3_y02,10,3,5,20.117333333,15.39,5.46,270.0,90.0,-5.0,False,False,1.219111111,1.219111111
596,182,scene_1.3,scene_1.3_y02,10,2,5,18.898222222,15.39,5.46,270.0,90.0,-5.0,False,False,1.219111111,1.219111111
597,183,scene_1.3,scene_1.3_y02,10,1,5,17.679111111,15.39,5.46,270.0,90.0,-5.0,False,False,1.219111111,1.219111111
598,184,scene_1.3,scene_1.3_y02,10,0,5,16.46,15.39,5.46,180.0,0.0,-5.0,False,False,1.219111111,1.77
599,185,scene_1.3,scene_1.3_y02,10,0,4,16.46,15.39,3.69,90.0,270.0,-5.0,True,False,1.77,1.219111111
600,186,scene_1.3,scene_1.3_y02,10,1,4,17.679111111,15.39,3.69,90.0,270.0,-5.0,False,False,1.219111111,1.219111111
601,187,scene_1.3,scene_1.3_y02,10,2,4,18.898222222,15.39,3.69,90.0,270.0,-5.0,False,False,1.219111111,1.219111111
602,188,scene_1.3,scene_1.3_y02,10,3,4,20.117333333,15.39,3.69,90.0,270.0,-5.0,False,False,1.219111111,1.219111111
603,189,scene_1.3,scene_1.3_y02,10,4,4,21.336444444,15.39,3.69,90.0,270.0,-5.0,False,False,1.219111111,1.219111111
604,190,scene_1.3,scene_1.3_y02,10,5,4,22.555555556,15.39,3.69,90.0,270.0,-5.0,False,False,1.219111111,1.219111111
605,191,scene_1.3,scene_1.3_y02,10,6,4,23.774666667,15.39,3.69,90.0,270.0,-5.0,False,False,1.219111111,1.219111111
606,192,scene_1.3,scene_1.3_y02,10,7,4,24.993777778,15.39,3.69,90.0,270.0,-5.0,False,False,1.219111111,1.219111111
607,193,scene_1.3,scene_1.3_y02,10,8,4,26.212888889,15.39,3.69,90.0,270.0,-5.0,False,False,1.219111111,1.219111111
608,194,scene_1.3,scene_1.3_y02,10,9,4,27.432,15.39,3.69,90.0,270.0,-5.0,True,False,1.219111111,1.219111111
609,195,scene_1.3,scene_1.3_y02,10,10,4,28.651111111,15.39,3.69,90.0,270.0,-5.0,False,False,1.219111111,1.219111111
610,196,scene_1.3,scene_1.3_y02,10,11,4,29.870222222,15.39,3.69,90.0,270.0,-5.0,False,False,1.219111111,1.219111111
611,197,scene_1.3,scene_1.3_y02,10,12,4,31.089333333,15.39,3.69,90.0,270.0,-5.0,False,False,1.219111111,1.219111111
612,198,scene_1.3,scene_1.3_y02,10,13,4,32.308444444,15.39,3.69,90.0,270.0,-5.0,False,False,1.219111111,1.219111111
613,199,scene_1.3,scene_1.3_y02,10,14,4,33.527555556,15.39,3.69,90.0,270.0,-5.0,False,False,1.219111111,1.219111111
614,200,scene_1.3,scene_1.3_y02,10,15,4,34.746666667,15.39,3.69,90.0,270.0,-5.0,False,False,1.219111111,1.219111111
615,201,scene_1.3,scene_1.3_y02,10,16,4,35.965777778,15.39,3.69,90.0,270.0,-5.0,False,False,1.219111111,1.219111111
616,202,scene_1.3,scene_1.3_y02,10,17,4,37.184888889,15.39,3.69,90.0,270.0,-5.0,False,False,1.219111111,1.219111111
617,203,scene_1.3,scene_1.3_y02,10,18,4,38.404,15.39,3.69,90.0,270.0,-5.0,True,False,1.219111111,1.219111111
618,204,scene_1.3,scene_1.3_y02,10,19,4,39.623111111,15.39,3.69,90.0,270.0,-5.0,False,False,1.219111111,1.219111111
619,205,scene_1.3,scene_1.3_y02,10,20,4,40.842222222,15.39,3.69,90.0,270.0,-5.0,False,False,1.219111111,1.219111111
620,206,scene_1.3,scene_1.3_y02,10,21,4,42.061333333,15.39,3.69,90.0,270.0,-5.0,False,False,1.219111111,1.219111111
621,207,scene_1.3,scene_1.3_y02,10,22,4,43.280444444,15.39,3.69,90.0,270.0,-5.0,False,False,1.219111111,1.219111111
622,208,scene_1.3,scene_1.3_y02,10,23,4,44.499555556,15.39,3.69,90.0,270.0,-5.0,False,False,1.219111111,1.219111111
623,209,scene_1.3,scene_1.3_y02,10,24,4,45.718666667,15.39,3.69,90.0,270.0,-5.0,False,False,1.219111111,1.219111111
624,210,scene_1.3,scene_1.3_y02,10,25,4,46.937777778,15.39,3.69,90.0,270.0,-5.0,False,False,1.219111111,1.219111111
625,211,scene_1.3,scene_1.3_y02,10,26,4,48.156888889,15.39,3.69,90.0,270.0,-5.0,False,False,1.219111111,1.219111111
626,212,scene_1.3,scene_1.3_y02,10,27,4,49.376,15.39,3.69,90.0,270.0,-5.0,True,False,1.219111111,1.219111111
627,213,scene_1.3,scene_1.3_y02,10,28,4,50.595111111,15.39,3.69,90.0,270.0,-5.0,False,False,1.219111111,1.219111111
628,214,scene_1.3,scene_1.3_y02,10,29,4,51.814222222,15.39,3.69,90.0,270.0,-5.0,False,False,1.219111111,1.219111111
629,215,scene_1.3,scene_1.3_y02,10,30,4,53.033333333,15.39,3.69,90.0,270.0,-5.0,False,False,1.219111111,1.219111111
630,216,scene_1.3,scene_1.3_y02,10,31,4,54.252444444,15.39,3.69,90.0,270.0,-5.0,False,False,1.219111111,1.219111111
631,217,scene_1.3,scene_1.3_y02,10,32,4,55.471555556,15.39,3.69,90.0,270.0,-5.0,False,False,1.219111111,1.219111111
632,218,scene_1.3,scene_1.3_y02,10,33,4,56.690666667,15.39,3.69,90.0,270.0,-5.0,False,False,1.219111111,1.219111111
633,219,scene_1.3,scene_1.3_y02,10,34,4,57.909777778,15.39,3.69,90.0,270.0,-5.0,False,False,1.219111111,1.219111111
634,220,scene_1.3,scene_1.3_y02,10,35,4,59.128888889,15.39,3.69,90.0,270.0,-5.0,False,False,1.219111111,1.219111111
635,221,scene_1.3,scene_1.3_y02,10,36,4,60.348,15.39,3.69,90.0,270.0,-5.0,True,False,1.219111111,1.219111111
636,222,scene_1.3,scene_1.3_y02,10,37,4,61.567111111,15.39,3.69,90.0,270.0,-5.0,False,False,1.219111111,1.219111111
637,223,scene_1.3,scene_1.3_y02,10,38,4,62.786222222,15.39,3.69,90.0,270.0,-5.0,False,False,1.219111111,1.219111111
638,224,scene_1.3,scene_1.3_y02,10,39,4,64.005333333,15.39,3.69,90.0,270.0,-5.0,False,False,1.219111111,1.219111111
639,225,scene_1.3,scene_1.3_y02,10,40,4,65.224444444,15.39,3.69,90.0,270.0,-5.0,False,False,1.219111111,1.219111111
640,226,scene_1.3,scene_1.3_y02,10,41,4,66.443555556,15.39,3.69,90.0,270.0,-5.0,False,False,1.219111111,1.219111111
641,227,scene_1.3,scene_1.3_y02,10,42,4,67.662666667,15.39,3.69,90.0,270.0,-5.0,False,False,1.219111111,1.219111111
642,228,scene_1.3,scene_1.3_y02,10,43,4,68.881777778,15.39,3.69,90.0,270.0,-5.0,False,False,1.219111111,1.219111111
643,229,scene_1.3,scene_1.3_y02,10,44,4,70.100888889,15.39,3.69,90.0,270.0,-5.0,False,False,1.219111111,1.219111111
644,230,scene_1.3,scene_1.3_y02,10,45,4,71.32,15.39,3.69,180.0,0.0,-5.0,True,False,1.219111111,1.77
645,231,scene_1.3,scene_1.3_y02,10,45,3,71.32,15.39,1.92,270.0,90.0,-5.0,False,False,1.77,1.219111111
646,232,scene_1.3,scene_1.3_y02,10,44,3,70.100888889,15.39,1.92,270.0,90.0,-5.0,False,False,1.219111111,1.219111111
647,233,scene_1.3,scene_1.3_y02,10,43,3,68.881777778,15.39,1.92,270.0,90.0,-5.0,False,False,1.219111111,1.219111111
648,234,scene_1.3,scene_1.3_y02,10,42,3,67.662666667,15.39,1.92,270.0,90.0,-5.0,False,False,1.219111111,1.219111111
649,235,scene_1.3,scene_1.3_y02,10,41,3,66.443555556,15.39,1.92,270.0,90.0,-5.0,False,False,1.219111111,1.219111111
650,236,scene_1.3,scene_1.3_y02,10,40,3,65.224444444,15.39,1.92,270.0,90.0,-5.0,False,False,1.219111111,1.219111111
651,237,scene_1.3,scene_1.3_y02,10,39,3,64.005333333,15.39,1.92,270.0,90.0,-5.0,False,False,1.219111111,1.219111111
652,238,scene_1.3,scene_1.3_y02,10,38,3,62.786222222,15.39,1.92,270.0,90.0,-5.0,False,False,1.219111111,1.219111111
653,239,scene_1.3,scene_1.3_y02,10,37,3,61.567111111,15.39,1.92,270.0,90.0,-5.0,False,False,1.219111111,1.219111111
654,240,scene_1.3,scene_1.3_y02,10,36,3,60.348,15.39,1.92,270.0,90.0,-5.0,False,False,1.219111111,1.219111111
655,241,scene_1.3,scene_1.3_y02,10,35,3,59.128888889,15.39,1.92,270.0,90.0,-5.0,False,False,1.219111111,1.219111111
656,242,scene_1.3,scene_1.3_y02,10,34,3,57.909777778,15.39,1.92,270.0,90.0,-5.0,False,False,1.219111111,1.219111111
657,243,scene_1.3,scene_1.3_y02,10,33,3,56.690666667,15.39,1.92,270.0,90.0,-5.0,False,False,1.219111111,1.219111111
658,244,scene_1.3,scene_1.3_y02,10,32,3,55.471555556,15.39,1.92,270.0,90.0,-5.0,False,False,1.219111111,1.219111111
659,245,scene_1.3,scene_1.3_y02,10,31,3,54.252444444,15.39,1.92,270.0,90.0,-5.0,False,False,1.219111111,1.219111111
660,246,scene_1.3,scene_1.3_y02,10,30,3,53.033333333,15.39,1.92,270.0,90.0,-5.0,False,False,1.219111111,1.219111111
661,247,scene_1.3,scene_1.3_y02,10,29,3,51.814222222,15.39,1.92,270.0,90.0,-5.0,False,False,1.219111111,1.219111111
662,248,scene_1.3,scene_1.3_y02,10,28,3,50.595111111,15.39,1.92,270.0,90.0,-5.0,False,False,1.219111111,1.219111111
663,249,scene_1.3,scene_1.3_y02,10,27,3,49.376,15.39,1.92,270.0,90.0,-5.0,False,False,1.219111111,1.219111111
664,250,scene_1.3,scene_1.3_y02,10,26,3,48.156888889,15.39,1.92,270.0,90.0,-5.0,False,False,1.219111111,1.219111111
665,251,scene_1.3,scene_1.3_y02,10,25,3,46.937777778,15.39,1.92,270.0,90.0,-5.0,False,False,1.219111111,1.219111111
666,252,scene_1.3,scene_1.3_y02,10,24,3,45.718666667,15.39,1.92,270.0,90.0,-5.0,False,False,1.219111111,1.219111111
667,253,scene_1.3,scene_1.3_y02,10,23,3,44.499555556,15.39,1.92,270.0,90.0,-5.0,False,False,1.219111111,1.219111111
668,254,scene_1.3,scene_1.3_y02,10,22,3,43.280444444,15.39,1.92,270.0,90.0,-5.0,False,False,1.219111111,1.219111111
669,255,scene_1.3,scene_1.3_y02,10,21,3,42.061333333,15.39,1.92,270.0,90.0,-5.0,False,False,1.219111111,1.219111111
670,256,scene_1.3,scene_1.3_y02,10,20,3,40.842222222,15.39,1.92,270.0,90.0,-5.0,False,False,1.219111111,1.219111111
671,257,scene_1.3,scene_1.3_y02,10,19,3,39.623111111,15.39,1.92,270.0,90.0,-5.0,False,False,1.219111111,1.219111111
672,258,scene_1.3,scene_1.3_y02,10,18,3,38.404,15.39,1.92,270.0,90.0,-5.0,False,False,1.219111111,1.219111111
673,259,scene_1.3,scene_1.3_y02,10,17,3,37.184888889,15.39,1.92,270.0,90.0,-5.0,False,False,1.219111111,1.219111111
674,260,scene_1.3,scene_1.3_y02,10,16,3,35.965777778,15.39,1.92,270.0,90.0,-5.0,False,False,1.219111111,1.219111111
675,261,scene_1.3,scene_1.3_y02,10,15,3,34.746666667,15.39,1.92,270.0,90.0,-5.0,False,False,1.219111111,1.219111111
676,262,scene_1.3,scene_1.3_y02,10,14,3,33.527555556,15.39,1.92,270.0,90.0,-5.0,False,False,1.219111111,1.219111111
677,263,scene_1.3,scene_1.3_y02,10,13,3,32.308444444,15.39,1.92,270.0,90.0,-5.0,False,False,1.219111111,1.219111111
678,264,scene_1.3,scene_1.3_y02,10,12,3,31.089333333,15.39,1.92,270.0,90.0,-5.0,False,False,1.219111111,1.219111111
679,265,scene_1.3,scene_1.3_y02,10,11,3,29.870222222,15.39,1.92,270.0,90.0,-5.0,False,False,1.219111111,1.219111111
680,266,scene_1.3,scene_1.3_y02,10,10,3,28.651111111,15.39,1.92,270.0,90.0,-5.0,False,False,1.219111111,1.219111111
681,267,scene_1.3,scene_1.3_y02,10,9,3,27.432,15.39,1.92,270.0,90.0,-5.0,False,False,1.219111111,1.219111111
682,268,scene_1.3,scene_1.3_y02,10,8,3,26.212888889,15.39,1.92,270.0,90.0,-5.0,False,False,1.219111111,1.219111111
683,269,scene_1.3,scene_1.3_y02,10,7,3,24.993777778,15.39,1.92,270.0,90.0,-5.0,False,False,1.219111111,1.219111111
684,270,scene_1.3,scene_1.3_y02,10,6,3,23.774666667,15.39,1.92,270.0,90.0,-5.0,False,False,1.219111111,1.219111111
685,271,scene_1.3,scene_1.3_y02,10,5,3,22.555555556,15.39,1.92,270.0,90.0,-5.0,False,False,1.219111111,1.219111111
686,272,scene_1.3,scene_1.3_y02,10,4,3,21.336444444,15.39,1.92,270.0,90.0,-5.0,False,False,1.219111111,1.219111111
687,273,scene_1.3,scene_1.3_y02,10,3,3,20.117333333,15.39,1.92,270.0,90.0,-5.0,False,False,1.219111111,1.219111111
688,274,scene_1.3,scene_1.3_y02,10,2,3,18.898222222,15.39,1.92,270.0,90.0,-5.0,False,False,1.219111111,1.219111111
689,275,scene_1.3,scene_1.3_y02,10,1,3,17.679111111,15.39,1.92,270.0,90.0,-5.0,False,False,1.219111111,1.219111111
690,276,scene_1.3,scene_1.3_y02,10,0,3,16.46,15.39,1.92,180.0,0.0,-5.0,False,False,1.219111111,1.77
691,277,scene_1.3,scene_1.3_y02,10,0,2,16.46,15.39,0.15,90.0,270.0,-5.0,False,False,1.77,1.219111111
692,278,scene_1.3,scene_1.3_y02,10,1,2,17.679111111,15.39,0.15,90.0,270.0,-5.0,False,False,1.219111111,1.219111111
693,279,scene_1.3,scene_1.3_y02,10,2,2,18.898222222,15.39,0.15,90.0,270.0,-5.0,False,False,1.219111111,1.219111111
694,280,scene_1.3,scene_1.3_y02,10,3,2,20.117333333,15.39,0.15,90.0,270.0,-5.0,False,False,1.219111111,1.219111111
695,281,scene_1.3,scene_1.3_y02,10,4,2,21.336444444,15.39,0.15,90.0,270.0,-5.0,False,False,1.219111111,1.219111111
696,282,scene_1.3,scene_1.3_y02,10,5,2,22.555555556,15.39,0.15,90.0,270.0,-5.0,False,False,1.219111111,1.219111111
697,283,scene_1.3,scene_1.3_y02,10,6,2,23.774666667,15.39,0.15,90.0,270.0,-5.0,False,False,1.219111111,1.219111111
698,284,scene_1.3,scene_1.3_y02,10,7,2,24.993777778,15.39,0.15,90.0,270.0,-5.0,False,False,1.219111111,1.219111111
699,285,scene_1.3,scene_1.3_y02,10,8,2,26.212888889,15.39,0.15,90.0,270.0,-5.0,False,False,1.219111111,1.219111111
700,286,scene_1.3,scene_1.3_y02,10,9,2,27.432,15.39,0.15,90.0,270.0,-5.0,False,False,1.219111111,1.219111111
701,287,scene_1.3,scene_1.3_y02,10,10,2,28.651111111,15.39,0.15,90.0,270.0,-5.0,False,False,1.219111111,1.219111111
702,288,scene_1.3,scene_1.3_y02,10,11,2,29.870222222,15.39,0.15,90.0,270.0,-5.0,False,False,1.219111111,1.219111111
703,289,scene_1.3,scene_1.3_y02,10,12,2,31.089333333,15.39,0.15,90.0,270.0,-5.0,False,False,1.219111111,1.219111111
704,290,scene_1.3,scene_1.3_y02,10,13,2,32.308444444,15.39,0.15,90.0,270.0,-5.0,False,False,1.219111111,1.219111111
705,291,scene_1.3,scene_1.3_y02,10,14,2,33.527555556,15.39,0.15,90.0,270.0,-5.0,False,False,1.219111111,1.219111111
706,292,scene_1.3,scene_1.3_y02,10,15,2,34.746666667,15.39,0.15,90.0,270.0,-5.0,False,False,1.219111111,1.219111111
707,293,scene_1.3,scene_1.3_y02,10,16,2,35.965777778,15.39,0.15,90.0,270.0,-5.0,False,False,1.219111111,1.219111111
708,294,scene_1.3,scene_1.3_y02,10,17,2,37.184888889,15.39,0.15,90.0,270.0,-5.0,False,False,1.219111111,1.219111111
709,295,scene_1.3,scene_1.3_y02,10,18,2,38.404,15.39,0.15,90.0,270.0,-5.0,False,False,1.219111111,1.219111111
710,296,scene_1.3,scene_1.3_y02,10,19,2,39.623111111,15.39,0.15,90.0,270.0,-5.0,False,False,1.219111111,1.219111111
711,297,scene_1.3,scene_1.3_y02,10,20,2,40.842222222,15.39,0.15,90.0,270.0,-5.0,False,False,1.219111111,1.219111111
712,298,scene_1.3,scene_1.3_y02,10,21,2,42.061333333,15.39,0.15,90.0,270.0,-5.0,False,False,1.219111111,1.219111111
713,299,scene_1.3,scene_1.3_y02,10,22,2,43.280444444,15.39,0.15,90.0,270.0,-5.0,False,False,1.219111111,1.219111111
714,300,scene_1.3,scene_1.3_y02,10,23,2,44.499555556,15.39,0.15,90.0,270.0,-5.0,False,False,1.219111111,1.219111111
715,301,scene_1.3,scene_1.3_y02,10,24,2,45.718666667,15.39,0.15,90.0,270.0,-5.0,False,False,1.219111111,1.219111111
716,302,scene_1.3,scene_1.3_y02,10,25,2,46.937777778,15.39,0.15,90.0,270.0,-5.0,False,False,1.219111111,1.219111111
717,303,scene_1.3,scene_1.3_y02,10,26,2,48.156888889,15.39,0.15,90.0,270.0,-5.0,False,False,1.219111111,1.219111111
718,304,scene_1.3,scene_1.3_y02,10,27,2,49.376,15.39,0.15,90.0,270.0,-5.0,False,False,1.219111111,1.219111111
719,305,scene_1.3,scene_1.3_y02,10,28,2,50.595111111,15.39,0.15,90.0,270.0,-5.0,False,False,1.219111111,1.219111111
720,306,scene_1.3,scene_1.3_y02,10,29,2,51.814222222,15.39,0.15,90.0,270.0,-5.0,False,False,1.219111111,1.219111111
721,307,scene_1.3,scene_1.3_y02,10,30,2,53.033333333,15.39,0.15,90.0,270.0,-5.0,False,False,1.219111111,1.219111111
722,308,scene_1.3,scene_1.3_y02,10,31,2,54.252444444,15.39,0.15,90.0,270.0,-5.0,False,False,1.219111111,1.219111111
723,309,scene_1.3,scene_1.3_y02,10,32,2,55.471555556,15.39,0.15,90.0,270.0,-5.0,False,False,1.219111111,1.219111111
724,310,scene_1.3,scene_1.3_y02,10,33,2,56.690666667,15.39,0.15,90.0,270.0,-5.0,False,False,1.219111111,1.219111111
725,311,scene_1.3,scene_1.3_y02,10,34,2,57.909777778,15.39,0.15,90.0,270.0,-5.0,False,False,1.219111111,1.219111111
726,312,scene_1.3,scene_1.3_y02,10,35,2,59.128888889,15.39,0.15,90.0,270.0,-5.0,False,False,1.219111111,1.219111111
727,313,scene_1.3,scene_1.3_y02,10,36,2,60.348,15.39,0.15,90.0,270.0,-5.0,False,False,1.219111111,1.219111111
728,314,scene_1.3,scene_1.3_y02,10,37,2,61.567111111,15.39,0.15,90.0,270.0,-5.0,False,False,1.219111111,1.219111111
729,315,scene_1.3,scene_1.3_y02,10,38,2,62.786222222,15.39,0.15,90.0,270.0,-5.0,False,False,1.219111111,1.219111111
730,316,scene_1.3,scene_1.3_y02,10,39,2,64.005333333,15.39,0.15,90.0,270.0,-5.0,False,False,1.219111111,1.219111111
731,317,scene_1.3,scene_1.3_y02,10,40,2,65.224444444,15.39,0.15,90.0,270.0,-5.0,False,False,1.219111111,1.219111111
732,318,scene_1.3,scene_1.3_y02,10,41,2,66.443555556,15.39,0.15,90.0,270.0,-5.0,False,False,1.219111111,1.219111111
733,319,scene_1.3,scene_1.3_y02,10,42,2,67.662666667,15.39,0.15,90.0,270.0,-5.0,False,False,1.219111111,1.219111111
734,320,scene_1.3,scene_1.3_y02,10,43,2,68.881777778,15.39,0.15,90.0,270.0,-5.0,False,False,1.219111111,1.219111111
735,321,scene_1.3,scene_1.3_y02,10,44,2,70.100888889,15.39,0.15,90.0,270.0,-5.0,False,False,1.219111111,1.219111111
736,322,scene_1.3,scene_1.3_y02,10,45,2,71.32,15.39,0.15,180.0,0.0,-5.0,False,False,1.219111111,1.77
737,323,scene_1.3,scene_1.3_y02,10,45,1,71.32,15.39,-1.62,270.0,90.0,-5.0,False,False,1.77,1.219111111
738,324,scene_1.3,scene_1.3_y02,10,44,1,70.100888889,15.39,-1.62,270.0,90.0,-5.0,False,False,1.219111111,1.219111111
739,325,scene_1.3,scene_1.3_y02,10,43,1,68.881777778,15.39,-1.62,270.0,90.0,-5.0,False,False,1.219111111,1.219111111
740,326,scene_1.3,scene_1.3_y02,10,42,1,67.662666667,15.39,-1.62,270.0,90.0,-5.0,False,False,1.219111111,1.219111111
741,327,scene_1.3,scene_1.3_y02,10,41,1,66.443555556,15.39,-1.62,270.0,90.0,-5.0,False,False,1.219111111,1.219111111
742,328,scene_1.3,scene_1.3_y02,10,40,1,65.224444444,15.39,-1.62,270.0,90.0,-5.0,False,False,1.219111111,1.219111111
743,329,scene_1.3,scene_1.3_y02,10,39,1,64.005333333,15.39,-1.62,270.0,90.0,-5.0,False,False,1.219111111,1.219111111
744,330,scene_1.3,scene_1.3_y02,10,38,1,62.786222222,15.39,-1.62,270.0,90.0,-5.0,False,False,1.219111111,1.219111111
745,331,scene_1.3,scene_1.3_y02,10,37,1,61.567111111,15.39,-1.62,270.0,90.0,-5.0,False,False,1.219111111,1.219111111
746,332,scene_1.3,scene_1.3_y02,10,36,1,60.348,15.39,-1.62,270.0,90.0,-5.0,False,False,1.219111111,1.219111111
747,333,scene_1.3,scene_1.3_y02,10,35,1,59.128888889,15.39,-1.62,270.0,90.0,-5.0,False,False,1.219111111,1.219111111
748,334,scene_1.3,scene_1.3_y02,10,34,1,57.909777778,15.39,-1.62,270.0,90.0,-5.0,False,False,1.219111111,1.219111111
749,335,scene_1.3,scene_1.3_y02,10,33,1,56.690666667,15.39,-1.62,270.0,90.0,-5.0,False,False,1.219111111,1.219111111
750,336,scene_1.3,scene_1.3_y02,10,32,1,55.471555556,15.39,-1.62,270.0,90.0,-5.0,False,False,1.219111111,1.219111111
751,337,scene_1.3,scene_1.3_y02,10,31,1,54.252444444,15.39,-1.62,270.0,90.0,-5.0,False,False,1.219111111,1.219111111
752,338,scene_1.3,scene_1.3_y02,10,30,1,53.033333333,15.39,-1.62,270.0,90.0,-5.0,False,False,1.219111111,1.219111111
753,339,scene_1.3,scene_1.3_y02,10,29,1,51.814222222,15.39,-1.62,270.0,90.0,-5.0,False,False,1.219111111,1.219111111
754,340,scene_1.3,scene_1.3_y02,10,28,1,50.595111111,15.39,-1.62,270.0,90.0,-5.0,False,False,1.219111111,1.219111111
755,341,scene_1.3,scene_1.3_y02,10,27,1,49.376,15.39,-1.62,270.0,90.0,-5.0,False,False,1.219111111,1.219111111
756,342,scene_1.3,scene_1.3_y02,10,26,1,48.156888889,15.39,-1.62,270.0,90.0,-5.0,False,False,1.219111111,1.219111111
757,343,scene_1.3,scene_1.3_y02,10,25,1,46.937777778,15.39,-1.62,270.0,90.0,-5.0,False,False,1.219111111,1.219111111
758,344,scene_1.3,scene_1.3_y02,10,24,1,45.718666667,15.39,-1.62,270.0,90.0,-5.0,False,False,1.219111111,1.219111111
759,345,scene_1.3,scene_1.3_y02,10,23,1,44.499555556,15.39,-1.62,270.0,90.0,-5.0,False,False,1.219111111,1.219111111
760,346,scene_1.3,scene_1.3_y02,10,22,1,43.280444444,15.39,-1.62,270.0,90.0,-5.0,False,False,1.219111111,1.219111111
761,347,scene_1.3,scene_1.3_y02,10,21,1,42.061333333,15.39,-1.62,270.0,90.0,-5.0,False,False,1.219111111,1.219111111
762,348,scene_1.3,scene_1.3_y02,10,20,1,40.842222222,15.39,-1.62,270.0,90.0,-5.0,False,False,1.219111111,1.219111111
763,349,scene_1.3,scene_1.3_y02,10,19,1,39.623111111,15.39,-1.62,270.0,90.0,-5.0,False,False,1.219111111,1.219111111
764,350,scene_1.3,scene_1.3_y02,10,18,1,38.404,15.39,-1.62,270.0,90.0,-5.0,False,False,1.219111111,1.219111111
765,351,scene_1.3,scene_1.3_y02,10,17,1,37.184888889,15.39,-1.62,270.0,90.0,-5.0,False,False,1.219111111,1.219111111
766,352,scene_1.3,scene_1.3_y02,10,16,1,35.965777778,15.39,-1.62,270.0,90.0,-5.0,False,False,1.219111111,1.219111111
767,353,scene_1.3,scene_1.3_y02,10,15,1,34.746666667,15.39,-1.62,270.0,90.0,-5.0,False,False,1.219111111,1.219111111
768,354,scene_1.3,scene_1.3_y02,10,14,1,33.527555556,15.39,-1.62,270.0,90.0,-5.0,False,False,1.219111111,1.219111111
769,355,scene_1.3,scene_1.3_y02,10,13,1,32.308444444,15.39,-1.62,270.0,90.0,-5.0,False,False,1.219111111,1.219111111
770,356,scene_1.3,scene_1.3_y02,10,12,1,31.089333333,15.39,-1.62,270.0,90.0,-5.0,False,False,1.219111111,1.219111111
771,357,scene_1.3,scene_1.3_y02,10,11,1,29.870222222,15.39,-1.62,270.0,90.0,-5.0,False,False,1.219111111,1.219111111
772,358,scene_1.3,scene_1.3_y02,10,10,1,28.651111111,15.39,-1.62,270.0,90.0,-5.0,False,False,1.219111111,1.219111111
773,359,scene_1.3,scene_1.3_y02,10,9,1,27.432,15.39,-1.62,270.0,90.0,-5.0,False,False,1.219111111,1.219111111
774,360,scene_1.3,scene_1.3_y02,10,8,1,26.212888889,15.39,-1.62,270.0,90.0,-5.0,False,False,1.219111111,1.219111111
775,361,scene_1.3,scene_1.3_y02,10,7,1,24.993777778,15.39,-1.62,270.0,90.0,-5.0,False,False,1.219111111,1.219111111
776,362,scene_1.3,scene_1.3_y02,10,6,1,23.774666667,15.39,-1.62,270.0,90.0,-5.0,False,False,1.219111111,1.219111111
777,363,scene_1.3,scene_1.3_y02,10,5,1,22.555555556,15.39,-1.62,270.0,90.0,-5.0,False,False,1.219111111,1.219111111
778,364,scene_1.3,scene_1.3_y02,10,4,1,21.336444444,15.39,-1.62,270.0,90.0,-5.0,False,False,1.219111111,1.219111111
779,365,scene_1.3,scene_1.3_y02,10,3,1,20.117333333,15.39,-1.62,270.0,90.0,-5.0,False,False,1.219111111,1.219111111
780,366,scene_1.3,scene_1.3_y02,10,2,1,18.898222222,15.39,-1.62,270.0,90.0,-5.0,False,False,1.219111111,1.219111111
781,367,scene_1.3,scene_1.3_y02,10,1,1,17.679111111,15.39,-1.62,270.0,90.0,-5.0,False,False,1.219111111,1.219111111
782,368,scene_1.3,scene_1.3_y02,10,0,1,16.46,15.39,-1.62,180.0,0.0,-5.0,False,False,1.219111111,1.77
783,369,scene_1.3,scene_1.3_y02,10,0,0,16.46,15.39,-3.39,90.0,270.0,-5.0,True,False,1.77,1.219111111
784,370,scene_1.3,scene_1.3_y02,10,1,0,17.679111111,15.39,-3.39,90.0,270.0,-5.0,False,False,1.219111111,1.219111111
785,371,scene_1.3,scene_1.3_y02,10,2,0,18.898222222,15.39,-3.39,90.0,270.0,-5.0,False,False,1.219111111,1.219111111
786,372,scene_1.3,scene_1.3_y02,10,3,0,20.117333333,15.39,-3.39,90.0,270.0,-5.0,False,False,1.219111111,1.219111111
787,373,scene_1.3,scene_1.3_y02,10,4,0,21.336444444,15.39,-3.39,90.0,270.0,-5.0,False,False,1.219111111,1.219111111
788,374,scene_1.3,scene_1.3_y02,10,5,0,22.555555556,15.39,-3.39,90.0,270.0,-5.0,False,False,1.219111111,1.219111111
789,375,scene_1.3,scene_1.3_y02,10,6,0,23.774666667,15.39,-3.39,90.0,270.0,-5.0,False,False,1.219111111,1.219111111
790,376,scene_1.3,scene_1.3_y02,10,7,0,24.993777778,15.39,-3.39,90.0,270.0,-5.0,False,False,1.219111111,1.219111111
791,377,scene_1.3,scene_1.3_y02,10,8,0,26.212888889,15.39,-3.39,90.0,270.0,-5.0,False,False,1.219111111,1.219111111
792,378,scene_1.3,scene_1.3_y02,10,9,0,27.432,15.39,-3.39,90.0,270.0,-5.0,True,False,1.219111111,1.219111111
793,379,scene_1.3,scene_1.3_y02,10,10,0,28.651111111,15.39,-3.39,90.0,270.0,-5.0,False,False,1.219111111,1.219111111
794,380,scene_1.3,scene_1.3_y02,10,11,0,29.870222222,15.39,-3.39,90.0,270.0,-5.0,False,False,1.219111111,1.219111111
795,381,scene_1.3,scene_1.3_y02,10,12,0,31.089333333,15.39,-3.39,90.0,270.0,-5.0,False,False,1.219111111,1.219111111
796,382,scene_1.3,scene_1.3_y02,10,13,0,32.308444444,15.39,-3.39,90.0,270.0,-5.0,False,False,1.219111111,1.219111111
797,383,scene_1.3,scene_1.3_y02,10,14,0,33.527555556,15.39,-3.39,90.0,270.0,-5.0,False,False,1.219111111,1.219111111
798,384,scene_1.3,scene_1.3_y02,10,15,0,34.746666667,15.39,-3.39,90.0,270.0,-5.0,False,False,1.219111111,1.219111111
799,385,scene_1.3,scene_1.3_y02,10,16,0,35.965777778,15.39,-3.39,90.0,270.0,-5.0,False,False,1.219111111,1.219111111
800,386,scene_1.3,scene_1.3_y02,10,17,0,37.184888889,15.39,-3.39,90.0,270.0,-5.0,False,False,1.219111111,1.219111111
801,387,scene_1.3,scene_1.3_y02,10,18,0,38.404,15.39,-3.39,90.0,270.0,-5.0,True,False,1.219111111,1.219111111
802,388,scene_1.3,scene_1.3_y02,10,19,0,39.623111111,15.39,-3.39,90.0,270.0,-5.0,False,False,1.219111111,1.219111111
803,389,scene_1.3,scene_1.3_y02,10,20,0,40.842222222,15.39,-3.39,90.0,270.0,-5.0,False,False,1.219111111,1.219111111
804,390,scene_1.3,scene_1.3_y02,10,21,0,42.061333333,15.39,-3.39,90.0,270.0,-5.0,False,False,1.219111111,1.219111111
805,391,scene_1.3,scene_1.3_y02,10,22,0,43.280444444,15.39,-3.39,90.0,270.0,-5.0,False,False,1.219111111,1.219111111
806,392,scene_1.3,scene_1.3_y02,10,23,0,44.499555556,15.39,-3.39,90.0,270.0,-5.0,False,False,1.219111111,1.219111111
807,393,scene_1.3,scene_1.3_y02,10,24,0,45.718666667,15.39,-3.39,90.0,270.0,-5.0,False,False,1.219111111,1.219111111
808,394,scene_1.3,scene_1.3_y02,10,25,0,46.937777778,15.39,-3.39,90.0,270.0,-5.0,False,False,1.219111111,1.219111111
809,395,scene_1.3,scene_1.3_y02,10,26,0,48.156888889,15.39,-3.39,90.0,270.0,-5.0,False,False,1.219111111,1.219111111
810,396,scene_1.3,scene_1.3_y02,10,27,0,49.376,15.39,-3.39,90.0,270.0,-5.0,True,False,1.219111111,1.219111111
811,397,scene_1.3,scene_1.3_y02,10,28,0,50.595111111,15.39,-3.39,90.0,270.0,-5.0,False,False,1.219111111,1.219111111
812,398,scene_1.3,scene_1.3_y02,10,29,0,51.814222222,15.39,-3.39,90.0,270.0,-5.0,False,False,1.219111111,1.219111111
813,399,scene_1.3,scene_1.3_y02,10,30,0,53.033333333,15.39,-3.39,90.0,270.0,-5.0,False,False,1.219111111,1.219111111
814,400,scene_1.3,scene_1.3_y02,10,31,0,54.252444444,15.39,-3.39,90.0,270.0,-5.0,False,False,1.219111111,1.219111111
815,401,scene_1.3,scene_1.3_y02,10,32,0,55.471555556,15.39,-3.39,90.0,270.0,-5.0,False,False,1.219111111,1.219111111
816,402,scene_1.3,scene_1.3_y02,10,33,0,56.690666667,15.39,-3.39,90.0,270.0,-5.0,False,False,1.219111111,1.219111111
817,403,scene_1.3,scene_1.3_y02,10,34,0,57.909777778,15.39,-3.39,90.0,270.0,-5.0,False,False,1.219111111,1.219111111
818,404,scene_1.3,scene_1.3_y02,10,35,0,59.128888889,15.39,-3.39,90.0,270.0,-5.0,False,False,1.219111111,1.219111111
819,405,scene_1.3,scene_1.3_y02,10,36,0,60.348,15.39,-3.39,90.0,270.0,-5.0,True,False,1.219111111,1.219111111
820,406,scene_1.3,scene_1.3_y02,10,37,0,61.567111111,15.39,-3.39,90.0,270.0,-5.0,False,False,1.219111111,1.219111111
821,407,scene_1.3,scene_1.3_y02,10,38,0,62.786222222,15.39,-3.39,90.0,270.0,-5.0,False,False,1.219111111,1.219111111
822,408,scene_1.3,scene_1.3_y02,10,39,0,64.005333333,15.39,-3.39,90.0,270.0,-5.0,False,False,1.219111111,1.219111111
823,409,scene_1.3,scene_1.3_y02,10,40,0,65.224444444,15.39,-3.39,90.0,270.0,-5.0,False,False,1.219111111,1.219111111
824,410,scene_1.3,scene_1.3_y02,10,41,0,66.443555556,15.39,-3.39,90.0,270.0,-5.0,False,False,1.219111111,1.219111111
825,411,scene_1.3,scene_1.3_y02,10,42,0,67.662666667,15.39,-3.39,90.0,270.0,-5.0,False,False,1.219111111,1.219111111
826,412,scene_1.3,scene_1.3_y02,10,43,0,68.881777778,15.39,-3.39,90.0,270.0,-5.0,False,False,1.219111111,1.219111111
827,413,scene_1.3,scene_1.3_y02,10,44,0,70.100888889,15.39,-3.39,90.0,270.0,-5.0,False,False,1.219111111,1.219111111
828,414,scene_1.3,scene_1.3_y02,10,45,0,71.32,15.39,-3.39,90.0,270.0,-5.0,True,False,1.219111111,0.0
829,1,scene_1.3,scene_1.3_y03,11,45,0,71.32,18.05,-3.39,270.0,90.0,-20.0,True,False,2.66,1.219111111
830,2,scene_1.3,scene_1.3_y03,11,44,0,70.100888889,18.05,-3.39,270.0,90.0,-20.0,False,False,1.219111111,1.219111111
831,3,scene_1.3,scene_1.3_y03,11,43,0,68.881777778,18.05,-3.39,270.0,90.0,-20.0,False,False,1.219111111,1.219111111
832,4,scene_1.3,scene_1.3_y03,11,42,0,67.662666667,18.05,-3.39,270.0,90.0,-20.0,False,False,1.219111111,1.219111111
833,5,scene_1.3,scene_1.3_y03,11,41,0,66.443555556,18.05,-3.39,270.0,90.0,-20.0,False,False,1.219111111,1.219111111
834,6,scene_1.3,scene_1.3_y03,11,40,0,65.224444444,18.05,-3.39,270.0,90.0,-20.0,False,False,1.219111111,1.219111111
835,7,scene_1.3,scene_1.3_y03,11,39,0,64.005333333,18.05,-3.39,270.0,90.0,-20.0,False,False,1.219111111,1.219111111
836,8,scene_1.3,scene_1.3_y03,11,38,0,62.786222222,18.05,-3.39,270.0,90.0,-20.0,False,False,1.219111111,1.219111111
837,9,scene_1.3,scene_1.3_y03,11,37,0,61.567111111,18.05,-3.39,270.0,90.0,-20.0,False,False,1.219111111,1.219111111
838,10,scene_1.3,scene_1.3_y03,11,36,0,60.348,18.05,-3.39,270.0,90.0,-20.0,True,False,1.219111111,1.219111111
839,11,scene_1.3,scene_1.3_y03,11,35,0,59.128888889,18.05,-3.39,270.0,90.0,-20.0,False,False,1.219111111,1.219111111
840,12,scene_1.3,scene_1.3_y03,11,34,0,57.909777778,18.05,-3.39,270.0,90.0,-20.0,False,False,1.219111111,1.219111111
841,13,scene_1.3,scene_1.3_y03,11,33,0,56.690666667,18.05,-3.39,270.0,90.0,-20.0,False,False,1.219111111,1.219111111
842,14,scene_1.3,scene_1.3_y03,11,32,0,55.471555556,18.05,-3.39,270.0,90.0,-20.0,False,False,1.219111111,1.219111111
843,15,scene_1.3,scene_1.3_y03,11,31,0,54.252444444,18.05,-3.39,270.0,90.0,-20.0,False,False,1.219111111,1.219111111
844,16,scene_1.3,scene_1.3_y03,11,30,0,53.033333333,18.05,-3.39,270.0,90.0,-20.0,False,False,1.219111111,1.219111111
845,17,scene_1.3,scene_1.3_y03,11,29,0,51.814222222,18.05,-3.39,270.0,90.0,-20.0,False,False,1.219111111,1.219111111
846,18,scene_1.3,scene_1.3_y03,11,28,0,50.595111111,18.05,-3.39,270.0,90.0,-20.0,False,False,1.219111111,1.219111111
847,19,scene_1.3,scene_1.3_y03,11,27,0,49.376,18.05,-3.39,270.0,90.0,-20.0,True,False,1.219111111,1.219111111
848,20,scene_1.3,scene_1.3_y03,11,26,0,48.156888889,18.05,-3.39,270.0,90.0,-20.0,False,False,1.219111111,1.219111111
849,21,scene_1.3,scene_1.3_y03,11,25,0,46.937777778,18.05,-3.39,270.0,90.0,-20.0,False,False,1.219111111,1.219111111
850,22,scene_1.3,scene_1.3_y03,11,24,0,45.718666667,18.05,-3.39,270.0,90.0,-20.0,False,False,1.219111111,1.219111111
851,23,scene_1.3,scene_1.3_y03,11,23,0,44.499555556,18.05,-3.39,270.0,90.0,-20.0,False,False,1.219111111,1.219111111
852,24,scene_1.3,scene_1.3_y03,11,22,0,43.280444444,18.05,-3.39,270.0,90.0,-20.0,False,False,1.219111111,1.219111111
853,25,scene_1.3,scene_1.3_y03,11,21,0,42.061333333,18.05,-3.39,270.0,90.0,-20.0,False,False,1.219111111,1.219111111
854,26,scene_1.3,scene_1.3_y03,11,20,0,40.842222222,18.05,-3.39,270.0,90.0,-20.0,False,False,1.219111111,1.219111111
855,27,scene_1.3,scene_1.3_y03,11,19,0,39.623111111,18.05,-3.39,270.0,90.0,-20.0,False,False,1.219111111,1.219111111
856,28,scene_1.3,scene_1.3_y03,11,18,0,38.404,18.05,-3.39,270.0,90.0,-20.0,True,False,1.219111111,1.219111111
857,29,scene_1.3,scene_1.3_y03,11,17,0,37.184888889,18.05,-3.39,270.0,90.0,-20.0,False,False,1.219111111,1.219111111
858,30,scene_1.3,scene_1.3_y03,11,16,0,35.965777778,18.05,-3.39,270.0,90.0,-20.0,False,False,1.219111111,1.219111111
859,31,scene_1.3,scene_1.3_y03,11,15,0,34.746666667,18.05,-3.39,270.0,90.0,-20.0,False,False,1.219111111,1.219111111
860,32,scene_1.3,scene_1.3_y03,11,14,0,33.527555556,18.05,-3.39,270.0,90.0,-20.0,False,False,1.219111111,1.219111111
861,33,scene_1.3,scene_1.3_y03,11,13,0,32.308444444,18.05,-3.39,270.0,90.0,-20.0,False,False,1.219111111,1.219111111
862,34,scene_1.3,scene_1.3_y03,11,12,0,31.089333333,18.05,-3.39,270.0,90.0,-20.0,False,False,1.219111111,1.219111111
863,35,scene_1.3,scene_1.3_y03,11,11,0,29.870222222,18.05,-3.39,270.0,90.0,-20.0,False,False,1.219111111,1.219111111
864,36,scene_1.3,scene_1.3_y03,11,10,0,28.651111111,18.05,-3.39,270.0,90.0,-20.0,False,False,1.219111111,1.219111111
865,37,scene_1.3,scene_1.3_y03,11,9,0,27.432,18.05,-3.39,270.0,90.0,-20.0,True,False,1.219111111,1.219111111
866,38,scene_1.3,scene_1.3_y03,11,8,0,26.212888889,18.05,-3.39,270.0,90.0,-20.0,False,False,1.219111111,1.219111111
867,39,scene_1.3,scene_1.3_y03,11,7,0,24.993777778,18.05,-3.39,270.0,90.0,-20.0,False,False,1.219111111,1.219111111
868,40,scene_1.3,scene_1.3_y03,11,6,0,23.774666667,18.05,-3.39,270.0,90.0,-20.0,False,False,1.219111111,1.219111111
869,41,scene_1.3,scene_1.3_y03,11,5,0,22.555555556,18.05,-3.39,270.0,90.0,-20.0,False,False,1.219111111,1.219111111
870,42,scene_1.3,scene_1.3_y03,11,4,0,21.336444444,18.05,-3.39,270.0,90.0,-20.0,False,False,1.219111111,1.219111111
871,43,scene_1.3,scene_1.3_y03,11,3,0,20.117333333,18.05,-3.39,270.0,90.0,-20.0,False,False,1.219111111,1.219111111
872,44,scene_1.3,scene_1.3_y03,11,2,0,18.898222222,18.05,-3.39,270.0,90.0,-20.0,False,False,1.219111111,1.219111111
873,45,scene_1.3,scene_1.3_y03,11,1,0,17.679111111,18.05,-3.39,270.0,90.0,-20.0,False,False,1.219111111,1.219111111
874,46,scene_1.3,scene_1.3_y03,11,0,0,16.46,18.05,-3.39,0.0,180.0,-20.0,True,False,1.219111111,1.77
875,47,scene_1.3,scene_1.3_y03,11,0,1,16.46,18.05,-1.62,90.0,270.0,-20.0,False,False,1.77,1.219111111
876,48,scene_1.3,scene_1.3_y03,11,1,1,17.679111111,18.05,-1.62,90.0,270.0,-20.0,False,False,1.219111111,1.219111111
877,49,scene_1.3,scene_1.3_y03,11,2,1,18.898222222,18.05,-1.62,90.0,270.0,-20.0,False,False,1.219111111,1.219111111
878,50,scene_1.3,scene_1.3_y03,11,3,1,20.117333333,18.05,-1.62,90.0,270.0,-20.0,False,False,1.219111111,1.219111111
879,51,scene_1.3,scene_1.3_y03,11,4,1,21.336444444,18.05,-1.62,90.0,270.0,-20.0,False,False,1.219111111,1.219111111
880,52,scene_1.3,scene_1.3_y03,11,5,1,22.555555556,18.05,-1.62,90.0,270.0,-20.0,False,False,1.219111111,1.219111111
881,53,scene_1.3,scene_1.3_y03,11,6,1,23.774666667,18.05,-1.62,90.0,270.0,-20.0,False,False,1.219111111,1.219111111
882,54,scene_1.3,scene_1.3_y03,11,7,1,24.993777778,18.05,-1.62,90.0,270.0,-20.0,False,False,1.219111111,1.219111111
883,55,scene_1.3,scene_1.3_y03,11,8,1,26.212888889,18.05,-1.62,90.0,270.0,-20.0,False,False,1.219111111,1.219111111
884,56,scene_1.3,scene_1.3_y03,11,9,1,27.432,18.05,-1.62,90.0,270.0,-20.0,False,False,1.219111111,1.219111111
885,57,scene_1.3,scene_1.3_y03,11,10,1,28.651111111,18.05,-1.62,90.0,270.0,-20.0,False,False,1.219111111,1.219111111
886,58,scene_1.3,scene_1.3_y03,11,11,1,29.870222222,18.05,-1.62,90.0,270.0,-20.0,False,False,1.219111111,1.219111111
887,59,scene_1.3,scene_1.3_y03,11,12,1,31.089333333,18.05,-1.62,90.0,270.0,-20.0,False,False,1.219111111,1.219111111
888,60,scene_1.3,scene_1.3_y03,11,13,1,32.308444444,18.05,-1.62,90.0,270.0,-20.0,False,False,1.219111111,1.219111111
889,61,scene_1.3,scene_1.3_y03,11,14,1,33.527555556,18.05,-1.62,90.0,270.0,-20.0,False,False,1.219111111,1.219111111
890,62,scene_1.3,scene_1.3_y03,11,15,1,34.746666667,18.05,-1.62,90.0,270.0,-20.0,False,False,1.219111111,1.219111111
891,63,scene_1.3,scene_1.3_y03,11,16,1,35.965777778,18.05,-1.62,90.0,270.0,-20.0,False,False,1.219111111,1.219111111
892,64,scene_1.3,scene_1.3_y03,11,17,1,37.184888889,18.05,-1.62,90.0,270.0,-20.0,False,False,1.219111111,1.219111111
893,65,scene_1.3,scene_1.3_y03,11,18,1,38.404,18.05,-1.62,90.0,270.0,-20.0,False,False,1.219111111,1.219111111
894,66,scene_1.3,scene_1.3_y03,11,19,1,39.623111111,18.05,-1.62,90.0,270.0,-20.0,False,False,1.219111111,1.219111111
895,67,scene_1.3,scene_1.3_y03,11,20,1,40.842222222,18.05,-1.62,90.0,270.0,-20.0,False,False,1.219111111,1.219111111
896,68,scene_1.3,scene_1.3_y03,11,21,1,42.061333333,18.05,-1.62,90.0,270.0,-20.0,False,False,1.219111111,1.219111111
897,69,scene_1.3,scene_1.3_y03,11,22,1,43.280444444,18.05,-1.62,90.0,270.0,-20.0,False,False,1.219111111,1.219111111
898,70,scene_1.3,scene_1.3_y03,11,23,1,44.499555556,18.05,-1.62,90.0,270.0,-20.0,False,False,1.219111111,1.219111111
899,71,scene_1.3,scene_1.3_y03,11,24,1,45.718666667,18.05,-1.62,90.0,270.0,-20.0,False,False,1.219111111,1.219111111
900,72,scene_1.3,scene_1.3_y03,11,25,1,46.937777778,18.05,-1.62,90.0,270.0,-20.0,False,False,1.219111111,1.219111111
901,73,scene_1.3,scene_1.3_y03,11,26,1,48.156888889,18.05,-1.62,90.0,270.0,-20.0,False,False,1.219111111,1.219111111
902,74,scene_1.3,scene_1.3_y03,11,27,1,49.376,18.05,-1.62,90.0,270.0,-20.0,False,False,1.219111111,1.219111111
903,75,scene_1.3,scene_1.3_y03,11,28,1,50.595111111,18.05,-1.62,90.0,270.0,-20.0,False,False,1.219111111,1.219111111
904,76,scene_1.3,scene_1.3_y03,11,29,1,51.814222222,18.05,-1.62,90.0,270.0,-20.0,False,False,1.219111111,1.219111111
905,77,scene_1.3,scene_1.3_y03,11,30,1,53.033333333,18.05,-1.62,90.0,270.0,-20.0,False,False,1.219111111,1.219111111
906,78,scene_1.3,scene_1.3_y03,11,31,1,54.252444444,18.05,-1.62,90.0,270.0,-20.0,False,False,1.219111111,1.219111111
907,79,scene_1.3,scene_1.3_y03,11,32,1,55.471555556,18.05,-1.62,90.0,270.0,-20.0,False,False,1.219111111,1.219111111
908,80,scene_1.3,scene_1.3_y03,11,33,1,56.690666667,18.05,-1.62,90.0,270.0,-20.0,False,False,1.219111111,1.219111111
909,81,scene_1.3,scene_1.3_y03,11,34,1,57.909777778,18.05,-1.62,90.0,270.0,-20.0,False,False,1.219111111,1.219111111
910,82,scene_1.3,scene_1.3_y03,11,35,1,59.128888889,18.05,-1.62,90.0,270.0,-20.0,False,False,1.219111111,1.219111111
911,83,scene_1.3,scene_1.3_y03,11,36,1,60.348,18.05,-1.62,90.0,270.0,-20.0,False,False,1.219111111,1.219111111
912,84,scene_1.3,scene_1.3_y03,11,37,1,61.567111111,18.05,-1.62,90.0,270.0,-20.0,False,False,1.219111111,1.219111111
913,85,scene_1.3,scene_1.3_y03,11,38,1,62.786222222,18.05,-1.62,90.0,270.0,-20.0,False,False,1.219111111,1.219111111
914,86,scene_1.3,scene_1.3_y03,11,39,1,64.005333333,18.05,-1.62,90.0,270.0,-20.0,False,False,1.219111111,1.219111111
915,87,scene_1.3,scene_1.3_y03,11,40,1,65.224444444,18.05,-1.62,90.0,270.0,-20.0,False,False,1.219111111,1.219111111
916,88,scene_1.3,scene_1.3_y03,11,41,1,66.443555556,18.05,-1.62,90.0,270.0,-20.0,False,False,1.219111111,1.219111111
917,89,scene_1.3,scene_1.3_y03,11,42,1,67.662666667,18.05,-1.62,90.0,270.0,-20.0,False,False,1.219111111,1.219111111
918,90,scene_1.3,scene_1.3_y03,11,43,1,68.881777778,18.05,-1.62,90.0,270.0,-20.0,False,False,1.219111111,1.219111111
919,91,scene_1.3,scene_1.3_y03,11,44,1,70.100888889,18.05,-1.62,90.0,270.0,-20.0,False,False,1.219111111,1.219111111
920,92,scene_1.3,scene_1.3_y03,11,45,1,71.32,18.05,-1.62,0.0,180.0,-20.0,False,False,1.219111111,1.77
921,93,scene_1.3,scene_1.3_y03,11,45,2,71.32,18.05,0.15,270.0,90.0,-20.0,False,False,1.77,1.219111111
922,94,scene_1.3,scene_1.3_y03,11,44,2,70.100888889,18.05,0.15,270.0,90.0,-20.0,False,False,1.219111111,1.219111111
923,95,scene_1.3,scene_1.3_y03,11,43,2,68.881777778,18.05,0.15,270.0,90.0,-20.0,False,False,1.219111111,1.219111111
924,96,scene_1.3,scene_1.3_y03,11,42,2,67.662666667,18.05,0.15,270.0,90.0,-20.0,False,False,1.219111111,1.219111111
925,97,scene_1.3,scene_1.3_y03,11,41,2,66.443555556,18.05,0.15,270.0,90.0,-20.0,False,False,1.219111111,1.219111111
926,98,scene_1.3,scene_1.3_y03,11,40,2,65.224444444,18.05,0.15,270.0,90.0,-20.0,False,False,1.219111111,1.219111111
927,99,scene_1.3,scene_1.3_y03,11,39,2,64.005333333,18.05,0.15,270.0,90.0,-20.0,False,False,1.219111111,1.219111111
928,100,scene_1.3,scene_1.3_y03,11,38,2,62.786222222,18.05,0.15,270.0,90.0,-20.0,False,False,1.219111111,1.219111111
929,101,scene_1.3,scene_1.3_y03,11,37,2,61.567111111,18.05,0.15,270.0,90.0,-20.0,False,False,1.219111111,1.219111111
930,102,scene_1.3,scene_1.3_y03,11,36,2,60.348,18.05,0.15,270.0,90.0,-20.0,False,False,1.219111111,1.219111111
931,103,scene_1.3,scene_1.3_y03,11,35,2,59.128888889,18.05,0.15,270.0,90.0,-20.0,False,False,1.219111111,1.219111111
932,104,scene_1.3,scene_1.3_y03,11,34,2,57.909777778,18.05,0.15,270.0,90.0,-20.0,False,False,1.219111111,1.219111111
933,105,scene_1.3,scene_1.3_y03,11,33,2,56.690666667,18.05,0.15,270.0,90.0,-20.0,False,False,1.219111111,1.219111111
934,106,scene_1.3,scene_1.3_y03,11,32,2,55.471555556,18.05,0.15,270.0,90.0,-20.0,False,False,1.219111111,1.219111111
935,107,scene_1.3,scene_1.3_y03,11,31,2,54.252444444,18.05,0.15,270.0,90.0,-20.0,False,False,1.219111111,1.219111111
936,108,scene_1.3,scene_1.3_y03,11,30,2,53.033333333,18.05,0.15,270.0,90.0,-20.0,False,False,1.219111111,1.219111111
937,109,scene_1.3,scene_1.3_y03,11,29,2,51.814222222,18.05,0.15,270.0,90.0,-20.0,False,False,1.219111111,1.219111111
938,110,scene_1.3,scene_1.3_y03,11,28,2,50.595111111,18.05,0.15,270.0,90.0,-20.0,False,False,1.219111111,1.219111111
939,111,scene_1.3,scene_1.3_y03,11,27,2,49.376,18.05,0.15,270.0,90.0,-20.0,False,False,1.219111111,1.219111111
940,112,scene_1.3,scene_1.3_y03,11,26,2,48.156888889,18.05,0.15,270.0,90.0,-20.0,False,False,1.219111111,1.219111111
941,113,scene_1.3,scene_1.3_y03,11,25,2,46.937777778,18.05,0.15,270.0,90.0,-20.0,False,False,1.219111111,1.219111111
942,114,scene_1.3,scene_1.3_y03,11,24,2,45.718666667,18.05,0.15,270.0,90.0,-20.0,False,False,1.219111111,1.219111111
943,115,scene_1.3,scene_1.3_y03,11,23,2,44.499555556,18.05,0.15,270.0,90.0,-20.0,False,False,1.219111111,1.219111111
944,116,scene_1.3,scene_1.3_y03,11,22,2,43.280444444,18.05,0.15,270.0,90.0,-20.0,False,False,1.219111111,1.219111111
945,117,scene_1.3,scene_1.3_y03,11,21,2,42.061333333,18.05,0.15,270.0,90.0,-20.0,False,False,1.219111111,1.219111111
946,118,scene_1.3,scene_1.3_y03,11,20,2,40.842222222,18.05,0.15,270.0,90.0,-20.0,False,False,1.219111111,1.219111111
947,119,scene_1.3,scene_1.3_y03,11,19,2,39.623111111,18.05,0.15,270.0,90.0,-20.0,False,False,1.219111111,1.219111111
948,120,scene_1.3,scene_1.3_y03,11,18,2,38.404,18.05,0.15,270.0,90.0,-20.0,False,False,1.219111111,1.219111111
949,121,scene_1.3,scene_1.3_y03,11,17,2,37.184888889,18.05,0.15,270.0,90.0,-20.0,False,False,1.219111111,1.219111111
950,122,scene_1.3,scene_1.3_y03,11,16,2,35.965777778,18.05,0.15,270.0,90.0,-20.0,False,False,1.219111111,1.219111111
951,123,scene_1.3,scene_1.3_y03,11,15,2,34.746666667,18.05,0.15,270.0,90.0,-20.0,False,False,1.219111111,1.219111111
952,124,scene_1.3,scene_1.3_y03,11,14,2,33.527555556,18.05,0.15,270.0,90.0,-20.0,False,False,1.219111111,1.219111111
953,125,scene_1.3,scene_1.3_y03,11,13,2,32.308444444,18.05,0.15,270.0,90.0,-20.0,False,False,1.219111111,1.219111111
954,126,scene_1.3,scene_1.3_y03,11,12,2,31.089333333,18.05,0.15,270.0,90.0,-20.0,False,False,1.219111111,1.219111111
955,127,scene_1.3,scene_1.3_y03,11,11,2,29.870222222,18.05,0.15,270.0,90.0,-20.0,False,False,1.219111111,1.219111111
956,128,scene_1.3,scene_1.3_y03,11,10,2,28.651111111,18.05,0.15,270.0,90.0,-20.0,False,False,1.219111111,1.219111111
957,129,scene_1.3,scene_1.3_y03,11,9,2,27.432,18.05,0.15,270.0,90.0,-20.0,False,False,1.219111111,1.219111111
958,130,scene_1.3,scene_1.3_y03,11,8,2,26.212888889,18.05,0.15,270.0,90.0,-20.0,False,False,1.219111111,1.219111111
959,131,scene_1.3,scene_1.3_y03,11,7,2,24.993777778,18.05,0.15,270.0,90.0,-20.0,False,False,1.219111111,1.219111111
960,132,scene_1.3,scene_1.3_y03,11,6,2,23.774666667,18.05,0.15,270.0,90.0,-20.0,False,False,1.219111111,1.219111111
961,133,scene_1.3,scene_1.3_y03,11,5,2,22.555555556,18.05,0.15,270.0,90.0,-20.0,False,False,1.219111111,1.219111111
962,134,scene_1.3,scene_1.3_y03,11,4,2,21.336444444,18.05,0.15,270.0,90.0,-20.0,False,False,1.219111111,1.219111111
963,135,scene_1.3,scene_1.3_y03,11,3,2,20.117333333,18.05,0.15,270.0,90.0,-20.0,False,False,1.219111111,1.219111111
964,136,scene_1.3,scene_1.3_y03,11,2,2,18.898222222,18.05,0.15,270.0,90.0,-20.0,False,False,1.219111111,1.219111111
965,137,scene_1.3,scene_1.3_y03,11,1,2,17.679111111,18.05,0.15,270.0,90.0,-20.0,False,False,1.219111111,1.219111111
966,138,scene_1.3,scene_1.3_y03,11,0,2,16.46,18.05,0.15,0.0,180.0,-20.0,False,False,1.219111111,1.77
967,139,scene_1.3,scene_1.3_y03,11,0,3,16.46,18.05,1.92,90.0,270.0,-20.0,False,False,1.77,1.219111111
968,140,scene_1.3,scene_1.3_y03,11,1,3,17.679111111,18.05,1.92,90.0,270.0,-20.0,False,False,1.219111111,1.219111111
969,141,scene_1.3,scene_1.3_y03,11,2,3,18.898222222,18.05,1.92,90.0,270.0,-20.0,False,False,1.219111111,1.219111111
970,142,scene_1.3,scene_1.3_y03,11,3,3,20.117333333,18.05,1.92,90.0,270.0,-20.0,False,False,1.219111111,1.219111111
971,143,scene_1.3,scene_1.3_y03,11,4,3,21.336444444,18.05,1.92,90.0,270.0,-20.0,False,False,1.219111111,1.219111111
972,144,scene_1.3,scene_1.3_y03,11,5,3,22.555555556,18.05,1.92,90.0,270.0,-20.0,False,False,1.219111111,1.219111111
973,145,scene_1.3,scene_1.3_y03,11,6,3,23.774666667,18.05,1.92,90.0,270.0,-20.0,False,False,1.219111111,1.219111111
974,146,scene_1.3,scene_1.3_y03,11,7,3,24.993777778,18.05,1.92,90.0,270.0,-20.0,False,False,1.219111111,1.219111111
975,147,scene_1.3,scene_1.3_y03,11,8,3,26.212888889,18.05,1.92,90.0,270.0,-20.0,False,False,1.219111111,1.219111111
976,148,scene_1.3,scene_1.3_y03,11,9,3,27.432,18.05,1.92,90.0,270.0,-20.0,False,False,1.219111111,1.219111111
977,149,scene_1.3,scene_1.3_y03,11,10,3,28.651111111,18.05,1.92,90.0,270.0,-20.0,False,False,1.219111111,1.219111111
978,150,scene_1.3,scene_1.3_y03,11,11,3,29.870222222,18.05,1.92,90.0,270.0,-20.0,False,False,1.219111111,1.219111111
979,151,scene_1.3,scene_1.3_y03,11,12,3,31.089333333,18.05,1.92,90.0,270.0,-20.0,False,False,1.219111111,1.219111111
980,152,scene_1.3,scene_1.3_y03,11,13,3,32.308444444,18.05,1.92,90.0,270.0,-20.0,False,False,1.219111111,1.219111111
981,153,scene_1.3,scene_1.3_y03,11,14,3,33.527555556,18.05,1.92,90.0,270.0,-20.0,False,False,1.219111111,1.219111111
982,154,scene_1.3,scene_1.3_y03,11,15,3,34.746666667,18.05,1.92,90.0,270.0,-20.0,False,False,1.219111111,1.219111111
983,155,scene_1.3,scene_1.3_y03,11,16,3,35.965777778,18.05,1.92,90.0,270.0,-20.0,False,False,1.219111111,1.219111111
984,156,scene_1.3,scene_1.3_y03,11,17,3,37.184888889,18.05,1.92,90.0,270.0,-20.0,False,False,1.219111111,1.219111111
985,157,scene_1.3,scene_1.3_y03,11,18,3,38.404,18.05,1.92,90.0,270.0,-20.0,False,False,1.219111111,1.219111111
986,158,scene_1.3,scene_1.3_y03,11,19,3,39.623111111,18.05,1.92,90.0,270.0,-20.0,False,False,1.219111111,1.219111111
987,159,scene_1.3,scene_1.3_y03,11,20,3,40.842222222,18.05,1.92,90.0,270.0,-20.0,False,False,1.219111111,1.219111111
988,160,scene_1.3,scene_1.3_y03,11,21,3,42.061333333,18.05,1.92,90.0,270.0,-20.0,False,False,1.219111111,1.219111111
989,161,scene_1.3,scene_1.3_y03,11,22,3,43.280444444,18.05,1.92,90.0,270.0,-20.0,False,False,1.219111111,1.219111111
990,162,scene_1.3,scene_1.3_y03,11,23,3,44.499555556,18.05,1.92,90.0,270.0,-20.0,False,False,1.219111111,1.219111111
991,163,scene_1.3,scene_1.3_y03,11,24,3,45.718666667,18.05,1.92,90.0,270.0,-20.0,False,False,1.219111111,1.219111111
992,164,scene_1.3,scene_1.3_y03,11,25,3,46.937777778,18.05,1.92,90.0,270.0,-20.0,False,False,1.219111111,1.219111111
993,165,scene_1.3,scene_1.3_y03,11,26,3,48.156888889,18.05,1.92,90.0,270.0,-20.0,False,False,1.219111111,1.219111111
994,166,scene_1.3,scene_1.3_y03,11,27,3,49.376,18.05,1.92,90.0,270.0,-20.0,False,False,1.219111111,1.219111111
995,167,scene_1.3,scene_1.3_y03,11,28,3,50.595111111,18.05,1.92,90.0,270.0,-20.0,False,False,1.219111111,1.219111111
996,168,scene_1.3,scene_1.3_y03,11,29,3,51.814222222,18.05,1.92,90.0,270.0,-20.0,False,False,1.219111111,1.219111111
997,169,scene_1.3,scene_1.3_y03,11,30,3,53.033333333,18.05,1.92,90.0,270.0,-20.0,False,False,1.219111111,1.219111111
998,170,scene_1.3,scene_1.3_y03,11,31,3,54.252444444,18.05,1.92,90.0,270.0,-20.0,False,False,1.219111111,1.219111111
999,171,scene_1.3,scene_1.3_y03,11,32,3,55.471555556,18.05,1.92,90.0,270.0,-20.0,False,False,1.219111111,1.219111111
1000,172,scene_1.3,scene_1.3_y03,11,33,3,56.690666667,18.05,1.92,90.0,270.0,-20.0,False,False,1.219111111,1.219111111
1001,173,scene_1.3,scene_1.3_y03,11,34,3,57.909777778,18.05,1.92,90.0,270.0,-20.0,False,False,1.219111111,1.219111111
1002,174,scene_1.3,scene_1.3_y03,11,35,3,59.128888889,18.05,1.92,90.0,270.0,-20.0,False,False,1.219111111,1.219111111
1003,175,scene_1.3,scene_1.3_y03,11,36,3,60.348,18.05,1.92,90.0,270.0,-20.0,False,False,1.219111111,1.219111111
1004,176,scene_1.3,scene_1.3_y03,11,37,3,61.567111111,18.05,1.92,90.0,270.0,-20.0,False,False,1.219111111,1.219111111
1005,177,scene_1.3,scene_1.3_y03,11,38,3,62.786222222,18.05,1.92,90.0,270.0,-20.0,False,False,1.219111111,1.219111111
1006,178,scene_1.3,scene_1.3_y03,11,39,3,64.005333333,18.05,1.92,90.0,270.0,-20.0,False,False,1.219111111,1.219111111
1007,179,scene_1.3,scene_1.3_y03,11,40,3,65.224444444,18.05,1.92,90.0,270.0,-20.0,False,False,1.219111111,1.219111111
1008,180,scene_1.3,scene_1.3_y03,11,41,3,66.443555556,18.05,1.92,90.0,270.0,-20.0,False,False,1.219111111,1.219111111
1009,181,scene_1.3,scene_1.3_y03,11,42,3,67.662666667,18.05,1.92,90.0,270.0,-20.0,False,False,1.219111111,1.219111111
1010,182,scene_1.3,scene_1.3_y03,11,43,3,68.881777778,18.05,1.92,90.0,270.0,-20.0,False,False,1.219111111,1.219111111
1011,183,scene_1.3,scene_1.3_y03,11,44,3,70.100888889,18.05,1.92,90.0,270.0,-20.0,False,False,1.219111111,1.219111111
1012,184,scene_1.3,scene_1.3_y03,11,45,3,71.32,18.05,1.92,0.0,180.0,-20.0,False,False,1.219111111,1.77
1013,185,scene_1.3,scene_1.3_y03,11,45,4,71.32,18.05,3.69,270.0,90.0,-20.0,True,False,1.77,1.219111111
1014,186,scene_1.3,scene_1.3_y03,11,44,4,70.100888889,18.05,3.69,270.0,90.0,-20.0,False,False,1.219111111,1.219111111
1015,187,scene_1.3,scene_1.3_y03,11,43,4,68.881777778,18.05,3.69,270.0,90.0,-20.0,False,False,1.219111111,1.219111111
1016,188,scene_1.3,scene_1.3_y03,11,42,4,67.662666667,18.05,3.69,270.0,90.0,-20.0,False,False,1.219111111,1.219111111
1017,189,scene_1.3,scene_1.3_y03,11,41,4,66.443555556,18.05,3.69,270.0,90.0,-20.0,False,False,1.219111111,1.219111111
1018,190,scene_1.3,scene_1.3_y03,11,40,4,65.224444444,18.05,3.69,270.0,90.0,-20.0,False,False,1.219111111,1.219111111
1019,191,scene_1.3,scene_1.3_y03,11,39,4,64.005333333,18.05,3.69,270.0,90.0,-20.0,False,False,1.219111111,1.219111111
1020,192,scene_1.3,scene_1.3_y03,11,38,4,62.786222222,18.05,3.69,270.0,90.0,-20.0,False,False,1.219111111,1.219111111
1021,193,scene_1.3,scene_1.3_y03,11,37,4,61.567111111,18.05,3.69,270.0,90.0,-20.0,False,False,1.219111111,1.219111111
1022,194,scene_1.3,scene_1.3_y03,11,36,4,60.348,18.05,3.69,270.0,90.0,-20.0,True,False,1.219111111,1.219111111
1023,195,scene_1.3,scene_1.3_y03,11,35,4,59.128888889,18.05,3.69,270.0,90.0,-20.0,False,False,1.219111111,1.219111111
1024,196,scene_1.3,scene_1.3_y03,11,34,4,57.909777778,18.05,3.69,270.0,90.0,-20.0,False,False,1.219111111,1.219111111
1025,197,scene_1.3,scene_1.3_y03,11,33,4,56.690666667,18.05,3.69,270.0,90.0,-20.0,False,False,1.219111111,1.219111111
1026,198,scene_1.3,scene_1.3_y03,11,32,4,55.471555556,18.05,3.69,270.0,90.0,-20.0,False,False,1.219111111,1.219111111
1027,199,scene_1.3,scene_1.3_y03,11,31,4,54.252444444,18.05,3.69,270.0,90.0,-20.0,False,False,1.219111111,1.219111111
1028,200,scene_1.3,scene_1.3_y03,11,30,4,53.033333333,18.05,3.69,270.0,90.0,-20.0,False,False,1.219111111,1.219111111
1029,201,scene_1.3,scene_1.3_y03,11,29,4,51.814222222,18.05,3.69,270.0,90.0,-20.0,False,False,1.219111111,1.219111111
1030,202,scene_1.3,scene_1.3_y03,11,28,4,50.595111111,18.05,3.69,270.0,90.0,-20.0,False,False,1.219111111,1.219111111
1031,203,scene_1.3,scene_1.3_y03,11,27,4,49.376,18.05,3.69,270.0,90.0,-20.0,True,False,1.219111111,1.219111111
1032,204,scene_1.3,scene_1.3_y03,11,26,4,48.156888889,18.05,3.69,270.0,90.0,-20.0,False,False,1.219111111,1.219111111
1033,205,scene_1.3,scene_1.3_y03,11,25,4,46.937777778,18.05,3.69,270.0,90.0,-20.0,False,False,1.219111111,1.219111111
1034,206,scene_1.3,scene_1.3_y03,11,24,4,45.718666667,18.05,3.69,270.0,90.0,-20.0,False,False,1.219111111,1.219111111
1035,207,scene_1.3,scene_1.3_y03,11,23,4,44.499555556,18.05,3.69,270.0,90.0,-20.0,False,False,1.219111111,1.219111111
1036,208,scene_1.3,scene_1.3_y03,11,22,4,43.280444444,18.05,3.69,270.0,90.0,-20.0,False,False,1.219111111,1.219111111
1037,209,scene_1.3,scene_1.3_y03,11,21,4,42.061333333,18.05,3.69,270.0,90.0,-20.0,False,False,1.219111111,1.219111111
1038,210,scene_1.3,scene_1.3_y03,11,20,4,40.842222222,18.05,3.69,270.0,90.0,-20.0,False,False,1.219111111,1.219111111
1039,211,scene_1.3,scene_1.3_y03,11,19,4,39.623111111,18.05,3.69,270.0,90.0,-20.0,False,False,1.219111111,1.219111111
1040,212,scene_1.3,scene_1.3_y03,11,18,4,38.404,18.05,3.69,270.0,90.0,-20.0,True,False,1.219111111,1.219111111
1041,213,scene_1.3,scene_1.3_y03,11,17,4,37.184888889,18.05,3.69,270.0,90.0,-20.0,False,False,1.219111111,1.219111111
1042,214,scene_1.3,scene_1.3_y03,11,16,4,35.965777778,18.05,3.69,270.0,90.0,-20.0,False,False,1.219111111,1.219111111
1043,215,scene_1.3,scene_1.3_y03,11,15,4,34.746666667,18.05,3.69,270.0,90.0,-20.0,False,False,1.219111111,1.219111111
1044,216,scene_1.3,scene_1.3_y03,11,14,4,33.527555556,18.05,3.69,270.0,90.0,-20.0,False,False,1.219111111,1.219111111
1045,217,scene_1.3,scene_1.3_y03,11,13,4,32.308444444,18.05,3.69,270.0,90.0,-20.0,False,False,1.219111111,1.219111111
1046,218,scene_1.3,scene_1.3_y03,11,12,4,31.089333333,18.05,3.69,270.0,90.0,-20.0,False,False,1.219111111,1.219111111
1047,219,scene_1.3,scene_1.3_y03,11,11,4,29.870222222,18.05,3.69,270.0,90.0,-20.0,False,False,1.219111111,1.219111111
1048,220,scene_1.3,scene_1.3_y03,11,10,4,28.651111111,18.05,3.69,270.0,90.0,-20.0,False,False,1.219111111,1.219111111
1049,221,scene_1.3,scene_1.3_y03,11,9,4,27.432,18.05,3.69,270.0,90.0,-20.0,True,False,1.219111111,1.219111111
1050,222,scene_1.3,scene_1.3_y03,11,8,4,26.212888889,18.05,3.69,270.0,90.0,-20.0,False,False,1.219111111,1.219111111
1051,223,scene_1.3,scene_1.3_y03,11,7,4,24.993777778,18.05,3.69,270.0,90.0,-20.0,False,False,1.219111111,1.219111111
1052,224,scene_1.3,scene_1.3_y03,11,6,4,23.774666667,18.05,3.69,270.0,90.0,-20.0,False,False,1.219111111,1.219111111
1053,225,scene_1.3,scene_1.3_y03,11,5,4,22.555555556,18.05,3.69,270.0,90.0,-20.0,False,False,1.219111111,1.219111111
1054,226,scene_1.3,scene_1.3_y03,11,4,4,21.336444444,18.05,3.69,270.0,90.0,-20.0,False,False,1.219111111,1.219111111
1055,227,scene_1.3,scene_1.3_y03,11,3,4,20.117333333,18.05,3.69,270.0,90.0,-20.0,False,False,1.219111111,1.219111111
1056,228,scene_1.3,scene_1.3_y03,11,2,4,18.898222222,18.05,3.69,270.0,90.0,-20.0,False,False,1.219111111,1.219111111
1057,229,scene_1.3,scene_1.3_y03,11,1,4,17.679111111,18.05,3.69,270.0,90.0,-20.0,False,False,1.219111111,1.219111111
1058,230,scene_1.3,scene_1.3_y03,11,0,4,16.46,18.05,3.69,0.0,180.0,-20.0,True,False,1.219111111,1.77
1059,231,scene_1.3,scene_1.3_y03,11,0,5,16.46,18.05,5.46,90.0,270.0,-20.0,False,False,1.77,1.219111111
1060,232,scene_1.3,scene_1.3_y03,11,1,5,17.679111111,18.05,5.46,90.0,270.0,-20.0,False,False,1.219111111,1.219111111
1061,233,scene_1.3,scene_1.3_y03,11,2,5,18.898222222,18.05,5.46,90.0,270.0,-20.0,False,False,1.219111111,1.219111111
1062,234,scene_1.3,scene_1.3_y03,11,3,5,20.117333333,18.05,5.46,90.0,270.0,-20.0,False,False,1.219111111,1.219111111
1063,235,scene_1.3,scene_1.3_y03,11,4,5,21.336444444,18.05,5.46,90.0,270.0,-20.0,False,False,1.219111111,1.219111111
1064,236,scene_1.3,scene_1.3_y03,11,5,5,22.555555556,18.05,5.46,90.0,270.0,-20.0,False,False,1.219111111,1.219111111
1065,237,scene_1.3,scene_1.3_y03,11,6,5,23.774666667,18.05,5.46,90.0,270.0,-20.0,False,False,1.219111111,1.219111111
1066,238,scene_1.3,scene_1.3_y03,11,7,5,24.993777778,18.05,5.46,90.0,270.0,-20.0,False,False,1.219111111,1.219111111
1067,239,scene_1.3,scene_1.3_y03,11,8,5,26.212888889,18.05,5.46,90.0,270.0,-20.0,False,False,1.219111111,1.219111111
1068,240,scene_1.3,scene_1.3_y03,11,9,5,27.432,18.05,5.46,90.0,270.0,-20.0,False,False,1.219111111,1.219111111
1069,241,scene_1.3,scene_1.3_y03,11,10,5,28.651111111,18.05,5.46,90.0,270.0,-20.0,False,False,1.219111111,1.219111111
1070,242,scene_1.3,scene_1.3_y03,11,11,5,29.870222222,18.05,5.46,90.0,270.0,-20.0,False,False,1.219111111,1.219111111
1071,243,scene_1.3,scene_1.3_y03,11,12,5,31.089333333,18.05,5.46,90.0,270.0,-20.0,False,False,1.219111111,1.219111111
1072,244,scene_1.3,scene_1.3_y03,11,13,5,32.308444444,18.05,5.46,90.0,270.0,-20.0,False,False,1.219111111,1.219111111
1073,245,scene_1.3,scene_1.3_y03,11,14,5,33.527555556,18.05,5.46,90.0,270.0,-20.0,False,False,1.219111111,1.219111111
1074,246,scene_1.3,scene_1.3_y03,11,15,5,34.746666667,18.05,5.46,90.0,270.0,-20.0,False,False,1.219111111,1.219111111
1075,247,scene_1.3,scene_1.3_y03,11,16,5,35.965777778,18.05,5.46,90.0,270.0,-20.0,False,False,1.219111111,1.219111111
1076,248,scene_1.3,scene_1.3_y03,11,17,5,37.184888889,18.05,5.46,90.0,270.0,-20.0,False,False,1.219111111,1.219111111
1077,249,scene_1.3,scene_1.3_y03,11,18,5,38.404,18.05,5.46,90.0,270.0,-20.0,False,False,1.219111111,1.219111111
1078,250,scene_1.3,scene_1.3_y03,11,19,5,39.623111111,18.05,5.46,90.0,270.0,-20.0,False,False,1.219111111,1.219111111
1079,251,scene_1.3,scene_1.3_y03,11,20,5,40.842222222,18.05,5.46,90.0,270.0,-20.0,False,False,1.219111111,1.219111111
1080,252,scene_1.3,scene_1.3_y03,11,21,5,42.061333333,18.05,5.46,90.0,270.0,-20.0,False,False,1.219111111,1.219111111
1081,253,scene_1.3,scene_1.3_y03,11,22,5,43.280444444,18.05,5.46,90.0,270.0,-20.0,False,False,1.219111111,1.219111111
1082,254,scene_1.3,scene_1.3_y03,11,23,5,44.499555556,18.05,5.46,90.0,270.0,-20.0,False,False,1.219111111,1.219111111
1083,255,scene_1.3,scene_1.3_y03,11,24,5,45.718666667,18.05,5.46,90.0,270.0,-20.0,False,False,1.219111111,1.219111111
1084,256,scene_1.3,scene_1.3_y03,11,25,5,46.937777778,18.05,5.46,90.0,270.0,-20.0,False,False,1.219111111,1.219111111
1085,257,scene_1.3,scene_1.3_y03,11,26,5,48.156888889,18.05,5.46,90.0,270.0,-20.0,False,False,1.219111111,1.219111111
1086,258,scene_1.3,scene_1.3_y03,11,27,5,49.376,18.05,5.46,90.0,270.0,-20.0,False,False,1.219111111,1.219111111
1087,259,scene_1.3,scene_1.3_y03,11,28,5,50.595111111,18.05,5.46,90.0,270.0,-20.0,False,False,1.219111111,1.219111111
1088,260,scene_1.3,scene_1.3_y03,11,29,5,51.814222222,18.05,5.46,90.0,270.0,-20.0,False,False,1.219111111,1.219111111
1089,261,scene_1.3,scene_1.3_y03,11,30,5,53.033333333,18.05,5.46,90.0,270.0,-20.0,False,False,1.219111111,1.219111111
1090,262,scene_1.3,scene_1.3_y03,11,31,5,54.252444444,18.05,5.46,90.0,270.0,-20.0,False,False,1.219111111,1.219111111
1091,263,scene_1.3,scene_1.3_y03,11,32,5,55.471555556,18.05,5.46,90.0,270.0,-20.0,False,False,1.219111111,1.219111111
1092,264,scene_1.3,scene_1.3_y03,11,33,5,56.690666667,18.05,5.46,90.0,270.0,-20.0,False,False,1.219111111,1.219111111
1093,265,scene_1.3,scene_1.3_y03,11,34,5,57.909777778,18.05,5.46,90.0,270.0,-20.0,False,False,1.219111111,1.219111111
1094,266,scene_1.3,scene_1.3_y03,11,35,5,59.128888889,18.05,5.46,90.0,270.0,-20.0,False,False,1.219111111,1.219111111
1095,267,scene_1.3,scene_1.3_y03,11,36,5,60.348,18.05,5.46,90.0,270.0,-20.0,False,False,1.219111111,1.219111111
1096,268,scene_1.3,scene_1.3_y03,11,37,5,61.567111111,18.05,5.46,90.0,270.0,-20.0,False,False,1.219111111,1.219111111
1097,269,scene_1.3,scene_1.3_y03,11,38,5,62.786222222,18.05,5.46,90.0,270.0,-20.0,False,False,1.219111111,1.219111111
1098,270,scene_1.3,scene_1.3_y03,11,39,5,64.005333333,18.05,5.46,90.0,270.0,-20.0,False,False,1.219111111,1.219111111
1099,271,scene_1.3,scene_1.3_y03,11,40,5,65.224444444,18.05,5.46,90.0,270.0,-20.0,False,False,1.219111111,1.219111111
1100,272,scene_1.3,scene_1.3_y03,11,41,5,66.443555556,18.05,5.46,90.0,270.0,-20.0,False,False,1.219111111,1.219111111
1101,273,scene_1.3,scene_1.3_y03,11,42,5,67.662666667,18.05,5.46,90.0,270.0,-20.0,False,False,1.219111111,1.219111111
1102,274,scene_1.3,scene_1.3_y03,11,43,5,68.881777778,18.05,5.46,90.0,270.0,-20.0,False,False,1.219111111,1.219111111
1103,275,scene_1.3,scene_1.3_y03,11,44,5,70.100888889,18.05,5.46,90.0,270.0,-20.0,False,False,1.219111111,1.219111111
1104,276,scene_1.3,scene_1.3_y03,11,45,5,71.32,18.05,5.46,0.0,180.0,-20.0,False,False,1.219111111,1.77
1105,277,scene_1.3,scene_1.3_y03,11,45,6,71.32,18.05,7.23,270.0,90.0,-20.0,False,False,1.77,1.219111111
1106,278,scene_1.3,scene_1.3_y03,11,44,6,70.100888889,18.05,7.23,270.0,90.0,-20.0,False,False,1.219111111,1.219111111
1107,279,scene_1.3,scene_1.3_y03,11,43,6,68.881777778,18.05,7.23,270.0,90.0,-20.0,False,False,1.219111111,1.219111111
1108,280,scene_1.3,scene_1.3_y03,11,42,6,67.662666667,18.05,7.23,270.0,90.0,-20.0,False,False,1.219111111,1.219111111
1109,281,scene_1.3,scene_1.3_y03,11,41,6,66.443555556,18.05,7.23,270.0,90.0,-20.0,False,False,1.219111111,1.219111111
1110,282,scene_1.3,scene_1.3_y03,11,40,6,65.224444444,18.05,7.23,270.0,90.0,-20.0,False,False,1.219111111,1.219111111
1111,283,scene_1.3,scene_1.3_y03,11,39,6,64.005333333,18.05,7.23,270.0,90.0,-20.0,False,False,1.219111111,1.219111111
1112,284,scene_1.3,scene_1.3_y03,11,38,6,62.786222222,18.05,7.23,270.0,90.0,-20.0,False,False,1.219111111,1.219111111
1113,285,scene_1.3,scene_1.3_y03,11,37,6,61.567111111,18.05,7.23,270.0,90.0,-20.0,False,False,1.219111111,1.219111111
1114,286,scene_1.3,scene_1.3_y03,11,36,6,60.348,18.05,7.23,270.0,90.0,-20.0,False,False,1.219111111,1.219111111
1115,287,scene_1.3,scene_1.3_y03,11,35,6,59.128888889,18.05,7.23,270.0,90.0,-20.0,False,False,1.219111111,1.219111111
1116,288,scene_1.3,scene_1.3_y03,11,34,6,57.909777778,18.05,7.23,270.0,90.0,-20.0,False,False,1.219111111,1.219111111
1117,289,scene_1.3,scene_1.3_y03,11,33,6,56.690666667,18.05,7.23,270.0,90.0,-20.0,False,False,1.219111111,1.219111111
1118,290,scene_1.3,scene_1.3_y03,11,32,6,55.471555556,18.05,7.23,270.0,90.0,-20.0,False,False,1.219111111,1.219111111
1119,291,scene_1.3,scene_1.3_y03,11,31,6,54.252444444,18.05,7.23,270.0,90.0,-20.0,False,False,1.219111111,1.219111111
1120,292,scene_1.3,scene_1.3_y03,11,30,6,53.033333333,18.05,7.23,270.0,90.0,-20.0,False,False,1.219111111,1.219111111
1121,293,scene_1.3,scene_1.3_y03,11,29,6,51.814222222,18.05,7.23,270.0,90.0,-20.0,False,False,1.219111111,1.219111111
1122,294,scene_1.3,scene_1.3_y03,11,28,6,50.595111111,18.05,7.23,270.0,90.0,-20.0,False,False,1.219111111,1.219111111
1123,295,scene_1.3,scene_1.3_y03,11,27,6,49.376,18.05,7.23,270.0,90.0,-20.0,False,False,1.219111111,1.219111111
1124,296,scene_1.3,scene_1.3_y03,11,26,6,48.156888889,18.05,7.23,270.0,90.0,-20.0,False,False,1.219111111,1.219111111
1125,297,scene_1.3,scene_1.3_y03,11,25,6,46.937777778,18.05,7.23,270.0,90.0,-20.0,False,False,1.219111111,1.219111111
1126,298,scene_1.3,scene_1.3_y03,11,24,6,45.718666667,18.05,7.23,270.0,90.0,-20.0,False,False,1.219111111,1.219111111
1127,299,scene_1.3,scene_1.3_y03,11,23,6,44.499555556,18.05,7.23,270.0,90.0,-20.0,False,False,1.219111111,1.219111111
1128,300,scene_1.3,scene_1.3_y03,11,22,6,43.280444444,18.05,7.23,270.0,90.0,-20.0,False,False,1.219111111,1.219111111
1129,301,scene_1.3,scene_1.3_y03,11,21,6,42.061333333,18.05,7.23,270.0,90.0,-20.0,False,False,1.219111111,1.219111111
1130,302,scene_1.3,scene_1.3_y03,11,20,6,40.842222222,18.05,7.23,270.0,90.0,-20.0,False,False,1.219111111,1.219111111
1131,303,scene_1.3,scene_1.3_y03,11,19,6,39.623111111,18.05,7.23,270.0,90.0,-20.0,False,False,1.219111111,1.219111111
1132,304,scene_1.3,scene_1.3_y03,11,18,6,38.404,18.05,7.23,270.0,90.0,-20.0,False,False,1.219111111,1.219111111
1133,305,scene_1.3,scene_1.3_y03,11,17,6,37.184888889,18.05,7.23,270.0,90.0,-20.0,False,False,1.219111111,1.219111111
1134,306,scene_1.3,scene_1.3_y03,11,16,6,35.965777778,18.05,7.23,270.0,90.0,-20.0,False,False,1.219111111,1.219111111
1135,307,scene_1.3,scene_1.3_y03,11,15,6,34.746666667,18.05,7.23,270.0,90.0,-20.0,False,False,1.219111111,1.219111111
1136,308,scene_1.3,scene_1.3_y03,11,14,6,33.527555556,18.05,7.23,270.0,90.0,-20.0,False,False,1.219111111,1.219111111
1137,309,scene_1.3,scene_1.3_y03,11,13,6,32.308444444,18.05,7.23,270.0,90.0,-20.0,False,False,1.219111111,1.219111111
1138,310,scene_1.3,scene_1.3_y03,11,12,6,31.089333333,18.05,7.23,270.0,90.0,-20.0,False,False,1.219111111,1.219111111
1139,311,scene_1.3,scene_1.3_y03,11,11,6,29.870222222,18.05,7.23,270.0,90.0,-20.0,False,False,1.219111111,1.219111111
1140,312,scene_1.3,scene_1.3_y03,11,10,6,28.651111111,18.05,7.23,270.0,90.0,-20.0,False,False,1.219111111,1.219111111
1141,313,scene_1.3,scene_1.3_y03,11,9,6,27.432,18.05,7.23,270.0,90.0,-20.0,False,False,1.219111111,1.219111111
1142,314,scene_1.3,scene_1.3_y03,11,8,6,26.212888889,18.05,7.23,270.0,90.0,-20.0,False,False,1.219111111,1.219111111
1143,315,scene_1.3,scene_1.3_y03,11,7,6,24.993777778,18.05,7.23,270.0,90.0,-20.0,False,False,1.219111111,1.219111111
1144,316,scene_1.3,scene_1.3_y03,11,6,6,23.774666667,18.05,7.23,270.0,90.0,-20.0,False,False,1.219111111,1.219111111
1145,317,scene_1.3,scene_1.3_y03,11,5,6,22.555555556,18.05,7.23,270.0,90.0,-20.0,False,False,1.219111111,1.219111111
1146,318,scene_1.3,scene_1.3_y03,11,4,6,21.336444444,18.05,7.23,270.0,90.0,-20.0,False,False,1.219111111,1.219111111
1147,319,scene_1.3,scene_1.3_y03,11,3,6,20.117333333,18.05,7.23,270.0,90.0,-20.0,False,False,1.219111111,1.219111111
1148,320,scene_1.3,scene_1.3_y03,11,2,6,18.898222222,18.05,7.23,270.0,90.0,-20.0,False,False,1.219111111,1.219111111
1149,321,scene_1.3,scene_1.3_y03,11,1,6,17.679111111,18.05,7.23,270.0,90.0,-20.0,False,False,1.219111111,1.219111111
1150,322,scene_1.3,scene_1.3_y03,11,0,6,16.46,18.05,7.23,0.0,180.0,-20.0,False,False,1.219111111,1.77
1151,323,scene_1.3,scene_1.3_y03,11,0,7,16.46,18.05,9.0,90.0,270.0,-20.0,False,False,1.77,1.219111111
1152,324,scene_1.3,scene_1.3_y03,11,1,7,17.679111111,18.05,9.0,90.0,270.0,-20.0,False,False,1.219111111,1.219111111
1153,325,scene_1.3,scene_1.3_y03,11,2,7,18.898222222,18.05,9.0,90.0,270.0,-20.0,False,False,1.219111111,1.219111111
1154,326,scene_1.3,scene_1.3_y03,11,3,7,20.117333333,18.05,9.0,90.0,270.0,-20.0,False,False,1.219111111,1.219111111
1155,327,scene_1.3,scene_1.3_y03,11,4,7,21.336444444,18.05,9.0,90.0,270.0,-20.0,False,False,1.219111111,1.219111111
1156,328,scene_1.3,scene_1.3_y03,11,5,7,22.555555556,18.05,9.0,90.0,270.0,-20.0,False,False,1.219111111,1.219111111
1157,329,scene_1.3,scene_1.3_y03,11,6,7,23.774666667,18.05,9.0,90.0,270.0,-20.0,False,False,1.219111111,1.219111111
1158,330,scene_1.3,scene_1.3_y03,11,7,7,24.993777778,18.05,9.0,90.0,270.0,-20.0,False,False,1.219111111,1.219111111
1159,331,scene_1.3,scene_1.3_y03,11,8,7,26.212888889,18.05,9.0,90.0,270.0,-20.0,False,False,1.219111111,1.219111111
1160,332,scene_1.3,scene_1.3_y03,11,9,7,27.432,18.05,9.0,90.0,270.0,-20.0,False,False,1.219111111,1.219111111
1161,333,scene_1.3,scene_1.3_y03,11,10,7,28.651111111,18.05,9.0,90.0,270.0,-20.0,False,False,1.219111111,1.219111111
1162,334,scene_1.3,scene_1.3_y03,11,11,7,29.870222222,18.05,9.0,90.0,270.0,-20.0,False,False,1.219111111,1.219111111
1163,335,scene_1.3,scene_1.3_y03,11,12,7,31.089333333,18.05,9.0,90.0,270.0,-20.0,False,False,1.219111111,1.219111111
1164,336,scene_1.3,scene_1.3_y03,11,13,7,32.308444444,18.05,9.0,90.0,270.0,-20.0,False,False,1.219111111,1.219111111
1165,337,scene_1.3,scene_1.3_y03,11,14,7,33.527555556,18.05,9.0,90.0,270.0,-20.0,False,False,1.219111111,1.219111111
1166,338,scene_1.3,scene_1.3_y03,11,15,7,34.746666667,18.05,9.0,90.0,270.0,-20.0,False,False,1.219111111,1.219111111
1167,339,scene_1.3,scene_1.3_y03,11,16,7,35.965777778,18.05,9.0,90.0,270.0,-20.0,False,False,1.219111111,1.219111111
1168,340,scene_1.3,scene_1.3_y03,11,17,7,37.184888889,18.05,9.0,90.0,270.0,-20.0,False,False,1.219111111,1.219111111
1169,341,scene_1.3,scene_1.3_y03,11,18,7,38.404,18.05,9.0,90.0,270.0,-20.0,False,False,1.219111111,1.219111111
1170,342,scene_1.3,scene_1.3_y03,11,19,7,39.623111111,18.05,9.0,90.0,270.0,-20.0,False,False,1.219111111,1.219111111
1171,343,scene_1.3,scene_1.3_y03,11,20,7,40.842222222,18.05,9.0,90.0,270.0,-20.0,False,False,1.219111111,1.219111111
1172,344,scene_1.3,scene_1.3_y03,11,21,7,42.061333333,18.05,9.0,90.0,270.0,-20.0,False,False,1.219111111,1.219111111
1173,345,scene_1.3,scene_1.3_y03,11,22,7,43.280444444,18.05,9.0,90.0,270.0,-20.0,False,False,1.219111111,1.219111111
1174,346,scene_1.3,scene_1.3_y03,11,23,7,44.499555556,18.05,9.0,90.0,270.0,-20.0,False,False,1.219111111,1.219111111
1175,347,scene_1.3,scene_1.3_y03,11,24,7,45.718666667,18.05,9.0,90.0,270.0,-20.0,False,False,1.219111111,1.219111111
1176,348,scene_1.3,scene_1.3_y03,11,25,7,46.937777778,18.05,9.0,90.0,270.0,-20.0,False,False,1.219111111,1.219111111
1177,349,scene_1.3,scene_1.3_y03,11,26,7,48.156888889,18.05,9.0,90.0,270.0,-20.0,False,False,1.219111111,1.219111111
1178,350,scene_1.3,scene_1.3_y03,11,27,7,49.376,18.05,9.0,90.0,270.0,-20.0,False,False,1.219111111,1.219111111
1179,351,scene_1.3,scene_1.3_y03,11,28,7,50.595111111,18.05,9.0,90.0,270.0,-20.0,False,False,1.219111111,1.219111111
1180,352,scene_1.3,scene_1.3_y03,11,29,7,51.814222222,18.05,9.0,90.0,270.0,-20.0,False,False,1.219111111,1.219111111
1181,353,scene_1.3,scene_1.3_y03,11,30,7,53.033333333,18.05,9.0,90.0,270.0,-20.0,False,False,1.219111111,1.219111111
1182,354,scene_1.3,scene_1.3_y03,11,31,7,54.252444444,18.05,9.0,90.0,270.0,-20.0,False,False,1.219111111,1.219111111
1183,355,scene_1.3,scene_1.3_y03,11,32,7,55.471555556,18.05,9.0,90.0,270.0,-20.0,False,False,1.219111111,1.219111111
1184,356,scene_1.3,scene_1.3_y03,11,33,7,56.690666667,18.05,9.0,90.0,270.0,-20.0,False,False,1.219111111,1.219111111
1185,357,scene_1.3,scene_1.3_y03,11,34,7,57.909777778,18.05,9.0,90.0,270.0,-20.0,False,False,1.219111111,1.219111111
1186,358,scene_1.3,scene_1.3_y03,11,35,7,59.128888889,18.05,9.0,90.0,270.0,-20.0,False,False,1.219111111,1.219111111
1187,359,scene_1.3,scene_1.3_y03,11,36,7,60.348,18.05,9.0,90.0,270.0,-20.0,False,False,1.219111111,1.219111111
1188,360,scene_1.3,scene_1.3_y03,11,37,7,61.567111111,18.05,9.0,90.0,270.0,-20.0,False,False,1.219111111,1.219111111
1189,361,scene_1.3,scene_1.3_y03,11,38,7,62.786222222,18.05,9.0,90.0,270.0,-20.0,False,False,1.219111111,1.219111111
1190,362,scene_1.3,scene_1.3_y03,11,39,7,64.005333333,18.05,9.0,90.0,270.0,-20.0,False,False,1.219111111,1.219111111
1191,363,scene_1.3,scene_1.3_y03,11,40,7,65.224444444,18.05,9.0,90.0,270.0,-20.0,False,False,1.219111111,1.219111111
1192,364,scene_1.3,scene_1.3_y03,11,41,7,66.443555556,18.05,9.0,90.0,270.0,-20.0,False,False,1.219111111,1.219111111
1193,365,scene_1.3,scene_1.3_y03,11,42,7,67.662666667,18.05,9.0,90.0,270.0,-20.0,False,False,1.219111111,1.219111111
1194,366,scene_1.3,scene_1.3_y03,11,43,7,68.881777778,18.05,9.0,90.0,270.0,-20.0,False,False,1.219111111,1.219111111
1195,367,scene_1.3,scene_1.3_y03,11,44,7,70.100888889,18.05,9.0,90.0,270.0,-20.0,False,False,1.219111111,1.219111111
1196,368,scene_1.3,scene_1.3_y03,11,45,7,71.32,18.05,9.0,0.0,180.0,-20.0,False,False,1.219111111,1.77
1197,369,scene_1.3,scene_1.3_y03,11,45,8,71.32,18.05,10.77,270.0,90.0,-20.0,True,False,1.77,1.219111111
1198,370,scene_1.3,scene_1.3_y03,11,44,8,70.100888889,18.05,10.77,270.0,90.0,-20.0,False,False,1.219111111,1.219111111
1199,371,scene_1.3,scene_1.3_y03,11,43,8,68.881777778,18.05,10.77,270.0,90.0,-20.0,False,False,1.219111111,1.219111111
1200,372,scene_1.3,scene_1.3_y03,11,42,8,67.662666667,18.05,10.77,270.0,90.0,-20.0,False,False,1.219111111,1.219111111
1201,373,scene_1.3,scene_1.3_y03,11,41,8,66.443555556,18.05,10.77,270.0,90.0,-20.0,False,False,1.219111111,1.219111111
1202,374,scene_1.3,scene_1.3_y03,11,40,8,65.224444444,18.05,10.77,270.0,90.0,-20.0,False,False,1.219111111,1.219111111
1203,375,scene_1.3,scene_1.3_y03,11,39,8,64.005333333,18.05,10.77,270.0,90.0,-20.0,False,False,1.219111111,1.219111111
1204,376,scene_1.3,scene_1.3_y03,11,38,8,62.786222222,18.05,10.77,270.0,90.0,-20.0,False,False,1.219111111,1.219111111
1205,377,scene_1.3,scene_1.3_y03,11,37,8,61.567111111,18.05,10.77,270.0,90.0,-20.0,False,False,1.219111111,1.219111111
1206,378,scene_1.3,scene_1.3_y03,11,36,8,60.348,18.05,10.77,270.0,90.0,-20.0,True,False,1.219111111,1.219111111
1207,379,scene_1.3,scene_1.3_y03,11,35,8,59.128888889,18.05,10.77,270.0,90.0,-20.0,False,False,1.219111111,1.219111111
1208,380,scene_1.3,scene_1.3_y03,11,34,8,57.909777778,18.05,10.77,270.0,90.0,-20.0,False,False,1.219111111,1.219111111
1209,381,scene_1.3,scene_1.3_y03,11,33,8,56.690666667,18.05,10.77,270.0,90.0,-20.0,False,False,1.219111111,1.219111111
1210,382,scene_1.3,scene_1.3_y03,11,32,8,55.471555556,18.05,10.77,270.0,90.0,-20.0,False,False,1.219111111,1.219111111
1211,383,scene_1.3,scene_1.3_y03,11,31,8,54.252444444,18.05,10.77,270.0,90.0,-20.0,False,False,1.219111111,1.219111111
1212,384,scene_1.3,scene_1.3_y03,11,30,8,53.033333333,18.05,10.77,270.0,90.0,-20.0,False,False,1.219111111,1.219111111
1213,385,scene_1.3,scene_1.3_y03,11,29,8,51.814222222,18.05,10.77,270.0,90.0,-20.0,False,False,1.219111111,1.219111111
1214,386,scene_1.3,scene_1.3_y03,11,28,8,50.595111111,18.05,10.77,270.0,90.0,-20.0,False,False,1.219111111,1.219111111
1215,387,scene_1.3,scene_1.3_y03,11,27,8,49.376,18.05,10.77,270.0,90.0,-20.0,True,False,1.219111111,1.219111111
1216,388,scene_1.3,scene_1.3_y03,11,26,8,48.156888889,18.05,10.77,270.0,90.0,-20.0,False,False,1.219111111,1.219111111
1217,389,scene_1.3,scene_1.3_y03,11,25,8,46.937777778,18.05,10.77,270.0,90.0,-20.0,False,False,1.219111111,1.219111111
1218,390,scene_1.3,scene_1.3_y03,11,24,8,45.718666667,18.05,10.77,270.0,90.0,-20.0,False,False,1.219111111,1.219111111
1219,391,scene_1.3,scene_1.3_y03,11,23,8,44.499555556,18.05,10.77,270.0,90.0,-20.0,False,False,1.219111111,1.219111111
1220,392,scene_1.3,scene_1.3_y03,11,22,8,43.280444444,18.05,10.77,270.0,90.0,-20.0,False,False,1.219111111,1.219111111
1221,393,scene_1.3,scene_1.3_y03,11,21,8,42.061333333,18.05,10.77,270.0,90.0,-20.0,False,False,1.219111111,1.219111111
1222,394,scene_1.3,scene_1.3_y03,11,20,8,40.842222222,18.05,10.77,270.0,90.0,-20.0,False,False,1.219111111,1.219111111
1223,395,scene_1.3,scene_1.3_y03,11,19,8,39.623111111,18.05,10.77,270.0,90.0,-20.0,False,False,1.219111111,1.219111111
1224,396,scene_1.3,scene_1.3_y03,11,18,8,38.404,18.05,10.77,270.0,90.0,-20.0,True,False,1.219111111,1.219111111
1225,397,scene_1.3,scene_1.3_y03,11,17,8,37.184888889,18.05,10.77,270.0,90.0,-20.0,False,False,1.219111111,1.219111111
1226,398,scene_1.3,scene_1.3_y03,11,16,8,35.965777778,18.05,10.77,270.0,90.0,-20.0,False,False,1.219111111,1.219111111
1227,399,scene_1.3,scene_1.3_y03,11,15,8,34.746666667,18.05,10.77,270.0,90.0,-20.0,False,False,1.219111111,1.219111111
1228,400,scene_1.3,scene_1.3_y03,11,14,8,33.527555556,18.05,10.77,270.0,90.0,-20.0,False,False,1.219111111,1.219111111
1229,401,scene_1.3,scene_1.3_y03,11,13,8,32.308444444,18.05,10.77,270.0,90.0,-20.0,False,False,1.219111111,1.219111111
1230,402,scene_1.3,scene_1.3_y03,11,12,8,31.089333333,18.05,10.77,270.0,90.0,-20.0,False,False,1.219111111,1.219111111
1231,403,scene_1.3,scene_1.3_y03,11,11,8,29.870222222,18.05,10.77,270.0,90.0,-20.0,False,False,1.219111111,1.219111111
1232,404,scene_1.3,scene_1.3_y03,11,10,8,28.651111111,18.05,10.77,270.0,90.0,-20.0,False,False,1.219111111,1.219111111
1233,405,scene_1.3,scene_1.3_y03,11,9,8,27.432,18.05,10.77,270.0,90.0,-20.0,True,False,1.219111111,1.219111111
1234,406,scene_1.3,scene_1.3_y03,11,8,8,26.212888889,18.05,10.77,270.0,90.0,-20.0,False,False,1.219111111,1.219111111
1235,407,scene_1.3,scene_1.3_y03,11,7,8,24.993777778,18.05,10.77,270.0,90.0,-20.0,False,False,1.219111111,1.219111111
1236,408,scene_1.3,scene_1.3_y03,11,6,8,23.774666667,18.05,10.77,270.0,90.0,-20.0,False,False,1.219111111,1.219111111
1237,409,scene_1.3,scene_1.3_y03,11,5,8,22.555555556,18.05,10.77,270.0,90.0,-20.0,False,False,1.219111111,1.219111111
1238,410,scene_1.3,scene_1.3_y03,11,4,8,21.336444444,18.05,10.77,270.0,90.0,-20.0,False,False,1.219111111,1.219111111
1239,411,scene_1.3,scene_1.3_y03,11,3,8,20.117333333,18.05,10.77,270.0,90.0,-20.0,False,False,1.219111111,1.219111111
1240,412,scene_1.3,scene_1.3_y03,11,2,8,18.898222222,18.05,10.77,270.0,90.0,-20.0,False,False,1.219111111,1.219111111
1241,413,scene_1.3,scene_1.3_y03,11,1,8,17.679111111,18.05,10.77,270.0,90.0,-20.0,False,False,1.219111111,1.219111111
1242,414,scene_1.3,scene_1.3_y03,11,0,8,16.46,18.05,10.77,270.0,90.0,-20.0,True,False,1.219111111,0.0
