sample_index,point_index,pattern,x,y,z,yaw_degrees,pitch_degrees,fov_degrees
1,1,middle,506.12750582980004,198.77639855714287,111.126591503,0.0,0.0,63.0
2,1,middle,506.12750582980004,198.77639855714287,111.126591503,45.0,0.0,63.0
3,1,middle,506.12750582980004,198.77639855714287,111.126591503,90.0,0.0,63.0
4,1,middle,506.12750582980004,198.77639855714287,111.126591503,135.0,0.0,63.0
5,1,middle,506.12750582980004,198.77639855714287,111.126591503,180.0,0.0,63.0
6,1,middle,506.12750582980004,198.77639855714287,111.126591503,225.0,0.0,63.0
7,1,middle,506.12750582980004,198.77639855714287,111.126591503,270.0,0.0,63.0
8,1,middle,506.12750582980004,198.77639855714287,111.126591503,315.0,0.0,63.0
9,1,upper,506.12750582980004,198.77639855714287,111.126591503,0.0,45.0,63.0
10,1,upper,506.12750582980004,198.77639855714287,111.126591503,60.0,45.0,63.0
11,1,upper,506.12750582980004,198.77639855714287,111.126591503,120.0,45.0,63.0
12,1,upper,506.12750582980004,198.77639855714287,111.126591503,180.0,45.0,63.0
13,1,upper,506.12750582980004,198.77639855714287,111.126591503,240.0,45.0,63.0
14,1,upper,506.12750582980004,198.77639855714287,111.126591503,300.0,45.0,63.0
15,1,lower,506.12750582980004,198.77639855714287,111.126591503,0.0,-45.0,63.0
16,1,lower,506.12750582980004,198.77639855714287,111.126591503,60.0,-45.0,63.0
17,1,lower,506.12750582980004,198.77639855714287,111.126591503,120.0,-45.0,63.0
18,1,lower,506.12750582980004,198.77639855714287,111.126591503,180.0,-45.0,63.0
19,1,lower,506.12750582980004,198.77639855714287,111.126591503,240.0,-45.0,63.0
20,1,lower,506.12750582980004,198.77639855714287,111.126591503,300.0,-45.0,63.0
21,1,ceiling,506.12750582980004,198.77639855714287,111.126591503,0.0,90.0,63.0
22,1,floor,506.12750582980004,198.77639855714287,111.126591503,0.0,-90.0,63.0
23,2,middle,483.3016764726,198.77639855714287,111.126591503,0.0,0.0,63.0
24,2,middle,483.3016764726,198.77639855714287,111.126591503,45.0,0.0,63.0
25,2,middle,483.3016764726,198.77639855714287,111.126591503,90.0,0.0,63.0
26,2,middle,483.3016764726,198.77639855714287,111.126591503,135.0,0.0,63.0
27,2,middle,483.3016764726,198.77639855714287,111.126591503,180.0,0.0,63.0
28,2,middle,483.3016764726,198.77639855714287,111.126591503,225.0,0.0,63.0
29,2,middle,483.3016764726,198.77639855714287,111.126591503,270.0,0.0,63.0
30,2,middle,483.3016764726,198.77639855714287,111.126591503,315.0,0.0,63.0
31,2,upper,483.3016764726,198.77639855714287,111.126591503,0.0,45.0,63.0
32,2,upper,483.3016764726,198.77639855714287,111.126591503,60.0,45.0,63.0
33,2,upper,483.3016764726,198.77639855714287,111.126591503,120.0,45.0,63.0
34,2,upper,483.3016764726,198.77639855714287,111.126591503,180.0,45.0,63.0
35,2,upper,483.3016764726,198.77639855714287,111.126591503,240.0,45.0,63.0
36,2,upper,483.3016764726,198.77639855714287,111.126591503,300.0,45.0,63.0
37,2,lower,483.3016764726,198.77639855714287,111.126591503,0.0,-45.0,63.0
38,2,lower,483.3016764726,198.77639855714287,111.126591503,60.0,-45.0,63.0
39,2,lower,483.3016764726,198.77639855714287,111.126591503,120.0,-45.0,63.0
40,2,lower,483.3016764726,198.77639855714287,111.126591503,180.0,-45.0,63.0
41,2,lower,483.3016764726,198.77639855714287,111.126591503,240.0,-45.0,63.0
42,2,lower,483.3016764726,198.77639855714287,111.126591503,300.0,-45.0,63.0
43,2,ceiling,483.3016764726,198.77639855714287,111.126591503,0.0,90.0,63.0
44,2,floor,483.3016764726,198.77639855714287,111.126591503,0.0,-90.0,63.0
45,3,middle,460.47584711540003,198.77639855714287,111.126591503,0.0,0.0,63.0
46,3,middle,460.47584711540003,198.77639855714287,111.126591503,45.0,0.0,63.0
47,3,middle,460.47584711540003,198.77639855714287,111.126591503,90.0,0.0,63.0
48,3,middle,460.47584711540003,198.77639855714287,111.126591503,135.0,0.0,63.0
49,3,middle,460.47584711540003,198.77639855714287,111.126591503,180.0,0.0,63.0
50,3,middle,460.47584711540003,198.77639855714287,111.126591503,225.0,0.0,63.0
51,3,middle,460.47584711540003,198.77639855714287,111.126591503,270.0,0.0,63.0
52,3,middle,460.47584711540003,198.77639855714287,111.126591503,315.0,0.0,63.0
53,3,upper,460.47584711540003,198.77639855714287,111.126591503,0.0,45.0,63.0
54,3,upper,460.47584711540003,198.77639855714287,111.126591503,60.0,45.0,63.0
55,3,upper,460.47584711540003,198.77639855714287,111.126591503,120.0,45.0,63.0
56,3,upper,460.47584711540003,198.77639855714287,111.126591503,180.0,45.0,63.0
57,3,upper,460.47584711540003,198.77639855714287,111.126591503,240.0,45.0,63.0
58,3,upper,460.47584711540003,198.77639855714287,111.126591503,300.0,45.0,63.0
59,3,lower,460.47584711540003,198.77639855714287,111.126591503,0.0,-45.0,63.0
60,3,lower,460.47584711540003,198.77639855714287,111.126591503,60.0,-45.0,63.0
61,3,lower,460.47584711540003,198.77639855714287,111.126591503,120.0,-45.0,63.0
62,3,lower,460.47584711540003,198.77639855714287,111.126591503,180.0,-45.0,63.0
63,3,lower,460.47584711540003,198.77639855714287,111.126591503,240.0,-45.0,63.0
64,3,lower,460.47584711540003,198.77639855714287,111.126591503,300.0,-45.0,63.0
65,3,ceiling,460.47584711540003,198.77639855714287,111.126591503,0.0,90.0,63.0
66,3,floor,460.47584711540003,198.77639855714287,111.126591503,0.0,-90.0,63.0
67,4,middle,460.47584711540003,221.03460551828573,111.126591503,0.0,0.0,63.0
68,4,middle,460.47584711540003,221.03460551828573,111.126591503,45.0,0.0,63.0
69,4,middle,460.47584711540003,221.03460551828573,111.126591503,90.0,0.0,63.0
70,4,middle,460.47584711540003,221.03460551828573,111.126591503,135.0,0.0,63.0
71,4,middle,460.47584711540003,221.03460551828573,111.126591503,180.0,0.0,63.0
72,4,middle,460.47584711540003,221.03460551828573,111.126591503,225.0,0.0,63.0
73,4,middle,460.47584711540003,221.03460551828573,111.126591503,270.0,0.0,63.0
74,4,middle,460.47584711540003,221.03460551828573,111.126591503,315.0,0.0,63.0
75,4,upper,460.47584711540003,221.03460551828573,111.126591503,0.0,45.0,63.0
76,4,upper,460.47584711540003,221.03460551828573,111.126591503,60.0,45.0,63.0
77,4,upper,460.47584711540003,221.03460551828573,111.126591503,120.0,45.0,63.0
78,4,upper,460.47584711540003,221.03460551828573,111.126591503,180.0,45.0,63.0
79,4,upper,460.47584711540003,221.03460551828573,111.126591503,240.0,45.0,63.0
80,4,upper,460.47584711540003,221.03460551828573,111.126591503,300.0,45.0,63.0
81,4,lower,460.47584711540003,221.03460551828573,111.126591503,0.0,-45.0,63.0
82,4,lower,460.47584711540003,221.03460551828573,111.126591503,60.0,-45.0,63.0
83,4,lower,460.47584711540003,221.03460551828573,111.126591503,120.0,-45.0,63.0
84,4,lower,460.47584711540003,221.03460551828573,111.126591503,180.0,-45.0,63.0
85,4,lower,460.47584711540003,221.03460551828573,111.126591503,240.0,-45.0,63.0
86,4,lower,460.47584711540003,221.03460551828573,111.126591503,300.0,-45.0,63.0
87,4,ceiling,460.47584711540003,221.03460551828573,111.126591503,0.0,90.0,63.0
88,4,floor,460.47584711540003,221.03460551828573,111.126591503,0.0,-90.0,63.0
89,5,middle,483.3016764726,221.03460551828573,111.126591503,0.0,0.0,63.0
90,5,middle,483.3016764726,221.03460551828573,111.126591503,45.0,0.0,63.0
91,5,middle,483.3016764726,221.03460551828573,111.126591503,90.0,0.0,63.0
92,5,middle,483.3016764726,221.03460551828573,111.126591503,135.0,0.0,63.0
93,5,middle,483.3016764726,221.03460551828573,111.126591503,180.0,0.0,63.0
94,5,middle,483.3016764726,221.03460551828573,111.126591503,225.0,0.0,63.0
95,5,middle,483.3016764726,221.03460551828573,111.126591503,270.0,0.0,63.0
96,5,middle,483.3016764726,221.03460551828573,111.126591503,315.0,0.0,63.0
97,5,upper,483.3016764726,221.03460551828573,111.126591503,0.0,45.0,63.0
98,5,upper,483.3016764726,221.03460551828573,111.126591503,60.0,45.0,63.0
99,5,upper,483.3016764726,221.03460551828573,111.126591503,120.0,45.0,63.0
100,5,upper,483.3016764726,221.03460551828573,111.126591503,180.0,45.0,63.0
101,5,upper,483.3016764726,221.03460551828573,111.126591503,240.0,45.0,63.0
102,5,upper,483.3016764726,221.03460551828573,111.126591503,300.0,45.0,63.0
103,5,lower,483.3016764726,221.03460551828573,111.126591503,0.0,-45.0,63.0
104,5,lower,483.3016764726,221.03460551828573,111.126591503,60.0,-45.0,63.0
105,5,lower,483.3016764726,221.03460551828573,111.126591503,120.0,-45.0,63.0
106,5,lower,483.3016764726,221.03460551828573,111.126591503,180.0,-45.0,63.0
107,5,lower,483.3016764726,221.03460551828573,111.126591503,240.0,-45.0,63.0
108,5,lower,483.3016764726,221.03460551828573,111.126591503,300.0,-45.0,63.0
109,5,ceiling,483.3016764726,221.03460551828573,111.126591503,0.0,90.0,63.0
110,5,floor,483.3016764726,221.03460551828573,111.126591503,0.0,-90.0,63.0
111,6,middle,506.12750582980004,221.03460551828573,111.126591503,0.0,0.0,63.0
112,6,middle,506.12750582980004,221.03460551828573,111.126591503,45.0,0.0,63.0
113,6,middle,506.12750582980004,221.03460551828573,111.126591503,90.0,0.0,63.0
114,6,middle,506.12750582980004,221.03460551828573,111.126591503,135.0,0.0,63.0
115,6,middle,506.12750582980004,221.03460551828573,111.126591503,180.0,0.0,63.0
116,6,middle,506.12750582980004,221.03460551828573,111.126591503,225.0,0.0,63.0
117,6,middle,506.12750582980004,221.03460551828573,111.126591503,270.0,0.0,63.0
118,6,middle,506.12750582980004,221.03460551828573,111.126591503,315.0,0.0,63.0
119,6,upper,506.12750582980004,221.03460551828573,111.126591503,0.0,45.0,63.0
120,6,upper,506.12750582980004,221.03460551828573,111.126591503,60.0,45.0,63.0
121,6,upper,506.12750582980004,221.03460551828573,111.126591503,120.0,45.0,63.0
122,6,upper,506.12750582980004,221.03460551828573,111.126591503,180.0,45.0,63.0
123,6,upper,506.12750582980004,221.03460551828573,111.126591503,240.0,45.0,63.0
124,6,upper,506.12750582980004,221.03460551828573,111.126591503,300.0,45.0,63.0
125,6,lower,506.12750582980004,221.03460551828573,111.126591503,0.0,-45.0,63.0
126,6,lower,506.12750582980004,221.03460551828573,111.126591503,60.0,-45.0,63.0
127,6,lower,506.12750582980004,221.03460551828573,111.126591503,120.0,-45.0,63.0
128,6,lower,506.12750582980004,221.03460551828573,111.126591503,180.0,-45.0,63.0
129,6,lower,506.12750582980004,221.03460551828573,111.126591503,240.0,-45.0,63.0
130,6,lower,506.12750582980004,221.03460551828573,111.126591503,300.0,-45.0,63.0
131,6,ceiling,506.12750582980004,221.03460551828573,111.126591503,0.0,90.0,63.0
132,6,floor,506.12750582980004,221.03460551828573,111.126591503,0.0,-90.0,63.0
133,7,middle,483.3016764726,243.29281247942856,111.126591503,0.0,0.0,63.0
134,7,middle,483.3016764726,243.29281247942856,111.126591503,45.0,0.0,63.0
135,7,middle,483.3016764726,243.29281247942856,111.126591503,90.0,0.0,63.0
136,7,middle,483.3016764726,243.29281247942856,111.126591503,135.0,0.0,63.0
137,7,middle,483.3016764726,243.29281247942856,111.126591503,180.0,0.0,63.0
138,7,middle,483.3016764726,243.29281247942856,111.126591503,225.0,0.0,63.0
139,7,middle,483.3016764726,243.29281247942856,111.126591503,270.0,0.0,63.0
140,7,middle,483.3016764726,243.29281247942856,111.126591503,315.0,0.0,63.0
141,7,upper,483.3016764726,243.29281247942856,111.126591503,0.0,45.0,63.0
142,7,upper,483.3016764726,243.29281247942856,111.126591503,60.0,45.0,63.0
143,7,upper,483.3016764726,243.29281247942856,111.126591503,120.0,45.0,63.0
144,7,upper,483.3016764726,243.29281247942856,111.126591503,180.0,45.0,63.0
145,7,upper,483.3016764726,243.29281247942856,111.126591503,240.0,45.0,63.0
146,7,upper,483.3016764726,243.29281247942856,111.126591503,300.0,45.0,63.0
147,7,lower,483.3016764726,243.29281247942856,111.126591503,0.0,-45.0,63.0
148,7,lower,483.3016764726,243.29281247942856,111.126591503,60.0,-45.0,63.0
149,7,lower,483.3016764726,243.29281247942856,111.126591503,120.0,-45.0,63.0
150,7,lower,483.3016764726,243.29281247942856,111.126591503,180.0,-45.0,63.0
151,7,lower,483.3016764726,243.29281247942856,111.126591503,240.0,-45.0,63.0
152,7,lower,483.3016764726,243.29281247942856,111.126591503,300.0,-45.0,63.0
153,7,ceiling,483.3016764726,243.29281247942856,111.126591503,0.0,90.0,63.0
154,7,floor,483.3016764726,243.29281247942856,111.126591503,0.0,-90.0,63.0
155,8,middle,460.47584711540003,243.29281247942856,111.126591503,0.0,0.0,63.0
156,8,middle,460.47584711540003,243.29281247942856,111.126591503,45.0,0.0,63.0
157,8,middle,460.47584711540003,243.29281247942856,111.126591503,90.0,0.0,63.0
158,8,middle,460.47584711540003,243.29281247942856,111.126591503,135.0,0.0,63.0
159,8,middle,460.47584711540003,243.29281247942856,111.126591503,180.0,0.0,63.0
160,8,middle,460.47584711540003,243.29281247942856,111.126591503,225.0,0.0,63.0
161,8,middle,460.47584711540003,243.29281247942856,111.126591503,270.0,0.0,63.0
162,8,middle,460.47584711540003,243.29281247942856,111.126591503,315.0,0.0,63.0
163,8,upper,460.47584711540003,243.29281247942856,111.126591503,0.0,45.0,63.0
164,8,upper,460.47584711540003,243.29281247942856,111.126591503,60.0,45.0,63.0
165,8,upper,460.47584711540003,243.29281247942856,111.126591503,120.0,45.0,63.0
166,8,upper,460.47584711540003,243.29281247942856,111.126591503,180.0,45.0,63.0
167,8,upper,460.47584711540003,243.29281247942856,111.126591503,240.0,45.0,63.0
168,8,upper,460.47584711540003,243.29281247942856,111.126591503,300.0,45.0,63.0
169,8,lower,460.47584711540003,243.29281247942856,111.126591503,0.0,-45.0,63.0
170,8,lower,460.47584711540003,243.29281247942856,111.126591503,60.0,-45.0,63.0
171,8,lower,460.47584711540003,243.29281247942856,111.126591503,120.0,-45.0,63.0
172,8,lower,460.47584711540003,243.29281247942856,111.126591503,180.0,-45.0,63.0
173,8,lower,460.47584711540003,243.29281247942856,111.126591503,240.0,-45.0,63.0
174,8,lower,460.47584711540003,243.29281247942856,111.126591503,300.0,-45.0,63.0
175,8,ceiling,460.47584711540003,243.29281247942856,111.126591503,0.0,90.0,63.0
176,8,floor,460.47584711540003,243.29281247942856,111.126591503,0.0,-90.0,63.0
177,9,middle,437.65001775819997,243.29281247942856,111.126591503,0.0,0.0,63.0
178,9,middle,437.65001775819997,243.29281247942856,111.126591503,45.0,0.0,63.0
179,9,middle,437.65001775819997,243.29281247942856,111.126591503,90.0,0.0,63.0
180,9,middle,437.65001775819997,243.29281247942856,111.126591503,135.0,0.0,63.0
181,9,middle,437.65001775819997,243.29281247942856,111.126591503,180.0,0.0,63.0
182,9,middle,437.65001775819997,243.29281247942856,111.126591503,225.0,0.0,63.0
183,9,middle,437.65001775819997,243.29281247942856,111.126591503,270.0,0.0,63.0
184,9,middle,437.65001775819997,243.29281247942856,111.126591503,315.0,0.0,63.0
185,9,upper,437.65001775819997,243.29281247942856,111.126591503,0.0,45.0,63.0
186,9,upper,437.65001775819997,243.29281247942856,111.126591503,60.0,45.0,63.0
187,9,upper,437.65001775819997,243.29281247942856,111.126591503,120.0,45.0,63.0
188,9,upper,437.65001775819997,243.29281247942856,111.126591503,180.0,45.0,63.0
189,9,upper,437.65001775819997,243.29281247942856,111.126591503,240.0,45.0,63.0
190,9,upper,437.65001775819997,243.29281247942856,111.126591503,300.0,45.0,63.0
191,9,lower,437.65001775819997,243.29281247942856,111.126591503,0.0,-45.0,63.0
192,9,lower,437.65001775819997,243.29281247942856,111.126591503,60.0,-45.0,63.0
193,9,lower,437.65001775819997,243.29281247942856,111.126591503,120.0,-45.0,63.0
194,9,lower,437.65001775819997,243.29281247942856,111.126591503,180.0,-45.0,63.0
195,9,lower,437.65001775819997,243.29281247942856,111.126591503,240.0,-45.0,63.0
196,9,lower,437.65001775819997,243.29281247942856,111.126591503,300.0,-45.0,63.0
197,9,ceiling,437.65001775819997,243.29281247942856,111.126591503,0.0,90.0,63.0
198,9,floor,437.65001775819997,243.29281247942856,111.126591503,0.0,-90.0,63.0
199,10,middle,437.65001775819997,265.55101944057145,111.126591503,0.0,0.0,63.0
200,10,middle,437.65001775819997,265.55101944057145,111.126591503,45.0,0.0,63.0
201,10,middle,437.65001775819997,265.55101944057145,111.126591503,90.0,0.0,63.0
202,10,middle,437.65001775819997,265.55101944057145,111.126591503,135.0,0.0,63.0
203,10,middle,437.65001775819997,265.55101944057145,111.126591503,180.0,0.0,63.0
204,10,middle,437.65001775819997,265.55101944057145,111.126591503,225.0,0.0,63.0
205,10,middle,437.65001775819997,265.55101944057145,111.126591503,270.0,0.0,63.0
206,10,middle,437.65001775819997,265.55101944057145,111.126591503,315.0,0.0,63.0
207,10,upper,437.65001775819997,265.55101944057145,111.126591503,0.0,45.0,63.0
208,10,upper,437.65001775819997,265.55101944057145,111.126591503,60.0,45.0,63.0
209,10,upper,437.65001775819997,265.55101944057145,111.126591503,120.0,45.0,63.0
210,10,upper,437.65001775819997,265.55101944057145,111.126591503,180.0,45.0,63.0
211,10,upper,437.65001775819997,265.55101944057145,111.126591503,240.0,45.0,63.0
212,10,upper,437.65001775819997,265.55101944057145,111.126591503,300.0,45.0,63.0
213,10,lower,437.65001775819997,265.55101944057145,111.126591503,0.0,-45.0,63.0
214,10,lower,437.65001775819997,265.55101944057145,111.126591503,60.0,-45.0,63.0
215,10,lower,437.65001775819997,265.55101944057145,111.126591503,120.0,-45.0,63.0
216,10,lower,437.65001775819997,265.55101944057145,111.126591503,180.0,-45.0,63.0
217,10,lower,437.65001775819997,265.55101944057145,111.126591503,240.0,-45.0,63.0
218,10,lower,437.65001775819997,265.55101944057145,111.126591503,300.0,-45.0,63.0
219,10,ceiling,437.65001775819997,265.55101944057145,111.126591503,0.0,90.0,63.0
220,10,floor,437.65001775819997,265.55101944057145,111.126591503,0.0,-90.0,63.0
221,11,middle,460.47584711540003,265.55101944057145,111.126591503,0.0,0.0,63.0
222,11,middle,460.47584711540003,265.55101944057145,111.126591503,45.0,0.0,63.0
223,11,middle,460.47584711540003,265.55101944057145,111.126591503,90.0,0.0,63.0
224,11,middle,460.47584711540003,265.55101944057145,111.126591503,135.0,0.0,63.0
225,11,middle,460.47584711540003,265.55101944057145,111.126591503,180.0,0.0,63.0
226,11,middle,460.47584711540003,265.55101944057145,111.126591503,225.0,0.0,63.0
227,11,middle,460.47584711540003,265.55101944057145,111.126591503,270.0,0.0,63.0
228,11,middle,460.47584711540003,265.55101944057145,111.126591503,315.0,0.0,63.0
229,11,upper,460.47584711540003,265.55101944057145,111.126591503,0.0,45.0,63.0
230,11,upper,460.47584711540003,265.55101944057145,111.126591503,60.0,45.0,63.0
231,11,upper,460.47584711540003,265.55101944057145,111.126591503,120.0,45.0,63.0
232,11,upper,460.47584711540003,265.55101944057145,111.126591503,180.0,45.0,63.0
233,11,upper,460.47584711540003,265.55101944057145,111.126591503,240.0,45.0,63.0
234,11,upper,460.47584711540003,265.55101944057145,111.126591503,300.0,45.0,63.0
235,11,lower,460.47584711540003,265.55101944057145,111.126591503,0.0,-45.0,63.0
236,11,lower,460.47584711540003,265.55101944057145,111.126591503,60.0,-45.0,63.0
237,11,lower,460.47584711540003,265.55101944057145,111.126591503,120.0,-45.0,63.0
238,11,lower,460.47584711540003,265.55101944057145,111.126591503,180.0,-45.0,63.0
239,11,lower,460.47584711540003,265.55101944057145,111.126591503,240.0,-45.0,63.0
240,11,lower,460.47584711540003,265.55101944057145,111.126591503,300.0,-45.0,63.0
241,11,ceiling,460.47584711540003,265.55101944057145,111.126591503,0.0,90.0,63.0
242,11,floor,460.47584711540003,265.55101944057145,111.126591503,0.0,-90.0,63.0
243,12,middle,483.3016764726,265.55101944057145,111.126591503,0.0,0.0,63.0
244,12,middle,483.3016764726,265.55101944057145,111.126591503,45.0,0.0,63.0
245,12,middle,483.3016764726,265.55101944057145,111.126591503,90.0,0.0,63.0
246,12,middle,483.3016764726,265.55101944057145,111.126591503,135.0,0.0,63.0
247,12,middle,483.3016764726,265.55101944057145,111.126591503,180.0,0.0,63.0
248,12,middle,483.3016764726,265.55101944057145,111.126591503,225.0,0.0,63.0
249,12,middle,483.3016764726,265.55101944057145,111.126591503,270.0,0.0,63.0
250,12,middle,483.3016764726,265.55101944057145,111.126591503,315.0,0.0,63.0
251,12,upper,483.3016764726,265.55101944057145,111.126591503,0.0,45.0,63.0
252,12,upper,483.3016764726,265.55101944057145,111.126591503,60.0,45.0,63.0
253,12,upper,483.3016764726,265.55101944057145,111.126591503,120.0,45.0,63.0
254,12,upper,483.3016764726,265.55101944057145,111.126591503,180.0,45.0,63.0
255,12,upper,483.3016764726,265.55101944057145,111.126591503,240.0,45.0,63.0
256,12,upper,483.3016764726,265.55101944057145,111.126591503,300.0,45.0,63.0
257,12,lower,483.3016764726,265.55101944057145,111.126591503,0.0,-45.0,63.0
258,12,lower,483.3016764726,265.55101944057145,111.126591503,60.0,-45.0,63.0
259,12,lower,483.3016764726,265.55101944057145,111.126591503,120.0,-45.0,63.0
260,12,lower,483.3016764726,265.55101944057145,111.126591503,180.0,-45.0,63.0
261,12,lower,483.3016764726,265.55101944057145,111.126591503,240.0,-45.0,63.0
262,12,lower,483.3016764726,265.55101944057145,111.126591503,300.0,-45.0,63.0
263,12,ceiling,483.3016764726,265.55101944057145,111.126591503,0.0,90.0,63.0
264,12,floor,483.3016764726,265.55101944057145,111.126591503,0.0,-90.0,63.0
265,13,middle,460.47584711540003,287.8092264017143,111.126591503,0.0,0.0,63.0
266,13,middle,460.47584711540003,287.8092264017143,111.126591503,45.0,0.0,63.0
267,13,middle,460.47584711540003,287.8092264017143,111.126591503,90.0,0.0,63.0
268,13,middle,460.47584711540003,287.8092264017143,111.126591503,135.0,0.0,63.0
269,13,middle,460.47584711540003,287.8092264017143,111.126591503,180.0,0.0,63.0
270,13,middle,460.47584711540003,287.8092264017143,111.126591503,225.0,0.0,63.0
271,13,middle,460.47584711540003,287.8092264017143,111.126591503,270.0,0.0,63.0
272,13,middle,460.47584711540003,287.8092264017143,111.126591503,315.0,0.0,63.0
273,13,upper,460.47584711540003,287.8092264017143,111.126591503,0.0,45.0,63.0
274,13,upper,460.47584711540003,287.8092264017143,111.126591503,60.0,45.0,63.0
275,13,upper,460.47584711540003,287.8092264017143,111.126591503,120.0,45.0,63.0
276,13,upper,460.47584711540003,287.8092264017143,111.126591503,180.0,45.0,63.0
277,13,upper,460.47584711540003,287.8092264017143,111.126591503,240.0,45.0,63.0
278,13,upper,460.47584711540003,287.8092264017143,111.126591503,300.0,45.0,63.0
279,13,lower,460.47584711540003,287.8092264017143,111.126591503,0.0,-45.0,63.0
280,13,lower,460.47584711540003,287.8092264017143,111.126591503,60.0,-45.0,63.0
281,13,lower,460.47584711540003,287.8092264017143,111.126591503,120.0,-45.0,63.0
282,13,lower,460.47584711540003,287.8092264017143,111.126591503,180.0,-45.0,63.0
283,13,lower,460.47584711540003,287.8092264017143,111.126591503,240.0,-45.0,63.0
284,13,lower,460.47584711540003,287.8092264017143,111.126591503,300.0,-45.0,63.0
285,13,ceiling,460.47584711540003,287.8092264017143,111.126591503,0.0,90.0,63.0
286,13,floor,460.47584711540003,287.8092264017143,111.126591503,0.0,-90.0,63.0
287,14,middle,437.65001775819997,287.8092264017143,111.126591503,0.0,0.0,63.0
288,14,middle,437.65001775819997,287.8092264017143,111.126591503,45.0,0.0,63.0
289,14,middle,437.65001775819997,287.8092264017143,111.126591503,90.0,0.0,63.0
290,14,middle,437.65001775819997,287.8092264017143,111.126591503,135.0,0.0,63.0
291,14,middle,437.65001775819997,287.8092264017143,111.126591503,180.0,0.0,63.0
292,14,middle,437.65001775819997,287.8092264017143,111.126591503,225.0,0.0,63.0
293,14,middle,437.65001775819997,287.8092264017143,111.126591503,270.0,0.0,63.0
294,14,middle,437.65001775819997,287.8092264017143,111.126591503,315.0,0.0,63.0
295,14,upper,437.65001775819997,287.8092264017143,111.126591503,0.0,45.0,63.0
296,14,upper,437.65001775819997,287.8092264017143,111.126591503,60.0,45.0,63.0
297,14,upper,437.65001775819997,287.8092264017143,111.126591503,120.0,45.0,63.0
298,14,upper,437.65001775819997,287.8092264017143,111.126591503,180.0,45.0,63.0
299,14,upper,437.65001775819997,287.8092264017143,111.126591503,240.0,45.0,63.0
300,14,upper,437.65001775819997,287.8092264017143,111.126591503,300.0,45.0,63.0
301,14,lower,437.65001775819997,287.8092264017143,111.126591503,0.0,-45.0,63.0
302,14,lower,437.65001775819997,287.8092264017143,111.126591503,60.0,-45.0,63.0
303,14,lower,437.65001775819997,287.8092264017143,111.126591503,120.0,-45.0,63.0
304,14,lower,437.65001775819997,287.8092264017143,111.126591503,180.0,-45.0,63.0
305,14,lower,437.65001775819997,287.8092264017143,111.126591503,240.0,-45.0,63.0
306,14,lower,437.65001775819997,287.8092264017143,111.126591503,300.0,-45.0,63.0
307,14,ceiling,437.65001775819997,287.8092264017143,111.126591503,0.0,90.0,63.0
308,14,floor,437.65001775819997,287.8092264017143,111.126591503,0.0,-90.0,63.0
309,15,middle,414.824188401,287.8092264017143,111.126591503,0.0,0.0,63.0
310,15,middle,414.824188401,287.8092264017143,111.126591503,45.0,0.0,63.0
311,15,middle,414.824188401,287.8092264017143,111.126591503,90.0,0.0,63.0
312,15,middle,414.824188401,287.8092264017143,111.126591503,135.0,0.0,63.0
313,15,middle,414.824188401,287.8092264017143,111.126591503,180.0,0.0,63.0
314,15,middle,414.824188401,287.8092264017143,111.126591503,225.0,0.0,63.0
315,15,middle,414.824188401,287.8092264017143,111.126591503,270.0,0.0,63.0
316,15,middle,414.824188401,287.8092264017143,111.126591503,315.0,0.0,63.0
317,15,upper,414.824188401,287.8092264017143,111.126591503,0.0,45.0,63.0
318,15,upper,414.824188401,287.8092264017143,111.126591503,60.0,45.0,63.0
319,15,upper,414.824188401,287.8092264017143,111.126591503,120.0,45.0,63.0
320,15,upper,414.824188401,287.8092264017143,111.126591503,180.0,45.0,63.0
321,15,upper,414.824188401,287.8092264017143,111.126591503,240.0,45.0,63.0
322,15,upper,414.824188401,287.8092264017143,111.126591503,300.0,45.0,63.0
323,15,lower,414.824188401,287.8092264017143,111.126591503,0.0,-45.0,63.0
324,15,lower,414.824188401,287.8092264017143,111.126591503,60.0,-45.0,63.0
325,15,lower,414.824188401,287.8092264017143,111.126591503,120.0,-45.0,63.0
326,15,lower,414.824188401,287.8092264017143,111.126591503,180.0,-45.0,63.0
327,15,lower,414.824188401,287.8092264017143,111.126591503,240.0,-45.0,63.0
328,15,lower,414.824188401,287.8092264017143,111.126591503,300.0,-45.0,63.0
329,15,ceiling,414.824188401,287.8092264017143,111.126591503,0.0,90.0,63.0
330,15,floor,414.824188401,287.8092264017143,111.126591503,0.0,-90.0,63.0
331,16,middle,414.824188401,310.0674333628572,111.126591503,0.0,0.0,63.0
332,16,middle,414.824188401,310.0674333628572,111.126591503,45.0,0.0,63.0
333,16,middle,414.824188401,310.0674333628572,111.126591503,90.0,0.0,63.0
334,16,middle,414.824188401,310.0674333628572,111.126591503,135.0,0.0,63.0
335,16,middle,414.824188401,310.0674333628572,111.126591503,180.0,0.0,63.0
336,16,middle,414.824188401,310.0674333628572,111.126591503,225.0,0.0,63.0
337,16,middle,414.824188401,310.0674333628572,111.126591503,270.0,0.0,63.0
338,16,middle,414.824188401,310.0674333628572,111.126591503,315.0,0.0,63.0
339,16,upper,414.824188401,310.0674333628572,111.126591503,0.0,45.0,63.0
340,16,upper,414.824188401,310.0674333628572,111.126591503,60.0,45.0,63.0
341,16,upper,414.824188401,310.0674333628572,111.126591503,120.0,45.0,63.0
342,16,upper,414.824188401,310.0674333628572,111.126591503,180.0,45.0,63.0
343,16,upper,414.824188401,310.0674333628572,111.126591503,240.0,45.0,63.0
344,16,upper,414.824188401,310.0674333628572,111.126591503,300.0,45.0,63.0
345,16,lower,414.824188401,310.0674333628572,111.126591503,0.0,-45.0,63.0
346,16,lower,414.824188401,310.0674333628572,111.126591503,60.0,-45.0,63.0
347,16,lower,414.824188401,310.0674333628572,111.126591503,120.0,-45.0,63.0
348,16,lower,414.824188401,310.0674333628572,111.126591503,180.0,-45.0,63.0
349,16,lower,414.824188401,310.0674333628572,111.126591503,240.0,-45.0,63.0
350,16,lower,414.824188401,310.0674333628572,111.126591503,300.0,-45.0,63.0
351,16,ceiling,414.824188401,310.0674333628572,111.126591503,0.0,90.0,63.0
352,16,floor,414.824188401,310.0674333628572,111.126591503,0.0,-90.0,63.0
353,17,middle,437.65001775819997,310.0674333628572,111.126591503,0.0,0.0,63.0
354,17,middle,437.65001775819997,310.0674333628572,111.126591503,45.0,0.0,63.0
355,17,middle,437.65001775819997,310.0674333628572,111.126591503,90.0,0.0,63.0
356,17,middle,437.65001775819997,310.0674333628572,111.126591503,135.0,0.0,63.0
357,17,middle,437.65001775819997,310.0674333628572,111.126591503,180.0,0.0,63.0
358,17,middle,437.65001775819997,310.0674333628572,111.126591503,225.0,0.0,63.0
359,17,middle,437.65001775819997,310.0674333628572,111.126591503,270.0,0.0,63.0
360,17,middle,437.65001775819997,310.0674333628572,111.126591503,315.0,0.0,63.0
361,17,upper,437.65001775819997,310.0674333628572,111.126591503,0.0,45.0,63.0
362,17,upper,437.65001775819997,310.0674333628572,111.126591503,60.0,45.0,63.0
363,17,upper,437.65001775819997,310.0674333628572,111.126591503,120.0,45.0,63.0
364,17,upper,437.65001775819997,310.0674333628572,111.126591503,180.0,45.0,63.0
365,17,upper,437.65001775819997,310.0674333628572,111.126591503,240.0,45.0,63.0
366,17,upper,437.65001775819997,310.0674333628572,111.126591503,300.0,45.0,63.0
367,17,lower,437.65001775819997,310.0674333628572,111.126591503,0.0,-45.0,63.0
368,17,lower,437.65001775819997,310.0674333628572,111.126591503,60.0,-45.0,63.0
369,17,lower,437.65001775819997,310.0674333628572,111.126591503,120.0,-45.0,63.0
370,17,lower,437.65001775819997,310.0674333628572,111.126591503,180.0,-45.0,63.0
371,17,lower,437.65001775819997,310.0674333628572,111.126591503,240.0,-45.0,63.0
372,17,lower,437.65001775819997,310.0674333628572,111.126591503,300.0,-45.0,63.0
373,17,ceiling,437.65001775819997,310.0674333628572,111.126591503,0.0,90.0,63.0
374,17,floor,437.65001775819997,310.0674333628572,111.126591503,0.0,-90.0,63.0
375,18,middle,460.47584711540003,310.0674333628572,118.0484301085,0.0,0.0,63.0
376,18,middle,460.47584711540003,310.0674333628572,118.0484301085,45.0,0.0,63.0
377,18,middle,460.47584711540003,310.0674333628572,118.0484301085,90.0,0.0,63.0
378,18,middle,460.47584711540003,310.0674333628572,118.0484301085,135.0,0.0,63.0
379,18,middle,460.47584711540003,310.0674333628572,118.0484301085,180.0,0.0,63.0
380,18,middle,460.47584711540003,310.0674333628572,118.0484301085,225.0,0.0,63.0
381,18,middle,460.47584711540003,310.0674333628572,118.0484301085,270.0,0.0,63.0
382,18,middle,460.47584711540003,310.0674333628572,118.0484301085,315.0,0.0,63.0
383,18,upper,460.47584711540003,310.0674333628572,118.0484301085,0.0,45.0,63.0
384,18,upper,460.47584711540003,310.0674333628572,118.0484301085,60.0,45.0,63.0
385,18,upper,460.47584711540003,310.0674333628572,118.0484301085,120.0,45.0,63.0
386,18,upper,460.47584711540003,310.0674333628572,118.0484301085,180.0,45.0,63.0
387,18,upper,460.47584711540003,310.0674333628572,118.0484301085,240.0,45.0,63.0
388,18,upper,460.47584711540003,310.0674333628572,118.0484301085,300.0,45.0,63.0
389,18,lower,460.47584711540003,310.0674333628572,118.0484301085,0.0,-45.0,63.0
390,18,lower,460.47584711540003,310.0674333628572,118.0484301085,60.0,-45.0,63.0
391,18,lower,460.47584711540003,310.0674333628572,118.0484301085,120.0,-45.0,63.0
392,18,lower,460.47584711540003,310.0674333628572,118.0484301085,180.0,-45.0,63.0
393,18,lower,460.47584711540003,310.0674333628572,118.0484301085,240.0,-45.0,63.0
394,18,lower,460.47584711540003,310.0674333628572,118.0484301085,300.0,-45.0,63.0
395,18,ceiling,460.47584711540003,310.0674333628572,118.0484301085,0.0,90.0,63.0
396,18,floor,460.47584711540003,310.0674333628572,118.0484301085,0.0,-90.0,63.0
397,19,middle,437.65001775819997,310.0674333628572,118.0484301085,0.0,0.0,63.0
398,19,middle,437.65001775819997,310.0674333628572,118.0484301085,45.0,0.0,63.0
399,19,middle,437.65001775819997,310.0674333628572,118.0484301085,90.0,0.0,63.0
400,19,middle,437.65001775819997,310.0674333628572,118.0484301085,135.0,0.0,63.0
401,19,middle,437.65001775819997,310.0674333628572,118.0484301085,180.0,0.0,63.0
402,19,middle,437.65001775819997,310.0674333628572,118.0484301085,225.0,0.0,63.0
403,19,middle,437.65001775819997,310.0674333628572,118.0484301085,270.0,0.0,63.0
404,19,middle,437.65001775819997,310.0674333628572,118.0484301085,315.0,0.0,63.0
405,19,upper,437.65001775819997,310.0674333628572,118.0484301085,0.0,45.0,63.0
406,19,upper,437.65001775819997,310.0674333628572,118.0484301085,60.0,45.0,63.0
407,19,upper,437.65001775819997,310.0674333628572,118.0484301085,120.0,45.0,63.0
408,19,upper,437.65001775819997,310.0674333628572,118.0484301085,180.0,45.0,63.0
409,19,upper,437.65001775819997,310.0674333628572,118.0484301085,240.0,45.0,63.0
410,19,upper,437.65001775819997,310.0674333628572,118.0484301085,300.0,45.0,63.0
411,19,lower,437.65001775819997,310.0674333628572,118.0484301085,0.0,-45.0,63.0
412,19,lower,437.65001775819997,310.0674333628572,118.0484301085,60.0,-45.0,63.0
413,19,lower,437.65001775819997,310.0674333628572,118.0484301085,120.0,-45.0,63.0
414,19,lower,437.65001775819997,310.0674333628572,118.0484301085,180.0,-45.0,63.0
415,19,lower,437.65001775819997,310.0674333628572,118.0484301085,240.0,-45.0,63.0
416,19,lower,437.65001775819997,310.0674333628572,118.0484301085,300.0,-45.0,63.0
417,19,ceiling,437.65001775819997,310.0674333628572,118.0484301085,0.0,90.0,63.0
418,19,floor,437.65001775819997,310.0674333628572,118.0484301085,0.0,-90.0,63.0
419,20,middle,414.824188401,310.0674333628572,118.0484301085,0.0,0.0,63.0
420,20,middle,414.824188401,310.0674333628572,118.0484301085,45.0,0.0,63.0
421,20,middle,414.824188401,310.0674333628572,118.0484301085,90.0,0.0,63.0
422,20,middle,414.824188401,310.0674333628572,118.0484301085,135.0,0.0,63.0
423,20,middle,414.824188401,310.0674333628572,118.0484301085,180.0,0.0,63.0
424,20,middle,414.824188401,310.0674333628572,118.0484301085,225.0,0.0,63.0
425,20,middle,414.824188401,310.0674333628572,118.0484301085,270.0,0.0,63.0
426,20,middle,414.824188401,310.0674333628572,118.0484301085,315.0,0.0,63.0
427,20,upper,414.824188401,310.0674333628572,118.0484301085,0.0,45.0,63.0
428,20,upper,414.824188401,310.0674333628572,118.0484301085,60.0,45.0,63.0
429,20,upper,414.824188401,310.0674333628572,118.0484301085,120.0,45.0,63.0
430,20,upper,414.824188401,310.0674333628572,118.0484301085,180.0,45.0,63.0
431,20,upper,414.824188401,310.0674333628572,118.0484301085,240.0,45.0,63.0
432,20,upper,414.824188401,310.0674333628572,118.0484301085,300.0,45.0,63.0
433,20,lower,414.824188401,310.0674333628572,118.0484301085,0.0,-45.0,63.0
434,20,lower,414.824188401,310.0674333628572,118.0484301085,60.0,-45.0,63.0
435,20,lower,414.824188401,310.0674333628572,118.0484301085,120.0,-45.0,63.0
436,20,lower,414.824188401,310.0674333628572,118.0484301085,180.0,-45.0,63.0
437,20,lower,414.824188401,310.0674333628572,118.0484301085,240.0,-45.0,63.0
438,20,lower,414.824188401,310.0674333628572,118.0484301085,300.0,-45.0,63.0
439,20,ceiling,414.824188401,310.0674333628572,118.0484301085,0.0,90.0,63.0
440,20,floor,414.824188401,310.0674333628572,118.0484301085,0.0,-90.0,63.0
441,21,middle,391.99835904379995,310.0674333628572,118.0484301085,0.0,0.0,63.0
442,21,middle,391.99835904379995,310.0674333628572,118.0484301085,45.0,0.0,63.0
443,21,middle,391.99835904379995,310.0674333628572,118.0484301085,90.0,0.0,63.0
444,21,middle,391.99835904379995,310.0674333628572,118.0484301085,135.0,0.0,63.0
445,21,middle,391.99835904379995,310.0674333628572,118.0484301085,180.0,0.0,63.0
446,21,middle,391.99835904379995,310.0674333628572,118.0484301085,225.0,0.0,63.0
447,21,middle,391.99835904379995,310.0674333628572,118.0484301085,270.0,0.0,63.0
448,21,middle,391.99835904379995,310.0674333628572,118.0484301085,315.0,0.0,63.0
449,21,upper,391.99835904379995,310.0674333628572,118.0484301085,0.0,45.0,63.0
450,21,upper,391.99835904379995,310.0674333628572,118.0484301085,60.0,45.0,63.0
451,21,upper,391.99835904379995,310.0674333628572,118.0484301085,120.0,45.0,63.0
452,21,upper,391.99835904379995,310.0674333628572,118.0484301085,180.0,45.0,63.0
453,21,upper,391.99835904379995,310.0674333628572,118.0484301085,240.0,45.0,63.0
454,21,upper,391.99835904379995,310.0674333628572,118.0484301085,300.0,45.0,63.0
455,21,lower,391.99835904379995,310.0674333628572,118.0484301085,0.0,-45.0,63.0
456,21,lower,391.99835904379995,310.0674333628572,118.0484301085,60.0,-45.0,63.0
457,21,lower,391.99835904379995,310.0674333628572,118.0484301085,120.0,-45.0,63.0
458,21,lower,391.99835904379995,310.0674333628572,118.0484301085,180.0,-45.0,63.0
459,21,lower,391.99835904379995,310.0674333628572,118.0484301085,240.0,-45.0,63.0
460,21,lower,391.99835904379995,310.0674333628572,118.0484301085,300.0,-45.0,63.0
461,21,ceiling,391.99835904379995,310.0674333628572,118.0484301085,0.0,90.0,63.0
462,21,floor,391.99835904379995,310.0674333628572,118.0484301085,0.0,-90.0,63.0
463,22,middle,369.1725296866,287.8092264017143,118.0484301085,0.0,0.0,63.0
464,22,middle,369.1725296866,287.8092264017143,118.0484301085,45.0,0.0,63.0
465,22,middle,369.1725296866,287.8092264017143,118.0484301085,90.0,0.0,63.0
466,22,middle,369.1725296866,287.8092264017143,118.0484301085,135.0,0.0,63.0
467,22,middle,369.1725296866,287.8092264017143,118.0484301085,180.0,0.0,63.0
468,22,middle,369.1725296866,287.8092264017143,118.0484301085,225.0,0.0,63.0
469,22,middle,369.1725296866,287.8092264017143,118.0484301085,270.0,0.0,63.0
470,22,middle,369.1725296866,287.8092264017143,118.0484301085,315.0,0.0,63.0
471,22,upper,369.1725296866,287.8092264017143,118.0484301085,0.0,45.0,63.0
472,22,upper,369.1725296866,287.8092264017143,118.0484301085,60.0,45.0,63.0
473,22,upper,369.1725296866,287.8092264017143,118.0484301085,120.0,45.0,63.0
474,22,upper,369.1725296866,287.8092264017143,118.0484301085,180.0,45.0,63.0
475,22,upper,369.1725296866,287.8092264017143,118.0484301085,240.0,45.0,63.0
476,22,upper,369.1725296866,287.8092264017143,118.0484301085,300.0,45.0,63.0
477,22,lower,369.1725296866,287.8092264017143,118.0484301085,0.0,-45.0,63.0
478,22,lower,369.1725296866,287.8092264017143,118.0484301085,60.0,-45.0,63.0
479,22,lower,369.1725296866,287.8092264017143,118.0484301085,120.0,-45.0,63.0
480,22,lower,369.1725296866,287.8092264017143,118.0484301085,180.0,-45.0,63.0
481,22,lower,369.1725296866,287.8092264017143,118.0484301085,240.0,-45.0,63.0
482,22,lower,369.1725296866,287.8092264017143,118.0484301085,300.0,-45.0,63.0
483,22,ceiling,369.1725296866,287.8092264017143,118.0484301085,0.0,90.0,63.0
484,22,floor,369.1725296866,287.8092264017143,118.0484301085,0.0,-90.0,63.0
485,23,middle,391.99835904379995,287.8092264017143,118.0484301085,0.0,0.0,63.0
486,23,middle,391.99835904379995,287.8092264017143,118.0484301085,45.0,0.0,63.0
487,23,middle,391.99835904379995,287.8092264017143,118.0484301085,90.0,0.0,63.0
488,23,middle,391.99835904379995,287.8092264017143,118.0484301085,135.0,0.0,63.0
489,23,middle,391.99835904379995,287.8092264017143,118.0484301085,180.0,0.0,63.0
490,23,middle,391.99835904379995,287.8092264017143,118.0484301085,225.0,0.0,63.0
491,23,middle,391.99835904379995,287.8092264017143,118.0484301085,270.0,0.0,63.0
492,23,middle,391.99835904379995,287.8092264017143,118.0484301085,315.0,0.0,63.0
493,23,upper,391.99835904379995,287.8092264017143,118.0484301085,0.0,45.0,63.0
494,23,upper,391.99835904379995,287.8092264017143,118.0484301085,60.0,45.0,63.0
495,23,upper,391.99835904379995,287.8092264017143,118.0484301085,120.0,45.0,63.0
496,23,upper,391.99835904379995,287.8092264017143,118.0484301085,180.0,45.0,63.0
497,23,upper,391.99835904379995,287.8092264017143,118.0484301085,240.0,45.0,63.0
498,23,upper,391.99835904379995,287.8092264017143,118.0484301085,300.0,45.0,63.0
499,23,lower,391.99835904379995,287.8092264017143,118.0484301085,0.0,-45.0,63.0
500,23,lower,391.99835904379995,287.8092264017143,118.0484301085,60.0,-45.0,63.0
501,23,lower,391.99835904379995,287.8092264017143,118.0484301085,120.0,-45.0,63.0
502,23,lower,391.99835904379995,287.8092264017143,118.0484301085,180.0,-45.0,63.0
503,23,lower,391.99835904379995,287.8092264017143,118.0484301085,240.0,-45.0,63.0
504,23,lower,391.99835904379995,287.8092264017143,118.0484301085,300.0,-45.0,63.0
505,23,ceiling,391.99835904379995,287.8092264017143,118.0484301085,0.0,90.0,63.0
506,23,floor,391.99835904379995,287.8092264017143,118.0484301085,0.0,-90.0,63.0
507,24,middle,414.824188401,287.8092264017143,118.0484301085,0.0,0.0,63.0
508,24,middle,414.824188401,287.8092264017143,118.0484301085,45.0,0.0,63.0
509,24,middle,414.824188401,287.8092264017143,118.0484301085,90.0,0.0,63.0
510,24,middle,414.824188401,287.8092264017143,118.0484301085,135.0,0.0,63.0
511,24,middle,414.824188401,287.8092264017143,118.0484301085,180.0,0.0,63.0
512,24,middle,414.824188401,287.8092264017143,118.0484301085,225.0,0.0,63.0
513,24,middle,414.824188401,287.8092264017143,118.0484301085,270.0,0.0,63.0
514,24,middle,414.824188401,287.8092264017143,118.0484301085,315.0,0.0,63.0
515,24,upper,414.824188401,287.8092264017143,118.0484301085,0.0,45.0,63.0
516,24,upper,414.824188401,287.8092264017143,118.0484301085,60.0,45.0,63.0
517,24,upper,414.824188401,287.8092264017143,118.0484301085,120.0,45.0,63.0
518,24,upper,414.824188401,287.8092264017143,118.0484301085,180.0,45.0,63.0
519,24,upper,414.824188401,287.8092264017143,118.0484301085,240.0,45.0,63.0
520,24,upper,414.824188401,287.8092264017143,118.0484301085,300.0,45.0,63.0
521,24,lower,414.824188401,287.8092264017143,118.0484301085,0.0,-45.0,63.0
522,24,lower,414.824188401,287.8092264017143,118.0484301085,60.0,-45.0,63.0
523,24,lower,414.824188401,287.8092264017143,118.0484301085,120.0,-45.0,63.0
524,24,lower,414.824188401,287.8092264017143,118.0484301085,180.0,-45.0,63.0
525,24,lower,414.824188401,287.8092264017143,118.0484301085,240.0,-45.0,63.0
526,24,lower,414.824188401,287.8092264017143,118.0484301085,300.0,-45.0,63.0
527,24,ceiling,414.824188401,287.8092264017143,118.0484301085,0.0,90.0,63.0
528,24,floor,414.824188401,287.8092264017143,118.0484301085,0.0,-90.0,63.0
529,25,middle,437.65001775819997,287.8092264017143,118.0484301085,0.0,0.0,63.0
530,25,middle,437.65001775819997,287.8092264017143,118.0484301085,45.0,0.0,63.0
531,25,middle,437.65001775819997,287.8092264017143,118.0484301085,90.0,0.0,63.0
532,25,middle,437.65001775819997,287.8092264017143,118.0484301085,135.0,0.0,63.0
533,25,middle,437.65001775819997,287.8092264017143,118.0484301085,180.0,0.0,63.0
534,25,middle,437.65001775819997,287.8092264017143,118.0484301085,225.0,0.0,63.0
535,25,middle,437.65001775819997,287.8092264017143,118.0484301085,270.0,0.0,63.0
536,25,middle,437.65001775819997,287.8092264017143,118.0484301085,315.0,0.0,63.0
537,25,upper,437.65001775819997,287.8092264017143,118.0484301085,0.0,45.0,63.0
538,25,upper,437.65001775819997,287.8092264017143,118.0484301085,60.0,45.0,63.0
539,25,upper,437.65001775819997,287.8092264017143,118.0484301085,120.0,45.0,63.0
540,25,upper,437.65001775819997,287.8092264017143,118.0484301085,180.0,45.0,63.0
541,25,upper,437.65001775819997,287.8092264017143,118.0484301085,240.0,45.0,63.0
542,25,upper,437.65001775819997,287.8092264017143,118.0484301085,300.0,45.0,63.0
543,25,lower,437.65001775819997,287.8092264017143,118.0484301085,0.0,-45.0,63.0
544,25,lower,437.65001775819997,287.8092264017143,118.0484301085,60.0,-45.0,63.0
545,25,lower,437.65001775819997,287.8092264017143,118.0484301085,120.0,-45.0,63.0
546,25,lower,437.65001775819997,287.8092264017143,118.0484301085,180.0,-45.0,63.0
547,25,lower,437.65001775819997,287.8092264017143,118.0484301085,240.0,-45.0,63.0
548,25,lower,437.65001775819997,287.8092264017143,118.0484301085,300.0,-45.0,63.0
549,25,ceiling,437.65001775819997,287.8092264017143,118.0484301085,0.0,90.0,63.0
550,25,floor,437.65001775819997,287.8092264017143,118.0484301085,0.0,-90.0,63.0
551,26,middle,460.47584711540003,287.8092264017143,118.0484301085,0.0,0.0,63.0
552,26,middle,460.47584711540003,287.8092264017143,118.0484301085,45.0,0.0,63.0
553,26,middle,460.47584711540003,287.8092264017143,118.0484301085,90.0,0.0,63.0
554,26,middle,460.47584711540003,287.8092264017143,118.0484301085,135.0,0.0,63.0
555,26,middle,460.47584711540003,287.8092264017143,118.0484301085,180.0,0.0,63.0
556,26,middle,460.47584711540003,287.8092264017143,118.0484301085,225.0,0.0,63.0
557,26,middle,460.47584711540003,287.8092264017143,118.0484301085,270.0,0.0,63.0
558,26,middle,460.47584711540003,287.8092264017143,118.0484301085,315.0,0.0,63.0
559,26,upper,460.47584711540003,287.8092264017143,118.0484301085,0.0,45.0,63.0
560,26,upper,460.47584711540003,287.8092264017143,118.0484301085,60.0,45.0,63.0
561,26,upper,460.47584711540003,287.8092264017143,118.0484301085,120.0,45.0,63.0
562,26,upper,460.47584711540003,287.8092264017143,118.0484301085,180.0,45.0,63.0
563,26,upper,460.47584711540003,287.8092264017143,118.0484301085,240.0,45.0,63.0
564,26,upper,460.47584711540003,287.8092264017143,118.0484301085,300.0,45.0,63.0
565,26,lower,460.47584711540003,287.8092264017143,118.0484301085,0.0,-45.0,63.0
566,26,lower,460.47584711540003,287.8092264017143,118.0484301085,60.0,-45.0,63.0
567,26,lower,460.47584711540003,287.8092264017143,118.0484301085,120.0,-45.0,63.0
568,26,lower,460.47584711540003,287.8092264017143,118.0484301085,180.0,-45.0,63.0
569,26,lower,460.47584711540003,287.8092264017143,118.0484301085,240.0,-45.0,63.0
570,26,lower,460.47584711540003,287.8092264017143,118.0484301085,300.0,-45.0,63.0
571,26,ceiling,460.47584711540003,287.8092264017143,118.0484301085,0.0,90.0,63.0
572,26,floor,460.47584711540003,287.8092264017143,118.0484301085,0.0,-90.0,63.0
573,27,middle,483.3016764726,265.55101944057145,118.0484301085,0.0,0.0,63.0
574,27,middle,483.3016764726,265.55101944057145,118.0484301085,45.0,0.0,63.0
575,27,middle,483.3016764726,265.55101944057145,118.0484301085,90.0,0.0,63.0
576,27,middle,483.3016764726,265.55101944057145,118.0484301085,135.0,0.0,63.0
577,27,middle,483.3016764726,265.55101944057145,118.0484301085,180.0,0.0,63.0
578,27,middle,483.3016764726,265.55101944057145,118.0484301085,225.0,0.0,63.0
579,27,middle,483.3016764726,265.55101944057145,118.0484301085,270.0,0.0,63.0
580,27,middle,483.3016764726,265.55101944057145,118.0484301085,315.0,0.0,63.0
581,27,upper,483.3016764726,265.55101944057145,118.0484301085,0.0,45.0,63.0
582,27,upper,483.3016764726,265.55101944057145,118.0484301085,60.0,45.0,63.0
583,27,upper,483.3016764726,265.55101944057145,118.0484301085,120.0,45.0,63.0
584,27,upper,483.3016764726,265.55101944057145,118.0484301085,180.0,45.0,63.0
585,27,upper,483.3016764726,265.55101944057145,118.0484301085,240.0,45.0,63.0
586,27,upper,483.3016764726,265.55101944057145,118.0484301085,300.0,45.0,63.0
587,27,lower,483.3016764726,265.55101944057145,118.0484301085,0.0,-45.0,63.0
588,27,lower,483.3016764726,265.55101944057145,118.0484301085,60.0,-45.0,63.0
589,27,lower,483.3016764726,265.55101944057145,118.0484301085,120.0,-45.0,63.0
590,27,lower,483.3016764726,265.55101944057145,118.0484301085,180.0,-45.0,63.0
591,27,lower,483.3016764726,265.55101944057145,118.0484301085,240.0,-45.0,63.0
592,27,lower,483.3016764726,265.55101944057145,118.0484301085,300.0,-45.0,63.0
593,27,ceiling,483.3016764726,265.55101944057145,118.0484301085,0.0,90.0,63.0
594,27,floor,483.3016764726,265.55101944057145,118.0484301085,0.0,-90.0,63.0
595,28,middle,460.47584711540003,265.55101944057145,118.0484301085,0.0,0.0,63.0
596,28,middle,460.47584711540003,265.55101944057145,118.0484301085,45.0,0.0,63.0
597,28,middle,460.47584711540003,265.55101944057145,118.0484301085,90.0,0.0,63.0
598,28,middle,460.47584711540003,265.55101944057145,118.0484301085,135.0,0.0,63.0
599,28,middle,460.47584711540003,265.55101944057145,118.0484301085,180.0,0.0,63.0
600,28,middle,460.47584711540003,265.55101944057145,118.0484301085,225.0,0.0,63.0
601,28,middle,460.47584711540003,265.55101944057145,118.0484301085,270.0,0.0,63.0
602,28,middle,460.47584711540003,265.55101944057145,118.0484301085,315.0,0.0,63.0
603,28,upper,460.47584711540003,265.55101944057145,118.0484301085,0.0,45.0,63.0
604,28,upper,460.47584711540003,265.55101944057145,118.0484301085,60.0,45.0,63.0
605,28,upper,460.47584711540003,265.55101944057145,118.0484301085,120.0,45.0,63.0
606,28,upper,460.47584711540003,265.55101944057145,118.0484301085,180.0,45.0,63.0
607,28,upper,460.47584711540003,265.55101944057145,118.0484301085,240.0,45.0,63.0
608,28,upper,460.47584711540003,265.55101944057145,118.0484301085,300.0,45.0,63.0
609,28,lower,460.47584711540003,265.55101944057145,118.0484301085,0.0,-45.0,63.0
610,28,lower,460.47584711540003,265.55101944057145,118.0484301085,60.0,-45.0,63.0
611,28,lower,460.47584711540003,265.55101944057145,118.0484301085,120.0,-45.0,63.0
612,28,lower,460.47584711540003,265.55101944057145,118.0484301085,180.0,-45.0,63.0
613,28,lower,460.47584711540003,265.55101944057145,118.0484301085,240.0,-45.0,63.0
614,28,lower,460.47584711540003,265.55101944057145,118.0484301085,300.0,-45.0,63.0
615,28,ceiling,460.47584711540003,265.55101944057145,118.0484301085,0.0,90.0,63.0
616,28,floor,460.47584711540003,265.55101944057145,118.0484301085,0.0,-90.0,63.0
617,29,middle,437.65001775819997,265.55101944057145,118.0484301085,0.0,0.0,63.0
618,29,middle,437.65001775819997,265.55101944057145,118.0484301085,45.0,0.0,63.0
619,29,middle,437.65001775819997,265.55101944057145,118.0484301085,90.0,0.0,63.0
620,29,middle,437.65001775819997,265.55101944057145,118.0484301085,135.0,0.0,63.0
621,29,middle,437.65001775819997,265.55101944057145,118.0484301085,180.0,0.0,63.0
622,29,middle,437.65001775819997,265.55101944057145,118.0484301085,225.0,0.0,63.0
623,29,middle,437.65001775819997,265.55101944057145,118.0484301085,270.0,0.0,63.0
624,29,middle,437.65001775819997,265.55101944057145,118.0484301085,315.0,0.0,63.0
625,29,upper,437.65001775819997,265.55101944057145,118.0484301085,0.0,45.0,63.0
626,29,upper,437.65001775819997,265.55101944057145,118.0484301085,60.0,45.0,63.0
627,29,upper,437.65001775819997,265.55101944057145,118.0484301085,120.0,45.0,63.0
628,29,upper,437.65001775819997,265.55101944057145,118.0484301085,180.0,45.0,63.0
629,29,upper,437.65001775819997,265.55101944057145,118.0484301085,240.0,45.0,63.0
630,29,upper,437.65001775819997,265.55101944057145,118.0484301085,300.0,45.0,63.0
631,29,lower,437.65001775819997,265.55101944057145,118.0484301085,0.0,-45.0,63.0
632,29,lower,437.65001775819997,265.55101944057145,118.0484301085,60.0,-45.0,63.0
633,29,lower,437.65001775819997,265.55101944057145,118.0484301085,120.0,-45.0,63.0
634,29,lower,437.65001775819997,265.55101944057145,118.0484301085,180.0,-45.0,63.0
635,29,lower,437.65001775819997,265.55101944057145,118.0484301085,240.0,-45.0,63.0
636,29,lower,437.65001775819997,265.55101944057145,118.0484301085,300.0,-45.0,63.0
637,29,ceiling,437.65001775819997,265.55101944057145,118.0484301085,0.0,90.0,63.0
638,29,floor,437.65001775819997,265.55101944057145,118.0484301085,0.0,-90.0,63.0
639,30,middle,414.824188401,265.55101944057145,118.0484301085,0.0,0.0,63.0
640,30,middle,414.824188401,265.55101944057145,118.0484301085,45.0,0.0,63.0
641,30,middle,414.824188401,265.55101944057145,118.0484301085,90.0,0.0,63.0
642,30,middle,414.824188401,265.55101944057145,118.0484301085,135.0,0.0,63.0
643,30,middle,414.824188401,265.55101944057145,118.0484301085,180.0,0.0,63.0
644,30,middle,414.824188401,265.55101944057145,118.0484301085,225.0,0.0,63.0
645,30,middle,414.824188401,265.55101944057145,118.0484301085,270.0,0.0,63.0
646,30,middle,414.824188401,265.55101944057145,118.0484301085,315.0,0.0,63.0
647,30,upper,414.824188401,265.55101944057145,118.0484301085,0.0,45.0,63.0
648,30,upper,414.824188401,265.55101944057145,118.0484301085,60.0,45.0,63.0
649,30,upper,414.824188401,265.55101944057145,118.0484301085,120.0,45.0,63.0
650,30,upper,414.824188401,265.55101944057145,118.0484301085,180.0,45.0,63.0
651,30,upper,414.824188401,265.55101944057145,118.0484301085,240.0,45.0,63.0
652,30,upper,414.824188401,265.55101944057145,118.0484301085,300.0,45.0,63.0
653,30,lower,414.824188401,265.55101944057145,118.0484301085,0.0,-45.0,63.0
654,30,lower,414.824188401,265.55101944057145,118.0484301085,60.0,-45.0,63.0
655,30,lower,414.824188401,265.55101944057145,118.0484301085,120.0,-45.0,63.0
656,30,lower,414.824188401,265.55101944057145,118.0484301085,180.0,-45.0,63.0
657,30,lower,414.824188401,265.55101944057145,118.0484301085,240.0,-45.0,63.0
658,30,lower,414.824188401,265.55101944057145,118.0484301085,300.0,-45.0,63.0
659,30,ceiling,414.824188401,265.55101944057145,118.0484301085,0.0,90.0,63.0
660,30,floor,414.824188401,265.55101944057145,118.0484301085,0.0,-90.0,63.0
661,31,middle,391.99835904379995,265.55101944057145,118.0484301085,0.0,0.0,63.0
662,31,middle,391.99835904379995,265.55101944057145,118.0484301085,45.0,0.0,63.0
663,31,middle,391.99835904379995,265.55101944057145,118.0484301085,90.0,0.0,63.0
664,31,middle,391.99835904379995,265.55101944057145,118.0484301085,135.0,0.0,63.0
665,31,middle,391.99835904379995,265.55101944057145,118.0484301085,180.0,0.0,63.0
666,31,middle,391.99835904379995,265.55101944057145,118.0484301085,225.0,0.0,63.0
667,31,middle,391.99835904379995,265.55101944057145,118.0484301085,270.0,0.0,63.0
668,31,middle,391.99835904379995,265.55101944057145,118.0484301085,315.0,0.0,63.0
669,31,upper,391.99835904379995,265.55101944057145,118.0484301085,0.0,45.0,63.0
670,31,upper,391.99835904379995,265.55101944057145,118.0484301085,60.0,45.0,63.0
671,31,upper,391.99835904379995,265.55101944057145,118.0484301085,120.0,45.0,63.0
672,31,upper,391.99835904379995,265.55101944057145,118.0484301085,180.0,45.0,63.0
673,31,upper,391.99835904379995,265.55101944057145,118.0484301085,240.0,45.0,63.0
674,31,upper,391.99835904379995,265.55101944057145,118.0484301085,300.0,45.0,63.0
675,31,lower,391.99835904379995,265.55101944057145,118.0484301085,0.0,-45.0,63.0
676,31,lower,391.99835904379995,265.55101944057145,118.0484301085,60.0,-45.0,63.0
677,31,lower,391.99835904379995,265.55101944057145,118.0484301085,120.0,-45.0,63.0
678,31,lower,391.99835904379995,265.55101944057145,118.0484301085,180.0,-45.0,63.0
679,31,lower,391.99835904379995,265.55101944057145,118.0484301085,240.0,-45.0,63.0
680,31,lower,391.99835904379995,265.55101944057145,118.0484301085,300.0,-45.0,63.0
681,31,ceiling,391.99835904379995,265.55101944057145,118.0484301085,0.0,90.0,63.0
682,31,floor,391.99835904379995,265.55101944057145,118.0484301085,0.0,-90.0,63.0
683,32,middle,369.1725296866,265.55101944057145,118.0484301085,0.0,0.0,63.0
684,32,middle,369.1725296866,265.55101944057145,118.0484301085,45.0,0.0,63.0
685,32,middle,369.1725296866,265.55101944057145,118.0484301085,90.0,0.0,63.0
686,32,middle,369.1725296866,265.55101944057145,118.0484301085,135.0,0.0,63.0
687,32,middle,369.1725296866,265.55101944057145,118.0484301085,180.0,0.0,63.0
688,32,middle,369.1725296866,265.55101944057145,118.0484301085,225.0,0.0,63.0
689,32,middle,369.1725296866,265.55101944057145,118.0484301085,270.0,0.0,63.0
690,32,middle,369.1725296866,265.55101944057145,118.0484301085,315.0,0.0,63.0
691,32,upper,369.1725296866,265.55101944057145,118.0484301085,0.0,45.0,63.0
692,32,upper,369.1725296866,265.55101944057145,118.0484301085,60.0,45.0,63.0
693,32,upper,369.1725296866,265.55101944057145,118.0484301085,120.0,45.0,63.0
694,32,upper,369.1725296866,265.55101944057145,118.0484301085,180.0,45.0,63.0
695,32,upper,369.1725296866,265.55101944057145,118.0484301085,240.0,45.0,63.0
696,32,upper,369.1725296866,265.55101944057145,118.0484301085,300.0,45.0,63.0
697,32,lower,369.1725296866,265.55101944057145,118.0484301085,0.0,-45.0,63.0
698,32,lower,369.1725296866,265.55101944057145,118.0484301085,60.0,-45.0,63.0
699,32,lower,369.1725296866,265.55101944057145,118.0484301085,120.0,-45.0,63.0
700,32,lower,369.1725296866,265.55101944057145,118.0484301085,180.0,-45.0,63.0
701,32,lower,369.1725296866,265.55101944057145,118.0484301085,240.0,-45.0,63.0
702,32,lower,369.1725296866,265.55101944057145,118.0484301085,300.0,-45.0,63.0
703,32,ceiling,369.1725296866,265.55101944057145,118.0484301085,0.0,90.0,63.0
704,32,floor,369.1725296866,265.55101944057145,118.0484301085,0.0,-90.0,63.0
705,33,middle,346.3467003294,265.55101944057145,118.0484301085,0.0,0.0,63.0
706,33,middle,346.3467003294,265.55101944057145,118.0484301085,45.0,0.0,63.0
707,33,middle,346.3467003294,265.55101944057145,118.0484301085,90.0,0.0,63.0
708,33,middle,346.3467003294,265.55101944057145,118.0484301085,135.0,0.0,63.0
709,33,middle,346.3467003294,265.55101944057145,118.0484301085,180.0,0.0,63.0
710,33,middle,346.3467003294,265.55101944057145,118.0484301085,225.0,0.0,63.0
711,33,middle,346.3467003294,265.55101944057145,118.0484301085,270.0,0.0,63.0
712,33,middle,346.3467003294,265.55101944057145,118.0484301085,315.0,0.0,63.0
713,33,upper,346.3467003294,265.55101944057145,118.0484301085,0.0,45.0,63.0
714,33,upper,346.3467003294,265.55101944057145,118.0484301085,60.0,45.0,63.0
715,33,upper,346.3467003294,265.55101944057145,118.0484301085,120.0,45.0,63.0
716,33,upper,346.3467003294,265.55101944057145,118.0484301085,180.0,45.0,63.0
717,33,upper,346.3467003294,265.55101944057145,118.0484301085,240.0,45.0,63.0
718,33,upper,346.3467003294,265.55101944057145,118.0484301085,300.0,45.0,63.0
719,33,lower,346.3467003294,265.55101944057145,118.0484301085,0.0,-45.0,63.0
720,33,lower,346.3467003294,265.55101944057145,118.0484301085,60.0,-45.0,63.0
721,33,lower,346.3467003294,265.55101944057145,118.0484301085,120.0,-45.0,63.0
722,33,lower,346.3467003294,265.55101944057145,118.0484301085,180.0,-45.0,63.0
723,33,lower,346.3467003294,265.55101944057145,118.0484301085,240.0,-45.0,63.0
724,33,lower,346.3467003294,265.55101944057145,118.0484301085,300.0,-45.0,63.0
725,33,ceiling,346.3467003294,265.55101944057145,118.0484301085,0.0,90.0,63.0
726,33,floor,346.3467003294,265.55101944057145,118.0484301085,0.0,-90.0,63.0
727,34,middle,369.1725296866,243.29281247942856,118.0484301085,0.0,0.0,63.0
728,34,middle,369.1725296866,243.29281247942856,118.0484301085,45.0,0.0,63.0
729,34,middle,369.1725296866,243.29281247942856,118.0484301085,90.0,0.0,63.0
730,34,middle,369.1725296866,243.29281247942856,118.0484301085,135.0,0.0,63.0
731,34,middle,369.1725296866,243.29281247942856,118.0484301085,180.0,0.0,63.0
732,34,middle,369.1725296866,243.29281247942856,118.0484301085,225.0,0.0,63.0
733,34,middle,369.1725296866,243.29281247942856,118.0484301085,270.0,0.0,63.0
734,34,middle,369.1725296866,243.29281247942856,118.0484301085,315.0,0.0,63.0
735,34,upper,369.1725296866,243.29281247942856,118.0484301085,0.0,45.0,63.0
736,34,upper,369.1725296866,243.29281247942856,118.0484301085,60.0,45.0,63.0
737,34,upper,369.1725296866,243.29281247942856,118.0484301085,120.0,45.0,63.0
738,34,upper,369.1725296866,243.29281247942856,118.0484301085,180.0,45.0,63.0
739,34,upper,369.1725296866,243.29281247942856,118.0484301085,240.0,45.0,63.0
740,34,upper,369.1725296866,243.29281247942856,118.0484301085,300.0,45.0,63.0
741,34,lower,369.1725296866,243.29281247942856,118.0484301085,0.0,-45.0,63.0
742,34,lower,369.1725296866,243.29281247942856,118.0484301085,60.0,-45.0,63.0
743,34,lower,369.1725296866,243.29281247942856,118.0484301085,120.0,-45.0,63.0
744,34,lower,369.1725296866,243.29281247942856,118.0484301085,180.0,-45.0,63.0
745,34,lower,369.1725296866,243.29281247942856,118.0484301085,240.0,-45.0,63.0
746,34,lower,369.1725296866,243.29281247942856,118.0484301085,300.0,-45.0,63.0
747,34,ceiling,369.1725296866,243.29281247942856,118.0484301085,0.0,90.0,63.0
748,34,floor,369.1725296866,243.29281247942856,118.0484301085,0.0,-90.0,63.0
749,35,middle,391.99835904379995,243.29281247942856,118.0484301085,0.0,0.0,63.0
750,35,middle,391.99835904379995,243.29281247942856,118.0484301085,45.0,0.0,63.0
751,35,middle,391.99835904379995,243.29281247942856,118.0484301085,90.0,0.0,63.0
752,35,middle,391.99835904379995,243.29281247942856,118.0484301085,135.0,0.0,63.0
753,35,middle,391.99835904379995,243.29281247942856,118.0484301085,180.0,0.0,63.0
754,35,middle,391.99835904379995,243.29281247942856,118.0484301085,225.0,0.0,63.0
755,35,middle,391.99835904379995,243.29281247942856,118.0484301085,270.0,0.0,63.0
756,35,middle,391.99835904379995,243.29281247942856,118.0484301085,315.0,0.0,63.0
757,35,upper,391.99835904379995,243.29281247942856,118.0484301085,0.0,45.0,63.0
758,35,upper,391.99835904379995,243.29281247942856,118.0484301085,60.0,45.0,63.0
759,35,upper,391.99835904379995,243.29281247942856,118.0484301085,120.0,45.0,63.0
760,35,upper,391.99835904379995,243.29281247942856,118.0484301085,180.0,45.0,63.0
761,35,upper,391.99835904379995,243.29281247942856,118.0484301085,240.0,45.0,63.0
762,35,upper,391.99835904379995,243.29281247942856,118.0484301085,300.0,45.0,63.0
763,35,lower,391.99835904379995,243.29281247942856,118.0484301085,0.0,-45.0,63.0
764,35,lower,391.99835904379995,243.29281247942856,118.0484301085,60.0,-45.0,63.0
765,35,lower,391.99835904379995,243.29281247942856,118.0484301085,120.0,-45.0,63.0
766,35,lower,391.99835904379995,243.29281247942856,118.0484301085,180.0,-45.0,63.0
767,35,lower,391.99835904379995,243.29281247942856,118.0484301085,240.0,-45.0,63.0
768,35,lower,391.99835904379995,243.29281247942856,118.0484301085,300.0,-45.0,63.0
769,35,ceiling,391.99835904379995,243.29281247942856,118.0484301085,0.0,90.0,63.0
770,35,floor,391.99835904379995,243.29281247942856,118.0484301085,0.0,-90.0,63.0
771,36,middle,414.824188401,243.29281247942856,118.0484301085,0.0,0.0,63.0
772,36,middle,414.824188401,243.29281247942856,118.0484301085,45.0,0.0,63.0
773,36,middle,414.824188401,243.29281247942856,118.0484301085,90.0,0.0,63.0
774,36,middle,414.824188401,243.29281247942856,118.0484301085,135.0,0.0,63.0
775,36,middle,414.824188401,243.29281247942856,118.0484301085,180.0,0.0,63.0
776,36,middle,414.824188401,243.29281247942856,118.0484301085,225.0,0.0,63.0
777,36,middle,414.824188401,243.29281247942856,118.0484301085,270.0,0.0,63.0
778,36,middle,414.824188401,243.29281247942856,118.0484301085,315.0,0.0,63.0
779,36,upper,414.824188401,243.29281247942856,118.0484301085,0.0,45.0,63.0
780,36,upper,414.824188401,243.29281247942856,118.0484301085,60.0,45.0,63.0
781,36,upper,414.824188401,243.29281247942856,118.0484301085,120.0,45.0,63.0
782,36,upper,414.824188401,243.29281247942856,118.0484301085,180.0,45.0,63.0
783,36,upper,414.824188401,243.29281247942856,118.0484301085,240.0,45.0,63.0
784,36,upper,414.824188401,243.29281247942856,118.0484301085,300.0,45.0,63.0
785,36,lower,414.824188401,243.29281247942856,118.0484301085,0.0,-45.0,63.0
786,36,lower,414.824188401,243.29281247942856,118.0484301085,60.0,-45.0,63.0
787,36,lower,414.824188401,243.29281247942856,118.0484301085,120.0,-45.0,63.0
788,36,lower,414.824188401,243.29281247942856,118.0484301085,180.0,-45.0,63.0
789,36,lower,414.824188401,243.29281247942856,118.0484301085,240.0,-45.0,63.0
790,36,lower,414.824188401,243.29281247942856,118.0484301085,300.0,-45.0,63.0
791,36,ceiling,414.824188401,243.29281247942856,118.0484301085,0.0,90.0,63.0
792,36,floor,414.824188401,243.29281247942856,118.0484301085,0.0,-90.0,63.0
793,37,middle,437.65001775819997,243.29281247942856,118.0484301085,0.0,0.0,63.0
794,37,middle,437.65001775819997,243.29281247942856,118.0484301085,45.0,0.0,63.0
795,37,middle,437.65001775819997,243.29281247942856,118.0484301085,90.0,0.0,63.0
796,37,middle,437.65001775819997,243.29281247942856,118.0484301085,135.0,0.0,63.0
797,37,middle,437.65001775819997,243.29281247942856,118.0484301085,180.0,0.0,63.0
798,37,middle,437.65001775819997,243.29281247942856,118.0484301085,225.0,0.0,63.0
799,37,middle,437.65001775819997,243.29281247942856,118.0484301085,270.0,0.0,63.0
800,37,middle,437.65001775819997,243.29281247942856,118.0484301085,315.0,0.0,63.0
801,37,upper,437.65001775819997,243.29281247942856,118.0484301085,0.0,45.0,63.0
802,37,upper,437.65001775819997,243.29281247942856,118.0484301085,60.0,45.0,63.0
803,37,upper,437.65001775819997,243.29281247942856,118.0484301085,120.0,45.0,63.0
804,37,upper,437.65001775819997,243.29281247942856,118.0484301085,180.0,45.0,63.0
805,37,upper,437.65001775819997,243.29281247942856,118.0484301085,240.0,45.0,63.0
806,37,upper,437.65001775819997,243.29281247942856,118.0484301085,300.0,45.0,63.0
807,37,lower,437.65001775819997,243.29281247942856,118.0484301085,0.0,-45.0,63.0
808,37,lower,437.65001775819997,243.29281247942856,118.0484301085,60.0,-45.0,63.0
809,37,lower,437.65001775819997,243.29281247942856,118.0484301085,120.0,-45.0,63.0
810,37,lower,437.65001775819997,243.29281247942856,118.0484301085,180.0,-45.0,63.0
811,37,lower,437.65001775819997,243.29281247942856,118.0484301085,240.0,-45.0,63.0
812,37,lower,437.65001775819997,243.29281247942856,118.0484301085,300.0,-45.0,63.0
813,37,ceiling,437.65001775819997,243.29281247942856,118.0484301085,0.0,90.0,63.0
814,37,floor,437.65001775819997,243.29281247942856,118.0484301085,0.0,-90.0,63.0
815,38,middle,460.47584711540003,243.29281247942856,118.0484301085,0.0,0.0,63.0
816,38,middle,460.47584711540003,243.29281247942856,118.0484301085,45.0,0.0,63.0
817,38,middle,460.47584711540003,243.29281247942856,118.0484301085,90.0,0.0,63.0
818,38,middle,460.47584711540003,243.29281247942856,118.0484301085,135.0,0.0,63.0
819,38,middle,460.47584711540003,243.29281247942856,118.0484301085,180.0,0.0,63.0
820,38,middle,460.47584711540003,243.29281247942856,118.0484301085,225.0,0.0,63.0
821,38,middle,460.47584711540003,243.29281247942856,118.0484301085,270.0,0.0,63.0
822,38,middle,460.47584711540003,243.29281247942856,118.0484301085,315.0,0.0,63.0
823,38,upper,460.47584711540003,243.29281247942856,118.0484301085,0.0,45.0,63.0
824,38,upper,460.47584711540003,243.29281247942856,118.0484301085,60.0,45.0,63.0
825,38,upper,460.47584711540003,243.29281247942856,118.0484301085,120.0,45.0,63.0
826,38,upper,460.47584711540003,243.29281247942856,118.0484301085,180.0,45.0,63.0
827,38,upper,460.47584711540003,243.29281247942856,118.0484301085,240.0,45.0,63.0
828,38,upper,460.47584711540003,243.29281247942856,118.0484301085,300.0,45.0,63.0
829,38,lower,460.47584711540003,243.29281247942856,118.0484301085,0.0,-45.0,63.0
830,38,lower,460.47584711540003,243.29281247942856,118.0484301085,60.0,-45.0,63.0
831,38,lower,460.47584711540003,243.29281247942856,118.0484301085,120.0,-45.0,63.0
832,38,lower,460.47584711540003,243.29281247942856,118.0484301085,180.0,-45.0,63.0
833,38,lower,460.47584711540003,243.29281247942856,118.0484301085,240.0,-45.0,63.0
834,38,lower,460.47584711540003,243.29281247942856,118.0484301085,300.0,-45.0,63.0
835,38,ceiling,460.47584711540003,243.29281247942856,118.0484301085,0.0,90.0,63.0
836,38,floor,460.47584711540003,243.29281247942856,118.0484301085,0.0,-90.0,63.0
837,39,middle,483.3016764726,243.29281247942856,118.0484301085,0.0,0.0,63.0
838,39,middle,483.3016764726,243.29281247942856,118.0484301085,45.0,0.0,63.0
839,39,middle,483.3016764726,243.29281247942856,118.0484301085,90.0,0.0,63.0
840,39,middle,483.3016764726,243.29281247942856,118.0484301085,135.0,0.0,63.0
841,39,middle,483.3016764726,243.29281247942856,118.0484301085,180.0,0.0,63.0
842,39,middle,483.3016764726,243.29281247942856,118.0484301085,225.0,0.0,63.0
843,39,middle,483.3016764726,243.29281247942856,118.0484301085,270.0,0.0,63.0
844,39,middle,483.3016764726,243.29281247942856,118.0484301085,315.0,0.0,63.0
845,39,upper,483.3016764726,243.29281247942856,118.0484301085,0.0,45.0,63.0
846,39,upper,483.3016764726,243.29281247942856,118.0484301085,60.0,45.0,63.0
847,39,upper,483.3016764726,243.29281247942856,118.0484301085,120.0,45.0,63.0
848,39,upper,483.3016764726,243.29281247942856,118.0484301085,180.0,45.0,63.0
849,39,upper,483.3016764726,243.29281247942856,118.0484301085,240.0,45.0,63.0
850,39,upper,483.3016764726,243.29281247942856,118.0484301085,300.0,45.0,63.0
851,39,lower,483.3016764726,243.29281247942856,118.0484301085,0.0,-45.0,63.0
852,39,lower,483.3016764726,243.29281247942856,118.0484301085,60.0,-45.0,63.0
853,39,lower,483.3016764726,243.29281247942856,118.0484301085,120.0,-45.0,63.0
854,39,lower,483.3016764726,243.29281247942856,118.0484301085,180.0,-45.0,63.0
855,39,lower,483.3016764726,243.29281247942856,118.0484301085,240.0,-45.0,63.0
856,39,lower,483.3016764726,243.29281247942856,118.0484301085,300.0,-45.0,63.0
857,39,ceiling,483.3016764726,243.29281247942856,118.0484301085,0.0,90.0,63.0
858,39,floor,483.3016764726,243.29281247942856,118.0484301085,0.0,-90.0,63.0
859,40,middle,506.12750582980004,243.29281247942856,118.0484301085,0.0,0.0,63.0
860,40,middle,506.12750582980004,243.29281247942856,118.0484301085,45.0,0.0,63.0
861,40,middle,506.12750582980004,243.29281247942856,118.0484301085,90.0,0.0,63.0
862,40,middle,506.12750582980004,243.29281247942856,118.0484301085,135.0,0.0,63.0
863,40,middle,506.12750582980004,243.29281247942856,118.0484301085,180.0,0.0,63.0
864,40,middle,506.12750582980004,243.29281247942856,118.0484301085,225.0,0.0,63.0
865,40,middle,506.12750582980004,243.29281247942856,118.0484301085,270.0,0.0,63.0
866,40,middle,506.12750582980004,243.29281247942856,118.0484301085,315.0,0.0,63.0
867,40,upper,506.12750582980004,243.29281247942856,118.0484301085,0.0,45.0,63.0
868,40,upper,506.12750582980004,243.29281247942856,118.0484301085,60.0,45.0,63.0
869,40,upper,506.12750582980004,243.29281247942856,118.0484301085,120.0,45.0,63.0
870,40,upper,506.12750582980004,243.29281247942856,118.0484301085,180.0,45.0,63.0
871,40,upper,506.12750582980004,243.29281247942856,118.0484301085,240.0,45.0,63.0
872,40,upper,506.12750582980004,243.29281247942856,118.0484301085,300.0,45.0,63.0
873,40,lower,506.12750582980004,243.29281247942856,118.0484301085,0.0,-45.0,63.0
874,40,lower,506.12750582980004,243.29281247942856,118.0484301085,60.0,-45.0,63.0
875,40,lower,506.12750582980004,243.29281247942856,118.0484301085,120.0,-45.0,63.0
876,40,lower,506.12750582980004,243.29281247942856,118.0484301085,180.0,-45.0,63.0
877,40,lower,506.12750582980004,243.29281247942856,118.0484301085,240.0,-45.0,63.0
878,40,lower,506.12750582980004,243.29281247942856,118.0484301085,300.0,-45.0,63.0
879,40,ceiling,506.12750582980004,243.29281247942856,118.0484301085,0.0,90.0,63.0
880,40,floor,506.12750582980004,243.29281247942856,118.0484301085,0.0,-90.0,63.0
881,41,middle,506.12750582980004,221.03460551828573,118.0484301085,0.0,0.0,63.0
882,41,middle,506.12750582980004,221.03460551828573,118.0484301085,45.0,0.0,63.0
883,41,middle,506.12750582980004,221.03460551828573,118.0484301085,90.0,0.0,63.0
884,41,middle,506.12750582980004,221.03460551828573,118.0484301085,135.0,0.0,63.0
885,41,middle,506.12750582980004,221.03460551828573,118.0484301085,180.0,0.0,63.0
886,41,middle,506.12750582980004,221.03460551828573,118.0484301085,225.0,0.0,63.0
887,41,middle,506.12750582980004,221.03460551828573,118.0484301085,270.0,0.0,63.0
888,41,middle,506.12750582980004,221.03460551828573,118.0484301085,315.0,0.0,63.0
889,41,upper,506.12750582980004,221.03460551828573,118.0484301085,0.0,45.0,63.0
890,41,upper,506.12750582980004,221.03460551828573,118.0484301085,60.0,45.0,63.0
891,41,upper,506.12750582980004,221.03460551828573,118.0484301085,120.0,45.0,63.0
892,41,upper,506.12750582980004,221.03460551828573,118.0484301085,180.0,45.0,63.0
893,41,upper,506.12750582980004,221.03460551828573,118.0484301085,240.0,45.0,63.0
894,41,upper,506.12750582980004,221.03460551828573,118.0484301085,300.0,45.0,63.0
895,41,lower,506.12750582980004,221.03460551828573,118.0484301085,0.0,-45.0,63.0
896,41,lower,506.12750582980004,221.03460551828573,118.0484301085,60.0,-45.0,63.0
897,41,lower,506.12750582980004,221.03460551828573,118.0484301085,120.0,-45.0,63.0
898,41,lower,506.12750582980004,221.03460551828573,118.0484301085,180.0,-45.0,63.0
899,41,lower,506.12750582980004,221.03460551828573,118.0484301085,240.0,-45.0,63.0
900,41,lower,506.12750582980004,221.03460551828573,118.0484301085,300.0,-45.0,63.0
901,41,ceiling,506.12750582980004,221.03460551828573,118.0484301085,0.0,90.0,63.0
902,41,floor,506.12750582980004,221.03460551828573,118.0484301085,0.0,-90.0,63.0
903,42,middle,483.3016764726,221.03460551828573,118.0484301085,0.0,0.0,63.0
904,42,middle,483.3016764726,221.03460551828573,118.0484301085,45.0,0.0,63.0
905,42,middle,483.3016764726,221.03460551828573,118.0484301085,90.0,0.0,63.0
906,42,middle,483.3016764726,221.03460551828573,118.0484301085,135.0,0.0,63.0
907,42,middle,483.3016764726,221.03460551828573,118.0484301085,180.0,0.0,63.0
908,42,middle,483.3016764726,221.03460551828573,118.0484301085,225.0,0.0,63.0
909,42,middle,483.3016764726,221.03460551828573,118.0484301085,270.0,0.0,63.0
910,42,middle,483.3016764726,221.03460551828573,118.0484301085,315.0,0.0,63.0
911,42,upper,483.3016764726,221.03460551828573,118.0484301085,0.0,45.0,63.0
912,42,upper,483.3016764726,221.03460551828573,118.0484301085,60.0,45.0,63.0
913,42,upper,483.3016764726,221.03460551828573,118.0484301085,120.0,45.0,63.0
914,42,upper,483.3016764726,221.03460551828573,118.0484301085,180.0,45.0,63.0
915,42,upper,483.3016764726,221.03460551828573,118.0484301085,240.0,45.0,63.0
916,42,upper,483.3016764726,221.03460551828573,118.0484301085,300.0,45.0,63.0
917,42,lower,483.3016764726,221.03460551828573,118.0484301085,0.0,-45.0,63.0
918,42,lower,483.3016764726,221.03460551828573,118.0484301085,60.0,-45.0,63.0
919,42,lower,483.3016764726,221.03460551828573,118.0484301085,120.0,-45.0,63.0
920,42,lower,483.3016764726,221.03460551828573,118.0484301085,180.0,-45.0,63.0
921,42,lower,483.3016764726,221.03460551828573,118.0484301085,240.0,-45.0,63.0
922,42,lower,483.3016764726,221.03460551828573,118.0484301085,300.0,-45.0,63.0
923,42,ceiling,483.3016764726,221.03460551828573,118.0484301085,0.0,90.0,63.0
924,42,floor,483.3016764726,221.03460551828573,118.0484301085,0.0,-90.0,63.0
925,43,middle,460.47584711540003,221.03460551828573,118.0484301085,0.0,0.0,63.0
926,43,middle,460.47584711540003,221.03460551828573,118.0484301085,45.0,0.0,63.0
927,43,middle,460.47584711540003,221.03460551828573,118.0484301085,90.0,0.0,63.0
928,43,middle,460.47584711540003,221.03460551828573,118.0484301085,135.0,0.0,63.0
929,43,middle,460.47584711540003,221.03460551828573,118.0484301085,180.0,0.0,63.0
930,43,middle,460.47584711540003,221.03460551828573,118.0484301085,225.0,0.0,63.0
931,43,middle,460.47584711540003,221.03460551828573,118.0484301085,270.0,0.0,63.0
932,43,middle,460.47584711540003,221.03460551828573,118.0484301085,315.0,0.0,63.0
933,43,upper,460.47584711540003,221.03460551828573,118.0484301085,0.0,45.0,63.0
934,43,upper,460.47584711540003,221.03460551828573,118.0484301085,60.0,45.0,63.0
935,43,upper,460.47584711540003,221.03460551828573,118.0484301085,120.0,45.0,63.0
936,43,upper,460.47584711540003,221.03460551828573,118.0484301085,180.0,45.0,63.0
937,43,upper,460.47584711540003,221.03460551828573,118.0484301085,240.0,45.0,63.0
938,43,upper,460.47584711540003,221.03460551828573,118.0484301085,300.0,45.0,63.0
939,43,lower,460.47584711540003,221.03460551828573,118.0484301085,0.0,-45.0,63.0
940,43,lower,460.47584711540003,221.03460551828573,118.0484301085,60.0,-45.0,63.0
941,43,lower,460.47584711540003,221.03460551828573,118.0484301085,120.0,-45.0,63.0
942,43,lower,460.47584711540003,221.03460551828573,118.0484301085,180.0,-45.0,63.0
943,43,lower,460.47584711540003,221.03460551828573,118.0484301085,240.0,-45.0,63.0
944,43,lower,460.47584711540003,221.03460551828573,118.0484301085,300.0,-45.0,63.0
945,43,ceiling,460.47584711540003,221.03460551828573,118.0484301085,0.0,90.0,63.0
946,43,floor,460.47584711540003,221.03460551828573,118.0484301085,0.0,-90.0,63.0
947,44,middle,437.65001775819997,221.03460551828573,118.0484301085,0.0,0.0,63.0
948,44,middle,437.65001775819997,221.03460551828573,118.0484301085,45.0,0.0,63.0
949,44,middle,437.65001775819997,221.03460551828573,118.0484301085,90.0,0.0,63.0
950,44,middle,437.65001775819997,221.03460551828573,118.0484301085,135.0,0.0,63.0
951,44,middle,437.65001775819997,221.03460551828573,118.0484301085,180.0,0.0,63.0
952,44,middle,437.65001775819997,221.03460551828573,118.0484301085,225.0,0.0,63.0
953,44,middle,437.65001775819997,221.03460551828573,118.0484301085,270.0,0.0,63.0
954,44,middle,437.65001775819997,221.03460551828573,118.0484301085,315.0,0.0,63.0
955,44,upper,437.65001775819997,221.03460551828573,118.0484301085,0.0,45.0,63.0
956,44,upper,437.65001775819997,221.03460551828573,118.0484301085,60.0,45.0,63.0
957,44,upper,437.65001775819997,221.03460551828573,118.0484301085,120.0,45.0,63.0
958,44,upper,437.65001775819997,221.03460551828573,118.0484301085,180.0,45.0,63.0
959,44,upper,437.65001775819997,221.03460551828573,118.0484301085,240.0,45.0,63.0
960,44,upper,437.65001775819997,221.03460551828573,118.0484301085,300.0,45.0,63.0
961,44,lower,437.65001775819997,221.03460551828573,118.0484301085,0.0,-45.0,63.0
962,44,lower,437.65001775819997,221.03460551828573,118.0484301085,60.0,-45.0,63.0
963,44,lower,437.65001775819997,221.03460551828573,118.0484301085,120.0,-45.0,63.0
964,44,lower,437.65001775819997,221.03460551828573,118.0484301085,180.0,-45.0,63.0
965,44,lower,437.65001775819997,221.03460551828573,118.0484301085,240.0,-45.0,63.0
966,44,lower,437.65001775819997,221.03460551828573,118.0484301085,300.0,-45.0,63.0
967,44,ceiling,437.65001775819997,221.03460551828573,118.0484301085,0.0,90.0,63.0
968,44,floor,437.65001775819997,221.03460551828573,118.0484301085,0.0,-90.0,63.0
969,45,middle,414.824188401,221.03460551828573,118.0484301085,0.0,0.0,63.0
970,45,middle,414.824188401,221.03460551828573,118.0484301085,45.0,0.0,63.0
971,45,middle,414.824188401,221.03460551828573,118.0484301085,90.0,0.0,63.0
972,45,middle,414.824188401,221.03460551828573,118.0484301085,135.0,0.0,63.0
973,45,middle,414.824188401,221.03460551828573,118.0484301085,180.0,0.0,63.0
974,45,middle,414.824188401,221.03460551828573,118.0484301085,225.0,0.0,63.0
975,45,middle,414.824188401,221.03460551828573,118.0484301085,270.0,0.0,63.0
976,45,middle,414.824188401,221.03460551828573,118.0484301085,315.0,0.0,63.0
977,45,upper,414.824188401,221.03460551828573,118.0484301085,0.0,45.0,63.0
978,45,upper,414.824188401,221.03460551828573,118.0484301085,60.0,45.0,63.0
979,45,upper,414.824188401,221.03460551828573,118.0484301085,120.0,45.0,63.0
980,45,upper,414.824188401,221.03460551828573,118.0484301085,180.0,45.0,63.0
981,45,upper,414.824188401,221.03460551828573,118.0484301085,240.0,45.0,63.0
982,45,upper,414.824188401,221.03460551828573,118.0484301085,300.0,45.0,63.0
983,45,lower,414.824188401,221.03460551828573,118.0484301085,0.0,-45.0,63.0
984,45,lower,414.824188401,221.03460551828573,118.0484301085,60.0,-45.0,63.0
985,45,lower,414.824188401,221.03460551828573,118.0484301085,120.0,-45.0,63.0
986,45,lower,414.824188401,221.03460551828573,118.0484301085,180.0,-45.0,63.0
987,45,lower,414.824188401,221.03460551828573,118.0484301085,240.0,-45.0,63.0
988,45,lower,414.824188401,221.03460551828573,118.0484301085,300.0,-45.0,63.0
989,45,ceiling,414.824188401,221.03460551828573,118.0484301085,0.0,90.0,63.0
990,45,floor,414.824188401,221.03460551828573,118.0484301085,0.0,-90.0,63.0
991,46,middle,391.99835904379995,221.03460551828573,118.0484301085,0.0,0.0,63.0
992,46,middle,391.99835904379995,221.03460551828573,118.0484301085,45.0,0.0,63.0
993,46,middle,391.99835904379995,221.03460551828573,118.0484301085,90.0,0.0,63.0
994,46,middle,391.99835904379995,221.03460551828573,118.0484301085,135.0,0.0,63.0
995,46,middle,391.99835904379995,221.03460551828573,118.0484301085,180.0,0.0,63.0
996,46,middle,391.99835904379995,221.03460551828573,118.0484301085,225.0,0.0,63.0
997,46,middle,391.99835904379995,221.03460551828573,118.0484301085,270.0,0.0,63.0
998,46,middle,391.99835904379995,221.03460551828573,118.0484301085,315.0,0.0,63.0
999,46,upper,391.99835904379995,221.03460551828573,118.0484301085,0.0,45.0,63.0
1000,46,upper,391.99835904379995,221.03460551828573,118.0484301085,60.0,45.0,63.0
1001,46,upper,391.99835904379995,221.03460551828573,118.0484301085,120.0,45.0,63.0
1002,46,upper,391.99835904379995,221.03460551828573,118.0484301085,180.0,45.0,63.0
1003,46,upper,391.99835904379995,221.03460551828573,118.0484301085,240.0,45.0,63.0
1004,46,upper,391.99835904379995,221.03460551828573,118.0484301085,300.0,45.0,63.0
1005,46,lower,391.99835904379995,221.03460551828573,118.0484301085,0.0,-45.0,63.0
1006,46,lower,391.99835904379995,221.03460551828573,118.0484301085,60.0,-45.0,63.0
1007,46,lower,391.99835904379995,221.03460551828573,118.0484301085,120.0,-45.0,63.0
1008,46,lower,391.99835904379995,221.03460551828573,118.0484301085,180.0,-45.0,63.0
1009,46,lower,391.99835904379995,221.03460551828573,118.0484301085,240.0,-45.0,63.0
1010,46,lower,391.99835904379995,221.03460551828573,118.0484301085,300.0,-45.0,63.0
1011,46,ceiling,391.99835904379995,221.03460551828573,118.0484301085,0.0,90.0,63.0
1012,46,floor,391.99835904379995,221.03460551828573,118.0484301085,0.0,-90.0,63.0
1013,47,middle,369.1725296866,221.03460551828573,118.0484301085,0.0,0.0,63.0
1014,47,middle,369.1725296866,221.03460551828573,118.0484301085,45.0,0.0,63.0
1015,47,middle,369.1725296866,221.03460551828573,118.0484301085,90.0,0.0,63.0
1016,47,middle,369.1725296866,221.03460551828573,118.0484301085,135.0,0.0,63.0
1017,47,middle,369.1725296866,221.03460551828573,118.0484301085,180.0,0.0,63.0
1018,47,middle,369.1725296866,221.03460551828573,118.0484301085,225.0,0.0,63.0
1019,47,middle,369.1725296866,221.03460551828573,118.0484301085,270.0,0.0,63.0
1020,47,middle,369.1725296866,221.03460551828573,118.0484301085,315.0,0.0,63.0
1021,47,upper,369.1725296866,221.03460551828573,118.0484301085,0.0,45.0,63.0
1022,47,upper,369.1725296866,221.03460551828573,118.0484301085,60.0,45.0,63.0
1023,47,upper,369.1725296866,221.03460551828573,118.0484301085,120.0,45.0,63.0
1024,47,upper,369.1725296866,221.03460551828573,118.0484301085,180.0,45.0,63.0
1025,47,upper,369.1725296866,221.03460551828573,118.0484301085,240.0,45.0,63.0
1026,47,upper,369.1725296866,221.03460551828573,118.0484301085,300.0,45.0,63.0
1027,47,lower,369.1725296866,221.03460551828573,118.0484301085,0.0,-45.0,63.0
1028,47,lower,369.1725296866,221.03460551828573,118.0484301085,60.0,-45.0,63.0
1029,47,lower,369.1725296866,221.03460551828573,118.0484301085,120.0,-45.0,63.0
1030,47,lower,369.1725296866,221.03460551828573,118.0484301085,180.0,-45.0,63.0
1031,47,lower,369.1725296866,221.03460551828573,118.0484301085,240.0,-45.0,63.0
1032,47,lower,369.1725296866,221.03460551828573,118.0484301085,300.0,-45.0,63.0
1033,47,ceiling,369.1725296866,221.03460551828573,118.0484301085,0.0,90.0,63.0
1034,47,floor,369.1725296866,221.03460551828573,118.0484301085,0.0,-90.0,63.0
1035,48,middle,391.99835904379995,198.77639855714287,118.0484301085,0.0,0.0,63.0
1036,48,middle,391.99835904379995,198.77639855714287,118.0484301085,45.0,0.0,63.0
1037,48,middle,391.99835904379995,198.77639855714287,118.0484301085,90.0,0.0,63.0
1038,48,middle,391.99835904379995,198.77639855714287,118.0484301085,135.0,0.0,63.0
1039,48,middle,391.99835904379995,198.77639855714287,118.0484301085,180.0,0.0,63.0
1040,48,middle,391.99835904379995,198.77639855714287,118.0484301085,225.0,0.0,63.0
1041,48,middle,391.99835904379995,198.77639855714287,118.0484301085,270.0,0.0,63.0
1042,48,middle,391.99835904379995,198.77639855714287,118.0484301085,315.0,0.0,63.0
1043,48,upper,391.99835904379995,198.77639855714287,118.0484301085,0.0,45.0,63.0
1044,48,upper,391.99835904379995,198.77639855714287,118.0484301085,60.0,45.0,63.0
1045,48,upper,391.99835904379995,198.77639855714287,118.0484301085,120.0,45.0,63.0
1046,48,upper,391.99835904379995,198.77639855714287,118.0484301085,180.0,45.0,63.0
1047,48,upper,391.99835904379995,198.77639855714287,118.0484301085,240.0,45.0,63.0
1048,48,upper,391.99835904379995,198.77639855714287,118.0484301085,300.0,45.0,63.0
1049,48,lower,391.99835904379995,198.77639855714287,118.0484301085,0.0,-45.0,63.0
1050,48,lower,391.99835904379995,198.77639855714287,118.0484301085,60.0,-45.0,63.0
1051,48,lower,391.99835904379995,198.77639855714287,118.0484301085,120.0,-45.0,63.0
1052,48,lower,391.99835904379995,198.77639855714287,118.0484301085,180.0,-45.0,63.0
1053,48,lower,391.99835904379995,198.77639855714287,118.0484301085,240.0,-45.0,63.0
1054,48,lower,391.99835904379995,198.77639855714287,118.0484301085,300.0,-45.0,63.0
1055,48,ceiling,391.99835904379995,198.77639855714287,118.0484301085,0.0,90.0,63.0
1056,48,floor,391.99835904379995,198.77639855714287,118.0484301085,0.0,-90.0,63.0
1057,49,middle,414.824188401,198.77639855714287,118.0484301085,0.0,0.0,63.0
1058,49,middle,414.824188401,198.77639855714287,118.0484301085,45.0,0.0,63.0
1059,49,middle,414.824188401,198.77639855714287,118.0484301085,90.0,0.0,63.0
1060,49,middle,414.824188401,198.77639855714287,118.0484301085,135.0,0.0,63.0
1061,49,middle,414.824188401,198.77639855714287,118.0484301085,180.0,0.0,63.0
1062,49,middle,414.824188401,198.77639855714287,118.0484301085,225.0,0.0,63.0
1063,49,middle,414.824188401,198.77639855714287,118.0484301085,270.0,0.0,63.0
1064,49,middle,414.824188401,198.77639855714287,118.0484301085,315.0,0.0,63.0
1065,49,upper,414.824188401,198.77639855714287,118.0484301085,0.0,45.0,63.0
1066,49,upper,414.824188401,198.77639855714287,118.0484301085,60.0,45.0,63.0
1067,49,upper,414.824188401,198.77639855714287,118.0484301085,120.0,45.0,63.0
1068,49,upper,414.824188401,198.77639855714287,118.0484301085,180.0,45.0,63.0
1069,49,upper,414.824188401,198.77639855714287,118.0484301085,240.0,45.0,63.0
1070,49,upper,414.824188401,198.77639855714287,118.0484301085,300.0,45.0,63.0
1071,49,lower,414.824188401,198.77639855714287,118.0484301085,0.0,-45.0,63.0
1072,49,lower,414.824188401,198.77639855714287,118.0484301085,60.0,-45.0,63.0
1073,49,lower,414.824188401,198.77639855714287,118.0484301085,120.0,-45.0,63.0
1074,49,lower,414.824188401,198.77639855714287,118.0484301085,180.0,-45.0,63.0
1075,49,lower,414.824188401,198.77639855714287,118.0484301085,240.0,-45.0,63.0
1076,49,lower,414.824188401,198.77639855714287,118.0484301085,300.0,-45.0,63.0
1077,49,ceiling,414.824188401,198.77639855714287,118.0484301085,0.0,90.0,63.0
1078,49,floor,414.824188401,198.77639855714287,118.0484301085,0.0,-90.0,63.0
1079,50,middle,437.65001775819997,198.77639855714287,118.0484301085,0.0,0.0,63.0
1080,50,middle,437.65001775819997,198.77639855714287,118.0484301085,45.0,0.0,63.0
1081,50,middle,437.65001775819997,198.77639855714287,118.0484301085,90.0,0.0,63.0
1082,50,middle,437.65001775819997,198.77639855714287,118.0484301085,135.0,0.0,63.0
1083,50,middle,437.65001775819997,198.77639855714287,118.0484301085,180.0,0.0,63.0
1084,50,middle,437.65001775819997,198.77639855714287,118.0484301085,225.0,0.0,63.0
1085,50,middle,437.65001775819997,198.77639855714287,118.0484301085,270.0,0.0,63.0
1086,50,middle,437.65001775819997,198.77639855714287,118.0484301085,315.0,0.0,63.0
1087,50,upper,437.65001775819997,198.77639855714287,118.0484301085,0.0,45.0,63.0
1088,50,upper,437.65001775819997,198.77639855714287,118.0484301085,60.0,45.0,63.0
1089,50,upper,437.65001775819997,198.77639855714287,118.0484301085,120.0,45.0,63.0
1090,50,upper,437.65001775819997,198.77639855714287,118.0484301085,180.0,45.0,63.0
1091,50,upper,437.65001775819997,198.77639855714287,118.0484301085,240.0,45.0,63.0
1092,50,upper,437.65001775819997,198.77639855714287,118.0484301085,300.0,45.0,63.0
1093,50,lower,437.65001775819997,198.77639855714287,118.0484301085,0.0,-45.0,63.0
1094,50,lower,437.65001775819997,198.77639855714287,118.0484301085,60.0,-45.0,63.0
1095,50,lower,437.65001775819997,198.77639855714287,118.0484301085,120.0,-45.0,63.0
1096,50,lower,437.65001775819997,198.77639855714287,118.0484301085,180.0,-45.0,63.0
1097,50,lower,437.65001775819997,198.77639855714287,118.0484301085,240.0,-45.0,63.0
1098,50,lower,437.65001775819997,198.77639855714287,118.0484301085,300.0,-45.0,63.0
1099,50,ceiling,437.65001775819997,198.77639855714287,118.0484301085,0.0,90.0,63.0
1100,50,floor,437.65001775819997,198.77639855714287,118.0484301085,0.0,-90.0,63.0
1101,51,middle,460.47584711540003,198.77639855714287,118.0484301085,0.0,0.0,63.0
1102,51,middle,460.47584711540003,198.77639855714287,118.0484301085,45.0,0.0,63.0
1103,51,middle,460.47584711540003,198.77639855714287,118.0484301085,90.0,0.0,63.0
1104,51,middle,460.47584711540003,198.77639855714287,118.0484301085,135.0,0.0,63.0
1105,51,middle,460.47584711540003,198.77639855714287,118.0484301085,180.0,0.0,63.0
1106,51,middle,460.47584711540003,198.77639855714287,118.0484301085,225.0,0.0,63.0
1107,51,middle,460.47584711540003,198.77639855714287,118.0484301085,270.0,0.0,63.0
1108,51,middle,460.47584711540003,198.77639855714287,118.0484301085,315.0,0.0,63.0
1109,51,upper,460.47584711540003,198.77639855714287,118.0484301085,0.0,45.0,63.0
1110,51,upper,460.47584711540003,198.77639855714287,118.0484301085,60.0,45.0,63.0
1111,51,upper,460.47584711540003,198.77639855714287,118.0484301085,120.0,45.0,63.0
1112,51,upper,460.47584711540003,198.77639855714287,118.0484301085,180.0,45.0,63.0
1113,51,upper,460.47584711540003,198.77639855714287,118.0484301085,240.0,45.0,63.0
1114,51,upper,460.47584711540003,198.77639855714287,118.0484301085,300.0,45.0,63.0
1115,51,lower,460.47584711540003,198.77639855714287,118.0484301085,0.0,-45.0,63.0
1116,51,lower,460.47584711540003,198.77639855714287,118.0484301085,60.0,-45.0,63.0
1117,51,lower,460.47584711540003,198.77639855714287,118.0484301085,120.0,-45.0,63.0
1118,51,lower,460.47584711540003,198.77639855714287,118.0484301085,180.0,-45.0,63.0
1119,51,lower,460.47584711540003,198.77639855714287,118.0484301085,240.0,-45.0,63.0
1120,51,lower,460.47584711540003,198.77639855714287,118.0484301085,300.0,-45.0,63.0
1121,51,ceiling,460.47584711540003,198.77639855714287,118.0484301085,0.0,90.0,63.0
1122,51,floor,460.47584711540003,198.77639855714287,118.0484301085,0.0,-90.0,63.0
1123,52,middle,483.3016764726,198.77639855714287,118.0484301085,0.0,0.0,63.0
1124,52,middle,483.3016764726,198.77639855714287,118.0484301085,45.0,0.0,63.0
1125,52,middle,483.3016764726,198.77639855714287,118.0484301085,90.0,0.0,63.0
1126,52,middle,483.3016764726,198.77639855714287,118.0484301085,135.0,0.0,63.0
1127,52,middle,483.3016764726,198.77639855714287,118.0484301085,180.0,0.0,63.0
1128,52,middle,483.3016764726,198.77639855714287,118.0484301085,225.0,0.0,63.0
1129,52,middle,483.3016764726,198.77639855714287,118.0484301085,270.0,0.0,63.0
1130,52,middle,483.3016764726,198.77639855714287,118.0484301085,315.0,0.0,63.0
1131,52,upper,483.3016764726,198.77639855714287,118.0484301085,0.0,45.0,63.0
1132,52,upper,483.3016764726,198.77639855714287,118.0484301085,60.0,45.0,63.0
1133,52,upper,483.3016764726,198.77639855714287,118.0484301085,120.0,45.0,63.0
1134,52,upper,483.3016764726,198.77639855714287,118.0484301085,180.0,45.0,63.0
1135,52,upper,483.3016764726,198.77639855714287,118.0484301085,240.0,45.0,63.0
1136,52,upper,483.3016764726,198.77639855714287,118.0484301085,300.0,45.0,63.0
1137,52,lower,483.3016764726,198.77639855714287,118.0484301085,0.0,-45.0,63.0
1138,52,lower,483.3016764726,198.77639855714287,118.0484301085,60.0,-45.0,63.0
1139,52,lower,483.3016764726,198.77639855714287,118.0484301085,120.0,-45.0,63.0
1140,52,lower,483.3016764726,198.77639855714287,118.0484301085,180.0,-45.0,63.0
1141,52,lower,483.3016764726,198.77639855714287,118.0484301085,240.0,-45.0,63.0
1142,52,lower,483.3016764726,198.77639855714287,118.0484301085,300.0,-45.0,63.0
1143,52,ceiling,483.3016764726,198.77639855714287,118.0484301085,0.0,90.0,63.0
1144,52,floor,483.3016764726,198.77639855714287,118.0484301085,0.0,-90.0,63.0
1145,53,middle,506.12750582980004,198.77639855714287,118.0484301085,0.0,0.0,63.0
1146,53,middle,506.12750582980004,198.77639855714287,118.0484301085,45.0,0.0,63.0
1147,53,middle,506.12750582980004,198.77639855714287,118.0484301085,90.0,0.0,63.0
1148,53,middle,506.12750582980004,198.77639855714287,118.0484301085,135.0,0.0,63.0
1149,53,middle,506.12750582980004,198.77639855714287,118.0484301085,180.0,0.0,63.0
1150,53,middle,506.12750582980004,198.77639855714287,118.0484301085,225.0,0.0,63.0
1151,53,middle,506.12750582980004,198.77639855714287,118.0484301085,270.0,0.0,63.0
1152,53,middle,506.12750582980004,198.77639855714287,118.0484301085,315.0,0.0,63.0
1153,53,upper,506.12750582980004,198.77639855714287,118.0484301085,0.0,45.0,63.0
1154,53,upper,506.12750582980004,198.77639855714287,118.0484301085,60.0,45.0,63.0
1155,53,upper,506.12750582980004,198.77639855714287,118.0484301085,120.0,45.0,63.0
1156,53,upper,506.12750582980004,198.77639855714287,118.0484301085,180.0,45.0,63.0
1157,53,upper,506.12750582980004,198.77639855714287,118.0484301085,240.0,45.0,63.0
1158,53,upper,506.12750582980004,198.77639855714287,118.0484301085,300.0,45.0,63.0
1159,53,lower,506.12750582980004,198.77639855714287,118.0484301085,0.0,-45.0,63.0
1160,53,lower,506.12750582980004,198.77639855714287,118.0484301085,60.0,-45.0,63.0
1161,53,lower,506.12750582980004,198.77639855714287,118.0484301085,120.0,-45.0,63.0
1162,53,lower,506.12750582980004,198.77639855714287,118.0484301085,180.0,-45.0,63.0
1163,53,lower,506.12750582980004,198.77639855714287,118.0484301085,240.0,-45.0,63.0
1164,53,lower,506.12750582980004,198.77639855714287,118.0484301085,300.0,-45.0,63.0
1165,53,ceiling,506.12750582980004,198.77639855714287,118.0484301085,0.0,90.0,63.0
1166,53,floor,506.12750582980004,198.77639855714287,118.0484301085,0.0,-90.0,63.0
1167,54,middle,483.3016764726,198.77639855714287,124.97026871399999,0.0,0.0,63.0
1168,54,middle,483.3016764726,198.77639855714287,124.97026871399999,45.0,0.0,63.0
1169,54,middle,483.3016764726,198.77639855714287,124.97026871399999,90.0,0.0,63.0
1170,54,middle,483.3016764726,198.77639855714287,124.97026871399999,135.0,0.0,63.0
1171,54,middle,483.3016764726,198.77639855714287,124.97026871399999,180.0,0.0,63.0
1172,54,middle,483.3016764726,198.77639855714287,124.97026871399999,225.0,0.0,63.0
1173,54,middle,483.3016764726,198.77639855714287,124.97026871399999,270.0,0.0,63.0
1174,54,middle,483.3016764726,198.77639855714287,124.97026871399999,315.0,0.0,63.0
1175,54,upper,483.3016764726,198.77639855714287,124.97026871399999,0.0,45.0,63.0
1176,54,upper,483.3016764726,198.77639855714287,124.97026871399999,60.0,45.0,63.0
1177,54,upper,483.3016764726,198.77639855714287,124.97026871399999,120.0,45.0,63.0
1178,54,upper,483.3016764726,198.77639855714287,124.97026871399999,180.0,45.0,63.0
1179,54,upper,483.3016764726,198.77639855714287,124.97026871399999,240.0,45.0,63.0
1180,54,upper,483.3016764726,198.77639855714287,124.97026871399999,300.0,45.0,63.0
1181,54,lower,483.3016764726,198.77639855714287,124.97026871399999,0.0,-45.0,63.0
1182,54,lower,483.3016764726,198.77639855714287,124.97026871399999,60.0,-45.0,63.0
1183,54,lower,483.3016764726,198.77639855714287,124.97026871399999,120.0,-45.0,63.0
1184,54,lower,483.3016764726,198.77639855714287,124.97026871399999,180.0,-45.0,63.0
1185,54,lower,483.3016764726,198.77639855714287,124.97026871399999,240.0,-45.0,63.0
1186,54,lower,483.3016764726,198.77639855714287,124.97026871399999,300.0,-45.0,63.0
1187,54,ceiling,483.3016764726,198.77639855714287,124.97026871399999,0.0,90.0,63.0
1188,54,floor,483.3016764726,198.77639855714287,124.97026871399999,0.0,-90.0,63.0
1189,55,middle,460.47584711540003,198.77639855714287,124.97026871399999,0.0,0.0,63.0
1190,55,middle,460.47584711540003,198.77639855714287,124.97026871399999,45.0,0.0,63.0
1191,55,middle,460.47584711540003,198.77639855714287,124.97026871399999,90.0,0.0,63.0
1192,55,middle,460.47584711540003,198.77639855714287,124.97026871399999,135.0,0.0,63.0
1193,55,middle,460.47584711540003,198.77639855714287,124.97026871399999,180.0,0.0,63.0
1194,55,middle,460.47584711540003,198.77639855714287,124.97026871399999,225.0,0.0,63.0
1195,55,middle,460.47584711540003,198.77639855714287,124.97026871399999,270.0,0.0,63.0
1196,55,middle,460.47584711540003,198.77639855714287,124.97026871399999,315.0,0.0,63.0
1197,55,upper,460.47584711540003,198.77639855714287,124.97026871399999,0.0,45.0,63.0
1198,55,upper,460.47584711540003,198.77639855714287,124.97026871399999,60.0,45.0,63.0
1199,55,upper,460.47584711540003,198.77639855714287,124.97026871399999,120.0,45.0,63.0
1200,55,upper,460.47584711540003,198.77639855714287,124.97026871399999,180.0,45.0,63.0
1201,55,upper,460.47584711540003,198.77639855714287,124.97026871399999,240.0,45.0,63.0
1202,55,upper,460.47584711540003,198.77639855714287,124.97026871399999,300.0,45.0,63.0
1203,55,lower,460.47584711540003,198.77639855714287,124.97026871399999,0.0,-45.0,63.0
1204,55,lower,460.47584711540003,198.77639855714287,124.97026871399999,60.0,-45.0,63.0
1205,55,lower,460.47584711540003,198.77639855714287,124.97026871399999,120.0,-45.0,63.0
1206,55,lower,460.47584711540003,198.77639855714287,124.97026871399999,180.0,-45.0,63.0
1207,55,lower,460.47584711540003,198.77639855714287,124.97026871399999,240.0,-45.0,63.0
1208,55,lower,460.47584711540003,198.77639855714287,124.97026871399999,300.0,-45.0,63.0
1209,55,ceiling,460.47584711540003,198.77639855714287,124.97026871399999,0.0,90.0,63.0
1210,55,floor,460.47584711540003,198.77639855714287,124.97026871399999,0.0,-90.0,63.0
1211,56,middle,437.65001775819997,198.77639855714287,124.97026871399999,0.0,0.0,63.0
1212,56,middle,437.65001775819997,198.77639855714287,124.97026871399999,45.0,0.0,63.0
1213,56,middle,437.65001775819997,198.77639855714287,124.97026871399999,90.0,0.0,63.0
1214,56,middle,437.65001775819997,198.77639855714287,124.97026871399999,135.0,0.0,63.0
1215,56,middle,437.65001775819997,198.77639855714287,124.97026871399999,180.0,0.0,63.0
1216,56,middle,437.65001775819997,198.77639855714287,124.97026871399999,225.0,0.0,63.0
1217,56,middle,437.65001775819997,198.77639855714287,124.97026871399999,270.0,0.0,63.0
1218,56,middle,437.65001775819997,198.77639855714287,124.97026871399999,315.0,0.0,63.0
1219,56,upper,437.65001775819997,198.77639855714287,124.97026871399999,0.0,45.0,63.0
1220,56,upper,437.65001775819997,198.77639855714287,124.97026871399999,60.0,45.0,63.0
1221,56,upper,437.65001775819997,198.77639855714287,124.97026871399999,120.0,45.0,63.0
1222,56,upper,437.65001775819997,198.77639855714287,124.97026871399999,180.0,45.0,63.0
1223,56,upper,437.65001775819997,198.77639855714287,124.97026871399999,240.0,45.0,63.0
1224,56,upper,437.65001775819997,198.77639855714287,124.97026871399999,300.0,45.0,63.0
1225,56,lower,437.65001775819997,198.77639855714287,124.97026871399999,0.0,-45.0,63.0
1226,56,lower,437.65001775819997,198.77639855714287,124.97026871399999,60.0,-45.0,63.0
1227,56,lower,437.65001775819997,198.77639855714287,124.97026871399999,120.0,-45.0,63.0
1228,56,lower,437.65001775819997,198.77639855714287,124.97026871399999,180.0,-45.0,63.0
1229,56,lower,437.65001775819997,198.77639855714287,124.97026871399999,240.0,-45.0,63.0
1230,56,lower,437.65001775819997,198.77639855714287,124.97026871399999,300.0,-45.0,63.0
1231,56,ceiling,437.65001775819997,198.77639855714287,124.97026871399999,0.0,90.0,63.0
1232,56,floor,437.65001775819997,198.77639855714287,124.97026871399999,0.0,-90.0,63.0
1233,57,middle,414.824188401,198.77639855714287,124.97026871399999,0.0,0.0,63.0
1234,57,middle,414.824188401,198.77639855714287,124.97026871399999,45.0,0.0,63.0
1235,57,middle,414.824188401,198.77639855714287,124.97026871399999,90.0,0.0,63.0
1236,57,middle,414.824188401,198.77639855714287,124.97026871399999,135.0,0.0,63.0
1237,57,middle,414.824188401,198.77639855714287,124.97026871399999,180.0,0.0,63.0
1238,57,middle,414.824188401,198.77639855714287,124.97026871399999,225.0,0.0,63.0
1239,57,middle,414.824188401,198.77639855714287,124.97026871399999,270.0,0.0,63.0
1240,57,middle,414.824188401,198.77639855714287,124.97026871399999,315.0,0.0,63.0
1241,57,upper,414.824188401,198.77639855714287,124.97026871399999,0.0,45.0,63.0
1242,57,upper,414.824188401,198.77639855714287,124.97026871399999,60.0,45.0,63.0
1243,57,upper,414.824188401,198.77639855714287,124.97026871399999,120.0,45.0,63.0
1244,57,upper,414.824188401,198.77639855714287,124.97026871399999,180.0,45.0,63.0
1245,57,upper,414.824188401,198.77639855714287,124.97026871399999,240.0,45.0,63.0
1246,57,upper,414.824188401,198.77639855714287,124.97026871399999,300.0,45.0,63.0
1247,57,lower,414.824188401,198.77639855714287,124.97026871399999,0.0,-45.0,63.0
1248,57,lower,414.824188401,198.77639855714287,124.97026871399999,60.0,-45.0,63.0
1249,57,lower,414.824188401,198.77639855714287,124.97026871399999,120.0,-45.0,63.0
1250,57,lower,414.824188401,198.77639855714287,124.97026871399999,180.0,-45.0,63.0
1251,57,lower,414.824188401,198.77639855714287,124.97026871399999,240.0,-45.0,63.0
1252,57,lower,414.824188401,198.77639855714287,124.97026871399999,300.0,-45.0,63.0
1253,57,ceiling,414.824188401,198.77639855714287,124.97026871399999,0.0,90.0,63.0
1254,57,floor,414.824188401,198.77639855714287,124.97026871399999,0.0,-90.0,63.0
1255,58,middle,391.99835904379995,198.77639855714287,124.97026871399999,0.0,0.0,63.0
1256,58,middle,391.99835904379995,198.77639855714287,124.97026871399999,45.0,0.0,63.0
1257,58,middle,391.99835904379995,198.77639855714287,124.97026871399999,90.0,0.0,63.0
1258,58,middle,391.99835904379995,198.77639855714287,124.97026871399999,135.0,0.0,63.0
1259,58,middle,391.99835904379995,198.77639855714287,124.97026871399999,180.0,0.0,63.0
1260,58,middle,391.99835904379995,198.77639855714287,124.97026871399999,225.0,0.0,63.0
1261,58,middle,391.99835904379995,198.77639855714287,124.97026871399999,270.0,0.0,63.0
1262,58,middle,391.99835904379995,198.77639855714287,124.97026871399999,315.0,0.0,63.0
1263,58,upper,391.99835904379995,198.77639855714287,124.97026871399999,0.0,45.0,63.0
1264,58,upper,391.99835904379995,198.77639855714287,124.97026871399999,60.0,45.0,63.0
1265,58,upper,391.99835904379995,198.77639855714287,124.97026871399999,120.0,45.0,63.0
1266,58,upper,391.99835904379995,198.77639855714287,124.97026871399999,180.0,45.0,63.0
1267,58,upper,391.99835904379995,198.77639855714287,124.97026871399999,240.0,45.0,63.0
1268,58,upper,391.99835904379995,198.77639855714287,124.97026871399999,300.0,45.0,63.0
1269,58,lower,391.99835904379995,198.77639855714287,124.97026871399999,0.0,-45.0,63.0
1270,58,lower,391.99835904379995,198.77639855714287,124.97026871399999,60.0,-45.0,63.0
1271,58,lower,391.99835904379995,198.77639855714287,124.97026871399999,120.0,-45.0,63.0
1272,58,lower,391.99835904379995,198.77639855714287,124.97026871399999,180.0,-45.0,63.0
1273,58,lower,391.99835904379995,198.77639855714287,124.97026871399999,240.0,-45.0,63.0
1274,58,lower,391.99835904379995,198.77639855714287,124.97026871399999,300.0,-45.0,63.0
1275,58,ceiling,391.99835904379995,198.77639855714287,124.97026871399999,0.0,90.0,63.0
1276,58,floor,391.99835904379995,198.77639855714287,124.97026871399999,0.0,-90.0,63.0
1277,59,middle,369.1725296866,198.77639855714287,124.97026871399999,0.0,0.0,63.0
1278,59,middle,369.1725296866,198.77639855714287,124.97026871399999,45.0,0.0,63.0
1279,59,middle,369.1725296866,198.77639855714287,124.97026871399999,90.0,0.0,63.0
1280,59,middle,369.1725296866,198.77639855714287,124.97026871399999,135.0,0.0,63.0
1281,59,middle,369.1725296866,198.77639855714287,124.97026871399999,180.0,0.0,63.0
1282,59,middle,369.1725296866,198.77639855714287,124.97026871399999,225.0,0.0,63.0
1283,59,middle,369.1725296866,198.77639855714287,124.97026871399999,270.0,0.0,63.0
1284,59,middle,369.1725296866,198.77639855714287,124.97026871399999,315.0,0.0,63.0
1285,59,upper,369.1725296866,198.77639855714287,124.97026871399999,0.0,45.0,63.0
1286,59,upper,369.1725296866,198.77639855714287,124.97026871399999,60.0,45.0,63.0
1287,59,upper,369.1725296866,198.77639855714287,124.97026871399999,120.0,45.0,63.0
1288,59,upper,369.1725296866,198.77639855714287,124.97026871399999,180.0,45.0,63.0
1289,59,upper,369.1725296866,198.77639855714287,124.97026871399999,240.0,45.0,63.0
1290,59,upper,369.1725296866,198.77639855714287,124.97026871399999,300.0,45.0,63.0
1291,59,lower,369.1725296866,198.77639855714287,124.97026871399999,0.0,-45.0,63.0
1292,59,lower,369.1725296866,198.77639855714287,124.97026871399999,60.0,-45.0,63.0
1293,59,lower,369.1725296866,198.77639855714287,124.97026871399999,120.0,-45.0,63.0
1294,59,lower,369.1725296866,198.77639855714287,124.97026871399999,180.0,-45.0,63.0
1295,59,lower,369.1725296866,198.77639855714287,124.97026871399999,240.0,-45.0,63.0
1296,59,lower,369.1725296866,198.77639855714287,124.97026871399999,300.0,-45.0,63.0
1297,59,ceiling,369.1725296866,198.77639855714287,124.97026871399999,0.0,90.0,63.0
1298,59,floor,369.1725296866,198.77639855714287,124.97026871399999,0.0,-90.0,63.0
1299,60,middle,323.5208709722,221.03460551828573,124.97026871399999,0.0,0.0,63.0
1300,60,middle,323.5208709722,221.03460551828573,124.97026871399999,45.0,0.0,63.0
1301,60,middle,323.5208709722,221.03460551828573,124.97026871399999,90.0,0.0,63.0
1302,60,middle,323.5208709722,221.03460551828573,124.97026871399999,135.0,0.0,63.0
1303,60,middle,323.5208709722,221.03460551828573,124.97026871399999,180.0,0.0,63.0
1304,60,middle,323.5208709722,221.03460551828573,124.97026871399999,225.0,0.0,63.0
1305,60,middle,323.5208709722,221.03460551828573,124.97026871399999,270.0,0.0,63.0
1306,60,middle,323.5208709722,221.03460551828573,124.97026871399999,315.0,0.0,63.0
1307,60,upper,323.5208709722,221.03460551828573,124.97026871399999,0.0,45.0,63.0
1308,60,upper,323.5208709722,221.03460551828573,124.97026871399999,60.0,45.0,63.0
1309,60,upper,323.5208709722,221.03460551828573,124.97026871399999,120.0,45.0,63.0
1310,60,upper,323.5208709722,221.03460551828573,124.97026871399999,180.0,45.0,63.0
1311,60,upper,323.5208709722,221.03460551828573,124.97026871399999,240.0,45.0,63.0
1312,60,upper,323.5208709722,221.03460551828573,124.97026871399999,300.0,45.0,63.0
1313,60,lower,323.5208709722,221.03460551828573,124.97026871399999,0.0,-45.0,63.0
1314,60,lower,323.5208709722,221.03460551828573,124.97026871399999,60.0,-45.0,63.0
1315,60,lower,323.5208709722,221.03460551828573,124.97026871399999,120.0,-45.0,63.0
1316,60,lower,323.5208709722,221.03460551828573,124.97026871399999,180.0,-45.0,63.0
1317,60,lower,323.5208709722,221.03460551828573,124.97026871399999,240.0,-45.0,63.0
1318,60,lower,323.5208709722,221.03460551828573,124.97026871399999,300.0,-45.0,63.0
1319,60,ceiling,323.5208709722,221.03460551828573,124.97026871399999,0.0,90.0,63.0
1320,60,floor,323.5208709722,221.03460551828573,124.97026871399999,0.0,-90.0,63.0
1321,61,middle,346.3467003294,221.03460551828573,124.97026871399999,0.0,0.0,63.0
1322,61,middle,346.3467003294,221.03460551828573,124.97026871399999,45.0,0.0,63.0
1323,61,middle,346.3467003294,221.03460551828573,124.97026871399999,90.0,0.0,63.0
1324,61,middle,346.3467003294,221.03460551828573,124.97026871399999,135.0,0.0,63.0
1325,61,middle,346.3467003294,221.03460551828573,124.97026871399999,180.0,0.0,63.0
1326,61,middle,346.3467003294,221.03460551828573,124.97026871399999,225.0,0.0,63.0
1327,61,middle,346.3467003294,221.03460551828573,124.97026871399999,270.0,0.0,63.0
1328,61,middle,346.3467003294,221.03460551828573,124.97026871399999,315.0,0.0,63.0
1329,61,upper,346.3467003294,221.03460551828573,124.97026871399999,0.0,45.0,63.0
1330,61,upper,346.3467003294,221.03460551828573,124.97026871399999,60.0,45.0,63.0
1331,61,upper,346.3467003294,221.03460551828573,124.97026871399999,120.0,45.0,63.0
1332,61,upper,346.3467003294,221.03460551828573,124.97026871399999,180.0,45.0,63.0
1333,61,upper,346.3467003294,221.03460551828573,124.97026871399999,240.0,45.0,63.0
1334,61,upper,346.3467003294,221.03460551828573,124.97026871399999,300.0,45.0,63.0
1335,61,lower,346.3467003294,221.03460551828573,124.97026871399999,0.0,-45.0,63.0
1336,61,lower,346.3467003294,221.03460551828573,124.97026871399999,60.0,-45.0,63.0
1337,61,lower,346.3467003294,221.03460551828573,124.97026871399999,120.0,-45.0,63.0
1338,61,lower,346.3467003294,221.03460551828573,124.97026871399999,180.0,-45.0,63.0
1339,61,lower,346.3467003294,221.03460551828573,124.97026871399999,240.0,-45.0,63.0
1340,61,lower,346.3467003294,221.03460551828573,124.97026871399999,300.0,-45.0,63.0
1341,61,ceiling,346.3467003294,221.03460551828573,124.97026871399999,0.0,90.0,63.0
1342,61,floor,346.3467003294,221.03460551828573,124.97026871399999,0.0,-90.0,63.0
1343,62,middle,369.1725296866,221.03460551828573,124.97026871399999,0.0,0.0,63.0
1344,62,middle,369.1725296866,221.03460551828573,124.97026871399999,45.0,0.0,63.0
1345,62,middle,369.1725296866,221.03460551828573,124.97026871399999,90.0,0.0,63.0
1346,62,middle,369.1725296866,221.03460551828573,124.97026871399999,135.0,0.0,63.0
1347,62,middle,369.1725296866,221.03460551828573,124.97026871399999,180.0,0.0,63.0
1348,62,middle,369.1725296866,221.03460551828573,124.97026871399999,225.0,0.0,63.0
1349,62,middle,369.1725296866,221.03460551828573,124.97026871399999,270.0,0.0,63.0
1350,62,middle,369.1725296866,221.03460551828573,124.97026871399999,315.0,0.0,63.0
1351,62,upper,369.1725296866,221.03460551828573,124.97026871399999,0.0,45.0,63.0
1352,62,upper,369.1725296866,221.03460551828573,124.97026871399999,60.0,45.0,63.0
1353,62,upper,369.1725296866,221.03460551828573,124.97026871399999,120.0,45.0,63.0
1354,62,upper,369.1725296866,221.03460551828573,124.97026871399999,180.0,45.0,63.0
1355,62,upper,369.1725296866,221.03460551828573,124.97026871399999,240.0,45.0,63.0
1356,62,upper,369.1725296866,221.03460551828573,124.97026871399999,300.0,45.0,63.0
1357,62,lower,369.1725296866,221.03460551828573,124.97026871399999,0.0,-45.0,63.0
1358,62,lower,369.1725296866,221.03460551828573,124.97026871399999,60.0,-45.0,63.0
1359,62,lower,369.1725296866,221.03460551828573,124.97026871399999,120.0,-45.0,63.0
1360,62,lower,369.1725296866,221.03460551828573,124.97026871399999,180.0,-45.0,63.0
1361,62,lower,369.1725296866,221.03460551828573,124.97026871399999,240.0,-45.0,63.0
1362,62,lower,369.1725296866,221.03460551828573,124.97026871399999,300.0,-45.0,63.0
1363,62,ceiling,369.1725296866,221.03460551828573,124.97026871399999,0.0,90.0,63.0
1364,62,floor,369.1725296866,221.03460551828573,124.97026871399999,0.0,-90.0,63.0
1365,63,middle,391.99835904379995,221.03460551828573,124.97026871399999,0.0,0.0,63.0
1366,63,middle,391.99835904379995,221.03460551828573,124.97026871399999,45.0,0.0,63.0
1367,63,middle,391.99835904379995,221.03460551828573,124.97026871399999,90.0,0.0,63.0
1368,63,middle,391.99835904379995,221.03460551828573,124.97026871399999,135.0,0.0,63.0
1369,63,middle,391.99835904379995,221.03460551828573,124.97026871399999,180.0,0.0,63.0
1370,63,middle,391.99835904379995,221.03460551828573,124.97026871399999,225.0,0.0,63.0
1371,63,middle,391.99835904379995,221.03460551828573,124.97026871399999,270.0,0.0,63.0
1372,63,middle,391.99835904379995,221.03460551828573,124.97026871399999,315.0,0.0,63.0
1373,63,upper,391.99835904379995,221.03460551828573,124.97026871399999,0.0,45.0,63.0
1374,63,upper,391.99835904379995,221.03460551828573,124.97026871399999,60.0,45.0,63.0
1375,63,upper,391.99835904379995,221.03460551828573,124.97026871399999,120.0,45.0,63.0
1376,63,upper,391.99835904379995,221.03460551828573,124.97026871399999,180.0,45.0,63.0
1377,63,upper,391.99835904379995,221.03460551828573,124.97026871399999,240.0,45.0,63.0
1378,63,upper,391.99835904379995,221.03460551828573,124.97026871399999,300.0,45.0,63.0
1379,63,lower,391.99835904379995,221.03460551828573,124.97026871399999,0.0,-45.0,63.0
1380,63,lower,391.99835904379995,221.03460551828573,124.97026871399999,60.0,-45.0,63.0
1381,63,lower,391.99835904379995,221.03460551828573,124.97026871399999,120.0,-45.0,63.0
1382,63,lower,391.99835904379995,221.03460551828573,124.97026871399999,180.0,-45.0,63.0
1383,63,lower,391.99835904379995,221.03460551828573,124.97026871399999,240.0,-45.0,63.0
1384,63,lower,391.99835904379995,221.03460551828573,124.97026871399999,300.0,-45.0,63.0
1385,63,ceiling,391.99835904379995,221.03460551828573,124.97026871399999,0.0,90.0,63.0
1386,63,floor,391.99835904379995,221.03460551828573,124.97026871399999,0.0,-90.0,63.0
1387,64,middle,414.824188401,221.03460551828573,124.97026871399999,0.0,0.0,63.0
1388,64,middle,414.824188401,221.03460551828573,124.97026871399999,45.0,0.0,63.0
1389,64,middle,414.824188401,221.03460551828573,124.97026871399999,90.0,0.0,63.0
1390,64,middle,414.824188401,221.03460551828573,124.97026871399999,135.0,0.0,63.0
1391,64,middle,414.824188401,221.03460551828573,124.97026871399999,180.0,0.0,63.0
1392,64,middle,414.824188401,221.03460551828573,124.97026871399999,225.0,0.0,63.0
1393,64,middle,414.824188401,221.03460551828573,124.97026871399999,270.0,0.0,63.0
1394,64,middle,414.824188401,221.03460551828573,124.97026871399999,315.0,0.0,63.0
1395,64,upper,414.824188401,221.03460551828573,124.97026871399999,0.0,45.0,63.0
1396,64,upper,414.824188401,221.03460551828573,124.97026871399999,60.0,45.0,63.0
1397,64,upper,414.824188401,221.03460551828573,124.97026871399999,120.0,45.0,63.0
1398,64,upper,414.824188401,221.03460551828573,124.97026871399999,180.0,45.0,63.0
1399,64,upper,414.824188401,221.03460551828573,124.97026871399999,240.0,45.0,63.0
1400,64,upper,414.824188401,221.03460551828573,124.97026871399999,300.0,45.0,63.0
1401,64,lower,414.824188401,221.03460551828573,124.97026871399999,0.0,-45.0,63.0
1402,64,lower,414.824188401,221.03460551828573,124.97026871399999,60.0,-45.0,63.0
1403,64,lower,414.824188401,221.03460551828573,124.97026871399999,120.0,-45.0,63.0
1404,64,lower,414.824188401,221.03460551828573,124.97026871399999,180.0,-45.0,63.0
1405,64,lower,414.824188401,221.03460551828573,124.97026871399999,240.0,-45.0,63.0
1406,64,lower,414.824188401,221.03460551828573,124.97026871399999,300.0,-45.0,63.0
1407,64,ceiling,414.824188401,221.03460551828573,124.97026871399999,0.0,90.0,63.0
1408,64,floor,414.824188401,221.03460551828573,124.97026871399999,0.0,-90.0,63.0
1409,65,middle,437.65001775819997,221.03460551828573,124.97026871399999,0.0,0.0,63.0
1410,65,middle,437.65001775819997,221.03460551828573,124.97026871399999,45.0,0.0,63.0
1411,65,middle,437.65001775819997,221.03460551828573,124.97026871399999,90.0,0.0,63.0
1412,65,middle,437.65001775819997,221.03460551828573,124.97026871399999,135.0,0.0,63.0
1413,65,middle,437.65001775819997,221.03460551828573,124.97026871399999,180.0,0.0,63.0
1414,65,middle,437.65001775819997,221.03460551828573,124.97026871399999,225.0,0.0,63.0
1415,65,middle,437.65001775819997,221.03460551828573,124.97026871399999,270.0,0.0,63.0
1416,65,middle,437.65001775819997,221.03460551828573,124.97026871399999,315.0,0.0,63.0
1417,65,upper,437.65001775819997,221.03460551828573,124.97026871399999,0.0,45.0,63.0
1418,65,upper,437.65001775819997,221.03460551828573,124.97026871399999,60.0,45.0,63.0
1419,65,upper,437.65001775819997,221.03460551828573,124.97026871399999,120.0,45.0,63.0
1420,65,upper,437.65001775819997,221.03460551828573,124.97026871399999,180.0,45.0,63.0
1421,65,upper,437.65001775819997,221.03460551828573,124.97026871399999,240.0,45.0,63.0
1422,65,upper,437.65001775819997,221.03460551828573,124.97026871399999,300.0,45.0,63.0
1423,65,lower,437.65001775819997,221.03460551828573,124.97026871399999,0.0,-45.0,63.0
1424,65,lower,437.65001775819997,221.03460551828573,124.97026871399999,60.0,-45.0,63.0
1425,65,lower,437.65001775819997,221.03460551828573,124.97026871399999,120.0,-45.0,63.0
1426,65,lower,437.65001775819997,221.03460551828573,124.97026871399999,180.0,-45.0,63.0
1427,65,lower,437.65001775819997,221.03460551828573,124.97026871399999,240.0,-45.0,63.0
1428,65,lower,437.65001775819997,221.03460551828573,124.97026871399999,300.0,-45.0,63.0
1429,65,ceiling,437.65001775819997,221.03460551828573,124.97026871399999,0.0,90.0,63.0
1430,65,floor,437.65001775819997,221.03460551828573,124.97026871399999,0.0,-90.0,63.0
1431,66,middle,460.47584711540003,221.03460551828573,124.97026871399999,0.0,0.0,63.0
1432,66,middle,460.47584711540003,221.03460551828573,124.97026871399999,45.0,0.0,63.0
1433,66,middle,460.47584711540003,221.03460551828573,124.97026871399999,90.0,0.0,63.0
1434,66,middle,460.47584711540003,221.03460551828573,124.97026871399999,135.0,0.0,63.0
1435,66,middle,460.47584711540003,221.03460551828573,124.97026871399999,180.0,0.0,63.0
1436,66,middle,460.47584711540003,221.03460551828573,124.97026871399999,225.0,0.0,63.0
1437,66,middle,460.47584711540003,221.03460551828573,124.97026871399999,270.0,0.0,63.0
1438,66,middle,460.47584711540003,221.03460551828573,124.97026871399999,315.0,0.0,63.0
1439,66,upper,460.47584711540003,221.03460551828573,124.97026871399999,0.0,45.0,63.0
1440,66,upper,460.47584711540003,221.03460551828573,124.97026871399999,60.0,45.0,63.0
1441,66,upper,460.47584711540003,221.03460551828573,124.97026871399999,120.0,45.0,63.0
1442,66,upper,460.47584711540003,221.03460551828573,124.97026871399999,180.0,45.0,63.0
1443,66,upper,460.47584711540003,221.03460551828573,124.97026871399999,240.0,45.0,63.0
1444,66,upper,460.47584711540003,221.03460551828573,124.97026871399999,300.0,45.0,63.0
1445,66,lower,460.47584711540003,221.03460551828573,124.97026871399999,0.0,-45.0,63.0
1446,66,lower,460.47584711540003,221.03460551828573,124.97026871399999,60.0,-45.0,63.0
1447,66,lower,460.47584711540003,221.03460551828573,124.97026871399999,120.0,-45.0,63.0
1448,66,lower,460.47584711540003,221.03460551828573,124.97026871399999,180.0,-45.0,63.0
1449,66,lower,460.47584711540003,221.03460551828573,124.97026871399999,240.0,-45.0,63.0
1450,66,lower,460.47584711540003,221.03460551828573,124.97026871399999,300.0,-45.0,63.0
1451,66,ceiling,460.47584711540003,221.03460551828573,124.97026871399999,0.0,90.0,63.0
1452,66,floor,460.47584711540003,221.03460551828573,124.97026871399999,0.0,-90.0,63.0
1453,67,middle,483.3016764726,221.03460551828573,124.97026871399999,0.0,0.0,63.0
1454,67,middle,483.3016764726,221.03460551828573,124.97026871399999,45.0,0.0,63.0
1455,67,middle,483.3016764726,221.03460551828573,124.97026871399999,90.0,0.0,63.0
1456,67,middle,483.3016764726,221.03460551828573,124.97026871399999,135.0,0.0,63.0
1457,67,middle,483.3016764726,221.03460551828573,124.97026871399999,180.0,0.0,63.0
1458,67,middle,483.3016764726,221.03460551828573,124.97026871399999,225.0,0.0,63.0
1459,67,middle,483.3016764726,221.03460551828573,124.97026871399999,270.0,0.0,63.0
1460,67,middle,483.3016764726,221.03460551828573,124.97026871399999,315.0,0.0,63.0
1461,67,upper,483.3016764726,221.03460551828573,124.97026871399999,0.0,45.0,63.0
1462,67,upper,483.3016764726,221.03460551828573,124.97026871399999,60.0,45.0,63.0
1463,67,upper,483.3016764726,221.03460551828573,124.97026871399999,120.0,45.0,63.0
1464,67,upper,483.3016764726,221.03460551828573,124.97026871399999,180.0,45.0,63.0
1465,67,upper,483.3016764726,221.03460551828573,124.97026871399999,240.0,45.0,63.0
1466,67,upper,483.3016764726,221.03460551828573,124.97026871399999,300.0,45.0,63.0
1467,67,lower,483.3016764726,221.03460551828573,124.97026871399999,0.0,-45.0,63.0
1468,67,lower,483.3016764726,221.03460551828573,124.97026871399999,60.0,-45.0,63.0
1469,67,lower,483.3016764726,221.03460551828573,124.97026871399999,120.0,-45.0,63.0
1470,67,lower,483.3016764726,221.03460551828573,124.97026871399999,180.0,-45.0,63.0
1471,67,lower,483.3016764726,221.03460551828573,124.97026871399999,240.0,-45.0,63.0
1472,67,lower,483.3016764726,221.03460551828573,124.97026871399999,300.0,-45.0,63.0
1473,67,ceiling,483.3016764726,221.03460551828573,124.97026871399999,0.0,90.0,63.0
1474,67,floor,483.3016764726,221.03460551828573,124.97026871399999,0.0,-90.0,63.0
1475,68,middle,483.3016764726,243.29281247942856,124.97026871399999,0.0,0.0,63.0
1476,68,middle,483.3016764726,243.29281247942856,124.97026871399999,45.0,0.0,63.0
1477,68,middle,483.3016764726,243.29281247942856,124.97026871399999,90.0,0.0,63.0
1478,68,middle,483.3016764726,243.29281247942856,124.97026871399999,135.0,0.0,63.0
1479,68,middle,483.3016764726,243.29281247942856,124.97026871399999,180.0,0.0,63.0
1480,68,middle,483.3016764726,243.29281247942856,124.97026871399999,225.0,0.0,63.0
1481,68,middle,483.3016764726,243.29281247942856,124.97026871399999,270.0,0.0,63.0
1482,68,middle,483.3016764726,243.29281247942856,124.97026871399999,315.0,0.0,63.0
1483,68,upper,483.3016764726,243.29281247942856,124.97026871399999,0.0,45.0,63.0
1484,68,upper,483.3016764726,243.29281247942856,124.97026871399999,60.0,45.0,63.0
1485,68,upper,483.3016764726,243.29281247942856,124.97026871399999,120.0,45.0,63.0
1486,68,upper,483.3016764726,243.29281247942856,124.97026871399999,180.0,45.0,63.0
1487,68,upper,483.3016764726,243.29281247942856,124.97026871399999,240.0,45.0,63.0
1488,68,upper,483.3016764726,243.29281247942856,124.97026871399999,300.0,45.0,63.0
1489,68,lower,483.3016764726,243.29281247942856,124.97026871399999,0.0,-45.0,63.0
1490,68,lower,483.3016764726,243.29281247942856,124.97026871399999,60.0,-45.0,63.0
1491,68,lower,483.3016764726,243.29281247942856,124.97026871399999,120.0,-45.0,63.0
1492,68,lower,483.3016764726,243.29281247942856,124.97026871399999,180.0,-45.0,63.0
1493,68,lower,483.3016764726,243.29281247942856,124.97026871399999,240.0,-45.0,63.0
1494,68,lower,483.3016764726,243.29281247942856,124.97026871399999,300.0,-45.0,63.0
1495,68,ceiling,483.3016764726,243.29281247942856,124.97026871399999,0.0,90.0,63.0
1496,68,floor,483.3016764726,243.29281247942856,124.97026871399999,0.0,-90.0,63.0
1497,69,middle,460.47584711540003,243.29281247942856,124.97026871399999,0.0,0.0,63.0
1498,69,middle,460.47584711540003,243.29281247942856,124.97026871399999,45.0,0.0,63.0
1499,69,middle,460.47584711540003,243.29281247942856,124.97026871399999,90.0,0.0,63.0
1500,69,middle,460.47584711540003,243.29281247942856,124.97026871399999,135.0,0.0,63.0
1501,69,middle,460.47584711540003,243.29281247942856,124.97026871399999,180.0,0.0,63.0
1502,69,middle,460.47584711540003,243.29281247942856,124.97026871399999,225.0,0.0,63.0
1503,69,middle,460.47584711540003,243.29281247942856,124.97026871399999,270.0,0.0,63.0
1504,69,middle,460.47584711540003,243.29281247942856,124.97026871399999,315.0,0.0,63.0
1505,69,upper,460.47584711540003,243.29281247942856,124.97026871399999,0.0,45.0,63.0
1506,69,upper,460.47584711540003,243.29281247942856,124.97026871399999,60.0,45.0,63.0
1507,69,upper,460.47584711540003,243.29281247942856,124.97026871399999,120.0,45.0,63.0
1508,69,upper,460.47584711540003,243.29281247942856,124.97026871399999,180.0,45.0,63.0
1509,69,upper,460.47584711540003,243.29281247942856,124.97026871399999,240.0,45.0,63.0
1510,69,upper,460.47584711540003,243.29281247942856,124.97026871399999,300.0,45.0,63.0
1511,69,lower,460.47584711540003,243.29281247942856,124.97026871399999,0.0,-45.0,63.0
1512,69,lower,460.47584711540003,243.29281247942856,124.97026871399999,60.0,-45.0,63.0
1513,69,lower,460.47584711540003,243.29281247942856,124.97026871399999,120.0,-45.0,63.0
1514,69,lower,460.47584711540003,243.29281247942856,124.97026871399999,180.0,-45.0,63.0
1515,69,lower,460.47584711540003,243.29281247942856,124.97026871399999,240.0,-45.0,63.0
1516,69,lower,460.47584711540003,243.29281247942856,124.97026871399999,300.0,-45.0,63.0
1517,69,ceiling,460.47584711540003,243.29281247942856,124.97026871399999,0.0,90.0,63.0
1518,69,floor,460.47584711540003,243.29281247942856,124.97026871399999,0.0,-90.0,63.0
1519,70,middle,437.65001775819997,243.29281247942856,124.97026871399999,0.0,0.0,63.0
1520,70,middle,437.65001775819997,243.29281247942856,124.97026871399999,45.0,0.0,63.0
1521,70,middle,437.65001775819997,243.29281247942856,124.97026871399999,90.0,0.0,63.0
1522,70,middle,437.65001775819997,243.29281247942856,124.97026871399999,135.0,0.0,63.0
1523,70,middle,437.65001775819997,243.29281247942856,124.97026871399999,180.0,0.0,63.0
1524,70,middle,437.65001775819997,243.29281247942856,124.97026871399999,225.0,0.0,63.0
1525,70,middle,437.65001775819997,243.29281247942856,124.97026871399999,270.0,0.0,63.0
1526,70,middle,437.65001775819997,243.29281247942856,124.97026871399999,315.0,0.0,63.0
1527,70,upper,437.65001775819997,243.29281247942856,124.97026871399999,0.0,45.0,63.0
1528,70,upper,437.65001775819997,243.29281247942856,124.97026871399999,60.0,45.0,63.0
1529,70,upper,437.65001775819997,243.29281247942856,124.97026871399999,120.0,45.0,63.0
1530,70,upper,437.65001775819997,243.29281247942856,124.97026871399999,180.0,45.0,63.0
1531,70,upper,437.65001775819997,243.29281247942856,124.97026871399999,240.0,45.0,63.0
1532,70,upper,437.65001775819997,243.29281247942856,124.97026871399999,300.0,45.0,63.0
1533,70,lower,437.65001775819997,243.29281247942856,124.97026871399999,0.0,-45.0,63.0
1534,70,lower,437.65001775819997,243.29281247942856,124.97026871399999,60.0,-45.0,63.0
1535,70,lower,437.65001775819997,243.29281247942856,124.97026871399999,120.0,-45.0,63.0
1536,70,lower,437.65001775819997,243.29281247942856,124.97026871399999,180.0,-45.0,63.0
1537,70,lower,437.65001775819997,243.29281247942856,124.97026871399999,240.0,-45.0,63.0
1538,70,lower,437.65001775819997,243.29281247942856,124.97026871399999,300.0,-45.0,63.0
1539,70,ceiling,437.65001775819997,243.29281247942856,124.97026871399999,0.0,90.0,63.0
1540,70,floor,437.65001775819997,243.29281247942856,124.97026871399999,0.0,-90.0,63.0
1541,71,middle,414.824188401,243.29281247942856,124.97026871399999,0.0,0.0,63.0
1542,71,middle,414.824188401,243.29281247942856,124.97026871399999,45.0,0.0,63.0
1543,71,middle,414.824188401,243.29281247942856,124.97026871399999,90.0,0.0,63.0
1544,71,middle,414.824188401,243.29281247942856,124.97026871399999,135.0,0.0,63.0
1545,71,middle,414.824188401,243.29281247942856,124.97026871399999,180.0,0.0,63.0
1546,71,middle,414.824188401,243.29281247942856,124.97026871399999,225.0,0.0,63.0
1547,71,middle,414.824188401,243.29281247942856,124.97026871399999,270.0,0.0,63.0
1548,71,middle,414.824188401,243.29281247942856,124.97026871399999,315.0,0.0,63.0
1549,71,upper,414.824188401,243.29281247942856,124.97026871399999,0.0,45.0,63.0
1550,71,upper,414.824188401,243.29281247942856,124.97026871399999,60.0,45.0,63.0
1551,71,upper,414.824188401,243.29281247942856,124.97026871399999,120.0,45.0,63.0
1552,71,upper,414.824188401,243.29281247942856,124.97026871399999,180.0,45.0,63.0
1553,71,upper,414.824188401,243.29281247942856,124.97026871399999,240.0,45.0,63.0
1554,71,upper,414.824188401,243.29281247942856,124.97026871399999,300.0,45.0,63.0
1555,71,lower,414.824188401,243.29281247942856,124.97026871399999,0.0,-45.0,63.0
1556,71,lower,414.824188401,243.29281247942856,124.97026871399999,60.0,-45.0,63.0
1557,71,lower,414.824188401,243.29281247942856,124.97026871399999,120.0,-45.0,63.0
1558,71,lower,414.824188401,243.29281247942856,124.97026871399999,180.0,-45.0,63.0
1559,71,lower,414.824188401,243.29281247942856,124.97026871399999,240.0,-45.0,63.0
1560,71,lower,414.824188401,243.29281247942856,124.97026871399999,300.0,-45.0,63.0
1561,71,ceiling,414.824188401,243.29281247942856,124.97026871399999,0.0,90.0,63.0
1562,71,floor,414.824188401,243.29281247942856,124.97026871399999,0.0,-90.0,63.0
1563,72,middle,391.99835904379995,243.29281247942856,124.97026871399999,0.0,0.0,63.0
1564,72,middle,391.99835904379995,243.29281247942856,124.97026871399999,45.0,0.0,63.0
1565,72,middle,391.99835904379995,243.29281247942856,124.97026871399999,90.0,0.0,63.0
1566,72,middle,391.99835904379995,243.29281247942856,124.97026871399999,135.0,0.0,63.0
1567,72,middle,391.99835904379995,243.29281247942856,124.97026871399999,180.0,0.0,63.0
1568,72,middle,391.99835904379995,243.29281247942856,124.97026871399999,225.0,0.0,63.0
1569,72,middle,391.99835904379995,243.29281247942856,124.97026871399999,270.0,0.0,63.0
1570,72,middle,391.99835904379995,243.29281247942856,124.97026871399999,315.0,0.0,63.0
1571,72,upper,391.99835904379995,243.29281247942856,124.97026871399999,0.0,45.0,63.0
1572,72,upper,391.99835904379995,243.29281247942856,124.97026871399999,60.0,45.0,63.0
1573,72,upper,391.99835904379995,243.29281247942856,124.97026871399999,120.0,45.0,63.0
1574,72,upper,391.99835904379995,243.29281247942856,124.97026871399999,180.0,45.0,63.0
1575,72,upper,391.99835904379995,243.29281247942856,124.97026871399999,240.0,45.0,63.0
1576,72,upper,391.99835904379995,243.29281247942856,124.97026871399999,300.0,45.0,63.0
1577,72,lower,391.99835904379995,243.29281247942856,124.97026871399999,0.0,-45.0,63.0
1578,72,lower,391.99835904379995,243.29281247942856,124.97026871399999,60.0,-45.0,63.0
1579,72,lower,391.99835904379995,243.29281247942856,124.97026871399999,120.0,-45.0,63.0
1580,72,lower,391.99835904379995,243.29281247942856,124.97026871399999,180.0,-45.0,63.0
1581,72,lower,391.99835904379995,243.29281247942856,124.97026871399999,240.0,-45.0,63.0
1582,72,lower,391.99835904379995,243.29281247942856,124.97026871399999,300.0,-45.0,63.0
1583,72,ceiling,391.99835904379995,243.29281247942856,124.97026871399999,0.0,90.0,63.0
1584,72,floor,391.99835904379995,243.29281247942856,124.97026871399999,0.0,-90.0,63.0
1585,73,middle,369.1725296866,243.29281247942856,124.97026871399999,0.0,0.0,63.0
1586,73,middle,369.1725296866,243.29281247942856,124.97026871399999,45.0,0.0,63.0
1587,73,middle,369.1725296866,243.29281247942856,124.97026871399999,90.0,0.0,63.0
1588,73,middle,369.1725296866,243.29281247942856,124.97026871399999,135.0,0.0,63.0
1589,73,middle,369.1725296866,243.29281247942856,124.97026871399999,180.0,0.0,63.0
1590,73,middle,369.1725296866,243.29281247942856,124.97026871399999,225.0,0.0,63.0
1591,73,middle,369.1725296866,243.29281247942856,124.97026871399999,270.0,0.0,63.0
1592,73,middle,369.1725296866,243.29281247942856,124.97026871399999,315.0,0.0,63.0
1593,73,upper,369.1725296866,243.29281247942856,124.97026871399999,0.0,45.0,63.0
1594,73,upper,369.1725296866,243.29281247942856,124.97026871399999,60.0,45.0,63.0
1595,73,upper,369.1725296866,243.29281247942856,124.97026871399999,120.0,45.0,63.0
1596,73,upper,369.1725296866,243.29281247942856,124.97026871399999,180.0,45.0,63.0
1597,73,upper,369.1725296866,243.29281247942856,124.97026871399999,240.0,45.0,63.0
1598,73,upper,369.1725296866,243.29281247942856,124.97026871399999,300.0,45.0,63.0
1599,73,lower,369.1725296866,243.29281247942856,124.97026871399999,0.0,-45.0,63.0
1600,73,lower,369.1725296866,243.29281247942856,124.97026871399999,60.0,-45.0,63.0
1601,73,lower,369.1725296866,243.29281247942856,124.97026871399999,120.0,-45.0,63.0
1602,73,lower,369.1725296866,243.29281247942856,124.97026871399999,180.0,-45.0,63.0
1603,73,lower,369.1725296866,243.29281247942856,124.97026871399999,240.0,-45.0,63.0
1604,73,lower,369.1725296866,243.29281247942856,124.97026871399999,300.0,-45.0,63.0
1605,73,ceiling,369.1725296866,243.29281247942856,124.97026871399999,0.0,90.0,63.0
1606,73,floor,369.1725296866,243.29281247942856,124.97026871399999,0.0,-90.0,63.0
1607,74,middle,346.3467003294,243.29281247942856,124.97026871399999,0.0,0.0,63.0
1608,74,middle,346.3467003294,243.29281247942856,124.97026871399999,45.0,0.0,63.0
1609,74,middle,346.3467003294,243.29281247942856,124.97026871399999,90.0,0.0,63.0
1610,74,middle,346.3467003294,243.29281247942856,124.97026871399999,135.0,0.0,63.0
1611,74,middle,346.3467003294,243.29281247942856,124.97026871399999,180.0,0.0,63.0
1612,74,middle,346.3467003294,243.29281247942856,124.97026871399999,225.0,0.0,63.0
1613,74,middle,346.3467003294,243.29281247942856,124.97026871399999,270.0,0.0,63.0
1614,74,middle,346.3467003294,243.29281247942856,124.97026871399999,315.0,0.0,63.0
1615,74,upper,346.3467003294,243.29281247942856,124.97026871399999,0.0,45.0,63.0
1616,74,upper,346.3467003294,243.29281247942856,124.97026871399999,60.0,45.0,63.0
1617,74,upper,346.3467003294,243.29281247942856,124.97026871399999,120.0,45.0,63.0
1618,74,upper,346.3467003294,243.29281247942856,124.97026871399999,180.0,45.0,63.0
1619,74,upper,346.3467003294,243.29281247942856,124.97026871399999,240.0,45.0,63.0
1620,74,upper,346.3467003294,243.29281247942856,124.97026871399999,300.0,45.0,63.0
1621,74,lower,346.3467003294,243.29281247942856,124.97026871399999,0.0,-45.0,63.0
1622,74,lower,346.3467003294,243.29281247942856,124.97026871399999,60.0,-45.0,63.0
1623,74,lower,346.3467003294,243.29281247942856,124.97026871399999,120.0,-45.0,63.0
1624,74,lower,346.3467003294,243.29281247942856,124.97026871399999,180.0,-45.0,63.0
1625,74,lower,346.3467003294,243.29281247942856,124.97026871399999,240.0,-45.0,63.0
1626,74,lower,346.3467003294,243.29281247942856,124.97026871399999,300.0,-45.0,63.0
1627,74,ceiling,346.3467003294,243.29281247942856,124.97026871399999,0.0,90.0,63.0
1628,74,floor,346.3467003294,243.29281247942856,124.97026871399999,0.0,-90.0,63.0
1629,75,middle,323.5208709722,243.29281247942856,124.97026871399999,0.0,0.0,63.0
1630,75,middle,323.5208709722,243.29281247942856,124.97026871399999,45.0,0.0,63.0
1631,75,middle,323.5208709722,243.29281247942856,124.97026871399999,90.0,0.0,63.0
1632,75,middle,323.5208709722,243.29281247942856,124.97026871399999,135.0,0.0,63.0
1633,75,middle,323.5208709722,243.29281247942856,124.97026871399999,180.0,0.0,63.0
1634,75,middle,323.5208709722,243.29281247942856,124.97026871399999,225.0,0.0,63.0
1635,75,middle,323.5208709722,243.29281247942856,124.97026871399999,270.0,0.0,63.0
1636,75,middle,323.5208709722,243.29281247942856,124.97026871399999,315.0,0.0,63.0
1637,75,upper,323.5208709722,243.29281247942856,124.97026871399999,0.0,45.0,63.0
1638,75,upper,323.5208709722,243.29281247942856,124.97026871399999,60.0,45.0,63.0
1639,75,upper,323.5208709722,243.29281247942856,124.97026871399999,120.0,45.0,63.0
1640,75,upper,323.5208709722,243.29281247942856,124.97026871399999,180.0,45.0,63.0
1641,75,upper,323.5208709722,243.29281247942856,124.97026871399999,240.0,45.0,63.0
1642,75,upper,323.5208709722,243.29281247942856,124.97026871399999,300.0,45.0,63.0
1643,75,lower,323.5208709722,243.29281247942856,124.97026871399999,0.0,-45.0,63.0
1644,75,lower,323.5208709722,243.29281247942856,124.97026871399999,60.0,-45.0,63.0
1645,75,lower,323.5208709722,243.29281247942856,124.97026871399999,120.0,-45.0,63.0
1646,75,lower,323.5208709722,243.29281247942856,124.97026871399999,180.0,-45.0,63.0
1647,75,lower,323.5208709722,243.29281247942856,124.97026871399999,240.0,-45.0,63.0
1648,75,lower,323.5208709722,243.29281247942856,124.97026871399999,300.0,-45.0,63.0
1649,75,ceiling,323.5208709722,243.29281247942856,124.97026871399999,0.0,90.0,63.0
1650,75,floor,323.5208709722,243.29281247942856,124.97026871399999,0.0,-90.0,63.0
1651,76,middle,346.3467003294,265.55101944057145,124.97026871399999,0.0,0.0,63.0
1652,76,middle,346.3467003294,265.55101944057145,124.97026871399999,45.0,0.0,63.0
1653,76,middle,346.3467003294,265.55101944057145,124.97026871399999,90.0,0.0,63.0
1654,76,middle,346.3467003294,265.55101944057145,124.97026871399999,135.0,0.0,63.0
1655,76,middle,346.3467003294,265.55101944057145,124.97026871399999,180.0,0.0,63.0
1656,76,middle,346.3467003294,265.55101944057145,124.97026871399999,225.0,0.0,63.0
1657,76,middle,346.3467003294,265.55101944057145,124.97026871399999,270.0,0.0,63.0
1658,76,middle,346.3467003294,265.55101944057145,124.97026871399999,315.0,0.0,63.0
1659,76,upper,346.3467003294,265.55101944057145,124.97026871399999,0.0,45.0,63.0
1660,76,upper,346.3467003294,265.55101944057145,124.97026871399999,60.0,45.0,63.0
1661,76,upper,346.3467003294,265.55101944057145,124.97026871399999,120.0,45.0,63.0
1662,76,upper,346.3467003294,265.55101944057145,124.97026871399999,180.0,45.0,63.0
1663,76,upper,346.3467003294,265.55101944057145,124.97026871399999,240.0,45.0,63.0
1664,76,upper,346.3467003294,265.55101944057145,124.97026871399999,300.0,45.0,63.0
1665,76,lower,346.3467003294,265.55101944057145,124.97026871399999,0.0,-45.0,63.0
1666,76,lower,346.3467003294,265.55101944057145,124.97026871399999,60.0,-45.0,63.0
1667,76,lower,346.3467003294,265.55101944057145,124.97026871399999,120.0,-45.0,63.0
1668,76,lower,346.3467003294,265.55101944057145,124.97026871399999,180.0,-45.0,63.0
1669,76,lower,346.3467003294,265.55101944057145,124.97026871399999,240.0,-45.0,63.0
1670,76,lower,346.3467003294,265.55101944057145,124.97026871399999,300.0,-45.0,63.0
1671,76,ceiling,346.3467003294,265.55101944057145,124.97026871399999,0.0,90.0,63.0
1672,76,floor,346.3467003294,265.55101944057145,124.97026871399999,0.0,-90.0,63.0
1673,77,middle,369.1725296866,265.55101944057145,124.97026871399999,0.0,0.0,63.0
1674,77,middle,369.1725296866,265.55101944057145,124.97026871399999,45.0,0.0,63.0
1675,77,middle,369.1725296866,265.55101944057145,124.97026871399999,90.0,0.0,63.0
1676,77,middle,369.1725296866,265.55101944057145,124.97026871399999,135.0,0.0,63.0
1677,77,middle,369.1725296866,265.55101944057145,124.97026871399999,180.0,0.0,63.0
1678,77,middle,369.1725296866,265.55101944057145,124.97026871399999,225.0,0.0,63.0
1679,77,middle,369.1725296866,265.55101944057145,124.97026871399999,270.0,0.0,63.0
1680,77,middle,369.1725296866,265.55101944057145,124.97026871399999,315.0,0.0,63.0
1681,77,upper,369.1725296866,265.55101944057145,124.97026871399999,0.0,45.0,63.0
1682,77,upper,369.1725296866,265.55101944057145,124.97026871399999,60.0,45.0,63.0
1683,77,upper,369.1725296866,265.55101944057145,124.97026871399999,120.0,45.0,63.0
1684,77,upper,369.1725296866,265.55101944057145,124.97026871399999,180.0,45.0,63.0
1685,77,upper,369.1725296866,265.55101944057145,124.97026871399999,240.0,45.0,63.0
1686,77,upper,369.1725296866,265.55101944057145,124.97026871399999,300.0,45.0,63.0
1687,77,lower,369.1725296866,265.55101944057145,124.97026871399999,0.0,-45.0,63.0
1688,77,lower,369.1725296866,265.55101944057145,124.97026871399999,60.0,-45.0,63.0
1689,77,lower,369.1725296866,265.55101944057145,124.97026871399999,120.0,-45.0,63.0
1690,77,lower,369.1725296866,265.55101944057145,124.97026871399999,180.0,-45.0,63.0
1691,77,lower,369.1725296866,265.55101944057145,124.97026871399999,240.0,-45.0,63.0
1692,77,lower,369.1725296866,265.55101944057145,124.97026871399999,300.0,-45.0,63.0
1693,77,ceiling,369.1725296866,265.55101944057145,124.97026871399999,0.0,90.0,63.0
1694,77,floor,369.1725296866,265.55101944057145,124.97026871399999,0.0,-90.0,63.0
1695,78,middle,391.99835904379995,265.55101944057145,124.97026871399999,0.0,0.0,63.0
1696,78,middle,391.99835904379995,265.55101944057145,124.97026871399999,45.0,0.0,63.0
1697,78,middle,391.99835904379995,265.55101944057145,124.97026871399999,90.0,0.0,63.0
1698,78,middle,391.99835904379995,265.55101944057145,124.97026871399999,135.0,0.0,63.0
1699,78,middle,391.99835904379995,265.55101944057145,124.97026871399999,180.0,0.0,63.0
1700,78,middle,391.99835904379995,265.55101944057145,124.97026871399999,225.0,0.0,63.0
1701,78,middle,391.99835904379995,265.55101944057145,124.97026871399999,270.0,0.0,63.0
1702,78,middle,391.99835904379995,265.55101944057145,124.97026871399999,315.0,0.0,63.0
1703,78,upper,391.99835904379995,265.55101944057145,124.97026871399999,0.0,45.0,63.0
1704,78,upper,391.99835904379995,265.55101944057145,124.97026871399999,60.0,45.0,63.0
1705,78,upper,391.99835904379995,265.55101944057145,124.97026871399999,120.0,45.0,63.0
1706,78,upper,391.99835904379995,265.55101944057145,124.97026871399999,180.0,45.0,63.0
1707,78,upper,391.99835904379995,265.55101944057145,124.97026871399999,240.0,45.0,63.0
1708,78,upper,391.99835904379995,265.55101944057145,124.97026871399999,300.0,45.0,63.0
1709,78,lower,391.99835904379995,265.55101944057145,124.97026871399999,0.0,-45.0,63.0
1710,78,lower,391.99835904379995,265.55101944057145,124.97026871399999,60.0,-45.0,63.0
1711,78,lower,391.99835904379995,265.55101944057145,124.97026871399999,120.0,-45.0,63.0
1712,78,lower,391.99835904379995,265.55101944057145,124.97026871399999,180.0,-45.0,63.0
1713,78,lower,391.99835904379995,265.55101944057145,124.97026871399999,240.0,-45.0,63.0
1714,78,lower,391.99835904379995,265.55101944057145,124.97026871399999,300.0,-45.0,63.0
1715,78,ceiling,391.99835904379995,265.55101944057145,124.97026871399999,0.0,90.0,63.0
1716,78,floor,391.99835904379995,265.55101944057145,124.97026871399999,0.0,-90.0,63.0
1717,79,middle,414.824188401,265.55101944057145,124.97026871399999,0.0,0.0,63.0
1718,79,middle,414.824188401,265.55101944057145,124.97026871399999,45.0,0.0,63.0
1719,79,middle,414.824188401,265.55101944057145,124.97026871399999,90.0,0.0,63.0
1720,79,middle,414.824188401,265.55101944057145,124.97026871399999,135.0,0.0,63.0
1721,79,middle,414.824188401,265.55101944057145,124.97026871399999,180.0,0.0,63.0
1722,79,middle,414.824188401,265.55101944057145,124.97026871399999,225.0,0.0,63.0
1723,79,middle,414.824188401,265.55101944057145,124.97026871399999,270.0,0.0,63.0
1724,79,middle,414.824188401,265.55101944057145,124.97026871399999,315.0,0.0,63.0
1725,79,upper,414.824188401,265.55101944057145,124.97026871399999,0.0,45.0,63.0
1726,79,upper,414.824188401,265.55101944057145,124.97026871399999,60.0,45.0,63.0
1727,79,upper,414.824188401,265.55101944057145,124.97026871399999,120.0,45.0,63.0
1728,79,upper,414.824188401,265.55101944057145,124.97026871399999,180.0,45.0,63.0
1729,79,upper,414.824188401,265.55101944057145,124.97026871399999,240.0,45.0,63.0
1730,79,upper,414.824188401,265.55101944057145,124.97026871399999,300.0,45.0,63.0
1731,79,lower,414.824188401,265.55101944057145,124.97026871399999,0.0,-45.0,63.0
1732,79,lower,414.824188401,265.55101944057145,124.97026871399999,60.0,-45.0,63.0
1733,79,lower,414.824188401,265.55101944057145,124.97026871399999,120.0,-45.0,63.0
1734,79,lower,414.824188401,265.55101944057145,124.97026871399999,180.0,-45.0,63.0
1735,79,lower,414.824188401,265.55101944057145,124.97026871399999,240.0,-45.0,63.0
1736,79,lower,414.824188401,265.55101944057145,124.97026871399999,300.0,-45.0,63.0
1737,79,ceiling,414.824188401,265.55101944057145,124.97026871399999,0.0,90.0,63.0
1738,79,floor,414.824188401,265.55101944057145,124.97026871399999,0.0,-90.0,63.0
1739,80,middle,437.65001775819997,265.55101944057145,124.97026871399999,0.0,0.0,63.0
1740,80,middle,437.65001775819997,265.55101944057145,124.97026871399999,45.0,0.0,63.0
1741,80,middle,437.65001775819997,265.55101944057145,124.97026871399999,90.0,0.0,63.0
1742,80,middle,437.65001775819997,265.55101944057145,124.97026871399999,135.0,0.0,63.0
1743,80,middle,437.65001775819997,265.55101944057145,124.97026871399999,180.0,0.0,63.0
1744,80,middle,437.65001775819997,265.55101944057145,124.97026871399999,225.0,0.0,63.0
1745,80,middle,437.65001775819997,265.55101944057145,124.97026871399999,270.0,0.0,63.0
1746,80,middle,437.65001775819997,265.55101944057145,124.97026871399999,315.0,0.0,63.0
1747,80,upper,437.65001775819997,265.55101944057145,124.97026871399999,0.0,45.0,63.0
1748,80,upper,437.65001775819997,265.55101944057145,124.97026871399999,60.0,45.0,63.0
1749,80,upper,437.65001775819997,265.55101944057145,124.97026871399999,120.0,45.0,63.0
1750,80,upper,437.65001775819997,265.55101944057145,124.97026871399999,180.0,45.0,63.0
1751,80,upper,437.65001775819997,265.55101944057145,124.97026871399999,240.0,45.0,63.0
1752,80,upper,437.65001775819997,265.55101944057145,124.97026871399999,300.0,45.0,63.0
1753,80,lower,437.65001775819997,265.55101944057145,124.97026871399999,0.0,-45.0,63.0
1754,80,lower,437.65001775819997,265.55101944057145,124.97026871399999,60.0,-45.0,63.0
1755,80,lower,437.65001775819997,265.55101944057145,124.97026871399999,120.0,-45.0,63.0
1756,80,lower,437.65001775819997,265.55101944057145,124.97026871399999,180.0,-45.0,63.0
1757,80,lower,437.65001775819997,265.55101944057145,124.97026871399999,240.0,-45.0,63.0
1758,80,lower,437.65001775819997,265.55101944057145,124.97026871399999,300.0,-45.0,63.0
1759,80,ceiling,437.65001775819997,265.55101944057145,124.97026871399999,0.0,90.0,63.0
1760,80,floor,437.65001775819997,265.55101944057145,124.97026871399999,0.0,-90.0,63.0
1761,81,middle,460.47584711540003,265.55101944057145,124.97026871399999,0.0,0.0,63.0
1762,81,middle,460.47584711540003,265.55101944057145,124.97026871399999,45.0,0.0,63.0
1763,81,middle,460.47584711540003,265.55101944057145,124.97026871399999,90.0,0.0,63.0
1764,81,middle,460.47584711540003,265.55101944057145,124.97026871399999,135.0,0.0,63.0
1765,81,middle,460.47584711540003,265.55101944057145,124.97026871399999,180.0,0.0,63.0
1766,81,middle,460.47584711540003,265.55101944057145,124.97026871399999,225.0,0.0,63.0
1767,81,middle,460.47584711540003,265.55101944057145,124.97026871399999,270.0,0.0,63.0
1768,81,middle,460.47584711540003,265.55101944057145,124.97026871399999,315.0,0.0,63.0
1769,81,upper,460.47584711540003,265.55101944057145,124.97026871399999,0.0,45.0,63.0
1770,81,upper,460.47584711540003,265.55101944057145,124.97026871399999,60.0,45.0,63.0
1771,81,upper,460.47584711540003,265.55101944057145,124.97026871399999,120.0,45.0,63.0
1772,81,upper,460.47584711540003,265.55101944057145,124.97026871399999,180.0,45.0,63.0
1773,81,upper,460.47584711540003,265.55101944057145,124.97026871399999,240.0,45.0,63.0
1774,81,upper,460.47584711540003,265.55101944057145,124.97026871399999,300.0,45.0,63.0
1775,81,lower,460.47584711540003,265.55101944057145,124.97026871399999,0.0,-45.0,63.0
1776,81,lower,460.47584711540003,265.55101944057145,124.97026871399999,60.0,-45.0,63.0
1777,81,lower,460.47584711540003,265.55101944057145,124.97026871399999,120.0,-45.0,63.0
1778,81,lower,460.47584711540003,265.55101944057145,124.97026871399999,180.0,-45.0,63.0
1779,81,lower,460.47584711540003,265.55101944057145,124.97026871399999,240.0,-45.0,63.0
1780,81,lower,460.47584711540003,265.55101944057145,124.97026871399999,300.0,-45.0,63.0
1781,81,ceiling,460.47584711540003,265.55101944057145,124.97026871399999,0.0,90.0,63.0
1782,81,floor,460.47584711540003,265.55101944057145,124.97026871399999,0.0,-90.0,63.0
1783,82,middle,483.3016764726,265.55101944057145,124.97026871399999,0.0,0.0,63.0
1784,82,middle,483.3016764726,265.55101944057145,124.97026871399999,45.0,0.0,63.0
1785,82,middle,483.3016764726,265.55101944057145,124.97026871399999,90.0,0.0,63.0
1786,82,middle,483.3016764726,265.55101944057145,124.97026871399999,135.0,0.0,63.0
1787,82,middle,483.3016764726,265.55101944057145,124.97026871399999,180.0,0.0,63.0
1788,82,middle,483.3016764726,265.55101944057145,124.97026871399999,225.0,0.0,63.0
1789,82,middle,483.3016764726,265.55101944057145,124.97026871399999,270.0,0.0,63.0
1790,82,middle,483.3016764726,265.55101944057145,124.97026871399999,315.0,0.0,63.0
1791,82,upper,483.3016764726,265.55101944057145,124.97026871399999,0.0,45.0,63.0
1792,82,upper,483.3016764726,265.55101944057145,124.97026871399999,60.0,45.0,63.0
1793,82,upper,483.3016764726,265.55101944057145,124.97026871399999,120.0,45.0,63.0
1794,82,upper,483.3016764726,265.55101944057145,124.97026871399999,180.0,45.0,63.0
1795,82,upper,483.3016764726,265.55101944057145,124.97026871399999,240.0,45.0,63.0
1796,82,upper,483.3016764726,265.55101944057145,124.97026871399999,300.0,45.0,63.0
1797,82,lower,483.3016764726,265.55101944057145,124.97026871399999,0.0,-45.0,63.0
1798,82,lower,483.3016764726,265.55101944057145,124.97026871399999,60.0,-45.0,63.0
1799,82,lower,483.3016764726,265.55101944057145,124.97026871399999,120.0,-45.0,63.0
1800,82,lower,483.3016764726,265.55101944057145,124.97026871399999,180.0,-45.0,63.0
1801,82,lower,483.3016764726,265.55101944057145,124.97026871399999,240.0,-45.0,63.0
1802,82,lower,483.3016764726,265.55101944057145,124.97026871399999,300.0,-45.0,63.0
1803,82,ceiling,483.3016764726,265.55101944057145,124.97026871399999,0.0,90.0,63.0
1804,82,floor,483.3016764726,265.55101944057145,124.97026871399999,0.0,-90.0,63.0
1805,83,middle,460.47584711540003,287.8092264017143,124.97026871399999,0.0,0.0,63.0
1806,83,middle,460.47584711540003,287.8092264017143,124.97026871399999,45.0,0.0,63.0
1807,83,middle,460.47584711540003,287.8092264017143,124.97026871399999,90.0,0.0,63.0
1808,83,middle,460.47584711540003,287.8092264017143,124.97026871399999,135.0,0.0,63.0
1809,83,middle,460.47584711540003,287.8092264017143,124.97026871399999,180.0,0.0,63.0
1810,83,middle,460.47584711540003,287.8092264017143,124.97026871399999,225.0,0.0,63.0
1811,83,middle,460.47584711540003,287.8092264017143,124.97026871399999,270.0,0.0,63.0
1812,83,middle,460.47584711540003,287.8092264017143,124.97026871399999,315.0,0.0,63.0
1813,83,upper,460.47584711540003,287.8092264017143,124.97026871399999,0.0,45.0,63.0
1814,83,upper,460.47584711540003,287.8092264017143,124.97026871399999,60.0,45.0,63.0
1815,83,upper,460.47584711540003,287.8092264017143,124.97026871399999,120.0,45.0,63.0
1816,83,upper,460.47584711540003,287.8092264017143,124.97026871399999,180.0,45.0,63.0
1817,83,upper,460.47584711540003,287.8092264017143,124.97026871399999,240.0,45.0,63.0
1818,83,upper,460.47584711540003,287.8092264017143,124.97026871399999,300.0,45.0,63.0
1819,83,lower,460.47584711540003,287.8092264017143,124.97026871399999,0.0,-45.0,63.0
1820,83,lower,460.47584711540003,287.8092264017143,124.97026871399999,60.0,-45.0,63.0
1821,83,lower,460.47584711540003,287.8092264017143,124.97026871399999,120.0,-45.0,63.0
1822,83,lower,460.47584711540003,287.8092264017143,124.97026871399999,180.0,-45.0,63.0
1823,83,lower,460.47584711540003,287.8092264017143,124.97026871399999,240.0,-45.0,63.0
1824,83,lower,460.47584711540003,287.8092264017143,124.97026871399999,300.0,-45.0,63.0
1825,83,ceiling,460.47584711540003,287.8092264017143,124.97026871399999,0.0,90.0,63.0
1826,83,floor,460.47584711540003,287.8092264017143,124.97026871399999,0.0,-90.0,63.0
1827,84,middle,437.65001775819997,287.8092264017143,124.97026871399999,0.0,0.0,63.0
1828,84,middle,437.65001775819997,287.8092264017143,124.97026871399999,45.0,0.0,63.0
1829,84,middle,437.65001775819997,287.8092264017143,124.97026871399999,90.0,0.0,63.0
1830,84,middle,437.65001775819997,287.8092264017143,124.97026871399999,135.0,0.0,63.0
1831,84,middle,437.65001775819997,287.8092264017143,124.97026871399999,180.0,0.0,63.0
1832,84,middle,437.65001775819997,287.8092264017143,124.97026871399999,225.0,0.0,63.0
1833,84,middle,437.65001775819997,287.8092264017143,124.97026871399999,270.0,0.0,63.0
1834,84,middle,437.65001775819997,287.8092264017143,124.97026871399999,315.0,0.0,63.0
1835,84,upper,437.65001775819997,287.8092264017143,124.97026871399999,0.0,45.0,63.0
1836,84,upper,437.65001775819997,287.8092264017143,124.97026871399999,60.0,45.0,63.0
1837,84,upper,437.65001775819997,287.8092264017143,124.97026871399999,120.0,45.0,63.0
1838,84,upper,437.65001775819997,287.8092264017143,124.97026871399999,180.0,45.0,63.0
1839,84,upper,437.65001775819997,287.8092264017143,124.97026871399999,240.0,45.0,63.0
1840,84,upper,437.65001775819997,287.8092264017143,124.97026871399999,300.0,45.0,63.0
1841,84,lower,437.65001775819997,287.8092264017143,124.97026871399999,0.0,-45.0,63.0
1842,84,lower,437.65001775819997,287.8092264017143,124.97026871399999,60.0,-45.0,63.0
1843,84,lower,437.65001775819997,287.8092264017143,124.97026871399999,120.0,-45.0,63.0
1844,84,lower,437.65001775819997,287.8092264017143,124.97026871399999,180.0,-45.0,63.0
1845,84,lower,437.65001775819997,287.8092264017143,124.97026871399999,240.0,-45.0,63.0
1846,84,lower,437.65001775819997,287.8092264017143,124.97026871399999,300.0,-45.0,63.0
1847,84,ceiling,437.65001775819997,287.8092264017143,124.97026871399999,0.0,90.0,63.0
1848,84,floor,437.65001775819997,287.8092264017143,124.97026871399999,0.0,-90.0,63.0
1849,85,middle,414.824188401,287.8092264017143,124.97026871399999,0.0,0.0,63.0
1850,85,middle,414.824188401,287.8092264017143,124.97026871399999,45.0,0.0,63.0
1851,85,middle,414.824188401,287.8092264017143,124.97026871399999,90.0,0.0,63.0
1852,85,middle,414.824188401,287.8092264017143,124.97026871399999,135.0,0.0,63.0
1853,85,middle,414.824188401,287.8092264017143,124.97026871399999,180.0,0.0,63.0
1854,85,middle,414.824188401,287.8092264017143,124.97026871399999,225.0,0.0,63.0
1855,85,middle,414.824188401,287.8092264017143,124.97026871399999,270.0,0.0,63.0
1856,85,middle,414.824188401,287.8092264017143,124.97026871399999,315.0,0.0,63.0
1857,85,upper,414.824188401,287.8092264017143,124.97026871399999,0.0,45.0,63.0
1858,85,upper,414.824188401,287.8092264017143,124.97026871399999,60.0,45.0,63.0
1859,85,upper,414.824188401,287.8092264017143,124.97026871399999,120.0,45.0,63.0
1860,85,upper,414.824188401,287.8092264017143,124.97026871399999,180.0,45.0,63.0
1861,85,upper,414.824188401,287.8092264017143,124.97026871399999,240.0,45.0,63.0
1862,85,upper,414.824188401,287.8092264017143,124.97026871399999,300.0,45.0,63.0
1863,85,lower,414.824188401,287.8092264017143,124.97026871399999,0.0,-45.0,63.0
1864,85,lower,414.824188401,287.8092264017143,124.97026871399999,60.0,-45.0,63.0
1865,85,lower,414.824188401,287.8092264017143,124.97026871399999,120.0,-45.0,63.0
1866,85,lower,414.824188401,287.8092264017143,124.97026871399999,180.0,-45.0,63.0
1867,85,lower,414.824188401,287.8092264017143,124.97026871399999,240.0,-45.0,63.0
1868,85,lower,414.824188401,287.8092264017143,124.97026871399999,300.0,-45.0,63.0
1869,85,ceiling,414.824188401,287.8092264017143,124.97026871399999,0.0,90.0,63.0
1870,85,floor,414.824188401,287.8092264017143,124.97026871399999,0.0,-90.0,63.0
1871,86,middle,391.99835904379995,287.8092264017143,124.97026871399999,0.0,0.0,63.0
1872,86,middle,391.99835904379995,287.8092264017143,124.97026871399999,45.0,0.0,63.0
1873,86,middle,391.99835904379995,287.8092264017143,124.97026871399999,90.0,0.0,63.0
1874,86,middle,391.99835904379995,287.8092264017143,124.97026871399999,135.0,0.0,63.0
1875,86,middle,391.99835904379995,287.8092264017143,124.97026871399999,180.0,0.0,63.0
1876,86,middle,391.99835904379995,287.8092264017143,124.97026871399999,225.0,0.0,63.0
1877,86,middle,391.99835904379995,287.8092264017143,124.97026871399999,270.0,0.0,63.0
1878,86,middle,391.99835904379995,287.8092264017143,124.97026871399999,315.0,0.0,63.0
1879,86,upper,391.99835904379995,287.8092264017143,124.97026871399999,0.0,45.0,63.0
1880,86,upper,391.99835904379995,287.8092264017143,124.97026871399999,60.0,45.0,63.0
1881,86,upper,391.99835904379995,287.8092264017143,124.97026871399999,120.0,45.0,63.0
1882,86,upper,391.99835904379995,287.8092264017143,124.97026871399999,180.0,45.0,63.0
1883,86,upper,391.99835904379995,287.8092264017143,124.97026871399999,240.0,45.0,63.0
1884,86,upper,391.99835904379995,287.8092264017143,124.97026871399999,300.0,45.0,63.0
1885,86,lower,391.99835904379995,287.8092264017143,124.97026871399999,0.0,-45.0,63.0
1886,86,lower,391.99835904379995,287.8092264017143,124.97026871399999,60.0,-45.0,63.0
1887,86,lower,391.99835904379995,287.8092264017143,124.97026871399999,120.0,-45.0,63.0
1888,86,lower,391.99835904379995,287.8092264017143,124.97026871399999,180.0,-45.0,63.0
1889,86,lower,391.99835904379995,287.8092264017143,124.97026871399999,240.0,-45.0,63.0
1890,86,lower,391.99835904379995,287.8092264017143,124.97026871399999,300.0,-45.0,63.0
1891,86,ceiling,391.99835904379995,287.8092264017143,124.97026871399999,0.0,90.0,63.0
1892,86,floor,391.99835904379995,287.8092264017143,124.97026871399999,0.0,-90.0,63.0
1893,87,middle,369.1725296866,287.8092264017143,124.97026871399999,0.0,0.0,63.0
1894,87,middle,369.1725296866,287.8092264017143,124.97026871399999,45.0,0.0,63.0
1895,87,middle,369.1725296866,287.8092264017143,124.97026871399999,90.0,0.0,63.0
1896,87,middle,369.1725296866,287.8092264017143,124.97026871399999,135.0,0.0,63.0
1897,87,middle,369.1725296866,287.8092264017143,124.97026871399999,180.0,0.0,63.0
1898,87,middle,369.1725296866,287.8092264017143,124.97026871399999,225.0,0.0,63.0
1899,87,middle,369.1725296866,287.8092264017143,124.97026871399999,270.0,0.0,63.0
1900,87,middle,369.1725296866,287.8092264017143,124.97026871399999,315.0,0.0,63.0
1901,87,upper,369.1725296866,287.8092264017143,124.97026871399999,0.0,45.0,63.0
1902,87,upper,369.1725296866,287.8092264017143,124.97026871399999,60.0,45.0,63.0
1903,87,upper,369.1725296866,287.8092264017143,124.97026871399999,120.0,45.0,63.0
1904,87,upper,369.1725296866,287.8092264017143,124.97026871399999,180.0,45.0,63.0
1905,87,upper,369.1725296866,287.8092264017143,124.97026871399999,240.0,45.0,63.0
1906,87,upper,369.1725296866,287.8092264017143,124.97026871399999,300.0,45.0,63.0
1907,87,lower,369.1725296866,287.8092264017143,124.97026871399999,0.0,-45.0,63.0
1908,87,lower,369.1725296866,287.8092264017143,124.97026871399999,60.0,-45.0,63.0
1909,87,lower,369.1725296866,287.8092264017143,124.97026871399999,120.0,-45.0,63.0
1910,87,lower,369.1725296866,287.8092264017143,124.97026871399999,180.0,-45.0,63.0
1911,87,lower,369.1725296866,287.8092264017143,124.97026871399999,240.0,-45.0,63.0
1912,87,lower,369.1725296866,287.8092264017143,124.97026871399999,300.0,-45.0,63.0
1913,87,ceiling,369.1725296866,287.8092264017143,124.97026871399999,0.0,90.0,63.0
1914,87,floor,369.1725296866,287.8092264017143,124.97026871399999,0.0,-90.0,63.0
1915,88,middle,391.99835904379995,310.0674333628572,124.97026871399999,0.0,0.0,63.0
1916,88,middle,391.99835904379995,310.0674333628572,124.97026871399999,45.0,0.0,63.0
1917,88,middle,391.99835904379995,310.0674333628572,124.97026871399999,90.0,0.0,63.0
1918,88,middle,391.99835904379995,310.0674333628572,124.97026871399999,135.0,0.0,63.0
1919,88,middle,391.99835904379995,310.0674333628572,124.97026871399999,180.0,0.0,63.0
1920,88,middle,391.99835904379995,310.0674333628572,124.97026871399999,225.0,0.0,63.0
1921,88,middle,391.99835904379995,310.0674333628572,124.97026871399999,270.0,0.0,63.0
1922,88,middle,391.99835904379995,310.0674333628572,124.97026871399999,315.0,0.0,63.0
1923,88,upper,391.99835904379995,310.0674333628572,124.97026871399999,0.0,45.0,63.0
1924,88,upper,391.99835904379995,310.0674333628572,124.97026871399999,60.0,45.0,63.0
1925,88,upper,391.99835904379995,310.0674333628572,124.97026871399999,120.0,45.0,63.0
1926,88,upper,391.99835904379995,310.0674333628572,124.97026871399999,180.0,45.0,63.0
1927,88,upper,391.99835904379995,310.0674333628572,124.97026871399999,240.0,45.0,63.0
1928,88,upper,391.99835904379995,310.0674333628572,124.97026871399999,300.0,45.0,63.0
1929,88,lower,391.99835904379995,310.0674333628572,124.97026871399999,0.0,-45.0,63.0
1930,88,lower,391.99835904379995,310.0674333628572,124.97026871399999,60.0,-45.0,63.0
1931,88,lower,391.99835904379995,310.0674333628572,124.97026871399999,120.0,-45.0,63.0
1932,88,lower,391.99835904379995,310.0674333628572,124.97026871399999,180.0,-45.0,63.0
1933,88,lower,391.99835904379995,310.0674333628572,124.97026871399999,240.0,-45.0,63.0
1934,88,lower,391.99835904379995,310.0674333628572,124.97026871399999,300.0,-45.0,63.0
1935,88,ceiling,391.99835904379995,310.0674333628572,124.97026871399999,0.0,90.0,63.0
1936,88,floor,391.99835904379995,310.0674333628572,124.97026871399999,0.0,-90.0,63.0
1937,89,middle,414.824188401,310.0674333628572,124.97026871399999,0.0,0.0,63.0
1938,89,middle,414.824188401,310.0674333628572,124.97026871399999,45.0,0.0,63.0
1939,89,middle,414.824188401,310.0674333628572,124.97026871399999,90.0,0.0,63.0
1940,89,middle,414.824188401,310.0674333628572,124.97026871399999,135.0,0.0,63.0
1941,89,middle,414.824188401,310.0674333628572,124.97026871399999,180.0,0.0,63.0
1942,89,middle,414.824188401,310.0674333628572,124.97026871399999,225.0,0.0,63.0
1943,89,middle,414.824188401,310.0674333628572,124.97026871399999,270.0,0.0,63.0
1944,89,middle,414.824188401,310.0674333628572,124.97026871399999,315.0,0.0,63.0
1945,89,upper,414.824188401,310.0674333628572,124.97026871399999,0.0,45.0,63.0
1946,89,upper,414.824188401,310.0674333628572,124.97026871399999,60.0,45.0,63.0
1947,89,upper,414.824188401,310.0674333628572,124.97026871399999,120.0,45.0,63.0
1948,89,upper,414.824188401,310.0674333628572,124.97026871399999,180.0,45.0,63.0
1949,89,upper,414.824188401,310.0674333628572,124.97026871399999,240.0,45.0,63.0
1950,89,upper,414.824188401,310.0674333628572,124.97026871399999,300.0,45.0,63.0
1951,89,lower,414.824188401,310.0674333628572,124.97026871399999,0.0,-45.0,63.0
1952,89,lower,414.824188401,310.0674333628572,124.97026871399999,60.0,-45.0,63.0
1953,89,lower,414.824188401,310.0674333628572,124.97026871399999,120.0,-45.0,63.0
1954,89,lower,414.824188401,310.0674333628572,124.97026871399999,180.0,-45.0,63.0
1955,89,lower,414.824188401,310.0674333628572,124.97026871399999,240.0,-45.0,63.0
1956,89,lower,414.824188401,310.0674333628572,124.97026871399999,300.0,-45.0,63.0
1957,89,ceiling,414.824188401,310.0674333628572,124.97026871399999,0.0,90.0,63.0
1958,89,floor,414.824188401,310.0674333628572,124.97026871399999,0.0,-90.0,63.0
1959,90,middle,437.65001775819997,310.0674333628572,124.97026871399999,0.0,0.0,63.0
1960,90,middle,437.65001775819997,310.0674333628572,124.97026871399999,45.0,0.0,63.0
1961,90,middle,437.65001775819997,310.0674333628572,124.97026871399999,90.0,0.0,63.0
1962,90,middle,437.65001775819997,310.0674333628572,124.97026871399999,135.0,0.0,63.0
1963,90,middle,437.65001775819997,310.0674333628572,124.97026871399999,180.0,0.0,63.0
1964,90,middle,437.65001775819997,310.0674333628572,124.97026871399999,225.0,0.0,63.0
1965,90,middle,437.65001775819997,310.0674333628572,124.97026871399999,270.0,0.0,63.0
1966,90,middle,437.65001775819997,310.0674333628572,124.97026871399999,315.0,0.0,63.0
1967,90,upper,437.65001775819997,310.0674333628572,124.97026871399999,0.0,45.0,63.0
1968,90,upper,437.65001775819997,310.0674333628572,124.97026871399999,60.0,45.0,63.0
1969,90,upper,437.65001775819997,310.0674333628572,124.97026871399999,120.0,45.0,63.0
1970,90,upper,437.65001775819997,310.0674333628572,124.97026871399999,180.0,45.0,63.0
1971,90,upper,437.65001775819997,310.0674333628572,124.97026871399999,240.0,45.0,63.0
1972,90,upper,437.65001775819997,310.0674333628572,124.97026871399999,300.0,45.0,63.0
1973,90,lower,437.65001775819997,310.0674333628572,124.97026871399999,0.0,-45.0,63.0
1974,90,lower,437.65001775819997,310.0674333628572,124.97026871399999,60.0,-45.0,63.0
1975,90,lower,437.65001775819997,310.0674333628572,124.97026871399999,120.0,-45.0,63.0
1976,90,lower,437.65001775819997,310.0674333628572,124.97026871399999,180.0,-45.0,63.0
1977,90,lower,437.65001775819997,310.0674333628572,124.97026871399999,240.0,-45.0,63.0
1978,90,lower,437.65001775819997,310.0674333628572,124.97026871399999,300.0,-45.0,63.0
1979,90,ceiling,437.65001775819997,310.0674333628572,124.97026871399999,0.0,90.0,63.0
1980,90,floor,437.65001775819997,310.0674333628572,124.97026871399999,0.0,-90.0,63.0
1981,91,middle,460.47584711540003,310.0674333628572,124.97026871399999,0.0,0.0,63.0
1982,91,middle,460.47584711540003,310.0674333628572,124.97026871399999,45.0,0.0,63.0
1983,91,middle,460.47584711540003,310.0674333628572,124.97026871399999,90.0,0.0,63.0
1984,91,middle,460.47584711540003,310.0674333628572,124.97026871399999,135.0,0.0,63.0
1985,91,middle,460.47584711540003,310.0674333628572,124.97026871399999,180.0,0.0,63.0
1986,91,middle,460.47584711540003,310.0674333628572,124.97026871399999,225.0,0.0,63.0
1987,91,middle,460.47584711540003,310.0674333628572,124.97026871399999,270.0,0.0,63.0
1988,91,middle,460.47584711540003,310.0674333628572,124.97026871399999,315.0,0.0,63.0
1989,91,upper,460.47584711540003,310.0674333628572,124.97026871399999,0.0,45.0,63.0
1990,91,upper,460.47584711540003,310.0674333628572,124.97026871399999,60.0,45.0,63.0
1991,91,upper,460.47584711540003,310.0674333628572,124.97026871399999,120.0,45.0,63.0
1992,91,upper,460.47584711540003,310.0674333628572,124.97026871399999,180.0,45.0,63.0
1993,91,upper,460.47584711540003,310.0674333628572,124.97026871399999,240.0,45.0,63.0
1994,91,upper,460.47584711540003,310.0674333628572,124.97026871399999,300.0,45.0,63.0
1995,91,lower,460.47584711540003,310.0674333628572,124.97026871399999,0.0,-45.0,63.0
1996,91,lower,460.47584711540003,310.0674333628572,124.97026871399999,60.0,-45.0,63.0
1997,91,lower,460.47584711540003,310.0674333628572,124.97026871399999,120.0,-45.0,63.0
1998,91,lower,460.47584711540003,310.0674333628572,124.97026871399999,180.0,-45.0,63.0
1999,91,lower,460.47584711540003,310.0674333628572,124.97026871399999,240.0,-45.0,63.0
2000,91,lower,460.47584711540003,310.0674333628572,124.97026871399999,300.0,-45.0,63.0
2001,91,ceiling,460.47584711540003,310.0674333628572,124.97026871399999,0.0,90.0,63.0
2002,91,floor,460.47584711540003,310.0674333628572,124.97026871399999,0.0,-90.0,63.0
2003,92,middle,437.65001775819997,310.0674333628572,131.89210731949998,0.0,0.0,63.0
2004,92,middle,437.65001775819997,310.0674333628572,131.89210731949998,45.0,0.0,63.0
2005,92,middle,437.65001775819997,310.0674333628572,131.89210731949998,90.0,0.0,63.0
2006,92,middle,437.65001775819997,310.0674333628572,131.89210731949998,135.0,0.0,63.0
2007,92,middle,437.65001775819997,310.0674333628572,131.89210731949998,180.0,0.0,63.0
2008,92,middle,437.65001775819997,310.0674333628572,131.89210731949998,225.0,0.0,63.0
2009,92,middle,437.65001775819997,310.0674333628572,131.89210731949998,270.0,0.0,63.0
2010,92,middle,437.65001775819997,310.0674333628572,131.89210731949998,315.0,0.0,63.0
2011,92,upper,437.65001775819997,310.0674333628572,131.89210731949998,0.0,45.0,63.0
2012,92,upper,437.65001775819997,310.0674333628572,131.89210731949998,60.0,45.0,63.0
2013,92,upper,437.65001775819997,310.0674333628572,131.89210731949998,120.0,45.0,63.0
2014,92,upper,437.65001775819997,310.0674333628572,131.89210731949998,180.0,45.0,63.0
2015,92,upper,437.65001775819997,310.0674333628572,131.89210731949998,240.0,45.0,63.0
2016,92,upper,437.65001775819997,310.0674333628572,131.89210731949998,300.0,45.0,63.0
2017,92,lower,437.65001775819997,310.0674333628572,131.89210731949998,0.0,-45.0,63.0
2018,92,lower,437.65001775819997,310.0674333628572,131.89210731949998,60.0,-45.0,63.0
2019,92,lower,437.65001775819997,310.0674333628572,131.89210731949998,120.0,-45.0,63.0
2020,92,lower,437.65001775819997,310.0674333628572,131.89210731949998,180.0,-45.0,63.0
2021,92,lower,437.65001775819997,310.0674333628572,131.89210731949998,240.0,-45.0,63.0
2022,92,lower,437.65001775819997,310.0674333628572,131.89210731949998,300.0,-45.0,63.0
2023,92,ceiling,437.65001775819997,310.0674333628572,131.89210731949998,0.0,90.0,63.0
2024,92,floor,437.65001775819997,310.0674333628572,131.89210731949998,0.0,-90.0,63.0
2025,93,middle,414.824188401,310.0674333628572,131.89210731949998,0.0,0.0,63.0
2026,93,middle,414.824188401,310.0674333628572,131.89210731949998,45.0,0.0,63.0
2027,93,middle,414.824188401,310.0674333628572,131.89210731949998,90.0,0.0,63.0
2028,93,middle,414.824188401,310.0674333628572,131.89210731949998,135.0,0.0,63.0
2029,93,middle,414.824188401,310.0674333628572,131.89210731949998,180.0,0.0,63.0
2030,93,middle,414.824188401,310.0674333628572,131.89210731949998,225.0,0.0,63.0
2031,93,middle,414.824188401,310.0674333628572,131.89210731949998,270.0,0.0,63.0
2032,93,middle,414.824188401,310.0674333628572,131.89210731949998,315.0,0.0,63.0
2033,93,upper,414.824188401,310.0674333628572,131.89210731949998,0.0,45.0,63.0
2034,93,upper,414.824188401,310.0674333628572,131.89210731949998,60.0,45.0,63.0
2035,93,upper,414.824188401,310.0674333628572,131.89210731949998,120.0,45.0,63.0
2036,93,upper,414.824188401,310.0674333628572,131.89210731949998,180.0,45.0,63.0
2037,93,upper,414.824188401,310.0674333628572,131.89210731949998,240.0,45.0,63.0
2038,93,upper,414.824188401,310.0674333628572,131.89210731949998,300.0,45.0,63.0
2039,93,lower,414.824188401,310.0674333628572,131.89210731949998,0.0,-45.0,63.0
2040,93,lower,414.824188401,310.0674333628572,131.89210731949998,60.0,-45.0,63.0
2041,93,lower,414.824188401,310.0674333628572,131.89210731949998,120.0,-45.0,63.0
2042,93,lower,414.824188401,310.0674333628572,131.89210731949998,180.0,-45.0,63.0
2043,93,lower,414.824188401,310.0674333628572,131.89210731949998,240.0,-45.0,63.0
2044,93,lower,414.824188401,310.0674333628572,131.89210731949998,300.0,-45.0,63.0
2045,93,ceiling,414.824188401,310.0674333628572,131.89210731949998,0.0,90.0,63.0
2046,93,floor,414.824188401,310.0674333628572,131.89210731949998,0.0,-90.0,63.0
2047,94,middle,369.1725296866,287.8092264017143,131.89210731949998,0.0,0.0,63.0
2048,94,middle,369.1725296866,287.8092264017143,131.89210731949998,45.0,0.0,63.0
2049,94,middle,369.1725296866,287.8092264017143,131.89210731949998,90.0,0.0,63.0
2050,94,middle,369.1725296866,287.8092264017143,131.89210731949998,135.0,0.0,63.0
2051,94,middle,369.1725296866,287.8092264017143,131.89210731949998,180.0,0.0,63.0
2052,94,middle,369.1725296866,287.8092264017143,131.89210731949998,225.0,0.0,63.0
2053,94,middle,369.1725296866,287.8092264017143,131.89210731949998,270.0,0.0,63.0
2054,94,middle,369.1725296866,287.8092264017143,131.89210731949998,315.0,0.0,63.0
2055,94,upper,369.1725296866,287.8092264017143,131.89210731949998,0.0,45.0,63.0
2056,94,upper,369.1725296866,287.8092264017143,131.89210731949998,60.0,45.0,63.0
2057,94,upper,369.1725296866,287.8092264017143,131.89210731949998,120.0,45.0,63.0
2058,94,upper,369.1725296866,287.8092264017143,131.89210731949998,180.0,45.0,63.0
2059,94,upper,369.1725296866,287.8092264017143,131.89210731949998,240.0,45.0,63.0
2060,94,upper,369.1725296866,287.8092264017143,131.89210731949998,300.0,45.0,63.0
2061,94,lower,369.1725296866,287.8092264017143,131.89210731949998,0.0,-45.0,63.0
2062,94,lower,369.1725296866,287.8092264017143,131.89210731949998,60.0,-45.0,63.0
2063,94,lower,369.1725296866,287.8092264017143,131.89210731949998,120.0,-45.0,63.0
2064,94,lower,369.1725296866,287.8092264017143,131.89210731949998,180.0,-45.0,63.0
2065,94,lower,369.1725296866,287.8092264017143,131.89210731949998,240.0,-45.0,63.0
2066,94,lower,369.1725296866,287.8092264017143,131.89210731949998,300.0,-45.0,63.0
2067,94,ceiling,369.1725296866,287.8092264017143,131.89210731949998,0.0,90.0,63.0
2068,94,floor,369.1725296866,287.8092264017143,131.89210731949998,0.0,-90.0,63.0
2069,95,middle,391.99835904379995,287.8092264017143,131.89210731949998,0.0,0.0,63.0
2070,95,middle,391.99835904379995,287.8092264017143,131.89210731949998,45.0,0.0,63.0
2071,95,middle,391.99835904379995,287.8092264017143,131.89210731949998,90.0,0.0,63.0
2072,95,middle,391.99835904379995,287.8092264017143,131.89210731949998,135.0,0.0,63.0
2073,95,middle,391.99835904379995,287.8092264017143,131.89210731949998,180.0,0.0,63.0
2074,95,middle,391.99835904379995,287.8092264017143,131.89210731949998,225.0,0.0,63.0
2075,95,middle,391.99835904379995,287.8092264017143,131.89210731949998,270.0,0.0,63.0
2076,95,middle,391.99835904379995,287.8092264017143,131.89210731949998,315.0,0.0,63.0
2077,95,upper,391.99835904379995,287.8092264017143,131.89210731949998,0.0,45.0,63.0
2078,95,upper,391.99835904379995,287.8092264017143,131.89210731949998,60.0,45.0,63.0
2079,95,upper,391.99835904379995,287.8092264017143,131.89210731949998,120.0,45.0,63.0
2080,95,upper,391.99835904379995,287.8092264017143,131.89210731949998,180.0,45.0,63.0
2081,95,upper,391.99835904379995,287.8092264017143,131.89210731949998,240.0,45.0,63.0
2082,95,upper,391.99835904379995,287.8092264017143,131.89210731949998,300.0,45.0,63.0
2083,95,lower,391.99835904379995,287.8092264017143,131.89210731949998,0.0,-45.0,63.0
2084,95,lower,391.99835904379995,287.8092264017143,131.89210731949998,60.0,-45.0,63.0
2085,95,lower,391.99835904379995,287.8092264017143,131.89210731949998,120.0,-45.0,63.0
2086,95,lower,391.99835904379995,287.8092264017143,131.89210731949998,180.0,-45.0,63.0
2087,95,lower,391.99835904379995,287.8092264017143,131.89210731949998,240.0,-45.0,63.0
2088,95,lower,391.99835904379995,287.8092264017143,131.89210731949998,300.0,-45.0,63.0
2089,95,ceiling,391.99835904379995,287.8092264017143,131.89210731949998,0.0,90.0,63.0
2090,95,floor,391.99835904379995,287.8092264017143,131.89210731949998,0.0,-90.0,63.0
2091,96,middle,414.824188401,287.8092264017143,131.89210731949998,0.0,0.0,63.0
2092,96,middle,414.824188401,287.8092264017143,131.89210731949998,45.0,0.0,63.0
2093,96,middle,414.824188401,287.8092264017143,131.89210731949998,90.0,0.0,63.0
2094,96,middle,414.824188401,287.8092264017143,131.89210731949998,135.0,0.0,63.0
2095,96,middle,414.824188401,287.8092264017143,131.89210731949998,180.0,0.0,63.0
2096,96,middle,414.824188401,287.8092264017143,131.89210731949998,225.0,0.0,63.0
2097,96,middle,414.824188401,287.8092264017143,131.89210731949998,270.0,0.0,63.0
2098,96,middle,414.824188401,287.8092264017143,131.89210731949998,315.0,0.0,63.0
2099,96,upper,414.824188401,287.8092264017143,131.89210731949998,0.0,45.0,63.0
2100,96,upper,414.824188401,287.8092264017143,131.89210731949998,60.0,45.0,63.0
2101,96,upper,414.824188401,287.8092264017143,131.89210731949998,120.0,45.0,63.0
2102,96,upper,414.824188401,287.8092264017143,131.89210731949998,180.0,45.0,63.0
2103,96,upper,414.824188401,287.8092264017143,131.89210731949998,240.0,45.0,63.0
2104,96,upper,414.824188401,287.8092264017143,131.89210731949998,300.0,45.0,63.0
2105,96,lower,414.824188401,287.8092264017143,131.89210731949998,0.0,-45.0,63.0
2106,96,lower,414.824188401,287.8092264017143,131.89210731949998,60.0,-45.0,63.0
2107,96,lower,414.824188401,287.8092264017143,131.89210731949998,120.0,-45.0,63.0
2108,96,lower,414.824188401,287.8092264017143,131.89210731949998,180.0,-45.0,63.0
2109,96,lower,414.824188401,287.8092264017143,131.89210731949998,240.0,-45.0,63.0
2110,96,lower,414.824188401,287.8092264017143,131.89210731949998,300.0,-45.0,63.0
2111,96,ceiling,414.824188401,287.8092264017143,131.89210731949998,0.0,90.0,63.0
2112,96,floor,414.824188401,287.8092264017143,131.89210731949998,0.0,-90.0,63.0
2113,97,middle,437.65001775819997,287.8092264017143,131.89210731949998,0.0,0.0,63.0
2114,97,middle,437.65001775819997,287.8092264017143,131.89210731949998,45.0,0.0,63.0
2115,97,middle,437.65001775819997,287.8092264017143,131.89210731949998,90.0,0.0,63.0
2116,97,middle,437.65001775819997,287.8092264017143,131.89210731949998,135.0,0.0,63.0
2117,97,middle,437.65001775819997,287.8092264017143,131.89210731949998,180.0,0.0,63.0
2118,97,middle,437.65001775819997,287.8092264017143,131.89210731949998,225.0,0.0,63.0
2119,97,middle,437.65001775819997,287.8092264017143,131.89210731949998,270.0,0.0,63.0
2120,97,middle,437.65001775819997,287.8092264017143,131.89210731949998,315.0,0.0,63.0
2121,97,upper,437.65001775819997,287.8092264017143,131.89210731949998,0.0,45.0,63.0
2122,97,upper,437.65001775819997,287.8092264017143,131.89210731949998,60.0,45.0,63.0
2123,97,upper,437.65001775819997,287.8092264017143,131.89210731949998,120.0,45.0,63.0
2124,97,upper,437.65001775819997,287.8092264017143,131.89210731949998,180.0,45.0,63.0
2125,97,upper,437.65001775819997,287.8092264017143,131.89210731949998,240.0,45.0,63.0
2126,97,upper,437.65001775819997,287.8092264017143,131.89210731949998,300.0,45.0,63.0
2127,97,lower,437.65001775819997,287.8092264017143,131.89210731949998,0.0,-45.0,63.0
2128,97,lower,437.65001775819997,287.8092264017143,131.89210731949998,60.0,-45.0,63.0
2129,97,lower,437.65001775819997,287.8092264017143,131.89210731949998,120.0,-45.0,63.0
2130,97,lower,437.65001775819997,287.8092264017143,131.89210731949998,180.0,-45.0,63.0
2131,97,lower,437.65001775819997,287.8092264017143,131.89210731949998,240.0,-45.0,63.0
2132,97,lower,437.65001775819997,287.8092264017143,131.89210731949998,300.0,-45.0,63.0
2133,97,ceiling,437.65001775819997,287.8092264017143,131.89210731949998,0.0,90.0,63.0
2134,97,floor,437.65001775819997,287.8092264017143,131.89210731949998,0.0,-90.0,63.0
2135,98,middle,460.47584711540003,287.8092264017143,131.89210731949998,0.0,0.0,63.0
2136,98,middle,460.47584711540003,287.8092264017143,131.89210731949998,45.0,0.0,63.0
2137,98,middle,460.47584711540003,287.8092264017143,131.89210731949998,90.0,0.0,63.0
2138,98,middle,460.47584711540003,287.8092264017143,131.89210731949998,135.0,0.0,63.0
2139,98,middle,460.47584711540003,287.8092264017143,131.89210731949998,180.0,0.0,63.0
2140,98,middle,460.47584711540003,287.8092264017143,131.89210731949998,225.0,0.0,63.0
2141,98,middle,460.47584711540003,287.8092264017143,131.89210731949998,270.0,0.0,63.0
2142,98,middle,460.47584711540003,287.8092264017143,131.89210731949998,315.0,0.0,63.0
2143,98,upper,460.47584711540003,287.8092264017143,131.89210731949998,0.0,45.0,63.0
2144,98,upper,460.47584711540003,287.8092264017143,131.89210731949998,60.0,45.0,63.0
2145,98,upper,460.47584711540003,287.8092264017143,131.89210731949998,120.0,45.0,63.0
2146,98,upper,460.47584711540003,287.8092264017143,131.89210731949998,180.0,45.0,63.0
2147,98,upper,460.47584711540003,287.8092264017143,131.89210731949998,240.0,45.0,63.0
2148,98,upper,460.47584711540003,287.8092264017143,131.89210731949998,300.0,45.0,63.0
2149,98,lower,460.47584711540003,287.8092264017143,131.89210731949998,0.0,-45.0,63.0
2150,98,lower,460.47584711540003,287.8092264017143,131.89210731949998,60.0,-45.0,63.0
2151,98,lower,460.47584711540003,287.8092264017143,131.89210731949998,120.0,-45.0,63.0
2152,98,lower,460.47584711540003,287.8092264017143,131.89210731949998,180.0,-45.0,63.0
2153,98,lower,460.47584711540003,287.8092264017143,131.89210731949998,240.0,-45.0,63.0
2154,98,lower,460.47584711540003,287.8092264017143,131.89210731949998,300.0,-45.0,63.0
2155,98,ceiling,460.47584711540003,287.8092264017143,131.89210731949998,0.0,90.0,63.0
2156,98,floor,460.47584711540003,287.8092264017143,131.89210731949998,0.0,-90.0,63.0
2157,99,middle,460.47584711540003,265.55101944057145,131.89210731949998,0.0,0.0,63.0
2158,99,middle,460.47584711540003,265.55101944057145,131.89210731949998,45.0,0.0,63.0
2159,99,middle,460.47584711540003,265.55101944057145,131.89210731949998,90.0,0.0,63.0
2160,99,middle,460.47584711540003,265.55101944057145,131.89210731949998,135.0,0.0,63.0
2161,99,middle,460.47584711540003,265.55101944057145,131.89210731949998,180.0,0.0,63.0
2162,99,middle,460.47584711540003,265.55101944057145,131.89210731949998,225.0,0.0,63.0
2163,99,middle,460.47584711540003,265.55101944057145,131.89210731949998,270.0,0.0,63.0
2164,99,middle,460.47584711540003,265.55101944057145,131.89210731949998,315.0,0.0,63.0
2165,99,upper,460.47584711540003,265.55101944057145,131.89210731949998,0.0,45.0,63.0
2166,99,upper,460.47584711540003,265.55101944057145,131.89210731949998,60.0,45.0,63.0
2167,99,upper,460.47584711540003,265.55101944057145,131.89210731949998,120.0,45.0,63.0
2168,99,upper,460.47584711540003,265.55101944057145,131.89210731949998,180.0,45.0,63.0
2169,99,upper,460.47584711540003,265.55101944057145,131.89210731949998,240.0,45.0,63.0
2170,99,upper,460.47584711540003,265.55101944057145,131.89210731949998,300.0,45.0,63.0
2171,99,lower,460.47584711540003,265.55101944057145,131.89210731949998,0.0,-45.0,63.0
2172,99,lower,460.47584711540003,265.55101944057145,131.89210731949998,60.0,-45.0,63.0
2173,99,lower,460.47584711540003,265.55101944057145,131.89210731949998,120.0,-45.0,63.0
2174,99,lower,460.47584711540003,265.55101944057145,131.89210731949998,180.0,-45.0,63.0
2175,99,lower,460.47584711540003,265.55101944057145,131.89210731949998,240.0,-45.0,63.0
2176,99,lower,460.47584711540003,265.55101944057145,131.89210731949998,300.0,-45.0,63.0
2177,99,ceiling,460.47584711540003,265.55101944057145,131.89210731949998,0.0,90.0,63.0
2178,99,floor,460.47584711540003,265.55101944057145,131.89210731949998,0.0,-90.0,63.0
2179,100,middle,437.65001775819997,265.55101944057145,131.89210731949998,0.0,0.0,63.0
2180,100,middle,437.65001775819997,265.55101944057145,131.89210731949998,45.0,0.0,63.0
2181,100,middle,437.65001775819997,265.55101944057145,131.89210731949998,90.0,0.0,63.0
2182,100,middle,437.65001775819997,265.55101944057145,131.89210731949998,135.0,0.0,63.0
2183,100,middle,437.65001775819997,265.55101944057145,131.89210731949998,180.0,0.0,63.0
2184,100,middle,437.65001775819997,265.55101944057145,131.89210731949998,225.0,0.0,63.0
2185,100,middle,437.65001775819997,265.55101944057145,131.89210731949998,270.0,0.0,63.0
2186,100,middle,437.65001775819997,265.55101944057145,131.89210731949998,315.0,0.0,63.0
2187,100,upper,437.65001775819997,265.55101944057145,131.89210731949998,0.0,45.0,63.0
2188,100,upper,437.65001775819997,265.55101944057145,131.89210731949998,60.0,45.0,63.0
2189,100,upper,437.65001775819997,265.55101944057145,131.89210731949998,120.0,45.0,63.0
2190,100,upper,437.65001775819997,265.55101944057145,131.89210731949998,180.0,45.0,63.0
2191,100,upper,437.65001775819997,265.55101944057145,131.89210731949998,240.0,45.0,63.0
2192,100,upper,437.65001775819997,265.55101944057145,131.89210731949998,300.0,45.0,63.0
2193,100,lower,437.65001775819997,265.55101944057145,131.89210731949998,0.0,-45.0,63.0
2194,100,lower,437.65001775819997,265.55101944057145,131.89210731949998,60.0,-45.0,63.0
2195,100,lower,437.65001775819997,265.55101944057145,131.89210731949998,120.0,-45.0,63.0
2196,100,lower,437.65001775819997,265.55101944057145,131.89210731949998,180.0,-45.0,63.0
2197,100,lower,437.65001775819997,265.55101944057145,131.89210731949998,240.0,-45.0,63.0
2198,100,lower,437.65001775819997,265.55101944057145,131.89210731949998,300.0,-45.0,63.0
2199,100,ceiling,437.65001775819997,265.55101944057145,131.89210731949998,0.0,90.0,63.0
2200,100,floor,437.65001775819997,265.55101944057145,131.89210731949998,0.0,-90.0,63.0
2201,101,middle,414.824188401,265.55101944057145,131.89210731949998,0.0,0.0,63.0
2202,101,middle,414.824188401,265.55101944057145,131.89210731949998,45.0,0.0,63.0
2203,101,middle,414.824188401,265.55101944057145,131.89210731949998,90.0,0.0,63.0
2204,101,middle,414.824188401,265.55101944057145,131.89210731949998,135.0,0.0,63.0
2205,101,middle,414.824188401,265.55101944057145,131.89210731949998,180.0,0.0,63.0
2206,101,middle,414.824188401,265.55101944057145,131.89210731949998,225.0,0.0,63.0
2207,101,middle,414.824188401,265.55101944057145,131.89210731949998,270.0,0.0,63.0
2208,101,middle,414.824188401,265.55101944057145,131.89210731949998,315.0,0.0,63.0
2209,101,upper,414.824188401,265.55101944057145,131.89210731949998,0.0,45.0,63.0
2210,101,upper,414.824188401,265.55101944057145,131.89210731949998,60.0,45.0,63.0
2211,101,upper,414.824188401,265.55101944057145,131.89210731949998,120.0,45.0,63.0
2212,101,upper,414.824188401,265.55101944057145,131.89210731949998,180.0,45.0,63.0
2213,101,upper,414.824188401,265.55101944057145,131.89210731949998,240.0,45.0,63.0
2214,101,upper,414.824188401,265.55101944057145,131.89210731949998,300.0,45.0,63.0
2215,101,lower,414.824188401,265.55101944057145,131.89210731949998,0.0,-45.0,63.0
2216,101,lower,414.824188401,265.55101944057145,131.89210731949998,60.0,-45.0,63.0
2217,101,lower,414.824188401,265.55101944057145,131.89210731949998,120.0,-45.0,63.0
2218,101,lower,414.824188401,265.55101944057145,131.89210731949998,180.0,-45.0,63.0
2219,101,lower,414.824188401,265.55101944057145,131.89210731949998,240.0,-45.0,63.0
2220,101,lower,414.824188401,265.55101944057145,131.89210731949998,300.0,-45.0,63.0
2221,101,ceiling,414.824188401,265.55101944057145,131.89210731949998,0.0,90.0,63.0
2222,101,floor,414.824188401,265.55101944057145,131.89210731949998,0.0,-90.0,63.0
2223,102,middle,391.99835904379995,265.55101944057145,131.89210731949998,0.0,0.0,63.0
2224,102,middle,391.99835904379995,265.55101944057145,131.89210731949998,45.0,0.0,63.0
2225,102,middle,391.99835904379995,265.55101944057145,131.89210731949998,90.0,0.0,63.0
2226,102,middle,391.99835904379995,265.55101944057145,131.89210731949998,135.0,0.0,63.0
2227,102,middle,391.99835904379995,265.55101944057145,131.89210731949998,180.0,0.0,63.0
2228,102,middle,391.99835904379995,265.55101944057145,131.89210731949998,225.0,0.0,63.0
2229,102,middle,391.99835904379995,265.55101944057145,131.89210731949998,270.0,0.0,63.0
2230,102,middle,391.99835904379995,265.55101944057145,131.89210731949998,315.0,0.0,63.0
2231,102,upper,391.99835904379995,265.55101944057145,131.89210731949998,0.0,45.0,63.0
2232,102,upper,391.99835904379995,265.55101944057145,131.89210731949998,60.0,45.0,63.0
2233,102,upper,391.99835904379995,265.55101944057145,131.89210731949998,120.0,45.0,63.0
2234,102,upper,391.99835904379995,265.55101944057145,131.89210731949998,180.0,45.0,63.0
2235,102,upper,391.99835904379995,265.55101944057145,131.89210731949998,240.0,45.0,63.0
2236,102,upper,391.99835904379995,265.55101944057145,131.89210731949998,300.0,45.0,63.0
2237,102,lower,391.99835904379995,265.55101944057145,131.89210731949998,0.0,-45.0,63.0
2238,102,lower,391.99835904379995,265.55101944057145,131.89210731949998,60.0,-45.0,63.0
2239,102,lower,391.99835904379995,265.55101944057145,131.89210731949998,120.0,-45.0,63.0
2240,102,lower,391.99835904379995,265.55101944057145,131.89210731949998,180.0,-45.0,63.0
2241,102,lower,391.99835904379995,265.55101944057145,131.89210731949998,240.0,-45.0,63.0
2242,102,lower,391.99835904379995,265.55101944057145,131.89210731949998,300.0,-45.0,63.0
2243,102,ceiling,391.99835904379995,265.55101944057145,131.89210731949998,0.0,90.0,63.0
2244,102,floor,391.99835904379995,265.55101944057145,131.89210731949998,0.0,-90.0,63.0
2245,103,middle,369.1725296866,265.55101944057145,131.89210731949998,0.0,0.0,63.0
2246,103,middle,369.1725296866,265.55101944057145,131.89210731949998,45.0,0.0,63.0
2247,103,middle,369.1725296866,265.55101944057145,131.89210731949998,90.0,0.0,63.0
2248,103,middle,369.1725296866,265.55101944057145,131.89210731949998,135.0,0.0,63.0
2249,103,middle,369.1725296866,265.55101944057145,131.89210731949998,180.0,0.0,63.0
2250,103,middle,369.1725296866,265.55101944057145,131.89210731949998,225.0,0.0,63.0
2251,103,middle,369.1725296866,265.55101944057145,131.89210731949998,270.0,0.0,63.0
2252,103,middle,369.1725296866,265.55101944057145,131.89210731949998,315.0,0.0,63.0
2253,103,upper,369.1725296866,265.55101944057145,131.89210731949998,0.0,45.0,63.0
2254,103,upper,369.1725296866,265.55101944057145,131.89210731949998,60.0,45.0,63.0
2255,103,upper,369.1725296866,265.55101944057145,131.89210731949998,120.0,45.0,63.0
2256,103,upper,369.1725296866,265.55101944057145,131.89210731949998,180.0,45.0,63.0
2257,103,upper,369.1725296866,265.55101944057145,131.89210731949998,240.0,45.0,63.0
2258,103,upper,369.1725296866,265.55101944057145,131.89210731949998,300.0,45.0,63.0
2259,103,lower,369.1725296866,265.55101944057145,131.89210731949998,0.0,-45.0,63.0
2260,103,lower,369.1725296866,265.55101944057145,131.89210731949998,60.0,-45.0,63.0
2261,103,lower,369.1725296866,265.55101944057145,131.89210731949998,120.0,-45.0,63.0
2262,103,lower,369.1725296866,265.55101944057145,131.89210731949998,180.0,-45.0,63.0
2263,103,lower,369.1725296866,265.55101944057145,131.89210731949998,240.0,-45.0,63.0
2264,103,lower,369.1725296866,265.55101944057145,131.89210731949998,300.0,-45.0,63.0
2265,103,ceiling,369.1725296866,265.55101944057145,131.89210731949998,0.0,90.0,63.0
2266,103,floor,369.1725296866,265.55101944057145,131.89210731949998,0.0,-90.0,63.0
2267,104,middle,346.3467003294,265.55101944057145,131.89210731949998,0.0,0.0,63.0
2268,104,middle,346.3467003294,265.55101944057145,131.89210731949998,45.0,0.0,63.0
2269,104,middle,346.3467003294,265.55101944057145,131.89210731949998,90.0,0.0,63.0
2270,104,middle,346.3467003294,265.55101944057145,131.89210731949998,135.0,0.0,63.0
2271,104,middle,346.3467003294,265.55101944057145,131.89210731949998,180.0,0.0,63.0
2272,104,middle,346.3467003294,265.55101944057145,131.89210731949998,225.0,0.0,63.0
2273,104,middle,346.3467003294,265.55101944057145,131.89210731949998,270.0,0.0,63.0
2274,104,middle,346.3467003294,265.55101944057145,131.89210731949998,315.0,0.0,63.0
2275,104,upper,346.3467003294,265.55101944057145,131.89210731949998,0.0,45.0,63.0
2276,104,upper,346.3467003294,265.55101944057145,131.89210731949998,60.0,45.0,63.0
2277,104,upper,346.3467003294,265.55101944057145,131.89210731949998,120.0,45.0,63.0
2278,104,upper,346.3467003294,265.55101944057145,131.89210731949998,180.0,45.0,63.0
2279,104,upper,346.3467003294,265.55101944057145,131.89210731949998,240.0,45.0,63.0
2280,104,upper,346.3467003294,265.55101944057145,131.89210731949998,300.0,45.0,63.0
2281,104,lower,346.3467003294,265.55101944057145,131.89210731949998,0.0,-45.0,63.0
2282,104,lower,346.3467003294,265.55101944057145,131.89210731949998,60.0,-45.0,63.0
2283,104,lower,346.3467003294,265.55101944057145,131.89210731949998,120.0,-45.0,63.0
2284,104,lower,346.3467003294,265.55101944057145,131.89210731949998,180.0,-45.0,63.0
2285,104,lower,346.3467003294,265.55101944057145,131.89210731949998,240.0,-45.0,63.0
2286,104,lower,346.3467003294,265.55101944057145,131.89210731949998,300.0,-45.0,63.0
2287,104,ceiling,346.3467003294,265.55101944057145,131.89210731949998,0.0,90.0,63.0
2288,104,floor,346.3467003294,265.55101944057145,131.89210731949998,0.0,-90.0,63.0
2289,105,middle,323.5208709722,243.29281247942856,131.89210731949998,0.0,0.0,63.0
2290,105,middle,323.5208709722,243.29281247942856,131.89210731949998,45.0,0.0,63.0
2291,105,middle,323.5208709722,243.29281247942856,131.89210731949998,90.0,0.0,63.0
2292,105,middle,323.5208709722,243.29281247942856,131.89210731949998,135.0,0.0,63.0
2293,105,middle,323.5208709722,243.29281247942856,131.89210731949998,180.0,0.0,63.0
2294,105,middle,323.5208709722,243.29281247942856,131.89210731949998,225.0,0.0,63.0
2295,105,middle,323.5208709722,243.29281247942856,131.89210731949998,270.0,0.0,63.0
2296,105,middle,323.5208709722,243.29281247942856,131.89210731949998,315.0,0.0,63.0
2297,105,upper,323.5208709722,243.29281247942856,131.89210731949998,0.0,45.0,63.0
2298,105,upper,323.5208709722,243.29281247942856,131.89210731949998,60.0,45.0,63.0
2299,105,upper,323.5208709722,243.29281247942856,131.89210731949998,120.0,45.0,63.0
2300,105,upper,323.5208709722,243.29281247942856,131.89210731949998,180.0,45.0,63.0
2301,105,upper,323.5208709722,243.29281247942856,131.89210731949998,240.0,45.0,63.0
2302,105,upper,323.5208709722,243.29281247942856,131.89210731949998,300.0,45.0,63.0
2303,105,lower,323.5208709722,243.29281247942856,131.89210731949998,0.0,-45.0,63.0
2304,105,lower,323.5208709722,243.29281247942856,131.89210731949998,60.0,-45.0,63.0
2305,105,lower,323.5208709722,243.29281247942856,131.89210731949998,120.0,-45.0,63.0
2306,105,lower,323.5208709722,243.29281247942856,131.89210731949998,180.0,-45.0,63.0
2307,105,lower,323.5208709722,243.29281247942856,131.89210731949998,240.0,-45.0,63.0
2308,105,lower,323.5208709722,243.29281247942856,131.89210731949998,300.0,-45.0,63.0
2309,105,ceiling,323.5208709722,243.29281247942856,131.89210731949998,0.0,90.0,63.0
2310,105,floor,323.5208709722,243.29281247942856,131.89210731949998,0.0,-90.0,63.0
2311,106,middle,346.3467003294,243.29281247942856,131.89210731949998,0.0,0.0,63.0
2312,106,middle,346.3467003294,243.29281247942856,131.89210731949998,45.0,0.0,63.0
2313,106,middle,346.3467003294,243.29281247942856,131.89210731949998,90.0,0.0,63.0
2314,106,middle,346.3467003294,243.29281247942856,131.89210731949998,135.0,0.0,63.0
2315,106,middle,346.3467003294,243.29281247942856,131.89210731949998,180.0,0.0,63.0
2316,106,middle,346.3467003294,243.29281247942856,131.89210731949998,225.0,0.0,63.0
2317,106,middle,346.3467003294,243.29281247942856,131.89210731949998,270.0,0.0,63.0
2318,106,middle,346.3467003294,243.29281247942856,131.89210731949998,315.0,0.0,63.0
2319,106,upper,346.3467003294,243.29281247942856,131.89210731949998,0.0,45.0,63.0
2320,106,upper,346.3467003294,243.29281247942856,131.89210731949998,60.0,45.0,63.0
2321,106,upper,346.3467003294,243.29281247942856,131.89210731949998,120.0,45.0,63.0
2322,106,upper,346.3467003294,243.29281247942856,131.89210731949998,180.0,45.0,63.0
2323,106,upper,346.3467003294,243.29281247942856,131.89210731949998,240.0,45.0,63.0
2324,106,upper,346.3467003294,243.29281247942856,131.89210731949998,300.0,45.0,63.0
2325,106,lower,346.3467003294,243.29281247942856,131.89210731949998,0.0,-45.0,63.0
2326,106,lower,346.3467003294,243.29281247942856,131.89210731949998,60.0,-45.0,63.0
2327,106,lower,346.3467003294,243.29281247942856,131.89210731949998,120.0,-45.0,63.0
2328,106,lower,346.3467003294,243.29281247942856,131.89210731949998,180.0,-45.0,63.0
2329,106,lower,346.3467003294,243.29281247942856,131.89210731949998,240.0,-45.0,63.0
2330,106,lower,346.3467003294,243.29281247942856,131.89210731949998,300.0,-45.0,63.0
2331,106,ceiling,346.3467003294,243.29281247942856,131.89210731949998,0.0,90.0,63.0
2332,106,floor,346.3467003294,243.29281247942856,131.89210731949998,0.0,-90.0,63.0
2333,107,middle,369.1725296866,243.29281247942856,131.89210731949998,0.0,0.0,63.0
2334,107,middle,369.1725296866,243.29281247942856,131.89210731949998,45.0,0.0,63.0
2335,107,middle,369.1725296866,243.29281247942856,131.89210731949998,90.0,0.0,63.0
2336,107,middle,369.1725296866,243.29281247942856,131.89210731949998,135.0,0.0,63.0
2337,107,middle,369.1725296866,243.29281247942856,131.89210731949998,180.0,0.0,63.0
2338,107,middle,369.1725296866,243.29281247942856,131.89210731949998,225.0,0.0,63.0
2339,107,middle,369.1725296866,243.29281247942856,131.89210731949998,270.0,0.0,63.0
2340,107,middle,369.1725296866,243.29281247942856,131.89210731949998,315.0,0.0,63.0
2341,107,upper,369.1725296866,243.29281247942856,131.89210731949998,0.0,45.0,63.0
2342,107,upper,369.1725296866,243.29281247942856,131.89210731949998,60.0,45.0,63.0
2343,107,upper,369.1725296866,243.29281247942856,131.89210731949998,120.0,45.0,63.0
2344,107,upper,369.1725296866,243.29281247942856,131.89210731949998,180.0,45.0,63.0
2345,107,upper,369.1725296866,243.29281247942856,131.89210731949998,240.0,45.0,63.0
2346,107,upper,369.1725296866,243.29281247942856,131.89210731949998,300.0,45.0,63.0
2347,107,lower,369.1725296866,243.29281247942856,131.89210731949998,0.0,-45.0,63.0
2348,107,lower,369.1725296866,243.29281247942856,131.89210731949998,60.0,-45.0,63.0
2349,107,lower,369.1725296866,243.29281247942856,131.89210731949998,120.0,-45.0,63.0
2350,107,lower,369.1725296866,243.29281247942856,131.89210731949998,180.0,-45.0,63.0
2351,107,lower,369.1725296866,243.29281247942856,131.89210731949998,240.0,-45.0,63.0
2352,107,lower,369.1725296866,243.29281247942856,131.89210731949998,300.0,-45.0,63.0
2353,107,ceiling,369.1725296866,243.29281247942856,131.89210731949998,0.0,90.0,63.0
2354,107,floor,369.1725296866,243.29281247942856,131.89210731949998,0.0,-90.0,63.0
2355,108,middle,391.99835904379995,243.29281247942856,131.89210731949998,0.0,0.0,63.0
2356,108,middle,391.99835904379995,243.29281247942856,131.89210731949998,45.0,0.0,63.0
2357,108,middle,391.99835904379995,243.29281247942856,131.89210731949998,90.0,0.0,63.0
2358,108,middle,391.99835904379995,243.29281247942856,131.89210731949998,135.0,0.0,63.0
2359,108,middle,391.99835904379995,243.29281247942856,131.89210731949998,180.0,0.0,63.0
2360,108,middle,391.99835904379995,243.29281247942856,131.89210731949998,225.0,0.0,63.0
2361,108,middle,391.99835904379995,243.29281247942856,131.89210731949998,270.0,0.0,63.0
2362,108,middle,391.99835904379995,243.29281247942856,131.89210731949998,315.0,0.0,63.0
2363,108,upper,391.99835904379995,243.29281247942856,131.89210731949998,0.0,45.0,63.0
2364,108,upper,391.99835904379995,243.29281247942856,131.89210731949998,60.0,45.0,63.0
2365,108,upper,391.99835904379995,243.29281247942856,131.89210731949998,120.0,45.0,63.0
2366,108,upper,391.99835904379995,243.29281247942856,131.89210731949998,180.0,45.0,63.0
2367,108,upper,391.99835904379995,243.29281247942856,131.89210731949998,240.0,45.0,63.0
2368,108,upper,391.99835904379995,243.29281247942856,131.89210731949998,300.0,45.0,63.0
2369,108,lower,391.99835904379995,243.29281247942856,131.89210731949998,0.0,-45.0,63.0
2370,108,lower,391.99835904379995,243.29281247942856,131.89210731949998,60.0,-45.0,63.0
2371,108,lower,391.99835904379995,243.29281247942856,131.89210731949998,120.0,-45.0,63.0
2372,108,lower,391.99835904379995,243.29281247942856,131.89210731949998,180.0,-45.0,63.0
2373,108,lower,391.99835904379995,243.29281247942856,131.89210731949998,240.0,-45.0,63.0
2374,108,lower,391.99835904379995,243.29281247942856,131.89210731949998,300.0,-45.0,63.0
2375,108,ceiling,391.99835904379995,243.29281247942856,131.89210731949998,0.0,90.0,63.0
2376,108,floor,391.99835904379995,243.29281247942856,131.89210731949998,0.0,-90.0,63.0
2377,109,middle,414.824188401,243.29281247942856,131.89210731949998,0.0,0.0,63.0
2378,109,middle,414.824188401,243.29281247942856,131.89210731949998,45.0,0.0,63.0
2379,109,middle,414.824188401,243.29281247942856,131.89210731949998,90.0,0.0,63.0
2380,109,middle,414.824188401,243.29281247942856,131.89210731949998,135.0,0.0,63.0
2381,109,middle,414.824188401,243.29281247942856,131.89210731949998,180.0,0.0,63.0
2382,109,middle,414.824188401,243.29281247942856,131.89210731949998,225.0,0.0,63.0
2383,109,middle,414.824188401,243.29281247942856,131.89210731949998,270.0,0.0,63.0
2384,109,middle,414.824188401,243.29281247942856,131.89210731949998,315.0,0.0,63.0
2385,109,upper,414.824188401,243.29281247942856,131.89210731949998,0.0,45.0,63.0
2386,109,upper,414.824188401,243.29281247942856,131.89210731949998,60.0,45.0,63.0
2387,109,upper,414.824188401,243.29281247942856,131.89210731949998,120.0,45.0,63.0
2388,109,upper,414.824188401,243.29281247942856,131.89210731949998,180.0,45.0,63.0
2389,109,upper,414.824188401,243.29281247942856,131.89210731949998,240.0,45.0,63.0
2390,109,upper,414.824188401,243.29281247942856,131.89210731949998,300.0,45.0,63.0
2391,109,lower,414.824188401,243.29281247942856,131.89210731949998,0.0,-45.0,63.0
2392,109,lower,414.824188401,243.29281247942856,131.89210731949998,60.0,-45.0,63.0
2393,109,lower,414.824188401,243.29281247942856,131.89210731949998,120.0,-45.0,63.0
2394,109,lower,414.824188401,243.29281247942856,131.89210731949998,180.0,-45.0,63.0
2395,109,lower,414.824188401,243.29281247942856,131.89210731949998,240.0,-45.0,63.0
2396,109,lower,414.824188401,243.29281247942856,131.89210731949998,300.0,-45.0,63.0
2397,109,ceiling,414.824188401,243.29281247942856,131.89210731949998,0.0,90.0,63.0
2398,109,floor,414.824188401,243.29281247942856,131.89210731949998,0.0,-90.0,63.0
2399,110,middle,437.65001775819997,243.29281247942856,131.89210731949998,0.0,0.0,63.0
2400,110,middle,437.65001775819997,243.29281247942856,131.89210731949998,45.0,0.0,63.0
2401,110,middle,437.65001775819997,243.29281247942856,131.89210731949998,90.0,0.0,63.0
2402,110,middle,437.65001775819997,243.29281247942856,131.89210731949998,135.0,0.0,63.0
2403,110,middle,437.65001775819997,243.29281247942856,131.89210731949998,180.0,0.0,63.0
2404,110,middle,437.65001775819997,243.29281247942856,131.89210731949998,225.0,0.0,63.0
2405,110,middle,437.65001775819997,243.29281247942856,131.89210731949998,270.0,0.0,63.0
2406,110,middle,437.65001775819997,243.29281247942856,131.89210731949998,315.0,0.0,63.0
2407,110,upper,437.65001775819997,243.29281247942856,131.89210731949998,0.0,45.0,63.0
2408,110,upper,437.65001775819997,243.29281247942856,131.89210731949998,60.0,45.0,63.0
2409,110,upper,437.65001775819997,243.29281247942856,131.89210731949998,120.0,45.0,63.0
2410,110,upper,437.65001775819997,243.29281247942856,131.89210731949998,180.0,45.0,63.0
2411,110,upper,437.65001775819997,243.29281247942856,131.89210731949998,240.0,45.0,63.0
2412,110,upper,437.65001775819997,243.29281247942856,131.89210731949998,300.0,45.0,63.0
2413,110,lower,437.65001775819997,243.29281247942856,131.89210731949998,0.0,-45.0,63.0
2414,110,lower,437.65001775819997,243.29281247942856,131.89210731949998,60.0,-45.0,63.0
2415,110,lower,437.65001775819997,243.29281247942856,131.89210731949998,120.0,-45.0,63.0
2416,110,lower,437.65001775819997,243.29281247942856,131.89210731949998,180.0,-45.0,63.0
2417,110,lower,437.65001775819997,243.29281247942856,131.89210731949998,240.0,-45.0,63.0
2418,110,lower,437.65001775819997,243.29281247942856,131.89210731949998,300.0,-45.0,63.0
2419,110,ceiling,437.65001775819997,243.29281247942856,131.89210731949998,0.0,90.0,63.0
2420,110,floor,437.65001775819997,243.29281247942856,131.89210731949998,0.0,-90.0,63.0
2421,111,middle,437.65001775819997,221.03460551828573,131.89210731949998,0.0,0.0,63.0
2422,111,middle,437.65001775819997,221.03460551828573,131.89210731949998,45.0,0.0,63.0
2423,111,middle,437.65001775819997,221.03460551828573,131.89210731949998,90.0,0.0,63.0
2424,111,middle,437.65001775819997,221.03460551828573,131.89210731949998,135.0,0.0,63.0
2425,111,middle,437.65001775819997,221.03460551828573,131.89210731949998,180.0,0.0,63.0
2426,111,middle,437.65001775819997,221.03460551828573,131.89210731949998,225.0,0.0,63.0
2427,111,middle,437.65001775819997,221.03460551828573,131.89210731949998,270.0,0.0,63.0
2428,111,middle,437.65001775819997,221.03460551828573,131.89210731949998,315.0,0.0,63.0
2429,111,upper,437.65001775819997,221.03460551828573,131.89210731949998,0.0,45.0,63.0
2430,111,upper,437.65001775819997,221.03460551828573,131.89210731949998,60.0,45.0,63.0
2431,111,upper,437.65001775819997,221.03460551828573,131.89210731949998,120.0,45.0,63.0
2432,111,upper,437.65001775819997,221.03460551828573,131.89210731949998,180.0,45.0,63.0
2433,111,upper,437.65001775819997,221.03460551828573,131.89210731949998,240.0,45.0,63.0
2434,111,upper,437.65001775819997,221.03460551828573,131.89210731949998,300.0,45.0,63.0
2435,111,lower,437.65001775819997,221.03460551828573,131.89210731949998,0.0,-45.0,63.0
2436,111,lower,437.65001775819997,221.03460551828573,131.89210731949998,60.0,-45.0,63.0
2437,111,lower,437.65001775819997,221.03460551828573,131.89210731949998,120.0,-45.0,63.0
2438,111,lower,437.65001775819997,221.03460551828573,131.89210731949998,180.0,-45.0,63.0
2439,111,lower,437.65001775819997,221.03460551828573,131.89210731949998,240.0,-45.0,63.0
2440,111,lower,437.65001775819997,221.03460551828573,131.89210731949998,300.0,-45.0,63.0
2441,111,ceiling,437.65001775819997,221.03460551828573,131.89210731949998,0.0,90.0,63.0
2442,111,floor,437.65001775819997,221.03460551828573,131.89210731949998,0.0,-90.0,63.0
2443,112,middle,414.824188401,221.03460551828573,131.89210731949998,0.0,0.0,63.0
2444,112,middle,414.824188401,221.03460551828573,131.89210731949998,45.0,0.0,63.0
2445,112,middle,414.824188401,221.03460551828573,131.89210731949998,90.0,0.0,63.0
2446,112,middle,414.824188401,221.03460551828573,131.89210731949998,135.0,0.0,63.0
2447,112,middle,414.824188401,221.03460551828573,131.89210731949998,180.0,0.0,63.0
2448,112,middle,414.824188401,221.03460551828573,131.89210731949998,225.0,0.0,63.0
2449,112,middle,414.824188401,221.03460551828573,131.89210731949998,270.0,0.0,63.0
2450,112,middle,414.824188401,221.03460551828573,131.89210731949998,315.0,0.0,63.0
2451,112,upper,414.824188401,221.03460551828573,131.89210731949998,0.0,45.0,63.0
2452,112,upper,414.824188401,221.03460551828573,131.89210731949998,60.0,45.0,63.0
2453,112,upper,414.824188401,221.03460551828573,131.89210731949998,120.0,45.0,63.0
2454,112,upper,414.824188401,221.03460551828573,131.89210731949998,180.0,45.0,63.0
2455,112,upper,414.824188401,221.03460551828573,131.89210731949998,240.0,45.0,63.0
2456,112,upper,414.824188401,221.03460551828573,131.89210731949998,300.0,45.0,63.0
2457,112,lower,414.824188401,221.03460551828573,131.89210731949998,0.0,-45.0,63.0
2458,112,lower,414.824188401,221.03460551828573,131.89210731949998,60.0,-45.0,63.0
2459,112,lower,414.824188401,221.03460551828573,131.89210731949998,120.0,-45.0,63.0
2460,112,lower,414.824188401,221.03460551828573,131.89210731949998,180.0,-45.0,63.0
2461,112,lower,414.824188401,221.03460551828573,131.89210731949998,240.0,-45.0,63.0
2462,112,lower,414.824188401,221.03460551828573,131.89210731949998,300.0,-45.0,63.0
2463,112,ceiling,414.824188401,221.03460551828573,131.89210731949998,0.0,90.0,63.0
2464,112,floor,414.824188401,221.03460551828573,131.89210731949998,0.0,-90.0,63.0
2465,113,middle,391.99835904379995,221.03460551828573,131.89210731949998,0.0,0.0,63.0
2466,113,middle,391.99835904379995,221.03460551828573,131.89210731949998,45.0,0.0,63.0
2467,113,middle,391.99835904379995,221.03460551828573,131.89210731949998,90.0,0.0,63.0
2468,113,middle,391.99835904379995,221.03460551828573,131.89210731949998,135.0,0.0,63.0
2469,113,middle,391.99835904379995,221.03460551828573,131.89210731949998,180.0,0.0,63.0
2470,113,middle,391.99835904379995,221.03460551828573,131.89210731949998,225.0,0.0,63.0
2471,113,middle,391.99835904379995,221.03460551828573,131.89210731949998,270.0,0.0,63.0
2472,113,middle,391.99835904379995,221.03460551828573,131.89210731949998,315.0,0.0,63.0
2473,113,upper,391.99835904379995,221.03460551828573,131.89210731949998,0.0,45.0,63.0
2474,113,upper,391.99835904379995,221.03460551828573,131.89210731949998,60.0,45.0,63.0
2475,113,upper,391.99835904379995,221.03460551828573,131.89210731949998,120.0,45.0,63.0
2476,113,upper,391.99835904379995,221.03460551828573,131.89210731949998,180.0,45.0,63.0
2477,113,upper,391.99835904379995,221.03460551828573,131.89210731949998,240.0,45.0,63.0
2478,113,upper,391.99835904379995,221.03460551828573,131.89210731949998,300.0,45.0,63.0
2479,113,lower,391.99835904379995,221.03460551828573,131.89210731949998,0.0,-45.0,63.0
2480,113,lower,391.99835904379995,221.03460551828573,131.89210731949998,60.0,-45.0,63.0
2481,113,lower,391.99835904379995,221.03460551828573,131.89210731949998,120.0,-45.0,63.0
2482,113,lower,391.99835904379995,221.03460551828573,131.89210731949998,180.0,-45.0,63.0
2483,113,lower,391.99835904379995,221.03460551828573,131.89210731949998,240.0,-45.0,63.0
2484,113,lower,391.99835904379995,221.03460551828573,131.89210731949998,300.0,-45.0,63.0
2485,113,ceiling,391.99835904379995,221.03460551828573,131.89210731949998,0.0,90.0,63.0
2486,113,floor,391.99835904379995,221.03460551828573,131.89210731949998,0.0,-90.0,63.0
2487,114,middle,369.1725296866,221.03460551828573,131.89210731949998,0.0,0.0,63.0
2488,114,middle,369.1725296866,221.03460551828573,131.89210731949998,45.0,0.0,63.0
2489,114,middle,369.1725296866,221.03460551828573,131.89210731949998,90.0,0.0,63.0
2490,114,middle,369.1725296866,221.03460551828573,131.89210731949998,135.0,0.0,63.0
2491,114,middle,369.1725296866,221.03460551828573,131.89210731949998,180.0,0.0,63.0
2492,114,middle,369.1725296866,221.03460551828573,131.89210731949998,225.0,0.0,63.0
2493,114,middle,369.1725296866,221.03460551828573,131.89210731949998,270.0,0.0,63.0
2494,114,middle,369.1725296866,221.03460551828573,131.89210731949998,315.0,0.0,63.0
2495,114,upper,369.1725296866,221.03460551828573,131.89210731949998,0.0,45.0,63.0
2496,114,upper,369.1725296866,221.03460551828573,131.89210731949998,60.0,45.0,63.0
2497,114,upper,369.1725296866,221.03460551828573,131.89210731949998,120.0,45.0,63.0
2498,114,upper,369.1725296866,221.03460551828573,131.89210731949998,180.0,45.0,63.0
2499,114,upper,369.1725296866,221.03460551828573,131.89210731949998,240.0,45.0,63.0
2500,114,upper,369.1725296866,221.03460551828573,131.89210731949998,300.0,45.0,63.0
2501,114,lower,369.1725296866,221.03460551828573,131.89210731949998,0.0,-45.0,63.0
2502,114,lower,369.1725296866,221.03460551828573,131.89210731949998,60.0,-45.0,63.0
2503,114,lower,369.1725296866,221.03460551828573,131.89210731949998,120.0,-45.0,63.0
2504,114,lower,369.1725296866,221.03460551828573,131.89210731949998,180.0,-45.0,63.0
2505,114,lower,369.1725296866,221.03460551828573,131.89210731949998,240.0,-45.0,63.0
2506,114,lower,369.1725296866,221.03460551828573,131.89210731949998,300.0,-45.0,63.0
2507,114,ceiling,369.1725296866,221.03460551828573,131.89210731949998,0.0,90.0,63.0
2508,114,floor,369.1725296866,221.03460551828573,131.89210731949998,0.0,-90.0,63.0
2509,115,middle,346.3467003294,221.03460551828573,131.89210731949998,0.0,0.0,63.0
2510,115,middle,346.3467003294,221.03460551828573,131.89210731949998,45.0,0.0,63.0
2511,115,middle,346.3467003294,221.03460551828573,131.89210731949998,90.0,0.0,63.0
2512,115,middle,346.3467003294,221.03460551828573,131.89210731949998,135.0,0.0,63.0
2513,115,middle,346.3467003294,221.03460551828573,131.89210731949998,180.0,0.0,63.0
2514,115,middle,346.3467003294,221.03460551828573,131.89210731949998,225.0,0.0,63.0
2515,115,middle,346.3467003294,221.03460551828573,131.89210731949998,270.0,0.0,63.0
2516,115,middle,346.3467003294,221.03460551828573,131.89210731949998,315.0,0.0,63.0
2517,115,upper,346.3467003294,221.03460551828573,131.89210731949998,0.0,45.0,63.0
2518,115,upper,346.3467003294,221.03460551828573,131.89210731949998,60.0,45.0,63.0
2519,115,upper,346.3467003294,221.03460551828573,131.89210731949998,120.0,45.0,63.0
2520,115,upper,346.3467003294,221.03460551828573,131.89210731949998,180.0,45.0,63.0
2521,115,upper,346.3467003294,221.03460551828573,131.89210731949998,240.0,45.0,63.0
2522,115,upper,346.3467003294,221.03460551828573,131.89210731949998,300.0,45.0,63.0
2523,115,lower,346.3467003294,221.03460551828573,131.89210731949998,0.0,-45.0,63.0
2524,115,lower,346.3467003294,221.03460551828573,131.89210731949998,60.0,-45.0,63.0
2525,115,lower,346.3467003294,221.03460551828573,131.89210731949998,120.0,-45.0,63.0
2526,115,lower,346.3467003294,221.03460551828573,131.89210731949998,180.0,-45.0,63.0
2527,115,lower,346.3467003294,221.03460551828573,131.89210731949998,240.0,-45.0,63.0
2528,115,lower,346.3467003294,221.03460551828573,131.89210731949998,300.0,-45.0,63.0
2529,115,ceiling,346.3467003294,221.03460551828573,131.89210731949998,0.0,90.0,63.0
2530,115,floor,346.3467003294,221.03460551828573,131.89210731949998,0.0,-90.0,63.0
2531,116,middle,323.5208709722,221.03460551828573,131.89210731949998,0.0,0.0,63.0
2532,116,middle,323.5208709722,221.03460551828573,131.89210731949998,45.0,0.0,63.0
2533,116,middle,323.5208709722,221.03460551828573,131.89210731949998,90.0,0.0,63.0
2534,116,middle,323.5208709722,221.03460551828573,131.89210731949998,135.0,0.0,63.0
2535,116,middle,323.5208709722,221.03460551828573,131.89210731949998,180.0,0.0,63.0
2536,116,middle,323.5208709722,221.03460551828573,131.89210731949998,225.0,0.0,63.0
2537,116,middle,323.5208709722,221.03460551828573,131.89210731949998,270.0,0.0,63.0
2538,116,middle,323.5208709722,221.03460551828573,131.89210731949998,315.0,0.0,63.0
2539,116,upper,323.5208709722,221.03460551828573,131.89210731949998,0.0,45.0,63.0
2540,116,upper,323.5208709722,221.03460551828573,131.89210731949998,60.0,45.0,63.0
2541,116,upper,323.5208709722,221.03460551828573,131.89210731949998,120.0,45.0,63.0
2542,116,upper,323.5208709722,221.03460551828573,131.89210731949998,180.0,45.0,63.0
2543,116,upper,323.5208709722,221.03460551828573,131.89210731949998,240.0,45.0,63.0
2544,116,upper,323.5208709722,221.03460551828573,131.89210731949998,300.0,45.0,63.0
2545,116,lower,323.5208709722,221.03460551828573,131.89210731949998,0.0,-45.0,63.0
2546,116,lower,323.5208709722,221.03460551828573,131.89210731949998,60.0,-45.0,63.0
2547,116,lower,323.5208709722,221.03460551828573,131.89210731949998,120.0,-45.0,63.0
2548,116,lower,323.5208709722,221.03460551828573,131.89210731949998,180.0,-45.0,63.0
2549,116,lower,323.5208709722,221.03460551828573,131.89210731949998,240.0,-45.0,63.0
2550,116,lower,323.5208709722,221.03460551828573,131.89210731949998,300.0,-45.0,63.0
2551,116,ceiling,323.5208709722,221.03460551828573,131.89210731949998,0.0,90.0,63.0
2552,116,floor,323.5208709722,221.03460551828573,131.89210731949998,0.0,-90.0,63.0
2553,117,middle,346.3467003294,198.77639855714287,131.89210731949998,0.0,0.0,63.0
2554,117,middle,346.3467003294,198.77639855714287,131.89210731949998,45.0,0.0,63.0
2555,117,middle,346.3467003294,198.77639855714287,131.89210731949998,90.0,0.0,63.0
2556,117,middle,346.3467003294,198.77639855714287,131.89210731949998,135.0,0.0,63.0
2557,117,middle,346.3467003294,198.77639855714287,131.89210731949998,180.0,0.0,63.0
2558,117,middle,346.3467003294,198.77639855714287,131.89210731949998,225.0,0.0,63.0
2559,117,middle,346.3467003294,198.77639855714287,131.89210731949998,270.0,0.0,63.0
2560,117,middle,346.3467003294,198.77639855714287,131.89210731949998,315.0,0.0,63.0
2561,117,upper,346.3467003294,198.77639855714287,131.89210731949998,0.0,45.0,63.0
2562,117,upper,346.3467003294,198.77639855714287,131.89210731949998,60.0,45.0,63.0
2563,117,upper,346.3467003294,198.77639855714287,131.89210731949998,120.0,45.0,63.0
2564,117,upper,346.3467003294,198.77639855714287,131.89210731949998,180.0,45.0,63.0
2565,117,upper,346.3467003294,198.77639855714287,131.89210731949998,240.0,45.0,63.0
2566,117,upper,346.3467003294,198.77639855714287,131.89210731949998,300.0,45.0,63.0
2567,117,lower,346.3467003294,198.77639855714287,131.89210731949998,0.0,-45.0,63.0
2568,117,lower,346.3467003294,198.77639855714287,131.89210731949998,60.0,-45.0,63.0
2569,117,lower,346.3467003294,198.77639855714287,131.89210731949998,120.0,-45.0,63.0
2570,117,lower,346.3467003294,198.77639855714287,131.89210731949998,180.0,-45.0,63.0
2571,117,lower,346.3467003294,198.77639855714287,131.89210731949998,240.0,-45.0,63.0
2572,117,lower,346.3467003294,198.77639855714287,131.89210731949998,300.0,-45.0,63.0
2573,117,ceiling,346.3467003294,198.77639855714287,131.89210731949998,0.0,90.0,63.0
2574,117,floor,346.3467003294,198.77639855714287,131.89210731949998,0.0,-90.0,63.0
2575,118,middle,369.1725296866,198.77639855714287,131.89210731949998,0.0,0.0,63.0
2576,118,middle,369.1725296866,198.77639855714287,131.89210731949998,45.0,0.0,63.0
2577,118,middle,369.1725296866,198.77639855714287,131.89210731949998,90.0,0.0,63.0
2578,118,middle,369.1725296866,198.77639855714287,131.89210731949998,135.0,0.0,63.0
2579,118,middle,369.1725296866,198.77639855714287,131.89210731949998,180.0,0.0,63.0
2580,118,middle,369.1725296866,198.77639855714287,131.89210731949998,225.0,0.0,63.0
2581,118,middle,369.1725296866,198.77639855714287,131.89210731949998,270.0,0.0,63.0
2582,118,middle,369.1725296866,198.77639855714287,131.89210731949998,315.0,0.0,63.0
2583,118,upper,369.1725296866,198.77639855714287,131.89210731949998,0.0,45.0,63.0
2584,118,upper,369.1725296866,198.77639855714287,131.89210731949998,60.0,45.0,63.0
2585,118,upper,369.1725296866,198.77639855714287,131.89210731949998,120.0,45.0,63.0
2586,118,upper,369.1725296866,198.77639855714287,131.89210731949998,180.0,45.0,63.0
2587,118,upper,369.1725296866,198.77639855714287,131.89210731949998,240.0,45.0,63.0
2588,118,upper,369.1725296866,198.77639855714287,131.89210731949998,300.0,45.0,63.0
2589,118,lower,369.1725296866,198.77639855714287,131.89210731949998,0.0,-45.0,63.0
2590,118,lower,369.1725296866,198.77639855714287,131.89210731949998,60.0,-45.0,63.0
2591,118,lower,369.1725296866,198.77639855714287,131.89210731949998,120.0,-45.0,63.0
2592,118,lower,369.1725296866,198.77639855714287,131.89210731949998,180.0,-45.0,63.0
2593,118,lower,369.1725296866,198.77639855714287,131.89210731949998,240.0,-45.0,63.0
2594,118,lower,369.1725296866,198.77639855714287,131.89210731949998,300.0,-45.0,63.0
2595,118,ceiling,369.1725296866,198.77639855714287,131.89210731949998,0.0,90.0,63.0
2596,118,floor,369.1725296866,198.77639855714287,131.89210731949998,0.0,-90.0,63.0
2597,119,middle,391.99835904379995,198.77639855714287,131.89210731949998,0.0,0.0,63.0
2598,119,middle,391.99835904379995,198.77639855714287,131.89210731949998,45.0,0.0,63.0
2599,119,middle,391.99835904379995,198.77639855714287,131.89210731949998,90.0,0.0,63.0
2600,119,middle,391.99835904379995,198.77639855714287,131.89210731949998,135.0,0.0,63.0
2601,119,middle,391.99835904379995,198.77639855714287,131.89210731949998,180.0,0.0,63.0
2602,119,middle,391.99835904379995,198.77639855714287,131.89210731949998,225.0,0.0,63.0
2603,119,middle,391.99835904379995,198.77639855714287,131.89210731949998,270.0,0.0,63.0
2604,119,middle,391.99835904379995,198.77639855714287,131.89210731949998,315.0,0.0,63.0
2605,119,upper,391.99835904379995,198.77639855714287,131.89210731949998,0.0,45.0,63.0
2606,119,upper,391.99835904379995,198.77639855714287,131.89210731949998,60.0,45.0,63.0
2607,119,upper,391.99835904379995,198.77639855714287,131.89210731949998,120.0,45.0,63.0
2608,119,upper,391.99835904379995,198.77639855714287,131.89210731949998,180.0,45.0,63.0
2609,119,upper,391.99835904379995,198.77639855714287,131.89210731949998,240.0,45.0,63.0
2610,119,upper,391.99835904379995,198.77639855714287,131.89210731949998,300.0,45.0,63.0
2611,119,lower,391.99835904379995,198.77639855714287,131.89210731949998,0.0,-45.0,63.0
2612,119,lower,391.99835904379995,198.77639855714287,131.89210731949998,60.0,-45.0,63.0
2613,119,lower,391.99835904379995,198.77639855714287,131.89210731949998,120.0,-45.0,63.0
2614,119,lower,391.99835904379995,198.77639855714287,131.89210731949998,180.0,-45.0,63.0
2615,119,lower,391.99835904379995,198.77639855714287,131.89210731949998,240.0,-45.0,63.0
2616,119,lower,391.99835904379995,198.77639855714287,131.89210731949998,300.0,-45.0,63.0
2617,119,ceiling,391.99835904379995,198.77639855714287,131.89210731949998,0.0,90.0,63.0
2618,119,floor,391.99835904379995,198.77639855714287,131.89210731949998,0.0,-90.0,63.0
2619,120,middle,414.824188401,198.77639855714287,131.89210731949998,0.0,0.0,63.0
2620,120,middle,414.824188401,198.77639855714287,131.89210731949998,45.0,0.0,63.0
2621,120,middle,414.824188401,198.77639855714287,131.89210731949998,90.0,0.0,63.0
2622,120,middle,414.824188401,198.77639855714287,131.89210731949998,135.0,0.0,63.0
2623,120,middle,414.824188401,198.77639855714287,131.89210731949998,180.0,0.0,63.0
2624,120,middle,414.824188401,198.77639855714287,131.89210731949998,225.0,0.0,63.0
2625,120,middle,414.824188401,198.77639855714287,131.89210731949998,270.0,0.0,63.0
2626,120,middle,414.824188401,198.77639855714287,131.89210731949998,315.0,0.0,63.0
2627,120,upper,414.824188401,198.77639855714287,131.89210731949998,0.0,45.0,63.0
2628,120,upper,414.824188401,198.77639855714287,131.89210731949998,60.0,45.0,63.0
2629,120,upper,414.824188401,198.77639855714287,131.89210731949998,120.0,45.0,63.0
2630,120,upper,414.824188401,198.77639855714287,131.89210731949998,180.0,45.0,63.0
2631,120,upper,414.824188401,198.77639855714287,131.89210731949998,240.0,45.0,63.0
2632,120,upper,414.824188401,198.77639855714287,131.89210731949998,300.0,45.0,63.0
2633,120,lower,414.824188401,198.77639855714287,131.89210731949998,0.0,-45.0,63.0
2634,120,lower,414.824188401,198.77639855714287,131.89210731949998,60.0,-45.0,63.0
2635,120,lower,414.824188401,198.77639855714287,131.89210731949998,120.0,-45.0,63.0
2636,120,lower,414.824188401,198.77639855714287,131.89210731949998,180.0,-45.0,63.0
2637,120,lower,414.824188401,198.77639855714287,131.89210731949998,240.0,-45.0,63.0
2638,120,lower,414.824188401,198.77639855714287,131.89210731949998,300.0,-45.0,63.0
2639,120,ceiling,414.824188401,198.77639855714287,131.89210731949998,0.0,90.0,63.0
2640,120,floor,414.824188401,198.77639855714287,131.89210731949998,0.0,-90.0,63.0
2641,121,middle,323.5208709722,221.03460551828573,138.81394592499998,0.0,0.0,63.0
2642,121,middle,323.5208709722,221.03460551828573,138.81394592499998,45.0,0.0,63.0
2643,121,middle,323.5208709722,221.03460551828573,138.81394592499998,90.0,0.0,63.0
2644,121,middle,323.5208709722,221.03460551828573,138.81394592499998,135.0,0.0,63.0
2645,121,middle,323.5208709722,221.03460551828573,138.81394592499998,180.0,0.0,63.0
2646,121,middle,323.5208709722,221.03460551828573,138.81394592499998,225.0,0.0,63.0
2647,121,middle,323.5208709722,221.03460551828573,138.81394592499998,270.0,0.0,63.0
2648,121,middle,323.5208709722,221.03460551828573,138.81394592499998,315.0,0.0,63.0
2649,121,upper,323.5208709722,221.03460551828573,138.81394592499998,0.0,45.0,63.0
2650,121,upper,323.5208709722,221.03460551828573,138.81394592499998,60.0,45.0,63.0
2651,121,upper,323.5208709722,221.03460551828573,138.81394592499998,120.0,45.0,63.0
2652,121,upper,323.5208709722,221.03460551828573,138.81394592499998,180.0,45.0,63.0
2653,121,upper,323.5208709722,221.03460551828573,138.81394592499998,240.0,45.0,63.0
2654,121,upper,323.5208709722,221.03460551828573,138.81394592499998,300.0,45.0,63.0
2655,121,lower,323.5208709722,221.03460551828573,138.81394592499998,0.0,-45.0,63.0
2656,121,lower,323.5208709722,221.03460551828573,138.81394592499998,60.0,-45.0,63.0
2657,121,lower,323.5208709722,221.03460551828573,138.81394592499998,120.0,-45.0,63.0
2658,121,lower,323.5208709722,221.03460551828573,138.81394592499998,180.0,-45.0,63.0
2659,121,lower,323.5208709722,221.03460551828573,138.81394592499998,240.0,-45.0,63.0
2660,121,lower,323.5208709722,221.03460551828573,138.81394592499998,300.0,-45.0,63.0
2661,121,ceiling,323.5208709722,221.03460551828573,138.81394592499998,0.0,90.0,63.0
2662,121,floor,323.5208709722,221.03460551828573,138.81394592499998,0.0,-90.0,63.0
2663,122,middle,369.1725296866,243.29281247942856,138.81394592499998,0.0,0.0,63.0
2664,122,middle,369.1725296866,243.29281247942856,138.81394592499998,45.0,0.0,63.0
2665,122,middle,369.1725296866,243.29281247942856,138.81394592499998,90.0,0.0,63.0
2666,122,middle,369.1725296866,243.29281247942856,138.81394592499998,135.0,0.0,63.0
2667,122,middle,369.1725296866,243.29281247942856,138.81394592499998,180.0,0.0,63.0
2668,122,middle,369.1725296866,243.29281247942856,138.81394592499998,225.0,0.0,63.0
2669,122,middle,369.1725296866,243.29281247942856,138.81394592499998,270.0,0.0,63.0
2670,122,middle,369.1725296866,243.29281247942856,138.81394592499998,315.0,0.0,63.0
2671,122,upper,369.1725296866,243.29281247942856,138.81394592499998,0.0,45.0,63.0
2672,122,upper,369.1725296866,243.29281247942856,138.81394592499998,60.0,45.0,63.0
2673,122,upper,369.1725296866,243.29281247942856,138.81394592499998,120.0,45.0,63.0
2674,122,upper,369.1725296866,243.29281247942856,138.81394592499998,180.0,45.0,63.0
2675,122,upper,369.1725296866,243.29281247942856,138.81394592499998,240.0,45.0,63.0
2676,122,upper,369.1725296866,243.29281247942856,138.81394592499998,300.0,45.0,63.0
2677,122,lower,369.1725296866,243.29281247942856,138.81394592499998,0.0,-45.0,63.0
2678,122,lower,369.1725296866,243.29281247942856,138.81394592499998,60.0,-45.0,63.0
2679,122,lower,369.1725296866,243.29281247942856,138.81394592499998,120.0,-45.0,63.0
2680,122,lower,369.1725296866,243.29281247942856,138.81394592499998,180.0,-45.0,63.0
2681,122,lower,369.1725296866,243.29281247942856,138.81394592499998,240.0,-45.0,63.0
2682,122,lower,369.1725296866,243.29281247942856,138.81394592499998,300.0,-45.0,63.0
2683,122,ceiling,369.1725296866,243.29281247942856,138.81394592499998,0.0,90.0,63.0
2684,122,floor,369.1725296866,243.29281247942856,138.81394592499998,0.0,-90.0,63.0
2685,123,middle,346.3467003294,243.29281247942856,138.81394592499998,0.0,0.0,63.0
2686,123,middle,346.3467003294,243.29281247942856,138.81394592499998,45.0,0.0,63.0
2687,123,middle,346.3467003294,243.29281247942856,138.81394592499998,90.0,0.0,63.0
2688,123,middle,346.3467003294,243.29281247942856,138.81394592499998,135.0,0.0,63.0
2689,123,middle,346.3467003294,243.29281247942856,138.81394592499998,180.0,0.0,63.0
2690,123,middle,346.3467003294,243.29281247942856,138.81394592499998,225.0,0.0,63.0
2691,123,middle,346.3467003294,243.29281247942856,138.81394592499998,270.0,0.0,63.0
2692,123,middle,346.3467003294,243.29281247942856,138.81394592499998,315.0,0.0,63.0
2693,123,upper,346.3467003294,243.29281247942856,138.81394592499998,0.0,45.0,63.0
2694,123,upper,346.3467003294,243.29281247942856,138.81394592499998,60.0,45.0,63.0
2695,123,upper,346.3467003294,243.29281247942856,138.81394592499998,120.0,45.0,63.0
2696,123,upper,346.3467003294,243.29281247942856,138.81394592499998,180.0,45.0,63.0
2697,123,upper,346.3467003294,243.29281247942856,138.81394592499998,240.0,45.0,63.0
2698,123,upper,346.3467003294,243.29281247942856,138.81394592499998,300.0,45.0,63.0
2699,123,lower,346.3467003294,243.29281247942856,138.81394592499998,0.0,-45.0,63.0
2700,123,lower,346.3467003294,243.29281247942856,138.81394592499998,60.0,-45.0,63.0
2701,123,lower,346.3467003294,243.29281247942856,138.81394592499998,120.0,-45.0,63.0
2702,123,lower,346.3467003294,243.29281247942856,138.81394592499998,180.0,-45.0,63.0
2703,123,lower,346.3467003294,243.29281247942856,138.81394592499998,240.0,-45.0,63.0
2704,123,lower,346.3467003294,243.29281247942856,138.81394592499998,300.0,-45.0,63.0
2705,123,ceiling,346.3467003294,243.29281247942856,138.81394592499998,0.0,90.0,63.0
2706,123,floor,346.3467003294,243.29281247942856,138.81394592499998,0.0,-90.0,63.0
2707,124,middle,323.5208709722,243.29281247942856,138.81394592499998,0.0,0.0,63.0
2708,124,middle,323.5208709722,243.29281247942856,138.81394592499998,45.0,0.0,63.0
2709,124,middle,323.5208709722,243.29281247942856,138.81394592499998,90.0,0.0,63.0
2710,124,middle,323.5208709722,243.29281247942856,138.81394592499998,135.0,0.0,63.0
2711,124,middle,323.5208709722,243.29281247942856,138.81394592499998,180.0,0.0,63.0
2712,124,middle,323.5208709722,243.29281247942856,138.81394592499998,225.0,0.0,63.0
2713,124,middle,323.5208709722,243.29281247942856,138.81394592499998,270.0,0.0,63.0
2714,124,middle,323.5208709722,243.29281247942856,138.81394592499998,315.0,0.0,63.0
2715,124,upper,323.5208709722,243.29281247942856,138.81394592499998,0.0,45.0,63.0
2716,124,upper,323.5208709722,243.29281247942856,138.81394592499998,60.0,45.0,63.0
2717,124,upper,323.5208709722,243.29281247942856,138.81394592499998,120.0,45.0,63.0
2718,124,upper,323.5208709722,243.29281247942856,138.81394592499998,180.0,45.0,63.0
2719,124,upper,323.5208709722,243.29281247942856,138.81394592499998,240.0,45.0,63.0
2720,124,upper,323.5208709722,243.29281247942856,138.81394592499998,300.0,45.0,63.0
2721,124,lower,323.5208709722,243.29281247942856,138.81394592499998,0.0,-45.0,63.0
2722,124,lower,323.5208709722,243.29281247942856,138.81394592499998,60.0,-45.0,63.0
2723,124,lower,323.5208709722,243.29281247942856,138.81394592499998,120.0,-45.0,63.0
2724,124,lower,323.5208709722,243.29281247942856,138.81394592499998,180.0,-45.0,63.0
2725,124,lower,323.5208709722,243.29281247942856,138.81394592499998,240.0,-45.0,63.0
2726,124,lower,323.5208709722,243.29281247942856,138.81394592499998,300.0,-45.0,63.0
2727,124,ceiling,323.5208709722,243.29281247942856,138.81394592499998,0.0,90.0,63.0
2728,124,floor,323.5208709722,243.29281247942856,138.81394592499998,0.0,-90.0,63.0
2729,125,middle,346.3467003294,265.55101944057145,138.81394592499998,0.0,0.0,63.0
2730,125,middle,346.3467003294,265.55101944057145,138.81394592499998,45.0,0.0,63.0
2731,125,middle,346.3467003294,265.55101944057145,138.81394592499998,90.0,0.0,63.0
2732,125,middle,346.3467003294,265.55101944057145,138.81394592499998,135.0,0.0,63.0
2733,125,middle,346.3467003294,265.55101944057145,138.81394592499998,180.0,0.0,63.0
2734,125,middle,346.3467003294,265.55101944057145,138.81394592499998,225.0,0.0,63.0
2735,125,middle,346.3467003294,265.55101944057145,138.81394592499998,270.0,0.0,63.0
2736,125,middle,346.3467003294,265.55101944057145,138.81394592499998,315.0,0.0,63.0
2737,125,upper,346.3467003294,265.55101944057145,138.81394592499998,0.0,45.0,63.0
2738,125,upper,346.3467003294,265.55101944057145,138.81394592499998,60.0,45.0,63.0
2739,125,upper,346.3467003294,265.55101944057145,138.81394592499998,120.0,45.0,63.0
2740,125,upper,346.3467003294,265.55101944057145,138.81394592499998,180.0,45.0,63.0
2741,125,upper,346.3467003294,265.55101944057145,138.81394592499998,240.0,45.0,63.0
2742,125,upper,346.3467003294,265.55101944057145,138.81394592499998,300.0,45.0,63.0
2743,125,lower,346.3467003294,265.55101944057145,138.81394592499998,0.0,-45.0,63.0
2744,125,lower,346.3467003294,265.55101944057145,138.81394592499998,60.0,-45.0,63.0
2745,125,lower,346.3467003294,265.55101944057145,138.81394592499998,120.0,-45.0,63.0
2746,125,lower,346.3467003294,265.55101944057145,138.81394592499998,180.0,-45.0,63.0
2747,125,lower,346.3467003294,265.55101944057145,138.81394592499998,240.0,-45.0,63.0
2748,125,lower,346.3467003294,265.55101944057145,138.81394592499998,300.0,-45.0,63.0
2749,125,ceiling,346.3467003294,265.55101944057145,138.81394592499998,0.0,90.0,63.0
2750,125,floor,346.3467003294,265.55101944057145,138.81394592499998,0.0,-90.0,63.0
2751,126,middle,369.1725296866,265.55101944057145,138.81394592499998,0.0,0.0,63.0
2752,126,middle,369.1725296866,265.55101944057145,138.81394592499998,45.0,0.0,63.0
2753,126,middle,369.1725296866,265.55101944057145,138.81394592499998,90.0,0.0,63.0
2754,126,middle,369.1725296866,265.55101944057145,138.81394592499998,135.0,0.0,63.0
2755,126,middle,369.1725296866,265.55101944057145,138.81394592499998,180.0,0.0,63.0
2756,126,middle,369.1725296866,265.55101944057145,138.81394592499998,225.0,0.0,63.0
2757,126,middle,369.1725296866,265.55101944057145,138.81394592499998,270.0,0.0,63.0
2758,126,middle,369.1725296866,265.55101944057145,138.81394592499998,315.0,0.0,63.0
2759,126,upper,369.1725296866,265.55101944057145,138.81394592499998,0.0,45.0,63.0
2760,126,upper,369.1725296866,265.55101944057145,138.81394592499998,60.0,45.0,63.0
2761,126,upper,369.1725296866,265.55101944057145,138.81394592499998,120.0,45.0,63.0
2762,126,upper,369.1725296866,265.55101944057145,138.81394592499998,180.0,45.0,63.0
2763,126,upper,369.1725296866,265.55101944057145,138.81394592499998,240.0,45.0,63.0
2764,126,upper,369.1725296866,265.55101944057145,138.81394592499998,300.0,45.0,63.0
2765,126,lower,369.1725296866,265.55101944057145,138.81394592499998,0.0,-45.0,63.0
2766,126,lower,369.1725296866,265.55101944057145,138.81394592499998,60.0,-45.0,63.0
2767,126,lower,369.1725296866,265.55101944057145,138.81394592499998,120.0,-45.0,63.0
2768,126,lower,369.1725296866,265.55101944057145,138.81394592499998,180.0,-45.0,63.0
2769,126,lower,369.1725296866,265.55101944057145,138.81394592499998,240.0,-45.0,63.0
2770,126,lower,369.1725296866,265.55101944057145,138.81394592499998,300.0,-45.0,63.0
2771,126,ceiling,369.1725296866,265.55101944057145,138.81394592499998,0.0,90.0,63.0
2772,126,floor,369.1725296866,265.55101944057145,138.81394592499998,0.0,-90.0,63.0
2773,127,middle,391.99835904379995,265.55101944057145,138.81394592499998,0.0,0.0,63.0
2774,127,middle,391.99835904379995,265.55101944057145,138.81394592499998,45.0,0.0,63.0
2775,127,middle,391.99835904379995,265.55101944057145,138.81394592499998,90.0,0.0,63.0
2776,127,middle,391.99835904379995,265.55101944057145,138.81394592499998,135.0,0.0,63.0
2777,127,middle,391.99835904379995,265.55101944057145,138.81394592499998,180.0,0.0,63.0
2778,127,middle,391.99835904379995,265.55101944057145,138.81394592499998,225.0,0.0,63.0
2779,127,middle,391.99835904379995,265.55101944057145,138.81394592499998,270.0,0.0,63.0
2780,127,middle,391.99835904379995,265.55101944057145,138.81394592499998,315.0,0.0,63.0
2781,127,upper,391.99835904379995,265.55101944057145,138.81394592499998,0.0,45.0,63.0
2782,127,upper,391.99835904379995,265.55101944057145,138.81394592499998,60.0,45.0,63.0
2783,127,upper,391.99835904379995,265.55101944057145,138.81394592499998,120.0,45.0,63.0
2784,127,upper,391.99835904379995,265.55101944057145,138.81394592499998,180.0,45.0,63.0
2785,127,upper,391.99835904379995,265.55101944057145,138.81394592499998,240.0,45.0,63.0
2786,127,upper,391.99835904379995,265.55101944057145,138.81394592499998,300.0,45.0,63.0
2787,127,lower,391.99835904379995,265.55101944057145,138.81394592499998,0.0,-45.0,63.0
2788,127,lower,391.99835904379995,265.55101944057145,138.81394592499998,60.0,-45.0,63.0
2789,127,lower,391.99835904379995,265.55101944057145,138.81394592499998,120.0,-45.0,63.0
2790,127,lower,391.99835904379995,265.55101944057145,138.81394592499998,180.0,-45.0,63.0
2791,127,lower,391.99835904379995,265.55101944057145,138.81394592499998,240.0,-45.0,63.0
2792,127,lower,391.99835904379995,265.55101944057145,138.81394592499998,300.0,-45.0,63.0
2793,127,ceiling,391.99835904379995,265.55101944057145,138.81394592499998,0.0,90.0,63.0
2794,127,floor,391.99835904379995,265.55101944057145,138.81394592499998,0.0,-90.0,63.0
2795,128,middle,414.824188401,287.8092264017143,138.81394592499998,0.0,0.0,63.0
2796,128,middle,414.824188401,287.8092264017143,138.81394592499998,45.0,0.0,63.0
2797,128,middle,414.824188401,287.8092264017143,138.81394592499998,90.0,0.0,63.0
2798,128,middle,414.824188401,287.8092264017143,138.81394592499998,135.0,0.0,63.0
2799,128,middle,414.824188401,287.8092264017143,138.81394592499998,180.0,0.0,63.0
2800,128,middle,414.824188401,287.8092264017143,138.81394592499998,225.0,0.0,63.0
2801,128,middle,414.824188401,287.8092264017143,138.81394592499998,270.0,0.0,63.0
2802,128,middle,414.824188401,287.8092264017143,138.81394592499998,315.0,0.0,63.0
2803,128,upper,414.824188401,287.8092264017143,138.81394592499998,0.0,45.0,63.0
2804,128,upper,414.824188401,287.8092264017143,138.81394592499998,60.0,45.0,63.0
2805,128,upper,414.824188401,287.8092264017143,138.81394592499998,120.0,45.0,63.0
2806,128,upper,414.824188401,287.8092264017143,138.81394592499998,180.0,45.0,63.0
2807,128,upper,414.824188401,287.8092264017143,138.81394592499998,240.0,45.0,63.0
2808,128,upper,414.824188401,287.8092264017143,138.81394592499998,300.0,45.0,63.0
2809,128,lower,414.824188401,287.8092264017143,138.81394592499998,0.0,-45.0,63.0
2810,128,lower,414.824188401,287.8092264017143,138.81394592499998,60.0,-45.0,63.0
2811,128,lower,414.824188401,287.8092264017143,138.81394592499998,120.0,-45.0,63.0
2812,128,lower,414.824188401,287.8092264017143,138.81394592499998,180.0,-45.0,63.0
2813,128,lower,414.824188401,287.8092264017143,138.81394592499998,240.0,-45.0,63.0
2814,128,lower,414.824188401,287.8092264017143,138.81394592499998,300.0,-45.0,63.0
2815,128,ceiling,414.824188401,287.8092264017143,138.81394592499998,0.0,90.0,63.0
2816,128,floor,414.824188401,287.8092264017143,138.81394592499998,0.0,-90.0,63.0
2817,129,middle,391.99835904379995,287.8092264017143,138.81394592499998,0.0,0.0,63.0
2818,129,middle,391.99835904379995,287.8092264017143,138.81394592499998,45.0,0.0,63.0
2819,129,middle,391.99835904379995,287.8092264017143,138.81394592499998,90.0,0.0,63.0
2820,129,middle,391.99835904379995,287.8092264017143,138.81394592499998,135.0,0.0,63.0
2821,129,middle,391.99835904379995,287.8092264017143,138.81394592499998,180.0,0.0,63.0
2822,129,middle,391.99835904379995,287.8092264017143,138.81394592499998,225.0,0.0,63.0
2823,129,middle,391.99835904379995,287.8092264017143,138.81394592499998,270.0,0.0,63.0
2824,129,middle,391.99835904379995,287.8092264017143,138.81394592499998,315.0,0.0,63.0
2825,129,upper,391.99835904379995,287.8092264017143,138.81394592499998,0.0,45.0,63.0
2826,129,upper,391.99835904379995,287.8092264017143,138.81394592499998,60.0,45.0,63.0
2827,129,upper,391.99835904379995,287.8092264017143,138.81394592499998,120.0,45.0,63.0
2828,129,upper,391.99835904379995,287.8092264017143,138.81394592499998,180.0,45.0,63.0
2829,129,upper,391.99835904379995,287.8092264017143,138.81394592499998,240.0,45.0,63.0
2830,129,upper,391.99835904379995,287.8092264017143,138.81394592499998,300.0,45.0,63.0
2831,129,lower,391.99835904379995,287.8092264017143,138.81394592499998,0.0,-45.0,63.0
2832,129,lower,391.99835904379995,287.8092264017143,138.81394592499998,60.0,-45.0,63.0
2833,129,lower,391.99835904379995,287.8092264017143,138.81394592499998,120.0,-45.0,63.0
2834,129,lower,391.99835904379995,287.8092264017143,138.81394592499998,180.0,-45.0,63.0
2835,129,lower,391.99835904379995,287.8092264017143,138.81394592499998,240.0,-45.0,63.0
2836,129,lower,391.99835904379995,287.8092264017143,138.81394592499998,300.0,-45.0,63.0
2837,129,ceiling,391.99835904379995,287.8092264017143,138.81394592499998,0.0,90.0,63.0
2838,129,floor,391.99835904379995,287.8092264017143,138.81394592499998,0.0,-90.0,63.0
2839,130,middle,414.824188401,310.0674333628572,138.81394592499998,0.0,0.0,63.0
2840,130,middle,414.824188401,310.0674333628572,138.81394592499998,45.0,0.0,63.0
2841,130,middle,414.824188401,310.0674333628572,138.81394592499998,90.0,0.0,63.0
2842,130,middle,414.824188401,310.0674333628572,138.81394592499998,135.0,0.0,63.0
2843,130,middle,414.824188401,310.0674333628572,138.81394592499998,180.0,0.0,63.0
2844,130,middle,414.824188401,310.0674333628572,138.81394592499998,225.0,0.0,63.0
2845,130,middle,414.824188401,310.0674333628572,138.81394592499998,270.0,0.0,63.0
2846,130,middle,414.824188401,310.0674333628572,138.81394592499998,315.0,0.0,63.0
2847,130,upper,414.824188401,310.0674333628572,138.81394592499998,0.0,45.0,63.0
2848,130,upper,414.824188401,310.0674333628572,138.81394592499998,60.0,45.0,63.0
2849,130,upper,414.824188401,310.0674333628572,138.81394592499998,120.0,45.0,63.0
2850,130,upper,414.824188401,310.0674333628572,138.81394592499998,180.0,45.0,63.0
2851,130,upper,414.824188401,310.0674333628572,138.81394592499998,240.0,45.0,63.0
2852,130,upper,414.824188401,310.0674333628572,138.81394592499998,300.0,45.0,63.0
2853,130,lower,414.824188401,310.0674333628572,138.81394592499998,0.0,-45.0,63.0
2854,130,lower,414.824188401,310.0674333628572,138.81394592499998,60.0,-45.0,63.0
2855,130,lower,414.824188401,310.0674333628572,138.81394592499998,120.0,-45.0,63.0
2856,130,lower,414.824188401,310.0674333628572,138.81394592499998,180.0,-45.0,63.0
2857,130,lower,414.824188401,310.0674333628572,138.81394592499998,240.0,-45.0,63.0
2858,130,lower,414.824188401,310.0674333628572,138.81394592499998,300.0,-45.0,63.0
2859,130,ceiling,414.824188401,310.0674333628572,138.81394592499998,0.0,90.0,63.0
2860,130,floor,414.824188401,310.0674333628572,138.81394592499998,0.0,-90.0,63.0
2861,131,middle,437.65001775819997,310.0674333628572,138.81394592499998,0.0,0.0,63.0
2862,131,middle,437.65001775819997,310.0674333628572,138.81394592499998,45.0,0.0,63.0
2863,131,middle,437.65001775819997,310.0674333628572,138.81394592499998,90.0,0.0,63.0
2864,131,middle,437.65001775819997,310.0674333628572,138.81394592499998,135.0,0.0,63.0
2865,131,middle,437.65001775819997,310.0674333628572,138.81394592499998,180.0,0.0,63.0
2866,131,middle,437.65001775819997,310.0674333628572,138.81394592499998,225.0,0.0,63.0
2867,131,middle,437.65001775819997,310.0674333628572,138.81394592499998,270.0,0.0,63.0
2868,131,middle,437.65001775819997,310.0674333628572,138.81394592499998,315.0,0.0,63.0
2869,131,upper,437.65001775819997,310.0674333628572,138.81394592499998,0.0,45.0,63.0
2870,131,upper,437.65001775819997,310.0674333628572,138.81394592499998,60.0,45.0,63.0
2871,131,upper,437.65001775819997,310.0674333628572,138.81394592499998,120.0,45.0,63.0
2872,131,upper,437.65001775819997,310.0674333628572,138.81394592499998,180.0,45.0,63.0
2873,131,upper,437.65001775819997,310.0674333628572,138.81394592499998,240.0,45.0,63.0
2874,131,upper,437.65001775819997,310.0674333628572,138.81394592499998,300.0,45.0,63.0
2875,131,lower,437.65001775819997,310.0674333628572,138.81394592499998,0.0,-45.0,63.0
2876,131,lower,437.65001775819997,310.0674333628572,138.81394592499998,60.0,-45.0,63.0
2877,131,lower,437.65001775819997,310.0674333628572,138.81394592499998,120.0,-45.0,63.0
2878,131,lower,437.65001775819997,310.0674333628572,138.81394592499998,180.0,-45.0,63.0
2879,131,lower,437.65001775819997,310.0674333628572,138.81394592499998,240.0,-45.0,63.0
2880,131,lower,437.65001775819997,310.0674333628572,138.81394592499998,300.0,-45.0,63.0
2881,131,ceiling,437.65001775819997,310.0674333628572,138.81394592499998,0.0,90.0,63.0
2882,131,floor,437.65001775819997,310.0674333628572,138.81394592499998,0.0,-90.0,63.0
