trajectory_id,overlap_group_id,overlap_group_index,overlap_group_member_index,keyframe_count,duration_sec,start_score,end_score,score_gain,score_change,score_drop,min_real_score_step,max_real_score_step,route_objective,path_xyz_length,net_xyz_distance,path_to_net_ratio,target_distance_increase_step_count,target_distance_total_increase,planning_target_distance_total_increase,near_revisit_pair_count,minimum_nonadjacent_distance,maximum_pairwise_route_overlap_fraction,nearest_selected_start_distance,total_yaw_change,total_pitch_change,max_control_turn_deg,physical_geometry_signature,real_node_path_signature
20260810_191147_scene_1_auto22_true_gain2_no_backtrack_balanced_00001,,,,5,10.162624,3.17386,7.101753,3.927893,3.927893,,0.892614,1.060138,78.045576,73.82283,32.624502,2.262803,0,0.0,0.0,0,23.852261,,,0.0,90.0,107.274605,662fb9345358faae4225266e40de6cb42ef84360,c8179ab39c1de86d603a460964d46a14b1070b83
20260810_191147_scene_1_auto22_true_gain2_no_backtrack_balanced_00002,,,,9,22.077496,3.267793,7.101753,3.83396,3.83396,,0.050735,1.096361,185.088104,176.619971,122.503768,1.441751,0,0.0,0.0,0,23.852261,,,105.0,180.0,106.869711,8bd55a3eae9ad549f8a9087ab861cf73ea1cd0a4,58f9fb60cc6717fbeda4cfb90037069c925e6a4e
20260810_191147_scene_1_auto22_true_gain2_no_backtrack_balanced_00003,,,,6,14.126432,3.689251,7.101753,3.412501,3.412501,,0.33407,1.048536,119.4466,113.011459,46.173432,2.447543,1,6.468273,6.468273,0,26.212119,,,120.0,135.0,107.274605,3043da4ba980a5af737901d8535f8e4f025c1f84,30f460ad182d3ae124a6cb8990105a9766a49828
20260810_191147_scene_1_auto22_true_gain2_no_backtrack_balanced_00004,,,,9,22.00967,2.933532,7.101753,4.168221,4.168221,,0.075636,0.991157,185.918236,176.077357,93.97725,1.873617,1,8.061839,8.061839,0,22.825829,,,135.0,180.0,107.274605,b3687c270e25e54c2ff56fc98d7d913f21eaaa51,841bf2151841950b637779c5482b8faa2a323c2a
20260810_191147_scene_1_auto22_true_gain2_no_backtrack_balanced_00005,,,,6,12.947887,3.766129,7.101753,3.335624,3.335624,,0.247614,0.976436,106.298271,100.219222,45.651659,2.195303,1,5.606644,5.606644,0,22.258207,,,180.0,45.0,107.274605,3a7e0dbcce541049f904cc1bd0b9a153cd2a6733,59f77c1b1c7861e705958a3597ecaa89bceadcfd
20260810_191147_scene_1_auto22_true_gain2_no_backtrack_balanced_00006,,,,9,21.94043,3.168086,7.101753,3.933667,3.933667,,0.18108,0.8548,182.791098,174.967121,82.064434,2.13207,1,18.943317,18.943317,0,23.309647,,,90.0,135.0,107.274605,24ffd5ef254c5b0d1acc46143a984d21b0cc4bde,b46d3c69b115590bd1cefc674bcc733c665f54ba
20260810_191147_scene_1_auto22_true_gain2_no_backtrack_balanced_00007,,,,9,20.219515,3.15411,7.101753,3.947643,3.947643,,0.095517,1.074006,162.171762,154.277959,70.906843,2.175784,2,3.774422,3.774422,0,6.921839,,,90.0,135.0,106.869711,62cd080a7dba2c6d247918285c6f4f1777cf5f03,61b40e26568b15840c6eb99d71694967c47227b4
20260810_191147_scene_1_auto22_true_gain2_no_backtrack_balanced_00008,,,,10,22.884745,3.210413,7.101753,3.891339,3.891339,,0.053634,1.096361,182.645058,175.043475,95.645263,1.830132,1,0.250139,0.250139,0,22.258207,,,90.0,90.0,107.274605,e336990a49663d1dfccde96e7c430fc5094ffffa,7e2928e12132ceba2c8f82ab84c858f981db6791
20260810_191147_scene_1_auto22_true_gain2_no_backtrack_balanced_00009,,,,8,20.208257,3.21805,7.101753,3.883702,3.883702,,0.1271,0.8548,167.963239,161.666058,91.912257,1.758917,1,3.774422,3.774422,0,31.881754,,,90.0,45.0,94.943554,d04eb8f2663ff0c94b21d55a4de36c57538040a1,8cc8092d9077f5769b99808b02e77f69f7249672
20260810_191147_scene_1_auto22_true_gain2_no_backtrack_balanced_00010,,,,6,13.076191,4.231189,7.101753,2.870564,2.870564,,0.248983,1.085789,107.84171,101.245653,45.051337,2.24734,1,19.773964,19.773964,0,6.921839,,,225.0,90.0,106.869711,08992631a5fc5494ef10e2ba94c66bcbe6a2a11c,4ec9393748daf0606801ae2f20f9541274e80e11
20260810_191147_scene_1_auto22_true_gain2_no_backtrack_balanced_00011,,,,9,22.020789,3.288015,7.101753,3.813737,3.813737,,0.146482,1.097325,181.275742,172.802435,69.862821,2.473453,2,20.164967,20.164967,0,6.921839,,,180.0,135.0,106.869711,b07299700bcc5b2d8e1ba9becd83bbeaacc28cd3,2b5888fe37b57dde2c507b68b682a7a8ef0f8c64
20260810_191147_scene_1_auto22_true_gain2_no_backtrack_balanced_00012,,,,9,21.821532,3.412024,7.101753,3.689729,3.689729,,0.059886,1.097325,177.756127,171.208381,81.183963,2.108894,1,6.412383,6.412383,0,20.765516,,,120.0,45.0,94.943554,23063f5fdc3927c78cb3a3bfca89250bf569c240,8694e87c8a5600d1cba29f4372ca15f31f1b202c
20260810_191147_scene_1_auto22_true_gain2_no_backtrack_balanced_00013,,,,8,20.14043,3.196173,7.101753,3.90558,3.90558,,0.074081,1.074006,168.043371,161.123444,66.774621,2.412944,2,25.397906,25.397906,0,6.921839,,,90.0,135.0,94.943554,d005adaf29fe27375d4caad93e0e04d8593a600a,ac6b5efddde4a7f3503c6e71989bea9b7ba882d4
20260810_191147_scene_1_auto22_true_gain2_no_backtrack_balanced_00014,,,,10,22.81301,2.962409,7.101753,4.139344,4.139344,,0.088116,1.048536,186.534263,175.025918,94.231817,1.857397,2,9.034243,9.034243,0,23.309647,,,240.0,225.0,90.0,5a147d13fc275dcc550ccfc4f3ffdde39c3c1f31,42141e36287109e1b32303b12143af4dab709844
20260810_191147_scene_1_auto22_true_gain2_no_backtrack_balanced_00015,,,,6,13.015853,3.179049,7.101753,3.922704,3.922704,,0.064965,1.055883,103.17366,96.64866,51.258302,1.885522,1,1.383403,1.383403,0,23.852261,,,90.0,135.0,90.0,6d125d27f4a798822369297ceb6f028a44fa7fb9,121dd7ac574921a7f13a6c9dd4021282f48ce804
20260810_191147_scene_1_auto22_true_gain2_no_backtrack_balanced_00016,,,,5,10.548467,3.108845,7.101753,3.992907,3.992907,,0.892614,1.085577,81.177708,76.909575,51.258302,1.500432,0,0.0,0.0,0,23.852261,,,90.0,90.0,94.943554,03663e6d19bee97bbca18fe0bb4f616704062b20,7f14dbcc074143a8d3490830fafb2daf2d226ae6
20260810_191147_scene_1_auto22_true_gain2_no_backtrack_balanced_00017,,,,6,12.45645,4.112062,7.101753,2.98969,2.98969,,0.090009,1.074006,103.972092,99.651599,71.913252,1.38572,0,0.0,0.0,0,22.258207,,,60.0,45.0,107.274605,732615453089ef511edb28be4ccf3e2503a36f07,99bb1396d501f4de5851e1240213f17fbd113f94
20260810_191147_scene_1_auto22_true_gain2_no_backtrack_balanced_00018,,,,5,8.980953,3.835998,7.101753,3.265755,3.265755,,0.543974,1.021354,65.757379,61.005584,34.757642,1.75517,0,0.0,0.0,0,22.258207,,,120.0,45.0,107.274605,7e709a4bd35fdeb59d4baecab67135b4381b540b,0251789177d5052aa8ad27a9d23c4b590ee4193a
20260810_191147_scene_1_auto22_true_gain2_no_backtrack_balanced_00019,,,,9,21.887784,3.089357,7.101753,4.012395,4.012395,,0.071698,1.096361,184.40206,175.102272,116.4852,1.503215,1,1.036386,1.036386,0,23.852261,,,120.0,135.0,106.869711,f17ce93657610e3141f4b81612ac1b2885482d9c,d3aa24c2423e1d0527bc3446ceebd04066ed460a
20260810_191147_scene_1_auto22_true_gain2_no_backtrack_balanced_00020,,,,8,19.286459,3.167372,7.101753,3.934381,3.934381,,0.111684,1.074006,152.724878,146.813507,90.102674,1.629402,1,3.647475,3.647475,0,22.825829,,,90.0,45.0,106.869711,20c4aad7cafe265536320df43d7ec58f163ad7f0,2b04bcab3b8fc3cfbf3961784324aa3a35252c37
20260810_191147_scene_1_auto22_true_gain2_no_backtrack_balanced_00021,,,,7,16.242735,4.038109,7.101753,3.063643,3.063643,,0.099885,1.048536,135.154276,129.941881,68.826435,1.887965,1,5.606644,5.606644,0,23.852261,,,60.0,45.0,106.869711,f501754ad7658d85a189329233b9a68d2fe523d1,0be480f377df15fe869f19825d29496a08553736
20260810_191147_scene_1_auto22_true_gain2_no_backtrack_balanced_00022,,,,8,19.155029,3.126914,7.101753,3.974839,3.974839,,0.055047,1.087134,160.454398,152.683906,63.763509,2.394534,1,18.145534,18.145534,0,6.921839,,,90.0,135.0,107.274605,881b8a9e23b79a822865d20985846b0e8720f843,6991ef642e236878499364e8ca83fd615bdef7f4
20260810_191147_scene_1_auto22_true_gain2_no_backtrack_balanced_00023,,,,9,22.139687,3.07652,7.101753,4.025232,4.025232,,0.081182,0.8548,183.878848,176.561175,92.172527,1.915551,1,3.718697,3.718697,0,23.309647,,,90.0,90.0,107.274605,84bee2d3815a8066a76cab7841e8f1af8bc42fe2,8400b6919fd4a0246b6a253c50342e26d8d16072
20260810_191147_scene_1_auto22_true_gain2_no_backtrack_balanced_00024,,,,8,17.845192,2.665838,7.101753,4.435914,4.435914,,0.069478,1.074006,134.900706,127.805214,51.907389,2.462178,2,21.74169,21.74169,0,6.921839,,,90.0,90.0,107.274605,3ac79c89e54c20c859e48e456e49adc55649eac3,a6b859cb83f9b7ceb5a47566c19fcb143c8e5f9b
20260810_191147_scene_1_auto22_true_gain2_no_backtrack_balanced_00025,,,,6,12.944761,4.315371,7.101753,2.786382,2.786382,,0.188388,0.976436,106.223827,100.194213,44.516414,2.250725,1,10.366295,10.366295,0,22.258207,,,180.0,45.0,107.274605,8180a78cd1b6b7decafbe48adf65a3a4d0dc47cd,64c20a32f67a0642d31bb67882fbef38d7cb6775
20260810_191147_scene_1_auto22_true_gain2_no_backtrack_balanced_00026,,,,9,20.710952,3.477101,7.101753,3.624652,3.624652,,0.075414,1.097325,162.692199,154.845582,64.138108,2.414252,1,6.412383,6.412383,0,20.765516,,,150.0,45.0,107.274605,c6cf66179a17bc29659989c982415751f521985c,4365ad9486d0641793c7574a356328889200de2b
20260810_191147_scene_1_auto22_true_gain2_no_backtrack_balanced_00027,,,,10,22.43623,3.572966,7.101753,3.528787,3.528787,,0.088116,1.048536,177.452214,164.533517,91.565319,1.796898,2,9.294014,9.294014,0,20.765516,,,330.0,270.0,90.0,412f6023cc35421acf4524e109af6a7040771cdd,dc5e612056135a20b9b97fc9784c22f35b010147
20260810_191147_scene_1_auto22_true_gain2_no_backtrack_balanced_00028,,,,9,21.284002,3.071338,7.101753,4.030415,4.030415,,0.050735,1.096361,178.56266,169.71569,101.57759,1.670799,1,0.939014,0.939014,0,23.309647,,,165.0,180.0,107.274605,50ffb9b4d70ab5213e0ec7005c935cea6292fca9,00365e8d2d0286c27bd0d1e4856e7f79c685e883
20260810_191147_scene_1_auto22_true_gain2_no_backtrack_balanced_00029,,,,9,21.284002,3.308894,7.101753,3.792859,3.792859,,0.067665,1.096361,172.336212,162.793851,101.813156,1.598947,0,0.0,0.0,0,22.258207,,,120.0,135.0,107.274605,4e90810d728978f90a24120020e242f12bc5242c,c4a4e520abdd5fd33b0c7e640c61cc6ca3b27630
20260810_191147_scene_1_auto22_true_gain2_no_backtrack_balanced_00030,,,,10,21.63289,3.063681,7.101753,4.038072,4.038072,,0.11311,1.096361,180.502287,172.506795,101.813156,1.694347,0,0.0,0.0,0,23.309647,,,90.0,90.0,107.274605,edf1ee85864db17031419e2d8c363dcd7cdb5ef3,b57f9bc8710a1b0a1d3f8db7afbc61776cfa5fe2
20260810_191147_scene_1_auto22_true_gain2_no_backtrack_balanced_00031,,,,8,19.155029,3.18521,7.101753,3.916543,3.916543,,0.111684,1.074006,150.604741,145.762067,100.29372,1.453352,1,0.714031,0.714031,0,23.309647,,,90.0,45.0,94.943554,638f2b07e8a28f901057b36675eec21bc4191fa5,ee86d73e8d20613e9882c6f2f80ee5ef1d710708
20260810_191147_scene_1_auto22_true_gain2_no_backtrack_balanced_00032,,,,8,17.845192,3.167916,7.101753,3.933836,3.933836,,0.080747,1.074006,135.696198,127.805214,91.912257,1.390513,1,0.268663,0.268663,0,22.258207,,,90.0,180.0,107.274605,a67cf9de897b4715900f6527e962ea997e257f64,1b90290af5ccc587485f416ccec31bb9702ad18e
20260810_191147_scene_1_auto22_true_gain2_no_backtrack_balanced_00033,,,,6,14.242066,3.502543,7.101753,3.599209,3.599209,,0.224031,1.074006,118.33202,113.936528,92.948966,1.225797,0,0.0,0.0,0,32.624502,,,90.0,90.0,90.0,291cc71b53f0846bb02dd3a1eab434ec6ccaf591,937accb74d68276d0a414284884109985800048b
20260810_191147_scene_1_auto22_true_gain2_no_backtrack_balanced_00034,,,,10,23.233494,2.915615,7.101753,4.186138,4.186138,,0.151398,1.048536,187.517361,175.025918,94.231817,1.857397,1,3.509627,3.509627,0,22.258207,,,315.0,180.0,107.274605,2076a492db91b4657ac8afe95f4b41685f000e08,177c9a1beb7284e24d8d192b45db3b39e814b4c2
20260810_191147_scene_1_auto22_true_gain2_no_backtrack_balanced_00035,,,,9,20.885488,3.225578,7.101753,3.876175,3.876175,,0.051336,0.991157,169.679721,159.605744,64.138108,2.48847,1,8.061839,8.061839,0,22.825829,,,180.0,225.0,107.274605,a8c7c955f6bce1f2ef8dd666d4365a284d7ac4dc,0b1e01b77416420e555ca8383f273ea3f5e2efb1
20260810_191147_scene_1_auto22_true_gain2_no_backtrack_balanced_00036,,,,9,21.025981,3.018076,7.101753,4.083676,4.083676,,0.054249,1.074006,163.339028,153.251528,72.004126,2.128371,3,18.414297,18.414297,0,22.258207,,,90.0,270.0,107.274605,0f45693085bfcfe19c5e0a1d417e603ed1494d7f,567190379f9337c6a406cb501722a9fa7d1e03c2
20260810_191147_scene_1_auto22_true_gain2_no_backtrack_balanced_00037,,,,10,22.308407,3.082108,7.101753,4.019645,4.019645,,0.058229,1.096361,181.45149,170.989096,94.991426,1.800048,0,0.0,0.0,0,22.825829,,,180.0,135.0,106.869711,c6e851e3f46f2e1a62acd37d0ed049bd32a6e438,b913a63a4eeb91b04beb9f4961e3b2693c1db627
20260810_191147_scene_1_auto22_true_gain2_no_backtrack_balanced_00038,,,,8,19.354285,3.014032,7.101753,4.087721,4.087721,,0.054249,1.087134,161.992148,154.277959,72.336063,2.132795,1,17.402787,17.402787,0,23.309647,,,90.0,180.0,107.274605,704f5ddafc4dfe1787ef6a913098b29d36a262ab,7a06e7e7e519af9405f4fd93326fbe5601ac31b8
20260810_191147_scene_1_auto22_true_gain2_no_backtrack_balanced_00039,,,,7,17.226725,3.137172,7.101753,3.964581,3.964581,,0.174996,1.074006,143.225732,137.813797,100.29372,1.374102,0,0.0,0.0,0,32.624502,,,90.0,135.0,90.0,7521ae77679ee6784c7e101c4ab6d005fdc14ad6,dc11eebeeebce4486da5b37ab6cbdbca39135332
20260810_191147_scene_1_auto22_true_gain2_no_backtrack_balanced_00040,,,,9,20.956441,3.500184,7.101753,3.601569,3.601569,,0.075636,0.991157,178.574254,167.095205,73.322858,2.278897,2,10.114701,10.114701,0,22.825829,,,180.0,225.0,107.274605,004dfe8f460bab8b4336903221807512e57ad699,e2b6ebe1aa7368d37384c76d9a935e472f0c9d4c
20260810_191147_scene_1_auto22_true_gain2_no_backtrack_balanced_00041,,,,9,22.07186,3.14672,7.101753,3.955033,3.955033,,0.200431,0.8548,184.015283,176.018561,81.183963,2.168144,1,19.823788,19.823788,0,23.309647,,,90.0,135.0,107.274605,74b29678be7289516aee9b4ced8f0a28bcabff77,7ce974af77429d3d07d13df9ccd82a86150ed705
20260810_191147_scene_1_auto22_true_gain2_no_backtrack_balanced_00042,,,,7,17.358155,3.130229,7.101753,3.971524,3.971524,,0.053452,1.074006,143.722664,138.865237,101.007751,1.374798,0,0.0,0.0,0,32.624502,,,90.0,135.0,90.0,2432a206405360cddb1491342b90a7501692ecec,67e2b216f20a99873338d71ff17da2e36926432a
20260810_191147_scene_1_auto22_true_gain2_no_backtrack_balanced_00043,,,,8,18.96031,3.591592,7.101753,3.510161,3.510161,,0.075196,0.991157,159.025721,151.682483,64.138108,2.364935,1,5.928699,5.928699,0,22.825829,,,120.0,135.0,107.274605,419efd2e5b484374fd27346487456fbda25b157b,0b365f9ef4ec5a1d614bc608d88511b9049dd30f
20260810_191147_scene_1_auto22_true_gain2_no_backtrack_balanced_00044,,,,5,10.420163,3.451065,7.101753,3.650688,3.650688,,0.620847,1.081344,79.033144,75.883144,50.788795,1.494092,0,0.0,0.0,0,23.852261,,,0.0,90.0,90.0,3753c865e7b2af227cef4e45b4151bf05282f81b,88a27247e399a98b07893cdfa1d55eebae620b0b
20260810_191147_scene_1_auto22_true_gain2_no_backtrack_balanced_00045,,,,8,20.012127,3.729195,7.101753,3.372557,3.372557,,0.063157,1.048536,166.967505,160.097013,67.13242,2.384794,2,24.959916,24.959916,0,6.921839,,,90.0,135.0,90.0,d73b65239bd15626614b961c2bc9506e44284478,3587e48006131e03b57e0f632c188280be284ce3
20260810_191147_scene_1_auto22_true_gain2_no_backtrack_balanced_00046,,,,8,18.963121,3.433102,7.101753,3.668651,3.668651,,0.088116,1.048536,152.664204,144.22681,72.336063,1.993844,1,8.772241,8.772241,0,23.309647,,,225.0,90.0,90.0,820d3f8bf7e34dece74a12e09160125618f3dd71,946c591ad967e436e6b0033a26a35bfcbd0b1dfa
20260810_191147_scene_1_auto22_true_gain2_no_backtrack_balanced_00047,,,,9,21.696354,3.542249,7.101753,3.559504,3.559504,,0.0817,1.097325,177.362697,170.206958,68.194555,2.495902,2,11.864921,11.864921,0,20.765516,,,120.0,45.0,94.943554,f1cb41e62a5ed265b58285206ff66585e63c95ce,2868bb876bead689e9b2e20a18758730c26802cb
20260810_191147_scene_1_auto22_true_gain2_no_backtrack_balanced_00048,,,,7,14.195973,3.342446,7.101753,3.759306,3.759306,,0.276637,1.048536,113.860007,106.089621,47.704521,2.22389,1,4.615364,4.615364,0,22.825829,,,120.0,135.0,106.869711,32907d57db6392e806ebc350ed8d23aae1ef6912,6a8a393f68bc79ddf29f8c211c9bf72a0b4eb2a7
20260810_191147_scene_1_auto22_true_gain2_no_backtrack_balanced_00049,,,,9,22.267991,3.2573,7.101753,3.844453,3.844453,,0.074081,1.074006,178.14932,170.665767,112.534096,1.516569,0,0.0,0.0,0,22.258207,,,90.0,135.0,107.274605,c6d500b4f99729416d4a8f7d5f4627430cbcc9ce,2e09e13cb95894a3d408d223a657c98037b8471e
20260810_191147_scene_1_auto22_true_gain2_no_backtrack_balanced_00050,,,,9,21.084745,3.333287,7.101753,3.768465,3.768465,,0.062958,1.096361,174.995966,168.121636,95.895402,1.753177,0,0.0,0.0,0,23.309647,,,90.0,90.0,107.274605,28945cb482a111395edaf5b056217fb462460786,4888c6a01f9ed98f4797fd99079a5ad4280483a7
20260810_191147_scene_1_auto22_true_gain2_no_backtrack_balanced_00051,,,,9,21.948261,3.334133,7.101753,3.76762,3.76762,,0.075636,0.991157,185.464362,175.586089,91.303317,1.923107,2,10.905381,10.905381,0,22.825829,,,195.0,180.0,107.274605,cbba5c1d25e4b63b23de19be7f19d1b64c23bfba,18caef52f8f119e6bc0f7d3900a1797903958cbd
20260810_191147_scene_1_auto22_true_gain2_no_backtrack_balanced_00052,,,,10,22.758155,3.221007,7.101753,3.880745,3.880745,,0.053654,1.074006,168.870506,159.630753,100.29372,1.591633,2,0.577802,0.577802,0,13.843677,,,90.0,225.0,106.869711,3f6676727f3f9e47ea108dadcc5b6fc59b1be817,3c5304227903f0e45ad5fbda9f280d3374acc267
20260810_191147_scene_1_auto22_true_gain2_no_backtrack_balanced_00053,,,,6,14.113762,3.586919,7.101753,3.514833,3.514833,,0.370798,1.048536,116.157843,112.910097,50.503876,2.235672,1,9.055925,9.055925,0,22.825829,,,60.0,45.0,90.0,7b1893a21bf350848f95948874e885f49147654f,259362acc29bf862063e8a12d5d5a952f27731fc
20260810_191147_scene_1_auto22_true_gain2_no_backtrack_balanced_00054,,,,6,14.245192,3.16551,7.101753,3.936243,3.936243,,0.329036,1.085463,117.382029,113.961537,51.907389,2.195478,1,8.029494,8.029494,0,23.852261,,,60.0,45.0,90.0,4838136f99f6dd1053073404deae1b4b84b47177,ff070753c6510aae11ebb83f41feca5e7c04cecf
20260810_191147_scene_1_auto22_true_gain2_no_backtrack_balanced_00055,,,,7,15.262173,3.332238,7.101753,3.769515,3.769515,,0.091014,1.055883,114.315496,107.14106,46.173432,2.320405,2,11.931812,11.931812,0,6.921839,,,60.0,135.0,107.274605,c25279a519b64047db42b871dfd838f4cc0ad24f,084dd708aa5f44e818ca186e444532cc06e7a4e4
20260810_191147_scene_1_auto22_true_gain2_no_backtrack_balanced_00056,,,,9,21.892485,3.593196,7.101753,3.508557,3.508557,,0.077845,1.097325,182.318572,171.776004,68.826435,2.495785,2,25.702663,25.702663,0,6.921839,,,240.0,225.0,106.869711,55f8f0b2f5439cc7aa18f7ba112d08259deec61c,a5da15d7a29fc790862c3dae1facb0c441c9e400
20260810_191147_scene_1_auto22_true_gain2_no_backtrack_balanced_00057,,,,10,21.761194,3.151546,7.101753,3.950207,3.950207,,0.11311,1.096361,181.014529,173.533227,102.516605,1.692733,0,0.0,0.0,0,23.852261,,,90.0,90.0,106.869711,3bccaeefebe3275e8bc633f6375e2f415ab680c8,adfb4f14ed25498b0e6a7f564257a2ebc3e1a355
20260810_191147_scene_1_auto22_true_gain2_no_backtrack_balanced_00058,,,,8,18.711696,3.29349,7.101753,3.808262,3.808262,,0.105349,1.097325,153.316731,146.329689,70.906843,2.063689,1,6.412383,6.412383,0,20.765516,,,120.0,45.0,94.943554,723834c304355e3e461bede4daea49877d219eff,a72f9668b2a60143cf20f0cdc30a89d6d4e39005
20260810_191147_scene_1_auto22_true_gain2_no_backtrack_balanced_00059,,,,9,22.00967,3.100514,7.101753,4.001239,4.001239,,0.050735,1.096361,184.688728,176.077357,113.11563,1.556614,0,0.0,0.0,0,23.852261,,,180.0,225.0,106.869711,4cfbc37bb31c2a2497921cce34373781ac7004e8,4ef875c98214edef8fcb492654ba1ff302a83208
20260810_191147_scene_1_auto22_true_gain2_no_backtrack_balanced_00060,,,,7,16.173496,3.005265,7.101753,4.096488,4.096488,,0.080747,1.074006,127.719488,121.909806,50.027288,2.436866,1,20.540895,20.540895,0,22.258207,,,90.0,90.0,107.274605,da589433e8ea06af9abcef0680ca0f535a7a4523,bcb6ac8d8a8610402a07ac29054857b0f5af915e
20260810_191147_scene_1_auto22_true_gain2_no_backtrack_balanced_00061,,,,6,12.876934,3.24286,7.101753,3.858892,3.858892,,0.438187,1.097325,104.280084,99.651599,70.568183,1.412132,0,0.0,0.0,0,23.309647,,,120.0,45.0,94.943554,fec0fe1cbe3d536cd0b6e3743a00ae4180c57b6d,e508a418f567c0c5c552b6d174eb8ca1f246b241
20260810_191147_scene_1_auto22_true_gain2_no_backtrack_balanced_00062,,,,9,22.208926,3.289426,7.101753,3.812326,3.812326,,0.050735,1.096361,186.186729,177.671411,122.699165,1.448025,0,0.0,0.0,0,23.852261,,,180.0,180.0,106.869711,3d540f5c7f0a4147efe024e834478b1e5315048c,b95081392853d2ac4d234a5519b08fdc5a81a216
20260810_191147_scene_1_auto22_true_gain2_no_backtrack_balanced_00063,,,,8,19.166917,3.344771,7.101753,3.756982,3.756982,,0.089299,1.096361,159.098292,153.335333,116.4852,1.31635,0,0.0,0.0,0,23.852261,,,120.0,45.0,106.869711,abc458be6b3384df0523fdda338962555e0ae013,4d91de9d6cc9fee3c8571801c373d2bce274f854
20260810_191147_scene_1_auto22_true_gain2_no_backtrack_balanced_00064,,,,9,22.134848,3.059881,7.101753,4.041872,4.041872,,0.050735,1.096361,184.451315,177.07878,113.327215,1.562544,0,0.0,0.0,0,23.852261,,,180.0,135.0,106.869711,985321bb842ee7f2348391bfa1688fefa265f937,b485700e8b55e19b46970bc8fb4739b530ee0edd
20260810_191147_scene_1_auto22_true_gain2_no_backtrack_balanced_00065,,,,7,15.370156,2.666669,7.101753,4.435083,4.435083,,0.068647,1.074006,129.082863,122.961246,50.503876,2.434689,1,17.402787,17.402787,0,6.921839,,,90.0,90.0,107.274605,0196a7e906a369416df22a0318c337e02ef055fb,c485ca95180c4593c21ce49939dbc5510624756b
20260810_191147_scene_1_auto22_true_gain2_no_backtrack_balanced_00066,,,,9,22.139687,3.150712,7.101753,3.951041,3.951041,,0.099116,0.8548,185.836841,176.561175,92.172527,1.915551,1,3.774422,3.774422,0,22.258207,,,90.0,180.0,107.274605,32c2212cadfa108c8b85fa0750509cbd7a5fc535,a77aa48581fa1727b6a08fe9210391bbdfb43556
20260810_191147_scene_1_auto22_true_gain2_no_backtrack_balanced_00067,,,,9,21.481921,3.49846,7.101753,3.603293,3.603293,,0.056191,0.991157,181.925295,171.855368,70.568183,2.43531,2,10.194979,10.194979,0,22.825829,,,180.0,225.0,107.274605,9f2aba32b1584bf76a4c5b522878d58faaad904c,14d91e9b8375e71b5932af293f7bf0a6b2bb53b5
20260810_191147_scene_1_auto22_true_gain2_no_backtrack_balanced_00068,,,,10,21.891211,3.039442,7.101753,4.062311,4.062311,,0.055397,1.066662,171.420548,160.173367,72.336063,2.214295,2,6.937781,6.937781,0,22.258207,,,180.0,135.0,107.274605,2dd9de848d6b42ae8949d6a12f9588afe18b3513,3d1b57fa3502c6f7f072a8bb4e9d3f435940aef5
20260810_191147_scene_1_auto22_true_gain2_no_backtrack_balanced_00069,,,,9,21.282288,3.137047,7.101753,3.964706,3.964706,,0.050735,1.096361,178.837706,170.258304,117.100544,1.45395,0,0.0,0.0,0,23.309647,,,210.0,90.0,107.274605,46f317c3f21fc7de76f7c13109b7bb873b5103ed,d955f7da42407383e68a9167c4339e41d932dc2b
20260810_191147_scene_1_auto22_true_gain2_no_backtrack_balanced_00070,,,,6,11.962624,3.052347,7.101753,4.049406,4.049406,,0.273372,1.060138,86.040161,80.744669,34.757642,2.323077,0,0.0,0.0,0,22.258207,,,0.0,90.0,107.274605,d95e3182b2dc12251b018e41d40e569784bb3e7e,ca122be2cb1bfe951700316ca1870efff947b34a
20260810_191147_scene_1_auto22_true_gain2_no_backtrack_balanced_00071,,,,7,17.358155,3.143984,7.101753,3.957769,3.957769,,0.074066,1.074006,143.7721,138.865237,100.054577,1.387895,0,0.0,0.0,0,31.881754,,,90.0,135.0,94.943554,72a36cfd65aafdd60c5ce41c71e3a8b32b150811,f54afa0278b4e2aa4e4c46237d1553245fcf93ce
20260810_191147_scene_1_auto22_true_gain2_no_backtrack_balanced_00072,,,,7,17.297677,3.128574,7.101753,3.973178,3.973178,,0.05255,1.074006,143.737052,138.38142,95.895402,1.443045,0,0.0,0.0,0,32.624502,,,90.0,180.0,90.0,d9c3f84b4a1eac5f6ce3b03751d87e9619beeaf3,c1bfc7c99faf0a1872d5b07f2ef81ef621aa0598
20260810_191147_scene_1_auto22_true_gain2_no_backtrack_balanced_00073,,,,9,21.617093,3.62743,7.101753,3.474322,3.474322,,0.088116,1.048536,175.583586,165.458586,81.67544,2.025806,1,8.772241,8.772241,0,23.309647,,,180.0,135.0,90.0,8b7e795d6b873555cb412a7a14e50e3a3828a559,7259e384d1aab28e65dcd56b58802304b79bc4ae
20260810_191147_scene_1_auto22_true_gain2_no_backtrack_balanced_00074,,,,7,15.997247,3.240839,7.101753,3.860914,3.860914,,0.270334,1.097325,129.238532,124.614096,51.258302,2.431101,1,9.314855,9.314855,0,13.843677,,,120.0,45.0,94.943554,c4cb9a8e9721661ad4c41f0a00fc956c5490007d,deaf4504b622cebbc99844b5a123ed695b824feb
20260810_191147_scene_1_auto22_true_gain2_no_backtrack_balanced_00075,,,,6,13.462173,3.132782,7.101753,3.968971,3.968971,,0.061779,1.055883,106.843093,100.219222,47.704521,2.100833,1,3.553781,3.553781,0,23.852261,,,90.0,135.0,94.943554,3820c66a57221bc802b8dd86ad6a2eecb1b34db4,ce78a85ca8ab8d152c8d81c9bdde9ddc4a4600a6
20260810_191147_scene_1_auto22_true_gain2_no_backtrack_balanced_00076,,,,9,21.565063,3.108227,7.101753,3.993526,3.993526,,0.136221,1.055883,174.215089,165.042343,72.004126,2.292123,2,10.905381,10.905381,0,13.843677,,,90.0,180.0,107.274605,4bfb6f6195eb89c6a06f6fd255dd134b1728a9cd,34c55565bf3d201c0971a3f98909c09ac364253a
20260810_191147_scene_1_auto22_true_gain2_no_backtrack_balanced_00077,,,,8,19.035487,3.161107,7.101753,3.940645,3.940645,,0.11311,1.096361,158.471288,152.283893,116.279362,1.309638,0,0.0,0.0,0,23.852261,,,90.0,90.0,106.869711,edad241927141d7ee15589f6200ba2970c24ca4e,5bc35f15974c852492d834db9f84f91f8f635149
20260810_191147_scene_1_auto22_true_gain2_no_backtrack_balanced_00078,,,,7,15.79799,3.162986,7.101753,3.938767,3.938767,,0.088578,1.048536,130.564304,123.020043,68.477488,1.796503,1,3.858575,3.858575,0,22.825829,,,180.0,135.0,106.869711,e26333d480cebaaaaecb46b6e5e2f7b7050b524f,90f868a63f27eb30858875c7954b42b7652beca9
20260810_191147_scene_1_auto22_true_gain2_no_backtrack_balanced_00079,,,,10,22.685488,3.097606,7.101753,4.004147,4.004147,,0.062843,0.8548,183.744349,173.449421,89.301491,1.94229,2,4.933405,4.933405,0,23.309647,,,90.0,180.0,107.274605,e408a383005683c5c1b629a81c9e92da9b3188b3,2150b1f36009013db47964d3dd75971baddefe13
20260810_191147_scene_1_auto22_true_gain2_no_backtrack_balanced_00080,,,,6,12.944761,4.377321,7.101753,2.724432,2.724432,,0.207515,0.976436,105.246008,100.194213,46.619293,2.149201,1,3.884582,3.884582,0,22.258207,,,150.0,45.0,107.274605,0bddc679a9708b0087c828837130a3ba80d9b0e1,6d4407505f86b9a3844756e9ac0caac9c0fceca5
20260810_191147_scene_1_auto22_true_gain2_no_backtrack_balanced_00081,,,,9,21.751649,3.792388,7.101753,3.309365,3.309365,,0.082901,1.048536,176.555526,166.535034,81.968221,2.031702,1,8.772241,8.772241,0,23.309647,,,180.0,225.0,90.0,17e7cedaf2efe16510c9eb426cc9e76be5c13558,7e5598796d1cb03b0d0252076ab7157cb7781aa8
20260810_191147_scene_1_auto22_true_gain2_no_backtrack_balanced_00082,,,,9,21.154285,3.118108,7.101753,3.983645,3.983645,,0.075175,0.8548,176.616564,168.121636,70.906843,2.371021,1,2.712287,2.712287,0,23.309647,,,90.0,180.0,107.274605,e03e03a8b4dc673cb02f24e653d244036533a63a,d372a20c0e51be8b32b178257f6fde69549ebbc3
20260810_191147_scene_1_auto22_true_gain2_no_backtrack_balanced_00083,,,,7,16.176622,4.107689,7.101753,2.994064,2.994064,,0.143284,1.048536,128.723545,121.934815,50.027288,2.437366,1,9.798672,9.798672,0,22.258207,,,120.0,135.0,107.274605,336e37ea688340124e62b1c85e0d271e5a5b9740,bc31be5ef43d4c9e42964caf2927d056f0d134d6
20260810_191147_scene_1_auto22_true_gain2_no_backtrack_balanced_00084,,,,6,14.113762,4.582373,7.101753,2.51938,2.51938,,0.07477,1.048536,116.157843,112.910097,50.503876,2.235672,1,8.029494,8.029494,0,23.852261,,,60.0,45.0,90.0,45c7a264cc6ce08de0d56cf48386fa385cccdbe5,9daa027f7c5c1b55f6af6920c575cae4c1c58ff1
20260810_191147_scene_1_auto22_true_gain2_no_backtrack_balanced_00085,,,,8,16.303212,3.096674,7.101753,4.005079,4.005079,,0.096609,1.074006,134.66038,130.425699,80.888342,1.612417,0,0.0,0.0,0,13.843677,,,90.0,45.0,107.274605,afdc07be2fa2612b2dfcdeebcfa2736cced8725b,76fee233f0426e547ef02d52a2fb7d108d70ed80
20260810_191147_scene_1_auto22_true_gain2_no_backtrack_balanced_00086,,,,6,11.215853,3.530793,7.101753,3.57096,3.57096,,0.149761,1.096361,94.047313,89.726821,52.641705,1.704482,0,0.0,0.0,0,22.258207,,,60.0,45.0,107.274605,fe116181ba329008e0e8997b4c06b41711c31f4b,9ae09c21b9841dd12a2524b24360e6cd3745f94b
20260810_191147_scene_1_auto22_true_gain2_no_backtrack_balanced_00087,,,,10,22.754727,2.969079,7.101753,4.132673,4.132673,,0.075636,0.991157,186.313142,174.559658,91.565319,1.906395,1,8.061839,8.061839,0,22.825829,,,180.0,180.0,107.274605,3a8ad324832125b33546916f1448bed5ce40a549,0802d1fd20e7298558a51bdc4dbef421a432d513
20260810_191147_scene_1_auto22_true_gain2_no_backtrack_balanced_00088,,,,10,22.755029,3.249828,7.101753,3.851925,3.851925,,0.130145,0.8548,175.810116,166.527583,89.032828,1.870407,2,3.916138,3.916138,0,23.309647,,,90.0,135.0,107.274605,7ea664c9dacbf3788ea3ab38779b3c53f46bf33b,6768b8eaa5db0b3eaac70494bec055c210b0cdfe
20260810_191147_scene_1_auto22_true_gain2_no_backtrack_balanced_00089,,,,7,15.737513,3.605772,7.101753,3.49598,3.49598,,0.365392,1.085789,128.311225,122.536225,51.258302,2.390563,1,19.773964,19.773964,0,6.921839,,,150.0,45.0,106.869711,3642f9c24708ba0fccffe584e570c5e646a94922,43a3e72ff1b35108d51fe84151e9b3e040809c6b
20260810_191147_scene_1_auto22_true_gain2_no_backtrack_balanced_00090,,,,7,16.244449,3.517508,7.101753,3.584244,3.584244,,0.151544,1.048536,129.42169,122.477429,50.788795,2.411505,2,5.084871,5.084871,0,22.258207,,,120.0,135.0,107.274605,b224d1ab75b12d191b8ed811d9ec5a052671e9c0,2abbbaf0d0047d9ee4121c8afd24c0b30d9a905c
20260810_191147_scene_1_auto22_true_gain2_no_backtrack_balanced_00091,,,,10,23.679953,3.583194,7.101753,3.518559,3.518559,,0.088116,1.048536,187.885558,174.483304,81.968221,2.12867,2,9.294014,9.294014,0,23.309647,,,300.0,225.0,94.943554,a0ec9608d18563d9b352a3f8ec83d2ea330127b9,44454bec86252267e61fa546d80856187444f589
20260810_191147_scene_1_auto22_true_gain2_no_backtrack_balanced_00092,,,,9,22.07921,3.043643,7.101753,4.05811,4.05811,,0.081182,0.8548,175.392349,169.155519,81.183963,2.083608,1,3.718697,3.718697,0,23.852261,,,90.0,90.0,94.943554,fd011c1dc25116cb0a422174631306c6724429d5,622a798df394cc4cf66049952bbc5f871e9800c1
20260810_191147_scene_1_auto22_true_gain2_no_backtrack_balanced_00093,,,,7,15.865817,3.606216,7.101753,3.495537,3.495537,,0.075243,1.085789,130.106354,123.562657,52.641705,2.347239,1,19.773964,19.773964,0,6.921839,,,210.0,45.0,106.869711,2a896ea15b31d3ed6e7dda92354b8b2493403e94,ed5be50ffe230486f2d5f70f5d0a104696822beb
20260810_191147_scene_1_auto22_true_gain2_no_backtrack_balanced_00094,,,,6,13.071009,3.689251,7.101753,3.412501,3.412501,,0.136601,1.048536,103.914911,97.089911,46.173432,2.102722,1,5.084871,5.084871,0,23.852261,,,120.0,135.0,90.0,9f128c65492336052f3f35a8b3f5bd93c7ebfdbe,4b783cc56c3c6d1e98a6ca512f68e51bafae25c1
20260810_191147_scene_1_auto22_true_gain2_no_backtrack_balanced_00095,,,,9,22.006544,3.277363,7.101753,3.82439,3.82439,,0.075636,0.991157,186.193228,176.052349,93.97725,1.873351,1,8.061839,8.061839,0,22.825829,,,165.0,180.0,107.274605,96dbb77ad6cc2951bf5bc5cc050825ad9c021e63,8ceb474e754348c81e420696db36ff165c075179
20260810_191147_scene_1_auto22_true_gain2_no_backtrack_balanced_00096,,,,6,13.261203,4.328559,7.101753,2.773193,2.773193,,0.08651,1.048536,112.306628,106.089621,45.651659,2.323894,2,5.606644,5.606644,0,23.309647,,,120.0,135.0,107.274605,0f957e955cc635cc83ede2a40d285ba830dbedb1,c5db2d0ea4270ea5f245148e9df0bffb3bd17967
20260810_191147_scene_1_auto22_true_gain2_no_backtrack_balanced_00097,,,,6,14.313019,3.979155,7.101753,3.122598,3.122598,,0.132907,1.074006,118.602461,114.504151,82.064434,1.395296,0,0.0,0.0,0,31.881754,,,60.0,45.0,90.0,eb08c3a9dbe7de11fd45f794e5272e02ac643d5c,cd58cbf965d556a3d4c1fa0e8ed7362f0ae710aa
20260810_191147_scene_1_auto22_true_gain2_no_backtrack_balanced_00098,,,,9,19.708355,3.290823,7.101753,3.81093,3.81093,,0.062256,1.097325,162.457683,154.302968,70.906843,2.176136,2,7.474518,7.474518,0,20.765516,,,180.0,45.0,107.274605,ed4088173eeafd18c676535b28ec0d53494f31f1,795084d15dd24e9cb4d361e631e986482389c40b
20260810_191147_scene_1_auto22_true_gain2_no_backtrack_balanced_00099,,,,9,22.267991,3.21805,7.101753,3.883702,3.883702,,0.1271,0.8548,186.361018,177.587606,91.912257,1.932143,1,4.780832,4.780832,0,23.309647,,,90.0,135.0,107.274605,557a047700655884b92920515e3519572e8a8252,db16e25d3e0799b6785e2f3fd144d792f5ef1bc8
20260810_191147_scene_1_auto22_true_gain2_no_backtrack_balanced_00100,,,,6,13.076191,3.506593,7.101753,3.59516,3.59516,,0.080939,1.097325,106.823573,101.245653,45.051337,2.24734,1,4.975952,4.975952,0,22.258207,,,120.0,45.0,107.274605,7b9047a8ca1f73c8eebc31582e1545cc103d9cb4,b018c423838ed4d277daacfe3d6da8f180782413
20260810_191147_scene_1_auto22_true_gain2_no_backtrack_balanced_00101,,,,8,18.841551,3.547773,7.101753,3.553979,3.553979,,0.068541,0.991157,159.41089,150.732406,69.862821,2.157548,1,5.928699,5.928699,0,22.825829,,,120.0,135.0,107.274605,c5ffc1417f7b4d551bfd4eddee0bc68c6096c969,7b6884b795edf86739e8a356d4783ff8765377f2
20260810_191147_scene_1_auto22_true_gain2_no_backtrack_balanced_00102,,,,9,21.821532,3.412024,7.101753,3.689729,3.689729,,0.059886,1.097325,179.804998,171.208381,81.183963,2.108894,1,10.366295,10.366295,0,6.921839,,,180.0,135.0,106.869711,7a7eb4c4ce4b41045f5f889d4750acfa5de02900,c971779f8acc24f86d065efb50ac584b9576bda3
20260810_191147_scene_1_auto22_true_gain2_no_backtrack_balanced_00103,,,,10,21.772452,2.986756,7.101753,4.114997,4.114997,,0.11311,1.096361,177.451219,166.145128,94.231817,1.763153,1,0.759608,0.759608,0,22.258207,,,180.0,180.0,107.274605,c056e6889bd2a350b4eeccaf5cec422b4edeac8e,0231765b3b7982f24ca6b204ccf5ed0e107917a2
20260810_191147_scene_1_auto22_true_gain2_no_backtrack_balanced_00104,,,,8,17.784715,3.682554,7.101753,3.419199,3.419199,,0.088116,1.048536,136.246396,127.321396,51.258302,2.483918,2,9.798672,9.798672,0,22.258207,,,150.0,135.0,90.0,9ea5966bec750a80dd8839dd8faf8a27e56e17d8,fc3322554de068cb20e2a947d0f7bb40da434148
20260810_191147_scene_1_auto22_true_gain2_no_backtrack_balanced_00105,,,,6,12.275801,3.108845,7.101753,3.992907,3.992907,,0.109038,1.096361,96.184335,90.728244,51.258302,1.77002,1,1.383403,1.383403,0,23.309647,,,90.0,90.0,106.869711,e2fdb651f1b07ba65f5ecc5aa5a48a4b6b29eebc,b9726dc1b981bf9980b770d8d30b8c03d0bfd656
20260810_191147_scene_1_auto22_true_gain2_no_backtrack_balanced_00106,,,,5,11.462916,4.112062,7.101753,2.98969,2.98969,,0.075788,1.074006,94.951076,91.70333,71.913252,1.275194,0,0.0,0.0,0,32.624502,,,60.0,45.0,90.0,ca6c8726c568479c7d16b200922f6a8b4d11dd3e,c9e1275ff9eadb48696ea2aab5f1bfa35ffa1cbc
20260810_191147_scene_1_auto22_true_gain2_no_backtrack_balanced_00107,,,,10,23.503843,3.089357,7.101753,4.012395,4.012395,,0.052256,1.055883,185.636812,173.074418,116.4852,1.485806,1,1.53109,1.53109,0,23.852261,,,210.0,315.0,106.869711,ea38e8402cc02659b6470e2478ab6bdbee4d7aab,9cd08eed8025c26e39f244f06795a2acbc842549
20260810_191147_scene_1_auto22_true_gain2_no_backtrack_balanced_00108,,,,9,19.768833,3.079878,7.101753,4.021874,4.021874,,0.050512,1.097325,161.215269,154.786785,90.102674,1.717893,2,9.314855,9.314855,0,13.843677,,,120.0,45.0,106.869711,f664ea6b71885f1b0742111b024bb8d275d946b9,9c79479e4e8622037d0b2ed232b721fe26bc64da
20260810_191147_scene_1_auto22_true_gain2_no_backtrack_balanced_00109,,,,7,15.66656,4.052876,7.101753,3.048877,3.048877,,0.088578,1.048536,129.393603,121.968603,68.826435,1.772119,1,4.937184,4.937184,0,23.309647,,,180.0,135.0,90.0,e544a5b5eee11196cb6bd714f4f47a1739312d39,783136f8e548bf30cd474aeef81cffe893da5a6e
20260810_191147_scene_1_auto22_true_gain2_no_backtrack_balanced_00110,,,,8,19.286459,3.126914,7.101753,3.974839,3.974839,,0.102003,1.074006,154.095268,146.813507,63.763509,2.302469,2,21.74169,21.74169,0,6.921839,,,90.0,135.0,107.274605,e410a8a313cf33204ead0b5d673999b0008c3b4a,7c6da1fd4d95312d5b1b9c3b2fd81fe16ef9b572
20260810_191147_scene_1_auto22_true_gain2_no_backtrack_balanced_00111,,,,7,16.304926,3.07652,7.101753,4.025232,4.025232,,0.080747,1.074006,128.47892,122.961246,92.172527,1.334034,0,0.0,0.0,0,22.258207,,,90.0,90.0,107.274605,7615c4c8cdace9e656e0f23b0c34831feb1eb0d1,82cbe18dc0f4951c7955f1982bb711358476fa07
20260810_191147_scene_1_auto22_true_gain2_no_backtrack_balanced_00112,,,,8,17.983972,2.665838,7.101753,4.435914,4.435914,,0.204912,1.087134,135.606329,128.91545,51.907389,2.483566,1,5.288095,5.288095,0,6.921839,,,90.0,180.0,106.869711,0a78ccc851cdb61478715b9e4e7dcc59d1ab8aac,30ec9ae139fcebfac44a7aa3eb41beda0af9ab5a
20260810_191147_scene_1_auto22_true_gain2_no_backtrack_balanced_00113,,,,6,13.076191,3.477101,7.101753,3.624652,3.624652,,0.176032,1.097325,106.478081,101.245653,64.138108,1.578557,0,0.0,0.0,0,26.212119,,,120.0,45.0,94.943554,b77be26a57c2e94067937acaf0138d0c02df3220,988c4a670671976c6f3a0bc6827bf7b10ea0d8ae
20260810_191147_scene_1_auto22_true_gain2_no_backtrack_balanced_00114,,,,10,21.699304,3.200339,7.101753,3.901414,3.901414,,0.088116,1.048536,171.01311,158.63811,91.565319,1.732513,1,8.772241,8.772241,0,22.825829,,,270.0,225.0,106.869711,50b431b6d35fd9746f58776091bbff0c6103927c,84df56676a4dd353b2b2f507be4bc46faaeb1d15
20260810_191147_scene_1_auto22_true_gain2_no_backtrack_balanced_00115,,,,10,23.561194,3.071338,7.101753,4.030415,4.030415,,0.071698,1.055883,183.83481,173.533227,101.57759,1.708381,2,1.766655,1.766655,0,22.258207,,,225.0,180.0,107.274605,ea7589a71a54d5bd32795ebafc5265f120c376d0,162a84fd45507a583006de1ae94f00152d0c73f1
20260810_191147_scene_1_auto22_true_gain2_no_backtrack_balanced_00116,,,,10,22.695964,2.902256,7.101753,4.199497,4.199497,,0.050735,1.096361,176.93188,166.611388,101.813156,1.636443,0,0.0,0.0,0,22.258207,,,210.0,225.0,107.274605,9e3324a69f7a0d9cb848b64ad8ea5dfc8ca94045,58ae3c2c0485b05d931aeb86d59e8d76b480b50a
20260810_191147_scene_1_auto22_true_gain2_no_backtrack_balanced_00117,,,,9,21.027394,3.063681,7.101753,4.038072,4.038072,,0.082751,1.096361,169.351129,160.740989,101.813156,1.578784,0,0.0,0.0,0,22.825829,,,180.0,180.0,106.869711,59e454faf9de0642be9fbc4c084a17345c663fe7,0d7b3831c2b0c452d4c1415639d4b64ebc7853e3
20260810_191147_scene_1_auto22_true_gain2_no_backtrack_balanced_00118,,,,7,17.486459,3.184337,7.101753,3.917416,3.917416,,0.061977,1.074006,145.543357,139.891668,100.29372,1.39482,0,0.0,0.0,0,34.757642,,,90.0,180.0,85.056446,aa6259ffea043160156f4bb5cf4110f54447d038,e012ea83931dcac72398838f6e528ce78ab94813
20260810_191147_scene_1_auto22_true_gain2_no_backtrack_balanced_00119,,,,8,20.211383,3.173759,7.101753,3.927994,3.927994,,0.074081,1.074006,166.653001,161.691066,91.912257,1.759189,1,2.871036,2.871036,0,23.309647,,,90.0,45.0,90.0,2b07977d98610d7600492f0525358a77fc1589ba,de5d8d23f64bf4b2cfea20cadb77c187871499a0
20260810_191147_scene_1_auto22_true_gain2_no_backtrack_balanced_00120,,,,8,17.845192,3.502543,7.101753,3.599209,3.599209,,0.051855,1.074006,133.446198,127.805214,92.948966,1.375004,0,0.0,0.0,0,13.843677,,,90.0,90.0,107.274605,8ceac96e2cd39ee6104055eef90140f3a152df79,9902c2faf0f87a098fe43b2a030acadf110d2a9a
20260810_191147_scene_1_auto22_true_gain2_no_backtrack_balanced_00121,,,,9,22.137974,3.644357,7.101753,3.457396,3.457396,,0.075636,0.991157,187.694667,177.103789,94.231817,1.879448,1,8.061839,8.061839,0,22.825829,,,210.0,180.0,107.274605,960d3041ecc1be2a321a50c7513fbccfa1f6e8f6,a2c646c1666bb48dddad721f99246a84976bcdcf
20260810_191147_scene_1_auto22_true_gain2_no_backtrack_balanced_00122,,,,8,19.039256,3.140027,7.101753,3.961726,3.961726,,0.075414,1.097325,155.637216,148.950174,64.138108,2.322335,1,6.412383,6.412383,0,20.765516,,,180.0,45.0,94.943554,abb7e72747d28e45f92b766c360aba90ff02327e,1db5f95bd70473a76dcedb9ad95cb88344ca482e
20260810_191147_scene_1_auto22_true_gain2_no_backtrack_balanced_00123,,,,10,21.690241,3.352262,7.101753,3.749491,3.749491,,0.055423,0.991157,184.494089,172.965604,72.004126,2.402162,2,8.393776,8.393776,0,22.825829,,,180.0,225.0,107.274605,55c11b4a3ee7faf3c0d59f8dbc5d6fbbbc2c04ee,693406e1a9ae589af9ae1e28122faafc3145638a
20260810_191147_scene_1_auto22_true_gain2_no_backtrack_balanced_00124,,,,9,19.980102,3.146432,7.101753,3.955321,3.955321,,0.056942,1.055883,161.431102,151.250011,94.991426,1.592249,0,0.0,0.0,0,23.852261,,,180.0,225.0,106.869711,2b9b8dc4a4e9fe0268881cf8fa5cbac89f5d9cee,a455a2b2c81e17b571dec17b8b1c229d5f3ca918
20260810_191147_scene_1_auto22_true_gain2_no_backtrack_balanced_00125,,,,10,22.437944,3.184109,7.101753,3.917644,3.917644,,0.088116,1.048536,179.088649,163.990903,72.336063,2.26707,2,9.294014,9.294014,0,22.258207,,,300.0,315.0,107.274605,88eb6c336f2ad4471db53b117b547703914e217b,5149da87fafb8e9a729c0cce4cb881c2c1bdf70b
20260810_191147_scene_1_auto22_true_gain2_no_backtrack_balanced_00126,,,,7,17.226725,3.137172,7.101753,3.964581,3.964581,,0.080878,1.074006,143.957035,137.813797,100.29372,1.374102,0,0.0,0.0,0,31.881754,,,90.0,135.0,90.0,e6648025ad6c9b0072152a834d63ba12dcd8cd6d,28bcb604b32d132e7e9faec0a083a688f4e135c8
20260810_191147_scene_1_auto22_true_gain2_no_backtrack_balanced_00127,,,,8,19.153315,3.068099,7.101753,4.033654,4.033654,,0.055047,1.087134,161.548701,153.22652,73.322858,2.089751,1,18.145534,18.145534,0,22.825829,,,90.0,180.0,106.869711,42719eef5a003e1e8c2c41f37862c306cf67e47d,333c224533f7669466dc7c849cd81a06d3e98558
20260810_191147_scene_1_auto22_true_gain2_no_backtrack_balanced_00128,,,,9,21.821532,3.114912,7.101753,3.986841,3.986841,,0.066878,1.097325,178.454998,171.208381,81.183963,2.108894,1,6.412383,6.412383,0,20.765516,,,180.0,45.0,94.943554,342bee26b58fce8cae03a4fd92d18aa4fe6f3023,3329e933ab36373ac1dff8535256e043c4de13a4
20260810_191147_scene_1_auto22_true_gain2_no_backtrack_balanced_00129,,,,9,20.151688,3.130229,7.101753,3.971524,3.971524,,0.054981,0.8548,169.430596,160.657184,101.007751,1.590543,0,0.0,0.0,0,22.258207,,,90.0,135.0,107.274605,d31ff65854f4f60df3a68f914624e10a265018c2,67df21c7c90a9987fc9f882e36d9d42e005f7eca
20260810_191147_scene_1_auto22_true_gain2_no_backtrack_balanced_00130,,,,9,19.776182,3.591592,7.101753,3.510161,3.510161,,0.05212,1.097325,162.51146,154.845582,64.138108,2.414252,1,10.366295,10.366295,0,6.921839,,,120.0,45.0,107.274605,c89c1177b821423b291522cdbb0c2bf78e42bcfa,50287aa4a6dff9ff271b4378492d78d96117603a
20260810_191147_scene_1_auto22_true_gain2_no_backtrack_balanced_00131,,,,7,15.865817,4.097495,7.101753,3.004258,3.004258,,0.153109,1.085789,129.506354,123.562657,50.788795,2.432872,1,19.773964,19.773964,0,6.921839,,,150.0,45.0,106.869711,7655bbc3f8f136e02193ea35e8e1c428a5acd7d0,773c08158291609a8fc884d742653295af111564
20260810_191147_scene_1_auto22_true_gain2_no_backtrack_balanced_00132,,,,5,10.409688,3.704659,7.101753,3.397094,3.397094,,0.384921,1.074006,80.367577,75.799339,67.13242,1.129102,1,0.534923,0.534923,0,22.258207,,,90.0,90.0,107.274605,7bad32f02040cb0cf5a0ddfdb301180a309da8ca,ced21ade186e806b81bb87f56bb2e8f6bf51ab7f
20260810_191147_scene_1_auto22_true_gain2_no_backtrack_balanced_00133,,,,9,20.763121,3.967927,7.101753,3.133826,3.133826,,0.088116,1.048536,168.664184,158.070487,72.336063,2.185224,2,10.825104,10.825104,0,22.825829,,,210.0,135.0,106.869711,997f60051152d23b17b3f90e023684ba3f7fee6a,8efe82b7db29cd1478fa2c4c77e3fe64239f89f5
20260810_191147_scene_1_auto22_true_gain2_no_backtrack_balanced_00134,,,,7,15.989897,3.503039,7.101753,3.598713,3.598713,,0.23362,0.976436,131.078712,124.5553,68.194555,1.82647,1,6.856052,6.856052,0,22.258207,,,180.0,45.0,107.274605,b5a6691fab62cfab517ea3e72f25bc98f24bd955,22ba22244a394b4b7a2289036f8b402509eba0e2
20260810_191147_scene_1_auto22_true_gain2_no_backtrack_balanced_00135,,,,6,13.330743,4.569206,7.101753,2.532547,2.532547,,0.05166,1.048536,113.035007,106.089621,47.704521,2.22389,1,5.606644,5.606644,0,30.440671,,,150.0,180.0,94.943554,2cea1b38e6403b8c3de4b7219a9d6a0f6704aeb7,e43a056546ecf71501788665ef75b00e5625ef74
20260810_191147_scene_1_auto22_true_gain2_no_backtrack_balanced_00136,,,,9,20.89909,3.086889,7.101753,4.014864,4.014864,,0.119926,0.991157,169.899698,159.714558,91.303317,1.749274,2,6.1907,6.1907,0,22.825829,,,180.0,225.0,107.274605,f076ff15e50e77e20ee0708b1aa07b0f5fd7dce0,a159f79e8e926e0c06d6a8ff0fb7514147f1482b
20260810_191147_scene_1_auto22_true_gain2_no_backtrack_balanced_00137,,,,7,14.847562,3.586919,7.101753,3.514833,3.514833,,0.071832,1.048536,123.655496,118.780496,50.503876,2.351909,1,9.055925,9.055925,0,22.825829,,,60.0,45.0,90.0,64887360f05b532e1581e817c3eb85d656c47677,5e65e99d1cdd66bba4e6aa126ea01f5679b89a21
20260810_191147_scene_1_auto22_true_gain2_no_backtrack_balanced_00138,,,,7,14.978992,2.844973,7.101753,4.25678,4.25678,,0.251234,1.074006,125.127428,119.831935,51.907389,2.308572,1,21.575262,21.575262,0,6.921839,,,90.0,90.0,90.0,0aa6ef87bfe99c433880259b6cf74c2033c3b1a2,aedd865f54e36b30e53602d27d7476ab2e471864
20260810_191147_scene_1_auto22_true_gain2_no_backtrack_balanced_00139,,,,7,15.061203,3.332238,7.101753,3.769515,3.769515,,0.050594,1.055883,121.077903,113.011459,46.173432,2.447543,2,7.960758,7.960758,0,22.825829,,,120.0,135.0,107.274605,3acc0fca705c597a335af7b3404b2510ba5ff7f5,fafea711b4f47e916d2682227e1f809763bb8d5f
20260810_191147_scene_1_auto22_true_gain2_no_backtrack_balanced_00140,,,,8,18.911091,3.328988,7.101753,3.772765,3.772765,,0.100817,1.055883,152.933878,143.810567,68.826435,2.089467,2,7.739784,7.739784,0,23.852261,,,90.0,180.0,107.274605,5e2c1a11b643c9b6fd2a324cd0cf0380984a71f1,10365017c035320b27479fdbbe51fd761dc5e196
20260810_191147_scene_1_auto22_true_gain2_no_backtrack_balanced_00141,,,,10,22.017801,3.151546,7.101753,3.950207,3.950207,,0.11311,1.096361,184.419999,175.586089,102.516605,1.712758,1,0.331937,0.331937,0,23.309647,,,90.0,90.0,106.869711,91ddcb925aa53034123ba6086759401e440685e5,a199d258cd6e361d51c58610b5a1e97bd2485c5b
20260810_191147_scene_1_auto22_true_gain2_no_backtrack_balanced_00142,,,,9,20.50857,3.655284,7.101753,3.446469,3.446469,,0.054925,1.097325,168.691491,160.148358,70.906843,2.258574,1,10.366295,10.366295,0,6.921839,,,180.0,135.0,106.869711,98bd072d143a430cca987b922e8c5618060f4d78,637c799154d70aa10407095aa6167ec9e9f7db84
20260810_191147_scene_1_auto22_true_gain2_no_backtrack_balanced_00143,,,,7,16.176622,3.005265,7.101753,4.096488,4.096488,,0.080747,1.074006,127.575799,121.934815,50.027288,2.437366,1,20.879554,20.879554,0,22.258207,,,90.0,90.0,107.274605,89d378e93e1b71c5e0de86a700f0f13163b26bc5,00227c6ed65853652d7a08f731fba736b9f11ddc
20260810_191147_scene_1_auto22_true_gain2_no_backtrack_balanced_00144,,,,7,15.19122,3.577866,7.101753,3.523887,3.523887,,0.080747,1.074006,119.136261,113.495277,70.568183,1.608307,1,1.345069,1.345069,0,22.258207,,,90.0,90.0,107.274605,6b5176d3a6b37fb4b2691808067b5d4ed616e0d5,19381a0a0bbf6490982921d14b16f84b5a721960
20260810_191147_scene_1_auto22_true_gain2_no_backtrack_balanced_00145,,,,10,23.151828,3.317915,7.101753,3.783838,3.783838,,0.050735,1.096361,188.853242,177.180143,116.4852,1.521053,0,0.0,0.0,0,22.258207,,,210.0,225.0,107.274605,519f4e43374a4795d05a5fd064425fbb236f4e7d,07956263f257ff1167833526fa9b481fd6c9bd0e
20260810_191147_scene_1_auto22_true_gain2_no_backtrack_balanced_00146,,,,7,15.669686,3.667965,7.101753,3.433787,3.433787,,0.197287,0.976436,127.77266,121.993612,50.503876,2.41553,1,9.314855,9.314855,0,22.258207,,,150.0,45.0,107.274605,b2515f383ff9ce427357174469e088739adca097,aa0bfdf1022888e457e6a4bf606959f5639a32bd
20260810_191147_scene_1_auto22_true_gain2_no_backtrack_balanced_00147,,,,9,22.139687,3.183681,7.101753,3.918072,3.918072,,0.247069,0.8548,185.285151,176.561175,92.172527,1.915551,1,8.835224,8.835224,0,23.309647,,,90.0,135.0,107.274605,a309d9730ced0c7befbe37232d9d5f271da56d0c,cc9720a2295c723aec4504f42a46a3021023c4e7
20260810_191147_scene_1_auto22_true_gain2_no_backtrack_balanced_00148,,,,10,21.682891,3.123518,7.101753,3.978235,3.978235,,0.075636,0.991157,175.73215,165.984969,70.568183,2.352122,2,10.905381,10.905381,0,22.258207,,,120.0,135.0,107.274605,56c92267cc8bcf4ed66d2f3d725d12f7c26789dd,769a1e64657862084d08742bea4d6c444e1a18b4
20260810_191147_scene_1_auto22_true_gain2_no_backtrack_balanced_00149,,,,9,21.574469,3.928301,7.101753,3.173452,3.173452,,0.082575,1.097325,178.431308,169.231873,72.336063,2.339523,2,8.545523,8.545523,0,20.765516,,,195.0,180.0,106.869711,517507137ed7eec6dfbd5e54aaff5a8e3d4d6785,f97761b1850d2f3fa3bd8c3c98263e3d062a19a8
20260810_191147_scene_1_auto22_true_gain2_no_backtrack_balanced_00150,,,,9,21.938717,3.396245,7.101753,3.705508,3.705508,,0.060882,0.991157,184.798924,175.509735,81.67544,2.148868,1,8.061839,8.061839,0,22.825829,,,180.0,225.0,107.274605,aefd5fc32d989df55c718c409e0bf1eb71b55ba1,a7b9c16337541231f7bc751a327b302a799f02a7
20260810_191147_scene_1_auto22_true_gain2_no_backtrack_balanced_00151,,,,7,14.812727,2.991005,7.101753,4.110748,4.110748,,0.237911,1.060138,117.498631,110.467329,51.258302,2.155111,0,0.0,0.0,0,23.852261,,,0.0,180.0,90.0,0e950f4226e60e5fc59a5bf996ff04743bfe7a12,b3fd40d3142005989d87bf7fa139dfb36412fbbb
20260810_191147_scene_1_auto22_true_gain2_no_backtrack_balanced_00152,,,,10,23.888754,2.965102,7.101753,4.136651,4.136651,,0.057853,1.055883,187.182549,176.153711,72.004126,2.446439,2,12.499435,12.499435,0,6.921839,,,90.0,270.0,107.274605,d2418304ba6d18762eab351b032b1c0b98d7d26c,e67bdf77bdfb80ba75122211fc54ab9a0e5c08cf
20260810_191147_scene_1_auto22_true_gain2_no_backtrack_balanced_00153,,,,8,19.295221,3.161107,7.101753,3.940645,3.940645,,0.11311,1.096361,160.60525,154.361764,116.279362,1.327508,0,0.0,0.0,0,23.852261,,,180.0,0.0,106.869711,67735d46cf37796a00b8ac8451c4abee241c89d5,de11b540a24958befcdcdfc6a122a2555b46e400
20260810_191147_scene_1_auto22_true_gain2_no_backtrack_balanced_00154,,,,8,19.948523,2.984592,7.101753,4.117161,4.117161,,0.055047,1.087134,166.110368,159.588187,68.477488,2.33052,2,27.201459,27.201459,0,22.825829,,,90.0,180.0,94.943554,4414a0b9e32bed5b69b2f8df7ea801afe1eff52a,0921e04446bfcf64e62c97d15074d2d3c8bb4d0a
20260810_191147_scene_1_auto22_true_gain2_no_backtrack_balanced_00155,,,,7,17.486459,3.21021,7.101753,3.891543,3.891543,,0.270903,0.8548,145.28885,139.891668,89.301491,1.56651,1,2.712287,2.712287,0,31.881754,,,90.0,45.0,94.943554,39b15af10cbbf32383a675ae3148e8bcd838f73d,affd6cdba2cfe62898e1996adbfee5b66fb836b3
20260810_191147_scene_1_auto22_true_gain2_no_backtrack_balanced_00156,,,,9,22.008257,3.792388,7.101753,3.309365,3.309365,,0.088116,1.048536,178.861203,168.587896,81.968221,2.056747,1,8.772241,8.772241,0,23.309647,,,180.0,135.0,94.943554,b5fa869cf9de240b68d48694168b538347cddee1,98c26df1a65a15f98f1be7c3ae83986f841c327e
20260810_191147_scene_1_auto22_true_gain2_no_backtrack_balanced_00157,,,,7,15.062916,3.118108,7.101753,3.983645,3.983645,,0.075175,1.074006,119.45983,112.468845,70.906843,1.586149,0,0.0,0.0,0,22.258207,,,90.0,180.0,107.274605,1cea5040db09f46ab755adfc9ba712366960bff2,825f3e625e066ed1e9cec6ec18071bbe9a24c681
20260810_191147_scene_1_auto22_true_gain2_no_backtrack_balanced_00158,,,,6,14.245192,4.107689,7.101753,2.994064,2.994064,,0.173354,1.048536,117.554775,113.961537,50.027288,2.277987,1,8.029494,8.029494,0,23.852261,,,60.0,45.0,90.0,30bbf39ea2dad6d96b5f8f9d8a953457c1547700,816dbbf64ef01a034e9802f59312ed498ded866a
20260810_191147_scene_1_auto22_true_gain2_no_backtrack_balanced_00159,,,,7,14.7449,3.167927,7.101753,3.933826,3.933826,,0.051198,1.060138,116.224715,109.924715,50.503876,2.17656,0,0.0,0.0,0,23.852261,,,0.0,180.0,90.0,521ef2d5bb9b795b8824a533d392c703befeb37c,cfb1bb88e0d5afc7098472f604e2c897ad89c9bd
20260810_191147_scene_1_auto22_true_gain2_no_backtrack_balanced_00160,,,,5,10.420163,3.217884,7.101753,3.883869,3.883869,,0.854028,1.081344,79.708144,75.883144,52.641705,1.441502,0,0.0,0.0,0,23.852261,,,0.0,135.0,90.0,0c8a3d348ac030de3373805f97bbb0ea61216d56,204b8bbb4f61ed0dc03c44fadf43e14bb886b06c
20260810_191147_scene_1_auto22_true_gain2_no_backtrack_balanced_00161,,,,9,20.70577,2.969079,7.101753,4.132673,4.132673,,0.088116,1.048536,163.177234,150.68984,91.565319,1.645709,2,9.294014,9.294014,0,22.825829,,,270.0,270.0,106.869711,c2694e47dee369d564aeedea1f16661efc50d018,2095cf280e37491bc612c74b0d33988539bc3ffc
20260810_191147_scene_1_auto22_true_gain2_no_backtrack_balanced_00162,,,,8,16.849945,3.605772,7.101753,3.49598,3.49598,,0.088116,1.048536,135.691889,127.321396,51.258302,2.483918,1,8.772241,8.772241,0,22.258207,,,150.0,135.0,107.274605,3870d6d0e08038b8f1bd68ccddd72eb9903d599c,3f53900ec60bd5c68c7723ea6821162a2a206782
20260810_191147_scene_1_auto22_true_gain2_no_backtrack_balanced_00163,,,,6,14.313019,3.517508,7.101753,3.584244,3.584244,,0.400868,1.048536,118.701332,114.504151,50.788795,2.254516,1,9.055925,9.055925,0,22.825829,,,60.0,45.0,94.943554,2e1155c37cd1c72f606dface321280f1f5417716,266ed8132eb2142246c79161c39ee1e88845c42a
20260810_191147_scene_1_auto22_true_gain2_no_backtrack_balanced_00164,,,,6,14.444449,3.043643,7.101753,4.05811,4.05811,,0.430395,1.074006,119.441961,115.55559,81.183963,1.42338,0,0.0,0.0,0,31.881754,,,90.0,90.0,94.943554,1f3b5907d2e624f2a67fc224662718b39037da18,90847ffb298da9bceca7d6b434b96d460f0adc3a
20260810_191147_scene_1_auto22_true_gain2_no_backtrack_balanced_00165,,,,7,14.874616,2.850543,7.101753,4.25121,4.25121,,0.209,1.055883,120.128908,111.518768,52.641705,2.118449,1,2.13314,2.13314,0,23.852261,,,90.0,180.0,107.274605,8cad5bca6d36bf732ffef4b2120e892f8f9a8e58,26680fef6ed62b60c1c27f264b53a7b2f5fe44cf
20260810_191147_scene_1_auto22_true_gain2_no_backtrack_balanced_00166,,,,6,13.132899,3.689251,7.101753,3.412501,3.412501,,0.202353,1.048536,110.110936,105.06319,46.173432,2.275404,1,8.029494,8.029494,0,23.309647,,,60.0,45.0,107.274605,b42958a397973485a783ec6284f85d7da83faa5b,6705e0f7267c815821a36fc91b63f178d04f7de9
20260810_191147_scene_1_auto22_true_gain2_no_backtrack_balanced_00167,,,,9,20.778918,2.933532,7.101753,4.168221,4.168221,,0.166694,1.055883,162.630546,151.27502,93.97725,1.609698,2,1.785657,1.785657,0,22.825829,,,135.0,270.0,106.869711,9717113b6397be7df696566f690e923099594fdc,4128bd62fa0461b29efabbd0c66f19d22951952c
20260810_191147_scene_1_auto22_true_gain2_no_backtrack_balanced_00168,,,,8,18.97143,3.290823,7.101753,3.81093,3.81093,,0.075414,1.097325,156.142908,148.40756,70.906843,2.092993,1,6.412383,6.412383,0,20.765516,,,180.0,45.0,94.943554,3ce99e16f44d90c830b538552af808a1af07d95f,6dbba0a7f1f994826e0a4a023dfb41de88ee643a
20260810_191147_scene_1_auto22_true_gain2_no_backtrack_balanced_00169,,,,6,14.245192,3.713077,7.101753,3.388676,3.388676,,0.100579,1.074006,117.802521,113.961537,91.912257,1.239895,0,0.0,0.0,0,31.881754,,,90.0,90.0,90.0,6c47ea30a27969622b2a84c1656b82509710e712,678c3bef79161bbf2e3f6a79d778a28269adf523
20260810_191147_scene_1_auto22_true_gain2_no_backtrack_balanced_00170,,,,9,20.638425,3.547773,7.101753,3.553979,3.553979,,0.068541,0.991157,176.58565,164.551074,69.862821,2.355345,2,11.931812,11.931812,0,22.825829,,,180.0,225.0,107.274605,72654c04e4824f37a0d95b7f25ad435b525ccd02,b3bf6d92ad6e70f38cce346d64b3f944db3d9173
20260810_191147_scene_1_auto22_true_gain2_no_backtrack_balanced_00171,,,,9,21.999194,3.412024,7.101753,3.689729,3.689729,,0.059886,0.991157,183.386226,175.993552,81.183963,2.167836,1,8.061839,8.061839,0,22.825829,,,120.0,135.0,107.274605,6d83f73daf23379a4a3b25b90af3936a1e14fccc,10fb3b3b631252b7a3f1cecfb4dd9e7dc6298394
20260810_191147_scene_1_auto22_true_gain2_no_backtrack_balanced_00172,,,,9,20.449644,2.988959,7.101753,4.112794,4.112794,,0.071698,1.096361,165.512684,156.118987,94.231817,1.656754,1,1.036386,1.036386,0,23.309647,,,180.0,135.0,106.869711,df639f08db8f751fa3155ad1a321237f899eb045,64bdc79790e2d98fa0dc9230a5decff1e7475066
20260810_191147_scene_1_auto22_true_gain2_no_backtrack_balanced_00173,,,,6,12.217037,3.108845,7.101753,3.992907,3.992907,,0.109038,1.055883,89.248671,82.779974,51.258302,1.614957,1,1.383403,1.383403,0,23.309647,,,90.0,180.0,90.0,421f9fe7bea1667405c907834dcdd173e8d439c8,d84c7c6108458c39b76b1414900240dab3c00bc7
20260810_191147_scene_1_auto22_true_gain2_no_backtrack_balanced_00174,,,,8,19.218632,3.132018,7.101753,3.969735,3.969735,,0.051664,1.074006,153.051631,146.270893,71.913252,2.033991,2,20.527938,20.527938,0,22.258207,,,90.0,135.0,107.274605,02e7526ce2304c2c856d86d707f9cb57483916f5,a360ac2305eaf053f1418b14d39acd01e48fb996
20260810_191147_scene_1_auto22_true_gain2_no_backtrack_balanced_00175,,,,8,19.361635,3.089357,7.101753,4.012395,4.012395,,0.087997,1.055883,155.196009,147.414917,116.4852,1.265525,0,0.0,0.0,0,23.852261,,,120.0,225.0,90.0,f2329cbc603c11f06d76c52c9eb73664c8f10784,74dda72dadfb09def182768ecf96975b5aed592c
20260810_191147_scene_1_auto22_true_gain2_no_backtrack_balanced_00176,,,,9,19.505973,3.079878,7.101753,4.021874,4.021874,,0.050512,1.097325,159.116439,152.683906,90.102674,1.694555,1,6.412383,6.412383,0,20.765516,,,120.0,45.0,107.274605,a767c111492d9b82f25de273d724d683c39a68ae,009f4b3a10c646663477e319768d989ceeb19071
20260810_191147_scene_1_auto22_true_gain2_no_backtrack_balanced_00177,,,,9,21.892485,3.284955,7.101753,3.816798,3.816798,,0.14143,1.097325,179.794136,171.776004,68.826435,2.495785,2,25.702663,25.702663,0,6.921839,,,195.0,90.0,94.943554,676797f4ffc525f3bab7413fcc1c5b5bfce53fc2,19150f2055dadd4a2421dbbd5cef3133fd96f428
20260810_191147_scene_1_auto22_true_gain2_no_backtrack_balanced_00178,,,,10,22.112439,3.20497,7.101753,3.896782,3.896782,,0.056086,1.066662,169.045756,158.579313,63.763509,2.486992,1,8.772241,8.772241,0,13.843677,,,270.0,135.0,107.274605,509ca7adc41b76f8c152cf043d5ae30a5e407515,9163c442dc4659d9f4558e592caf1e5e4e819bc2
20260810_191147_scene_1_auto22_true_gain2_no_backtrack_balanced_00179,,,,7,16.042066,3.07652,7.101753,4.025232,4.025232,,0.171355,1.074006,126.322556,120.858367,92.172527,1.311219,0,0.0,0.0,0,22.825829,,,90.0,90.0,106.869711,35b3afc53f87b0f28290db57560b743d9d3daaee,2021e2bd913c4d1a94ffc174317c611eaf3bb539
20260810_191147_scene_1_auto22_true_gain2_no_backtrack_balanced_00180,,,,7,15.238726,2.665838,7.101753,4.435914,4.435914,,0.203472,1.074006,127.809242,121.909806,51.907389,2.348602,1,18.145534,18.145534,0,13.843677,,,90.0,90.0,94.943554,afe530b02a0a9d4d514d0374ff214a868977f92b,f9d4b2f3d8d0d7e10e5a24b22403b91622184e2e
20260810_191147_scene_1_auto22_true_gain2_no_backtrack_balanced_00181,,,,7,17.486459,3.153903,7.101753,3.947849,3.947849,,0.227718,0.8548,145.28885,139.891668,64.138108,2.181101,1,17.926326,17.926326,0,23.852261,,,90.0,45.0,94.943554,0aedf3d7b22ec4a91cea4a893b8801ae1077a38e,3f622d93227ff3c5a57de56bc81b142b5485667b
20260810_191147_scene_1_auto22_true_gain2_no_backtrack_balanced_00182,,,,10,22.56766,3.200339,7.101753,3.901414,3.901414,,0.052256,0.991157,185.253977,172.506795,91.565319,1.883975,2,10.905381,10.905381,0,22.825829,,,240.0,315.0,107.274605,86c88f914af4d12194eef823daa59b6355eae735,e55b9343435d2a9137be50997dc60f942b8a36f6
20260810_191147_scene_1_auto22_true_gain2_no_backtrack_balanced_00183,,,,9,21.152572,3.071338,7.101753,4.030415,4.030415,,0.109277,1.096361,169.501988,161.742412,101.57759,1.592304,1,0.348947,0.348947,0,22.825829,,,135.0,90.0,106.869711,70a3e5dee89aafcaf2b7273d5e3958e39f50664f,fdb85e6ed8731192c353b2e00047e8a85d20d69c
20260810_191147_scene_1_auto22_true_gain2_no_backtrack_balanced_00184,,,,9,21.083031,2.902256,7.101753,4.199497,4.199497,,0.081689,1.096361,176.53622,168.66425,101.813156,1.656606,0,0.0,0.0,0,23.852261,,,180.0,45.0,106.869711,e414e54b47c38c854ef9a8785f74bcdfcd573a83,ade701889778e60c05442d672004ff17efadb9b5
20260810_191147_scene_1_auto22_true_gain2_no_backtrack_balanced_00185,,,,8,18.051798,2.915615,7.101753,4.186138,4.186138,,0.053465,1.055883,144.667297,136.379903,94.231817,1.447281,0,0.0,0.0,0,23.852261,,,165.0,180.0,90.0,dad3c392b3f5bb98def7e6bf5c86e41a3352dffa,fb140d06d0dd1959eb4ba5faed0745de610b9a9e
20260810_191147_scene_1_auto22_true_gain2_no_backtrack_balanced_00186,,,,8,19.094551,3.018076,7.101753,4.083676,4.083676,,0.055047,1.087134,153.037826,145.27825,72.004126,2.017638,1,18.145534,18.145534,0,22.825829,,,90.0,180.0,106.869711,dbc91a107cdcdf70d41d5487869f72dc846aea13,e2804bb1cc059c5b2a0bfc98f2cb072138fe4538
20260810_191147_scene_1_auto22_true_gain2_no_backtrack_balanced_00187,,,,7,16.438866,3.099758,7.101753,4.001995,4.001995,,0.080483,1.096361,138.035715,131.510927,94.991426,1.38445,0,0.0,0.0,0,23.852261,,,90.0,90.0,106.869711,f6f9ca746c0327b4e3e8d87d6fbafb8a0a28a530,c3459fb8d17b16dc775d2ff2df643ac6a9d38f67
20260810_191147_scene_1_auto22_true_gain2_no_backtrack_balanced_00188,,,,10,22.884745,3.180241,7.101753,3.921512,3.921512,,0.075636,0.991157,181.396636,168.121636,72.336063,2.324175,3,9.570407,9.570407,0,22.825829,,,270.0,225.0,107.274605,044dc4ef5eb48ccc02ae5e71e53bf456d9368d18,61e27ea34d03badd552469297afb4b612ada0f98
20260810_191147_scene_1_auto22_true_gain2_no_backtrack_balanced_00189,,,,10,22.565946,3.106525,7.101753,3.995227,3.995227,,0.11311,1.096361,189.627551,179.971248,73.322858,2.454504,1,21.702498,21.702498,0,6.921839,,,150.0,135.0,106.869711,b1258ab86c5601a6bcf92edbebb6f281dec1fc32,e5b31ffbac2ba613783d3e683d51c6d88927926d
20260810_191147_scene_1_auto22_true_gain2_no_backtrack_balanced_00190,,,,8,19.286459,3.130229,7.101753,3.971524,3.971524,,0.053452,1.074006,153.351673,146.813507,101.007751,1.453488,0,0.0,0.0,0,22.258207,,,90.0,135.0,107.274605,416382214c7705fbff5214e34f4918f3a925e6cf,be0e475aeee93b4a86ec884dace9ec0b6231d40e
20260810_191147_scene_1_auto22_true_gain2_no_backtrack_balanced_00191,,,,7,17.223599,3.474814,7.101753,3.626939,3.626939,,0.104162,1.074006,144.434281,137.788789,64.138108,2.148314,1,20.540895,20.540895,0,23.852261,,,90.0,180.0,90.0,08b15ad4eb13f73a97a0cd33871f3bf0fad259ce,88dd80fa8194fc2682491a8e33b705678ee74647
20260810_191147_scene_1_auto22_true_gain2_no_backtrack_balanced_00192,,,,6,12.407231,2.935684,7.101753,4.166068,4.166068,,0.258877,1.096361,97.235775,91.779684,50.788795,1.807085,1,0.469507,0.469507,0,22.258207,,,90.0,90.0,107.274605,665d19910a57aa0186423dfd94c796d636f6a7e8,d95a8708e8e8e2613f36d45fe5f3d1356e21e17c
20260810_191147_scene_1_auto22_true_gain2_no_backtrack_balanced_00193,,,,9,21.015205,3.857718,7.101753,3.244035,3.244035,,0.06536,0.991157,179.534697,168.121636,72.336063,2.324175,2,9.914749,9.914749,0,22.825829,,,180.0,180.0,107.274605,011009eb96f9b138154115ef870a4028f6de729e,d0bd953649a866eb53a91db83148c1b82ee3dc76
20260810_191147_scene_1_auto22_true_gain2_no_backtrack_balanced_00194,,,,8,18.711834,3.1239,7.101753,3.977852,3.977852,,0.057852,1.060138,148.187005,142.216513,68.194555,2.085453,1,12.852126,12.852126,0,13.843677,,,0.0,135.0,90.0,d05a2682baa97b2ea86b9dee565393d60c2a589c,c1a1ab17d37a804d5603ce57e76fd8318994c091
20260810_191147_scene_1_auto22_true_gain2_no_backtrack_balanced_00195,,,,5,10.102147,3.01841,7.101753,4.083343,4.083343,,0.892614,1.074707,77.389013,73.339013,47.704521,1.53736,0,0.0,0.0,0,23.852261,,,0.0,90.0,90.0,c7a0b310a7d8c4254585ab3cdeeb679b764727ea,c87d20fb8a6788c18df3433c0f46e05c465fd707
20260810_191147_scene_1_auto22_true_gain2_no_backtrack_balanced_00196,,,,9,21.152572,3.464556,7.101753,3.637197,3.637197,,0.075636,0.991157,171.470685,161.742412,91.303317,1.771485,2,8.32384,8.32384,0,22.825829,,,180.0,180.0,107.274605,764a486bf8d58f5804ed509b03d441c035c77436,1533ea43d771f1868fa57f2b5bcf07a32ac0fbb4
20260810_191147_scene_1_auto22_true_gain2_no_backtrack_balanced_00197,,,,6,14.376622,3.586919,7.101753,3.514833,3.514833,,0.378702,1.048536,118.433468,115.012976,50.503876,2.27731,1,8.029494,8.029494,0,23.852261,,,60.0,45.0,90.0,0f6e0e04a072ee8ee6f7dc38000beff63e851bef,3cec06addcd048ac102f79ca6acc918c98536634
20260810_191147_scene_1_auto22_true_gain2_no_backtrack_balanced_00198,,,,8,17.845192,3.941568,7.101753,3.160185,3.160185,,0.055061,1.048536,136.00296,127.805214,51.907389,2.462178,2,9.798672,9.798672,0,22.258207,,,150.0,135.0,107.274605,e53f5fbe72786871c16d0b08857822a1a961d287,55fe02e9fcb8e674fb7edddcc0454f715db54f85
20260810_191147_scene_1_auto22_true_gain2_no_backtrack_balanced_00199,,,,9,21.889359,3.593196,7.101753,3.508557,3.508557,,0.077845,1.097325,180.125431,171.750995,68.826435,2.495422,2,15.184624,15.184624,0,20.765516,,,180.0,135.0,94.943554,50ae5474dd4e633f4687973f480a81a59d6a139e,545ad95014df8fa4b345cfd3f3b0e0e54c63fa8e
20260810_191147_scene_1_auto22_true_gain2_no_backtrack_balanced_00200,,,,8,18.97143,2.973944,7.101753,4.127809,4.127809,,0.075414,1.097325,155.193473,148.40756,70.906843,2.092993,1,6.412383,6.412383,0,20.765516,,,180.0,45.0,94.943554,e44b94fd06e1793565d4abee0e44b3af2d809cb2,e7599f13f005a31e5c488fd06f5c395ff498a501
20260810_191147_scene_1_auto22_true_gain2_no_backtrack_balanced_00201,,,,9,19.576925,3.24286,7.101753,3.858892,3.858892,,0.159427,1.097325,161.188005,153.251528,70.568183,2.17168,2,6.88897,6.88897,0,20.765516,,,120.0,45.0,94.943554,c675a1fc95283179e5ed90d18cef8eb3289d1347,069c799f788fe74207e7618f86b8b32bdecf4118
20260810_191147_scene_1_auto22_true_gain2_no_backtrack_balanced_00202,,,,7,16.440579,2.666669,7.101753,4.435083,4.435083,,0.102012,1.087134,130.90605,124.046474,50.503876,2.456177,1,3.884582,3.884582,0,6.921839,,,90.0,180.0,106.869711,9ed1093965581f30889f08a4eb3e88caf5322c60,84a8580b2b8db86c0b7ac9e8d978db7ebf48a2f0
20260810_191147_scene_1_auto22_true_gain2_no_backtrack_balanced_00203,,,,9,20.751247,3.123518,7.101753,3.978235,3.978235,,0.145342,0.991157,174.425962,166.009977,70.568183,2.352476,1,5.928699,5.928699,0,22.825829,,,120.0,135.0,107.274605,1f4504beb0b9306095ee40be0b6fe5607a4bf04f,661ecfc4234fb97db02d14c7ff4ccd87d137c223
20260810_191147_scene_1_auto22_true_gain2_no_backtrack_balanced_00204,,,,10,22.756441,3.528058,7.101753,3.573695,3.573695,,0.055423,0.991157,185.886971,174.017044,72.336063,2.405675,1,8.061839,8.061839,0,22.825829,,,180.0,225.0,107.274605,da525e5653f968e0bec3f5c02b711239decb4143,2ec2f75b96943af0f56a9117fa83e70f2a15c038
20260810_191147_scene_1_auto22_true_gain2_no_backtrack_balanced_00205,,,,7,16.372753,2.991005,7.101753,4.110748,4.110748,,0.187593,1.074006,130.371534,123.50386,51.258302,2.409441,2,21.74169,21.74169,0,6.921839,,,90.0,180.0,107.274605,25679ad2fb1833671dbc6302a3aea3a929290355,9957743a196640e395635747f289ea90ee314664
20260810_191147_scene_1_auto22_true_gain2_no_backtrack_balanced_00206,,,,9,20.766247,3.130643,7.101753,3.97111,3.97111,,0.088074,1.073631,162.529396,151.173657,72.004126,2.099514,2,9.104178,9.104178,0,23.309647,,,180.0,225.0,94.943554,e44a378dec8007685bf331beae4e61427e02d151,c73a986f93e83b761c25a669ce34c25eed9662d2
20260810_191147_scene_1_auto22_true_gain2_no_backtrack_balanced_00207,,,,9,20.706113,3.161107,7.101753,3.940645,3.940645,,0.070511,1.096361,170.478511,162.285026,116.279362,1.395648,0,0.0,0.0,0,22.825829,,,150.0,90.0,106.869711,618eca3451f69bd74adf6b6c8180b0387127e588,ab7ec5baf0a346a6cbe233b1da157750f60e127f
20260810_191147_scene_1_auto22_true_gain2_no_backtrack_balanced_00208,,,,9,21.764181,3.704659,7.101753,3.397093,3.397093,,0.077845,1.097325,179.173443,170.749572,68.477488,2.493514,2,25.702663,25.702663,0,6.921839,,,180.0,135.0,94.943554,8ebac069bb254661139ad9c5ab64b165fd94b4f5,cdb9eb3045d66db2c2d17cf75afe23255f8d52a9
20260810_191147_scene_1_auto22_true_gain2_no_backtrack_balanced_00209,,,,10,21.951688,3.21021,7.101753,3.891543,3.891543,,0.130145,0.8548,177.540393,167.579023,89.301491,1.876553,1,4.780832,4.780832,0,22.258207,,,90.0,135.0,107.274605,3a58fd3e61d9341ef0a8e0096c3d91d8760d8e55,df3e6405f496fc15d89482e8b010cddd53e90562
20260810_191147_scene_1_auto22_true_gain2_no_backtrack_balanced_00210,,,,7,14.978992,4.107689,7.101753,2.994064,2.994064,,0.106995,1.048536,123.979682,119.831935,50.027288,2.395331,1,8.772241,8.772241,0,23.309647,,,60.0,45.0,90.0,e946e8db1700a0ec73ef902cf2861aac52f2f884,05c526969d31024fd97b9704f6e95d78aee92baa
20260810_191147_scene_1_auto22_true_gain2_no_backtrack_balanced_00211,,,,5,10.477514,3.253885,7.101753,3.847868,3.847868,,0.835696,1.074006,79.893748,76.341953,50.503876,1.511606,1,0.534923,0.534923,0,22.258207,,,90.0,45.0,107.274605,5b1946e3c8b159795b6cfe0b297a9b037d49c91f,279beb2786335078932a4388eccc2deb1f8afa63
20260810_191147_scene_1_auto22_true_gain2_no_backtrack_balanced_00212,,,,9,20.965504,3.139935,7.101753,3.961818,3.961818,,0.124015,1.048536,162.383589,152.767711,91.565319,1.668401,1,6.468273,6.468273,0,22.258207,,,180.0,135.0,107.274605,bb4f5b9cd2b7fa13e2885f1b373b0f94ae03d56d,cac69f95c0c936be94fbb121fc2d65179699ec93
20260810_191147_scene_1_auto22_true_gain2_no_backtrack_balanced_00213,,,,7,16.113019,3.790115,7.101753,3.311638,3.311638,,0.20551,1.048536,128.596481,121.425989,51.258302,2.368904,1,9.798672,9.798672,0,22.258207,,,120.0,135.0,107.274605,fcfa5b1e342a1e368d9b71f0d71d892983e67b63,d973a744a66fcd721afbbdb6e95ea03530d047cb
20260810_191147_scene_1_auto22_true_gain2_no_backtrack_balanced_00214,,,,7,16.244449,3.517508,7.101753,3.584244,3.584244,,0.171743,1.048536,130.474046,122.477429,50.788795,2.411505,1,9.798672,9.798672,0,22.258207,,,120.0,135.0,107.274605,9ca189a18e45cd795eba964a7b53a843058fb836,cd7264d569b7fe844fd6f42d4b08c049d56997c4
20260810_191147_scene_1_auto22_true_gain2_no_backtrack_balanced_00215,,,,7,14.944157,2.742354,7.101753,4.359399,4.359399,,0.132589,1.055883,119.401655,111.518768,52.641705,2.118449,1,1.53109,1.53109,0,23.309647,,,90.0,180.0,107.274605,94cae32d8ff729fa74657a8b355f8daeb27902ab,c91a5e80b1dd52d8eee8f2630d412e2578cf04a3
20260810_191147_scene_1_auto22_true_gain2_no_backtrack_balanced_00216,,,,5,10.230451,3.218769,7.101753,3.882984,3.882984,,0.874349,1.060138,77.909141,74.365444,46.173432,1.610568,0,0.0,0.0,0,23.852261,,,0.0,45.0,106.869711,d66026dd027724ca505c35c164a621f0cce60475,7deb5d563136fb70c7318cf3efb90305075c2122
20260810_191147_scene_1_auto22_true_gain2_no_backtrack_balanced_00217,,,,9,22.020789,3.288015,7.101753,3.813737,3.813737,,0.159427,1.097325,179.127999,172.802435,69.862821,2.473453,2,16.211055,16.211055,0,20.765516,,,120.0,45.0,94.943554,134ffa01b03b0a16b81dc3fd3ba8ac40cf4c7f15,e2f28497998a0d0ec8e7ca621631cccf09276dc3
20260810_191147_scene_1_auto22_true_gain2_no_backtrack_balanced_00218,,,,10,20.502632,3.079878,7.101753,4.021874,4.021874,,0.050512,1.097325,168.712922,160.657184,90.102674,1.783046,2,9.314855,9.314855,0,13.843677,,,120.0,45.0,107.274605,4ca67a321650f4fbb692a20bb5c2d3a4e24ae40e,ca3a290af89cc5e02243f54790575902dbe75353
20260810_191147_scene_1_auto22_true_gain2_no_backtrack_balanced_00219,,,,7,15.669686,4.052876,7.101753,3.048877,3.048877,,0.088578,1.048536,129.591358,121.993612,68.826435,1.772482,1,6.468273,6.468273,0,22.258207,,,180.0,135.0,107.274605,4a4c098a4896e95e264a44af20cbc24a99857442,553c3fef3c9c6fb02d3a7e9a76d6d16a148b3681
20260810_191147_scene_1_auto22_true_gain2_no_backtrack_balanced_00220,,,,7,17.358155,3.126914,7.101753,3.974839,3.974839,,0.092211,1.074006,145.057911,138.865237,63.763509,2.177817,1,20.064308,20.064308,0,22.825829,,,90.0,135.0,94.943554,8a3b9fbbfa9c32ee01984448124b1fd9003d194a,50070788f86799e284dc5f3927c27c628666f0f6
20260810_191147_scene_1_auto22_true_gain2_no_backtrack_balanced_00221,,,,8,16.534916,3.349585,7.101753,3.752168,3.752168,,0.053206,1.097325,136.071189,128.91545,51.907389,2.483566,1,9.314855,9.314855,0,6.921839,,,120.0,45.0,94.943554,07b2b7550c7674209f904aaf1dd70cc5e77a7a83,5885f14796b42b394c24570ce8ad1405489df658
20260810_191147_scene_1_auto22_true_gain2_no_backtrack_balanced_00222,,,,10,22.952572,3.572966,7.101753,3.528787,3.528787,,0.075636,0.991157,181.899038,168.66425,91.565319,1.84201,2,8.583612,8.583612,0,22.825829,,,210.0,270.0,107.274605,328d574c1ae403a3c6f0282e712bad8489334ada,bc06074663c2c370cc31d3c8ca5d5bd057ec22bf
20260810_191147_scene_1_auto22_true_gain2_no_backtrack_balanced_00223,,,,10,22.952572,3.071338,7.101753,4.030415,4.030415,,0.09997,1.096361,187.564362,175.586089,101.57759,1.728591,1,0.235566,0.235566,0,22.258207,,,225.0,180.0,107.274605,4005c93ab6f87856e95ab33e048f2be358675b93,804c6770ba62c696a19297222a43659d18db2e9a
20260810_191147_scene_1_auto22_true_gain2_no_backtrack_balanced_00224,,,,9,21.027394,3.308894,7.101753,3.792859,3.792859,,0.067665,1.096361,168.69222,160.740989,101.813156,1.578784,1,0.348947,0.348947,0,22.825829,,,120.0,135.0,106.869711,9097183ba6b41ba2fd6da78b9fee09f5fb557a68,e33af6bfbe2ae34be3d71ebdf24ad6bc03788199
20260810_191147_scene_1_auto22_true_gain2_no_backtrack_balanced_00225,,,,10,22.884745,3.528285,7.101753,3.573468,3.573468,,0.075636,0.991157,188.128051,175.043475,72.004126,2.43102,2,8.393776,8.393776,0,22.825829,,,240.0,315.0,107.274605,933c29f52fd8a1135ca216e7f90d979754a2275b,42443e472bfca9f548c7008cf4db811a301406a2
20260810_191147_scene_1_auto22_true_gain2_no_backtrack_balanced_00226,,,,9,20.907083,3.531991,7.101753,3.569762,3.569762,,0.05212,1.097325,172.723084,163.336465,72.336063,2.258023,1,10.366295,10.366295,0,6.921839,,,180.0,135.0,106.869711,7e6890853eb940d2ef5345e1c62b08f596f1695f,377d85b91102e9f2f14e841a36839373ba0411b4
20260810_191147_scene_1_auto22_true_gain2_no_backtrack_balanced_00227,,,,8,17.724719,3.068099,7.101753,4.033654,4.033654,,0.079958,1.055883,142.588286,134.319589,73.322858,1.831892,1,1.53109,1.53109,0,23.309647,,,90.0,180.0,106.869711,30aef6551d2b473f574a592768f03d257059131f,85e7f680192a325ae80657cccb38585a253ba515
20260810_191147_scene_1_auto22_true_gain2_no_backtrack_balanced_00228,,,,7,17.226725,3.474814,7.101753,3.626939,3.626939,,0.104162,1.074006,143.282035,137.813797,64.138108,2.148704,1,20.540895,20.540895,0,23.852261,,,90.0,90.0,90.0,2bf28a3e4311cf1a8f9a2c5f0c267687569011a9,96d68e6e92ce2769ebff91e474b58fd8828137a5
20260810_191147_scene_1_auto22_true_gain2_no_backtrack_balanced_00229,,,,9,20.953315,3.458037,7.101753,3.643716,3.643716,,0.075636,0.991157,171.339237,160.148358,72.336063,2.213949,1,8.061839,8.061839,0,22.825829,,,180.0,180.0,107.274605,71ba2b476305e571594db2bcfd45df4c6df23451,c817f4c91b66c3b6829557a8b8f7e4479b9aec73
20260810_191147_scene_1_auto22_true_gain2_no_backtrack_balanced_00230,,,,8,18.711834,3.1239,7.101753,3.977852,3.977852,,0.057852,1.060138,149.087005,142.216513,68.194555,2.085453,1,8.545523,8.545523,0,23.852261,,,0.0,135.0,90.0,29f19a8da5e1706d6c41d41292633441753c24a6,c7ebdc6358ae79704480fe93261100ba68300dbc
20260810_191147_scene_1_auto22_true_gain2_no_backtrack_balanced_00231,,,,9,19.961194,3.334133,7.101753,3.76762,3.76762,,0.075636,0.991157,168.180428,159.689549,91.303317,1.749001,2,9.592929,9.592929,0,22.825829,,,135.0,90.0,107.274605,54d0934c6ffb821eaf56cc422dd59e19174b7862,688979e92384c5483977c4cea58670ae2ed5ffd2
20260810_191147_scene_1_auto22_true_gain2_no_backtrack_balanced_00232,,,,6,11.21444,3.586919,7.101753,3.514833,3.514833,,0.219513,1.074006,86.557852,82.23736,50.503876,1.628338,1,0.534923,0.534923,0,22.258207,,,60.0,45.0,107.274605,cf05366f08d12c854b53e9735387224d622f44c9,f612d67d1ee854c985b08d3d59aa999489f38450
20260810_191147_scene_1_auto22_true_gain2_no_backtrack_balanced_00233,,,,8,17.845192,2.844973,7.101753,4.25678,4.25678,,0.085498,1.074006,136.250706,127.805214,51.907389,2.462178,2,21.74169,21.74169,0,6.921839,,,90.0,180.0,107.274605,5a32945c606f76f40b626d91e3d463163116d33c,2ceec26b27e32e48901e0ab14934da99d473b636
20260810_191147_scene_1_auto22_true_gain2_no_backtrack_balanced_00234,,,,9,21.889359,3.593196,7.101753,3.508557,3.508557,,0.082575,1.097325,182.412825,171.750995,68.826435,2.495422,2,15.503431,15.503431,0,6.921839,,,240.0,225.0,106.869711,5acdce9e4636fbbe7dbfa229699bd3c776859961,1f3ad55f4cd522eeceb4bf9a14b003a273dd3b9f
20260810_191147_scene_1_auto22_true_gain2_no_backtrack_balanced_00235,,,,6,14.376622,2.666669,7.101753,4.435083,4.435083,,0.565618,1.074006,119.581214,115.012976,50.503876,2.27731,1,20.064308,20.064308,0,22.825829,,,90.0,90.0,90.0,cdb80c1eb9c9cec9abddcdbb6221801b979d9c82,84587e637ec62f94eaf9d29e126552a8eadbcf11
20260810_191147_scene_1_auto22_true_gain2_no_backtrack_balanced_00236,,,,10,22.304045,3.49846,7.101753,3.603293,3.603293,,0.056191,1.097325,183.64246,175.068484,70.568183,2.480842,3,9.949036,9.949036,0,20.765516,,,120.0,45.0,107.274605,8c5d1399712dfd987b74b35ecce7bbda53e0e2f7,196e9ff4a671d59d256d220baa1f49c9c460536a
20260810_191147_scene_1_auto22_true_gain2_no_backtrack_balanced_00237,,,,5,10.548467,3.148057,7.101753,3.953696,3.953696,,0.892614,1.055883,81.852708,76.909575,51.258302,1.500432,0,0.0,0.0,0,23.852261,,,90.0,135.0,94.943554,392c77f003e7348f703e3a52996088b862922fd9,ec2096ee095e7b87cbc06e67aff7d9786ec8c9de
20260810_191147_scene_1_auto22_true_gain2_no_backtrack_balanced_00238,,,,9,21.824797,2.965102,7.101753,4.136651,4.136651,,0.059053,1.055883,177.415141,167.120214,72.004126,2.320981,2,11.931812,11.931812,0,6.921839,,,90.0,180.0,107.274605,287c377b40e87314d85dbecfbeaef67d6ca200cd,aab939e6111e0874c6f2b5801ccba018a1423d1f
20260810_191147_scene_1_auto22_true_gain2_no_backtrack_balanced_00239,,,,9,19.516587,2.984592,7.101753,4.117161,4.117161,,0.059053,1.055883,157.827281,148.654535,68.477488,2.170853,3,11.931812,11.931812,0,6.921839,,,90.0,180.0,107.274605,b821399816520639969f6f8282f54d859c7ecb6a,7ebeca9b2a4279a9f2a1e54ef57677af7aa99d71
20260810_191147_scene_1_auto22_true_gain2_no_backtrack_balanced_00240,,,,7,15.801116,3.334288,7.101753,3.767465,3.767465,,0.286653,1.097325,129.30079,123.045051,50.027288,2.459559,1,9.314855,9.314855,0,13.843677,,,120.0,45.0,94.943554,2e716c48cf7620a02c8203736f19936f7485a1d5,a5178247eba134e0a97d0d77a0d73677ee6cc05a
20260810_191147_scene_1_auto22_true_gain2_no_backtrack_balanced_00241,,,,7,15.409159,3.253885,7.101753,3.847868,3.847868,,0.09966,1.060138,122.320114,115.795114,50.503876,2.292797,1,2.13314,2.13314,0,22.258207,,,0.0,135.0,90.0,fe35a894e1a72193c38de38dc0f111c3ad27068b,5865260b2e123f3aa9744d8dd180880cd3457558
20260810_191147_scene_1_auto22_true_gain2_no_backtrack_balanced_00242,,,,6,14.444449,3.110243,7.101753,3.991509,3.991509,,0.063239,1.087134,120.777207,115.55559,51.258302,2.254378,1,17.402787,17.402787,0,23.852261,,,90.0,90.0,94.943554,f82e52d0e19455bcaab0cca7d1d91b1f68d36ca1,8074fd9c63db2bc5309a324275636660304e74f1
20260810_191147_scene_1_auto22_true_gain2_no_backtrack_balanced_00243,,,,7,15.049945,3.517508,7.101753,3.584244,3.584244,,0.071832,1.048536,126.347304,120.399558,50.788795,2.370593,1,9.055925,9.055925,0,22.258207,,,60.0,45.0,107.274605,063179c40cf4c2129b54f41ab7107ad4a4505ed8,ebac4cecf04641a226369d3043e5e818b3184740
20260810_191147_scene_1_auto22_true_gain2_no_backtrack_balanced_00244,,,,9,20.777204,3.102059,7.101753,3.999694,3.999694,,0.070362,1.096361,173.817614,165.661311,69.862821,2.371237,2,22.653004,22.653004,0,6.921839,,,90.0,135.0,106.869711,ae6b2ece2d0ca62e7da8d7e06250480e41c7f5bf,4732795f9eae7ba25a1e0f60d488d59183c000c6
20260810_191147_scene_1_auto22_true_gain2_no_backtrack_balanced_00245,,,,9,21.889359,3.284955,7.101753,3.816798,3.816798,,0.109101,1.097325,181.550431,171.750995,68.826435,2.495422,2,19.138536,19.138536,0,6.921839,,,255.0,180.0,106.869711,c80d0be5add9275774d3bae6b396e1f37b1c5df9,5b6af052d97ee51739700690830a3665ea9f9554
20260810_191147_scene_1_auto22_true_gain2_no_backtrack_balanced_00246,,,,7,17.358155,3.126914,7.101753,3.974839,3.974839,,0.085887,1.074006,145.057911,138.865237,63.763509,2.177817,1,20.064308,20.064308,0,26.695803,,,90.0,135.0,94.943554,f86c2b6548fdb2d7040ae6efad3b41859d17c204,d46d01a21df2862661bdbc152f5f74c061a9f148
20260810_191147_scene_1_auto22_true_gain2_no_backtrack_balanced_00247,,,,7,15.913762,2.665838,7.101753,4.435914,4.435914,,0.252333,1.074006,125.127428,119.831935,51.907389,2.308572,1,20.005864,20.005864,0,23.309647,,,90.0,90.0,90.0,9759a699f6fdb056031a6fd0ae43ff8f8ecf577a,8d9a8660bfa9d4537d99ca1b8a616c5357172c57
20260810_191147_scene_1_auto22_true_gain2_no_backtrack_balanced_00248,,,,9,21.819957,3.572966,7.101753,3.528787,3.528787,,0.075636,0.991157,185.450536,174.559658,91.565319,1.906395,1,8.061839,8.061839,0,22.825829,,,240.0,180.0,107.274605,e6cc5847dcb236c48548ca02fad28a2a89ddda0b,597747bb29ea373997bd65ad3cc53b02b32f748d
20260810_191147_scene_1_auto22_true_gain2_no_backtrack_balanced_00249,,,,9,20.088085,3.014032,7.101753,4.087721,4.087721,,0.055047,1.087134,169.201843,160.148358,72.336063,2.213949,2,18.615041,18.615041,0,22.825829,,,90.0,180.0,106.869711,ff21de20503690cd3e9d1f1791b8b43fcda5d4e3,f6b1958635165af56537a106a3bbb0997a030b84
20260810_191147_scene_1_auto22_true_gain2_no_backtrack_balanced_00250,,,,9,19.776182,3.464664,7.101753,3.637088,3.637088,,0.075414,1.097325,163.250756,154.845582,64.138108,2.414252,1,6.412383,6.412383,0,20.765516,,,150.0,45.0,106.869711,a4723dff020c4b0d6a3e0a1e74649a60160a315f,6baa150fcf7245760cca8da65f480d5b98bf5b9c
20260810_191147_scene_1_auto22_true_gain2_no_backtrack_balanced_00251,,,,9,20.894551,3.967927,7.101753,3.133826,3.133826,,0.110836,1.048536,161.733081,152.200088,72.336063,2.104069,2,6.990046,6.990046,0,13.843677,,,150.0,135.0,94.943554,4d91e8bcb0bb167f5bb8ea535711618a7be1d0c8,1a5565afc5d53a7bf385952dc0546e5af8b1d0e6
20260810_191147_scene_1_auto22_true_gain2_no_backtrack_balanced_00252,,,,8,18.708708,3.1239,7.101753,3.977852,3.977852,,0.057852,1.060138,148.157948,142.191505,68.194555,2.085086,1,19.773964,19.773964,0,6.921839,,,0.0,135.0,106.869711,e8a8c1c19f655bd2fa12a31b3ba1d2852a06779d,3c0cd39307768cb6f6c57ca741dd32abda08d277
20260810_191147_scene_1_auto22_true_gain2_no_backtrack_balanced_00253,,,,7,16.176622,2.844973,7.101753,4.25678,4.25678,,0.12785,1.074006,128.303053,121.934815,51.907389,2.349084,2,21.74169,21.74169,0,6.921839,,,90.0,90.0,107.274605,276e5c0dacffd222ba9d817d3f81a878dc4daae9,29877ba08d31a15423229e4ab758ead7ede11581
20260810_191147_scene_1_auto22_true_gain2_no_backtrack_balanced_00254,,,,5,10.359686,3.328988,7.101753,3.772765,3.772765,,0.742924,1.081344,77.649327,75.399327,68.826435,1.0955,0,0.0,0.0,0,23.852261,,,0.0,90.0,90.0,779e189a4802c62abe45d676d4d112e1713eff9e,68a8fe0a0504468d50f0dff35ad8e48735e8d87d
20260810_191147_scene_1_auto22_true_gain2_no_backtrack_balanced_00255,,,,7,15.66656,3.667965,7.101753,3.433787,3.433787,,0.197287,1.085789,128.643603,121.968603,50.503876,2.415035,1,19.773964,19.773964,0,6.921839,,,150.0,45.0,106.869711,ccde42b34d96f00159f85c5829b61ffd5264572f,55fd093f60bbf113d829d7b2729bc06485fb9274
20260810_191147_scene_1_auto22_true_gain2_no_backtrack_balanced_00256,,,,10,22.419817,3.123518,7.101753,3.978235,3.978235,,0.136221,1.055883,180.423614,171.880376,70.568183,2.435664,2,10.905381,10.905381,0,13.843677,,,60.0,135.0,107.274605,805b054c3d1e516e165f9c3233e37a6a551f549b,dbbeec22aeea975c17ba1ef66a82c31adc61a668
20260810_191147_scene_1_auto22_true_gain2_no_backtrack_balanced_00257,,,,5,10.350623,3.148057,7.101753,3.953696,3.953696,,0.716448,1.096361,86.352729,82.804983,51.258302,1.615445,0,0.0,0.0,0,23.309647,,,90.0,45.0,107.274605,215253a08ccd4586a6058a573d362e2a8fbca59c,e0374a6a40133096b385acb3083a62462bbd0923
20260810_191147_scene_1_auto22_true_gain2_no_backtrack_balanced_00258,,,,10,22.756441,3.108227,7.101753,3.993526,3.993526,,0.07257,0.991157,179.590592,167.095205,72.004126,2.320634,2,10.905381,10.905381,0,13.843677,,,210.0,270.0,107.274605,6c160f85af30b83c5cb6ed98f391766d97262c4a,1cc44ae240f30586a6e557d3a625af26fb91390e
20260810_191147_scene_1_auto22_true_gain2_no_backtrack_balanced_00259,,,,7,15.801116,3.334288,7.101753,3.767465,3.767465,,0.162101,1.097325,128.40079,123.045051,50.027288,2.459559,1,9.314855,9.314855,0,13.843677,,,120.0,45.0,94.943554,fb60fbe2210a1de9b50227d059efc75e4d442b77,84ceaf7656334b4f34d7c938768ab58ef5102cdf
20260810_191147_scene_1_auto22_true_gain2_no_backtrack_balanced_00260,,,,8,16.849945,3.790115,7.101753,3.311638,3.311638,,0.071832,1.048536,136.291889,127.321396,51.258302,2.483918,1,9.798672,9.798672,0,22.258207,,,120.0,135.0,107.274605,1efdfa731e76842811fcabbb9cd6633ec79f11fd,e4447a381f7e049a531420a47094e5a1726a5c0f
20260810_191147_scene_1_auto22_true_gain2_no_backtrack_balanced_00261,,,,5,10.420163,3.910715,7.101753,3.191038,3.191038,,0.161197,1.081344,79.033144,75.883144,50.788795,1.494092,0,0.0,0.0,0,23.852261,,,0.0,90.0,90.0,5b33223d7a572c4bc6c6677843ff18d8b65708b8,cb4189411351e4512124c5092b5b1af3c1aff5ed
20260810_191147_scene_1_auto22_true_gain2_no_backtrack_balanced_00262,,,,8,18.171039,3.288015,7.101753,3.813737,3.813737,,0.075636,0.991157,152.590474,144.81199,69.862821,2.072805,2,11.931812,11.931812,0,22.825829,,,120.0,135.0,107.274605,5ccd92b37869dab7e203a93174ff69a2581ed180,3af613b945fef2e3868101e88288612baa69ca2f
20260810_191147_scene_1_auto22_true_gain2_no_backtrack_balanced_00263,,,,8,19.286459,3.126914,7.101753,3.974839,3.974839,,0.092211,1.074006,154.707309,146.813507,63.763509,2.302469,2,21.74169,21.74169,0,6.921839,,,90.0,135.0,107.274605,e9ca555fe12d7e18abd5d126bcac80cb21d660c0,e27234d4657bfaf4c2567d88f317861772de0ff5
20260810_191147_scene_1_auto22_true_gain2_no_backtrack_balanced_00264,,,,8,17.845192,2.665838,7.101753,4.435914,4.435914,,0.085498,1.074006,136.250706,127.805214,51.907389,2.462178,2,21.74169,21.74169,0,6.921839,,,90.0,180.0,107.274605,381a8894880472bd0d2185c6d3e3ede134609d77,a91396a92234f4f2ecbc6479aedbcbc5dd78f2a1
20260810_191147_scene_1_auto22_true_gain2_no_backtrack_balanced_00265,,,,10,22.822554,3.025004,7.101753,4.076748,4.076748,,0.056608,1.096361,184.533363,175.102272,72.336063,2.420677,1,21.895754,21.895754,0,22.258207,,,150.0,135.0,106.869711,83a1996be920b9c9b28df61dc1b83fac3bf7018f,00d8c798e288c4a617bbcd83b433f602b4aa738b
20260810_191147_scene_1_auto22_true_gain2_no_backtrack_balanced_00266,,,,9,19.953844,3.591592,7.101753,3.510161,3.510161,,0.075196,0.991157,168.996172,159.630753,64.138108,2.48886,1,8.061839,8.061839,0,22.258207,,,120.0,135.0,107.274605,c944c83d606275db2d82ae7857320a56ca21eee0,91cf8b07a6f8523d01133fb777c6893fd47498c1
20260810_191147_scene_1_auto22_true_gain2_no_backtrack_balanced_00267,,,,9,21.095221,2.96102,7.101753,4.140732,4.140732,,0.107259,1.096361,169.526736,161.283603,72.336063,2.229643,1,23.087831,23.087831,0,6.921839,,,150.0,135.0,106.869711,d33033302fe2378d78b1ee170b3819c9fa033d27,3e7ce32a848286fbbcd266097b76fc5b3d75dc9a
20260810_191147_scene_1_auto22_true_gain2_no_backtrack_balanced_00268,,,,8,18.708708,3.1239,7.101753,3.977852,3.977852,,0.057852,1.060138,148.889251,142.191505,68.194555,2.085086,1,11.447995,11.447995,0,23.309647,,,0.0,135.0,90.0,240f93a5970b81352b61cb3a8c61e82abdc0884a,c09bc535cbdc929b4fa04fc2aed3d3990bf34e69
20260810_191147_scene_1_auto22_true_gain2_no_backtrack_balanced_00269,,,,7,15.241852,2.844973,7.101753,4.25678,4.25678,,0.396263,1.074006,127.403053,121.934815,51.907389,2.349084,1,20.513127,20.513127,0,6.921839,,,90.0,90.0,107.274605,76ed5e292499c8c297e33fba596e8c77bbf287c5,f1f5774524674362662c05e23021b7b6425c4660
20260810_191147_scene_1_auto22_true_gain2_no_backtrack_balanced_00270,,,,5,10.477514,4.18785,7.101753,2.913903,2.913903,,0.139352,1.074006,79.931142,76.341953,50.503876,1.511606,1,0.534923,0.534923,0,22.258207,,,60.0,45.0,107.274605,4ab3345109923436ef3b1815dc20458766dff579,62d8c98b78256163f8d7534d636a5a3487d3b88b
20260810_191147_scene_1_auto22_true_gain2_no_backtrack_balanced_00271,,,,9,20.64,3.49846,7.101753,3.603293,3.603293,,0.056191,1.097325,169.578282,161.199798,70.568183,2.284313,1,6.412383,6.412383,0,20.765516,,,180.0,135.0,94.943554,97e0a66d3d8e4d49f5508612b8e906d5e2791a25,5ae9dfa44ff861a8359be329aeac9813d33e5238
20260810_191147_scene_1_auto22_true_gain2_no_backtrack_balanced_00272,,,,10,21.82902,3.130643,7.101753,3.97111,3.97111,,0.090041,1.096361,184.706932,174.07584,72.004126,2.417581,2,21.547268,21.547268,0,6.921839,,,180.0,135.0,106.869711,49ffff4d95b05990be147be4335c419a2b0daba2,8698b4da50de45280a5b6a6485801efc0a5b872f
20260810_191147_scene_1_auto22_true_gain2_no_backtrack_balanced_00273,,,,7,16.113019,3.110243,7.101753,3.991509,3.991509,,0.084689,1.074006,129.140178,121.425989,51.258302,2.368904,2,18.414297,18.414297,0,22.258207,,,90.0,180.0,107.274605,8e4398b6a9d989a88eb83c68d8551d0c0d73c071,e7904c4a8a6e2d971b4820793dce891826861101
20260810_191147_scene_1_auto22_true_gain2_no_backtrack_balanced_00274,,,,5,10.162485,4.52943,7.101753,2.572322,2.572322,,0.332664,0.976436,83.06562,77.936006,50.788795,1.534512,0,0.0,0.0,0,22.258207,,,180.0,45.0,107.274605,b074d43d001c347064460f4b2051363041ff7b8e,6dd70549829a3a710e2534c506c3858f2d7d839b
20260810_191147_scene_1_auto22_true_gain2_no_backtrack_balanced_00275,,,,9,19.970738,3.102059,7.101753,3.999694,3.999694,,0.070362,1.096361,167.078298,159.765903,69.862821,2.286852,1,22.653004,22.653004,0,6.921839,,,90.0,45.0,106.869711,d47a938f4f50e83273327e9e4b9a674d7580faff,c24d23eadf82e10e1624d3a62cc5f5acb942b9d1
20260810_191147_scene_1_auto22_true_gain2_no_backtrack_balanced_00276,,,,8,18.910952,3.57895,7.101753,3.522802,3.522802,,0.146482,1.097325,155.566876,147.923743,63.763509,2.319881,1,10.366295,10.366295,0,6.921839,,,180.0,135.0,106.869711,445596dcd7cfaf22ca077cd4b3704ccd3016f297,33f935b3890254fca574d031cf261ed0ca123de5
20260810_191147_scene_1_auto22_true_gain2_no_backtrack_balanced_00277,,,,7,16.045192,2.665838,7.101753,4.435914,4.435914,,0.251234,1.074006,133.446198,127.805214,51.907389,2.462178,1,21.575262,21.575262,0,6.921839,,,90.0,90.0,107.274605,67de240b24b9c005842a9e54318f9200d33dacf1,739f9600524ca1cb0d1542ae11378be9cd793c1a
20260810_191147_scene_1_auto22_true_gain2_no_backtrack_balanced_00278,,,,9,19.950718,3.464664,7.101753,3.637088,3.637088,,0.075636,0.991157,168.329615,159.605744,64.138108,2.48847,2,10.194979,10.194979,0,22.825829,,,120.0,135.0,107.274605,07e8e272429224a3fb4898decadde3d2b837cdcc,cdc8bed9ef8978b2ee57a739bae5c90c4ba8d7e8
20260810_191147_scene_1_auto22_true_gain2_no_backtrack_balanced_00279,,,,10,21.377064,3.1239,7.101753,3.977852,3.977852,,0.057852,1.060138,164.903429,156.060191,68.194555,2.288455,2,19.773964,19.773964,0,6.921839,,,0.0,135.0,107.274605,13d58cb9c139f84a46e532b488a5fc3b67f9b171,34aec3c79a07802cd3d016e578d9fe884695dd53
20260810_191147_scene_1_auto22_true_gain2_no_backtrack_balanced_00280,,,,7,16.304926,2.666669,7.101753,4.435083,4.435083,,0.068647,1.074006,129.329484,122.961246,50.503876,2.434689,2,21.74169,21.74169,0,6.921839,,,90.0,90.0,107.274605,3006b97e025c4628aa97ba3d0ecdd85fe11d0d4e,60ff4dff05daa7df6dd4d2cdb8e3999aadb04362
20260810_191147_scene_1_auto22_true_gain2_no_backtrack_balanced_00281,,,,9,21.744781,3.49846,7.101753,3.603293,3.603293,,0.056191,0.991157,182.769159,173.958247,70.568183,2.465109,2,9.465352,9.465352,0,22.825829,,,120.0,135.0,107.274605,806f0d0fd80921fae3790fcf781bbe117cdd033b,192960dc751cf27cad38c3f0948ea1abc0c37c0a
20260810_191147_scene_1_auto22_true_gain2_no_backtrack_balanced_00282,,,,9,21.96045,2.965102,7.101753,4.136651,4.136651,,0.071459,1.060138,175.812662,168.205442,72.004126,2.336053,1,19.773964,19.773964,0,6.921839,,,0.0,180.0,106.869711,42d50ad09481e4683ae1f516852f0d783c7d8f61,b0815d22bb765003a21e3335b002f85460f2591e
20260810_191147_scene_1_auto22_true_gain2_no_backtrack_balanced_00283,,,,9,19.776182,3.464664,7.101753,3.637088,3.637088,,0.093681,1.097325,161.87801,154.845582,64.138108,2.414252,2,8.545523,8.545523,0,20.765516,,,120.0,45.0,94.943554,970fdba76773b6d4866ef54b961c2d1daf15bc53,b081cdfe70e15006988c5bed7dd6f2aefed67149
20260810_191147_scene_1_auto22_true_gain2_no_backtrack_balanced_00284,,,,7,15.370156,2.666669,7.101753,4.435083,4.435083,,0.068647,1.074006,129.329484,122.961246,50.503876,2.434689,1,19.282887,19.282887,0,6.921839,,,90.0,90.0,107.274605,39d4468385fe67634b4ab542d66aa5b0732b2b9f,46aaf8548807c4ab2b0d5e036d72d9f83ed881da
20260810_191147_scene_1_auto22_true_gain2_no_backtrack_balanced_00285,,,,10,21.500047,3.108227,7.101753,3.993526,3.993526,,0.088116,1.048536,171.162753,157.044056,72.004126,2.181042,2,9.294014,9.294014,0,22.825829,,,270.0,270.0,106.869711,cb3c4d56f4ffacf1d14285c33c7ed5f15d6672dd,41ecc2cfe60e756b456cd327f325f7987e8ff41c
20260810_191147_scene_1_auto22_true_gain2_no_backtrack_balanced_00286,,,,9,19.776182,3.591592,7.101753,3.510161,3.510161,,0.075196,1.097325,162.51146,154.845582,64.138108,2.414252,1,6.412383,6.412383,0,20.765516,,,120.0,45.0,107.274605,8de956131e8662f0ec8d39103e5bca6d1758a603,78300f3b51d882ec42e7860564663eb28151f232
20260810_191147_scene_1_auto22_true_gain2_no_backtrack_balanced_00287,,,,9,21.96045,2.965102,7.101753,4.136651,4.136651,,0.122268,1.060138,175.911533,168.205442,72.004126,2.336053,1,19.773964,19.773964,0,6.921839,,,0.0,180.0,106.869711,7158840657f8f5f4a0e2643c73ea3bad63cb9fe0,5a286f25e7db6561594bddfc36bc4c0c39ce8d5c
20260810_191147_scene_1_auto22_true_gain2_no_backtrack_balanced_00288,,,,9,20.825011,3.108227,7.101753,3.993526,3.993526,,0.075636,0.991157,169.112806,159.121927,72.004126,2.2099,2,8.393776,8.393776,0,22.825829,,,150.0,180.0,107.274605,dd8590227b0b6e44ba0d5e5804b3ba211ca3cb30,c32e3543a9280641ccbe4ede87f2a28726c5d8e7
20260810_191147_scene_1_auto22_true_gain2_no_backtrack_balanced_00289,,,,10,22.697376,2.965102,7.101753,4.136651,4.136651,,0.089363,1.060138,182.58363,174.100849,72.004126,2.417929,2,19.773964,19.773964,0,6.921839,,,0.0,180.0,94.943554,66246a3ef79d3d3c838e86711ae1f2c99cc29595,dc3190f04afb721cefef276b6502e8047280c276
20260810_191147_scene_1_auto22_true_gain2_no_backtrack_balanced_00290,,,,9,22.077496,3.267793,7.101753,3.83396,3.83396,,0.050735,1.096361,183.61085,176.619971,122.503768,1.441751,0,0.0,0.0,0,23.852261,,,165.0,90.0,106.869711,98f9d16cf826301484d1a795d337e71bd7944b4f,3dda0f6a9f8312f2b0805a7b8b0034032c6d6270
20260810_191147_scene_1_auto22_true_gain2_no_backtrack_balanced_00291,,,,6,13.330743,3.689251,7.101753,3.412501,3.412501,,0.105628,1.048536,105.602922,99.167782,46.173432,2.147724,2,5.084871,5.084871,0,22.258207,,,120.0,135.0,107.274605,19b10634d2bbc6a63af51576d1b58b7b66ff4469,d6c8b2a16c10e44eb93ffddde2cc7e0ac4d15e32
20260810_191147_scene_1_auto22_true_gain2_no_backtrack_balanced_00292,,,,9,21.688046,3.587878,7.101753,3.513875,3.513875,,0.082901,1.048536,177.276208,166.026208,93.97725,1.766664,1,8.772241,8.772241,0,23.309647,,,180.0,270.0,90.0,983d96296a42c5df9624982ea81c97a2fd87676a,9840933b0fbe50b05ad911b503575dc9001ae3fc
20260810_191147_scene_1_auto22_true_gain2_no_backtrack_balanced_00293,,,,7,14.999313,3.766129,7.101753,3.335624,3.335624,,0.088116,1.048536,120.453717,111.96002,45.651659,2.452485,1,8.772241,8.772241,0,23.309647,,,180.0,135.0,106.869711,0b5d14be220c4c5de9c99b31e1b972d7a261ec40,352c598c07a575842e0e8cebbd777a0da3f0125f
20260810_191147_scene_1_auto22_true_gain2_no_backtrack_balanced_00294,,,,5,11.59122,3.698732,7.101753,3.40302,3.40302,,0.347088,1.074006,97.051378,92.729761,70.906843,1.307769,0,0.0,0.0,0,31.881754,,,90.0,90.0,94.943554,ef8054f81b211b7f0ea5a50a7cc669a4405b4d32,1918700d9cce580f1bd5dc07503f1e1066b72c61
20260810_191147_scene_1_auto22_true_gain2_no_backtrack_balanced_00295,,,,8,19.354285,3.210413,7.101753,3.891339,3.891339,,0.080747,1.074006,154.29059,147.356121,95.645263,1.540653,0,0.0,0.0,0,22.258207,,,90.0,180.0,107.274605,35d2a0be5bac6d552965311b755665a5c976bbe3,8e92b2a76f34cc98cf55b5647fd23ee3c352ebb6
20260810_191147_scene_1_auto22_true_gain2_no_backtrack_balanced_00296,,,,9,21.879953,3.21805,7.101753,3.883702,3.883702,,0.053654,1.074006,176.731393,167.561465,91.912257,1.823059,2,8.381463,8.381463,0,6.921839,,,90.0,225.0,94.943554,1527fb1cf041dc05d260c7ad36f4dd61cc5c1b9b,5072c792e335cc79fddca6c2821927506df03c09
20260810_191147_scene_1_auto22_true_gain2_no_backtrack_balanced_00297,,,,5,10.48799,3.102059,7.101753,3.999694,3.999694,,0.892614,1.092364,80.588152,76.425758,69.862821,1.09394,0,0.0,0.0,0,23.852261,,,90.0,135.0,90.0,94402f392578dd3ec9631f2e53d1490a6d4f21b0,0b5f0af63d8af5d96597f917de0c771a548eea21
20260810_191147_scene_1_auto22_true_gain2_no_backtrack_balanced_00298,,,,9,22.207514,3.128625,7.101753,3.973128,3.973128,,0.06613,0.8548,184.698716,177.103789,81.183963,2.181512,1,3.774422,3.774422,0,23.309647,,,90.0,180.0,107.274605,264e864108ef6944d6c66051e5981271f60a1cd3,47a958644802d885f93d033bb1fbb2107cafea65
20260810_191147_scene_1_auto22_true_gain2_no_backtrack_balanced_00299,,,,5,10.278258,4.030247,7.101753,3.071506,3.071506,,0.059334,1.074006,79.143391,74.747899,66.774621,1.119406,1,0.534923,0.534923,0,22.258207,,,90.0,90.0,107.274605,319a0d84e8bbcfc25db4e087607b91789498288d,357800158d980c79c7f5765bc1717a6907d1c150
20260810_191147_scene_1_auto22_true_gain2_no_backtrack_balanced_00300,,,,10,23.74778,3.502455,7.101753,3.599298,3.599298,,0.088116,1.048536,187.915001,175.025918,94.231817,1.857397,2,9.294014,9.294014,0,23.309647,,,300.0,225.0,94.943554,fcbc58b7ee5d2d13a9933a6afe588846c69cd6e3,43d8d54c36787ccf93d0b1374751f000841e7028
20260810_191147_scene_1_auto22_true_gain2_no_backtrack_balanced_00301,,,,5,10.031194,3.018188,7.101753,4.083564,4.083564,,0.892614,1.074929,76.821391,72.771391,34.757642,2.09368,0,0.0,0.0,0,23.852261,,,0.0,90.0,90.0,ac760aaebe91ce42430cf33629f4c1e87bf0aac0,41eb7dd858bb66bed707e6deac3df5735fe4e9d7
20260810_191147_scene_1_auto22_true_gain2_no_backtrack_balanced_00302,,,,10,22.252631,3.089357,7.101753,4.012395,4.012395,,0.050735,1.096361,176.614151,167.17901,116.4852,1.435195,0,0.0,0.0,0,22.258207,,,150.0,135.0,107.274605,5d320810ab1951be50ccf8ecd5e8f7ea17f74e29,0f124c2f7a98d873ad56828f89a10ef11cf94a24
20260810_191147_scene_1_auto22_true_gain2_no_backtrack_balanced_00303,,,,8,18.772173,3.079878,7.101753,4.021874,4.021874,,0.105349,1.097325,152.518786,146.813507,90.102674,1.629402,1,6.412383,6.412383,0,20.765516,,,120.0,45.0,94.943554,9d8553470ab0e0fca6e801e02ad50f70c76825d3,3ceafdaee7368f01b175f3bb3f5a192dec5470ef
20260810_191147_scene_1_auto22_true_gain2_no_backtrack_balanced_00304,,,,9,21.033812,2.954571,7.101753,4.147181,4.147181,,0.11311,1.096361,169.66082,160.792335,68.826435,2.3362,2,22.738883,22.738883,0,6.921839,,,150.0,135.0,106.869711,f980d6e1bf4b35be1801ab03419bf7031b2b0789,4aed49f70a2bd19749ec88d7e303a5afd4ffdc52
20260810_191147_scene_1_auto22_true_gain2_no_backtrack_balanced_00305,,,,9,19.644752,3.57895,7.101753,3.522802,3.522802,,0.054925,1.097325,160.94988,153.794142,63.763509,2.411946,2,8.545523,8.545523,0,20.765516,,,120.0,45.0,94.943554,77c449a34ae02d296f6b722533401ae05220ac37,c626c7292bbdb77e29c76c0031e729f55477e0bf
20260810_191147_scene_1_auto22_true_gain2_no_backtrack_balanced_00306,,,,9,22.008257,3.07652,7.101753,4.025232,4.025232,,0.085592,0.8548,176.628775,168.587896,92.172527,1.829047,1,3.774422,3.774422,0,22.825829,,,90.0,90.0,106.869711,683f7a6a0d0bb65054b9a99d1b156c3629368b37,5d5d79247eb6aebe728830c90d7d133fa61f911b
20260810_191147_scene_1_auto22_true_gain2_no_backtrack_balanced_00307,,,,9,20.958155,3.153903,7.101753,3.947849,3.947849,,0.130145,0.8548,168.181983,159.630753,64.138108,2.48886,1,17.926326,17.926326,0,22.825829,,,90.0,135.0,107.274605,fcf6ce643681d7f8711ec42c8c2dde005e556fd9,c225bf6ea56534ef0e0b54f115102c38dc01a07d
20260810_191147_scene_1_auto22_true_gain2_no_backtrack_balanced_00308,,,,10,22.754727,3.311275,7.101753,3.790478,3.790478,,0.050735,0.991157,186.725536,174.559658,91.565319,1.906395,1,8.061839,8.061839,0,22.825829,,,210.0,225.0,107.274605,f07f97ec448f7bfd8a5c5b6b60a3a78a64a453ed,a3548ae5825727795dbb9764fd0a0c8b8df8c48b
20260810_191147_scene_1_auto22_true_gain2_no_backtrack_balanced_00309,,,,8,19.224268,3.071338,7.101753,4.030415,4.030415,,0.070511,1.096361,160.210374,153.794142,101.57759,1.514056,0,0.0,0.0,0,23.852261,,,135.0,90.0,106.869711,e663c50d6d3aa725f170019ca004ee794690290f,5c31e0048cc835e07edd539c2295b9e0b50eab9a
20260810_191147_scene_1_auto22_true_gain2_no_backtrack_balanced_00310,,,,9,20.089498,2.902256,7.101753,4.199497,4.199497,,0.10841,1.096361,167.807212,160.715981,101.813156,1.578538,1,0.262001,0.262001,0,23.309647,,,180.0,45.0,106.869711,3b592e3f52e405f1aa8d1bd2e15fe745e6e6da25,6f3e122b866be2c7cd6c4a61af6c2f8f8505b731
20260810_191147_scene_1_auto22_true_gain2_no_backtrack_balanced_00311,,,,10,22.569716,3.063681,7.101753,4.038072,4.038072,,0.082751,1.096361,186.549252,176.637529,101.813156,1.734919,0,0.0,0.0,0,22.258207,,,180.0,90.0,107.274605,509a26bc5194e0b55d8c88846121ca564ba77215,eb0dbd0c775e7b2132ec572545f473a4cbc9b62c
20260810_191147_scene_1_auto22_true_gain2_no_backtrack_balanced_00312,,,,8,19.026725,3.728394,7.101753,3.373359,3.373359,,0.082458,0.8548,157.733705,151.657474,100.29372,1.512133,0,0.0,0.0,0,23.309647,,,90.0,90.0,107.274605,384bb09fd7cd242f14a9e7d27540e5394bf87f13,8bd381744a8fbdb45b1a02b618eb33436d75af59
20260810_191147_scene_1_auto22_true_gain2_no_backtrack_balanced_00313,,,,9,22.008257,3.173759,7.101753,3.927994,3.927994,,0.1271,0.8548,184.060966,175.509735,91.912257,1.909536,1,3.774422,3.774422,0,23.309647,,,90.0,135.0,107.274605,2cd2c20a5612a8a8ed9e4fc0b2ef8ce88abebe47,35dd92c5f8cec14bdcd9954b5a55495c2ad56a18
20260810_191147_scene_1_auto22_true_gain2_no_backtrack_balanced_00314,,,,9,22.139687,3.246315,7.101753,3.855438,3.855438,,0.074081,1.074006,177.24215,169.639336,92.948966,1.82508,1,2.871036,2.871036,0,22.258207,,,90.0,135.0,107.274605,d5dda0049dec0ce2cdeb176c9c26b255b084704e,53ea791e84c38ac89beec31866829640da91e996
20260810_191147_scene_1_auto22_true_gain2_no_backtrack_balanced_00315,,,,8,20.14778,3.140337,7.101753,3.961416,3.961416,,0.099885,1.048536,167.918506,161.18224,94.231817,1.710486,1,5.606644,5.606644,0,31.881754,,,135.0,90.0,94.943554,ec5f1e3add84d1addae39eb1d971a65b4355ec04,2ccd0eba7a31a7864fcbad9901ee4da72163efda
20260810_191147_scene_1_auto22_true_gain2_no_backtrack_balanced_00316,,,,8,18.779522,3.341438,7.101753,3.760315,3.760315,,0.146482,1.097325,155.246739,146.872303,64.138108,2.289938,1,10.366295,10.366295,0,6.921839,,,180.0,135.0,106.869711,9c3bc5e723723c5b11c632e49d07da03b7e396e0,c8e94845f6f10102bd2d60b799e315c6e9c0beb9
20260810_191147_scene_1_auto22_true_gain2_no_backtrack_balanced_00317,,,,7,17.425981,4.111848,7.101753,2.989905,2.989905,,0.099885,1.048536,143.650419,139.407851,72.004126,1.936109,1,5.606644,5.606644,0,31.881754,,,60.0,45.0,94.943554,395f1e07ab4e2bb7b5300f1ff1780d5057389756,19202f7ae449c3441c3176c907c80d0883d6bbdb
20260810_191147_scene_1_auto22_true_gain2_no_backtrack_balanced_00318,,,,9,20.709377,3.082108,7.101753,4.019645,4.019645,,0.058229,1.096361,174.434575,165.118697,94.991426,1.738248,0,0.0,0.0,0,23.309647,,,150.0,135.0,107.274605,38764caa6ef09569485444ff22c7d81cb4e4f12f,6782038fe1bec22ba4afaee001436a9a65b321fe
20260810_191147_scene_1_auto22_true_gain2_no_backtrack_balanced_00319,,,,10,22.683775,3.531991,7.101753,3.569762,3.569762,,0.050243,0.991157,185.539217,173.992035,72.336063,2.405329,1,8.061839,8.061839,0,22.825829,,,210.0,135.0,107.274605,bce3773148495faf219dcb61198f6e2602f2f7ce,05802fde49bc70a6f3e455fa61ce89191a6b1267
20260810_191147_scene_1_auto22_true_gain2_no_backtrack_balanced_00320,,,,10,22.496707,3.500184,7.101753,3.601569,3.601569,,0.088116,1.048536,177.910467,165.017334,73.322858,2.250558,2,9.294014,9.294014,0,20.765516,,,300.0,225.0,106.869711,58307e5d595550253a57ff3ac626bf3eb716d543,25e9c2a16472b3b288e202b89cab0765d56b789c
20260810_191147_scene_1_auto22_true_gain2_no_backtrack_balanced_00321,,,,8,19.158155,3.094111,7.101753,4.007641,4.007641,,0.130145,0.8548,160.360145,152.708914,101.007751,1.511853,0,0.0,0.0,0,23.309647,,,90.0,135.0,107.274605,b1e1c75425c864d45f384cd5793e23d6ed4849fe,af9f4787c06c82cbf58db57177ae7bbc0d80a6ca
20260810_191147_scene_1_auto22_true_gain2_no_backtrack_balanced_00322,,,,9,19.950718,3.464664,7.101753,3.637088,3.637088,,0.075636,0.991157,168.675107,159.605744,64.138108,2.48847,2,10.194979,10.194979,0,22.258207,,,120.0,135.0,107.274605,eca86fa1d79ed79d35e1a520e0cf020f6524f82e,9d8b39dfbb1477e198b2f0e89cc1d4e9be76ac50
20260810_191147_scene_1_auto22_true_gain2_no_backtrack_balanced_00323,,,,5,10.478927,4.427741,7.101753,2.674012,2.674012,,0.496634,0.991157,88.072857,83.831414,50.788795,1.650589,0,0.0,0.0,0,23.309647,,,75.0,90.0,107.274605,562668dd78e58495328973827b9512ba482f9463,98aa9d35e522e79cbcf066307ef5d12b230b43b7
20260810_191147_scene_1_auto22_true_gain2_no_backtrack_balanced_00324,,,,8,20.012127,3.729195,7.101753,3.372557,3.372557,,0.063157,1.048536,166.794759,160.097013,67.13242,2.384794,2,24.959916,24.959916,0,6.921839,,,90.0,135.0,90.0,8f1e6a3fe33498bc4c26730b55f8a4ab3f71bdf0,43556990bbe7f969e88c93b86566e565d0081009
20260810_191147_scene_1_auto22_true_gain2_no_backtrack_balanced_00325,,,,9,20.953315,3.433102,7.101753,3.668651,3.668651,,0.075636,0.991157,171.62054,160.148358,72.336063,2.213949,2,8.583612,8.583612,0,22.825829,,,225.0,180.0,107.274605,f606d71c3706085092f57a0c45a3cad12e7c12a4,c5b80975920a3e567152ca30129f5b5d7f25ac03
20260810_191147_scene_1_auto22_true_gain2_no_backtrack_balanced_00326,,,,7,14.929773,3.342446,7.101753,3.759306,3.759306,,0.182224,1.056044,120.022414,111.96002,47.704521,2.346948,1,4.937184,4.937184,0,22.825829,,,120.0,135.0,106.869711,9aeb81e8112831311486e8c1d5c6841a60dc6d90,5367bfd8367b001ac4db754f8d89db21e23f0790
20260810_191147_scene_1_auto22_true_gain2_no_backtrack_balanced_00327,,,,9,20.89909,3.086889,7.101753,4.014864,4.014864,,0.052256,0.991157,169.780436,159.714558,91.303317,1.749274,2,6.1907,6.1907,0,22.825829,,,180.0,225.0,107.274605,37a1159a338684615fdbd9cbe01f144cd6a45af0,195722d016fc65ba904270c6a60610cda4ae6b23
20260810_191147_scene_1_auto22_true_gain2_no_backtrack_balanced_00328,,,,7,15.110422,3.586919,7.101753,3.514833,3.514833,,0.130521,1.048536,125.931121,120.883375,50.503876,2.393547,2,9.055925,9.055925,0,22.258207,,,60.0,45.0,107.274605,ee29c8553a6eaed6386881edfe25b205e51f4ea1,deb1ab371999e00d9bb678cabb37955c60b18a70
20260810_191147_scene_1_auto22_true_gain2_no_backtrack_balanced_00329,,,,8,15.61013,2.844973,7.101753,4.25678,4.25678,,0.070111,1.060138,124.946553,116.846553,51.907389,2.251058,1,2.13314,2.13314,0,22.258207,,,0.0,180.0,107.274605,6fc29a34fdc593dd529447b35a0e0fd8917f85e0,a6bdee37458014a20aff03b9fa8f3bfe32be1295
20260810_191147_scene_1_auto22_true_gain2_no_backtrack_balanced_00330,,,,9,21.378477,3.073293,7.101753,4.02846,4.02846,,0.099127,1.055883,174.799652,163.549652,68.826435,2.376262,3,9.592929,9.592929,0,20.765516,,,90.0,270.0,107.274605,b3763dbd43c7cab350a5538d0b95c3365d6b621a,c4da0be0c814570904bb99f0c5f6fde641a3ee46
20260810_191147_scene_1_auto22_true_gain2_no_backtrack_balanced_00331,,,,9,21.027394,3.151546,7.101753,3.950207,3.950207,,0.11311,1.096361,174.536138,167.662828,102.516605,1.63547,0,0.0,0.0,0,23.309647,,,90.0,90.0,107.274605,d01d183fded4ed037d3c8815b56b3f3a36f67691,993893ce1ea58b447d61cd1e9a8d265422ee6532
20260810_191147_scene_1_auto22_true_gain2_no_backtrack_balanced_00332,,,,8,19.225981,3.474038,7.101753,3.627715,3.627715,,0.085592,1.074006,151.847363,146.329689,70.906843,2.063689,1,3.718697,3.718697,0,13.843677,,,90.0,90.0,94.943554,5ced87e2daa08e346c902e800a067f23f4c48bcf,ff2b0e1a7b2cff3994bd39f01972bf9bf8fb4863
20260810_191147_scene_1_auto22_true_gain2_no_backtrack_balanced_00333,,,,5,10.34921,3.005265,7.101753,4.096488,4.096488,,0.865231,1.084316,79.711014,75.315522,50.027288,1.505489,1,0.534923,0.534923,0,22.258207,,,90.0,90.0,107.274605,2347039cab87dc057194c2205a1251713091d886,c8648c9f9c6b94fb8e9df2dea4583065e72ec68a
20260810_191147_scene_1_auto22_true_gain2_no_backtrack_balanced_00334,,,,9,20.835487,3.317915,7.101753,3.783838,3.783838,,0.050735,1.096361,168.280732,159.205732,116.4852,1.366746,0,0.0,0.0,0,23.309647,,,120.0,225.0,106.869711,b863572d12eeeb3258d830507c82a087ee66482f,5772ba78ede0f534c463eb46ebd5855c5f2292e6
20260810_191147_scene_1_auto22_true_gain2_no_backtrack_balanced_00335,,,,9,22.1411,3.077212,7.101753,4.02454,4.02454,,0.050735,1.096361,184.292422,177.128797,113.327215,1.562986,0,0.0,0.0,0,23.852261,,,120.0,180.0,106.869711,6e8b8638d6679151f1fcea3a2957f763c8b2067b,72a440c48b6f248dea5aaaa2cce2a8f5362316d9
20260810_191147_scene_1_auto22_true_gain2_no_backtrack_balanced_00336,,,,8,17.976622,3.150712,7.101753,3.951041,3.951041,,0.059498,1.074006,136.020384,128.856653,92.172527,1.397994,0,0.0,0.0,0,13.843677,,,90.0,180.0,107.274605,d0fbb50f175775955783e6da590cffecde67e1b8,834f07535e945f1cb1ba9788e8cd25c4ef2aa512
20260810_191147_scene_1_auto22_true_gain2_no_backtrack_balanced_00337,,,,10,21.420031,3.123518,7.101753,3.978235,3.978235,,0.075636,0.991157,173.629271,163.88209,70.568183,2.322323,3,11.648129,11.648129,0,22.825829,,,120.0,135.0,107.274605,2bc4a806444181b29d01d4f0f8edb0e0db490809,49dcf3e63d20b4d083f9c146b3d0d227b0826836
20260810_191147_scene_1_auto22_true_gain2_no_backtrack_balanced_00338,,,,9,22.080622,3.151265,7.101753,3.950488,3.950488,,0.050735,1.096361,186.838112,176.64498,123.283497,1.432836,0,0.0,0.0,0,23.852261,,,210.0,225.0,106.869711,cb7ede692e74d0c3d9e3d5023b18161420c1c8ea,871861c05fbb67e6f0049fb5e9cc5a7f1c2f6df1
20260810_191147_scene_1_auto22_true_gain2_no_backtrack_balanced_00339,,,,8,19.028137,3.644978,7.101753,3.456775,3.456775,,0.066597,0.991157,161.072278,152.225097,72.336063,2.104415,1,8.061839,8.061839,0,22.825829,,,120.0,135.0,107.274605,bd9e5e9c0e0037b5dde8530631a78f97d2d5ad0a,22942ac0bc09bbc7aa2413fff58ac2b9b53370bd
20260810_191147_scene_1_auto22_true_gain2_no_backtrack_balanced_00340,,,,9,21.084745,3.128574,7.101753,3.973178,3.973178,,0.11311,1.096361,174.82322,168.121636,95.895402,1.753177,0,0.0,0.0,0,23.309647,,,90.0,90.0,107.274605,ad0e58b40cfd3c62549a7f494f7d5032a7b99fbc,eb2eb5a8218eb85db7f2847fab4463d98550c098
20260810_191147_scene_1_auto22_true_gain2_no_backtrack_balanced_00341,,,,9,21.620219,3.62743,7.101753,3.474322,3.474322,,0.088116,1.048536,175.608594,165.483594,81.67544,2.026112,1,8.772241,8.772241,0,23.309647,,,180.0,135.0,90.0,b3b7d5b841af289f9f2bc02e2bbeacb6bf977db3,db8f2387696d09b5a9081bce7575824e67be0360
20260810_191147_scene_1_auto22_true_gain2_no_backtrack_balanced_00342,,,,5,10.607231,3.148057,7.101753,3.953696,3.953696,,0.731388,1.096361,88.911682,84.857845,51.258302,1.655495,0,0.0,0.0,0,23.309647,,,90.0,45.0,107.274605,241458732f6c4e9653e840a14f9df3672248eac3,d5e3d6a1a2899d300bf806fe474e3c73e1e68fc3
20260810_191147_scene_1_auto22_true_gain2_no_backtrack_balanced_00343,,,,9,21.084745,3.169531,7.101753,3.932221,3.932221,,0.075636,0.991157,173.184938,161.199798,72.004126,2.238758,1,8.061839,8.061839,0,22.825829,,,180.0,225.0,107.274605,97ed3fb3ee7906a60e8bc829ffdda6da557aff9e,1ad14e2505e8beda79d7f389295150b8b02c816d
20260810_191147_scene_1_auto22_true_gain2_no_backtrack_balanced_00344,,,,9,21.095221,3.161107,7.101753,3.940645,3.940645,,0.11311,1.096361,176.361533,168.205442,116.279362,1.446563,0,0.0,0.0,0,23.852261,,,90.0,90.0,106.869711,24b613297ed996e29df475d20145bbfb7a2c9ea4,225be6338f1d56a1948f068873f20152249e93e4
20260810_191147_scene_1_auto22_true_gain2_no_backtrack_balanced_00345,,,,5,10.48799,3.568866,7.101753,3.532886,3.532886,,0.503045,1.081344,78.844455,76.425758,68.477488,1.116071,0,0.0,0.0,0,23.852261,,,0.0,90.0,90.0,7fa3d8d5571d6fb92d2e04416cbdd160fc87d8fe,66e7ea07a6c7cfb842945d4aaf98a39bc5b479ec
20260810_191147_scene_1_auto22_true_gain2_no_backtrack_balanced_00346,,,,10,22.758155,3.097606,7.101753,4.004147,4.004147,,0.098567,0.8548,183.773406,173.47443,89.301491,1.94257,2,5.138632,5.138632,0,23.309647,,,90.0,180.0,107.274605,49ca609ab90f8585031e7defcc4cc02fe89446d6,de7dab7f840c31a8cb99896b0a9236762ebd16bc
20260810_191147_scene_1_auto22_true_gain2_no_backtrack_balanced_00347,,,,7,14.675221,3.652898,7.101753,3.448854,3.448854,,0.19335,1.097325,120.631023,114.037891,46.619293,2.446152,1,10.366295,10.366295,0,6.921839,,,120.0,45.0,106.869711,c6948f5e573326d1d79b2b74765277d909623b95,810cce4a0472b292460c7f640222605f6717a9b1
20260810_191147_scene_1_auto22_true_gain2_no_backtrack_balanced_00348,,,,9,21.949193,3.446842,7.101753,3.65491,3.65491,,0.078306,1.096361,183.862237,175.59354,81.968221,2.142215,1,21.973124,21.973124,0,23.309647,,,90.0,180.0,106.869711,f8e63b8c4ca578f129d2e88f66253519c36a4cf6,1e48a3b4611d453994ca3f4c75342b3e4571d0c9
20260810_191147_scene_1_auto22_true_gain2_no_backtrack_balanced_00349,,,,7,14.978992,4.107689,7.101753,2.994064,2.994064,,0.130521,1.048536,124.879682,119.831935,50.027288,2.395331,2,9.055925,9.055925,0,22.258207,,,60.0,45.0,107.274605,b0a821537e906bd6bbd6143133eb0a02da19d552,cb68723680f6dee4589c72a5fcdc6eb726c46734
20260810_191147_scene_1_auto22_true_gain2_no_backtrack_balanced_00350,,,,8,20.211383,3.754714,7.101753,3.347039,3.347039,,0.056862,1.074006,167.328001,161.691066,112.321017,1.439544,0,0.0,0.0,0,32.624502,,,90.0,90.0,90.0,a7a41de370437b52361bdf2006a3cb5b8910f8eb,e4704c527d42983f9b87959192e4687e79b42011
20260810_191147_scene_1_auto22_true_gain2_no_backtrack_balanced_00351,,,,9,22.130624,3.337024,7.101753,3.764729,3.764729,,0.075636,0.991157,187.883722,177.044992,80.888342,2.188758,1,8.061839,8.061839,0,22.825829,,,210.0,225.0,107.274605,b2f83908e9670e21e804a310390f7e9d31f9a3d5,39ca661532af0adafd9e4b26bbdba526c392f338
20260810_191147_scene_1_auto22_true_gain2_no_backtrack_balanced_00352,,,,8,20.339687,3.227361,7.101753,3.874392,3.874392,,0.074081,1.074006,167.897565,162.717497,112.534096,1.44594,0,0.0,0.0,0,31.881754,,,90.0,45.0,94.943554,b9f81485779c3258e12773171baa4af6d631a000,056df7489e6efa6165a94bbb448f0c67927ccba9
20260810_191147_scene_1_auto22_true_gain2_no_backtrack_balanced_00353,,,,5,10.219193,3.172892,7.101753,3.92886,3.92886,,0.716448,1.096361,85.128543,81.753543,52.641705,1.553019,0,0.0,0.0,0,26.212119,,,90.0,45.0,90.0,3e17263627e87da6c9550fe792bdf075d6d69c9e,717dca1baa1e40b01e0b14961a6751c6270946a6
20260810_191147_scene_1_auto22_true_gain2_no_backtrack_balanced_00354,,,,6,14.181589,3.605772,7.101753,3.49598,3.49598,,0.246947,1.048536,118.946408,113.452711,51.258302,2.213353,1,5.084871,5.084871,0,31.881754,,,150.0,135.0,90.0,b96f7c48cb0b62054d76e7454ab1f6b06d38eccc,23934fae09ef5402e52c1ba762da2a4d5d7dc094
20260810_191147_scene_1_auto22_true_gain2_no_backtrack_balanced_00355,,,,7,14.812727,3.119233,7.101753,3.98252,3.98252,,0.054249,1.060138,109.901793,103.54549,50.788795,2.038747,1,2.13314,2.13314,0,23.309647,,,0.0,135.0,90.0,2bcd56e06f715fe8bb14df09ef90509623051d5a,5e7be40f9cdcc805cea274ce8c3b3d2dc94f2407
20260810_191147_scene_1_auto22_true_gain2_no_backtrack_balanced_00356,,,,9,22.208926,3.151613,7.101753,3.95014,3.95014,,0.050735,1.096361,186.388415,177.671411,81.968221,2.167565,1,22.227691,22.227691,0,23.309647,,,120.0,180.0,106.869711,dcb6a03adfbbdb74ea3dd777c44a6e3df6d0e169,e924751d7b927c19c0e95c700ce487da94431ff8
20260810_191147_scene_1_auto22_true_gain2_no_backtrack_balanced_00357,,,,8,20.268734,3.312168,7.101753,3.789585,3.789585,,0.074081,1.074006,169.168674,162.149875,81.183963,1.997314,1,18.870614,18.870614,0,23.852261,,,90.0,135.0,94.943554,51d9c2dbe31d951e406ac1932fe23fc6812426b7,924048683cdb24a92c4d0e522d211ad7d79f4be0
20260810_191147_scene_1_auto22_true_gain2_no_backtrack_balanced_00358,,,,7,14.815853,2.850543,7.101753,4.25121,4.25121,,0.167645,1.055883,110.943244,103.570498,52.641705,1.967461,1,2.13314,2.13314,0,23.852261,,,90.0,180.0,107.274605,9f6f583b9b4dc82d3655d1ed7e81e0d9dc701c10,b20596def84d34e0751a74b7ca2e6eb6d6ef7e71
20260810_191147_scene_1_auto22_true_gain2_no_backtrack_balanced_00359,,,,9,22.077496,3.267793,7.101753,3.83396,3.83396,,0.050122,1.096361,185.688104,176.619971,122.503768,1.441751,0,0.0,0.0,0,23.852261,,,165.0,180.0,106.869711,c8c016381d105bc24f25b82551bc67c5e6e6800c,4f9c480bf04469cfd1968c5db978c82b29d1c3de
20260810_191147_scene_1_auto22_true_gain2_no_backtrack_balanced_00360,,,,6,13.199313,4.439395,7.101753,2.662358,2.662358,,0.094894,1.048536,111.956878,105.038181,46.173432,2.274862,1,5.084871,5.084871,0,26.212119,,,135.0,180.0,90.0,41cc5b3f28db8667c342e579e16ffba0e9c9452b,ab9e692797089f7e587f60ff56e6e86e078b3cf3
20260810_191147_scene_1_auto22_true_gain2_no_backtrack_balanced_00361,,,,9,22.266277,3.277363,7.101753,3.82439,3.82439,,0.075636,0.991157,188.340925,178.13022,93.97725,1.895461,1,8.061839,8.061839,0,22.825829,,,165.0,180.0,107.274605,f7a9ffe8a8cae98d2aa5ec52b76a8c08d027e1db,6edadf7e2d0db7550ba2098bb5c8f973e780179e
20260810_191147_scene_1_auto22_true_gain2_no_backtrack_balanced_00362,,,,5,11.530743,4.620866,7.101753,2.480887,2.480887,,0.161496,1.048536,96.270379,92.245944,45.651659,2.020648,1,8.029494,8.029494,0,23.852261,,,60.0,45.0,94.943554,d1ecf76ac3d01c1142dc812d64f14cc28720ed33,f2e4d91fc6996c1efddc389069c78321ddd2cc4b
20260810_191147_scene_1_auto22_true_gain2_no_backtrack_balanced_00363,,,,9,20.953315,3.210413,7.101753,3.891339,3.891339,,0.077831,1.096361,173.599034,167.070197,95.645263,1.746769,0,0.0,0.0,0,23.852261,,,90.0,90.0,106.869711,718d4e4719c0c8bac9df85208f86934936c34b19,ee0f29122be51b20dc881baef763bc0edecfd054
20260810_191147_scene_1_auto22_true_gain2_no_backtrack_balanced_00364,,,,9,22.020789,3.288015,7.101753,3.813737,3.813737,,0.107506,1.097325,181.275742,172.802435,69.862821,2.473453,2,25.702663,25.702663,0,6.921839,,,180.0,135.0,106.869711,6f6a02daa754d6a72cdc16e0062f1c23389764e9,91a492f61743fa649d2ddf280ee87342af9fb5c5
20260810_191147_scene_1_auto22_true_gain2_no_backtrack_balanced_00365,,,,10,23.349267,3.412024,7.101753,3.689729,3.689729,,0.088116,1.048536,183.61281,171.83781,81.183963,2.116647,2,9.294014,9.294014,0,23.309647,,,300.0,225.0,90.0,eb508476ef8746ac1c00de4912b888003fc98a18,c4abd628508cbaee0499760d5b435d327f8da909
20260810_191147_scene_1_auto22_true_gain2_no_backtrack_balanced_00366,,,,8,17.457497,3.167553,7.101753,3.9342,3.9342,,0.159427,1.097325,143.283139,136.296098,66.774621,2.041136,2,8.515262,8.515262,0,20.765516,,,120.0,45.0,94.943554,54488a9bf218c07ac7bd0fac7a264f76a93085b2,beafc7eb02566e42eaf26a320b98129ccf393459
20260810_191147_scene_1_auto22_true_gain2_no_backtrack_balanced_00367,,,,10,23.74778,3.551657,7.101753,3.550096,3.550096,,0.088116,1.048536,186.325353,175.025918,94.231817,1.857397,1,8.772241,8.772241,0,23.309647,,,225.0,180.0,94.943554,d8d8704a17552a0d5c4616a71593277046c6cf6d,034a03a497603808ca777e30fa51abe6b59826aa
20260810_191147_scene_1_auto22_true_gain2_no_backtrack_balanced_00368,,,,10,22.986431,3.089357,7.101753,4.012395,4.012395,,0.052256,1.055883,184.261803,173.049409,116.4852,1.485591,2,1.793091,1.793091,0,23.309647,,,210.0,225.0,106.869711,ad9a77d2aff3d4438f001d2698d68ef8510236fc,dbcaaee309d380f6dadb84e6e9c2a6abedf82523
20260810_191147_scene_1_auto22_true_gain2_no_backtrack_balanced_00369,,,,8,18.911091,3.284955,7.101753,3.816798,3.816798,,0.059587,1.055883,152.5787,143.810567,68.826435,2.089467,2,8.061839,8.061839,0,20.765516,,,135.0,180.0,107.274605,2dce686638959f3ffce705e604e65d149b60f568,5ca0403eac418e5cb59fc2c7eed8fa90783c201b
20260810_191147_scene_1_auto22_true_gain2_no_backtrack_balanced_00370,,,,9,22.139687,3.07652,7.101753,4.025232,4.025232,,0.130145,0.8548,184.486841,176.561175,92.172527,1.915551,1,3.774422,3.774422,0,23.309647,,,90.0,90.0,107.274605,836ad8fc7a1b24be77494318d0385dd441766c2f,f82ff4252f35831f04315eac9704a0f910832149
20260810_191147_scene_1_auto22_true_gain2_no_backtrack_balanced_00371,,,,5,11.659047,3.903244,7.101753,3.198509,3.198509,,0.683598,0.94049,97.29681,93.272375,64.138108,1.454243,0,0.0,0.0,0,31.881754,,,60.0,45.0,94.943554,30d024c6c2f3d7131cdbb1488366e3d31e8de526,f25d2545c8df61dd110338a258811e17c6a272f2
20260810_191147_scene_1_auto22_true_gain2_no_backtrack_balanced_00372,,,,10,21.899973,3.311275,7.101753,3.790478,3.790478,,0.053244,1.096361,175.877927,167.721624,91.565319,1.831716,2,23.087831,23.087831,0,6.921839,,,90.0,135.0,106.869711,e8ab34a9cd99c6207290895f9ac154032185f9ff,4fc484ab0e7a708f9eb518aab86ba8bb33a730fa
20260810_191147_scene_1_auto22_true_gain2_no_backtrack_balanced_00373,,,,9,21.024268,3.071338,7.101753,4.030415,4.030415,,0.11311,1.096361,176.416657,167.637819,101.57759,1.650343,0,0.0,0.0,0,23.309647,,,135.0,90.0,107.274605,ff1e247d5bddf48c764f955f0343cc355d881baa,399c083310a5765a1568ca711a897ae6a492e48e
20260810_191147_scene_1_auto22_true_gain2_no_backtrack_balanced_00374,,,,9,20.76766,3.308894,7.101753,3.792859,3.792859,,0.067665,1.096361,167.152766,158.663118,101.813156,1.558375,1,0.254567,0.254567,0,23.309647,,,180.0,135.0,106.869711,3c0168e58fd9e37c8e64f44e2bb9a8048a51a767,055a61fcd96081496997a7850434078d3fbb090a
20260810_191147_scene_1_auto22_true_gain2_no_backtrack_balanced_00375,,,,10,21.886372,3.063681,7.101753,4.038072,4.038072,,0.11311,1.096361,183.590741,174.534649,101.813156,1.714264,1,0.331937,0.331937,0,23.309647,,,90.0,90.0,106.869711,50b04e09b67eb303b54744c097c9785571c6111d,014ac3e3694495d2a1c47a9271a5e959ff960274
20260810_191147_scene_1_auto22_true_gain2_no_backtrack_balanced_00376,,,,8,20.407514,3.140337,7.101753,3.961416,3.961416,,0.099885,1.048536,169.614509,163.260111,94.231817,1.732537,1,5.606644,5.606644,0,31.881754,,,75.0,90.0,94.943554,6157a2e32054aab2a3dc1823e925336ca93491c0,9c93ed6a7cc7188810a164f8f141281a3cfa5cb8
20260810_191147_scene_1_auto22_true_gain2_no_backtrack_balanced_00377,,,,10,22.381074,3.082108,7.101753,4.019645,4.019645,,0.058229,1.096361,182.834596,171.014104,94.991426,1.800311,1,0.262001,0.262001,0,22.258207,,,180.0,225.0,107.274605,b761f387852ecc816dd268de29fc3b7fd12e5994,8cc0f10b95dceda7b07d316976dcbf328509a39a
20260810_191147_scene_1_auto22_true_gain2_no_backtrack_balanced_00378,,,,9,21.220398,3.180241,7.101753,3.921512,3.921512,,0.056942,1.096361,179.106653,169.206864,72.336063,2.339177,1,21.641187,21.641187,0,22.258207,,,180.0,135.0,106.869711,eab61125ddd359cdafe74f5d9b7489bb680d835d,c19fbff6ee91fe8e6bb0290f7ae23d2a6e07a497
20260810_191147_scene_1_auto22_true_gain2_no_backtrack_balanced_00379,,,,9,19.690984,3.464664,7.101753,3.637088,3.637088,,0.054925,0.991157,166.375055,157.527873,64.138108,2.456073,2,10.194979,10.194979,0,22.825829,,,120.0,135.0,107.274605,057f300bc04251ca664fe1ed88312202cfec2a9d,4f5dffe48b611708a3204dcd0e7fb32944f09ded
20260810_191147_scene_1_auto22_true_gain2_no_backtrack_balanced_00380,,,,9,20.380266,3.967927,7.101753,3.133826,3.133826,,0.088116,1.048536,163.315967,152.200088,72.336063,2.104069,1,8.772241,8.772241,0,22.258207,,,240.0,135.0,107.274605,1544907e09036329f8f57913b27998f495ccc635,ce34fc46c1b8bacdec02832089416b4f2adedeb6
20260810_191147_scene_1_auto22_true_gain2_no_backtrack_balanced_00381,,,,8,14.932899,3.342446,7.101753,3.759306,3.759306,,0.071832,1.048536,120.95552,111.985028,47.704521,2.347472,1,9.798672,9.798672,0,22.258207,,,120.0,135.0,107.274605,b1ff8959fe7ebedf22968eadb0c3f47f609aea13,1427341bb820889faaf5d43db369e19498ee11fb
20260810_191147_scene_1_auto22_true_gain2_no_backtrack_balanced_00382,,,,9,21.948261,3.464556,7.101753,3.637197,3.637197,,0.075636,0.991157,187.301756,175.586089,91.303317,1.923107,2,10.905381,10.905381,0,22.825829,,,210.0,270.0,107.274605,6aaff2c753d4ae15e6cbf2744fffd5b5f2dcf14b,387064325b7192837992dba176f1b3eb6a988875
20260810_191147_scene_1_auto22_true_gain2_no_backtrack_balanced_00383,,,,7,16.176622,2.844973,7.101753,4.25678,4.25678,,0.34831,1.074006,128.580307,121.934815,51.907389,2.349084,1,18.999454,18.999454,0,23.852261,,,90.0,180.0,90.0,333e963f97c815391308901642d23a157ceb5656,4caa325212a89f0bae2191db1453d1a838d1d81e
20260810_191147_scene_1_auto22_true_gain2_no_backtrack_balanced_00384,,,,8,18.97143,2.973944,7.101753,4.127809,4.127809,,0.075414,1.097325,156.142908,148.40756,70.906843,2.092993,1,6.412383,6.412383,0,20.765516,,,180.0,45.0,94.943554,7f27a28af0e9804279845a5c49605794c89d24e4,3671260d7865935f97886bf6eef07c345fa5a0bf
20260810_191147_scene_1_auto22_true_gain2_no_backtrack_balanced_00385,,,,9,21.423157,3.123518,7.101753,3.978235,3.978235,,0.093757,1.055883,170.650336,163.907098,70.568183,2.322677,2,10.905381,10.905381,0,13.843677,,,60.0,135.0,107.274605,57f32c39d73a729e029bbe772559d380701765fa,f1acfe76e322b6890425ff3ae0e4632684d3829b
20260810_191147_scene_1_auto22_true_gain2_no_backtrack_balanced_00386,,,,9,20.897376,3.083729,7.101753,4.018023,4.018023,,0.056608,1.096361,174.972143,167.17901,72.336063,2.311143,1,21.895754,21.895754,0,22.258207,,,150.0,45.0,106.869711,eb73e81cebb2e7b4ce72014dad83f2826303a42a,edd258e937861579d6c7b75870163f958e1f3ba5
20260810_191147_scene_1_auto22_true_gain2_no_backtrack_balanced_00387,,,,9,22.198451,3.396245,7.101753,3.705508,3.705508,,0.075636,0.991157,188.684787,177.587606,81.67544,2.174309,1,8.061839,8.061839,0,22.825829,,,210.0,225.0,107.274605,f9ba3e5eca573baad7601856f94affadeebe214e,15491a20a63b3cae45a4e0c546848f338661dd57
20260810_191147_scene_1_auto22_true_gain2_no_backtrack_balanced_00388,,,,6,12.217037,3.240839,7.101753,3.860914,3.860914,,0.091399,1.055883,88.442368,82.779974,51.258302,1.614957,1,1.53109,1.53109,0,22.825829,,,60.0,135.0,106.869711,be55f532c27743b6ebc9a692a85fb438bc28f66f,d20a647bd8b602b79be792f2123fb0fa843218d3
20260810_191147_scene_1_auto22_true_gain2_no_backtrack_balanced_00389,,,,5,11.59857,4.548801,7.101753,2.552952,2.552952,,0.137541,1.048536,97.419649,92.788558,72.004126,1.288656,0,0.0,0.0,0,31.881754,,,120.0,135.0,90.0,b157c1b0090565d359c4eeb20b7d3d7f19b2d1fa,0618ba0ad4ca6e6d6d5043368128f0a46572355d
20260810_191147_scene_1_auto22_true_gain2_no_backtrack_balanced_00390,,,,8,20.208257,2.984592,7.101753,4.117161,4.117161,,0.055047,1.087134,168.579118,161.666058,68.477488,2.360864,2,26.175028,26.175028,0,22.825829,,,90.0,180.0,94.943554,1e72f136481b00bdcd276c19f6e315006d1da100,e81c069298d87853c081a73034bec9870958aae8
20260810_191147_scene_1_auto22_true_gain2_no_backtrack_balanced_00391,,,,9,22.070147,3.57598,7.101753,3.525773,3.525773,,0.075636,0.991157,188.508921,176.561175,81.968221,2.15402,1,8.061839,8.061839,0,22.825829,,,210.0,225.0,107.274605,0f06a99d68841e48986660ad0125a95b084d964e,d178a8eb8ae32d4bfdc43a3f49ddfaddd7196a68
20260810_191147_scene_1_auto22_true_gain2_no_backtrack_balanced_00392,,,,9,22.07921,3.096674,7.101753,4.005079,4.005079,,0.096609,0.8548,182.997285,176.077357,80.888342,2.176795,1,3.774422,3.774422,0,23.309647,,,90.0,135.0,107.274605,ab9096362e7268a048840faf4b97275225d296ae,a070102d0c0c0a68b19feccd46f9ecf3b63a0b0b
20260810_191147_scene_1_auto22_true_gain2_no_backtrack_balanced_00393,,,,9,22.011383,3.418609,7.101753,3.683144,3.683144,,0.056862,1.074006,176.722022,168.612905,112.534096,1.498327,0,0.0,0.0,0,22.258207,,,90.0,180.0,107.274605,23a42582521d6b3035e69e9a1a7ad6e040e95716,b29e9ceb07865a89208dadefc68463ed972de104
20260810_191147_scene_1_auto22_true_gain2_no_backtrack_balanced_00394,,,,7,14.009386,3.110243,7.101753,3.991509,3.991509,,0.074101,1.055883,111.40707,104.59693,51.258302,2.040585,1,1.53109,1.53109,0,22.258207,,,90.0,180.0,107.274605,45ba011b0f0e7bcb112d62ad10e700dd64f9ba1b,d53db25c306aaf8fa789271fc2b70b30b7f4442e
20260810_191147_scene_1_auto22_true_gain2_no_backtrack_balanced_00395,,,,9,22.2058,3.151613,7.101753,3.95014,3.95014,,0.078306,1.096361,186.421191,177.646403,81.968221,2.167259,1,21.973124,21.973124,0,23.309647,,,90.0,180.0,106.869711,3a4e46512f45ee66f28768460f336edd2e100327,a4c7baef0ddfe95b92f0d0bb2f51c419364fbbde
20260810_191147_scene_1_auto22_true_gain2_no_backtrack_balanced_00396,,,,5,10.219193,4.39849,7.101753,2.703263,2.703263,,0.182224,1.048536,84.828543,81.753543,52.641705,1.553019,0,0.0,0.0,0,26.695803,,,60.0,45.0,90.0,414ea8a1f2381e4f23c9a2a47570f7515a76d42f,9284f708ef3f14449a5f198d6b6839cd15f155ac
20260810_191147_scene_1_auto22_true_gain2_no_backtrack_balanced_00397,,,,6,12.395973,3.689251,7.101753,3.412501,3.412501,,0.130521,1.048536,104.046831,99.167782,46.173432,2.147724,2,9.055925,9.055925,0,22.258207,,,60.0,45.0,107.274605,5c0ca16fbdcb42292def32d419f493df73f5e81f,328b31925293101d7fa77b3f741015750832966d
20260810_191147_scene_1_auto22_true_gain2_no_backtrack_balanced_00398,,,,10,23.619476,2.933532,7.101753,4.168221,4.168221,,0.088116,1.048536,187.495438,173.999486,93.97725,1.851506,2,9.294014,9.294014,0,23.309647,,,315.0,270.0,90.0,f082ad2f987ddf0d7d9ebcf64912b746addef4d9,7ccf1aa98ae8cd4ef5d80ccf6fdaee3b357ac0f7
20260810_191147_scene_1_auto22_true_gain2_no_backtrack_balanced_00399,,,,7,14.929773,3.766129,7.101753,3.335624,3.335624,,0.259587,1.048536,120.116323,111.96002,45.651659,2.452485,2,6.990046,6.990046,0,23.852261,,,180.0,135.0,90.0,88919aac27b623dcb963589c692d1bc46f53589c,572f5191ef0524a455521c596bdbb47d5470939f
20260810_191147_scene_1_auto22_true_gain2_no_backtrack_balanced_00400,,,,9,20.638425,3.288015,7.101753,3.813737,3.813737,,0.075636,0.991157,176.58565,164.551074,69.862821,2.355345,2,10.114701,10.114701,0,22.825829,,,180.0,225.0,107.274605,c20561aaa7a9c9e5ece72705e35cc9538dea31ea,13503801ebd104774ccb833375923eef9fddd579
20260810_191147_scene_1_auto22_true_gain2_no_backtrack_balanced_00401,,,,7,16.570296,2.986756,7.101753,4.114997,4.114997,,0.11311,1.096361,139.186026,132.562366,94.231817,1.406769,0,0.0,0.0,0,23.852261,,,90.0,90.0,106.869711,2ba4c03d2975b740c17ee96613fe8aa0fb2c49e2,ef0e17bd0d9de8b169a032542655bcc478c8988e
20260810_191147_scene_1_auto22_true_gain2_no_backtrack_balanced_00402,,,,10,22.156581,3.311275,7.101753,3.790478,3.790478,,0.053244,1.096361,178.436881,169.774487,91.565319,1.854135,2,23.087831,23.087831,0,6.921839,,,90.0,135.0,106.869711,f26758f25a1de0deb2095e709dc527159bad521a,d17925cf9c2964a7a5320317425987f3372071fe
20260810_191147_scene_1_auto22_true_gain2_no_backtrack_balanced_00403,,,,10,21.886372,2.902256,7.101753,4.199497,4.199497,,0.11311,1.096361,184.434438,174.534649,101.813156,1.714264,1,0.331937,0.331937,0,22.825829,,,90.0,135.0,106.869711,2a1485d3f08268ab4b8bcbcab703ef3ae1c6bda6,432689078722f190c1330b76df7a672d3ab006d8
20260810_191147_scene_1_auto22_true_gain2_no_backtrack_balanced_00404,,,,9,20.449644,3.082108,7.101753,4.019645,4.019645,,0.058229,1.096361,171.965826,163.040826,94.991426,1.716374,0,0.0,0.0,0,23.852261,,,150.0,135.0,106.869711,5171275fa970691f752135661038b882acdfeb30,185c4abb3572aa6223df2fa55ed5b679fbf872ad
20260810_191147_scene_1_auto22_true_gain2_no_backtrack_balanced_00405,,,,9,21.82902,3.014032,7.101753,4.087721,4.087721,,0.059365,1.060138,174.860093,167.154002,72.336063,2.310798,1,19.773964,19.773964,0,6.921839,,,0.0,180.0,106.869711,4c8a5dd9cd0f5e8ffca712308f6606aba2d8ba31,2c62cba814601007594f5a4c04c76dbb2f499da0
20260810_191147_scene_1_auto22_true_gain2_no_backtrack_balanced_00406,,,,10,22.48593,3.433102,7.101753,3.668651,3.668651,,0.075636,0.991157,191.959624,179.887443,72.336063,2.486829,2,10.905381,10.905381,0,22.825829,,,195.0,180.0,107.274605,ee5df19a208d979de37eecb278895c8d29bad79f,963778e1029bc39a0198405502f4025ddf867779
20260810_191147_scene_1_auto22_true_gain2_no_backtrack_balanced_00407,,,,5,11.59122,3.474038,7.101753,3.627715,3.627715,,0.393639,1.087134,97.051378,92.729761,70.906843,1.307769,0,0.0,0.0,0,31.881754,,,90.0,90.0,94.943554,edb7b14cf6afed0e40babce43d5ada19173e15f3,bbf14d77cf97383cfc87d75feb0c829d706dc401
20260810_191147_scene_1_auto22_true_gain2_no_backtrack_balanced_00408,,,,10,23.238815,3.49846,7.101753,3.603293,3.603293,,0.056191,1.097325,184.550452,175.068484,70.568183,2.480842,2,7.815896,7.815896,0,20.765516,,,150.0,45.0,107.274605,554c60a6869fa872afd6b03132e752ce7c21a9fa,38d7f2d838e40ac0572ad7a7e45e57a3cc349bab
20260810_191147_scene_1_auto22_true_gain2_no_backtrack_balanced_00409,,,,9,21.75213,3.644978,7.101753,3.456775,3.456775,,0.066597,0.991157,185.833487,174.017044,72.336063,2.405675,2,10.905381,10.905381,0,22.825829,,,180.0,225.0,107.274605,d36f85c0cc7d78f4af8d5d2a4d364463940b4672,81e76e71cfbdf28b8af21ad65c76503eda9893ef
20260810_191147_scene_1_auto22_true_gain2_no_backtrack_balanced_00410,,,,9,22.077496,3.470459,7.101753,3.631293,3.631293,,0.050735,1.096361,184.036979,176.619971,81.67544,2.162461,1,20.137716,20.137716,0,23.852261,,,150.0,135.0,106.869711,d569f80f1de9c4f674801f13f2f32ec04caa4074,846d7ad8d9ddc9ab39b9d058e2179245b169f421
20260810_191147_scene_1_auto22_true_gain2_no_backtrack_balanced_00411,,,,9,20.953315,3.108227,7.101753,3.993526,3.993526,,0.058996,0.991157,177.623681,167.070197,72.004126,2.320286,1,8.061839,8.061839,0,22.825829,,,150.0,180.0,107.274605,beb513763af640f64d543dc3922bba1e6e23196e,2517086846eccea0bd26e7d771ae04412be57916
20260810_191147_scene_1_auto22_true_gain2_no_backtrack_balanced_00412,,,,9,21.764181,3.704659,7.101753,3.397093,3.397093,,0.077845,1.097325,179.074572,170.749572,68.477488,2.493514,2,17.317764,17.317764,0,20.765516,,,180.0,135.0,94.943554,756100f1506cc9570e8cbe35b09274d741625c22,089d5e705bae9be60aca85389f1b56cd6c906fd8
20260810_191147_scene_1_auto22_true_gain2_no_backtrack_balanced_00413,,,,7,16.113019,3.606216,7.101753,3.495537,3.495537,,0.05166,1.048536,135.563706,128.347828,52.641705,2.43814,1,5.606644,5.606644,0,6.921839,,,120.0,135.0,107.274605,05264cfb86318dbfbd25ecfa0182784e5882e710,220c878fb1952f7c8072e44eba1fb0a1012c8cbc
20260810_191147_scene_1_auto22_true_gain2_no_backtrack_balanced_00414,,,,9,21.247047,3.547773,7.101753,3.553979,3.553979,,0.068541,1.055883,173.545958,162.498212,69.862821,2.325961,2,10.905381,10.905381,0,13.843677,,,120.0,225.0,107.274605,4f47d8f4d87f410039b185434bb6515a6af9eb0c,f4cfe0424d2e8606665f9671a20b978a557de81e
20260810_191147_scene_1_auto22_true_gain2_no_backtrack_balanced_00415,,,,9,21.027394,3.308894,7.101753,3.792859,3.792859,,0.067665,1.096361,169.777258,160.740989,101.813156,1.578784,0,0.0,0.0,0,22.258207,,,120.0,135.0,107.274605,cbee50b392715b5f40f8d3d119a8a6c733a65b9f,64454b98b49c1fa6c2de405b65c9f8b2da725bff
20260810_191147_scene_1_auto22_true_gain2_no_backtrack_balanced_00416,,,,9,21.314873,3.183849,7.101753,3.917904,3.917904,,0.052256,1.055883,173.05322,163.040826,94.991426,1.716374,1,1.53109,1.53109,0,23.852261,,,180.0,225.0,106.869711,c5034cdcaebf0b678ab667a76620b3fc0b76f547,c09d2defeec9b072331c08fca219fab22f31cf96
20260810_191147_scene_1_auto22_true_gain2_no_backtrack_balanced_00417,,,,8,19.284745,3.531991,7.101753,3.569762,3.569762,,0.075636,0.991157,161.448451,154.277959,72.336063,2.132795,1,8.061839,8.061839,0,22.825829,,,120.0,135.0,107.274605,4037ae133add22b736eeda2369d79b6307e9849e,7adf483e10753d5ad4a6efe3259d1ccb5e0ba22b
20260810_191147_scene_1_auto22_true_gain2_no_backtrack_balanced_00418,,,,10,22.638613,2.96102,7.101753,4.140732,4.140732,,0.058774,1.096361,182.899418,173.074418,72.336063,2.392644,2,23.087831,23.087831,0,6.921839,,,150.0,135.0,106.869711,424c09e34052475028aae098705cbe4b50c18f09,5154085b70bb4d3e0cb0d13cbbda548e5500476a
20260810_191147_scene_1_auto22_true_gain2_no_backtrack_balanced_00419,,,,9,21.938717,3.396245,7.101753,3.705508,3.705508,,0.075636,0.991157,185.74836,175.509735,81.67544,2.148868,1,8.061839,8.061839,0,22.825829,,,180.0,225.0,107.274605,14cf1aa761db39926cc073abce3a7afcccd4d8a0,10db8cbe36006a3a032442fdcb02329005795410
20260810_191147_scene_1_auto22_true_gain2_no_backtrack_balanced_00420,,,,9,21.821671,2.965102,7.101753,4.136651,4.136651,,0.06929,1.055883,177.167951,167.095205,72.004126,2.320634,2,10.905381,10.905381,0,13.843677,,,90.0,180.0,107.274605,d5369db8bbf93cd5a142acc3fa605a849a0d77a1,79149a5ec777db901e938577e5742e27e6b5b663
20260810_191147_scene_1_auto22_true_gain2_no_backtrack_balanced_00421,,,,8,20.208257,2.984592,7.101753,4.117161,4.117161,,0.055047,1.087134,168.579118,161.666058,68.477488,2.360864,2,26.175028,26.175028,0,22.825829,,,90.0,180.0,94.943554,6ee5618a2473f7bff66d6f3812a6580767fc4cb6,76d82e23e157a337adc2f06dd66fd18933c007fa
20260810_191147_scene_1_auto22_true_gain2_no_backtrack_balanced_00422,,,,9,22.020789,3.288015,7.101753,3.813737,3.813737,,0.14143,1.097325,178.889476,172.802435,69.862821,2.473453,2,25.702663,25.702663,0,6.921839,,,120.0,45.0,94.943554,a795d46f0d52c342db03b0daeb95c0aa391ae9ac,2deff887e0168998bee99fb2ab97378ca02175ee
20260810_191147_scene_1_auto22_true_gain2_no_backtrack_balanced_00423,,,,9,20.892838,2.902256,7.101753,4.199497,4.199497,,0.11311,1.096361,175.417471,166.586379,101.813156,1.636197,0,0.0,0.0,0,23.852261,,,180.0,135.0,106.869711,535b2f54fb995823ce6d542858e7efc9ae69879b,a038e2ed2c40ffc0d52c3496debcebaba8d0198d
20260810_191147_scene_1_auto22_true_gain2_no_backtrack_balanced_00424,,,,10,21.89091,3.184109,7.101753,3.917644,3.917644,,0.0927,1.096361,183.294288,175.12728,72.336063,2.421023,2,21.895754,21.895754,0,22.258207,,,180.0,45.0,107.274605,c20cbd1e03a00c55b736bcf0abfa89aeceb1da1f,4d8629d889a5f15599a3bf74bd561714fd98dd08
20260810_191147_scene_1_auto22_true_gain2_no_backtrack_balanced_00425,,,,10,23.151828,2.96102,7.101753,4.140732,4.140732,,0.107259,1.096361,188.066761,177.180143,72.336063,2.449403,1,23.087831,23.087831,0,6.921839,,,150.0,135.0,106.869711,c66cc782d1523a2f4ff32376315d004bdb0e9900,f9d884b1e9bd3b0cada8b910ae931430cd724d9a
20260810_191147_scene_1_auto22_true_gain2_no_backtrack_balanced_00426,,,,10,22.437642,3.130643,7.101753,3.97111,3.97111,,0.052256,1.055883,183.835372,172.022978,72.004126,2.389071,3,23.078357,23.078357,0,6.921839,,,180.0,225.0,106.869711,cbae745e87c90c6f07888182ed1c9d43a9a0a10a,9ada2276302e0e4c017f1aa956386d838f37e0d8
20260810_191147_scene_1_auto22_true_gain2_no_backtrack_balanced_00427,,,,9,20.638425,3.288015,7.101753,3.813737,3.813737,,0.075636,0.991157,175.68565,164.551074,69.862821,2.355345,2,11.931812,11.931812,0,22.825829,,,180.0,225.0,107.274605,f19675a895598bdd6ccc31d26bf0209f877e4eae,3388fb12dd44d53114a33dd6935c16aca9d300d3
20260810_191147_scene_1_auto22_true_gain2_no_backtrack_balanced_00428,,,,9,20.953315,3.108227,7.101753,3.993526,3.993526,,0.075636,0.991157,179.179773,167.070197,72.004126,2.320286,2,11.931812,11.931812,0,13.843677,,,210.0,270.0,107.274605,80949189d36ce9580334cadb8c8971323cc2887d,86f1675f1e0d0383ed141971a5199334d185a5c8
20260810_191147_scene_1_auto22_true_gain2_no_backtrack_balanced_00429,,,,10,23.888754,2.965102,7.101753,4.136651,4.136651,,0.071459,1.060138,185.659803,176.153711,72.004126,2.446439,1,19.773964,19.773964,0,6.921839,,,0.0,180.0,106.869711,472c44ef4520a9a5f617710eb2065ab6b1a3708a,12045cb9c77a3d0fd761ea299d1ba9309e17d075
20260810_191147_scene_1_auto22_true_gain2_no_backtrack_balanced_00430,,,,5,11.59857,4.548801,7.101753,2.552952,2.552952,,0.278193,1.048536,97.419649,92.788558,72.004126,1.288656,0,0.0,0.0,0,31.881754,,,120.0,135.0,90.0,6c1b7a5168e67fef734981dc8a732129106132b9,609b58d81d90965dfa79e4a58fe2d166b3c4c649
20260810_191147_scene_1_auto22_true_gain2_no_backtrack_balanced_00431,,,,9,21.761055,2.987096,7.101753,4.114657,4.114657,,0.232493,0.976436,178.997098,170.724564,122.503768,1.393627,0,0.0,0.0,0,22.258207,,,180.0,135.0,107.274605,4569acd6b9a35decd494aa120749dd7d6875943f,044dd0b3bda7288dcabac57c02f07c41dad12f13
20260810_191147_scene_1_auto22_true_gain2_no_backtrack_balanced_00432,,,,7,14.999313,3.582251,7.101753,3.519502,3.519502,,0.088116,1.048536,113.231878,105.038181,46.173432,2.274862,2,9.798672,9.798672,0,22.258207,,,150.0,135.0,106.869711,31f68182172f6d1e8827503e3265e43ab8932251,c6d8d609814fd06f908bdd2ab3bb6bd468dde7ef
20260810_191147_scene_1_auto22_true_gain2_no_backtrack_balanced_00433,,,,9,21.688046,3.587878,7.101753,3.513875,3.513875,,0.082901,1.048536,176.544905,166.026208,93.97725,1.766664,1,8.772241,8.772241,0,23.309647,,,180.0,270.0,90.0,7b31a183250bc5393f229c8385238de6ee2b066c,bddc416c2dd42f25ab2494a721133311efdc99aa
20260810_191147_scene_1_auto22_true_gain2_no_backtrack_balanced_00434,,,,6,13.330743,4.620866,7.101753,2.480887,2.480887,,0.099885,1.048536,112.524761,106.089621,45.651659,2.323894,1,5.606644,5.606644,0,23.309647,,,120.0,135.0,107.274605,08ee323be82d29d54e735e7ab71a08f9f42080d7,dd5853dbc183aa93437747569b71e2c3cd974294
20260810_191147_scene_1_auto22_true_gain2_no_backtrack_balanced_00435,,,,7,15.730163,3.394363,7.101753,3.70739,3.70739,,0.278619,1.097325,128.733167,122.477429,82.064434,1.492454,0,0.0,0.0,0,23.309647,,,120.0,45.0,94.943554,92fa558d5eeaab67c9ca7878a508e87a2282e691,fa290f39db94eb9cabade452a6a4550dacd7be02
20260810_191147_scene_1_auto22_true_gain2_no_backtrack_balanced_00436,,,,5,11.331486,3.698732,7.101753,3.40302,3.40302,,0.460113,1.074006,94.147382,90.65189,70.906843,1.278465,0,0.0,0.0,0,31.881754,,,90.0,90.0,90.0,ffa1e2bbe50b6b1144ceaed9371e0c2f9e1a7d01,022ffba04dbe9d74d15384100a5375ff6b71d732
20260810_191147_scene_1_auto22_true_gain2_no_backtrack_balanced_00437,,,,9,22.267991,3.713077,7.101753,3.388676,3.388676,,0.062843,0.8548,185.963272,177.587606,91.912257,1.932143,1,4.132222,4.132222,0,23.309647,,,90.0,180.0,107.274605,e132ab97ab1e7bbae1b0e3b41b4ad547c97cbcf5,ddde47c2daa84fd0eb77d89dcba70edf630659ad
20260810_191147_scene_1_auto22_true_gain2_no_backtrack_balanced_00438,,,,6,13.076191,3.634676,7.101753,3.467077,3.467077,,0.19335,1.097325,106.819524,101.245653,45.051337,2.24734,1,10.366295,10.366295,0,6.921839,,,120.0,45.0,106.869711,0a49a6ac68bd1bdf340c5e41c8557b105763c5e2,10c9f855a16fb56fa471753d893dfc3c5ddb940b
20260810_191147_scene_1_auto22_true_gain2_no_backtrack_balanced_00439,,,,9,19.644891,3.102059,7.101753,3.999694,3.999694,,0.078182,1.096361,163.405058,156.602805,69.862821,2.241576,1,2.473242,2.473242,0,6.921839,,,90.0,45.0,106.869711,713f6c87552de96deebb3eb8717b7477d22a999c,2fb871ac0ad33d7e1015b4d158ee3efc51b868c0
20260810_191147_scene_1_auto22_true_gain2_no_backtrack_balanced_00440,,,,9,22.207514,3.128625,7.101753,3.973128,3.973128,,0.062843,1.044836,184.867413,177.103789,81.183963,2.181512,1,4.132222,4.132222,0,23.309647,,,90.0,180.0,107.274605,389ee97b6ab591400b17f37b3b9e016ec4c18fc6,a8a69e88697402b2b1981fb239e4be009ac8a665
20260810_191147_scene_1_auto22_true_gain2_no_backtrack_balanced_00441,,,,6,14.572753,3.196173,7.101753,3.90558,3.90558,,0.683598,0.931735,121.128639,116.582021,66.774621,1.745903,1,4.132222,4.132222,0,31.881754,,,90.0,45.0,94.943554,6336f0fff5afd0049341cd8bd32b6890f0c2255c,e7f9d355ea333cd7c40f31462b2cc52af97943bd
20260810_191147_scene_1_auto22_true_gain2_no_backtrack_balanced_00442,,,,10,21.841992,2.962409,7.101753,4.139344,4.139344,,0.058774,1.096361,178.471711,166.145128,94.231817,1.763153,1,0.262001,0.262001,0,22.258207,,,180.0,225.0,107.274605,2cfdcf24b9db0bd9efd42b6688b0bbb80d38c22a,e5d6aaa56dd7248bf74a92ec1e068b2adf4d13cd
20260810_191147_scene_1_auto22_true_gain2_no_backtrack_balanced_00443,,,,8,16.846819,3.682554,7.101753,3.419199,3.419199,,0.056529,1.048536,136.821388,127.296388,51.258302,2.48343,2,10.155644,10.155644,0,22.825829,,,210.0,135.0,90.0,4aea18677a3cbd2de9bf530230c84f733718ca54,7cda842968e486fe4e5652d4214b0932de7e4872
20260810_191147_scene_1_auto22_true_gain2_no_backtrack_balanced_00444,,,,7,14.743186,3.108845,7.101753,3.992907,3.992907,,0.073164,1.055883,118.004723,110.467329,51.258302,2.155111,1,1.53109,1.53109,0,23.309647,,,90.0,180.0,106.869711,afb32e554eed200e43f4820a98e1f02543ea856b,c9f732b8f3527ba901b2680f33a5e367ee0f4e61
20260810_191147_scene_1_auto22_true_gain2_no_backtrack_balanced_00445,,,,8,18.958898,3.132018,7.101753,3.969735,3.969735,,0.051664,1.074006,151.409006,144.193022,71.913252,2.005097,1,20.259275,20.259275,0,22.258207,,,90.0,135.0,107.274605,643f0fab3a4919743f4165faad992af42a1b9fce,d25e1c35945e5847eba169695f654cfad3a006f7
20260810_191147_scene_1_auto22_true_gain2_no_backtrack_balanced_00446,,,,9,20.580935,3.130347,7.101753,3.971406,3.971406,,0.058045,0.976436,169.61244,161.283603,116.4852,1.384585,0,0.0,0.0,0,22.258207,,,270.0,90.0,107.274605,2dc3706344aa4cc55c60ddeddd9f7c4eaaf4a9a9,6e2b1744f51a74d2a676b604b157748a24564452
20260810_191147_scene_1_auto22_true_gain2_no_backtrack_balanced_00447,,,,5,11.391963,3.554398,7.101753,3.547355,3.547355,,0.604447,1.074006,93.903945,91.135707,90.102674,1.011465,0,0.0,0.0,0,45.051337,,,90.0,90.0,17.274605,9d113a45f8acbee0725c1e96451d134c35bacdb7,242fc02ff9e312d6ee62ca60dd8bd474c4865816
20260810_191147_scene_1_auto22_true_gain2_no_backtrack_balanced_00448,,,,9,21.632751,2.992438,7.101753,4.109315,4.109315,,0.247614,0.976436,178.533273,169.698133,68.826435,2.465595,2,25.405382,25.405382,0,22.258207,,,180.0,135.0,107.274605,ab9e17ac9e2a4364a53546be98129c32bdccb853,8e379c03edd2afa4db5b56989f2f0102e27da67a
20260810_191147_scene_1_auto22_true_gain2_no_backtrack_balanced_00449,,,,6,12.944761,4.12044,7.101753,2.981313,2.981313,,0.277258,0.976436,105.246008,100.194213,63.763509,1.571341,0,0.0,0.0,0,22.258207,,,150.0,45.0,107.274605,cde8b94532584be4af749dbf1d282d63d94bc104,f40b84838c28926da2aa9c9402eff0da3d03c0fe
20260810_191147_scene_1_auto22_true_gain2_no_backtrack_balanced_00450,,,,9,22.136561,3.161114,7.101753,3.940639,3.940639,,0.062843,0.989764,185.087397,176.536166,92.172527,1.91528,1,4.132222,4.132222,0,23.309647,,,90.0,135.0,107.274605,69ad240a1f0691a49fd5a5c941b5aac8aa4b5b38,f62a4a619e54e8fcddf0410d9cc6d26517b6f71d
20260810_191147_scene_1_auto22_true_gain2_no_backtrack_balanced_00451,,,,6,14.504926,3.169985,7.101753,3.931768,3.931768,,0.111684,1.074006,119.932646,116.039407,51.907389,2.235508,1,18.999454,18.999454,0,23.852261,,,90.0,45.0,94.943554,b87ff78f877f66388b7ffe80683f684001db6d1a,8f50d426076cea379ca81a70b6075bfb92d3fce0
20260810_191147_scene_1_auto22_true_gain2_no_backtrack_balanced_00452,,,,6,12.944761,3.519716,7.101753,3.582036,3.582036,,0.161331,1.097325,105.549952,100.194213,44.516414,2.250725,1,5.987462,5.987462,0,23.309647,,,120.0,45.0,94.943554,484d75bf3a697fd2deb7b8f60580043725f1a6f5,16083cf3689dd379ce4ca37b2ece4f8b8410212e
20260810_191147_scene_1_auto22_true_gain2_no_backtrack_balanced_00453,,,,9,20.710952,3.477101,7.101753,3.624652,3.624652,,0.075414,1.097325,162.523502,154.845582,64.138108,2.414252,1,6.412383,6.412383,0,20.765516,,,150.0,45.0,107.274605,c6c90707ce486b9262f5d201bcf9cd78258173a2,69a9ffa9d79d7ea1cb62375dc8c0f1b366009176
20260810_191147_scene_1_auto22_true_gain2_no_backtrack_balanced_00454,,,,10,22.510952,3.200339,7.101753,3.901414,3.901414,,0.115358,0.976436,178.938588,168.689259,91.565319,1.842283,2,2.666498,2.666498,0,22.258207,,,180.0,135.0,107.274605,21869e137ceee9c93e12f0b67b32734678f2bf6f,0747c3dee8599854bc387affeabacefb03e6b925
20260810_191147_scene_1_auto22_true_gain2_no_backtrack_balanced_00455,,,,9,20.764534,3.071338,7.101753,4.030415,4.030415,,0.056942,1.096361,172.928645,165.559948,101.57759,1.629887,0,0.0,0.0,0,23.852261,,,135.0,90.0,106.869711,44a30ad4d0513ceb4ea42372949a0e758d845eaa,637779c1b120237c1aa35470cc479cedc5a683db
20260810_191147_scene_1_auto22_true_gain2_no_backtrack_balanced_00456,,,,10,20.513108,2.901857,7.101753,4.199896,4.199896,,0.058045,0.976436,171.252924,160.740989,101.813156,1.578784,0,0.0,0.0,0,22.258207,,,240.0,135.0,107.274605,459460aa9642cc907b41c56638f7a984bd8883d6,fdf809cad9b83373881975304bd669076f181a3e
20260810_191147_scene_1_auto22_true_gain2_no_backtrack_balanced_00457,,,,9,20.582648,3.138165,7.101753,3.963588,3.963588,,0.055036,1.06855,170.180178,160.740989,101.813156,1.578784,0,0.0,0.0,0,22.258207,,,240.0,135.0,107.274605,323372d2c083e01a56e8130d7678665a2b67fc72,ab138d5f7190287d7128846fc1e77c0332289f55
20260810_191147_scene_1_auto22_true_gain2_no_backtrack_balanced_00458,,,,9,22.267991,3.173759,7.101753,3.927994,3.927994,,0.062843,0.8548,186.237708,177.587606,91.912257,1.932143,1,4.132222,4.132222,0,23.309647,,,90.0,135.0,107.274605,7ec6bcaf0df0b8aa802d9707b04ac5f040109cd9,992fb3752ce3c2e7c0847d8b984458145a1164b6
20260810_191147_scene_1_auto22_true_gain2_no_backtrack_balanced_00459,,,,9,22.008257,3.502543,7.101753,3.599209,3.599209,,0.051855,0.8548,183.385966,175.509735,92.948966,1.888238,1,2.712287,2.712287,0,23.309647,,,90.0,90.0,107.274605,5e1e3705bbcff5b64a70db9c0f08cd738e7d07fd,967f4e5647a4d0b01689bbb802bdcb90623b5bf6
20260810_191147_scene_1_auto22_true_gain2_no_backtrack_balanced_00460,,,,9,21.559742,2.915615,7.101753,4.186138,4.186138,,0.088116,1.048536,174.449777,164.999777,94.231817,1.750999,1,8.772241,8.772241,0,23.309647,,,225.0,180.0,90.0,d125d800e54a8dbb67faa6065a2ac40022a91db0,c959c5df45dc8c4092819230340400a8d92ce847
20260810_191147_scene_1_auto22_true_gain2_no_backtrack_balanced_00461,,,,8,18.898421,3.538638,7.101753,3.563115,3.563115,,0.064965,1.055883,150.879697,143.709205,64.138108,2.240621,1,4.937184,4.937184,0,23.852261,,,120.0,135.0,90.0,ee9de661df8ac68ff13ea421eeddc47fdb16a3f7,582a816ac37544def9f1bd22112d0629456e913f
20260810_191147_scene_1_auto22_true_gain2_no_backtrack_balanced_00462,,,,10,22.496707,3.352262,7.101753,3.749491,3.749491,,0.088116,1.048536,177.815645,165.017334,72.004126,2.291776,2,9.294014,9.294014,0,20.765516,,,300.0,225.0,107.274605,e71f41f885589ede194462192af6d521d007d24a,df7987e338b45b680f0ae708052a84bcc375156a
20260810_191147_scene_1_auto22_true_gain2_no_backtrack_balanced_00463,,,,9,20.965985,3.082108,7.101753,4.019645,4.019645,,0.058229,1.096361,176.993529,167.171559,94.991426,1.759859,0,0.0,0.0,0,23.309647,,,150.0,135.0,107.274605,bb46bd5cdb5bdad10b0956fb2fd46c5b08f69d85,080300d37b09e8657c8c23274d41b57b0e926a3d
20260810_191147_scene_1_auto22_true_gain2_no_backtrack_balanced_00464,,,,10,22.051661,3.025004,7.101753,4.076748,4.076748,,0.056608,1.096361,182.143106,173.049409,72.336063,2.392298,1,21.895754,21.895754,0,22.258207,,,150.0,135.0,106.869711,4933fb54869b14703cb28e6b54816cb15170d350,eeaa544521f78661e81ac17c39236009591beae9
20260810_191147_scene_1_auto22_true_gain2_no_backtrack_balanced_00465,,,,8,19.155029,3.137172,7.101753,3.964581,3.964581,,0.080747,1.074006,152.415445,145.762067,100.29372,1.453352,0,0.0,0.0,0,22.258207,,,90.0,135.0,107.274605,bc1cd09849c51ba960ce230ad6116241bb77b317,e549344af767666ee62f7ffab0e02948bdfb33f9
20260810_191147_scene_1_auto22_true_gain2_no_backtrack_balanced_00466,,,,10,21.690241,3.747282,7.101753,3.354471,3.354471,,0.055423,0.991157,185.862786,172.965604,73.322858,2.358959,1,8.061839,8.061839,0,22.825829,,,210.0,225.0,107.274605,0fd5087900cd8c7f1315bd2a1539434b8d8496ee,a77cdc163a3e4a22c5883ac14f9f237e3c866067
20260810_191147_scene_1_auto22_true_gain2_no_backtrack_balanced_00467,,,,8,20.27186,3.14672,7.101753,3.955033,3.955033,,0.111684,1.074006,167.868122,162.174884,81.183963,1.997622,1,19.823788,19.823788,0,22.825829,,,90.0,45.0,94.943554,c370d3335030f23d0dcf78bd131647b7b26e126f,d58de32e57a1e80cb03e5f9c8a01dd6924cb57af
20260810_191147_scene_1_auto22_true_gain2_no_backtrack_balanced_00468,,,,8,19.026725,3.130229,7.101753,3.971524,3.971524,,0.080747,1.074006,151.220317,144.735636,101.007751,1.432916,0,0.0,0.0,0,22.258207,,,90.0,135.0,107.274605,ba1912d8c7737105a5e8f1f2c20a7048eb4dbed7,ace6c6bff21e6c6384768162b43accb0099d23a1
20260810_191147_scene_1_auto22_true_gain2_no_backtrack_balanced_00469,,,,5,11.659047,3.474814,7.101753,3.626939,3.626939,,0.392863,1.087134,96.981951,93.272375,64.138108,1.454243,0,0.0,0.0,0,31.881754,,,90.0,90.0,94.943554,3da17600c21910c5725a06f90925877634f31fbc,31c4fe965025d171ac8a980596513a9eaadd6d00
20260810_191147_scene_1_auto22_true_gain2_no_backtrack_balanced_00470,,,,8,17.789897,3.443468,7.101753,3.658285,3.658285,,0.075414,1.097325,138.813615,131.477138,67.13242,1.958475,2,6.947306,6.947306,0,20.765516,,,150.0,45.0,107.274605,987149fdb7da0ea9fbf83ef241d2306ebe590223,22bfef6dfd10d0c1bf644d42392526ff3736fba1
20260810_191147_scene_1_auto22_true_gain2_no_backtrack_balanced_00471,,,,10,21.821671,3.458037,7.101753,3.643716,3.643716,,0.065439,0.991157,185.507923,174.017044,72.336063,2.405675,1,8.061839,8.061839,0,22.258207,,,210.0,180.0,107.274605,03e27903b92dfff9a23dc5bb3401004a40033905,985a8a2165a09e993fdaa99cd346ae28976d0373
20260810_191147_scene_1_auto22_true_gain2_no_backtrack_balanced_00472,,,,8,18.172753,3.1239,7.101753,3.977852,3.977852,,0.069382,1.074006,136.519501,130.425699,68.194555,1.912553,2,3.050947,3.050947,0,13.843677,,,90.0,135.0,106.869711,8246a4a88885e069e17c32d6f139c980f8449a11,9703aa2acd70c05154971b1a1da5914aa02f4973
20260810_191147_scene_1_auto22_true_gain2_no_backtrack_balanced_00473,,,,7,15.262173,3.01841,7.101753,4.083343,4.083343,,0.087441,1.055883,121.990153,114.062899,47.704521,2.391029,1,5.606644,5.606644,0,23.852261,,,90.0,180.0,94.943554,62e4e44c14f806b54ea3e1c3ea4b542efd0ef7c7,b6d5ccf53d152f01ef9e14c017ee104ed784b20b
20260810_191147_scene_1_auto22_true_gain2_no_backtrack_balanced_00474,,,,8,19.958068,3.334133,7.101753,3.76762,3.76762,,0.151398,1.048536,169.620632,159.664541,91.303317,1.748727,1,3.509627,3.509627,0,26.695803,,,225.0,180.0,106.869711,f1bdbe42fc48ffd9ed91c7c7563397c332a3ca82,ccba4e8e3c149fc228fdcaffc7867facdbc78ff9
20260810_191147_scene_1_auto22_true_gain2_no_backtrack_balanced_00475,,,,7,15.110422,3.586919,7.101753,3.514833,3.514833,,0.106995,1.048536,125.376613,120.883375,50.503876,2.393547,1,8.772241,8.772241,0,23.309647,,,60.0,45.0,90.0,8fe2e6b828a1957ae7baf23e148eb4da7737df68,25f543c7e84923d43a5a8a5320457261f472ed5a
20260810_191147_scene_1_auto22_true_gain2_no_backtrack_balanced_00476,,,,7,16.173496,2.844973,7.101753,4.25678,4.25678,,0.187006,1.074006,128.431988,121.909806,51.907389,2.348602,1,20.064308,20.064308,0,22.825829,,,90.0,180.0,94.943554,553e0011880fa76f5f0e45e36073662cd9ec89e6,c93fdb06199c3461b6bd4901a6a97d5e49657ca9
20260810_191147_scene_1_auto22_true_gain2_no_backtrack_balanced_00477,,,,5,11.402439,4.643956,7.101753,2.457797,2.457797,,0.138406,1.048536,95.194512,91.219512,46.173432,1.975584,1,8.029494,8.029494,0,23.852261,,,60.0,45.0,90.0,d88d8745977187f797afff3e1442c4b41a04a27b,d7962cdbd10f510a4e4152961e0fda7df667e285
20260810_191147_scene_1_auto22_true_gain2_no_backtrack_balanced_00478,,,,9,21.892485,3.115938,7.101753,3.985815,3.985815,,0.218195,0.976436,181.511144,171.776004,68.826435,2.495785,2,25.405382,25.405382,0,22.258207,,,270.0,135.0,107.274605,91952f4b6c32b3287a673b41b03997f8901424ef,775d6c7e00ffdeb47a54681e7c67ce0b157f2e86
20260810_191147_scene_1_auto22_true_gain2_no_backtrack_balanced_00479,,,,9,20.764534,3.128326,7.101753,3.973427,3.973427,,0.050735,1.096361,173.153645,165.559948,102.516605,1.614957,0,0.0,0.0,0,23.852261,,,180.0,135.0,106.869711,57854879231b70fcc078904aca5e550aa9a393d6,34060bed2436d99ab2b99a240c5ac2c90e634030
20260810_191147_scene_1_auto22_true_gain2_no_backtrack_balanced_00480,,,,6,13.008364,3.732063,7.101753,3.36969,3.36969,,0.357333,0.976436,105.673072,100.703039,70.906843,1.420216,0,0.0,0.0,0,22.258207,,,180.0,45.0,107.274605,2c9e1940841634ec385ad67ef7af6ad798523c1a,11b5d8ede23431aed5aed89f08dd67ced9593765
20260810_191147_scene_1_auto22_true_gain2_no_backtrack_balanced_00481,,,,9,22.266277,3.100514,7.101753,4.001239,4.001239,,0.050735,1.096361,187.247682,178.13022,113.11563,1.574762,0,0.0,0.0,0,23.852261,,,180.0,225.0,106.869711,7232f156839991a292a0ee9e62245ccc3c5b5eab,0f018859714218ba6ffbf2bf08a22e299dbfe7be
20260810_191147_scene_1_auto22_true_gain2_no_backtrack_balanced_00482,,,,7,15.238726,3.005265,7.101753,4.096488,4.096488,,0.120867,1.074006,127.596177,121.909806,50.027288,2.436866,2,20.879554,20.879554,0,22.825829,,,90.0,90.0,106.869711,641284e40bae01e3a0b37bdd8ada8f48537f623e,e291cbbec0b03128be7a1b353eb10e51c2907076
20260810_191147_scene_1_auto22_true_gain2_no_backtrack_balanced_00483,,,,5,11.45979,3.577866,7.101753,3.523887,3.523887,,0.467955,1.074006,95.950503,91.678321,70.568183,1.299145,0,0.0,0.0,0,31.881754,,,90.0,90.0,94.943554,011e8add3e532183df07823a440929e16b7ab52d,52cb7ea51ec966b103d9cc5c9472eb2ed0f1d3a1
20260810_191147_scene_1_auto22_true_gain2_no_backtrack_balanced_00484,,,,9,22.202674,3.289426,7.101753,3.812326,3.812326,,0.050735,1.096361,186.996183,177.621394,122.699165,1.447617,0,0.0,0.0,0,23.852261,,,150.0,180.0,106.869711,4be90f9218881191bbc0878a931ce90112d82761,94d3d60b33e5e6f4abccea0938b65a3f440c25a9
20260810_191147_scene_1_auto22_true_gain2_no_backtrack_balanced_00485,,,,10,22.895221,3.317915,7.101753,3.783838,3.783838,,0.050735,1.096361,186.294288,175.12728,116.4852,1.503429,1,0.254567,0.254567,0,22.258207,,,210.0,225.0,107.274605,4b327334f8b6b380b29d1477f34e62a1559fb1cf,7f2fb4b4212174be6f6990879a15042ab65386f2
20260810_191147_scene_1_auto22_true_gain2_no_backtrack_balanced_00486,,,,7,15.926294,3.667965,7.101753,3.433787,3.433787,,0.185678,1.085789,130.721474,124.046474,50.503876,2.456177,1,19.773964,19.773964,0,6.921839,,,150.0,45.0,106.869711,83d9d0c540efe525728ba075a0eb74d99afbb1f3,cde01f8ed196d5f5651dccb6aebfa9f05d5ff4d8
20260810_191147_scene_1_auto22_true_gain2_no_backtrack_balanced_00487,,,,9,22.139687,3.150712,7.101753,3.951041,3.951041,,0.059498,0.8548,185.836841,176.561175,92.172527,1.915551,1,2.712287,2.712287,0,22.258207,,,90.0,180.0,107.274605,17dad1899e1fb9863433bad075f828d5d1dd8ef2,80f46732fb20e022442d4bf1d34c2a8695f40bf5
20260810_191147_scene_1_auto22_true_gain2_no_backtrack_balanced_00488,,,,6,13.39122,3.310616,7.101753,3.791136,3.791136,,0.099791,1.074006,105.165224,99.651599,70.568183,1.412132,1,0.534923,0.534923,0,22.258207,,,90.0,90.0,107.274605,8d1a08dce12cf9b7c0541cfa05fe540372728bba,fcfd7a344fb2c6701dcaaf00999e189d846350fd
20260810_191147_scene_1_auto22_true_gain2_no_backtrack_balanced_00489,,,,9,21.764181,3.085865,7.101753,4.015888,4.015888,,0.058045,1.033664,179.235277,170.749572,123.283497,1.385016,0,0.0,0.0,0,22.258207,,,240.0,135.0,107.274605,de2f0e724e3aae016eebcb4283393988ed31fa58,8b7ad7d20354ab7b4b95786ce8dbcb6354a2f4b7
20260810_191147_scene_1_auto22_true_gain2_no_backtrack_balanced_00490,,,,6,12.88741,4.04534,7.101753,3.056413,3.056413,,0.247614,0.976436,104.689454,99.735405,72.336063,1.378778,0,0.0,0.0,0,22.258207,,,225.0,0.0,107.274605,f893b9507b0e645f052f448a593f0aaba102f23a,19c3ff22f8e9d28bc6082d7c6d1b867dfa5d42d6
20260810_191147_scene_1_auto22_true_gain2_no_backtrack_balanced_00491,,,,10,22.380935,3.137047,7.101753,3.964706,3.964706,,0.073225,0.976436,177.434279,168.205442,117.100544,1.436419,1,0.254567,0.254567,0,22.258207,,,180.0,90.0,107.274605,52e7293d42110b0f96e0936ad58ea75489c0ee34,523a8bfbcaa1a5e11d4feb9dc0ec1ce587e54daa
20260810_191147_scene_1_auto22_true_gain2_no_backtrack_balanced_00492,,,,9,22.080622,3.470459,7.101753,3.631293,3.631293,,0.057598,1.096361,183.139241,176.64498,81.67544,2.162767,1,21.895754,21.895754,0,23.852261,,,120.0,45.0,106.869711,55e26755635feb5abc8527b6e003e74fbf825304,570e57490fd7f1a817cb3d81a5a4f494ad534cda
20260810_191147_scene_1_auto22_true_gain2_no_backtrack_balanced_00493,,,,8,16.484423,2.991005,7.101753,4.110748,4.110748,,0.059365,1.060138,124.462736,116.362736,51.258302,2.270125,1,2.875887,2.875887,0,23.309647,,,0.0,180.0,90.0,339a7741c584b33e3d92214c2555635dd4b0c000,20f911c4772b49e47eca1878a8977b4f8a00c7cb
20260810_191147_scene_1_auto22_true_gain2_no_backtrack_balanced_00494,,,,10,21.572413,3.130643,7.101753,3.97111,3.97111,,0.090041,1.096361,182.147978,172.022978,72.004126,2.389071,2,21.547268,21.547268,0,6.921839,,,180.0,135.0,106.869711,f197606ea420f13f2e31ce469fac11f23e972f92,28e884cda7046b0cc3d4faca46083147aca4de39
20260810_191147_scene_1_auto22_true_gain2_no_backtrack_balanced_00495,,,,8,20.208257,2.984592,7.101753,4.117161,4.117161,,0.055047,1.087134,170.037675,161.666058,68.477488,2.360864,2,23.752178,23.752178,0,22.825829,,,90.0,180.0,94.943554,982023dfe53518fcd7edcfb3e59df777a434e0a2,d6efdfd994d4df68001953f0bd7efcb801b0a6c5
20260810_191147_scene_1_auto22_true_gain2_no_backtrack_balanced_00496,,,,9,21.016918,3.097606,7.101753,4.004147,4.004147,,0.072556,0.900944,176.419442,167.579023,89.301491,1.876553,2,3.647475,3.647475,0,23.309647,,,90.0,180.0,107.274605,fd5200735105303863624fb515ca5b51eca748f1,1025510dd20dca40a41f7edb90af022e95eab09b
20260810_191147_scene_1_auto22_true_gain2_no_backtrack_balanced_00497,,,,6,12.947887,4.111523,7.101753,2.99023,2.99023,,0.090354,1.097325,105.57496,100.219222,46.619293,2.149737,1,9.314855,9.314855,0,13.843677,,,120.0,45.0,94.943554,4019099921b4e34e25c0f0f8b336218e2c922c40,f83b73697c3697904967d45e765f9f2d44eefb2d
20260810_191147_scene_1_auto22_true_gain2_no_backtrack_balanced_00498,,,,10,23.420219,3.615373,7.101753,3.48638,3.48638,,0.088116,1.048536,186.775925,172.405433,81.968221,2.10332,2,9.294014,9.294014,0,22.258207,,,300.0,315.0,107.274605,8cc5cdbf66edce95287ac3546e5c56a5d51a3732,b52962272b8cc4d061aa1b65391646318465bce6
20260810_191147_scene_1_auto22_true_gain2_no_backtrack_balanced_00499,,,,9,21.154285,3.118108,7.101753,3.983645,3.983645,,0.062843,1.046309,176.953958,168.121636,70.906843,2.371021,1,4.132222,4.132222,0,23.309647,,,90.0,180.0,107.274605,2cee9192300dcbade82e3fc6a7745cdfb66c4c4c,346fac952bf0a2227b4d0cee7ab42332b5472675
20260810_191147_scene_1_auto22_true_gain2_no_backtrack_balanced_00500,,,,7,16.176622,3.103371,7.101753,3.998382,3.998382,,0.070091,1.074006,128.250799,121.934815,50.027288,2.437366,1,20.879554,20.879554,0,22.258207,,,90.0,135.0,107.274605,3bc28f95e9853312236e444c0afadc958693b74d,2058910bf6231a396ef05ea6250a176fbc0523b0
20260810_191147_scene_1_auto22_true_gain2_no_backtrack_balanced_00501,,,,6,14.373496,3.212801,7.101753,3.888952,3.888952,,0.187006,1.074006,120.009024,114.987968,50.503876,2.276815,1,20.064308,20.064308,0,26.695803,,,90.0,135.0,90.0,a4930b9200c5a2608753159282bd1c1b42fc5129,9f24c636238aaa5b87508a229b68ba6cf397fc4f
20260810_191147_scene_1_auto22_true_gain2_no_backtrack_balanced_00502,,,,9,22.139687,3.41773,7.101753,3.684022,3.684022,,0.074081,1.074006,176.847222,169.639336,112.321017,1.510308,1,0.338659,0.338659,0,22.825829,,,90.0,135.0,106.869711,bedb879e22570546c6efe56d2f65038edaf7edb1,97df287929baead23aadb423f272e06d6090e594
20260810_191147_scene_1_auto22_true_gain2_no_backtrack_balanced_00503,,,,7,16.244449,3.096674,7.101753,4.005079,4.005079,,0.096609,1.074006,128.789364,122.477429,80.888342,1.514154,0,0.0,0.0,0,22.825829,,,90.0,135.0,106.869711,a64ec5bcbd7e6068db7ba17890a1001e40eccbb2,ccd80fa8ac1fcd59dadd7c22b3680e6cef101253
20260810_191147_scene_1_auto22_true_gain2_no_backtrack_balanced_00504,,,,10,22.119789,3.139935,7.101753,3.961818,3.961818,,0.088116,1.048536,169.269201,158.63811,91.565319,1.732513,1,8.772241,8.772241,0,13.843677,,,270.0,135.0,106.869711,490083a89df427c9d7c6577f0ed4fdee5687da53,05abc1fdaded1d1dd73d3b5c7d026465a72a1b3e
20260810_191147_scene_1_auto22_true_gain2_no_backtrack_balanced_00505,,,,5,11.391963,3.813656,7.101753,3.288096,3.288096,,0.345189,1.074006,93.903945,91.135707,89.032828,1.023619,0,0.0,0.0,0,45.051337,,,90.0,90.0,17.274605,86d1bf38403be832a3fb633490e2145364288698,1ad897a0aef7d36c456de7ff2dc01e460f7ffe6b
20260810_191147_scene_1_auto22_true_gain2_no_backtrack_balanced_00506,,,,7,16.372753,3.110243,7.101753,3.991509,3.991509,,0.07263,1.087134,130.971428,123.50386,51.258302,2.409441,1,15.746234,15.746234,0,22.825829,,,90.0,180.0,106.869711,586f9e88c41e1b98d940fc63c60fc79b5a4c537a,e8195ac96075aa1bdf2dcd6ba68c07c17eded555
20260810_191147_scene_1_auto22_true_gain2_no_backtrack_balanced_00507,,,,7,15.309679,3.517508,7.101753,3.584244,3.584244,,0.099885,1.048536,127.1888,122.477429,50.788795,2.411505,2,6.076151,6.076151,0,22.258207,,,60.0,45.0,107.274605,687d064af79ab8fc7eb6eadf5eb7b5d8388fb077,bb69680e6a6f3078cc6d6a9e454bf0e2722befee
20260810_191147_scene_1_auto22_true_gain2_no_backtrack_balanced_00508,,,,9,22.465534,3.151613,7.101753,3.95014,3.95014,,0.050735,1.096361,188.947369,179.724273,81.968221,2.192609,1,22.227691,22.227691,0,23.309647,,,120.0,180.0,106.869711,cb6393c3ee9de9b82533b1ec233c5bd513f4df10,5c0d5756f3d619da977f7a683938f20a0654329d
20260810_191147_scene_1_auto22_true_gain2_no_backtrack_balanced_00509,,,,9,21.73946,3.158861,7.101753,3.942892,3.942892,,0.071998,0.991157,181.308355,173.915681,81.183963,2.142242,1,8.061839,8.061839,0,22.825829,,,120.0,135.0,107.274605,06201391aaa0e70519f8b7297607f3ceb4d74711,9f312fd996bd2ffc3421444e2c77507a5f546d37
20260810_191147_scene_1_auto22_true_gain2_no_backtrack_balanced_00510,,,,5,10.093084,4.166425,7.101753,2.935328,2.935328,,0.511368,0.991157,85.717415,80.744669,34.757642,2.323077,0,0.0,0.0,0,23.309647,,,75.0,90.0,107.274605,9590d837802f4b29945d00b0dba3654f2004a904,a0662b4a150888f66efeedc75d5a0db8137d95c3
20260810_191147_scene_1_auto22_true_gain2_no_backtrack_balanced_00511,,,,5,10.478927,4.512036,7.101753,2.589716,2.589716,,0.064342,0.991157,87.297293,83.831414,52.641705,1.59249,0,0.0,0.0,0,23.309647,,,60.0,45.0,107.274605,ed00f5f94abc31323081d3a28880cc9619adaf99,225a93b9a5bf2d0919d1a59d42b1d89a00be9af7
20260810_191147_scene_1_auto22_true_gain2_no_backtrack_balanced_00512,,,,9,22.334104,3.267793,7.101753,3.83396,3.83396,,0.050122,1.096361,188.247058,178.672834,122.503768,1.458509,0,0.0,0.0,0,23.852261,,,165.0,180.0,106.869711,d8530d725ffa84a979c7365dce464029e0ecc0b1,2d55851991e5a502b545f4eaa05c496354b96784
20260810_191147_scene_1_auto22_true_gain2_no_backtrack_balanced_00513,,,,5,11.402439,3.689251,7.101753,3.412501,3.412501,,0.581055,1.048536,95.194512,91.219512,46.173432,1.975584,1,8.029494,8.029494,0,23.852261,,,60.0,45.0,90.0,904e5ea90a82523230d3429809ba39b762a4693d,90d7e5cd0cb6e54fede7ef259b0aeddecd086009
20260810_191147_scene_1_auto22_true_gain2_no_backtrack_balanced_00514,,,,10,23.364924,2.933532,7.101753,4.168221,4.168221,,0.050735,1.055883,187.668801,176.077357,93.97725,1.873617,1,4.937184,4.937184,0,22.258207,,,225.0,180.0,107.274605,03e387f5cc86410c260133067ca0a10477c2eb73,59147caba07ae41417898ba6087be00184b9912d
20260810_191147_scene_1_auto22_true_gain2_no_backtrack_balanced_00515,,,,6,13.202439,4.620866,7.101753,2.480887,2.480887,,0.099885,1.048536,104.966351,98.141351,45.651659,2.149787,1,5.606644,5.606644,0,23.852261,,,120.0,135.0,90.0,df576d1059bc1ea4ebcf0ae99a29f445353765c0,f88a8f11c6c0bb3154e5d3ec700b7a4e0451156e
20260810_191147_scene_1_auto22_true_gain2_no_backtrack_balanced_00516,,,,6,14.504926,3.713077,7.101753,3.388676,3.388676,,0.095517,1.074006,120.607646,116.039407,91.912257,1.262502,0,0.0,0.0,0,31.881754,,,90.0,90.0,94.943554,24ab8613c98942bbea1ef8bd0b4b84addb03f920,7961abc33172d7ef7ad758e6960ee5efa3cf688c
20260810_191147_scene_1_auto22_true_gain2_no_backtrack_balanced_00517,,,,6,13.076191,3.634676,7.101753,3.467077,3.467077,,0.324348,1.097325,106.478081,101.245653,45.051337,2.24734,1,6.856052,6.856052,0,26.212119,,,120.0,45.0,94.943554,77e7a60b9f152ed670a9870e98897aa92515f48a,aa2a1615730d9804b99e3d7290909b620cc3a61d
20260810_191147_scene_1_auto22_true_gain2_no_backtrack_balanced_00518,,,,8,17.983972,3.288015,7.101753,3.813737,3.813737,,0.064965,1.055883,137.709147,128.91545,69.862821,1.845265,2,6.468273,6.468273,0,22.825829,,,120.0,135.0,106.869711,d2ef6c5189556f9f7ae19e04f9c59cd9dac5e1ac,fe0384eaace495ba9521051ca17f194991df5239
20260810_191147_scene_1_auto22_true_gain2_no_backtrack_balanced_00519,,,,10,23.612127,3.412024,7.101753,3.689729,3.689729,,0.088116,1.048536,185.633928,173.94069,81.183963,2.14255,2,9.294014,9.294014,0,22.258207,,,240.0,225.0,107.274605,cecf8087340b74a6895cfe432613813e39548c12,98ce24ae00c95722bbed1548b2d68eeb1bc1ddcd
20260810_191147_scene_1_auto22_true_gain2_no_backtrack_balanced_00520,,,,10,23.74778,3.502455,7.101753,3.599298,3.599298,,0.088116,1.048536,189.273099,175.025918,94.231817,1.857397,2,9.294014,9.294014,0,22.258207,,,300.0,315.0,107.274605,bc6082b740f7af4e7c2ac1b2ea67359f21f74e52,b7e09c69e303d4c123d9019e11fce3dad0aaeda2
20260810_191147_scene_1_auto22_true_gain2_no_backtrack_balanced_00521,,,,7,16.113019,3.682554,7.101753,3.419199,3.419199,,0.088116,1.048536,130.100425,121.425989,51.258302,2.368904,1,8.772241,8.772241,0,22.825829,,,210.0,135.0,94.943554,3aaeb61016f7b01f947107e79c87a934c48fc194,a0a1d7021a2a4c08e20455654455d9f5a4b2a577
20260810_191147_scene_1_auto22_true_gain2_no_backtrack_balanced_00522,,,,10,23.023524,3.089357,7.101753,4.012395,4.012395,,0.07175,1.096361,178.182226,169.231873,116.4852,1.452819,1,0.205838,0.205838,0,13.843677,,,180.0,135.0,106.869711,b78131fecd8ec5633a3ae382b95750bab7c15158,a9e5e99be1a4eeda9e12a24c3024a02660e1a0f1
20260810_191147_scene_1_auto22_true_gain2_no_backtrack_balanced_00523,,,,6,13.060533,3.554398,7.101753,3.547355,3.547355,,0.090995,1.074006,101.401598,97.006106,90.102674,1.076617,0,0.0,0.0,0,23.309647,,,90.0,90.0,90.0,aa81c13bfaf1a30e8cf7434b053e0548308229b9,ead69bad3f45a29027f62a184125b1a1b8c6a7af
20260810_191147_scene_1_auto22_true_gain2_no_backtrack_balanced_00524,,,,9,21.635877,2.992438,7.101753,4.109315,4.109315,,0.247614,0.976436,178.389584,169.723141,68.826435,2.465959,2,25.150815,25.150815,0,22.258207,,,180.0,135.0,107.274605,da7d8182e30db30c54f90a4221a127f2a50387ee,b8866713c3f31dfacc19a2ac6861c45e3c240cba
20260810_191147_scene_1_auto22_true_gain2_no_backtrack_balanced_00525,,,,6,12.947887,3.954307,7.101753,3.147445,3.147445,,0.247614,0.976436,106.298271,100.219222,63.763509,1.571733,0,0.0,0.0,0,22.258207,,,180.0,45.0,107.274605,0e33419c97c67e9c7e522bb6df20dfde35d01a1e,54655d171eff415d3af765bc2259801643db24d9
20260810_191147_scene_1_auto22_true_gain2_no_backtrack_balanced_00526,,,,7,16.304926,3.161114,7.101753,3.940639,3.940639,,0.088714,1.074006,128.89142,122.961246,92.172527,1.334034,1,0.268663,0.268663,0,22.258207,,,90.0,135.0,107.274605,72ff6cbbd9f1503fccb01ccb3fd7c61067c401e4,a1dbf98394e611c4b1e390b80f88e682d1f57c6c
20260810_191147_scene_1_auto22_true_gain2_no_backtrack_balanced_00527,,,,5,11.530743,4.089581,7.101753,3.012172,3.012172,,0.683598,0.8548,96.570379,92.245944,44.516414,2.072178,1,5.510875,5.510875,0,23.309647,,,90.0,45.0,94.943554,1ee82cd69ffef2bcf0e115e3cdb5fad00b47aaab,1073bc0893aab0d324e3bc62c2318553ecc99da1
20260810_191147_scene_1_auto22_true_gain2_no_backtrack_balanced_00528,,,,9,20.955029,2.569575,7.101753,4.532177,4.532177,,0.130145,0.977274,168.831975,159.605744,64.138108,2.48847,1,20.005864,20.005864,0,6.921839,,,90.0,180.0,107.274605,5e0ce7aac7f45db0ec01e843c84a318fcb0ff6ce,1906fad5c896e0a7959450664145cb714d9ae15a
20260810_191147_scene_1_auto22_true_gain2_no_backtrack_balanced_00529,,,,8,19.0372,3.572966,7.101753,3.528787,3.528787,,0.064965,1.055883,153.688138,144.819441,91.565319,1.581597,1,4.937184,4.937184,0,23.852261,,,150.0,180.0,90.0,2188445b0ca0ee271c1507883d13ecb3c4c33bf2,1effd3fbb768bea57cb4409b2bffa8a3b921c672
20260810_191147_scene_1_auto22_true_gain2_no_backtrack_balanced_00530,,,,10,22.313108,3.071338,7.101753,4.030415,4.030415,,0.050735,1.096361,177.803706,167.662828,101.57759,1.650589,2,0.490133,0.490133,0,22.258207,,,165.0,180.0,107.274605,93414bc5b944aa90db0498ec54fc72b29597f1fd,0283132d377abdac0cdaf13f3db6c975924dfef3
20260810_191147_scene_1_auto22_true_gain2_no_backtrack_balanced_00531,,,,10,23.084002,2.902256,7.101753,4.199497,4.199497,,0.082751,1.096361,187.156014,176.637529,101.813156,1.734919,0,0.0,0.0,0,22.825829,,,180.0,225.0,106.869711,773ae2bc83c003dcc15b63c07529bef000be04a0,c049bb90ac81a15b1cdf5eee266436f9f9e758c4
20260810_191147_scene_1_auto22_true_gain2_no_backtrack_balanced_00532,,,,6,14.504926,3.173759,7.101753,3.927994,3.927994,,0.683598,0.954149,119.982081,116.039407,91.912257,1.262502,0,0.0,0.0,0,31.881754,,,90.0,45.0,94.943554,7f4d147b549791277d23d7930a86f50a8cf2e466,8531794c4897ed6b1365acdf1b020dd91fc0caff
20260810_191147_scene_1_auto22_true_gain2_no_backtrack_balanced_00533,,,,7,16.176622,3.502543,7.101753,3.599209,3.599209,,0.080747,1.074006,127.575799,121.934815,92.948966,1.311847,0,0.0,0.0,0,22.258207,,,90.0,90.0,107.274605,f70b3b751570816ea88b3750799a551df31070b3,03f485511e2096ef37c9e85ae741f8d9899565f7
20260810_191147_scene_1_auto22_true_gain2_no_backtrack_balanced_00534,,,,9,22.076084,3.140337,7.101753,3.961416,3.961416,,0.088116,1.048536,178.96734,169.13051,94.231817,1.794834,1,8.772241,8.772241,0,23.309647,,,225.0,180.0,94.943554,3c45805011c6e0e7d4da7f72c93b40e5d56ac89e,d98e754c0ae0c9815384cfaa566e9c68cb5fca0d
20260810_191147_scene_1_auto22_true_gain2_no_backtrack_balanced_00535,,,,10,22.884745,3.528285,7.101753,3.573468,3.573468,,0.058078,0.991157,188.063967,175.043475,72.004126,2.43102,2,8.393776,8.393776,0,22.825829,,,210.0,225.0,107.274605,85e62bd7fedf37b706059046721383a6eb2b2324,30762aebb673ca02f8825339d012ec6962f07281
20260810_191147_scene_1_auto22_true_gain2_no_backtrack_balanced_00536,,,,9,20.706251,3.082108,7.101753,4.019645,4.019645,,0.058229,1.096361,174.52478,165.093688,94.991426,1.737985,0,0.0,0.0,0,23.852261,,,150.0,135.0,106.869711,908a10bef77ecc26c6c82a050b9aac0b86e19534,1da73202bdb7ccac2d05909d5ac33cdb17487ebc
20260810_191147_scene_1_auto22_true_gain2_no_backtrack_balanced_00537,,,,10,22.566247,3.500184,7.101753,3.601569,3.601569,,0.060097,1.048536,180.119129,165.017334,73.322858,2.250558,2,9.294014,9.294014,0,22.258207,,,300.0,315.0,107.274605,379ed83bb44d4d90b56f9b3b0736697c2dfda358,847696fdbe353762eea45dc938de3cc0042586fd
20260810_191147_scene_1_auto22_true_gain2_no_backtrack_balanced_00538,,,,6,13.076191,4.367782,7.101753,2.733971,2.733971,,0.13698,0.976436,106.81963,101.245653,64.138108,1.578557,0,0.0,0.0,0,22.258207,,,180.0,45.0,107.274605,fda8e9d0bcda7212e4b329379d66f72bf446b5cd,453d4700e8b455afcbba2d4ade8a9f506078b8c9
20260810_191147_scene_1_auto22_true_gain2_no_backtrack_balanced_00539,,,,8,16.592267,3.24231,7.101753,3.859443,3.859443,,0.050512,1.097325,135.629997,129.374259,67.13242,1.92715,2,9.314855,9.314855,0,13.843677,,,120.0,45.0,106.869711,c4ff3fcbec0b08bc823572d1cee859c116d46b4b,b2f17be790c20e221ff8e1b98bc2fa56acbbe788
20260810_191147_scene_1_auto22_true_gain2_no_backtrack_balanced_00540,,,,6,13.39857,3.967927,7.101753,3.133826,3.133826,,0.129568,1.048536,106.141487,99.710396,72.336063,1.378433,0,0.0,0.0,0,22.825829,,,120.0,135.0,106.869711,58c5eb4ff7e04f39a6a8ff003a1e7d0ecc20946e,749be9034fe71c78cd8ae88b19fa588c4adc5c00
20260810_191147_scene_1_auto22_true_gain2_no_backtrack_balanced_00541,,,,9,22.07186,3.1239,7.101753,3.977852,3.977852,,0.074081,1.074006,176.986476,169.096722,68.194555,2.479622,3,24.316631,24.316631,0,13.843677,,,90.0,135.0,106.869711,2e78282c8780e959438520eb0b0730874db7db98,8a3ef74e4ce8a46a7c07c48927c7d2accb148900
20260810_191147_scene_1_auto22_true_gain2_no_backtrack_balanced_00542,,,,6,13.330743,4.569206,7.101753,2.532547,2.532547,,0.106244,1.048536,113.154269,106.089621,47.704521,2.22389,1,3.553781,3.553781,0,23.852261,,,150.0,180.0,106.869711,4d3117ddebc82c13ae7aa23fbb059fb8ce9b2ff4,528c4341d19898837b7adf85af8dfacd5c28ea6c
20260810_191147_scene_1_auto22_true_gain2_no_backtrack_balanced_00543,,,,10,23.304586,3.086889,7.101753,4.014864,4.014864,,0.052256,1.055883,182.955364,171.480364,91.303317,1.878139,3,6.730275,6.730275,0,23.852261,,,180.0,225.0,90.0,87237ab188268e8511fc6adce4bb8ec6f938355a,29088be5a49fb6c329f41826b4e2dc7e884e6117
20260810_191147_scene_1_auto22_true_gain2_no_backtrack_balanced_00544,,,,7,14.7449,2.844973,7.101753,4.25678,4.25678,,0.164295,1.060138,109.025622,103.002876,51.907389,1.984359,1,2.13314,2.13314,0,22.258207,,,0.0,90.0,107.274605,160cea5759e86fd82ddca183d26c6b7bbae2648d,5c27976179f335bf9e1af07abc9fa84e6145cc30
20260810_191147_scene_1_auto22_true_gain2_no_backtrack_balanced_00545,,,,7,15.130743,3.332238,7.101753,3.769515,3.769515,,0.075925,1.055883,120.309205,113.011459,46.173432,2.447543,2,11.931812,11.931812,0,6.921839,,,60.0,135.0,107.274605,aeb2f79e0b5e530a06c058c1a87779352be35e50,aed979f6515c375353d038078689c67977d6f96f
20260810_191147_scene_1_auto22_true_gain2_no_backtrack_balanced_00546,,,,10,20.510121,3.593196,7.101753,3.508557,3.508557,,0.053497,0.991157,175.221825,163.524643,68.826435,2.375899,3,11.151087,11.151087,0,22.825829,,,180.0,225.0,107.274605,2f9593bde2a4911859aa8217ccc3567d06ab1641,c559ede9aec848957511a45d66dabe4c0ccf5261
20260810_191147_scene_1_auto22_true_gain2_no_backtrack_balanced_00547,,,,5,11.331486,3.474038,7.101753,3.627715,3.627715,,0.684807,1.074006,94.147382,90.65189,70.906843,1.278465,0,0.0,0.0,0,31.881754,,,90.0,90.0,90.0,157979b50cc70653edefbe093e7a2e02cfcd9a2e,fb434eee47e1ec43d87408a67d62358e36be09cf
20260810_191147_scene_1_auto22_true_gain2_no_backtrack_balanced_00548,,,,6,14.504926,3.19698,7.101753,3.904773,3.904773,,0.111684,1.074006,120.031517,116.039407,50.027288,2.319522,1,20.879554,20.879554,0,23.852261,,,90.0,45.0,94.943554,d7c2fa201f0d216ff17a577829d4978b5f7aa7c0,8efa0195e68c1877a4c0326b3d7129669ca9dada
20260810_191147_scene_1_auto22_true_gain2_no_backtrack_balanced_00549,,,,5,11.45979,3.577866,7.101753,3.523887,3.523887,,0.580979,1.074006,95.173813,91.678321,70.568183,1.299145,0,0.0,0.0,0,32.624502,,,90.0,90.0,90.0,94e05c210a60ecea11237632452413c9df30c0f4,bf88a196e05d455b553fb89c7052a541e644c94b
20260810_191147_scene_1_auto22_true_gain2_no_backtrack_balanced_00550,,,,9,22.2058,3.289426,7.101753,3.812326,3.812326,,0.050735,1.096361,187.670627,177.646403,122.699165,1.447821,0,0.0,0.0,0,23.852261,,,210.0,180.0,106.869711,0c02325efdf102ca6110692ba85396aac1920e09,2cd15ef2ce6a2fd5a46808629c4679a01eabab05
20260810_191147_scene_1_auto22_true_gain2_no_backtrack_balanced_00551,,,,7,15.926294,3.667965,7.101753,3.433787,3.433787,,0.197287,0.976436,130.113482,124.046474,50.503876,2.456177,1,10.366295,10.366295,0,22.258207,,,150.0,45.0,107.274605,b4ced1bdc426e3962a4a79d5f8c57012de39efe1,8bd654807ef28b599e008b7586c2774845d9bd21
20260810_191147_scene_1_auto22_true_gain2_no_backtrack_balanced_00552,,,,10,21.551461,3.123518,7.101753,3.978235,3.978235,,0.075636,0.991157,183.552549,171.855368,70.568183,2.43531,2,8.538426,8.538426,0,22.825829,,,180.0,225.0,107.274605,6e64bfe8d0d4defa50c2be05478e1432218f09da,dede9da95e2f84200ab4e400e77cb8337b2098d3
20260810_191147_scene_1_auto22_true_gain2_no_backtrack_balanced_00553,,,,10,22.566247,3.928301,7.101753,3.173452,3.173452,,0.088116,1.048536,172.326799,158.095496,72.336063,2.18557,3,9.763521,9.763521,0,22.258207,,,315.0,270.0,107.274605,000e257c509703f71dc94fc63996edecd54f685f,ac3a618fc12a3f38a3b382e006dae8c25ec15829
20260810_191147_scene_1_auto22_true_gain2_no_backtrack_balanced_00554,,,,9,22.334104,3.470459,7.101753,3.631293,3.631293,,0.050735,1.096361,186.595933,178.672834,81.67544,2.187596,1,20.137716,20.137716,0,23.852261,,,150.0,135.0,106.869711,f8988e406852710ec174770121c2c4d61b7c693f,f15c3c48a19cb1e07af7a657b197081a00334ac6
20260810_191147_scene_1_auto22_true_gain2_no_backtrack_balanced_00555,,,,7,16.113019,3.240839,7.101753,3.860914,3.860914,,0.091399,1.055883,127.700425,121.425989,51.258302,2.368904,1,5.084871,5.084871,0,22.825829,,,60.0,135.0,94.943554,ee2110f1d2f01e0ae4a07a273e5b25b659c2ebcf,f741a90f0ae0ba5c996d2b39045b24a74787f81b
20260810_191147_scene_1_auto22_true_gain2_no_backtrack_balanced_00556,,,,6,13.53,3.108227,7.101753,3.993526,3.993526,,0.484969,1.055883,106.618492,100.761836,72.004126,1.39939,0,0.0,0.0,0,23.852261,,,90.0,180.0,90.0,a8cb3e8bea68129953dd524e5fd0b40f26bec779,c7e0c9709b7661064bc3b55c07423b96586583de
20260810_191147_scene_1_auto22_true_gain2_no_backtrack_balanced_00557,,,,9,19.831958,3.704659,7.101753,3.397093,3.397093,,0.075636,0.991157,168.534152,158.655667,68.477488,2.316903,2,9.447172,9.447172,0,22.825829,,,150.0,135.0,107.274605,8b2170f70972225504017dff65e5a31bdc38b98a,6812a17ec940d402c32325075a57052fbe82db51
20260810_191147_scene_1_auto22_true_gain2_no_backtrack_balanced_00558,,,,5,11.260533,3.577559,7.101753,3.524193,3.524193,,0.581285,1.074006,92.67976,90.084268,89.301491,1.008766,0,0.0,0.0,0,44.516414,,,90.0,90.0,17.274605,9d1c6ff698211fcad0da1ecf494b102ee3060ad9,4b4b689d906ef7b2044d3beb9705d7b5ea221db6
20260810_191147_scene_1_auto22_true_gain2_no_backtrack_balanced_00559,,,,6,12.947887,3.652898,7.101753,3.448854,3.448854,,0.324348,1.097325,105.402214,100.219222,46.619293,2.149737,1,5.288095,5.288095,0,26.212119,,,120.0,45.0,94.943554,673f48c85ba254fefb0a9de9513d4f7dfa8cfba3,1c2d08bac9bb53baea71e847d21650c73728a5e4
20260810_191147_scene_1_auto22_true_gain2_no_backtrack_balanced_00560,,,,9,21.154285,3.118108,7.101753,3.983645,3.983645,,0.078065,0.8548,177.347867,168.121636,70.906843,2.371021,2,4.132222,4.132222,0,23.309647,,,90.0,180.0,107.274605,1042006a7f34a02dfa6611bc8a06b7387eade781,485914354c9c7551936423c0ad86a7299e731dda
20260810_191147_scene_1_auto22_true_gain2_no_backtrack_balanced_00561,,,,6,14.245192,4.107689,7.101753,2.994064,2.994064,,0.143284,1.048536,117.382029,113.961537,50.027288,2.277987,1,8.029494,8.029494,0,23.852261,,,60.0,45.0,90.0,4badb6b852358d341cf43eef0e5302fd21ad0c8b,58de0b0b81f1460dea847f0a7b142393f53140ad
20260810_191147_scene_1_auto22_true_gain2_no_backtrack_balanced_00562,,,,6,14.572753,3.536139,7.101753,3.565614,3.565614,,0.095517,1.074006,120.538218,116.582021,80.888342,1.441271,0,0.0,0.0,0,34.757642,,,90.0,90.0,85.056446,3f49c95c1b1231b9f20aa9fc1774f352f10a474a,57c001583bfb796f5110778aecc2e0df282c2d6a
20260810_191147_scene_1_auto22_true_gain2_no_backtrack_balanced_00563,,,,9,20.8372,2.969079,7.101753,4.132673,4.132673,,0.064965,1.055883,168.994421,158.663118,91.565319,1.732786,1,4.937184,4.937184,0,23.852261,,,150.0,180.0,90.0,c6b6b96140f62ede499ddb2299837e37de159021,282ae7572f1045117f8940e88c3e5611d955855a
20260810_191147_scene_1_auto22_true_gain2_no_backtrack_balanced_00564,,,,7,14.812727,3.110243,7.101753,3.991509,3.991509,,0.068355,1.060138,117.836026,110.467329,51.258302,2.155111,1,2.875887,2.875887,0,23.309647,,,0.0,180.0,106.869711,e872747d24f6ad2fdb859c256df909e8c3bcf523,4ba261ed1907df98b011dd54ac195d392f9eb48e
20260810_191147_scene_1_auto22_true_gain2_no_backtrack_balanced_00565,,,,7,15.309679,3.517508,7.101753,3.584244,3.584244,,0.151544,1.048536,128.694436,122.477429,50.788795,2.411505,2,4.023288,4.023288,0,26.212119,,,120.0,135.0,90.0,e0b14d01d817c5519c632835b0fc132b2f18f63f,d4e545e88c87a71ff5b4832d58a63d84b03636ac
20260810_191147_scene_1_auto22_true_gain2_no_backtrack_balanced_00566,,,,7,16.372753,3.312168,7.101753,3.789585,3.789585,,0.095517,1.074006,129.597663,123.50386,81.183963,1.521284,1,0.338659,0.338659,0,22.825829,,,90.0,135.0,106.869711,228b82479efdfbec65127affa3d442aba966fafc,74c2c7174d729dc209cb28b5738a1ce70afa65c0
20260810_191147_scene_1_auto22_true_gain2_no_backtrack_balanced_00567,,,,6,13.144157,2.742354,7.101753,4.359399,4.359399,,0.602189,1.055883,104.139739,97.675091,52.641705,1.85547,1,1.53109,1.53109,0,23.852261,,,90.0,180.0,106.869711,27613758c7c6d0a52700ea3368bff04160854ea2,0f88d9840baa48441fa686c37206480046e682fc
20260810_191147_scene_1_auto22_true_gain2_no_backtrack_balanced_00568,,,,9,21.504447,2.987096,7.101753,4.114657,4.114657,,0.215864,0.976436,176.438145,168.671701,122.503768,1.376869,0,0.0,0.0,0,22.258207,,,180.0,135.0,107.274605,f1d5223400d32aad61302d8a36bd98a0bd1b8cbd,9d8f79b4dd4fcfc10d0935f8e718b6f6d6b327e7
20260810_191147_scene_1_auto22_true_gain2_no_backtrack_balanced_00569,,,,6,13.330743,3.689251,7.101753,3.412501,3.412501,,0.24628,1.048536,105.25743,99.167782,46.173432,2.147724,2,5.084871,5.084871,0,22.825829,,,120.0,135.0,106.869711,25006937ea7eef0b87e513eb916e575764bc566f,35dde5af39e55be4fe426df7c9d652b5145e74da
20260810_191147_scene_1_auto22_true_gain2_no_backtrack_balanced_00570,,,,6,13.202439,4.328559,7.101753,2.773193,2.773193,,0.14394,1.048536,105.139097,98.141351,45.651659,2.149787,1,9.798672,9.798672,0,22.258207,,,120.0,135.0,107.274605,7086a2ebcb0f1e9a83d27ce780d0dc727a0c5c6d,65b31887a5369509c5e7959c126c2a42618e0b20
20260810_191147_scene_1_auto22_true_gain2_no_backtrack_balanced_00571,,,,9,19.167699,3.102059,7.101753,3.999694,3.999694,,0.078182,1.096361,160.093613,152.785268,69.862821,2.186932,1,2.473242,2.473242,0,6.921839,,,90.0,45.0,107.274605,cb622d554c05726e475b02f15395be1fe97bed9e,26096d61983d5d455b5568444ecf5e9d06f9fe85
20260810_191147_scene_1_auto22_true_gain2_no_backtrack_balanced_00572,,,,10,23.233494,3.551657,7.101753,3.550096,3.550096,,0.088578,1.048536,188.521869,175.025918,94.231817,1.857397,1,3.509627,3.509627,0,22.825829,,,315.0,270.0,106.869711,aadd36e76469ba6b4e4cbf9eb7b026a41f47150d,e3eb1f1eeeb53a63dcb4b28f0785398f239862c9
20260810_191147_scene_1_auto22_true_gain2_no_backtrack_balanced_00573,,,,8,17.784715,3.682554,7.101753,3.419199,3.419199,,0.088116,1.048536,136.419143,127.321396,51.258302,2.483918,2,9.294014,9.294014,0,22.258207,,,150.0,135.0,107.274605,7f41bd448407755699e662ee70ff9a67456c494f,e347f00287285f0bc05173ec3377d4c4371d1425
20260810_191147_scene_1_auto22_true_gain2_no_backtrack_balanced_00574,,,,6,14.512276,4.038109,7.101753,3.063643,3.063643,,0.151544,1.048536,122.191901,116.098204,68.826435,1.686826,1,3.553781,3.553781,0,31.881754,,,120.0,135.0,94.943554,a57961b955c40c12187bbb777f0047b126925804,9bf0b756f7a477f728912bb126326a882873f39c
20260810_191147_scene_1_auto22_true_gain2_no_backtrack_balanced_00575,,,,7,15.926432,3.126914,7.101753,3.974839,3.974839,,0.102003,1.055883,126.068438,119.933298,63.763509,1.880908,1,1.53109,1.53109,0,23.852261,,,90.0,135.0,106.869711,81be51b14f180010044bd9b45298f36c8137d38f,1d145eb4423b8040690710d9b7c1b03f5253929a
20260810_191147_scene_1_auto22_true_gain2_no_backtrack_balanced_00576,,,,7,16.304926,3.07652,7.101753,4.025232,4.025232,,0.080747,1.074006,128.824412,122.961246,92.172527,1.334034,0,0.0,0.0,0,22.258207,,,90.0,90.0,107.274605,ae92a6aecbb579964f001667df826a1abe3a1e55,d3170fd63a48edef76017fc39f1fc55cec70f7ad
20260810_191147_scene_1_auto22_true_gain2_no_backtrack_balanced_00577,,,,6,13.459047,3.310137,7.101753,3.791615,3.791615,,0.10027,1.087134,105.703789,100.194213,44.516414,2.250725,1,5.987462,5.987462,0,6.921839,,,90.0,90.0,106.869711,b39a43b554a6651d34043a6ffa0b50744b0f72d1,f72c71e3f4b941172378b093910b023c1c000815
20260810_191147_scene_1_auto22_true_gain2_no_backtrack_balanced_00578,,,,10,22.569716,3.071338,7.101753,4.030415,4.030415,,0.050735,1.096361,180.36266,169.71569,101.57759,1.670799,2,0.490133,0.490133,0,22.258207,,,165.0,180.0,107.274605,b2e6a5c8166b03cd29cea7173137c6e7c7bac4fe,ba52c9284fc864cb5e3c5088d114da54ba381729
20260810_191147_scene_1_auto22_true_gain2_no_backtrack_balanced_00579,,,,6,14.504926,3.173759,7.101753,3.927994,3.927994,,0.111684,1.074006,120.031517,116.039407,91.912257,1.262502,0,0.0,0.0,0,31.881754,,,90.0,45.0,94.943554,b942e7f8e6e6befdc7bf9d5a5274addf6ba0456f,5d5e9fddec9ce14af548991082320a34c33e4dd7
20260810_191147_scene_1_auto22_true_gain2_no_backtrack_balanced_00580,,,,6,14.504926,3.246315,7.101753,3.855438,3.855438,,0.683598,0.881593,119.636589,116.039407,92.948966,1.248421,0,0.0,0.0,0,31.881754,,,90.0,45.0,94.943554,f0746c33f365314dfc47fd9af6d62b8318c4c964,5979b9e7f343f064bbffe0db1354bcb4586c08fc
20260810_191147_scene_1_auto22_true_gain2_no_backtrack_balanced_00581,,,,9,21.821671,3.018076,7.101753,4.083676,4.083676,,0.070084,1.074006,176.170099,167.095205,72.004126,2.320634,3,23.87483,23.87483,0,6.921839,,,90.0,180.0,107.274605,8833b7b6876be767d80b88a422617a4ce7626561,9b75680dd7805d029fa7783c9dc9bc9108caa0e5
20260810_191147_scene_1_auto22_true_gain2_no_backtrack_balanced_00582,,,,10,22.565015,3.082108,7.101753,4.019645,4.019645,,0.058229,1.096361,184.010444,173.041958,94.991426,1.821659,0,0.0,0.0,0,22.825829,,,180.0,135.0,106.869711,aaef2d6422ba9d834a5d78d6b2b617ef86e0c14f,4151fb51da0aa56acd55d7875e0a75d55f19e185
20260810_191147_scene_1_auto22_true_gain2_no_backtrack_balanced_00583,,,,9,20.835487,3.068099,7.101753,4.033654,4.033654,,0.050735,1.096361,174.696268,166.127571,73.322858,2.2657,1,21.668567,21.668567,0,23.309647,,,120.0,180.0,106.869711,dd1fe6fad70e6322b40d505880a9d092ef6dd5e9,dfa8fc2912b6cd32ee7d0af9408062679d6d2618
20260810_191147_scene_1_auto22_true_gain2_no_backtrack_balanced_00584,,,,10,22.895221,2.96102,7.101753,4.140732,4.140732,,0.058774,1.096361,185.458371,175.12728,72.336063,2.421023,2,23.087831,23.087831,0,6.921839,,,150.0,135.0,106.869711,ea4180bc056f1a9896ed639d960a0a468f539283,6a9c7a4e6bc3a3ffd5bd91f11b5b6f186644618c
20260810_191147_scene_1_auto22_true_gain2_no_backtrack_balanced_00585,,,,6,13.202439,4.569206,7.101753,2.532547,2.532547,,0.136601,1.048536,105.941351,98.141351,47.704521,2.057276,1,3.553781,3.553781,0,23.852261,,,150.0,180.0,90.0,a12308b4f9798d8e4cf512014d1f8aca624d3b27,a6065ea447d9cdbf65efcdf795b7e82a9443994a
20260810_191147_scene_1_auto22_true_gain2_no_backtrack_balanced_00586,,,,7,16.057724,3.941568,7.101753,3.160185,3.160185,,0.055061,1.085789,131.723478,125.097914,51.907389,2.410021,1,19.773964,19.773964,0,6.921839,,,150.0,45.0,106.869711,1ac69a73d4bf5dc7d3cf22a41d9351ce0998c054,ee19618e12e9a8a83f7336f1bbcb7b57c427b298
20260810_191147_scene_1_auto22_true_gain2_no_backtrack_balanced_00587,,,,6,13.333869,3.332238,7.101753,3.769515,3.769515,,0.198555,1.055883,105.417791,99.192791,46.173432,2.148266,1,6.468273,6.468273,0,22.825829,,,60.0,135.0,90.0,0c7d33986c40ca900a98ddf2274dea04768f6573,5deced440d053acb770cf6998f04972104d9c986
20260810_191147_scene_1_auto22_true_gain2_no_backtrack_balanced_00588,,,,6,12.745504,4.392327,7.101753,2.709425,2.709425,,0.192509,0.976436,102.751955,98.60016,70.906843,1.390559,0,0.0,0.0,0,22.258207,,,150.0,45.0,107.274605,c151200621e93540ba0110434db453c0e7d42e2d,d50efb69c0f3df1c47c33d25cc506b6302614606
20260810_191147_scene_1_auto22_true_gain2_no_backtrack_balanced_00589,,,,9,22.465534,3.289426,7.101753,3.812326,3.812326,,0.050735,1.096361,188.745683,179.724273,122.699165,1.464755,0,0.0,0.0,0,23.852261,,,180.0,180.0,106.869711,b853956ccc3ee4fa44fa5a85f43a4576fefa1162,8a35f0192a70c098bcbf6d1c351d043c7a49bfff
20260810_191147_scene_1_auto22_true_gain2_no_backtrack_balanced_00590,,,,6,13.39122,3.310616,7.101753,3.791136,3.791136,,0.099791,1.087134,105.165224,99.651599,70.568183,1.412132,0,0.0,0.0,0,22.258207,,,90.0,90.0,107.274605,489a817104ccce3413a939171cd365d663934c0f,02c953e7c7a18b24d7852e79ed9e2cac1a9019bf
20260810_191147_scene_1_auto22_true_gain2_no_backtrack_balanced_00591,,,,10,22.884745,3.528058,7.101753,3.573695,3.573695,,0.075636,0.991157,180.796636,168.121636,72.336063,2.324175,1,8.061839,8.061839,0,22.825829,,,210.0,225.0,107.274605,15e65bf09ce93b2540874b8613889255ce995ed3,89c3966596b8749a09015f4304c4d7e5aca69fd9
20260810_191147_scene_1_auto22_true_gain2_no_backtrack_balanced_00592,,,,9,22.33723,3.470459,7.101753,3.631293,3.631293,,0.057598,1.096361,185.698195,178.697842,81.67544,2.187902,1,21.895754,21.895754,0,23.852261,,,120.0,45.0,106.869711,5e4ccc7706c04e0a516acff8bb101cd3d0a7afd9,8c3fa69c2088ed431a405c1b67b608b373699cb3
20260810_191147_scene_1_auto22_true_gain2_no_backtrack_balanced_00593,,,,7,14.944157,2.991005,7.101753,4.110748,4.110748,,0.128228,1.055883,112.134324,104.59693,51.258302,2.040585,1,1.53109,1.53109,0,23.309647,,,90.0,180.0,107.274605,82b60fc46fee0d5d9aa20706c3454cb60aa614ca,4fda3a1f52571ffbfcb80cbc93b8bfc892181670
20260810_191147_scene_1_auto22_true_gain2_no_backtrack_balanced_00594,,,,9,21.824797,2.965102,7.101753,4.136651,4.136651,,0.102184,1.055883,178.320778,167.120214,72.004126,2.320981,2,8.061839,8.061839,0,20.765516,,,90.0,270.0,107.274605,27b1fdf89c2f6b906bff8d1f2e2570e70d1abf37,0de1ff69082afcc3b61354b6e547d69dc0f3c773
20260810_191147_scene_1_auto22_true_gain2_no_backtrack_balanced_00595,,,,7,16.312276,3.162986,7.101753,3.938767,3.938767,,0.259587,1.048536,130.564304,123.020043,68.477488,1.796503,1,3.858575,3.858575,0,23.852261,,,180.0,135.0,90.0,8f1875e13fe786f0e952279d027ddd0baf212519,2b9d1ac4499546e247b6efa58982fb3bd84e9906
20260810_191147_scene_1_auto22_true_gain2_no_backtrack_balanced_00596,,,,9,21.086459,3.097606,7.101753,4.004147,4.004147,,0.076153,0.8548,176.419442,167.579023,89.301491,1.876553,2,3.647475,3.647475,0,23.309647,,,90.0,180.0,107.274605,9b4a1521d1bbead61edc04b2289c17994f5934ea,baa56527bf763661600fe38413579008a8e91b22
20260810_191147_scene_1_auto22_true_gain2_no_backtrack_balanced_00597,,,,6,12.947887,4.252367,7.101753,2.849386,2.849386,,0.252395,0.976436,105.743763,100.219222,46.619293,2.149737,1,5.288095,5.288095,0,22.258207,,,180.0,45.0,107.274605,3f26c462db743e430ee1df9e3f7e5c911af86c7a,3927fb4cac97de60343c53794857942ca5713da3
20260810_191147_scene_1_auto22_true_gain2_no_backtrack_balanced_00598,,,,7,16.176622,3.103371,7.101753,3.998382,3.998382,,0.070111,1.074006,128.978053,121.934815,50.027288,2.437366,2,21.74169,21.74169,0,6.921839,,,90.0,135.0,107.274605,48053b2cf4ae90047f2386c5e30fe1a28788dc01,9136771e5b6b8565edfbc8956f34c6b9b1d2436e
20260810_191147_scene_1_auto22_true_gain2_no_backtrack_balanced_00599,,,,7,15.915175,3.790115,7.101753,3.311638,3.311638,,0.202353,1.048536,133.269143,127.321396,51.258302,2.483918,1,8.029494,8.029494,0,23.309647,,,60.0,45.0,107.274605,4141e20858ac666a20c75cd233b29892db59063f,ea203a6d2575c4058e95c8ab8ed68bbf2c933c75
20260810_191147_scene_1_auto22_true_gain2_no_backtrack_balanced_00600,,,,6,14.313019,3.517508,7.101753,3.584244,3.584244,,0.329036,1.048536,118.651897,114.504151,50.788795,2.254516,1,8.029494,8.029494,0,23.852261,,,60.0,45.0,90.0,73f4fe8c4fdf977f99884794cc025a313b01a39d,74eefd12ae8aef2ad9213167ccca243b5d1bc2a0
20260810_191147_scene_1_auto22_true_gain2_no_backtrack_balanced_00601,,,,6,13.144157,3.711069,7.101753,3.390684,3.390684,,0.140734,1.055883,104.20414,97.675091,52.641705,1.85547,1,2.13314,2.13314,0,23.852261,,,90.0,135.0,107.274605,dc34296796aad654af2b8fd3f9bc21e1eaf588c6,f13e261f6c76d26dc3579b67dfbf3a49e6ef0441
20260810_191147_scene_1_auto22_true_gain2_no_backtrack_balanced_00602,,,,5,11.399313,3.689251,7.101753,3.412501,3.412501,,0.509223,1.048536,95.169504,91.194504,46.173432,1.975043,1,9.055925,9.055925,0,22.825829,,,60.0,45.0,90.0,0f7ff54540b2222cb37e6bf0caccef245ca215b9,83b1659e44ad52af84d6f3d4e416bb92842526b2
20260810_191147_scene_1_auto22_true_gain2_no_backtrack_balanced_00603,,,,7,16.976535,4.052876,7.101753,3.048877,3.048877,,0.22923,1.048536,143.574675,135.81228,68.826435,1.973258,1,4.937184,4.937184,0,26.695803,,,180.0,135.0,106.869711,e03fabd2cb43e3d54127fbdd9cccef8e97a2ad44,dceb863c6a1884094e45e8e4771ebdd7970e784a
20260810_191147_scene_1_auto22_true_gain2_no_backtrack_balanced_00604,,,,6,12.944761,4.315371,7.101753,2.786382,2.786382,,0.188388,1.085789,105.492524,100.194213,44.516414,2.250725,1,19.773964,19.773964,0,6.921839,,,180.0,45.0,106.869711,2aaadc3ef138b3b500853584401e2b90bbe90e61,b143f7f7ef5d2a038d4264b833211bc487219dae
20260810_191147_scene_1_auto22_true_gain2_no_backtrack_balanced_00605,,,,7,15.238726,3.173759,7.101753,3.927994,3.927994,,0.1271,1.074006,126.875791,121.909806,91.912257,1.326372,0,0.0,0.0,0,22.258207,,,90.0,45.0,107.274605,5ab9cb91dbb30bfdd16c2132299c215e432f4c1c,5df76d0deef203ffb2e32d14808a08ebe5b4cd33
20260810_191147_scene_1_auto22_true_gain2_no_backtrack_balanced_00606,,,,9,21.880434,3.352262,7.101753,3.749491,3.749491,,0.075636,0.991157,187.008225,175.043475,72.004126,2.43102,2,10.905381,10.905381,0,22.825829,,,180.0,225.0,107.274605,0cf04e744884fd78f47a156ca6c130ac7ee9022f,c4333e3eed4ec6d4a81ddf71f17f397b96744efb
20260810_191147_scene_1_auto22_true_gain2_no_backtrack_balanced_00607,,,,9,18.978918,3.099758,7.101753,4.001995,4.001995,,0.080483,1.096361,158.756322,151.27502,94.991426,1.592512,0,0.0,0.0,0,22.258207,,,90.0,90.0,107.274605,77b4c3fabd7b31c640ab773f3274de207b0bfa33,05e018c8d51f376b025c74251a6389357a902af2
20260810_191147_scene_1_auto22_true_gain2_no_backtrack_balanced_00608,,,,9,21.092094,3.068099,7.101753,4.033654,4.033654,,0.050735,1.096361,177.255222,168.180433,73.322858,2.293697,1,21.668567,21.668567,0,23.309647,,,120.0,180.0,106.869711,2352f755129204ef38aaa12d2a056bb16b4ddaea,73bfef154a53d5dcffb3cdaa92ee3ea6cdbdc5e6
20260810_191147_scene_1_auto22_true_gain2_no_backtrack_balanced_00609,,,,9,21.015205,3.857718,7.101753,3.244035,3.244035,,0.075636,0.991157,179.098431,168.121636,72.336063,2.324175,1,8.061839,8.061839,0,22.825829,,,180.0,180.0,107.274605,740f0433eaf1a8187e8c5c34facc247bd93efa49,6a59edf65c0302cc46639fb33653c6e284be2207
20260810_191147_scene_1_auto22_true_gain2_no_backtrack_balanced_00610,,,,6,12.947887,4.31538,7.101753,2.786373,2.786373,,0.247614,0.976436,106.298271,100.219222,47.704521,2.100833,1,3.553781,3.553781,0,22.258207,,,180.0,45.0,107.274605,0db8ebc9eecf8a4d192eaa3a73044ee4ce92656c,196184b8935b317db08e4d1a76796ccd0c765b2e
20260810_191147_scene_1_auto22_true_gain2_no_backtrack_balanced_00611,,,,6,12.81347,2.844973,7.101753,4.25678,4.25678,,0.492805,1.060138,99.079598,95.029598,51.907389,1.830753,0,0.0,0.0,0,23.852261,,,0.0,90.0,90.0,7021deb25a853166fcff3af5bb62a3e8987c4290,893511e65beb704c53d4dbbcac8985c98b48bdac
20260810_191147_scene_1_auto22_true_gain2_no_backtrack_balanced_00612,,,,9,20.64,3.49846,7.101753,3.603293,3.603293,,0.05212,1.097325,170.253071,161.199798,70.568183,2.284313,1,10.366295,10.366295,0,6.921839,,,180.0,135.0,106.869711,926fe892a727d3611a5c89f69e3ca1e437f01b0a,78af704f3a1ec59456c6e86cd35b8b6f4d22fbe7
20260810_191147_scene_1_auto22_true_gain2_no_backtrack_balanced_00613,,,,9,20.707183,3.083729,7.101753,4.018023,4.018023,,0.056608,1.096361,174.026139,165.101139,72.336063,2.282418,1,21.895754,21.895754,0,22.258207,,,150.0,135.0,106.869711,0c2e98e6caa24e0c78934821fb2a8939b0ef3f43,f803400f1096f89cff167ef3f71e193e1c7d7936
20260810_191147_scene_1_auto22_true_gain2_no_backtrack_balanced_00614,,,,7,14.812727,2.991005,7.101753,4.110748,4.110748,,0.187593,1.060138,117.498631,110.467329,51.258302,2.155111,1,2.875887,2.875887,0,23.309647,,,0.0,180.0,90.0,66ebdbe38d7a622d41297ee5a75b84b05a14eb25,2d7375d24fb0b964ef9ebb2d3f536bfe1a951ce8
20260810_191147_scene_1_auto22_true_gain2_no_backtrack_balanced_00615,,,,7,15.33,3.108227,7.101753,3.993526,3.993526,,0.056942,1.055883,121.415653,114.605513,72.004126,1.591652,0,0.0,0.0,0,23.309647,,,90.0,180.0,107.274605,a9dc4338208307fb429ae07a4c0cc0bb9ba22f32,36160704bcab4e6465159d4ff62be08acad9af55
20260810_191147_scene_1_auto22_true_gain2_no_backtrack_balanced_00616,,,,7,14.61347,3.103371,7.101753,3.998382,3.998382,,0.075227,1.060138,115.398275,108.873275,50.027288,2.176278,1,2.875887,2.875887,0,23.309647,,,0.0,135.0,90.0,11c81be2c2c60051a7c943293444d2bae4f86a03,1d649509bf6a499d2466bc8f3ee5b2acdea50159
20260810_191147_scene_1_auto22_true_gain2_no_backtrack_balanced_00617,,,,6,14.444449,3.790115,7.101753,3.311638,3.311638,,0.378702,1.048536,119.826647,115.55559,51.258302,2.254378,1,8.029494,8.029494,0,23.852261,,,60.0,45.0,90.0,9488272e8f00a562cb85fcfb1fb25b4ac44e90fb,26c375408ba22b1b577f08ee9261fec0a26303f9
20260810_191147_scene_1_auto22_true_gain2_no_backtrack_balanced_00618,,,,8,16.718515,3.517508,7.101753,3.584244,3.584244,,0.272607,1.048536,133.994957,126.269957,50.788795,2.486177,2,9.241748,9.241748,0,23.309647,,,120.0,135.0,90.0,96338c19b85d103188e41dd4f8cfa8018d40fb3e,028130b311e9f7792f94720a66d99a81156bc52f
20260810_191147_scene_1_auto22_true_gain2_no_backtrack_balanced_00619,,,,7,13.877956,2.742354,7.101753,4.359399,4.359399,,0.160198,1.055883,110.182884,103.54549,52.641705,1.966986,1,1.53109,1.53109,0,23.309647,,,90.0,180.0,106.869711,3320c9933c074ba120285146e842f479d70b10e1,f5492cf8d26fb8e734bef39cb12c5fc85d65ffe2
20260810_191147_scene_1_auto22_true_gain2_no_backtrack_balanced_00620,,,,6,12.136239,3.689251,7.101753,3.412501,3.412501,,0.071832,1.048536,101.964911,97.089911,46.173432,2.102722,1,9.055925,9.055925,0,22.825829,,,60.0,45.0,90.0,dca205aae7235d9e6bf199b08eb707c1b7162050,df7ba0cb75bd10e4576da26a7a7ecb743d017e22
20260810_191147_scene_1_auto22_true_gain2_no_backtrack_balanced_00621,,,,6,13.332155,3.528285,7.101753,3.573468,3.573468,,0.11311,1.096361,111.051505,106.657243,72.004126,1.481266,0,0.0,0.0,0,23.852261,,,90.0,45.0,106.869711,c4864c4fe2e01e53e6ba1cbf778b58e1a46a8670,1f57377cd63018bc32063c0e9fc029f84301df5b
20260810_191147_scene_1_auto22_true_gain2_no_backtrack_balanced_00622,,,,6,13.332155,3.500184,7.101753,3.601569,3.601569,,0.292297,1.096361,110.850376,106.657243,73.322858,1.454625,0,0.0,0.0,0,23.852261,,,60.0,45.0,106.869711,122615e7dee987326f4a0dd2b411f8242466b9c0,6dfe41d972573c046d401efaedf3ba1d5853ef02
20260810_191147_scene_1_auto22_true_gain2_no_backtrack_balanced_00623,,,,7,14.195973,3.317653,7.101753,3.7841,3.7841,,0.303713,1.048536,113.991416,106.089621,47.704521,2.22389,1,9.798672,9.798672,0,22.258207,,,120.0,135.0,107.274605,b76bd3ce9a8b673d3f027d62a0d9a256abff3d0f,f9e93735a8f4a0698a4f99ab905bba6cf32af527
20260810_191147_scene_1_auto22_true_gain2_no_backtrack_balanced_00624,,,,8,16.647562,3.16551,7.101753,3.936243,3.936243,,0.277342,1.048536,132.527334,125.702334,51.907389,2.421666,1,8.772241,8.772241,0,23.309647,,,120.0,135.0,90.0,8c87b6eeb6efdbee5d4112d64d42886764544bb4,3cfdbdd298fa95c3bd2e9f8323be6f515e564333
20260810_191147_scene_1_auto22_true_gain2_no_backtrack_balanced_00625,,,,9,20.64,3.123518,7.101753,3.978235,3.978235,,0.146482,1.097325,170.088423,161.199798,70.568183,2.284313,1,10.366295,10.366295,0,6.921839,,,180.0,135.0,107.274605,2634d5637ee7d4c53861e9427f8b10ddaffb6bb0,a4f7a65c3098bfbdaafae01c223bf42885c1ff2f
20260810_191147_scene_1_auto22_true_gain2_no_backtrack_balanced_00626,,,,6,13.53,2.965102,7.101753,4.136651,4.136651,,0.22946,1.055883,107.111271,100.761836,72.004126,1.39939,0,0.0,0.0,0,23.852261,,,90.0,180.0,94.943554,1d706644f1fc895d412b72a8b25e8b7535644b8d,b04dfe21a30442426835a85ab4ef02e3bd1777a4
20260810_191147_scene_1_auto22_true_gain2_no_backtrack_balanced_00627,,,,7,14.684423,3.110243,7.101753,3.991509,3.991509,,0.063239,1.060138,108.369059,102.519059,51.258302,2.000048,1,2.13314,2.13314,0,23.309647,,,0.0,90.0,90.0,023d4d45e57d99724c550a9651c2d404f1379875,f394472aea1435e597902d80afe78b1e8c9d489e
20260810_191147_scene_1_auto22_true_gain2_no_backtrack_balanced_00628,,,,7,15.046819,3.517508,7.101753,3.584244,3.584244,,0.106995,1.048536,125.249549,120.374549,50.788795,2.370101,1,8.772241,8.772241,0,23.309647,,,60.0,45.0,90.0,19a9d9f84f8b1bb48344fd8cadb99e18b926b768,dc8e06b0846e195fa2ed470512c86b9187ad4697
20260810_191147_scene_1_auto22_true_gain2_no_backtrack_balanced_00629,,,,6,13.144157,2.742354,7.101753,4.359399,4.359399,,0.452208,1.055883,104.755829,97.675091,52.641705,1.85547,0,0.0,0.0,0,23.852261,,,90.0,180.0,94.943554,7dcf5f1b663118a7e9dd522018c69ca62f2f0ba8,d2cf6a7db7b8a8e3ea22ba0c847d269d0710b43e
20260810_191147_scene_1_auto22_true_gain2_no_backtrack_balanced_00630,,,,5,9.306457,3.218769,7.101753,3.882984,3.882984,,0.853143,1.081344,70.242175,66.417175,46.173432,1.438428,0,0.0,0.0,0,23.852261,,,0.0,135.0,90.0,f4bbf485b2f317e5b4681952bf160b566a754cb5,6204339a1c7aabf9b6bfa3a1761052a7fd88e23a
20260810_191147_scene_1_auto22_true_gain2_no_backtrack_balanced_00631,,,,9,21.025981,3.018076,7.101753,4.083676,4.083676,,0.054249,1.074006,162.484414,153.251528,72.004126,2.128371,2,21.74169,21.74169,0,6.921839,,,90.0,270.0,107.274605,d6a1f4e529e00f6a731d3a7129e7fe74e77a4152,cf6facfc4594b194b1850ead8a0a59aeb39fbfb1
20260810_191147_scene_1_auto22_true_gain2_no_backtrack_balanced_00632,,,,10,21.690241,3.068099,7.101753,4.033654,4.033654,,0.0715,0.991157,184.156483,172.965604,73.322858,2.358959,2,8.410786,8.410786,0,22.825829,,,180.0,180.0,107.274605,e315bd05286713c99a3a97a810983e550bc2d3b2,bb488dcdb1eae891db15bdb965416c210f686373
20260810_191147_scene_1_auto22_true_gain2_no_backtrack_balanced_00633,,,,7,15.397826,3.01841,7.101753,4.083343,4.083343,,0.266545,1.055883,121.916824,115.148127,47.704521,2.413778,1,21.121914,21.121914,0,23.852261,,,120.0,180.0,90.0,7600aac4a5c425e5468b0f5a4a6ebc8e28de6b3d,bae1c079f44e77e593c5b5e0970f8e56c7bd8628
20260810_191147_scene_1_auto22_true_gain2_no_backtrack_balanced_00634,,,,9,20.748121,3.49846,7.101753,3.603293,3.603293,,0.056191,0.991157,174.104897,165.984969,70.568183,2.352122,1,8.061839,8.061839,0,22.825829,,,120.0,135.0,107.274605,136b8555482f02649c5dccd73dd84808181a28dd,a533abe6de942f3283d0033bec420888174bafa2
20260810_191147_scene_1_auto22_true_gain2_no_backtrack_balanced_00635,,,,7,15.178249,3.790115,7.101753,3.311638,3.311638,,0.106995,1.048536,126.523171,121.425989,51.258302,2.368904,1,8.772241,8.772241,0,23.309647,,,60.0,45.0,94.943554,e3dcf80e642267a231eb10cdf081d276d9db9373,65e219aa58f88f55f48414a69fec24fa86e7d5d2
20260810_191147_scene_1_auto22_true_gain2_no_backtrack_balanced_00636,,,,9,21.620701,3.352262,7.101753,3.749491,3.749491,,0.075636,0.991157,183.031483,172.965604,72.004126,2.402162,2,10.194979,10.194979,0,22.825829,,,180.0,225.0,107.274605,ff9e530a39d62c72c58047199b877b11bdfa46fb,3d74a3b6707b9291f5334329e505e89dfc871db6
20260810_191147_scene_1_auto22_true_gain2_no_backtrack_balanced_00637,,,,10,22.150945,3.310616,7.101753,3.791136,3.791136,,0.085592,0.8548,179.690185,169.173076,70.568183,2.3973,2,5.119492,5.119492,0,22.825829,,,90.0,180.0,107.274605,b32b526ddb038f46ba19d6e50eb5d5def2cbab30,cfb54ed94b288af42ef34a1ade23f8fe0e7f8776
20260810_191147_scene_1_auto22_true_gain2_no_backtrack_balanced_00638,,,,7,16.113019,3.110243,7.101753,3.991509,3.991509,,0.084689,1.087134,129.016868,121.425989,51.258302,2.368904,1,17.879374,17.879374,0,22.825829,,,90.0,180.0,106.869711,408a9ac202f36b4da22c74eea0acedd8ac72705d,1db88bdcf4816490922fc101e58a95a12082fc9a
20260810_191147_scene_1_auto22_true_gain2_no_backtrack_balanced_00639,,,,6,13.588763,3.528285,7.101753,3.573468,3.573468,,0.11311,1.096361,113.610459,108.710106,72.004126,1.509776,0,0.0,0.0,0,23.852261,,,90.0,45.0,106.869711,476150330043360bf8c282122dd49d38ff755522,4646bac53f63c9c6e5e1f5eeda1b18ec65b47273
20260810_191147_scene_1_auto22_true_gain2_no_backtrack_balanced_00640,,,,5,11.45979,3.310616,7.101753,3.791136,3.791136,,0.55706,1.087134,95.950503,91.678321,70.568183,1.299145,0,0.0,0.0,0,31.881754,,,90.0,90.0,94.943554,0f35691bb8becab961f9161c506428c6f2dc0c10,d58a84213b01118ef410c7557942069ba107d9ca
20260810_191147_scene_1_auto22_true_gain2_no_backtrack_balanced_00641,,,,8,17.784715,3.605772,7.101753,3.49598,3.49598,,0.088116,1.048536,136.246396,127.321396,51.258302,2.483918,2,9.798672,9.798672,0,22.258207,,,150.0,135.0,90.0,1d7d6f08ae9efc2db05a2ced425f0b0a8840e053,76e9a4ebec9f66efdf20e4d8e742899b2a241740
20260810_191147_scene_1_auto22_true_gain2_no_backtrack_balanced_00642,,,,9,21.957324,3.018076,7.101753,4.083676,4.083676,,0.119777,1.060138,175.886524,168.180433,72.004126,2.335706,1,19.773964,19.773964,0,6.921839,,,0.0,180.0,106.869711,6ec772e09ea7f9452991d2d2004559856ff2a622,5384b95a6e2b3f212b2f600abd9e3aebd4fe3da3
20260810_191147_scene_1_auto22_true_gain2_no_backtrack_balanced_00643,,,,7,15.33,3.352262,7.101753,3.749491,3.749491,,0.056942,1.055883,122.390653,114.605513,72.004126,1.591652,0,0.0,0.0,0,23.309647,,,120.0,225.0,107.274605,83e3331f6e4b8de30e812500c5cee4de76503402,b52a28a6fb39cd0afdddc74ffe3ff2bbd6c7eda4
20260810_191147_scene_1_auto22_true_gain2_no_backtrack_balanced_00644,,,,10,23.692485,2.987096,7.101753,4.114657,4.114657,,0.159267,0.976436,189.382418,178.697842,122.503768,1.458713,1,0.254567,0.254567,0,22.258207,,,270.0,135.0,107.274605,c0831ff005c4d6ef25331f8801740e2b80754764,5286b918a13d3c44d02652ee53afc8b182664767
20260810_191147_scene_1_auto22_true_gain2_no_backtrack_balanced_00645,,,,6,13.199313,3.689251,7.101753,3.412501,3.412501,,0.106244,1.048536,111.300575,105.038181,46.173432,2.274862,1,5.084871,5.084871,0,23.852261,,,120.0,135.0,106.869711,be364f4cc67eb0dff6c7ff20e672abed12302630,c05be0e5bc47dc3dce6db7a38ab1eeaca1591f30
20260810_191147_scene_1_auto22_true_gain2_no_backtrack_balanced_00646,,,,9,20.111532,2.933532,7.101753,4.168221,4.168221,,0.056942,1.055883,156.007885,145.379612,93.97725,1.546966,1,0.254567,0.254567,0,22.258207,,,135.0,270.0,107.274605,f40b478e3986842ba1d6436d9385a09741983fc3,8bbb405baa64522b14f6b00c80083133cc49f923
20260810_191147_scene_1_auto22_true_gain2_no_backtrack_balanced_00647,,,,7,15.189507,3.887712,7.101753,3.214041,3.214041,,0.075636,0.991157,122.791375,114.037891,45.651659,2.498001,2,10.905381,10.905381,0,22.825829,,,150.0,180.0,107.274605,6d18401b45233cc332c7a2ee2739f5fc0c014bb9,f9d51be83e38db5991809d3d88405c40705c02c2
20260810_191147_scene_1_auto22_true_gain2_no_backtrack_balanced_00648,,,,7,17.418632,3.15411,7.101753,3.947643,3.947643,,0.092205,1.074006,144.937784,139.349054,70.906843,1.965241,1,22.042124,22.042124,0,23.852261,,,90.0,135.0,94.943554,e291f2e5fe4a2ab7db3344c5a52b8524cc20360c,fcab0a997bc82675a0b2c433b7506d34067c0e55
20260810_191147_scene_1_auto22_true_gain2_no_backtrack_balanced_00649,,,,10,22.628137,3.210413,7.101753,3.891339,3.891339,,0.053634,1.096361,180.086105,172.990613,95.645263,1.808669,1,0.250139,0.250139,0,22.258207,,,90.0,90.0,107.274605,1ea160cc78e3c602c18561377cfee5f7bd165f54,4de7c62d94863afc946aad1f628a025bccb95d3d
20260810_191147_scene_1_auto22_true_gain2_no_backtrack_balanced_00650,,,,9,22.267991,3.21805,7.101753,3.883702,3.883702,,0.18108,0.8548,184.561018,177.587606,91.912257,1.932143,1,3.647475,3.647475,0,23.309647,,,90.0,135.0,107.274605,1f2b6f757e288ccbfa913549fd35df9fedfce83e,480aabb544cc2e5725154ca302f29e89576faa85
20260810_191147_scene_1_auto22_true_gain2_no_backtrack_balanced_00651,,,,6,13.462173,3.630753,7.101753,3.470999,3.470999,,0.302545,0.8548,112.369545,107.14106,45.051337,2.378199,1,5.452539,5.452539,0,23.309647,,,90.0,45.0,107.274605,ee9a87ef33629f4edc648161568fe36ea00609a1,ac609819f0c3128e35191a75662b0751ae9d4925
20260810_191147_scene_1_auto22_true_gain2_no_backtrack_balanced_00652,,,,9,20.638425,3.547773,7.101753,3.553979,3.553979,,0.068541,0.991157,176.58565,164.551074,69.862821,2.355345,2,10.905381,10.905381,0,22.825829,,,180.0,225.0,107.274605,691bd07b7fdbf58573acbff6deef663b0489aab8,94cd1e64985df9c08e0cda9ac12765277d1b263d
20260810_191147_scene_1_auto22_true_gain2_no_backtrack_balanced_00653,,,,6,14.441323,3.181125,7.101753,3.920628,3.920628,,0.187006,1.074006,119.701074,115.530582,81.183963,1.423071,0,0.0,0.0,0,32.624502,,,90.0,135.0,90.0,2ccf6d4f2489bc978a65dab67eb39ddfb3e29d05,7f0fcf0f19660926c3ec2b89859d546125f0bdb6
20260810_191147_scene_1_auto22_true_gain2_no_backtrack_balanced_00654,,,,8,17.658467,3.167553,7.101753,3.9342,3.9342,,0.075414,1.097325,137.589429,130.425699,66.774621,1.953223,2,6.947306,6.947306,0,20.765516,,,150.0,45.0,94.943554,907a50650b761e6daded905a8ae704358810edbb,6a59d7738470fdcb7095e9b4524870fd150f2b89
20260810_191147_scene_1_auto22_true_gain2_no_backtrack_balanced_00655,,,,9,18.719184,2.988959,7.101753,4.112794,4.112794,,0.10841,1.096361,149.587704,142.27531,94.231817,1.509844,1,0.262001,0.262001,0,22.258207,,,180.0,45.0,106.869711,114a7ff55570420623add7e0db5d994da143f873,ce871f9d64d2bca7b2d61024a7b36f55a2edd80c
20260810_191147_scene_1_auto22_true_gain2_no_backtrack_balanced_00656,,,,7,16.113019,3.682554,7.101753,3.419199,3.419199,,0.088116,1.048536,129.500425,121.425989,51.258302,2.368904,1,8.772241,8.772241,0,22.825829,,,150.0,135.0,94.943554,a35469ad7e5ade306c4c78d3f1e3b4aca5736936,a0cbbb39b1476fe929a7e0ad761989c8dfc08090
20260810_191147_scene_1_auto22_true_gain2_no_backtrack_balanced_00657,,,,8,17.784715,3.490279,7.101753,3.611474,3.611474,,0.088116,1.048536,138.32365,127.321396,51.258302,2.483918,2,9.294014,9.294014,0,23.309647,,,240.0,225.0,90.0,a366a3ff2e9feaf99e1a7624f285810133c97f29,22804703204ca63a5cd4a20cb21c08a610240c64
20260810_191147_scene_1_auto22_true_gain2_no_backtrack_balanced_00658,,,,10,22.884745,3.393059,7.101753,3.708693,3.708693,,0.062843,0.8548,185.675797,175.043475,71.913252,2.434092,1,4.132222,4.132222,0,6.921839,,,90.0,180.0,107.274605,d1d49d78c91e1aec16583bc57576128375017aad,80a1812acd780403baf1684f1ec3f212d072377a
20260810_191147_scene_1_auto22_true_gain2_no_backtrack_balanced_00659,,,,10,22.578779,3.046616,7.101753,4.055137,4.055137,,0.137233,0.976436,178.404407,169.231873,116.4852,1.452819,1,0.254567,0.254567,0,20.765516,,,180.0,135.0,107.274605,8920ac129fde404808941c4963e3828db7f32760,c01a7b8c1f85ac8477f28a87b3816bd502121e6d
20260810_191147_scene_1_auto22_true_gain2_no_backtrack_balanced_00660,,,,7,17.095295,3.554398,7.101753,3.547355,3.547355,,0.081182,1.074006,142.735668,136.762357,90.102674,1.51785,1,3.718697,3.718697,0,23.309647,,,90.0,90.0,90.0,d2f50e546b5ea5e70030ca718b0bc2446b496372,0c577d226b51f549b85037643d25c2d31a137ba1
20260810_191147_scene_1_auto22_true_gain2_no_backtrack_balanced_00661,,,,7,16.180846,4.052876,7.101753,3.048877,3.048877,,0.124015,1.048536,129.730997,121.968603,68.826435,1.772119,1,5.084871,5.084871,0,22.825829,,,180.0,135.0,106.869711,c86b61acae7d86b11e5285efe725e02ec692fc40,0f1941b666f48328537ce50b5668e9628b880c98
20260810_191147_scene_1_auto22_true_gain2_no_backtrack_balanced_00662,,,,9,20.443869,3.20497,7.101753,3.896782,3.896782,,0.056086,1.066662,161.552152,152.708914,63.763509,2.394926,1,6.468273,6.468273,0,22.258207,,,180.0,135.0,107.274605,6dcfa94fdaff0453d8c681b25768b7cf79f32f0e,e2822572b7aa2f760a2547cd34c485be24fb1cef
20260810_191147_scene_1_auto22_true_gain2_no_backtrack_balanced_00663,,,,9,22.008257,3.161114,7.101753,3.940639,3.940639,,0.095517,1.074006,176.481699,168.587896,92.172527,1.829047,2,3.774422,3.774422,0,6.921839,,,90.0,135.0,106.869711,323f91f1cf01f201bbbcfe76a548ebd0e3379f92,3802d065743e864ce19244cea5d4d8d73833189f
20260810_191147_scene_1_auto22_true_gain2_no_backtrack_balanced_00664,,,,7,16.176622,2.665838,7.101753,4.435914,4.435914,,0.080747,1.074006,127.575799,121.934815,51.907389,2.349084,1,18.999454,18.999454,0,22.258207,,,90.0,90.0,107.274605,2302e9e0de2fde9f12edc72199c64fd97d430006,bc71879a8c6a9a3ef8b13896a905106776fb4122
20260810_191147_scene_1_auto22_true_gain2_no_backtrack_balanced_00665,,,,6,13.590477,4.089581,7.101753,3.012172,3.012172,,0.302545,0.8548,113.346541,108.167492,44.516414,2.429834,1,5.987462,5.987462,0,23.309647,,,90.0,45.0,107.274605,d9d5b72b62925f5cb10d95c405517218605025d8,0cb95fbd5b680993bdbc4b5958338bee8ab1e8e1
20260810_191147_scene_1_auto22_true_gain2_no_backtrack_balanced_00666,,,,6,13.462173,4.267775,7.101753,2.833978,2.833978,,0.164805,0.8548,113.044545,107.14106,64.138108,1.670474,0,0.0,0.0,0,23.309647,,,90.0,90.0,107.274605,1bd5ee55b57b026eaea754c98f3e72967f6e67c3,8b72d67af9c87419b77dee919f47d52d293bd96f
20260810_191147_scene_1_auto22_true_gain2_no_backtrack_balanced_00667,,,,9,21.823083,3.422563,7.101753,3.67919,3.67919,,0.050735,1.096361,183.07442,174.584666,91.565319,1.906668,1,3.426107,3.426107,0,6.921839,,,150.0,135.0,107.274605,8e32dce4e14923456fa7a5dea54726d19da52b58,0216e468a39a064d56f0f29462c05ee58ebe0f5c
20260810_191147_scene_1_auto22_true_gain2_no_backtrack_balanced_00668,,,,8,19.221142,3.071338,7.101753,4.030415,4.030415,,0.11311,1.096361,161.643922,153.769134,101.57759,1.51381,0,0.0,0.0,0,23.852261,,,135.0,90.0,106.869711,cca24eb66bb03371831fb7697b6c7fdd8c012954,6cb7388328918b8dc7777ea6fed3fdf1026d93cd
20260810_191147_scene_1_auto22_true_gain2_no_backtrack_balanced_00669,,,,9,20.506856,2.902256,7.101753,4.199497,4.199497,,0.050735,1.096361,169.990761,160.690972,101.813156,1.578293,0,0.0,0.0,0,23.309647,,,210.0,135.0,106.869711,40da86b3df08bc13a6c3df82899796de5548b67b,cbc72b40b42e418e74a47308325fc6314f769a20
20260810_191147_scene_1_auto22_true_gain2_no_backtrack_balanced_00670,,,,10,21.447878,3.146625,7.101753,3.955128,3.955128,,0.058045,0.976436,171.552924,160.740989,101.813156,1.578784,0,0.0,0.0,0,22.258207,,,270.0,135.0,107.274605,b34eda5419e76fad50d2ea9ec1d59850a7f7a241,e582957931d440a2fb256c6c9afeb45c6c4c57fe
20260810_191147_scene_1_auto22_true_gain2_no_backtrack_balanced_00671,,,,10,22.626725,3.18521,7.101753,3.916543,3.916543,,0.130145,0.8548,174.952382,165.501152,100.29372,1.650165,1,0.714031,0.714031,0,23.309647,,,90.0,135.0,107.274605,3d8ce63a0c38e0ac2f5a5af354f03b856efadec6,ff09129e3b096001caeb6931bdf6b78519d15d85
20260810_191147_scene_1_auto22_true_gain2_no_backtrack_balanced_00672,,,,6,14.504926,3.173759,7.101753,3.927994,3.927994,,0.4038,1.074006,119.427573,116.039407,91.912257,1.262502,0,0.0,0.0,0,31.881754,,,90.0,45.0,94.943554,fc92ca09d5939bab1f7f13d9a0dded9e9abffddf,c7e8ab4af212d91fef720dca18abb52c6ed8899e
20260810_191147_scene_1_auto22_true_gain2_no_backtrack_balanced_00673,,,,6,14.242066,3.502543,7.101753,3.599209,3.599209,,0.224031,1.074006,118.109839,113.936528,92.948966,1.225797,0,0.0,0.0,0,32.624502,,,90.0,90.0,90.0,21a180a1aa61a9eaeae4607dc31b1e10ebf333be,3cfae640913d38736e9330a30c5e2f0546379f1a
20260810_191147_scene_1_auto22_true_gain2_no_backtrack_balanced_00674,,,,9,20.133202,2.915615,7.101753,4.186138,4.186138,,0.052256,1.055883,160.348368,150.22358,94.231817,1.594192,1,1.53109,1.53109,0,22.825829,,,225.0,180.0,106.869711,3a6af8964e8081a5c18e51903883dc58d12eec4b,5acd3eafe26a0f0d41d3f8c52359c0a6d255c56b
20260810_191147_scene_1_auto22_true_gain2_no_backtrack_balanced_00675,,,,9,20.151688,3.163681,7.101753,3.938072,3.938072,,0.062658,1.074006,162.00911,153.735345,64.138108,2.396942,1,17.420454,17.420454,0,22.258207,,,90.0,180.0,107.274605,0dbf4cfb59f2ee3c3de70db71272fcd6e9ee4afe,cb885b85177f4619c1e78899d6188061d3b85bfb
20260810_191147_scene_1_auto22_true_gain2_no_backtrack_balanced_00676,,,,9,21.025981,3.018076,7.101753,4.083676,4.083676,,0.054249,1.087134,163.092407,153.251528,72.004126,2.128371,2,17.879374,17.879374,0,22.258207,,,90.0,270.0,107.274605,a2636ea530925eeb9df556fd0725067fd5c1b243,320301fb50655fb6ee1ef9e6a3c1510f9139021e
20260810_191147_scene_1_auto22_true_gain2_no_backtrack_balanced_00677,,,,10,23.87921,3.099758,7.101753,4.001995,4.001995,,0.050735,1.055883,188.104047,176.077357,94.991426,1.853613,1,4.937184,4.937184,0,23.852261,,,180.0,270.0,94.943554,4145f1632c11f2b0220c21ee89d4e19a186d44a4,722785cdfdc52a7097a2faf436f70931f5b68b47
20260810_191147_scene_1_auto22_true_gain2_no_backtrack_balanced_00678,,,,10,22.884745,3.180241,7.101753,3.921512,3.921512,,0.075636,0.991157,181.396636,168.121636,72.336063,2.324175,2,9.048634,9.048634,0,22.825829,,,270.0,225.0,107.274605,70474cd430d7a57f04fbf5a2818e1daf7302c667,2a197a85c85dcd11e1812f8cbc6980f3c52a1872
20260810_191147_scene_1_auto22_true_gain2_no_backtrack_balanced_00679,,,,9,21.880434,3.068099,7.101753,4.033654,4.033654,,0.075636,1.046366,186.119141,175.043475,73.322858,2.387297,1,8.061839,8.061839,0,22.825829,,,180.0,180.0,107.274605,cd98593d17cd87e034c449b0bd303b646e393b76,ec785b86e837a58f61b12044ebf41b06afd78bae
20260810_191147_scene_1_auto22_true_gain2_no_backtrack_balanced_00680,,,,9,21.564924,3.240766,7.101753,3.860987,3.860987,,0.075414,1.097325,176.491996,169.155519,81.183963,2.083608,1,6.412383,6.412383,0,20.765516,,,150.0,45.0,94.943554,1cad4bd5a942551d233f15a7e16aba831b41921c,892a5a2845f398423533d2334343b14dca9be125
20260810_191147_scene_1_auto22_true_gain2_no_backtrack_balanced_00681,,,,9,20.151688,3.130229,7.101753,3.971524,3.971524,,0.054981,0.8548,168.699293,160.657184,101.007751,1.590543,0,0.0,0.0,0,22.825829,,,90.0,135.0,107.274605,6c9606f18192713bd5256ec35fab8b31ce5dac5b,217459cd721a2148227c8d5cdae478b77616cc8d
20260810_191147_scene_1_auto22_true_gain2_no_backtrack_balanced_00682,,,,9,19.776182,3.464664,7.101753,3.637088,3.637088,,0.09597,1.097325,162.342763,154.845582,64.138108,2.414252,1,6.412383,6.412383,0,20.765516,,,120.0,45.0,107.274605,51529ca41f26bd9dfe9bca956b6fed4dfcf23cd2,85426879561fd7a16fb6cc4d965ab9081a9d8023
20260810_191147_scene_1_auto22_true_gain2_no_backtrack_balanced_00683,,,,7,15.981589,4.097495,7.101753,3.004258,3.004258,,0.110836,1.048536,127.668247,120.374549,50.788795,2.370101,2,5.606644,5.606644,0,6.921839,,,150.0,135.0,90.0,3eae9d77bce50f359633a5a1f6ce54a8472386e8,aeba48b607c2b478ddc3f0f711b46f2e41d33f73
20260810_191147_scene_1_auto22_true_gain2_no_backtrack_balanced_00684,,,,7,16.237099,3.170648,7.101753,3.931104,3.931104,,0.07918,1.074006,128.352855,122.418632,67.13242,1.82354,2,22.169071,22.169071,0,6.921839,,,90.0,135.0,107.274605,ba333e1af640a1c1b81d46195193f8c614e3878a,8d774f5ce355503cd57004ed22cc6e09efd8a2ef
20260810_191147_scene_1_auto22_true_gain2_no_backtrack_balanced_00685,,,,9,21.433633,3.433102,7.101753,3.668651,3.668651,,0.064965,1.055883,174.940903,163.990903,72.336063,2.26707,2,5.97357,5.97357,0,23.852261,,,195.0,180.0,90.0,a457d4bf4bf36374146b77ebf05ec6f96c88b4ba,52cdd7bfcdc54f26f6497258eacafa90edf09c01
20260810_191147_scene_1_auto22_true_gain2_no_backtrack_balanced_00686,,,,7,15.989897,3.503039,7.101753,3.598713,3.598713,,0.232617,0.976436,130.634349,124.5553,68.194555,1.82647,1,10.366295,10.366295,0,22.258207,,,180.0,45.0,107.274605,36692672e80e984d86ed196afd7a1de642447558,799fa19d314c193e2c3e9755cadcc1b95da4f292
20260810_191147_scene_1_auto22_true_gain2_no_backtrack_balanced_00687,,,,9,22.011383,3.2573,7.101753,3.844453,3.844453,,0.053654,1.074006,176.387446,168.612905,112.534096,1.498327,1,0.239143,0.239143,0,23.852261,,,90.0,135.0,90.0,0c9bb387a77c175b13ad365af6419c1df393be76,0066fa1c4bd8a9248a0d450496ebd6e7b3941352
20260810_191147_scene_1_auto22_true_gain2_no_backtrack_balanced_00688,,,,9,19.962907,2.852469,7.101753,4.249284,4.249284,,0.080747,1.074006,157.303475,152.225097,95.895402,1.587408,0,0.0,0.0,0,13.843677,,,90.0,90.0,107.274605,396eb0656b5af4d164078de3fc437743f7b36ebd,ec1d345110f9888e4c179ab005b23fa6749372b3
20260810_191147_scene_1_auto22_true_gain2_no_backtrack_balanced_00689,,,,10,22.883031,3.385045,7.101753,3.716708,3.716708,,0.075636,0.991157,188.258271,175.586089,91.303317,1.923107,2,8.583612,8.583612,0,22.825829,,,255.0,180.0,107.274605,4ef1243d35a62c6a37dfcb68a5c231341618daa3,4f8be8b8286064259339b6d7ab53d6d2ad7b6e41
20260810_191147_scene_1_auto22_true_gain2_no_backtrack_balanced_00690,,,,7,16.304926,3.219125,7.101753,3.882627,3.882627,,0.095517,1.074006,129.051,122.961246,50.503876,2.434689,2,20.402967,20.402967,0,22.825829,,,90.0,135.0,106.869711,0d95bf47066e46977c6e2a4b45936ee12cc73568,1312e57e3982b45fe939555a35d33f6ec5b54f33
20260810_191147_scene_1_auto22_true_gain2_no_backtrack_balanced_00691,,,,7,16.176622,3.941568,7.101753,3.160185,3.160185,,0.055061,1.048536,128.378053,121.934815,51.907389,2.349084,1,9.798672,9.798672,0,22.258207,,,120.0,135.0,107.274605,a82101159ed7a008b97a07b6e30d2480a4c29d19,3baa383e5cb6cc2fda1d673fc6eaa3e85a9105c7
20260810_191147_scene_1_auto22_true_gain2_no_backtrack_balanced_00692,,,,10,21.455367,3.115938,7.101753,3.985815,3.985815,,0.052256,1.055883,166.699004,156.68661,68.826435,2.276547,3,24.531974,24.531974,0,13.843677,,,180.0,225.0,106.869711,7e5d4225825af5351f1aadf7346512127ba49aa3,bbb6c557f80d55e9d23f2f24d0c5acf2e9d1c615
20260810_191147_scene_1_auto22_true_gain2_no_backtrack_balanced_00693,,,,10,22.952572,3.128326,7.101753,3.973427,3.973427,,0.050735,1.096361,186.112672,175.586089,102.516605,1.712758,0,0.0,0.0,0,22.258207,,,180.0,225.0,107.274605,e4072be0f0952f96fa878606ccee5d95c035e56b,1ad05726c4c4ca9a6d3d28d241ffed5363934f22
20260810_191147_scene_1_auto22_true_gain2_no_backtrack_balanced_00694,,,,10,22.954285,3.193283,7.101753,3.90847,3.90847,,0.062843,0.8548,179.428958,168.121636,70.906843,2.371021,1,4.132222,4.132222,0,22.825829,,,90.0,225.0,107.274605,aec89f3b3944cef441e0f1ae614234e6874dd466,188b4e2d7765312acebc98ba18e3193da94046ff
20260810_191147_scene_1_auto22_true_gain2_no_backtrack_balanced_00695,,,,6,14.245192,3.005265,7.101753,4.096488,4.096488,,0.565618,1.074006,118.529775,113.961537,50.027288,2.277987,1,20.540895,20.540895,0,23.852261,,,90.0,90.0,90.0,234071235dd1a6aee3f2e615861099367470459e,5a6b90790ad599694fb07b4a5f244eea996c77f4
20260810_191147_scene_1_auto22_true_gain2_no_backtrack_balanced_00696,,,,6,13.52265,3.577866,7.101753,3.523887,3.523887,,0.302545,0.8548,112.628362,107.624878,70.568183,1.525119,0,0.0,0.0,0,23.309647,,,90.0,90.0,107.274605,0ce698ec2c3bc084bec09a6b7c3be568dce7e692,de4990b94b7bfc88b4c80feed96dbf63d6fcec9b
20260810_191147_scene_1_auto22_true_gain2_no_backtrack_balanced_00697,,,,10,23.564181,3.065515,7.101753,4.036238,4.036238,,0.074704,0.976436,188.557116,177.671411,122.699165,1.448025,0,0.0,0.0,0,22.258207,,,300.0,135.0,107.274605,83b61c41862d6eb6bddea62d95a9c3a442f9edb4,e4d5ec76dad629729858dc5f0a3ebe4a0abf0bb8
20260810_191147_scene_1_auto22_true_gain2_no_backtrack_balanced_00698,,,,10,22.895221,3.317915,7.101753,3.783838,3.783838,,0.050735,1.096361,186.294288,175.12728,116.4852,1.503429,0,0.0,0.0,0,22.258207,,,210.0,225.0,107.274605,d593663bda3f3a6398c1f99034b1b4a381b18da7,1211ef865f433260b5e57e4b0bd1d1e400aebb90
20260810_191147_scene_1_auto22_true_gain2_no_backtrack_balanced_00699,,,,7,16.304926,2.666669,7.101753,4.435083,4.435083,,0.111684,1.074006,128.482969,122.961246,50.503876,2.434689,1,21.409377,21.409377,0,22.258207,,,90.0,90.0,107.274605,2cd2fbc5a221b23ea0a5cced4930412db1149e61,bf3dfd9d2f80c552f41a9adf4f6964da3c7c7caf
20260810_191147_scene_1_auto22_true_gain2_no_backtrack_balanced_00700,,,,9,22.136561,3.183681,7.101753,3.918072,3.918072,,0.227718,0.8548,185.087397,176.536166,92.172527,1.91528,1,8.835224,8.835224,0,22.258207,,,90.0,135.0,107.274605,b66ee6247d515dfb8809918602909c68fc1457c9,23cc70784cb4249004f5298b0e8b6c1911fb4558
20260810_191147_scene_1_auto22_true_gain2_no_backtrack_balanced_00701,,,,9,20.313851,3.123518,7.101753,3.978235,3.978235,,0.145342,1.097325,165.748166,159.146935,70.568183,2.255222,1,9.314855,9.314855,0,13.843677,,,120.0,45.0,107.274605,12b695a187104541b02c22fdfe7c29072ced6d44,8c45cbdb865717597d0e15784f09bcb25db29bf5
20260810_191147_scene_1_auto22_true_gain2_no_backtrack_balanced_00702,,,,10,23.432751,3.085865,7.101753,4.015888,4.015888,,0.058045,0.976436,188.867717,176.619971,123.283497,1.432633,0,0.0,0.0,0,22.258207,,,330.0,225.0,107.274605,a0249cc501129c4785a2e64a25576d0d0fda48da,54650a31f96488bdb18dabc461a5dedce100d86c
20260810_191147_scene_1_auto22_true_gain2_no_backtrack_balanced_00703,,,,10,22.756441,3.362353,7.101753,3.7394,3.7394,,0.058078,0.991157,187.247782,174.017044,72.336063,2.405675,2,8.410786,8.410786,0,22.825829,,,210.0,270.0,107.274605,29fbf4a9624379c9a6b2b7a4e02627f34d77c9dc,4e28b94f206be9cc88cb3f444f0db03379a4c85f
20260810_191147_scene_1_auto22_true_gain2_no_backtrack_balanced_00704,,,,9,22.134848,3.247713,7.101753,3.85404,3.85404,,0.050735,1.096361,183.349061,177.07878,113.327215,1.562544,0,0.0,0.0,0,23.852261,,,120.0,90.0,106.869711,f74661883620fc853655a975eddf09e555ee8125,60a98679503565cc37b237d39262c7edb268bce4
20260810_191147_scene_1_auto22_true_gain2_no_backtrack_balanced_00705,,,,10,21.807886,3.137047,7.101753,3.964706,3.964706,,0.058045,0.976436,172.298615,160.257172,117.100544,1.368543,0,0.0,0.0,0,22.258207,,,360.0,180.0,107.274605,1b2f820e2b7cc85acead7462ba785faaabe6f61f,d2a59775581a796fdd749140d096ab1c1e11d19b
20260810_191147_scene_1_auto22_true_gain2_no_backtrack_balanced_00706,,,,8,19.286459,3.143984,7.101753,3.957769,3.957769,,0.080747,1.074006,153.685018,146.813507,100.054577,1.467334,0,0.0,0.0,0,22.258207,,,90.0,135.0,107.274605,ff9e7c661cefccafca78b6dc48b29b1d75b16bd5,5c7f164ac394b2e8162f7b8b08a45ed87fc24c8e
20260810_191147_scene_1_auto22_true_gain2_no_backtrack_balanced_00707,,,,10,22.496707,3.128574,7.101753,3.973178,3.973178,,0.11311,1.096361,179.034665,171.939173,95.895402,1.792987,0,0.0,0.0,0,23.309647,,,90.0,90.0,107.274605,ee64c3f23cf2f2b3d37fdc743512495bcb46887a,a78708dd376c559207dddd937835f22a44c80b35
20260810_191147_scene_1_auto22_true_gain2_no_backtrack_balanced_00708,,,,9,21.938717,3.470459,7.101753,3.631293,3.631293,,0.051336,0.991157,185.021106,175.509735,81.67544,2.148868,1,8.061839,8.061839,0,22.825829,,,180.0,225.0,107.274605,5afd5a7bd047a31756291a3c52fd0d91190d21f4,82856b4168ee20f872d4daf3e0ac5f6d239efa6d
20260810_191147_scene_1_auto22_true_gain2_no_backtrack_balanced_00709,,,,6,14.184715,4.514283,7.101753,2.58747,2.58747,,0.125219,1.048536,117.625465,113.477719,51.258302,2.213841,1,8.029494,8.029494,0,23.852261,,,60.0,45.0,90.0,25402e3db3b05280d07463cf84dde64672aad99a,d62c52851454287d016a6f24559e01748eecb638
20260810_191147_scene_1_auto22_true_gain2_no_backtrack_balanced_00710,,,,7,15.192633,3.616314,7.101753,3.485438,3.485438,,0.050594,1.055883,122.079907,114.062899,47.704521,2.391029,2,6.429669,6.429669,0,23.309647,,,120.0,135.0,107.274605,2526f898ce208f50c6cadc4900bd6d5af422d815,4e23b127338311a8dc16085e7ba77b12d0326f00
20260810_191147_scene_1_auto22_true_gain2_no_backtrack_balanced_00711,,,,7,15.997385,3.108227,7.101753,3.993526,3.993526,,0.176728,1.055883,127.588315,120.50092,72.004126,1.673528,1,1.53109,1.53109,0,23.852261,,,180.0,90.0,106.869711,147aa209c3edeb7ed414ec5c1191772446689442,a5002b679be13a508f7e261c94d5496dbefdb840
20260810_191147_scene_1_auto22_true_gain2_no_backtrack_balanced_00712,,,,10,22.637543,3.161107,7.101753,3.940645,3.940645,,0.089299,1.096361,179.643797,170.258304,116.279362,1.464218,1,0.205838,0.205838,0,22.258207,,,150.0,90.0,107.274605,bf4b293bce115a59750b7a16a147883533ceb058,47953aa8fe3c4d5d2149c7c1a304ad183f612e67
20260810_191147_scene_1_auto22_true_gain2_no_backtrack_balanced_00713,,,,7,17.107965,3.162986,7.101753,3.938767,3.938767,,0.22923,1.048536,144.745376,136.86372,68.477488,1.998667,1,3.858575,3.858575,0,26.695803,,,180.0,135.0,106.869711,3b7bd7174a791275018b6ff0f7a73d61b93e76af,cdd9df18f4bc5aec669c238e14d522dcda6ca551
20260810_191147_scene_1_auto22_true_gain2_no_backtrack_balanced_00714,,,,7,17.226725,3.097606,7.101753,4.004147,4.004147,,0.120445,1.074006,144.632035,137.813797,89.301491,1.543242,1,2.610766,2.610766,0,23.309647,,,90.0,180.0,90.0,ec54e9b4cd48ceecb166dac47e2d1f35f5cadfb6,94db636b38db46a69d4e681bef65b24967072f00
20260810_191147_scene_1_auto22_true_gain2_no_backtrack_balanced_00715,,,,6,12.944761,4.111523,7.101753,2.99023,2.99023,,0.07034,1.097325,105.549952,100.194213,46.619293,2.149201,1,3.884582,3.884582,0,23.309647,,,120.0,45.0,94.943554,070043eec93da63371633ede297a9e7a456fb190,33632f4b6d625c1f94efa4da2ebb900b6278634f
20260810_191147_scene_1_auto22_true_gain2_no_backtrack_balanced_00716,,,,7,15.92942,3.792388,7.101753,3.309365,3.309365,,0.247614,0.976436,130.368664,124.071482,81.968221,1.513653,0,0.0,0.0,0,22.258207,,,180.0,45.0,107.274605,7b2b0b286bf8aac0ffc691b69cc512339747271a,9b10f45ad9ea45387e49091254d06508af5c27f1
20260810_191147_scene_1_auto22_true_gain2_no_backtrack_balanced_00717,,,,8,19.087202,3.118108,7.101753,3.983645,3.983645,,0.080747,1.074006,153.061002,145.219453,70.906843,2.048032,1,21.005414,21.005414,0,22.258207,,,90.0,180.0,107.274605,a24f7c0dab14121ffd5e13edcbfad8ad3a0897fb,9f51b05d722c1e1f8afe59c8d2ed76c4f1a83958
20260810_191147_scene_1_auto22_true_gain2_no_backtrack_balanced_00718,,,,7,16.176622,3.103371,7.101753,3.998382,3.998382,,0.089912,1.074006,128.250799,121.934815,50.027288,2.437366,1,20.879554,20.879554,0,22.258207,,,90.0,135.0,107.274605,45baa4f924f5e6f8a45d5ea3e55cd8607b1477e5,cf61e572c0a989f05611126995fafab217786617
20260810_191147_scene_1_auto22_true_gain2_no_backtrack_balanced_00719,,,,7,16.304926,3.212801,7.101753,3.888952,3.888952,,0.095517,1.074006,129.396492,122.961246,50.503876,2.434689,2,20.402967,20.402967,0,22.258207,,,90.0,135.0,107.274605,062b60a042b4be5079f6b9626a53fa9fccf6a540,e29cec15a84307233d0f0a09641401ceff624727
20260810_191147_scene_1_auto22_true_gain2_no_backtrack_balanced_00720,,,,8,20.208257,3.754714,7.101753,3.347039,3.347039,,0.056862,1.074006,168.529683,161.666058,112.321017,1.439322,0,0.0,0.0,0,31.881754,,,90.0,180.0,94.943554,7322b6a35594045dfe42d35b851e29b51239b4ee,3cd4f0744f0b4aebb0afa0c1b4664dfd8961062e
20260810_191147_scene_1_auto22_true_gain2_no_backtrack_balanced_00721,,,,7,16.244449,3.096674,7.101753,4.005079,4.005079,,0.076788,1.074006,128.789364,122.477429,80.888342,1.514154,0,0.0,0.0,0,22.825829,,,90.0,135.0,106.869711,2b09f7cff275919b1c22439b433229d8082c0245,e1d3e4ade8b7d9d352884dba4569d3f4d8d0b138
20260810_191147_scene_1_auto22_true_gain2_no_backtrack_balanced_00722,,,,7,15.611542,3.217884,7.101753,3.883869,3.883869,,0.209,1.055883,126.361922,117.414176,52.641705,2.23044,1,2.13314,2.13314,0,22.825829,,,90.0,225.0,107.274605,664b8e77aca07e9757dccae51300c438faf39ae3,83810a58eabc3c7e01dca40182cf54c70d88f130
20260810_191147_scene_1_auto22_true_gain2_no_backtrack_balanced_00723,,,,10,22.952572,3.566319,7.101753,3.535433,3.535433,,0.075636,0.991157,181.617735,168.66425,91.565319,1.84201,2,8.583612,8.583612,0,22.825829,,,255.0,270.0,107.274605,cdb3229b52b0978d98d730d126aaf7781df9c430,7071853acaedf313604c252eaba51a71c680b269
20260810_191147_scene_1_auto22_true_gain2_no_backtrack_balanced_00724,,,,9,19.505973,3.155804,7.101753,3.945949,3.945949,,0.051869,1.097325,160.493129,152.683906,89.032828,1.714917,2,6.770182,6.770182,0,20.765516,,,180.0,45.0,94.943554,b1980b8845cbb9f2ca2212d8dc9ef672f782f2e0,c60b87976152a3093621655c1fcc1523fc08c908
20260810_191147_scene_1_auto22_true_gain2_no_backtrack_balanced_00725,,,,7,15.915175,3.790115,7.101753,3.311638,3.311638,,0.125219,1.048536,132.369143,127.321396,51.258302,2.483918,1,8.029494,8.029494,0,23.852261,,,60.0,45.0,90.0,d24cc81790275dbc0b2737d2a5757f3e70c88a5f,a6fcd0d3642ab15f030680782e323ccaae010077
20260810_191147_scene_1_auto22_true_gain2_no_backtrack_balanced_00726,,,,7,16.12555,3.289359,7.101753,3.812394,3.812394,,0.159427,1.097325,130.264963,125.640528,50.788795,2.473784,1,6.412383,6.412383,0,20.765516,,,120.0,45.0,94.943554,4d9aa43f95731056b01aa6426a9a271bf7320b00,64354a391080cbb9c8198406c0d750686da7c2c3
20260810_191147_scene_1_auto22_true_gain2_no_backtrack_balanced_00727,,,,9,18.779661,3.151613,7.101753,3.95014,3.95014,,0.11311,1.096361,157.15822,149.680966,81.968221,1.826085,1,0.331937,0.331937,0,23.309647,,,90.0,90.0,106.869711,e63c4119a0a8547dbb7cd00b4bfaa98164ec7681,546bb623ca7b99424a37fb9bd53d8eae5b5ef163
20260810_191147_scene_1_auto22_true_gain2_no_backtrack_balanced_00728,,,,9,21.73946,3.158861,7.101753,3.942892,3.942892,,0.051336,0.991157,181.308355,173.915681,81.183963,2.142242,1,8.061839,8.061839,0,22.825829,,,120.0,135.0,107.274605,58fa75e632454ef0835ad09a4e0c85245911290c,985e4bd8327b372f6f31e9f312fb54e506c07b29
20260810_191147_scene_1_auto22_true_gain2_no_backtrack_balanced_00729,,,,5,9.425698,3.731148,7.101753,3.370605,3.370605,,0.674853,0.991157,80.19014,74.849262,31.881754,2.347715,1,2.875887,2.875887,0,23.309647,,,90.0,90.0,107.274605,5d61bc2694332b4d3d64bd13a4d1e96a2f3935d4,f23d954ca46327f7c1bd4609dc17185f7bdba2ed
20260810_191147_scene_1_auto22_true_gain2_no_backtrack_balanced_00730,,,,8,17.398733,3.739082,7.101753,3.36267,3.36267,,0.088116,1.048536,138.514271,128.347828,52.641705,2.43814,2,10.303331,10.303331,0,22.258207,,,240.0,135.0,107.274605,bf797ba583998ac1e588a0a1b3af323e2f286cce,92547a8e766f9f6f57cdad46678566e3d4dfac2f
20260810_191147_scene_1_auto22_true_gain2_no_backtrack_balanced_00731,,,,10,23.432751,2.987096,7.101753,4.114657,4.114657,,0.058045,0.976436,187.086414,176.619971,122.503768,1.441751,0,0.0,0.0,0,22.258207,,,270.0,135.0,107.274605,28332a59155b772e86546d13bf8c8739bf2f2fbc,bed9b972e2847df13b217235df6dc8f0fabbe3f9
20260810_191147_scene_1_auto22_true_gain2_no_backtrack_balanced_00732,,,,7,15.061203,3.689251,7.101753,3.412501,3.412501,,0.182224,1.048536,121.2466,113.011459,46.173432,2.447543,1,6.468273,6.468273,0,22.825829,,,120.0,135.0,107.274605,3b73c642b3e02ca40ff728ef718d20f3d22c70bb,14abe8f4c26dd2c660e0de850fd3a6d741e8aa8f
20260810_191147_scene_1_auto22_true_gain2_no_backtrack_balanced_00733,,,,10,21.515844,2.933532,7.101753,4.168221,4.168221,,0.052256,1.055883,168.953313,157.170427,93.97725,1.672431,3,2.047658,2.047658,0,22.258207,,,165.0,270.0,107.274605,3af441c2367511290e5a74e6a8cfaf006627235d,3d053deb3ad6a09191736e6a1ab1391afae58d8e
20260810_191147_scene_1_auto22_true_gain2_no_backtrack_balanced_00734,,,,8,18.97143,3.290823,7.101753,3.81093,3.81093,,0.075414,1.097325,155.538965,148.40756,70.906843,2.092993,1,6.412383,6.412383,0,20.765516,,,180.0,45.0,94.943554,e60f101bfb596219ef5576f263739c65ee9fa57e,e53f106bfcc8bcfcc885eb0eb1c2d086216c3bff
20260810_191147_scene_1_auto22_true_gain2_no_backtrack_balanced_00735,,,,10,21.949975,3.210413,7.101753,3.891339,3.891339,,0.067541,1.096361,183.372312,175.043475,95.645263,1.830132,0,0.0,0.0,0,22.258207,,,90.0,90.0,107.274605,9c83865edc697fb808bbf3a1ad2fe33385da9f33,2792912002c4aa1a9b8c27df74d3866efdab5f23
20260810_191147_scene_1_auto22_true_gain2_no_backtrack_balanced_00736,,,,9,22.267991,3.21805,7.101753,3.883702,3.883702,,0.200431,0.8548,184.684329,177.587606,91.912257,1.932143,1,3.647475,3.647475,0,23.309647,,,90.0,135.0,107.274605,8054edb9eb99aea2d429cc4c429e653cfeae66fe,18ffee3097b700e18b4e0fbabfa32796e4afd06c
20260810_191147_scene_1_auto22_true_gain2_no_backtrack_balanced_00737,,,,6,12.816457,3.506593,7.101753,3.59516,3.59516,,0.409081,1.097325,104.523521,99.167782,45.051337,2.201217,1,9.314855,9.314855,0,13.843677,,,120.0,45.0,94.943554,ab1fe5eb9dbc7eb562e06a590e53cc6921080362,3085c274d0c5cc2c64552e2fda5d87336aba4942
20260810_191147_scene_1_auto22_true_gain2_no_backtrack_balanced_00738,,,,9,19.842735,3.288015,7.101753,3.813737,3.813737,,0.075636,0.991157,162.235882,150.707397,69.862821,2.15719,2,10.905381,10.905381,0,22.825829,,,180.0,225.0,107.274605,1c2fcdd3dffaac78a4421cefefe385cd4d7ec432,a7953c661c0a02d7aaccd2ddd5a4d80c695db01e
20260810_191147_scene_1_auto22_true_gain2_no_backtrack_balanced_00739,,,,6,14.444449,3.440544,7.101753,3.661209,3.661209,,0.095517,1.074006,119.34309,115.55559,81.183963,1.42338,0,0.0,0.0,0,34.757642,,,90.0,90.0,85.056446,a8b67f4990ad519369d359a7ea875379e04bcb19,09238bb5e8c23733f6f774b20d04ccf73dd990d6
20260810_191147_scene_1_auto22_true_gain2_no_backtrack_balanced_00740,,,,9,19.969325,2.988959,7.101753,4.112794,4.112794,,0.07377,1.096361,160.657534,152.276442,94.231817,1.615977,0,0.0,0.0,0,22.825829,,,180.0,45.0,106.869711,c846eb4d7105f8a5e66677ba605611f4dd544a0f,a04b15d1ff15a929385575dc6732ab68d96aaa73
20260810_191147_scene_1_auto22_true_gain2_no_backtrack_balanced_00741,,,,7,15.853285,3.340459,7.101753,3.761294,3.761294,,0.088116,1.098936,127.673118,119.348118,51.258302,2.328367,1,8.772241,8.772241,0,22.825829,,,180.0,135.0,90.0,cdea2b5ef0b68c89d851847b2cadcfc70e6e2cda,5a7070d0d68e4fd90f51253e805fb4115c00f661
20260810_191147_scene_1_auto22_true_gain2_no_backtrack_balanced_00742,,,,8,17.784715,3.490279,7.101753,3.611474,3.611474,,0.058996,1.055883,135.946396,127.321396,51.258302,2.483918,2,6.468273,6.468273,0,6.921839,,,120.0,135.0,90.0,9409c7ae3ac89912061e9252e251cfcdab346fdf,68a2d576288f037b31d4f21491dc468f53f0a993
20260810_191147_scene_1_auto22_true_gain2_no_backtrack_balanced_00743,,,,8,18.283862,3.132018,7.101753,3.969735,3.969735,,0.051664,1.074006,153.051631,146.270893,71.913252,2.033991,2,21.035714,21.035714,0,22.258207,,,90.0,135.0,107.274605,84c3fbd932b0c4c34e38cc73b721924c13c3332e,6ed6bc99d3f6ebc44f1838791cd32dae0d48dfa3
20260810_191147_scene_1_auto22_true_gain2_no_backtrack_balanced_00744,,,,10,22.82568,3.089357,7.101753,4.012395,4.012395,,0.050735,1.096361,185.244288,175.12728,116.4852,1.503429,1,0.615344,0.615344,0,22.825829,,,240.0,135.0,107.274605,662c147661b0b1f90471a9ce25f72c72b6669e6c,053c1c645bea4646354cdcae56d7d593cd66a5d9
20260810_191147_scene_1_auto22_true_gain2_no_backtrack_balanced_00745,,,,7,17.358155,3.167372,7.101753,3.934381,3.934381,,0.074081,1.074006,143.609039,138.865237,90.102674,1.541189,1,2.069853,2.069853,0,26.212119,,,90.0,45.0,90.0,b82e70e9a933248c71f648edcd905a15719ff23b,45751f102083501409bd024c243cb5ba4d585b70
20260810_191147_scene_1_auto22_true_gain2_no_backtrack_balanced_00746,,,,9,21.892485,3.284955,7.101753,3.816798,3.816798,,0.146482,1.097325,181.744136,171.776004,68.826435,2.495785,2,20.164967,20.164967,0,6.921839,,,255.0,180.0,106.869711,4a18df75a7cc75c1ab0be61f24b72cc898c10e74,61a1e062cb5fd360c3e03b1c0426a7109ddcd5d9
20260810_191147_scene_1_auto22_true_gain2_no_backtrack_balanced_00747,,,,7,17.355029,3.126914,7.101753,3.974839,3.974839,,0.055047,1.087134,145.636846,138.840228,63.763509,2.177425,1,18.145534,18.145534,0,22.825829,,,90.0,135.0,94.943554,8ee40172754746f9431c5c2d788c6fe0164e666e,93a0ec88d93c44bc0f5a3a329c8d878768bb5d7b
20260810_191147_scene_1_auto22_true_gain2_no_backtrack_balanced_00748,,,,9,18.035386,3.07652,7.101753,4.025232,4.025232,,0.080747,1.074006,143.518654,136.804923,92.172527,1.484227,1,0.338659,0.338659,0,13.843677,,,90.0,90.0,107.274605,c4cd3e1b0b501ccab1dfe36ce5e2a2c2ac907428,e09f042609f7cc8d6a3cda1bf871e857a2e94026
20260810_191147_scene_1_auto22_true_gain2_no_backtrack_balanced_00749,,,,8,15.972526,2.665838,7.101753,4.435914,4.435914,,0.069478,1.074006,133.852387,127.780205,51.907389,2.461696,1,18.145534,18.145534,0,13.843677,,,90.0,90.0,94.943554,82b126e28a8a7630f302949e4df2f0eb4a4bf8b2,4e0be2d5d198194fe05e037e30d8a7354e618fe7
20260810_191147_scene_1_auto22_true_gain2_no_backtrack_balanced_00750,,,,9,20.955029,2.569575,7.101753,4.532177,4.532177,,0.130145,0.8548,169.000672,159.605744,64.138108,2.48847,2,17.926326,17.926326,0,22.825829,,,90.0,180.0,107.274605,b35811dbf68cde4274a053a2d4a7a58a59118cae,3780d292898085878e2321d202ceec70e249a9c4
20260810_191147_scene_1_auto22_true_gain2_no_backtrack_balanced_00751,,,,9,20.895964,3.200339,7.101753,3.901414,3.901414,,0.075636,0.991157,176.845964,166.611388,91.565319,1.819591,1,8.061839,8.061839,0,22.825829,,,180.0,225.0,107.274605,ddc4470a2299a42f902977fa2cf8ca85f7219c39,64490a263347e3f2b84d1acc098a86327e4e53e5
20260810_191147_scene_1_auto22_true_gain2_no_backtrack_balanced_00752,,,,10,22.438286,3.071338,7.101753,4.030415,4.030415,,0.056418,1.096361,184.583059,175.586089,101.57759,1.728591,1,0.235566,0.235566,0,22.825829,,,135.0,90.0,106.869711,2b27ae6d0406eb01e11709419bf3b16a73c03e87,1209e5d4ee7ff9caae5474d9c37dfbfa8e9c09e6
20260810_191147_scene_1_auto22_true_gain2_no_backtrack_balanced_00753,,,,10,22.149231,2.902256,7.101753,4.199497,4.199497,,0.082751,1.096361,185.514007,176.637529,101.813156,1.734919,0,0.0,0.0,0,22.258207,,,90.0,135.0,107.274605,0eecccf6f47c481f2201507ba7481efbde468077,4959e0a16180a5ad102d9eacc79fb04d64b9c97b
20260810_191147_scene_1_auto22_true_gain2_no_backtrack_balanced_00754,,,,9,20.092624,3.063681,7.101753,4.038072,4.038072,,0.050735,1.096361,169.359122,160.740989,101.813156,1.578784,0,0.0,0.0,0,22.258207,,,120.0,180.0,107.274605,c5f7704fe70196d81666aa1f442a2e333a47d02e,7e46c569bcae425946c8a2384fb7529a3a260f39
20260810_191147_scene_1_auto22_true_gain2_no_backtrack_balanced_00755,,,,8,19.286459,3.184337,7.101753,3.917416,3.917416,,0.061977,0.900944,161.507068,153.735345,100.29372,1.532851,0,0.0,0.0,0,23.309647,,,90.0,180.0,107.274605,01a553270634d8b3b44a5fd3794064448b106df5,d884efb43a3c95b0ec3109365b3dad8cf8afe145
20260810_191147_scene_1_auto22_true_gain2_no_backtrack_balanced_00756,,,,7,16.304926,3.173759,7.101753,3.927994,3.927994,,0.302545,0.954149,135.907061,129.883085,91.912257,1.41312,0,0.0,0.0,0,23.309647,,,90.0,135.0,107.274605,d24ded62dd594f7522785a2cb66ef276f0dee0f0,db04fe7c75fcc0a5b4a419a7e505de80cb3541e2
20260810_191147_scene_1_auto22_true_gain2_no_backtrack_balanced_00757,,,,7,16.173496,3.502543,7.101753,3.599209,3.599209,,0.224031,0.8548,127.809242,121.909806,92.948966,1.311578,0,0.0,0.0,0,23.309647,,,90.0,90.0,94.943554,afac13b889074eab20a0e6e339e72bd2b914c183,69cd675fd65c81104e8d55f4b7aeaf06aed4bc12
20260810_191147_scene_1_auto22_true_gain2_no_backtrack_balanced_00758,,,,7,16.511532,2.915615,7.101753,4.186138,4.186138,,0.327924,1.055883,130.920752,124.614096,94.231817,1.322421,0,0.0,0.0,0,23.852261,,,135.0,180.0,90.0,1635a9159d0ff811523a49460619ad637896c9dd,70cf475955d2e55942a27996c99be487486f0513
20260810_191147_scene_1_auto22_true_gain2_no_backtrack_balanced_00759,,,,10,22.884745,3.528285,7.101753,3.573468,3.573468,,0.075636,0.991157,187.726573,175.043475,72.004126,2.43102,3,9.902344,9.902344,0,22.825829,,,210.0,225.0,107.274605,0db2440fcec1d6e72d0a8346a04ae254cf468f9d,c09ba1d985e3202a2c6c4cdea0eb618990a99958
20260810_191147_scene_1_auto22_true_gain2_no_backtrack_balanced_00760,,,,9,19.782258,3.146432,7.101753,3.955321,3.955321,,0.11311,1.096361,166.201721,157.145418,94.991426,1.654312,0,0.0,0.0,0,23.852261,,,180.0,135.0,106.869711,a810f36c77904d1b3ea0fe6aa79dd041861f86e7,60fefc53ac5332451709eb5aeedc88d81468f147
20260810_191147_scene_1_auto22_true_gain2_no_backtrack_balanced_00761,,,,9,22.088754,3.014032,7.101753,4.087721,4.087721,,0.054249,1.060138,176.699441,169.231873,72.336063,2.339523,1,19.773964,19.773964,0,6.921839,,,0.0,180.0,106.869711,8d09499ea32457884d5cdaa20a0d4b1909e9cb9c,f33f876fa7cc0de1a6ffee86b6b1240a7049a000
20260810_191147_scene_1_auto22_true_gain2_no_backtrack_balanced_00762,,,,10,23.62902,3.068099,7.101753,4.033654,4.033654,,0.052256,1.055883,186.263235,174.07584,73.322858,2.374101,2,23.172277,23.172277,0,23.852261,,,240.0,270.0,106.869711,b1ed3437e9ae4ee45c5cae43332fea72ef251de0,69eb12be6e0955e5539560af2d527fab615e0ef9
20260810_191147_scene_1_auto22_true_gain2_no_backtrack_balanced_00763,,,,9,21.821532,3.114912,7.101753,3.986841,3.986841,,0.066878,1.097325,179.695423,171.208381,81.183963,2.108894,1,6.412383,6.412383,0,20.765516,,,180.0,45.0,94.943554,92172f8c0f50f2688f949340b023e3722c22e796,1e0e0bee02c5d346898b92cedf8a36f26e6ce197
20260810_191147_scene_1_auto22_true_gain2_no_backtrack_balanced_00764,,,,10,21.820258,3.130229,7.101753,3.971524,3.971524,,0.053452,0.900944,176.14751,166.527583,101.007751,1.648661,1,0.776439,0.776439,0,22.258207,,,90.0,135.0,107.274605,0a0037bb1f3f7c2799c2b7e1226d81c8df5f36b9,d2eec4ec50cdb11b86c69ab2a8d285c3a09bbc7a
20260810_191147_scene_1_auto22_true_gain2_no_backtrack_balanced_00765,,,,9,19.776182,3.464664,7.101753,3.637088,3.637088,,0.075414,1.097325,163.250756,154.845582,64.138108,2.414252,2,6.88897,6.88897,0,20.765516,,,150.0,45.0,106.869711,976ed06caebfffbc96ee0b90c111f93601bd8f1f,85159760a4cd4598a5dde84181e02a6a7cc935ad
20260810_191147_scene_1_auto22_true_gain2_no_backtrack_balanced_00766,,,,7,15.984715,4.097495,7.101753,3.004258,3.004258,,0.088116,1.048536,128.424558,120.399558,50.788795,2.370593,1,8.772241,8.772241,0,22.825829,,,150.0,135.0,90.0,b6ab76a6ca8e27a17e3c4681248ea3ee2c2b0f8e,1d989b1ae525ee959d9e149ce5fab68d760685a1
20260810_191147_scene_1_auto22_true_gain2_no_backtrack_balanced_00767,,,,8,17.789897,3.443468,7.101753,3.658285,3.658285,,0.075414,1.097325,139.159107,131.477138,67.13242,1.958475,1,6.412383,6.412383,0,20.765516,,,150.0,45.0,107.274605,c00478a00f5663515feaef5b77e7ef436cd34337,28f7666ad94fc5b86b32c436f507338c8c2700c8
20260810_191147_scene_1_auto22_true_gain2_no_backtrack_balanced_00768,,,,5,11.470266,3.967927,7.101753,3.133826,3.133826,,0.474722,1.048536,96.22452,91.762126,72.336063,1.268553,0,0.0,0.0,0,31.881754,,,120.0,135.0,90.0,669529972ca3b02d3a515d5d4c763de9cf3b7af4,cc6ff1c8dc1f9a77345bb506348cda17a087d27f
20260810_191147_scene_1_auto22_true_gain2_no_backtrack_balanced_00769,,,,8,16.723697,3.444506,7.101753,3.657247,3.657247,,0.050512,1.097325,137.585486,130.425699,68.194555,1.912553,2,7.980339,7.980339,0,20.765516,,,120.0,45.0,107.274605,69ae423b5036a71b88f4e5535cc735f7d103a9dc,76b11cdba306455718d20463ea30797311afda49
20260810_191147_scene_1_auto22_true_gain2_no_backtrack_balanced_00770,,,,8,19.162378,3.334133,7.101753,3.76762,3.76762,,0.151398,1.048536,155.439561,145.820864,91.303317,1.597104,1,3.509627,3.509627,0,23.852261,,,225.0,180.0,90.0,c4602704d2f094bf55bce738b9e842b5797b2361,10c1bbe396259cb6d17f9a5f2b64c0fc405222db
20260810_191147_scene_1_auto22_true_gain2_no_backtrack_balanced_00771,,,,7,15.110422,3.586919,7.101753,3.514833,3.514833,,0.125219,1.048536,125.758375,120.883375,50.503876,2.393547,2,8.772241,8.772241,0,23.309647,,,60.0,45.0,90.0,6fe43d0342be84b4a7fda4fadf250b989ed8acd3,ac474da7b631238fe12736b260fe39b04f4727df
20260810_191147_scene_1_auto22_true_gain2_no_backtrack_balanced_00772,,,,7,16.057724,3.613138,7.101753,3.488615,3.488615,,0.159427,1.097325,130.671785,125.097914,51.907389,2.410021,1,6.412383,6.412383,0,20.765516,,,120.0,45.0,94.943554,417d797cfee1a5763c2575b57fcebb4401af07ee,3c66824aff02ed78841188ea282b1b865cfa86b5
20260810_191147_scene_1_auto22_true_gain2_no_backtrack_balanced_00773,,,,9,20.718441,3.115938,7.101753,3.985815,3.985815,,0.084401,1.055883,160.803597,150.791202,68.826435,2.190891,2,24.269973,24.269973,0,13.843677,,,180.0,225.0,106.869711,fb4e8b51a725fa1b6b20ccc5206d1efe0f669ec9,f4a80dc82f72436b195c0e5ef12898e8e9ffe8db
20260810_191147_scene_1_auto22_true_gain2_no_backtrack_balanced_00774,,,,9,20.582648,3.261569,7.101753,3.840184,3.840184,,0.058045,0.976436,163.212848,153.81915,102.516605,1.500432,0,0.0,0.0,0,22.258207,,,270.0,135.0,107.274605,4e7d75a9491b174e09ea88d2889ecc0136891239,91c40caed59fa80b983f05e7df6fcf713524556c
20260810_191147_scene_1_auto22_true_gain2_no_backtrack_balanced_00775,,,,8,18.70857,3.741081,7.101753,3.360672,3.360672,,0.145917,1.097325,152.391722,146.304681,70.906843,2.063337,1,6.412383,6.412383,0,20.765516,,,120.0,45.0,94.943554,a5bd6374bb3dfdd21691d252720801513cd9a33a,c8951f7b2429e8cfcf8fdea7c8ee0ac5b129439b
20260810_191147_scene_1_auto22_true_gain2_no_backtrack_balanced_00776,,,,9,20.897677,3.577866,7.101753,3.523887,3.523887,,0.128598,0.8548,167.023166,159.146935,70.568183,2.255222,2,4.132222,4.132222,0,6.921839,,,90.0,90.0,107.274605,ec55d6750a6ab79e6276484e4144ecc4c575410b,c3f05d6435c180fe31e7e111c754ca46d4b417c6
20260810_191147_scene_1_auto22_true_gain2_no_backtrack_balanced_00777,,,,9,20.778779,3.475679,7.101753,3.626074,3.626074,,0.112199,0.976436,164.56073,155.388196,116.4852,1.333974,1,0.254567,0.254567,0,22.258207,,,180.0,135.0,107.274605,a06e40661f67a420a203533e73cc791a984ff5ac,4750c219d8dfffa36d252e2d6ebf2af5f53b48ee
20260810_191147_scene_1_auto22_true_gain2_no_backtrack_balanced_00778,,,,7,15.92942,3.454648,7.101753,3.647105,3.647105,,0.166294,1.097325,130.376656,124.071482,50.503876,2.456673,1,9.314855,9.314855,0,13.843677,,,120.0,45.0,94.943554,75ff24c2af3d87085b5b8fc488ac14565ca4740e,01d240ab2cd1cd74027b1b6b0ece06958ae1c096
20260810_191147_scene_1_auto22_true_gain2_no_backtrack_balanced_00779,,,,7,16.436356,3.183681,7.101753,3.918072,3.918072,,0.285321,0.963578,137.303993,130.934524,92.172527,1.420537,0,0.0,0.0,0,23.309647,,,90.0,135.0,107.274605,ae5d70896ef29046dd0380c6ad2f3aa5ebeb3f4c,ba1578911f6034f8a98891b5e28259e3bd92f5fb
20260810_191147_scene_1_auto22_true_gain2_no_backtrack_balanced_00780,,,,7,17.425981,3.194756,7.101753,3.906997,3.906997,,0.423249,0.8548,144.07373,139.407851,70.568183,1.975506,1,3.774422,3.774422,0,31.881754,,,90.0,45.0,94.943554,ef057d94c0247a53fbd3f4a41eb63ec7b4c46954,8a55bb5db27e378c57105dd2249826fc9ed01b3f
20260810_191147_scene_1_auto22_true_gain2_no_backtrack_balanced_00781,,,,10,22.756441,3.362353,7.101753,3.7394,3.7394,,0.058078,0.991157,187.247782,174.017044,72.336063,2.405675,1,8.061839,8.061839,0,22.825829,,,210.0,270.0,107.274605,1f3ef690f0d9d054f7382d48ebea80c4f0421d83,bf5ce0cd441006beb9b1379418833241a6ce7b92
20260810_191147_scene_1_auto22_true_gain2_no_backtrack_balanced_00782,,,,9,21.938717,3.470459,7.101753,3.631293,3.631293,,0.071998,0.991157,184.84836,175.509735,81.67544,2.148868,1,8.061839,8.061839,0,22.825829,,,180.0,225.0,107.274605,846ac9739e56d412bf3f7003ee740174d4ca12fb,41e843a815cb86c6a38b775d488102537aab690d
20260810_191147_scene_1_auto22_true_gain2_no_backtrack_balanced_00783,,,,7,15.480112,2.991005,7.101753,4.110748,4.110748,,0.198312,1.060138,123.562736,116.362736,51.258302,2.270125,1,2.13314,2.13314,0,22.258207,,,0.0,180.0,90.0,e28d6ce0e7426132c5795cf3f2424884670c045a,15bd8b483169118e9412244390dcc05d6304f01c
20260810_191147_scene_1_auto22_true_gain2_no_backtrack_balanced_00784,,,,10,23.365063,2.965102,7.101753,4.136651,4.136651,,0.057932,1.055883,191.03602,178.88602,72.004126,2.484386,3,9.914749,9.914749,0,20.765516,,,90.0,270.0,107.274605,c43125cd656f4dd00c66f7a3c8f4564c9f346dd8,977b378e1958a9cf19cfd5cd8d055c4fa534f33f
20260810_191147_scene_1_auto22_true_gain2_no_backtrack_balanced_00785,,,,10,22.892094,3.232591,7.101753,3.869162,3.869162,,0.052601,1.096361,178.136524,168.180433,116.279362,1.446348,1,0.205838,0.205838,0,23.309647,,,135.0,180.0,106.869711,87a77ef38670f7f1b6b401e2059f6b7127201443,bff9b1b4d46189c0440f1150890c58e79c27d1e8
20260810_191147_scene_1_auto22_true_gain2_no_backtrack_balanced_00786,,,,8,18.438123,3.568866,7.101753,3.532886,3.532886,,0.050735,1.096361,148.201607,140.026819,68.477488,2.044859,1,23.087831,23.087831,0,6.921839,,,120.0,180.0,106.869711,8f6d09b2465cd39997213e1e7c0fc2282924e304,5519bc65e4145f7c0955887cfa3ee02efaf1c4b2
20260810_191147_scene_1_auto22_true_gain2_no_backtrack_balanced_00787,,,,9,20.958155,3.097606,7.101753,4.004147,4.004147,,0.069766,0.8548,169.029729,159.630753,89.301491,1.787549,2,4.51988,4.51988,0,23.309647,,,90.0,180.0,107.274605,ef820421e4ce7a7a75d9b54d2c6e8f1c29868c3f,fa6a6999d4f24cc49ebe80ea99a9646c1a14031b
20260810_191147_scene_1_auto22_true_gain2_no_backtrack_balanced_00788,,,,7,14.876191,4.111523,7.101753,2.99023,2.99023,,0.090354,1.097325,114.595976,108.167492,46.619293,2.32023,2,9.314855,9.314855,0,13.843677,,,120.0,45.0,107.274605,44afd24c15743ac3d4081b164c5b5a27de15c1a1,500b4c07f9a265ecefea965906e64f6d04048a14
20260810_191147_scene_1_auto22_true_gain2_no_backtrack_balanced_00789,,,,8,18.045861,3.446842,7.101753,3.65491,3.65491,,0.081442,1.096361,150.178805,143.810567,81.968221,1.754467,0,0.0,0.0,0,23.309647,,,90.0,90.0,107.274605,28778b0c6d1f3622aaaaabdef2e9cf69d0112afd,b8341a0c3456e4083154de43e46ac8404fef2268
20260810_191147_scene_1_auto22_true_gain2_no_backtrack_balanced_00790,,,,6,14.245192,4.107689,7.101753,2.994064,2.994064,,0.125219,1.048536,117.382029,113.961537,50.027288,2.277987,1,8.029494,8.029494,0,23.852261,,,60.0,45.0,90.0,ba9a96199be095bf6ed79c24e895e57d4427b1c2,b04dc77d539cc39a26d04c3f5043f2c0f0937f82
20260810_191147_scene_1_auto22_true_gain2_no_backtrack_balanced_00791,,,,9,21.693228,3.337024,7.101753,3.764729,3.764729,,0.050512,1.097325,177.288253,170.18195,80.888342,2.103912,1,6.412383,6.412383,0,20.765516,,,120.0,45.0,94.943554,d1f32cd8a5df6ed4b795025fb2a25e4d2ce8f9a5,6ceefd9ac97af131256a251fc0d9fc794d00b616
20260810_191147_scene_1_auto22_true_gain2_no_backtrack_balanced_00792,,,,9,20.089498,2.969079,7.101753,4.132673,4.132673,,0.071698,0.991157,168.194253,160.715981,91.565319,1.755206,1,8.061839,8.061839,0,22.825829,,,90.0,90.0,107.274605,4c2b87a5fc7f95da80ddba856e885f66ca845495,ed32b52961ba619c02feef19cd7f2f563d130f57
20260810_191147_scene_1_auto22_true_gain2_no_backtrack_balanced_00793,,,,7,17.358155,3.249828,7.101753,3.851925,3.851925,,0.423249,0.8548,144.262418,138.865237,89.032828,1.559708,1,3.774422,3.774422,0,31.881754,,,90.0,45.0,94.943554,b159f076d0b347868e6745c7661c2674ccfed302,7d7aa18f52dd963339b63e2e04c32b396f741bcf
20260810_191147_scene_1_auto22_true_gain2_no_backtrack_balanced_00794,,,,7,15.178249,3.790115,7.101753,3.311638,3.311638,,0.125219,1.048536,126.305038,121.425989,51.258302,2.368904,2,8.772241,8.772241,0,23.309647,,,60.0,45.0,90.0,4cac5d2e3272ae0badfadafcd50e554900a24bca,b8bdf7395e7747d31d5de62d71c1f730cd126fea
20260810_191147_scene_1_auto22_true_gain2_no_backtrack_balanced_00795,,,,6,14.053285,3.517508,7.101753,3.584244,3.584244,,0.370798,1.048536,116.40128,112.42628,50.788795,2.213604,1,9.055925,9.055925,0,22.825829,,,60.0,45.0,90.0,5b1bc7f3e41deecda67f1f1237e2a028c72cafc3,7743987f65897247973975f2110e5de03fe3d3ef
20260810_191147_scene_1_auto22_true_gain2_no_backtrack_balanced_00796,,,,8,17.398733,3.739082,7.101753,3.36267,3.36267,,0.088116,1.048536,138.168779,128.347828,52.641705,2.43814,1,8.772241,8.772241,0,22.825829,,,240.0,135.0,106.869711,dc701b90ec022bd4dd69300c5c75481b812f011d,7dc1e2b3c07a148cb7ad7bbb0796aed872b75526
20260810_191147_scene_1_auto22_true_gain2_no_backtrack_balanced_00797,,,,9,22.080622,3.267793,7.101753,3.83396,3.83396,,0.050735,1.096361,185.614241,176.64498,122.503768,1.441955,0,0.0,0.0,0,23.852261,,,165.0,180.0,106.869711,30c06070690693a652d8a083fa77e25f3052b122,276fcf8e9b265a094036feeb1d606c332d9ccb12
20260810_191147_scene_1_auto22_true_gain2_no_backtrack_balanced_00798,,,,7,15.269522,3.218769,7.101753,3.882984,3.882984,,0.066186,1.055883,121.73409,114.121696,46.173432,2.471588,1,22.653004,22.653004,0,20.765516,,,120.0,225.0,90.0,36a9980f396bd33835d4153f2ceaaabff10d8e38,d8eb5fbb08052c4b4a8972c937cc28ea6d8279bd
20260810_191147_scene_1_auto22_true_gain2_no_backtrack_balanced_00799,,,,9,19.267972,3.277363,7.101753,3.82439,3.82439,,0.070511,1.096361,150.839136,143.301741,93.97725,1.524856,1,0.254567,0.254567,0,22.258207,,,135.0,90.0,106.869711,3cfe7113c78584825d5ff5d86a877de9b6d119ad,8cde31da8445905617e827b499b9792e9a8996e8
20260810_191147_scene_1_auto22_true_gain2_no_backtrack_balanced_00800,,,,8,18.174165,3.288015,7.101753,3.813737,3.813737,,0.153054,0.991157,153.346786,144.836998,69.862821,2.073163,1,5.928699,5.928699,0,22.825829,,,120.0,135.0,107.274605,796c620a654de7492d20ab1533f042cb7f798dd8,ba293ec853ba04d6f4c8f67284de2e4cc2315863
20260810_191147_scene_1_auto22_true_gain2_no_backtrack_balanced_00801,,,,10,21.515844,2.986756,7.101753,4.114997,4.114997,,0.11311,1.096361,174.892266,164.092266,94.231817,1.741368,1,0.759608,0.759608,0,22.258207,,,180.0,180.0,107.274605,41e9a1048c395d1a8cd072a2346f8c3f0c7c10c2,2dd850b21635c15ab0e9efdc2c07d3e712353333
20260810_191147_scene_1_auto22_true_gain2_no_backtrack_balanced_00802,,,,7,15.99412,3.459709,7.101753,3.642044,3.642044,,0.150211,1.085789,131.301482,124.589088,51.258302,2.430613,1,19.773964,19.773964,0,6.921839,,,210.0,45.0,106.869711,d77baf08c00e5aa6dab8279ae90c22d698977803,7cd65dcd76be62aeccba0763098f760d51992b6d
20260810_191147_scene_1_auto22_true_gain2_no_backtrack_balanced_00803,,,,9,20.219515,3.132018,7.101753,3.969735,3.969735,,0.062843,0.8548,169.751028,161.199798,71.913252,2.241587,1,4.132222,4.132222,0,6.921839,,,90.0,135.0,107.274605,c97804443945bdc85606c1042133f5491c81336a,d60d5ced17d59b2d62df5bd0fc7eb605bdf405d9
20260810_191147_scene_1_auto22_true_gain2_no_backtrack_balanced_00804,,,,9,21.092094,3.089357,7.101753,4.012395,4.012395,,0.07175,1.096361,169.658383,161.258595,116.4852,1.38437,0,0.0,0.0,0,23.852261,,,120.0,135.0,106.869711,6074d3f88e3b7e9d5a9cb1283603bbc96ca17f1a,6bd5c382d7fd4192b20e71b65d3c8f4db525ced5
20260810_191147_scene_1_auto22_true_gain2_no_backtrack_balanced_00805,,,,7,17.358155,3.167372,7.101753,3.934381,3.934381,,0.423249,0.8548,144.262418,138.865237,90.102674,1.541189,1,3.774422,3.774422,0,31.881754,,,90.0,45.0,94.943554,4deebfc326c04903759e5032825818073ec929d3,46f4d262de1bc18bdbc5d147c6711e65b35b1f81
20260810_191147_scene_1_auto22_true_gain2_no_backtrack_balanced_00806,,,,9,20.777204,2.954571,7.101753,4.147181,4.147181,,0.11311,1.096361,167.101866,158.739472,68.826435,2.306374,2,22.738883,22.738883,0,6.921839,,,150.0,135.0,106.869711,46cb9750941cce026c1a9abe913576ac879780b5,e36128e0414c6934dad942a7a3e70c7b7eaaf2d8
20260810_191147_scene_1_auto22_true_gain2_no_backtrack_balanced_00807,,,,9,20.698421,3.57895,7.101753,3.522802,3.522802,,0.088116,1.048536,162.578789,150.631043,63.763509,2.362339,2,9.294014,9.294014,0,23.309647,,,300.0,225.0,90.0,550a6d8209bda61e9f350e88686c5fd1b1a439c3,75c6d952e9f106ed4bb6145a2b2d420688a46a59
20260810_191147_scene_1_auto22_true_gain2_no_backtrack_balanced_00808,,,,7,16.173496,2.665838,7.101753,4.435914,4.435914,,0.401333,1.060736,127.809242,121.909806,51.907389,2.348602,1,20.005864,20.005864,0,13.843677,,,90.0,90.0,94.943554,84feae88dba199667e0ed5a72eef484ee476b402,01269d2896ea8088826db19a2e7d58b4ceeb413f
20260810_191147_scene_1_auto22_true_gain2_no_backtrack_balanced_00809,,,,8,19.039256,3.27314,7.101753,3.828612,3.828612,,0.075414,1.097325,156.073481,148.950174,64.138108,2.322335,1,6.412383,6.412383,0,20.765516,,,180.0,45.0,94.943554,5dbfa5db87e21788bdf24493f185a1af41cec6a7,535393babc0130785c308054d28dc6fd6724f8b2
20260810_191147_scene_1_auto22_true_gain2_no_backtrack_balanced_00810,,,,9,21.819957,3.572966,7.101753,3.528787,3.528787,,0.075636,0.991157,185.281839,174.559658,91.565319,1.906395,1,8.061839,8.061839,0,22.825829,,,240.0,180.0,107.274605,5d716486f5f80c74777a3f2857a4eb10ff45576a,64b401e1c28ce9caad84b7aa67d09a913a2cdc74
20260810_191147_scene_1_auto22_true_gain2_no_backtrack_balanced_00811,,,,10,22.569716,3.071338,7.101753,4.030415,4.030415,,0.050735,1.096361,181.509281,169.71569,101.57759,1.670799,2,0.490133,0.490133,0,22.258207,,,255.0,180.0,107.274605,ce00c8b6690caf9434fd57efd85f9f5d04f59748,f14367f1203ab7aa076695dbf8cd84a2d9bf9824
20260810_191147_scene_1_auto22_true_gain2_no_backtrack_balanced_00812,,,,10,22.181678,2.902256,7.101753,4.199497,4.199497,,0.050735,1.096361,175.919274,166.611388,101.813156,1.636443,0,0.0,0.0,0,22.258207,,,210.0,135.0,107.274605,b2c570bc315008ef6a10df2250f26cbc30cc02d1,ea6865901929218c1c761c96bf8a87edddbd3f27
20260810_191147_scene_1_auto22_true_gain2_no_backtrack_balanced_00813,,,,10,21.823083,3.146625,7.101753,3.955128,3.955128,,0.0927,1.096361,182.751674,174.584666,101.813156,1.714755,1,0.703449,0.703449,0,22.258207,,,180.0,45.0,107.274605,f5029713b65d92046fb15cc81377b96fe4605850,a98536ac6f22592bb3e0f4966dc1ac4a3ed9890e
20260810_191147_scene_1_auto22_true_gain2_no_backtrack_balanced_00814,,,,8,19.289585,3.18521,7.101753,3.916543,3.916543,,0.247069,0.8548,161.58433,153.760354,100.29372,1.533101,0,0.0,0.0,0,23.309647,,,90.0,135.0,107.274605,0ed07f2e98109b4d914f930a581d9f3cf712f96a,865882b60c6712a7d67893206f4177852b0b1f19
20260810_191147_scene_1_auto22_true_gain2_no_backtrack_balanced_00815,,,,8,20.208257,3.173759,7.101753,3.927994,3.927994,,0.1271,0.8548,167.963239,161.666058,91.912257,1.758917,1,3.774422,3.774422,0,23.309647,,,90.0,45.0,94.943554,25f4c83268ab4a33589924ec4564407480fd4b6e,67f2a490a70284b7b85042f23bb5fba4b8d9fcc5
20260810_191147_scene_1_auto22_true_gain2_no_backtrack_balanced_00816,,,,8,20.208257,3.246315,7.101753,3.855438,3.855438,,0.1271,0.8548,167.963239,161.666058,92.948966,1.739299,1,3.774422,3.774422,0,23.309647,,,90.0,45.0,94.943554,323343ee99e6cfaba19366e126aa85d7cfb2e5f6,c2ee4d27a48b1e346e58fc72bb59d6f7411c4150
20260810_191147_scene_1_auto22_true_gain2_no_backtrack_balanced_00817,,,,10,23.233494,2.915615,7.101753,4.186138,4.186138,,0.088578,1.048536,188.867361,175.025918,94.231817,1.857397,2,3.771629,3.771629,0,22.258207,,,315.0,270.0,107.274605,e8f63960cf1223f3af3f2d8253c0b5beb2252a64,4bfea9bbba13759935d0237a787d60102ca458dd
20260810_191147_scene_1_auto22_true_gain2_no_backtrack_balanced_00818,,,,8,19.153315,4.037904,7.101753,3.063848,3.063848,,0.075636,0.991157,163.348701,153.22652,72.004126,2.128024,1,8.061839,8.061839,0,22.825829,,,180.0,180.0,107.274605,b387c1118623e93e45e9dd2246da1de9035fb38c,53960f3e6b87e2239058aea2a7b4917cea72786a
20260810_191147_scene_1_auto22_true_gain2_no_backtrack_balanced_00819,,,,7,16.182258,3.099758,7.101753,4.001995,4.001995,,0.080483,1.096361,135.476761,129.458064,94.991426,1.362839,0,0.0,0.0,0,23.852261,,,90.0,90.0,106.869711,f8a639b56f2031c025f84b1a5b23738da6d85e78,526bae2ddc8d5f8c76f6a01669d549592f3a5faa
20260810_191147_scene_1_auto22_true_gain2_no_backtrack_balanced_00820,,,,6,13.39857,3.531991,7.101753,3.569762,3.569762,,0.061206,1.055883,104.641487,99.710396,72.336063,1.378433,0,0.0,0.0,0,23.852261,,,60.0,135.0,90.0,8329a9f448e79bdeed7b8e3a7de4b44da6559deb,653b536a27f94aca1c6c19d93893a43f189e7a22
20260810_191147_scene_1_auto22_true_gain2_no_backtrack_balanced_00821,,,,10,23.500717,3.068099,7.101753,4.033654,4.033654,,0.052256,1.055883,192.327339,179.971248,73.322858,2.454504,2,23.199657,23.199657,0,23.852261,,,240.0,270.0,106.869711,4c196c5a6d6a794786924931b075b04f5c98b9eb,12c2d9c11465fb11ea7adf610151f8a853d448fe
20260810_191147_scene_1_auto22_true_gain2_no_backtrack_balanced_00822,,,,6,14.444449,3.14672,7.101753,3.955033,3.955033,,0.683598,0.981188,120.052772,115.55559,81.183963,1.42338,0,0.0,0.0,0,31.881754,,,90.0,45.0,94.943554,920ed9bc5e8f7cc4d03d6592a5914c81ebae7b97,848c777f9451ce12be4e8d929addf0c351a7a926
20260810_191147_scene_1_auto22_true_gain2_no_backtrack_balanced_00823,,,,9,19.776182,3.464664,7.101753,3.637088,3.637088,,0.093681,1.097325,161.997271,154.845582,64.138108,2.414252,2,6.88897,6.88897,0,20.765516,,,120.0,45.0,106.869711,a39744da33460ceab7ff1f4bd1b7284b3bdf520e,53d3294f9376421d5872fb56d62bd0c590dad40e
20260810_191147_scene_1_auto22_true_gain2_no_backtrack_balanced_00824,,,,8,17.653285,4.097495,7.101753,3.004258,3.004258,,0.088116,1.048536,135.194957,126.269957,50.788795,2.486177,2,9.798672,9.798672,0,22.258207,,,150.0,135.0,90.0,c883e25bd15ec3cc594392253d873d7d6504067e,3c7f8a02c8b58c9dbac15788d8a90cd635cdba6d
20260810_191147_scene_1_auto22_true_gain2_no_backtrack_balanced_00825,,,,9,21.351828,2.96102,7.101753,4.140732,4.140732,,0.107259,1.096361,172.324213,163.336465,72.336063,2.258023,1,23.087831,23.087831,0,6.921839,,,150.0,135.0,106.869711,fdefc624e66dbe4346309a483b76a3832567eb2d,500bfda005d6c1286cc83a12a6dfb10eaf3b8f3d
20260810_191147_scene_1_auto22_true_gain2_no_backtrack_balanced_00826,,,,9,20.380404,3.1239,7.101753,3.977852,3.977852,,0.057852,1.060138,157.034658,148.086912,68.194555,2.171536,2,11.447995,11.447995,0,23.309647,,,0.0,225.0,90.0,4bf66817ca2339b7fa367cf2bd71dc848a8e5a35,6a174be005022eb5ae42ebb5b5130fb6d950d716
20260810_191147_scene_1_auto22_true_gain2_no_backtrack_balanced_00827,,,,10,22.50577,3.086889,7.101753,4.014864,4.014864,,0.088116,1.048536,169.424073,157.611678,91.303317,1.726243,2,9.034243,9.034243,0,22.825829,,,180.0,225.0,106.869711,4a77a12e0a96b0584dfb4bb7347165e177ac3bd6,676431fc742ba0e1e021d9ba28d8bb45182f6563
20260810_191147_scene_1_auto22_true_gain2_no_backtrack_balanced_00828,,,,7,15.110422,3.586919,7.101753,3.514833,3.514833,,0.071832,1.048536,126.276613,120.883375,50.503876,2.393547,1,9.055925,9.055925,0,22.258207,,,60.0,45.0,107.274605,9b9ec5e43a5fab0caf3d96063537a9dd1656dc9e,1fe07e9e9bc5b8900fb3d0f2b00649fb33f4b33f
20260810_191147_scene_1_auto22_true_gain2_no_backtrack_balanced_00829,,,,7,14.978992,3.16551,7.101753,3.936243,3.936243,,0.071832,1.085463,124.879682,119.831935,51.907389,2.308572,1,9.055925,9.055925,0,22.825829,,,60.0,45.0,90.0,af1d02b1302a6fc49603afed433c51fcff272e01,bd38ca337168ce2a3a111924f46e42163f68b0b4
20260810_191147_scene_1_auto22_true_gain2_no_backtrack_balanced_00830,,,,9,19.773195,3.593196,7.101753,3.508557,3.508557,,0.053497,0.991157,168.595114,157.629236,68.826435,2.290243,2,10.114701,10.114701,0,22.825829,,,180.0,225.0,107.274605,002ad7ad8277bfd16f602ff6425030ecb8f15623,e904d137467ad3c384b8bc88984360b477deec14
20260810_191147_scene_1_auto22_true_gain2_no_backtrack_balanced_00831,,,,9,21.351828,3.344771,7.101753,3.756982,3.756982,,0.050735,1.096361,172.328261,163.336465,116.4852,1.402208,1,0.254567,0.254567,0,22.258207,,,150.0,135.0,107.274605,522311f65f70e11624376aa40d7b944dc75d3570,446186ef4bdef42d79a59c2fd0e7a58251b2e7e3
20260810_191147_scene_1_auto22_true_gain2_no_backtrack_balanced_00832,,,,9,19.751461,3.49846,7.101753,3.603293,3.603293,,0.054925,0.991157,166.304364,158.011691,70.568183,2.239135,2,8.538426,8.538426,0,22.825829,,,120.0,135.0,107.274605,7d3f5f0ef29b310cb6391e20557e8b59ef98aec9,98c87cb05679f315c5a21530e00ef38b6a5dac29
20260810_191147_scene_1_auto22_true_gain2_no_backtrack_balanced_00833,,,,10,21.89091,3.039442,7.101753,4.062311,4.062311,,0.0927,1.096361,183.294288,175.12728,72.336063,2.421023,1,22.227691,22.227691,0,22.825829,,,180.0,45.0,107.274605,b2f7f20712e3f9dd8f0bfe73d520113df54cb96a,9777be36e0d3036998f16b4af8ade3b73aef3dbd
20260810_191147_scene_1_auto22_true_gain2_no_backtrack_balanced_00834,,,,7,15.79799,3.62743,7.101753,3.474322,3.474322,,0.247614,0.976436,129.267789,123.020043,81.67544,1.506206,0,0.0,0.0,0,22.258207,,,180.0,45.0,107.274605,86087aeeef4326359e694c3cbb4e9d15acce87ff,9ca73aa6c262819ffcb8461212729ae022b46e15
20260810_191147_scene_1_auto22_true_gain2_no_backtrack_balanced_00835,,,,8,17.408416,2.991005,7.101753,4.110748,4.110748,,0.070084,1.060138,132.7484,124.311006,51.258302,2.425188,1,2.13314,2.13314,0,22.258207,,,0.0,180.0,106.869711,0c027e8dfe996973b1e248bb05fad15f23a78094,0eb2372aa3fabdfc8b7b91b0991e6fc25d46817c
20260810_191147_scene_1_auto22_true_gain2_no_backtrack_balanced_00836,,,,7,15.260459,3.108227,7.101753,3.993526,3.993526,,0.050594,1.055883,123.08435,114.605513,72.004126,1.591652,1,2.875887,2.875887,0,23.309647,,,150.0,180.0,107.274605,12b3457a484e528040a15fba9a8fad746b8eafac,4d0ac5f3d73aabeaa1908cabc13ed0e6d76ce5cb
20260810_191147_scene_1_auto22_true_gain2_no_backtrack_balanced_00837,,,,8,19.295221,3.161107,7.101753,3.940645,3.940645,,0.050735,1.096361,160.680461,154.361764,116.279362,1.327508,0,0.0,0.0,0,23.852261,,,120.0,90.0,106.869711,30fdcd41191deac57199bde8fe55be79504ddab8,9193f4308c7f40abb9fc16b33835582c92f14c81
20260810_191147_scene_1_auto22_true_gain2_no_backtrack_balanced_00838,,,,8,18.779661,2.984592,7.101753,4.117161,4.117161,,0.121259,1.055883,151.20057,142.759127,68.477488,2.08476,2,10.905381,10.905381,0,13.843677,,,90.0,180.0,107.274605,44542f05c6007539e60dda3baec61da8366e33d3,c26e477d776f6677f7146722685262f45c9115bf
20260810_191147_scene_1_auto22_true_gain2_no_backtrack_balanced_00839,,,,8,18.302469,3.446842,7.101753,3.65491,3.65491,,0.081442,1.096361,152.737759,145.86343,81.968221,1.779512,0,0.0,0.0,0,23.309647,,,90.0,90.0,107.274605,790c6984d23ed57a42d9546eefa138e1d98b13e2,3cf3a9af400754a097f662fd581e8eccb24cc1df
20260810_191147_scene_1_auto22_true_gain2_no_backtrack_balanced_00840,,,,7,15.540589,3.103371,7.101753,3.998382,3.998382,,0.085947,1.060138,123.544299,116.846553,50.027288,2.335656,1,2.13314,2.13314,0,22.258207,,,0.0,135.0,107.274605,11ae5ca7d3f09bc8454fc5f3761ad9162396b67f,4420683452e5f4e8e97babe27186a43f62eb7334
20260810_191147_scene_1_auto22_true_gain2_no_backtrack_balanced_00841,,,,9,20.451218,3.139935,7.101753,3.961818,3.961818,,0.088578,1.048536,161.775597,152.767711,91.565319,1.668401,1,6.468273,6.468273,0,22.258207,,,180.0,135.0,107.274605,b8155cd85366dc435457ae99fa8034c0567f9ad0,5a6fa6304fa5cdf3f9151a3fc90ffaa94c6c79b9
20260810_191147_scene_1_auto22_true_gain2_no_backtrack_balanced_00842,,,,7,16.113019,3.605772,7.101753,3.49598,3.49598,,0.088116,1.048536,130.100425,121.425989,51.258302,2.368904,1,8.772241,8.772241,0,23.309647,,,210.0,135.0,94.943554,09c5c25f507a2a6acd97ef1807167e57b7621452,4279c83decdd33562c8fa0d8eb31ad6551e5f6ac
20260810_191147_scene_1_auto22_true_gain2_no_backtrack_balanced_00843,,,,7,15.309679,3.517508,7.101753,3.584244,3.584244,,0.099885,1.048536,127.916054,122.477429,50.788795,2.411505,1,5.606644,5.606644,0,22.258207,,,60.0,45.0,107.274605,3a55b105a0bb4d06f77e79ae35ed209f82023565,412c6eaa486ac276fba88a0391e5a30f78f175ca
20260810_191147_scene_1_auto22_true_gain2_no_backtrack_balanced_00844,,,,7,15.730163,3.739082,7.101753,3.36267,3.36267,,0.129811,1.048536,130.067182,122.477429,52.641705,2.326624,2,5.084871,5.084871,0,6.921839,,,150.0,135.0,107.274605,bf01cb8e20920b1b3ebc98277935f279a5753de6,72e3935a303121ec87abaa164cf01e2e2b173bce
20260810_191147_scene_1_auto22_true_gain2_no_backtrack_balanced_00845,,,,5,11.402439,3.689251,7.101753,3.412501,3.412501,,0.58035,1.048536,94.294512,91.219512,46.173432,1.975584,1,4.615364,4.615364,0,31.881754,,,60.0,45.0,90.0,908c94617c3c5919185bfaee6fed2dde7ec26070,1886904d6b06a8fc968eb626dae1422d83764756
20260810_191147_scene_1_auto22_true_gain2_no_backtrack_balanced_00846,,,,10,23.87921,3.277363,7.101753,3.82439,3.82439,,0.050735,1.055883,188.081406,176.077357,93.97725,1.873617,1,4.937184,4.937184,0,22.258207,,,165.0,270.0,107.274605,cd6aeb2a62537df35de441a55b72d1ca48917a19,d9cb1c2d800165f2f7bcebdb20fe5eb779e964b1
20260810_191147_scene_1_auto22_true_gain2_no_backtrack_balanced_00847,,,,7,15.679369,3.102059,7.101753,3.999694,3.999694,,0.182896,1.055883,125.719184,117.95679,69.862821,1.688406,1,1.53109,1.53109,0,22.825829,,,180.0,135.0,106.869711,2f0939a8880dbdc85c324f7cdda5c212b2de4d6d,f1b9cbffb42a90103b99b659f53bf5d4d0545cf4
20260810_191147_scene_1_auto22_true_gain2_no_backtrack_balanced_00848,,,,8,18.044148,2.962409,7.101753,4.139344,4.139344,,0.081689,1.096361,151.147443,144.353181,94.231817,1.531894,0,0.0,0.0,0,23.852261,,,150.0,45.0,106.869711,bf51b9c41282cbf80b4df7a6dca28d7fcf2d3c42,4176d26043fad43a3562bac916079155f620afa8
20260810_191147_scene_1_auto22_true_gain2_no_backtrack_balanced_00849,,,,7,15.99412,3.682554,7.101753,3.419199,3.419199,,0.153109,1.085789,130.701482,124.589088,51.258302,2.430613,1,19.773964,19.773964,0,6.921839,,,150.0,45.0,106.869711,9b15ff1eb4eaef680a22c90e5fb8f6d503cf5777,b9921b7e4e48c055606012375bdfa8c095f3d86e
20260810_191147_scene_1_auto22_true_gain2_no_backtrack_balanced_00850,,,,10,22.766917,3.089357,7.101753,4.012395,4.012395,,0.050735,1.096361,178.744889,167.17901,116.4852,1.435195,1,0.254567,0.254567,0,22.258207,,,240.0,225.0,107.274605,bd7651208f4e2a4b98151806aed37ad6cb8caa8c,c79ceb3923b72ac7132b471006ba8dd759292a96
20260810_191147_scene_1_auto22_true_gain2_no_backtrack_balanced_00851,,,,7,15.669686,4.052876,7.101753,3.048877,3.048877,,0.129811,1.048536,129.710619,121.993612,68.826435,1.772482,2,5.084871,5.084871,0,22.258207,,,180.0,135.0,107.274605,df91577fb969164b3ac416453cdb4ce0fa5f2eab,38d31810e945387913e2ebfaed641c265b670a6e
20260810_191147_scene_1_auto22_true_gain2_no_backtrack_balanced_00852,,,,9,20.958155,3.20497,7.101753,3.896782,3.896782,,0.056086,1.066662,162.160145,152.708914,63.763509,2.394926,1,6.468273,6.468273,0,22.258207,,,180.0,135.0,107.274605,75409e108057fb98a898ae4b5e8deed1b44ba1ec,d845251100154379f3cda74213bf4a25386e0e29
20260810_191147_scene_1_auto22_true_gain2_no_backtrack_balanced_00853,,,,10,22.754727,3.311275,7.101753,3.790478,3.790478,,0.050735,0.991157,187.062931,174.559658,91.565319,1.906395,1,8.061839,8.061839,0,22.825829,,,210.0,225.0,107.274605,50e37c4be8380da148a3ec8a09a8ff29b83fb892,2e6d34a980cdb707019da25aac4b55db9323cb6a
20260810_191147_scene_1_auto22_true_gain2_no_backtrack_balanced_00854,,,,10,22.569716,3.071338,7.101753,4.030415,4.030415,,0.050735,1.096361,180.654668,169.71569,101.57759,1.670799,1,0.235566,0.235566,0,22.258207,,,255.0,180.0,107.274605,e3e584f47db7c41bcdc89783e97857209ecf086d,d3909d026ba9247ee5a7a5307250583c70616be2
20260810_191147_scene_1_auto22_true_gain2_no_backtrack_balanced_00855,,,,9,21.024268,3.308894,7.101753,3.792859,3.792859,,0.067665,1.096361,169.71172,160.715981,101.813156,1.578538,1,0.254567,0.254567,0,23.309647,,,180.0,135.0,106.869711,30939d99b97298cf4f951d8299171ac5cfbaa3af,4095335fca7b78831c8a1feb529cdd22b846e551
20260810_191147_scene_1_auto22_true_gain2_no_backtrack_balanced_00856,,,,10,23.084002,3.063681,7.101753,4.038072,4.038072,,0.050735,1.096361,187.966366,176.637529,101.813156,1.734919,0,0.0,0.0,0,22.258207,,,120.0,270.0,107.274605,a36798625c35208ed3e5dfff5c00b9e6740ba83c,cd71dc535c1f607641083ebe6a142263b073d0a0
20260810_191147_scene_1_auto22_true_gain2_no_backtrack_balanced_00857,,,,8,18.978918,2.915615,7.101753,4.186138,4.186138,,0.071698,1.055883,151.208708,144.353181,94.231817,1.531894,1,1.53109,1.53109,0,23.852261,,,135.0,90.0,106.869711,15fcea4bb12c780f97ab059dd7be3fc25f48ac42,7d8d5c1cc20fbd65dc682b9f275e300422ee7a87
20260810_191147_scene_1_auto22_true_gain2_no_backtrack_balanced_00858,,,,9,20.956441,3.352262,7.101753,3.749491,3.749491,,0.075636,0.991157,178.669076,167.095205,72.004126,2.320634,2,10.114701,10.114701,0,22.825829,,,180.0,225.0,107.274605,e6a8df8bca14cb5bc84d9b56c57f605e13233695,53b401c5325e01d4c7b4bfc49fedea755b8c0b68
20260810_191147_scene_1_auto22_true_gain2_no_backtrack_balanced_00859,,,,9,19.969325,3.099758,7.101753,4.001995,4.001995,,0.080483,1.096361,167.185675,159.198281,94.991426,1.675923,0,0.0,0.0,0,22.258207,,,90.0,90.0,106.869711,7de387d1d3966b594b5bbaf7b86b15935615d7ec,cec122358989ca686298ef191160940482333a2b
20260810_191147_scene_1_auto22_true_gain2_no_backtrack_balanced_00860,,,,10,22.756441,3.180241,7.101753,3.921512,3.921512,,0.055423,0.991157,186.486971,174.017044,72.336063,2.405675,2,9.048634,9.048634,0,22.825829,,,240.0,225.0,107.274605,bd86d81211740bf322e9317aa67a59ed7c0edfff,ba90cee182f911bcbb63f7ae5ce0902da126e6f3
20260810_191147_scene_1_auto22_true_gain2_no_backtrack_balanced_00861,,,,9,21.220398,3.068099,7.101753,4.033654,4.033654,,0.050735,1.096361,171.191117,162.285026,73.322858,2.213294,1,21.641187,21.641187,0,22.258207,,,120.0,180.0,106.869711,08a960b98c05dab64acd8d4205d8d36264a02cf2,b94b5e284793ebb9f59082ecebcb315236c363e9
20260810_191147_scene_1_auto22_true_gain2_no_backtrack_balanced_00862,,,,9,19.950718,3.464664,7.101753,3.637088,3.637088,,0.075636,0.991157,168.067115,159.605744,64.138108,2.48847,1,8.061839,8.061839,0,22.258207,,,120.0,135.0,107.274605,5a041a62dc6a362af52d41eb6903fc2763e80617,1769d90871a02199f4958af45e17ca2691cd9300
20260810_191147_scene_1_auto22_true_gain2_no_backtrack_balanced_00863,,,,7,15.19857,3.433102,7.101753,3.668651,3.668651,,0.056942,1.055883,120.641468,113.554073,72.336063,1.569813,0,0.0,0.0,0,23.852261,,,135.0,180.0,90.0,62b31bc72ab9e72a6e9af464130e46f17aab5fd9,b96a2948550a14d4a37c865eb830706a6f59f619
20260810_191147_scene_1_auto22_true_gain2_no_backtrack_balanced_00864,,,,10,22.017801,3.464556,7.101753,3.637197,3.637197,,0.058078,0.991157,187.845665,175.586089,91.303317,1.923107,1,8.061839,8.061839,0,22.825829,,,180.0,180.0,107.274605,8e0bc2bf2e785efc92b1d75507f319ec3ea90f86,e6d71e3087623ea7f9ae3e71dcb3ae41ae25ca90
20260810_191147_scene_1_auto22_true_gain2_no_backtrack_balanced_00865,,,,7,15.79799,3.941568,7.101753,3.160185,3.160185,,0.055061,1.085789,129.695043,123.020043,51.907389,2.369991,1,19.773964,19.773964,0,6.921839,,,150.0,45.0,106.869711,a553dbbb37631b8a49c26402e16ef72e294e79e5,7203d3a35d6c74d6ff20e79cdc6e4586d25d5078
20260810_191147_scene_1_auto22_true_gain2_no_backtrack_balanced_00866,,,,9,19.78367,3.115938,7.101753,3.985815,3.985815,,0.052256,1.055883,160.634899,150.791202,68.826435,2.190891,3,24.269973,24.269973,0,13.843677,,,180.0,225.0,106.869711,5bc4dc53a7ca6279f931c2fdb32e3545ca219d23,afa219d61e9cc4472151e30f89c8d330faf16b87
20260810_191147_scene_1_auto22_true_gain2_no_backtrack_balanced_00867,,,,9,21.095221,3.317915,7.101753,3.783838,3.783838,,0.050735,1.096361,170.580785,161.283603,116.4852,1.384585,0,0.0,0.0,0,22.258207,,,120.0,225.0,107.274605,32d17dbf346b3130c9c6bbd37c3d981a08cf15ce,d79c8a23b9531a8251021d21dadb3a99d73793e2
20260810_191147_scene_1_auto22_true_gain2_no_backtrack_balanced_00868,,,,9,21.481921,3.123518,7.101753,3.978235,3.978235,,0.075636,0.991157,182.098042,171.855368,70.568183,2.43531,2,10.194979,10.194979,0,22.825829,,,180.0,225.0,107.274605,85c501ce6f580af4a835baeb00f2aeadd99222b0,b71528d8a47afa0c8a4ef7d85dd3e62372c39903
20260810_191147_scene_1_auto22_true_gain2_no_backtrack_balanced_00869,,,,10,22.555471,3.644978,7.101753,3.456775,3.456775,,0.050243,0.991157,191.265927,179.887443,72.336063,2.486829,1,8.061839,8.061839,0,22.258207,,,210.0,135.0,107.274605,e47f47a0112ac121dea83db98731b77d3825019b,2e3d1a19e23e68870d87645c007f01b9d3a1c83f
20260810_191147_scene_1_auto22_true_gain2_no_backtrack_balanced_00870,,,,8,17.784715,3.240839,7.101753,3.860914,3.860914,,0.064965,1.055883,135.946396,127.321396,51.258302,2.483918,2,6.468273,6.468273,0,22.825829,,,120.0,135.0,90.0,d24e194100868dbaa020e89c581839174b9302eb,42840bdba86bd2fd7fc71fcb8dfbccd610d9a338
20260810_191147_scene_1_auto22_true_gain2_no_backtrack_balanced_00871,,,,10,22.697376,2.965102,7.101753,4.136651,4.136651,,0.059053,1.055883,184.387679,174.100849,72.004126,2.417929,3,24.878692,24.878692,0,6.921839,,,90.0,180.0,106.869711,56af2d83571e5db5332df626284853875b784fbd,673ddb9aa6a9570177bb1114f5168aaded69962c
20260810_191147_scene_1_auto22_true_gain2_no_backtrack_balanced_00872,,,,8,18.782787,2.984592,7.101753,4.117161,4.117161,,0.059053,1.055883,151.229628,142.784136,68.477488,2.085125,2,11.931812,11.931812,0,6.921839,,,90.0,180.0,107.274605,363bd3293fb9799abaec6b093bc49bdc74be3c6b,eda3e4fedb84aebd4702f673552818ad6044cf9f
20260810_191147_scene_1_auto22_true_gain2_no_backtrack_balanced_00873,,,,9,19.036269,3.446842,7.101753,3.65491,3.65491,,0.081442,1.096361,160.062666,151.733828,81.968221,1.85113,1,0.331937,0.331937,0,22.258207,,,90.0,90.0,107.274605,6e79737e32a3a7ac99d700805377ef045286dd45,354cf7c91206d08d5c446816fe5cd5634f8f2205
20260810_191147_scene_1_auto22_true_gain2_no_backtrack_balanced_00874,,,,9,20.089498,2.969079,7.101753,4.132673,4.132673,,0.075636,0.991157,169.975556,160.715981,91.565319,1.755206,1,8.061839,8.061839,0,22.825829,,,150.0,180.0,107.274605,170017504c02826514dae13a035bc50bfa540ac1,1ce4f3338966a4161e759332768dc4a4fd6adef6
20260810_191147_scene_1_auto22_true_gain2_no_backtrack_balanced_00875,,,,7,15.997247,3.605772,7.101753,3.49598,3.49598,,0.185678,1.085789,130.557794,124.614096,51.258302,2.431101,1,19.773964,19.773964,0,6.921839,,,150.0,45.0,106.869711,7c400cee5d56b2f9174f771d826aae5d1d141567,dcd7d67970a15139ee6b4114941305f9fabd51c2
20260810_191147_scene_1_auto22_true_gain2_no_backtrack_balanced_00876,,,,8,17.985384,3.277363,7.101753,3.82439,3.82439,,0.11311,1.096361,149.92675,143.32675,93.97725,1.525122,0,0.0,0.0,0,23.852261,,,75.0,90.0,106.869711,80253d48a00a3ab2064439135746fad005678d6d,07fab6414194c4ca1f1072382669fd11a8843223
20260810_191147_scene_1_auto22_true_gain2_no_backtrack_balanced_00877,,,,9,20.579661,3.288015,7.101753,3.813737,3.813737,,0.136221,1.055883,167.481853,156.602805,69.862821,2.241576,2,10.905381,10.905381,0,13.843677,,,120.0,225.0,107.274605,fc6c7a5d0943818bf99dec6199c9859090d4fc4c,e543218ae0118576d6b6dae32cbbe00c83403133
20260810_191147_scene_1_auto22_true_gain2_no_backtrack_balanced_00878,,,,7,15.997247,3.551657,7.101753,3.550096,3.550096,,0.247614,0.976436,131.086842,124.614096,94.231817,1.322421,0,0.0,0.0,0,22.258207,,,225.0,90.0,107.274605,0f26faf2f115def776e39a56fd58d6d1db6c45e4,e12eee070147f44e487dae2ed6ce6d886ccb7aae
20260810_191147_scene_1_auto22_true_gain2_no_backtrack_balanced_00879,,,,9,21.351828,3.089357,7.101753,4.012395,4.012395,,0.07175,1.096361,172.003822,163.336465,116.4852,1.402208,0,0.0,0.0,0,22.825829,,,120.0,135.0,106.869711,35374fea6f81037b8de29febec08f01a235945c9,f67ba0537c665ab513ca8050b95135ae374124bb
20260810_191147_scene_1_auto22_true_gain2_no_backtrack_balanced_00880,,,,9,20.766729,3.536254,7.101753,3.565499,3.565499,,0.056462,0.991157,178.418384,165.577506,68.826435,2.405725,2,10.905381,10.905381,0,22.825829,,,210.0,270.0,107.274605,f5b1947e4d8e42afc6fb13e225bae683244cf39d,06d9a110384685d5d58cc3622fad9280e156072e
20260810_191147_scene_1_auto22_true_gain2_no_backtrack_balanced_00881,,,,9,21.027394,3.200339,7.101753,3.901414,3.901414,,0.133794,0.991157,169.456868,160.740989,91.565319,1.755479,1,5.928699,5.928699,0,22.825829,,,180.0,135.0,107.274605,0f7df48ae9be97189e2eca31e0d5e735c0f4c234,cc5beffc7aa2245f227d9993034f2b6f73b53898
20260810_191147_scene_1_auto22_true_gain2_no_backtrack_balanced_00882,,,,10,23.050034,3.071338,7.101753,4.030415,4.030415,,0.052256,1.055883,183.863867,173.558235,101.57759,1.708627,2,1.766655,1.766655,0,22.258207,,,225.0,180.0,107.274605,69a357503beaa7a99ddbffc5b185753f9d664631,ad6390e1666480f9abae0c038f68bbede69ed237
20260810_191147_scene_1_auto22_true_gain2_no_backtrack_balanced_00883,,,,8,19.293808,2.902256,7.101753,4.199497,4.199497,,0.187193,1.055883,154.526141,146.872303,101.813156,1.442567,0,0.0,0.0,0,23.852261,,,180.0,225.0,90.0,30cfff9412415ed2eb5f2768765dfddc865faa3e,d2cebac0ab8ee65bc8ee97e17833cb66508dd384
20260810_191147_scene_1_auto22_true_gain2_no_backtrack_balanced_00884,,,,10,21.823083,3.146625,7.101753,3.955128,3.955128,,0.050735,1.096361,184.747166,174.584666,101.813156,1.714755,0,0.0,0.0,0,22.258207,,,210.0,135.0,107.274605,4e8e46967eacc685e581e7f54a1ffb343f8a2ea0,e5ff9f7d62695383b7d7738ffb079271552b8503
20260810_191147_scene_1_auto22_true_gain2_no_backtrack_balanced_00885,,,,9,18.847488,3.140337,7.101753,3.961416,3.961416,,0.11311,1.096361,158.492277,150.22358,94.231817,1.594192,1,0.331937,0.331937,0,22.825829,,,135.0,90.0,106.869711,d3c9a03f84d60c2b18e6d87b02edbf620f5b5897,24f990e30dc1473d4226eecda5fedab89923b72c
20260810_191147_scene_1_auto22_true_gain2_no_backtrack_balanced_00886,,,,8,19.153315,4.037904,7.101753,3.063848,3.063848,,0.075636,0.991157,161.248701,153.22652,72.004126,2.128024,1,8.061839,8.061839,0,22.825829,,,150.0,180.0,107.274605,261296131503076fc7131cfb5ad73c90acb7d9d9,6152166180b7c49b02245bdb80795e98a5614c6a
20260810_191147_scene_1_auto22_true_gain2_no_backtrack_balanced_00887,,,,9,21.82902,3.014032,7.101753,4.087721,4.087721,,0.054249,1.060138,174.691396,167.154002,72.336063,2.310798,1,19.773964,19.773964,0,6.921839,,,0.0,180.0,106.869711,4cbe07be7ab3778884ff65178c7f11f65b0023be,dace8a0ad4d52a863fb8192649e6e0c96cb3abb1
20260810_191147_scene_1_auto22_true_gain2_no_backtrack_balanced_00888,,,,9,21.223524,3.068099,7.101753,4.033654,4.033654,,0.050735,1.096361,171.434258,162.310034,73.322858,2.213635,1,21.895754,21.895754,0,22.258207,,,120.0,180.0,106.869711,b7f54655270600d4b5c1748fe90c4b5cbdbbe40e,e11d45b7a37d2fc08dbc5524d157a49cd8848c75
20260810_191147_scene_1_auto22_true_gain2_no_backtrack_balanced_00889,,,,9,19.950718,3.464664,7.101753,3.637088,3.637088,,0.054925,0.991157,168.067115,159.605744,64.138108,2.48847,1,8.061839,8.061839,0,22.825829,,,120.0,135.0,107.274605,0d7ef232a169210d75aad8993e39bd896f8e48b6,f9c469e75b5323fe5cda1cc194a485eac59f4b77
20260810_191147_scene_1_auto22_true_gain2_no_backtrack_balanced_00890,,,,9,21.095221,2.96102,7.101753,4.140732,4.140732,,0.107259,1.096361,169.765259,161.283603,72.336063,2.229643,1,23.087831,23.087831,0,6.921839,,,150.0,135.0,106.869711,52b9b73f64ac2ff327d0b0892290d83b60507c4b,dc807b2c77807b9b7426fd6dc1a5ae22537f1c55
20260810_191147_scene_1_auto22_true_gain2_no_backtrack_balanced_00891,,,,9,21.63289,3.334133,7.101753,3.76762,3.76762,,0.064965,1.055883,173.853654,165.584957,91.303317,1.81357,2,6.468273,6.468273,0,23.852261,,,135.0,90.0,90.0,f8cd1200c10e4f86ecede9538098e85e28db59e2,82a19871f7d6ac20f530165b3785e8ec098241a6
20260810_191147_scene_1_auto22_true_gain2_no_backtrack_balanced_00892,,,,7,15.972526,3.613138,7.101753,3.488615,3.488615,,0.075636,0.991157,133.927387,127.780205,51.907389,2.461696,1,8.061839,8.061839,0,22.825829,,,120.0,135.0,107.274605,bc11273cb3b691d11a5d75d5641bb01eee27707b,5de13f330e851b9e1397e931ef4c63506e8897ff
20260810_191147_scene_1_auto22_true_gain2_no_backtrack_balanced_00893,,,,9,21.635084,3.073293,7.101753,4.02846,4.02846,,0.059489,1.055883,175.55195,165.602514,68.826435,2.406089,2,8.061839,8.061839,0,20.765516,,,90.0,180.0,107.274605,f8414145d386a8f7cac2ef1316ee6f32f1f5a7da,44235dc60889e6d0ce153ce7a2b79b1d04353c31
20260810_191147_scene_1_auto22_true_gain2_no_backtrack_balanced_00894,,,,9,21.095221,3.344771,7.101753,3.756982,3.756982,,0.050735,1.096361,169.769308,161.283603,116.4852,1.384585,1,0.254567,0.254567,0,22.258207,,,150.0,135.0,107.274605,bb36c601c55154f7b8a91e882787321b47eff6d6,6e8603a97b4e4b5a2ca29814b46fd92cee8f0d57
20260810_191147_scene_1_auto22_true_gain2_no_backtrack_balanced_00895,,,,8,19.017661,3.49846,7.101753,3.603293,3.603293,,0.075636,0.991157,158.461219,152.141292,70.568183,2.155947,1,8.061839,8.061839,0,22.825829,,,120.0,135.0,107.274605,e6745bc3a39eecb2a3c6bdc268e739597c2a6db7,6f567eda701bae2be534213dfb0233a67caa77be
20260810_191147_scene_1_auto22_true_gain2_no_backtrack_balanced_00896,,,,10,22.686901,3.528058,7.101753,3.573695,3.573695,,0.075636,0.991157,186.572782,174.017044,72.336063,2.405675,2,8.583612,8.583612,0,22.825829,,,210.0,225.0,107.274605,5f08752c7f5584a74d2f789bf007d300bffe7cff,d0622c73c2dca9e46520c611423264d91b31cfe0
20260810_191147_scene_1_auto22_true_gain2_no_backtrack_balanced_00897,,,,9,20.956441,3.108227,7.101753,3.993526,3.993526,,0.07257,0.991157,176.913338,167.095205,72.004126,2.320634,2,11.931812,11.931812,0,20.765516,,,150.0,180.0,107.274605,80e6f200f232996b7a60156e6b2dbe105a25c12a,3038185b960e3ec679d59753e91a359b689f42ff
20260810_191147_scene_1_auto22_true_gain2_no_backtrack_balanced_00898,,,,9,19.911974,3.06828,7.101753,4.033473,4.033473,,0.081689,1.096361,159.898725,151.817634,68.477488,2.217044,1,23.087831,23.087831,0,6.921839,,,150.0,45.0,106.869711,bc464f5f67ae74bc9ccabfe4590a56aa9e67d563,522d0f33478ddc1d169529fa1c2e5518fd6a2090
20260810_191147_scene_1_auto22_true_gain2_no_backtrack_balanced_00899,,,,10,22.49812,2.969079,7.101753,4.132673,4.132673,,0.071698,1.055883,182.016936,172.506795,91.565319,1.883975,2,10.905381,10.905381,0,13.843677,,,90.0,180.0,107.274605,e806e713694157e4f1575a1b6291ce7e9eece4df,d35733638e1dad55f99cf58b1544e4e63f660431
20260810_191147_scene_1_auto22_true_gain2_no_backtrack_balanced_00900,,,,8,18.838425,3.288015,7.101753,3.813737,3.813737,,0.075636,0.991157,159.385882,150.707397,69.862821,2.15719,2,9.592929,9.592929,0,22.825829,,,120.0,135.0,107.274605,1e16b5b70ae37e4c35a406abe519a428356829c3,bef780d213305f43a97e14e01d7a730f0bfe676a
20260810_191147_scene_1_auto22_true_gain2_no_backtrack_balanced_00901,,,,8,17.304096,2.986756,7.101753,4.114997,4.114997,,0.065335,1.096361,146.026251,138.432765,94.231817,1.469066,0,0.0,0.0,0,22.825829,,,90.0,90.0,106.869711,d26f7d900603e61eb791f94d6399ddfe360f17a6,71589400f8ecd5a591f0e7e3e5751c32d3e7a4d0
20260810_191147_scene_1_auto22_true_gain2_no_backtrack_balanced_00902,,,,10,23.500717,3.089357,7.101753,4.012395,4.012395,,0.071698,1.055883,182.180501,173.049409,116.4852,1.485591,1,1.53109,1.53109,0,23.852261,,,120.0,135.0,106.869711,b22ceed712b249f2ddd5cb6b1e1879ba02a0cb2d,43e205f32a28c3fdd7039e4a83d17947c75757f0
20260810_191147_scene_1_auto22_true_gain2_no_backtrack_balanced_00903,,,,10,22.824268,3.572966,7.101753,3.528787,3.528787,,0.065439,0.991157,186.669234,174.559658,91.565319,1.906395,1,8.061839,8.061839,0,20.765516,,,210.0,270.0,107.274605,ae7c39482dc8d4e299c509334dd25f0943c6656a,dbb6370a9cf91f99251788c87fe50502fba110fc
20260810_191147_scene_1_auto22_true_gain2_no_backtrack_balanced_00904,,,,10,22.821142,3.071338,7.101753,4.030415,4.030415,,0.050735,1.096361,178.318902,167.612811,101.57759,1.650096,1,0.235566,0.235566,0,23.309647,,,165.0,270.0,106.869711,a3989196596d035fa83fe7ab1d90952ef18b647a,f7c0d57ed9a5fec5a0aba3c4f7fe441e8f18168f
20260810_191147_scene_1_auto22_true_gain2_no_backtrack_balanced_00905,,,,10,21.761194,2.902256,7.101753,4.199497,4.199497,,0.050735,1.096361,176.428396,166.611388,101.813156,1.636443,1,0.254567,0.254567,0,22.258207,,,210.0,135.0,107.274605,11d4470262e9acf6167914c03276908fd31fd3ba,fe843784f0760614a29e759fc8d74a3d289d7a78
20260810_191147_scene_1_auto22_true_gain2_no_backtrack_balanced_00906,,,,10,22.827394,3.063681,7.101753,4.038072,4.038072,,0.050735,1.096361,185.407412,174.584666,101.813156,1.714755,0,0.0,0.0,0,22.258207,,,120.0,270.0,107.274605,4111573e2e5ffae3d7677f1fdd367b4863f3ce3d,461906726464e4ebcf08273f21cdc942f30a66de
20260810_191147_scene_1_auto22_true_gain2_no_backtrack_balanced_00907,,,,10,23.233494,2.915615,7.101753,4.186138,4.186138,,0.050735,1.055883,186.275918,175.025918,94.231817,1.857397,1,4.937184,4.937184,0,23.309647,,,225.0,180.0,90.0,d39905d4ffda0f67350d74869c0c72c6877a91da,97f31cee61bceb2a7bced319f885f53c4e7546ec
20260810_191147_scene_1_auto22_true_gain2_no_backtrack_balanced_00908,,,,8,19.156441,4.037904,7.101753,3.063848,3.063848,,0.075636,0.991157,161.615153,153.251528,72.004126,2.128371,1,8.061839,8.061839,0,22.825829,,,150.0,180.0,107.274605,bddc0d112e4eb82ce460b258428a3506b96b0b9b,7b677c3c56cfd247d1b6808598c60fc5abb7562e
20260810_191147_scene_1_auto22_true_gain2_no_backtrack_balanced_00909,,,,8,18.969374,3.531991,7.101753,3.569762,3.569762,,0.064965,1.055883,152.901827,144.276827,72.336063,1.994535,1,4.937184,4.937184,0,23.852261,,,120.0,135.0,90.0,42b473ea56cdb9d5d655cb66f9cec0f11cf859cc,e8cc10065949f7723690106af57e2b0673a278f3
20260810_191147_scene_1_auto22_true_gain2_no_backtrack_balanced_00910,,,,8,19.097677,3.500184,7.101753,3.601569,3.601569,,0.064965,1.055883,153.977694,145.303258,73.322858,1.981691,1,4.937184,4.937184,0,23.852261,,,120.0,135.0,94.943554,0203f171751162312edc738600ab7ec8b127000a,31e20069462d10fedbc83f42923e669db1bc0dc6
20260810_191147_scene_1_auto22_true_gain2_no_backtrack_balanced_00911,,,,9,19.950718,3.464664,7.101753,3.637088,3.637088,,0.075636,0.991157,167.721623,159.605744,64.138108,2.48847,2,8.538426,8.538426,0,22.825829,,,120.0,135.0,107.274605,1bab0f1323c81e74e3449eb2ed1557b5c27b88bc,15834eff8d51494f4972bc7f4acbfb2e533a1cf9
20260810_191147_scene_1_auto22_true_gain2_no_backtrack_balanced_00912,,,,7,15.668111,3.433102,7.101753,3.668651,3.668651,,0.103152,1.096361,131.644888,125.344888,72.336063,1.732813,1,1.036386,1.036386,0,23.852261,,,135.0,90.0,90.0,133fbf04f5f1f8611774e0a29bed1414116e3018,fe3cd0323d19d0d28cbeefbe0c35b974e08c1931
20260810_191147_scene_1_auto22_true_gain2_no_backtrack_balanced_00913,,,,10,21.63289,3.086889,7.101753,4.014864,4.014864,,0.052256,0.991157,177.282138,165.584957,91.303317,1.81357,3,9.85493,9.85493,0,22.825829,,,180.0,225.0,107.274605,9a775601ec526d020b95f63a926f18cb4b960309,2939cb79e50d26b364707ea83e256197d69b069f
20260810_191147_scene_1_auto22_true_gain2_no_backtrack_balanced_00914,,,,9,21.832146,3.344771,7.101753,3.756982,3.756982,,0.052256,1.055883,176.94084,167.17901,116.4852,1.435195,1,1.53109,1.53109,0,23.852261,,,150.0,225.0,106.869711,2aaeeec0a65ee13b4cfe0200a9da96c620915ddd,975f1f4f995c43a658742f3deea41bbbf0fddc9e
20260810_191147_scene_1_auto22_true_gain2_no_backtrack_balanced_00915,,,,8,19.020788,3.123518,7.101753,3.978235,3.978235,,0.210771,0.991157,158.782284,152.1663,70.568183,2.156302,1,5.928699,5.928699,0,22.825829,,,120.0,135.0,107.274605,b5d3793a23c6a318271f8f71bfbd877491f63034,74741cc5805a715982c0d269296a5fd400c57128
20260810_191147_scene_1_auto22_true_gain2_no_backtrack_balanced_00916,,,,10,22.884745,3.928301,7.101753,3.173452,3.173452,,0.075636,0.991157,181.506424,168.121636,72.336063,2.324175,3,9.053119,9.053119,0,22.258207,,,225.0,270.0,107.274605,4ea376747610dff536cd75acb50d24220e236547,36605811675072c8aa9c2be73d24f6ed7589dbf9
20260810_191147_scene_1_auto22_true_gain2_no_backtrack_balanced_00917,,,,10,23.753101,2.965102,7.101753,4.136651,4.136651,,0.075584,1.055883,186.713411,175.068484,72.004126,2.431367,3,10.905381,10.905381,0,6.921839,,,90.0,270.0,107.274605,1d8f24f33e160f467b876a5967f10a36f956d3c6,80f962cb33cf61cded2cae5734011f08ca0123df
20260810_191147_scene_1_auto22_true_gain2_no_backtrack_balanced_00918,,,,9,20.040278,3.102059,7.101753,3.999694,3.999694,,0.11311,1.096361,169.328298,159.765903,69.862821,2.286852,1,21.702498,21.702498,0,6.921839,,,180.0,135.0,106.869711,0991c17809e1084d15d39b77a1d141e28e547cc8,6fc3956c2951401c25a2266e6b25a52b6d58e7a9
20260810_191147_scene_1_auto22_true_gain2_no_backtrack_balanced_00919,,,,8,18.300755,2.962409,7.101753,4.139344,4.139344,,0.081689,1.096361,153.706396,146.406043,94.231817,1.55368,0,0.0,0.0,0,23.852261,,,150.0,45.0,106.869711,3f499031c61f45760dbda1082c84a46c33f2e07a,d010673eb8761808562bb8c4e0a6a159de319721
20260810_191147_scene_1_auto22_true_gain2_no_backtrack_balanced_00920,,,,10,22.82568,3.089357,7.101753,4.012395,4.012395,,0.050735,1.096361,185.581682,175.12728,116.4852,1.503429,0,0.0,0.0,0,22.825829,,,240.0,135.0,107.274605,f918e5e33a7f04d4e27f6ac812a1db3c554cfe78,c61fc61c017b13a76d8ba02f0b83bb0863053109
20260810_191147_scene_1_auto22_true_gain2_no_backtrack_balanced_00921,,,,10,22.695964,3.200339,7.101753,3.901414,3.901414,,0.052256,0.991157,179.35857,166.611388,91.565319,1.819591,2,10.905381,10.905381,0,22.825829,,,240.0,315.0,107.274605,fb0d203ba00063e42433e3e6439d9269e1745253,5b5e1422af281b3a6d81f1a1a7087eb6c829583f
20260810_191147_scene_1_auto22_true_gain2_no_backtrack_balanced_00922,,,,10,22.569716,3.071338,7.101753,4.030415,4.030415,,0.050735,1.096361,179.762766,169.71569,101.57759,1.670799,1,0.235566,0.235566,0,22.258207,,,165.0,180.0,107.274605,e2ff8bb1baee45f9fbd677d976576c5477380237,d0ab65e163b2a8c5b669f8f44f7d43961b2a3110
20260810_191147_scene_1_auto22_true_gain2_no_backtrack_balanced_00923,,,,9,20.962378,2.902256,7.101753,4.199497,4.199497,,0.087997,1.055883,161.123794,152.742702,101.813156,1.500226,0,0.0,0.0,0,23.309647,,,180.0,225.0,90.0,f0d3fb218cc32457d02bb79dd7681b2c83428ff7,112e949694320e80a6384e280e8eaa4eef3753c3
20260810_191147_scene_1_auto22_true_gain2_no_backtrack_balanced_00924,,,,10,22.753315,3.180241,7.101753,3.921512,3.921512,,0.055423,0.991157,186.12052,173.992035,72.336063,2.405329,2,9.048634,9.048634,0,22.825829,,,240.0,225.0,107.274605,56418141360917f0c094c5f654f8e3e7c92575cc,b3b4e5604c3ec90b1837e136b397b1d8edf613fd
20260810_191147_scene_1_auto22_true_gain2_no_backtrack_balanced_00925,,,,10,22.555471,3.068099,7.101753,4.033654,4.033654,,0.075636,0.991157,184.156483,172.965604,73.322858,2.358959,1,8.061839,8.061839,0,22.825829,,,180.0,180.0,107.274605,3b3a84fb59fc688aaefc9da20467f80fa69fd7c2,42b138efc4364dffe81cb43189f132e921defd02
20260810_191147_scene_1_auto22_true_gain2_no_backtrack_balanced_00926,,,,8,19.216918,3.464664,7.101753,3.637088,3.637088,,0.075636,0.991157,161.004708,153.735345,64.138108,2.396942,1,8.061839,8.061839,0,22.825829,,,120.0,135.0,107.274605,3bb135f51bbc5ab8f938da6dda230552bf21cbe9,fe1b07b7d6e5a06a7d04c731d91d9b835d3e2838
20260810_191147_scene_1_auto22_true_gain2_no_backtrack_balanced_00927,,,,10,21.949975,3.458037,7.101753,3.643716,3.643716,,0.075636,0.991157,179.883113,168.121636,72.336063,2.324175,2,8.583612,8.583612,0,22.825829,,,210.0,180.0,107.274605,f4bd7a9280548ec3204e59c660c5204e97548fe6,a46a54e43bce4133bc390ad51fda43a2d4c942d0
20260810_191147_scene_1_auto22_true_gain2_no_backtrack_balanced_00928,,,,9,20.686231,3.123518,7.101753,3.978235,3.978235,,0.075636,0.991157,166.304364,158.011691,70.568183,2.239135,2,10.905381,10.905381,0,22.825829,,,120.0,135.0,107.274605,44f65baa777ef811853d4b51615dd37667eea070,5016fde185c86dd2d40eb47562acb28682ea4e7d
20260810_191147_scene_1_auto22_true_gain2_no_backtrack_balanced_00929,,,,10,22.509239,3.083729,7.101753,4.018023,4.018023,,0.050735,1.096361,180.658456,169.231873,72.336063,2.339523,1,21.895754,21.895754,0,22.258207,,,180.0,225.0,107.274605,a5b1df4fe8a38c79a184e9be63b19816f76ee3a9,407e703a661f5e0ebb25d18ff10b8598d3d4da48
20260810_191147_scene_1_auto22_true_gain2_no_backtrack_balanced_00930,,,,9,20.953315,3.108227,7.101753,3.993526,3.993526,,0.058996,0.991157,177.623681,167.070197,72.004126,2.320286,2,11.931812,11.931812,0,22.825829,,,150.0,180.0,107.274605,b784f42cf1f9b44bb021c9869e2fc461b2bbc8c0,52f90a9ab52242a8340791b87d25985593a87e89
20260810_191147_scene_1_auto22_true_gain2_no_backtrack_balanced_00931,,,,9,20.769855,3.102059,7.101753,3.999694,3.999694,,0.070362,1.055883,167.617717,158.680675,69.862821,2.271318,2,8.061839,8.061839,0,20.765516,,,90.0,135.0,107.274605,0d12696dce69a4dd46af87148f7891bffc283887,0cc34b3a8dc4d012e8851e6de595a1500229fa8f
20260810_191147_scene_1_auto22_true_gain2_no_backtrack_balanced_00932,,,,9,19.712718,2.988959,7.101753,4.112794,4.112794,,0.07377,1.096361,158.09858,150.22358,94.231817,1.594192,0,0.0,0.0,0,22.825829,,,180.0,45.0,106.869711,6e5cd0cf42f5517dd1ada6c6352059a1b7d0646a,0b12fbc8364a3916f439d848f00d0550d4451183
20260810_191147_scene_1_auto22_true_gain2_no_backtrack_balanced_00933,,,,10,23.304586,3.200339,7.101753,3.901414,3.901414,,0.052256,1.055883,190.499949,178.402203,91.565319,1.94836,2,10.905381,10.905381,0,13.843677,,,180.0,315.0,107.274605,db3c414aef81e6fc5c881bf0dd023914b6915892,e551379def570d7201b799f138eff7c821b43854
20260810_191147_scene_1_auto22_true_gain2_no_backtrack_balanced_00934,,,,9,20.895964,2.902256,7.101753,4.199497,4.199497,,0.050735,1.096361,176.977267,166.611388,101.813156,1.636443,0,0.0,0.0,0,23.309647,,,210.0,225.0,107.274605,00c89764fc0024d0fd96957b77f237655a4e304a,022ab5a369794b33611a3ae612031559ae225f3d
20260810_191147_scene_1_auto22_true_gain2_no_backtrack_balanced_00935,,,,10,23.500717,3.014032,7.101753,4.087721,4.087721,,0.059365,1.060138,182.668106,173.049409,72.336063,2.392298,2,11.447995,11.447995,0,13.843677,,,0.0,270.0,90.0,647378a5b26ef8165c35f36bdbb00e8168ab57f1,312386be612f812e172b7129c0fccf21ef7332e7
20260810_191147_scene_1_auto22_true_gain2_no_backtrack_balanced_00936,,,,10,21.620701,3.747282,7.101753,3.354471,3.354471,,0.050243,0.991157,184.344089,172.965604,73.322858,2.358959,1,8.061839,8.061839,0,22.825829,,,210.0,135.0,107.274605,04e9e7fa82d1d3bb1e2d35a1d87403245b2d3313,32cdcc5f5c5b548a1cef7078ae167e7aa6c3e4fc
20260810_191147_scene_1_auto22_true_gain2_no_backtrack_balanced_00937,,,,9,20.953315,3.433102,7.101753,3.668651,3.668651,,0.075636,0.991157,170.889237,160.148358,72.336063,2.213949,1,8.061839,8.061839,0,22.825829,,,225.0,180.0,107.274605,8194d3c529969b057a8a1fc86879b932e4691889,25f63322869ad20878c12420e6666e677a3e6ad7
20260810_191147_scene_1_auto22_true_gain2_no_backtrack_balanced_00938,,,,8,19.017661,3.49846,7.101753,3.603293,3.603293,,0.054925,0.991157,158.806711,152.141292,70.568183,2.155947,1,8.061839,8.061839,0,22.825829,,,120.0,135.0,107.274605,4c8917c71dead126c79c8d76b7730d24eca2286e,61217bb26aa7233ef753a83f3921f5e5b0d01f59
20260810_191147_scene_1_auto22_true_gain2_no_backtrack_balanced_00939,,,,10,23.023524,3.362353,7.101753,3.7394,3.7394,,0.053244,1.096361,178.91071,169.231873,72.336063,2.339523,1,21.973124,21.973124,0,22.258207,,,90.0,180.0,107.274605,4f057a1349f9af17728a4747aec684fe019d90db,48186aa2dd8a76ded457bee2cc5dd5a994690636
20260810_191147_scene_1_auto22_true_gain2_no_backtrack_balanced_00940,,,,9,21.293065,2.965102,7.101753,4.136651,4.136651,,0.06929,1.055883,172.566126,162.310034,72.004126,2.254177,1,23.174777,23.174777,0,13.843677,,,120.0,270.0,106.869711,3c696c4f668d3bf55c9db698a43eb6c57bfc1582,c4e1b1f1e1227a57ba62421556a5e0a263921f7a
20260810_191147_scene_1_auto22_true_gain2_no_backtrack_balanced_00941,,,,9,18.911091,3.102059,7.101753,3.999694,3.999694,,0.078182,1.096361,157.53466,150.732406,69.862821,2.157548,1,2.473242,2.473242,0,6.921839,,,90.0,45.0,107.274605,a46b1aa7113365220817eb7e1b45a780a06788f4,49a4f2769b5d9b04e536eb6e1038e1e160fba3fb
20260810_191147_scene_1_auto22_true_gain2_no_backtrack_balanced_00942,,,,6,13.271678,3.572966,7.101753,3.528787,3.528787,,0.237671,1.096361,110.392123,106.173426,91.565319,1.159538,0,0.0,0.0,0,26.695803,,,90.0,90.0,90.0,839079c480bd3e024ee72a4329d4ee2a1ca4bf04,d02d583839eae83c17a4f15532b0ace0cf8694d9
20260810_191147_scene_1_auto22_true_gain2_no_backtrack_balanced_00943,,,,9,21.749004,3.531991,7.101753,3.569762,3.569762,,0.075636,0.991157,184.395308,173.992035,72.336063,2.405329,2,10.194979,10.194979,0,22.825829,,,180.0,225.0,107.274605,0dd36ee7ed4441976bfd70ccf4ab71b037e4c0a6,22945fc451d9d3f24bdb4ee8cc6ba40621ac4dfe
20260810_191147_scene_1_auto22_true_gain2_no_backtrack_balanced_00944,,,,10,22.555471,3.068099,7.101753,4.033654,4.033654,,0.075636,0.991157,184.719089,172.965604,73.322858,2.358959,1,8.061839,8.061839,0,22.825829,,,180.0,180.0,107.274605,bb17194757bc08a639fd69e54089bfd2ee32ec91,d8e993dcc49fc1e87ece6d0197fc2c6b52bea4e6
20260810_191147_scene_1_auto22_true_gain2_no_backtrack_balanced_00945,,,,7,15.924719,3.433102,7.101753,3.668651,3.668651,,0.103152,1.096361,134.203842,127.397751,72.336063,1.761193,1,1.036386,1.036386,0,23.852261,,,135.0,90.0,106.869711,dfe13f61fa96216dd0f2194c81e68075b178616a,22d2f1f1656fdac0a74e6ee491fd0945bb864649
20260810_191147_scene_1_auto22_true_gain2_no_backtrack_balanced_00946,,,,10,22.753315,3.528058,7.101753,3.573695,3.573695,,0.055423,0.991157,185.52052,173.992035,72.336063,2.405329,1,8.061839,8.061839,0,22.825829,,,180.0,225.0,107.274605,d7b74feaa86d174ac764daff4ed6518666dd39d0,60baf1b2a69f30f8db1fad303998fe7ce8682e44
20260810_191147_scene_1_auto22_true_gain2_no_backtrack_balanced_00947,,,,9,21.880434,3.108227,7.101753,3.993526,3.993526,,0.075636,0.991157,187.983225,175.043475,72.004126,2.43102,2,10.905381,10.905381,0,22.825829,,,210.0,270.0,107.274605,7e093089155d4f1d0bcce38f0d4409cc404996b3,730e01575588c02724cfc8f9af7a3536e781bb85
20260810_191147_scene_1_auto22_true_gain2_no_backtrack_balanced_00948,,,,8,19.361635,3.180241,7.101753,3.921512,3.921512,,0.097122,1.055883,155.796009,147.414917,72.336063,2.037917,1,21.641187,21.641187,0,22.258207,,,180.0,225.0,90.0,6153937a7b4b6b08c58bdff98cc6b4e05e01e02c,2d12086c679282fd53ec56fed4a092f49d07e44c
20260810_191147_scene_1_auto22_true_gain2_no_backtrack_balanced_00949,,,,9,20.650475,3.29249,7.101753,3.809262,3.809262,,0.058045,0.976436,163.75951,154.361764,73.322858,2.105234,1,20.908959,20.908959,0,13.843677,,,270.0,135.0,107.274605,9e224513c35381973042436f76652c455a5c7e92,cc36ac373b9945a0764ed2c39649a5c8b694538d
20260810_191147_scene_1_auto22_true_gain2_no_backtrack_balanced_00950,,,,9,20.021671,3.371787,7.101753,3.729966,3.729966,,0.075636,0.991157,170.636991,160.173367,72.336063,2.214295,2,8.410786,8.410786,0,22.258207,,,180.0,180.0,107.274605,6816a8c8457982decad43028b38f2d9bfad3b612,4c94cc147e56828bc0c659f8fe7083e026a31202
20260810_191147_scene_1_auto22_true_gain2_no_backtrack_balanced_00951,,,,9,20.828137,3.644978,7.101753,3.456775,3.456775,,0.066597,0.991157,177.938702,166.068774,72.336063,2.295795,2,10.114701,10.114701,0,22.825829,,,180.0,225.0,107.274605,d5e87e8f938510c5f596b3ddd231a357307b066e,b870e7bb9e888b946e70de550fa546680d13e3f6
20260810_191147_scene_1_auto22_true_gain2_no_backtrack_balanced_00952,,,,10,23.361937,3.108227,7.101753,3.993526,3.993526,,0.058996,1.055883,191.783758,178.861012,72.004126,2.484038,2,10.905381,10.905381,0,13.843677,,,150.0,270.0,107.274605,01b07f01bdafc6f1e586cf378f53097b86b603dc,6d340a95de5d51d53c7324e5200eac1b7ed93f04
20260810_191147_scene_1_auto22_true_gain2_no_backtrack_balanced_00953,,,,10,22.822554,3.014032,7.101753,4.087721,4.087721,,0.105201,1.060138,184.270969,175.102272,72.336063,2.420677,2,20.243471,20.243471,0,6.921839,,,0.0,180.0,106.869711,e0739bd53e347d5dce6c36ea7cd4a218fc070ead,71911b20cb37738e32ebbd6f573ca92a1b7dbdeb
20260810_191147_scene_1_auto22_true_gain2_no_backtrack_balanced_00954,,,,8,19.284745,3.458037,7.101753,3.643716,3.643716,,0.075636,0.991157,164.499012,154.277959,72.336063,2.132795,1,8.061839,8.061839,0,22.825829,,,180.0,180.0,107.274605,a467fe1142d187d82bf6a38aa4eb7f51c014617e,2797d3e5e0fd826531193542374ea4159ac5f334
20260810_191147_scene_1_auto22_true_gain2_no_backtrack_balanced_00955,,,,10,22.756441,3.362353,7.101753,3.7394,3.7394,,0.065439,0.991157,186.857923,174.017044,72.336063,2.405675,1,8.061839,8.061839,0,22.258207,,,210.0,270.0,107.274605,e60faf2fcb4d0f9acb7c80270c438bb03e90bc5b,110ecfc1ce21a67ddb07c0937b9a7867cd19d5c9
20260810_191147_scene_1_auto22_true_gain2_no_backtrack_balanced_00956,,,,10,22.565946,2.965102,7.101753,4.136651,4.136651,,0.071459,1.096361,188.689945,179.971248,72.004126,2.499457,1,22.653004,22.653004,0,6.921839,,,90.0,90.0,106.869711,2f87fa12b716c820a83e82a8bed7b9f740d1452d,0f905b2451f4566914471c760490af61f9b3a81f
20260810_191147_scene_1_auto22_true_gain2_no_backtrack_balanced_00957,,,,8,19.284745,3.531991,7.101753,3.569762,3.569762,,0.075636,0.991157,162.475705,154.277959,72.336063,2.132795,1,8.061839,8.061839,0,22.825829,,,150.0,135.0,107.274605,4084ed2a2eff3f63cc459afcddc1fd97d2aa56b0,89f3cace7174b52a68ca8048a99fa317a0c53902
20260810_191147_scene_1_auto22_true_gain2_no_backtrack_balanced_00958,,,,9,21.223524,3.083729,7.101753,4.018023,4.018023,,0.050735,1.096361,179.803843,169.231873,72.336063,2.339523,1,21.895754,21.895754,0,23.309647,,,180.0,225.0,107.274605,8aec32ad009bdc80bcca5f856f2adc6ea1685106,0dca60559fdce8f420610f91def70d0e2a874f77
20260810_191147_scene_1_auto22_true_gain2_no_backtrack_balanced_00959,,,,10,22.719347,3.108227,7.101753,3.993526,3.993526,,0.052256,1.055883,182.612742,170.912742,72.004126,2.373652,3,6.80021,6.80021,0,23.309647,,,180.0,180.0,90.0,a63ed697af8659d40f85ad66bf7d44973949d3d9,1322ffb69fd19b415aeee35b0bc3dfa140e350e1
20260810_191147_scene_1_auto22_true_gain2_no_backtrack_balanced_00960,,,,8,19.163791,3.180241,7.101753,3.921512,3.921512,,0.097122,1.096361,160.904022,153.310325,72.336063,2.119418,1,21.641187,21.641187,0,22.258207,,,180.0,135.0,106.869711,e7053a7187c7821961f8aafa4e498fa9a71942c0,4e0a59c0c8ae76a1f8ed52b508c27a42cd979d40
20260810_191147_scene_1_auto22_true_gain2_no_backtrack_balanced_00961,,,,9,20.778779,3.039442,7.101753,4.062311,4.062311,,0.159267,0.976436,164.56073,155.388196,72.336063,2.148143,2,21.895754,21.895754,0,6.921839,,,180.0,135.0,107.274605,d8713cc15bc2908f2a0e943705368aac5a46c4c5,b582a683718177a442f41e94864bbb47c3e9359d
20260810_191147_scene_1_auto22_true_gain2_no_backtrack_balanced_00962,,,,9,20.769072,2.965102,7.101753,4.136651,4.136651,,0.11311,1.096361,173.802579,166.152579,72.004126,2.307542,1,22.653004,22.653004,0,6.921839,,,90.0,90.0,106.869711,4b52941219910707e112cc76b6cffdf492ba8267,eff13ff7c7814f5affc0d32527a88574a3a4cf91
20260810_191147_scene_1_auto22_true_gain2_no_backtrack_balanced_00963,,,,9,20.018545,3.928301,7.101753,3.173452,3.173452,,0.075636,0.991157,169.82054,160.148358,72.336063,2.213949,2,8.531346,8.531346,0,22.825829,,,135.0,180.0,107.274605,876fe0cfbb8b695cdffce326745a8a2f30fffc7d,21a55287c91bc2521eb7860dccab2bf00940557e
20260810_191147_scene_1_auto22_true_gain2_no_backtrack_balanced_00964,,,,8,19.097677,3.108227,7.101753,3.993526,3.993526,,0.064965,1.055883,154.853823,145.303258,72.004126,2.017985,1,4.937184,4.937184,0,23.852261,,,150.0,180.0,90.0,cfefa3af8e39e9e88b4cafcf1b81db5b342e051f,e69970468292b6d4827d326f4e43b85a7b408ba6
20260810_191147_scene_1_auto22_true_gain2_no_backtrack_balanced_00965,,,,9,20.021671,3.928301,7.101753,3.173452,3.173452,,0.075636,0.991157,170.186991,160.173367,72.336063,2.214295,2,8.531346,8.531346,0,22.825829,,,135.0,180.0,107.274605,2f2e161d28adbbbaacc29b4c0dc8888ee7ddbb20,8bd9444482b124fc3f828bb9efe5a69b6dd219d1
20260810_191147_scene_1_auto22_true_gain2_no_backtrack_balanced_00966,,,,10,23.020398,2.965102,7.101753,4.136651,4.136651,,0.057932,1.096361,186.1974,176.128703,72.004126,2.446092,2,22.505317,22.505317,0,13.843677,,,90.0,180.0,106.869711,f28a120a66dad6b7bf6dfe26b7bb80e2c82e2ff0,af80926fb38c1ff3f7ceb3d25632d8af37e2d819
20260810_191147_scene_1_auto22_true_gain2_no_backtrack_balanced_00967,,,,9,21.824797,2.965102,7.101753,4.136651,4.136651,,0.13173,1.055883,177.020214,167.120214,72.004126,2.320981,2,8.061839,8.061839,0,20.765516,,,90.0,180.0,107.274605,a7110bf6208426983a9a618ba5d14aab52241811,0d843331335cd67c7308413e63e5e681eee054fd
20260810_191147_scene_1_auto22_true_gain2_no_backtrack_balanced_00968,,,,9,20.956441,3.108227,7.101753,3.993526,3.993526,,0.075636,0.991157,179.644076,167.095205,72.004126,2.320634,2,10.114701,10.114701,0,22.825829,,,210.0,270.0,107.274605,e715372d8c1dd17a53b0741acb8a11964f2af8a6,7b61e4cebe9073a53e4b8db7dfbfcfcfe136311a
20260810_191147_scene_1_auto22_true_gain2_no_backtrack_balanced_00969,,,,9,21.821671,2.965102,7.101753,4.136651,4.136651,,0.13173,1.055883,177.044641,167.095205,72.004126,2.320634,2,8.061839,8.061839,0,20.765516,,,90.0,180.0,107.274605,d07822230f89249010c4c1581bdd3299cd793674,b607998a78195f605ff9daf6101b27e9bcd12389
20260810_191147_scene_1_auto22_true_gain2_no_backtrack_balanced_00970,,,,10,21.982421,3.108227,7.101753,3.993526,3.993526,,0.052256,0.991157,177.989516,165.017334,72.004126,2.291776,3,11.237318,11.237318,0,22.825829,,,240.0,270.0,107.274605,5382a324152ca4a812a0d1b4080cd645ce21481d,9cb6fba8f5778028d6502a9bfb6529a05f555950
20260810_191147_scene_1_auto22_true_gain2_no_backtrack_balanced_00971,,,,10,22.818331,2.965102,7.101753,4.136651,4.136651,,0.06929,1.055883,185.625911,175.068484,72.004126,2.431367,3,8.583612,8.583612,0,20.765516,,,90.0,180.0,107.274605,5f2e33ef97f54e50095e5e1686fc60a688390c9f,f344a899271749138535c2ea0d303a66ac19b608
20260810_191147_scene_1_auto22_true_gain2_no_backtrack_balanced_00972,,,,9,19.893367,3.108227,7.101753,3.993526,3.993526,,0.075636,0.991157,167.919117,159.146935,72.004126,2.210247,2,9.592929,9.592929,0,22.825829,,,90.0,90.0,107.274605,d344427f7790cc870289ae96366a78b03b9a2d1e,c8624f79feb0dd0a98750cddb85564b18b787658
20260810_191147_scene_1_auto22_true_gain2_no_backtrack_balanced_00973,,,,9,22.077496,3.267793,7.101753,3.83396,3.83396,,0.050735,1.096361,184.861979,176.619971,122.503768,1.441751,0,0.0,0.0,0,23.852261,,,165.0,180.0,106.869711,d64b3d2b1daea6edd4b1701371afe6d64651eb3d,a3d0c7c8a4c954c98cfb29996f46509403b0efcb
20260810_191147_scene_1_auto22_true_gain2_no_backtrack_balanced_00974,,,,7,14.876191,3.582251,7.101753,3.519502,3.519502,,0.064112,1.054157,122.060387,115.08933,46.173432,2.492544,1,6.468273,6.468273,0,22.258207,,,150.0,45.0,107.274605,e6519c9bf8d8a5dc4ac98f369081a1f851903843,9f4caa5d1ae247c828a959420eafa40a8cf43a79
20260810_191147_scene_1_auto22_true_gain2_no_backtrack_balanced_00975,,,,8,18.850614,2.933532,7.101753,4.168221,4.168221,,0.183002,1.055883,153.564144,143.32675,93.97725,1.525122,1,1.53109,1.53109,0,23.852261,,,135.0,270.0,106.869711,7a984b439130f20a63454b00424bf371a3b5e984,10fdb2766c161de4b63ef37ad2f6585a2bf8cdd8
20260810_191147_scene_1_auto22_true_gain2_no_backtrack_balanced_00976,,,,6,12.944761,3.766129,7.101753,3.335624,3.335624,,0.064112,1.027111,106.223827,100.194213,45.651659,2.194755,1,5.137137,5.137137,0,22.258207,,,180.0,45.0,107.274605,97e2e2140067afa8063fe06cd4c3aa6ce4cb8521,f662feb23aaf25af611ab15c576fbff08a3c49ee
20260810_191147_scene_1_auto22_true_gain2_no_backtrack_balanced_00977,,,,10,21.949975,3.210413,7.101753,3.891339,3.891339,,0.067541,1.096361,183.717805,175.043475,95.645263,1.830132,0,0.0,0.0,0,22.258207,,,90.0,90.0,107.274605,694192f01aaceb42014f22f6cd25b6b693a23e7b,32b629967821388fb872f3a3d9db289a2f4ac05f
20260810_191147_scene_1_auto22_true_gain2_no_backtrack_balanced_00978,,,,9,20.766729,3.288015,7.101753,3.813737,3.813737,,0.075636,0.991157,170.521546,158.655667,69.862821,2.27096,2,10.905381,10.905381,0,22.825829,,,180.0,225.0,107.274605,fe0de1afeafd480c58da5f179e015e3375855466,f62429b6dcde2097d290222fe9c38952fa6487fe
20260810_191147_scene_1_auto22_true_gain2_no_backtrack_balanced_00979,,,,9,21.999194,3.181125,7.101753,3.920628,3.920628,,0.060882,1.035366,185.964609,175.993552,81.183963,2.167836,1,8.061839,8.061839,0,22.825829,,,180.0,225.0,107.274605,f4e76afcc87ab567262d4568f0e130beda744cf4,b557110e9eb39d05e3b0e38b4792987fe561e3dd
20260810_191147_scene_1_auto22_true_gain2_no_backtrack_balanced_00980,,,,9,22.137974,3.502455,7.101753,3.599298,3.599298,,0.075636,0.991157,188.020232,177.103789,94.231817,1.879448,1,8.061839,8.061839,0,22.825829,,,180.0,225.0,107.274605,247253813f80fbcfdc647516eaf94554f9617f0a,38e923c3dd8adb31e07568727963c1f8d1a9b6cc
20260810_191147_scene_1_auto22_true_gain2_no_backtrack_balanced_00981,,,,6,11.962485,3.682554,7.101753,3.419199,3.419199,,0.259587,0.98118,90.855027,84.857845,51.258302,1.655495,1,1.383403,1.383403,0,22.258207,,,150.0,45.0,107.274605,9bebba11187d9908b91e3cf3c6d487d897d3c5a0,78fe9698133cc12c57520dc5a0a5b6eaa4ba89d9
20260810_191147_scene_1_auto22_true_gain2_no_backtrack_balanced_00982,,,,8,19.166917,3.089357,7.101753,4.012395,4.012395,,0.11311,1.096361,159.197163,153.335333,116.4852,1.31635,0,0.0,0.0,0,23.852261,,,120.0,45.0,106.869711,14b3d55702d4bd9e2f01c89fb4d5dee2d3d92d21,2fb660001a32f9fc9bc0449dbb685e156ee7ec84
20260810_191147_scene_1_auto22_true_gain2_no_backtrack_balanced_00983,,,,9,21.892485,2.992438,7.101753,4.109315,4.109315,,0.247614,0.976436,181.610015,171.776004,68.826435,2.495785,2,25.405382,25.405382,0,22.258207,,,270.0,135.0,107.274605,0b74a90f19518a3b74e7d9ec0af635b0fda12bd5,52035cbb795a31d930ee6779cac43a98735bab99
20260810_191147_scene_1_auto22_true_gain2_no_backtrack_balanced_00984,,,,5,8.980953,4.450344,7.101753,2.651409,2.651409,,0.411751,0.976436,66.011887,61.005584,31.881754,1.913495,1,0.742747,0.742747,0,22.258207,,,180.0,45.0,107.274605,e88490a2152af2f14ffb3e17833a317cd2377f99,63bf9e8c44a8f389e3dc01123b127ac67721bff4
20260810_191147_scene_1_auto22_true_gain2_no_backtrack_balanced_00985,,,,9,19.819288,3.57895,7.101753,3.522802,3.522802,,0.054925,0.991157,167.401486,158.554305,63.763509,2.486599,2,10.194979,10.194979,0,22.825829,,,120.0,135.0,107.274605,b9d2b8ba8bc6a8b4354c7c26d0819b323183ba32,452a607e88f662cd088c38aa4e80ebc4082155e7
20260810_191147_scene_1_auto22_true_gain2_no_backtrack_balanced_00986,,,,8,19.352572,3.572966,7.101753,3.528787,3.528787,,0.075636,0.991157,163.142755,154.820573,91.565319,1.690821,1,8.061839,8.061839,0,22.825829,,,180.0,180.0,107.274605,58388d8e8d9907a9df0e83b26ed10248334bee6b,0d7d0eb01c63411110a5362956ebdfee89c57ee5
20260810_191147_scene_1_auto22_true_gain2_no_backtrack_balanced_00987,,,,10,22.438286,3.071338,7.101753,4.030415,4.030415,,0.056418,1.096361,184.70637,175.586089,101.57759,1.728591,1,0.235566,0.235566,0,22.825829,,,135.0,90.0,107.274605,3d6137b4c8c7d751314373c4106450e8fa5a8b94,6ff8e2c54256f2630f093188f73fc558dde066df
20260810_191147_scene_1_auto22_true_gain2_no_backtrack_balanced_00988,,,,10,21.758068,2.902256,7.101753,4.199497,4.199497,,0.087997,1.096361,174.404865,166.586379,101.813156,1.636197,1,0.262001,0.262001,0,23.309647,,,180.0,45.0,106.869711,102d752f34b6d4f870e05ddc329fc1f07edc6206,e31182efbfa7596d35388df974a6c5ea835484c1
20260810_191147_scene_1_auto22_true_gain2_no_backtrack_balanced_00989,,,,9,22.079691,2.968129,7.101753,4.133624,4.133624,,0.058229,1.096361,185.633374,176.637529,101.813156,1.734919,0,0.0,0.0,0,23.852261,,,150.0,135.0,107.274605,da4237979b97cd10e533e442e6dc08084fc423c2,83db41bf086c02c484332a0ee6591a2605202055
20260810_191147_scene_1_auto22_true_gain2_no_backtrack_balanced_00990,,,,9,22.137974,3.644357,7.101753,3.457396,3.457396,,0.075636,0.991157,187.645232,177.103789,94.231817,1.879448,1,8.061839,8.061839,0,22.825829,,,210.0,180.0,107.274605,ec2081ad1d4f9a23e9cf756bc0ef3068a674bac5,23209639f3c26bb80936c289ddfa2349bae98d3c
20260810_191147_scene_1_auto22_true_gain2_no_backtrack_balanced_00991,,,,9,20.885488,3.341438,7.101753,3.760315,3.760315,,0.075636,0.991157,171.380744,159.605744,64.138108,2.48847,1,8.061839,8.061839,0,22.825829,,,210.0,225.0,107.274605,d6b9e2cf011a2a7c89f7187c554f41d44770c456,d3184f92c66e6a341f559ea5aa5d2623ef92419c
20260810_191147_scene_1_auto22_true_gain2_no_backtrack_balanced_00992,,,,9,21.084745,3.528285,7.101753,3.573468,3.573468,,0.075636,0.991157,172.909021,161.199798,72.004126,2.238758,2,8.583612,8.583612,0,22.825829,,,210.0,225.0,107.274605,da218c57a42785ed58ba6565539cfed37b32e21c,53e7f9873544441f75a0c76598a322be9dd9adad
20260810_191147_scene_1_auto22_true_gain2_no_backtrack_balanced_00993,,,,9,19.712718,3.099758,7.101753,4.001995,4.001995,,0.080483,1.096361,164.626721,157.145418,94.991426,1.654312,0,0.0,0.0,0,22.258207,,,90.0,90.0,106.869711,557b113fa5d009223f61d287a6ba18d9fda581ad,63c2c4c5a8e1a9bf6f54c6724b14bb689a88220a
20260810_191147_scene_1_auto22_true_gain2_no_backtrack_balanced_00994,,,,10,22.147518,3.184109,7.101753,3.917644,3.917644,,0.0927,1.096361,185.853242,177.180143,72.336063,2.449403,2,21.895754,21.895754,0,22.258207,,,180.0,45.0,107.274605,cfd3196f9bd595290f60cd0ed395242b72052ab3,cb7fbcb6fef72cab67d29d37226bfce641732d7e
20260810_191147_scene_1_auto22_true_gain2_no_backtrack_balanced_00995,,,,8,19.551828,3.068099,7.101753,4.033654,4.033654,,0.050735,1.096361,164.589415,156.414627,73.322858,2.133231,1,20.908959,20.908959,0,23.309647,,,120.0,180.0,106.869711,6fc88621201208746245c18a5956215529501254,391404599af9780f4d0b3ce72b59d0995f2c2bc2
20260810_191147_scene_1_auto22_true_gain2_no_backtrack_balanced_00996,,,,8,19.216918,3.464664,7.101753,3.637088,3.637088,,0.075636,0.991157,161.350201,153.735345,64.138108,2.396942,1,8.061839,8.061839,0,22.825829,,,120.0,135.0,107.274605,fa912183ba7040403cad152e4cf75d22b2e3199c,fe727499d8fbe80882afbf058e0de3178b59d433
20260810_191147_scene_1_auto22_true_gain2_no_backtrack_balanced_00997,,,,6,10.899411,4.580714,7.101753,2.521039,2.521039,,0.136601,0.98118,89.310463,83.831414,50.788795,1.650589,1,0.469507,0.469507,0,22.258207,,,120.0,45.0,107.274605,fb9b2b6ea222712b74d4973e17cf2ef970996535,39d6ea5e051c010a8b3aae3706a1862f8e0c643e
20260810_191147_scene_1_auto22_true_gain2_no_backtrack_balanced_00998,,,,8,19.284745,3.857718,7.101753,3.244035,3.244035,,0.075636,0.991157,164.400141,154.277959,72.336063,2.132795,1,8.061839,8.061839,0,22.825829,,,180.0,180.0,107.274605,b7b7040193ff71db0ff12def59e40c45f720a8f6,8a42084034ecfa34f3b48a990abe5369fb801122
20260810_191147_scene_1_auto22_true_gain2_no_backtrack_balanced_00999,,,,7,14.744761,3.317653,7.101753,3.7841,3.7841,,0.064112,1.054157,120.836201,114.037891,47.704521,2.390505,1,4.937184,4.937184,0,22.258207,,,150.0,45.0,107.274605,6247335db75fe0c3265ddfc58b14676264bbfbaf,27b4ff7342429abfa6e76e9d33cb9e3325a4c577
20260810_191147_scene_1_auto22_true_gain2_no_backtrack_balanced_01000,,,,9,20.828137,3.333287,7.101753,3.768465,3.768465,,0.062958,1.096361,172.437012,166.068774,95.895402,1.73177,0,0.0,0.0,0,23.309647,,,90.0,90.0,107.274605,c190840a059a7a67587ab850b25ff7aa2c91e8f1,19ff25303b85e123cbf9f8776315ce8637aab21f
