trajectory_id,family_id,variant_index,start_score,end_score,terminal_gain,keyframe_count,real_control_point_count,interpolated_keyframe_count,duration_sec,path_xyz_length,net_xyz_distance,path_to_net_ratio,max_xyz_step,max_speed_mps,max_abs_tangential_acceleration_mps2,max_yaw_step_deg,max_pitch_step_deg,max_sampled_turn_deg,target_distance_total_increase,start_anchor_node_id,target_anchor_node_id,physical_curve_signature_1cm,pose_curve_signature_exact
scene_3_2_terminalgain_globalmax_interp_0001,family_01,1,6.541645,6.735721,0.194076,30,2,28,2.9,3.008362,3.008362,1.0,0.194352,1.94352,2.0571,0.0,0.0,0.024211,0.0,scene_3.2|scene_3.2_y02_hull_dense_y02_17p64|2556|31,scene_3.2|scene_3.2_y01_hull_dense_y01_14p63|466|22,0b822b099b69f28abcea2d4628796ac675d80e9e,5dedebd1de0af3e9dd6815beb3377d981515027b
scene_3_2_terminalgain_globalmax_interp_0002,family_01,2,6.541645,6.735721,0.194076,30,2,28,2.9,3.010291,3.008362,1.000641,0.194352,1.94352,2.057257,0.239689,0.134137,0.374485,0.0,scene_3.2|scene_3.2_y02_hull_dense_y02_17p64|2556|31,scene_3.2|scene_3.2_y01_hull_dense_y01_14p63|466|22,3831ff4a13253073e79121b3dd22a9db02acb19d,3c414fff8f09692bc7a58f56ce3a1c8e1927b28d
scene_3_2_terminalgain_globalmax_interp_0003,family_01,3,6.541645,6.735721,0.194076,30,2,28,2.9,3.019517,3.008362,1.003708,0.194352,1.94352,2.058046,0.295281,0.160356,0.902009,0.0,scene_3.2|scene_3.2_y02_hull_dense_y02_17p64|2556|31,scene_3.2|scene_3.2_y01_hull_dense_y01_14p63|466|22,5dd7a97e66cdaa237890ab457670a4fa8ba0f184,e1556a7a14d8d855649bd5c322d89afd3f136a4b
scene_3_2_terminalgain_globalmax_interp_0004,family_01,4,6.541645,6.735721,0.194076,30,2,28,2.9,3.034496,3.008362,1.008687,0.194352,1.94352,2.059548,0.154499,0.110076,1.384354,0.0,scene_3.2|scene_3.2_y02_hull_dense_y02_17p64|2556|31,scene_3.2|scene_3.2_y01_hull_dense_y01_14p63|466|22,3ada81e8edfa49cfe0a00e043012651e8c3d1bfe,98b34ef740817b009bc48e58177f7cffb97e9043
scene_3_2_terminalgain_globalmax_interp_0005,family_01,5,6.541645,6.735721,0.194076,30,2,28,2.9,3.018171,3.008362,1.00326,0.194352,1.94352,2.057923,0.013718,0.059797,0.845616,0.0,scene_3.2|scene_3.2_y02_hull_dense_y02_17p64|2556|31,scene_3.2|scene_3.2_y01_hull_dense_y01_14p63|466|22,08cd19428b95ae5f2809ad0f5a0fafad9dd394da,88012a7a050b2643a7d41bf1aa6589fb60fb919f
scene_3_2_terminalgain_globalmax_interp_0006,family_01,6,6.541645,6.735721,0.194076,30,2,28,2.9,3.031351,3.008362,1.007642,0.194352,1.94352,2.05919,0.127064,0.009518,1.297701,0.0,scene_3.2|scene_3.2_y02_hull_dense_y02_17p64|2556|31,scene_3.2|scene_3.2_y01_hull_dense_y01_14p63|466|22,cafb6d7d64445809f1e164c5f64559b3d1120eac,053378f280ab1842fa60bf08134d005439e164d5
scene_3_2_terminalgain_globalmax_interp_0007,family_01,7,6.541645,6.735721,0.194076,30,2,28,2.9,3.012892,3.008362,1.001506,0.194352,1.94352,2.057475,0.267846,0.040761,0.574083,0.0,scene_3.2|scene_3.2_y02_hull_dense_y02_17p64|2556|31,scene_3.2|scene_3.2_y01_hull_dense_y01_14p63|466|22,37e83cfcd17ea0c6c36313b7e60c360ab9714e6b,ed5d16f7e1e2904fdea630854e225a50e5d0eac7
scene_3_2_terminalgain_globalmax_interp_0008,family_01,8,6.541645,6.735721,0.194076,30,2,28,2.9,3.038695,3.008362,1.010083,0.194352,1.94352,2.059987,0.267124,0.09104,1.492303,0.0,scene_3.2|scene_3.2_y02_hull_dense_y02_17p64|2556|31,scene_3.2|scene_3.2_y01_hull_dense_y01_14p63|466|22,fb632ee82c4ec82d435c79edeb7573431412cf79,3eb7418adcd42c821b8add44c56128d742a7391e
scene_3_2_terminalgain_globalmax_interp_0009,family_01,9,6.541645,6.735721,0.194076,30,2,28,2.9,3.06501,3.008362,1.01883,0.194352,1.94352,2.063344,0.126343,0.14132,2.049382,0.0,scene_3.2|scene_3.2_y02_hull_dense_y02_17p64|2556|31,scene_3.2|scene_3.2_y01_hull_dense_y01_14p63|466|22,81e611f75c4a9e6e6383c23d63249b2a9aab4df8,d6ac9f4db4b3074fca2e1d4dbd67a54ded0bca89
scene_3_2_terminalgain_globalmax_interp_0010,family_01,10,6.541645,6.735721,0.194076,30,2,28,2.9,3.036103,3.008362,1.009221,0.194352,1.94352,2.059694,0.014439,0.153173,1.426809,0.0,scene_3.2|scene_3.2_y02_hull_dense_y02_17p64|2556|31,scene_3.2|scene_3.2_y01_hull_dense_y01_14p63|466|22,2e6980223453613dfc0a46aaa957d4003b89656c,7be89730c70109cce0146882572a8396984476a9
scene_3_2_terminalgain_globalmax_interp_0011,family_01,11,6.541645,6.735721,0.194076,30,2,28,2.9,3.017445,3.008362,1.003019,0.194352,1.94352,2.057857,0.155221,0.102894,0.813552,0.0,scene_3.2|scene_3.2_y02_hull_dense_y02_17p64|2556|31,scene_3.2|scene_3.2_y01_hull_dense_y01_14p63|466|22,5d62c42e0747e8b0f33f22d6208d5905eb1da112,4d96e3c09ddc65d59bb2c44f15d3c8423c3e6287
scene_3_2_terminalgain_globalmax_interp_0012,family_01,12,6.541645,6.735721,0.194076,30,2,28,2.9,3.022159,3.008362,1.004586,0.194352,1.94352,2.058272,0.296002,0.052615,1.003586,0.0,scene_3.2|scene_3.2_y02_hull_dense_y02_17p64|2556|31,scene_3.2|scene_3.2_y01_hull_dense_y01_14p63|466|22,de80bac6fe7ca89bc1ec168a55f9a286e2894aac,3ed65b74f4bbf5a7a5aceea3f1ab3aeae93ad552
scene_3_2_terminalgain_globalmax_interp_0013,family_01,13,6.541645,6.735721,0.194076,30,2,28,2.9,3.040254,3.008362,1.010601,0.194352,1.94352,2.060169,0.238969,0.002335,1.530729,0.0,scene_3.2|scene_3.2_y02_hull_dense_y02_17p64|2556|31,scene_3.2|scene_3.2_y01_hull_dense_y01_14p63|466|22,9866a197ce49e02f746d3feb852e995fb7625469,bfb2e889be2ddee460c1102fb622a4a2363c954c
scene_3_2_terminalgain_globalmax_interp_0014,family_01,14,6.541645,6.735721,0.194076,30,2,28,2.9,3.011064,3.008362,1.000898,0.194352,1.94352,2.057313,0.098187,0.047944,0.443268,0.0,scene_3.2|scene_3.2_y02_hull_dense_y02_17p64|2556|31,scene_3.2|scene_3.2_y01_hull_dense_y01_14p63|466|22,5423ac043498966c52f9e3e852ae4162f786058a,316a203de57b8c5f2be9515fe6e715ba6d225e86
scene_3_2_terminalgain_globalmax_interp_0015,family_01,15,6.541645,6.735721,0.194076,30,2,28,2.9,3.021465,3.008362,1.004355,0.194352,1.94352,2.058223,0.042594,0.098223,0.97814,0.0,scene_3.2|scene_3.2_y02_hull_dense_y02_17p64|2556|31,scene_3.2|scene_3.2_y01_hull_dense_y01_14p63|466|22,d52d4c7972eb11b0b253ed08f4877287cfd42143,ba7e4e1a8f06ca2cbcaa6efa3d2b8bc120c7b44f
scene_3_2_terminalgain_globalmax_interp_0016,family_01,16,6.541645,6.735721,0.194076,30,2,28,2.9,3.035438,3.008362,1.009,0.194352,1.94352,2.059637,0.183377,0.148502,1.409424,0.0,scene_3.2|scene_3.2_y02_hull_dense_y02_17p64|2556|31,scene_3.2|scene_3.2_y01_hull_dense_y01_14p63|466|22,b36d60ca2e5b6a7193e4823a58365a2a2a7a38f9,de9f528ca318cdfa868bc0c088be5aec426a88ab
scene_3_2_terminalgain_globalmax_interp_0017,family_01,17,6.541645,6.735721,0.194076,30,2,28,2.9,3.031047,3.008362,1.00754,0.194352,1.94352,2.059194,0.324159,0.14599,1.288877,0.0,scene_3.2|scene_3.2_y02_hull_dense_y02_17p64|2556|31,scene_3.2|scene_3.2_y01_hull_dense_y01_14p63|466|22,b802c623e801f13627ecd8b40d884123981e3c17,8254347eb594c278a6de6a4e3e9d1e145578f353
scene_3_2_terminalgain_globalmax_interp_0018,family_01,18,6.541645,6.735721,0.194076,30,2,28,2.9,3.030859,3.008362,1.007478,0.194352,1.94352,2.059133,0.345962,0.095711,1.283578,0.0,scene_3.2|scene_3.2_y02_hull_dense_y02_17p64|2556|31,scene_3.2|scene_3.2_y01_hull_dense_y01_14p63|466|22,1e6e5bef2afd7084bbcbe76f81c6a1719267cd46,9576d36ac2c87c507c08b14c2e901f4e00e087d7
scene_3_2_terminalgain_globalmax_interp_0019,family_01,19,6.541645,6.735721,0.194076,30,2,28,2.9,3.035415,3.008362,1.008992,0.194352,1.94352,2.059643,0.205181,0.045432,1.408862,0.0,scene_3.2|scene_3.2_y02_hull_dense_y02_17p64|2556|31,scene_3.2|scene_3.2_y01_hull_dense_y01_14p63|466|22,b40f240802b9ee1d1adf50b62a6b7c69defc8351,5a7514fb3cd37fe10d39d2f707982386eae09553
scene_3_2_terminalgain_globalmax_interp_0020,family_01,20,6.541645,6.735721,0.194076,30,2,28,2.9,3.023392,3.008362,1.004996,0.194352,1.94352,2.058396,0.064399,0.004847,1.04764,0.0,scene_3.2|scene_3.2_y02_hull_dense_y02_17p64|2556|31,scene_3.2|scene_3.2_y01_hull_dense_y01_14p63|466|22,bdd8685331ec194ab61ef82e1cb3836bd6f608f6,6b86fdf19c087cd30dbd62d55f4560fae75b2004
scene_3_2_terminalgain_globalmax_interp_0021,family_01,21,6.541645,6.735721,0.194076,30,2,28,2.9,3.025818,3.008362,1.005802,0.194352,1.94352,2.058624,0.076383,0.055127,1.129472,0.0,scene_3.2|scene_3.2_y02_hull_dense_y02_17p64|2556|31,scene_3.2|scene_3.2_y01_hull_dense_y01_14p63|466|22,18fb32536fa0f3a8155c9ec4ae45b72c9e42a760,3bc12dedd14530f5ff23468b9eb8c7d85890822a
scene_3_2_terminalgain_globalmax_interp_0022,family_01,22,6.541645,6.735721,0.194076,30,2,28,2.9,3.026772,3.008362,1.006119,0.194352,1.94352,2.058715,0.217164,0.105406,1.160277,0.0,scene_3.2|scene_3.2_y02_hull_dense_y02_17p64|2556|31,scene_3.2|scene_3.2_y01_hull_dense_y01_14p63|466|22,59e3faa224d0db445611ce1864a2c0d3b934d467,13100f935b18ebecb428f85180fa7de31ea41170
scene_3_2_terminalgain_globalmax_interp_0023,family_01,23,6.541645,6.735721,0.194076,30,2,28,2.9,3.008611,3.008362,1.000083,0.194352,1.94352,2.057118,0.317807,0.155685,0.134636,0.0,scene_3.2|scene_3.2_y02_hull_dense_y02_17p64|2556|31,scene_3.2|scene_3.2_y01_hull_dense_y01_14p63|466|22,1a32fddb1098e71ef67198129dc4f6bde2cdcf38,3105642e33f2bedbb9ea8faea1262bb5bb153c06
scene_3_2_terminalgain_globalmax_interp_0024,family_01,24,6.541645,6.735721,0.194076,30,2,28,2.9,3.048723,3.008362,1.013416,0.194352,1.94352,2.061167,0.177024,0.138807,1.724948,0.0,scene_3.2|scene_3.2_y02_hull_dense_y02_17p64|2556|31,scene_3.2|scene_3.2_y01_hull_dense_y01_14p63|466|22,f3f14d0d9b5001a2514e47ba88becbcaef15820a,1e59576d049134925f1b6b00b967407233838991
scene_3_2_terminalgain_globalmax_interp_0025,family_01,25,6.541645,6.735721,0.194076,30,2,28,2.9,3.039096,3.008362,1.010216,0.194352,1.94352,2.060027,0.036242,0.088528,1.502618,0.0,scene_3.2|scene_3.2_y02_hull_dense_y02_17p64|2556|31,scene_3.2|scene_3.2_y01_hull_dense_y01_14p63|466|22,75af345e3cf3fb5643e02c26da89e9ddf2e7d77f,4a7c621d93048432cfb0b448b3062111f706dd61
scene_3_2_terminalgain_globalmax_interp_0026,family_01,26,6.541645,6.735721,0.194076,30,2,28,2.9,3.01051,3.008362,1.000714,0.194352,1.94352,2.057271,0.104539,0.038249,0.395152,0.0,scene_3.2|scene_3.2_y02_hull_dense_y02_17p64|2556|31,scene_3.2|scene_3.2_y01_hull_dense_y01_14p63|466|22,755a312e43f5cb6d56b099710a1ee6b6fcca79e0,2fa7bcf2df5a956d7a6246ebf4ea8431aeba314b
scene_3_2_terminalgain_globalmax_interp_0027,family_01,27,6.541645,6.735721,0.194076,30,2,28,2.9,3.038923,3.008362,1.010159,0.194352,1.94352,2.06004,0.245321,0.01203,1.498227,0.0,scene_3.2|scene_3.2_y02_hull_dense_y02_17p64|2556|31,scene_3.2|scene_3.2_y01_hull_dense_y01_14p63|466|22,6e3306b084669338b808b7230491fb888445da30,7cb9b0b46c8a5cad2aac016fab88ddae9ff5e7c6
scene_3_2_terminalgain_globalmax_interp_0028,family_01,28,6.541645,6.735721,0.194076,30,2,28,2.9,3.039228,3.008362,1.01026,0.194352,1.94352,2.060054,0.28965,0.062309,1.505837,0.0,scene_3.2|scene_3.2_y02_hull_dense_y02_17p64|2556|31,scene_3.2|scene_3.2_y01_hull_dense_y01_14p63|466|22,5500c015696e81d62efd52fadcfc558ff9790808,302bea70350e0d58249321ae03c87886c2eedb8c
scene_3_2_terminalgain_globalmax_interp_0029,family_01,29,6.541645,6.735721,0.194076,30,2,28,2.9,3.02206,3.008362,1.004553,0.194352,1.94352,2.058277,0.148869,0.112589,0.999772,0.0,scene_3.2|scene_3.2_y02_hull_dense_y02_17p64|2556|31,scene_3.2|scene_3.2_y01_hull_dense_y01_14p63|466|22,34ddf2bf4a4eb6f6612bfb5b7adb53f355bd605c,5b02523cf4abf034b76ad6c20de93131beef3535
scene_3_2_terminalgain_globalmax_interp_0030,family_01,30,6.541645,6.735721,0.194076,30,2,28,2.9,3.021247,3.008362,1.004283,0.194352,1.94352,2.0582,0.008087,0.162868,0.969638,0.0,scene_3.2|scene_3.2_y02_hull_dense_y02_17p64|2556|31,scene_3.2|scene_3.2_y01_hull_dense_y01_14p63|466|22,7fb2aa040f4fd13ada8e004d5f412847c103f3c5,23431cf0ad05793d35d30c8c7626b94b5e643394
scene_3_2_terminalgain_globalmax_interp_0031,family_01,31,6.541645,6.735721,0.194076,30,2,28,2.9,3.019349,3.008362,1.003652,0.194352,1.94352,2.058027,0.132695,0.131625,0.895213,0.0,scene_3.2|scene_3.2_y02_hull_dense_y02_17p64|2556|31,scene_3.2|scene_3.2_y01_hull_dense_y01_14p63|466|22,a740b9b79136545d06ace01d711091da87bb00e0,902616b815f7326c9b82e3b4d21fd57d31e423c1
scene_3_2_terminalgain_globalmax_interp_0032,family_01,32,6.541645,6.735721,0.194076,30,2,28,2.9,3.031176,3.008362,1.007583,0.194352,1.94352,2.059199,0.273477,0.081346,1.292626,0.0,scene_3.2|scene_3.2_y02_hull_dense_y02_17p64|2556|31,scene_3.2|scene_3.2_y01_hull_dense_y01_14p63|466|22,d3afcf7b6d42413336b38edc05fe2a19eeff332b,dc2c7a4f9b779208e942b586a6593e6435a4eac8
scene_3_2_terminalgain_globalmax_interp_0033,family_01,33,6.541645,6.735721,0.194076,30,2,28,2.9,3.044836,3.008362,1.012124,0.194352,1.94352,2.060719,0.261494,0.031066,1.638437,0.0,scene_3.2|scene_3.2_y02_hull_dense_y02_17p64|2556|31,scene_3.2|scene_3.2_y01_hull_dense_y01_14p63|466|22,7e122f640402a3f915cd1e26508b983306402654,6b59e229b9289b9ed9e9755dc225000e582b2422
scene_3_2_terminalgain_globalmax_interp_0034,family_01,34,6.541645,6.735721,0.194076,30,2,28,2.9,3.013828,3.008362,1.001817,0.194352,1.94352,2.057528,0.120712,0.019213,0.630645,0.0,scene_3.2|scene_3.2_y02_hull_dense_y02_17p64|2556|31,scene_3.2|scene_3.2_y01_hull_dense_y01_14p63|466|22,1a1bec5493495b5a85730c3a7e6b3a6903dbdb12,28b3d97c1aa290b720934838b0844c118d90fbdf
scene_3_2_terminalgain_globalmax_interp_0035,family_01,35,6.541645,6.735721,0.194076,30,2,28,2.9,3.013842,3.008362,1.001821,0.194352,1.94352,2.057558,0.02007,0.069492,0.631512,0.0,scene_3.2|scene_3.2_y02_hull_dense_y02_17p64|2556|31,scene_3.2|scene_3.2_y01_hull_dense_y01_14p63|466|22,199f5f66eaf23593e7dcc13a5ce3723df706a82e,8a386f1e73ee5a2ce90d94d0fca74f08a13ede25
scene_3_2_terminalgain_globalmax_interp_0036,family_01,36,6.541645,6.735721,0.194076,30,2,28,2.9,3.054409,3.008362,1.015306,0.194352,1.94352,2.061935,0.160851,0.119771,1.844227,0.0,scene_3.2|scene_3.2_y02_hull_dense_y02_17p64|2556|31,scene_3.2|scene_3.2_y01_hull_dense_y01_14p63|466|22,81fa415c3db988af776a13bb2f5307e8bdbeb7e2,d3bdfb4b4120f11eb1a90c95bb45fadeb83dbf4c
scene_3_2_terminalgain_globalmax_interp_0037,family_01,37,6.541645,6.735721,0.194076,30,2,28,2.9,3.046915,3.008362,1.012815,0.194352,1.94352,2.060942,0.301633,0.170051,1.685419,0.0,scene_3.2|scene_3.2_y02_hull_dense_y02_17p64|2556|31,scene_3.2|scene_3.2_y01_hull_dense_y01_14p63|466|22,10bc14e4f9fd9cfb57af4809338258dc649f216d,dd92b5eff96a451c2c29c4650158b36e4a5f289c
scene_3_2_terminalgain_globalmax_interp_0038,family_01,38,6.541645,6.735721,0.194076,30,2,28,2.9,3.018616,3.008362,1.003408,0.194352,1.94352,2.057969,0.233337,0.173694,0.864617,0.0,scene_3.2|scene_3.2_y02_hull_dense_y02_17p64|2556|31,scene_3.2|scene_3.2_y01_hull_dense_y01_14p63|466|22,313273c1ef509d796d7d015956b2cdbc2ef92898,abf1abf0a375c02943ae448cc3e7e9721683666c
scene_3_2_terminalgain_globalmax_interp_0039,family_01,39,6.541645,6.735721,0.194076,30,2,28,2.9,3.012189,3.008362,1.001272,0.194352,1.94352,2.057401,0.092556,0.123415,0.527579,0.0,scene_3.2|scene_3.2_y02_hull_dense_y02_17p64|2556|31,scene_3.2|scene_3.2_y01_hull_dense_y01_14p63|466|22,148d9d1f0a353d7cf3a7980a1bec1fbd64ff1a85,c693e356dd170f38a56c1cc7019ba3101634f2d0
scene_3_2_terminalgain_globalmax_interp_0040,family_01,40,6.541645,6.735721,0.194076,30,2,28,2.9,3.055701,3.008362,1.015736,0.194352,1.94352,2.06213,0.048226,0.073136,1.870063,0.0,scene_3.2|scene_3.2_y02_hull_dense_y02_17p64|2556|31,scene_3.2|scene_3.2_y01_hull_dense_y01_14p63|466|22,aef711fd5f01c78cedbbb5f4151f9eb06457c3a8,58105dde13591104e1d456d016bbffa426f24ce4
scene_3_2_terminalgain_globalmax_interp_0041,family_01,41,6.541645,6.735721,0.194076,30,2,28,2.9,3.038327,3.008362,1.00996,0.194352,1.94352,2.059971,0.189008,0.022857,1.483328,0.0,scene_3.2|scene_3.2_y02_hull_dense_y02_17p64|2556|31,scene_3.2|scene_3.2_y01_hull_dense_y01_14p63|466|22,a15902a5bbf898581d26a7c2dbaa2359b821b853,6a661f9fda93974ca172fa23eea51e5cdc3561e9
scene_3_2_terminalgain_globalmax_interp_0042,family_01,42,6.541645,6.735721,0.194076,30,2,28,2.9,3.018569,3.008362,1.003393,0.194352,1.94352,2.057946,0.32979,0.027423,0.862831,0.0,scene_3.2|scene_3.2_y02_hull_dense_y02_17p64|2556|31,scene_3.2|scene_3.2_y01_hull_dense_y01_14p63|466|22,816af2c4de8e82230caa84164797c477b620e9d5,42f7c28eafb680170ee8564b8706fdd125967195
scene_3_2_terminalgain_globalmax_interp_0043,family_01,43,6.541645,6.735721,0.194076,30,2,28,2.9,3.024603,3.008362,1.005399,0.194352,1.94352,2.058518,0.340332,0.077702,1.089385,0.0,scene_3.2|scene_3.2_y02_hull_dense_y02_17p64|2556|31,scene_3.2|scene_3.2_y01_hull_dense_y01_14p63|466|22,49aca6c83ec2f884136285fd951e65f1e3e4111a,4d85be3fe9bd4eeecdeb8589f669f4a471f3efae
scene_3_2_terminalgain_globalmax_interp_0044,family_01,44,6.541645,6.735721,0.194076,30,2,28,2.9,3.017412,3.008362,1.003008,0.194352,1.94352,2.057862,0.19955,0.127981,0.812273,0.0,scene_3.2|scene_3.2_y02_hull_dense_y02_17p64|2556|31,scene_3.2|scene_3.2_y01_hull_dense_y01_14p63|466|22,e7f919a270917c058fcffdff6e1979dacbe886bc,feefb7c0791d55f78e012288ad461cf9eed6b4e4
scene_3_2_terminalgain_globalmax_interp_0045,family_01,45,6.541645,6.735721,0.194076,30,2,28,2.9,3.044246,3.008362,1.011928,0.194352,1.94352,2.060658,0.058768,0.166512,1.625137,0.0,scene_3.2|scene_3.2_y02_hull_dense_y02_17p64|2556|31,scene_3.2|scene_3.2_y01_hull_dense_y01_14p63|466|22,6240f778518993fa72cac2a743a1a88468aae6a0,4616ecf194fb91644dccf280b6414c1b22a778ad
scene_3_2_terminalgain_globalmax_interp_0046,family_01,46,6.541645,6.735721,0.194076,30,2,28,2.9,3.036466,3.008362,1.009342,0.194352,1.94352,2.059757,0.082013,0.116232,1.436254,0.0,scene_3.2|scene_3.2_y02_hull_dense_y02_17p64|2556|31,scene_3.2|scene_3.2_y01_hull_dense_y01_14p63|466|22,430f5b78a1a1f06d66f97feae62521f25bef9ce9,c38d4cf71d94e5bf835ed3908c591cd6be8f5785
scene_3_2_terminalgain_globalmax_interp_0047,family_01,47,6.541645,6.735721,0.194076,30,2,28,2.9,3.011857,3.008362,1.001162,0.194352,1.94352,2.057379,0.222795,0.065953,0.504141,0.0,scene_3.2|scene_3.2_y02_hull_dense_y02_17p64|2556|31,scene_3.2|scene_3.2_y01_hull_dense_y01_14p63|466|22,787394370675959c3591530501ffdc83234a9001,3f1e9810523e3ef3a35880ff98ad2241c389952e
scene_3_2_terminalgain_globalmax_interp_0048,family_01,48,6.541645,6.735721,0.194076,30,2,28,2.9,3.032502,3.008362,1.008024,0.194352,1.94352,2.059305,0.312175,0.015674,1.329828,0.0,scene_3.2|scene_3.2_y02_hull_dense_y02_17p64|2556|31,scene_3.2|scene_3.2_y01_hull_dense_y01_14p63|466|22,4709cc49b8bff51d8e6ffa6e5e1b5e537c0240df,3d5e46c95da3cff2fa2023435ea5351df0ee3348
scene_3_2_terminalgain_globalmax_interp_0049,family_01,49,6.541645,6.735721,0.194076,30,2,28,2.9,3.045567,3.008362,1.012367,0.194352,1.94352,2.060815,0.171393,0.034605,1.65519,0.0,scene_3.2|scene_3.2_y02_hull_dense_y02_17p64|2556|31,scene_3.2|scene_3.2_y01_hull_dense_y01_14p63|466|22,77891204d67a1ea82e6485c5948f8a89a40a9499,cde0c19d0c55575c5bd5ac3c5b804c4016ef7ec8
scene_3_2_terminalgain_globalmax_interp_0050,family_01,50,6.541645,6.735721,0.194076,30,2,28,2.9,3.009062,3.008362,1.000232,0.194352,1.94352,2.057159,0.030612,0.084885,0.225553,0.0,scene_3.2|scene_3.2_y02_hull_dense_y02_17p64|2556|31,scene_3.2|scene_3.2_y01_hull_dense_y01_14p63|466|22,be0f5d107195b764adfd371c01deba7e89830058,149d3d0507488b006afaa2dc6ff663abfa7bd51e
scene_3_2_terminalgain_globalmax_interp_0051,family_01,51,6.541645,6.735721,0.194076,30,2,28,2.9,3.025215,3.008362,1.005602,0.194352,1.94352,2.058558,0.11017,0.135164,1.109759,0.0,scene_3.2|scene_3.2_y02_hull_dense_y02_17p64|2556|31,scene_3.2|scene_3.2_y01_hull_dense_y01_14p63|466|22,bdd2d6a18c2699032e715c534b540de72e258be9,5819f6448b95fcddab3c4fcb7191f85cb2af0cdf
scene_3_2_terminalgain_globalmax_interp_0052,family_01,52,6.541645,6.735721,0.194076,30,2,28,2.9,3.028225,3.008362,1.006602,0.194352,1.94352,2.058864,0.250952,0.159329,1.205557,0.0,scene_3.2|scene_3.2_y02_hull_dense_y02_17p64|2556|31,scene_3.2|scene_3.2_y01_hull_dense_y01_14p63|466|22,7f0b8a6f9fb11c9d054e521fe242050d281cf264,b6c855fe556202bc1b2edde8543d319e7abb6f22
scene_3_2_terminalgain_globalmax_interp_0053,family_01,53,6.541645,6.735721,0.194076,30,2,28,2.9,3.020964,3.008362,1.004189,0.194352,1.94352,2.058165,0.284019,0.10905,0.958976,0.0,scene_3.2|scene_3.2_y02_hull_dense_y02_17p64|2556|31,scene_3.2|scene_3.2_y01_hull_dense_y01_14p63|466|22,6514e524adfdbd13f2e239e94f1278bb38741bb0,4cf97135155276258834c06208a85d550860806f
scene_3_2_terminalgain_globalmax_interp_0054,family_01,54,6.541645,6.735721,0.194076,30,2,28,2.9,3.036636,3.008362,1.009398,0.194352,1.94352,2.059747,0.143237,0.05877,1.440423,0.0,scene_3.2|scene_3.2_y02_hull_dense_y02_17p64|2556|31,scene_3.2|scene_3.2_y01_hull_dense_y01_14p63|466|22,d657a5de16971946e140470db7b717e0740a76da,3e3a546c8ff877b5b257135dc68a776930a5768b
scene_3_2_terminalgain_globalmax_interp_0055,family_01,55,6.541645,6.735721,0.194076,30,2,28,2.9,3.030507,3.008362,1.007361,0.194352,1.94352,2.059103,0.002455,0.008491,1.273256,0.0,scene_3.2|scene_3.2_y02_hull_dense_y02_17p64|2556|31,scene_3.2|scene_3.2_y01_hull_dense_y01_14p63|466|22,cbe0db87669e0f500d0c085840904801bb219f4e,b586c99cfaaf166054660dbe41d7ae1cfda7cf83
scene_3_2_terminalgain_globalmax_interp_0056,family_01,56,6.541645,6.735721,0.194076,30,2,28,2.9,3.034329,3.008362,1.008631,0.194352,1.94352,2.059524,0.138326,0.041788,1.379894,0.0,scene_3.2|scene_3.2_y02_hull_dense_y02_17p64|2556|31,scene_3.2|scene_3.2_y01_hull_dense_y01_14p63|466|22,7c1fea3eabcd4808d68ee793f5491ccedf9ece28,fcc47d3f1bced3824b7e61ae7b34c66162013fa5
scene_3_2_terminalgain_globalmax_interp_0057,family_01,57,6.541645,6.735721,0.194076,30,2,28,2.9,3.041979,3.008362,1.011174,0.194352,1.94352,2.060378,0.279108,0.092067,1.572315,0.0,scene_3.2|scene_3.2_y02_hull_dense_y02_17p64|2556|31,scene_3.2|scene_3.2_y01_hull_dense_y01_14p63|466|22,92869bb13f63e670d49084187eee88b30f1fd229,121672fa9a5746df210d28ff4d3fe12a3616f14e
scene_3_2_terminalgain_globalmax_interp_0058,family_01,58,6.541645,6.735721,0.194076,30,2,28,2.9,3.020403,3.008362,1.004002,0.194352,1.94352,2.05813,0.255862,0.142347,0.937375,0.0,scene_3.2|scene_3.2_y02_hull_dense_y02_17p64|2556|31,scene_3.2|scene_3.2_y01_hull_dense_y01_14p63|466|22,171f02202b8b6a36f9b4ccfca2b0a430aea562f9,a8b107c84d43185f909844a3350faeda3ede7087
scene_3_2_terminalgain_globalmax_interp_0059,family_01,59,6.541645,6.735721,0.194076,30,2,28,2.9,3.013846,3.008362,1.001823,0.194352,1.94352,2.057539,0.11508,0.152146,0.631722,0.0,scene_3.2|scene_3.2_y02_hull_dense_y02_17p64|2556|31,scene_3.2|scene_3.2_y01_hull_dense_y01_14p63|466|22,d0fc7aa49374ae28c0392da892934a4e5a72d17d,6f271b8f895dff1612aae45787c09047ceff54b3
scene_3_2_terminalgain_globalmax_interp_0060,family_01,60,6.541645,6.735721,0.194076,30,2,28,2.9,3.035077,3.008362,1.00888,0.194352,1.94352,2.059608,0.025701,0.101867,1.399614,0.0,scene_3.2|scene_3.2_y02_hull_dense_y02_17p64|2556|31,scene_3.2|scene_3.2_y01_hull_dense_y01_14p63|466|22,fb8d70b2fbc53e7234f1f931a6331d77af6b6f7b,773429f4d4f49ecebed6b3f13c3c37ca7080363c
scene_3_2_terminalgain_globalmax_interp_0061,family_01,61,6.541645,6.735721,0.194076,30,2,28,2.9,3.026959,3.008362,1.006182,0.194352,1.94352,2.058766,0.166483,0.051588,1.166097,0.0,scene_3.2|scene_3.2_y02_hull_dense_y02_17p64|2556|31,scene_3.2|scene_3.2_y01_hull_dense_y01_14p63|466|22,4facaa70eb2e2b55fbc05e8c730794f762da03b0,7ad98fac15847b7976ba22621daf16c2bab80ca6
scene_3_2_terminalgain_globalmax_interp_0062,family_01,62,6.541645,6.735721,0.194076,30,2,28,2.9,3.014241,3.008362,1.001954,0.194352,1.94352,2.05757,0.307265,0.001308,0.654149,0.0,scene_3.2|scene_3.2_y02_hull_dense_y02_17p64|2556|31,scene_3.2|scene_3.2_y01_hull_dense_y01_14p63|466|22,836620165e6060be9c906c8df70dffbafa34c24d,a50d7ebb9f2b4c21dfc95e39e6e84ab46bf67ceb
scene_3_2_terminalgain_globalmax_interp_0063,family_01,63,6.541645,6.735721,0.194076,30,2,28,2.9,3.03673,3.008362,1.00943,0.194352,1.94352,2.05976,0.227706,0.048971,1.443175,0.0,scene_3.2|scene_3.2_y02_hull_dense_y02_17p64|2556|31,scene_3.2|scene_3.2_y01_hull_dense_y01_14p63|466|22,808fdb0585ea53e11786756428b9d300f61d3c82,4c0868a92b7a37c1b1c5eddc5844fa28dcfa64a4
scene_3_2_terminalgain_globalmax_interp_0064,family_01,64,6.541645,6.735721,0.194076,30,2,28,2.9,3.058298,3.008362,1.016599,0.194352,1.94352,2.062448,0.086924,0.09925,1.921804,0.0,scene_3.2|scene_3.2_y02_hull_dense_y02_17p64|2556|31,scene_3.2|scene_3.2_y01_hull_dense_y01_14p63|466|22,caec55e6edcf195b36f7a66a6563cb6980b33a35,e7c24db1b47497307b87e947f3d5380a1f35ea13
scene_3_2_terminalgain_globalmax_interp_0065,family_01,65,6.541645,6.735721,0.194076,30,2,28,2.9,3.03049,3.008362,1.007355,0.194352,1.94352,2.059096,0.053858,0.149528,1.273109,0.0,scene_3.2|scene_3.2_y02_hull_dense_y02_17p64|2556|31,scene_3.2|scene_3.2_y01_hull_dense_y01_14p63|466|22,fcddbbf93248faa4118a7cf1c9962606c0e39804,d1c4d3ad3d9eb54d93ea8625474d01283e77c0b3
scene_3_2_terminalgain_globalmax_interp_0066,family_01,66,6.541645,6.735721,0.194076,30,2,28,2.9,3.01411,3.008362,1.00191,0.194352,1.94352,2.057562,0.19464,0.144963,0.646832,0.0,scene_3.2|scene_3.2_y02_hull_dense_y02_17p64|2556|31,scene_3.2|scene_3.2_y01_hull_dense_y01_14p63|466|22,7ef0394ee9dba7167cf2fd754fcab83ca733b428,d0c0f5f61c2c343805811f00b6411396ce870792
scene_3_2_terminalgain_globalmax_interp_0067,family_01,67,6.541645,6.735721,0.194076,30,2,28,2.9,3.027972,3.008362,1.006518,0.194352,1.94352,2.058839,0.335421,0.094684,1.197621,0.0,scene_3.2|scene_3.2_y02_hull_dense_y02_17p64|2556|31,scene_3.2|scene_3.2_y01_hull_dense_y01_14p63|466|22,9cba42409c95f5fadfa91f8b07da25d879038914,0524212f1fc99dac52c27f05a86faaf1d7fc79f2
scene_3_2_terminalgain_globalmax_interp_0068,family_01,68,6.541645,6.735721,0.194076,30,2,28,2.9,3.024269,3.008362,1.005287,0.194352,1.94352,2.058485,0.3347,0.044405,1.077922,0.0,scene_3.2|scene_3.2_y02_hull_dense_y02_17p64|2556|31,scene_3.2|scene_3.2_y01_hull_dense_y01_14p63|466|22,1fae910e478b70c59634d512343d487682836d55,78d3a830222fa14eb2fc62be77b4728d70c94ef2
scene_3_2_terminalgain_globalmax_interp_0069,family_01,69,6.541645,6.735721,0.194076,30,2,28,2.9,3.028501,3.008362,1.006694,0.194352,1.94352,2.058919,0.193918,0.005874,1.21389,0.0,scene_3.2|scene_3.2_y02_hull_dense_y02_17p64|2556|31,scene_3.2|scene_3.2_y01_hull_dense_y01_14p63|466|22,f30f3720e47b56d0c781ae51568a12bb0341ecfb,387cffdf1d78af1c514c8fdec4741701f67b8c2f
scene_3_2_terminalgain_globalmax_interp_0070,family_01,70,6.541645,6.735721,0.194076,30,2,28,2.9,3.023289,3.008362,1.004962,0.194352,1.94352,2.058391,0.053137,0.056154,1.044165,0.0,scene_3.2|scene_3.2_y02_hull_dense_y02_17p64|2556|31,scene_3.2|scene_3.2_y01_hull_dense_y01_14p63|466|22,522563046f32c1cce956a41c6ec99257c5269f4a,9069e645e1a0153003ea2a97430d884ff4f8824f
scene_3_2_terminalgain_globalmax_interp_0071,family_01,71,6.541645,6.735721,0.194076,30,2,28,2.9,3.009127,3.008362,1.000254,0.194352,1.94352,2.057161,0.087645,0.106433,0.235974,0.0,scene_3.2|scene_3.2_y02_hull_dense_y02_17p64|2556|31,scene_3.2|scene_3.2_y01_hull_dense_y01_14p63|466|22,d73d9935290484f041921a71f4c862b8cdbbf59f,6812d6db479f3876b566edd23a63e6b1fe99d350
scene_3_2_terminalgain_globalmax_interp_0072,family_01,72,6.541645,6.735721,0.194076,30,2,28,2.9,3.057408,3.008362,1.016303,0.194352,1.94352,2.062339,0.228427,0.156711,1.904319,0.0,scene_3.2|scene_3.2_y02_hull_dense_y02_17p64|2556|31,scene_3.2|scene_3.2_y01_hull_dense_y01_14p63|466|22,20bc5deec48d2095b1a421ee2c3665f79c48f36e,2e30a285c01ca8bae12489501b6e7af910af2282
scene_3_2_terminalgain_globalmax_interp_0073,family_01,73,6.541645,6.735721,0.194076,30,2,28,2.9,3.060146,3.008362,1.017213,0.194352,1.94352,2.0627,0.306543,0.137781,1.957513,0.0,scene_3.2|scene_3.2_y02_hull_dense_y02_17p64|2556|31,scene_3.2|scene_3.2_y01_hull_dense_y01_14p63|466|22,0fa16c519716fe90283ff2136c0685efcfb038d7,3a4b8292e6355cac8673849fe17a911dd8827a04
scene_3_2_terminalgain_globalmax_interp_0074,family_01,74,6.541645,6.735721,0.194076,30,2,28,2.9,3.009967,3.008362,1.000533,0.194352,1.94352,2.057226,0.165762,0.087501,0.34165,0.0,scene_3.2|scene_3.2_y02_hull_dense_y02_17p64|2556|31,scene_3.2|scene_3.2_y01_hull_dense_y01_14p63|466|22,08804778a36bdaf9114a32d8d1438c8ba1a8befe,b2d6afc6137ab4f6deba892bdcd4703cefe438aa
scene_3_2_terminalgain_globalmax_interp_0075,family_01,75,6.541645,6.735721,0.194076,30,2,28,2.9,3.02084,3.008362,1.004148,0.194352,1.94352,2.058167,0.02498,0.037222,0.954114,0.0,scene_3.2|scene_3.2_y02_hull_dense_y02_17p64|2556|31,scene_3.2|scene_3.2_y01_hull_dense_y01_14p63|466|22,b67c00b5789de02a4e7c8e5d9742f6a68381571f,3aee650f870414439751b146eea5066b399acd81
scene_3_2_terminalgain_globalmax_interp_0076,family_01,76,6.541645,6.735721,0.194076,30,2,28,2.9,3.031645,3.008362,1.007739,0.194352,1.94352,2.059239,0.115802,0.013057,1.306094,0.0,scene_3.2|scene_3.2_y02_hull_dense_y02_17p64|2556|31,scene_3.2|scene_3.2_y01_hull_dense_y01_14p63|466|22,1d93b314e9a13e54a45096aeecb02717c71c2e18,db7eb03c31b05ad1bab483007c6bce8db4b3a2e4
scene_3_2_terminalgain_globalmax_interp_0077,family_01,77,6.541645,6.735721,0.194076,30,2,28,2.9,3.023503,3.008362,1.005033,0.194352,1.94352,2.058403,0.256583,0.063336,1.051708,0.0,scene_3.2|scene_3.2_y02_hull_dense_y02_17p64|2556|31,scene_3.2|scene_3.2_y01_hull_dense_y01_14p63|466|22,3bc62888cc6681dc470aa825d243a0fb7ad2c966,94f9af8c390ba0fbe784d99322dc6f37ef75b473
scene_3_2_terminalgain_globalmax_interp_0078,family_01,78,6.541645,6.735721,0.194076,30,2,28,2.9,3.025232,3.008362,1.005608,0.194352,1.94352,2.058582,0.278388,0.113616,1.110463,0.0,scene_3.2|scene_3.2_y02_hull_dense_y02_17p64|2556|31,scene_3.2|scene_3.2_y01_hull_dense_y01_14p63|466|22,124fb166bcd0137bae7cac6304515f2a3a1a4b67,b99f75949327c978c3b9b694dda54d0e97c19540
scene_3_2_terminalgain_globalmax_interp_0079,family_01,79,6.541645,6.735721,0.194076,30,2,28,2.9,3.015683,3.008362,1.002433,0.194352,1.94352,2.057688,0.137606,0.163894,0.730129,0.0,scene_3.2|scene_3.2_y02_hull_dense_y02_17p64|2556|31,scene_3.2|scene_3.2_y01_hull_dense_y01_14p63|466|22,a88f1f902c5763a22816927cc86e67ebdf5f17af,1528ff0a9140ddfd31cccf91b26bc71f4fd58c35
scene_3_2_terminalgain_globalmax_interp_0080,family_01,80,6.541645,6.735721,0.194076,30,2,28,2.9,3.030074,3.008362,1.007217,0.194352,1.94352,2.059085,0.003177,0.130598,1.26079,0.0,scene_3.2|scene_3.2_y02_hull_dense_y02_17p64|2556|31,scene_3.2|scene_3.2_y01_hull_dense_y01_14p63|466|22,e9c9e5fa62cfa62abd95ddf440454046f1372609,887398eaa3f579193a49048b129a3dd0b428ab47
scene_3_2_terminalgain_globalmax_interp_0081,family_01,81,6.541645,6.735721,0.194076,30,2,28,2.9,3.053742,3.008362,1.015084,0.194352,1.94352,2.061854,0.143958,0.080319,1.830403,0.0,scene_3.2|scene_3.2_y02_hull_dense_y02_17p64|2556|31,scene_3.2|scene_3.2_y01_hull_dense_y01_14p63|466|22,49cf67d1590f83d97a7187c18e072b8b681b6c20,f00f9fbe9e8982ec3d5f3ca09c3e1ecf34fe986e
scene_3_2_terminalgain_globalmax_interp_0082,family_01,82,6.541645,6.735721,0.194076,30,2,28,2.9,3.029913,3.008362,1.007164,0.194352,1.94352,2.059045,0.28474,0.030039,1.256325,0.0,scene_3.2|scene_3.2_y02_hull_dense_y02_17p64|2556|31,scene_3.2|scene_3.2_y01_hull_dense_y01_14p63|466|22,24accd0a1b7bbaf5a4f06773505928cd2ae77781,9c406584258efde62975921b499fd5767dc18249
scene_3_2_terminalgain_globalmax_interp_0083,family_01,83,6.541645,6.735721,0.194076,30,2,28,2.9,3.012263,3.008362,1.001296,0.194352,1.94352,2.057416,0.250231,0.02024,0.532526,0.0,scene_3.2|scene_3.2_y02_hull_dense_y02_17p64|2556|31,scene_3.2|scene_3.2_y01_hull_dense_y01_14p63|466|22,906f21df0721d3fd2001358f6dec82b869ea3581,eb571c6c7553622566bf31544c4e01414fbcc91a
scene_3_2_terminalgain_globalmax_interp_0084,family_01,84,6.541645,6.735721,0.194076,30,2,28,2.9,3.031179,3.008362,1.007584,0.194352,1.94352,2.059196,0.10945,0.070519,1.292462,0.0,scene_3.2|scene_3.2_y02_hull_dense_y02_17p64|2556|31,scene_3.2|scene_3.2_y01_hull_dense_y01_14p63|466|22,c5d16b0ddc42cc4caf0019f0b78e11cf2940ae78,63279fdb4ef0fff03a821fbab5b634fa3748933d
scene_3_2_terminalgain_globalmax_interp_0085,family_01,85,6.541645,6.735721,0.194076,30,2,28,2.9,3.029378,3.008362,1.006986,0.194352,1.94352,2.058981,0.031332,0.120798,1.240178,0.0,scene_3.2|scene_3.2_y02_hull_dense_y02_17p64|2556|31,scene_3.2|scene_3.2_y01_hull_dense_y01_14p63|466|22,153f3dd3b5615f10379c1c8b005cfa9c3185e5b6,0dd711ace299732f93d4a8f46c98b51fb3497e5e
scene_3_2_terminalgain_globalmax_interp_0086,family_01,86,6.541645,6.735721,0.194076,30,2,28,2.9,3.014312,3.008362,1.001978,0.194352,1.94352,2.057574,0.172114,0.171077,0.65817,0.0,scene_3.2|scene_3.2_y02_hull_dense_y02_17p64|2556|31,scene_3.2|scene_3.2_y01_hull_dense_y01_14p63|466|22,6cbac4ad52fb83cf79761c716f39148284564234,4c1798509763695948bae7ff3775fa049d6d092c
scene_3_2_terminalgain_globalmax_interp_0087,family_01,87,6.541645,6.735721,0.194076,30,2,28,2.9,3.025772,3.008362,1.005787,0.194352,1.94352,2.058629,0.312895,0.172669,1.128258,0.0,scene_3.2|scene_3.2_y02_hull_dense_y02_17p64|2556|31,scene_3.2|scene_3.2_y01_hull_dense_y01_14p63|466|22,c88990a06b529b495f2dc190c8b3858094758d85,a06a661a378a478c713858556279aeac888a3c5e
scene_3_2_terminalgain_globalmax_interp_0088,family_01,88,6.541645,6.735721,0.194076,30,2,28,2.9,3.039351,3.008362,1.010301,0.194352,1.94352,2.060052,0.222075,0.122389,1.508978,0.0,scene_3.2|scene_3.2_y02_hull_dense_y02_17p64|2556|31,scene_3.2|scene_3.2_y01_hull_dense_y01_14p63|466|22,ed0cb5f3544881cfc3a430cc406dd1e7d343acbe,b129c1fdc0147997130b2c2631845bef0cf8ea77
scene_3_2_terminalgain_globalmax_interp_0089,family_01,89,6.541645,6.735721,0.194076,30,2,28,2.9,3.035427,3.008362,1.008996,0.194352,1.94352,2.059628,0.081293,0.07211,1.409245,0.0,scene_3.2|scene_3.2_y02_hull_dense_y02_17p64|2556|31,scene_3.2|scene_3.2_y01_hull_dense_y01_14p63|466|22,0ae5e93b6c6424a54d962f9dc5a10afde4cc4c8a,fe005c550f09624cf5477fbc132db002bf7dd24e
scene_3_2_terminalgain_globalmax_interp_0090,family_01,90,6.541645,6.735721,0.194076,30,2,28,2.9,3.037757,3.008362,1.009771,0.194352,1.94352,2.059888,0.059489,0.021831,1.468885,0.0,scene_3.2|scene_3.2_y02_hull_dense_y02_17p64|2556|31,scene_3.2|scene_3.2_y01_hull_dense_y01_14p63|466|22,cc05bf95f6c3d0ea7003ca52f455c7778d46eef6,c5e69304dde3bc2f00ed700e4b1dfeb0e899f169
scene_3_2_terminalgain_globalmax_interp_0091,family_01,91,6.541645,6.735721,0.194076,30,2,28,2.9,3.040106,3.008362,1.010552,0.194352,1.94352,2.06014,0.20027,0.028448,1.52725,0.0,scene_3.2|scene_3.2_y02_hull_dense_y02_17p64|2556|31,scene_3.2|scene_3.2_y01_hull_dense_y01_14p63|466|22,a23f7e49203c294c3978a7562aac7f7e7790f62b,ca8fd70d8a9c2b4ccd8d16ec084b276414e4efba
scene_3_2_terminalgain_globalmax_interp_0092,family_01,92,6.541645,6.735721,0.194076,30,2,28,2.9,3.022494,3.008362,1.004697,0.194352,1.94352,2.058305,0.341052,0.078728,1.015656,0.0,scene_3.2|scene_3.2_y02_hull_dense_y02_17p64|2556|31,scene_3.2|scene_3.2_y01_hull_dense_y01_14p63|466|22,5288dcef65fb74cb4998e9574b46df4256e638a0,89547180628f62c2cb15cd7271904b49d38355d4
scene_3_2_terminalgain_globalmax_interp_0093,family_01,93,6.541645,6.735721,0.194076,30,2,28,2.9,3.025834,3.008362,1.005808,0.194352,1.94352,2.058624,0.329069,0.129007,1.13027,0.0,scene_3.2|scene_3.2_y02_hull_dense_y02_17p64|2556|31,scene_3.2|scene_3.2_y01_hull_dense_y01_14p63|466|22,14efdfafc454e5e0cc5db4c431167dfcf907d865,9c2b775b3bd1b7bf327f7eeba0cecf3606c3bb44
scene_3_2_terminalgain_globalmax_interp_0094,family_01,94,6.541645,6.735721,0.194076,30,2,28,2.9,3.028415,3.008362,1.006666,0.194352,1.94352,2.05891,0.188288,0.165486,1.211397,0.0,scene_3.2|scene_3.2_y02_hull_dense_y02_17p64|2556|31,scene_3.2|scene_3.2_y01_hull_dense_y01_14p63|466|22,a4b9a67f52108d456e61bbf219fe56bbad5c1c11,9c396443e214617bc2a15f2a751edcc3cc0374a9
scene_3_2_terminalgain_globalmax_interp_0095,family_01,95,6.541645,6.735721,0.194076,30,2,28,2.9,3.008992,3.008362,1.000209,0.194352,1.94352,2.057148,0.047506,0.115207,0.214045,0.0,scene_3.2|scene_3.2_y02_hull_dense_y02_17p64|2556|31,scene_3.2|scene_3.2_y01_hull_dense_y01_14p63|466|22,be081337ac8357c521ee9a1ac7b15412888e28a3,581309e656544bd315f346978763e5fe5f65a8c7
scene_3_2_terminalgain_globalmax_interp_0096,family_01,96,6.541645,6.735721,0.194076,30,2,28,2.9,3.043549,3.008362,1.011696,0.194352,1.94352,2.060602,0.093277,0.064927,1.608895,0.0,scene_3.2|scene_3.2_y02_hull_dense_y02_17p64|2556|31,scene_3.2|scene_3.2_y01_hull_dense_y01_14p63|466|22,dbf5f8947bae9f5c812506ee6b0c260225f2cc78,caa4af515ca41579154c10c10f4deb00f381c5e5
scene_3_2_terminalgain_globalmax_interp_0097,family_01,97,6.541645,6.735721,0.194076,30,2,28,2.9,3.03378,3.008362,1.008449,0.194352,1.94352,2.059466,0.234058,0.014648,1.365113,0.0,scene_3.2|scene_3.2_y02_hull_dense_y02_17p64|2556|31,scene_3.2|scene_3.2_y01_hull_dense_y01_14p63|466|22,71cfa85d696b02a585246eb3a1e9f38968186d23,ce351f5f94fa3d48913c40e1ce17db08cd09d50a
scene_3_2_terminalgain_globalmax_interp_0098,family_01,98,6.541645,6.735721,0.194076,30,2,28,2.9,3.011158,3.008362,1.000929,0.194352,1.94352,2.05732,0.300913,0.035631,0.450827,0.0,scene_3.2|scene_3.2_y02_hull_dense_y02_17p64|2556|31,scene_3.2|scene_3.2_y01_hull_dense_y01_14p63|466|22,985ca2c8f1c06803edfacb04a43efe984a8f6317,9943f5ea9bf37122c3782555226a503a38064ecb
scene_3_2_terminalgain_globalmax_interp_0099,family_01,99,6.541645,6.735721,0.194076,30,2,28,2.9,3.032528,3.008362,1.008033,0.194352,1.94352,2.059315,0.160131,0.08591,1.33078,0.0,scene_3.2|scene_3.2_y02_hull_dense_y02_17p64|2556|31,scene_3.2|scene_3.2_y01_hull_dense_y01_14p63|466|22,f9cb7b472feb934440576926e944dc6455f7e79f,6946d75f1bdf3c533b7febc74343fc89aa931599
scene_3_2_terminalgain_globalmax_interp_0100,family_01,100,6.541645,6.735721,0.194076,30,2,28,2.9,3.048341,3.008362,1.013289,0.194352,1.94352,2.061167,0.019349,0.13619,1.716552,0.0,scene_3.2|scene_3.2_y02_hull_dense_y02_17p64|2556|31,scene_3.2|scene_3.2_y01_hull_dense_y01_14p63|466|22,d086b46d90dcd4b1505e0e634db036aaddb1de1b,5bf48e4486b9d4388de9b0b7982b051ef4ffd8ff
scene_3_2_terminalgain_globalmax_interp_0101,family_01,101,6.541645,6.735721,0.194076,30,2,28,2.9,3.017652,3.008362,1.003088,0.194352,1.94352,2.057877,0.121432,0.158303,0.822865,0.0,scene_3.2|scene_3.2_y02_hull_dense_y02_17p64|2556|31,scene_3.2|scene_3.2_y01_hull_dense_y01_14p63|466|22,57bb9944bbcda1532410293d5cdfb4d7de7871e5,f5c5763d8ef77bf840f767c1adb7f90bc1db16dd
scene_3_2_terminalgain_globalmax_interp_0102,family_01,102,6.541645,6.735721,0.194076,30,2,28,2.9,3.022862,3.008362,1.00482,0.194352,1.94352,2.058347,0.262214,0.108024,1.029014,0.0,scene_3.2|scene_3.2_y02_hull_dense_y02_17p64|2556|31,scene_3.2|scene_3.2_y01_hull_dense_y01_14p63|466|22,351e7a2d0fcc3db70dbac0e3aea25f440c031b2c,0a179c36b3bbbfd9a63a97ae69cf2fbc04b09fdc
scene_3_2_terminalgain_globalmax_interp_0103,family_01,103,6.541645,6.735721,0.194076,30,2,28,2.9,3.021144,3.008362,1.004249,0.194352,1.94352,2.058178,0.272756,0.057745,0.9658,0.0,scene_3.2|scene_3.2_y02_hull_dense_y02_17p64|2556|31,scene_3.2|scene_3.2_y01_hull_dense_y01_14p63|466|22,9ce0b308c29938fac3e78d03e1ae6d303b645390,79ada15c97c96239b26604a2f12bafa81cf68bf3
scene_3_2_terminalgain_globalmax_interp_0104,family_01,104,6.541645,6.735721,0.194076,30,2,28,2.9,3.038908,3.008362,1.010154,0.194352,1.94352,2.060004,0.131974,0.007465,1.497894,0.0,scene_3.2|scene_3.2_y02_hull_dense_y02_17p64|2556|31,scene_3.2|scene_3.2_y01_hull_dense_y01_14p63|466|22,22e1009c7a0182f234d54040e700d0f55ab8fb2d,6a1fa293fc8d7ee64ba646c8e2f44bb5af9e52f9
scene_3_2_terminalgain_globalmax_interp_0105,family_01,105,6.541645,6.735721,0.194076,30,2,28,2.9,3.05323,3.008362,1.014914,0.194352,1.94352,2.061751,0.008807,0.042814,1.820072,0.0,scene_3.2|scene_3.2_y02_hull_dense_y02_17p64|2556|31,scene_3.2|scene_3.2_y01_hull_dense_y01_14p63|466|22,b489fb9f1c78749112e0a2844e6ce8144de678b1,db3fa3baf91a180e6f7dd45ed83bc50a51379231
scene_3_2_terminalgain_globalmax_interp_0106,family_01,106,6.541645,6.735721,0.194076,30,2,28,2.9,3.013823,3.008362,1.001815,0.194352,1.94352,2.057545,0.149589,0.093093,0.630448,0.0,scene_3.2|scene_3.2_y02_hull_dense_y02_17p64|2556|31,scene_3.2|scene_3.2_y01_hull_dense_y01_14p63|466|22,651a9266e7ea3274a47a67e3ef1000a0e4780bb1,4dfb534ab327af1dc71b941c74bb3bfca6ed8e6d
scene_3_2_terminalgain_globalmax_interp_0107,family_01,107,6.541645,6.735721,0.194076,30,2,28,2.9,3.017685,3.008362,1.003099,0.194352,1.94352,2.057859,0.290371,0.143372,0.824306,0.0,scene_3.2|scene_3.2_y02_hull_dense_y02_17p64|2556|31,scene_3.2|scene_3.2_y01_hull_dense_y01_14p63|466|22,7bce193e494923e5443ddc6839d81adfefe2df3b,505f354e86bb828a3700c55d98de52debe599a58
scene_3_2_terminalgain_globalmax_interp_0108,family_01,108,6.541645,6.735721,0.194076,30,2,28,2.9,3.04262,3.008362,1.011387,0.194352,1.94352,2.060448,0.2446,0.15112,1.587365,0.0,scene_3.2|scene_3.2_y02_hull_dense_y02_17p64|2556|31,scene_3.2|scene_3.2_y01_hull_dense_y01_14p63|466|22,7ae24c349220ad916a3015cba388d66658a450bc,8554aa84d27a848dd6851b3f2f3a483ce35511ed
scene_3_2_terminalgain_globalmax_interp_0109,family_01,109,6.541645,6.735721,0.194076,30,2,28,2.9,3.044336,3.008362,1.011958,0.194352,1.94352,2.060672,0.103818,0.100841,1.627123,0.0,scene_3.2|scene_3.2_y02_hull_dense_y02_17p64|2556|31,scene_3.2|scene_3.2_y01_hull_dense_y01_14p63|466|22,b326639f7d6825cd52dcf4e73b9db4ba786e55ea,592df26b10c097ee8e2ff6c17de1803cc4f0de5c
scene_3_2_terminalgain_globalmax_interp_0110,family_01,110,6.541645,6.735721,0.194076,30,2,28,2.9,3.011021,3.008362,1.000884,0.194352,1.94352,2.057315,0.036964,0.050562,0.439839,0.0,scene_3.2|scene_3.2_y02_hull_dense_y02_17p64|2556|31,scene_3.2|scene_3.2_y01_hull_dense_y01_14p63|466|22,656b6479dd9791f1ed8d924a3ecb0907714ff386,826e7c314d31261836415dac42f7159b180356c8
scene_3_2_terminalgain_globalmax_interp_0111,family_01,111,6.541645,6.735721,0.194076,30,2,28,2.9,3.019418,3.008362,1.003675,0.194352,1.94352,2.05803,0.177745,0.000283,0.897958,0.0,scene_3.2|scene_3.2_y02_hull_dense_y02_17p64|2556|31,scene_3.2|scene_3.2_y01_hull_dense_y01_14p63|466|22,0eb7124f30d8aef95d0377f1014ba62b6ccb7a35,718c8d36ed766c76b93e8a2a0861c87737dc444e
scene_3_2_terminalgain_globalmax_interp_0112,family_01,112,6.541645,6.735721,0.194076,30,2,28,2.9,3.036475,3.008362,1.009345,0.194352,1.94352,2.059778,0.318527,0.049997,1.436208,0.0,scene_3.2|scene_3.2_y02_hull_dense_y02_17p64|2556|31,scene_3.2|scene_3.2_y01_hull_dense_y01_14p63|466|22,c19cdff53e18006e5bb7b9d44e1515ad9dcfee48,e45744eeed18772c4c8beb2c7f8f7e7ad1868a10
scene_3_2_terminalgain_globalmax_interp_0113,family_01,113,6.541645,6.735721,0.194076,30,2,28,2.9,3.031728,3.008362,1.007767,0.194352,1.94352,2.05924,0.216443,0.100276,1.308521,0.0,scene_3.2|scene_3.2_y02_hull_dense_y02_17p64|2556|31,scene_3.2|scene_3.2_y01_hull_dense_y01_14p63|466|22,27bf2101dfe4f8d81d87dc54f71bce0afa14e20f,ce9c0658a395b8f1def99fca9559cf307a95b566
scene_3_2_terminalgain_globalmax_interp_0114,family_01,114,6.541645,6.735721,0.194076,30,2,28,2.9,3.027377,3.008362,1.006321,0.194352,1.94352,2.05878,0.075661,0.150555,1.179368,0.0,scene_3.2|scene_3.2_y02_hull_dense_y02_17p64|2556|31,scene_3.2|scene_3.2_y01_hull_dense_y01_14p63|466|22,6e14a1d2b99e61d5f9eab44c02e89b7df5e9ddff,35ff9486bdb22136724cabc00320570518517857
scene_3_2_terminalgain_globalmax_interp_0115,family_01,115,6.541645,6.735721,0.194076,30,2,28,2.9,3.016113,3.008362,1.002576,0.194352,1.94352,2.057741,0.06512,0.143938,0.751509,0.0,scene_3.2|scene_3.2_y02_hull_dense_y02_17p64|2556|31,scene_3.2|scene_3.2_y01_hull_dense_y01_14p63|466|22,409f21c598a2d7e11610fe0e611f52105d1e0c73,ef46bad51ef0c4aabf1a2667cd96fe534c141d7d
scene_3_2_terminalgain_globalmax_interp_0116,family_01,116,6.541645,6.735721,0.194076,30,2,28,2.9,3.024417,3.008362,1.005337,0.194352,1.94352,2.058507,0.205902,0.093658,1.082945,0.0,scene_3.2|scene_3.2_y02_hull_dense_y02_17p64|2556|31,scene_3.2|scene_3.2_y01_hull_dense_y01_14p63|466|22,39afde8aa985e0b99608dd221b87f4b05ab29735,a53f04f10b2c7a8e590b599178deea0351d1a8d2
scene_3_2_terminalgain_globalmax_interp_0117,family_01,117,6.541645,6.735721,0.194076,30,2,28,2.9,3.050212,3.008362,1.013911,0.194352,1.94352,2.0614,0.346684,0.043379,1.756769,0.0,scene_3.2|scene_3.2_y02_hull_dense_y02_17p64|2556|31,scene_3.2|scene_3.2_y01_hull_dense_y01_14p63|466|22,e2e139a5aa168e58faed8304e0e98be8b5965cc4,54ee9443682429c627bd667fb3ec0729bd705963
scene_3_2_terminalgain_globalmax_interp_0118,family_01,118,6.541645,6.735721,0.194076,30,2,28,2.9,3.042662,3.008362,1.011401,0.194352,1.94352,2.060471,0.350468,0.0069,1.588332,0.0,scene_3.2|scene_3.2_y02_hull_dense_y02_17p64|2556|31,scene_3.2|scene_3.2_y01_hull_dense_y01_14p63|466|22,43d4eecb004735b5ce892b1d6c452b206c6760fc,60c8ef8211304e3abb729a7834dbf0629d236636
scene_3_2_terminalgain_globalmax_interp_0119,family_01,119,6.541645,6.735721,0.194076,30,2,28,2.9,3.011761,3.008362,1.00113,0.194352,1.94352,2.057365,0.209686,0.057179,0.49722,0.0,scene_3.2|scene_3.2_y02_hull_dense_y02_17p64|2556|31,scene_3.2|scene_3.2_y01_hull_dense_y01_14p63|466|22,6e53ed26d33cfba55dc6a6c7df4737f2a7093b6c,589cd4ff9ef35226891daa0c29aeb162fcaf52cb
scene_3_2_terminalgain_globalmax_interp_0120,family_01,120,6.541645,6.735721,0.194076,30,2,28,2.9,3.036922,3.008362,1.009493,0.194352,1.94352,2.059821,0.068904,0.107459,1.447994,0.0,scene_3.2|scene_3.2_y02_hull_dense_y02_17p64|2556|31,scene_3.2|scene_3.2_y01_hull_dense_y01_14p63|466|22,dbf64091ad9ad2307f79ddd59f73542389edaf29,c723f253681f9dae2474ee4ccfdbc9e657c1dc3b
scene_3_2_terminalgain_globalmax_interp_0121,family_01,121,6.541645,6.735721,0.194076,30,2,28,2.9,3.052268,3.008362,1.014594,0.194352,1.94352,2.061652,0.071878,0.157738,1.800211,0.0,scene_3.2|scene_3.2_y02_hull_dense_y02_17p64|2556|31,scene_3.2|scene_3.2_y01_hull_dense_y01_14p63|466|22,4d84d203c2e133a0cd93788adc8d431ef4137aa5,ac56a8e2b3bc57699f9bf7d592e0ac01d6871421
scene_3_2_terminalgain_globalmax_interp_0122,family_01,122,6.541645,6.735721,0.194076,30,2,28,2.9,3.008792,3.008362,1.000143,0.194352,1.94352,2.057134,0.21266,0.136755,0.179407,0.0,scene_3.2|scene_3.2_y02_hull_dense_y02_17p64|2556|31,scene_3.2|scene_3.2_y01_hull_dense_y01_14p63|466|22,717bfa3a1f21f3d8bebef27f7dda05188532a9f1,5ce81ca5cb66fd6d0ad7576846837dada659450a
scene_3_2_terminalgain_globalmax_interp_0123,family_01,123,6.541645,6.735721,0.194076,30,2,28,2.9,3.024406,3.008362,1.005333,0.194352,1.94352,2.058491,0.322312,0.086476,1.082553,0.0,scene_3.2|scene_3.2_y02_hull_dense_y02_17p64|2556|31,scene_3.2|scene_3.2_y01_hull_dense_y01_14p63|466|22,96507c29b9c4ea868c63aaad75f16f2ed8ddb9b2,d5d3cb1445610858c395c249d25c4404cbea716b
scene_3_2_terminalgain_globalmax_interp_0124,family_01,124,6.541645,6.735721,0.194076,30,2,28,2.9,3.027594,3.008362,1.006393,0.194352,1.94352,2.058798,0.18153,0.036196,1.186083,0.0,scene_3.2|scene_3.2_y02_hull_dense_y02_17p64|2556|31,scene_3.2|scene_3.2_y01_hull_dense_y01_14p63|466|22,f551f6f9afd16bbcb000f6f43502cd9ece0c28f9,9ba15a1a6b3e81f1e9a0ceb9442f4d440690bea5
scene_3_2_terminalgain_globalmax_interp_0125,family_01,125,6.541645,6.735721,0.194076,30,2,28,2.9,3.023067,3.008362,1.004888,0.194352,1.94352,2.05837,0.040748,0.014083,1.036357,0.0,scene_3.2|scene_3.2_y02_hull_dense_y02_17p64|2556|31,scene_3.2|scene_3.2_y01_hull_dense_y01_14p63|466|22,e73fb52a121ba0f1bc816a00d794d4ac02e0445c,bdb2cc6df304edba328243e7c44d2b2abb5a1606
scene_3_2_terminalgain_globalmax_interp_0126,family_01,126,6.541645,6.735721,0.194076,30,2,28,2.9,3.031682,3.008362,1.007752,0.194352,1.94352,2.05926,0.100033,0.064362,1.307123,0.0,scene_3.2|scene_3.2_y02_hull_dense_y02_17p64|2556|31,scene_3.2|scene_3.2_y01_hull_dense_y01_14p63|466|22,adb4160079ba7773d8d9a9426810924a7e390d2c,700a00412ee34755f0d7238513c8e47609f0b041
scene_3_2_terminalgain_globalmax_interp_0127,family_01,127,6.541645,6.735721,0.194076,30,2,28,2.9,3.034637,3.008362,1.008734,0.194352,1.94352,2.059552,0.240815,0.114641,1.388215,0.0,scene_3.2|scene_3.2_y02_hull_dense_y02_17p64|2556|31,scene_3.2|scene_3.2_y01_hull_dense_y01_14p63|466|22,1eb82d0b4cac783654919565d1f8c5fb18a1e965,8d5696a7616b2cd57d2e490dfdfa1cb4d8347ea4
scene_3_2_terminalgain_globalmax_interp_0128,family_01,128,6.541645,6.735721,0.194076,30,2,28,2.9,3.031413,3.008362,1.007662,0.194352,1.94352,2.05921,0.294155,0.164921,1.299305,0.0,scene_3.2|scene_3.2_y02_hull_dense_y02_17p64|2556|31,scene_3.2|scene_3.2_y01_hull_dense_y01_14p63|466|22,0615275911d10c9623fd59f9caf0571c022d51d1,81b0a7fd6330cbe34f19ebf9c5aab0569bd0d579
scene_3_2_terminalgain_globalmax_interp_0129,family_01,129,6.541645,6.735721,0.194076,30,2,28,2.9,3.033936,3.008362,1.008501,0.194352,1.94352,2.059487,0.153373,0.129572,1.369249,0.0,scene_3.2|scene_3.2_y02_hull_dense_y02_17p64|2556|31,scene_3.2|scene_3.2_y01_hull_dense_y01_14p63|466|22,61f1777bec7d14e2adb45707d7b89df07247eea7,7a520c3ab096f129b810df1f12e73217b8a04c0b
scene_3_2_terminalgain_globalmax_interp_0130,family_01,130,6.541645,6.735721,0.194076,30,2,28,2.9,3.024101,3.008362,1.005232,0.194352,1.94352,2.058473,0.012592,0.079293,1.072077,0.0,scene_3.2|scene_3.2_y02_hull_dense_y02_17p64|2556|31,scene_3.2|scene_3.2_y01_hull_dense_y01_14p63|466|22,1fff0a671c0d3e6deebfe288e192011b9009f99f,9c87feaa330b5abf4c0f7483f72b42beccbfda3d
scene_3_2_terminalgain_globalmax_interp_0131,family_01,131,6.541645,6.735721,0.194076,30,2,28,2.9,3.011151,3.008362,1.000927,0.194352,1.94352,2.057322,0.12819,0.029014,0.450486,0.0,scene_3.2|scene_3.2_y02_hull_dense_y02_17p64|2556|31,scene_3.2|scene_3.2_y01_hull_dense_y01_14p63|466|22,e5e573889c9fda1dace192b2500ce9a29790124c,298211e951e66aac3d6e56b82a6279aa96dc1dcf
scene_3_2_terminalgain_globalmax_interp_0132,family_01,132,6.541645,6.735721,0.194076,30,2,28,2.9,3.036941,3.008362,1.0095,0.194352,1.94352,2.059809,0.268972,0.021266,1.448373,0.0,scene_3.2|scene_3.2_y02_hull_dense_y02_17p64|2556|31,scene_3.2|scene_3.2_y01_hull_dense_y01_14p63|466|22,ac7507d3b84d46c7f8ec967260134d703c979280,49dc8da72a21ef38dbc633e066929066ba687344
scene_3_2_terminalgain_globalmax_interp_0133,family_01,133,6.541645,6.735721,0.194076,30,2,28,2.9,3.024289,3.008362,1.005294,0.194352,1.94352,2.058474,0.265998,0.071545,1.078694,0.0,scene_3.2|scene_3.2_y02_hull_dense_y02_17p64|2556|31,scene_3.2|scene_3.2_y01_hull_dense_y01_14p63|466|22,5656bf77a5b8f338bbaeada64eecc2478ac966f1,cf07341d5e5cb7f9f48b9e911143263e28bc0a42
scene_3_2_terminalgain_globalmax_interp_0134,family_01,134,6.541645,6.735721,0.194076,30,2,28,2.9,3.016132,3.008362,1.002583,0.194352,1.94352,2.057761,0.125217,0.121824,0.75231,0.0,scene_3.2|scene_3.2_y02_hull_dense_y02_17p64|2556|31,scene_3.2|scene_3.2_y01_hull_dense_y01_14p63|466|22,f10fb8710cba8ffd9d63d3a82c1e22df18fa6dc7,f9338cc3c14af555bb309464e526300dd8994806
scene_3_2_terminalgain_globalmax_interp_0135,family_01,135,6.541645,6.735721,0.194076,30,2,28,2.9,3.032279,3.008362,1.00795,0.194352,1.94352,2.059284,0.015565,0.172103,1.323789,0.0,scene_3.2|scene_3.2_y02_hull_dense_y02_17p64|2556|31,scene_3.2|scene_3.2_y01_hull_dense_y01_14p63|466|22,d222bed85bd43d4ea95080ac96fc9564e032d828,f0d7b414283879f1b662adfda042a316014a9419
scene_3_2_terminalgain_globalmax_interp_0136,family_01,136,6.541645,6.735721,0.194076,30,2,28,2.9,3.057507,3.008362,1.016336,0.194352,1.94352,2.062299,0.156347,0.171643,1.906393,0.0,scene_3.2|scene_3.2_y02_hull_dense_y02_17p64|2556|31,scene_3.2|scene_3.2_y01_hull_dense_y01_14p63|466|22,4635628b2f3c014cad8cd5bcfc0e864311810e10,acd97fb78fc72493a583b7cfc2bac4dbe4ea3b21
scene_3_2_terminalgain_globalmax_interp_0137,family_01,137,6.541645,6.735721,0.194076,30,2,28,2.9,3.037458,3.008362,1.009672,0.194352,1.94352,2.059852,0.297128,0.121364,1.46171,0.0,scene_3.2|scene_3.2_y02_hull_dense_y02_17p64|2556|31,scene_3.2|scene_3.2_y01_hull_dense_y01_14p63|466|22,465af2238f1534e9ce504107866612a183e82cdb,e9e2c682d54a23889b38936047efb707e3180179
scene_3_2_terminalgain_globalmax_interp_0138,family_01,138,6.541645,6.735721,0.194076,30,2,28,2.9,3.01641,3.008362,1.002675,0.194352,1.94352,2.05777,0.237842,0.071084,0.765651,0.0,scene_3.2|scene_3.2_y02_hull_dense_y02_17p64|2556|31,scene_3.2|scene_3.2_y01_hull_dense_y01_14p63|466|22,23b57a7accbca22dda04ee5605d11c98c8f63473,b98ba4a3d59b8b15f24cefe657df0144cd9c6c3c
scene_3_2_terminalgain_globalmax_interp_0139,family_01,139,6.541645,6.735721,0.194076,30,2,28,2.9,3.026268,3.008362,1.005952,0.194352,1.94352,2.058682,0.09706,0.020805,1.144169,0.0,scene_3.2|scene_3.2_y02_hull_dense_y02_17p64|2556|31,scene_3.2|scene_3.2_y01_hull_dense_y01_14p63|466|22,850bd4e9cb456cbdd99b0d0c23e5265b97c5045b,42884d41846a44e2e2d5979ebe1b40ad40b74061
scene_3_2_terminalgain_globalmax_interp_0140,family_01,140,6.541645,6.735721,0.194076,30,2,28,2.9,3.017811,3.008362,1.003141,0.194352,1.94352,2.057891,0.043721,0.029474,0.829683,0.0,scene_3.2|scene_3.2_y02_hull_dense_y02_17p64|2556|31,scene_3.2|scene_3.2_y01_hull_dense_y01_14p63|466|22,32cbe9c02de1e9aeba7156f7cd598bbd35f21ae1,84e26d51ecad8137d07d07142309dfdff9993897
scene_3_2_terminalgain_globalmax_interp_0141,family_01,141,6.541645,6.735721,0.194076,30,2,28,2.9,3.040154,3.008362,1.010568,0.194352,1.94352,2.060187,0.184503,0.079753,1.528369,0.0,scene_3.2|scene_3.2_y02_hull_dense_y02_17p64|2556|31,scene_3.2|scene_3.2_y01_hull_dense_y01_14p63|466|22,32573127f3af3fa4f2c60f686a416f2a259a5e0e,0482af5201935d583ba5efde1c949ebeea7308a5
scene_3_2_terminalgain_globalmax_interp_0142,family_01,142,6.541645,6.735721,0.194076,30,2,28,2.9,3.015732,3.008362,1.00245,0.194352,1.94352,2.057698,0.325285,0.130033,0.732724,0.0,scene_3.2|scene_3.2_y02_hull_dense_y02_17p64|2556|31,scene_3.2|scene_3.2_y01_hull_dense_y01_14p63|466|22,e677c2f7595fe912fef79da9530a2a08bb045a74,c8dd2db5d5e09e859a34f17ae59b223512433d30
scene_3_2_terminalgain_globalmax_interp_0143,family_01,143,6.541645,6.735721,0.194076,30,2,28,2.9,3.012172,3.008362,1.001266,0.194352,1.94352,2.057406,0.344836,0.16446,0.526661,0.0,scene_3.2|scene_3.2_y02_hull_dense_y02_17p64|2556|31,scene_3.2|scene_3.2_y01_hull_dense_y01_14p63|466|22,60e88389e186e526092bf40075bcc483d0a49af7,aa00f4eedd3a929f4365821a7876aa9dad545a58
scene_3_2_terminalgain_globalmax_interp_0144,family_01,144,6.541645,6.735721,0.194076,30,2,28,2.9,3.055727,3.008362,1.015744,0.194352,1.94352,2.062095,0.204055,0.114181,1.870911,0.0,scene_3.2|scene_3.2_y02_hull_dense_y02_17p64|2556|31,scene_3.2|scene_3.2_y01_hull_dense_y01_14p63|466|22,4ffdda7d95a37505e6b4454a020a04f0637f31d4,4a10599c23c677cee151f39dc86d8e983eae773e
scene_3_2_terminalgain_globalmax_interp_0145,family_01,145,6.541645,6.735721,0.194076,30,2,28,2.9,3.057514,3.008362,1.016338,0.194352,1.94352,2.062352,0.063273,0.063902,1.906335,0.0,scene_3.2|scene_3.2_y02_hull_dense_y02_17p64|2556|31,scene_3.2|scene_3.2_y01_hull_dense_y01_14p63|466|22,5ed91f9fdf04932b88cfa586c38e6e15f24a62bf,2ff9b702dc6dc6c37a0c66c27c1317ae1d7027d4
scene_3_2_terminalgain_globalmax_interp_0146,family_01,146,6.541645,6.735721,0.194076,30,2,28,2.9,3.011836,3.008362,1.001155,0.194352,1.94352,2.057386,0.077509,0.013622,0.502708,0.0,scene_3.2|scene_3.2_y02_hull_dense_y02_17p64|2556|31,scene_3.2|scene_3.2_y01_hull_dense_y01_14p63|466|22,0abbb4ec855bd8f90cfe82f7ad62ee5d648428dd,c48d3fd86a1a085a06bb3dede3522082e4a17d25
scene_3_2_terminalgain_globalmax_interp_0147,family_01,147,6.541645,6.735721,0.194076,30,2,28,2.9,3.016307,3.008362,1.002641,0.194352,1.94352,2.057742,0.21829,0.036657,0.760917,0.0,scene_3.2|scene_3.2_y02_hull_dense_y02_17p64|2556|31,scene_3.2|scene_3.2_y01_hull_dense_y01_14p63|466|22,784c93a2723af2b158787505814cbbbd885ea6a8,4cadb483cbfbf2221e81d5d1aa04d44d0a2fe839
scene_3_2_terminalgain_globalmax_interp_0148,family_01,148,6.541645,6.735721,0.194076,30,2,28,2.9,3.03889,3.008362,1.010148,0.194352,1.94352,2.060031,0.31668,0.086936,1.497525,0.0,scene_3.2|scene_3.2_y02_hull_dense_y02_17p64|2556|31,scene_3.2|scene_3.2_y01_hull_dense_y01_14p63|466|22,b2bf08d63b1c04b79b36f9473627ccf8510d9051,f0342c04d5408dc003822bf7da85ec160793594b
scene_3_2_terminalgain_globalmax_interp_0149,family_01,149,6.541645,6.735721,0.194076,30,2,28,2.9,3.018978,3.008362,1.003529,0.194352,1.94352,2.058005,0.175898,0.137215,0.879829,0.0,scene_3.2|scene_3.2_y02_hull_dense_y02_17p64|2556|31,scene_3.2|scene_3.2_y01_hull_dense_y01_14p63|466|22,23abe24e005ea96be1f1c1ba685aa11e73921738,c5aca0935449e5c34e0ae158f3683f26f5b460c1
scene_3_2_terminalgain_globalmax_interp_0150,family_01,150,6.541645,6.735721,0.194076,30,2,28,2.9,3.025267,3.008362,1.005619,0.194352,1.94352,2.058585,0.035116,0.157277,1.111442,0.0,scene_3.2|scene_3.2_y02_hull_dense_y02_17p64|2556|31,scene_3.2|scene_3.2_y01_hull_dense_y01_14p63|466|22,79ee0762cd9d54cbf866e5cd2a6f58017519115a,658fff52218060664544a1f20cb3274951bf6674
scene_3_2_terminalgain_globalmax_interp_0151,family_01,151,6.541645,6.735721,0.194076,30,2,28,2.9,3.016628,3.008362,1.002748,0.194352,1.94352,2.057791,0.105665,0.106998,0.776061,0.0,scene_3.2|scene_3.2_y02_hull_dense_y02_17p64|2556|31,scene_3.2|scene_3.2_y01_hull_dense_y01_14p63|466|22,118b72017cd3836dcb336785084b3bc966f5d096,cf2ef29d1a8a0c84164130d32cfe364f8556ae05
scene_3_2_terminalgain_globalmax_interp_0152,family_01,152,6.541645,6.735721,0.194076,30,2,28,2.9,3.035529,3.008362,1.00903,0.194352,1.94352,2.059646,0.246447,0.056719,1.411704,0.0,scene_3.2|scene_3.2_y02_hull_dense_y02_17p64|2556|31,scene_3.2|scene_3.2_y01_hull_dense_y01_14p63|466|22,4c9972cf5ddfdf5c45ea43a81fad4b7679696d41,ea00f00c2b5d8744face1b565da94be91aabb421
scene_3_2_terminalgain_globalmax_interp_0153,family_01,153,6.541645,6.735721,0.194076,30,2,28,2.9,3.053965,3.008362,1.015159,0.194352,1.94352,2.061867,0.288523,0.00644,1.835245,0.0,scene_3.2|scene_3.2_y02_hull_dense_y02_17p64|2556|31,scene_3.2|scene_3.2_y01_hull_dense_y01_14p63|466|22,ecc72e46805b0e24f8e21a1b2ce0d6951daef9bb,bba00d44326a70136945d800d4e807e5b2c1ee53
scene_3_2_terminalgain_globalmax_interp_0154,family_01,154,6.541645,6.735721,0.194076,30,2,28,2.9,3.032726,3.008362,1.008098,0.194352,1.94352,2.059357,0.147742,0.04384,1.336089,0.0,scene_3.2|scene_3.2_y02_hull_dense_y02_17p64|2556|31,scene_3.2|scene_3.2_y01_hull_dense_y01_14p63|466|22,c68d4dccbb23484deedee866cde49151a005f7e6,715e8dafc976f68befe20d7d97d9dfbd5ecb8ab9
scene_3_2_terminalgain_globalmax_interp_0155,family_01,155,6.541645,6.735721,0.194076,30,2,28,2.9,3.014566,3.008362,1.002062,0.194352,1.94352,2.057604,0.00696,0.094119,0.672075,0.0,scene_3.2|scene_3.2_y02_hull_dense_y02_17p64|2556|31,scene_3.2|scene_3.2_y01_hull_dense_y01_14p63|466|22,a186cfee28ff36b8c228adfd98f0a88eb2a80846,300ad8919e474a90d629da3fd427eb1ae54051bb
scene_3_2_terminalgain_globalmax_interp_0156,family_01,156,6.541645,6.735721,0.194076,30,2,28,2.9,3.026389,3.008362,1.005992,0.194352,1.94352,2.058702,0.133822,0.144398,1.148215,0.0,scene_3.2|scene_3.2_y02_hull_dense_y02_17p64|2556|31,scene_3.2|scene_3.2_y01_hull_dense_y01_14p63|466|22,bcf82d968654ce91af14a2988818f5029b5d50ba,7c3f11822e10117155cc5040ccd09e2ea1be6358
scene_3_2_terminalgain_globalmax_interp_0157,family_01,157,6.541645,6.735721,0.194076,30,2,28,2.9,3.034541,3.008362,1.008702,0.194352,1.94352,2.059535,0.274603,0.150095,1.38566,0.0,scene_3.2|scene_3.2_y02_hull_dense_y02_17p64|2556|31,scene_3.2|scene_3.2_y01_hull_dense_y01_14p63|466|22,6c6470385671f5800645029db83b7e0093636465,a381ab8780a73cc006d0ee9a4ec64dcb77dce249
scene_3_2_terminalgain_globalmax_interp_0158,family_01,158,6.541645,6.735721,0.194076,30,2,28,2.9,3.012399,3.008362,1.001342,0.194352,1.94352,2.057415,0.260368,0.099815,0.541923,0.0,scene_3.2|scene_3.2_y02_hull_dense_y02_17p64|2556|31,scene_3.2|scene_3.2_y01_hull_dense_y01_14p63|466|22,273f9db1b90b8b3ba9bd3d8f0802666989c66ecd,b535b8f8bb004cacd20cccaf21890ab9fb9e4578
scene_3_2_terminalgain_globalmax_interp_0159,family_01,159,6.541645,6.735721,0.194076,30,2,28,2.9,3.023332,3.008362,1.004976,0.194352,1.94352,2.058385,0.119586,0.049536,1.045497,0.0,scene_3.2|scene_3.2_y02_hull_dense_y02_17p64|2556|31,scene_3.2|scene_3.2_y01_hull_dense_y01_14p63|466|22,f01f1f02dce6d0afef8a8309388d69ab0546298c,3922a6963d3e152d96bbbe2b28a535fd88e8b8e2
scene_3_2_terminalgain_globalmax_interp_0160,family_01,160,6.541645,6.735721,0.194076,30,2,28,2.9,3.037111,3.008362,1.009556,0.194352,1.94352,2.059807,0.021197,0.000743,1.452655,0.0,scene_3.2|scene_3.2_y02_hull_dense_y02_17p64|2556|31,scene_3.2|scene_3.2_y01_hull_dense_y01_14p63|466|22,da8750c4e046e7e3f6a76e57ce99d7ceb03c703b,bc875c26932d16d35ed4b0048b8d29158c4dfb9d
scene_3_2_terminalgain_globalmax_interp_0161,family_01,161,6.541645,6.735721,0.194076,30,2,28,2.9,3.028377,3.008362,1.006653,0.194352,1.94352,2.058869,0.161978,0.051022,1.210232,0.0,scene_3.2|scene_3.2_y02_hull_dense_y02_17p64|2556|31,scene_3.2|scene_3.2_y01_hull_dense_y01_14p63|466|22,5ca9c4ca217ca216fc16345eddf822f3317f1347,f7921e4007d4cb011b29a04f3ae3b9e930f92876
scene_3_2_terminalgain_globalmax_interp_0162,family_01,162,6.541645,6.735721,0.194076,30,2,28,2.9,3.03524,3.008362,1.008934,0.194352,1.94352,2.059633,0.30276,0.101302,1.40436,0.0,scene_3.2|scene_3.2_y02_hull_dense_y02_17p64|2556|31,scene_3.2|scene_3.2_y01_hull_dense_y01_14p63|466|22,322bcbb882cf0f4e8efebbc8d69b914ef23c3ff6,42d6fad9214c64f8e75f6617ac75f4e3f060bca2
scene_3_2_terminalgain_globalmax_interp_0163,family_01,163,6.541645,6.735721,0.194076,30,2,28,2.9,3.030708,3.008362,1.007428,0.194352,1.94352,2.059132,0.232211,0.151581,1.279138,0.0,scene_3.2|scene_3.2_y02_hull_dense_y02_17p64|2556|31,scene_3.2|scene_3.2_y01_hull_dense_y01_14p63|466|22,3fad5c4e5119437eb576c1261f7c4604daba06a1,083b66ac95d7181dbe8c84514311b0bae21ba39b
scene_3_2_terminalgain_globalmax_interp_0164,family_01,164,6.541645,6.735721,0.194076,30,2,28,2.9,3.025745,3.008362,1.005778,0.194352,1.94352,2.058609,0.09143,0.142912,1.127175,0.0,scene_3.2|scene_3.2_y02_hull_dense_y02_17p64|2556|31,scene_3.2|scene_3.2_y01_hull_dense_y01_14p63|466|22,119b0e33f49fb968503579a717a6cfb0339417bd,8ee516503c7203c3d4e269ed2e6a414278b16358
scene_3_2_terminalgain_globalmax_interp_0165,family_01,165,6.541645,6.735721,0.194076,30,2,28,2.9,3.02544,3.008362,1.005677,0.194352,1.94352,2.058607,0.049352,0.092633,1.117252,0.0,scene_3.2|scene_3.2_y02_hull_dense_y02_17p64|2556|31,scene_3.2|scene_3.2_y01_hull_dense_y01_14p63|466|22,d31882ab5792346abb050a7e33f15d6e78206be4,54368b27411cd4a911dcccb7cd849cec3a2fd3ef
scene_3_2_terminalgain_globalmax_interp_0166,family_01,166,6.541645,6.735721,0.194076,30,2,28,2.9,3.026217,3.008362,1.005935,0.194352,1.94352,2.058682,0.190134,0.042353,1.142613,0.0,scene_3.2|scene_3.2_y02_hull_dense_y02_17p64|2556|31,scene_3.2|scene_3.2_y01_hull_dense_y01_14p63|466|22,9e04edbd4ad98b35fd03cacc11cd167c6d19a5db,0aae152a6414852cb59a9ebe740c533ecd5435f9
scene_3_2_terminalgain_globalmax_interp_0167,family_01,167,6.541645,6.735721,0.194076,30,2,28,2.9,3.008598,3.008362,1.000078,0.194352,1.94352,2.057118,0.330915,0.007926,0.130983,0.0,scene_3.2|scene_3.2_y02_hull_dense_y02_17p64|2556|31,scene_3.2|scene_3.2_y01_hull_dense_y01_14p63|466|22,de7f9f48adb6702c14e09801227f4d69bd28fa1b,39ca460007e799ddffbf2aa8498f515b1f0176d6
scene_3_2_terminalgain_globalmax_interp_0168,family_01,168,6.541645,6.735721,0.194076,30,2,28,2.9,3.055657,3.008362,1.015721,0.194352,1.94352,2.062106,0.339206,0.058205,1.869527,0.0,scene_3.2|scene_3.2_y02_hull_dense_y02_17p64|2556|31,scene_3.2|scene_3.2_y01_hull_dense_y01_14p63|466|22,d5b09f8e8fbe394f1749b3225231bf66703a59be,ecd2eddd9235f8884469bf2e6b678e28914e6b93
scene_3_2_terminalgain_globalmax_interp_0169,family_01,169,6.541645,6.735721,0.194076,30,2,28,2.9,3.041541,3.008362,1.011029,0.194352,1.94352,2.060325,0.198423,0.108484,1.561614,0.0,scene_3.2|scene_3.2_y02_hull_dense_y02_17p64|2556|31,scene_3.2|scene_3.2_y01_hull_dense_y01_14p63|466|22,48d7342e3dd071f8eb37cd90b32d3a00fbbd6f2a,90db6b0d42fb0dffb7c08e5d9c636015d07ac05f
scene_3_2_terminalgain_globalmax_interp_0170,family_01,170,6.541645,6.735721,0.194076,30,2,28,2.9,3.011354,3.008362,1.000994,0.194352,1.94352,2.05734,0.057641,0.158764,0.466428,0.0,scene_3.2|scene_3.2_y02_hull_dense_y02_17p64|2556|31,scene_3.2|scene_3.2_y01_hull_dense_y01_14p63|466|22,cd9418dc5a24e6c007e9cff60590c29498d51fa8,40ad867cc7b426a2c2a988ac2f5f3b6744ae677a
scene_3_2_terminalgain_globalmax_interp_0171,family_01,171,6.541645,6.735721,0.194076,30,2,28,2.9,3.044592,3.008362,1.012043,0.194352,1.94352,2.060669,0.08314,0.135729,1.632901,0.0,scene_3.2|scene_3.2_y02_hull_dense_y02_17p64|2556|31,scene_3.2|scene_3.2_y01_hull_dense_y01_14p63|466|22,2d23d2b60304e436f6877e32ef1340ebe09f5dd9,616209e73a402124c17fb6ab81b0da54410e60db
scene_3_2_terminalgain_globalmax_interp_0172,family_01,172,6.541645,6.735721,0.194076,30,2,28,2.9,3.043745,3.008362,1.011761,0.194352,1.94352,2.060564,0.223922,0.08545,1.61344,0.0,scene_3.2|scene_3.2_y02_hull_dense_y02_17p64|2556|31,scene_3.2|scene_3.2_y01_hull_dense_y01_14p63|466|22,729f5b18f15a35da34245aaf67d5a5513a679380,c63d5ef17428acd43430ef6b8d0d60305bff4a29
scene_3_2_terminalgain_globalmax_interp_0173,family_01,173,6.541645,6.735721,0.194076,30,2,28,2.9,3.026641,3.008362,1.006076,0.194352,1.94352,2.058717,0.311049,0.035171,1.156186,0.0,scene_3.2|scene_3.2_y02_hull_dense_y02_17p64|2556|31,scene_3.2|scene_3.2_y01_hull_dense_y01_14p63|466|22,76239a0825b65263bb75fec9cabcdecb9d832ade,c085c2c53116bb550233adf6f1ca73cf635e03c6
scene_3_2_terminalgain_globalmax_interp_0174,family_01,174,6.541645,6.735721,0.194076,30,2,28,2.9,3.01599,3.008362,1.002535,0.194352,1.94352,2.057733,0.170267,0.015109,0.745354,0.0,scene_3.2|scene_3.2_y02_hull_dense_y02_17p64|2556|31,scene_3.2|scene_3.2_y01_hull_dense_y01_14p63|466|22,036ceb07837878c1256686198a1fd9b37451d653,5df53173fb82f4ff2e67bdda1517a167f19988e4
scene_3_2_terminalgain_globalmax_interp_0175,family_01,175,6.541645,6.735721,0.194076,30,2,28,2.9,3.02539,3.008362,1.00566,0.194352,1.94352,2.058593,0.029486,0.065388,1.115477,0.0,scene_3.2|scene_3.2_y02_hull_dense_y02_17p64|2556|31,scene_3.2|scene_3.2_y01_hull_dense_y01_14p63|466|22,0f299b7cd87c71cf07cf76997f95ba72774094be,0559aa01e3cb88f606621bf35399ee7890e905f4
scene_3_2_terminalgain_globalmax_interp_0176,family_01,176,6.541645,6.735721,0.194076,30,2,28,2.9,3.027406,3.008362,1.00633,0.194352,1.94352,2.058813,0.111297,0.115667,1.180165,0.0,scene_3.2|scene_3.2_y02_hull_dense_y02_17p64|2556|31,scene_3.2|scene_3.2_y01_hull_dense_y01_14p63|466|22,013bd93189de9fe8efcfd184250babd6f1e39acc,a4bd05839dec3f2893bd27284d4f0d51b03569ed
scene_3_2_terminalgain_globalmax_interp_0177,family_01,177,6.541645,6.735721,0.194076,30,2,28,2.9,3.042726,3.008362,1.011423,0.194352,1.94352,2.06046,0.252079,0.165946,1.589831,0.0,scene_3.2|scene_3.2_y02_hull_dense_y02_17p64|2556|31,scene_3.2|scene_3.2_y01_hull_dense_y01_14p63|466|22,9bbe2521afc54b6eaa3725824b66025810ec7cd3,0fa4fcd67230750a14824c4c092bd65f866bd0fc
scene_3_2_terminalgain_globalmax_interp_0178,family_01,178,6.541645,6.735721,0.194076,30,2,28,2.9,3.016424,3.008362,1.00268,0.194352,1.94352,2.057763,0.282893,0.128546,0.766215,0.0,scene_3.2|scene_3.2_y02_hull_dense_y02_17p64|2556|31,scene_3.2|scene_3.2_y01_hull_dense_y01_14p63|466|22,1e6fdb55ebc23a878b4613a99fecada32d89a6e9,0ddfdda1558e1c0a6d2bdf3a3cf3d6e9dd8daa80
scene_3_2_terminalgain_globalmax_interp_0179,family_01,179,6.541645,6.735721,0.194076,30,2,28,2.9,3.013146,3.008362,1.00159,0.194352,1.94352,2.057478,0.142111,0.078267,0.589965,0.0,scene_3.2|scene_3.2_y02_hull_dense_y02_17p64|2556|31,scene_3.2|scene_3.2_y01_hull_dense_y01_14p63|466|22,33301a8c13b2e60af33dd2b8f9fffee9c89b29e0,4b73b69380c4ee4ddfe7868cbc2c13f9ba762159
scene_3_2_terminalgain_globalmax_interp_0180,family_01,180,6.541645,6.735721,0.194076,30,2,28,2.9,3.044096,3.008362,1.011878,0.194352,1.94352,2.060617,0.001329,0.027988,1.621484,0.0,scene_3.2|scene_3.2_y02_hull_dense_y02_17p64|2556|31,scene_3.2|scene_3.2_y01_hull_dense_y01_14p63|466|22,cf3301d0c140769100c0bd33e6f8b104895336a2,044f57f37cf3dd010eff445365ccbce3796c2640
scene_3_2_terminalgain_globalmax_interp_0181,family_01,181,6.541645,6.735721,0.194076,30,2,28,2.9,3.041918,3.008362,1.011154,0.194352,1.94352,2.060396,0.139452,0.022291,1.570974,0.0,scene_3.2|scene_3.2_y02_hull_dense_y02_17p64|2556|31,scene_3.2|scene_3.2_y01_hull_dense_y01_14p63|466|22,84107bd2c3184b7d5bb8597bac8d40e28fbf667b,0627ebac671ce20a7aca950374ad6d9ab1aad76e
scene_3_2_terminalgain_globalmax_interp_0182,family_01,182,6.541645,6.735721,0.194076,30,2,28,2.9,3.014606,3.008362,1.002075,0.194352,1.94352,2.057608,0.280234,0.072571,0.674224,0.0,scene_3.2|scene_3.2_y02_hull_dense_y02_17p64|2556|31,scene_3.2|scene_3.2_y01_hull_dense_y01_14p63|466|22,b196eb47c2b5576b0e57abf15f4c90787b4f7a6c,1e0cd79376e408e97a1a8eef0df95b2c908b3a07
scene_3_2_terminalgain_globalmax_interp_0183,family_01,183,6.541645,6.735721,0.194076,30,2,28,2.9,3.015864,3.008362,1.002493,0.194352,1.94352,2.057705,0.254736,0.12285,0.739179,0.0,scene_3.2|scene_3.2_y02_hull_dense_y02_17p64|2556|31,scene_3.2|scene_3.2_y01_hull_dense_y01_14p63|466|22,3d5d6d9bbd0d05f1a9dc38e7dde1573ccf4a8c97,89b45bc606e99b42b18ed712b5bb8aa61b2ae73b
scene_3_2_terminalgain_globalmax_interp_0184,family_01,184,6.541645,6.735721,0.194076,30,2,28,2.9,3.046089,3.008362,1.012541,0.194352,1.94352,2.060849,0.113954,0.173129,1.666598,0.0,scene_3.2|scene_3.2_y02_hull_dense_y02_17p64|2556|31,scene_3.2|scene_3.2_y01_hull_dense_y01_14p63|466|22,4f8f7a6a48c427389847ed140f7c1a6a7541da81,941283a6662e165d94fc53b61c0d1719b5c4e388
scene_3_2_terminalgain_globalmax_interp_0185,family_01,185,6.541645,6.735721,0.194076,30,2,28,2.9,3.034005,3.008362,1.008524,0.194352,1.94352,2.059491,0.026827,0.170616,1.371065,0.0,scene_3.2|scene_3.2_y02_hull_dense_y02_17p64|2556|31,scene_3.2|scene_3.2_y01_hull_dense_y01_14p63|466|22,cd0ae60cbb69a5d7e2797ac05514b9a52b056112,1e911a346cbc612ee47a73fdcf0150713ecb8d27
scene_3_2_terminalgain_globalmax_interp_0186,family_01,186,6.541645,6.735721,0.194076,30,2,28,2.9,3.024037,3.008362,1.00521,0.194352,1.94352,2.058476,0.167609,0.120337,1.07014,0.0,scene_3.2|scene_3.2_y02_hull_dense_y02_17p64|2556|31,scene_3.2|scene_3.2_y01_hull_dense_y01_14p63|466|22,36d051bd86edcbcb2910453dc9ccb36edb8143a6,ecc64b71ab6f53496d239220be76fe4c524c75d3
scene_3_2_terminalgain_globalmax_interp_0187,family_01,187,6.541645,6.735721,0.194076,30,2,28,2.9,3.01878,3.008362,1.003463,0.194352,1.94352,2.057978,0.308391,0.070057,0.871639,0.0,scene_3.2|scene_3.2_y02_hull_dense_y02_17p64|2556|31,scene_3.2|scene_3.2_y01_hull_dense_y01_14p63|466|22,106ef338d50a3ff7c6d52439cc2efa377b8a8e11,15128eceeec97af39875e415ae3c26e4714f7da4
scene_3_2_terminalgain_globalmax_interp_0188,family_01,188,6.541645,6.735721,0.194076,30,2,28,2.9,3.021431,3.008362,1.004344,0.194352,1.94352,2.058208,0.22658,0.019778,0.976814,0.0,scene_3.2|scene_3.2_y02_hull_dense_y02_17p64|2556|31,scene_3.2|scene_3.2_y01_hull_dense_y01_14p63|466|22,dbefae25077adebc8c7fe2e2c6f156a3813878cc,cc6cc5a102af3afee554c266051d71b47eb7b484
scene_3_2_terminalgain_globalmax_interp_0189,family_01,189,6.541645,6.735721,0.194076,30,2,28,2.9,3.04818,3.008362,1.013236,0.194352,1.94352,2.061112,0.085798,0.0305,1.712952,0.0,scene_3.2|scene_3.2_y02_hull_dense_y02_17p64|2556|31,scene_3.2|scene_3.2_y01_hull_dense_y01_14p63|466|22,538c7c6d27d11239cb5892180b7518ff6950b7a1,b8f98957e08bb4c197bcea8b35a92f6587cbd937
scene_3_2_terminalgain_globalmax_interp_0190,family_01,190,6.541645,6.735721,0.194076,30,2,28,2.9,3.030939,3.008362,1.007505,0.194352,1.94352,2.059144,0.054984,0.080779,1.285786,0.0,scene_3.2|scene_3.2_y02_hull_dense_y02_17p64|2556|31,scene_3.2|scene_3.2_y01_hull_dense_y01_14p63|466|22,a13185106aa773334801e94157fec98dd4a7fc45,db9e882fbb62b5d377ad782a7f67fcb67cf6bc51
scene_3_2_terminalgain_globalmax_interp_0191,family_01,191,6.541645,6.735721,0.194076,30,2,28,2.9,3.009535,3.008362,1.00039,0.194352,1.94352,2.057191,0.195765,0.131058,0.292211,0.0,scene_3.2|scene_3.2_y02_hull_dense_y02_17p64|2556|31,scene_3.2|scene_3.2_y01_hull_dense_y01_14p63|466|22,e519fb6cc05ec914c825b376b84e83786696d275,d89a23a1bbf2055b3556c01b28926495968b1176
scene_3_2_terminalgain_globalmax_interp_0192,family_01,192,6.541645,6.735721,0.194076,30,2,28,2.9,3.039953,3.008362,1.010501,0.194352,1.94352,2.060109,0.336547,0.163433,1.523492,0.0,scene_3.2|scene_3.2_y02_hull_dense_y02_17p64|2556|31,scene_3.2|scene_3.2_y01_hull_dense_y01_14p63|466|22,3d912a8d01934fb1b3e4f342c7ee9ac7abc5d7c8,1a9f27df9225dad2fbe08d40989b5ab12ef14721
scene_3_2_terminalgain_globalmax_interp_0193,family_01,193,6.541645,6.735721,0.194076,30,2,28,2.9,3.037016,3.008362,1.009525,0.194352,1.94352,2.059782,0.333574,0.113154,1.449994,0.0,scene_3.2|scene_3.2_y02_hull_dense_y02_17p64|2556|31,scene_3.2|scene_3.2_y01_hull_dense_y01_14p63|466|22,96ed14f6df0fe2d7b0350f470c5f5b0234252b04,89c95f6ef1fe2c15cf196f1101180d3741f104e5
scene_3_2_terminalgain_globalmax_interp_0194,family_01,194,6.541645,6.735721,0.194076,30,2,28,2.9,3.010231,3.008362,1.000621,0.194352,1.94352,2.057244,0.192792,0.062875,0.36856,0.0,scene_3.2|scene_3.2_y02_hull_dense_y02_17p64|2556|31,scene_3.2|scene_3.2_y01_hull_dense_y01_14p63|466|22,088c7dbaeacd7d4359131f8cc89235289ec17fd8,ee7e80c57e306fa7a7f0ab3f5f46ff30f0496784
scene_3_2_terminalgain_globalmax_interp_0195,family_01,195,6.541645,6.735721,0.194076,30,2,28,2.9,3.029628,3.008362,1.007069,0.194352,1.94352,2.058997,0.052011,0.012595,1.247787,0.0,scene_3.2|scene_3.2_y02_hull_dense_y02_17p64|2556|31,scene_3.2|scene_3.2_y01_hull_dense_y01_14p63|466|22,f728ef4277570399b13ef04699e1454b10d62a5d,a321d1250d3ebc42621273ad2122e4315aa3eb8c
scene_3_2_terminalgain_globalmax_interp_0196,family_01,196,6.541645,6.735721,0.194076,30,2,28,2.9,3.027931,3.008362,1.006505,0.194352,1.94352,2.058846,0.088771,0.037683,1.196474,0.0,scene_3.2|scene_3.2_y02_hull_dense_y02_17p64|2556|31,scene_3.2|scene_3.2_y01_hull_dense_y01_14p63|466|22,8ebcdbf662f2f9bc561792d4bfebc2742378b954,acb57ec7e656025c8fa0b0ab71f8ad9d05b3808e
scene_3_2_terminalgain_globalmax_interp_0197,family_01,197,6.541645,6.735721,0.194076,30,2,28,2.9,3.020663,3.008362,1.004089,0.194352,1.94352,2.058156,0.229553,0.087962,0.94741,0.0,scene_3.2|scene_3.2_y02_hull_dense_y02_17p64|2556|31,scene_3.2|scene_3.2_y01_hull_dense_y01_14p63|466|22,714396274460cebb1a57fc832cdf2bfd544311db,30b1c0876c3408cf6bcad96790f7d794548c26cb
scene_3_2_terminalgain_globalmax_interp_0198,family_01,198,6.541645,6.735721,0.194076,30,2,28,2.9,3.046031,3.008362,1.012521,0.194352,1.94352,2.060878,0.305417,0.138241,1.665593,0.0,scene_3.2|scene_3.2_y02_hull_dense_y02_17p64|2556|31,scene_3.2|scene_3.2_y01_hull_dense_y01_14p63|466|22,cf52110e7dae041f86af4558285dace10b1e1119,bf46dc9d0fcdea811f470942b8fea3aed1138650
scene_3_2_terminalgain_globalmax_interp_0199,family_01,199,6.541645,6.735721,0.194076,30,2,28,2.9,3.03931,3.008362,1.010287,0.194352,1.94352,2.060061,0.164636,0.15625,1.507621,0.0,scene_3.2|scene_3.2_y02_hull_dense_y02_17p64|2556|31,scene_3.2|scene_3.2_y01_hull_dense_y01_14p63|466|22,a2f278127d76ce09eb90f5a0e2d06128f02a70e5,5634802b2e4279816c6fdb396e304f648018cd75
scene_3_2_terminalgain_globalmax_interp_0200,family_01,200,6.541645,6.735721,0.194076,30,2,28,2.9,3.04084,3.008362,1.010796,0.194352,1.94352,2.060247,0.023854,0.105971,1.545095,0.0,scene_3.2|scene_3.2_y02_hull_dense_y02_17p64|2556|31,scene_3.2|scene_3.2_y01_hull_dense_y01_14p63|466|22,056f398a0be55cda6ac7d0949de2b5e8429954c5,2dbcf96edddc970b729b145a1336a82708ab4491
scene_3_2_terminalgain_globalmax_interp_0201,family_01,201,6.541645,6.735721,0.194076,30,2,28,2.9,3.039204,3.008362,1.010252,0.194352,1.94352,2.060076,0.116928,0.055692,1.505245,0.0,scene_3.2|scene_3.2_y02_hull_dense_y02_17p64|2556|31,scene_3.2|scene_3.2_y01_hull_dense_y01_14p63|466|22,579c1dcfcf031c0e455cd77bd008a0fbcb593166,8d128b6b14df68b96cceef8b911389c1551e9e46
scene_3_2_terminalgain_globalmax_interp_0202,family_01,202,6.541645,6.735721,0.194076,30,2,28,2.9,3.027244,3.008362,1.006276,0.194352,1.94352,2.058774,0.257709,0.005414,1.17527,0.0,scene_3.2|scene_3.2_y02_hull_dense_y02_17p64|2556|31,scene_3.2|scene_3.2_y01_hull_dense_y01_14p63|466|22,88575c1b8e42d08960dbefcdf5eaadd2043cc059,20360d3b714d931385359fcf62620fa2d4966959
scene_3_2_terminalgain_globalmax_interp_0203,family_01,203,6.541645,6.735721,0.194076,30,2,28,2.9,3.014757,3.008362,1.002126,0.194352,1.94352,2.057613,0.277261,0.044866,0.682265,0.0,scene_3.2|scene_3.2_y02_hull_dense_y02_17p64|2556|31,scene_3.2|scene_3.2_y01_hull_dense_y01_14p63|466|22,bcdf2d9bb41ce52d7e5649652a45c88203107dd4,e65630efc980c3ca90cf1a638da11893da846fe2
scene_3_2_terminalgain_globalmax_interp_0204,family_01,204,6.541645,6.735721,0.194076,30,2,28,2.9,3.027904,3.008362,1.006496,0.194352,1.94352,2.058857,0.136479,0.095145,1.195638,0.0,scene_3.2|scene_3.2_y02_hull_dense_y02_17p64|2556|31,scene_3.2|scene_3.2_y01_hull_dense_y01_14p63|466|22,56c34ed68e5f9ea07976201860fbca98c073eb73,ea9cdf3093a179be4426a862158824bc63ef67fc
scene_3_2_terminalgain_globalmax_interp_0205,family_01,205,6.541645,6.735721,0.194076,30,2,28,2.9,3.032645,3.008362,1.008072,0.194352,1.94352,2.059351,0.004302,0.145424,1.33388,0.0,scene_3.2|scene_3.2_y02_hull_dense_y02_17p64|2556|31,scene_3.2|scene_3.2_y01_hull_dense_y01_14p63|466|22,d4807adc194be1856e5be5540378b397bd3fbb25,760cb7b8770380a77c923d8a4673e0ec6d42e7d1
scene_3_2_terminalgain_globalmax_interp_0206,family_01,206,6.541645,6.735721,0.194076,30,2,28,2.9,3.011813,3.008362,1.001147,0.194352,1.94352,2.057372,0.145084,0.149068,0.500971,0.0,scene_3.2|scene_3.2_y02_hull_dense_y02_17p64|2556|31,scene_3.2|scene_3.2_y01_hull_dense_y01_14p63|466|22,eefa1c90d61d693feaf38253745a3ad73edc5cf0,a72023bbf97bebd2bd333d2ac4375682d4db75af
scene_3_2_terminalgain_globalmax_interp_0207,family_01,207,6.541645,6.735721,0.194076,30,2,28,2.9,3.02844,3.008362,1.006674,0.194352,1.94352,2.058899,0.285866,0.098788,1.212285,0.0,scene_3.2|scene_3.2_y02_hull_dense_y02_17p64|2556|31,scene_3.2|scene_3.2_y01_hull_dense_y01_14p63|466|22,0195f3a8c7540269775f2917cafd38b2f939e218,d3d87d2f8a95ec3851ffcf3e4ebd030371ac1bbe
scene_3_2_terminalgain_globalmax_interp_0208,family_01,208,6.541645,6.735721,0.194076,30,2,28,2.9,3.05504,3.008362,1.015516,0.194352,1.94352,2.061997,0.249104,0.048509,1.85669,0.0,scene_3.2|scene_3.2_y02_hull_dense_y02_17p64|2556|31,scene_3.2|scene_3.2_y01_hull_dense_y01_14p63|466|22,6f7b0047aa4d23a379c39d06dfbb98939203f781,033e5989aebdc2a7462c8f52969a112b92ceabcb
scene_3_2_terminalgain_globalmax_interp_0209,family_01,209,6.541645,6.735721,0.194076,30,2,28,2.9,3.031028,3.008362,1.007534,0.194352,1.94352,2.059186,0.108323,0.001769,1.288324,0.0,scene_3.2|scene_3.2_y02_hull_dense_y02_17p64|2556|31,scene_3.2|scene_3.2_y01_hull_dense_y01_14p63|466|22,3964c3c3d24bf1eaa6b6f9474e442733020111f6,d557336ba201bba2d0d602fd37509dbc12f53900
scene_3_2_terminalgain_globalmax_interp_0210,family_01,210,6.541645,6.735721,0.194076,30,2,28,2.9,3.014714,3.008362,1.002111,0.194352,1.94352,2.057607,0.032459,0.052048,0.680177,0.0,scene_3.2|scene_3.2_y02_hull_dense_y02_17p64|2556|31,scene_3.2|scene_3.2_y01_hull_dense_y01_14p63|466|22,2051feed4a95f6dc690564f1407cd37622f34891,6ceada81bdc3f76da4cab304be70ccc71e38fb97
scene_3_2_terminalgain_globalmax_interp_0211,family_01,211,6.541645,6.735721,0.194076,30,2,28,2.9,3.026779,3.008362,1.006122,0.194352,1.94352,2.058733,0.173241,0.102327,1.160546,0.0,scene_3.2|scene_3.2_y02_hull_dense_y02_17p64|2556|31,scene_3.2|scene_3.2_y01_hull_dense_y01_14p63|466|22,393fa41af3691f683169ec3bcdd18c5a58a2bf62,be306a641ffdab0a51ce2621e766506dd9050876
scene_3_2_terminalgain_globalmax_interp_0212,family_01,212,6.541645,6.735721,0.194076,30,2,28,2.9,3.023132,3.008362,1.004909,0.194352,1.94352,2.058366,0.314022,0.152607,1.038739,0.0,scene_3.2|scene_3.2_y02_hull_dense_y02_17p64|2556|31,scene_3.2|scene_3.2_y01_hull_dense_y01_14p63|466|22,09847206a028a7e1bc8643cfe5ab985530c4c06d,c3a382d2032c1cba563c280b348b7ffe82b4de8b
scene_3_2_terminalgain_globalmax_interp_0213,family_01,213,6.541645,6.735721,0.194076,30,2,28,2.9,3.030689,3.008362,1.007421,0.194352,1.94352,2.059142,0.220949,0.141885,1.278704,0.0,scene_3.2|scene_3.2_y02_hull_dense_y02_17p64|2556|31,scene_3.2|scene_3.2_y01_hull_dense_y01_14p63|466|22,db5a1241ad3ae0e603877c0f133e4a6a5aaa1dde,3dabd9e7f66111e22d9528ec0b80fc46baf0216b
scene_3_2_terminalgain_globalmax_interp_0214,family_01,214,6.541645,6.735721,0.194076,30,2,28,2.9,3.021504,3.008362,1.004368,0.194352,1.94352,2.058226,0.080167,0.091606,0.979154,0.0,scene_3.2|scene_3.2_y02_hull_dense_y02_17p64|2556|31,scene_3.2|scene_3.2_y01_hull_dense_y01_14p63|466|22,eafd97a97d0e59cc77240f0029ded60c7b34c2a6,d13c9967985c79774a7b1dd306fc55816c729e29
scene_3_2_terminalgain_globalmax_interp_0215,family_01,215,6.541645,6.735721,0.194076,30,2,28,2.9,3.009592,3.008362,1.000409,0.194352,1.94352,2.057197,0.060615,0.041326,0.299162,0.0,scene_3.2|scene_3.2_y02_hull_dense_y02_17p64|2556|31,scene_3.2|scene_3.2_y01_hull_dense_y01_14p63|466|22,d1f79306f9120f853101b4fbf9bcb5caa686111c,c6aed909325cc3755317aebe7cc90316ea5455cc
scene_3_2_terminalgain_globalmax_interp_0216,family_01,216,6.541645,6.735721,0.194076,30,2,28,2.9,3.057913,3.008362,1.016471,0.194352,1.94352,2.062398,0.201397,0.008952,1.914343,0.0,scene_3.2|scene_3.2_y02_hull_dense_y02_17p64|2556|31,scene_3.2|scene_3.2_y01_hull_dense_y01_14p63|466|22,c9ae6d6340678c972acd4455a6ddac7f40071040,1a8423ae3cbadcdbb03e9218a56e405b7ebb96a2
scene_3_2_terminalgain_globalmax_interp_0217,family_01,217,6.541645,6.735721,0.194076,30,2,28,2.9,3.054341,3.008362,1.015284,0.194352,1.94352,2.061918,0.342179,0.059231,1.842737,0.0,scene_3.2|scene_3.2_y02_hull_dense_y02_17p64|2556|31,scene_3.2|scene_3.2_y01_hull_dense_y01_14p63|466|22,1691d04d133b9e1424db59c1023242631f12c27d,9c248a1e1142845a245eb44b11ca06f928623c6e
scene_3_2_terminalgain_globalmax_interp_0218,family_01,218,6.541645,6.735721,0.194076,30,2,28,2.9,3.009898,3.008362,1.00051,0.194352,1.94352,2.057217,0.327942,0.10951,0.334163,0.0,scene_3.2|scene_3.2_y02_hull_dense_y02_17p64|2556|31,scene_3.2|scene_3.2_y01_hull_dense_y01_14p63|466|22,08699738c0981341cdf5142386c3e412f3957cce,4572812379bd91b54ac1d451176d00d66a0defac
scene_3_2_terminalgain_globalmax_interp_0219,family_01,219,6.541645,6.735721,0.194076,30,2,28,2.9,3.020101,3.008362,1.003902,0.194352,1.94352,2.05809,0.187161,0.159789,0.925322,0.0,scene_3.2|scene_3.2_y02_hull_dense_y02_17p64|2556|31,scene_3.2|scene_3.2_y01_hull_dense_y01_14p63|466|22,4e574750e1b73621f7cc85688e1f47ae17ef3ab1,01e075888f06b972a2ac6cae4056f4ee8b001bc5
scene_3_2_terminalgain_globalmax_interp_0220,family_01,220,6.541645,6.735721,0.194076,30,2,28,2.9,3.032744,3.008362,1.008104,0.194352,1.94352,2.059326,0.046379,0.134702,1.336782,0.0,scene_3.2|scene_3.2_y02_hull_dense_y02_17p64|2556|31,scene_3.2|scene_3.2_y01_hull_dense_y01_14p63|466|22,d5e015dd083d2cb40e34e2f2bc2d5057bd19457b,6bc0715343fe40f5277b626ce5fafba801cd5f14
scene_3_2_terminalgain_globalmax_interp_0221,family_01,221,6.541645,6.735721,0.194076,30,2,28,2.9,3.020661,3.008362,1.004088,0.194352,1.94352,2.058138,0.094403,0.084423,0.947331,0.0,scene_3.2|scene_3.2_y02_hull_dense_y02_17p64|2556|31,scene_3.2|scene_3.2_y01_hull_dense_y01_14p63|466|22,dbbd0a842f3a34ed29171f7c85b99616fe0283d7,d1b762a03c74617890d10886f5c2f9e1d8a42bd5
scene_3_2_terminalgain_globalmax_interp_0222,family_01,222,6.541645,6.735721,0.194076,30,2,28,2.9,3.028268,3.008362,1.006617,0.194352,1.94352,2.058863,0.235184,0.034144,1.206742,0.0,scene_3.2|scene_3.2_y02_hull_dense_y02_17p64|2556|31,scene_3.2|scene_3.2_y01_hull_dense_y01_14p63|466|22,eac06554fe66dcfa6e8d7c3817ae7289eaf436f4,e7fdeacf7b32e3a5ac3b2f9fd64eae51100cfd44
scene_3_2_terminalgain_globalmax_interp_0223,family_01,223,6.541645,6.735721,0.194076,30,2,28,2.9,3.014006,3.008362,1.001876,0.194352,1.94352,2.057555,0.299787,0.016135,0.640966,0.0,scene_3.2|scene_3.2_y02_hull_dense_y02_17p64|2556|31,scene_3.2|scene_3.2_y01_hull_dense_y01_14p63|466|22,04919edc0e26c2fca07399970752d6e3a1ec9b11,f80bc36e0a85adac615ca29301a7b45934cbc8c2
scene_3_2_terminalgain_globalmax_interp_0224,family_01,224,6.541645,6.735721,0.194076,30,2,28,2.9,3.034264,3.008362,1.00861,0.194352,1.94352,2.059506,0.159004,0.066414,1.378105,0.0,scene_3.2|scene_3.2_y02_hull_dense_y02_17p64|2556|31,scene_3.2|scene_3.2_y01_hull_dense_y01_14p63|466|22,ea8c5c18a517909e706a783f0018500f182e6ee4,21230726b88d536be1f86edec38edbc2d8ab6789
scene_3_2_terminalgain_globalmax_interp_0225,family_01,225,6.541645,6.735721,0.194076,30,2,28,2.9,3.052406,3.008362,1.01464,0.194352,1.94352,2.061698,0.018222,0.116693,1.802875,0.0,scene_3.2|scene_3.2_y02_hull_dense_y02_17p64|2556|31,scene_3.2|scene_3.2_y01_hull_dense_y01_14p63|466|22,c0b79212ff5742a3a90caa32e7f99d6b79efcb5f,f11e4ca39780210e2581406cfd4906f726ac8bbc
scene_3_2_terminalgain_globalmax_interp_0226,family_01,226,6.541645,6.735721,0.194076,30,2,28,2.9,3.039689,3.008362,1.010413,0.194352,1.94352,2.060133,0.122559,0.166972,1.517294,0.0,scene_3.2|scene_3.2_y02_hull_dense_y02_17p64|2556|31,scene_3.2|scene_3.2_y01_hull_dense_y01_14p63|466|22,c982fc05bc087ee29be6d91c122e7752a01fd1cd,557a0dd147a8870a4a1a12af9554749cd82b405c
scene_3_2_terminalgain_globalmax_interp_0227,family_01,227,6.541645,6.735721,0.194076,30,2,28,2.9,3.013281,3.008362,1.001635,0.194352,1.94352,2.057498,0.263341,0.127519,0.598165,0.0,scene_3.2|scene_3.2_y02_hull_dense_y02_17p64|2556|31,scene_3.2|scene_3.2_y01_hull_dense_y01_14p63|466|22,5899e646da2853f89dab8471a2c81b4e56ee5c52,216304086052f2461080ab7f29a537cc4b8a5af3
scene_3_2_terminalgain_globalmax_interp_0228,family_01,228,6.541645,6.735721,0.194076,30,2,28,2.9,3.029897,3.008362,1.007158,0.194352,1.94352,2.05905,0.27163,0.07724,1.255648,0.0,scene_3.2|scene_3.2_y02_hull_dense_y02_17p64|2556|31,scene_3.2|scene_3.2_y01_hull_dense_y01_14p63|466|22,8542a08a9fcf930600f577b007b6df1635eb4816,2e1b82cff6e6efb4ba74892ea7d4d760d8f16a91
scene_3_2_terminalgain_globalmax_interp_0229,family_01,229,6.541645,6.735721,0.194076,30,2,28,2.9,3.033713,3.008362,1.008427,0.194352,1.94352,2.059468,0.130849,0.026961,1.363174,0.0,scene_3.2|scene_3.2_y02_hull_dense_y02_17p64|2556|31,scene_3.2|scene_3.2_y01_hull_dense_y01_14p63|466|22,ba3f4981c3287781dfc45396485a2c1a93078f34,c81d14f8576dbc7ec1498f08ef382e77bce8bdba
scene_3_2_terminalgain_globalmax_interp_0230,family_01,230,6.541645,6.735721,0.194076,30,2,28,2.9,3.016389,3.008362,1.002668,0.194352,1.94352,2.057763,0.009933,0.023317,0.764826,0.0,scene_3.2|scene_3.2_y02_hull_dense_y02_17p64|2556|31,scene_3.2|scene_3.2_y01_hull_dense_y01_14p63|466|22,0f038c7ea8afe636ad4601c0d70176ca15a83e51,5dd0e0b973244d7778fbc419c8062a9c0249860b
scene_3_2_terminalgain_globalmax_interp_0231,family_01,231,6.541645,6.735721,0.194076,30,2,28,2.9,3.01898,3.008362,1.003529,0.194352,1.94352,2.057988,0.150715,0.073597,0.880018,0.0,scene_3.2|scene_3.2_y02_hull_dense_y02_17p64|2556|31,scene_3.2|scene_3.2_y01_hull_dense_y01_14p63|466|22,31f4bea6a5ef49f34070d297c917926391f096f5,a7f7bdf1e388d9aca9b3ed8623282024cd765585
scene_3_2_terminalgain_globalmax_interp_0232,family_01,232,6.541645,6.735721,0.194076,30,2,28,2.9,3.047913,3.008362,1.013147,0.194352,1.94352,2.061114,0.291498,0.123876,1.707135,0.0,scene_3.2|scene_3.2_y02_hull_dense_y02_17p64|2556|31,scene_3.2|scene_3.2_y01_hull_dense_y01_14p63|466|22,dc1556a956466c2ab05ce813bc12ed6343eec5b9,a3ec8b340af0ebb08df94dd30542df644d19841d
scene_3_2_terminalgain_globalmax_interp_0233,family_01,233,6.541645,6.735721,0.194076,30,2,28,2.9,3.039962,3.008362,1.010504,0.194352,1.94352,2.060162,0.243474,0.174155,1.52356,0.0,scene_3.2|scene_3.2_y02_hull_dense_y02_17p64|2556|31,scene_3.2|scene_3.2_y01_hull_dense_y01_14p63|466|22,32291c7cf095f154035f1c63118f6aed88b864dc,25dd770ec63fb8d89ed004ada0209d23e3036203
scene_3_2_terminalgain_globalmax_interp_0234,family_01,234,6.541645,6.735721,0.194076,30,2,28,2.9,3.028553,3.008362,1.006712,0.194352,1.94352,2.058885,0.102692,0.16959,1.215331,0.0,scene_3.2|scene_3.2_y02_hull_dense_y02_17p64|2556|31,scene_3.2|scene_3.2_y01_hull_dense_y01_14p63|466|22,4f3d52287b24be2ff01e387cb8993553afa3c6ce,d9d0fbccf0bdff2ac470f927270d2fec63df9495
scene_3_2_terminalgain_globalmax_interp_0235,family_01,235,6.541645,6.735721,0.194076,30,2,28,2.9,3.041181,3.008362,1.010909,0.194352,1.94352,2.060292,0.03809,0.119311,1.553203,0.0,scene_3.2|scene_3.2_y02_hull_dense_y02_17p64|2556|31,scene_3.2|scene_3.2_y01_hull_dense_y01_14p63|466|22,ee8ed37055e4be68e2a7847a772034382a487493,5e3d9400b75ebb76bd7fe8d7ef0a57b84e0adbec
scene_3_2_terminalgain_globalmax_interp_0236,family_01,236,6.541645,6.735721,0.194076,30,2,28,2.9,3.017898,3.008362,1.00317,0.194352,1.94352,2.057886,0.178871,0.069032,0.833657,0.0,scene_3.2|scene_3.2_y02_hull_dense_y02_17p64|2556|31,scene_3.2|scene_3.2_y01_hull_dense_y01_14p63|466|22,c2197042da3c487d04374edfa83c0e899fd8ad04,077a85a6b42b7ec4489fee436369711358962d2f
scene_3_2_terminalgain_globalmax_interp_0237,family_01,237,6.541645,6.735721,0.194076,30,2,28,2.9,3.031727,3.008362,1.007766,0.194352,1.94352,2.059241,0.319653,0.018752,1.308254,0.0,scene_3.2|scene_3.2_y02_hull_dense_y02_17p64|2556|31,scene_3.2|scene_3.2_y01_hull_dense_y01_14p63|466|22,d6d774ae62adb545c2765cefb1e058224c7d25af,3b55972db34a40b72a035f052f897c09e2e8fb15
scene_3_2_terminalgain_globalmax_interp_0238,family_01,238,6.541645,6.735721,0.194076,30,2,28,2.9,3.024626,3.008362,1.005406,0.194352,1.94352,2.058525,0.215317,0.031527,1.090065,0.0,scene_3.2|scene_3.2_y02_hull_dense_y02_17p64|2556|31,scene_3.2|scene_3.2_y01_hull_dense_y01_14p63|466|22,a23e3bb521eafe8b9c0936a1aa6bfaa781bd23d1,55ec8c8a5ab135184bd58db4311b588f8aa715a8
scene_3_2_terminalgain_globalmax_interp_0239,family_01,239,6.541645,6.735721,0.194076,30,2,28,2.9,3.010318,3.008362,1.00065,0.194352,1.94352,2.057246,0.074535,0.081806,0.37736,0.0,scene_3.2|scene_3.2_y02_hull_dense_y02_17p64|2556|31,scene_3.2|scene_3.2_y01_hull_dense_y01_14p63|466|22,127cfcfdeb6381d87144d4e039c20a6b3250da65,5cd2320ee2fe1659133ce22c9f70d153c1d88ba1
scene_3_2_terminalgain_globalmax_interp_0240,family_01,240,6.541645,6.735721,0.194076,30,2,28,2.9,3.039246,3.008362,1.010266,0.194352,1.94352,2.060071,0.066246,0.132085,1.50628,0.0,scene_3.2|scene_3.2_y02_hull_dense_y02_17p64|2556|31,scene_3.2|scene_3.2_y01_hull_dense_y01_14p63|466|22,e135493b2d418b408f5fd73b83cd75e27b37054a,948f2fd74cc51647ee4997284fba1c9aaa818621
scene_3_2_terminalgain_globalmax_interp_0241,family_01,241,6.541645,6.735721,0.194076,30,2,28,2.9,3.03853,3.008362,1.010028,0.194352,1.94352,2.059998,0.207028,0.162407,1.488745,0.0,scene_3.2|scene_3.2_y02_hull_dense_y02_17p64|2556|31,scene_3.2|scene_3.2_y01_hull_dense_y01_14p63|466|22,ecce24e5345052fa6393619a9c78811ccf7947c2,56eda73d43b86a1375c9449be60272192ecab4e2
scene_3_2_terminalgain_globalmax_interp_0242,family_01,242,6.541645,6.735721,0.194076,30,2,28,2.9,3.010271,3.008362,1.000634,0.194352,1.94352,2.057246,0.34781,0.112128,0.372623,0.0,scene_3.2|scene_3.2_y02_hull_dense_y02_17p64|2556|31,scene_3.2|scene_3.2_y01_hull_dense_y01_14p63|466|22,d30bc99ff544bd5392ca80250db74f5fb59045ae,03ad9f8014d6b8ebfee7819dc241db15673e9247
scene_3_2_terminalgain_globalmax_interp_0243,family_01,243,6.541645,6.735721,0.194076,30,2,28,2.9,3.036724,3.008362,1.009428,0.194352,1.94352,2.059771,0.349341,0.061849,1.44255,0.0,scene_3.2|scene_3.2_y02_hull_dense_y02_17p64|2556|31,scene_3.2|scene_3.2_y01_hull_dense_y01_14p63|466|22,9cc5d2082580ec0efa3c7afb4cb07b1e79495d46,3d5d2841ed08b9fd52cf6ccc398f1766c7e76609
scene_3_2_terminalgain_globalmax_interp_0244,family_01,244,6.541645,6.735721,0.194076,30,2,28,2.9,3.04162,3.008362,1.011055,0.194352,1.94352,2.060336,0.208559,0.01157,1.56355,0.0,scene_3.2|scene_3.2_y02_hull_dense_y02_17p64|2556|31,scene_3.2|scene_3.2_y01_hull_dense_y01_14p63|466|22,20f753c110b110eb371c20db00f0e35996e55a9f,e75a11a1f4f6abb319f2c64beaab54405ded8d56
scene_3_2_terminalgain_globalmax_interp_0245,family_01,245,6.541645,6.735721,0.194076,30,2,28,2.9,3.021335,3.008362,1.004312,0.194352,1.94352,2.058226,0.067778,0.03871,0.972898,0.0,scene_3.2|scene_3.2_y02_hull_dense_y02_17p64|2556|31,scene_3.2|scene_3.2_y01_hull_dense_y01_14p63|466|22,38ea53ac224074a2944d5679b75ab253c0e6fd0c,99218ac86c6560576fd419da0127f716a977d208
scene_3_2_terminalgain_globalmax_interp_0246,family_01,246,6.541645,6.735721,0.194076,30,2,28,2.9,3.020858,3.008362,1.004153,0.194352,1.94352,2.058142,0.073004,0.088989,0.955024,0.0,scene_3.2|scene_3.2_y02_hull_dense_y02_17p64|2556|31,scene_3.2|scene_3.2_y01_hull_dense_y01_14p63|466|22,7f9480118df49b2173ce9bfcc16695081022f268,75ef7c1a1078f2812b6835676fb9c418585a2ae8
scene_3_2_terminalgain_globalmax_interp_0247,family_01,247,6.541645,6.735721,0.194076,30,2,28,2.9,3.020209,3.008362,1.003938,0.194352,1.94352,2.058108,0.213786,0.139268,0.929591,0.0,scene_3.2|scene_3.2_y02_hull_dense_y02_17p64|2556|31,scene_3.2|scene_3.2_y01_hull_dense_y01_14p63|466|22,7c9a2b48e0f0e844f2960ad25404a5c8d75e7544,28487c22ffcd174ecd7083beba0194d26b5df6ae
scene_3_2_terminalgain_globalmax_interp_0248,family_01,248,6.541645,6.735721,0.194076,30,2,28,2.9,3.032361,3.008362,1.007977,0.194352,1.94352,2.059289,0.321185,0.155225,1.325955,0.0,scene_3.2|scene_3.2_y02_hull_dense_y02_17p64|2556|31,scene_3.2|scene_3.2_y01_hull_dense_y01_14p63|466|22,ac2aaaad3c4bb0d35e24ae0676f02b794e654554,542e991812f0ee8f798f3d968f6af4c3b2a2e009
scene_3_2_terminalgain_globalmax_interp_0249,family_01,249,6.541645,6.735721,0.194076,30,2,28,2.9,3.05199,3.008362,1.014502,0.194352,1.94352,2.061638,0.180403,0.104945,1.794305,0.0,scene_3.2|scene_3.2_y02_hull_dense_y02_17p64|2556|31,scene_3.2|scene_3.2_y01_hull_dense_y01_14p63|466|22,1a221d3c6dd764b7e607d7875623327815e99499,0fd519be2d859a19bb4f8dab26c82720ceb54524
scene_3_2_terminalgain_globalmax_interp_0250,family_01,250,6.541645,6.735721,0.194076,30,2,28,2.9,3.013028,3.008362,1.001551,0.194352,1.94352,2.057478,0.039621,0.054666,0.582743,0.0,scene_3.2|scene_3.2_y02_hull_dense_y02_17p64|2556|31,scene_3.2|scene_3.2_y01_hull_dense_y01_14p63|466|22,9460f6d5d7a1f24892ef18e533d31edb90193cc1,91675d829d613058f2237a9e3a15457f92b1329a
scene_3_2_terminalgain_globalmax_interp_0251,family_01,251,6.541645,6.735721,0.194076,30,2,28,2.9,3.016906,3.008362,1.00284,0.194352,1.94352,2.057803,0.10116,0.004387,0.788878,0.0,scene_3.2|scene_3.2_y02_hull_dense_y02_17p64|2556|31,scene_3.2|scene_3.2_y01_hull_dense_y01_14p63|466|22,45bd6a1c41845593f90b9a73554c4111809026bf,c4a0c3f7b3a1aacaff941a4124839dc3923f5a12
scene_3_2_terminalgain_globalmax_interp_0252,family_01,252,6.541645,6.735721,0.194076,30,2,28,2.9,3.046304,3.008362,1.012612,0.194352,1.94352,2.060891,0.241942,0.045892,1.671674,0.0,scene_3.2|scene_3.2_y02_hull_dense_y02_17p64|2556|31,scene_3.2|scene_3.2_y01_hull_dense_y01_14p63|466|22,c9b3f6aa436ee9103f3410f0f866f118010f59a9,b9744f23f41d4769689eaeaaf2d730de69b06344
scene_3_2_terminalgain_globalmax_interp_0253,family_01,253,6.541645,6.735721,0.194076,30,2,28,2.9,3.050763,3.008362,1.014094,0.194352,1.94352,2.061454,0.293029,0.096172,1.768605,0.0,scene_3.2|scene_3.2_y02_hull_dense_y02_17p64|2556|31,scene_3.2|scene_3.2_y01_hull_dense_y01_14p63|466|22,5041c07d209dfadb48ed123d35a3d32843441479,d0223b0f8f7cd9fe8e665c368d611c17d517a343
scene_3_2_terminalgain_globalmax_interp_0254,family_01,254,6.541645,6.735721,0.194076,30,2,28,2.9,3.013925,3.008362,1.001849,0.194352,1.94352,2.05755,0.152247,0.146451,0.636658,0.0,scene_3.2|scene_3.2_y02_hull_dense_y02_17p64|2556|31,scene_3.2|scene_3.2_y01_hull_dense_y01_14p63|466|22,10b35d642a36749a0c3ba2c6251424a8c622528b,549b52b7a08008d43fae4de103cb0d99ae122ee6
scene_3_2_terminalgain_globalmax_interp_0255,family_01,255,6.541645,6.735721,0.194076,30,2,28,2.9,3.014104,3.008362,1.001908,0.194352,1.94352,2.05756,0.011466,0.148042,0.646498,0.0,scene_3.2|scene_3.2_y02_hull_dense_y02_17p64|2556|31,scene_3.2|scene_3.2_y01_hull_dense_y01_14p63|466|22,788fc13553b6c0d78be79f5c70f6925e62a40548,cff665862764b7236b8cb6b2f368517aac986cb2
scene_3_2_terminalgain_globalmax_interp_0256,family_01,256,6.541645,6.735721,0.194076,30,2,28,2.9,3.045187,3.008362,1.012241,0.194352,1.94352,2.060727,0.129317,0.097763,1.646249,0.0,scene_3.2|scene_3.2_y02_hull_dense_y02_17p64|2556|31,scene_3.2|scene_3.2_y01_hull_dense_y01_14p63|466|22,dd8107ea509be8a332eef34f0d8e06d6bea4b7f1,363a726036ca4c7d4c69b63ff0a607418e3be2ea
scene_3_2_terminalgain_globalmax_interp_0257,family_01,257,6.541645,6.735721,0.194076,30,2,28,2.9,3.029022,3.008362,1.006867,0.194352,1.94352,2.058944,0.270099,0.047483,1.229625,0.0,scene_3.2|scene_3.2_y02_hull_dense_y02_17p64|2556|31,scene_3.2|scene_3.2_y01_hull_dense_y01_14p63|466|22,61e6c8501ed27d75068d9b0704655e96ce122f28,e3d3351211d8234d476ae09038cf481ac2947d90
scene_3_2_terminalgain_globalmax_interp_0258,family_01,258,6.541645,6.735721,0.194076,30,2,28,2.9,3.020997,3.008362,1.0042,0.194352,1.94352,2.058157,0.264873,0.002796,0.960228,0.0,scene_3.2|scene_3.2_y02_hull_dense_y02_17p64|2556|31,scene_3.2|scene_3.2_y01_hull_dense_y01_14p63|466|22,3b0bfcbfbf5a62e9fa235c5f2a260be295d84408,c0260a79a3c27a20c72e220886d3d70c0d5ebe4d
scene_3_2_terminalgain_globalmax_interp_0259,family_01,259,6.541645,6.735721,0.194076,30,2,28,2.9,3.019352,3.008362,1.003653,0.194352,1.94352,2.058014,0.124091,0.053075,0.895251,0.0,scene_3.2|scene_3.2_y02_hull_dense_y02_17p64|2556|31,scene_3.2|scene_3.2_y01_hull_dense_y01_14p63|466|22,0f958c6082829b5deafe7dcb8cc4c1124af9b378,ce2c88527fd7ebcc4f2b9797e0d0a59bfb629531
scene_3_2_terminalgain_globalmax_interp_0260,family_01,260,6.541645,6.735721,0.194076,30,2,28,2.9,3.023979,3.008362,1.005191,0.194352,1.94352,2.058458,0.016691,0.103354,1.067873,0.0,scene_3.2|scene_3.2_y02_hull_dense_y02_17p64|2556|31,scene_3.2|scene_3.2_y01_hull_dense_y01_14p63|466|22,525b09aad0dd40413f55a96c1f323a1ac08cb768,d434527d5cad066f1cee31798c372d350eff6d3b
scene_3_2_terminalgain_globalmax_interp_0261,family_01,261,6.541645,6.735721,0.194076,30,2,28,2.9,3.039526,3.008362,1.010359,0.194352,1.94352,2.060116,0.157472,0.153634,1.51311,0.0,scene_3.2|scene_3.2_y02_hull_dense_y02_17p64|2556|31,scene_3.2|scene_3.2_y01_hull_dense_y01_14p63|466|22,20dd4afb47771ac918b64c628a17adf9189f968b,38c5896edf9c2eba23262101f757c7cc55ea4cbc
scene_3_2_terminalgain_globalmax_interp_0262,family_01,262,6.541645,6.735721,0.194076,30,2,28,2.9,3.038075,3.008362,1.009877,0.194352,1.94352,2.059916,0.298254,0.140859,1.47712,0.0,scene_3.2|scene_3.2_y02_hull_dense_y02_17p64|2556|31,scene_3.2|scene_3.2_y01_hull_dense_y01_14p63|466|22,0b407866ef1e6d46055258c88910ec6f512d4679,60fe4b6d5e67f38dd581b985f8935430a219d307
scene_3_2_terminalgain_globalmax_interp_0263,family_01,263,6.541645,6.735721,0.194076,30,2,28,2.9,3.009837,3.008362,1.00049,0.194352,1.94352,2.057215,0.236716,0.09058,0.327368,0.0,scene_3.2|scene_3.2_y02_hull_dense_y02_17p64|2556|31,scene_3.2|scene_3.2_y01_hull_dense_y01_14p63|466|22,87a1ee307626a8f480fef4bdb291aac2ff965af5,6d4216bdd7117895dacbbb763ca094f3cd0b3112
scene_3_2_terminalgain_globalmax_interp_0264,family_01,264,6.541645,6.735721,0.194076,30,2,28,2.9,3.042198,3.008362,1.011247,0.194352,1.94352,2.060399,0.095934,0.040301,1.577466,0.0,scene_3.2|scene_3.2_y02_hull_dense_y02_17p64|2556|31,scene_3.2|scene_3.2_y01_hull_dense_y01_14p63|466|22,c4b561c017ec4cfda23d3018d9985506d0f93018,e6994f52178f45b98273cc23d9b24391dbecbfb0
scene_3_2_terminalgain_globalmax_interp_0265,family_01,265,6.541645,6.735721,0.194076,30,2,28,2.9,3.050497,3.008362,1.014006,0.194352,1.94352,2.061399,0.044847,0.009979,1.762836,0.0,scene_3.2|scene_3.2_y02_hull_dense_y02_17p64|2556|31,scene_3.2|scene_3.2_y01_hull_dense_y01_14p63|466|22,03827bdcb59aee21d823fde398e1b09cce8a5858,11a664e2a158a60e023e00968f98eb87884118bb
scene_3_2_terminalgain_globalmax_interp_0266,family_01,266,6.541645,6.735721,0.194076,30,2,28,2.9,3.008401,3.008362,1.000013,0.194352,1.94352,2.057103,0.185629,0.060258,0.054088,0.0,scene_3.2|scene_3.2_y02_hull_dense_y02_17p64|2556|31,scene_3.2|scene_3.2_y01_hull_dense_y01_14p63|466|22,92dd146c21d39b385e45015dc7ecc46019046ffe,942e3401db70be4c3376f4b19a3df8ff4a6ea8f8
scene_3_2_terminalgain_globalmax_interp_0267,family_01,267,6.541645,6.735721,0.194076,30,2,28,2.9,3.029658,3.008362,1.007079,0.194352,1.94352,2.059009,0.326411,0.110537,1.248533,0.0,scene_3.2|scene_3.2_y02_hull_dense_y02_17p64|2556|31,scene_3.2|scene_3.2_y01_hull_dense_y01_14p63|466|22,6a4a780062b42065ccd9a3ece1ef6c888a9660f3,0276c1d73a8e45f88399fc7c9ed0b9ceae5faf36
scene_3_2_terminalgain_globalmax_interp_0268,family_01,268,6.541645,6.735721,0.194076,30,2,28,2.9,3.022975,3.008362,1.004857,0.194352,1.94352,2.058354,0.34371,0.160816,1.033096,0.0,scene_3.2|scene_3.2_y02_hull_dense_y02_17p64|2556|31,scene_3.2|scene_3.2_y01_hull_dense_y01_14p63|466|22,04ed73faf15e5be8ca19abe25fe4302fba08b005,f81047ebabb8226d48ecf5f91bb5eafd7f19fd1b
scene_3_2_terminalgain_globalmax_interp_0269,family_01,269,6.541645,6.735721,0.194076,30,2,28,2.9,3.026207,3.008362,1.005932,0.194352,1.94352,2.058695,0.202929,0.133676,1.142168,0.0,scene_3.2|scene_3.2_y02_hull_dense_y02_17p64|2556|31,scene_3.2|scene_3.2_y01_hull_dense_y01_14p63|466|22,36b8de227bd24576832b701502baa896bd8f4553,072c3462d5e7d9561fb009dbbd61420301558988
scene_3_2_terminalgain_globalmax_interp_0270,family_01,270,6.541645,6.735721,0.194076,30,2,28,2.9,3.03621,3.008362,1.009257,0.194352,1.94352,2.059729,0.062147,0.083397,1.429531,0.0,scene_3.2|scene_3.2_y02_hull_dense_y02_17p64|2556|31,scene_3.2|scene_3.2_y01_hull_dense_y01_14p63|466|22,c9c409f0356c9e3422b30a47d5d351014b42200e,ed9e6456844f4ad66dc32c01145322cc7c7253f3
scene_3_2_terminalgain_globalmax_interp_0271,family_01,271,6.541645,6.735721,0.194076,30,2,28,2.9,3.029803,3.008362,1.007127,0.194352,1.94352,2.059029,0.078635,0.033118,1.252857,0.0,scene_3.2|scene_3.2_y02_hull_dense_y02_17p64|2556|31,scene_3.2|scene_3.2_y01_hull_dense_y01_14p63|466|22,9b3d5b6ba944739a949c0f44dca3e0d429f8ecb1,a52db87ff83c3aacfa4bcca651895d963fda207a
scene_3_2_terminalgain_globalmax_interp_0272,family_01,272,6.541645,6.735721,0.194076,30,2,28,2.9,3.027984,3.008362,1.006522,0.194352,1.94352,2.058858,0.219417,0.017161,1.197929,0.0,scene_3.2|scene_3.2_y02_hull_dense_y02_17p64|2556|31,scene_3.2|scene_3.2_y01_hull_dense_y01_14p63|466|22,31c17d7c49d2c4852e48da98c9da4df054e845e3,00acd2ec2a37650e1fa13ba88380e77eb2cd0125
scene_3_2_terminalgain_globalmax_interp_0273,family_01,273,6.541645,6.735721,0.194076,30,2,28,2.9,3.039264,3.008362,1.010272,0.194352,1.94352,2.060093,0.315554,0.067441,1.506745,0.0,scene_3.2|scene_3.2_y02_hull_dense_y02_17p64|2556|31,scene_3.2|scene_3.2_y01_hull_dense_y01_14p63|466|22,6b47f0735f4528b9bd76cb9582f366937fdb9a7f,68198d97ef8f404405fe90e5cc5d23d9a9e53f74
scene_3_2_terminalgain_globalmax_interp_0274,family_01,274,6.541645,6.735721,0.194076,30,2,28,2.9,3.019585,3.008362,1.003731,0.194352,1.94352,2.058036,0.174772,0.11772,0.904732,0.0,scene_3.2|scene_3.2_y02_hull_dense_y02_17p64|2556|31,scene_3.2|scene_3.2_y01_hull_dense_y01_14p63|466|22,c7d3c2c65561e7fe592ba76d2d097635044ecf6d,83320205db8fabcd45bcb9182cd369c84c6ae72e
scene_3_2_terminalgain_globalmax_interp_0275,family_01,275,6.541645,6.735721,0.194076,30,2,28,2.9,3.012303,3.008362,1.00131,0.194352,1.94352,2.057423,0.033991,0.167999,0.535749,0.0,scene_3.2|scene_3.2_y02_hull_dense_y02_17p64|2556|31,scene_3.2|scene_3.2_y01_hull_dense_y01_14p63|466|22,713244cbd6f342a9c3b7cf2bbba1138d38798a23,f5e77ecddc1a174201eba684c06201ecf3551fa4
scene_3_2_terminalgain_globalmax_interp_0276,family_01,276,6.541645,6.735721,0.194076,30,2,28,2.9,3.039476,3.008362,1.010342,0.194352,1.94352,2.060064,0.106791,0.126494,1.511855,0.0,scene_3.2|scene_3.2_y02_hull_dense_y02_17p64|2556|31,scene_3.2|scene_3.2_y01_hull_dense_y01_14p63|466|22,de0277b7ebf17ff67309f35abea15bea84c75344,b263e8f9f4d807868550c1a59c1d228065ad7995
scene_3_2_terminalgain_globalmax_interp_0277,family_01,277,6.541645,6.735721,0.194076,30,2,28,2.9,3.023309,3.008362,1.004968,0.194352,1.94352,2.058387,0.247573,0.076214,1.044883,0.0,scene_3.2|scene_3.2_y02_hull_dense_y02_17p64|2556|31,scene_3.2|scene_3.2_y01_hull_dense_y01_14p63|466|22,c7a8d3f44eba5fe3f7cf51b4f854360148dfe3bf,1ad5e86ef14fe6fbb7ab13fee9e201bb7c514982
scene_3_2_terminalgain_globalmax_interp_0278,family_01,278,6.541645,6.735721,0.194076,30,2,28,2.9,3.016575,3.008362,1.00273,0.194352,1.94352,2.057776,0.287397,0.025935,0.77346,0.0,scene_3.2|scene_3.2_y02_hull_dense_y02_17p64|2556|31,scene_3.2|scene_3.2_y01_hull_dense_y01_14p63|466|22,6a5fa6c93919e5d0f38a5f9b7a221b1ed8800da0,6fb359c54b51f8f2ba52d8213bb5682f586bdb11
scene_3_2_terminalgain_globalmax_interp_0279,family_01,279,6.541645,6.735721,0.194076,30,2,28,2.9,3.038318,3.008362,1.009957,0.194352,1.94352,2.059937,0.146616,0.024344,1.483194,0.0,scene_3.2|scene_3.2_y02_hull_dense_y02_17p64|2556|31,scene_3.2|scene_3.2_y01_hull_dense_y01_14p63|466|22,31afca9e81eda9c04ec04d9b7bd979f8b8e64c22,898c4522a17c83d201dc178e0291fd7a2f974ee8
scene_3_2_terminalgain_globalmax_interp_0280,family_01,280,6.541645,6.735721,0.194076,30,2,28,2.9,3.0638,3.008362,1.018428,0.194352,1.94352,2.063211,0.005834,0.074623,2.026919,0.0,scene_3.2|scene_3.2_y02_hull_dense_y02_17p64|2556|31,scene_3.2|scene_3.2_y01_hull_dense_y01_14p63|466|22,3d2e9f0d7ad3405fdb7bd0d4df17ca76b92be695,26a09b975c07e3281e8fbe2d31cf16d95345d849
scene_3_2_terminalgain_globalmax_interp_0281,family_01,281,6.541645,6.735721,0.194076,30,2,28,2.9,3.037093,3.008362,1.00955,0.194352,1.94352,2.059819,0.134948,0.124903,1.452246,0.0,scene_3.2|scene_3.2_y02_hull_dense_y02_17p64|2556|31,scene_3.2|scene_3.2_y01_hull_dense_y01_14p63|466|22,910d9f1139da66372b6db51088a67778c52fb6db,a80b16ad10f4add5cc91a597c7e1532a6a4dc7f0
scene_3_2_terminalgain_globalmax_interp_0282,family_01,282,6.541645,6.735721,0.194076,30,2,28,2.9,3.01235,3.008362,1.001326,0.194352,1.94352,2.057421,0.275729,0.175182,0.538557,0.0,scene_3.2|scene_3.2_y02_hull_dense_y02_17p64|2556|31,scene_3.2|scene_3.2_y01_hull_dense_y01_14p63|466|22,9bb0fe27680616954e32a94bf4080c092dbaa752,91520191a5c8054783e4e7ea76d24f59a308e19c
scene_3_2_terminalgain_globalmax_interp_0283,family_01,283,6.541645,6.735721,0.194076,30,2,28,2.9,3.031822,3.008362,1.007798,0.194352,1.94352,2.059257,0.259241,0.175601,1.310779,0.0,scene_3.2|scene_3.2_y02_hull_dense_y02_17p64|2556|31,scene_3.2|scene_3.2_y01_hull_dense_y01_14p63|466|22,e84ab7c0f1ce08b02410e8eb1e2747231ede18ac,edbb03561f5b91593949f8e47ced57472a4a5556
scene_3_2_terminalgain_globalmax_interp_0284,family_01,284,6.541645,6.735721,0.194076,30,2,28,2.9,3.019731,3.008362,1.003779,0.194352,1.94352,2.058049,0.118459,0.125321,0.910363,0.0,scene_3.2|scene_3.2_y02_hull_dense_y02_17p64|2556|31,scene_3.2|scene_3.2_y01_hull_dense_y01_14p63|466|22,583a1e564045ea57e98d2d9d8ff6a766941608ad,9fbca0cf19dc7b634479d3390d4ac9ea9e4c898f
scene_3_2_terminalgain_globalmax_interp_0285,family_01,285,6.541645,6.735721,0.194076,30,2,28,2.9,3.031727,3.008362,1.007767,0.194352,1.94352,2.05923,0.022323,0.075042,1.308311,0.0,scene_3.2|scene_3.2_y02_hull_dense_y02_17p64|2556|31,scene_3.2|scene_3.2_y01_hull_dense_y01_14p63|466|22,79bb16bb28e8f028e1ee54ecccaf77c9941acc81,b79c9226d3284b0cb4127bb0ce896cfb75d45f46
scene_3_2_terminalgain_globalmax_interp_0286,family_01,286,6.541645,6.735721,0.194076,30,2,28,2.9,3.02136,3.008362,1.00432,0.194352,1.94352,2.05823,0.163104,0.024763,0.974009,0.0,scene_3.2|scene_3.2_y02_hull_dense_y02_17p64|2556|31,scene_3.2|scene_3.2_y01_hull_dense_y01_14p63|466|22,ddb34db63ca9b66365a84372dc04ea6ab59c355c,961ce6a06223206750069331d34ba329cd94e872
scene_3_2_terminalgain_globalmax_interp_0287,family_01,287,6.541645,6.735721,0.194076,30,2,28,2.9,3.009587,3.008362,1.000407,0.194352,1.94352,2.057192,0.303886,0.025516,0.298405,0.0,scene_3.2|scene_3.2_y02_hull_dense_y02_17p64|2556|31,scene_3.2|scene_3.2_y01_hull_dense_y01_14p63|466|22,842469fceb2167a960f9a8837ebfeca0373acd24,7bc65274b16583a0455aefb034a71b7db814d6be
scene_3_2_terminalgain_globalmax_interp_0288,family_01,288,6.541645,6.735721,0.194076,30,2,28,2.9,3.049637,3.008362,1.01372,0.194352,1.94352,2.061301,0.231084,0.075796,1.744531,0.0,scene_3.2|scene_3.2_y02_hull_dense_y02_17p64|2556|31,scene_3.2|scene_3.2_y01_hull_dense_y01_14p63|466|22,39d1dfbbed1a5fb5455c78cf30b224f647c55e65,ea8a78922256f0244949c8bd4110e9e31e9cef0c
scene_3_2_terminalgain_globalmax_interp_0289,family_01,289,6.541645,6.735721,0.194076,30,2,28,2.9,3.053081,3.008362,1.014865,0.194352,1.94352,2.061746,0.090303,0.126075,1.817115,0.0,scene_3.2|scene_3.2_y02_hull_dense_y02_17p64|2556|31,scene_3.2|scene_3.2_y01_hull_dense_y01_14p63|466|22,865ea77eebb8395411361791af2b415d4e945865,f61ef3030deee9bc4d8fa7fdf248a6b0c7d5c017
scene_3_2_terminalgain_globalmax_interp_0290,family_01,290,6.541645,6.735721,0.194076,30,2,28,2.9,3.011815,3.008362,1.001148,0.194352,1.94352,2.057372,0.050479,0.168418,0.50122,0.0,scene_3.2|scene_3.2_y02_hull_dense_y02_17p64|2556|31,scene_3.2|scene_3.2_y01_hull_dense_y01_14p63|466|22,bc856d170a4c92e824343b7fe0c5957a39f7a359,c814d897a054ddaba15309d1dd09a35c249c5eb0
scene_3_2_terminalgain_globalmax_interp_0291,family_01,291,6.541645,6.735721,0.194076,30,2,28,2.9,3.0163,3.008362,1.002638,0.194352,1.94352,2.057741,0.191261,0.118139,0.760384,0.0,scene_3.2|scene_3.2_y02_hull_dense_y02_17p64|2556|31,scene_3.2|scene_3.2_y01_hull_dense_y01_14p63|466|22,ecfaaa3a0b6f183b90858c0795b241864af2ae68,254f92d5671dd0b21c5215e38fe02a1940482bbc
scene_3_2_terminalgain_globalmax_interp_0292,family_01,292,6.541645,6.735721,0.194076,30,2,28,2.9,3.039355,3.008362,1.010302,0.194352,1.94352,2.060081,0.332042,0.067859,1.508868,0.0,scene_3.2|scene_3.2_y02_hull_dense_y02_17p64|2556|31,scene_3.2|scene_3.2_y01_hull_dense_y01_14p63|466|22,c33a479860f6ac4d68844c45d638b237c08f01df,300c7dbb975a24eb43d84ed1bb483898e2b88561
scene_3_2_terminalgain_globalmax_interp_0293,family_01,293,6.541645,6.735721,0.194076,30,2,28,2.9,3.017202,3.008362,1.002938,0.194352,1.94352,2.057825,0.338079,0.01758,0.802525,0.0,scene_3.2|scene_3.2_y02_hull_dense_y02_17p64|2556|31,scene_3.2|scene_3.2_y01_hull_dense_y01_14p63|466|22,346f400a699a3878c9c5c3a33eba358a19b908c9,51871664393c89a26afead35f330c380da34c950
scene_3_2_terminalgain_globalmax_interp_0294,family_01,294,6.541645,6.735721,0.194076,30,2,28,2.9,3.028011,3.008362,1.006531,0.194352,1.94352,2.058867,0.197297,0.032699,1.199037,0.0,scene_3.2|scene_3.2_y02_hull_dense_y02_17p64|2556|31,scene_3.2|scene_3.2_y01_hull_dense_y01_14p63|466|22,7a9b0ee9d85ffa994aa6439da000115e8fb6212b,a13ddf7e7b1fb718931616c195c4426bfad82536
scene_3_2_terminalgain_globalmax_interp_0295,family_01,295,6.541645,6.735721,0.194076,30,2,28,2.9,3.015344,3.008362,1.002321,0.194352,1.94352,2.057678,0.056515,0.082978,0.713105,0.0,scene_3.2|scene_3.2_y02_hull_dense_y02_17p64|2556|31,scene_3.2|scene_3.2_y01_hull_dense_y01_14p63|466|22,3de4391ce284f96ceac0fa329ecf9a61d0db590f,1e50da0c61c0c747e4c73b4e190141404f6b617c
scene_3_2_terminalgain_globalmax_interp_0296,family_01,296,6.541645,6.735721,0.194076,30,2,28,2.9,3.038738,3.008362,1.010097,0.194352,1.94352,2.060022,0.084266,0.133258,1.493519,0.0,scene_3.2|scene_3.2_y02_hull_dense_y02_17p64|2556|31,scene_3.2|scene_3.2_y01_hull_dense_y01_14p63|466|22,126f3239ff9a8177b075e176a47b49f71417f097,e653e0349b378d5108713b6e9c27df587ef61844
scene_3_2_terminalgain_globalmax_interp_0297,family_01,297,6.541645,6.735721,0.194076,30,2,28,2.9,3.061078,3.008362,1.017523,0.194352,1.94352,2.062827,0.225048,0.161235,1.975659,0.0,scene_3.2|scene_3.2_y02_hull_dense_y02_17p64|2556|31,scene_3.2|scene_3.2_y01_hull_dense_y01_14p63|466|22,389c8b173570e7ec77f45f17bac9ad9bbe9b346b,5a5e95a40f665d528df05b02cc2ff17f78358615
scene_3_2_terminalgain_globalmax_interp_0298,family_01,298,6.541645,6.735721,0.194076,30,2,28,2.9,3.030428,3.008362,1.007335,0.194352,1.94352,2.059129,0.309922,0.110956,1.270903,0.0,scene_3.2|scene_3.2_y02_hull_dense_y02_17p64|2556|31,scene_3.2|scene_3.2_y01_hull_dense_y01_14p63|466|22,5ccfc46b3c224ac5c38f9d4bd2ece6b582c9a7fa,01b2fecde75e9665f9da165ddb085515e2a93950
scene_3_2_terminalgain_globalmax_interp_0299,family_01,299,6.541645,6.735721,0.194076,30,2,28,2.9,3.016649,3.008362,1.002755,0.194352,1.94352,2.057788,0.169141,0.060677,0.777138,0.0,scene_3.2|scene_3.2_y02_hull_dense_y02_17p64|2556|31,scene_3.2|scene_3.2_y01_hull_dense_y01_14p63|466|22,66a4e93debdcb88a6bb02fd67778d127691bc58c,66f433ea267d94bf43fe7f4af26f64b461fc5c37
scene_3_2_terminalgain_globalmax_interp_0300,family_01,300,6.541645,6.735721,0.194076,30,2,28,2.9,3.024244,3.008362,1.005279,0.194352,1.94352,2.058476,0.028359,0.010397,1.077081,0.0,scene_3.2|scene_3.2_y02_hull_dense_y02_17p64|2556|31,scene_3.2|scene_3.2_y01_hull_dense_y01_14p63|466|22,239ca70acbc4f9851d0827c0b12755c75d26286d,0101e61950339e40c3b23390be205276f8110b3b
scene_3_2_terminalgain_globalmax_interp_0301,family_01,301,6.541645,6.735721,0.194076,30,2,28,2.9,3.037012,3.008362,1.009523,0.194352,1.94352,2.059826,0.112423,0.039882,1.450047,0.0,scene_3.2|scene_3.2_y02_hull_dense_y02_17p64|2556|31,scene_3.2|scene_3.2_y01_hull_dense_y01_14p63|466|22,29866d1373f3e4d22e90b7158da8e54a74e578f1,13daed0e1eeefc51984c76f80e883612de572b14
scene_3_2_terminalgain_globalmax_interp_0302,family_01,302,6.541645,6.735721,0.194076,30,2,28,2.9,3.010659,3.008362,1.000763,0.194352,1.94352,2.057282,0.253204,0.090161,0.408697,0.0,scene_3.2|scene_3.2_y02_hull_dense_y02_17p64|2556|31,scene_3.2|scene_3.2_y01_hull_dense_y01_14p63|466|22,5924275487485f4803956bbb2839756e383bf71f,b5b94281b54bc0afd937624ce1159f84695448af
scene_3_2_terminalgain_globalmax_interp_0303,family_01,303,6.541645,6.735721,0.194076,30,2,28,2.9,3.025987,3.008362,1.005858,0.194352,1.94352,2.058657,0.281767,0.14044,1.135122,0.0,scene_3.2|scene_3.2_y02_hull_dense_y02_17p64|2556|31,scene_3.2|scene_3.2_y01_hull_dense_y01_14p63|466|22,02ac0dda53f42c441c566e4c4e4657945953580d,0b82c8bc61e7de3caba1ce046c98ca422d6623a1
scene_3_2_terminalgain_globalmax_interp_0304,family_01,304,6.541645,6.735721,0.194076,30,2,28,2.9,3.031555,3.008362,1.00771,0.194352,1.94352,2.059212,0.140984,0.154052,1.303518,0.0,scene_3.2|scene_3.2_y02_hull_dense_y02_17p64|2556|31,scene_3.2|scene_3.2_y01_hull_dense_y01_14p63|466|22,9bcd8dfcc68ed56a925b14590dbb711ec12fadba,ea8f512c7d361afa4613f2f30937f8ba58f57a2e
scene_3_2_terminalgain_globalmax_interp_0305,family_01,305,6.541645,6.735721,0.194076,30,2,28,2.9,3.033578,3.008362,1.008382,0.194352,1.94352,2.059427,0.000203,0.103773,1.359584,0.0,scene_3.2|scene_3.2_y02_hull_dense_y02_17p64|2556|31,scene_3.2|scene_3.2_y01_hull_dense_y01_14p63|466|22,c2bb4c2a54fd34f684cae5d4dc586f7e6332f87b,781b27e3c17f623475f080360bbce6c0a8d66d81
scene_3_2_terminalgain_globalmax_interp_0306,family_01,306,6.541645,6.735721,0.194076,30,2,28,2.9,3.036243,3.008362,1.009268,0.194352,1.94352,2.059729,0.140579,0.053494,1.430334,0.0,scene_3.2|scene_3.2_y02_hull_dense_y02_17p64|2556|31,scene_3.2|scene_3.2_y01_hull_dense_y01_14p63|466|22,22e2ece15686119cf180afea76c38d1168804c27,f2f004b8b25fb2f402d9bc156775595bd95eb544
scene_3_2_terminalgain_globalmax_interp_0307,family_01,307,6.541645,6.735721,0.194076,30,2,28,2.9,3.041244,3.008362,1.01093,0.194352,1.94352,2.060284,0.281361,0.003215,1.554612,0.0,scene_3.2|scene_3.2_y02_hull_dense_y02_17p64|2556|31,scene_3.2|scene_3.2_y01_hull_dense_y01_14p63|466|22,dc539b5e57989cf350265bd153232b509e2786a5,035869b04e55817287c7a04eb026c517a723f062
scene_3_2_terminalgain_globalmax_interp_0308,family_01,308,6.541645,6.735721,0.194076,30,2,28,2.9,3.023983,3.008362,1.005192,0.194352,1.94352,2.058481,0.25361,0.047065,1.068324,0.0,scene_3.2|scene_3.2_y02_hull_dense_y02_17p64|2556|31,scene_3.2|scene_3.2_y01_hull_dense_y01_14p63|466|22,4ab17b36c042c04229898bfc7b584046cfa686cb,14e48ccbb67bdb2f2afcee644d5f1e2769fae3f9
scene_3_2_terminalgain_globalmax_interp_0309,family_01,309,6.541645,6.735721,0.194076,30,2,28,2.9,3.024178,3.008362,1.005257,0.194352,1.94352,2.058473,0.112828,0.097344,1.074997,0.0,scene_3.2|scene_3.2_y02_hull_dense_y02_17p64|2556|31,scene_3.2|scene_3.2_y01_hull_dense_y01_14p63|466|22,7de8aa329bfd5067150f0db4a55ac2eeae3949eb,6af901b24eaa8dc8ed4971c853d273e9421738fa
scene_3_2_terminalgain_globalmax_interp_0310,family_01,310,6.541645,6.735721,0.194076,30,2,28,2.9,3.030316,3.008362,1.007297,0.194352,1.94352,2.0591,0.027953,0.147623,1.26802,0.0,scene_3.2|scene_3.2_y02_hull_dense_y02_17p64|2556|31,scene_3.2|scene_3.2_y01_hull_dense_y01_14p63|466|22,a46cde58707c95b15e33dad74560c91f9b14682b,472bd48cc1f449d698fd4408c83ae5f10f97d39b
scene_3_2_terminalgain_globalmax_interp_0311,family_01,311,6.541645,6.735721,0.194076,30,2,28,2.9,3.008915,3.008362,1.000184,0.194352,1.94352,2.057145,0.168735,0.14687,0.200708,0.0,scene_3.2|scene_3.2_y02_hull_dense_y02_17p64|2556|31,scene_3.2|scene_3.2_y01_hull_dense_y01_14p63|466|22,82bbb3dee3328665073566ff46939413768940ad,eb91aa0108b249834658857ee735377587c027aa
scene_3_2_terminalgain_globalmax_interp_0312,family_01,312,6.541645,6.735721,0.194076,30,2,28,2.9,3.043805,3.008362,1.011781,0.194352,1.94352,2.060588,0.309518,0.09659,1.614861,0.0,scene_3.2|scene_3.2_y02_hull_dense_y02_17p64|2556|31,scene_3.2|scene_3.2_y01_hull_dense_y01_14p63|466|22,cc5d77fff9a8a257db310f2084d34e89d6dfe826,f6913b5e9f2fa912428ad444c2c550336488f051
scene_3_2_terminalgain_globalmax_interp_0313,family_01,313,6.541645,6.735721,0.194076,30,2,28,2.9,3.043079,3.008362,1.01154,0.194352,1.94352,2.060507,0.225454,0.046311,1.59793,0.0,scene_3.2|scene_3.2_y02_hull_dense_y02_17p64|2556|31,scene_3.2|scene_3.2_y01_hull_dense_y01_14p63|466|22,2c0d716a6ddf0febe6cf1bade1e4810dcd4e741a,38653a50c04331bdfb6ff8583b46f50d3765ea5c
scene_3_2_terminalgain_globalmax_interp_0314,family_01,314,6.541645,6.735721,0.194076,30,2,28,2.9,3.009229,3.008362,1.000288,0.194352,1.94352,2.057173,0.084672,0.003968,0.251169,0.0,scene_3.2|scene_3.2_y02_hull_dense_y02_17p64|2556|31,scene_3.2|scene_3.2_y01_hull_dense_y01_14p63|466|22,c39d9431ff4c0b5c76f574981e439a255637559e,0acd57caaf7223ce56aaaa4f9aa4a2f056a56e07
scene_3_2_terminalgain_globalmax_interp_0315,family_01,315,6.541645,6.735721,0.194076,30,2,28,2.9,3.034444,3.008362,1.00867,0.194352,1.94352,2.059555,0.05611,0.054247,1.38322,0.0,scene_3.2|scene_3.2_y02_hull_dense_y02_17p64|2556|31,scene_3.2|scene_3.2_y01_hull_dense_y01_14p63|466|22,0faa3d8846f20c786654dde374138cbf30953a78,772d3d90bb57859372eb6a16c303ad0e0ab3a5c0
scene_3_2_terminalgain_globalmax_interp_0316,family_01,316,6.541645,6.735721,0.194076,30,2,28,2.9,3.04335,3.008362,1.01163,0.194352,1.94352,2.060546,0.196891,0.104527,1.604575,0.0,scene_3.2|scene_3.2_y02_hull_dense_y02_17p64|2556|31,scene_3.2|scene_3.2_y01_hull_dense_y01_14p63|466|22,e1139e20d16c487cc54a6a02ae6516d59725ff80,2ce6f6ce04bb648e16a91d3f376b3b472c5c085c
scene_3_2_terminalgain_globalmax_interp_0317,family_01,317,6.541645,6.735721,0.194076,30,2,28,2.9,3.024005,3.008362,1.0052,0.194352,1.94352,2.058462,0.337673,0.154806,1.068871,0.0,scene_3.2|scene_3.2_y02_hull_dense_y02_17p64|2556|31,scene_3.2|scene_3.2_y01_hull_dense_y01_14p63|466|22,8accb5c88101f71006a2c712e963d86c42af99b7,501fa7587f0908d55edf5354ad11b244d7d6b7da
scene_3_2_terminalgain_globalmax_interp_0318,family_01,318,6.541645,6.735721,0.194076,30,2,28,2.9,3.017878,3.008362,1.003163,0.194352,1.94352,2.057894,0.332448,0.139687,0.832789,0.0,scene_3.2|scene_3.2_y02_hull_dense_y02_17p64|2556|31,scene_3.2|scene_3.2_y01_hull_dense_y01_14p63|466|22,7456d3fc2717d32989eb5fc6082c5f0aa8cdd36c,53f379770197e5b9171d72383924317d94edd3a0
scene_3_2_terminalgain_globalmax_interp_0319,family_01,319,6.541645,6.735721,0.194076,30,2,28,2.9,3.023243,3.008362,1.004946,0.194352,1.94352,2.058386,0.191666,0.089408,1.042332,0.0,scene_3.2|scene_3.2_y02_hull_dense_y02_17p64|2556|31,scene_3.2|scene_3.2_y01_hull_dense_y01_14p63|466|22,9320bc5f27abed375137c355c9d74d34cd5a9c9f,fcf386c37689c6ca5530c3a1f0780138324f6cf2
scene_3_2_terminalgain_globalmax_interp_0320,family_01,320,6.541645,6.735721,0.194076,30,2,28,2.9,3.029767,3.008362,1.007115,0.194352,1.94352,2.059032,0.050884,0.039128,1.251925,0.0,scene_3.2|scene_3.2_y02_hull_dense_y02_17p64|2556|31,scene_3.2|scene_3.2_y01_hull_dense_y01_14p63|466|22,0808bef3c3fe7beb6cd6fe940be968943da36b1b,6e45329732abb78d09c81e01cfe1fde63b5efae6
scene_3_2_terminalgain_globalmax_interp_0321,family_01,321,6.541645,6.735721,0.194076,30,2,28,2.9,3.041745,3.008362,1.011097,0.194352,1.94352,2.060333,0.089898,0.011151,1.566852,0.0,scene_3.2|scene_3.2_y02_hull_dense_y02_17p64|2556|31,scene_3.2|scene_3.2_y01_hull_dense_y01_14p63|466|22,9044af24c571d5503d4392ea15085974d11a1f95,667809572d64c72fa78f2bd5e20bb960dc773976
scene_3_2_terminalgain_globalmax_interp_0322,family_01,322,6.541645,6.735721,0.194076,30,2,28,2.9,3.015904,3.008362,1.002507,0.194352,1.94352,2.057706,0.23068,0.06143,0.74128,0.0,scene_3.2|scene_3.2_y02_hull_dense_y02_17p64|2556|31,scene_3.2|scene_3.2_y01_hull_dense_y01_14p63|466|22,6b0ef36f1bc385ff0c99a595b0f355845854d459,2ec63ea786b9e27c387311af9d43ffb626e4ca56
scene_3_2_terminalgain_globalmax_interp_0323,family_01,323,6.541645,6.735721,0.194076,30,2,28,2.9,3.012639,3.008362,1.001422,0.194352,1.94352,2.057431,0.304291,0.111709,0.55792,0.0,scene_3.2|scene_3.2_y02_hull_dense_y02_17p64|2556|31,scene_3.2|scene_3.2_y01_hull_dense_y01_14p63|466|22,144ea8bd6bf83efeb4bfbde8c4a65c9fa7d059df,1f606138ce9c4c00e67960b5b021e14d5bee1853
scene_3_2_terminalgain_globalmax_interp_0324,family_01,324,6.541645,6.735721,0.194076,30,2,28,2.9,3.048044,3.008362,1.01319,0.194352,1.94352,2.061097,0.16351,0.161989,1.709939,0.0,scene_3.2|scene_3.2_y02_hull_dense_y02_17p64|2556|31,scene_3.2|scene_3.2_y01_hull_dense_y01_14p63|466|22,78f173f35fcb75a0557048c0f9f8d1a560113088,a0764f1908c2776a9d9752d9411ac1aafc8f0c64
scene_3_2_terminalgain_globalmax_interp_0325,family_01,325,6.541645,6.735721,0.194076,30,2,28,2.9,3.038352,3.008362,1.009969,0.194352,1.94352,2.059951,0.022728,0.132504,1.484198,0.0,scene_3.2|scene_3.2_y02_hull_dense_y02_17p64|2556|31,scene_3.2|scene_3.2_y01_hull_dense_y01_14p63|466|22,2f125f0a8d788938569a27259a3a64978b33c2b3,64a74ba5a0ac29a1b1239287517e6625495cb086
scene_3_2_terminalgain_globalmax_interp_0326,family_01,326,6.541645,6.735721,0.194076,30,2,28,2.9,3.015519,3.008362,1.002379,0.194352,1.94352,2.057683,0.118054,0.082225,0.721851,0.0,scene_3.2|scene_3.2_y02_hull_dense_y02_17p64|2556|31,scene_3.2|scene_3.2_y01_hull_dense_y01_14p63|466|22,8dd1d1c884d65bf9376a67d13d727c49f0aaa3b7,95df15e0f40aebd005e3be8c87275a1cbeb13bbb
scene_3_2_terminalgain_globalmax_interp_0327,family_01,327,6.541645,6.735721,0.194076,30,2,28,2.9,3.016789,3.008362,1.002801,0.194352,1.94352,2.057786,0.258835,0.031946,0.783515,0.0,scene_3.2|scene_3.2_y02_hull_dense_y02_17p64|2556|31,scene_3.2|scene_3.2_y01_hull_dense_y01_14p63|466|22,dda637211a043562ea36426dcdaa4e295ff7ea91,17874da1cd7a98855ba9dccd0fa860fa3ba4e0e0
scene_3_2_terminalgain_globalmax_interp_0328,family_01,328,6.541645,6.735721,0.194076,30,2,28,2.9,3.047464,3.008362,1.012998,0.194352,1.94352,2.061047,0.276135,0.018334,1.697225,0.0,scene_3.2|scene_3.2_y02_hull_dense_y02_17p64|2556|31,scene_3.2|scene_3.2_y01_hull_dense_y01_14p63|466|22,561607b0d25f1aae86ce63dd60aed36d28fe3ff4,137bf2a499e610a300d7f87d965155912796a0e0
scene_3_2_terminalgain_globalmax_interp_0329,family_01,329,6.541645,6.735721,0.194076,30,2,28,2.9,3.036726,3.008362,1.009428,0.194352,1.94352,2.059787,0.135353,0.068613,1.442844,0.0,scene_3.2|scene_3.2_y02_hull_dense_y02_17p64|2556|31,scene_3.2|scene_3.2_y01_hull_dense_y01_14p63|466|22,a03d86bffeac0272ca93aefdd63bd282ed109bfb,9daf7c4e7947ad922d6a014ecb3531eccfb7900b
scene_3_2_terminalgain_globalmax_interp_0330,family_01,330,6.541645,6.735721,0.194076,30,2,28,2.9,3.025475,3.008362,1.005688,0.194352,1.94352,2.058617,0.005428,0.118892,1.118563,0.0,scene_3.2|scene_3.2_y02_hull_dense_y02_17p64|2556|31,scene_3.2|scene_3.2_y01_hull_dense_y01_14p63|466|22,8fb11cf16213c80f7db12c4bd3f75168e882469b,124c7e19e7e27035d16b5e243234ec208c2758df
scene_3_2_terminalgain_globalmax_interp_0331,family_01,331,6.541645,6.735721,0.194076,30,2,28,2.9,3.019107,3.008362,1.003571,0.194352,1.94352,2.058005,0.14621,0.169171,0.885257,0.0,scene_3.2|scene_3.2_y02_hull_dense_y02_17p64|2556|31,scene_3.2|scene_3.2_y01_hull_dense_y01_14p63|466|22,99ad815885c49698afafcd8c050703b8002aa4df,dcf92e199e39211829a563cb39c463d47fbf8876
scene_3_2_terminalgain_globalmax_interp_0332,family_01,332,6.541645,6.735721,0.194076,30,2,28,2.9,3.020449,3.008362,1.004017,0.194352,1.94352,2.058113,0.286992,0.174574,0.939114,0.0,scene_3.2|scene_3.2_y02_hull_dense_y02_17p64|2556|31,scene_3.2|scene_3.2_y01_hull_dense_y01_14p63|466|22,2fb5d92577319d1c00ea727e30d9fe9c98ac311b,fc57aa4bf798e5f7cb28aed208d933d7eec10cd8
scene_3_2_terminalgain_globalmax_interp_0333,family_01,333,6.541645,6.735721,0.194076,30,2,28,2.9,3.052161,3.008362,1.014559,0.194352,1.94352,2.06165,0.247978,0.124294,1.797813,0.0,scene_3.2|scene_3.2_y02_hull_dense_y02_17p64|2556|31,scene_3.2|scene_3.2_y01_hull_dense_y01_14p63|466|22,cdeb8dda82a8a61d735ddf7b5e363c7c0a9744e3,9709500fba3ccaaa261382ac543458dab5c7e5a6
scene_3_2_terminalgain_globalmax_interp_0334,family_01,334,6.541645,6.735721,0.194076,30,2,28,2.9,3.038567,3.008362,1.01004,0.194352,1.94352,2.060013,0.107197,0.074016,1.489354,0.0,scene_3.2|scene_3.2_y02_hull_dense_y02_17p64|2556|31,scene_3.2|scene_3.2_y01_hull_dense_y01_14p63|466|22,aebb46179c1ee0466900f70f4d4c584dbd6012eb,99284ef621943472bf15bb4e46ff5ea957eb7cc0
scene_3_2_terminalgain_globalmax_interp_0335,family_01,335,6.541645,6.735721,0.194076,30,2,28,2.9,3.011996,3.008362,1.001208,0.194352,1.94352,2.057394,0.033585,0.023737,0.514059,0.0,scene_3.2|scene_3.2_y02_hull_dense_y02_17p64|2556|31,scene_3.2|scene_3.2_y01_hull_dense_y01_14p63|466|22,3ba239664814918dfd790af8af958b908a64d25b,b2e886d95c86db2f5629881e885967d2aa83cdaa
scene_3_2_terminalgain_globalmax_interp_0336,family_01,336,6.541645,6.735721,0.194076,30,2,28,2.9,3.032972,3.008362,1.00818,0.194352,1.94352,2.059386,0.174367,0.026542,1.343053,0.0,scene_3.2|scene_3.2_y02_hull_dense_y02_17p64|2556|31,scene_3.2|scene_3.2_y01_hull_dense_y01_14p63|466|22,3d08a3138e57a41a0925bccc79b1e247a3b8c205,59cd299e94a1420aac5369f817786aa723b5e6e0
scene_3_2_terminalgain_globalmax_interp_0337,family_01,337,6.541645,6.735721,0.194076,30,2,28,2.9,3.045546,3.008362,1.01236,0.194352,1.94352,2.060789,0.315148,0.076822,1.654489,0.0,scene_3.2|scene_3.2_y02_hull_dense_y02_17p64|2556|31,scene_3.2|scene_3.2_y01_hull_dense_y01_14p63|466|22,1d0decfb5ef3f5b4686dc9ff627a405bd7f6a24b,65c38de06c891d0073987321c80a83e526f3f9f2
scene_3_2_terminalgain_globalmax_interp_0338,family_01,338,6.541645,6.735721,0.194076,30,2,28,2.9,3.009379,3.008362,1.000338,0.194352,1.94352,2.057176,0.219822,0.127101,0.271972,0.0,scene_3.2|scene_3.2_y02_hull_dense_y02_17p64|2556|31,scene_3.2|scene_3.2_y01_hull_dense_y01_14p63|466|22,7455649c2a8cfc909757c105bacb0f76c4dace12,d666f630207ec52124d0dd22861146d91ec29433
scene_3_2_terminalgain_globalmax_interp_0339,family_01,339,6.541645,6.735721,0.194076,30,2,28,2.9,3.023545,3.008362,1.005047,0.194352,1.94352,2.058429,0.07904,0.167391,1.053205,0.0,scene_3.2|scene_3.2_y02_hull_dense_y02_17p64|2556|31,scene_3.2|scene_3.2_y01_hull_dense_y01_14p63|466|22,c17e859801233e75b0062532b65a5ebf0e8dec82,0d04d3d505f6955fea15c0f82eebf88151850bed
scene_3_2_terminalgain_globalmax_interp_0340,family_01,340,6.541645,6.735721,0.194076,30,2,28,2.9,3.030112,3.008362,1.00723,0.194352,1.94352,2.059065,0.061741,0.117113,1.262021,0.0,scene_3.2|scene_3.2_y02_hull_dense_y02_17p64|2556|31,scene_3.2|scene_3.2_y01_hull_dense_y01_14p63|466|22,d7fa6e0a9160c7e9ba709a2477842ad130857410,17f767e90ebb63c8aae888f96ec23c84264ebaf6
scene_3_2_terminalgain_globalmax_interp_0341,family_01,341,6.541645,6.735721,0.194076,30,2,28,2.9,3.019711,3.008362,1.003772,0.194352,1.94352,2.058054,0.202523,0.066833,0.909721,0.0,scene_3.2|scene_3.2_y02_hull_dense_y02_17p64|2556|31,scene_3.2|scene_3.2_y01_hull_dense_y01_14p63|466|22,08cf29d6bc1e9cbf360c74d781fe8d15160e5cfd,435daf7fa865ed11da65f22c6aee62843ee60075
scene_3_2_terminalgain_globalmax_interp_0342,family_01,342,6.541645,6.735721,0.194076,30,2,28,2.9,3.03573,3.008362,1.009097,0.194352,1.94352,2.059691,0.343305,0.016554,1.417003,0.0,scene_3.2|scene_3.2_y02_hull_dense_y02_17p64|2556|31,scene_3.2|scene_3.2_y01_hull_dense_y01_14p63|466|22,19d117d89289c4821a724ef848402d72ca926dd1,51eb32b8e9711a74ec9432b8e497cfd7e5bdc5bf
scene_3_2_terminalgain_globalmax_interp_0343,family_01,343,6.541645,6.735721,0.194076,30,2,28,2.9,3.031908,3.008362,1.007827,0.194352,1.94352,2.059257,0.326816,0.033725,1.313361,0.0,scene_3.2|scene_3.2_y02_hull_dense_y02_17p64|2556|31,scene_3.2|scene_3.2_y01_hull_dense_y01_14p63|466|22,3172c7e4b09938d45324518f24f7c6c1ee4a5d93,d26f733da32d4916923513c84521e6312f216803
scene_3_2_terminalgain_globalmax_interp_0344,family_01,344,6.541645,6.735721,0.194076,30,2,28,2.9,3.036057,3.008362,1.009206,0.194352,1.94352,2.059693,0.186035,0.084004,1.425671,0.0,scene_3.2|scene_3.2_y02_hull_dense_y02_17p64|2556|31,scene_3.2|scene_3.2_y01_hull_dense_y01_14p63|466|22,83a70cd209eaac5ed4f2b59a09b3ef18dc9bccb5,e8f1299e2d5e75aea600ca1f9bb218ef1abb6aeb
scene_3_2_terminalgain_globalmax_interp_0345,family_01,345,6.541645,6.735721,0.194076,30,2,28,2.9,3.039736,3.008362,1.010429,0.194352,1.94352,2.060129,0.045253,0.134284,1.518385,0.0,scene_3.2|scene_3.2_y02_hull_dense_y02_17p64|2556|31,scene_3.2|scene_3.2_y01_hull_dense_y01_14p63|466|22,9c72a898466d0e884563332b012613c22756479c,5400cb9ae236f7ec5c1b448541cd84b8221d1852
scene_3_2_terminalgain_globalmax_interp_0346,family_01,346,6.541645,6.735721,0.194076,30,2,28,2.9,3.0217,3.008362,1.004434,0.194352,1.94352,2.058258,0.095529,0.160208,0.986678,0.0,scene_3.2|scene_3.2_y02_hull_dense_y02_17p64|2556|31,scene_3.2|scene_3.2_y01_hull_dense_y01_14p63|466|22,0626289c14ea665ccff0f15043bbc3ea69e7376f,1c4bafba33565f962db7fe508c26d389821b9b2c
scene_3_2_terminalgain_globalmax_interp_0347,family_01,347,6.541645,6.735721,0.194076,30,2,28,2.9,3.01315,3.008362,1.001591,0.194352,1.94352,2.057488,0.23631,0.10993,0.590293,0.0,scene_3.2|scene_3.2_y02_hull_dense_y02_17p64|2556|31,scene_3.2|scene_3.2_y01_hull_dense_y01_14p63|466|22,4a8cf449d45a8deca32352d89ad7ec5fa2037e1a,c3e3de9c5caf9fe60eca848e81b45889cd7ee65a
scene_3_2_terminalgain_globalmax_interp_0348,family_01,348,6.541645,6.735721,0.194076,30,2,28,2.9,3.034725,3.008362,1.008763,0.194352,1.94352,2.05955,0.29866,0.059651,1.390265,0.0,scene_3.2|scene_3.2_y02_hull_dense_y02_17p64|2556|31,scene_3.2|scene_3.2_y01_hull_dense_y01_14p63|466|22,1da56bc6873f7f5cb64704f1561070d86604a70d,bd1882bb4890269dc22f8eca37e76af1bcc528a9
scene_3_2_terminalgain_globalmax_interp_0349,family_01,349,6.541645,6.735721,0.194076,30,2,28,2.9,3.026691,3.008362,1.006092,0.194352,1.94352,2.05871,0.157878,0.009371,1.157501,0.0,scene_3.2|scene_3.2_y02_hull_dense_y02_17p64|2556|31,scene_3.2|scene_3.2_y01_hull_dense_y01_14p63|466|22,846e2cc1c9eb79fbb3ec88e15e8ca48982c5e918,6f87ae42dedd2c04ef7980618acc0632226a0748
scene_3_2_terminalgain_globalmax_interp_0350,family_01,350,6.541645,6.735721,0.194076,30,2,28,2.9,3.014308,3.008362,1.001976,0.194352,1.94352,2.057592,0.017096,0.040908,0.657768,0.0,scene_3.2|scene_3.2_y02_hull_dense_y02_17p64|2556|31,scene_3.2|scene_3.2_y01_hull_dense_y01_14p63|466|22,4ec547078ca0b0eb6292ad2a8540f48557d83ee3,fb24e5706fda93150d9c5bbea80ab7929682f0f3
scene_3_2_terminalgain_globalmax_interp_0351,family_01,351,6.541645,6.735721,0.194076,30,2,28,2.9,3.034828,3.008362,1.008797,0.194352,1.94352,2.059597,0.123685,0.091187,1.393308,0.0,scene_3.2|scene_3.2_y02_hull_dense_y02_17p64|2556|31,scene_3.2|scene_3.2_y01_hull_dense_y01_14p63|466|22,4d411c2a742027fa737d16a8a78ddb00700debcd,9705c7ebf52e708284332bf43807fa0f656f6dc4
scene_3_2_terminalgain_globalmax_interp_0352,family_01,352,6.541645,6.735721,0.194076,30,2,28,2.9,3.050628,3.008362,1.01405,0.194352,1.94352,2.061451,0.264467,0.141466,1.765816,0.0,scene_3.2|scene_3.2_y02_hull_dense_y02_17p64|2556|31,scene_3.2|scene_3.2_y01_hull_dense_y01_14p63|466|22,a8e94ee74a9157a2679c48309468040f79be8b29,d0c7217ffe6c6f44a06e75e9e3fef79c8c168890
scene_3_2_terminalgain_globalmax_interp_0353,family_01,353,6.541645,6.735721,0.194076,30,2,28,2.9,3.027111,3.008362,1.006232,0.194352,1.94352,2.058763,0.270503,0.153025,1.170974,0.0,scene_3.2|scene_3.2_y02_hull_dense_y02_17p64|2556|31,scene_3.2|scene_3.2_y01_hull_dense_y01_14p63|466|22,acd9462ddfcae22ed804b344ee8f841fdcf82750,906e28e0c2067fc3533c193a87077147918bef81
scene_3_2_terminalgain_globalmax_interp_0354,family_01,354,6.541645,6.735721,0.194076,30,2,28,2.9,3.01926,3.008362,1.003622,0.194352,1.94352,2.058025,0.129722,0.102747,0.89144,0.0,scene_3.2|scene_3.2_y02_hull_dense_y02_17p64|2556|31,scene_3.2|scene_3.2_y01_hull_dense_y01_14p63|466|22,d4d5ff30547cb26b1f7a8350807c6f045d21f80f,74b18dffd163cca88e0c128003bb51bb5520a0a2
scene_3_2_terminalgain_globalmax_interp_0355,family_01,355,6.541645,6.735721,0.194076,30,2,28,2.9,3.020712,3.008362,1.004105,0.194352,1.94352,2.058152,0.01106,0.052468,0.949457,0.0,scene_3.2|scene_3.2_y02_hull_dense_y02_17p64|2556|31,scene_3.2|scene_3.2_y01_hull_dense_y01_14p63|466|22,efad68b2a4da97f7347bc7a5bf71ea6d73c7935f,d3a49a3f021b0853374d878523d53f3d68c16f6f
scene_3_2_terminalgain_globalmax_interp_0356,family_01,356,6.541645,6.735721,0.194076,30,2,28,2.9,3.025519,3.008362,1.005703,0.194352,1.94352,2.05861,0.151842,0.002189,1.119921,0.0,scene_3.2|scene_3.2_y02_hull_dense_y02_17p64|2556|31,scene_3.2|scene_3.2_y01_hull_dense_y01_14p63|466|22,20c36c81f29343a43fb5dd02fbdadf7b5457dade,72aee5e4b7040afd925776ca210adac7598e41b0
scene_3_2_terminalgain_globalmax_interp_0357,family_01,357,6.541645,6.735721,0.194076,30,2,28,2.9,3.034749,3.008362,1.008771,0.194352,1.94352,2.059544,0.292623,0.048091,1.391081,0.0,scene_3.2|scene_3.2_y02_hull_dense_y02_17p64|2556|31,scene_3.2|scene_3.2_y01_hull_dense_y01_14p63|466|22,47574444a82776a75cdef616183e0df171bd65f8,74d3549c7dc23059e62bc04f517493c0d12fe3ae
scene_3_2_terminalgain_globalmax_interp_0358,family_01,358,6.541645,6.735721,0.194076,30,2,28,2.9,3.019501,3.008362,1.003703,0.194352,1.94352,2.058024,0.242348,0.09837,0.901357,0.0,scene_3.2|scene_3.2_y02_hull_dense_y02_17p64|2556|31,scene_3.2|scene_3.2_y01_hull_dense_y01_14p63|466|22,2a65eab739d931f3ac097577a4c92a4f6e3219b5,a919624698b51ad86d6f299bbce16443816d4b16
scene_3_2_terminalgain_globalmax_interp_0359,family_01,359,6.541645,6.735721,0.194076,30,2,28,2.9,3.011565,3.008362,1.001065,0.194352,1.94352,2.057347,0.101566,0.148649,0.482965,0.0,scene_3.2|scene_3.2_y02_hull_dense_y02_17p64|2556|31,scene_3.2|scene_3.2_y01_hull_dense_y01_14p63|466|22,13b6156b2e61625fa7f4b643a1774ed4826acdcd,fbb301217fb47a369b4f37b8f3d4dc464fee99d6
scene_3_2_terminalgain_globalmax_interp_0360,family_01,360,6.541645,6.735721,0.194076,30,2,28,2.9,3.068027,3.008362,1.019833,0.194352,1.94352,2.063782,0.039217,0.145843,2.104233,0.0,scene_3.2|scene_3.2_y02_hull_dense_y02_17p64|2556|31,scene_3.2|scene_3.2_y01_hull_dense_y01_14p63|466|22,e49326f9cf452cc85f2d768139f7be7df9edcf06,44a10ac736bf3b1347401a6683f25f41a5ca887e
scene_3_2_terminalgain_globalmax_interp_0361,family_01,361,6.541645,6.735721,0.194076,30,2,28,2.9,3.068154,3.008362,1.019875,0.194352,1.94352,2.063818,0.179998,0.095564,2.106573,0.0,scene_3.2|scene_3.2_y02_hull_dense_y02_17p64|2556|31,scene_3.2|scene_3.2_y01_hull_dense_y01_14p63|466|22,a6a40cbbb6a4c012dae6597fa07c7648f4f1389d,8620e51946b127f8a63e7191531b4027ed0e590e
scene_3_2_terminalgain_globalmax_interp_0362,family_01,362,6.541645,6.735721,0.194076,30,2,28,2.9,3.011472,3.008362,1.001034,0.194352,1.94352,2.057344,0.32078,0.045285,0.475465,0.0,scene_3.2|scene_3.2_y02_hull_dense_y02_17p64|2556|31,scene_3.2|scene_3.2_y01_hull_dense_y01_14p63|466|22,f8516b5d7a2ab84eeb4c5fc91989e786bf7004ea,b41f18d1211b6f94bad37ace11a86f590ce9d673
scene_3_2_terminalgain_globalmax_interp_0363,family_01,363,6.541645,6.735721,0.194076,30,2,28,2.9,3.019799,3.008362,1.003802,0.194352,1.94352,2.058064,0.214191,0.004994,0.913325,0.0,scene_3.2|scene_3.2_y02_hull_dense_y02_17p64|2556|31,scene_3.2|scene_3.2_y01_hull_dense_y01_14p63|466|22,64cb3ca82942f5657ec73e2a5af3fea9be2ebfbe,7d28e0301b87214ba88646bde571af4de61e7d09
scene_3_2_terminalgain_globalmax_interp_0364,family_01,364,6.541645,6.735721,0.194076,30,2,28,2.9,3.034332,3.008362,1.008632,0.194352,1.94352,2.059509,0.073409,0.055273,1.380008,0.0,scene_3.2|scene_3.2_y02_hull_dense_y02_17p64|2556|31,scene_3.2|scene_3.2_y01_hull_dense_y01_14p63|466|22,180153bf9d048eeaeaf52011e26475999a8b4f15,de9301e58b38d1c842df4c34668f6463593cfc25
scene_3_2_terminalgain_globalmax_interp_0365,family_01,365,6.541645,6.735721,0.194076,30,2,28,2.9,3.025794,3.008362,1.005794,0.194352,1.94352,2.058639,0.067372,0.105553,1.129084,0.0,scene_3.2|scene_3.2_y02_hull_dense_y02_17p64|2556|31,scene_3.2|scene_3.2_y01_hull_dense_y01_14p63|466|22,096a16af4b3a00141c4d8cef7467d168b3f1990f,d73d514695b88cbe2c0a65cf8148525439ea573a
scene_3_2_terminalgain_globalmax_interp_0366,family_01,366,6.541645,6.735721,0.194076,30,2,28,2.9,3.020764,3.008362,1.004122,0.194352,1.94352,2.058159,0.208154,0.155832,0.951325,0.0,scene_3.2|scene_3.2_y02_hull_dense_y02_17p64|2556|31,scene_3.2|scene_3.2_y01_hull_dense_y01_14p63|466|22,d40f42a1ebd1141bd28ba387672c6c254ec9bcfd,af060fb94d5e6f22b87331927a92361e2103fdaf
scene_3_2_terminalgain_globalmax_interp_0367,family_01,367,6.541645,6.735721,0.194076,30,2,28,2.9,3.019207,3.008362,1.003605,0.194352,1.94352,2.057994,0.348936,0.13866,0.889269,0.0,scene_3.2|scene_3.2_y02_hull_dense_y02_17p64|2556|31,scene_3.2|scene_3.2_y01_hull_dense_y01_14p63|466|22,a60d0a4e30dcbed7a7aadd118a381cdb2e0521b7,3eee785f2ed9ad4722dc038e54aed5cae1bc6d95
scene_3_2_terminalgain_globalmax_interp_0368,family_01,368,6.541645,6.735721,0.194076,30,2,28,2.9,3.026835,3.008362,1.00614,0.194352,1.94352,2.058731,0.348215,0.088382,1.16208,0.0,scene_3.2|scene_3.2_y02_hull_dense_y02_17p64|2556|31,scene_3.2|scene_3.2_y01_hull_dense_y01_14p63|466|22,0ac8f53da5ba5f6162f112439eeeda8b5c44cbfb,6de3fc006b4a1ce18a7fcc05c51a6bea6f218d71
scene_3_2_terminalgain_globalmax_interp_0369,family_01,369,6.541645,6.735721,0.194076,30,2,28,2.9,3.051191,3.008362,1.014237,0.194352,1.94352,2.061495,0.207434,0.038102,1.777449,0.0,scene_3.2|scene_3.2_y02_hull_dense_y02_17p64|2556|31,scene_3.2|scene_3.2_y01_hull_dense_y01_14p63|466|22,b115faa918f05164a758973aacdf4de2a143e092,a9818aef1d6498c0f573a434afce3219b42b3b35
scene_3_2_terminalgain_globalmax_interp_0370,family_01,370,6.541645,6.735721,0.194076,30,2,28,2.9,3.034522,3.008362,1.008696,0.194352,1.94352,2.059519,0.066652,0.012177,1.385039,0.0,scene_3.2|scene_3.2_y02_hull_dense_y02_17p64|2556|31,scene_3.2|scene_3.2_y01_hull_dense_y01_14p63|466|22,61fb2cea90a1ed9e6810d75ce9b8ed5ed5860c11,df9bded48defd4944b122e2d96f03ddfe890f379
scene_3_2_terminalgain_globalmax_interp_0371,family_01,371,6.541645,6.735721,0.194076,30,2,28,2.9,3.014389,3.008362,1.002003,0.194352,1.94352,2.057588,0.07413,0.062456,0.662429,0.0,scene_3.2|scene_3.2_y02_hull_dense_y02_17p64|2556|31,scene_3.2|scene_3.2_y01_hull_dense_y01_14p63|466|22,2e2f308e11117c7c616ac35492ca9f0228e60c7c,32aa739feaf0516f55a66b37b3f7426b166eab22
scene_3_2_terminalgain_globalmax_interp_0372,family_01,372,6.541645,6.735721,0.194076,30,2,28,2.9,3.026548,3.008362,1.006045,0.194352,1.94352,2.058706,0.214911,0.112735,1.153368,0.0,scene_3.2|scene_3.2_y02_hull_dense_y02_17p64|2556|31,scene_3.2|scene_3.2_y01_hull_dense_y01_14p63|466|22,960c935ac4ee3bd1183cc31a3484f74400f191cb,f2616cc8c70ca90582cdf331fa5e82e077ce96cf
scene_3_2_terminalgain_globalmax_interp_0373,family_01,373,6.541645,6.735721,0.194076,30,2,28,2.9,3.034785,3.008362,1.008783,0.194352,1.94352,2.059569,0.320059,0.163014,1.392117,0.0,scene_3.2|scene_3.2_y02_hull_dense_y02_17p64|2556|31,scene_3.2|scene_3.2_y01_hull_dense_y01_14p63|466|22,1a256dd434dceb914f17390388b0fed181f207e4,c2b68fe525a277c64d5c5a76c9c18e4928d88488
scene_3_2_terminalgain_globalmax_interp_0374,family_01,374,6.541645,6.735721,0.194076,30,2,28,2.9,3.012984,3.008362,1.001536,0.194352,1.94352,2.057482,0.179277,0.131477,0.579934,0.0,scene_3.2|scene_3.2_y02_hull_dense_y02_17p64|2556|31,scene_3.2|scene_3.2_y01_hull_dense_y01_14p63|466|22,133246dfc22612f33317192b367c3e83f02cdd04,4cd06623196c1983a53f0e1673c5f1e56f69f45c
scene_3_2_terminalgain_globalmax_interp_0375,family_01,375,6.541645,6.735721,0.194076,30,2,28,2.9,3.021926,3.008362,1.004509,0.194352,1.94352,2.058269,0.038495,0.081199,0.994923,0.0,scene_3.2|scene_3.2_y02_hull_dense_y02_17p64|2556|31,scene_3.2|scene_3.2_y01_hull_dense_y01_14p63|466|22,21c1539456fc2af00e55596194e6e1a328037d3d,9b1a60c24f7efe8b12833f6d041075b1c41eb7d1
scene_3_2_terminalgain_globalmax_interp_0376,family_01,376,6.541645,6.735721,0.194076,30,2,28,2.9,3.039249,3.008362,1.010267,0.194352,1.94352,2.060096,0.102286,0.03092,1.506252,0.0,scene_3.2|scene_3.2_y02_hull_dense_y02_17p64|2556|31,scene_3.2|scene_3.2_y01_hull_dense_y01_14p63|466|22,ed3fe3d00e790810695816797fc1afb058271bc0,8da3926e69e1b8932bcda2df0c5b164875f44120
scene_3_2_terminalgain_globalmax_interp_0377,family_01,377,6.541645,6.735721,0.194076,30,2,28,2.9,3.036488,3.008362,1.009349,0.194352,1.94352,2.059726,0.243068,0.01936,1.436654,0.0,scene_3.2|scene_3.2_y02_hull_dense_y02_17p64|2556|31,scene_3.2|scene_3.2_y01_hull_dense_y01_14p63|466|22,b278c323f09624077f550f7097ec329e518a9088,d3b9a05f6b7709a0a21a56a1927e1554e3c8890f
scene_3_2_terminalgain_globalmax_interp_0378,family_01,378,6.541645,6.735721,0.194076,30,2,28,2.9,3.032117,3.008362,1.007896,0.194352,1.94352,2.059284,0.291902,0.069639,1.319342,0.0,scene_3.2|scene_3.2_y02_hull_dense_y02_17p64|2556|31,scene_3.2|scene_3.2_y01_hull_dense_y01_14p63|466|22,96a3d36a75098f8fa92b3291355cdcac0985b161,7092d6c14b44018fbad7e08668f3b9a43c814bb5
scene_3_2_terminalgain_globalmax_interp_0379,family_01,379,6.541645,6.735721,0.194076,30,2,28,2.9,3.035673,3.008362,1.009078,0.194352,1.94352,2.059691,0.15112,0.119918,1.4155,0.0,scene_3.2|scene_3.2_y02_hull_dense_y02_17p64|2556|31,scene_3.2|scene_3.2_y01_hull_dense_y01_14p63|466|22,402535209cb3ba8ef410d8f96d5109bcd656108a,a72ce2357a11542bfbcde7c32c1c93356d7f7d83
scene_3_2_terminalgain_globalmax_interp_0380,family_01,380,6.541645,6.735721,0.194076,30,2,28,2.9,3.019429,3.008362,1.003678,0.194352,1.94352,2.058016,0.010339,0.170197,0.89837,0.0,scene_3.2|scene_3.2_y02_hull_dense_y02_17p64|2556|31,scene_3.2|scene_3.2_y01_hull_dense_y01_14p63|466|22,04abd3901e70af2fdec18eb61cd904bc65402a5e,290dc40c04807a3b2fc5802db9141748c938e6a2
scene_3_2_terminalgain_globalmax_interp_0381,family_01,381,6.541645,6.735721,0.194076,30,2,28,2.9,3.030525,3.008362,1.007367,0.194352,1.94352,2.059102,0.130443,0.173548,1.273983,0.0,scene_3.2|scene_3.2_y02_hull_dense_y02_17p64|2556|31,scene_3.2|scene_3.2_y01_hull_dense_y01_14p63|466|22,a7de25fac09f4afcf9d5cd83a1c728712ae3ebfd,04cc215bfccca519f190641295229e723b1ca036
scene_3_2_terminalgain_globalmax_interp_0382,family_01,382,6.541645,6.735721,0.194076,30,2,28,2.9,3.023242,3.008362,1.004946,0.194352,1.94352,2.058382,0.271225,0.123269,1.042426,0.0,scene_3.2|scene_3.2_y02_hull_dense_y02_17p64|2556|31,scene_3.2|scene_3.2_y01_hull_dense_y01_14p63|466|22,692b11e427fad6108290fec03786404886eb48b1,7178b06287aff04177b975c300c74ab13b9d5f7f
scene_3_2_terminalgain_globalmax_interp_0383,family_01,383,6.541645,6.735721,0.194076,30,2,28,2.9,3.009467,3.008362,1.000367,0.194352,1.94352,2.057186,0.263747,0.072989,0.28335,0.0,scene_3.2|scene_3.2_y02_hull_dense_y02_17p64|2556|31,scene_3.2|scene_3.2_y01_hull_dense_y01_14p63|466|22,776eb8480f2fc478dffc49fc8a7dbbddd7afe449,ec9eb0eb724a76e1fecfcb6af5a500ceee93c9fc
scene_3_2_terminalgain_globalmax_interp_0384,family_01,384,6.541645,6.735721,0.194076,30,2,28,2.9,3.045411,3.008362,1.012315,0.194352,1.94352,2.060822,0.122964,0.02271,1.6516,0.0,scene_3.2|scene_3.2_y02_hull_dense_y02_17p64|2556|31,scene_3.2|scene_3.2_y01_hull_dense_y01_14p63|466|22,90e4f48a5247b97ad1ae4dba2c146d10a302bbab,81c0cdcd895e4a57923d7760e196a114abd8a092
scene_3_2_terminalgain_globalmax_interp_0385,family_01,385,6.541645,6.735721,0.194076,30,2,28,2.9,3.033189,3.008362,1.008253,0.194352,1.94352,2.05941,0.017818,0.027569,1.348872,0.0,scene_3.2|scene_3.2_y02_hull_dense_y02_17p64|2556|31,scene_3.2|scene_3.2_y01_hull_dense_y01_14p63|466|22,897406428787e79b85498d42031c2573d1499c92,26b9c7ae00e166474e2e822279630bb9b993f95e
scene_3_2_terminalgain_globalmax_interp_0386,family_01,386,6.541645,6.735721,0.194076,30,2,28,2.9,3.011991,3.008362,1.001206,0.194352,1.94352,2.057388,0.158599,0.077848,0.513697,0.0,scene_3.2|scene_3.2_y02_hull_dense_y02_17p64|2556|31,scene_3.2|scene_3.2_y01_hull_dense_y01_14p63|466|22,9c7c33cdd63011afdc23b940e45e1ba1c64eeecf,9a7fc91a7df3040c50e6bd7c19dd69fcace9af45
scene_3_2_terminalgain_globalmax_interp_0387,family_01,387,6.541645,6.735721,0.194076,30,2,28,2.9,3.038948,3.008362,1.010167,0.194352,1.94352,2.060043,0.299381,0.128128,1.498855,0.0,scene_3.2|scene_3.2_y02_hull_dense_y02_17p64|2556|31,scene_3.2|scene_3.2_y01_hull_dense_y01_14p63|466|22,1cff3d56955fb3e652343c8fdcd07900de5551b0,3e9f7fbc7dd4a2fd6531d359c034fe9a1ff2af82
scene_3_2_terminalgain_globalmax_interp_0388,family_01,388,6.541645,6.735721,0.194076,30,2,28,2.9,3.05162,3.008362,1.014379,0.194352,1.94352,2.061574,0.23559,0.166365,1.786746,0.0,scene_3.2|scene_3.2_y02_hull_dense_y02_17p64|2556|31,scene_3.2|scene_3.2_y01_hull_dense_y01_14p63|466|22,d65a0d1a6303ef2026c32ab698ee63277d8b03b5,b0116a07d7d3038207320e10069287e84ef29972
scene_3_2_terminalgain_globalmax_interp_0389,family_01,389,6.541645,6.735721,0.194076,30,2,28,2.9,3.020593,3.008362,1.004066,0.194352,1.94352,2.058127,0.094808,0.116086,0.944843,0.0,scene_3.2|scene_3.2_y02_hull_dense_y02_17p64|2556|31,scene_3.2|scene_3.2_y01_hull_dense_y01_14p63|466|22,18c7dea73b7ef72ddb4dc811713fb27102a9cde1,6e7063d3e0dfde9a2ba7a502c802b8355c28a9b4
scene_3_2_terminalgain_globalmax_interp_0390,family_01,390,6.541645,6.735721,0.194076,30,2,28,2.9,3.019026,3.008362,1.003545,0.194352,1.94352,2.058,0.045973,0.065807,0.881906,0.0,scene_3.2|scene_3.2_y02_hull_dense_y02_17p64|2556|31,scene_3.2|scene_3.2_y01_hull_dense_y01_14p63|466|22,a87da58ae3aaf34a4222695b96c1d853aee84759,21c88fae77ca0d6de24468b7269374627d2733ff
scene_3_2_terminalgain_globalmax_interp_0391,family_01,391,6.541645,6.735721,0.194076,30,2,28,2.9,3.025291,3.008362,1.005627,0.194352,1.94352,2.058577,0.186755,0.015527,1.11241,0.0,scene_3.2|scene_3.2_y02_hull_dense_y02_17p64|2556|31,scene_3.2|scene_3.2_y01_hull_dense_y01_14p63|466|22,96f160fb056e6d7c3e716a10f38dbd1d9c7e2d38,df235ede02faaa1935b2b1a5b87cc9c6c94bd286
scene_3_2_terminalgain_globalmax_interp_0392,family_01,392,6.541645,6.735721,0.194076,30,2,28,2.9,3.036322,3.008362,1.009294,0.194352,1.94352,2.05974,0.327538,0.034752,1.432277,0.0,scene_3.2|scene_3.2_y02_hull_dense_y02_17p64|2556|31,scene_3.2|scene_3.2_y01_hull_dense_y01_14p63|466|22,53187b735a593213fa23559f6a8c554ada717396,36d45ea5ec91c11d60ae74e75c5438e1d275e102
scene_3_2_terminalgain_globalmax_interp_0393,family_01,393,6.541645,6.735721,0.194076,30,2,28,2.9,3.048012,3.008362,1.01318,0.194352,1.94352,2.061108,0.342583,0.085031,1.70917,0.0,scene_3.2|scene_3.2_y02_hull_dense_y02_17p64|2556|31,scene_3.2|scene_3.2_y01_hull_dense_y01_14p63|466|22,babbd668da926204c0b80ac4e84f27c12308c881,fe0b24bda6e847c121727b8cd444f3f7cc9fc215
scene_3_2_terminalgain_globalmax_interp_0394,family_01,394,6.541645,6.735721,0.194076,30,2,28,2.9,3.016628,3.008362,1.002748,0.194352,1.94352,2.057779,0.201802,0.13531,0.776094,0.0,scene_3.2|scene_3.2_y02_hull_dense_y02_17p64|2556|31,scene_3.2|scene_3.2_y01_hull_dense_y01_14p63|466|22,3a52c4bbb3bbaf4f8b6af2d82b92b5a88e401ab6,ea66dfb23c50f6954ebd90bf0ee44a1863349967
scene_3_2_terminalgain_globalmax_interp_0395,family_01,395,6.541645,6.735721,0.194076,30,2,28,2.9,3.01575,3.008362,1.002456,0.194352,1.94352,2.057712,0.06102,0.159182,0.733613,0.0,scene_3.2|scene_3.2_y02_hull_dense_y02_17p64|2556|31,scene_3.2|scene_3.2_y01_hull_dense_y01_14p63|466|22,03e2eacf6ae17cdd427d35d5d7ed23a75d02f270,8d619e2c02deda87d35565b17bbcbb2ce7104c8b
scene_3_2_terminalgain_globalmax_interp_0396,family_01,396,6.541645,6.735721,0.194076,30,2,28,2.9,3.038357,3.008362,1.009971,0.194352,1.94352,2.05999,0.079762,0.108903,1.484227,0.0,scene_3.2|scene_3.2_y02_hull_dense_y02_17p64|2556|31,scene_3.2|scene_3.2_y01_hull_dense_y01_14p63|466|22,7b83c262c24698a721b2b2bd018f85b3eadd62a0,4735219d6104f9b8bd85dd7da8a25ba47cb9591b
scene_3_2_terminalgain_globalmax_interp_0397,family_01,397,6.541645,6.735721,0.194076,30,2,28,2.9,3.048087,3.008362,1.013205,0.194352,1.94352,2.061103,0.220543,0.058624,1.710909,0.0,scene_3.2|scene_3.2_y02_hull_dense_y02_17p64|2556|31,scene_3.2|scene_3.2_y01_hull_dense_y01_14p63|466|22,19557b69913f228584f3a4b502157bd4673658c0,c7a40cf7cb79e19548b1668b96b7310d7fc8a84b
scene_3_2_terminalgain_globalmax_interp_0398,family_01,398,6.541645,6.735721,0.194076,30,2,28,2.9,3.012457,3.008362,1.001361,0.194352,1.94352,2.057419,0.314428,0.008345,0.545716,0.0,scene_3.2|scene_3.2_y02_hull_dense_y02_17p64|2556|31,scene_3.2|scene_3.2_y01_hull_dense_y01_14p63|466|22,2da28ace310cc6431fa13a786a8547ec60e9eef1,eb05e3a44193e620b6d938ebd99aacef8b352a57
scene_3_2_terminalgain_globalmax_interp_0399,family_01,399,6.541645,6.735721,0.194076,30,2,28,2.9,3.016115,3.008362,1.002577,0.194352,1.94352,2.057742,0.173646,0.041935,0.751608,0.0,scene_3.2|scene_3.2_y02_hull_dense_y02_17p64|2556|31,scene_3.2|scene_3.2_y01_hull_dense_y01_14p63|466|22,4aca5ba7eb3140cf4b51f03b8e8a281d67f22cc6,9ae94712ee4b8931ec87e39d3d51f69311e1ac8b
scene_3_2_terminalgain_globalmax_interp_0400,family_01,400,6.541645,6.735721,0.194076,30,2,28,2.9,3.041243,3.008362,1.01093,0.194352,1.94352,2.060283,0.032864,0.092214,1.554706,0.0,scene_3.2|scene_3.2_y02_hull_dense_y02_17p64|2556|31,scene_3.2|scene_3.2_y01_hull_dense_y01_14p63|466|22,c656e0226e35505c9e03b1e4753147b30a5751eb,f46543cfde3b7818bd182d262e55d2a6f5cf7986
scene_3_2_terminalgain_globalmax_interp_0401,family_01,401,6.541645,6.735721,0.194076,30,2,28,2.9,3.030108,3.008362,1.007228,0.194352,1.94352,2.05907,0.107918,0.142493,1.261777,0.0,scene_3.2|scene_3.2_y02_hull_dense_y02_17p64|2556|31,scene_3.2|scene_3.2_y01_hull_dense_y01_14p63|466|22,2f4269068a066ebec3a2279e46a927fa9e782ec9,07c43ce68651d0dfb9359ce862a7a34b8d1d18a3
scene_3_2_terminalgain_globalmax_interp_0402,family_01,402,6.541645,6.735721,0.194076,30,2,28,2.9,3.023361,3.008362,1.004986,0.194352,1.94352,2.058404,0.2487,0.152,1.046585,0.0,scene_3.2|scene_3.2_y02_hull_dense_y02_17p64|2556|31,scene_3.2|scene_3.2_y01_hull_dense_y01_14p63|466|22,b1cbbce53b55a17c27aa9089c6515b11975c5922,4a33fbedbc67f2618c688b4ad82c95600f084a67
scene_3_2_terminalgain_globalmax_interp_0403,family_01,403,6.541645,6.735721,0.194076,30,2,28,2.9,3.017892,3.008362,1.003168,0.194352,1.94352,2.057874,0.286271,0.10172,0.833222,0.0,scene_3.2|scene_3.2_y02_hull_dense_y02_17p64|2556|31,scene_3.2|scene_3.2_y01_hull_dense_y01_14p63|466|22,d2a70c8a3af40dfea8448b34417c5c94139af458,50e824da47dfd0218475de6a865a284f8f72b38f
scene_3_2_terminalgain_globalmax_interp_0404,family_01,404,6.541645,6.735721,0.194076,30,2,28,2.9,3.023795,3.008362,1.00513,0.194352,1.94352,2.05846,0.14549,0.051441,1.061767,0.0,scene_3.2|scene_3.2_y02_hull_dense_y02_17p64|2556|31,scene_3.2|scene_3.2_y01_hull_dense_y01_14p63|466|22,4b66ee57d7ed6497816614162fed7807c76cd945,897ea1a1365c046955922b0612fb40c83435c440
scene_3_2_terminalgain_globalmax_interp_0405,family_01,405,6.541645,6.735721,0.194076,30,2,28,2.9,3.04383,3.008362,1.01179,0.194352,1.94352,2.060591,0.004708,0.001162,1.615664,0.0,scene_3.2|scene_3.2_y02_hull_dense_y02_17p64|2556|31,scene_3.2|scene_3.2_y01_hull_dense_y01_14p63|466|22,ffaa461e8f915f78a3d95fffdd32acbe969a9ef5,9b679a42a2f9a924880d63018aa41866a5c3270c
scene_3_2_terminalgain_globalmax_interp_0406,family_01,406,6.541645,6.735721,0.194076,30,2,28,2.9,3.03405,3.008362,1.008539,0.194352,1.94352,2.059472,0.136074,0.049117,1.37224,0.0,scene_3.2|scene_3.2_y02_hull_dense_y02_17p64|2556|31,scene_3.2|scene_3.2_y01_hull_dense_y01_14p63|466|22,20537f9cbec851222e17d536512f68fb7915d57c,b3ad38de96377e3efb9d8cfb492f8b0e9ce0a5b5
scene_3_2_terminalgain_globalmax_interp_0407,family_01,407,6.541645,6.735721,0.194076,30,2,28,2.9,3.009223,3.008362,1.000286,0.194352,1.94352,2.057166,0.276855,0.099397,0.250125,0.0,scene_3.2|scene_3.2_y02_hull_dense_y02_17p64|2556|31,scene_3.2|scene_3.2_y01_hull_dense_y01_14p63|466|22,1a7235dae7d7f53f803ff197383294b5e05cb774,b5aa9c2f6e2d6b85cdacf71c7e7a4523a23c6147
scene_3_2_terminalgain_globalmax_interp_0408,family_01,408,6.541645,6.735721,0.194076,30,2,28,2.9,3.042852,3.008362,1.011464,0.194352,1.94352,2.060503,0.258115,0.149676,1.592785,0.0,scene_3.2|scene_3.2_y02_hull_dense_y02_17p64|2556|31,scene_3.2|scene_3.2_y01_hull_dense_y01_14p63|466|22,6f6013827d18f4fcdace8ed899471c63d9c9aa4b,4dc745e0ba35db6cd8d9c2a68b4eee77f4a09aec
scene_3_2_terminalgain_globalmax_interp_0409,family_01,409,6.541645,6.735721,0.194076,30,2,28,2.9,3.044004,3.008362,1.011848,0.194352,1.94352,2.060624,0.117333,0.144817,1.619464,0.0,scene_3.2|scene_3.2_y02_hull_dense_y02_17p64|2556|31,scene_3.2|scene_3.2_y01_hull_dense_y01_14p63|466|22,a041b64a1d431999b811d67d9761eddcde8edc1e,5ea049a253d575c722a1906aa812c48824876d20
scene_3_2_terminalgain_globalmax_interp_0410,family_01,410,6.541645,6.735721,0.194076,30,2,28,2.9,3.008894,3.008362,1.000177,0.194352,1.94352,2.057142,0.023448,0.094538,0.196642,0.0,scene_3.2|scene_3.2_y02_hull_dense_y02_17p64|2556|31,scene_3.2|scene_3.2_y01_hull_dense_y01_14p63|466|22,a9755e2b26f2808a933022e28d01360d144acde0,1dd432f96f3b44c8c2cd938b672346edfe7ff380
scene_3_2_terminalgain_globalmax_interp_0411,family_01,411,6.541645,6.735721,0.194076,30,2,28,2.9,3.030682,3.008362,1.007419,0.194352,1.94352,2.059128,0.16423,0.044258,1.278398,0.0,scene_3.2|scene_3.2_y02_hull_dense_y02_17p64|2556|31,scene_3.2|scene_3.2_y01_hull_dense_y01_14p63|466|22,5991f93c3ed1514e886ccf7ce2156f5a55dd150a,dc3d033d47959077f01c7695b54464c15c366112
scene_3_2_terminalgain_globalmax_interp_0412,family_01,412,6.541645,6.735721,0.194076,30,2,28,2.9,3.023828,3.008362,1.005141,0.194352,1.94352,2.058456,0.305012,0.006021,1.063054,0.0,scene_3.2|scene_3.2_y02_hull_dense_y02_17p64|2556|31,scene_3.2|scene_3.2_y01_hull_dense_y01_14p63|466|22,43cc70604b22d8b492e184294afdc65a1d488248,2fbd4c8dc86bdc8e4fe206f12ead7b537cff8a20
scene_3_2_terminalgain_globalmax_interp_0413,family_01,413,6.541645,6.735721,0.194076,30,2,28,2.9,3.02433,3.008362,1.005308,0.194352,1.94352,2.058498,0.229958,0.0563,1.080258,0.0,scene_3.2|scene_3.2_y02_hull_dense_y02_17p64|2556|31,scene_3.2|scene_3.2_y01_hull_dense_y01_14p63|466|22,b169642287a4519fa91f6a10d5a89f2c871ddbb0,75409dc2d361563dbe6f86949076362f916dbe0b
scene_3_2_terminalgain_globalmax_interp_0414,family_01,414,6.541645,6.735721,0.194076,30,2,28,2.9,3.041365,3.008362,1.01097,0.194352,1.94352,2.060302,0.089177,0.106579,1.557645,0.0,scene_3.2|scene_3.2_y02_hull_dense_y02_17p64|2556|31,scene_3.2|scene_3.2_y01_hull_dense_y01_14p63|466|22,c9a5b4029287d01e9acd2c47bbd2ef6e3f7e2d64,a001c576d390761d4034425be715f280eeeb3903
scene_3_2_terminalgain_globalmax_interp_0415,family_01,415,6.541645,6.735721,0.194076,30,2,28,2.9,3.036045,3.008362,1.009202,0.194352,1.94352,2.059722,0.051605,0.156859,1.425368,0.0,scene_3.2|scene_3.2_y02_hull_dense_y02_17p64|2556|31,scene_3.2|scene_3.2_y01_hull_dense_y01_14p63|466|22,c4f276768eb2d93c8a4f881167a95e672ece433e,80aca4573aff2429ba03fd2097b8c0f3852e0674
scene_3_2_terminalgain_globalmax_interp_0416,family_01,416,6.541645,6.735721,0.194076,30,2,28,2.9,3.033156,3.008362,1.008242,0.194352,1.94352,2.059389,0.192387,0.137634,1.347889,0.0,scene_3.2|scene_3.2_y02_hull_dense_y02_17p64|2556|31,scene_3.2|scene_3.2_y01_hull_dense_y01_14p63|466|22,e51cbc603c5b02bfc336be22380310feced8efd2,46e4c166d191f03ab8a1e735768e3982c7a415f0
scene_3_2_terminalgain_globalmax_interp_0417,family_01,417,6.541645,6.735721,0.194076,30,2,28,2.9,3.031979,3.008362,1.00785,0.194352,1.94352,2.059244,0.333168,0.087355,1.315118,0.0,scene_3.2|scene_3.2_y02_hull_dense_y02_17p64|2556|31,scene_3.2|scene_3.2_y01_hull_dense_y01_14p63|466|22,3792b1c02f35f567219c191f4bbb4877921abcb5,c65f3ff9d7aa14c2ec719ba9ba67752bf4113c8b
scene_3_2_terminalgain_globalmax_interp_0418,family_01,418,6.541645,6.735721,0.194076,30,2,28,2.9,3.025695,3.008362,1.005761,0.194352,1.94352,2.058612,0.336953,0.037076,1.125496,0.0,scene_3.2|scene_3.2_y02_hull_dense_y02_17p64|2556|31,scene_3.2|scene_3.2_y01_hull_dense_y01_14p63|466|22,5074cc3c5f163a27f06343df0cf900605a00b404,7f33b6b5d57eca0c3564b47cc8b128f9f214789a
scene_3_2_terminalgain_globalmax_interp_0419,family_01,419,6.541645,6.735721,0.194076,30,2,28,2.9,3.010757,3.008362,1.000796,0.194352,1.94352,2.057284,0.196171,0.013204,0.417382,0.0,scene_3.2|scene_3.2_y02_hull_dense_y02_17p64|2556|31,scene_3.2|scene_3.2_y01_hull_dense_y01_14p63|466|22,4deeb240084120cdb303da7d2f1bca5ef7e26f50,34bd52bc056ecc540a769fb73773dd610045bc9a
scene_3_2_terminalgain_globalmax_interp_0420,family_01,420,6.541645,6.735721,0.194076,30,2,28,2.9,3.036887,3.008362,1.009482,0.194352,1.94352,2.059825,0.055389,0.063483,1.44723,0.0,scene_3.2|scene_3.2_y02_hull_dense_y02_17p64|2556|31,scene_3.2|scene_3.2_y01_hull_dense_y01_14p63|466|22,3eb2b4ac8cea7ed27b527e01a420d884af63712d,41945c8d070934ddf73703fac6082edd98699745
scene_3_2_terminalgain_globalmax_interp_0421,family_01,421,6.541645,6.735721,0.194076,30,2,28,2.9,3.024321,3.008362,1.005305,0.194352,1.94352,2.058483,0.085392,0.113762,1.079952,0.0,scene_3.2|scene_3.2_y02_hull_dense_y02_17p64|2556|31,scene_3.2|scene_3.2_y01_hull_dense_y01_14p63|466|22,859f4c126b0122fcab3df5b819239a2e21a2da47,612a6c2b1e7c801b254b23b82de884f486d0bba9
scene_3_2_terminalgain_globalmax_interp_0422,family_01,422,6.541645,6.735721,0.194076,30,2,28,2.9,3.016501,3.008362,1.002705,0.194352,1.94352,2.057767,0.226174,0.164041,0.77001,0.0,scene_3.2|scene_3.2_y02_hull_dense_y02_17p64|2556|31,scene_3.2|scene_3.2_y01_hull_dense_y01_14p63|466|22,c16386b36f602279bbbebed08393b0df4d860a50,c76df7f4810ec9cef19a4dbfeef26f07030b37e2
scene_3_2_terminalgain_globalmax_interp_0423,family_01,423,6.541645,6.735721,0.194076,30,2,28,2.9,3.030669,3.008362,1.007415,0.194352,1.94352,2.059122,0.308796,0.130451,1.277964,0.0,scene_3.2|scene_3.2_y02_hull_dense_y02_17p64|2556|31,scene_3.2|scene_3.2_y01_hull_dense_y01_14p63|466|22,3e14eda4813f364878c5bc5f3ae119ed8ccb5ab9,c5d13baa0bae6820bec6739a9a8179280efd434c
scene_3_2_terminalgain_globalmax_interp_0424,family_01,424,6.541645,6.735721,0.194076,30,2,28,2.9,3.060455,3.008362,1.017316,0.194352,1.94352,2.062734,0.168015,0.080172,1.963748,0.0,scene_3.2|scene_3.2_y02_hull_dense_y02_17p64|2556|31,scene_3.2|scene_3.2_y01_hull_dense_y01_14p63|466|22,394aef6cca8e0861dc0edcc5570a900e66a6623a,4537da20662a1a2b334bb287e305088fd2a6da27
scene_3_2_terminalgain_globalmax_interp_0425,family_01,425,6.541645,6.735721,0.194076,30,2,28,2.9,3.039078,3.008362,1.01021,0.194352,1.94352,2.060067,0.027233,0.029893,1.502103,0.0,scene_3.2|scene_3.2_y02_hull_dense_y02_17p64|2556|31,scene_3.2|scene_3.2_y01_hull_dense_y01_14p63|466|22,fb2d783a17ece22899a043f402f80c29af16b19f,84524422492d8469174f80cc2826e132925e4785
scene_3_2_terminalgain_globalmax_interp_0426,family_01,426,6.541645,6.735721,0.194076,30,2,28,2.9,3.015465,3.008362,1.002361,0.194352,1.94352,2.05768,0.113549,0.020386,0.719227,0.0,scene_3.2|scene_3.2_y02_hull_dense_y02_17p64|2556|31,scene_3.2|scene_3.2_y01_hull_dense_y01_14p63|466|22,26fbb748db3cfe8c57f1ec255fad16d7d1bc6795,0ebeb416fdf05829448c0bed53fb0d48771a5baf
scene_3_2_terminalgain_globalmax_interp_0427,family_01,427,6.541645,6.735721,0.194076,30,2,28,2.9,3.028027,3.008362,1.006537,0.194352,1.94352,2.058852,0.25433,0.070666,1.199207,0.0,scene_3.2|scene_3.2_y02_hull_dense_y02_17p64|2556|31,scene_3.2|scene_3.2_y01_hull_dense_y01_14p63|466|22,1cb3c2c3fb7bc2a654ecc233a0f44e7fa4fc445b,bd03abcbe28e008cdbc5901676247ebb91a7b95b
scene_3_2_terminalgain_globalmax_interp_0428,family_01,428,6.541645,6.735721,0.194076,30,2,28,2.9,3.016993,3.008362,1.002869,0.194352,1.94352,2.057815,0.28064,0.120945,0.793018,0.0,scene_3.2|scene_3.2_y02_hull_dense_y02_17p64|2556|31,scene_3.2|scene_3.2_y01_hull_dense_y01_14p63|466|22,1097a1c3c47b0a87c5134902abedfd3106712631,1617f3976e24ba577ffde186e2da76712d60f7c1
scene_3_2_terminalgain_globalmax_interp_0429,family_01,429,6.541645,6.735721,0.194076,30,2,28,2.9,3.039839,3.008362,1.010463,0.194352,1.94352,2.060111,0.139858,0.171224,1.520897,0.0,scene_3.2|scene_3.2_y02_hull_dense_y02_17p64|2556|31,scene_3.2|scene_3.2_y01_hull_dense_y01_14p63|466|22,fcdda85549b750ec586a924cda1126edb87c062e,9c1177b259fa33848439a4d5ba38d315150f0024
scene_3_2_terminalgain_globalmax_interp_0430,family_01,430,6.541645,6.735721,0.194076,30,2,28,2.9,3.01607,3.008362,1.002562,0.194352,1.94352,2.057737,0.000924,0.172522,0.749406,0.0,scene_3.2|scene_3.2_y02_hull_dense_y02_17p64|2556|31,scene_3.2|scene_3.2_y01_hull_dense_y01_14p63|466|22,39c25da6e7219a5249e4ff13983e06551ef099cc,d0b3b3430be41818fcac20c44e642739d23de833
scene_3_2_terminalgain_globalmax_interp_0431,family_01,431,6.541645,6.735721,0.194076,30,2,28,2.9,3.011977,3.008362,1.001202,0.194352,1.94352,2.057388,0.141705,0.122243,0.512858,0.0,scene_3.2|scene_3.2_y02_hull_dense_y02_17p64|2556|31,scene_3.2|scene_3.2_y01_hull_dense_y01_14p63|466|22,4dfab05678f698eb247bcba0f600a7f739714e81,f2295b8dd5c5d2cf3bfa6b522c71ce09269ca2ca
scene_3_2_terminalgain_globalmax_interp_0432,family_01,432,6.541645,6.735721,0.194076,30,2,28,2.9,3.053019,3.008362,1.014844,0.194352,1.94352,2.061759,0.282487,0.071964,1.815572,0.0,scene_3.2|scene_3.2_y02_hull_dense_y02_17p64|2556|31,scene_3.2|scene_3.2_y01_hull_dense_y01_14p63|466|22,9d8224541ff44af8244489be016d3d1a551fce32,592f0b3ac9b56a4637d0ad50528b757389cd1a37
scene_3_2_terminalgain_globalmax_interp_0433,family_01,433,6.541645,6.735721,0.194076,30,2,28,2.9,3.049763,3.008362,1.013762,0.194352,1.94352,2.061314,0.252483,0.021684,1.747076,0.0,scene_3.2|scene_3.2_y02_hull_dense_y02_17p64|2556|31,scene_3.2|scene_3.2_y01_hull_dense_y01_14p63|466|22,ed1ee1d538443097ec9f4df76cf8051bf5468382,a276211287cd2484399952445a81b4f52186a287
scene_3_2_terminalgain_globalmax_interp_0434,family_01,434,6.541645,6.735721,0.194076,30,2,28,2.9,3.009491,3.008362,1.000375,0.194352,1.94352,2.057189,0.111702,0.028595,0.286452,0.0,scene_3.2|scene_3.2_y02_hull_dense_y02_17p64|2556|31,scene_3.2|scene_3.2_y01_hull_dense_y01_14p63|466|22,7cb5aba283df50ea8c596b0e842a9b360357d651,7a2226940e78dc0bfb0a6973d71799571d3f5fba
scene_3_2_terminalgain_globalmax_interp_0435,family_01,435,6.541645,6.735721,0.194076,30,2,28,2.9,3.021655,3.008362,1.004418,0.194352,1.94352,2.05823,0.02908,0.078874,0.984959,0.0,scene_3.2|scene_3.2_y02_hull_dense_y02_17p64|2556|31,scene_3.2|scene_3.2_y01_hull_dense_y01_14p63|466|22,09332968ff69335f87388c7bd356d3b85037f910,d0ba9412503714d4ba150bcfff410b952cd44a10
scene_3_2_terminalgain_globalmax_interp_0436,family_01,436,6.541645,6.735721,0.194076,30,2,28,2.9,3.031306,3.008362,1.007627,0.194352,1.94352,2.059192,0.169862,0.129153,1.296185,0.0,scene_3.2|scene_3.2_y02_hull_dense_y02_17p64|2556|31,scene_3.2|scene_3.2_y01_hull_dense_y01_14p63|466|22,fed3c0c36444e962eeb38b6d36bfa53bc4de9e2e,f0fc847dd8c5ae2459de3f4c1115085277c46757
scene_3_2_terminalgain_globalmax_interp_0437,family_01,437,6.541645,6.735721,0.194076,30,2,28,2.9,3.020005,3.008362,1.00387,0.194352,1.94352,2.058074,0.310644,0.165339,0.921494,0.0,scene_3.2|scene_3.2_y02_hull_dense_y02_17p64|2556|31,scene_3.2|scene_3.2_y01_hull_dense_y01_14p63|466|22,aa1656542546221c72ff2fea146b1ac4dbb8a764,ae89d3123e5ae991100acc788bb9dddc7f1ecf69
scene_3_2_terminalgain_globalmax_interp_0438,family_01,438,6.541645,6.735721,0.194076,30,2,28,2.9,3.031871,3.008362,1.007814,0.194352,1.94352,2.059237,0.224328,0.11506,1.312155,0.0,scene_3.2|scene_3.2_y02_hull_dense_y02_17p64|2556|31,scene_3.2|scene_3.2_y01_hull_dense_y01_14p63|466|22,f2df83af66945bdce301f2d910d2aa92abe02b5d,05d23ed4422750d0ee7f9199d93fb59048e82316
scene_3_2_terminalgain_globalmax_interp_0439,family_01,439,6.541645,6.735721,0.194076,30,2,28,2.9,3.012295,3.008362,1.001307,0.194352,1.94352,2.057407,0.083546,0.064781,0.534797,0.0,scene_3.2|scene_3.2_y02_hull_dense_y02_17p64|2556|31,scene_3.2|scene_3.2_y01_hull_dense_y01_14p63|466|22,23c2653f995da2360758a76937c2ea37ad5f53c2,3e2e8d6eed2bffe05bf6d49a5dc78a716f3faef1
scene_3_2_terminalgain_globalmax_interp_0440,family_01,440,6.541645,6.735721,0.194076,30,2,28,2.9,3.036817,3.008362,1.009458,0.194352,1.94352,2.059788,0.057237,0.014502,1.445331,0.0,scene_3.2|scene_3.2_y02_hull_dense_y02_17p64|2556|31,scene_3.2|scene_3.2_y01_hull_dense_y01_14p63|466|22,8b2439c0a2e2cea2a24b8d61bbcbb3edd6c5aa73,2301759cb4b089887ad39ff8dd49655bf1fab611
scene_3_2_terminalgain_globalmax_interp_0441,family_01,441,6.541645,6.735721,0.194076,30,2,28,2.9,3.064429,3.008362,1.018637,0.194352,1.94352,2.063265,0.198018,0.035778,2.038571,0.0,scene_3.2|scene_3.2_y02_hull_dense_y02_17p64|2556|31,scene_3.2|scene_3.2_y01_hull_dense_y01_14p63|466|22,c3e5de9d51de07f3a43929af9b51ce45dab27b5c,e740b69b8e4d196d59362fd6537ea9c2a45ae411
scene_3_2_terminalgain_globalmax_interp_0442,family_01,442,6.541645,6.735721,0.194076,30,2,28,2.9,3.03934,3.008362,1.010297,0.194352,1.94352,2.060077,0.3388,0.086057,1.508638,0.0,scene_3.2|scene_3.2_y02_hull_dense_y02_17p64|2556|31,scene_3.2|scene_3.2_y01_hull_dense_y01_14p63|466|22,22f178be973f7d2877dde7464c49241716250963,35d27dc1ca216dd9036f8f6b113810517f6c670f
scene_3_2_terminalgain_globalmax_interp_0443,family_01,443,6.541645,6.735721,0.194076,30,2,28,2.9,3.017092,3.008362,1.002902,0.194352,1.94352,2.057821,0.331321,0.136336,0.797486,0.0,scene_3.2|scene_3.2_y02_hull_dense_y02_17p64|2556|31,scene_3.2|scene_3.2_y01_hull_dense_y01_14p63|466|22,401de91de13235ea671d309292d091fdcccaa846,9d636286a192de3c7b074250ee863af28366d8ec
scene_3_2_terminalgain_globalmax_interp_0444,family_01,444,6.541645,6.735721,0.194076,30,2,28,2.9,3.02269,3.008362,1.004763,0.194352,1.94352,2.058327,0.190539,0.158157,1.022737,0.0,scene_3.2|scene_3.2_y02_hull_dense_y02_17p64|2556|31,scene_3.2|scene_3.2_y01_hull_dense_y01_14p63|466|22,db428e9aa167d4fe33aa3bbead09d2d07da3110a,2647dff7bd7a8d875a21a568f432d4a57bda27da
scene_3_2_terminalgain_globalmax_interp_0445,family_01,445,6.541645,6.735721,0.194076,30,2,28,2.9,3.040562,3.008362,1.010703,0.194352,1.94352,2.060223,0.049758,0.107877,1.538302,0.0,scene_3.2|scene_3.2_y02_hull_dense_y02_17p64|2556|31,scene_3.2|scene_3.2_y01_hull_dense_y01_14p63|466|22,f6560ed3a92500af758788a1fff140944022364b,cd2a3888baae8ffb67cbee4ce759ec449d4861af
scene_3_2_terminalgain_globalmax_interp_0446,family_01,446,6.541645,6.735721,0.194076,30,2,28,2.9,3.01227,3.008362,1.001299,0.194352,1.94352,2.057421,0.091024,0.057598,0.533329,0.0,scene_3.2|scene_3.2_y02_hull_dense_y02_17p64|2556|31,scene_3.2|scene_3.2_y01_hull_dense_y01_14p63|466|22,a82f58798fd86d39bf4fcd32a74e9898a5e6c48a,8ca48655f4e990b383e2041f211ea3f74d02a194
scene_3_2_terminalgain_globalmax_interp_0447,family_01,447,6.541645,6.735721,0.194076,30,2,28,2.9,3.019031,3.008362,1.003546,0.194352,1.94352,2.057987,0.231806,0.007319,0.881981,0.0,scene_3.2|scene_3.2_y02_hull_dense_y02_17p64|2556|31,scene_3.2|scene_3.2_y01_hull_dense_y01_14p63|466|22,fda07c49ea2cee7dbd32c9ac8aaf67f25b8f3964,aff37ddab8c1d1c2a1f90f7be0ae456586911976
scene_3_2_terminalgain_globalmax_interp_0448,family_01,448,6.541645,6.735721,0.194076,30,2,28,2.9,3.039505,3.008362,1.010352,0.194352,1.94352,2.060106,0.303165,0.04296,1.512599,0.0,scene_3.2|scene_3.2_y02_hull_dense_y02_17p64|2556|31,scene_3.2|scene_3.2_y01_hull_dense_y01_14p63|466|22,852c18a8e44bb457fede4e3ecc633aea7da80978,b0bd623e65443401cd684e753ed477c6b2cd78bf
scene_3_2_terminalgain_globalmax_interp_0449,family_01,449,6.541645,6.735721,0.194076,30,2,28,2.9,3.028169,3.008362,1.006584,0.194352,1.94352,2.058868,0.162383,0.09324,1.203761,0.0,scene_3.2|scene_3.2_y02_hull_dense_y02_17p64|2556|31,scene_3.2|scene_3.2_y01_hull_dense_y01_14p63|466|22,92a36d5902b3d213b83e592827100c9c25ddd16e,6f1ce954eda5a782b97db3c4cd11797f38d743c9
scene_3_2_terminalgain_globalmax_interp_0450,family_01,450,6.541645,6.735721,0.194076,30,2,28,2.9,3.02886,3.008362,1.006814,0.194352,1.94352,2.058962,0.021601,0.143519,1.224733,0.0,scene_3.2|scene_3.2_y02_hull_dense_y02_17p64|2556|31,scene_3.2|scene_3.2_y01_hull_dense_y01_14p63|466|22,3db6a5f730a5a7e2b28862b0e6658a4228d992e1,7559dc64054d038515ab6f326143677abab148c7
scene_3_2_terminalgain_globalmax_interp_0451,family_01,451,6.541645,6.735721,0.194076,30,2,28,2.9,3.037306,3.008362,1.009621,0.194352,1.94352,2.059832,0.11918,0.150974,1.457531,0.0,scene_3.2|scene_3.2_y02_hull_dense_y02_17p64|2556|31,scene_3.2|scene_3.2_y01_hull_dense_y01_14p63|466|22,c645d804db85bc4af2986356c8a7be0f57d5cf9c,01504e0aa6c631746a5e2b0e22bbba41802a52d8
scene_3_2_terminalgain_globalmax_interp_0452,family_01,452,6.541645,6.735721,0.194076,30,2,28,2.9,3.026181,3.008362,1.005923,0.194352,1.94352,2.058679,0.259962,0.100695,1.141485,0.0,scene_3.2|scene_3.2_y02_hull_dense_y02_17p64|2556|31,scene_3.2|scene_3.2_y01_hull_dense_y01_14p63|466|22,10fd2eb8f6c29345b4c2ba0cd1bf9d29ea67d37c,a5c484d2a68a386a8d8e919f89fe450e6261b063
scene_3_2_terminalgain_globalmax_interp_0453,family_01,453,6.541645,6.735721,0.194076,30,2,28,2.9,3.022737,3.008362,1.004778,0.194352,1.94352,2.058352,0.275009,0.050415,1.024619,0.0,scene_3.2|scene_3.2_y02_hull_dense_y02_17p64|2556|31,scene_3.2|scene_3.2_y01_hull_dense_y01_14p63|466|22,1f00621a82249b33e944e8a8d3ce366c1c0b01de,4f2ec69d2e7cf100a4efbcb041b0091be4263dce
scene_3_2_terminalgain_globalmax_interp_0454,family_01,454,6.541645,6.735721,0.194076,30,2,28,2.9,3.030214,3.008362,1.007263,0.194352,1.94352,2.05908,0.134227,0.000136,1.264842,0.0,scene_3.2|scene_3.2_y02_hull_dense_y02_17p64|2556|31,scene_3.2|scene_3.2_y01_hull_dense_y01_14p63|466|22,78ce5fb8366ea963c8f09c7b929bc11c0372b9fd,61efb71c3e3bfbeaedb669ced009a02a3938822c
scene_3_2_terminalgain_globalmax_interp_0455,family_01,455,6.541645,6.735721,0.194076,30,2,28,2.9,3.008441,3.008362,1.000026,0.194352,1.94352,2.057107,0.006554,0.050143,0.086758,0.0,scene_3.2|scene_3.2_y02_hull_dense_y02_17p64|2556|31,scene_3.2|scene_3.2_y01_hull_dense_y01_14p63|466|22,657a9fb45d88a4f34bb4c4c29edab7e128d33cbd,3c18d4d203d74617b99fc87dd675772a2469a1ce
scene_3_2_terminalgain_globalmax_interp_0456,family_01,456,6.541645,6.735721,0.194076,30,2,28,2.9,3.049424,3.008362,1.013649,0.194352,1.94352,2.061281,0.147337,0.100422,1.739991,0.0,scene_3.2|scene_3.2_y02_hull_dense_y02_17p64|2556|31,scene_3.2|scene_3.2_y01_hull_dense_y01_14p63|466|22,97f177fc5aeb81d732ad0a3b9060f4a5a03d4f3d,a857475d22e90c264bee6b6d608b56f1fe5f1cbb
scene_3_2_terminalgain_globalmax_interp_0457,family_01,457,6.541645,6.735721,0.194076,30,2,28,2.9,3.043078,3.008362,1.01154,0.194352,1.94352,2.060495,0.288119,0.150702,1.597899,0.0,scene_3.2|scene_3.2_y02_hull_dense_y02_17p64|2556|31,scene_3.2|scene_3.2_y01_hull_dense_y01_14p63|466|22,43f2db907a3739407789584b313a44881d160d65,5adff6789c04f548324980dc6b6acc3913a7427d
scene_3_2_terminalgain_globalmax_interp_0458,family_01,458,6.541645,6.735721,0.194076,30,2,28,2.9,3.009594,3.008362,1.000409,0.194352,1.94352,2.057196,0.246852,0.143791,0.299302,0.0,scene_3.2|scene_3.2_y02_hull_dense_y02_17p64|2556|31,scene_3.2|scene_3.2_y01_hull_dense_y01_14p63|466|22,50b78c2121170d6a741badc25dc07edee3ad8415,7685b6b4f435b7435fcd6d9896d5584fb1c271de
scene_3_2_terminalgain_globalmax_interp_0459,family_01,459,6.541645,6.735721,0.194076,30,2,28,2.9,3.037324,3.008362,1.009627,0.194352,1.94352,2.059834,0.106071,0.093512,1.458261,0.0,scene_3.2|scene_3.2_y02_hull_dense_y02_17p64|2556|31,scene_3.2|scene_3.2_y01_hull_dense_y01_14p63|466|22,430e2de9818583306f5e73dbe7a18665393cd64e,e9703f87d822b2352e0f3f7770a15a99c903b205
scene_3_2_terminalgain_globalmax_interp_0460,family_01,460,6.541645,6.735721,0.194076,30,2,28,2.9,3.040199,3.008362,1.010583,0.194352,1.94352,2.060173,0.034711,0.043233,1.529281,0.0,scene_3.2|scene_3.2_y02_hull_dense_y02_17p64|2556|31,scene_3.2|scene_3.2_y01_hull_dense_y01_14p63|466|22,58a35ada4d6dce8e694ae7a88bd366a7a7f01518,6b910d0492d1a99d3b263b7ecab46cad58349024
scene_3_2_terminalgain_globalmax_interp_0461,family_01,461,6.541645,6.735721,0.194076,30,2,28,2.9,3.024448,3.008362,1.005347,0.194352,1.94352,2.058498,0.175493,0.007047,1.084066,0.0,scene_3.2|scene_3.2_y02_hull_dense_y02_17p64|2556|31,scene_3.2|scene_3.2_y01_hull_dense_y01_14p63|466|22,842789096c4a25696d51d5e900bd4ed00df52327,0709dd90d01899c14e9fd0ff8c3ed4762e1dc76a
scene_3_2_terminalgain_globalmax_interp_0462,family_01,462,6.541645,6.735721,0.194076,30,2,28,2.9,3.018686,3.008362,1.003432,0.194352,1.94352,2.057982,0.316274,0.057326,0.867583,0.0,scene_3.2|scene_3.2_y02_hull_dense_y02_17p64|2556|31,scene_3.2|scene_3.2_y01_hull_dense_y01_14p63|466|22,c214d1a4e3a80d6478d76108d2154598a7076eea,0a20baafafe98a06536544850b430bc67839d8dc
scene_3_2_terminalgain_globalmax_interp_0463,family_01,463,6.541645,6.735721,0.194076,30,2,28,2.9,3.021745,3.008362,1.004449,0.194352,1.94352,2.058237,0.218696,0.107605,0.988518,0.0,scene_3.2|scene_3.2_y02_hull_dense_y02_17p64|2556|31,scene_3.2|scene_3.2_y01_hull_dense_y01_14p63|466|22,63937ef8dfef01d84fcbfc5f76e1c5dc4c6ef752,551055921f7b7c4c2773d756db080e25d6ccf4b0
scene_3_2_terminalgain_globalmax_interp_0464,family_01,464,6.541645,6.735721,0.194076,30,2,28,2.9,3.028637,3.008362,1.00674,0.194352,1.94352,2.058905,0.077914,0.157884,1.21817,0.0,scene_3.2|scene_3.2_y02_hull_dense_y02_17p64|2556|31,scene_3.2|scene_3.2_y01_hull_dense_y01_14p63|466|22,8e13f04ac8f4b29825278864ab8e5f6aba7a2a1b,7243439f328a633ad5a2e5737655a8dd431ac215
scene_3_2_terminalgain_globalmax_interp_0465,family_01,465,6.541645,6.735721,0.194076,30,2,28,2.9,3.04475,3.008362,1.012095,0.194352,1.94352,2.060708,0.062867,0.136608,1.636572,0.0,scene_3.2|scene_3.2_y02_hull_dense_y02_17p64|2556|31,scene_3.2|scene_3.2_y01_hull_dense_y01_14p63|466|22,ac8d70b61f54a2f26af2265a3455796a545287a4,d6a8b569ed0fa60fdcb6b5221dad739fc4530e3f
scene_3_2_terminalgain_globalmax_interp_0466,family_01,466,6.541645,6.735721,0.194076,30,2,28,2.9,3.014458,3.008362,1.002026,0.194352,1.94352,2.057598,0.203649,0.086329,0.666238,0.0,scene_3.2|scene_3.2_y02_hull_dense_y02_17p64|2556|31,scene_3.2|scene_3.2_y01_hull_dense_y01_14p63|466|22,40be25a8d94b8ff282a4ded2b8e460424199c40b,332abb46ed109d3c7677e25fbeb033bd59c36025
scene_3_2_terminalgain_globalmax_interp_0467,family_01,467,6.541645,6.735721,0.194076,30,2,28,2.9,3.013757,3.008362,1.001793,0.194352,1.94352,2.057537,0.344431,0.03605,0.62658,0.0,scene_3.2|scene_3.2_y02_hull_dense_y02_17p64|2556|31,scene_3.2|scene_3.2_y01_hull_dense_y01_14p63|466|22,314dc5d8dd19351b87695445edc6a54e0942d150,662b9f75b124b77e61fa07a147e2702491371adb
scene_3_2_terminalgain_globalmax_interp_0468,family_01,468,6.541645,6.735721,0.194076,30,2,28,2.9,3.049488,3.008362,1.01367,0.194352,1.94352,2.061292,0.32569,0.014229,1.741258,0.0,scene_3.2|scene_3.2_y02_hull_dense_y02_17p64|2556|31,scene_3.2|scene_3.2_y01_hull_dense_y01_14p63|466|22,f118b51d8bde5747726570d37cb076cef5bed0fa,b1b0c22c38573143fbb443f3aedb178ebf6201ac
scene_3_2_terminalgain_globalmax_interp_0469,family_01,469,6.541645,6.735721,0.194076,30,2,28,2.9,3.047558,3.008362,1.013029,0.194352,1.94352,2.061056,0.184909,0.064509,1.699203,0.0,scene_3.2|scene_3.2_y02_hull_dense_y02_17p64|2556|31,scene_3.2|scene_3.2_y01_hull_dense_y01_14p63|466|22,ca84fd194f695339cf3b6ca45fa9ed74e38bcb94,590f48676e50b2f34cb4b81a45c9c8d27710e0f0
scene_3_2_terminalgain_globalmax_interp_0470,family_01,470,6.541645,6.735721,0.194076,30,2,28,2.9,3.017049,3.008362,1.002887,0.194352,1.94352,2.057822,0.044127,0.114788,0.795487,0.0,scene_3.2|scene_3.2_y02_hull_dense_y02_17p64|2556|31,scene_3.2|scene_3.2_y01_hull_dense_y01_14p63|466|22,46824c3003b4959cd7cff8542191dfa3218d464b,9ff2c54a9d013d10b5842ef8dd8e73b035c6a9bb
scene_3_2_terminalgain_globalmax_interp_0471,family_01,471,6.541645,6.735721,0.194076,30,2,28,2.9,3.012649,3.008362,1.001425,0.194352,1.94352,2.057439,0.096655,0.165067,0.558335,0.0,scene_3.2|scene_3.2_y02_hull_dense_y02_17p64|2556|31,scene_3.2|scene_3.2_y01_hull_dense_y01_14p63|466|22,8e6f88a0711b4c46953cb02c1267009671365abd,cbb3081ab48ceab3cbad122e72f14e4c8f02c112
scene_3_2_terminalgain_globalmax_interp_0472,family_01,472,6.541645,6.735721,0.194076,30,2,28,2.9,3.052401,3.008362,1.014639,0.194352,1.94352,2.061651,0.237437,0.129426,1.802807,0.0,scene_3.2|scene_3.2_y02_hull_dense_y02_17p64|2556|31,scene_3.2|scene_3.2_y01_hull_dense_y01_14p63|466|22,2d9e88ae6f6e66ce5bd597a3684eb2434069dbc2,8ef9f1c57689ff99940319a382bdef4c8af56244
scene_3_2_terminalgain_globalmax_interp_0473,family_01,473,6.541645,6.735721,0.194076,30,2,28,2.9,3.032797,3.008362,1.008122,0.194352,1.94352,2.059337,0.297534,0.079146,1.338219,0.0,scene_3.2|scene_3.2_y02_hull_dense_y02_17p64|2556|31,scene_3.2|scene_3.2_y01_hull_dense_y01_14p63|466|22,8785068bad0698e0f35375cf23400c7adb908c7a,2413d685fa37ef7f0ce164b246985d29962f72d4
scene_3_2_terminalgain_globalmax_interp_0474,family_01,474,6.541645,6.735721,0.194076,30,2,28,2.9,3.019512,3.008362,1.003706,0.194352,1.94352,2.058056,0.156752,0.028867,0.901913,0.0,scene_3.2|scene_3.2_y02_hull_dense_y02_17p64|2556|31,scene_3.2|scene_3.2_y01_hull_dense_y01_14p63|466|22,b1cb574d4c10e33347d6642c6e00e33df3028d2d,f94efa26c0991b14558fe584b07656ae1eadf598
scene_3_2_terminalgain_globalmax_interp_0475,family_01,475,6.541645,6.735721,0.194076,30,2,28,2.9,3.021575,3.008362,1.004392,0.194352,1.94352,2.058221,0.01597,0.021412,0.982364,0.0,scene_3.2|scene_3.2_y02_hull_dense_y02_17p64|2556|31,scene_3.2|scene_3.2_y01_hull_dense_y01_14p63|466|22,61a09a9c9d18e6b6595b5ba8fd236327ddb759d5,acab3c81093009751bce7fbac44c1f8005c69e28
scene_3_2_terminalgain_globalmax_interp_0476,family_01,476,6.541645,6.735721,0.194076,30,2,28,2.9,3.020918,3.008362,1.004173,0.194352,1.94352,2.058154,0.124811,0.071691,0.957225,0.0,scene_3.2|scene_3.2_y02_hull_dense_y02_17p64|2556|31,scene_3.2|scene_3.2_y01_hull_dense_y01_14p63|466|22,b18657c06a135fc4bef00e63e8b8c50cfee64df4,1b76835f90f950b3584b2a7bf91f64870ce4454a
scene_3_2_terminalgain_globalmax_interp_0477,family_01,477,6.541645,6.735721,0.194076,30,2,28,2.9,3.040999,3.008362,1.010849,0.194352,1.94352,2.060271,0.265593,0.121971,1.548755,0.0,scene_3.2|scene_3.2_y02_hull_dense_y02_17p64|2556|31,scene_3.2|scene_3.2_y01_hull_dense_y01_14p63|466|22,69ecee28affc0cf4f56aa1c851d714f73529c842,6ab49c612fd8bdc9b633cd47f215ecebb9486e86
scene_3_2_terminalgain_globalmax_interp_0478,family_01,478,6.541645,6.735721,0.194076,30,2,28,2.9,3.037527,3.008362,1.009695,0.194352,1.94352,2.059879,0.269377,0.17225,1.463348,0.0,scene_3.2|scene_3.2_y02_hull_dense_y02_17p64|2556|31,scene_3.2|scene_3.2_y01_hull_dense_y01_14p63|466|22,49948459b36215274fe9cc51f20ba989a9607699,159c83f2612d2cb1ddeaaa105e2ab731503e17d6
scene_3_2_terminalgain_globalmax_interp_0479,family_01,479,6.541645,6.735721,0.194076,30,2,28,2.9,3.010566,3.008362,1.000733,0.194352,1.94352,2.057275,0.128596,0.171496,0.400462,0.0,scene_3.2|scene_3.2_y02_hull_dense_y02_17p64|2556|31,scene_3.2|scene_3.2_y01_hull_dense_y01_14p63|466|22,21b3d943cc9f9b392e644f91273f68ca135d0b18,fa1ab9515b77a63ccdabde878efd460600ded056
scene_3_2_terminalgain_globalmax_interp_0480,family_01,480,6.541645,6.735721,0.194076,30,2,28,2.9,3.037698,3.008362,1.009751,0.194352,1.94352,2.059891,0.012186,0.121217,1.467548,0.0,scene_3.2|scene_3.2_y02_hull_dense_y02_17p64|2556|31,scene_3.2|scene_3.2_y01_hull_dense_y01_14p63|466|22,daabb1a9bf6d4b8a6e88fa2dd9a1478da04ef9fa,0798eafb098be7017035ffc95bcedf831e59b219
scene_3_2_terminalgain_globalmax_interp_0481,family_01,481,6.541645,6.735721,0.194076,30,2,28,2.9,3.040264,3.008362,1.010604,0.194352,1.94352,2.060205,0.152968,0.070938,1.530957,0.0,scene_3.2|scene_3.2_y02_hull_dense_y02_17p64|2556|31,scene_3.2|scene_3.2_y01_hull_dense_y01_14p63|466|22,474a1f0fcf3ee0b751568778733711696ede99f1,7337beb45bffd2aa7867b1b38ae5b1b7c5854837
scene_3_2_terminalgain_globalmax_interp_0482,family_01,482,6.541645,6.735721,0.194076,30,2,28,2.9,3.010215,3.008362,1.000616,0.194352,1.94352,2.057242,0.293749,0.020659,0.367145,0.0,scene_3.2|scene_3.2_y02_hull_dense_y02_17p64|2556|31,scene_3.2|scene_3.2_y01_hull_dense_y01_14p63|466|22,bdd8df50688587b5a671f9928c11489aa3c3d4d8,539083e10e8de90fca8e73351b39f1b2af55c09c
scene_3_2_terminalgain_globalmax_interp_0483,family_01,483,6.541645,6.735721,0.194076,30,2,28,2.9,3.024006,3.008362,1.0052,0.194352,1.94352,2.058451,0.241221,0.029621,1.069187,0.0,scene_3.2|scene_3.2_y02_hull_dense_y02_17p64|2556|31,scene_3.2|scene_3.2_y01_hull_dense_y01_14p63|466|22,15e4eee9b543e754ddc6ce8bf934b296a212b2ba,a0f9926e2e2eb93d70107282b265a08f849325ae
scene_3_2_terminalgain_globalmax_interp_0484,family_01,484,6.541645,6.735721,0.194076,30,2,28,2.9,3.031901,3.008362,1.007824,0.194352,1.94352,2.059246,0.100439,0.0799,1.313228,0.0,scene_3.2|scene_3.2_y02_hull_dense_y02_17p64|2556|31,scene_3.2|scene_3.2_y01_hull_dense_y01_14p63|466|22,2ab992b0aefbffcd548c259c200b5dc787c509c9,4f2f537f6750e09ddea60b530536c7084621a2c6
scene_3_2_terminalgain_globalmax_interp_0485,family_01,485,6.541645,6.735721,0.194076,30,2,28,2.9,3.017862,3.008362,1.003158,0.194352,1.94352,2.057889,0.040343,0.130179,0.832011,0.0,scene_3.2|scene_3.2_y02_hull_dense_y02_17p64|2556|31,scene_3.2|scene_3.2_y01_hull_dense_y01_14p63|466|22,e647fbda96dcdbb6bf632efb0fbd5b210bd58a92,77e8ba4278e23c419d48c7c70a442a5ed0be54b2
scene_3_2_terminalgain_globalmax_interp_0486,family_01,486,6.541645,6.735721,0.194076,30,2,28,2.9,3.040027,3.008362,1.010525,0.194352,1.94352,2.060176,0.181124,0.164313,1.525159,0.0,scene_3.2|scene_3.2_y02_hull_dense_y02_17p64|2556|31,scene_3.2|scene_3.2_y01_hull_dense_y01_14p63|466|22,e4d63acfc1f0640f5a9551c3c11977e872ff8d27,583bcd5d9987e9089c9294f627cf2d9128d4b1ee
scene_3_2_terminalgain_globalmax_interp_0487,family_01,487,6.541645,6.735721,0.194076,30,2,28,2.9,3.029434,3.008362,1.007004,0.194352,1.94352,2.058993,0.321906,0.114034,1.241856,0.0,scene_3.2|scene_3.2_y02_hull_dense_y02_17p64|2556|31,scene_3.2|scene_3.2_y01_hull_dense_y01_14p63|466|22,ef5b6f8c4b37e50bbb58078edd9ce69a7449ae34,ea2507f80836e9a685a9a81275c88a2bae6585ae
scene_3_2_terminalgain_globalmax_interp_0488,family_01,488,6.541645,6.735721,0.194076,30,2,28,2.9,3.039717,3.008362,1.010422,0.194352,1.94352,2.060128,0.213064,0.063755,1.51796,0.0,scene_3.2|scene_3.2_y02_hull_dense_y02_17p64|2556|31,scene_3.2|scene_3.2_y01_hull_dense_y01_14p63|466|22,e67f408169d05d0a6e40cff336118bdac0f0b040,4ebe2f2bd3bfebe9205674bb4346620074d131bc
scene_3_2_terminalgain_globalmax_interp_0489,family_01,489,6.541645,6.735721,0.194076,30,2,28,2.9,3.047136,3.008362,1.012889,0.194352,1.94352,2.061023,0.072283,0.013476,1.690017,0.0,scene_3.2|scene_3.2_y02_hull_dense_y02_17p64|2556|31,scene_3.2|scene_3.2_y01_hull_dense_y01_14p63|466|22,9f8c34f7f4033a2d3772185d8aed6fd96933659c,76b9284cc803d7c14834a9ad4e42e1e4ecbe8b57
scene_3_2_terminalgain_globalmax_interp_0490,family_01,490,6.541645,6.735721,0.194076,30,2,28,2.9,3.019625,3.008362,1.003744,0.194352,1.94352,2.058059,0.068499,0.036803,0.906228,0.0,scene_3.2|scene_3.2_y02_hull_dense_y02_17p64|2556|31,scene_3.2|scene_3.2_y01_hull_dense_y01_14p63|466|22,7c0480878d626b50f1a6864bc307b775698f7bb4,8662f125499f19cafd9b769d0dbafcb5aa805265
scene_3_2_terminalgain_globalmax_interp_0491,family_01,491,6.541645,6.735721,0.194076,30,2,28,2.9,3.016193,3.008362,1.002603,0.194352,1.94352,2.057753,0.209281,0.087083,0.75522,0.0,scene_3.2|scene_3.2_y02_hull_dense_y02_17p64|2556|31,scene_3.2|scene_3.2_y01_hull_dense_y01_14p63|466|22,9c5228d33dbbfe9d16ffd9236d1c9b33c0130693,078e674cd46d1ac57d7ebec870e35131b7e0ccbe
scene_3_2_terminalgain_globalmax_interp_0492,family_01,492,6.541645,6.735721,0.194076,30,2,28,2.9,3.033027,3.008362,1.008199,0.194352,1.94352,2.059369,0.350062,0.137362,1.344671,0.0,scene_3.2|scene_3.2_y02_hull_dense_y02_17p64|2556|31,scene_3.2|scene_3.2_y01_hull_dense_y01_14p63|466|22,8796a7ead44e6f58417918584f2098bf73226df7,c53933557e4d1caf06a5235196bc65fae671c1db
scene_3_2_terminalgain_globalmax_interp_0493,family_01,493,6.541645,6.735721,0.194076,30,2,28,2.9,3.030127,3.008362,1.007235,0.194352,1.94352,2.059062,0.347089,0.157131,1.262298,0.0,scene_3.2|scene_3.2_y02_hull_dense_y02_17p64|2556|31,scene_3.2|scene_3.2_y01_hull_dense_y01_14p63|466|22,946ba1ab6a32f97229cf62b8a3c00961479d9652,93c843b39f50add001464d03d402b600317f5be3
scene_3_2_terminalgain_globalmax_interp_0494,family_01,494,6.541645,6.735721,0.194076,30,2,28,2.9,3.013013,3.008362,1.001546,0.194352,1.94352,2.057476,0.206308,0.106851,0.581792,0.0,scene_3.2|scene_3.2_y02_hull_dense_y02_17p64|2556|31,scene_3.2|scene_3.2_y01_hull_dense_y01_14p63|466|22,e52be0f9aa1523cea27804daefbfe1cbb20c577e,dd634d5ab0ea0467de3ad3b398ce1c93a1ae22cb
scene_3_2_terminalgain_globalmax_interp_0495,family_01,495,6.541645,6.735721,0.194076,30,2,28,2.9,3.038599,3.008362,1.010051,0.194352,1.94352,2.059967,0.065526,0.056572,1.490035,0.0,scene_3.2|scene_3.2_y02_hull_dense_y02_17p64|2556|31,scene_3.2|scene_3.2_y01_hull_dense_y01_14p63|466|22,58c9936acf0a7c974f60cc3eb990121bb2520bf8,8f6b7658dcd52ec09e7843302efd7f54c2860a92
scene_3_2_terminalgain_globalmax_interp_0496,family_01,496,6.541645,6.735721,0.194076,30,2,28,2.9,3.053569,3.008362,1.015027,0.194352,1.94352,2.06181,0.075257,0.006293,1.827042,0.0,scene_3.2|scene_3.2_y02_hull_dense_y02_17p64|2556|31,scene_3.2|scene_3.2_y01_hull_dense_y01_14p63|466|22,2030adb19b64373975b2ae2a3d6d66f016c14f44,416f44fb033bfa7026b2d6c648779f0d0875f67d
scene_3_2_terminalgain_globalmax_interp_0497,family_01,497,6.541645,6.735721,0.194076,30,2,28,2.9,3.034358,3.008362,1.008641,0.194352,1.94352,2.059525,0.216038,0.043986,1.38054,0.0,scene_3.2|scene_3.2_y02_hull_dense_y02_17p64|2556|31,scene_3.2|scene_3.2_y01_hull_dense_y01_14p63|466|22,4f034731d79b5415cb24988ce234eac896bdc295,cd16b3c1921b7c3206d4871dbf7cb4804657fe2a
scene_3_2_terminalgain_globalmax_interp_0498,family_01,498,6.541645,6.735721,0.194076,30,2,28,2.9,3.013602,3.008362,1.001742,0.194352,1.94352,2.057513,0.318933,0.094265,0.61758,0.0,scene_3.2|scene_3.2_y02_hull_dense_y02_17p64|2556|31,scene_3.2|scene_3.2_y01_hull_dense_y01_14p63|466|22,81181ecf0651c1bf69e38e709298fe54d0325493,233a41e4c4e56e754f87ae0f45696720569164c4
scene_3_2_terminalgain_globalmax_interp_0499,family_01,499,6.541645,6.735721,0.194076,30,2,28,2.9,3.028957,3.008362,1.006846,0.194352,1.94352,2.058955,0.178151,0.144545,1.227748,0.0,scene_3.2|scene_3.2_y02_hull_dense_y02_17p64|2556|31,scene_3.2|scene_3.2_y01_hull_dense_y01_14p63|466|22,3795a754ea64df1a1075cd01fb8a344e6bff1cee,66bbce88c0d0661711796bcaec7d8d24e15423f3
scene_3_2_terminalgain_globalmax_interp_0500,family_01,500,6.541645,6.735721,0.194076,30,2,28,2.9,3.020856,3.008362,1.004153,0.194352,1.94352,2.058159,0.037369,0.149948,0.954689,0.0,scene_3.2|scene_3.2_y02_hull_dense_y02_17p64|2556|31,scene_3.2|scene_3.2_y01_hull_dense_y01_14p63|466|22,74bc6f2d50076fc1b86962a0c1a624e42e9f5bba,a867e593ec320a9c088fd8c580c17518e12ac06c
scene_3_2_terminalgain_globalmax_interp_0501,family_01,501,6.541645,6.735721,0.194076,30,2,28,2.9,3.031936,3.008362,1.007836,0.194352,1.94352,2.059251,0.103412,0.099669,1.314107,0.0,scene_3.2|scene_3.2_y02_hull_dense_y02_17p64|2556|31,scene_3.2|scene_3.2_y01_hull_dense_y01_14p63|466|22,73347e850e38717320a148406dca2cc76d72acd1,cc5a38ca1793c5e824022c2f24dd3eed61230ff2
scene_3_2_terminalgain_globalmax_interp_0502,family_01,502,6.541645,6.735721,0.194076,30,2,28,2.9,3.020723,3.008362,1.004109,0.194352,1.94352,2.058169,0.244194,0.049389,0.949594,0.0,scene_3.2|scene_3.2_y02_hull_dense_y02_17p64|2556|31,scene_3.2|scene_3.2_y01_hull_dense_y01_14p63|466|22,bd310c6d4075bcb9ffac2b46d0df904cace2b820,dee8709c19e58222ed1686f785302d203ac663a4
scene_3_2_terminalgain_globalmax_interp_0503,family_01,503,6.541645,6.735721,0.194076,30,2,28,2.9,3.009678,3.008362,1.000437,0.194352,1.94352,2.057196,0.290776,0.00089,0.309322,0.0,scene_3.2|scene_3.2_y02_hull_dense_y02_17p64|2556|31,scene_3.2|scene_3.2_y01_hull_dense_y01_14p63|466|22,85b91372b4e47ce58a0ab0b819372796851fc28d,ae4858f5bc845b08b627ffb6dfd0ecbe9be42d4a
scene_3_2_terminalgain_globalmax_interp_0504,family_01,504,6.541645,6.735721,0.194076,30,2,28,2.9,3.053644,3.008362,1.015052,0.194352,1.94352,2.061794,0.149995,0.051169,1.828724,0.0,scene_3.2|scene_3.2_y02_hull_dense_y02_17p64|2556|31,scene_3.2|scene_3.2_y01_hull_dense_y01_14p63|466|22,b73e6e87d10ee5d0e64fd038115fd351c7713999,cd92edeeca3a83a10fdbfb8b5b915a80574190d0
scene_3_2_terminalgain_globalmax_interp_0505,family_01,505,6.541645,6.735721,0.194076,30,2,28,2.9,3.058619,3.008362,1.016706,0.194352,1.94352,2.062528,0.009213,0.101448,1.928156,0.0,scene_3.2|scene_3.2_y02_hull_dense_y02_17p64|2556|31,scene_3.2|scene_3.2_y01_hull_dense_y01_14p63|466|22,13afae07a1aafdb26ec0c1f39933bd3f0dddd3a7,7a0b4d6148c386ff6e17264c9478d1128cfce73c
scene_3_2_terminalgain_globalmax_interp_0506,family_01,506,6.541645,6.735721,0.194076,30,2,28,2.9,3.009822,3.008362,1.000485,0.194352,1.94352,2.057221,0.131569,0.151727,0.325715,0.0,scene_3.2|scene_3.2_y02_hull_dense_y02_17p64|2556|31,scene_3.2|scene_3.2_y01_hull_dense_y01_14p63|466|22,defe83eb8e2db6030a9e89f3b551f66e8875b6a1,bb1ba524e4234b578fa79583cfe98b1e41211719
scene_3_2_terminalgain_globalmax_interp_0507,family_01,507,6.541645,6.735721,0.194076,30,2,28,2.9,3.020893,3.008362,1.004165,0.194352,1.94352,2.058166,0.27235,0.142765,0.956291,0.0,scene_3.2|scene_3.2_y02_hull_dense_y02_17p64|2556|31,scene_3.2|scene_3.2_y01_hull_dense_y01_14p63|466|22,d644e1380d2f86a85ad7b908ccfcc2531bac76bb,3b65ba6ba6dc1750d4731d2b2b9cd3a76ff1b8b6
scene_3_2_terminalgain_globalmax_interp_0508,family_01,508,6.541645,6.735721,0.194076,30,2,28,2.9,3.031508,3.008362,1.007694,0.194352,1.94352,2.059217,0.26262,0.092486,1.302098,0.0,scene_3.2|scene_3.2_y02_hull_dense_y02_17p64|2556|31,scene_3.2|scene_3.2_y01_hull_dense_y01_14p63|466|22,0e5e41a8165c76623e899aa3814b2d812f0a153f,416ea675752296ba476794c96a017961ae3e60c3
scene_3_2_terminalgain_globalmax_interp_0509,family_01,509,6.541645,6.735721,0.194076,30,2,28,2.9,3.022947,3.008362,1.004848,0.194352,1.94352,2.058346,0.121838,0.042207,1.032097,0.0,scene_3.2|scene_3.2_y02_hull_dense_y02_17p64|2556|31,scene_3.2|scene_3.2_y01_hull_dense_y01_14p63|466|22,097e1467167bd6ffd186e5946ba2123b734bcfbd,d47ce76a452d94afe1347eedc30e79f05422cf79
scene_3_2_terminalgain_globalmax_interp_0510,family_01,510,6.541645,6.735721,0.194076,30,2,28,2.9,3.0261,3.008362,1.005896,0.194352,1.94352,2.058682,0.018944,0.008072,1.138785,0.0,scene_3.2|scene_3.2_y02_hull_dense_y02_17p64|2556|31,scene_3.2|scene_3.2_y01_hull_dense_y01_14p63|466|22,dc2b5daeffc835b34bed526820522435bd374980,508e3fed7db94b0465bfaca96080c21f2254c901
scene_3_2_terminalgain_globalmax_interp_0511,family_01,511,6.541645,6.735721,0.194076,30,2,28,2.9,3.015129,3.008362,1.002249,0.194352,1.94352,2.057651,0.159725,0.058352,0.701967,0.0,scene_3.2|scene_3.2_y02_hull_dense_y02_17p64|2556|31,scene_3.2|scene_3.2_y01_hull_dense_y01_14p63|466|22,fa6951a5e374191c13eeff2fb9104c5bfa4f814c,01b9a9cfe398e63983562afd4deb5921234b7b66
scene_3_2_terminalgain_globalmax_interp_0512,family_01,512,6.541645,6.735721,0.194076,30,2,28,2.9,3.030944,3.008362,1.007506,0.194352,1.94352,2.059157,0.300507,0.108631,1.286015,0.0,scene_3.2|scene_3.2_y02_hull_dense_y02_17p64|2556|31,scene_3.2|scene_3.2_y01_hull_dense_y01_14p63|466|22,94abb94493a0117d2d6e09e5ee523c7f2792a886,b827b549320af6e1292f552e97606476b53192c4
scene_3_2_terminalgain_globalmax_interp_0513,family_01,513,6.541645,6.735721,0.194076,30,2,28,2.9,3.053889,3.008362,1.015133,0.194352,1.94352,2.061843,0.234463,0.15891,1.83355,0.0,scene_3.2|scene_3.2_y02_hull_dense_y02_17p64|2556|31,scene_3.2|scene_3.2_y01_hull_dense_y01_14p63|466|22,11b469587aaf6c4bbd9c8e52db9b5e2d4bd132ce,64b25733754a004a6bb4827ca2b6c7ea2d1b9576
scene_3_2_terminalgain_globalmax_interp_0514,family_01,514,6.541645,6.735721,0.194076,30,2,28,2.9,3.029336,3.008362,1.006972,0.194352,1.94352,2.059009,0.093681,0.135582,1.23906,0.0,scene_3.2|scene_3.2_y02_hull_dense_y02_17p64|2556|31,scene_3.2|scene_3.2_y01_hull_dense_y01_14p63|466|22,9b27ed44c96d789db640a39de6da855df7daee64,135e8104b45158ef52d59d13d316dc7aa81f0756
scene_3_2_terminalgain_globalmax_interp_0515,family_01,515,6.541645,6.735721,0.194076,30,2,28,2.9,3.011876,3.008362,1.001168,0.194352,1.94352,2.057379,0.0471,0.085303,0.505691,0.0,scene_3.2|scene_3.2_y02_hull_dense_y02_17p64|2556|31,scene_3.2|scene_3.2_y01_hull_dense_y01_14p63|466|22,50a0606c40224722930d7ab16ca896a33dab237a,28cf2be7ac2868f44c246edb2bd6037d9fc42689
scene_3_2_terminalgain_globalmax_interp_0516,family_01,516,6.541645,6.735721,0.194076,30,2,28,2.9,3.032214,3.008362,1.007928,0.194352,1.94352,2.059296,0.187882,0.035024,1.322104,0.0,scene_3.2|scene_3.2_y02_hull_dense_y02_17p64|2556|31,scene_3.2|scene_3.2_y01_hull_dense_y01_14p63|466|22,f3310d62b9ac6f7ee8ef89ab910066815a9c6ef9,e40ede103c098529d4dd5495d02faf890114d0e3
scene_3_2_terminalgain_globalmax_interp_0517,family_01,517,6.541645,6.735721,0.194076,30,2,28,2.9,3.02839,3.008362,1.006657,0.194352,1.94352,2.058892,0.328664,0.015255,1.210498,0.0,scene_3.2|scene_3.2_y02_hull_dense_y02_17p64|2556|31,scene_3.2|scene_3.2_y01_hull_dense_y01_14p63|466|22,11559d0005a21067dacc7eaeebd968740fa5b16e,53b447ec81970ac7859c18d8c1dd95a61dcadf0b
scene_3_2_terminalgain_globalmax_interp_0518,family_01,518,6.541645,6.735721,0.194076,30,2,28,2.9,3.014748,3.008362,1.002123,0.194352,1.94352,2.057602,0.341458,0.065534,0.682003,0.0,scene_3.2|scene_3.2_y02_hull_dense_y02_17p64|2556|31,scene_3.2|scene_3.2_y01_hull_dense_y01_14p63|466|22,71728f928ababdb12384e7059b8ce458ed5601b6,a19c2b87fbbe1c6f9956dfc682e7b5a8271a9588
scene_3_2_terminalgain_globalmax_interp_0519,family_01,519,6.541645,6.735721,0.194076,30,2,28,2.9,3.0264,3.008362,1.005996,0.194352,1.94352,2.058674,0.200676,0.115814,1.148457,0.0,scene_3.2|scene_3.2_y02_hull_dense_y02_17p64|2556|31,scene_3.2|scene_3.2_y01_hull_dense_y01_14p63|466|22,d3b484803d8f1ea2396bbdb1a338794a4ceb5d5a,ece95b0c1c719d211926c0bf7fbceb3d4689e3ea
scene_3_2_terminalgain_globalmax_interp_0520,family_01,520,6.541645,6.735721,0.194076,30,2,28,2.9,3.039784,3.008362,1.010445,0.194352,1.94352,2.060119,0.059894,0.166093,1.519553,0.0,scene_3.2|scene_3.2_y02_hull_dense_y02_17p64|2556|31,scene_3.2|scene_3.2_y01_hull_dense_y01_14p63|466|22,ba9687d3c5588979e691727db12ec15470fda957,dae176b162794f0cb81554255aa772d29318df3f
scene_3_2_terminalgain_globalmax_interp_0521,family_01,521,6.541645,6.735721,0.194076,30,2,28,2.9,3.040277,3.008362,1.010609,0.194352,1.94352,2.060186,0.080887,0.1284,1.531356,0.0,scene_3.2|scene_3.2_y02_hull_dense_y02_17p64|2556|31,scene_3.2|scene_3.2_y01_hull_dense_y01_14p63|466|22,f6ee9ec9a4a5f05aea2d2aad6c6a45fbac3d13b2,78a62ec1cd45533051ddb71a25eb225adde55d50
scene_3_2_terminalgain_globalmax_interp_0522,family_01,522,6.541645,6.735721,0.194076,30,2,28,2.9,3.038256,3.008362,1.009937,0.194352,1.94352,2.059963,0.221669,0.07812,1.481657,0.0,scene_3.2|scene_3.2_y02_hull_dense_y02_17p64|2556|31,scene_3.2|scene_3.2_y01_hull_dense_y01_14p63|466|22,a8e18955600b1322b7cbfe8d093702769941b8e7,028f3deefbfe156c281dec6fb9aa073e6288cfaa
scene_3_2_terminalgain_globalmax_interp_0523,family_01,523,6.541645,6.735721,0.194076,30,2,28,2.9,3.045212,3.008362,1.012249,0.194352,1.94352,2.060774,0.313301,0.027841,1.647167,0.0,scene_3.2|scene_3.2_y02_hull_dense_y02_17p64|2556|31,scene_3.2|scene_3.2_y01_hull_dense_y01_14p63|466|22,f7a19c7f5f00627a5014595dfb726b5dabb0f344,66fb6c41dba1a5ba7b2fe28a6fe0d88f3b24d77b
scene_3_2_terminalgain_globalmax_interp_0524,family_01,524,6.541645,6.735721,0.194076,30,2,28,2.9,3.020545,3.008362,1.00405,0.194352,1.94352,2.058149,0.172519,0.022438,0.94258,0.0,scene_3.2|scene_3.2_y02_hull_dense_y02_17p64|2556|31,scene_3.2|scene_3.2_y01_hull_dense_y01_14p63|466|22,624cf7f0ed3f8ea5b7be7f78ab70e8e2dd5be69e,4cdfce1219705dc67bca1bcb1034bcc7fb4a701c
scene_3_2_terminalgain_globalmax_interp_0525,family_01,525,6.541645,6.735721,0.194076,30,2,28,2.9,3.028017,3.008362,1.006533,0.194352,1.94352,2.058872,0.031738,0.072717,1.199037,0.0,scene_3.2|scene_3.2_y02_hull_dense_y02_17p64|2556|31,scene_3.2|scene_3.2_y01_hull_dense_y01_14p63|466|22,a835970b1c5ffd3308c9d7a8d5aaa3d149273425,cbecf5583bb93ece664d61e6fea56d7ae838d025
scene_3_2_terminalgain_globalmax_interp_0526,family_01,526,6.541645,6.735721,0.194076,30,2,28,2.9,3.029131,3.008362,1.006904,0.194352,1.94352,2.058948,0.109044,0.122996,1.232612,0.0,scene_3.2|scene_3.2_y02_hull_dense_y02_17p64|2556|31,scene_3.2|scene_3.2_y01_hull_dense_y01_14p63|466|22,777d7f08cb23f9a18e5125679917f4a184e2dd06,80311c8fe89cc1e95b4ca345ed10c065316e7047
scene_3_2_terminalgain_globalmax_interp_0527,family_01,527,6.541645,6.735721,0.194076,30,2,28,2.9,3.010105,3.008362,1.000579,0.194352,1.94352,2.057243,0.249826,0.173276,0.356054,0.0,scene_3.2|scene_3.2_y02_hull_dense_y02_17p64|2556|31,scene_3.2|scene_3.2_y01_hull_dense_y01_14p63|466|22,861348e5d001994753c709c06f37ab417c3fe4c6,59622a2445130f33ec5a9acc1dffe1618d4d0fb4
scene_3_2_terminalgain_globalmax_interp_0528,family_01,528,6.541645,6.735721,0.194076,30,2,28,2.9,3.0376,3.008362,1.009719,0.194352,1.94352,2.059847,0.285144,0.170469,1.46506,0.0,scene_3.2|scene_3.2_y02_hull_dense_y02_17p64|2556|31,scene_3.2|scene_3.2_y01_hull_dense_y01_14p63|466|22,792d128a84dfeccd246e515d94bc0995b32432f4,861222d5cfecca9e046c8b552f3d1e867d618061
scene_3_2_terminalgain_globalmax_interp_0529,family_01,529,6.541645,6.735721,0.194076,30,2,28,2.9,3.039367,3.008362,1.010306,0.194352,1.94352,2.060055,0.144363,0.12019,1.509262,0.0,scene_3.2|scene_3.2_y02_hull_dense_y02_17p64|2556|31,scene_3.2|scene_3.2_y01_hull_dense_y01_14p63|466|22,388eed2148bac58c9664c4d2474c1496694c3dfa,e2a2b8a1161b795e92d3ecca1ec5f25529aeacd9
scene_3_2_terminalgain_globalmax_interp_0530,family_01,530,6.541645,6.735721,0.194076,30,2,28,2.9,3.00966,3.008362,1.000431,0.194352,1.94352,2.057204,0.003581,0.069911,0.307186,0.0,scene_3.2|scene_3.2_y02_hull_dense_y02_17p64|2556|31,scene_3.2|scene_3.2_y01_hull_dense_y01_14p63|466|22,248dabe20fe86604a4c9878eb7d95a1ceed4c741,d927f3c4b9fbdb631cfcd7247ddf84bfdd67dac6
scene_3_2_terminalgain_globalmax_interp_0531,family_01,531,6.541645,6.735721,0.194076,30,2,28,2.9,3.031434,3.008362,1.007669,0.194352,1.94352,2.059207,0.137201,0.019632,1.300023,0.0,scene_3.2|scene_3.2_y02_hull_dense_y02_17p64|2556|31,scene_3.2|scene_3.2_y01_hull_dense_y01_14p63|466|22,31cbe63fc4b97c6696c92cc9ffb0da93513e1c3e,3bf69c14995131adf296601e481be46aa7de7f2e
scene_3_2_terminalgain_globalmax_interp_0532,family_01,532,6.541645,6.735721,0.194076,30,2,28,2.9,3.047667,3.008362,1.013065,0.194352,1.94352,2.061045,0.277982,0.030648,1.701817,0.0,scene_3.2|scene_3.2_y02_hull_dense_y02_17p64|2556|31,scene_3.2|scene_3.2_y01_hull_dense_y01_14p63|466|22,24412d269b615132cd54c20fddff22bf06564808,8062581af144901b86fcdf1a8a0755f5a460d3ab
scene_3_2_terminalgain_globalmax_interp_0533,family_01,533,6.541645,6.735721,0.194076,30,2,28,2.9,3.021112,3.008362,1.004238,0.194352,1.94352,2.058191,0.256989,0.080926,0.964613,0.0,scene_3.2|scene_3.2_y02_hull_dense_y02_17p64|2556|31,scene_3.2|scene_3.2_y01_hull_dense_y01_14p63|466|22,f843292ded30d059fbbc76c2f5d85738a28d6be0,4e6ef45826a334874aff63d07646267892f8c6cc
scene_3_2_terminalgain_globalmax_interp_0534,family_01,534,6.541645,6.735721,0.194076,30,2,28,2.9,3.019178,3.008362,1.003595,0.194352,1.94352,2.058013,0.116207,0.131205,0.88811,0.0,scene_3.2|scene_3.2_y02_hull_dense_y02_17p64|2556|31,scene_3.2|scene_3.2_y01_hull_dense_y01_14p63|466|22,109beda1e4e8255c91c549c7c55d300ee62bc98a,5eb4c10e597917e8270506a6522212422254d318
scene_3_2_terminalgain_globalmax_interp_0535,family_01,535,6.541645,6.735721,0.194076,30,2,28,2.9,3.023506,3.008362,1.005034,0.194352,1.94352,2.05843,0.024574,0.163287,1.051745,0.0,scene_3.2|scene_3.2_y02_hull_dense_y02_17p64|2556|31,scene_3.2|scene_3.2_y01_hull_dense_y01_14p63|466|22,15194e6ff9c75dca2041950772c4101c5da9e43b,adffa0f3b5c61e0ff0c3f0a84a6341d74d109765
scene_3_2_terminalgain_globalmax_interp_0536,family_01,536,6.541645,6.735721,0.194076,30,2,28,2.9,3.034189,3.008362,1.008585,0.194352,1.94352,2.059515,0.165357,0.113007,1.376141,0.0,scene_3.2|scene_3.2_y02_hull_dense_y02_17p64|2556|31,scene_3.2|scene_3.2_y01_hull_dense_y01_14p63|466|22,29a117751cc26c9542811abb389568939ddceb65,283c0c0909b9266ee1256fe038a327e815536cac
scene_3_2_terminalgain_globalmax_interp_0537,family_01,537,6.541645,6.735721,0.194076,30,2,28,2.9,3.046345,3.008362,1.012626,0.194352,1.94352,2.060886,0.306139,0.062728,1.672504,0.0,scene_3.2|scene_3.2_y02_hull_dense_y02_17p64|2556|31,scene_3.2|scene_3.2_y01_hull_dense_y01_14p63|466|22,e54e7dc14d23f224b9b96adf1dc1d526536ffbb1,dad7a5c1e2783b9a33676d3b9b8b916783be6dd1
scene_3_2_terminalgain_globalmax_interp_0538,family_01,538,6.541645,6.735721,0.194076,30,2,28,2.9,3.015536,3.008362,1.002385,0.194352,1.94352,2.057681,0.228832,0.012449,0.722844,0.0,scene_3.2|scene_3.2_y02_hull_dense_y02_17p64|2556|31,scene_3.2|scene_3.2_y01_hull_dense_y01_14p63|466|22,dbf7ed3dc4eebdd4003635b97d14e4cafd0e7536,4dd335f5b8c70f1c62fdbc170cce986fe40eefba
scene_3_2_terminalgain_globalmax_interp_0539,family_01,539,6.541645,6.735721,0.194076,30,2,28,2.9,3.014655,3.008362,1.002092,0.194352,1.94352,2.05761,0.088051,0.037829,0.677074,0.0,scene_3.2|scene_3.2_y02_hull_dense_y02_17p64|2556|31,scene_3.2|scene_3.2_y01_hull_dense_y01_14p63|466|22,9c43b374b5f9c83a43f79d1f601b60f35a91f59d,31261323258a6f2c8ca6614c0daf5db1c62cc9bf
scene_3_2_terminalgain_globalmax_interp_0540,family_01,540,6.541645,6.735721,0.194076,30,2,28,2.9,3.042672,3.008362,1.011405,0.194352,1.94352,2.060464,0.052731,0.088109,1.58861,0.0,scene_3.2|scene_3.2_y02_hull_dense_y02_17p64|2556|31,scene_3.2|scene_3.2_y01_hull_dense_y01_14p63|466|22,231647a218641e6a8480aec8e790c6950540e547,2c2e6f4f194deace98f2f753ed239a7f51d2d418
scene_3_2_terminalgain_globalmax_interp_0541,family_01,541,6.541645,6.735721,0.194076,30,2,28,2.9,3.04334,3.008362,1.011627,0.194352,1.94352,2.060545,0.193513,0.138388,1.60415,0.0,scene_3.2|scene_3.2_y02_hull_dense_y02_17p64|2556|31,scene_3.2|scene_3.2_y01_hull_dense_y01_14p63|466|22,18365285e4f6ebc0d53318da35673475cad96b62,d4f1f3243d0b1c25db5698f5b5c05708d50b146e
scene_3_2_terminalgain_globalmax_interp_0542,family_01,542,6.541645,6.735721,0.194076,30,2,28,2.9,3.013094,3.008362,1.001573,0.194352,1.94352,2.057477,0.334294,0.156104,0.58683,0.0,scene_3.2|scene_3.2_y02_hull_dense_y02_17p64|2556|31,scene_3.2|scene_3.2_y01_hull_dense_y01_14p63|466|22,c4b29a23521523f03af1aeb22de1fedba1d9854d,7e8c97720784adeb42434906c57d3b41b03914ef
scene_3_2_terminalgain_globalmax_interp_0543,family_01,543,6.541645,6.735721,0.194076,30,2,28,2.9,3.016748,3.008362,1.002788,0.194352,1.94352,2.057802,0.335827,0.105825,0.781644,0.0,scene_3.2|scene_3.2_y02_hull_dense_y02_17p64|2556|31,scene_3.2|scene_3.2_y01_hull_dense_y01_14p63|466|22,4a1a3a8d934056eb64ae5d6bf6b69fda92239b7c,f9ecfbaea34a6e25d778624cd1d50a46f67ba4ea
scene_3_2_terminalgain_globalmax_interp_0544,family_01,544,6.541645,6.735721,0.194076,30,2,28,2.9,3.042467,3.008362,1.011336,0.194352,1.94352,2.060438,0.195044,0.055545,1.583813,0.0,scene_3.2|scene_3.2_y02_hull_dense_y02_17p64|2556|31,scene_3.2|scene_3.2_y01_hull_dense_y01_14p63|466|22,ecf5a726a26c72bbdfa2fbfa46c3701d8e0d6dfc,aef1e3b359301e6c6349ad001a452fe20c52c554
scene_3_2_terminalgain_globalmax_interp_0545,family_01,545,6.541645,6.735721,0.194076,30,2,28,2.9,3.027262,3.008362,1.006282,0.194352,1.94352,2.058761,0.054262,0.005266,1.175834,0.0,scene_3.2|scene_3.2_y02_hull_dense_y02_17p64|2556|31,scene_3.2|scene_3.2_y01_hull_dense_y01_14p63|466|22,25a8e27c80f329f74fbc597700ac70f8c6f64867,68e38c3856e5b51b3cafaedd773f888452ca3d96
scene_3_2_terminalgain_globalmax_interp_0546,family_01,546,6.541645,6.735721,0.194076,30,2,28,2.9,3.02596,3.008362,1.005849,0.194352,1.94352,2.058656,0.086519,0.045012,1.13429,0.0,scene_3.2|scene_3.2_y02_hull_dense_y02_17p64|2556|31,scene_3.2|scene_3.2_y01_hull_dense_y01_14p63|466|22,667b7ef511885ee5444be5c429937db9857cd8d3,d71b41516c0e4e0c09aad249533bb110a53ee7b0
scene_3_2_terminalgain_globalmax_interp_0547,family_01,547,6.541645,6.735721,0.194076,30,2,28,2.9,3.015631,3.008362,1.002416,0.194352,1.94352,2.057711,0.227301,0.095291,0.727662,0.0,scene_3.2|scene_3.2_y02_hull_dense_y02_17p64|2556|31,scene_3.2|scene_3.2_y01_hull_dense_y01_14p63|466|22,b7beaa518693679a654575e8a187daf735ae9f27,c082c9ef075715ea6fcaab8100381ccd29623f77
scene_3_2_terminalgain_globalmax_interp_0548,family_01,548,6.541645,6.735721,0.194076,30,2,28,2.9,3.026999,3.008362,1.006195,0.194352,1.94352,2.058738,0.30767,0.145571,1.167395,0.0,scene_3.2|scene_3.2_y02_hull_dense_y02_17p64|2556|31,scene_3.2|scene_3.2_y01_hull_dense_y01_14p63|466|22,f5c628bb4b70e1a5b75f08d52bc335643e41a589,393207f9d8128aaff6802cd19de603b7c34039e0
scene_3_2_terminalgain_globalmax_interp_0549,family_01,549,6.541645,6.735721,0.194076,30,2,28,2.9,3.0443,3.008362,1.011946,0.194352,1.94352,2.060642,0.166889,0.148921,1.626182,0.0,scene_3.2|scene_3.2_y02_hull_dense_y02_17p64|2556|31,scene_3.2|scene_3.2_y01_hull_dense_y01_14p63|466|22,d369115c1fd5d56defd9e21602c0eb47e6c5a800,01fae3e897112aefb501687f2115f420eed4f643
scene_3_2_terminalgain_globalmax_interp_0550,family_01,550,6.541645,6.735721,0.194076,30,2,28,2.9,3.043999,3.008362,1.011846,0.194352,1.94352,2.060627,0.026107,0.098642,1.619204,0.0,scene_3.2|scene_3.2_y02_hull_dense_y02_17p64|2556|31,scene_3.2|scene_3.2_y01_hull_dense_y01_14p63|466|22,bb76ab128cf7fc0617169eab81c87f8196adca9f,889244e5df3518f7c6da75f69be72b030bf3ef56
scene_3_2_terminalgain_globalmax_interp_0551,family_01,551,6.541645,6.735721,0.194076,30,2,28,2.9,3.011124,3.008362,1.000918,0.194352,1.94352,2.057317,0.114675,0.048363,0.448419,0.0,scene_3.2|scene_3.2_y02_hull_dense_y02_17p64|2556|31,scene_3.2|scene_3.2_y01_hull_dense_y01_14p63|466|22,7bffb36716b20215cefe2fa0b9438fbed6bdc561,5019b74a19c612f414921218cc9bd572146bd349
scene_3_2_terminalgain_globalmax_interp_0552,family_01,552,6.541645,6.735721,0.194076,30,2,28,2.9,3.042023,3.008362,1.011189,0.194352,1.94352,2.060381,0.255457,0.001917,1.573567,0.0,scene_3.2|scene_3.2_y02_hull_dense_y02_17p64|2556|31,scene_3.2|scene_3.2_y01_hull_dense_y01_14p63|466|22,445ffe6f48487e345fa184ad42be88bc7e2fcaf6,be6789cf03a1405f62ec4ed648cc47959e722f9b
scene_3_2_terminalgain_globalmax_interp_0553,family_01,553,6.541645,6.735721,0.194076,30,2,28,2.9,3.054905,3.008362,1.015471,0.194352,1.94352,2.061992,0.279514,0.052195,1.854181,0.0,scene_3.2|scene_3.2_y02_hull_dense_y02_17p64|2556|31,scene_3.2|scene_3.2_y01_hull_dense_y01_14p63|466|22,3b3e6802a349a034c6e07a47e963a1f6d675dbfe,eab0d54af60fe469dbd696b88f445aa8c83558e2
scene_3_2_terminalgain_globalmax_interp_0554,family_01,554,6.541645,6.735721,0.194076,30,2,28,2.9,3.008544,3.008362,1.00006,0.194352,1.94352,2.057114,0.138732,0.102474,0.118024,0.0,scene_3.2|scene_3.2_y02_hull_dense_y02_17p64|2556|31,scene_3.2|scene_3.2_y01_hull_dense_y01_14p63|466|22,72170da8849a4a30b60146f25012d187c5b47477,0816c0954d6ead90d8235cf1a89f54000a684dc5
scene_3_2_terminalgain_globalmax_interp_0555,family_01,555,6.541645,6.735721,0.194076,30,2,28,2.9,3.026537,3.008362,1.006042,0.194352,1.94352,2.058707,0.00205,0.152753,1.152793,0.0,scene_3.2|scene_3.2_y02_hull_dense_y02_17p64|2556|31,scene_3.2|scene_3.2_y01_hull_dense_y01_14p63|466|22,8693ae75d6827a2a643fc012d8bf5bd94ee7942f,f35032219ce5e694826cdf71afecd7cc26d7c52a
scene_3_2_terminalgain_globalmax_interp_0556,family_01,556,6.541645,6.735721,0.194076,30,2,28,2.9,3.025175,3.008362,1.005589,0.194352,1.94352,2.058565,0.142831,0.141738,1.108542,0.0,scene_3.2|scene_3.2_y02_hull_dense_y02_17p64|2556|31,scene_3.2|scene_3.2_y01_hull_dense_y01_14p63|466|22,fc2a80f553e1a5f750e2b409e767aedcc9f8d1f2,786e49b37f2651a66cc04edeea3a6bbdaddbed4c
scene_3_2_terminalgain_globalmax_interp_0557,family_01,557,6.541645,6.735721,0.194076,30,2,28,2.9,3.025683,3.008362,1.005758,0.194352,1.94352,2.058614,0.283613,0.091459,1.125289,0.0,scene_3.2|scene_3.2_y02_hull_dense_y02_17p64|2556|31,scene_3.2|scene_3.2_y01_hull_dense_y01_14p63|466|22,4bec67e1c4f0169c98b5de2c01554bb2b4cf0cb2,166706dfa57f55f64d700b0805b9ee852444d1e3
scene_3_2_terminalgain_globalmax_interp_0558,family_01,558,6.541645,6.735721,0.194076,30,2,28,2.9,3.031359,3.008362,1.007644,0.194352,1.94352,2.059206,0.251357,0.04118,1.298048,0.0,scene_3.2|scene_3.2_y02_hull_dense_y02_17p64|2556|31,scene_3.2|scene_3.2_y01_hull_dense_y01_14p63|466|22,8a1b91014422004c4cfa61bf501635d18021f731,7211f6189162d187ec521abda74504f878f7c191
scene_3_2_terminalgain_globalmax_interp_0559,family_01,559,6.541645,6.735721,0.194076,30,2,28,2.9,3.034539,3.008362,1.008701,0.194352,1.94352,2.059542,0.110576,0.009099,1.385303,0.0,scene_3.2|scene_3.2_y02_hull_dense_y02_17p64|2556|31,scene_3.2|scene_3.2_y01_hull_dense_y01_14p63|466|22,1d7cc1b6544ff9b9fe11f89d6701db9092c86b9b,591913cc0d73dd15bb8f5cc1d97b5849e6b479d3
scene_3_2_terminalgain_globalmax_interp_0560,family_01,560,6.541645,6.735721,0.194076,30,2,28,2.9,3.028385,3.008362,1.006656,0.194352,1.94352,2.058887,0.030206,0.059378,1.210389,0.0,scene_3.2|scene_3.2_y02_hull_dense_y02_17p64|2556|31,scene_3.2|scene_3.2_y01_hull_dense_y01_14p63|466|22,515d8c86266470e00c9db243d38572a6a11eb8e8,9d6c76349783520da597dcfc78bbb67168c590dd
scene_3_2_terminalgain_globalmax_interp_0561,family_01,561,6.541645,6.735721,0.194076,30,2,28,2.9,3.037236,3.008362,1.009598,0.194352,1.94352,2.059832,0.170988,0.109657,1.456034,0.0,scene_3.2|scene_3.2_y02_hull_dense_y02_17p64|2556|31,scene_3.2|scene_3.2_y01_hull_dense_y01_14p63|466|22,cde77eaab44f7cc296a210bb5bdf294a07ba30f9,277a5763406d948ece44f4666fbf849ffd719f97
scene_3_2_terminalgain_globalmax_interp_0562,family_01,562,6.541645,6.735721,0.194076,30,2,28,2.9,3.022873,3.008362,1.004823,0.194352,1.94352,2.058329,0.311769,0.159936,1.029509,0.0,scene_3.2|scene_3.2_y02_hull_dense_y02_17p64|2556|31,scene_3.2|scene_3.2_y01_hull_dense_y01_14p63|466|22,2a9acec8808b88bf19fab50cebb2b7009f34210e,977192c59be927a0359b831ff0d0aa11f30ec19d
scene_3_2_terminalgain_globalmax_interp_0563,family_01,563,6.541645,6.735721,0.194076,30,2,28,2.9,3.012313,3.008362,1.001313,0.194352,1.94352,2.057415,0.223201,0.134556,0.536067,0.0,scene_3.2|scene_3.2_y02_hull_dense_y02_17p64|2556|31,scene_3.2|scene_3.2_y01_hull_dense_y01_14p63|466|22,dcc215622a3b383ab1ba7ecb0ab72f7b8b32aa1d,14b8936afd429b03e35b4bf9801083dac5c4643a
scene_3_2_terminalgain_globalmax_interp_0564,family_01,564,6.541645,6.735721,0.194076,30,2,28,2.9,3.035167,3.008362,1.00891,0.194352,1.94352,2.059586,0.082419,0.084276,1.402182,0.0,scene_3.2|scene_3.2_y02_hull_dense_y02_17p64|2556|31,scene_3.2|scene_3.2_y01_hull_dense_y01_14p63|466|22,00f1e840c21d338782def6ca80587ba8dc97de4f,a5851defb4fd8ec39a521ff00aedd68b1fb34c37
scene_3_2_terminalgain_globalmax_interp_0565,family_01,565,6.541645,6.735721,0.194076,30,2,28,2.9,3.025923,3.008362,1.005837,0.194352,1.94352,2.058657,0.058363,0.033997,1.13287,0.0,scene_3.2|scene_3.2_y02_hull_dense_y02_17p64|2556|31,scene_3.2|scene_3.2_y01_hull_dense_y01_14p63|466|22,f500a70cba5994f89c78d78f56a561cec2c3ea5b,b4a4cd11acc71ef445cb4d33f0ba6e231192331e
scene_3_2_terminalgain_globalmax_interp_0566,family_01,566,6.541645,6.735721,0.194076,30,2,28,2.9,3.014816,3.008362,1.002145,0.194352,1.94352,2.057625,0.199144,0.016282,0.685511,0.0,scene_3.2|scene_3.2_y02_hull_dense_y02_17p64|2556|31,scene_3.2|scene_3.2_y01_hull_dense_y01_14p63|466|22,85a9f16f74c7ec3fb300a8b4ad4e5624f0eaac93,1fbdd19ca218a96b5749e8f67a4083bff85b2d24
scene_3_2_terminalgain_globalmax_interp_0567,family_01,567,6.541645,6.735721,0.194076,30,2,28,2.9,3.033344,3.008362,1.008304,0.194352,1.94352,2.059413,0.339926,0.06656,1.353131,0.0,scene_3.2|scene_3.2_y02_hull_dense_y02_17p64|2556|31,scene_3.2|scene_3.2_y01_hull_dense_y01_14p63|466|22,ccaca9b87a3e1028fcdfcd353b0c0a3fefbd2432,1159ffadf44cec909078a0923ac39ce513698e25
scene_3_2_terminalgain_globalmax_interp_0568,family_01,568,6.541645,6.735721,0.194076,30,2,28,2.9,3.053577,3.008362,1.01503,0.194352,1.94352,2.061789,0.330195,0.11684,1.827124,0.0,scene_3.2|scene_3.2_y02_hull_dense_y02_17p64|2556|31,scene_3.2|scene_3.2_y01_hull_dense_y01_14p63|466|22,e869747ce5f0751117a41209717e050f07cc61fc,183d0dc28363549b0a7fbdc1d081bc65e578f5d3
scene_3_2_terminalgain_globalmax_interp_0569,family_01,569,6.541645,6.735721,0.194076,30,2,28,2.9,3.035211,3.008362,1.008925,0.194352,1.94352,2.059609,0.189413,0.167119,1.403197,0.0,scene_3.2|scene_3.2_y02_hull_dense_y02_17p64|2556|31,scene_3.2|scene_3.2_y01_hull_dense_y01_14p63|466|22,e12fcb3e7fa3c73d1028cd9360532f2be64a0ec1,8c4b9de86bc4e86c8af5493cde65ef8195f8ea86
scene_3_2_terminalgain_globalmax_interp_0570,family_01,570,6.541645,6.735721,0.194076,30,2,28,2.9,3.017024,3.008362,1.002879,0.194352,1.94352,2.057809,0.048632,0.127373,0.794381,0.0,scene_3.2|scene_3.2_y02_hull_dense_y02_17p64|2556|31,scene_3.2|scene_3.2_y01_hull_dense_y01_14p63|466|22,1be65622c794803c0d96ba7fa153200883366071,aee7f9844ad38f749b301d9fa32999a37a924f90
scene_3_2_terminalgain_globalmax_interp_0571,family_01,571,6.541645,6.735721,0.194076,30,2,28,2.9,3.024735,3.008362,1.005442,0.194352,1.94352,2.058544,0.09215,0.077094,1.093582,0.0,scene_3.2|scene_3.2_y02_hull_dense_y02_17p64|2556|31,scene_3.2|scene_3.2_y01_hull_dense_y01_14p63|466|22,7795ce0d1968d3f02c569d65b341577dd2801b1e,422967cd51141209db216b11a950204ac3040492
scene_3_2_terminalgain_globalmax_interp_0572,family_01,572,6.541645,6.735721,0.194076,30,2,28,2.9,3.019161,3.008362,1.00359,0.194352,1.94352,2.058011,0.232932,0.026814,0.887548,0.0,scene_3.2|scene_3.2_y02_hull_dense_y02_17p64|2556|31,scene_3.2|scene_3.2_y01_hull_dense_y01_14p63|466|22,aebd74adc8dec9c194e9dc0a0c20f9799c362e2a,74dde23ecfcef9781ee71507cca572dbc922ccae
scene_3_2_terminalgain_globalmax_interp_0573,family_01,573,6.541645,6.735721,0.194076,30,2,28,2.9,3.039272,3.008362,1.010275,0.194352,1.94352,2.060037,0.302039,0.023465,1.507125,0.0,scene_3.2|scene_3.2_y02_hull_dense_y02_17p64|2556|31,scene_3.2|scene_3.2_y01_hull_dense_y01_14p63|466|22,0ce50b4b83e098322ab96a890c589a7f44b34c69,5d8934487a4e9a16c5b0ed43a19d657acd209b4c
scene_3_2_terminalgain_globalmax_interp_0574,family_01,574,6.541645,6.735721,0.194076,30,2,28,2.9,3.016107,3.008362,1.002574,0.194352,1.94352,2.057721,0.161257,0.073743,0.75126,0.0,scene_3.2|scene_3.2_y02_hull_dense_y02_17p64|2556|31,scene_3.2|scene_3.2_y01_hull_dense_y01_14p63|466|22,a0b8a8270bcb11427a7f89b569c94d10f70c49f9,e7a22fb6eb08cb1bb2cef0539044b3f065ba6525
scene_3_2_terminalgain_globalmax_interp_0575,family_01,575,6.541645,6.735721,0.194076,30,2,28,2.9,3.012012,3.008362,1.001213,0.194352,1.94352,2.057397,0.020475,0.124022,0.515311,0.0,scene_3.2|scene_3.2_y02_hull_dense_y02_17p64|2556|31,scene_3.2|scene_3.2_y01_hull_dense_y01_14p63|466|22,2e58eb904f3414a323417d8b54ec1d2db150b9d9,f8f31c1be5abb832a7ef9d9c82b2a1bc4750ef18
scene_3_2_terminalgain_globalmax_interp_0576,family_01,576,6.541645,6.735721,0.194076,30,2,28,2.9,3.058382,3.008362,1.016627,0.194352,1.94352,2.062423,0.120306,0.174302,1.923316,0.0,scene_3.2|scene_3.2_y02_hull_dense_y02_17p64|2556|31,scene_3.2|scene_3.2_y01_hull_dense_y01_14p63|466|22,5a5a7a8ca1f687698c45e4a1a49e58537d521635,4bb8dfbf7c35581589ff3d221446481ece07df85
scene_3_2_terminalgain_globalmax_interp_0577,family_01,577,6.541645,6.735721,0.194076,30,2,28,2.9,3.054876,3.008362,1.015461,0.194352,1.94352,2.061982,0.261088,0.169444,1.853854,0.0,scene_3.2|scene_3.2_y02_hull_dense_y02_17p64|2556|31,scene_3.2|scene_3.2_y01_hull_dense_y01_14p63|466|22,214ba72b88a09ae195f47ad41f2586a46570476f,49e80cb9b8c3b639764eaa537a72db497204202c
scene_3_2_terminalgain_globalmax_interp_0578,family_01,578,6.541645,6.735721,0.194076,30,2,28,2.9,3.012015,3.008362,1.001214,0.194352,1.94352,2.05739,0.273882,0.119164,0.515389,0.0,scene_3.2|scene_3.2_y02_hull_dense_y02_17p64|2556|31,scene_3.2|scene_3.2_y01_hull_dense_y01_14p63|466|22,fa083474dbce0d39abec21d6f0cc54d276c080dc,efc603e26de2be919b6bc3b43dd04d5c7bc69b21
scene_3_2_terminalgain_globalmax_interp_0579,family_01,579,6.541645,6.735721,0.194076,30,2,28,2.9,3.015952,3.008362,1.002523,0.194352,1.94352,2.057728,0.1331,0.068885,0.743334,0.0,scene_3.2|scene_3.2_y02_hull_dense_y02_17p64|2556|31,scene_3.2|scene_3.2_y01_hull_dense_y01_14p63|466|22,f19671892f7920a386d772c92248423616878895,ab213cd20e8c15b99b0eb42afc0a3d471fa0e46a
scene_3_2_terminalgain_globalmax_interp_0580,family_01,580,6.541645,6.735721,0.194076,30,2,28,2.9,3.039791,3.008362,1.010447,0.194352,1.94352,2.060137,0.007681,0.018606,1.51936,0.0,scene_3.2|scene_3.2_y02_hull_dense_y02_17p64|2556|31,scene_3.2|scene_3.2_y01_hull_dense_y01_14p63|466|22,ae75b4a4c59d53de6b03bc020bc972c8e5cb8230,c66326029e3d8eab5b89c5f2acdbd32432d132ec
scene_3_2_terminalgain_globalmax_interp_0581,family_01,581,6.541645,6.735721,0.194076,30,2,28,2.9,3.017646,3.008362,1.003086,0.194352,1.94352,2.057874,0.148463,0.031673,0.822605,0.0,scene_3.2|scene_3.2_y02_hull_dense_y02_17p64|2556|31,scene_3.2|scene_3.2_y01_hull_dense_y01_14p63|466|22,6398da6d07b966bd4371267fd04f5834af361c1c,c9a423b1e31433622bcfefbf0cc21a61a4212d75
scene_3_2_terminalgain_globalmax_interp_0582,family_01,582,6.541645,6.735721,0.194076,30,2,28,2.9,3.026819,3.008362,1.006135,0.194352,1.94352,2.058725,0.289245,0.081953,1.161863,0.0,scene_3.2|scene_3.2_y02_hull_dense_y02_17p64|2556|31,scene_3.2|scene_3.2_y01_hull_dense_y01_14p63|466|22,43d645ef16ff9891e0676c0e5cf39c94625ad68f,e9786b5f2858b898bb9f6091117e841167a12d4d
scene_3_2_terminalgain_globalmax_interp_0583,family_01,583,6.541645,6.735721,0.194076,30,2,28,2.9,3.016032,3.008362,1.002549,0.194352,1.94352,2.05774,0.245727,0.132232,0.747664,0.0,scene_3.2|scene_3.2_y02_hull_dense_y02_17p64|2556|31,scene_3.2|scene_3.2_y01_hull_dense_y01_14p63|466|22,2dd694298a7c4346d47b6ef1db0b48de3021a66b,b90f87742da0fc63cfed4b12391fe5a2303cbfd1
scene_3_2_terminalgain_globalmax_interp_0584,family_01,584,6.541645,6.735721,0.194076,30,2,28,2.9,3.037795,3.008362,1.009784,0.194352,1.94352,2.059898,0.104944,0.162261,1.47007,0.0,scene_3.2|scene_3.2_y02_hull_dense_y02_17p64|2556|31,scene_3.2|scene_3.2_y01_hull_dense_y01_14p63|466|22,54924e68e714a8970fa019262e847ead1bda543c,898ba5cc2d0f6e6761483ec574340d68c3d2395e
scene_3_2_terminalgain_globalmax_interp_0585,family_01,585,6.541645,6.735721,0.194076,30,2,28,2.9,3.057892,3.008362,1.016464,0.194352,1.94352,2.062379,0.035838,0.111982,1.91372,0.0,scene_3.2|scene_3.2_y02_hull_dense_y02_17p64|2556|31,scene_3.2|scene_3.2_y01_hull_dense_y01_14p63|466|22,bc4b985b7c04d0278a2da746eea82aa8a75d346c,67185a3222e0e95559ee4e9467daae7c57bea041
scene_3_2_terminalgain_globalmax_interp_0586,family_01,586,6.541645,6.735721,0.194076,30,2,28,2.9,3.031657,3.008362,1.007743,0.194352,1.94352,2.059205,0.176619,0.061702,1.306291,0.0,scene_3.2|scene_3.2_y02_hull_dense_y02_17p64|2556|31,scene_3.2|scene_3.2_y01_hull_dense_y01_14p63|466|22,3f9d01010e5abbb3c1ad9564cd820b456a3b39c8,38e1cf5db92a128e585bb1273aa29edd50e949a9
scene_3_2_terminalgain_globalmax_interp_0587,family_01,587,6.541645,6.735721,0.194076,30,2,28,2.9,3.01588,3.008362,1.002499,0.194352,1.94352,2.057714,0.317401,0.011423,0.739903,0.0,scene_3.2|scene_3.2_y02_hull_dense_y02_17p64|2556|31,scene_3.2|scene_3.2_y01_hull_dense_y01_14p63|466|22,184896312564cedc535de40458d1b6daa6f08623,93da9d2cb7d03cdc32ec48db846804ddd1c2883c
scene_3_2_terminalgain_globalmax_interp_0588,family_01,588,6.541645,6.735721,0.194076,30,2,28,2.9,3.024754,3.008362,1.005449,0.194352,1.94352,2.058518,0.21757,0.038856,1.094531,0.0,scene_3.2|scene_3.2_y02_hull_dense_y02_17p64|2556|31,scene_3.2|scene_3.2_y01_hull_dense_y01_14p63|466|22,2c389357f929b18a149d4ebbcba0f9cdb9939aff,9fb48ff6074bb00aa1463c93c450b88d66d0e1fa
scene_3_2_terminalgain_globalmax_interp_0589,family_01,589,6.541645,6.735721,0.194076,30,2,28,2.9,3.036314,3.008362,1.009291,0.194352,1.94352,2.059727,0.076788,0.089135,1.432113,0.0,scene_3.2|scene_3.2_y02_hull_dense_y02_17p64|2556|31,scene_3.2|scene_3.2_y01_hull_dense_y01_14p63|466|22,c617ef0c316f15aecd47124abe12105002f94f10,f02e2922c24a2ca16504193aaee1334903b71823
scene_3_2_terminalgain_globalmax_interp_0590,family_01,590,6.541645,6.735721,0.194076,30,2,28,2.9,3.011234,3.008362,1.000955,0.194352,1.94352,2.057324,0.063993,0.139415,0.457143,0.0,scene_3.2|scene_3.2_y02_hull_dense_y02_17p64|2556|31,scene_3.2|scene_3.2_y01_hull_dense_y01_14p63|466|22,c721ed224bffdbb184a555855da0cfe678df04ea,1e1a5a287c2d4559379a7e387fe55691c05fc0ab
scene_3_2_terminalgain_globalmax_interp_0591,family_01,591,6.541645,6.735721,0.194076,30,2,28,2.9,3.024558,3.008362,1.005383,0.194352,1.94352,2.058531,0.204775,0.155078,1.087913,0.0,scene_3.2|scene_3.2_y02_hull_dense_y02_17p64|2556|31,scene_3.2|scene_3.2_y01_hull_dense_y01_14p63|466|22,f5b90023e8cf3cc8e485834805c0fb8c50eb6919,a98dbb527735a6cf21392b7215c3e0ce106f1001
scene_3_2_terminalgain_globalmax_interp_0592,family_01,592,6.541645,6.735721,0.194076,30,2,28,2.9,3.033808,3.008362,1.008458,0.194352,1.94352,2.059453,0.345558,0.104799,1.365603,0.0,scene_3.2|scene_3.2_y02_hull_dense_y02_17p64|2556|31,scene_3.2|scene_3.2_y01_hull_dense_y01_14p63|466|22,badb854cb65d4f1d9da952f24942cc356755448a,5674cae7fff91ef9845278b38721aaa4a0e9f4ca
scene_3_2_terminalgain_globalmax_interp_0593,family_01,593,6.541645,6.735721,0.194076,30,2,28,2.9,3.031402,3.008362,1.007659,0.194352,1.94352,2.059209,0.324563,0.05452,1.299268,0.0,scene_3.2|scene_3.2_y02_hull_dense_y02_17p64|2556|31,scene_3.2|scene_3.2_y01_hull_dense_y01_14p63|466|22,db3d0236507a2cac6f912f096ec89d00f0a4d1c0,2dab0ca94a80b13fd841f0c3424f443e09b5d736
scene_3_2_terminalgain_globalmax_interp_0594,family_01,594,6.541645,6.735721,0.194076,30,2,28,2.9,3.035336,3.008362,1.008966,0.194352,1.94352,2.059642,0.183782,0.00424,1.406752,0.0,scene_3.2|scene_3.2_y02_hull_dense_y02_17p64|2556|31,scene_3.2|scene_3.2_y01_hull_dense_y01_14p63|466|22,3e861dd639108f8633d4fc5ee3384d00eb05020f,d5f82a8a757acf2b0ad89d7393ddc4da895037f4
scene_3_2_terminalgain_globalmax_interp_0595,family_01,595,6.541645,6.735721,0.194076,30,2,28,2.9,3.03103,3.008362,1.007535,0.194352,1.94352,2.059178,0.043,0.046039,1.288351,0.0,scene_3.2|scene_3.2_y02_hull_dense_y02_17p64|2556|31,scene_3.2|scene_3.2_y01_hull_dense_y01_14p63|466|22,6207b8c89f92666c87931d16d5f038b76d1b07e8,35f517e009e5cbae2597d06478c57afe5b7fd8e3
scene_3_2_terminalgain_globalmax_interp_0596,family_01,596,6.541645,6.735721,0.194076,30,2,28,2.9,3.023127,3.008362,1.004908,0.194352,1.94352,2.058362,0.097782,0.096318,1.038332,0.0,scene_3.2|scene_3.2_y02_hull_dense_y02_17p64|2556|31,scene_3.2|scene_3.2_y01_hull_dense_y01_14p63|466|22,ae94ae7a6f21c768d9539dfe9f0f293028f2407e,5345ec91ba19fc9a6431440b4b76d76adb76b3c5
scene_3_2_terminalgain_globalmax_interp_0597,family_01,597,6.541645,6.735721,0.194076,30,2,28,2.9,3.027857,3.008362,1.00648,0.194352,1.94352,2.058842,0.238563,0.146597,1.194365,0.0,scene_3.2|scene_3.2_y02_hull_dense_y02_17p64|2556|31,scene_3.2|scene_3.2_y01_hull_dense_y01_14p63|466|22,d8c9d2eb43edabf03cc787cfae04f86c6bf5e6a4,2a0e341ff5ac5563b17836e71127bfef45b74a99
scene_3_2_terminalgain_globalmax_interp_0598,family_01,598,6.541645,6.735721,0.194076,30,2,28,2.9,3.024084,3.008362,1.005226,0.194352,1.94352,2.058463,0.296408,0.147895,1.071992,0.0,scene_3.2|scene_3.2_y02_hull_dense_y02_17p64|2556|31,scene_3.2|scene_3.2_y01_hull_dense_y01_14p63|466|22,2ad00746ea661dff02c5546396256b83f9b025d9,e57e224c59917eb790c1b1ce6bbd0f7ddfbd30e8
scene_3_2_terminalgain_globalmax_interp_0599,family_01,599,6.541645,6.735721,0.194076,30,2,28,2.9,3.008844,3.008362,1.00016,0.194352,1.94352,2.057141,0.155626,0.097616,0.187467,0.0,scene_3.2|scene_3.2_y02_hull_dense_y02_17p64|2556|31,scene_3.2|scene_3.2_y01_hull_dense_y01_14p63|466|22,35eda9e243c89d4ae42ce616a6d83ba3d9090d0d,2e8d918740aaf30de15dbd2200cc9c210d03c632
scene_3_2_terminalgain_globalmax_interp_0600,family_01,600,6.541645,6.735721,0.194076,30,2,28,2.9,3.053018,3.008362,1.014844,0.194352,1.94352,2.061763,0.014844,0.047337,1.815487,0.0,scene_3.2|scene_3.2_y02_hull_dense_y02_17p64|2556|31,scene_3.2|scene_3.2_y01_hull_dense_y01_14p63|466|22,8dba9ea222854d78645afb535a0ebb6d74e6afc4,1db86dceff640b889c60d6a7d9aa9f330c923c58
scene_3_2_terminalgain_globalmax_interp_0601,family_01,601,6.541645,6.735721,0.194076,30,2,28,2.9,3.036468,3.008362,1.009342,0.194352,1.94352,2.05977,0.125938,0.002942,1.435905,0.0,scene_3.2|scene_3.2_y02_hull_dense_y02_17p64|2556|31,scene_3.2|scene_3.2_y01_hull_dense_y01_14p63|466|22,85d8011623140f5a62ae8aa23ae4bae98daaf91c,4efb30ee31adc3781a4bec78989e3cf3451876a2
scene_3_2_terminalgain_globalmax_interp_0602,family_01,602,6.541645,6.735721,0.194076,30,2,28,2.9,3.01202,3.008362,1.001216,0.194352,1.94352,2.057392,0.26672,0.053222,0.516019,0.0,scene_3.2|scene_3.2_y02_hull_dense_y02_17p64|2556|31,scene_3.2|scene_3.2_y01_hull_dense_y01_14p63|466|22,daedcaffaea4f09ecf0d853e4218d67140ea1f9f,24b5d814d989cd7ff9f3fa691910b39bf81720bd
scene_3_2_terminalgain_globalmax_interp_0603,family_01,603,6.541645,6.735721,0.194076,30,2,28,2.9,3.043284,3.008362,1.011608,0.194352,1.94352,2.060558,0.268251,0.103501,1.602963,0.0,scene_3.2|scene_3.2_y02_hull_dense_y02_17p64|2556|31,scene_3.2|scene_3.2_y01_hull_dense_y01_14p63|466|22,901e40dc3a3db1399e2135c79f242f0eaa71d35a,b58bfc56ff6f516dee51c4383fa3ff6adf754b04
scene_3_2_terminalgain_globalmax_interp_0604,family_01,604,6.541645,6.735721,0.194076,30,2,28,2.9,3.049642,3.008362,1.013722,0.194352,1.94352,2.061315,0.12747,0.15378,1.7446,0.0,scene_3.2|scene_3.2_y02_hull_dense_y02_17p64|2556|31,scene_3.2|scene_3.2_y01_hull_dense_y01_14p63|466|22,f2d620a1d72a51f44787eb13dcaad47bc8bdd82e,040c4f6e110bfe487dd4f35fe339b47051da27bb
scene_3_2_terminalgain_globalmax_interp_0605,family_01,605,6.541645,6.735721,0.194076,30,2,28,2.9,3.024039,3.008362,1.005211,0.194352,1.94352,2.058462,0.013312,0.140713,1.070192,0.0,scene_3.2|scene_3.2_y02_hull_dense_y02_17p64|2556|31,scene_3.2|scene_3.2_y01_hull_dense_y01_14p63|466|22,d143be352f0c38f51c52fc4597c7ab0046243df0,663cc9afd5092a127688b2a079d3b3d48eb8b6cd
scene_3_2_terminalgain_globalmax_interp_0606,family_01,606,6.541645,6.735721,0.194076,30,2,28,2.9,3.016453,3.008362,1.002689,0.194352,1.94352,2.05777,0.154094,0.090433,0.767754,0.0,scene_3.2|scene_3.2_y02_hull_dense_y02_17p64|2556|31,scene_3.2|scene_3.2_y01_hull_dense_y01_14p63|466|22,2081f48c1e2670d57a33807aa9ffc72d475b38fd,ed7cfde79cfa18e6bb6bcef2ef9044339c8bf05e
scene_3_2_terminalgain_globalmax_interp_0607,family_01,607,6.541645,6.735721,0.194076,30,2,28,2.9,3.026789,3.008362,1.006125,0.194352,1.94352,2.058712,0.294875,0.040154,1.160744,0.0,scene_3.2|scene_3.2_y02_hull_dense_y02_17p64|2556|31,scene_3.2|scene_3.2_y01_hull_dense_y01_14p63|466|22,3d317534e5078ea7701609e56622e194fe1b9741,a192e0b6aca819b0ae04b4f704348f1f14f86f0a
scene_3_2_terminalgain_globalmax_interp_0608,family_01,608,6.541645,6.735721,0.194076,30,2,28,2.9,3.031854,3.008362,1.007809,0.194352,1.94352,2.059255,0.240095,0.010125,1.311877,0.0,scene_3.2|scene_3.2_y02_hull_dense_y02_17p64|2556|31,scene_3.2|scene_3.2_y01_hull_dense_y01_14p63|466|22,dc9ee83edfe721680a6254a6b289e942731b8696,5001ec02747f969ab28eaea9e8b53f2d71d8c26f
scene_3_2_terminalgain_globalmax_interp_0609,family_01,609,6.541645,6.735721,0.194076,30,2,28,2.9,3.036718,3.008362,1.009425,0.194352,1.94352,2.059773,0.099313,0.060404,1.442793,0.0,scene_3.2|scene_3.2_y02_hull_dense_y02_17p64|2556|31,scene_3.2|scene_3.2_y01_hull_dense_y01_14p63|466|22,654937eb2659c97e774d28718c27263bda6cc764,47b3e2a70d4a1483e5c1f5250cd26927c11a75c2
scene_3_2_terminalgain_globalmax_interp_0610,family_01,610,6.541645,6.735721,0.194076,30,2,28,2.9,3.019076,3.008362,1.003561,0.194352,1.94352,2.057987,0.041469,0.110684,0.883885,0.0,scene_3.2|scene_3.2_y02_hull_dense_y02_17p64|2556|31,scene_3.2|scene_3.2_y01_hull_dense_y01_14p63|466|22,4338401dd38e43682dc9861bb0152898aa50c313,d6b94c635d27658a66b54a9746f3fd776b3f3700
scene_3_2_terminalgain_globalmax_interp_0611,family_01,611,6.541645,6.735721,0.194076,30,2,28,2.9,3.011054,3.008362,1.000895,0.194352,1.94352,2.057316,0.18225,0.160963,0.442328,0.0,scene_3.2|scene_3.2_y02_hull_dense_y02_17p64|2556|31,scene_3.2|scene_3.2_y01_hull_dense_y01_14p63|466|22,c904530b59d16ac594be70833c690924c11f43cc,fa0367072d873032850a1124393caeca8ed78ea1
scene_3_2_terminalgain_globalmax_interp_0612,family_01,612,6.541645,6.735721,0.194076,30,2,28,2.9,3.045072,3.008362,1.012203,0.194352,1.94352,2.060742,0.323032,0.13353,1.643839,0.0,scene_3.2|scene_3.2_y02_hull_dense_y02_17p64|2556|31,scene_3.2|scene_3.2_y01_hull_dense_y01_14p63|466|22,34a8f8242e0a65d5a9ed0c1d7707746cee79d3cb,b7af4669795ecd4fa8531c5febf28b339424a83f
scene_3_2_terminalgain_globalmax_interp_0613,family_01,613,6.541645,6.735721,0.194076,30,2,28,2.9,3.041848,3.008362,1.011131,0.194352,1.94352,2.060352,0.211938,0.083251,1.569045,0.0,scene_3.2|scene_3.2_y02_hull_dense_y02_17p64|2556|31,scene_3.2|scene_3.2_y01_hull_dense_y01_14p63|466|22,ae96d33e199c5ff720883c5192297f0d6438d196,fa18bd3d3635e49e4abe062135bc23af8328cf59
scene_3_2_terminalgain_globalmax_interp_0614,family_01,614,6.541645,6.735721,0.194076,30,2,28,2.9,3.017617,3.008362,1.003076,0.194352,1.94352,2.057873,0.071157,0.032971,0.821374,0.0,scene_3.2|scene_3.2_y02_hull_dense_y02_17p64|2556|31,scene_3.2|scene_3.2_y01_hull_dense_y01_14p63|466|22,8e71519ed594f7cec9f4525d8777dea9ea59c5b7,fee0729b9b5af8208953098ad877862ea8b05a9f
scene_3_2_terminalgain_globalmax_interp_0615,family_01,615,6.541645,6.735721,0.194076,30,2,28,2.9,3.014132,3.008362,1.001918,0.194352,1.94352,2.057577,0.069625,0.017308,0.648131,0.0,scene_3.2|scene_3.2_y02_hull_dense_y02_17p64|2556|31,scene_3.2|scene_3.2_y01_hull_dense_y01_14p63|466|22,9e190421c33ff08677c75fecdc192e42fe404ff2,34d679d12634f39f6b793599f6789e2b234c8de3
scene_3_2_terminalgain_globalmax_interp_0616,family_01,616,6.541645,6.735721,0.194076,30,2,28,2.9,3.052957,3.008362,1.014823,0.194352,1.94352,2.061765,0.210407,0.067587,1.814259,0.0,scene_3.2|scene_3.2_y02_hull_dense_y02_17p64|2556|31,scene_3.2|scene_3.2_y01_hull_dense_y01_14p63|466|22,4f37014877c544b4f081e73b6a278680da88509f,697cc03901899ec200af9bb5e824bb2cf64c1963
scene_3_2_terminalgain_globalmax_interp_0617,family_01,617,6.541645,6.735721,0.194076,30,2,28,2.9,3.03867,3.008362,1.010074,0.194352,1.94352,2.059994,0.351188,0.117866,1.492155,0.0,scene_3.2|scene_3.2_y02_hull_dense_y02_17p64|2556|31,scene_3.2|scene_3.2_y01_hull_dense_y01_14p63|466|22,ce3dab145b9c9bbda68a31612448dfc42b32ab13,a3532b2468884501ea3dc0f18b6d679e5f95d4d3
scene_3_2_terminalgain_globalmax_interp_0618,family_01,618,6.541645,6.735721,0.194076,30,2,28,2.9,3.021619,3.008362,1.004407,0.194352,1.94352,2.058217,0.351368,0.168146,0.983737,0.0,scene_3.2|scene_3.2_y02_hull_dense_y02_17p64|2556|31,scene_3.2|scene_3.2_y01_hull_dense_y01_14p63|466|22,298ed63ed906941c7f503f8beafcbe05c674c7e9,a179ee1ac6c92f05f9f5ddd2ea4c6026b7273e66
scene_3_2_terminalgain_globalmax_interp_0619,family_01,619,6.541645,6.735721,0.194076,30,2,28,2.9,3.02241,3.008362,1.004669,0.194352,1.94352,2.058295,0.210587,0.126347,1.012611,0.0,scene_3.2|scene_3.2_y02_hull_dense_y02_17p64|2556|31,scene_3.2|scene_3.2_y01_hull_dense_y01_14p63|466|22,e004a5e1fb63d9876e34af7c33f66199650feb48,16866c752794d4311c4f022a171068e6acec0928
scene_3_2_terminalgain_globalmax_interp_0620,family_01,620,6.541645,6.735721,0.194076,30,2,28,2.9,3.017917,3.008362,1.003176,0.194352,1.94352,2.057918,0.069805,0.076068,0.834383,0.0,scene_3.2|scene_3.2_y02_hull_dense_y02_17p64|2556|31,scene_3.2|scene_3.2_y01_hull_dense_y01_14p63|466|22,57c8e8417e86e0c410778c9e6b33ddf2924f26e7,f07524b24b6ddb3a2f98f83ae319ae366770fc7e
scene_3_2_terminalgain_globalmax_interp_0621,family_01,621,6.541645,6.735721,0.194076,30,2,28,2.9,3.048799,3.008362,1.013441,0.194352,1.94352,2.061215,0.070977,0.025789,1.726464,0.0,scene_3.2|scene_3.2_y02_hull_dense_y02_17p64|2556|31,scene_3.2|scene_3.2_y01_hull_dense_y01_14p63|466|22,465eb9a865699b96f169321693f9f3a83ed84a97,05379f13a75d25f3298ddd6090dff902d44e3936
scene_3_2_terminalgain_globalmax_interp_0622,family_01,622,6.541645,6.735721,0.194076,30,2,28,2.9,3.031979,3.008362,1.00785,0.194352,1.94352,2.059257,0.211758,0.024491,1.315421,0.0,scene_3.2|scene_3.2_y02_hull_dense_y02_17p64|2556|31,scene_3.2|scene_3.2_y01_hull_dense_y01_14p63|466|22,b22fd042637b15aecd7ff25cd2433f6054694920,2b216c724e409a2b1cb81c5ccc7ae441ca495da5
scene_3_2_terminalgain_globalmax_interp_0623,family_01,623,6.541645,6.735721,0.194076,30,2,28,2.9,3.010977,3.008362,1.000869,0.194352,1.94352,2.057307,0.323213,0.07477,0.436306,0.0,scene_3.2|scene_3.2_y02_hull_dense_y02_17p64|2556|31,scene_3.2|scene_3.2_y01_hull_dense_y01_14p63|466|22,a4c0f52c47a1b72714823f32008deed7b89a0cf0,7124dcaa08661e0d6f8a82e7a9a3b601c5b7ea1b
scene_3_2_terminalgain_globalmax_interp_0624,family_01,624,6.541645,6.735721,0.194076,30,2,28,2.9,3.034313,3.008362,1.008626,0.194352,1.94352,2.059518,0.182431,0.125049,1.37936,0.0,scene_3.2|scene_3.2_y02_hull_dense_y02_17p64|2556|31,scene_3.2|scene_3.2_y01_hull_dense_y01_14p63|466|22,611910ea7079cffbe61b84990017edffdf9b9c43,8a9f91ea473ce34b4d6431481bd3a2ef97e0fdb7
scene_3_2_terminalgain_globalmax_interp_0625,family_01,625,6.541645,6.735721,0.194076,30,2,28,2.9,3.042913,3.008362,1.011485,0.194352,1.94352,2.060476,0.041649,0.175328,1.594369,0.0,scene_3.2|scene_3.2_y02_hull_dense_y02_17p64|2556|31,scene_3.2|scene_3.2_y01_hull_dense_y01_14p63|466|22,b2affaa4cb6e907f3a89654c4dc09326a0c5d601,2744cb5882866c78e1a0eeeb2b5e817547dbd4c9
scene_3_2_terminalgain_globalmax_interp_0626,family_01,626,6.541645,6.735721,0.194076,30,2,28,2.9,3.009062,3.008362,1.000233,0.194352,1.94352,2.057155,0.099133,0.175454,0.225661,0.0,scene_3.2|scene_3.2_y02_hull_dense_y02_17p64|2556|31,scene_3.2|scene_3.2_y01_hull_dense_y01_14p63|466|22,08490df68378902159ccdb3ae42a17fd32a66975,4b6a6ce26142ca00f20ea987c0abb8528649787c
scene_3_2_terminalgain_globalmax_interp_0627,family_01,627,6.541645,6.735721,0.194076,30,2,28,2.9,3.028857,3.008362,1.006813,0.194352,1.94352,2.058932,0.239915,0.125175,1.224364,0.0,scene_3.2|scene_3.2_y02_hull_dense_y02_17p64|2556|31,scene_3.2|scene_3.2_y01_hull_dense_y01_14p63|466|22,fcdc6fc59b398dbd03ad3967f11454e0721ea367,2689e349c30297e4fffe1b17e68b2650462944b5
scene_3_2_terminalgain_globalmax_interp_0628,family_01,628,6.541645,6.735721,0.194076,30,2,28,2.9,3.025691,3.008362,1.00576,0.194352,1.94352,2.058611,0.295056,0.074895,1.12546,0.0,scene_3.2|scene_3.2_y02_hull_dense_y02_17p64|2556|31,scene_3.2|scene_3.2_y01_hull_dense_y01_14p63|466|22,f2d2d1422e5221cfb6801d256d0cff8dc371da5f,65070c75c23ab6ed46d8b4aad3f210760b7dc8cf
scene_3_2_terminalgain_globalmax_interp_0629,family_01,629,6.541645,6.735721,0.194076,30,2,28,2.9,3.022556,3.008362,1.004718,0.194352,1.94352,2.058319,0.154274,0.024616,1.017932,0.0,scene_3.2|scene_3.2_y02_hull_dense_y02_17p64|2556|31,scene_3.2|scene_3.2_y01_hull_dense_y01_14p63|466|22,c4df8e7b5bccd0febfd3fc4667b7dc1bedab6d38,589ccfb2639ac6fdb8e700e4a5d98257b6f35539
scene_3_2_terminalgain_globalmax_interp_0630,family_01,630,6.541645,6.735721,0.194076,30,2,28,2.9,3.040873,3.008362,1.010807,0.194352,1.94352,2.060222,0.013493,0.025663,1.545906,0.0,scene_3.2|scene_3.2_y02_hull_dense_y02_17p64|2556|31,scene_3.2|scene_3.2_y01_hull_dense_y01_14p63|466|22,e9d3f2701056e8712e6853e7f5ee81ed44fa2e92,1c7be1cec45722ebea26b649d9fd9b7a2c1f8ace
scene_3_2_terminalgain_globalmax_interp_0631,family_01,631,6.541645,6.735721,0.194076,30,2,28,2.9,3.037036,3.008362,1.009531,0.194352,1.94352,2.059795,0.127289,0.075942,1.450826,0.0,scene_3.2|scene_3.2_y02_hull_dense_y02_17p64|2556|31,scene_3.2|scene_3.2_y01_hull_dense_y01_14p63|466|22,5c85245a7c013d534862bceb7aa8bd66a3aa2cc5,2f66bd69798410163c175c81637f40a6181daf8e
scene_3_2_terminalgain_globalmax_interp_0632,family_01,632,6.541645,6.735721,0.194076,30,2,28,2.9,3.035414,3.008362,1.008992,0.194352,1.94352,2.059638,0.268071,0.126221,1.408719,0.0,scene_3.2|scene_3.2_y02_hull_dense_y02_17p64|2556|31,scene_3.2|scene_3.2_y01_hull_dense_y01_14p63|466|22,f5f47fd405e09591d896ed2c809cce65b80a39e3,30d4d9780b4d1123895dfadb4e05a4ca4722120a
scene_3_2_terminalgain_globalmax_interp_0633,family_01,633,6.541645,6.735721,0.194076,30,2,28,2.9,3.039413,3.008362,1.010321,0.194352,1.94352,2.060061,0.2669,0.168271,1.510296,0.0,scene_3.2|scene_3.2_y02_hull_dense_y02_17p64|2556|31,scene_3.2|scene_3.2_y01_hull_dense_y01_14p63|466|22,2d364e5afa61b2b3fc11623f40d48695d8af10f8,2af40d5b9897895b2215a9857a92a89538b3f957
scene_3_2_terminalgain_globalmax_interp_0634,family_01,634,6.541645,6.735721,0.194076,30,2,28,2.9,3.025249,3.008362,1.005613,0.194352,1.94352,2.058585,0.126118,0.117992,1.111022,0.0,scene_3.2|scene_3.2_y02_hull_dense_y02_17p64|2556|31,scene_3.2|scene_3.2_y01_hull_dense_y01_14p63|466|22,d7b2200c2cc649bddb9c56b0425bafa2e7447ec6,934b94e5a4d0f04fe026a041ab62f62a620af460
scene_3_2_terminalgain_globalmax_interp_0635,family_01,635,6.541645,6.735721,0.194076,30,2,28,2.9,3.014162,3.008362,1.001928,0.194352,1.94352,2.057559,0.014664,0.067713,0.64972,0.0,scene_3.2|scene_3.2_y02_hull_dense_y02_17p64|2556|31,scene_3.2|scene_3.2_y01_hull_dense_y01_14p63|466|22,00d9eae347de3eba8b21253e1c629635490e3d6a,466f7834cd7be8c59c59c3d6cceca6783072c9c4
scene_3_2_terminalgain_globalmax_interp_0636,family_01,636,6.541645,6.735721,0.194076,30,2,28,2.9,3.029942,3.008362,1.007173,0.194352,1.94352,2.059075,0.155445,0.017433,1.256755,0.0,scene_3.2|scene_3.2_y02_hull_dense_y02_17p64|2556|31,scene_3.2|scene_3.2_y01_hull_dense_y01_14p63|466|22,5160a2fdf0839fc2454324f5a425d89a5b6ea81c,b57e166e47d4cea2597b73fdf2b11cc277d6c8e0
scene_3_2_terminalgain_globalmax_interp_0637,family_01,637,6.541645,6.735721,0.194076,30,2,28,2.9,3.03065,3.008362,1.007409,0.194352,1.94352,2.059145,0.296227,0.032846,1.27757,0.0,scene_3.2|scene_3.2_y02_hull_dense_y02_17p64|2556|31,scene_3.2|scene_3.2_y01_hull_dense_y01_14p63|466|22,a389ab20243fdfc616e6528682bc80da103db6b6,68eddb8ddc62f9f717fb0a78af3e3875e9e48b55
scene_3_2_terminalgain_globalmax_interp_0638,family_01,638,6.541645,6.735721,0.194076,30,2,28,2.9,3.012448,3.008362,1.001358,0.194352,1.94352,2.057428,0.238743,0.083125,0.54522,0.0,scene_3.2|scene_3.2_y02_hull_dense_y02_17p64|2556|31,scene_3.2|scene_3.2_y01_hull_dense_y01_14p63|466|22,4f0d51bd605a6adbafa32297fd92ef84bbb00dc6,31d0cd17b81c0d7dbf8d2e9e1bf0c259fe8f7405
scene_3_2_terminalgain_globalmax_interp_0639,family_01,639,6.541645,6.735721,0.194076,30,2,28,2.9,3.030469,3.008362,1.007348,0.194352,1.94352,2.059118,0.097961,0.133404,1.272284,0.0,scene_3.2|scene_3.2_y02_hull_dense_y02_17p64|2556|31,scene_3.2|scene_3.2_y01_hull_dense_y01_14p63|466|22,fa0a73fb849f4ada3833c25c278291136a7ed03c,f8c78a7cbaa2a90946d7119fb6126f12629c6182
scene_3_2_terminalgain_globalmax_interp_0640,family_01,640,6.541645,6.735721,0.194076,30,2,28,2.9,3.053291,3.008362,1.014934,0.194352,1.94352,2.061803,0.04282,0.161088,1.821181,0.0,scene_3.2|scene_3.2_y02_hull_dense_y02_17p64|2556|31,scene_3.2|scene_3.2_y01_hull_dense_y01_14p63|466|22,954f57dc18fe160bd4860064f43ea7a38726d4fa,282c3dc8d7f6b24cd66ba1c5dc25fb8cce99d733
scene_3_2_terminalgain_globalmax_interp_0641,family_01,641,6.541645,6.735721,0.194076,30,2,28,2.9,3.029733,3.008362,1.007104,0.194352,1.94352,2.059043,0.183602,0.110809,1.250922,0.0,scene_3.2|scene_3.2_y02_hull_dense_y02_17p64|2556|31,scene_3.2|scene_3.2_y01_hull_dense_y01_14p63|466|22,9492a581d0d9aa28dee9de2241a74beebe3a909d,4157a11a9df5036de227f7efe48298d566d09a57
scene_3_2_terminalgain_globalmax_interp_0642,family_01,642,6.541645,6.735721,0.194076,30,2,28,2.9,3.016058,3.008362,1.002558,0.194352,1.94352,2.057723,0.324384,0.06053,0.748728,0.0,scene_3.2|scene_3.2_y02_hull_dense_y02_17p64|2556|31,scene_3.2|scene_3.2_y01_hull_dense_y01_14p63|466|22,d012f50b13180886fea066a471f07238376ed020,857c8a95b759cbf77cb257588f1fbb94fd7500af
scene_3_2_terminalgain_globalmax_interp_0643,family_01,643,6.541645,6.735721,0.194076,30,2,28,2.9,3.024678,3.008362,1.005424,0.194352,1.94352,2.058517,0.345738,0.010251,1.091874,0.0,scene_3.2|scene_3.2_y02_hull_dense_y02_17p64|2556|31,scene_3.2|scene_3.2_y01_hull_dense_y01_14p63|466|22,6d97a209ed7c773884bd3c910596930272327135,11d8f1484dd5af78df092e0d5ea1187fe6bc6278
scene_3_2_terminalgain_globalmax_interp_0644,family_01,644,6.541645,6.735721,0.194076,30,2,28,2.9,3.023664,3.008362,1.005086,0.194352,1.94352,2.058407,0.204956,0.040028,1.057143,0.0,scene_3.2|scene_3.2_y02_hull_dense_y02_17p64|2556|31,scene_3.2|scene_3.2_y01_hull_dense_y01_14p63|466|22,57e28a1f431e0c48c4355e4c5f666b082ed08f94,859afa56af84375bda0b110166e773925a0292f9
scene_3_2_terminalgain_globalmax_interp_0645,family_01,645,6.541645,6.735721,0.194076,30,2,28,2.9,3.032008,3.008362,1.00786,0.194352,1.94352,2.059255,0.064174,0.090308,1.316084,0.0,scene_3.2|scene_3.2_y02_hull_dense_y02_17p64|2556|31,scene_3.2|scene_3.2_y01_hull_dense_y01_14p63|466|22,f45e44a1255af44a2a68b7987cfa2b4b69cde18a,914ae134d8ac4f3ef0559e0e3310c4eae95c8912
scene_3_2_terminalgain_globalmax_interp_0646,family_01,646,6.541645,6.735721,0.194076,30,2,28,2.9,3.020618,3.008362,1.004074,0.194352,1.94352,2.058142,0.076607,0.140587,0.945826,0.0,scene_3.2|scene_3.2_y02_hull_dense_y02_17p64|2556|31,scene_3.2|scene_3.2_y01_hull_dense_y01_14p63|466|22,e7157dc5d3d20c75f784b2db81bc5ead7c31a627,4d7b9d70fb2d229ff2dc9dcea9aecb5f0e16a200
scene_3_2_terminalgain_globalmax_interp_0647,family_01,647,6.541645,6.735721,0.194076,30,2,28,2.9,3.010122,3.008362,1.000585,0.194352,1.94352,2.057237,0.217389,0.153906,0.357692,0.0,scene_3.2|scene_3.2_y02_hull_dense_y02_17p64|2556|31,scene_3.2|scene_3.2_y01_hull_dense_y01_14p63|466|22,a09ffe475bd2785c0f6a149d2906e909e934345a,b8567ad769f8e3eb42b31b55a78f2b358ee07e96
scene_3_2_terminalgain_globalmax_interp_0648,family_01,648,6.541645,6.735721,0.194076,30,2,28,2.9,3.060992,3.008362,1.017494,0.194352,1.94352,2.062833,0.317581,0.103626,1.97385,0.0,scene_3.2|scene_3.2_y02_hull_dense_y02_17p64|2556|31,scene_3.2|scene_3.2_y01_hull_dense_y01_14p63|466|22,755c8fc0eac2693b774a9e0ff7614162ac1ef4ec,b9529af4c660e3d0c9f795020d982cfba8e131b8
scene_3_2_terminalgain_globalmax_interp_0649,family_01,649,6.541645,6.735721,0.194076,30,2,28,2.9,3.056615,3.008362,1.01604,0.194352,1.94352,2.062217,0.176799,0.053347,1.888514,0.0,scene_3.2|scene_3.2_y02_hull_dense_y02_17p64|2556|31,scene_3.2|scene_3.2_y01_hull_dense_y01_14p63|466|22,4281c7206d3b426b4e9ae7cf0a74c3ed3f077724,60db4f148dc766209579344c20b210c5724241ea
scene_3_2_terminalgain_globalmax_interp_0650,family_01,650,6.541645,6.735721,0.194076,30,2,28,2.9,3.00903,3.008362,1.000222,0.194352,1.94352,2.05715,0.036018,0.003068,0.220349,0.0,scene_3.2|scene_3.2_y02_hull_dense_y02_17p64|2556|31,scene_3.2|scene_3.2_y01_hull_dense_y01_14p63|466|22,7c355e2fb630a26bed88bac35ac9822253aa99c6,38148cc7151fbfa188a69a51e64d34a7a5e8116a
scene_3_2_terminalgain_globalmax_interp_0651,family_01,651,6.541645,6.735721,0.194076,30,2,28,2.9,3.023567,3.008362,1.005054,0.194352,1.94352,2.058433,0.104764,0.047211,1.05365,0.0,scene_3.2|scene_3.2_y02_hull_dense_y02_17p64|2556|31,scene_3.2|scene_3.2_y01_hull_dense_y01_14p63|466|22,c424e275db761e9d7a82f0f7f3f5c0d3c1d17424,df12682199798aca9b9c77c41aa9d7618a8cfde4
scene_3_2_terminalgain_globalmax_interp_0652,family_01,652,6.541645,6.735721,0.194076,30,2,28,2.9,3.028194,3.008362,1.006592,0.194352,1.94352,2.05887,0.245546,0.09749,1.204592,0.0,scene_3.2|scene_3.2_y02_hull_dense_y02_17p64|2556|31,scene_3.2|scene_3.2_y01_hull_dense_y01_14p63|466|22,0dfa6228b94199a1f4dd3067cdab358329b84c03,706c302af58665fdc4097e55bf333c23714aee4b
scene_3_2_terminalgain_globalmax_interp_0653,family_01,653,6.541645,6.735721,0.194076,30,2,28,2.9,3.024164,3.008362,1.005253,0.194352,1.94352,2.058471,0.289424,0.14777,1.074568,0.0,scene_3.2|scene_3.2_y02_hull_dense_y02_17p64|2556|31,scene_3.2|scene_3.2_y01_hull_dense_y01_14p63|466|22,291bedad8eff3594fd2765cb25edb845c3d39dde,b40a66c71fff113c23c9c72cfaa40aac7afbe4b2
scene_3_2_terminalgain_globalmax_interp_0654,family_01,654,6.541645,6.735721,0.194076,30,2,28,2.9,3.028581,3.008362,1.006721,0.194352,1.94352,2.058913,0.148643,0.146723,1.216302,0.0,scene_3.2|scene_3.2_y02_hull_dense_y02_17p64|2556|31,scene_3.2|scene_3.2_y01_hull_dense_y01_14p63|466|22,5e7e12249cc30f42c0f76f8176d79e9ac503a91b,c813b38e9aadc7dc12a5c358d61d3941be1f8c90
scene_3_2_terminalgain_globalmax_interp_0655,family_01,655,6.541645,6.735721,0.194076,30,2,28,2.9,3.013791,3.008362,1.001805,0.194352,1.94352,2.057529,0.007861,0.096444,0.628538,0.0,scene_3.2|scene_3.2_y02_hull_dense_y02_17p64|2556|31,scene_3.2|scene_3.2_y01_hull_dense_y01_14p63|466|22,38f1bd3cee3288845b389c3aaab363516330e9b8,7931be872227938e4b1690c196eb3703364d9164
scene_3_2_terminalgain_globalmax_interp_0656,family_01,656,6.541645,6.735721,0.194076,30,2,28,2.9,3.030887,3.008362,1.007487,0.194352,1.94352,2.059179,0.132921,0.046164,1.284328,0.0,scene_3.2|scene_3.2_y02_hull_dense_y02_17p64|2556|31,scene_3.2|scene_3.2_y01_hull_dense_y01_14p63|466|22,bacdaef4c84aa1132cec8d9e6f91076b90790a8e,4ea1ee507de429a2c7e72e84ae3ce209b2a7e3f0
scene_3_2_terminalgain_globalmax_interp_0657,family_01,657,6.541645,6.735721,0.194076,30,2,28,2.9,3.058803,3.008362,1.016767,0.194352,1.94352,2.062545,0.273702,0.004115,1.931623,0.0,scene_3.2|scene_3.2_y02_hull_dense_y02_17p64|2556|31,scene_3.2|scene_3.2_y01_hull_dense_y01_14p63|466|22,e860ff9c003c76dbca5c4da8ae056ad80c912cfe,490caff80e17164defd8a1ec53d1281be4da73c1
scene_3_2_terminalgain_globalmax_interp_0658,family_01,658,6.541645,6.735721,0.194076,30,2,28,2.9,3.036089,3.008362,1.009217,0.194352,1.94352,2.059716,0.261268,0.054394,1.426253,0.0,scene_3.2|scene_3.2_y02_hull_dense_y02_17p64|2556|31,scene_3.2|scene_3.2_y01_hull_dense_y01_14p63|466|22,8b366f08a1ad3b64b1de1d07415ef60a3beddac3,e3b6febefe9c87aaafab032b686fd3bf11c08483
scene_3_2_terminalgain_globalmax_interp_0659,family_01,659,6.541645,6.735721,0.194076,30,2,28,2.9,3.013967,3.008362,1.001863,0.194352,1.94352,2.057555,0.120486,0.104673,0.638659,0.0,scene_3.2|scene_3.2_y02_hull_dense_y02_17p64|2556|31,scene_3.2|scene_3.2_y01_hull_dense_y01_14p63|466|22,c9cd0e0947f0e99e7995ebc6a1ba7edca3be8624,794b0652201c7d932f0713b1ce2088b874ca1ab7
scene_3_2_terminalgain_globalmax_interp_0660,family_01,660,6.541645,6.735721,0.194076,30,2,28,2.9,3.027401,3.008362,1.006329,0.194352,1.94352,2.05881,0.020295,0.154952,1.179847,0.0,scene_3.2|scene_3.2_y02_hull_dense_y02_17p64|2556|31,scene_3.2|scene_3.2_y01_hull_dense_y01_14p63|466|22,97d5a8f682cd4d121cc18af967d9ecad05a3ce4c,51d266712050b976ee9475c941b31454c411dd6a
scene_3_2_terminalgain_globalmax_interp_0661,family_01,661,6.541645,6.735721,0.194076,30,2,28,2.9,3.034428,3.008362,1.008664,0.194352,1.94352,2.059541,0.161077,0.13954,1.38241,0.0,scene_3.2|scene_3.2_y02_hull_dense_y02_17p64|2556|31,scene_3.2|scene_3.2_y01_hull_dense_y01_14p63|466|22,8cbd3f7ad009d431461917680b2b014fe49a72df,382b6dd8e03d2089dd77d0d32bf92d080bc2f13d
scene_3_2_terminalgain_globalmax_interp_0662,family_01,662,6.541645,6.735721,0.194076,30,2,28,2.9,3.013907,3.008362,1.001843,0.194352,1.94352,2.057537,0.301859,0.089261,0.63537,0.0,scene_3.2|scene_3.2_y02_hull_dense_y02_17p64|2556|31,scene_3.2|scene_3.2_y01_hull_dense_y01_14p63|466|22,16d9242293fd266ff7ce3e3c1342f1386f966028,d3deaa41863670d9b532a6f297472cf4c60666ab
scene_3_2_terminalgain_globalmax_interp_0663,family_01,663,6.541645,6.735721,0.194076,30,2,28,2.9,3.020839,3.008362,1.004147,0.194352,1.94352,2.058164,0.233112,0.038982,0.954356,0.0,scene_3.2|scene_3.2_y02_hull_dense_y02_17p64|2556|31,scene_3.2|scene_3.2_y01_hull_dense_y01_14p63|466|22,d7a9f3ebbd0e620a1fd0c0d73cf5e7677e446ae0,e9198efe8300b40f734870c3636169b15ffb96f8
scene_3_2_terminalgain_globalmax_interp_0664,family_01,664,6.541645,6.735721,0.194076,30,2,28,2.9,3.04183,3.008362,1.011125,0.194352,1.94352,2.060348,0.092331,0.011298,1.568875,0.0,scene_3.2|scene_3.2_y02_hull_dense_y02_17p64|2556|31,scene_3.2|scene_3.2_y01_hull_dense_y01_14p63|466|22,92f9a45b46b956fa384cf16eeb269cddad2922a5,4c9afddcb8b12be8b0bd9988fb9d58da7d50b14b
scene_3_2_terminalgain_globalmax_interp_0665,family_01,665,6.541645,6.735721,0.194076,30,2,28,2.9,3.034255,3.008362,1.008607,0.194352,1.94352,2.059505,0.048451,0.061577,1.378084,0.0,scene_3.2|scene_3.2_y02_hull_dense_y02_17p64|2556|31,scene_3.2|scene_3.2_y01_hull_dense_y01_14p63|466|22,cbb9750e4c41709a178f44ad5a2a1f210753d6f3,2baa1d2e6497bc3afe0f731dd19792284eb40b49
scene_3_2_terminalgain_globalmax_interp_0666,family_01,666,6.541645,6.735721,0.194076,30,2,28,2.9,3.031145,3.008362,1.007573,0.194352,1.94352,2.05916,0.189234,0.111856,1.291627,0.0,scene_3.2|scene_3.2_y02_hull_dense_y02_17p64|2556|31,scene_3.2|scene_3.2_y01_hull_dense_y01_14p63|466|22,dbbad776560fea5d51d6cdd8277b7777fea361d3,55c17a7a61b721d0688ed9ac69cde8d3596bc87d
scene_3_2_terminalgain_globalmax_interp_0667,family_01,667,6.541645,6.735721,0.194076,30,2,28,2.9,3.035923,3.008362,1.009161,0.194352,1.94352,2.059682,0.330015,0.162135,1.422117,0.0,scene_3.2|scene_3.2_y02_hull_dense_y02_17p64|2556|31,scene_3.2|scene_3.2_y01_hull_dense_y01_14p63|466|22,a2a096223132ed1d89a0e56af6f17592f824d841,2c93266151934cc19a9f5175ec6c89fbc8b6c15b
scene_3_2_terminalgain_globalmax_interp_0668,family_01,668,6.541645,6.735721,0.194076,30,2,28,2.9,3.02096,3.008362,1.004187,0.194352,1.94352,2.058169,0.340106,0.132357,0.958611,0.0,scene_3.2|scene_3.2_y02_hull_dense_y02_17p64|2556|31,scene_3.2|scene_3.2_y01_hull_dense_y01_14p63|466|22,ad2d70598d88e97f4c88853c638d7ff938364af4,db053d8571c517d79b0004bc5fdf2e639510746c
scene_3_2_terminalgain_globalmax_interp_0669,family_01,669,6.541645,6.735721,0.194076,30,2,28,2.9,3.028423,3.008362,1.006668,0.194352,1.94352,2.058877,0.199324,0.082078,1.211358,0.0,scene_3.2|scene_3.2_y02_hull_dense_y02_17p64|2556|31,scene_3.2|scene_3.2_y01_hull_dense_y01_14p63|466|22,bea30ebb9574a04c0bd706f1200ed035d32d9f83,90d6ff7806042b4399ffb91a54c08e593532558e
scene_3_2_terminalgain_globalmax_interp_0670,family_01,670,6.541645,6.735721,0.194076,30,2,28,2.9,3.024828,3.008362,1.005473,0.194352,1.94352,2.058527,0.058542,0.031799,1.096891,0.0,scene_3.2|scene_3.2_y02_hull_dense_y02_17p64|2556|31,scene_3.2|scene_3.2_y01_hull_dense_y01_14p63|466|22,1b0630da06ea238b16eeb2bfb206503d6b747079,8b496af182ede5cd319f8a147ea12d1f294438ca
scene_3_2_terminalgain_globalmax_interp_0671,family_01,671,6.541645,6.735721,0.194076,30,2,28,2.9,3.009049,3.008362,1.000228,0.194352,1.94352,2.05715,0.082239,0.01848,0.223438,0.0,scene_3.2|scene_3.2_y02_hull_dense_y02_17p64|2556|31,scene_3.2|scene_3.2_y01_hull_dense_y01_14p63|466|22,a9fb4c4955c9e2fecb465da215988a62d49170e0,64aad13ae8a7f3c4019d88c5c18127cc453f7253
scene_3_2_terminalgain_globalmax_interp_0672,family_01,672,6.541645,6.735721,0.194076,30,2,28,2.9,3.046258,3.008362,1.012597,0.194352,1.94352,2.060879,0.223021,0.068759,1.6706,0.0,scene_3.2|scene_3.2_y02_hull_dense_y02_17p64|2556|31,scene_3.2|scene_3.2_y01_hull_dense_y01_14p63|466|22,53522fb3ff17acd6945129f3855ee6af0deb9f56,b1934b37c38c05544c0e746924ae9ec2c99ae8a2
scene_3_2_terminalgain_globalmax_interp_0673,family_01,673,6.541645,6.735721,0.194076,30,2,28,2.9,3.032025,3.008362,1.007865,0.194352,1.94352,2.059271,0.31195,0.119039,1.316773,0.0,scene_3.2|scene_3.2_y02_hull_dense_y02_17p64|2556|31,scene_3.2|scene_3.2_y01_hull_dense_y01_14p63|466|22,ecd4e0733c99b05676a94eaaa7faf036633a656c,4a494c7e05100c1dd9628ab542c0df45a0994b9b
scene_3_2_terminalgain_globalmax_interp_0674,family_01,674,6.541645,6.735721,0.194076,30,2,28,2.9,3.012094,3.008362,1.001241,0.194352,1.94352,2.057397,0.171168,0.169318,0.521126,0.0,scene_3.2|scene_3.2_y02_hull_dense_y02_17p64|2556|31,scene_3.2|scene_3.2_y01_hull_dense_y01_14p63|466|22,84c979232dccbfd89f2a17e316f64b662cc7eeef,ff9b5f18d1a3710562d4360680f9d26dc3e15d77
scene_3_2_terminalgain_globalmax_interp_0675,family_01,675,6.541645,6.735721,0.194076,30,2,28,2.9,3.037069,3.008362,1.009542,0.194352,1.94352,2.059816,0.030386,0.174427,1.451483,0.0,scene_3.2|scene_3.2_y02_hull_dense_y02_17p64|2556|31,scene_3.2|scene_3.2_y01_hull_dense_y01_14p63|466|22,682c22ce1d1abb3438eff3e13069a742d87a2623,72faddb2387bd9905bb591e060c78bd11e3c71ab
scene_3_2_terminalgain_globalmax_interp_0676,family_01,676,6.541645,6.735721,0.194076,30,2,28,2.9,3.043843,3.008362,1.011794,0.194352,1.94352,2.060635,0.110396,0.124148,1.615907,0.0,scene_3.2|scene_3.2_y02_hull_dense_y02_17p64|2556|31,scene_3.2|scene_3.2_y01_hull_dense_y01_14p63|466|22,5287ec87a012ec8bd166c73244d4d008d8d1667a,a1b93e54502d09db74a1c93e8761f52400b428f6
scene_3_2_terminalgain_globalmax_interp_0677,family_01,677,6.541645,6.735721,0.194076,30,2,28,2.9,3.017205,3.008362,1.002939,0.194352,1.94352,2.057842,0.251177,0.073869,0.802681,0.0,scene_3.2|scene_3.2_y02_hull_dense_y02_17p64|2556|31,scene_3.2|scene_3.2_y01_hull_dense_y01_14p63|466|22,4b9cc6c2b37e1603ee38a59e9369b9fcdecedde3,5407e134b88d2b9f5d5398573f200cf37c5a9faf
scene_3_2_terminalgain_globalmax_interp_0678,family_01,678,6.541645,6.735721,0.194076,30,2,28,2.9,3.025112,3.008362,1.005568,0.194352,1.94352,2.058554,0.283794,0.02359,1.106114,0.0,scene_3.2|scene_3.2_y02_hull_dense_y02_17p64|2556|31,scene_3.2|scene_3.2_y01_hull_dense_y01_14p63|466|22,120ec156c5b92e47c644a05db9fbd4c5a07312c4,3930f417870e43316462aee077f674ae5fdf451f
scene_3_2_terminalgain_globalmax_interp_0679,family_01,679,6.541645,6.735721,0.194076,30,2,28,2.9,3.018149,3.008362,1.003253,0.194352,1.94352,2.057913,0.143012,0.026689,0.844495,0.0,scene_3.2|scene_3.2_y02_hull_dense_y02_17p64|2556|31,scene_3.2|scene_3.2_y01_hull_dense_y01_14p63|466|22,7d8b59c6908d44b5cb2104617b26ded3100ddc3a,ca7648072354335ed6c60b594f5b62437d41dbbf
scene_3_2_terminalgain_globalmax_interp_0680,family_01,680,6.541645,6.735721,0.194076,30,2,28,2.9,3.038621,3.008362,1.010058,0.194352,1.94352,2.059987,0.00223,0.076968,1.490765,0.0,scene_3.2|scene_3.2_y02_hull_dense_y02_17p64|2556|31,scene_3.2|scene_3.2_y01_hull_dense_y01_14p63|466|22,66f5ccbc1c445aa70ee4ba044eff1227b5c9a5b8,ef34ceefb2a52cb0cebcd822e7ebe2c9fb500512
scene_3_2_terminalgain_globalmax_interp_0681,family_01,681,6.541645,6.735721,0.194076,30,2,28,2.9,3.056034,3.008362,1.015846,0.194352,1.94352,2.062143,0.138551,0.127247,1.877099,0.0,scene_3.2|scene_3.2_y02_hull_dense_y02_17p64|2556|31,scene_3.2|scene_3.2_y01_hull_dense_y01_14p63|466|22,8cdf982aed4c80131171542c7ded4875abfcdfaf,f00e1ec600ff338a58d6aaa40593e6bbddcb5fd2
scene_3_2_terminalgain_globalmax_interp_0682,family_01,682,6.541645,6.735721,0.194076,30,2,28,2.9,3.011942,3.008362,1.00119,0.194352,1.94352,2.057384,0.279334,0.167244,0.510386,0.0,scene_3.2|scene_3.2_y02_hull_dense_y02_17p64|2556|31,scene_3.2|scene_3.2_y01_hull_dense_y01_14p63|466|22,a4ac137a40d6f9435c2b7a1b99f74ce08d6f3f03,ef1499f80cf3e8f66b4403107a8a538f88deebde
scene_3_2_terminalgain_globalmax_interp_0683,family_01,683,6.541645,6.735721,0.194076,30,2,28,2.9,3.018746,3.008362,1.003452,0.194352,1.94352,2.057979,0.255637,0.116965,0.870198,0.0,scene_3.2|scene_3.2_y02_hull_dense_y02_17p64|2556|31,scene_3.2|scene_3.2_y01_hull_dense_y01_14p63|466|22,8eb750aa714d124f18940abfbc90bc50f6258beb,d52099d607af8101a01bae62860feec346affed3
scene_3_2_terminalgain_globalmax_interp_0684,family_01,684,6.541645,6.735721,0.194076,30,2,28,2.9,3.047746,3.008362,1.013091,0.194352,1.94352,2.061061,0.114856,0.066687,1.703425,0.0,scene_3.2|scene_3.2_y02_hull_dense_y02_17p64|2556|31,scene_3.2|scene_3.2_y01_hull_dense_y01_14p63|466|22,7ee09e894fb21e82bfff57469f2209fa249edcec,d8e82e5e437853458ccb8e87936764d20cacaa30
scene_3_2_terminalgain_globalmax_interp_0685,family_01,685,6.541645,6.735721,0.194076,30,2,28,2.9,3.054857,3.008362,1.015455,0.194352,1.94352,2.061944,0.025926,0.016408,1.853354,0.0,scene_3.2|scene_3.2_y02_hull_dense_y02_17p64|2556|31,scene_3.2|scene_3.2_y01_hull_dense_y01_14p63|466|22,cb249db99faa6fb811606376c0947b1817eb68f3,ae406d4237d0563e23bbb7e57abb4e5345ea0a45
scene_3_2_terminalgain_globalmax_interp_0686,family_01,686,6.541645,6.735721,0.194076,30,2,28,2.9,3.014109,3.008362,1.00191,0.194352,1.94352,2.057566,0.166708,0.033872,0.646814,0.0,scene_3.2|scene_3.2_y02_hull_dense_y02_17p64|2556|31,scene_3.2|scene_3.2_y01_hull_dense_y01_14p63|466|22,dd08abedb00b66ddeb7e0ef928982f5390241bfa,8befb6700d9ff502f72dda9551be007cf981e94b
scene_3_2_terminalgain_globalmax_interp_0687,family_01,687,6.541645,6.735721,0.194076,30,2,28,2.9,3.013556,3.008362,1.001726,0.194352,1.94352,2.057508,0.307489,0.084151,0.614749,0.0,scene_3.2|scene_3.2_y02_hull_dense_y02_17p64|2556|31,scene_3.2|scene_3.2_y01_hull_dense_y01_14p63|466|22,d85aba0296fd245b3188473f4840d74b979639ab,84159850afb2365693020d64b1bc2d03fb4ffd67
scene_3_2_terminalgain_globalmax_interp_0688,family_01,688,6.541645,6.735721,0.194076,30,2,28,2.9,3.045485,3.008362,1.01234,0.194352,1.94352,2.060778,0.227481,0.13443,1.653316,0.0,scene_3.2|scene_3.2_y02_hull_dense_y02_17p64|2556|31,scene_3.2|scene_3.2_y01_hull_dense_y01_14p63|466|22,5e7012ed276e740a866e720d23811ad715027f3d,70b37f5add99e0780623d740a74e3b387c545cbd
scene_3_2_terminalgain_globalmax_interp_0689,family_01,689,6.541645,6.735721,0.194076,30,2,28,2.9,3.031046,3.008362,1.00754,0.194352,1.94352,2.059181,0.086699,0.160062,1.288791,0.0,scene_3.2|scene_3.2_y02_hull_dense_y02_17p64|2556|31,scene_3.2|scene_3.2_y01_hull_dense_y01_14p63|466|22,60e1455b55b72ca50a81cf673b12603c1cd668ca,e0287b5fab5c8b3f4a125a5c9083862ded934701
scene_3_2_terminalgain_globalmax_interp_0690,family_01,690,6.541645,6.735721,0.194076,30,2,28,2.9,3.019023,3.008362,1.003544,0.194352,1.94352,2.057995,0.054083,0.109782,0.881636,0.0,scene_3.2|scene_3.2_y02_hull_dense_y02_17p64|2556|31,scene_3.2|scene_3.2_y01_hull_dense_y01_14p63|466|22,f1faed2af073e9897b85a3f9070d28c0a898a147,80a7133981349fade8390e02872101c06604657a
scene_3_2_terminalgain_globalmax_interp_0691,family_01,691,6.541645,6.735721,0.194076,30,2,28,2.9,3.021511,3.008362,1.004371,0.194352,1.94352,2.058229,0.194864,0.059504,0.979757,0.0,scene_3.2|scene_3.2_y02_hull_dense_y02_17p64|2556|31,scene_3.2|scene_3.2_y01_hull_dense_y01_14p63|466|22,d9e7705531ed1bbece3138fb1ef95d7c8a086b0e,a447fd6e8faef0f5edb025f5952252572c403efa
scene_3_2_terminalgain_globalmax_interp_0692,family_01,692,6.541645,6.735721,0.194076,30,2,28,2.9,3.02213,3.008362,1.004576,0.194352,1.94352,2.058285,0.335646,0.009225,1.002725,0.0,scene_3.2|scene_3.2_y02_hull_dense_y02_17p64|2556|31,scene_3.2|scene_3.2_y01_hull_dense_y01_14p63|466|22,9fb3b7c848fc51fb567387d38043c7db149ebf78,c27e820657e435a895c7469e05e76e99b83d6873
scene_3_2_terminalgain_globalmax_interp_0693,family_01,693,6.541645,6.735721,0.194076,30,2,28,2.9,3.038601,3.008362,1.010051,0.194352,1.94352,2.059983,0.334475,0.041054,1.490276,0.0,scene_3.2|scene_3.2_y02_hull_dense_y02_17p64|2556|31,scene_3.2|scene_3.2_y01_hull_dense_y01_14p63|466|22,a53f1dd36f7ba557a114f4f06cffd05c4d63a003,8226de7ad5626eb63ddb5c2dcdbfa09bb8140445
scene_3_2_terminalgain_globalmax_interp_0694,family_01,694,6.541645,6.735721,0.194076,30,2,28,2.9,3.039583,3.008362,1.010378,0.194352,1.94352,2.060101,0.193693,0.091334,1.514268,0.0,scene_3.2|scene_3.2_y02_hull_dense_y02_17p64|2556|31,scene_3.2|scene_3.2_y01_hull_dense_y01_14p63|466|22,e045b4a14f8fa82244abc68481480c936eb80290,28303f77c7708a6680e6273511696a2dd314e6ac
scene_3_2_terminalgain_globalmax_interp_0695,family_01,695,6.541645,6.735721,0.194076,30,2,28,2.9,3.010644,3.008362,1.000759,0.194352,1.94352,2.057281,0.052912,0.141613,0.407297,0.0,scene_3.2|scene_3.2_y02_hull_dense_y02_17p64|2556|31,scene_3.2|scene_3.2_y01_hull_dense_y01_14p63|466|22,ec67490b8194c7249938a04700f9dfd17333a6ea,8ef9716beefa65eae67487125d76c287f34f6f52
scene_3_2_terminalgain_globalmax_interp_0696,family_01,696,6.541645,6.735721,0.194076,30,2,28,2.9,3.039036,3.008362,1.010196,0.194352,1.94352,2.06004,0.08787,0.152879,1.500934,0.0,scene_3.2|scene_3.2_y02_hull_dense_y02_17p64|2556|31,scene_3.2|scene_3.2_y01_hull_dense_y01_14p63|466|22,578028fa1815c8dc1c9392e931e03e327bed4a2d,57f5455db5c5d39ea6d45f4071163bef0cd81d71
scene_3_2_terminalgain_globalmax_interp_0697,family_01,697,6.541645,6.735721,0.194076,30,2,28,2.9,3.048948,3.008362,1.013491,0.194352,1.94352,2.061219,0.228652,0.1026,1.729786,0.0,scene_3.2|scene_3.2_y02_hull_dense_y02_17p64|2556|31,scene_3.2|scene_3.2_y01_hull_dense_y01_14p63|466|22,bd0171c6b8abd8138b3292ab573e04971cfc50fd,c64617129621b59577aba019580f8986f47960d3
scene_3_2_terminalgain_globalmax_interp_0698,family_01,698,6.541645,6.735721,0.194076,30,2,28,2.9,3.008646,3.008362,1.000094,0.194352,1.94352,2.057121,0.306319,0.052321,0.144266,0.0,scene_3.2|scene_3.2_y02_hull_dense_y02_17p64|2556|31,scene_3.2|scene_3.2_y01_hull_dense_y01_14p63|466|22,71ec6ab5d6fa5bcb389fa4e5f3fce4ca8152155e,a758347227323a115568178d73ac26e974c91b57
scene_3_2_terminalgain_globalmax_interp_0699,family_01,699,6.541645,6.735721,0.194076,30,2,28,2.9,3.026274,3.008362,1.005954,0.194352,1.94352,2.058669,0.165537,0.002042,1.144361,0.0,scene_3.2|scene_3.2_y02_hull_dense_y02_17p64|2556|31,scene_3.2|scene_3.2_y01_hull_dense_y01_14p63|466|22,dc650d4682605177632f398c4e3af5cda18be2f5,524f26947a7f2ac9c0f9200977bb270c92562888
scene_3_2_terminalgain_globalmax_interp_0700,family_01,700,6.541645,6.735721,0.194076,30,2,28,2.9,3.026247,3.008362,1.005945,0.194352,1.94352,2.058664,0.024755,0.048237,1.143531,0.0,scene_3.2|scene_3.2_y02_hull_dense_y02_17p64|2556|31,scene_3.2|scene_3.2_y01_hull_dense_y01_14p63|466|22,a870a92d8d466260319061858a75560692eaa9d4,51cf1f56cd8cea951f8a5d5d11f62ae7afb48f18
scene_3_2_terminalgain_globalmax_interp_0701,family_01,701,6.541645,6.735721,0.194076,30,2,28,2.9,3.023117,3.008362,1.004904,0.194352,1.94352,2.058369,0.116026,0.098516,1.038073,0.0,scene_3.2|scene_3.2_y02_hull_dense_y02_17p64|2556|31,scene_3.2|scene_3.2_y01_hull_dense_y01_14p63|466|22,b3565fe8107f0b6756c33cc5fb5b22ffd74f5173,b3100b3a73975e356c4926397a01fb4bd8cfa27c
scene_3_2_terminalgain_globalmax_interp_0702,family_01,702,6.541645,6.735721,0.194076,30,2,28,2.9,3.03495,3.008362,1.008838,0.194352,1.94352,2.059584,0.256808,0.148796,1.396413,0.0,scene_3.2|scene_3.2_y02_hull_dense_y02_17p64|2556|31,scene_3.2|scene_3.2_y01_hull_dense_y01_14p63|466|22,ee122236a8470734fd67c703497be255662c7247,c80580fa85f6ae067cf5fcfc9842472537657b1b
scene_3_2_terminalgain_globalmax_interp_0703,family_01,703,6.541645,6.735721,0.194076,30,2,28,2.9,3.031349,3.008362,1.007641,0.194352,1.94352,2.059197,0.278162,0.145696,1.297408,0.0,scene_3.2|scene_3.2_y02_hull_dense_y02_17p64|2556|31,scene_3.2|scene_3.2_y01_hull_dense_y01_14p63|466|22,561f671ea5a183c0d2f4e4fcb82319044ad32861,c8d8283b9340fc53e0e4edc9bc0b6565011bd3c7
scene_3_2_terminalgain_globalmax_interp_0704,family_01,704,6.541645,6.735721,0.194076,30,2,28,2.9,3.031345,3.008362,1.007639,0.194352,1.94352,2.059209,0.13738,0.095417,1.297469,0.0,scene_3.2|scene_3.2_y02_hull_dense_y02_17p64|2556|31,scene_3.2|scene_3.2_y01_hull_dense_y01_14p63|466|22,9581a3ba63981d96e047fc476db73a9070c00a30,29827b5a7b4bd597ede55fc50fab53a24e26bbd0
scene_3_2_terminalgain_globalmax_interp_0705,family_01,705,6.541645,6.735721,0.194076,30,2,28,2.9,3.034952,3.008362,1.008839,0.194352,1.94352,2.059585,0.003401,0.045139,1.396566,0.0,scene_3.2|scene_3.2_y02_hull_dense_y02_17p64|2556|31,scene_3.2|scene_3.2_y01_hull_dense_y01_14p63|466|22,1bab18dd15d1ff932124765f5d9b496a7c51d6e9,b27a0bb1400cb62d97cc266d8e74203b5297fd73
scene_3_2_terminalgain_globalmax_interp_0706,family_01,706,6.541645,6.735721,0.194076,30,2,28,2.9,3.021904,3.008362,1.004501,0.194352,1.94352,2.05826,0.144183,0.005141,0.994232,0.0,scene_3.2|scene_3.2_y02_hull_dense_y02_17p64|2556|31,scene_3.2|scene_3.2_y01_hull_dense_y01_14p63|466|22,d13837ae9fe74e2febd3c8671233150193271902,a974ffb4723a05b42271184bf12e3b5a0cda1e89
scene_3_2_terminalgain_globalmax_interp_0707,family_01,707,6.541645,6.735721,0.194076,30,2,28,2.9,3.010967,3.008362,1.000866,0.194352,1.94352,2.057305,0.284965,0.05542,0.435297,0.0,scene_3.2|scene_3.2_y02_hull_dense_y02_17p64|2556|31,scene_3.2|scene_3.2_y01_hull_dense_y01_14p63|466|22,a426c8d7f3590a9020be74b4315a2f1c9aa30db2,cb33da52762945efb0083f5d3fc9fc4d6df05c5b
scene_3_2_terminalgain_globalmax_interp_0708,family_01,708,6.541645,6.735721,0.194076,30,2,28,2.9,3.039967,3.008362,1.010506,0.194352,1.94352,2.06013,0.250006,0.105699,1.523971,0.0,scene_3.2|scene_3.2_y02_hull_dense_y02_17p64|2556|31,scene_3.2|scene_3.2_y01_hull_dense_y01_14p63|466|22,23e885a36534fea6a978e587d329a9ab0ea6cd75,c77d41db754dc2291670963e94eaa9be8e1e66dd
scene_3_2_terminalgain_globalmax_interp_0709,family_01,709,6.541645,6.735721,0.194076,30,2,28,2.9,3.022286,3.008362,1.004628,0.194352,1.94352,2.058289,0.109224,0.155978,1.008261,0.0,scene_3.2|scene_3.2_y02_hull_dense_y02_17p64|2556|31,scene_3.2|scene_3.2_y01_hull_dense_y01_14p63|466|22,9e128ffe8a8d71e23145219e6481e54cbf89a03e,dae0f01dfa1507038e34e9d9870f66dc32305dca
scene_3_2_terminalgain_globalmax_interp_0710,family_01,710,6.541645,6.735721,0.194076,30,2,28,2.9,3.017378,3.008362,1.002997,0.194352,1.94352,2.05784,0.031558,0.138513,0.810664,0.0,scene_3.2|scene_3.2_y02_hull_dense_y02_17p64|2556|31,scene_3.2|scene_3.2_y01_hull_dense_y01_14p63|466|22,90744617ad8ca3655d94a5a8752635daafa876dc,bef01008ce09208d55ec0d0b2792d54726f54ed7
scene_3_2_terminalgain_globalmax_interp_0711,family_01,711,6.541645,6.735721,0.194076,30,2,28,2.9,3.035508,3.008362,1.009023,0.194352,1.94352,2.059616,0.17234,0.088234,1.411135,0.0,scene_3.2|scene_3.2_y02_hull_dense_y02_17p64|2556|31,scene_3.2|scene_3.2_y01_hull_dense_y01_14p63|466|22,9f3d9716f77ce8482a89cf1dd6b2348b2bf555e9,1e549daaaae6c5ceca7f787a4c01846237b12552
scene_3_2_terminalgain_globalmax_interp_0712,family_01,712,6.541645,6.735721,0.194076,30,2,28,2.9,3.065812,3.008362,1.019096,0.194352,1.94352,2.063454,0.313121,0.037956,2.06388,0.0,scene_3.2|scene_3.2_y02_hull_dense_y02_17p64|2556|31,scene_3.2|scene_3.2_y01_hull_dense_y01_14p63|466|22,3584685d36a8d0cbd21b1102f9f64c33b708f349,f798d2f624437bb3bde7f9124f63396cce0e474c
scene_3_2_terminalgain_globalmax_interp_0713,family_01,713,6.541645,6.735721,0.194076,30,2,28,2.9,3.038667,3.008362,1.010074,0.194352,1.94352,2.059984,0.22185,0.012323,1.491737,0.0,scene_3.2|scene_3.2_y02_hull_dense_y02_17p64|2556|31,scene_3.2|scene_3.2_y01_hull_dense_y01_14p63|466|22,1141b37245c6f0ec9d99bd693abf5cac80fb5dd6,a4306951fa6dbdec413edb456839873849609aa8
scene_3_2_terminalgain_globalmax_interp_0714,family_01,714,6.541645,6.735721,0.194076,30,2,28,2.9,3.012669,3.008362,1.001431,0.194352,1.94352,2.057451,0.081067,0.062603,0.559632,0.0,scene_3.2|scene_3.2_y02_hull_dense_y02_17p64|2556|31,scene_3.2|scene_3.2_y01_hull_dense_y01_14p63|466|22,0e3f204858741428aebfe804b4aa37c4eba59a00,4b1170556dfb1ee1d6fb0f25df38992a038aa819
scene_3_2_terminalgain_globalmax_interp_0715,family_01,715,6.541645,6.735721,0.194076,30,2,28,2.9,3.031716,3.008362,1.007763,0.194352,1.94352,2.059235,0.059714,0.112882,1.307974,0.0,scene_3.2|scene_3.2_y02_hull_dense_y02_17p64|2556|31,scene_3.2|scene_3.2_y01_hull_dense_y01_14p63|466|22,7e3ea61e404e7a30efc907770bdbba29259054fe,0d251a9d0695e6532e51f03f480ed5095db082b5
scene_3_2_terminalgain_globalmax_interp_0716,family_01,716,6.541645,6.735721,0.194076,30,2,28,2.9,3.018345,3.008362,1.003318,0.194352,1.94352,2.05793,0.200496,0.163161,0.853207,0.0,scene_3.2|scene_3.2_y02_hull_dense_y02_17p64|2556|31,scene_3.2|scene_3.2_y01_hull_dense_y01_14p63|466|22,4c4153c807a57db715937a276ed7f76ebe65a040,fc399c4a7186bde534b5f0a45b82624eba5c95bb
scene_3_2_terminalgain_globalmax_interp_0717,family_01,717,6.541645,6.735721,0.194076,30,2,28,2.9,3.033968,3.008362,1.008512,0.194352,1.94352,2.059507,0.341278,0.131331,1.370194,0.0,scene_3.2|scene_3.2_y02_hull_dense_y02_17p64|2556|31,scene_3.2|scene_3.2_y01_hull_dense_y01_14p63|466|22,a9c793822b1bbc72af675f44039fda6299d63f79,d87141fdab616ee0e066d232bed0b7443a7a7d57
scene_3_2_terminalgain_globalmax_interp_0718,family_01,718,6.541645,6.735721,0.194076,30,2,28,2.9,3.019915,3.008362,1.00384,0.194352,1.94352,2.058079,0.328843,0.081051,0.917805,0.0,scene_3.2|scene_3.2_y02_hull_dense_y02_17p64|2556|31,scene_3.2|scene_3.2_y01_hull_dense_y01_14p63|466|22,973bb9c91ad1b6546aeda86f1f2655fda89c4fe3,053331b461d331737ba2957465d8003b3679c686
scene_3_2_terminalgain_globalmax_interp_0719,family_01,719,6.541645,6.735721,0.194076,30,2,28,2.9,3.010152,3.008362,1.000595,0.194352,1.94352,2.057242,0.188062,0.030773,0.360662,0.0,scene_3.2|scene_3.2_y02_hull_dense_y02_17p64|2556|31,scene_3.2|scene_3.2_y01_hull_dense_y01_14p63|466|22,f332b0ecf2bd69a36980cb8d0e4026ef1b57c7bf,b0e4a67d91da537b2dc8f1c3dd3d9d5e8d042daf
scene_3_2_terminalgain_globalmax_interp_0720,family_01,720,6.541645,6.735721,0.194076,30,2,28,2.9,3.048934,3.008362,1.013486,0.194352,1.94352,2.061209,0.04728,0.019506,1.729413,0.0,scene_3.2|scene_3.2_y02_hull_dense_y02_17p64|2556|31,scene_3.2|scene_3.2_y01_hull_dense_y01_14p63|466|22,1b14ef90beba337b05983f38ffd07a97a77f43d7,682901c1fe76262d5640fc546ebc302b79540135
scene_3_2_terminalgain_globalmax_interp_0721,family_01,721,6.541645,6.735721,0.194076,30,2,28,2.9,3.05358,3.008362,1.015031,0.194352,1.94352,2.061797,0.093502,0.069785,1.827388,0.0,scene_3.2|scene_3.2_y02_hull_dense_y02_17p64|2556|31,scene_3.2|scene_3.2_y01_hull_dense_y01_14p63|466|22,5f8cc6d04797bc8a78b25bf4a548e90b88bad19b,cb6f25696ef63e6f704c52bd068e508ce71493b2
scene_3_2_terminalgain_globalmax_interp_0722,family_01,722,6.541645,6.735721,0.194076,30,2,28,2.9,3.011043,3.008362,1.000891,0.194352,1.94352,2.057316,0.234283,0.120065,0.441496,0.0,scene_3.2|scene_3.2_y02_hull_dense_y02_17p64|2556|31,scene_3.2|scene_3.2_y01_hull_dense_y01_14p63|466|22,668e1706f500dc9c0163a33018e8154ce4a74b02,cd043b23177c470da05b833be1824681864d35b7
scene_3_2_terminalgain_globalmax_interp_0723,family_01,723,6.541645,6.735721,0.194076,30,2,28,2.9,3.017542,3.008362,1.003051,0.194352,1.94352,2.057858,0.300687,0.170344,0.817822,0.0,scene_3.2|scene_3.2_y02_hull_dense_y02_17p64|2556|31,scene_3.2|scene_3.2_y01_hull_dense_y01_14p63|466|22,e168ac096a99439832d8d351f32b99b4e89d00f0,c8f2bdfc35cfff206e705ac48e519037ced3ec04
scene_3_2_terminalgain_globalmax_interp_0724,family_01,724,6.541645,6.735721,0.194076,30,2,28,2.9,3.036919,3.008362,1.009493,0.194352,1.94352,2.059811,0.159905,0.173401,1.447688,0.0,scene_3.2|scene_3.2_y02_hull_dense_y02_17p64|2556|31,scene_3.2|scene_3.2_y01_hull_dense_y01_14p63|466|22,efabcfc97a9ca226fe875767badeb7d7a07378a3,bc9a83f53f8727831b86b39d79622c59d4d7b937
scene_3_2_terminalgain_globalmax_interp_0725,family_01,725,6.541645,6.735721,0.194076,30,2,28,2.9,3.018384,3.008362,1.003331,0.194352,1.94352,2.057935,0.019124,0.123122,0.854754,0.0,scene_3.2|scene_3.2_y02_hull_dense_y02_17p64|2556|31,scene_3.2|scene_3.2_y01_hull_dense_y01_14p63|466|22,b25a0db808d0bfae9719035a937b72d8ae242ac2,e874697f5fc67bc2958c1f7b13936bfb1058b891
scene_3_2_terminalgain_globalmax_interp_0726,family_01,726,6.541645,6.735721,0.194076,30,2,28,2.9,3.027912,3.008362,1.006498,0.194352,1.94352,2.058855,0.121658,0.072843,1.196052,0.0,scene_3.2|scene_3.2_y02_hull_dense_y02_17p64|2556|31,scene_3.2|scene_3.2_y01_hull_dense_y01_14p63|466|22,a3e591e81e536c7274a31808cb2bba2de8dc8020,fac58ab9776e595a9418badb0562553c78435658
scene_3_2_terminalgain_globalmax_interp_0727,family_01,727,6.541645,6.735721,0.194076,30,2,28,2.9,3.014819,3.008362,1.002146,0.194352,1.94352,2.05763,0.26244,0.022564,0.685802,0.0,scene_3.2|scene_3.2_y02_hull_dense_y02_17p64|2556|31,scene_3.2|scene_3.2_y01_hull_dense_y01_14p63|466|22,f6f88a1f7bcf7dba96ed5bea86df3185527e5c0f,008dc8b9b39973472ce7ec71862835069eaf7d65
scene_3_2_terminalgain_globalmax_interp_0728,family_01,728,6.541645,6.735721,0.194076,30,2,28,2.9,3.03696,3.008362,1.009506,0.194352,1.94352,2.059811,0.272531,0.027716,1.448855,0.0,scene_3.2|scene_3.2_y02_hull_dense_y02_17p64|2556|31,scene_3.2|scene_3.2_y01_hull_dense_y01_14p63|466|22,fe333d4562e2b01167aebf733b8e038c18e536d7,8c41655e58a78b8e25cb40c5eb5a3c761a9b0888
scene_3_2_terminalgain_globalmax_interp_0729,family_01,729,6.541645,6.735721,0.194076,30,2,28,2.9,3.056294,3.008362,1.015933,0.194352,1.94352,2.062175,0.13175,0.077995,1.882062,0.0,scene_3.2|scene_3.2_y02_hull_dense_y02_17p64|2556|31,scene_3.2|scene_3.2_y01_hull_dense_y01_14p63|466|22,bb21c03f6099178412513dc712689e0f726d6a29,6c205d65e8eefbc7fb3c5484dc617ae0889324b2
scene_3_2_terminalgain_globalmax_interp_0730,family_01,730,6.541645,6.735721,0.194076,30,2,28,2.9,3.029752,3.008362,1.00711,0.194352,1.94352,2.059037,0.009033,0.128274,1.251478,0.0,scene_3.2|scene_3.2_y02_hull_dense_y02_17p64|2556|31,scene_3.2|scene_3.2_y01_hull_dense_y01_14p63|466|22,d6952be9707c0efe77bcc76d833dc4eacd3b09b3,f2a0cbf9782eeaec999daad114ea2ee890220342
scene_3_2_terminalgain_globalmax_interp_0731,family_01,731,6.541645,6.735721,0.194076,30,2,28,2.9,3.013582,3.008362,1.001735,0.194352,1.94352,2.057519,0.149815,0.166219,0.616274,0.0,scene_3.2|scene_3.2_y02_hull_dense_y02_17p64|2556|31,scene_3.2|scene_3.2_y01_hull_dense_y01_14p63|466|22,7bb7e171a02ebfa447cd7c29b4fc45b93c068550,ed1c0190d1d2fa8b938b005d598ef3e0d8e50e89
scene_3_2_terminalgain_globalmax_interp_0732,family_01,732,6.541645,6.735721,0.194076,30,2,28,2.9,3.028648,3.008362,1.006743,0.194352,1.94352,2.058923,0.290596,0.115939,1.218348,0.0,scene_3.2|scene_3.2_y02_hull_dense_y02_17p64|2556|31,scene_3.2|scene_3.2_y01_hull_dense_y01_14p63|466|22,d3c410459cc8cb6897cbb3069bdc5f0f89b153cc,d250bea1b819d7969d1ff92cd65d180fde61af4b
scene_3_2_terminalgain_globalmax_interp_0733,family_01,733,6.541645,6.735721,0.194076,30,2,28,2.9,3.031764,3.008362,1.007779,0.194352,1.94352,2.059243,0.244375,0.06566,1.309439,0.0,scene_3.2|scene_3.2_y02_hull_dense_y02_17p64|2556|31,scene_3.2|scene_3.2_y01_hull_dense_y01_14p63|466|22,e3c863605aa642053f31ce2e43e66a521849efe6,703216ab33757dac1bf5c9fc02e74583dac177c2
scene_3_2_terminalgain_globalmax_interp_0734,family_01,734,6.541645,6.735721,0.194076,30,2,28,2.9,3.012848,3.008362,1.001491,0.194352,1.94352,2.057456,0.103593,0.015381,0.571293,0.0,scene_3.2|scene_3.2_y02_hull_dense_y02_17p64|2556|31,scene_3.2|scene_3.2_y01_hull_dense_y01_14p63|466|22,c3e24171207572da2cd87810cb28dbac0f02ab65,360d7fc21d3d1ed14dd3485600da160ab11a3355
scene_3_2_terminalgain_globalmax_interp_0735,family_01,735,6.541645,6.735721,0.194076,30,2,28,2.9,3.02579,3.008362,1.005793,0.194352,1.94352,2.058627,0.037189,0.034898,1.12884,0.0,scene_3.2|scene_3.2_y02_hull_dense_y02_17p64|2556|31,scene_3.2|scene_3.2_y01_hull_dense_y01_14p63|466|22,1d92775217e71b29e163e48d8d0d20b24e2bb237,9f4928a6dfffe76ff413dad7f9d8960e636daecd
scene_3_2_terminalgain_globalmax_interp_0736,family_01,736,6.541645,6.735721,0.194076,30,2,28,2.9,3.036357,3.008362,1.009306,0.194352,1.94352,2.059746,0.17797,0.085178,1.433175,0.0,scene_3.2|scene_3.2_y02_hull_dense_y02_17p64|2556|31,scene_3.2|scene_3.2_y01_hull_dense_y01_14p63|466|22,99854e7063d1d73a4005e3fdaf9e58b1fb7d9e83,a6e476b825baa6b4a58b8393852da805b4da6afa
scene_3_2_terminalgain_globalmax_interp_0737,family_01,737,6.541645,6.735721,0.194076,30,2,28,2.9,3.028707,3.008362,1.006763,0.194352,1.94352,2.058917,0.318753,0.135457,1.220043,0.0,scene_3.2|scene_3.2_y02_hull_dense_y02_17p64|2556|31,scene_3.2|scene_3.2_y01_hull_dense_y01_14p63|466|22,504e776fdc802563c76e0d03a188fbf859a42e92,0e0297dfeb52f67e155e50946df60e8ad17f6a7c
scene_3_2_terminalgain_globalmax_interp_0738,family_01,738,6.541645,6.735721,0.194076,30,2,28,2.9,3.038779,3.008362,1.010111,0.194352,1.94352,2.060032,0.216218,0.159036,1.494512,0.0,scene_3.2|scene_3.2_y02_hull_dense_y02_17p64|2556|31,scene_3.2|scene_3.2_y01_hull_dense_y01_14p63|466|22,4eb16e9a02ee48d4fd869629af06eac8fd5c42df,c2cff9896dc871cda3b50e7cf0bd0a2eb5b7607f
scene_3_2_terminalgain_globalmax_interp_0739,family_01,739,6.541645,6.735721,0.194076,30,2,28,2.9,3.037978,3.008362,1.009844,0.194352,1.94352,2.059924,0.075437,0.108757,1.474649,0.0,scene_3.2|scene_3.2_y02_hull_dense_y02_17p64|2556|31,scene_3.2|scene_3.2_y01_hull_dense_y01_14p63|466|22,8099a16ad0e16b7ac1b3eae84e4e97e2066a86e9,3578af7f843547902e8c3e1a6614d67ffd6b61de
scene_3_2_terminalgain_globalmax_interp_0740,family_01,740,6.541645,6.735721,0.194076,30,2,28,2.9,3.02813,3.008362,1.006571,0.194352,1.94352,2.058851,0.065345,0.058477,1.202818,0.0,scene_3.2|scene_3.2_y02_hull_dense_y02_17p64|2556|31,scene_3.2|scene_3.2_y01_hull_dense_y01_14p63|466|22,3a76f6304b0f3db350d751f38ea748874cda1178,88cad642956c842bb3c6f76061a2c72f76fc96c4
scene_3_2_terminalgain_globalmax_interp_0741,family_01,741,6.541645,6.735721,0.194076,30,2,28,2.9,3.02105,3.008362,1.004217,0.194352,1.94352,2.058186,0.206127,0.008198,0.962328,0.0,scene_3.2|scene_3.2_y02_hull_dense_y02_17p64|2556|31,scene_3.2|scene_3.2_y01_hull_dense_y01_14p63|466|22,8e5bfe55e42c8eef78b1db324a7715adcf19b3cd,c0f51a9be6ed414f19b0d68e7f7ce1fd330f5b2d
scene_3_2_terminalgain_globalmax_interp_0742,family_01,742,6.541645,6.735721,0.194076,30,2,28,2.9,3.032216,3.008362,1.007929,0.194352,1.94352,2.059311,0.346908,0.042081,1.321998,0.0,scene_3.2|scene_3.2_y02_hull_dense_y02_17p64|2556|31,scene_3.2|scene_3.2_y01_hull_dense_y01_14p63|466|22,8a2da593d7ed82e9b8bd356ef8cdc2fc81ee2c41,d6182b297ae918504daf3839724cc6cc89f36058
scene_3_2_terminalgain_globalmax_interp_0743,family_01,743,6.541645,6.735721,0.194076,30,2,28,2.9,3.008454,3.008362,1.000031,0.194352,1.94352,2.057107,0.350242,0.09236,0.082507,0.0,scene_3.2|scene_3.2_y02_hull_dense_y02_17p64|2556|31,scene_3.2|scene_3.2_y01_hull_dense_y01_14p63|466|22,1ecc0b8f23a43cce116107e167358cd90b5cda25,a60625761107c93296a0bc652cb38088359c6b49
scene_3_2_terminalgain_globalmax_interp_0744,family_01,744,6.541645,6.735721,0.194076,30,2,28,2.9,3.050687,3.008362,1.014069,0.194352,1.94352,2.061436,0.209461,0.14264,1.766899,0.0,scene_3.2|scene_3.2_y02_hull_dense_y02_17p64|2556|31,scene_3.2|scene_3.2_y01_hull_dense_y01_14p63|466|22,6c0e1afc9ccbf1467a2ec4e1364bc8becd6ca712,7c3e1ea7cf202c875faa633967d3506ab1fc7ed0
scene_3_2_terminalgain_globalmax_interp_0745,family_01,745,6.541645,6.735721,0.194076,30,2,28,2.9,3.046863,3.008362,1.012798,0.194352,1.94352,2.06097,0.068679,0.151853,1.68407,0.0,scene_3.2|scene_3.2_y02_hull_dense_y02_17p64|2556|31,scene_3.2|scene_3.2_y01_hull_dense_y01_14p63|466|22,5b47cde76fe03f0ff35f28837eff17c51b2676f4,c2aff87b1f507feebc274f1b96d42bbefcd9864b
scene_3_2_terminalgain_globalmax_interp_0746,family_01,746,6.541645,6.735721,0.194076,30,2,28,2.9,3.009251,3.008362,1.000296,0.194352,1.94352,2.057172,0.072103,0.101574,0.254315,0.0,scene_3.2|scene_3.2_y02_hull_dense_y02_17p64|2556|31,scene_3.2|scene_3.2_y01_hull_dense_y01_14p63|466|22,b8457c76e7518f24b3604f51a20d5c76c5a96e5a,356de10d7dc4c746f41c5c83f3de750f54b250bd
scene_3_2_terminalgain_globalmax_interp_0747,family_01,747,6.541645,6.735721,0.194076,30,2,28,2.9,3.03771,3.008362,1.009755,0.194352,1.94352,2.059875,0.212884,0.051295,1.467932,0.0,scene_3.2|scene_3.2_y02_hull_dense_y02_17p64|2556|31,scene_3.2|scene_3.2_y01_hull_dense_y01_14p63|466|22,e7fd65ee781601eccc77df9971e781196872907b,a81213f5f1962d4eacaa06fb9638c1fbd4494681
scene_3_2_terminalgain_globalmax_interp_0748,family_01,748,6.541645,6.735721,0.194076,30,2,28,2.9,3.039643,3.008362,1.010398,0.194352,1.94352,2.06011,0.322086,0.001015,1.515964,0.0,scene_3.2|scene_3.2_y02_hull_dense_y02_17p64|2556|31,scene_3.2|scene_3.2_y01_hull_dense_y01_14p63|466|22,788fa101346f0d457ecc742f9082bfe9ec6b2723,0ab0996c61213e16c4dbd780013792ea4764e112
scene_3_2_terminalgain_globalmax_interp_0749,family_01,749,6.541645,6.735721,0.194076,30,2,28,2.9,3.027066,3.008362,1.006217,0.194352,1.94352,2.058764,0.181304,0.049264,1.16939,0.0,scene_3.2|scene_3.2_y02_hull_dense_y02_17p64|2556|31,scene_3.2|scene_3.2_y01_hull_dense_y01_14p63|466|22,7d83e6f2c84d48d2081266cdee31bc299cff9eba,250253e8b209b50de565fd3c8fb7804f9885090a
scene_3_2_terminalgain_globalmax_interp_0750,family_01,750,6.541645,6.735721,0.194076,30,2,28,2.9,3.017117,3.008362,1.00291,0.194352,1.94352,2.057827,0.040522,0.099543,0.798773,0.0,scene_3.2|scene_3.2_y02_hull_dense_y02_17p64|2556|31,scene_3.2|scene_3.2_y01_hull_dense_y01_14p63|466|22,274df9961652fbb749a8c9474b2870ae0ed96385,b926e3992279df4c8137e9b35009932e789efdd8
scene_3_2_terminalgain_globalmax_interp_0751,family_01,751,6.541645,6.735721,0.194076,30,2,28,2.9,3.023337,3.008362,1.004978,0.194352,1.94352,2.058406,0.100259,0.149822,1.045785,0.0,scene_3.2|scene_3.2_y02_hull_dense_y02_17p64|2556|31,scene_3.2|scene_3.2_y01_hull_dense_y01_14p63|466|22,7db912451e73d9092d4170fc0957d57c2b8ec79d,074dd8051a2f73db55551147e8ece97009b56b62
scene_3_2_terminalgain_globalmax_interp_0752,family_01,752,6.541645,6.735721,0.194076,30,2,28,2.9,3.026051,3.008362,1.00588,0.194352,1.94352,2.058641,0.241041,0.14467,1.137195,0.0,scene_3.2|scene_3.2_y02_hull_dense_y02_17p64|2556|31,scene_3.2|scene_3.2_y01_hull_dense_y01_14p63|466|22,8f37dd7431b94778e7a3f29448cf4c12e4767064,bf6fa7779ad2e219d863d6c7574f7aed5f5c08bc
scene_3_2_terminalgain_globalmax_interp_0753,family_01,753,6.541645,6.735721,0.194076,30,2,28,2.9,3.04654,3.008362,1.012691,0.194352,1.94352,2.060905,0.29393,0.094391,1.676634,0.0,scene_3.2|scene_3.2_y02_hull_dense_y02_17p64|2556|31,scene_3.2|scene_3.2_y01_hull_dense_y01_14p63|466|22,752c579e8b01a94a87b402cd6ecc5d32f103621e,020fe977e0b3c3014ade4a6009dacc99efeb4e3c
scene_3_2_terminalgain_globalmax_interp_0754,family_01,754,6.541645,6.735721,0.194076,30,2,28,2.9,3.014518,3.008362,1.002046,0.194352,1.94352,2.057606,0.153148,0.044112,0.669412,0.0,scene_3.2|scene_3.2_y02_hull_dense_y02_17p64|2556|31,scene_3.2|scene_3.2_y01_hull_dense_y01_14p63|466|22,3b27baeeafea148ab627c064118f78d51e0001ed,6df64a2c17bcb936cd5726ee23bbc8152057c654
scene_3_2_terminalgain_globalmax_interp_0755,family_01,755,6.541645,6.735721,0.194076,30,2,28,2.9,3.014551,3.008362,1.002057,0.194352,1.94352,2.057589,0.012366,0.006167,0.671491,0.0,scene_3.2|scene_3.2_y02_hull_dense_y02_17p64|2556|31,scene_3.2|scene_3.2_y01_hull_dense_y01_14p63|466|22,a4abeb867d61d230f21516b11144b36287addff6,384494befca96ba4068386c298b143550c006634
scene_3_2_terminalgain_globalmax_interp_0756,family_01,756,6.541645,6.735721,0.194076,30,2,28,2.9,3.046152,3.008362,1.012562,0.194352,1.94352,2.060852,0.128416,0.056447,1.668359,0.0,scene_3.2|scene_3.2_y02_hull_dense_y02_17p64|2556|31,scene_3.2|scene_3.2_y01_hull_dense_y01_14p63|466|22,441c47fb155c324d24eeca538ebfb10afc56a5ca,bba1deff1b9f68dbac25758f139ef4ebc6608c36
scene_3_2_terminalgain_globalmax_interp_0757,family_01,757,6.541645,6.735721,0.194076,30,2,28,2.9,3.04,3.008362,1.010516,0.194352,1.94352,2.060152,0.269197,0.106726,1.524784,0.0,scene_3.2|scene_3.2_y02_hull_dense_y02_17p64|2556|31,scene_3.2|scene_3.2_y01_hull_dense_y01_14p63|466|22,6155ac00e1c7b89a5052e85f384c877eeea37b82,c1d50de7bece4b97a1ec89f00081b779ce59c8c7
scene_3_2_terminalgain_globalmax_interp_0758,family_01,758,6.541645,6.735721,0.194076,30,2,28,2.9,3.013348,3.008362,1.001657,0.194352,1.94352,2.057499,0.265774,0.157005,0.602416,0.0,scene_3.2|scene_3.2_y02_hull_dense_y02_17p64|2556|31,scene_3.2|scene_3.2_y01_hull_dense_y01_14p63|466|22,5e14fb0131b1d1c70db09de016ce2a3bdc5e1832,be3abcbac7f33625a1ff2f4c93e246d241d6c519
scene_3_2_terminalgain_globalmax_interp_0759,family_01,759,6.541645,6.735721,0.194076,30,2,28,2.9,3.017913,3.008362,1.003175,0.194352,1.94352,2.057888,0.124992,0.137488,0.834383,0.0,scene_3.2|scene_3.2_y02_hull_dense_y02_17p64|2556|31,scene_3.2|scene_3.2_y01_hull_dense_y01_14p63|466|22,b2b8186d9c47add8031af63c73ebe691aa8a0360,1d2dd26238ab3da70a15f121c9911b496d512a73
scene_3_2_terminalgain_globalmax_interp_0760,family_01,760,6.541645,6.735721,0.194076,30,2,28,2.9,3.042417,3.008362,1.01132,0.194352,1.94352,2.060438,0.01579,0.087208,1.582435,0.0,scene_3.2|scene_3.2_y02_hull_dense_y02_17p64|2556|31,scene_3.2|scene_3.2_y01_hull_dense_y01_14p63|466|22,d7a3b0a6874a12dc3453cea67e47b3e5bdc23302,9f72e02c193d4ff29be442e7f41d207d1f990cfc
scene_3_2_terminalgain_globalmax_interp_0761,family_01,761,6.541645,6.735721,0.194076,30,2,28,2.9,3.035818,3.008362,1.009126,0.194352,1.94352,2.059671,0.156571,0.036929,1.419103,0.0,scene_3.2|scene_3.2_y02_hull_dense_y02_17p64|2556|31,scene_3.2|scene_3.2_y01_hull_dense_y01_14p63|466|22,a769e102a484a93f41bf56dba97ec8402b55e58d,37c41c5a2befbfe7b6544e4aa87a7cfef784e170
scene_3_2_terminalgain_globalmax_interp_0762,family_01,762,6.541645,6.735721,0.194076,30,2,28,2.9,3.026556,3.008362,1.006048,0.194352,1.94352,2.058712,0.297354,0.01335,1.153472,0.0,scene_3.2|scene_3.2_y02_hull_dense_y02_17p64|2556|31,scene_3.2|scene_3.2_y01_hull_dense_y01_14p63|466|22,0ba5ee09601993b7f127ad3c5154ba5b6c4ccb84,43b1d4f8f56a7a58bb0e0c24f54a7d8e7b8afb98
scene_3_2_terminalgain_globalmax_interp_0763,family_01,763,6.541645,6.735721,0.194076,30,2,28,2.9,3.018126,3.008362,1.003245,0.194352,1.94352,2.057916,0.237617,0.063629,0.843679,0.0,scene_3.2|scene_3.2_y02_hull_dense_y02_17p64|2556|31,scene_3.2|scene_3.2_y01_hull_dense_y01_14p63|466|22,fde3eba9972e777f1846a8d9dceb479da0732b90,da8e0c8154f8c46f6fe572872dacf9af370ba145
scene_3_2_terminalgain_globalmax_interp_0764,family_01,764,6.541645,6.735721,0.194076,30,2,28,2.9,3.021474,3.008362,1.004358,0.194352,1.94352,2.058224,0.096835,0.113909,0.978221,0.0,scene_3.2|scene_3.2_y02_hull_dense_y02_17p64|2556|31,scene_3.2|scene_3.2_y01_hull_dense_y01_14p63|466|22,a73bc815ba81254bae6c28c6961e327343305c6d,5f7fabdb11304d64c446861f61458ebb50a2a5b9
scene_3_2_terminalgain_globalmax_interp_0765,family_01,765,6.541645,6.735721,0.194076,30,2,28,2.9,3.052717,3.008362,1.014744,0.194352,1.94352,2.06171,0.043946,0.164188,1.809545,0.0,scene_3.2|scene_3.2_y02_hull_dense_y02_17p64|2556|31,scene_3.2|scene_3.2_y01_hull_dense_y01_14p63|466|22,a87693d97d36083bc6fc43a8c4e36813563a1394,adc26b1a232a5c74d524b7e18772c43e937e4f7f
scene_3_2_terminalgain_globalmax_interp_0766,family_01,766,6.541645,6.735721,0.194076,30,2,28,2.9,3.041489,3.008362,1.011011,0.194352,1.94352,2.060309,0.184728,0.130305,1.560582,0.0,scene_3.2|scene_3.2_y02_hull_dense_y02_17p64|2556|31,scene_3.2|scene_3.2_y01_hull_dense_y01_14p63|466|22,ff6380bf319f2ae04b2967a886bb2db995a2b328,3f56ae7f7f9a61ab2713c2bb06f8de5dbe30d8a1
scene_3_2_terminalgain_globalmax_interp_0767,family_01,767,6.541645,6.735721,0.194076,30,2,28,2.9,3.012595,3.008362,1.001407,0.194352,1.94352,2.05743,0.32551,0.080026,0.554965,0.0,scene_3.2|scene_3.2_y02_hull_dense_y02_17p64|2556|31,scene_3.2|scene_3.2_y01_hull_dense_y01_14p63|466|22,7b37cdc4c13608f7660498fc2fe0571282182221,932232e2b26ea952c0d771483492a1b32f3e58e0
scene_3_2_terminalgain_globalmax_interp_0768,family_01,768,6.541645,6.735721,0.194076,30,2,28,2.9,3.032841,3.008362,1.008137,0.194352,1.94352,2.059347,0.344612,0.029746,1.339357,0.0,scene_3.2|scene_3.2_y02_hull_dense_y02_17p64|2556|31,scene_3.2|scene_3.2_y01_hull_dense_y01_14p63|466|22,b6d5e47b2d98b6975e6bb37155bdeccdd65787d1,471aa9ed108539353cd090d4e379e435ff43548b
scene_3_2_terminalgain_globalmax_interp_0769,family_01,769,6.541645,6.735721,0.194076,30,2,28,2.9,3.046651,3.008362,1.012727,0.194352,1.94352,2.060953,0.20383,0.020533,1.679313,0.0,scene_3.2|scene_3.2_y02_hull_dense_y02_17p64|2556|31,scene_3.2|scene_3.2_y01_hull_dense_y01_14p63|466|22,b7b8d0438bcba7d4ff698f214aef3d650fbd20b6,91f59725221b91cf1ec524a3ca54b09d67d5bb94
scene_3_2_terminalgain_globalmax_interp_0770,family_01,770,6.541645,6.735721,0.194076,30,2,28,2.9,3.009781,3.008362,1.000472,0.194352,1.94352,2.057205,0.063047,0.070812,0.321463,0.0,scene_3.2|scene_3.2_y02_hull_dense_y02_17p64|2556|31,scene_3.2|scene_3.2_y01_hull_dense_y01_14p63|466|22,fa7a70f65702ace88e5e24f6bd6717731d8fbe9a,90e0d80c6e9fc251138ab17a3c63a913f109ce9d
scene_3_2_terminalgain_globalmax_interp_0771,family_01,771,6.541645,6.735721,0.194076,30,2,28,2.9,3.021577,3.008362,1.004393,0.194352,1.94352,2.058238,0.077734,0.121091,0.982082,0.0,scene_3.2|scene_3.2_y02_hull_dense_y02_17p64|2556|31,scene_3.2|scene_3.2_y01_hull_dense_y01_14p63|466|22,479cc1148e99a3d44c38bd65dd79a7b191abb396,4e6e1a6ed02e89f4161b958a85fdc596091e99ae
scene_3_2_terminalgain_globalmax_interp_0772,family_01,772,6.541645,6.735721,0.194076,30,2,28,2.9,3.032255,3.008362,1.007942,0.194352,1.94352,2.059307,0.218516,0.171371,1.323227,0.0,scene_3.2|scene_3.2_y02_hull_dense_y02_17p64|2556|31,scene_3.2|scene_3.2_y01_hull_dense_y01_14p63|466|22,50e352a54ae433c5b38f094e33f482eff7bd38fa,77bcb4f0a5248408692882ee4cc74c6fce05f649
scene_3_2_terminalgain_globalmax_interp_0773,family_01,773,6.541645,6.735721,0.194076,30,2,28,2.9,3.018681,3.008362,1.00343,0.194352,1.94352,2.057962,0.316455,0.172375,0.867303,0.0,scene_3.2|scene_3.2_y02_hull_dense_y02_17p64|2556|31,scene_3.2|scene_3.2_y01_hull_dense_y01_14p63|466|22,b459a6a71cd480c2122f28143108fe30609d1ce9,dd7d4e2189de687de387726cc62ec53bcaa1e611
scene_3_2_terminalgain_globalmax_interp_0774,family_01,774,6.541645,6.735721,0.194076,30,2,28,2.9,3.033992,3.008362,1.008519,0.194352,1.94352,2.059482,0.175673,0.122096,1.370883,0.0,scene_3.2|scene_3.2_y02_hull_dense_y02_17p64|2556|31,scene_3.2|scene_3.2_y01_hull_dense_y01_14p63|466|22,539aca94bac64e6e182317271b200f0387bed534,901ce2d50cd8ff0659e30222207685513c4d0098
scene_3_2_terminalgain_globalmax_interp_0775,family_01,775,6.541645,6.735721,0.194076,30,2,28,2.9,3.034238,3.008362,1.008601,0.194352,1.94352,2.059518,0.034892,0.071817,1.377453,0.0,scene_3.2|scene_3.2_y02_hull_dense_y02_17p64|2556|31,scene_3.2|scene_3.2_y01_hull_dense_y01_14p63|466|22,24c8ded3bcb818d4d987937f545dd158fa7687ed,c85d030bd94e088307fdcbac9df324d7300e14da
scene_3_2_terminalgain_globalmax_interp_0776,family_01,776,6.541645,6.735721,0.194076,30,2,28,2.9,3.037662,3.008362,1.009739,0.194352,1.94352,2.05989,0.10589,0.021538,1.466466,0.0,scene_3.2|scene_3.2_y02_hull_dense_y02_17p64|2556|31,scene_3.2|scene_3.2_y01_hull_dense_y01_14p63|466|22,12e04bff6f01a8ca6496c5c8decd80ad52f65595,f41f35f0530a8fd86eed3b8764e64b25efbbd6b0
scene_3_2_terminalgain_globalmax_interp_0777,family_01,777,6.541645,6.735721,0.194076,30,2,28,2.9,3.042871,3.008362,1.011471,0.194352,1.94352,2.060488,0.246672,0.028741,1.593148,0.0,scene_3.2|scene_3.2_y02_hull_dense_y02_17p64|2556|31,scene_3.2|scene_3.2_y01_hull_dense_y01_14p63|466|22,ceb78ece2ad3d1ef49becb219a87bd6d54a3ba37,c4eae74971da8a5f3dd352f14aefe40691cd5736
scene_3_2_terminalgain_globalmax_interp_0778,family_01,778,6.541645,6.735721,0.194076,30,2,28,2.9,3.023177,3.008362,1.004924,0.194352,1.94352,2.058376,0.288299,0.079021,1.040166,0.0,scene_3.2|scene_3.2_y02_hull_dense_y02_17p64|2556|31,scene_3.2|scene_3.2_y01_hull_dense_y01_14p63|466|22,9232ce351ddb364c626a98bb3da87a8c2ab7be02,a51dd3a497043df8628fe6f3dc181909512800a2
scene_3_2_terminalgain_globalmax_interp_0779,family_01,779,6.541645,6.735721,0.194076,30,2,28,2.9,3.015187,3.008362,1.002269,0.194352,1.94352,2.05766,0.147517,0.1293,0.704872,0.0,scene_3.2|scene_3.2_y02_hull_dense_y02_17p64|2556|31,scene_3.2|scene_3.2_y01_hull_dense_y01_14p63|466|22,23d8a4ea719dcc860eefbf902422f73a652a51a7,22234d9514a9c5966dffe78d155fcc9abfd9ec21
scene_3_2_terminalgain_globalmax_interp_0780,family_01,780,6.541645,6.735721,0.194076,30,2,28,2.9,3.030229,3.008362,1.007269,0.194352,1.94352,2.059067,0.006735,0.165193,1.265425,0.0,scene_3.2|scene_3.2_y02_hull_dense_y02_17p64|2556|31,scene_3.2|scene_3.2_y01_hull_dense_y01_14p63|466|22,85914ccbea795408bf3a462af1419ecdb954bc3a,4df641cf4b74814bb45d9e9f0573c00d5dbdb20b
scene_3_2_terminalgain_globalmax_interp_0781,family_01,781,6.541645,6.735721,0.194076,30,2,28,2.9,3.031091,3.008362,1.007555,0.194352,1.94352,2.059161,0.134046,0.114914,1.290163,0.0,scene_3.2|scene_3.2_y02_hull_dense_y02_17p64|2556|31,scene_3.2|scene_3.2_y01_hull_dense_y01_14p63|466|22,d7555ff70bf0f09a63991ebc6227887ebbce1998,8ab60ac0be7d7fff0e6d85ea28e0ab6a9ce7b427
scene_3_2_terminalgain_globalmax_interp_0782,family_01,782,6.541645,6.735721,0.194076,30,2,28,2.9,3.012159,3.008362,1.001262,0.194352,1.94352,2.05741,0.274828,0.064634,0.525604,0.0,scene_3.2|scene_3.2_y02_hull_dense_y02_17p64|2556|31,scene_3.2|scene_3.2_y01_hull_dense_y01_14p63|466|22,ecef23995c9a47c14fc366e5b2a67ea863ee9c60,220157863c297a96f3a6ed2081e2c2ca69c494ef
scene_3_2_terminalgain_globalmax_interp_0783,family_01,783,6.541645,6.735721,0.194076,30,2,28,2.9,3.033257,3.008362,1.008275,0.194352,1.94352,2.059415,0.260142,0.014355,1.350844,0.0,scene_3.2|scene_3.2_y02_hull_dense_y02_17p64|2556|31,scene_3.2|scene_3.2_y01_hull_dense_y01_14p63|466|22,752fb45c386476bc3612e07ccb56d5fe25bd1a51,cd5ebf40a7c581d3b06c5a8b9ca2b1674129aac1
scene_3_2_terminalgain_globalmax_interp_0784,family_01,784,6.541645,6.735721,0.194076,30,2,28,2.9,3.048991,3.008362,1.013505,0.194352,1.94352,2.061254,0.11936,0.035924,1.730725,0.0,scene_3.2|scene_3.2_y02_hull_dense_y02_17p64|2556|31,scene_3.2|scene_3.2_y01_hull_dense_y01_14p63|466|22,7af891bb1e8f23b0219bf7f19dfb89a50c5ee63b,e0e5073023f0bc44ee7118aaea2b65d299b30441
scene_3_2_terminalgain_globalmax_interp_0785,family_01,785,6.541645,6.735721,0.194076,30,2,28,2.9,3.031295,3.008362,1.007623,0.194352,1.94352,2.05921,0.021421,0.086203,1.29582,0.0,scene_3.2|scene_3.2_y02_hull_dense_y02_17p64|2556|31,scene_3.2|scene_3.2_y01_hull_dense_y01_14p63|466|22,3039457e4805e323d0b3d55308d55b2b5445504f,9b48145a949eb70ca5ec460e9f885d8addf2a4b4
scene_3_2_terminalgain_globalmax_interp_0786,family_01,786,6.541645,6.735721,0.194076,30,2,28,2.9,3.016902,3.008362,1.002839,0.194352,1.94352,2.057809,0.162203,0.136483,0.78882,0.0,scene_3.2|scene_3.2_y02_hull_dense_y02_17p64|2556|31,scene_3.2|scene_3.2_y01_hull_dense_y01_14p63|466|22,45d3da87f57d279cd6d8f521b57066ea48c1d441,4ba736959d269f26fde42ad4b2873786a6349c58
scene_3_2_terminalgain_globalmax_interp_0787,family_01,787,6.541645,6.735721,0.194076,30,2,28,2.9,3.023763,3.008362,1.005119,0.194352,1.94352,2.058446,0.302985,0.15801,1.060665,0.0,scene_3.2|scene_3.2_y02_hull_dense_y02_17p64|2556|31,scene_3.2|scene_3.2_y01_hull_dense_y01_14p63|466|22,6ef2f431cf5d14eedd288d601232be7299b9e3c2,71022925371df24b921287e91655f1cbf78f1341
scene_3_2_terminalgain_globalmax_interp_0788,family_01,788,6.541645,6.735721,0.194076,30,2,28,2.9,3.022017,3.008362,1.004539,0.194352,1.94352,2.058275,0.231985,0.107731,0.998382,0.0,scene_3.2|scene_3.2_y02_hull_dense_y02_17p64|2556|31,scene_3.2|scene_3.2_y01_hull_dense_y01_14p63|466|22,e91fd6f99f5d77c6f0576b1cc141d6aff16c931f,c13031f3b7aad12594e56460f801bee9291d68cb
scene_3_2_terminalgain_globalmax_interp_0789,family_01,789,6.541645,6.735721,0.194076,30,2,28,2.9,3.035339,3.008362,1.008967,0.194352,1.94352,2.059613,0.091204,0.057452,1.40679,0.0,scene_3.2|scene_3.2_y02_hull_dense_y02_17p64|2556|31,scene_3.2|scene_3.2_y01_hull_dense_y01_14p63|466|22,9406e85353929de47b30a79d2f0585d7696c8fee,8979864e8b195b9777bd7e25984db7fe8bd908ec
scene_3_2_terminalgain_globalmax_interp_0790,family_01,790,6.541645,6.735721,0.194076,30,2,28,2.9,3.01839,3.008362,1.003333,0.194352,1.94352,2.057922,0.049578,0.007172,0.855005,0.0,scene_3.2|scene_3.2_y02_hull_dense_y02_17p64|2556|31,scene_3.2|scene_3.2_y01_hull_dense_y01_14p63|466|22,2ee95271e3d3ab0888cd0a8be8233893790d85c8,4ebe49a4989568d1299fc718866d69a7a9591803
scene_3_2_terminalgain_globalmax_interp_0791,family_01,791,6.541645,6.735721,0.194076,30,2,28,2.9,3.011001,3.008362,1.000877,0.194352,1.94352,2.057313,0.19036,0.043107,0.438056,0.0,scene_3.2|scene_3.2_y02_hull_dense_y02_17p64|2556|31,scene_3.2|scene_3.2_y01_hull_dense_y01_14p63|466|22,c1b89655afa461eb576afb82e6f3294da3b8b49e,a24b278ec936e72edf90bb2f749f392b7baa9e14
scene_3_2_terminalgain_globalmax_interp_0792,family_01,792,6.541645,6.735721,0.194076,30,2,28,2.9,3.061129,3.008362,1.01754,0.194352,1.94352,2.062834,0.331141,0.093386,1.976544,0.0,scene_3.2|scene_3.2_y02_hull_dense_y02_17p64|2556|31,scene_3.2|scene_3.2_y01_hull_dense_y01_14p63|466|22,b987e2bef08534fcaa9520d57c43eb15c975da30,1b6f96521e0f3059cb90bfa580b59a60b701bebb
scene_3_2_terminalgain_globalmax_interp_0793,family_01,793,6.541645,6.735721,0.194076,30,2,28,2.9,3.061852,3.008362,1.01778,0.194352,1.94352,2.062921,0.33898,0.143665,1.990145,0.0,scene_3.2|scene_3.2_y02_hull_dense_y02_17p64|2556|31,scene_3.2|scene_3.2_y01_hull_dense_y01_14p63|466|22,a89f28150a953813ba30f99727a09ebc1f00d20e,d6c6fc5038bc41045e4c1bbb53ebae9e06fc63a7
scene_3_2_terminalgain_globalmax_interp_0794,family_01,794,6.541645,6.735721,0.194076,30,2,28,2.9,3.011342,3.008362,1.000991,0.194352,1.94352,2.057331,0.198198,0.150827,0.465503,0.0,scene_3.2|scene_3.2_y02_hull_dense_y02_17p64|2556|31,scene_3.2|scene_3.2_y01_hull_dense_y01_14p63|466|22,46c3e20aa2c81d297ac6b8ae79617fbdb64f6d12,c992269839aa0b6b9f88f346878c2e2f938221f3
scene_3_2_terminalgain_globalmax_interp_0795,family_01,795,6.541645,6.735721,0.194076,30,2,28,2.9,3.017843,3.008362,1.003151,0.194352,1.94352,2.057885,0.057417,0.100548,0.831417,0.0,scene_3.2|scene_3.2_y02_hull_dense_y02_17p64|2556|31,scene_3.2|scene_3.2_y01_hull_dense_y01_14p63|466|22,d5dd6b9aaf9e099339bdbc6ca31d083dd20e3acd,4954fa68e1edfcd3a894f15907eb0d52370129c8
scene_3_2_terminalgain_globalmax_interp_0796,family_01,796,6.541645,6.735721,0.194076,30,2,28,2.9,3.03631,3.008362,1.00929,0.194352,1.94352,2.059745,0.083365,0.050269,1.432195,0.0,scene_3.2|scene_3.2_y02_hull_dense_y02_17p64|2556|31,scene_3.2|scene_3.2_y01_hull_dense_y01_14p63|466|22,33272c387bd6fcad4ce2ae99be7d076217bbbdbf,8405038eaf437511e854259ba2b5c0c39709c9f3
scene_3_2_terminalgain_globalmax_interp_0797,family_01,797,6.541645,6.735721,0.194076,30,2,28,2.9,3.021875,3.008362,1.004492,0.194352,1.94352,2.058253,0.224147,1.1e-05,0.99313,0.0,scene_3.2|scene_3.2_y02_hull_dense_y02_17p64|2556|31,scene_3.2|scene_3.2_y01_hull_dense_y01_14p63|466|22,701c0e0ab87afc862ef21d138496c021b643fd03,de76dc6f860094f894955238aba3eda00119598d
scene_3_2_terminalgain_globalmax_interp_0798,family_01,798,6.541645,6.735721,0.194076,30,2,28,2.9,3.023215,3.008362,1.004937,0.194352,1.94352,2.058393,0.310823,0.05029,1.041466,0.0,scene_3.2|scene_3.2_y02_hull_dense_y02_17p64|2556|31,scene_3.2|scene_3.2_y01_hull_dense_y01_14p63|466|22,168a88b68909fa3025ba7fc30ec6e5cc891e7c27,669148d4d4cab842b4cb6eec5c641e4cbaba12d9
scene_3_2_terminalgain_globalmax_interp_0799,family_01,799,6.541645,6.735721,0.194076,30,2,28,2.9,3.017404,3.008362,1.003006,0.194352,1.94352,2.057863,0.170042,0.100569,0.81176,0.0,scene_3.2|scene_3.2_y02_hull_dense_y02_17p64|2556|31,scene_3.2|scene_3.2_y01_hull_dense_y01_14p63|466|22,69b93bb33edbd8c431ff4656bfc1d901d718d9ea,602e82eabd605d9c73e212b3d4dd3a311953a854
scene_3_2_terminalgain_globalmax_interp_0800,family_01,800,6.541645,6.735721,0.194076,30,2,28,2.9,3.031389,3.008362,1.007654,0.194352,1.94352,2.059192,0.02926,0.150848,1.298471,0.0,scene_3.2|scene_3.2_y02_hull_dense_y02_17p64|2556|31,scene_3.2|scene_3.2_y01_hull_dense_y01_14p63|466|22,52fae9c7b5102ce269685818a4c67355419cdc0e,cfe04640b36da539f63b42f75b6338b7e6dcc3ea
scene_3_2_terminalgain_globalmax_interp_0801,family_01,801,6.541645,6.735721,0.194076,30,2,28,2.9,3.047865,3.008362,1.013131,0.194352,1.94352,2.061085,0.111522,0.143645,1.706187,0.0,scene_3.2|scene_3.2_y02_hull_dense_y02_17p64|2556|31,scene_3.2|scene_3.2_y01_hull_dense_y01_14p63|466|22,aeb62a86cf7d2cbdff108290a338d6d6bc76034f,a92bb43d0553b22769a9ba271b8a25268886bf67
scene_3_2_terminalgain_globalmax_interp_0802,family_01,802,6.541645,6.735721,0.194076,30,2,28,2.9,3.03427,3.008362,1.008612,0.194352,1.94352,2.059509,0.252303,0.093365,1.378114,0.0,scene_3.2|scene_3.2_y02_hull_dense_y02_17p64|2556|31,scene_3.2|scene_3.2_y01_hull_dense_y01_14p63|466|22,c3004406f009167a93f6196e3e56ab050b0db583,2c2e91b68702391fde8a8027903646e55bb18e88
scene_3_2_terminalgain_globalmax_interp_0803,family_01,803,6.541645,6.735721,0.194076,30,2,28,2.9,3.012299,3.008362,1.001308,0.194352,1.94352,2.057412,0.282667,0.043086,0.535246,0.0,scene_3.2|scene_3.2_y02_hull_dense_y02_17p64|2556|31,scene_3.2|scene_3.2_y01_hull_dense_y01_14p63|466|22,0fe794bd5d021599a20e60f8cd6b4645afa8c516,de3f165d961c7741ec8c2cb7c64bcf02c1dd2ac8
scene_3_2_terminalgain_globalmax_interp_0804,family_01,804,6.541645,6.735721,0.194076,30,2,28,2.9,3.030825,3.008362,1.007467,0.194352,1.94352,2.059134,0.141885,0.007193,1.2829,0.0,scene_3.2|scene_3.2_y02_hull_dense_y02_17p64|2556|31,scene_3.2|scene_3.2_y01_hull_dense_y01_14p63|466|22,7768c28e9edc701104d1b556c1c50b9db1a01d9f,ab9c044456e42afcf452dc6de90901c266dc09f6
scene_3_2_terminalgain_globalmax_interp_0805,family_01,805,6.541645,6.735721,0.194076,30,2,28,2.9,3.030767,3.008362,1.007447,0.194352,1.94352,2.059141,0.001103,0.057472,1.281102,0.0,scene_3.2|scene_3.2_y02_hull_dense_y02_17p64|2556|31,scene_3.2|scene_3.2_y01_hull_dense_y01_14p63|466|22,90583e22ef0c3d288b2850521cbf23ea0750f39e,3db415ae78beff5b7155a7717adc34c57b8adf46
scene_3_2_terminalgain_globalmax_interp_0806,family_01,806,6.541645,6.735721,0.194076,30,2,28,2.9,3.015324,3.008362,1.002314,0.194352,1.94352,2.057668,0.139678,0.107752,0.712027,0.0,scene_3.2|scene_3.2_y02_hull_dense_y02_17p64|2556|31,scene_3.2|scene_3.2_y01_hull_dense_y01_14p63|466|22,ed6f02eb8b98b7c885bdf285820714a3e1b0043d,da3964dc8c6c2a66f85c9582b95e9ff99a30babb
scene_3_2_terminalgain_globalmax_interp_0807,family_01,807,6.541645,6.735721,0.194076,30,2,28,2.9,3.022429,3.008362,1.004676,0.194352,1.94352,2.05832,0.28046,0.158031,1.013344,0.0,scene_3.2|scene_3.2_y02_hull_dense_y02_17p64|2556|31,scene_3.2|scene_3.2_y01_hull_dense_y01_14p63|466|22,e2dac42cc8726d06bd3bb907ea7544b370f1b6e0,e2686752a5446b7a3e97f8532f137cfb54849022
scene_3_2_terminalgain_globalmax_interp_0808,family_01,808,6.541645,6.735721,0.194076,30,2,28,2.9,3.043638,3.008362,1.011726,0.194352,1.94352,2.06057,0.254511,0.136462,1.61087,0.0,scene_3.2|scene_3.2_y02_hull_dense_y02_17p64|2556|31,scene_3.2|scene_3.2_y01_hull_dense_y01_14p63|466|22,7f1021432da77d73b32590292acf57ed7cad34c5,b2ada457e1a29f1e891dcce6e9cad734e805c8b5
scene_3_2_terminalgain_globalmax_interp_0809,family_01,809,6.541645,6.735721,0.194076,30,2,28,2.9,3.039874,3.008362,1.010475,0.194352,1.94352,2.060108,0.11373,0.086183,1.521729,0.0,scene_3.2|scene_3.2_y02_hull_dense_y02_17p64|2556|31,scene_3.2|scene_3.2_y01_hull_dense_y01_14p63|466|22,d4771400cc80eba617df990c38e06327c68d8bbc,1602545577cdea7f0f03c607651446bdbe856887
scene_3_2_terminalgain_globalmax_interp_0810,family_01,810,6.541645,6.735721,0.194076,30,2,28,2.9,3.033166,3.008362,1.008245,0.194352,1.94352,2.059382,0.027053,0.035903,1.348284,0.0,scene_3.2|scene_3.2_y02_hull_dense_y02_17p64|2556|31,scene_3.2|scene_3.2_y01_hull_dense_y01_14p63|466|22,87c619eebc4163f15436ba05ff5b06363a468e7b,f746a497460cd7b48f218efbf173adc7d6bb56b1
scene_3_2_terminalgain_globalmax_interp_0811,family_01,811,6.541645,6.735721,0.194076,30,2,28,2.9,3.036041,3.008362,1.0092,0.194352,1.94352,2.05972,0.167835,0.014376,1.425091,0.0,scene_3.2|scene_3.2_y02_hull_dense_y02_17p64|2556|31,scene_3.2|scene_3.2_y01_hull_dense_y01_14p63|466|22,a29edae1fd43db72a0bd7b774179f735fc7779e2,4bd7d7a35120da87ac40385ac09ee985fb3e5c39
scene_3_2_terminalgain_globalmax_interp_0812,family_01,812,6.541645,6.735721,0.194076,30,2,28,2.9,3.017425,3.008362,1.003012,0.194352,1.94352,2.057846,0.308616,0.064655,0.81262,0.0,scene_3.2|scene_3.2_y02_hull_dense_y02_17p64|2556|31,scene_3.2|scene_3.2_y01_hull_dense_y01_14p63|466|22,6d09e44eb62f00cbf4a3fecb7adf175749b76943,a7608b05b36bbecfe02c063d591da41421ce50f8
scene_3_2_terminalgain_globalmax_interp_0813,family_01,813,6.541645,6.735721,0.194076,30,2,28,2.9,3.033514,3.008362,1.008361,0.194352,1.94352,2.059413,0.226355,0.114934,1.357912,0.0,scene_3.2|scene_3.2_y02_hull_dense_y02_17p64|2556|31,scene_3.2|scene_3.2_y01_hull_dense_y01_14p63|466|22,f0cf0e8aa4b450e2a4ec0eb3e59e34d44f5fe55b,06ed7d52f60be9cbcae2b0b46776693908837d33
scene_3_2_terminalgain_globalmax_interp_0814,family_01,814,6.541645,6.735721,0.194076,30,2,28,2.9,3.021457,3.008362,1.004353,0.194352,1.94352,2.058222,0.085573,0.165214,0.977791,0.0,scene_3.2|scene_3.2_y02_hull_dense_y02_17p64|2556|31,scene_3.2|scene_3.2_y01_hull_dense_y01_14p63|466|22,d098433c0adf43e9cc19576576393a981dbf1002,f8266a0d289cc9be5936bd9b148b78800c646d05
scene_3_2_terminalgain_globalmax_interp_0815,family_01,815,6.541645,6.735721,0.194076,30,2,28,2.9,3.010239,3.008362,1.000624,0.194352,1.94352,2.057247,0.055209,0.129279,0.369409,0.0,scene_3.2|scene_3.2_y02_hull_dense_y02_17p64|2556|31,scene_3.2|scene_3.2_y01_hull_dense_y01_14p63|466|22,870149a9e7f72a6eccbfedf9c9df9f7a85c70ee8,c7c7113df0b0d291b4e101180ae7f1d6544ed53a
scene_3_2_terminalgain_globalmax_interp_0816,family_01,816,6.541645,6.735721,0.194076,30,2,28,2.9,3.043833,3.008362,1.011791,0.194352,1.94352,2.060616,0.19599,0.079,1.615434,0.0,scene_3.2|scene_3.2_y02_hull_dense_y02_17p64|2556|31,scene_3.2|scene_3.2_y01_hull_dense_y01_14p63|466|22,95aa2a290ea6178977b4c3c41fcd209482580704,5d207ab99a2931502390bc3181f8fe7b1fc87047
scene_3_2_terminalgain_globalmax_interp_0817,family_01,817,6.541645,6.735721,0.194076,30,2,28,2.9,3.035377,3.008362,1.00898,0.194352,1.94352,2.059659,0.336773,0.028721,1.407747,0.0,scene_3.2|scene_3.2_y02_hull_dense_y02_17p64|2556|31,scene_3.2|scene_3.2_y01_hull_dense_y01_14p63|466|22,b49640be9868ceee06454f6b13a7f2c0d09b5f1e,bd8bf002796bbe3c42d79b1219e4d42cb7c8b570
scene_3_2_terminalgain_globalmax_interp_0818,family_01,818,6.541645,6.735721,0.194076,30,2,28,2.9,3.011828,3.008362,1.001152,0.194352,1.94352,2.057375,0.333348,0.021559,0.502008,0.0,scene_3.2|scene_3.2_y02_hull_dense_y02_17p64|2556|31,scene_3.2|scene_3.2_y01_hull_dense_y01_14p63|466|22,239039494d7e63f6caf76b99fa731bfbddbcd327,db75933d3aac25b53cfbf6277e6637bce99e23ba
scene_3_2_terminalgain_globalmax_interp_0819,family_01,819,6.541645,6.735721,0.194076,30,2,28,2.9,3.041303,3.008362,1.01095,0.194352,1.94352,2.060313,0.192566,0.071838,1.556088,0.0,scene_3.2|scene_3.2_y02_hull_dense_y02_17p64|2556|31,scene_3.2|scene_3.2_y01_hull_dense_y01_14p63|466|22,0b11ad59a6521425c47b69431c32aeea23d30800,c07044c74523475cddf83fafb6fff6537f82cb3d
scene_3_2_terminalgain_globalmax_interp_0820,family_01,820,6.541645,6.735721,0.194076,30,2,28,2.9,3.048204,3.008362,1.013244,0.194352,1.94352,2.061133,0.051785,0.122117,1.713766,0.0,scene_3.2|scene_3.2_y02_hull_dense_y02_17p64|2556|31,scene_3.2|scene_3.2_y01_hull_dense_y01_14p63|466|22,ee48b25b91780ae46c4cc4644a67e1c7b3b63627,587ab00f720f3f4bd40633e76d413c7c1e92614c
scene_3_2_terminalgain_globalmax_interp_0821,family_01,821,6.541645,6.735721,0.194076,30,2,28,2.9,3.022117,3.008362,1.004572,0.194352,1.94352,2.058269,0.088997,0.172396,1.001981,0.0,scene_3.2|scene_3.2_y02_hull_dense_y02_17p64|2556|31,scene_3.2|scene_3.2_y01_hull_dense_y01_14p63|466|22,31799759e97436c3ebbd383ef069356dde3cbf6d,04b2995d618e2adb27b236163d6cc2aad9e416ee
scene_3_2_terminalgain_globalmax_interp_0822,family_01,822,6.541645,6.735721,0.194076,30,2,28,2.9,3.018177,3.008362,1.003263,0.194352,1.94352,2.057923,0.229779,0.17135,0.845776,0.0,scene_3.2|scene_3.2_y02_hull_dense_y02_17p64|2556|31,scene_3.2|scene_3.2_y01_hull_dense_y01_14p63|466|22,6b0d95f266832a01faea766f58a51c9086e3730d,730c6e26dd0b52462775905c0029465b457df69e
scene_3_2_terminalgain_globalmax_interp_0823,family_01,823,6.541645,6.735721,0.194076,30,2,28,2.9,3.024569,3.008362,1.005387,0.194352,1.94352,2.058518,0.305193,0.12107,1.088115,0.0,scene_3.2|scene_3.2_y02_hull_dense_y02_17p64|2556|31,scene_3.2|scene_3.2_y01_hull_dense_y01_14p63|466|22,fb227d62540aa8c603f12ea2e4d51f2520f7a899,a51597203b6c63cb1f83b1b106934d3e302bf526
scene_3_2_terminalgain_globalmax_interp_0824,family_01,824,6.541645,6.735721,0.194076,30,2,28,2.9,3.033259,3.008362,1.008276,0.194352,1.94352,2.05942,0.164411,0.070791,1.350976,0.0,scene_3.2|scene_3.2_y02_hull_dense_y02_17p64|2556|31,scene_3.2|scene_3.2_y01_hull_dense_y01_14p63|466|22,d9f26cbc3d5072c987c8882f275c30cd4254cba7,efda5da3865f072ab8b0fa5324baad5d6e31c904
scene_3_2_terminalgain_globalmax_interp_0825,family_01,825,6.541645,6.735721,0.194076,30,2,28,2.9,3.046476,3.008362,1.012669,0.194352,1.94352,2.060946,0.023629,0.020512,1.675673,0.0,scene_3.2|scene_3.2_y02_hull_dense_y02_17p64|2556|31,scene_3.2|scene_3.2_y01_hull_dense_y01_14p63|466|22,18f7b68e860250ad25140e9a8942e6d7f3fe7bf3,0926f389bff321824588cd573f7c9528ec6631a2
scene_3_2_terminalgain_globalmax_interp_0826,family_01,826,6.541645,6.735721,0.194076,30,2,28,2.9,3.016095,3.008362,1.00257,0.194352,1.94352,2.057728,0.117153,0.029767,0.750736,0.0,scene_3.2|scene_3.2_y02_hull_dense_y02_17p64|2556|31,scene_3.2|scene_3.2_y01_hull_dense_y01_14p63|466|22,d7739c04ab3b825a4b4876fcded6276e19f2024d,7af7fca2e552f5e2a2e20bf85d4e4b28efcd7da2
scene_3_2_terminalgain_globalmax_interp_0827,family_01,827,6.541645,6.735721,0.194076,30,2,28,2.9,3.014849,3.008362,1.002156,0.194352,1.94352,2.057641,0.257935,0.080047,0.687172,0.0,scene_3.2|scene_3.2_y02_hull_dense_y02_17p64|2556|31,scene_3.2|scene_3.2_y01_hull_dense_y01_14p63|466|22,3ec8bd93f87d8a31c8f3265e11340cecffd04204,78cea0e7d09efcf7a263bcb3f2975ec9de16abc9
scene_3_2_terminalgain_globalmax_interp_0828,family_01,828,6.541645,6.735721,0.194076,30,2,28,2.9,3.040889,3.008362,1.010812,0.194352,1.94352,2.060246,0.277036,0.130326,1.545992,0.0,scene_3.2|scene_3.2_y02_hull_dense_y02_17p64|2556|31,scene_3.2|scene_3.2_y01_hull_dense_y01_14p63|466|22,e4d67066091e761ed4c2071e600aed334c4a2b83,9462c84b15086c9a84a2518e0a7e4a085cc74c54
scene_3_2_terminalgain_globalmax_interp_0829,family_01,829,6.541645,6.735721,0.194076,30,2,28,2.9,3.045191,3.008362,1.012242,0.194352,1.94352,2.06075,0.136254,0.164167,1.646456,0.0,scene_3.2|scene_3.2_y02_hull_dense_y02_17p64|2556|31,scene_3.2|scene_3.2_y01_hull_dense_y01_14p63|466|22,c37b77de63b4c36d62c88382402dba45d9f825f0,41a20a00b3d255c2c9ddadb64b6dc1c2206a8a17
scene_3_2_terminalgain_globalmax_interp_0830,family_01,830,6.541645,6.735721,0.194076,30,2,28,2.9,3.012972,3.008362,1.001532,0.194352,1.94352,2.057473,0.004527,0.113888,0.579194,0.0,scene_3.2|scene_3.2_y02_hull_dense_y02_17p64|2556|31,scene_3.2|scene_3.2_y01_hull_dense_y01_14p63|466|22,ef0345d55d586c9b40d33627b60c924b80500908,c0afea20c4972c3ec6523d3a5bdc28735533dc02
scene_3_2_terminalgain_globalmax_interp_0831,family_01,831,6.541645,6.735721,0.194076,30,2,28,2.9,3.016262,3.008362,1.002626,0.194352,1.94352,2.057752,0.145309,0.063608,0.758516,0.0,scene_3.2|scene_3.2_y02_hull_dense_y02_17p64|2556|31,scene_3.2|scene_3.2_y01_hull_dense_y01_14p63|466|22,26b2f26e952a77f4fa4c1ad7d5b8670f771019f6,b92f7aeeb995dee2b34f3eadc8b3d420b283d28d
scene_3_2_terminalgain_globalmax_interp_0832,family_01,832,6.541645,6.735721,0.194076,30,2,28,2.9,3.042406,3.008362,1.011316,0.194352,1.94352,2.060439,0.286091,0.013329,1.582371,0.0,scene_3.2|scene_3.2_y02_hull_dense_y02_17p64|2556|31,scene_3.2|scene_3.2_y01_hull_dense_y01_14p63|466|22,7ecc63149205555035e8c13965f429d3877e4ded,1332734c09ad3c417beff63497362def993c38c4
scene_3_2_terminalgain_globalmax_interp_0833,family_01,833,6.541645,6.735721,0.194076,30,2,28,2.9,3.028064,3.008362,1.006549,0.194352,1.94352,2.05887,0.24888,0.03695,1.200615,0.0,scene_3.2|scene_3.2_y02_hull_dense_y02_17p64|2556|31,scene_3.2|scene_3.2_y01_hull_dense_y01_14p63|466|22,7790a392c336c77ee54ba6a7d18c6f624532e000,da7316edbed19f2ccde91b34dce9cb8451d696b7
scene_3_2_terminalgain_globalmax_interp_0834,family_01,834,6.541645,6.735721,0.194076,30,2,28,2.9,3.024765,3.008362,1.005452,0.194352,1.94352,2.058537,0.108098,0.087229,1.094908,0.0,scene_3.2|scene_3.2_y02_hull_dense_y02_17p64|2556|31,scene_3.2|scene_3.2_y01_hull_dense_y01_14p63|466|22,76bae7d4017e494d2bdf32568580714374ddb560,943492788cab31450613327bbb52b246bf7e800a
scene_3_2_terminalgain_globalmax_interp_0835,family_01,835,6.541645,6.735721,0.194076,30,2,28,2.9,3.0165,3.008362,1.002705,0.194352,1.94352,2.057779,0.032684,0.137509,0.769936,0.0,scene_3.2|scene_3.2_y02_hull_dense_y02_17p64|2556|31,scene_3.2|scene_3.2_y01_hull_dense_y01_14p63|466|22,5e6fc79b0021d3aeed6b74a605d878e3800ac156,5c22307ee3ffc38dc2303cb142508c40a3198f60
scene_3_2_terminalgain_globalmax_interp_0836,family_01,836,6.541645,6.735721,0.194076,30,2,28,2.9,3.025865,3.008362,1.005818,0.194352,1.94352,2.058649,0.173465,0.156984,1.131181,0.0,scene_3.2|scene_3.2_y02_hull_dense_y02_17p64|2556|31,scene_3.2|scene_3.2_y01_hull_dense_y01_14p63|466|22,9f9a7312ca974f8306d71c0e992a33f2b076eadb,f5d6fee425e18748515063125627ea789741249d
scene_3_2_terminalgain_globalmax_interp_0837,family_01,837,6.541645,6.735721,0.194076,30,2,28,2.9,3.043629,3.008362,1.011723,0.194352,1.94352,2.060541,0.314247,0.106705,1.610708,0.0,scene_3.2|scene_3.2_y02_hull_dense_y02_17p64|2556|31,scene_3.2|scene_3.2_y01_hull_dense_y01_14p63|466|22,e89408f85f649de446ce43ad441dd4ec14efdef9,37848dd79e3fe57bc415d4ef4028669c123d9f90
scene_3_2_terminalgain_globalmax_interp_0838,family_01,838,6.541645,6.735721,0.194076,30,2,28,2.9,3.034072,3.008362,1.008546,0.194352,1.94352,2.059483,0.220723,0.056426,1.372897,0.0,scene_3.2|scene_3.2_y02_hull_dense_y02_17p64|2556|31,scene_3.2|scene_3.2_y01_hull_dense_y01_14p63|466|22,f36b54f4440ec6b2896b4d97dff96a6ae5f64c0e,e3674e7fac97416f2aa3e7f35fd0401e94a89803
scene_3_2_terminalgain_globalmax_interp_0839,family_01,839,6.541645,6.735721,0.194076,30,2,28,2.9,3.008875,3.008362,1.000171,0.194352,1.94352,2.057136,0.079941,0.006146,0.19323,0.0,scene_3.2|scene_3.2_y02_hull_dense_y02_17p64|2556|31,scene_3.2|scene_3.2_y01_hull_dense_y01_14p63|466|22,62d2a563ccf2157a912b1db6a6881336c0d41cd9,550f7609bce94bc70f6c8cb9f5cd64d1e767d1a8
scene_3_2_terminalgain_globalmax_interp_0840,family_01,840,6.541645,6.735721,0.194076,30,2,28,2.9,3.045917,3.008362,1.012483,0.194352,1.94352,2.060817,0.06084,0.044133,1.663015,0.0,scene_3.2|scene_3.2_y02_hull_dense_y02_17p64|2556|31,scene_3.2|scene_3.2_y01_hull_dense_y01_14p63|466|22,48116e7dff072aa8d91ee160d32e7c1c627a6ef5,4f0fe46ad2605ad550629fccd31fe3f49e9dffea
scene_3_2_terminalgain_globalmax_interp_0841,family_01,841,6.541645,6.735721,0.194076,30,2,28,2.9,3.046212,3.008362,1.012581,0.194352,1.94352,2.06088,0.201622,0.094412,1.669513,0.0,scene_3.2|scene_3.2_y02_hull_dense_y02_17p64|2556|31,scene_3.2|scene_3.2_y01_hull_dense_y01_14p63|466|22,176ce7fff7952efb947e511dcbf5de1363755a50,e16ecb66e7cda0d374abf95399fdf3d41dfa4236
scene_3_2_terminalgain_globalmax_interp_0842,family_01,842,6.541645,6.735721,0.194076,30,2,28,2.9,3.008768,3.008362,1.000135,0.194352,1.94352,2.057134,0.342404,0.144691,0.17188,0.0,scene_3.2|scene_3.2_y02_hull_dense_y02_17p64|2556|31,scene_3.2|scene_3.2_y01_hull_dense_y01_14p63|466|22,3c404f2e21e4f402b4669fdededce523f403bc4f,c3a8b9b6bb8de6b175115dae8685f244f8070e22
scene_3_2_terminalgain_globalmax_interp_0843,family_01,843,6.541645,6.735721,0.194076,30,2,28,2.9,3.03309,3.008362,1.00822,0.194352,1.94352,2.059387,0.327717,0.149801,1.346129,0.0,scene_3.2|scene_3.2_y02_hull_dense_y02_17p64|2556|31,scene_3.2|scene_3.2_y01_hull_dense_y01_14p63|466|22,68edbf01c6d51553ec252652b86b64c525ffdb0e,8a2c47afb4d2d2278f492238358f40f89e6016b1
scene_3_2_terminalgain_globalmax_interp_0844,family_01,844,6.541645,6.735721,0.194076,30,2,28,2.9,3.021459,3.008362,1.004353,0.194352,1.94352,2.058218,0.186936,0.099522,0.977658,0.0,scene_3.2|scene_3.2_y02_hull_dense_y02_17p64|2556|31,scene_3.2|scene_3.2_y01_hull_dense_y01_14p63|466|22,224bfed46b86534f616f3e3b08c1870b83b59a6c,7a25e15a4c2088697543bca6c5afa727e8d188aa
scene_3_2_terminalgain_globalmax_interp_0845,family_01,845,6.541645,6.735721,0.194076,30,2,28,2.9,3.026962,3.008362,1.006183,0.194352,1.94352,2.058731,0.046154,0.049243,1.166212,0.0,scene_3.2|scene_3.2_y02_hull_dense_y02_17p64|2556|31,scene_3.2|scene_3.2_y01_hull_dense_y01_14p63|466|22,46e88e5683b612255014b7651e7a183903cfad8e,8acc204dc7d28efeb24245720d5dd851c1652ec6
scene_3_2_terminalgain_globalmax_interp_0846,family_01,846,6.541645,6.735721,0.194076,30,2,28,2.9,3.041631,3.008362,1.011059,0.194352,1.94352,2.060315,0.094628,0.001036,1.564111,0.0,scene_3.2|scene_3.2_y02_hull_dense_y02_17p64|2556|31,scene_3.2|scene_3.2_y01_hull_dense_y01_14p63|466|22,56443530173015dff08f2212013a27eb487d0bca,6dfacf32de4c2f43849b186ba216c4e45e86b085
scene_3_2_terminalgain_globalmax_interp_0847,family_01,847,6.541645,6.735721,0.194076,30,2,28,2.9,3.039183,3.008362,1.010245,0.194352,1.94352,2.060044,0.235409,0.051316,1.504912,0.0,scene_3.2|scene_3.2_y02_hull_dense_y02_17p64|2556|31,scene_3.2|scene_3.2_y01_hull_dense_y01_14p63|466|22,404c888f875b28e574ca37cc72d1a74591840092,08ccb3314c3a13d81ead511bc013b2675c2247eb
scene_3_2_terminalgain_globalmax_interp_0848,family_01,848,6.541645,6.735721,0.194076,30,2,28,2.9,3.031247,3.008362,1.007607,0.194352,1.94352,2.059174,0.299561,0.101595,1.294688,0.0,scene_3.2|scene_3.2_y02_hull_dense_y02_17p64|2556|31,scene_3.2|scene_3.2_y01_hull_dense_y01_14p63|466|22,e5adc35e4cbcd58a345f44df911ddad9779ee926,6d574d33c9e10a244890f7dab1d5dda678312127
scene_3_2_terminalgain_globalmax_interp_0849,family_01,849,6.541645,6.735721,0.194076,30,2,28,2.9,3.033551,3.008362,1.008373,0.194352,1.94352,2.059428,0.158779,0.151874,1.358934,0.0,scene_3.2|scene_3.2_y02_hull_dense_y02_17p64|2556|31,scene_3.2|scene_3.2_y01_hull_dense_y01_14p63|466|22,4f6b5b58f13b0151cd0deb5ef5af665955d2193c,f5907a6d10f30ca0b09ea5c68e040ebdcc55ba7a
scene_3_2_terminalgain_globalmax_interp_0850,family_01,850,6.541645,6.735721,0.194076,30,2,28,2.9,3.027029,3.008362,1.006205,0.194352,1.94352,2.05875,0.017998,0.142619,1.168407,0.0,scene_3.2|scene_3.2_y02_hull_dense_y02_17p64|2556|31,scene_3.2|scene_3.2_y01_hull_dense_y01_14p63|466|22,04e4a8e8a777d109219f2a3a7ee37fdae4855d19,3c52451c8f8fc39cfd2905bb243de2a04f7c35d9
scene_3_2_terminalgain_globalmax_interp_0851,family_01,851,6.541645,6.735721,0.194076,30,2,28,2.9,3.011925,3.008362,1.001184,0.194352,1.94352,2.05738,0.122784,0.092339,0.50925,0.0,scene_3.2|scene_3.2_y02_hull_dense_y02_17p64|2556|31,scene_3.2|scene_3.2_y01_hull_dense_y01_14p63|466|22,8bcb9ec7bd03e82528d04724e068a37b7262ed5c,dd20627f955d5cc92928bb836c50bfa554b6679b
scene_3_2_terminalgain_globalmax_interp_0852,family_01,852,6.541645,6.735721,0.194076,30,2,28,2.9,3.032984,3.008362,1.008184,0.194352,1.94352,2.059388,0.263566,0.04206,1.343312,0.0,scene_3.2|scene_3.2_y02_hull_dense_y02_17p64|2556|31,scene_3.2|scene_3.2_y01_hull_dense_y01_14p63|466|22,db8eca1fb531a153ac62985d0e3ab3b224206489,12a22b527c382009daba19b7381a3655ebdab5a8
scene_3_2_terminalgain_globalmax_interp_0853,family_01,853,6.541645,6.735721,0.194076,30,2,28,2.9,3.027503,3.008362,1.006362,0.194352,1.94352,2.058817,0.271404,0.008219,1.183308,0.0,scene_3.2|scene_3.2_y02_hull_dense_y02_17p64|2556|31,scene_3.2|scene_3.2_y01_hull_dense_y01_14p63|466|22,4c63186f57f6bf771e548989447995f89dfdde28,3a48f4cc0a977c3c9cd86cfc5da09871a5a092a9
scene_3_2_terminalgain_globalmax_interp_0854,family_01,854,6.541645,6.735721,0.194076,30,2,28,2.9,3.014583,3.008362,1.002068,0.194352,1.94352,2.057598,0.130623,0.058498,0.672877,0.0,scene_3.2|scene_3.2_y02_hull_dense_y02_17p64|2556|31,scene_3.2|scene_3.2_y01_hull_dense_y01_14p63|466|22,8d6b680bc90fa16e06d134528c795a320c0f9f9a,d09349a6ae51cfa1042ddbf65ee5f80490372f15
scene_3_2_terminalgain_globalmax_interp_0855,family_01,855,6.541645,6.735721,0.194076,30,2,28,2.9,3.028593,3.008362,1.006725,0.194352,1.94352,2.0589,0.010159,0.108778,1.216543,0.0,scene_3.2|scene_3.2_y02_hull_dense_y02_17p64|2556|31,scene_3.2|scene_3.2_y01_hull_dense_y01_14p63|466|22,f61c4dbc404129177f6190a64511f29a7fd25c0e,f7419a30de798cc4a69395376feaf65e0a6f8dc6
scene_3_2_terminalgain_globalmax_interp_0856,family_01,856,6.541645,6.735721,0.194076,30,2,28,2.9,3.059758,3.008362,1.017084,0.194352,1.94352,2.062642,0.150941,0.159057,1.950315,0.0,scene_3.2|scene_3.2_y02_hull_dense_y02_17p64|2556|31,scene_3.2|scene_3.2_y01_hull_dense_y01_14p63|466|22,b831a6ea5f61e747f92da50066f06f21cc535ce6,358ca12cde0de254ee92807c96542de794fb4828
scene_3_2_terminalgain_globalmax_interp_0857,family_01,857,6.541645,6.735721,0.194076,30,2,28,2.9,3.034615,3.008362,1.008727,0.194352,1.94352,2.059537,0.291722,0.135436,1.387624,0.0,scene_3.2|scene_3.2_y02_hull_dense_y02_17p64|2556|31,scene_3.2|scene_3.2_y01_hull_dense_y01_14p63|466|22,c09e4ec05e77eaddc9554fffcc8b7995d721e9ec,7a99af50565484b956d4d7a0defec45eddac2c28
scene_3_2_terminalgain_globalmax_interp_0858,family_01,858,6.541645,6.735721,0.194076,30,2,28,2.9,3.014594,3.008362,1.002072,0.194352,1.94352,2.057603,0.243248,0.085157,0.673629,0.0,scene_3.2|scene_3.2_y02_hull_dense_y02_17p64|2556|31,scene_3.2|scene_3.2_y01_hull_dense_y01_14p63|466|22,dc9c2db80766e31b99d199bc182f7aa7151702ec,73b7621e9979fcf5065c63d0106e0eabfd9ca229
scene_3_2_terminalgain_globalmax_interp_0859,family_01,859,6.541645,6.735721,0.194076,30,2,28,2.9,3.027463,3.008362,1.006349,0.194352,1.94352,2.05877,0.102466,0.034877,1.181853,0.0,scene_3.2|scene_3.2_y02_hull_dense_y02_17p64|2556|31,scene_3.2|scene_3.2_y01_hull_dense_y01_14p63|466|22,1ff2a994ffc65b15d984ec264422b6741756e383,3e4bf8ff4bb707bda104ba55192779cfc241027d
scene_3_2_terminalgain_globalmax_interp_0860,family_01,860,6.541645,6.735721,0.194076,30,2,28,2.9,3.020081,3.008362,1.003895,0.194352,1.94352,2.058091,0.038315,0.015402,0.924555,0.0,scene_3.2|scene_3.2_y02_hull_dense_y02_17p64|2556|31,scene_3.2|scene_3.2_y01_hull_dense_y01_14p63|466|22,eba1b5a0e4926a7fe4e0cd16541c67f2920bfa71,6bcf1e3a0526afab1be47c0e89935bf0683c5583
scene_3_2_terminalgain_globalmax_interp_0861,family_01,861,6.541645,6.735721,0.194076,30,2,28,2.9,3.034328,3.008362,1.008631,0.194352,1.94352,2.059538,0.179097,0.065681,1.379998,0.0,scene_3.2|scene_3.2_y02_hull_dense_y02_17p64|2556|31,scene_3.2|scene_3.2_y01_hull_dense_y01_14p63|466|22,64b19d6230989e8e7c52e74a5cc004f6265071d7,04484470b69c494c89707a5f9f6f72f6ea18f378
scene_3_2_terminalgain_globalmax_interp_0862,family_01,862,6.541645,6.735721,0.194076,30,2,28,2.9,3.019006,3.008362,1.003538,0.194352,1.94352,2.058,0.319879,0.11596,0.881095,0.0,scene_3.2|scene_3.2_y02_hull_dense_y02_17p64|2556|31,scene_3.2|scene_3.2_y01_hull_dense_y01_14p63|466|22,40cfe2d09f92a968384a46d29f066a25a0ec9f27,2b65b2785f8e1936a4ff659dc02ec6773209a75c
scene_3_2_terminalgain_globalmax_interp_0863,family_01,863,6.541645,6.735721,0.194076,30,2,28,2.9,3.010337,3.008362,1.000656,0.194352,1.94352,2.057257,0.215092,0.16624,0.378973,0.0,scene_3.2|scene_3.2_y02_hull_dense_y02_17p64|2556|31,scene_3.2|scene_3.2_y01_hull_dense_y01_14p63|466|22,8806a096ee84622d38b97de7d1377f7de3f743a5,3f76097f4df8e03dc493ef382f7036cb65ad1727
scene_3_2_terminalgain_globalmax_interp_0864,family_01,864,6.541645,6.735721,0.194076,30,2,28,2.9,3.054991,3.008362,1.0155,0.194352,1.94352,2.062003,0.074311,0.128253,1.856045,0.0,scene_3.2|scene_3.2_y02_hull_dense_y02_17p64|2556|31,scene_3.2|scene_3.2_y01_hull_dense_y01_14p63|466|22,23531eacbf78c422aff8ea1367aec667346d245e,bb2320e0bbeee3ece695f7194ac851581e0b3de5
scene_3_2_terminalgain_globalmax_interp_0865,family_01,865,6.541645,6.735721,0.194076,30,2,28,2.9,3.047595,3.008362,1.013041,0.194352,1.94352,2.061041,0.066471,0.077974,1.700115,0.0,scene_3.2|scene_3.2_y02_hull_dense_y02_17p64|2556|31,scene_3.2|scene_3.2_y01_hull_dense_y01_14p63|466|22,b808af12332bb94f0b582058944d07a08116fc7f,22b7c5d2537b1a9851cd096d70cee69f7af0df5a
scene_3_2_terminalgain_globalmax_interp_0866,family_01,866,6.541645,6.735721,0.194076,30,2,28,2.9,3.010938,3.008362,1.000856,0.194352,1.94352,2.057309,0.207254,0.027695,0.43297,0.0,scene_3.2|scene_3.2_y02_hull_dense_y02_17p64|2556|31,scene_3.2|scene_3.2_y01_hull_dense_y01_14p63|466|22,66f1a73e5758032f240d2106607396ef3ec10939,195ad17c3f22a44bc277bb9e421f0b3bdfa2a41f
scene_3_2_terminalgain_globalmax_interp_0867,family_01,867,6.541645,6.735721,0.194076,30,2,28,2.9,3.018532,3.008362,1.00338,0.194352,1.94352,2.057942,0.348035,0.022585,0.861227,0.0,scene_3.2|scene_3.2_y02_hull_dense_y02_17p64|2556|31,scene_3.2|scene_3.2_y01_hull_dense_y01_14p63|466|22,c1bc87830f77f4bf3752710c3b5b835836df2b99,643b9331df4d1eb9cccd5af3dedd1cd2ebdd9149
scene_3_2_terminalgain_globalmax_interp_0868,family_01,868,6.541645,6.735721,0.194076,30,2,28,2.9,3.036639,3.008362,1.009399,0.194352,1.94352,2.059741,0.349116,0.072864,1.44061,0.0,scene_3.2|scene_3.2_y02_hull_dense_y02_17p64|2556|31,scene_3.2|scene_3.2_y01_hull_dense_y01_14p63|466|22,7e554a7d2bc4663404da2279014cde2db76b0166,8cbebccbbf18b51e65eab41d9aa0387f36f6f0ae
scene_3_2_terminalgain_globalmax_interp_0869,family_01,869,6.541645,6.735721,0.194076,30,2,28,2.9,3.016725,3.008362,1.00278,0.194352,1.94352,2.057796,0.208335,0.123143,0.780483,0.0,scene_3.2|scene_3.2_y02_hull_dense_y02_17p64|2556|31,scene_3.2|scene_3.2_y01_hull_dense_y01_14p63|466|22,0473c4489c39ef23bd8a4adc5a3ad0b06021bbe2,8c319a0001ffa386eaf9cdd391611693d70c9bb0
scene_3_2_terminalgain_globalmax_interp_0870,family_01,870,6.541645,6.735721,0.194076,30,2,28,2.9,3.032242,3.008362,1.007938,0.194352,1.94352,2.059286,0.067553,0.173422,1.322502,0.0,scene_3.2|scene_3.2_y02_hull_dense_y02_17p64|2556|31,scene_3.2|scene_3.2_y01_hull_dense_y01_14p63|466|22,7ea3c331ab14177a52d5f476cfbae0e0c0c2fe4e,0d45e2e3e680fa192f02ed215d8bbd652fe914a6
scene_3_2_terminalgain_globalmax_interp_0871,family_01,871,6.541645,6.735721,0.194076,30,2,28,2.9,3.012974,3.008362,1.001533,0.194352,1.94352,2.057468,0.073229,0.170323,0.579296,0.0,scene_3.2|scene_3.2_y02_hull_dense_y02_17p64|2556|31,scene_3.2|scene_3.2_y01_hull_dense_y01_14p63|466|22,f721e46043311c48d205369f46531c038e9f325f,9f16af9e7f87ba011b8bfdb4193db4e278d788c7
scene_3_2_terminalgain_globalmax_interp_0872,family_01,872,6.541645,6.735721,0.194076,30,2,28,2.9,3.041083,3.008362,1.010877,0.194352,1.94352,2.06029,0.21401,0.120044,1.550944,0.0,scene_3.2|scene_3.2_y02_hull_dense_y02_17p64|2556|31,scene_3.2|scene_3.2_y01_hull_dense_y01_14p63|466|22,a33b72e7aceeaa7332ad4dd46b8b52accea75650,323c5be46f42b436d3eb4fb429ec3e16728e507f
scene_3_2_terminalgain_globalmax_interp_0873,family_01,873,6.541645,6.735721,0.194076,30,2,28,2.9,3.066225,3.008362,1.019234,0.194352,1.94352,2.063552,0.32096,0.069764,2.071662,0.0,scene_3.2|scene_3.2_y02_hull_dense_y02_17p64|2556|31,scene_3.2|scene_3.2_y01_hull_dense_y01_14p63|466|22,06720cbb2554f5addc108f0aea6b2b0a1c872afc,5e231624595e9f3fd6f1586e211220e9ba1b977a
scene_3_2_terminalgain_globalmax_interp_0874,family_01,874,6.541645,6.735721,0.194076,30,2,28,2.9,3.036488,3.008362,1.009349,0.194352,1.94352,2.059746,0.180178,0.019485,1.436734,0.0,scene_3.2|scene_3.2_y02_hull_dense_y02_17p64|2556|31,scene_3.2|scene_3.2_y01_hull_dense_y01_14p63|466|22,26e396e821f13b13078061dc23df2b3b2fbd9098,d91a3e7024831b962355d5ac02aa92ddebfaf438
scene_3_2_terminalgain_globalmax_interp_0875,family_01,875,6.541645,6.735721,0.194076,30,2,28,2.9,3.018399,3.008362,1.003336,0.194352,1.94352,2.057933,0.039396,0.030794,0.855602,0.0,scene_3.2|scene_3.2_y02_hull_dense_y02_17p64|2556|31,scene_3.2|scene_3.2_y01_hull_dense_y01_14p63|466|22,d79d48323444880295b31452bfffce14226f016f,22b5fd14b03aa69915c4ae69194539a7de8f8afc
scene_3_2_terminalgain_globalmax_interp_0876,family_01,876,6.541645,6.735721,0.194076,30,2,28,2.9,3.021076,3.008362,1.004226,0.194352,1.94352,2.058194,0.101385,0.081072,0.963034,0.0,scene_3.2|scene_3.2_y02_hull_dense_y02_17p64|2556|31,scene_3.2|scene_3.2_y01_hull_dense_y01_14p63|466|22,620d91b381ca7af13639b345acd2bfabba5a079e,3b472489f7522d8aedfcd14ec093fa282c5b78fc
scene_3_2_terminalgain_globalmax_interp_0877,family_01,877,6.541645,6.735721,0.194076,30,2,28,2.9,3.041818,3.008362,1.011121,0.194352,1.94352,2.060359,0.242167,0.131352,1.568379,0.0,scene_3.2|scene_3.2_y02_hull_dense_y02_17p64|2556|31,scene_3.2|scene_3.2_y01_hull_dense_y01_14p63|466|22,c78767c83ec2df130ed1d5dae6acbeb79fd12652,cc7aecc867e5c9de51426730812b5a987fb70300
scene_3_2_terminalgain_globalmax_interp_0878,family_01,878,6.541645,6.735721,0.194076,30,2,28,2.9,3.010612,3.008362,1.000748,0.194352,1.94352,2.057284,0.292803,0.16314,0.404558,0.0,scene_3.2|scene_3.2_y02_hull_dense_y02_17p64|2556|31,scene_3.2|scene_3.2_y01_hull_dense_y01_14p63|466|22,594394cf10c290e45ff0bf2f4a31f939adc2a9bd,2ae2a2849d4b042395c0fac9b63bdc47329b3135
scene_3_2_terminalgain_globalmax_interp_0879,family_01,879,6.541645,6.735721,0.194076,30,2,28,2.9,3.021579,3.008362,1.004393,0.194352,1.94352,2.05823,0.152022,0.112861,0.982134,0.0,scene_3.2|scene_3.2_y02_hull_dense_y02_17p64|2556|31,scene_3.2|scene_3.2_y01_hull_dense_y01_14p63|466|22,deba57a07325c696a2d3d2bf6af90e32b7a1043f,e16b6819cde100ef4d458911224f51f1a32277d4
scene_3_2_terminalgain_globalmax_interp_0880,family_01,880,6.541645,6.735721,0.194076,30,2,28,2.9,3.034338,3.008362,1.008634,0.194352,1.94352,2.059526,0.01124,0.062582,1.380252,0.0,scene_3.2|scene_3.2_y02_hull_dense_y02_17p64|2556|31,scene_3.2|scene_3.2_y01_hull_dense_y01_14p63|466|22,5b0cbcd3e0110f48d7d7978f5cd8bb1d9d56410b,e795a9f153e626ff1dba03867096d718108c5b9b
scene_3_2_terminalgain_globalmax_interp_0881,family_01,881,6.541645,6.735721,0.194076,30,2,28,2.9,3.032435,3.008362,1.008002,0.194352,1.94352,2.059303,0.129542,0.012302,1.328219,0.0,scene_3.2|scene_3.2_y02_hull_dense_y02_17p64|2556|31,scene_3.2|scene_3.2_y01_hull_dense_y01_14p63|466|22,8a15c6a9bf7dba24aba3aa2b726d85e56bb08802,8690301d6c224057505f53cd94a02feb5f664bfa
scene_3_2_terminalgain_globalmax_interp_0882,family_01,882,6.541645,6.735721,0.194076,30,2,28,2.9,3.030227,3.008362,1.007268,0.194352,1.94352,2.059078,0.270323,0.037977,1.265318,0.0,scene_3.2|scene_3.2_y02_hull_dense_y02_17p64|2556|31,scene_3.2|scene_3.2_y01_hull_dense_y01_14p63|466|22,54e3fdb8ba49aaca077537bba805e0ad8022928a,54f4ac72d6c279c5eff6c8e83235e15d78430439
scene_3_2_terminalgain_globalmax_interp_0883,family_01,883,6.541645,6.735721,0.194076,30,2,28,2.9,3.036409,3.008362,1.009323,0.194352,1.94352,2.059734,0.264647,0.088255,1.434703,0.0,scene_3.2|scene_3.2_y02_hull_dense_y02_17p64|2556|31,scene_3.2|scene_3.2_y01_hull_dense_y01_14p63|466|22,db987695b004f33c68080de0c2ad42ca1d41671e,b3843688f4bc789faca32e3e50bcd5e443a7721e
scene_3_2_terminalgain_globalmax_interp_0884,family_01,884,6.541645,6.735721,0.194076,30,2,28,2.9,3.022363,3.008362,1.004654,0.194352,1.94352,2.058294,0.123865,0.138534,1.011009,0.0,scene_3.2|scene_3.2_y02_hull_dense_y02_17p64|2556|31,scene_3.2|scene_3.2_y01_hull_dense_y01_14p63|466|22,8cf74a4a03f7da6434de3b36252d6e7060887211,2fee274c8507bff2d2d46a052141143138ac93c8
scene_3_2_terminalgain_globalmax_interp_0885,family_01,885,6.541645,6.735721,0.194076,30,2,28,2.9,3.026646,3.008362,1.006078,0.194352,1.94352,2.058737,0.016917,0.155957,1.156082,0.0,scene_3.2|scene_3.2_y02_hull_dense_y02_17p64|2556|31,scene_3.2|scene_3.2_y01_hull_dense_y01_14p63|466|22,92d257e742ef022669cac8b3af920fd22f4336a0,49771377a92cfe8822adda7e6d3d843195925d75
scene_3_2_terminalgain_globalmax_interp_0886,family_01,886,6.541645,6.735721,0.194076,30,2,28,2.9,3.026378,3.008362,1.005989,0.194352,1.94352,2.058686,0.157698,0.105678,1.147739,0.0,scene_3.2|scene_3.2_y02_hull_dense_y02_17p64|2556|31,scene_3.2|scene_3.2_y01_hull_dense_y01_14p63|466|22,ce3c5ad0a0651be3bb0062790014e43053f2ea13,ea00d5f1280c48b680c971fa3ad7ae132284f1c6
scene_3_2_terminalgain_globalmax_interp_0887,family_01,887,6.541645,6.735721,0.194076,30,2,28,2.9,3.00878,3.008362,1.000139,0.194352,1.94352,2.057134,0.29848,0.055399,0.174366,0.0,scene_3.2|scene_3.2_y02_hull_dense_y02_17p64|2556|31,scene_3.2|scene_3.2_y01_hull_dense_y01_14p63|466|22,8bf886842ce59886f22ae54f2fb1a8cd88b16013,32accf041a4fa8d762d892c63067414b97bbed8c
scene_3_2_terminalgain_globalmax_interp_0888,family_01,888,6.541645,6.735721,0.194076,30,2,28,2.9,3.046892,3.008362,1.012807,0.194352,1.94352,2.060977,0.236491,0.00512,1.684656,0.0,scene_3.2|scene_3.2_y02_hull_dense_y02_17p64|2556|31,scene_3.2|scene_3.2_y01_hull_dense_y01_14p63|466|22,51b3ba8ac3d8c5463b3c4dc4d08ca79468f78866,a34077aa61d4dfb758098ba07667a2a4490c3117
scene_3_2_terminalgain_globalmax_interp_0889,family_01,889,6.541645,6.735721,0.194076,30,2,28,2.9,3.040848,3.008362,1.010798,0.194352,1.94352,2.060256,0.09571,0.04516,1.545254,0.0,scene_3.2|scene_3.2_y02_hull_dense_y02_17p64|2556|31,scene_3.2|scene_3.2_y01_hull_dense_y01_14p63|466|22,94be05ea092870cc053037282c7a0e6be7080fd9,2d56775b3be548d3a7ae6023903bd1aec6fe6ffb
scene_3_2_terminalgain_globalmax_interp_0890,family_01,890,6.541645,6.735721,0.194076,30,2,28,2.9,3.010249,3.008362,1.000627,0.194352,1.94352,2.057246,0.045073,0.095438,0.370331,0.0,scene_3.2|scene_3.2_y02_hull_dense_y02_17p64|2556|31,scene_3.2|scene_3.2_y01_hull_dense_y01_14p63|466|22,9f0504b6889408cc434654cf9e28184234486ee9,e36ee3a2b2f4832abd235ff824b3e059e5a30ddc
scene_3_2_terminalgain_globalmax_interp_0891,family_01,891,6.541645,6.735721,0.194076,30,2,28,2.9,3.039223,3.008362,1.010258,0.194352,1.94352,2.060061,0.185855,0.145717,1.505646,0.0,scene_3.2|scene_3.2_y02_hull_dense_y02_17p64|2556|31,scene_3.2|scene_3.2_y01_hull_dense_y01_14p63|466|22,4a0f2c148c1770400437742582165c3dab302586,5c885cad9111e9937d52ecfe1788900796d666e4
scene_3_2_terminalgain_globalmax_interp_0892,family_01,892,6.541645,6.735721,0.194076,30,2,28,2.9,3.038585,3.008362,1.010046,0.194352,1.94352,2.060001,0.326636,0.148775,1.489651,0.0,scene_3.2|scene_3.2_y02_hull_dense_y02_17p64|2556|31,scene_3.2|scene_3.2_y01_hull_dense_y01_14p63|466|22,e785bcf216e4907e399bf189773b4f049311fa2c,185827a19d0534cec4b71708d4af96f02885cf83
scene_3_2_terminalgain_globalmax_interp_0893,family_01,893,6.541645,6.735721,0.194076,30,2,28,2.9,3.023268,3.008362,1.004955,0.194352,1.94352,2.058379,0.343485,0.098495,1.04336,0.0,scene_3.2|scene_3.2_y02_hull_dense_y02_17p64|2556|31,scene_3.2|scene_3.2_y01_hull_dense_y01_14p63|466|22,83d977d72e6b0f567d93b70d10462831a2181614,5eb9ff4799511824393b4e37006d22a8896579e8
scene_3_2_terminalgain_globalmax_interp_0894,family_01,894,6.541645,6.735721,0.194076,30,2,28,2.9,3.020421,3.008362,1.004008,0.194352,1.94352,2.058115,0.202703,0.048216,0.937949,0.0,scene_3.2|scene_3.2_y02_hull_dense_y02_17p64|2556|31,scene_3.2|scene_3.2_y01_hull_dense_y01_14p63|466|22,bda75943420a25a3ec0e02afe675f59c2358a931,4e65a90cfe2840d6c7f6a66979c231c2f82f013e
scene_3_2_terminalgain_globalmax_interp_0895,family_01,895,6.541645,6.735721,0.194076,30,2,28,2.9,3.019895,3.008362,1.003834,0.194352,1.94352,2.058057,0.061921,0.002063,0.91722,0.0,scene_3.2|scene_3.2_y02_hull_dense_y02_17p64|2556|31,scene_3.2|scene_3.2_y01_hull_dense_y01_14p63|466|22,d05b0195b30f69e53ee029ed36fea3b1a80a140c,9c5d8e9e0cd7fef391c39e9f894f56c58947e7cc
scene_3_2_terminalgain_globalmax_interp_0896,family_01,896,6.541645,6.735721,0.194076,30,2,28,2.9,3.029696,3.008362,1.007092,0.194352,1.94352,2.059008,0.07886,0.052342,1.249779,0.0,scene_3.2|scene_3.2_y02_hull_dense_y02_17p64|2556|31,scene_3.2|scene_3.2_y01_hull_dense_y01_14p63|466|22,0eea4fe0e52ce5ea6506edcb6346f487a3c837e6,2883f9c4b7cb71aa97f52f0202607ea6e886e300
scene_3_2_terminalgain_globalmax_interp_0897,family_01,897,6.541645,6.735721,0.194076,30,2,28,2.9,3.045839,3.008362,1.012457,0.194352,1.94352,2.060836,0.219642,0.102621,1.661073,0.0,scene_3.2|scene_3.2_y02_hull_dense_y02_17p64|2556|31,scene_3.2|scene_3.2_y01_hull_dense_y01_14p63|466|22,5658e9ae8c5503bb9720cbb67b25c8bc9c65375e,26b3be88fe8c68c93cb0528160c448bc2bf16d73
scene_3_2_terminalgain_globalmax_interp_0898,family_01,898,6.541645,6.735721,0.194076,30,2,28,2.9,3.013621,3.008362,1.001748,0.194352,1.94352,2.057526,0.315328,0.1529,0.618756,0.0,scene_3.2|scene_3.2_y02_hull_dense_y02_17p64|2556|31,scene_3.2|scene_3.2_y01_hull_dense_y01_14p63|466|22,99b791fcac02d63650c409ea27dae98978beabca,6a168257e09f909964b08eac68df8b0e5a927978
scene_3_2_terminalgain_globalmax_interp_0899,family_01,899,6.541645,6.735721,0.194076,30,2,28,2.9,3.014201,3.008362,1.001941,0.194352,1.94352,2.057573,0.174546,0.141592,0.651991,0.0,scene_3.2|scene_3.2_y02_hull_dense_y02_17p64|2556|31,scene_3.2|scene_3.2_y01_hull_dense_y01_14p63|466|22,4b03dfbb1c54ad8dce9f31bdf1d79bb9cdfd591c,5bdb412a81637a96ee4e9e25fb9030c4b06d1612
scene_3_2_terminalgain_globalmax_interp_0900,family_01,900,6.541645,6.735721,0.194076,30,2,28,2.9,3.052771,3.008362,1.014762,0.194352,1.94352,2.061732,0.033765,0.091313,1.810494,0.0,scene_3.2|scene_3.2_y02_hull_dense_y02_17p64|2556|31,scene_3.2|scene_3.2_y01_hull_dense_y01_14p63|466|22,eb64615cbcb91714491113b345faaec0113c5949,3a3b54c391e56b53bdc96bf1d9525d05d8d0db74
scene_3_2_terminalgain_globalmax_interp_0901,family_01,901,6.541645,6.735721,0.194076,30,2,28,2.9,3.044413,3.008362,1.011983,0.194352,1.94352,2.060698,0.107017,0.041033,1.62865,0.0,scene_3.2|scene_3.2_y02_hull_dense_y02_17p64|2556|31,scene_3.2|scene_3.2_y01_hull_dense_y01_14p63|466|22,3c335b4c150f16c5f0e4e4eef1ef1f4cfe535326,547ddfb4fe42298c4854a90cc1312ccb3182e47f
scene_3_2_terminalgain_globalmax_interp_0902,family_01,902,6.541645,6.735721,0.194076,30,2,28,2.9,3.016759,3.008362,1.002791,0.194352,1.94352,2.0578,0.247799,0.009246,0.782113,0.0,scene_3.2|scene_3.2_y02_hull_dense_y02_17p64|2556|31,scene_3.2|scene_3.2_y01_hull_dense_y01_14p63|466|22,cc3901661fe3ff60d50a8116a9e5b194194115f7,7249aba1563f8aaf8e61d0fd8af518c6323c2279
scene_3_2_terminalgain_globalmax_interp_0903,family_01,903,6.541645,6.735721,0.194076,30,2,28,2.9,3.01364,3.008362,1.001754,0.194352,1.94352,2.057525,0.287173,0.059525,0.619666,0.0,scene_3.2|scene_3.2_y02_hull_dense_y02_17p64|2556|31,scene_3.2|scene_3.2_y01_hull_dense_y01_14p63|466|22,6ee5f713953c07d6e6e4f103232b9533cece8670,f6731877526be47285aff22eb7b99f45f6c0c160
scene_3_2_terminalgain_globalmax_interp_0904,family_01,904,6.541645,6.735721,0.194076,30,2,28,2.9,3.051467,3.008362,1.014328,0.194352,1.94352,2.06157,0.146391,0.109803,1.783603,0.0,scene_3.2|scene_3.2_y02_hull_dense_y02_17p64|2556|31,scene_3.2|scene_3.2_y01_hull_dense_y01_14p63|466|22,74ec6478aed6846712066ccab848fd3a1e9d36fa,90c01c85aa89d21d2cead764c85269d220e62aba
scene_3_2_terminalgain_globalmax_interp_0905,family_01,905,6.541645,6.735721,0.194076,30,2,28,2.9,3.036954,3.008362,1.009504,0.194352,1.94352,2.05981,0.005609,0.160083,1.448755,0.0,scene_3.2|scene_3.2_y02_hull_dense_y02_17p64|2556|31,scene_3.2|scene_3.2_y01_hull_dense_y01_14p63|466|22,314ca472db4806300a3ea1a52c90b7aa6c4fd949,5f47f5fa9451f1cb1f657e282fa476cb5639bcd6
scene_3_2_terminalgain_globalmax_interp_0906,family_01,906,6.541645,6.735721,0.194076,30,2,28,2.9,3.020794,3.008362,1.004132,0.194352,1.94352,2.058152,0.135173,0.134409,0.952331,0.0,scene_3.2|scene_3.2_y02_hull_dense_y02_17p64|2556|31,scene_3.2|scene_3.2_y01_hull_dense_y01_14p63|466|22,fa5f1529246662d0d79ac0c48433caae14cc1eda,250bd3ed1a0edcb1dd749ddd56523771bee40846
scene_3_2_terminalgain_globalmax_interp_0907,family_01,907,6.541645,6.735721,0.194076,30,2,28,2.9,3.022191,3.008362,1.004597,0.194352,1.94352,2.058271,0.275955,0.08413,1.00471,0.0,scene_3.2|scene_3.2_y02_hull_dense_y02_17p64|2556|31,scene_3.2|scene_3.2_y01_hull_dense_y01_14p63|466|22,0a3830b5bd8396e02c079481aaddf2f67f756b8c,ae8c3f8cce4a084cbdc2179f9b5923fe6beaf619
scene_3_2_terminalgain_globalmax_interp_0908,family_01,908,6.541645,6.735721,0.194076,30,2,28,2.9,3.018612,3.008362,1.003407,0.194352,1.94352,2.057946,0.259016,0.033851,0.864336,0.0,scene_3.2|scene_3.2_y02_hull_dense_y02_17p64|2556|31,scene_3.2|scene_3.2_y01_hull_dense_y01_14p63|466|22,8a438264566132ffd2a1144f9e8aa7a3ee990ddb,576d987405af9e34d2cf49c886daffe58a1ea635
scene_3_2_terminalgain_globalmax_interp_0909,family_01,909,6.541645,6.735721,0.194076,30,2,28,2.9,3.046352,3.008362,1.012628,0.194352,1.94352,2.060916,0.118234,0.016429,1.672477,0.0,scene_3.2|scene_3.2_y02_hull_dense_y02_17p64|2556|31,scene_3.2|scene_3.2_y01_hull_dense_y01_14p63|466|22,2c6ce42d6f09add6763deb9eacbd64dac09c0f4d,56e596ab4d05a60b9177efad288b9c0b21a04791
scene_3_2_terminalgain_globalmax_interp_0910,family_01,910,6.541645,6.735721,0.194076,30,2,28,2.9,3.033619,3.008362,1.008395,0.194352,1.94352,2.059441,0.022547,0.066708,1.36083,0.0,scene_3.2|scene_3.2_y02_hull_dense_y02_17p64|2556|31,scene_3.2|scene_3.2_y01_hull_dense_y01_14p63|466|22,b7da2d9b3491b87c59666dab34d0efc4c5dc534d,9f653a9d54a18536a5f537baebb7dd00aa4eceea
scene_3_2_terminalgain_globalmax_interp_0911,family_01,911,6.541645,6.735721,0.194076,30,2,28,2.9,3.010808,3.008362,1.000813,0.194352,1.94352,2.057292,0.163329,0.116986,0.421708,0.0,scene_3.2|scene_3.2_y02_hull_dense_y02_17p64|2556|31,scene_3.2|scene_3.2_y01_hull_dense_y01_14p63|466|22,8951b93a57fb5440c0826abd850d28ee3165a1a6,dac098bc3644af556f7a7e723da25c26b7592bac
scene_3_2_terminalgain_globalmax_interp_0912,family_01,912,6.541645,6.735721,0.194076,30,2,28,2.9,3.03505,3.008362,1.008871,0.194352,1.94352,2.059605,0.304111,0.167265,1.398979,0.0,scene_3.2|scene_3.2_y02_hull_dense_y02_17p64|2556|31,scene_3.2|scene_3.2_y01_hull_dense_y01_14p63|466|22,e92072591ad6f9f6b5d04023d9ad21ea499090ab,e9341f8a95fe86fee2cf1a1e1f64b75f46d13f03
scene_3_2_terminalgain_globalmax_interp_0913,family_01,913,6.541645,6.735721,0.194076,30,2,28,2.9,3.042223,3.008362,1.011256,0.194352,1.94352,2.060424,0.230859,0.127226,1.577875,0.0,scene_3.2|scene_3.2_y02_hull_dense_y02_17p64|2556|31,scene_3.2|scene_3.2_y01_hull_dense_y01_14p63|466|22,7729391bb7b83a06f10e351f817877b64630306d,88715b82134d28373428572f6939e72a5af7f776
scene_3_2_terminalgain_globalmax_interp_0914,family_01,914,6.541645,6.735721,0.194076,30,2,28,2.9,3.009276,3.008362,1.000304,0.194352,1.94352,2.057168,0.090078,0.076947,0.257807,0.0,scene_3.2|scene_3.2_y02_hull_dense_y02_17p64|2556|31,scene_3.2|scene_3.2_y01_hull_dense_y01_14p63|466|22,5ea1511e0de1f5f61cb6d44ceed4574ac70b8fbc,9ea5b5d6820925292145713ca981c94bf81e7f5a
scene_3_2_terminalgain_globalmax_interp_0915,family_01,915,6.541645,6.735721,0.194076,30,2,28,2.9,3.027255,3.008362,1.00628,0.194352,1.94352,2.058778,0.050704,0.026668,1.175664,0.0,scene_3.2|scene_3.2_y02_hull_dense_y02_17p64|2556|31,scene_3.2|scene_3.2_y01_hull_dense_y01_14p63|466|22,abec761cd6e4f0411aa65e8a0569fe36fc2d25fd,4ee90a5ab82a1c532f67f94fc7257c5aa7cb1895
scene_3_2_terminalgain_globalmax_interp_0916,family_01,916,6.541645,6.735721,0.194076,30,2,28,2.9,3.027415,3.008362,1.006333,0.194352,1.94352,2.058782,0.191486,0.023611,1.180651,0.0,scene_3.2|scene_3.2_y02_hull_dense_y02_17p64|2556|31,scene_3.2|scene_3.2_y01_hull_dense_y01_14p63|466|22,b63c44af1cbb84e37e0a8c080551dde1f37188f0,2acb197c5b3b292f522e02208137aa90d2c749ed
scene_3_2_terminalgain_globalmax_interp_0917,family_01,917,6.541645,6.735721,0.194076,30,2,28,2.9,3.021098,3.008362,1.004233,0.194352,1.94352,2.058175,0.332267,0.073891,0.964064,0.0,scene_3.2|scene_3.2_y02_hull_dense_y02_17p64|2556|31,scene_3.2|scene_3.2_y01_hull_dense_y01_14p63|466|22,2bf10d338151af38fd74f6eaea2a7a9614741cfc,54dad223f0afbe35066b2326b9842b3c783f5bc1
scene_3_2_terminalgain_globalmax_interp_0918,family_01,918,6.541645,6.735721,0.194076,30,2,28,2.9,3.040335,3.008362,1.010628,0.194352,1.94352,2.060182,0.337854,0.124169,1.532659,0.0,scene_3.2|scene_3.2_y02_hull_dense_y02_17p64|2556|31,scene_3.2|scene_3.2_y01_hull_dense_y01_14p63|466|22,140543b4553f4c3416dde5aa10652cd00f5e7696,fc0d8d6f3080d8951473fa49f05ded76e9379daf
scene_3_2_terminalgain_globalmax_interp_0919,family_01,919,6.541645,6.735721,0.194076,30,2,28,2.9,3.027474,3.008362,1.006353,0.194352,1.94352,2.058801,0.197072,0.174448,1.182481,0.0,scene_3.2|scene_3.2_y02_hull_dense_y02_17p64|2556|31,scene_3.2|scene_3.2_y01_hull_dense_y01_14p63|466|22,cb061d4ac6ba1ef0b55b49c6ff3b1cce8bb890c4,e8ce0adda3aac8777d6ef8baf6967f6a3f5ce2ae
scene_3_2_terminalgain_globalmax_interp_0920,family_01,920,6.541645,6.735721,0.194076,30,2,28,2.9,3.034885,3.008362,1.008816,0.194352,1.94352,2.059588,0.056291,0.169297,1.394796,0.0,scene_3.2|scene_3.2_y02_hull_dense_y02_17p64|2556|31,scene_3.2|scene_3.2_y01_hull_dense_y01_14p63|466|22,445c19013491e73c2d589a874a688807e30b5941,507d47a8b15e5d2a1f2af856199f5838015b11dd
scene_3_2_terminalgain_globalmax_interp_0921,family_01,921,6.541645,6.735721,0.194076,30,2,28,2.9,3.042808,3.008362,1.01145,0.194352,1.94352,2.060476,0.084491,0.119018,1.591572,0.0,scene_3.2|scene_3.2_y02_hull_dense_y02_17p64|2556|31,scene_3.2|scene_3.2_y01_hull_dense_y01_14p63|466|22,4b32da3ffa083eaef09b5199b95e710fa9515f80,518b914ebd6c6c1c085f6766b49c4dfc0a288a4d
scene_3_2_terminalgain_globalmax_interp_0922,family_01,922,6.541645,6.735721,0.194076,30,2,28,2.9,3.01838,3.008362,1.00333,0.194352,1.94352,2.057937,0.225274,0.068739,0.854516,0.0,scene_3.2|scene_3.2_y02_hull_dense_y02_17p64|2556|31,scene_3.2|scene_3.2_y01_hull_dense_y01_14p63|466|22,94d50cf0fbf436dc4ae9cb417387a226de141cd3,889a5a2f4b20047abbf2e7daa7612bb4710ed3bd
scene_3_2_terminalgain_globalmax_interp_0923,family_01,923,6.541645,6.735721,0.194076,30,2,28,2.9,3.01366,3.008362,1.001761,0.194352,1.94352,2.05754,0.309697,0.018459,0.621072,0.0,scene_3.2|scene_3.2_y02_hull_dense_y02_17p64|2556|31,scene_3.2|scene_3.2_y01_hull_dense_y01_14p63|466|22,39f62e51a4b2fa448576fd2b9ab22c15d166ea4b,89d8b571813d19a344e72c37f63556d2c42acdd2
scene_3_2_terminalgain_globalmax_interp_0924,family_01,924,6.541645,6.735721,0.194076,30,2,28,2.9,3.038467,3.008362,1.010007,0.194352,1.94352,2.059982,0.168916,0.03182,1.486951,0.0,scene_3.2|scene_3.2_y02_hull_dense_y02_17p64|2556|31,scene_3.2|scene_3.2_y01_hull_dense_y01_14p63|466|22,b89ee4608b8a68ef75182ca9a9c185eae3714be6,240333a81a0c9e31526742007fde19dfd01b48c5
scene_3_2_terminalgain_globalmax_interp_0925,family_01,925,6.541645,6.735721,0.194076,30,2,28,2.9,3.015763,3.008362,1.00246,0.194352,1.94352,2.057703,0.112648,0.132378,0.734161,0.0,scene_3.2|scene_3.2_y02_hull_dense_y02_17p64|2556|31,scene_3.2|scene_3.2_y01_hull_dense_y01_14p63|466|22,458e64280a22d352a65f85022d3308e6a8eeb5b0,ce2dac6460ab791f406f49a4222083c777a930ce
scene_3_2_terminalgain_globalmax_interp_0926,family_01,926,6.541645,6.735721,0.194076,30,2,28,2.9,3.040037,3.008362,1.010529,0.194352,1.94352,2.060139,0.253429,0.162114,1.525486,0.0,scene_3.2|scene_3.2_y02_hull_dense_y02_17p64|2556|31,scene_3.2|scene_3.2_y01_hull_dense_y01_14p63|466|22,44218989630745f72e38421d8df3de394995c944,d697c02f57398b3a5195b2e40356eb0858bebd2c
scene_3_2_terminalgain_globalmax_interp_0927,family_01,927,6.541645,6.735721,0.194076,30,2,28,2.9,3.061583,3.008362,1.017691,0.194352,1.94352,2.062907,0.281541,0.111835,1.98544,0.0,scene_3.2|scene_3.2_y02_hull_dense_y02_17p64|2556|31,scene_3.2|scene_3.2_y01_hull_dense_y01_14p63|466|22,5a9e108ddcb78c6512faad1377b44fa88c4594b3,e275f0af32dcb272b22f14d183db79fef1ba1541
scene_3_2_terminalgain_globalmax_interp_0928,family_01,928,6.541645,6.735721,0.194076,30,2,28,2.9,3.030326,3.008362,1.007301,0.194352,1.94352,2.059111,0.140759,0.061556,1.268153,0.0,scene_3.2|scene_3.2_y02_hull_dense_y02_17p64|2556|31,scene_3.2|scene_3.2_y01_hull_dense_y01_14p63|466|22,15c4c240a34b8d068d608bfc12bdad85bbe84cd2,5522f405e48d3e40eb5e689a0a264d2d2d1747cc
scene_3_2_terminalgain_globalmax_interp_0929,family_01,929,6.541645,6.735721,0.194076,30,2,28,2.9,3.013508,3.008362,1.00171,0.194352,1.94352,2.057515,2.3e-05,0.011277,0.611872,0.0,scene_3.2|scene_3.2_y02_hull_dense_y02_17p64|2556|31,scene_3.2|scene_3.2_y01_hull_dense_y01_14p63|466|22,4d1f27ba1148579c6688d17fe7a67ba82d8efb77,dfc2e9ba6afb8a6a10d09277b0ba65396b1eef7d
scene_3_2_terminalgain_globalmax_interp_0930,family_01,930,6.541645,6.735721,0.194076,30,2,28,2.9,3.029471,3.008362,1.007016,0.194352,1.94352,2.058986,0.140804,0.039003,1.242941,0.0,scene_3.2|scene_3.2_y02_hull_dense_y02_17p64|2556|31,scene_3.2|scene_3.2_y01_hull_dense_y01_14p63|466|22,f78aa3fe9bca09977975bf3968880820134ec5d3,b9913c45810ab8038cc351d1ace97ae79ea29d1e
scene_3_2_terminalgain_globalmax_interp_0931,family_01,931,6.541645,6.735721,0.194076,30,2,28,2.9,3.02534,3.008362,1.005643,0.194352,1.94352,2.05859,0.281586,0.089282,1.113964,0.0,scene_3.2|scene_3.2_y02_hull_dense_y02_17p64|2556|31,scene_3.2|scene_3.2_y01_hull_dense_y01_14p63|466|22,4700cc3f3beb1424761d4c612ec72b0048c08169,bda2bd523ee8ac6690fb4a446d36f8778508ed02
scene_3_2_terminalgain_globalmax_interp_0932,family_01,932,6.541645,6.735721,0.194076,30,2,28,2.9,3.026484,3.008362,1.006024,0.194352,1.94352,2.058686,0.253384,0.139561,1.151235,0.0,scene_3.2|scene_3.2_y02_hull_dense_y02_17p64|2556|31,scene_3.2|scene_3.2_y01_hull_dense_y01_14p63|466|22,b30bfa4fd4789e51f5adf08334c6efa55d812194,236631e643687672416ff920abcf8ddb104cc8e9
scene_3_2_terminalgain_globalmax_interp_0933,family_01,933,6.541645,6.735721,0.194076,30,2,28,2.9,3.025141,3.008362,1.005577,0.194352,1.94352,2.058575,0.112603,0.154932,1.107507,0.0,scene_3.2|scene_3.2_y02_hull_dense_y02_17p64|2556|31,scene_3.2|scene_3.2_y01_hull_dense_y01_14p63|466|22,1a289a6efeb55aca117dd0ede6d46898dcb936dd,b64aa526844e58130251b3d82982dfea7a052344
scene_3_2_terminalgain_globalmax_interp_0934,family_01,934,6.541645,6.735721,0.194076,30,2,28,2.9,3.008769,3.008362,1.000135,0.194352,1.94352,2.057132,0.028179,0.104652,0.171996,0.0,scene_3.2|scene_3.2_y02_hull_dense_y02_17p64|2556|31,scene_3.2|scene_3.2_y01_hull_dense_y01_14p63|466|22,c60ebcd21bf40a2bd0f3c0efc1f9fa41d874bf03,7ec0185ddb6caa2592cc178db8518033752a2067
scene_3_2_terminalgain_globalmax_interp_0935,family_01,935,6.541645,6.735721,0.194076,30,2,28,2.9,3.05664,3.008362,1.016048,0.194352,1.94352,2.062258,0.168961,0.054373,1.888758,0.0,scene_3.2|scene_3.2_y02_hull_dense_y02_17p64|2556|31,scene_3.2|scene_3.2_y01_hull_dense_y01_14p63|466|22,f51d69f0687606fb89ffb773507d3f7fb39faf75,1f2c3918a6d69b5206a0b57ac26dbda8c4692fd3
scene_3_2_terminalgain_globalmax_interp_0936,family_01,936,6.541645,6.735721,0.194076,30,2,28,2.9,3.063894,3.008362,1.018459,0.194352,1.94352,2.063207,0.309742,0.004094,2.028812,0.0,scene_3.2|scene_3.2_y02_hull_dense_y02_17p64|2556|31,scene_3.2|scene_3.2_y01_hull_dense_y01_14p63|466|22,b383c841d0354d387cf814322034d8a6e15dbf3f,6a109de8aacb07bd8e748434250cc8a5716b4286
scene_3_2_terminalgain_globalmax_interp_0937,family_01,937,6.541645,6.735721,0.194076,30,2,28,2.9,3.010482,3.008362,1.000705,0.194352,1.94352,2.05727,0.225228,0.046185,0.392601,0.0,scene_3.2|scene_3.2_y02_hull_dense_y02_17p64|2556|31,scene_3.2|scene_3.2_y01_hull_dense_y01_14p63|466|22,720ec8d5dfdbd73d5a6d73a013b3fdefcd406961,bba8272b8c3e50835bbcec3794934843498ddcac
scene_3_2_terminalgain_globalmax_interp_0938,family_01,938,6.541645,6.735721,0.194076,30,2,28,2.9,3.020598,3.008362,1.004067,0.194352,1.94352,2.058133,0.084446,0.096465,0.944755,0.0,scene_3.2|scene_3.2_y02_hull_dense_y02_17p64|2556|31,scene_3.2|scene_3.2_y01_hull_dense_y01_14p63|466|22,4c5eaede7a6297fe71297ca3cea373a4f87eef4d,b54e41458357394f67c402f487135eb1f231d021
scene_3_2_terminalgain_globalmax_interp_0939,family_01,939,6.541645,6.735721,0.194076,30,2,28,2.9,3.032364,3.008362,1.007978,0.194352,1.94352,2.059329,0.056336,0.146744,1.326114,0.0,scene_3.2|scene_3.2_y02_hull_dense_y02_17p64|2556|31,scene_3.2|scene_3.2_y01_hull_dense_y01_14p63|466|22,35dbbba92eb208bc749ed5e747987653e37aabd5,3828d01c7fca456a830fd67be2e031ee2c4cde46
scene_3_2_terminalgain_globalmax_interp_0940,family_01,940,6.541645,6.735721,0.194076,30,2,28,2.9,3.024771,3.008362,1.005454,0.194352,1.94352,2.058544,0.197117,0.147749,1.095035,0.0,scene_3.2|scene_3.2_y02_hull_dense_y02_17p64|2556|31,scene_3.2|scene_3.2_y01_hull_dense_y01_14p63|466|22,da04cfef878cf64b98ccfb17379e8a1ada1fdbdd,3dbef3fbcefefcbd9352cf1ddb848c40efb1e2b4
scene_3_2_terminalgain_globalmax_interp_0941,family_01,941,6.541645,6.735721,0.194076,30,2,28,2.9,3.023157,3.008362,1.004918,0.194352,1.94352,2.058372,0.337899,0.09747,1.039575,0.0,scene_3.2|scene_3.2_y02_hull_dense_y02_17p64|2556|31,scene_3.2|scene_3.2_y01_hull_dense_y01_14p63|466|22,04e262ee24e6839d76957472b912c7856cabc3aa,60c8b83420b68d53a86c8574cd355eb27dd2d17c
scene_3_2_terminalgain_globalmax_interp_0942,family_01,942,6.541645,6.735721,0.194076,30,2,28,2.9,3.017172,3.008362,1.002928,0.194352,1.94352,2.057829,0.332222,0.04719,0.801405,0.0,scene_3.2|scene_3.2_y02_hull_dense_y02_17p64|2556|31,scene_3.2|scene_3.2_y01_hull_dense_y01_14p63|466|22,af103a179e8233c72fea9e68c576f1a71d455790,a56df4c082b5aab5a9ac9c5502604d8d91501058
scene_3_2_terminalgain_globalmax_interp_0943,family_01,943,6.541645,6.735721,0.194076,30,2,28,2.9,3.028219,3.008362,1.0066,0.194352,1.94352,2.058874,0.191441,0.003089,1.205376,0.0,scene_3.2|scene_3.2_y02_hull_dense_y02_17p64|2556|31,scene_3.2|scene_3.2_y01_hull_dense_y01_14p63|466|22,c194eea4de2b5f0ec20b1d76678acaea47679998,b9d0037c5f28dab0ea60955dd6bad9b9619d5a8f
scene_3_2_terminalgain_globalmax_interp_0944,family_01,944,6.541645,6.735721,0.194076,30,2,28,2.9,3.053087,3.008362,1.014867,0.194352,1.94352,2.061764,0.050659,0.053368,1.817092,0.0,scene_3.2|scene_3.2_y02_hull_dense_y02_17p64|2556|31,scene_3.2|scene_3.2_y01_hull_dense_y01_14p63|466|22,baa5faf3516dce49f583c9e18e3853a48e5f75cc,abb23600f419b3cffe398596e8242392215aa0d4
scene_3_2_terminalgain_globalmax_interp_0945,family_01,945,6.541645,6.735721,0.194076,30,2,28,2.9,3.031634,3.008362,1.007736,0.194352,1.94352,2.059231,0.090123,0.103647,1.305583,0.0,scene_3.2|scene_3.2_y02_hull_dense_y02_17p64|2556|31,scene_3.2|scene_3.2_y01_hull_dense_y01_14p63|466|22,277c7cb6dd541f0c1e33960ae6831f3259bfd71b,a20676da13ffc32bb604ca4f1290a828b284a18e
scene_3_2_terminalgain_globalmax_interp_0946,family_01,946,6.541645,6.735721,0.194076,30,2,28,2.9,3.01325,3.008362,1.001625,0.194352,1.94352,2.057484,0.230904,0.153927,0.596284,0.0,scene_3.2|scene_3.2_y02_hull_dense_y02_17p64|2556|31,scene_3.2|scene_3.2_y01_hull_dense_y01_14p63|466|22,1a6cec85942562b655dfe975de435d1ad1262c3f,ef6ea129d82fd8a0a362c107c172c9dba41d2574
scene_3_2_terminalgain_globalmax_interp_0947,family_01,947,6.541645,6.735721,0.194076,30,2,28,2.9,3.028824,3.008362,1.006802,0.194352,1.94352,2.058962,0.304066,0.140566,1.223681,0.0,scene_3.2|scene_3.2_y02_hull_dense_y02_17p64|2556|31,scene_3.2|scene_3.2_y01_hull_dense_y01_14p63|466|22,daa292691913c04fc2e1aacffbc0b76f94a179a6,0b09f746377ac9ee762b208d2b2fd3deab129d0b
scene_3_2_terminalgain_globalmax_interp_0948,family_01,948,6.541645,6.735721,0.194076,30,2,28,2.9,3.031854,3.008362,1.007809,0.194352,1.94352,2.059269,0.163284,0.090287,1.31192,0.0,scene_3.2|scene_3.2_y02_hull_dense_y02_17p64|2556|31,scene_3.2|scene_3.2_y01_hull_dense_y01_14p63|466|22,27b530e54b8979a06f69fe465e340d9ee7a9955a,9b53a2c4db8d753b72fa32295aa7312f71b88a7c
scene_3_2_terminalgain_globalmax_interp_0949,family_01,949,6.541645,6.735721,0.194076,30,2,28,2.9,3.01345,3.008362,1.001691,0.194352,1.94352,2.05751,0.022502,0.040008,0.608636,0.0,scene_3.2|scene_3.2_y02_hull_dense_y02_17p64|2556|31,scene_3.2|scene_3.2_y01_hull_dense_y01_14p63|466|22,6a3fe1722d0b42a237073e6d365d157bfb0c461e,2f8c8c52bf3e3e81ef2ed0481d2253a03d4c6cdc
scene_3_2_terminalgain_globalmax_interp_0950,family_01,950,6.541645,6.735721,0.194076,30,2,28,2.9,3.024166,3.008362,1.005253,0.194352,1.94352,2.058471,0.118279,0.010272,1.074375,0.0,scene_3.2|scene_3.2_y02_hull_dense_y02_17p64|2556|31,scene_3.2|scene_3.2_y01_hull_dense_y01_14p63|466|22,45472975f7529e14b00aa0036b65bfae98710bf7,13c23f006382c92d6de16835738169be5b3170b8
scene_3_2_terminalgain_globalmax_interp_0951,family_01,951,6.541645,6.735721,0.194076,30,2,28,2.9,3.038715,3.008362,1.010089,0.194352,1.94352,2.06,0.259061,0.060551,1.492925,0.0,scene_3.2|scene_3.2_y02_hull_dense_y02_17p64|2556|31,scene_3.2|scene_3.2_y01_hull_dense_y01_14p63|466|22,9bc6f2056810db3d6291efbb85597b2ced76d79a,6c2b4deeabdcf29f62bceb5ce8ef3d563c961871
scene_3_2_terminalgain_globalmax_interp_0952,family_01,952,6.541645,6.735721,0.194076,30,2,28,2.9,3.036293,3.008362,1.009284,0.194352,1.94352,2.059725,0.27591,0.11083,1.431484,0.0,scene_3.2|scene_3.2_y02_hull_dense_y02_17p64|2556|31,scene_3.2|scene_3.2_y01_hull_dense_y01_14p63|466|22,9ae31d8236fd8340c5ec9ff664b4d30434017191,c4a41893ee4f450e7db9bca160dc185de5718811
scene_3_2_terminalgain_globalmax_interp_0953,family_01,953,6.541645,6.735721,0.194076,30,2,28,2.9,3.035311,3.008362,1.008958,0.194352,1.94352,2.059616,0.135127,0.161109,1.406123,0.0,scene_3.2|scene_3.2_y02_hull_dense_y02_17p64|2556|31,scene_3.2|scene_3.2_y01_hull_dense_y01_14p63|466|22,27a642d85d9c1f7ad1283d82415f4100d46bd9e7,4f7b76328b430cc4755c539e090ca86e5469b2fd
scene_3_2_terminalgain_globalmax_interp_0954,family_01,954,6.541645,6.735721,0.194076,30,2,28,2.9,3.043068,3.008362,1.011536,0.194352,1.94352,2.060491,0.005654,0.133383,1.597844,0.0,scene_3.2|scene_3.2_y02_hull_dense_y02_17p64|2556|31,scene_3.2|scene_3.2_y01_hull_dense_y01_14p63|466|22,a50c2d498477d465105d547723cb55e555b1691c,4a3edaa2d99596bfcf0f516a9683908b3bc98de2
scene_3_2_terminalgain_globalmax_interp_0955,family_01,955,6.541645,6.735721,0.194076,30,2,28,2.9,3.022151,3.008362,1.004584,0.194352,1.94352,2.058299,0.146436,0.083104,1.003531,0.0,scene_3.2|scene_3.2_y02_hull_dense_y02_17p64|2556|31,scene_3.2|scene_3.2_y01_hull_dense_y01_14p63|466|22,bf71c2c4df4dc332732088583e1d14c465e3fc59,65429d5f2705ab1c3a9e17c55ddfd132aa463bb0
scene_3_2_terminalgain_globalmax_interp_0956,family_01,956,6.541645,6.735721,0.194076,30,2,28,2.9,3.026036,3.008362,1.005875,0.194352,1.94352,2.058659,0.287218,0.032825,1.136782,0.0,scene_3.2|scene_3.2_y02_hull_dense_y02_17p64|2556|31,scene_3.2|scene_3.2_y01_hull_dense_y01_14p63|466|22,67089c0a20b0baba781dc208c1774f646c1ee901,c016bbd9f3e5a838e77bd7763c723e43e37309ed
scene_3_2_terminalgain_globalmax_interp_0957,family_01,957,6.541645,6.735721,0.194076,30,2,28,2.9,3.029577,3.008362,1.007052,0.194352,1.94352,2.059016,0.247754,0.017454,1.246161,0.0,scene_3.2|scene_3.2_y02_hull_dense_y02_17p64|2556|31,scene_3.2|scene_3.2_y01_hull_dense_y01_14p63|466|22,3f750d9c804bfbc568f0d5912c2902f80e74fc1f,238a867ba0d3a3f34f0505eadc8aa9a8b97dcea9
scene_3_2_terminalgain_globalmax_interp_0958,family_01,958,6.541645,6.735721,0.194076,30,2,28,2.9,3.009412,3.008362,1.000349,0.194352,1.94352,2.057185,0.106972,0.067734,0.276515,0.0,scene_3.2|scene_3.2_y02_hull_dense_y02_17p64|2556|31,scene_3.2|scene_3.2_y01_hull_dense_y01_14p63|466|22,74d38237f20c8f4f9fc922f00aaa27eff818d1e1,c514bcb1f367b0cf15fc39fe7b858e30c70aec08
scene_3_2_terminalgain_globalmax_interp_0959,family_01,959,6.541645,6.735721,0.194076,30,2,28,2.9,3.04066,3.008362,1.010736,0.194352,1.94352,2.06022,0.03381,0.118013,1.540533,0.0,scene_3.2|scene_3.2_y02_hull_dense_y02_17p64|2556|31,scene_3.2|scene_3.2_y01_hull_dense_y01_14p63|466|22,4119ba7645ff00908378d82a20e27b5ae2077f7f,289b99c7037d614a07087fa436ef6c7fee928c84
scene_3_2_terminalgain_globalmax_interp_0960,family_01,960,6.541645,6.735721,0.194076,30,2,28,2.9,3.036331,3.008362,1.009297,0.194352,1.94352,2.059715,0.174591,0.168292,1.432821,0.0,scene_3.2|scene_3.2_y02_hull_dense_y02_17p64|2556|31,scene_3.2|scene_3.2_y01_hull_dense_y01_14p63|466|22,5fd9657d8f9066127ffdb32e0ba4e85739039a82,3d7bbdaaacb7bc9d319a15b7b9be51373d9a9b04
scene_3_2_terminalgain_globalmax_interp_0961,family_01,961,6.541645,6.735721,0.194076,30,2,28,2.9,3.010379,3.008362,1.00067,0.194352,1.94352,2.057252,0.315374,0.126201,0.383006,0.0,scene_3.2|scene_3.2_y02_hull_dense_y02_17p64|2556|31,scene_3.2|scene_3.2_y01_hull_dense_y01_14p63|466|22,13f367fac5ac82fcb97cdcf000dfc1310ff376e9,012e0a813baf1c7e2c5483b974ef4a971dbaf539
scene_3_2_terminalgain_globalmax_interp_0962,family_01,962,6.541645,6.735721,0.194076,30,2,28,2.9,3.031015,3.008362,1.00753,0.194352,1.94352,2.05917,0.219597,0.075921,1.288071,0.0,scene_3.2|scene_3.2_y02_hull_dense_y02_17p64|2556|31,scene_3.2|scene_3.2_y01_hull_dense_y01_14p63|466|22,071a0c51098d4ed3eebc07a59e75e1a9557dee72,2d09a6b1e4a98cd4c8c0be499ec533d4739a40fd
scene_3_2_terminalgain_globalmax_interp_0963,family_01,963,6.541645,6.735721,0.194076,30,2,28,2.9,3.049203,3.008362,1.013576,0.194352,1.94352,2.061264,0.078815,0.025642,1.735069,0.0,scene_3.2|scene_3.2_y02_hull_dense_y02_17p64|2556|31,scene_3.2|scene_3.2_y01_hull_dense_y01_14p63|466|22,c121ad1dcd3d9114d01694979fe65515e218e58c,8fe61841f6ef3cee233df59aba6c791d235182f0
scene_3_2_terminalgain_globalmax_interp_0964,family_01,964,6.541645,6.735721,0.194076,30,2,28,2.9,3.019081,3.008362,1.003563,0.194352,1.94352,2.058008,0.061966,0.024637,0.884025,0.0,scene_3.2|scene_3.2_y02_hull_dense_y02_17p64|2556|31,scene_3.2|scene_3.2_y01_hull_dense_y01_14p63|466|22,a5d090a39b6a416ab308769ca63a52078593daf7,2b9d6cefa91db7ee9f2584833b4db6219012bf60
scene_3_2_terminalgain_globalmax_interp_0965,family_01,965,6.541645,6.735721,0.194076,30,2,28,2.9,3.020938,3.008362,1.00418,0.194352,1.94352,2.058163,0.202748,0.074916,0.958043,0.0,scene_3.2|scene_3.2_y02_hull_dense_y02_17p64|2556|31,scene_3.2|scene_3.2_y01_hull_dense_y01_14p63|466|22,b7ac8e20bf0a54fceed460a29c6ffb03a02544d1,6965588a99e65fd53bd189c230c2e447adbb0157
scene_3_2_terminalgain_globalmax_interp_0966,family_01,966,6.541645,6.735721,0.194076,30,2,28,2.9,3.022782,3.008362,1.004793,0.194352,1.94352,2.058335,0.34353,0.125196,1.026118,0.0,scene_3.2|scene_3.2_y02_hull_dense_y02_17p64|2556|31,scene_3.2|scene_3.2_y01_hull_dense_y01_14p63|466|22,dd6b4be16858ae6bc47311f0c14089cfdb28792f,e1da7ddca677ed1150466690a748be0d011777f3
scene_3_2_terminalgain_globalmax_interp_0967,family_01,967,6.541645,6.735721,0.194076,30,2,28,2.9,3.037218,3.008362,1.009592,0.194352,1.94352,2.059853,0.326592,0.175475,1.455492,0.0,scene_3.2|scene_3.2_y02_hull_dense_y02_17p64|2556|31,scene_3.2|scene_3.2_y01_hull_dense_y01_14p63|466|22,57bce2b08b13617292d5404ebbd7b9e3611d2a00,1296ef82efa52307969f44c638555be02cd81693
scene_3_2_terminalgain_globalmax_interp_0968,family_01,968,6.541645,6.735721,0.194076,30,2,28,2.9,3.049136,3.008362,1.013553,0.194352,1.94352,2.06127,0.18581,0.175307,1.733696,0.0,scene_3.2|scene_3.2_y02_hull_dense_y02_17p64|2556|31,scene_3.2|scene_3.2_y01_hull_dense_y01_14p63|466|22,aa260e0fcb5e0dbfa65e76aeef9ceb88d39e9f4c,5ccbe9d71d8ac389ac11cdd17233530f95d45b04
scene_3_2_terminalgain_globalmax_interp_0969,family_01,969,6.541645,6.735721,0.194076,30,2,28,2.9,3.014985,3.008362,1.002201,0.194352,1.94352,2.057645,0.045027,0.125028,0.69436,0.0,scene_3.2|scene_3.2_y02_hull_dense_y02_17p64|2556|31,scene_3.2|scene_3.2_y01_hull_dense_y01_14p63|466|22,237165a3e7e62146907c6692ef84a9741602fb06,a0db5bbda18f6a1abc085648c401e52afd22eb91
scene_3_2_terminalgain_globalmax_interp_0970,family_01,970,6.541645,6.735721,0.194076,30,2,28,2.9,3.015894,3.008362,1.002503,0.194352,1.94352,2.057723,0.095754,0.074749,0.740555,0.0,scene_3.2|scene_3.2_y02_hull_dense_y02_17p64|2556|31,scene_3.2|scene_3.2_y01_hull_dense_y01_14p63|466|22,74302a25ae16d3d8c7463d65f706b112670d9648,65982c78f425e96a91dc92a84a13175865aadc32
scene_3_2_terminalgain_globalmax_interp_0971,family_01,971,6.541645,6.735721,0.194076,30,2,28,2.9,3.041871,3.008362,1.011139,0.194352,1.94352,2.060365,0.236536,0.02447,1.569788,0.0,scene_3.2|scene_3.2_y02_hull_dense_y02_17p64|2556|31,scene_3.2|scene_3.2_y01_hull_dense_y01_14p63|466|22,ea1c46eb112a1ee90b5905d68eeea0ebb7295003,f79161162c12012cb7c97a94cb91e1eb60dd1d2b
scene_3_2_terminalgain_globalmax_interp_0972,family_01,972,6.541645,6.735721,0.194076,30,2,28,2.9,3.044406,3.008362,1.011981,0.194352,1.94352,2.06067,0.298435,0.02581,1.628849,0.0,scene_3.2|scene_3.2_y02_hull_dense_y02_17p64|2556|31,scene_3.2|scene_3.2_y01_hull_dense_y01_14p63|466|22,2e723597b062a9d156a3156b8469c5dfd3a47178,0fd9b3a6dd5e4e49a6efd72c2e0e1b962144e5c5
scene_3_2_terminalgain_globalmax_interp_0973,family_01,973,6.541645,6.735721,0.194076,30,2,28,2.9,3.012126,3.008362,1.001251,0.194352,1.94352,2.057402,0.157653,0.076089,0.52328,0.0,scene_3.2|scene_3.2_y02_hull_dense_y02_17p64|2556|31,scene_3.2|scene_3.2_y01_hull_dense_y01_14p63|466|22,f14c6506b9bf1cce70bf8d60943476e654e2a439,dd95fe0ae057f67a0342b496fa1b5cff210b157b
scene_3_2_terminalgain_globalmax_interp_0974,family_01,974,6.541645,6.735721,0.194076,30,2,28,2.9,3.017571,3.008362,1.003061,0.194352,1.94352,2.057858,0.016872,0.126368,0.819195,0.0,scene_3.2|scene_3.2_y02_hull_dense_y02_17p64|2556|31,scene_3.2|scene_3.2_y01_hull_dense_y01_14p63|466|22,3c4d92f30f9c7a397b43f2e49fa74ded3351fbe0,81b4e4903d674f0523004abd10ba0bb96c86115f
scene_3_2_terminalgain_globalmax_interp_0975,family_01,975,6.541645,6.735721,0.194076,30,2,28,2.9,3.039929,3.008362,1.010493,0.194352,1.94352,2.060188,0.12391,0.168125,1.522843,0.0,scene_3.2|scene_3.2_y02_hull_dense_y02_17p64|2556|31,scene_3.2|scene_3.2_y01_hull_dense_y01_14p63|466|22,8b07157ab1eacf8f2a335a759993bafbab53702b,3dbe40a759b77f3185a9ffc17fe72c106dda9562
scene_3_2_terminalgain_globalmax_interp_0976,family_01,976,6.541645,6.735721,0.194076,30,2,28,2.9,3.029329,3.008362,1.006969,0.194352,1.94352,2.058991,0.264693,0.117845,1.238858,0.0,scene_3.2|scene_3.2_y02_hull_dense_y02_17p64|2556|31,scene_3.2|scene_3.2_y01_hull_dense_y01_14p63|466|22,4d1ad9fec95396ecbdc598cbdff7a93750ebe43b,1c4d34adb9bb2e4abfa9038645f612b17d095174
scene_3_2_terminalgain_globalmax_interp_0977,family_01,977,6.541645,6.735721,0.194076,30,2,28,2.9,3.025991,3.008362,1.00586,0.194352,1.94352,2.058642,0.270278,0.067566,1.135256,0.0,scene_3.2|scene_3.2_y02_hull_dense_y02_17p64|2556|31,scene_3.2|scene_3.2_y01_hull_dense_y01_14p63|466|22,6add12284ffe7b7ca3c8e00c235eca6129bcf6c7,9c0703ace937e11ad51f73ded880ca78b93b500e
scene_3_2_terminalgain_globalmax_interp_0978,family_01,978,6.541645,6.735721,0.194076,30,2,28,2.9,3.016097,3.008362,1.002571,0.194352,1.94352,2.057734,0.129497,0.017287,0.750634,0.0,scene_3.2|scene_3.2_y02_hull_dense_y02_17p64|2556|31,scene_3.2|scene_3.2_y01_hull_dense_y01_14p63|466|22,841cd835f7ec4de35171c117f1e7173e0a00397f,8e31e37ffffc6d1b6c8b8db5d9d55eb8d4376e2e
scene_3_2_terminalgain_globalmax_interp_0979,family_01,979,6.541645,6.735721,0.194076,30,2,28,2.9,3.025423,3.008362,1.005671,0.194352,1.94352,2.058601,0.011285,0.032992,1.116674,0.0,scene_3.2|scene_3.2_y02_hull_dense_y02_17p64|2556|31,scene_3.2|scene_3.2_y01_hull_dense_y01_14p63|466|22,8ff5c9dd0ae7dab91c880413e2e9c3b6f60d2904,7652d20ea785f4981c478323f496668c86a12146
scene_3_2_terminalgain_globalmax_interp_0980,family_01,980,6.541645,6.735721,0.194076,30,2,28,2.9,3.046376,3.008362,1.012636,0.194352,1.94352,2.06092,0.152067,0.083272,1.673273,0.0,scene_3.2|scene_3.2_y02_hull_dense_y02_17p64|2556|31,scene_3.2|scene_3.2_y01_hull_dense_y01_14p63|466|22,6c2ecd2fe2070a74b50db0dce04ca20c604fc6fc,638f3ce8d123f761779141773dee361abfa56846
scene_3_2_terminalgain_globalmax_interp_0981,family_01,981,6.541645,6.735721,0.194076,30,2,28,2.9,3.042149,3.008362,1.011231,0.194352,1.94352,2.060381,0.292848,0.133551,1.576067,0.0,scene_3.2|scene_3.2_y02_hull_dense_y02_17p64|2556|31,scene_3.2|scene_3.2_y01_hull_dense_y01_14p63|466|22,9acf9d54fc228e8b1f4ee7450c6aa25d11a2dfed,9f3a3a130d8d68afb79f245a163f29c2b6cd520c
scene_3_2_terminalgain_globalmax_interp_0982,family_01,982,6.541645,6.735721,0.194076,30,2,28,2.9,3.011025,3.008362,1.000885,0.194352,1.94352,2.057303,0.242122,0.160942,0.440125,0.0,scene_3.2|scene_3.2_y02_hull_dense_y02_17p64|2556|31,scene_3.2|scene_3.2_y01_hull_dense_y01_14p63|466|22,15b3236e95410ae7d7f407e0053e0a3ce7330360,c5992fc1f7a664a34ae50ad8bc525ad146744502
scene_3_2_terminalgain_globalmax_interp_0983,family_01,983,6.541645,6.735721,0.194076,30,2,28,2.9,3.039909,3.008362,1.010486,0.194352,1.94352,2.060122,0.10134,0.110663,1.522573,0.0,scene_3.2|scene_3.2_y02_hull_dense_y02_17p64|2556|31,scene_3.2|scene_3.2_y01_hull_dense_y01_14p63|466|22,623601aa599f74ec9677a02d7eeb4d5ef11a15a3,113e02dd3ab6b3ee490550aea0cb699165abc1af
scene_3_2_terminalgain_globalmax_interp_0984,family_01,984,6.541645,6.735721,0.194076,30,2,28,2.9,3.048725,3.008362,1.013417,0.194352,1.94352,2.061211,0.039441,0.060383,1.725146,0.0,scene_3.2|scene_3.2_y02_hull_dense_y02_17p64|2556|31,scene_3.2|scene_3.2_y01_hull_dense_y01_14p63|466|22,4b09aed14e8d07bdcf8e4e7b71ccab71789104d2,647925cb3387ca0494613c7c282cc36665852826
scene_3_2_terminalgain_globalmax_interp_0985,family_01,985,6.541645,6.735721,0.194076,30,2,28,2.9,3.00893,3.008362,1.000189,0.194352,1.94352,2.057141,0.180223,0.010104,0.203236,0.0,scene_3.2|scene_3.2_y02_hull_dense_y02_17p64|2556|31,scene_3.2|scene_3.2_y01_hull_dense_y01_14p63|466|22,d7725f32193203a5351a141c6a1c060a90044ae5,9983a49502d8a683bb313e0709c331bb6bda4839
scene_3_2_terminalgain_globalmax_interp_0986,family_01,986,6.541645,6.735721,0.194076,30,2,28,2.9,3.024334,3.008362,1.005309,0.194352,1.94352,2.058487,0.321005,0.040175,1.080158,0.0,scene_3.2|scene_3.2_y02_hull_dense_y02_17p64|2556|31,scene_3.2|scene_3.2_y01_hull_dense_y01_14p63|466|22,d1cd9040abca15c2cf2bcbb6c9466751b2b4fea5,389031d860a78aa2bd0ee000fc180a7842dfe06b
scene_3_2_terminalgain_globalmax_interp_0987,family_01,987,6.541645,6.735721,0.194076,30,2,28,2.9,3.028307,3.008362,1.00663,0.194352,1.94352,2.058898,0.213965,0.090454,1.207702,0.0,scene_3.2|scene_3.2_y02_hull_dense_y02_17p64|2556|31,scene_3.2|scene_3.2_y01_hull_dense_y01_14p63|466|22,1efd980986e7dbce718f44f5ad1011ec815dbd0b,feedf55b4fab6bd62dfab60d6b12380b49f7cb32
scene_3_2_terminalgain_globalmax_interp_0988,family_01,988,6.541645,6.735721,0.194076,30,2,28,2.9,3.021593,3.008362,1.004398,0.194352,1.94352,2.058214,0.073184,0.140734,0.98265,0.0,scene_3.2|scene_3.2_y02_hull_dense_y02_17p64|2556|31,scene_3.2|scene_3.2_y01_hull_dense_y01_14p63|466|22,04311899d784fd875ec7f5ba7ec8dab84c78df4f,9d176024d5f56c9c6fdc20e0345d78d5e8325273
scene_3_2_terminalgain_globalmax_interp_0989,family_01,989,6.541645,6.735721,0.194076,30,2,28,2.9,3.033943,3.008362,1.008503,0.194352,1.94352,2.059464,0.067598,0.153759,1.369744,0.0,scene_3.2|scene_3.2_y02_hull_dense_y02_17p64|2556|31,scene_3.2|scene_3.2_y01_hull_dense_y01_14p63|466|22,4fab9febe368af74dd36e8d046a79747bcc09e1b,14550b674b93456a1770a4d8a5649a921d10132b
scene_3_2_terminalgain_globalmax_interp_0990,family_01,990,6.541645,6.735721,0.194076,30,2,28,2.9,3.03277,3.008362,1.008113,0.194352,1.94352,2.059319,0.20838,0.10348,1.337305,0.0,scene_3.2|scene_3.2_y02_hull_dense_y02_17p64|2556|31,scene_3.2|scene_3.2_y01_hull_dense_y01_14p63|466|22,20bcf8849290bc8bf75669b7bdeec62b3ac72d10,b4c3de90480e271526c4342172b5c328b3e0b04e
scene_3_2_terminalgain_globalmax_interp_0991,family_01,991,6.541645,6.735721,0.194076,30,2,28,2.9,3.033269,3.008362,1.008279,0.194352,1.94352,2.059417,0.349161,0.053201,1.351258,0.0,scene_3.2|scene_3.2_y02_hull_dense_y02_17p64|2556|31,scene_3.2|scene_3.2_y01_hull_dense_y01_14p63|466|22,8f50e702fd6f79a0d6b9598795a2afecf99ffb27,43a39d607130c9772476d5dcbac9b6ae1365ddc7
scene_3_2_terminalgain_globalmax_interp_0992,family_01,992,6.541645,6.735721,0.194076,30,2,28,2.9,3.032636,3.008362,1.008069,0.194352,1.94352,2.059325,0.34799,0.002921,1.333825,0.0,scene_3.2|scene_3.2_y02_hull_dense_y02_17p64|2556|31,scene_3.2|scene_3.2_y01_hull_dense_y01_14p63|466|22,e42377638793be6eabdbde304df6ae909c51557a,d250d94ba45f43e8e3b0801465e40c0553322312
scene_3_2_terminalgain_globalmax_interp_0993,family_01,993,6.541645,6.735721,0.194076,30,2,28,2.9,3.023579,3.008362,1.005058,0.194352,1.94352,2.058419,0.207208,0.047358,1.054328,0.0,scene_3.2|scene_3.2_y02_hull_dense_y02_17p64|2556|31,scene_3.2|scene_3.2_y01_hull_dense_y01_14p63|466|22,019c65a04be15f46fdc070a7830a0dba08173c44,43fd2737ce1c57ea2bc8bae32618fad233e46fbf
scene_3_2_terminalgain_globalmax_interp_0994,family_01,994,6.541645,6.735721,0.194076,30,2,28,2.9,3.010413,3.008362,1.000682,0.194352,1.94352,2.057258,0.066426,0.097637,0.386416,0.0,scene_3.2|scene_3.2_y02_hull_dense_y02_17p64|2556|31,scene_3.2|scene_3.2_y01_hull_dense_y01_14p63|466|22,fbc524441c480ef0f681ce31c40f6a397c21b2aa,ea1ee45220b74001a382e0f443e1255701c18c4a
scene_3_2_terminalgain_globalmax_interp_0995,family_01,995,6.541645,6.735721,0.194076,30,2,28,2.9,3.039927,3.008362,1.010492,0.194352,1.94352,2.060154,0.074356,0.147916,1.522814,0.0,scene_3.2|scene_3.2_y02_hull_dense_y02_17p64|2556|31,scene_3.2|scene_3.2_y01_hull_dense_y01_14p63|466|22,2a797e22b5ad4eb20accd1fb8e46add859cdd49b,b4c691c695512bb9c02cbef2bc63fcd3c67dbe36
scene_3_2_terminalgain_globalmax_interp_0996,family_01,996,6.541645,6.735721,0.194076,30,2,28,2.9,3.022158,3.008362,1.004586,0.194352,1.94352,2.058289,0.215137,0.146576,1.003717,0.0,scene_3.2|scene_3.2_y02_hull_dense_y02_17p64|2556|31,scene_3.2|scene_3.2_y01_hull_dense_y01_14p63|466|22,a468396a2d614ca4a329fd7072f28e3d0755b42c,36adb5c1215066ea721301b7794da97f6568fa62
scene_3_2_terminalgain_globalmax_interp_0997,family_01,997,6.541645,6.735721,0.194076,30,2,28,2.9,3.017759,3.008362,1.003124,0.194352,1.94352,2.057863,0.319834,0.096297,0.827743,0.0,scene_3.2|scene_3.2_y02_hull_dense_y02_17p64|2556|31,scene_3.2|scene_3.2_y01_hull_dense_y01_14p63|466|22,a4016638c4daf88252d68bf45f6374aedd6a76e4,99749ce81988978737bc7bf600ce3f9134104f62
scene_3_2_terminalgain_globalmax_interp_0998,family_01,998,6.541645,6.735721,0.194076,30,2,28,2.9,3.033679,3.008362,1.008416,0.194352,1.94352,2.059443,0.179052,0.046018,1.362308,0.0,scene_3.2|scene_3.2_y02_hull_dense_y02_17p64|2556|31,scene_3.2|scene_3.2_y01_hull_dense_y01_14p63|466|22,bb144c96244059de1bdb6e3560d510cf46322662,6d85374546189eb063f32b48fccbcd910cb79656
scene_3_2_terminalgain_globalmax_interp_0999,family_01,999,6.541645,6.735721,0.194076,30,2,28,2.9,3.058688,3.008362,1.016728,0.194352,1.94352,2.062479,0.038271,0.004261,1.929436,0.0,scene_3.2|scene_3.2_y02_hull_dense_y02_17p64|2556|31,scene_3.2|scene_3.2_y01_hull_dense_y01_14p63|466|22,079b2326eaa1db09f57173f0a7b4db79e02efa35,9645257ebd76e6d0b0fe5660a4312f842643ec97
scene_3_2_terminalgain_globalmax_interp_1000,family_01,1000,6.541645,6.735721,0.194076,30,2,28,2.9,3.039579,3.008362,1.010377,0.194352,1.94352,2.060096,0.102511,0.054541,1.514663,0.0,scene_3.2|scene_3.2_y02_hull_dense_y02_17p64|2556|31,scene_3.2|scene_3.2_y01_hull_dense_y01_14p63|466|22,fd5afbcca5d7f33a56d8c5162bfaad7f607a6928,343d1f51abd8d111af9a42acb8e3f74b8bf9316d
