trajectory_id,family_id,variant_index,start_score,end_score,terminal_gain,keyframe_count,real_control_point_count,interpolated_keyframe_count,duration_sec,path_xyz_length,net_xyz_distance,path_to_net_ratio,max_xyz_step,max_speed_mps,max_abs_tangential_acceleration_mps2,max_yaw_step_deg,max_pitch_step_deg,max_sampled_turn_deg,target_distance_total_increase,start_anchor_node_id,target_anchor_node_id,physical_curve_signature_1cm,pose_curve_signature_exact
scene_1_1_terminalgain_globalmax_interp_0001,family_01,1,6.924417,7.127104,0.202687,24,2,22,2.3,1.27,1.27,1.0,0.103402,1.03402,1.3775,0.0,0.0,0.0,0.0,scene_1|scene_1.1_y03_medium_dense_y03_3p13|4976|17,scene_1|scene_1.1_y02_medium_dense_y02_1p86|2666|17,7cce92887a42beaccbc37ff98b7d331a9dce4349,7b63fdc05959ad1327f51e5ed8f9e213b0e01c95
scene_1_1_terminalgain_globalmax_interp_0002,family_01,2,6.924417,7.127104,0.202687,24,2,22,2.3,1.273263,1.27,1.002569,0.103402,1.03402,1.377037,0.3036,0.169903,0.94601,0.0,scene_1|scene_1.1_y03_medium_dense_y03_3p13|4976|17,scene_1|scene_1.1_y02_medium_dense_y02_1p86|2666|17,eef2b57a8dfcd9949beb091cc26e7284142debd1,e990ab66c8b323213fa1c6e9cd35833e6fecfc72
scene_1_1_terminalgain_globalmax_interp_0003,family_01,3,6.924417,7.127104,0.202687,24,2,22,2.3,1.288676,1.27,1.014705,0.103402,1.03402,1.375488,0.374015,0.203113,2.277605,0.0,scene_1|scene_1.1_y03_medium_dense_y03_3p13|4976|17,scene_1|scene_1.1_y02_medium_dense_y02_1p86|2666|17,81e0dfbe8d27dae181fa9ddfc84ccc2c8fb516cb,e8af7a4969b8808748048b4bc96b2bc3e8be21b4
scene_1_1_terminalgain_globalmax_interp_0004,family_01,4,6.924417,7.127104,0.202687,24,2,22,2.3,1.313091,1.27,1.03393,0.103402,1.03402,1.388115,0.195695,0.139427,3.493656,0.0,scene_1|scene_1.1_y03_medium_dense_y03_3p13|4976|17,scene_1|scene_1.1_y02_medium_dense_y02_1p86|2666|17,3060b2e5497cbaece39c04957bf8e8cc98f5d239,d5957c47b6dbf0e7ac2497f0db4695ff25018679
scene_1_1_terminalgain_globalmax_interp_0005,family_01,5,6.924417,7.127104,0.202687,24,2,22,2.3,1.286446,1.27,1.012949,0.103402,1.03402,1.375681,0.017376,0.075741,2.135444,0.0,scene_1|scene_1.1_y03_medium_dense_y03_3p13|4976|17,scene_1|scene_1.1_y02_medium_dense_y02_1p86|2666|17,1db28ff2d46de68d95b65381d38642a03fb3ea67,643ad7e188a76a40bdb7f8c1a95a18131833961e
scene_1_1_terminalgain_globalmax_interp_0006,family_01,6,6.924417,7.127104,0.202687,24,2,22,2.3,1.308023,1.27,1.029939,0.103402,1.03402,1.382264,0.160944,0.012056,3.275364,0.0,scene_1|scene_1.1_y03_medium_dense_y03_3p13|4976|17,scene_1|scene_1.1_y02_medium_dense_y02_1p86|2666|17,afb22e3285391467d55a0fce99d9c509f125d8a3,60109ca041b62197fa8dc759fe7994655bd0df97
scene_1_1_terminalgain_globalmax_interp_0007,family_01,7,6.924417,7.127104,0.202687,24,2,22,2.3,1.277639,1.27,1.006015,0.103402,1.03402,1.376502,0.339264,0.05163,1.449858,0.0,scene_1|scene_1.1_y03_medium_dense_y03_3p13|4976|17,scene_1|scene_1.1_y02_medium_dense_y02_1p86|2666|17,137cbfb3d2e894a3c728fd90e6f3d7f14bc9a404,ce99236f7f738a3b17d130321e172261158ec4eb
scene_1_1_terminalgain_globalmax_interp_0008,family_01,8,6.924417,7.127104,0.202687,24,2,22,2.3,1.319813,1.27,1.039223,0.103402,1.03402,1.396156,0.33835,0.115316,3.766575,0.0,scene_1|scene_1.1_y03_medium_dense_y03_3p13|4976|17,scene_1|scene_1.1_y02_medium_dense_y02_1p86|2666|17,9cf7ab5f0ff93cf9925c361008877393f597b80a,7e654473742d2ae66c23edf8dbec61be5f19fd16
scene_1_1_terminalgain_globalmax_interp_0009,family_01,9,6.924417,7.127104,0.202687,24,2,22,2.3,1.3609,1.27,1.071575,0.103402,1.03402,1.447188,0.160031,0.179001,5.165761,0.0,scene_1|scene_1.1_y03_medium_dense_y03_3p13|4976|17,scene_1|scene_1.1_y02_medium_dense_y02_1p86|2666|17,b465266da36c8df747d8fac6c5d7291afcc16804,e6263ecd722df2e4273f7eba74913ecdae513e28
scene_1_1_terminalgain_globalmax_interp_0010,family_01,10,6.924417,7.127104,0.202687,24,2,22,2.3,1.31567,1.27,1.03596,0.103402,1.03402,1.391198,0.018289,0.194014,3.600388,0.0,scene_1|scene_1.1_y03_medium_dense_y03_3p13|4976|17,scene_1|scene_1.1_y02_medium_dense_y02_1p86|2666|17,6517276ecdcef26fccff7f3e8b80628b22afb79b,92ee3b18c3bcbc7616dd1ab84ff0fe45bc950e5f
scene_1_1_terminalgain_globalmax_interp_0011,family_01,11,6.924417,7.127104,0.202687,24,2,22,2.3,1.285241,1.27,1.012001,0.103402,1.03402,1.375723,0.196608,0.130329,2.054654,0.0,scene_1|scene_1.1_y03_medium_dense_y03_3p13|4976|17,scene_1|scene_1.1_y02_medium_dense_y02_1p86|2666|17,b611a4da7ccc04372b642733170501653ac566ab,1fe732956a1c40efc22eba1bd36f40f40fedf7d5
scene_1_1_terminalgain_globalmax_interp_0012,family_01,12,6.924417,7.127104,0.202687,24,2,22,2.3,1.293034,1.27,1.018137,0.103402,1.03402,1.375224,0.374928,0.066643,2.53415,0.0,scene_1|scene_1.1_y03_medium_dense_y03_3p13|4976|17,scene_1|scene_1.1_y02_medium_dense_y02_1p86|2666|17,54a02fe2ada369e66fc5353a858ca126ad1f76b2,381cc914d465bde831541e4b6767857c81a59d01
scene_1_1_terminalgain_globalmax_interp_0013,family_01,13,6.924417,7.127104,0.202687,24,2,22,2.3,1.322296,1.27,1.041178,0.103402,1.03402,1.399098,0.302687,0.002958,3.862463,0.0,scene_1|scene_1.1_y03_medium_dense_y03_3p13|4976|17,scene_1|scene_1.1_y02_medium_dense_y02_1p86|2666|17,f0f99630e71ce7e058538ca70265ee55107c3d56,d160958f5b84088d7aaa6eacc3cd83cd89261edb
scene_1_1_terminalgain_globalmax_interp_0014,family_01,14,6.924417,7.127104,0.202687,24,2,22,2.3,1.274566,1.27,1.003596,0.103402,1.03402,1.376871,0.124367,0.060728,1.119537,0.0,scene_1|scene_1.1_y03_medium_dense_y03_3p13|4976|17,scene_1|scene_1.1_y02_medium_dense_y02_1p86|2666|17,91667dee5b378ccb9c2395cd5cb17f741ecce977,0ca616698965ae5dc8a513d21ad1939a8b603c70
scene_1_1_terminalgain_globalmax_interp_0015,family_01,15,6.924417,7.127104,0.202687,24,2,22,2.3,1.291892,1.27,1.017238,0.103402,1.03402,1.375285,0.053952,0.124414,2.46899,0.0,scene_1|scene_1.1_y03_medium_dense_y03_3p13|4976|17,scene_1|scene_1.1_y02_medium_dense_y02_1p86|2666|17,88820e5f7a4cc87c112cb615d9a73517176628a9,d4f2bb32453ef81a298a71d474c96c540d4f4764
scene_1_1_terminalgain_globalmax_interp_0016,family_01,16,6.924417,7.127104,0.202687,24,2,22,2.3,1.314604,1.27,1.035121,0.103402,1.03402,1.389957,0.232272,0.188099,3.556248,0.0,scene_1|scene_1.1_y03_medium_dense_y03_3p13|4976|17,scene_1|scene_1.1_y02_medium_dense_y02_1p86|2666|17,16a02b7a2ed55899ac5f306344d10097808902eb,03c8fe6515225c4f90cda4640667ce76eb437909
scene_1_1_terminalgain_globalmax_interp_0017,family_01,17,6.924417,7.127104,0.202687,24,2,22,2.3,1.30753,1.27,1.029552,0.103402,1.03402,1.381713,0.410592,0.184916,3.25346,0.0,scene_1|scene_1.1_y03_medium_dense_y03_3p13|4976|17,scene_1|scene_1.1_y02_medium_dense_y02_1p86|2666|17,366b94ac9001c4b9bee4c73c408ee51c18361749,11d659360deb54d11a39d9173ee852eb3f73f125
scene_1_1_terminalgain_globalmax_interp_0018,family_01,18,6.924417,7.127104,0.202687,24,2,22,2.3,1.307227,1.27,1.029313,0.103402,1.03402,1.38135,0.43821,0.121231,3.239411,0.0,scene_1|scene_1.1_y03_medium_dense_y03_3p13|4976|17,scene_1|scene_1.1_y02_medium_dense_y02_1p86|2666|17,6165fbb5d2338b115f6d355adeb4bf9893578b5a,2736acd39426b805244aec76ffb2a4cb5d9d3692
scene_1_1_terminalgain_globalmax_interp_0019,family_01,19,6.924417,7.127104,0.202687,24,2,22,2.3,1.314566,1.27,1.035091,0.103402,1.03402,1.389948,0.25989,0.057545,3.554877,0.0,scene_1|scene_1.1_y03_medium_dense_y03_3p13|4976|17,scene_1|scene_1.1_y02_medium_dense_y02_1p86|2666|17,6975e30585be9adef1f734a07745ed6df3024f53,fc6e733b3dee7f4f06b48dbeeb8357e93c207048
scene_1_1_terminalgain_globalmax_interp_0020,family_01,20,6.924417,7.127104,0.202687,24,2,22,2.3,1.295061,1.27,1.019733,0.103402,1.03402,1.375124,0.081571,0.006141,2.645593,0.0,scene_1|scene_1.1_y03_medium_dense_y03_3p13|4976|17,scene_1|scene_1.1_y02_medium_dense_y02_1p86|2666|17,dfd0e5073e53c09d704e39f216d6eeb768da0056,69126b6fb1e9003e3cb9096a3fb48d31bc45c055
scene_1_1_terminalgain_globalmax_interp_0021,family_01,21,6.924417,7.127104,0.202687,24,2,22,2.3,1.299033,1.27,1.02286,0.103402,1.03402,1.375059,0.096749,0.069826,2.851827,0.0,scene_1|scene_1.1_y03_medium_dense_y03_3p13|4976|17,scene_1|scene_1.1_y02_medium_dense_y02_1p86|2666|17,fa995f1b27b41c750dbf80fa3e0a61fc864990db,0351ded432b0acfbc83fc12d519bedef04ce1ce7
scene_1_1_terminalgain_globalmax_interp_0022,family_01,22,6.924417,7.127104,0.202687,24,2,22,2.3,1.300589,1.27,1.024086,0.103402,1.03402,1.374966,0.275069,0.133512,2.928608,0.0,scene_1|scene_1.1_y03_medium_dense_y03_3p13|4976|17,scene_1|scene_1.1_y02_medium_dense_y02_1p86|2666|17,83dd97f0e821b1ad37ffd14cadb0712a7b63e4ac,7c57e8fa6c03936bae57f6f24bc0809a14b7bd00
scene_1_1_terminalgain_globalmax_interp_0023,family_01,23,6.924417,7.127104,0.202687,24,2,22,2.3,1.270421,1.27,1.000331,0.103402,1.03402,1.377434,0.402545,0.197197,0.339303,0.0,scene_1|scene_1.1_y03_medium_dense_y03_3p13|4976|17,scene_1|scene_1.1_y02_medium_dense_y02_1p86|2666|17,08436af4374030f20719b218d759e783091b2a13,0754d5e8688c5d83c58bbbe38811f3afcd8afb76
scene_1_1_terminalgain_globalmax_interp_0024,family_01,24,6.924417,7.127104,0.202687,24,2,22,2.3,1.335673,1.27,1.051711,0.103402,1.03402,1.415386,0.224226,0.175818,4.350029,0.0,scene_1|scene_1.1_y03_medium_dense_y03_3p13|4976|17,scene_1|scene_1.1_y02_medium_dense_y02_1p86|2666|17,c9df41c2dcffacc5f12e4f8c265a39c4081cf973,cea21cb96f1909e4e074c442a92d3dc23a3d3599
scene_1_1_terminalgain_globalmax_interp_0025,family_01,25,6.924417,7.127104,0.202687,24,2,22,2.3,1.320452,1.27,1.039726,0.103402,1.03402,1.396851,0.045907,0.112133,3.791149,0.0,scene_1|scene_1.1_y03_medium_dense_y03_3p13|4976|17,scene_1|scene_1.1_y02_medium_dense_y02_1p86|2666|17,66e57bd4e106f73638dd0b0296cc023d62e12f72,1f05501bafc4c0b612b39b5006ac24ccbbeea6b1
scene_1_1_terminalgain_globalmax_interp_0026,family_01,26,6.924417,7.127104,0.202687,24,2,22,2.3,1.273632,1.27,1.00286,0.103402,1.03402,1.376985,0.132413,0.048447,0.997792,0.0,scene_1|scene_1.1_y03_medium_dense_y03_3p13|4976|17,scene_1|scene_1.1_y02_medium_dense_y02_1p86|2666|17,42f546e3e13a0dd1c9134ac7a2f8ba9c9ed0fef8,ccc6266dd33f3dadd25f2e3cf7a0dc36fbd9b665
scene_1_1_terminalgain_globalmax_interp_0027,family_01,27,6.924417,7.127104,0.202687,24,2,22,2.3,1.320177,1.27,1.039509,0.103402,1.03402,1.396592,0.310732,0.015239,3.780296,0.0,scene_1|scene_1.1_y03_medium_dense_y03_3p13|4976|17,scene_1|scene_1.1_y02_medium_dense_y02_1p86|2666|17,ec2949588896edda73b01e53d84a4fe203a66648,bf692a1695464e952b184a397140770cf7747e5b
scene_1_1_terminalgain_globalmax_interp_0028,family_01,28,6.924417,7.127104,0.202687,24,2,22,2.3,1.320664,1.27,1.039893,0.103402,1.03402,1.397121,0.366882,0.078924,3.799719,0.0,scene_1|scene_1.1_y03_medium_dense_y03_3p13|4976|17,scene_1|scene_1.1_y02_medium_dense_y02_1p86|2666|17,477049dfdc43f0b1fd74a6ee10db0d3c41ddfec2,c3bbf5ead2dca88a617e7e4182b63288e26ce082
scene_1_1_terminalgain_globalmax_interp_0029,family_01,29,6.924417,7.127104,0.202687,24,2,22,2.3,1.292872,1.27,1.018009,0.103402,1.03402,1.375253,0.188562,0.14261,2.524939,0.0,scene_1|scene_1.1_y03_medium_dense_y03_3p13|4976|17,scene_1|scene_1.1_y02_medium_dense_y02_1p86|2666|17,b7d4e039d57c6e67359b4fb7668d1735bf3f1b8d,63603133946ed9ca04f0f648a2c4bb424c09e59c
scene_1_1_terminalgain_globalmax_interp_0030,family_01,30,6.924417,7.127104,0.202687,24,2,22,2.3,1.291533,1.27,1.016955,0.103402,1.03402,1.375321,0.010243,0.206295,2.448164,0.0,scene_1|scene_1.1_y03_medium_dense_y03_3p13|4976|17,scene_1|scene_1.1_y02_medium_dense_y02_1p86|2666|17,38fd707aa0b7e8960388bc255e501b4bbd7367a2,075e62d76b7987ba9e9005677014bcb166e4d829
scene_1_1_terminalgain_globalmax_interp_0031,family_01,31,6.924417,7.127104,0.202687,24,2,22,2.3,1.288398,1.27,1.014486,0.103402,1.03402,1.375514,0.168077,0.16672,2.260242,0.0,scene_1|scene_1.1_y03_medium_dense_y03_3p13|4976|17,scene_1|scene_1.1_y02_medium_dense_y02_1p86|2666|17,6b353ba57dad623b7ec1cb0610f113982c8fbada,9f0978475f25cf43f291e9d45ed13a1350460da4
scene_1_1_terminalgain_globalmax_interp_0032,family_01,32,6.924417,7.127104,0.202687,24,2,22,2.3,1.30774,1.27,1.029716,0.103402,1.03402,1.381941,0.346397,0.103035,3.262519,0.0,scene_1|scene_1.1_y03_medium_dense_y03_3p13|4976|17,scene_1|scene_1.1_y02_medium_dense_y02_1p86|2666|17,5d37d35b075d986877fbf212afa00a3da1cb4ebe,40764209def522b015ebd265bb66cb1956e0c851
scene_1_1_terminalgain_globalmax_interp_0033,family_01,33,6.924417,7.127104,0.202687,24,2,22,2.3,1.329557,1.27,1.046895,0.103402,1.03402,1.407829,0.331218,0.039349,4.133331,0.0,scene_1|scene_1.1_y03_medium_dense_y03_3p13|4976|17,scene_1|scene_1.1_y02_medium_dense_y02_1p86|2666|17,703c28541e18b910a915c395f9c82d76a89d5b87,590ab8c22550ed63f54acb210e7a0b6b717c679f
scene_1_1_terminalgain_globalmax_interp_0034,family_01,34,6.924417,7.127104,0.202687,24,2,22,2.3,1.279208,1.27,1.00725,0.103402,1.03402,1.376337,0.152899,0.024337,1.592579,0.0,scene_1|scene_1.1_y03_medium_dense_y03_3p13|4976|17,scene_1|scene_1.1_y02_medium_dense_y02_1p86|2666|17,5534b4866e191d895b22c5338e7e8571c881f637,4727630231c966e54426d9bab4a78012cbd84135
scene_1_1_terminalgain_globalmax_interp_0035,family_01,35,6.924417,7.127104,0.202687,24,2,22,2.3,1.279231,1.27,1.007269,0.103402,1.03402,1.376299,0.025421,0.088021,1.594693,0.0,scene_1|scene_1.1_y03_medium_dense_y03_3p13|4976|17,scene_1|scene_1.1_y02_medium_dense_y02_1p86|2666|17,f68556ee83c4dc64ef3521f10d0e1c2f8d9fa6be,e7d3889e2bf0e7b9d0a20e5fef7f92cf52ecc863
scene_1_1_terminalgain_globalmax_interp_0036,family_01,36,6.924417,7.127104,0.202687,24,2,22,2.3,1.344552,1.27,1.058702,0.103402,1.03402,1.426469,0.203741,0.151707,4.650392,0.0,scene_1|scene_1.1_y03_medium_dense_y03_3p13|4976|17,scene_1|scene_1.1_y02_medium_dense_y02_1p86|2666|17,047aa209cc60ba6687e2ab237a2798521870802b,a2331d15edc688014530b2c628fd55d33635dc48
scene_1_1_terminalgain_globalmax_interp_0037,family_01,37,6.924417,7.127104,0.202687,24,2,22,2.3,1.332833,1.27,1.049475,0.103402,1.03402,1.411852,0.38206,0.215393,4.25077,0.0,scene_1|scene_1.1_y03_medium_dense_y03_3p13|4976|17,scene_1|scene_1.1_y02_medium_dense_y02_1p86|2666|17,d3343d583d4283202f662cea4733d8519f7c0dfa,211b071cf503becee9eb96854caaa68969f83c08
scene_1_1_terminalgain_globalmax_interp_0038,family_01,38,6.924417,7.127104,0.202687,24,2,22,2.3,1.287184,1.27,1.013531,0.103402,1.03402,1.375605,0.295554,0.220008,2.184005,0.0,scene_1|scene_1.1_y03_medium_dense_y03_3p13|4976|17,scene_1|scene_1.1_y02_medium_dense_y02_1p86|2666|17,d3b7477dd1cc88af36e74330a213f456e35041f0,83805f2b2d994257ef721ab11d989deae2597f7f
scene_1_1_terminalgain_globalmax_interp_0039,family_01,39,6.924417,7.127104,0.202687,24,2,22,2.3,1.276458,1.27,1.005085,0.103402,1.03402,1.376635,0.117234,0.156323,1.332369,0.0,scene_1|scene_1.1_y03_medium_dense_y03_3p13|4976|17,scene_1|scene_1.1_y02_medium_dense_y02_1p86|2666|17,a03caa845cb271f909572aeaafb171098714a61e,5609fcc200542d35ae0299db5a36a8d82584c768
scene_1_1_terminalgain_globalmax_interp_0040,family_01,40,6.924417,7.127104,0.202687,24,2,22,2.3,1.346558,1.27,1.060282,0.103402,1.03402,1.428984,0.061085,0.092637,4.716042,0.0,scene_1|scene_1.1_y03_medium_dense_y03_3p13|4976|17,scene_1|scene_1.1_y02_medium_dense_y02_1p86|2666|17,dc94be0d15decfda7db0fb628452e2e1a9283f56,71e21122d825a3af687a06c4c6a5afae950ed78a
scene_1_1_terminalgain_globalmax_interp_0041,family_01,41,6.924417,7.127104,0.202687,24,2,22,2.3,1.319226,1.27,1.038761,0.103402,1.03402,1.395392,0.239405,0.028951,3.743112,0.0,scene_1|scene_1.1_y03_medium_dense_y03_3p13|4976|17,scene_1|scene_1.1_y02_medium_dense_y02_1p86|2666|17,d2473e9d7615cedc7a2d2c97ec73197089e810cb,ef622f069d684e38735dfe1f9540958548a322f1
scene_1_1_terminalgain_globalmax_interp_0042,family_01,42,6.924417,7.127104,0.202687,24,2,22,2.3,1.287106,1.27,1.013469,0.103402,1.03402,1.375634,0.417725,0.034734,2.17839,0.0,scene_1|scene_1.1_y03_medium_dense_y03_3p13|4976|17,scene_1|scene_1.1_y02_medium_dense_y02_1p86|2666|17,54dca232e4318b3665d7e305a4189c6caf6cb8ae,3b29194a93da46022f440ee850355fc9ef98eac0
scene_1_1_terminalgain_globalmax_interp_0043,family_01,43,6.924417,7.127104,0.202687,24,2,22,2.3,1.297046,1.27,1.021296,0.103402,1.03402,1.375059,0.431077,0.09842,2.750383,0.0,scene_1|scene_1.1_y03_medium_dense_y03_3p13|4976|17,scene_1|scene_1.1_y02_medium_dense_y02_1p86|2666|17,976c763c924f13d6b39e5ee7f7f5d0a3557ee49c,e30d21e1bbcaa69a7b1cea9acd6fa8154202f4c8
scene_1_1_terminalgain_globalmax_interp_0044,family_01,44,6.924417,7.127104,0.202687,24,2,22,2.3,1.285186,1.27,1.011958,0.103402,1.03402,1.375797,0.252757,0.162106,2.050649,0.0,scene_1|scene_1.1_y03_medium_dense_y03_3p13|4976|17,scene_1|scene_1.1_y02_medium_dense_y02_1p86|2666|17,98b7dcab659a51f192eb87166839fe02a305ebec,8cc8ee826e31cefa9bfda500f35b7156cfda4c00
scene_1_1_terminalgain_globalmax_interp_0045,family_01,45,6.924417,7.127104,0.202687,24,2,22,2.3,1.328626,1.27,1.046162,0.103402,1.03402,1.406754,0.074437,0.21091,4.099315,0.0,scene_1|scene_1.1_y03_medium_dense_y03_3p13|4976|17,scene_1|scene_1.1_y02_medium_dense_y02_1p86|2666|17,f2850c8434498672b4c586596b652e4c83857e70,ad8c31c6712d83536c91b7ff589067f2900022c0
scene_1_1_terminalgain_globalmax_interp_0046,family_01,46,6.924417,7.127104,0.202687,24,2,22,2.3,1.31625,1.27,1.036418,0.103402,1.03402,1.3919,0.103882,0.147225,3.623792,0.0,scene_1|scene_1.1_y03_medium_dense_y03_3p13|4976|17,scene_1|scene_1.1_y02_medium_dense_y02_1p86|2666|17,bfbab0102e023e48e327afa58de45f42c0bb6907,52655e85f98624df9fd103ad2217ca7fc386ef9c
scene_1_1_terminalgain_globalmax_interp_0047,family_01,47,6.924417,7.127104,0.202687,24,2,22,2.3,1.275901,1.27,1.004646,0.103402,1.03402,1.376729,0.282202,0.083539,1.273567,0.0,scene_1|scene_1.1_y03_medium_dense_y03_3p13|4976|17,scene_1|scene_1.1_y02_medium_dense_y02_1p86|2666|17,dc0cd1fa3ca5d56934c46bfd2368ecb54c96bad5,8ea97ae55ab451e33b42b56b08186458f74ddb0a
scene_1_1_terminalgain_globalmax_interp_0048,family_01,48,6.924417,7.127104,0.202687,24,2,22,2.3,1.30988,1.27,1.031402,0.103402,1.03402,1.384442,0.395413,0.019853,3.356684,0.0,scene_1|scene_1.1_y03_medium_dense_y03_3p13|4976|17,scene_1|scene_1.1_y02_medium_dense_y02_1p86|2666|17,f552a92f898aaf8ae26d815f5f354dbd4cbd200a,be41d27bf9b43d9789004c7671fe2400b4cdf3f7
scene_1_1_terminalgain_globalmax_interp_0049,family_01,49,6.924417,7.127104,0.202687,24,2,22,2.3,1.33071,1.27,1.047803,0.103402,1.03402,1.409319,0.217094,0.043832,4.175392,0.0,scene_1|scene_1.1_y03_medium_dense_y03_3p13|4976|17,scene_1|scene_1.1_y02_medium_dense_y02_1p86|2666|17,35b0ea92ce3e71fe62ff16748e01e478766244cf,67b065b72d83d195ccff3fb94c66b68ed241f16e
scene_1_1_terminalgain_globalmax_interp_0050,family_01,50,6.924417,7.127104,0.202687,24,2,22,2.3,1.271185,1.27,1.000933,0.103402,1.03402,1.377319,0.038774,0.107517,0.56941,0.0,scene_1|scene_1.1_y03_medium_dense_y03_3p13|4976|17,scene_1|scene_1.1_y02_medium_dense_y02_1p86|2666|17,7b7ee36077a9f8acc137eb38cc7927f1c89237e9,68a3712116e60d797c72d74177826f3b30c8be35
scene_1_1_terminalgain_globalmax_interp_0051,family_01,51,6.924417,7.127104,0.202687,24,2,22,2.3,1.298047,1.27,1.022084,0.103402,1.03402,1.375073,0.139546,0.171203,2.801641,0.0,scene_1|scene_1.1_y03_medium_dense_y03_3p13|4976|17,scene_1|scene_1.1_y02_medium_dense_y02_1p86|2666|17,5b265a86647f03fb237d134877bb5824ed6f3179,fb3d7ba051af46e79ea64a83f96aea342cc948f4
scene_1_1_terminalgain_globalmax_interp_0052,family_01,52,6.924417,7.127104,0.202687,24,2,22,2.3,1.302954,1.27,1.025948,0.103402,1.03402,1.376402,0.317865,0.201812,3.043156,0.0,scene_1|scene_1.1_y03_medium_dense_y03_3p13|4976|17,scene_1|scene_1.1_y02_medium_dense_y02_1p86|2666|17,e37df4595d003b1f27c9f7d54ffc1fc7fe4d3202,a1ebc8a2c8322c0454d99760da3a86e0e41e1dd9
scene_1_1_terminalgain_globalmax_interp_0053,family_01,53,6.924417,7.127104,0.202687,24,2,22,2.3,1.291067,1.27,1.016588,0.103402,1.03402,1.375366,0.359749,0.138126,2.421417,0.0,scene_1|scene_1.1_y03_medium_dense_y03_3p13|4976|17,scene_1|scene_1.1_y02_medium_dense_y02_1p86|2666|17,d7d94052cfe393033a4c8e42601d21296f317e7e,29eb119e83fcbf15d7e1cce06f6e9d126483cd21
scene_1_1_terminalgain_globalmax_interp_0054,family_01,54,6.924417,7.127104,0.202687,24,2,22,2.3,1.316524,1.27,1.036633,0.103402,1.03402,1.392195,0.181429,0.074441,3.63519,0.0,scene_1|scene_1.1_y03_medium_dense_y03_3p13|4976|17,scene_1|scene_1.1_y02_medium_dense_y02_1p86|2666|17,abe3285b6673a897e7caa17b0eab22ca81cebff2,81f07c58a69c5199d6b4dc1ff5f27c28f6699429
scene_1_1_terminalgain_globalmax_interp_0055,family_01,55,6.924417,7.127104,0.202687,24,2,22,2.3,1.306658,1.27,1.028864,0.103402,1.03402,1.380666,0.003109,0.010756,3.214782,0.0,scene_1|scene_1.1_y03_medium_dense_y03_3p13|4976|17,scene_1|scene_1.1_y02_medium_dense_y02_1p86|2666|17,80b25ae61d7152a0c14401cdc09617a5524943b9,277eedfe0e0a3d3408a6951110768c1d9f83d55c
scene_1_1_terminalgain_globalmax_interp_0056,family_01,56,6.924417,7.127104,0.202687,24,2,22,2.3,1.312822,1.27,1.033718,0.103402,1.03402,1.387811,0.17521,0.052929,3.482327,0.0,scene_1|scene_1.1_y03_medium_dense_y03_3p13|4976|17,scene_1|scene_1.1_y02_medium_dense_y02_1p86|2666|17,0ef5792843fdfe996413d32811c2782d61dd412d,17a5eaf7ee193a4dabf1b393a91df23cae728998
scene_1_1_terminalgain_globalmax_interp_0057,family_01,57,6.924417,7.127104,0.202687,24,2,22,2.3,1.325036,1.27,1.043335,0.103402,1.03402,1.402397,0.35353,0.116615,3.966516,0.0,scene_1|scene_1.1_y03_medium_dense_y03_3p13|4976|17,scene_1|scene_1.1_y02_medium_dense_y02_1p86|2666|17,02c0dfceae0dda712131228a8876962890c4bbad,e65880f526e5f7d397183b436621c66611f55e52
scene_1_1_terminalgain_globalmax_interp_0058,family_01,58,6.924417,7.127104,0.202687,24,2,22,2.3,1.29014,1.27,1.015858,0.103402,1.03402,1.375396,0.324085,0.180301,2.366955,0.0,scene_1|scene_1.1_y03_medium_dense_y03_3p13|4976|17,scene_1|scene_1.1_y02_medium_dense_y02_1p86|2666|17,8de123d631eb764aa8cc1b74c93ba3814d79c678,529184a37eeff345f4ec9c2e058944b2af0f8a24
scene_1_1_terminalgain_globalmax_interp_0059,family_01,59,6.924417,7.127104,0.202687,24,2,22,2.3,1.279238,1.27,1.007274,0.103402,1.03402,1.376339,0.145766,0.192714,1.59509,0.0,scene_1|scene_1.1_y03_medium_dense_y03_3p13|4976|17,scene_1|scene_1.1_y02_medium_dense_y02_1p86|2666|17,ad8580d5568ea92e3eefab2dc7b319e4adea095f,6412810811671208134d57230d1a38771cc7be62
scene_1_1_terminalgain_globalmax_interp_0060,family_01,60,6.924417,7.127104,0.202687,24,2,22,2.3,1.314025,1.27,1.034665,0.103402,1.03402,1.389282,0.032554,0.129029,3.532535,0.0,scene_1|scene_1.1_y03_medium_dense_y03_3p13|4976|17,scene_1|scene_1.1_y02_medium_dense_y02_1p86|2666|17,7c488a3662064287a986836f38db8c993c6c1a72,f85df1771f10173aa2e23cccec1b355cd010472c
scene_1_1_terminalgain_globalmax_interp_0061,family_01,61,6.924417,7.127104,0.202687,24,2,22,2.3,1.300895,1.27,1.024327,0.103402,1.03402,1.374948,0.210874,0.065344,2.944122,0.0,scene_1|scene_1.1_y03_medium_dense_y03_3p13|4976|17,scene_1|scene_1.1_y02_medium_dense_y02_1p86|2666|17,c2c152921ae9af81108936553629716030e85582,4d4bfa628864735ca8ef61eae5b3fe82f1732557
scene_1_1_terminalgain_globalmax_interp_0062,family_01,62,6.924417,7.127104,0.202687,24,2,22,2.3,1.2799,1.27,1.007795,0.103402,1.03402,1.376245,0.389193,0.001658,1.652641,0.0,scene_1|scene_1.1_y03_medium_dense_y03_3p13|4976|17,scene_1|scene_1.1_y02_medium_dense_y02_1p86|2666|17,a8e5f3341eaef4dcfb750afc977fed4dc4500ef3,c50e52885a3767762e05f259b5a1f3d60f101b03
scene_1_1_terminalgain_globalmax_interp_0063,family_01,63,6.924417,7.127104,0.202687,24,2,22,2.3,1.316673,1.27,1.036751,0.103402,1.03402,1.392404,0.288422,0.062028,3.640792,0.0,scene_1|scene_1.1_y03_medium_dense_y03_3p13|4976|17,scene_1|scene_1.1_y02_medium_dense_y02_1p86|2666|17,efc1ca07523a88c692d5062abfded189206834bb,0d46bc31244a68221625e1249dad69dfabe592c2
scene_1_1_terminalgain_globalmax_interp_0064,family_01,64,6.924417,7.127104,0.202687,24,2,22,2.3,1.350579,1.27,1.063448,0.103402,1.03402,1.433969,0.110102,0.125713,4.845439,0.0,scene_1|scene_1.1_y03_medium_dense_y03_3p13|4976|17,scene_1|scene_1.1_y02_medium_dense_y02_1p86|2666|17,3e4b82846187539b06d86eca2595d836fa2da3eb,e31f9eb1dc4ecdc8ce26bdba6b98c57212bd74d1
scene_1_1_terminalgain_globalmax_interp_0065,family_01,65,6.924417,7.127104,0.202687,24,2,22,2.3,1.306629,1.27,1.028842,0.103402,1.03402,1.380623,0.068218,0.189399,3.213028,0.0,scene_1|scene_1.1_y03_medium_dense_y03_3p13|4976|17,scene_1|scene_1.1_y02_medium_dense_y02_1p86|2666|17,28a5a4c32d3de79d4feff700f252d412f2aa5141,72137f5d287a27aa7ecb8b6828925997b84af7d6
scene_1_1_terminalgain_globalmax_interp_0066,family_01,66,6.924417,7.127104,0.202687,24,2,22,2.3,1.27968,1.27,1.007622,0.103402,1.03402,1.376255,0.246537,0.183617,1.633611,0.0,scene_1|scene_1.1_y03_medium_dense_y03_3p13|4976|17,scene_1|scene_1.1_y02_medium_dense_y02_1p86|2666|17,cff2a3453a98935ad83297095b8113efef4bb7a5,bbf1c429b2c1a575dccf65fe2357148722be38d7
scene_1_1_terminalgain_globalmax_interp_0067,family_01,67,6.924417,7.127104,0.202687,24,2,22,2.3,1.302543,1.27,1.025625,0.103402,1.03402,1.375993,0.424857,0.119931,3.023586,0.0,scene_1|scene_1.1_y03_medium_dense_y03_3p13|4976|17,scene_1|scene_1.1_y02_medium_dense_y02_1p86|2666|17,7a7f133102e4c0c0185a22eeb8bb41103f365a83,1cbe785c74c3e9fe864615541b86a8b27224bb92
scene_1_1_terminalgain_globalmax_interp_0068,family_01,68,6.924417,7.127104,0.202687,24,2,22,2.3,1.296499,1.27,1.020865,0.103402,1.03402,1.375126,0.423944,0.056246,2.721536,0.0,scene_1|scene_1.1_y03_medium_dense_y03_3p13|4976|17,scene_1|scene_1.1_y02_medium_dense_y02_1p86|2666|17,5ffc8dfb8d812eeea65a54aec0751ad071ed155e,48c2acb3d7ef3d1f07fde6a61973aada1750d223
scene_1_1_terminalgain_globalmax_interp_0069,family_01,69,6.924417,7.127104,0.202687,24,2,22,2.3,1.303404,1.27,1.026303,0.103402,1.03402,1.376956,0.245625,0.00744,3.064601,0.0,scene_1|scene_1.1_y03_medium_dense_y03_3p13|4976|17,scene_1|scene_1.1_y02_medium_dense_y02_1p86|2666|17,34d91e25e10a899ed17ae83150035b5bedb23b8e,d8755d3e8246ab469d256cd8eef9504d071866da
scene_1_1_terminalgain_globalmax_interp_0070,family_01,70,6.924417,7.127104,0.202687,24,2,22,2.3,1.294891,1.27,1.019599,0.103402,1.03402,1.37516,0.067305,0.071126,2.636676,0.0,scene_1|scene_1.1_y03_medium_dense_y03_3p13|4976|17,scene_1|scene_1.1_y02_medium_dense_y02_1p86|2666|17,041285afdbe88df07966c80166615e5a29e0e53e,9cb325d446c3006211087b57af22fbc8997cbaa2
scene_1_1_terminalgain_globalmax_interp_0071,family_01,71,6.924417,7.127104,0.202687,24,2,22,2.3,1.271295,1.27,1.00102,0.103402,1.03402,1.377319,0.111014,0.134811,0.595362,0.0,scene_1|scene_1.1_y03_medium_dense_y03_3p13|4976|17,scene_1|scene_1.1_y02_medium_dense_y02_1p86|2666|17,c26c2e99017b84118f916c24451e106349d0d32c,3177ec55ec27670e0aebe643d7ae041d297f304d
scene_1_1_terminalgain_globalmax_interp_0072,family_01,72,6.924417,7.127104,0.202687,24,2,22,2.3,1.349202,1.27,1.062364,0.103402,1.03402,1.432211,0.289334,0.198497,4.801234,0.0,scene_1|scene_1.1_y03_medium_dense_y03_3p13|4976|17,scene_1|scene_1.1_y02_medium_dense_y02_1p86|2666|17,a1e5d15fb45f0f16b4a893da5a754bd469d54a1b,23bec607ce8ff62696fad6befe93ead5736db726
scene_1_1_terminalgain_globalmax_interp_0073,family_01,73,6.924417,7.127104,0.202687,24,2,22,2.3,1.353432,1.27,1.065695,0.103402,1.03402,1.43761,0.38828,0.174519,4.935494,0.0,scene_1|scene_1.1_y03_medium_dense_y03_3p13|4976|17,scene_1|scene_1.1_y02_medium_dense_y02_1p86|2666|17,b63977a07334165ce4acce55036382ae4a9c62ee,a234342d3fb70b470de5c9fef5773f654ab46d8b
scene_1_1_terminalgain_globalmax_interp_0074,family_01,74,6.924417,7.127104,0.202687,24,2,22,2.3,1.272715,1.27,1.002138,0.103402,1.03402,1.377113,0.20996,0.110833,0.862549,0.0,scene_1|scene_1.1_y03_medium_dense_y03_3p13|4976|17,scene_1|scene_1.1_y02_medium_dense_y02_1p86|2666|17,24f44ec188adedb449331420361980ed4e44812d,9ba23449a1bf3309a4aec438d78f5fcb6249862d
scene_1_1_terminalgain_globalmax_interp_0075,family_01,75,6.924417,7.127104,0.202687,24,2,22,2.3,1.290861,1.27,1.016426,0.103402,1.03402,1.37534,0.031641,0.047148,2.409266,0.0,scene_1|scene_1.1_y03_medium_dense_y03_3p13|4976|17,scene_1|scene_1.1_y02_medium_dense_y02_1p86|2666|17,a887002386d3d508fbade2e07e01c00290b1357f,c2e1fd3d323256513a3f85c6676cbe192bc7d5e3
scene_1_1_terminalgain_globalmax_interp_0076,family_01,76,6.924417,7.127104,0.202687,24,2,22,2.3,1.308498,1.27,1.030313,0.103402,1.03402,1.382823,0.146679,0.016538,3.296447,0.0,scene_1|scene_1.1_y03_medium_dense_y03_3p13|4976|17,scene_1|scene_1.1_y02_medium_dense_y02_1p86|2666|17,c1a582a1078c49315d32e38cafacd0f366493fbb,acf7dd1d9f679abda7dae21149c88b4bc47b3bc8
scene_1_1_terminalgain_globalmax_interp_0077,family_01,77,6.924417,7.127104,0.202687,24,2,22,2.3,1.295243,1.27,1.019876,0.103402,1.03402,1.375137,0.324998,0.080224,2.655174,0.0,scene_1|scene_1.1_y03_medium_dense_y03_3p13|4976|17,scene_1|scene_1.1_y02_medium_dense_y02_1p86|2666|17,ead5c5c9bda81d71db8b1b2cee20a02c21619bcd,51148e0e30160e860254377bddf5a3162d0b8398
scene_1_1_terminalgain_globalmax_interp_0078,family_01,78,6.924417,7.127104,0.202687,24,2,22,2.3,1.298075,1.27,1.022107,0.103402,1.03402,1.375043,0.352617,0.143909,2.803239,0.0,scene_1|scene_1.1_y03_medium_dense_y03_3p13|4976|17,scene_1|scene_1.1_y02_medium_dense_y02_1p86|2666|17,ffb799465fe0e71e9f69aa4842aad271ec9107ed,477f561b9e059caf0254a4dfa588bd115d7db759
scene_1_1_terminalgain_globalmax_interp_0079,family_01,79,6.924417,7.127104,0.202687,24,2,22,2.3,1.282308,1.27,1.009691,0.103402,1.03402,1.376026,0.174297,0.207595,1.844205,0.0,scene_1|scene_1.1_y03_medium_dense_y03_3p13|4976|17,scene_1|scene_1.1_y02_medium_dense_y02_1p86|2666|17,591df8562cae0ab52636f697946d82090bf985b3,8977edc457bb29d05218d3680a48c755a0570c26
scene_1_1_terminalgain_globalmax_interp_0080,family_01,80,6.924417,7.127104,0.202687,24,2,22,2.3,1.305956,1.27,1.028312,0.103402,1.03402,1.379886,0.004023,0.165421,3.182862,0.0,scene_1|scene_1.1_y03_medium_dense_y03_3p13|4976|17,scene_1|scene_1.1_y02_medium_dense_y02_1p86|2666|17,d1d50e2372a0b70c22e4fd5e5de655f5d5112882,78ba16bcc889ee4c6a727942d6ad2bb1e16d43f0
scene_1_1_terminalgain_globalmax_interp_0081,family_01,81,6.924417,7.127104,0.202687,24,2,22,2.3,1.343514,1.27,1.057885,0.103402,1.03402,1.425145,0.182342,0.101735,4.616364,0.0,scene_1|scene_1.1_y03_medium_dense_y03_3p13|4976|17,scene_1|scene_1.1_y02_medium_dense_y02_1p86|2666|17,7453cc326a7a59e7e204eea076ad5c0002609c49,66c2e0c24aabe4c9941fa9719191680a92fa9d50
scene_1_1_terminalgain_globalmax_interp_0082,family_01,82,6.924417,7.127104,0.202687,24,2,22,2.3,1.305695,1.27,1.028107,0.103402,1.03402,1.379566,0.360662,0.038049,3.170791,0.0,scene_1|scene_1.1_y03_medium_dense_y03_3p13|4976|17,scene_1|scene_1.1_y02_medium_dense_y02_1p86|2666|17,7be9bd246a5e105e312dad6220b852eb3a795326,33edeb894740ea7bb09e1119a7abef720171d66a
scene_1_1_terminalgain_globalmax_interp_0083,family_01,83,6.924417,7.127104,0.202687,24,2,22,2.3,1.276582,1.27,1.005183,0.103402,1.03402,1.376634,0.316952,0.025636,1.345504,0.0,scene_1|scene_1.1_y03_medium_dense_y03_3p13|4976|17,scene_1|scene_1.1_y02_medium_dense_y02_1p86|2666|17,7fce2c4ff98c1434eda01288803a75e56b9c9e17,b373a1f3685386d55785bcfc50ace382d68fc61e
scene_1_1_terminalgain_globalmax_interp_0084,family_01,84,6.924417,7.127104,0.202687,24,2,22,2.3,1.307744,1.27,1.029719,0.103402,1.03402,1.381932,0.138632,0.089322,3.263227,0.0,scene_1|scene_1.1_y03_medium_dense_y03_3p13|4976|17,scene_1|scene_1.1_y02_medium_dense_y02_1p86|2666|17,74a1bf75fd7510aaea9a525362716e8535ce710a,4c230110e97299cd07b5b1b279e66e88bbba13e1
scene_1_1_terminalgain_globalmax_interp_0085,family_01,85,6.924417,7.127104,0.202687,24,2,22,2.3,1.304828,1.27,1.027423,0.103402,1.03402,1.378606,0.039687,0.153007,3.130781,0.0,scene_1|scene_1.1_y03_medium_dense_y03_3p13|4976|17,scene_1|scene_1.1_y02_medium_dense_y02_1p86|2666|17,a4dc81351db383442ae7d14814f8c5a85a99765c,defa8367f746d9e22a11f422c93a56b42211bfa8
scene_1_1_terminalgain_globalmax_interp_0086,family_01,86,6.924417,7.127104,0.202687,24,2,22,2.3,1.280019,1.27,1.007889,0.103402,1.03402,1.37626,0.218007,0.216693,1.662114,0.0,scene_1|scene_1.1_y03_medium_dense_y03_3p13|4976|17,scene_1|scene_1.1_y02_medium_dense_y02_1p86|2666|17,5a9790c6e93ea0d7f41fcfc8fc5bc27746fc0d42,7dbdad88962546be18c2025b794a7720b3330612
scene_1_1_terminalgain_globalmax_interp_0087,family_01,87,6.924417,7.127104,0.202687,24,2,22,2.3,1.298957,1.27,1.022801,0.103402,1.03402,1.375027,0.396326,0.218709,2.848223,0.0,scene_1|scene_1.1_y03_medium_dense_y03_3p13|4976|17,scene_1|scene_1.1_y02_medium_dense_y02_1p86|2666|17,0108e0e591a481f73738a2879af045b6a33bb1aa,9191cfc11eaa1a94d24f05f900488727f2bb738c
scene_1_1_terminalgain_globalmax_interp_0088,family_01,88,6.924417,7.127104,0.202687,24,2,22,2.3,1.320859,1.27,1.040046,0.103402,1.03402,1.397426,0.281289,0.155023,3.807497,0.0,scene_1|scene_1.1_y03_medium_dense_y03_3p13|4976|17,scene_1|scene_1.1_y02_medium_dense_y02_1p86|2666|17,a7da50157afa3a227eb11b6805b14e5e498150fb,4da079a8ef6fc09eb5fa52f37e34ba46c721c6e9
scene_1_1_terminalgain_globalmax_interp_0089,family_01,89,6.924417,7.127104,0.202687,24,2,22,2.3,1.314586,1.27,1.035107,0.103402,1.03402,1.389936,0.102969,0.091338,3.555833,0.0,scene_1|scene_1.1_y03_medium_dense_y03_3p13|4976|17,scene_1|scene_1.1_y02_medium_dense_y02_1p86|2666|17,f3f58b4a72eb0b7c026deaaadde0745f8369ca9f,5f4490ba11e51b23f0022b6bb62d84217f8ab576
scene_1_1_terminalgain_globalmax_interp_0090,family_01,90,6.924417,7.127104,0.202687,24,2,22,2.3,1.318316,1.27,1.038044,0.103402,1.03402,1.394398,0.075351,0.027652,3.706903,0.0,scene_1|scene_1.1_y03_medium_dense_y03_3p13|4976|17,scene_1|scene_1.1_y02_medium_dense_y02_1p86|2666|17,0843b6526331d88f17d7d5cb4c36332ef95dbc56,892faacd471470551812b86f91e738cfc06ed500
scene_1_1_terminalgain_globalmax_interp_0091,family_01,91,6.924417,7.127104,0.202687,24,2,22,2.3,1.322061,1.27,1.040993,0.103402,1.03402,1.398845,0.25367,0.036034,3.853483,0.0,scene_1|scene_1.1_y03_medium_dense_y03_3p13|4976|17,scene_1|scene_1.1_y02_medium_dense_y02_1p86|2666|17,19e40f08798bec15c051fba0c69081b7aa907afb,0acf2b3cafb491429e4bf23afce265b1b6a96c9a
scene_1_1_terminalgain_globalmax_interp_0092,family_01,92,6.924417,7.127104,0.202687,24,2,22,2.3,1.293586,1.27,1.018571,0.103402,1.03402,1.375242,0.43199,0.099719,2.564515,0.0,scene_1|scene_1.1_y03_medium_dense_y03_3p13|4976|17,scene_1|scene_1.1_y02_medium_dense_y02_1p86|2666|17,a7fc32ccd0b95e934b8a3c930fad3d378aa42798,b8bff4662ce9df58239546d48bd1e37f551894d5
scene_1_1_terminalgain_globalmax_interp_0093,family_01,93,6.924417,7.127104,0.202687,24,2,22,2.3,1.299058,1.27,1.02288,0.103402,1.03402,1.374988,0.416811,0.163405,2.853299,0.0,scene_1|scene_1.1_y03_medium_dense_y03_3p13|4976|17,scene_1|scene_1.1_y02_medium_dense_y02_1p86|2666|17,1136139c0e8f86f49a092b09d0693a12d89f0c73,1194192b2f1a7698959bf6daac3ade5f668e6b47
scene_1_1_terminalgain_globalmax_interp_0094,family_01,94,6.924417,7.127104,0.202687,24,2,22,2.3,1.303264,1.27,1.026192,0.103402,1.03402,1.376806,0.238492,0.209611,3.057393,0.0,scene_1|scene_1.1_y03_medium_dense_y03_3p13|4976|17,scene_1|scene_1.1_y02_medium_dense_y02_1p86|2666|17,d51568a5a8c7bf29cb0ac370c55b2885345b533d,4060a32aa9b6c06789a419359fda1d033a2258d5
scene_1_1_terminalgain_globalmax_interp_0095,family_01,95,6.924417,7.127104,0.202687,24,2,22,2.3,1.271067,1.27,1.00084,0.103402,1.03402,1.377346,0.060172,0.145925,0.54048,0.0,scene_1|scene_1.1_y03_medium_dense_y03_3p13|4976|17,scene_1|scene_1.1_y02_medium_dense_y02_1p86|2666|17,0922a371e525545f582f2fc162910f4bb5ca715e,00f0d03da69c44a2581d987a948c7ff1bccd9d86
scene_1_1_terminalgain_globalmax_interp_0096,family_01,96,6.924417,7.127104,0.202687,24,2,22,2.3,1.327524,1.27,1.045294,0.103402,1.03402,1.40537,0.118147,0.082239,4.059406,0.0,scene_1|scene_1.1_y03_medium_dense_y03_3p13|4976|17,scene_1|scene_1.1_y02_medium_dense_y02_1p86|2666|17,7c35b336c81fd8d1e8cc52e9d56fe7864bed279a,93e0d1eef4baf37bdd861df297c1c720edb6dfcf
scene_1_1_terminalgain_globalmax_interp_0097,family_01,97,6.924417,7.127104,0.202687,24,2,22,2.3,1.311939,1.27,1.033023,0.103402,1.03402,1.386819,0.296467,0.018554,3.445223,0.0,scene_1|scene_1.1_y03_medium_dense_y03_3p13|4976|17,scene_1|scene_1.1_y02_medium_dense_y02_1p86|2666|17,13983fdaf06ba0cde1e90ee4d2c48156cd6c97c8,6b6e48a27a5df0b35c3672a370690009cb6d32a4
scene_1_1_terminalgain_globalmax_interp_0098,family_01,98,6.924417,7.127104,0.202687,24,2,22,2.3,1.274724,1.27,1.003719,0.103402,1.03402,1.376846,0.381147,0.045132,1.138741,0.0,scene_1|scene_1.1_y03_medium_dense_y03_3p13|4976|17,scene_1|scene_1.1_y02_medium_dense_y02_1p86|2666|17,25c4a1e3129926ad1890216b07508e4bad73fe04,af9863422f2e0a3eb4093aefd1b2af161ef11449
scene_1_1_terminalgain_globalmax_interp_0099,family_01,99,6.924417,7.127104,0.202687,24,2,22,2.3,1.309923,1.27,1.031436,0.103402,1.03402,1.38446,0.202827,0.108817,3.358926,0.0,scene_1|scene_1.1_y03_medium_dense_y03_3p13|4976|17,scene_1|scene_1.1_y02_medium_dense_y02_1p86|2666|17,8eba7fad9ec19ea8240dda503f4783a724d7fc3b,831ca6ede7b052c40d7cfc2e7d5e3466630da9b8
scene_1_1_terminalgain_globalmax_interp_0100,family_01,100,6.924417,7.127104,0.202687,24,2,22,2.3,1.335074,1.27,1.051239,0.103402,1.03402,1.414649,0.024508,0.172503,4.329552,0.0,scene_1|scene_1.1_y03_medium_dense_y03_3p13|4976|17,scene_1|scene_1.1_y02_medium_dense_y02_1p86|2666|17,a621e22ab26d5d9cfd4c29cf631e0320065aa5bb,83847760fb97fec7f11049c9895aa743db640474
scene_1_1_terminalgain_globalmax_interp_0101,family_01,101,6.924417,7.127104,0.202687,24,2,22,2.3,1.285585,1.27,1.012272,0.103402,1.03402,1.375735,0.153811,0.200513,2.078124,0.0,scene_1|scene_1.1_y03_medium_dense_y03_3p13|4976|17,scene_1|scene_1.1_y02_medium_dense_y02_1p86|2666|17,a41ec1bc6c38605c6feabc62d920d1a66bda0404,cb6c0f9fc69be333383b9032277d73920aa4f584
scene_1_1_terminalgain_globalmax_interp_0102,family_01,102,6.924417,7.127104,0.202687,24,2,22,2.3,1.294191,1.27,1.019048,0.103402,1.03402,1.375203,0.33213,0.136827,2.597992,0.0,scene_1|scene_1.1_y03_medium_dense_y03_3p13|4976|17,scene_1|scene_1.1_y02_medium_dense_y02_1p86|2666|17,17ac458f276a9489baa6b371333f9774aab4df4b,2bcb71a6c709e4a6212562335f7b582e2acefec9
scene_1_1_terminalgain_globalmax_interp_0103,family_01,103,6.924417,7.127104,0.202687,24,2,22,2.3,1.291362,1.27,1.016821,0.103402,1.03402,1.375308,0.345483,0.073141,2.438646,0.0,scene_1|scene_1.1_y03_medium_dense_y03_3p13|4976|17,scene_1|scene_1.1_y02_medium_dense_y02_1p86|2666|17,e2cc745a5e3d2cb86e48e1de7a51c1051a403ea2,12796052b881bab4751e13287352a3514bc13726
scene_1_1_terminalgain_globalmax_interp_0104,family_01,104,6.924417,7.127104,0.202687,24,2,22,2.3,1.320153,1.27,1.039491,0.103402,1.03402,1.396523,0.167164,0.009456,3.779295,0.0,scene_1|scene_1.1_y03_medium_dense_y03_3p13|4976|17,scene_1|scene_1.1_y02_medium_dense_y02_1p86|2666|17,f0be873461bb4e1f3d13ca17dd0ab0dde51e4a0f,9dc520745b4c4c6d851e88a99f750fdd1b85e394
scene_1_1_terminalgain_globalmax_interp_0105,family_01,105,6.924417,7.127104,0.202687,24,2,22,2.3,1.342717,1.27,1.057258,0.103402,1.03402,1.424117,0.011156,0.05423,4.589918,0.0,scene_1|scene_1.1_y03_medium_dense_y03_3p13|4976|17,scene_1|scene_1.1_y02_medium_dense_y02_1p86|2666|17,9e43f8c74a71ae4155c6f0245aea80e14ae26b38,d0fa80f00078ef11e2ab68de4b9fa7bc0c5caea0
scene_1_1_terminalgain_globalmax_interp_0106,family_01,106,6.924417,7.127104,0.202687,24,2,22,2.3,1.2792,1.27,1.007244,0.103402,1.03402,1.376344,0.189475,0.117916,1.592118,0.0,scene_1|scene_1.1_y03_medium_dense_y03_3p13|4976|17,scene_1|scene_1.1_y02_medium_dense_y02_1p86|2666|17,4eb14afaf3b809fe52db2296fabba184d475b1a3,178b2e2d5f0fc6c61f6c3981b2264161079f9203
scene_1_1_terminalgain_globalmax_interp_0107,family_01,107,6.924417,7.127104,0.202687,24,2,22,2.3,1.285639,1.27,1.012314,0.103402,1.03402,1.375722,0.367795,0.1816,2.081907,0.0,scene_1|scene_1.1_y03_medium_dense_y03_3p13|4976|17,scene_1|scene_1.1_y02_medium_dense_y02_1p86|2666|17,9ce3ae39ab220a90d9f24eb039830866c098fcb7,f8aa641c71dd3269e6b40920d195657f0903d2a3
scene_1_1_terminalgain_globalmax_interp_0108,family_01,108,6.924417,7.127104,0.202687,24,2,22,2.3,1.326053,1.27,1.044136,0.103402,1.03402,1.403612,0.30982,0.191415,4.004973,0.0,scene_1|scene_1.1_y03_medium_dense_y03_3p13|4976|17,scene_1|scene_1.1_y02_medium_dense_y02_1p86|2666|17,48222620712514abde2ab5c38c2d728eeab1b310,bcd4a440fdf783590d584f1e665798736a179cee
scene_1_1_terminalgain_globalmax_interp_0109,family_01,109,6.924417,7.127104,0.202687,24,2,22,2.3,1.328767,1.27,1.046273,0.103402,1.03402,1.406832,0.1315,0.127729,4.104679,0.0,scene_1|scene_1.1_y03_medium_dense_y03_3p13|4976|17,scene_1|scene_1.1_y02_medium_dense_y02_1p86|2666|17,6fd249063c324528098bf6f1bf6bfd9aa1c25b51,bb77cf66a1f3267018f24e72dda2b1de924b5345
scene_1_1_terminalgain_globalmax_interp_0110,family_01,110,6.924417,7.127104,0.202687,24,2,22,2.3,1.274493,1.27,1.003538,0.103402,1.03402,1.376901,0.046819,0.064043,1.110859,0.0,scene_1|scene_1.1_y03_medium_dense_y03_3p13|4976|17,scene_1|scene_1.1_y02_medium_dense_y02_1p86|2666|17,75243c779a6f2ee9745f1eeb43c0e715d1d72667,dc7fa16aabda2852fd0e96c0adc24452750dc3d2
scene_1_1_terminalgain_globalmax_interp_0111,family_01,111,6.924417,7.127104,0.202687,24,2,22,2.3,1.288512,1.27,1.014577,0.103402,1.03402,1.375527,0.225139,0.000358,2.267815,0.0,scene_1|scene_1.1_y03_medium_dense_y03_3p13|4976|17,scene_1|scene_1.1_y02_medium_dense_y02_1p86|2666|17,70b8c95f9ca9a6b56c94ad0c6a48721be510f5a2,e0793071ef032a99144761e4d4031088e37553e3
scene_1_1_terminalgain_globalmax_interp_0112,family_01,112,6.924417,7.127104,0.202687,24,2,22,2.3,1.316266,1.27,1.03643,0.103402,1.03402,1.391967,0.403458,0.063327,3.624328,0.0,scene_1|scene_1.1_y03_medium_dense_y03_3p13|4976|17,scene_1|scene_1.1_y02_medium_dense_y02_1p86|2666|17,2f439104731e1e21e5a3b03845f6d201a07f258c,68919def931de69020ab29864ee87da582dec4ba
scene_1_1_terminalgain_globalmax_interp_0113,family_01,113,6.924417,7.127104,0.202687,24,2,22,2.3,1.308632,1.27,1.030419,0.103402,1.03402,1.382972,0.274155,0.127013,3.302347,0.0,scene_1|scene_1.1_y03_medium_dense_y03_3p13|4976|17,scene_1|scene_1.1_y02_medium_dense_y02_1p86|2666|17,e4f803ecf4bfe40b5b5c1311ad1c8de67df2f406,5c30847720dadda4ca6def4f9dcfbe86b1962077
scene_1_1_terminalgain_globalmax_interp_0114,family_01,114,6.924417,7.127104,0.202687,24,2,22,2.3,1.301575,1.27,1.024862,0.103402,1.03402,1.374957,0.095836,0.190698,2.977582,0.0,scene_1|scene_1.1_y03_medium_dense_y03_3p13|4976|17,scene_1|scene_1.1_y02_medium_dense_y02_1p86|2666|17,c64d580d679a5bacf36accd19dce5d224116dcc6,60dd7b7fec7b6b74563f86b034226348fef575b0
scene_1_1_terminalgain_globalmax_interp_0115,family_01,115,6.924417,7.127104,0.202687,24,2,22,2.3,1.283025,1.27,1.010256,0.103402,1.03402,1.375956,0.082484,0.182316,1.897794,0.0,scene_1|scene_1.1_y03_medium_dense_y03_3p13|4976|17,scene_1|scene_1.1_y02_medium_dense_y02_1p86|2666|17,20f427ffb4af89f824277b45d2bbfe2e5f81b092,488567ecc83b40fbacc30589dc803374e1226011
scene_1_1_terminalgain_globalmax_interp_0116,family_01,116,6.924417,7.127104,0.202687,24,2,22,2.3,1.296741,1.27,1.021056,0.103402,1.03402,1.375078,0.260803,0.118631,2.734275,0.0,scene_1|scene_1.1_y03_medium_dense_y03_3p13|4976|17,scene_1|scene_1.1_y02_medium_dense_y02_1p86|2666|17,eb2721c59f02fc5689328c1802c718c2fd3a5ea9,7106e84bd051d775a2d3772d4ec207dbccb25801
scene_1_1_terminalgain_globalmax_interp_0117,family_01,117,6.924417,7.127104,0.202687,24,2,22,2.3,1.338006,1.27,1.053548,0.103402,1.03402,1.418251,0.439123,0.054946,4.431044,0.0,scene_1|scene_1.1_y03_medium_dense_y03_3p13|4976|17,scene_1|scene_1.1_y02_medium_dense_y02_1p86|2666|17,9217025db8817303be7e7944e23be787b991c3a4,b23d505a4fbf959bb3e9e8dba3854459b30d3294
scene_1_1_terminalgain_globalmax_interp_0118,family_01,118,6.924417,7.127104,0.202687,24,2,22,2.3,1.32612,1.27,1.044189,0.103402,1.03402,1.403672,0.443916,0.008739,4.006914,0.0,scene_1|scene_1.1_y03_medium_dense_y03_3p13|4976|17,scene_1|scene_1.1_y02_medium_dense_y02_1p86|2666|17,242ba89132c23a8888b1022520ec4d4f5250926e,0352194e4658f230a9fd99eb963383419d80bf83
scene_1_1_terminalgain_globalmax_interp_0119,family_01,119,6.924417,7.127104,0.202687,24,2,22,2.3,1.275739,1.27,1.004519,0.103402,1.03402,1.376732,0.265597,0.072425,1.25551,0.0,scene_1|scene_1.1_y03_medium_dense_y03_3p13|4976|17,scene_1|scene_1.1_y02_medium_dense_y02_1p86|2666|17,890849409b30ff85c11a3fe67f93563420364f2d,e6f63956a8265da12ac54edb26d7a293ae56bb0b
scene_1_1_terminalgain_globalmax_interp_0120,family_01,120,6.924417,7.127104,0.202687,24,2,22,2.3,1.316981,1.27,1.036993,0.103402,1.03402,1.392734,0.087277,0.136111,3.653516,0.0,scene_1|scene_1.1_y03_medium_dense_y03_3p13|4976|17,scene_1|scene_1.1_y02_medium_dense_y02_1p86|2666|17,db8843d944c3e48fe7abb81da9d92765075d21cb,4f0c38b9cf1f7b2601a3e26de429d97d36feed06
scene_1_1_terminalgain_globalmax_interp_0121,family_01,121,6.924417,7.127104,0.202687,24,2,22,2.3,1.341217,1.27,1.056076,0.103402,1.03402,1.422268,0.091043,0.199796,4.53942,0.0,scene_1|scene_1.1_y03_medium_dense_y03_3p13|4976|17,scene_1|scene_1.1_y02_medium_dense_y02_1p86|2666|17,e90772f8724be74b90c90b5df9fea7c305dbeaf3,f6903a24e726ced99e80959a12cd86526d792f34
scene_1_1_terminalgain_globalmax_interp_0122,family_01,122,6.924417,7.127104,0.202687,24,2,22,2.3,1.270729,1.27,1.000574,0.103402,1.03402,1.377401,0.269362,0.173219,0.44645,0.0,scene_1|scene_1.1_y03_medium_dense_y03_3p13|4976|17,scene_1|scene_1.1_y02_medium_dense_y02_1p86|2666|17,4e7d8bd5c43a1f55654d5dc3c322599c19803d06,75462c14d0379f1604b06836d47bd1ff230729d6
scene_1_1_terminalgain_globalmax_interp_0123,family_01,123,6.924417,7.127104,0.202687,24,2,22,2.3,1.296724,1.27,1.021042,0.103402,1.03402,1.375059,0.408252,0.109534,2.733625,0.0,scene_1|scene_1.1_y03_medium_dense_y03_3p13|4976|17,scene_1|scene_1.1_y02_medium_dense_y02_1p86|2666|17,f48c88b7d50a13c1da0bd49abcd177131b6924b5,9d75b6da1d9a6262853767870585fc58902db996
scene_1_1_terminalgain_globalmax_interp_0124,family_01,124,6.924417,7.127104,0.202687,24,2,22,2.3,1.301929,1.27,1.025141,0.103402,1.03402,1.375252,0.229932,0.045848,2.993991,0.0,scene_1|scene_1.1_y03_medium_dense_y03_3p13|4976|17,scene_1|scene_1.1_y02_medium_dense_y02_1p86|2666|17,fdc7c61cc359dc7194a58db830f4b648193202df,d905dee01baa8e72b64e916c2ff5ce468e1ffdd1
scene_1_1_terminalgain_globalmax_interp_0125,family_01,125,6.924417,7.127104,0.202687,24,2,22,2.3,1.294528,1.27,1.019313,0.103402,1.03402,1.375181,0.051613,0.017838,2.616547,0.0,scene_1|scene_1.1_y03_medium_dense_y03_3p13|4976|17,scene_1|scene_1.1_y02_medium_dense_y02_1p86|2666|17,985e7449b5866e91b4abc3889bd39f1f621dfa7b,9c93792a609444cef754239068375ea4c65e6ad0
scene_1_1_terminalgain_globalmax_interp_0126,family_01,126,6.924417,7.127104,0.202687,24,2,22,2.3,1.308557,1.27,1.03036,0.103402,1.03402,1.382888,0.126707,0.081523,3.29889,0.0,scene_1|scene_1.1_y03_medium_dense_y03_3p13|4976|17,scene_1|scene_1.1_y02_medium_dense_y02_1p86|2666|17,d72833a1d414daa0c1d860484c8765865b50df9e,bdb5344d60282c6edb2b685d5157fb9faa106bb7
scene_1_1_terminalgain_globalmax_interp_0127,family_01,127,6.924417,7.127104,0.202687,24,2,22,2.3,1.313318,1.27,1.034109,0.103402,1.03402,1.388453,0.305027,0.145209,3.503381,0.0,scene_1|scene_1.1_y03_medium_dense_y03_3p13|4976|17,scene_1|scene_1.1_y02_medium_dense_y02_1p86|2666|17,ed431a37fb52160844166f38b1f307755e9657c5,8ef81e37e655e28c919e5eca9c7bbcc7e5073709
scene_1_1_terminalgain_globalmax_interp_0128,family_01,128,6.924417,7.127104,0.202687,24,2,22,2.3,1.308122,1.27,1.030018,0.103402,1.03402,1.382378,0.372588,0.208894,3.279565,0.0,scene_1|scene_1.1_y03_medium_dense_y03_3p13|4976|17,scene_1|scene_1.1_y02_medium_dense_y02_1p86|2666|17,e69659e86e89d402fd90fd791bce8965c3f51f15,8c6a5e61e11c330a766cf8feff201bc39d79bcea
scene_1_1_terminalgain_globalmax_interp_0129,family_01,129,6.924417,7.127104,0.202687,24,2,22,2.3,1.31219,1.27,1.033221,0.103402,1.03402,1.387165,0.194269,0.164121,3.455903,0.0,scene_1|scene_1.1_y03_medium_dense_y03_3p13|4976|17,scene_1|scene_1.1_y02_medium_dense_y02_1p86|2666|17,20dd7c621a33a86908ecd15775b7ab584cf11b7a,3701269eb439f706372d3a60c9faaef9bb5a077e
scene_1_1_terminalgain_globalmax_interp_0130,family_01,130,6.924417,7.127104,0.202687,24,2,22,2.3,1.296223,1.27,1.020648,0.103402,1.03402,1.375124,0.015949,0.100436,2.707286,0.0,scene_1|scene_1.1_y03_medium_dense_y03_3p13|4976|17,scene_1|scene_1.1_y02_medium_dense_y02_1p86|2666|17,7a74596dd22fa50cfe23b36cda9bac087604cc29,e3dcacf4d561c62cb4a6b8294d5c132131ec8813
scene_1_1_terminalgain_globalmax_interp_0131,family_01,131,6.924417,7.127104,0.202687,24,2,22,2.3,1.274712,1.27,1.00371,0.103402,1.03402,1.376861,0.162371,0.03675,1.137462,0.0,scene_1|scene_1.1_y03_medium_dense_y03_3p13|4976|17,scene_1|scene_1.1_y02_medium_dense_y02_1p86|2666|17,35379401ebf06177c320833cd9bdcdad11541466,d8408b4b977ef76f72d4ecf9780cd0c1e21f28e4
scene_1_1_terminalgain_globalmax_interp_0132,family_01,132,6.924417,7.127104,0.202687,24,2,22,2.3,1.317011,1.27,1.037016,0.103402,1.03402,1.392749,0.34069,0.026936,3.654847,0.0,scene_1|scene_1.1_y03_medium_dense_y03_3p13|4976|17,scene_1|scene_1.1_y02_medium_dense_y02_1p86|2666|17,b1a0e69417f6fe0ea2ea89cf0d558b09ec537044,0c542b827b5504bee004fb5221732a0a9ba0cbef
scene_1_1_terminalgain_globalmax_interp_0133,family_01,133,6.924417,7.127104,0.202687,24,2,22,2.3,1.296532,1.27,1.020891,0.103402,1.03402,1.375089,0.336924,0.090621,2.722877,0.0,scene_1|scene_1.1_y03_medium_dense_y03_3p13|4976|17,scene_1|scene_1.1_y02_medium_dense_y02_1p86|2666|17,8e90d56bd5063613ffc525781ffdcd3e8474f8cc,3055c7107b8800dea218a3b8c68859c006ac5aef
scene_1_1_terminalgain_globalmax_interp_0134,family_01,134,6.924417,7.127104,0.202687,24,2,22,2.3,1.283056,1.27,1.010281,0.103402,1.03402,1.375969,0.158604,0.154307,1.900023,0.0,scene_1|scene_1.1_y03_medium_dense_y03_3p13|4976|17,scene_1|scene_1.1_y02_medium_dense_y02_1p86|2666|17,49b05b38155f443c1e8cadf45c1d77824d97a484,f695e58de9fa7181c9d1923d9dafc6803fe4e0c5
scene_1_1_terminalgain_globalmax_interp_0135,family_01,135,6.924417,7.127104,0.202687,24,2,22,2.3,1.30952,1.27,1.031118,0.103402,1.03402,1.383972,0.019715,0.217993,3.341204,0.0,scene_1|scene_1.1_y03_medium_dense_y03_3p13|4976|17,scene_1|scene_1.1_y02_medium_dense_y02_1p86|2666|17,cbe698dc4d246f9df2306a445cea3b7468bc3eb5,d2062d3d35836f414eb2fa4969e1da32d22c1e31
scene_1_1_terminalgain_globalmax_interp_0136,family_01,136,6.924417,7.127104,0.202687,24,2,22,2.3,1.349357,1.27,1.062486,0.103402,1.03402,1.432464,0.198035,0.217409,4.806549,0.0,scene_1|scene_1.1_y03_medium_dense_y03_3p13|4976|17,scene_1|scene_1.1_y02_medium_dense_y02_1p86|2666|17,a83cec77ca46991cf0e4e57657cbbafa36c9098b,3741ed28e39aa46f574f1e57356d79691c26a819
scene_1_1_terminalgain_globalmax_interp_0137,family_01,137,6.924417,7.127104,0.202687,24,2,22,2.3,1.317838,1.27,1.037668,0.103402,1.03402,1.393767,0.376354,0.153724,3.687932,0.0,scene_1|scene_1.1_y03_medium_dense_y03_3p13|4976|17,scene_1|scene_1.1_y02_medium_dense_y02_1p86|2666|17,7f96be0ce9586643c321e271c767dcea4f80de5d,0acdeb3d4775c9a062718396744364f3a608eff6
scene_1_1_terminalgain_globalmax_interp_0138,family_01,138,6.924417,7.127104,0.202687,24,2,22,2.3,1.283519,1.27,1.010645,0.103402,1.03402,1.375908,0.30126,0.090038,1.934074,0.0,scene_1|scene_1.1_y03_medium_dense_y03_3p13|4976|17,scene_1|scene_1.1_y02_medium_dense_y02_1p86|2666|17,47ff3cfbd7d67f2a2adf28cb365fc01326d31ec8,7c6fb40cec376d9f49752b4113aee0a2253b0e29
scene_1_1_terminalgain_globalmax_interp_0139,family_01,139,6.924417,7.127104,0.202687,24,2,22,2.3,1.299768,1.27,1.023439,0.103402,1.03402,1.375007,0.122941,0.026352,2.888304,0.0,scene_1|scene_1.1_y03_medium_dense_y03_3p13|4976|17,scene_1|scene_1.1_y02_medium_dense_y02_1p86|2666|17,079ec32afbaae4175d4612b9ff6359d8f02ce44f,81897357cd1570421250368d9418d47c105a198d
scene_1_1_terminalgain_globalmax_interp_0140,family_01,140,6.924417,7.127104,0.202687,24,2,22,2.3,1.285848,1.27,1.012479,0.103402,1.03402,1.375691,0.055379,0.037333,2.09614,0.0,scene_1|scene_1.1_y03_medium_dense_y03_3p13|4976|17,scene_1|scene_1.1_y02_medium_dense_y02_1p86|2666|17,63d3831a59cc203c31897bdcc02b4005197a741d,f213d6fa8c326ad89d3660ab661596c1deaf8abd
scene_1_1_terminalgain_globalmax_interp_0141,family_01,141,6.924417,7.127104,0.202687,24,2,22,2.3,1.322137,1.27,1.041053,0.103402,1.03402,1.39893,0.233699,0.101019,3.856132,0.0,scene_1|scene_1.1_y03_medium_dense_y03_3p13|4976|17,scene_1|scene_1.1_y02_medium_dense_y02_1p86|2666|17,5e8aa430ceb7fe5c419a60da8b8669b849aba1a3,35194d91fbed4d0fbcc024dc34ad6f4d6e1263d0
scene_1_1_terminalgain_globalmax_interp_0142,family_01,142,6.924417,7.127104,0.202687,24,2,22,2.3,1.282389,1.27,1.009755,0.103402,1.03402,1.376011,0.412018,0.164704,1.850171,0.0,scene_1|scene_1.1_y03_medium_dense_y03_3p13|4976|17,scene_1|scene_1.1_y02_medium_dense_y02_1p86|2666|17,0e078b0e13a90932096063010bc9477328877fc1,5245c315e05e18901a2914652db317a657a76293
scene_1_1_terminalgain_globalmax_interp_0143,family_01,143,6.924417,7.127104,0.202687,24,2,22,2.3,1.276431,1.27,1.005064,0.103402,1.03402,1.376649,0.436783,0.208311,1.329916,0.0,scene_1|scene_1.1_y03_medium_dense_y03_3p13|4976|17,scene_1|scene_1.1_y02_medium_dense_y02_1p86|2666|17,27580af750e61c6a13b73566240aadb08061a7c1,854f4c8641f6c765d5b49e083770a974f68ca095
scene_1_1_terminalgain_globalmax_interp_0144,family_01,144,6.924417,7.127104,0.202687,24,2,22,2.3,1.346598,1.27,1.060313,0.103402,1.03402,1.428997,0.258464,0.144626,4.717363,0.0,scene_1|scene_1.1_y03_medium_dense_y03_3p13|4976|17,scene_1|scene_1.1_y02_medium_dense_y02_1p86|2666|17,f5b7e125a68ad460a7073e56255496c70adb5f30,f6648b3655dd4699568732ec539ae1526e33dd59
scene_1_1_terminalgain_globalmax_interp_0145,family_01,145,6.924417,7.127104,0.202687,24,2,22,2.3,1.349367,1.27,1.062494,0.103402,1.03402,1.432482,0.080144,0.08094,4.806807,0.0,scene_1|scene_1.1_y03_medium_dense_y03_3p13|4976|17,scene_1|scene_1.1_y02_medium_dense_y02_1p86|2666|17,3680f224ac3df69ef7e36afc317bcd83fd0d87d5,ea2bbb3d9a0957222bd3c69eeaa30e6c8043fc9f
scene_1_1_terminalgain_globalmax_interp_0146,family_01,146,6.924417,7.127104,0.202687,24,2,22,2.3,1.275865,1.27,1.004618,0.103402,1.03402,1.376714,0.098176,0.017254,1.269487,0.0,scene_1|scene_1.1_y03_medium_dense_y03_3p13|4976|17,scene_1|scene_1.1_y02_medium_dense_y02_1p86|2666|17,b882320e50bf0f9e3a543a3731b03c7f21eabae8,58f7e152568299ce4c5f01ea01e0905c4b9d19a0
scene_1_1_terminalgain_globalmax_interp_0147,family_01,147,6.924417,7.127104,0.202687,24,2,22,2.3,1.283348,1.27,1.01051,0.103402,1.03402,1.375931,0.276495,0.046431,1.921486,0.0,scene_1|scene_1.1_y03_medium_dense_y03_3p13|4976|17,scene_1|scene_1.1_y02_medium_dense_y02_1p86|2666|17,5185a6089dda667a19072070e21f310968423216,cad843496d87dc3ffd3c459b5649c1f7ca904c5f
scene_1_1_terminalgain_globalmax_interp_0148,family_01,148,6.924417,7.127104,0.202687,24,2,22,2.3,1.320124,1.27,1.039468,0.103402,1.03402,1.396492,0.40112,0.110117,3.778957,0.0,scene_1|scene_1.1_y03_medium_dense_y03_3p13|4976|17,scene_1|scene_1.1_y02_medium_dense_y02_1p86|2666|17,54ca2e1962019f6a1d770a7cc081c6a300a2e8b8,548aa1b51e6cbed508dface77c9639d70b762ef6
scene_1_1_terminalgain_globalmax_interp_0149,family_01,149,6.924417,7.127104,0.202687,24,2,22,2.3,1.287783,1.27,1.014002,0.103402,1.03402,1.375578,0.2228,0.173803,2.221833,0.0,scene_1|scene_1.1_y03_medium_dense_y03_3p13|4976|17,scene_1|scene_1.1_y02_medium_dense_y02_1p86|2666|17,9a46cccad04f3b7d73fa93721ea1ff6f619bc705,990eda317fe87fad2386290832b704c224bda1f3
scene_1_1_terminalgain_globalmax_interp_0150,family_01,150,6.924417,7.127104,0.202687,24,2,22,2.3,1.298133,1.27,1.022152,0.103402,1.03402,1.375032,0.04448,0.199213,2.806005,0.0,scene_1|scene_1.1_y03_medium_dense_y03_3p13|4976|17,scene_1|scene_1.1_y02_medium_dense_y02_1p86|2666|17,220ff83c56c7c2986949eb4360cd2f5b94f4f17a,de8c1333d61c5c181a5e1f2bf22bd7dc18654482
scene_1_1_terminalgain_globalmax_interp_0151,family_01,151,6.924417,7.127104,0.202687,24,2,22,2.3,1.283883,1.27,1.010931,0.103402,1.03402,1.375855,0.133839,0.135528,1.959993,0.0,scene_1|scene_1.1_y03_medium_dense_y03_3p13|4976|17,scene_1|scene_1.1_y02_medium_dense_y02_1p86|2666|17,43e0b86ba51f7878ad86991fc69026942672cb0e,1afb1625254e86ed6043aa72baf64e753332b993
scene_1_1_terminalgain_globalmax_interp_0152,family_01,152,6.924417,7.127104,0.202687,24,2,22,2.3,1.314749,1.27,1.035236,0.103402,1.03402,1.390178,0.312159,0.071842,3.562421,0.0,scene_1|scene_1.1_y03_medium_dense_y03_3p13|4976|17,scene_1|scene_1.1_y02_medium_dense_y02_1p86|2666|17,6ee40d4830e8a6ee89a9890977adb417a6b8ddae,b0d4b1f0539caae57f9cc49fd6d15f679ac523e0
scene_1_1_terminalgain_globalmax_interp_0153,family_01,153,6.924417,7.127104,0.202687,24,2,22,2.3,1.343861,1.27,1.058158,0.103402,1.03402,1.425518,0.365455,0.008156,4.627709,0.0,scene_1|scene_1.1_y03_medium_dense_y03_3p13|4976|17,scene_1|scene_1.1_y02_medium_dense_y02_1p86|2666|17,5c3794d1d98b3d761bc0990628ca2c295ae53bf0,16f761b1c4e9bf4e1c3e5dbeab59bb05289a14e0
scene_1_1_terminalgain_globalmax_interp_0154,family_01,154,6.924417,7.127104,0.202687,24,2,22,2.3,1.310241,1.27,1.031686,0.103402,1.03402,1.384859,0.187136,0.055529,3.372859,0.0,scene_1|scene_1.1_y03_medium_dense_y03_3p13|4976|17,scene_1|scene_1.1_y02_medium_dense_y02_1p86|2666|17,acea18cd6bb85a514044dfc5ec4d11902257bf2c,02fc1b770bee316242c3b894fb81469a353d8608
scene_1_1_terminalgain_globalmax_interp_0155,family_01,155,6.924417,7.127104,0.202687,24,2,22,2.3,1.280443,1.27,1.008223,0.103402,1.03402,1.376211,0.008816,0.119215,1.697585,0.0,scene_1|scene_1.1_y03_medium_dense_y03_3p13|4976|17,scene_1|scene_1.1_y02_medium_dense_y02_1p86|2666|17,0f120ef115e20ab7f46187d06aca0b8a73bdffbd,b76e22d794de69b71c9eb77000c5f467b9fe5c47
scene_1_1_terminalgain_globalmax_interp_0156,family_01,156,6.924417,7.127104,0.202687,24,2,22,2.3,1.299964,1.27,1.023594,0.103402,1.03402,1.37496,0.169504,0.182901,2.898518,0.0,scene_1|scene_1.1_y03_medium_dense_y03_3p13|4976|17,scene_1|scene_1.1_y02_medium_dense_y02_1p86|2666|17,6eed2f4474b446825c086087de17de45a6899bb7,99ac4607c5814cbbb8dec668d3845a7ec85ad57e
scene_1_1_terminalgain_globalmax_interp_0157,family_01,157,6.924417,7.127104,0.202687,24,2,22,2.3,1.313163,1.27,1.033987,0.103402,1.03402,1.388244,0.347823,0.190115,3.496927,0.0,scene_1|scene_1.1_y03_medium_dense_y03_3p13|4976|17,scene_1|scene_1.1_y02_medium_dense_y02_1p86|2666|17,1e87db4dadfd1c7f01a5c628e128d96c888d3af4,1e6cb18b31423579b2001b9592b14d8b42076b18
scene_1_1_terminalgain_globalmax_interp_0158,family_01,158,6.924417,7.127104,0.202687,24,2,22,2.3,1.276811,1.27,1.005363,0.103402,1.03402,1.376604,0.329792,0.126429,1.368563,0.0,scene_1|scene_1.1_y03_medium_dense_y03_3p13|4976|17,scene_1|scene_1.1_y02_medium_dense_y02_1p86|2666|17,714a34e3348474678354cbd59266a1183219a1bc,78ad1ec5bb2d37bef40f8ee1ae325518d4c6b8f6
scene_1_1_terminalgain_globalmax_interp_0159,family_01,159,6.924417,7.127104,0.202687,24,2,22,2.3,1.294962,1.27,1.019655,0.103402,1.03402,1.375144,0.151472,0.062744,2.639978,0.0,scene_1|scene_1.1_y03_medium_dense_y03_3p13|4976|17,scene_1|scene_1.1_y02_medium_dense_y02_1p86|2666|17,18ca3db6a2d16184da6c38fc06296142e026b60c,5d076b8305a16ad7bc5b8415f7179213a0f04d79
scene_1_1_terminalgain_globalmax_interp_0160,family_01,160,6.924417,7.127104,0.202687,24,2,22,2.3,1.317283,1.27,1.037231,0.103402,1.03402,1.393097,0.026848,0.000942,3.665505,0.0,scene_1|scene_1.1_y03_medium_dense_y03_3p13|4976|17,scene_1|scene_1.1_y02_medium_dense_y02_1p86|2666|17,38040f77edba7cb6d74e89861b5f1f112054022e,8dda1152c647ac1e96f2dca675e8df2e8dfe58f6
scene_1_1_terminalgain_globalmax_interp_0161,family_01,161,6.924417,7.127104,0.202687,24,2,22,2.3,1.303202,1.27,1.026143,0.103402,1.03402,1.376684,0.205167,0.064627,3.054732,0.0,scene_1|scene_1.1_y03_medium_dense_y03_3p13|4976|17,scene_1|scene_1.1_y02_medium_dense_y02_1p86|2666|17,e24ba55806bed3a4e42c67e3304a3aed3de72ef8,0f593b219d225fe419429b7bdd18d2a1e12a15fb
scene_1_1_terminalgain_globalmax_interp_0162,family_01,162,6.924417,7.127104,0.202687,24,2,22,2.3,1.314286,1.27,1.034871,0.103402,1.03402,1.389577,0.383487,0.128313,3.543194,0.0,scene_1|scene_1.1_y03_medium_dense_y03_3p13|4976|17,scene_1|scene_1.1_y02_medium_dense_y02_1p86|2666|17,ddc06791bb7f1ef162c4983dd140363794a6b727,4dd530549c9f300a7ce8b4dafa227bdebc2028aa
scene_1_1_terminalgain_globalmax_interp_0163,family_01,163,6.924417,7.127104,0.202687,24,2,22,2.3,1.306983,1.27,1.02912,0.103402,1.03402,1.381054,0.294127,0.191999,3.229076,0.0,scene_1|scene_1.1_y03_medium_dense_y03_3p13|4976|17,scene_1|scene_1.1_y02_medium_dense_y02_1p86|2666|17,3d154e6571a79213ff36464a45b62da928d1e0a5,7ebc7789929bce90dafbc8163444783fdf868368
scene_1_1_terminalgain_globalmax_interp_0164,family_01,164,6.924417,7.127104,0.202687,24,2,22,2.3,1.298913,1.27,1.022766,0.103402,1.03402,1.374988,0.115807,0.181017,2.846175,0.0,scene_1|scene_1.1_y03_medium_dense_y03_3p13|4976|17,scene_1|scene_1.1_y02_medium_dense_y02_1p86|2666|17,73e32e14b77fa4d148ac23af72966dcecdc972a4,d944bd3081c6519cdb446719e94fcf2c0df02ec6
scene_1_1_terminalgain_globalmax_interp_0165,family_01,165,6.924417,7.127104,0.202687,24,2,22,2.3,1.298415,1.27,1.022374,0.103402,1.03402,1.375021,0.062512,0.117331,2.820745,0.0,scene_1|scene_1.1_y03_medium_dense_y03_3p13|4976|17,scene_1|scene_1.1_y02_medium_dense_y02_1p86|2666|17,9a193389e87b96bb6be53c639e94f465a05551ec,041ccef3d9a0100f189d9d9f11b04dd4aba94202
scene_1_1_terminalgain_globalmax_interp_0166,family_01,166,6.924417,7.127104,0.202687,24,2,22,2.3,1.299685,1.27,1.023374,0.103402,1.03402,1.375015,0.240832,0.053646,2.8847,0.0,scene_1|scene_1.1_y03_medium_dense_y03_3p13|4976|17,scene_1|scene_1.1_y02_medium_dense_y02_1p86|2666|17,fa4df418d4169f4664ab46ff0f1d71da48d50e9f,2946f5355e126b1b442808f620f9fae230febadc
scene_1_1_terminalgain_globalmax_interp_0167,family_01,167,6.924417,7.127104,0.202687,24,2,22,2.3,1.270399,1.27,1.000314,0.103402,1.03402,1.377436,0.419151,0.01004,0.331158,0.0,scene_1|scene_1.1_y03_medium_dense_y03_3p13|4976|17,scene_1|scene_1.1_y02_medium_dense_y02_1p86|2666|17,ee5122bb4b630f51e6478909eb59db3840b2c20e,cfd234116c394d7a194fd9a2f803feae864618fa
scene_1_1_terminalgain_globalmax_interp_0168,family_01,168,6.924417,7.127104,0.202687,24,2,22,2.3,1.346489,1.27,1.060228,0.103402,1.03402,1.428841,0.42965,0.073726,4.713501,0.0,scene_1|scene_1.1_y03_medium_dense_y03_3p13|4976|17,scene_1|scene_1.1_y02_medium_dense_y02_1p86|2666|17,c5acb3cb75178f1eaf5fb564a4659e4b230f6013,6a3888ff0ca517ca7a265275cde506e66c3bfbad
scene_1_1_terminalgain_globalmax_interp_0169,family_01,169,6.924417,7.127104,0.202687,24,2,22,2.3,1.324342,1.27,1.042789,0.103402,1.03402,1.401506,0.25133,0.137411,3.940605,0.0,scene_1|scene_1.1_y03_medium_dense_y03_3p13|4976|17,scene_1|scene_1.1_y02_medium_dense_y02_1p86|2666|17,04881e412131620835c469ff182e1c5b514efd62,30fdf8fb78f7c1751ff5bff0ef0655d27ca8fcb9
scene_1_1_terminalgain_globalmax_interp_0170,family_01,170,6.924417,7.127104,0.202687,24,2,22,2.3,1.275054,1.27,1.003979,0.103402,1.03402,1.376825,0.073011,0.201096,1.177961,0.0,scene_1|scene_1.1_y03_medium_dense_y03_3p13|4976|17,scene_1|scene_1.1_y02_medium_dense_y02_1p86|2666|17,2692ec4f2ca69d6f3b4a33864dfa2d236bfc9b52,e93c00381d184357d5cf8461433e78d0a3f8d16d
scene_1_1_terminalgain_globalmax_interp_0171,family_01,171,6.924417,7.127104,0.202687,24,2,22,2.3,1.329171,1.27,1.046592,0.103402,1.03402,1.407451,0.105309,0.171919,4.11943,0.0,scene_1|scene_1.1_y03_medium_dense_y03_3p13|4976|17,scene_1|scene_1.1_y02_medium_dense_y02_1p86|2666|17,b1bf4350e372b194f6d01f8912a2019533919fcd,ea42ca7ac1b7cfc14e01fcf0fb6c5a2ac0a8e2a8
scene_1_1_terminalgain_globalmax_interp_0172,family_01,172,6.924417,7.127104,0.202687,24,2,22,2.3,1.327833,1.27,1.045538,0.103402,1.03402,1.405858,0.283628,0.108233,4.070549,0.0,scene_1|scene_1.1_y03_medium_dense_y03_3p13|4976|17,scene_1|scene_1.1_y02_medium_dense_y02_1p86|2666|17,900dceb51380692a07bcce6aea72488d46cac706,c27748721dc09cac626e6663b0525296f215db9c
scene_1_1_terminalgain_globalmax_interp_0173,family_01,173,6.924417,7.127104,0.202687,24,2,22,2.3,1.300375,1.27,1.023918,0.103402,1.03402,1.374945,0.393987,0.044548,2.918536,0.0,scene_1|scene_1.1_y03_medium_dense_y03_3p13|4976|17,scene_1|scene_1.1_y02_medium_dense_y02_1p86|2666|17,e50da45f4d5e0e3dbf08d379275b648aa7f8d690,2cc850753ca40012ba7bbe2f6ce879f05a18bb7f
scene_1_1_terminalgain_globalmax_interp_0174,family_01,174,6.924417,7.127104,0.202687,24,2,22,2.3,1.282819,1.27,1.010094,0.103402,1.03402,1.375957,0.215667,0.019138,1.882248,0.0,scene_1|scene_1.1_y03_medium_dense_y03_3p13|4976|17,scene_1|scene_1.1_y02_medium_dense_y02_1p86|2666|17,0ee400070ca08d013a1c5093e010aba246880fbc,b4b079edfca205dfb97da1cdc24e62c0e619f9d7
scene_1_1_terminalgain_globalmax_interp_0175,family_01,175,6.924417,7.127104,0.202687,24,2,22,2.3,1.298332,1.27,1.022309,0.103402,1.03402,1.375035,0.037347,0.082823,2.816619,0.0,scene_1|scene_1.1_y03_medium_dense_y03_3p13|4976|17,scene_1|scene_1.1_y02_medium_dense_y02_1p86|2666|17,c7b2b3ab49ef178ba538547da6e687478839cef2,411cc0a5cf2d1481863f4f7abb46d919c68c9dab
scene_1_1_terminalgain_globalmax_interp_0176,family_01,176,6.924417,7.127104,0.202687,24,2,22,2.3,1.301623,1.27,1.0249,0.103402,1.03402,1.374935,0.140972,0.146508,2.979219,0.0,scene_1|scene_1.1_y03_medium_dense_y03_3p13|4976|17,scene_1|scene_1.1_y02_medium_dense_y02_1p86|2666|17,719f19b022424e824f14e05b0e44ceebce98eb12,9b0efdcd3be4c478ce098cbbbd84da9d95ca8bfa
scene_1_1_terminalgain_globalmax_interp_0177,family_01,177,6.924417,7.127104,0.202687,24,2,22,2.3,1.32622,1.27,1.044268,0.103402,1.03402,1.403881,0.319292,0.210194,4.010951,0.0,scene_1|scene_1.1_y03_medium_dense_y03_3p13|4976|17,scene_1|scene_1.1_y02_medium_dense_y02_1p86|2666|17,03d5ae32e175b0716086fc0f0e0d358d433d72c3,14debcef378103eba22c451e50cbfc1036a61dab
scene_1_1_terminalgain_globalmax_interp_0178,family_01,178,6.924417,7.127104,0.202687,24,2,22,2.3,1.283542,1.27,1.010663,0.103402,1.03402,1.375872,0.358322,0.162821,1.935309,0.0,scene_1|scene_1.1_y03_medium_dense_y03_3p13|4976|17,scene_1|scene_1.1_y02_medium_dense_y02_1p86|2666|17,d25a66b48b6ba0af4e7639e0d36ef478fb57306f,11b44ab2be2549efd48d1051f6f2a17e23152207
scene_1_1_terminalgain_globalmax_interp_0179,family_01,179,6.924417,7.127104,0.202687,24,2,22,2.3,1.278066,1.27,1.006351,0.103402,1.03402,1.376465,0.180002,0.099136,1.489868,0.0,scene_1|scene_1.1_y03_medium_dense_y03_3p13|4976|17,scene_1|scene_1.1_y02_medium_dense_y02_1p86|2666|17,ba7aa026b619dce383b9a54e9e9f114fea60caef,512a381ee50eb5e273ff102d73d99931bc190549
scene_1_1_terminalgain_globalmax_interp_0180,family_01,180,6.924417,7.127104,0.202687,24,2,22,2.3,1.328388,1.27,1.045975,0.103402,1.03402,1.406416,0.001684,0.035451,4.090976,0.0,scene_1|scene_1.1_y03_medium_dense_y03_3p13|4976|17,scene_1|scene_1.1_y02_medium_dense_y02_1p86|2666|17,32e73c127c5ecf36f70166b8e6a7f115fb4d985f,4e4a3a8b19abec206116ad5d3c3fa11eef11ae23
scene_1_1_terminalgain_globalmax_interp_0181,family_01,181,6.924417,7.127104,0.202687,24,2,22,2.3,1.32494,1.27,1.04326,0.103402,1.03402,1.402245,0.176636,0.028235,3.963161,0.0,scene_1|scene_1.1_y03_medium_dense_y03_3p13|4976|17,scene_1|scene_1.1_y02_medium_dense_y02_1p86|2666|17,36d892ac05588cde804f516a899d0a6513637513,6736df03ece39b137d76023fee56ea58d2118cd0
scene_1_1_terminalgain_globalmax_interp_0182,family_01,182,6.924417,7.127104,0.202687,24,2,22,2.3,1.280509,1.27,1.008275,0.103402,1.03402,1.376181,0.354955,0.091921,1.703168,0.0,scene_1|scene_1.1_y03_medium_dense_y03_3p13|4976|17,scene_1|scene_1.1_y02_medium_dense_y02_1p86|2666|17,019a00c45dd2c1bf92ac9dd31bffdd16a51320f5,21293c7fd2c8b0a1e75e6e367154a3b3e25d3104
scene_1_1_terminalgain_globalmax_interp_0183,family_01,183,6.924417,7.127104,0.202687,24,2,22,2.3,1.282609,1.27,1.009928,0.103402,1.03402,1.375982,0.322659,0.155606,1.866913,0.0,scene_1|scene_1.1_y03_medium_dense_y03_3p13|4976|17,scene_1|scene_1.1_y02_medium_dense_y02_1p86|2666|17,404114da0f44562caf3527d3be3c50c5e34c8bc0,d422976649879b642ab38c0af45520deca225653
scene_1_1_terminalgain_globalmax_interp_0184,family_01,184,6.924417,7.127104,0.202687,24,2,22,2.3,1.331533,1.27,1.048451,0.103402,1.03402,1.410284,0.144339,0.219292,4.204309,0.0,scene_1|scene_1.1_y03_medium_dense_y03_3p13|4976|17,scene_1|scene_1.1_y02_medium_dense_y02_1p86|2666|17,07c4cfb3090352bb3faab5cc9c25bffeb6279ea9,cc73e6ab3d6b3a35807255d9e32283cd53bd9100
scene_1_1_terminalgain_globalmax_interp_0185,family_01,185,6.924417,7.127104,0.202687,24,2,22,2.3,1.312302,1.27,1.033308,0.103402,1.03402,1.387242,0.033981,0.216109,3.460568,0.0,scene_1|scene_1.1_y03_medium_dense_y03_3p13|4976|17,scene_1|scene_1.1_y02_medium_dense_y02_1p86|2666|17,a2055c60797b420dd5f4ac2b429d8a12dd6ff933,578b882eab05a1c2d9d91c82581969aa7c040da1
scene_1_1_terminalgain_globalmax_interp_0186,family_01,186,6.924417,7.127104,0.202687,24,2,22,2.3,1.296118,1.27,1.020565,0.103402,1.03402,1.375074,0.2123,0.152423,2.702009,0.0,scene_1|scene_1.1_y03_medium_dense_y03_3p13|4976|17,scene_1|scene_1.1_y02_medium_dense_y02_1p86|2666|17,808d39e5296dc38e6ebdac63774b1d1f61d7004c,77514f55f099737ca0dbc07cfb5119e6ccba2649
scene_1_1_terminalgain_globalmax_interp_0187,family_01,187,6.924417,7.127104,0.202687,24,2,22,2.3,1.287456,1.27,1.013745,0.103402,1.03402,1.375569,0.39062,0.088738,2.201158,0.0,scene_1|scene_1.1_y03_medium_dense_y03_3p13|4976|17,scene_1|scene_1.1_y02_medium_dense_y02_1p86|2666|17,412c4a71e50e468946ff23c641912af3f664d2b9,36c40005d6baef4082503461b2c77f083551037b
scene_1_1_terminalgain_globalmax_interp_0188,family_01,188,6.924417,7.127104,0.202687,24,2,22,2.3,1.291836,1.27,1.017194,0.103402,1.03402,1.375283,0.286995,0.025052,2.466363,0.0,scene_1|scene_1.1_y03_medium_dense_y03_3p13|4976|17,scene_1|scene_1.1_y02_medium_dense_y02_1p86|2666|17,33cde9599a3f78f21829cac62c9c74b5a2afd2a3,b13717c7139a53a05efa524ff3ae1937764c289c
scene_1_1_terminalgain_globalmax_interp_0189,family_01,189,6.924417,7.127104,0.202687,24,2,22,2.3,1.334822,1.27,1.051041,0.103402,1.03402,1.414356,0.108675,0.038633,4.320783,0.0,scene_1|scene_1.1_y03_medium_dense_y03_3p13|4976|17,scene_1|scene_1.1_y02_medium_dense_y02_1p86|2666|17,00d7f8f6dc17a880d82db1aeb4cacf70b5aa76ea,18366f3c20bc4bedd6e31b0c17477e777b0ec623
scene_1_1_terminalgain_globalmax_interp_0190,family_01,190,6.924417,7.127104,0.202687,24,2,22,2.3,1.307357,1.27,1.029415,0.103402,1.03402,1.381473,0.069644,0.102318,3.245484,0.0,scene_1|scene_1.1_y03_medium_dense_y03_3p13|4976|17,scene_1|scene_1.1_y02_medium_dense_y02_1p86|2666|17,b7460780ed391ac7a622bbeaf4149a900be5ab05,adc548f3a5e5b2f87c1b10c299a78080a6720767
scene_1_1_terminalgain_globalmax_interp_0191,family_01,191,6.924417,7.127104,0.202687,24,2,22,2.3,1.271986,1.27,1.001564,0.103402,1.03402,1.377219,0.247964,0.166004,0.737457,0.0,scene_1|scene_1.1_y03_medium_dense_y03_3p13|4976|17,scene_1|scene_1.1_y02_medium_dense_y02_1p86|2666|17,1a2ac9aa3edba62ec7607b2651be104708688e26,9e85679d20a3fd5127972c37e2d5bd6fb2bfcb6e
scene_1_1_terminalgain_globalmax_interp_0192,family_01,192,6.924417,7.127104,0.202687,24,2,22,2.3,1.321818,1.27,1.040801,0.103402,1.03402,1.398508,0.426283,0.207011,3.84421,0.0,scene_1|scene_1.1_y03_medium_dense_y03_3p13|4976|17,scene_1|scene_1.1_y02_medium_dense_y02_1p86|2666|17,87c925693cc06342980444a4876713bc3feb15ec,f3db9df3fb19f94d9878793523568a60c3ff4e3a
scene_1_1_terminalgain_globalmax_interp_0193,family_01,193,6.924417,7.127104,0.202687,24,2,22,2.3,1.317131,1.27,1.037111,0.103402,1.03402,1.392955,0.422518,0.143325,3.659748,0.0,scene_1|scene_1.1_y03_medium_dense_y03_3p13|4976|17,scene_1|scene_1.1_y02_medium_dense_y02_1p86|2666|17,238511b4dacab30fff3151e350905620c2a520ea,4d1c27e34abc300541c8071232a3459ba4910d9c
scene_1_1_terminalgain_globalmax_interp_0194,family_01,194,6.924417,7.127104,0.202687,24,2,22,2.3,1.273161,1.27,1.002489,0.103402,1.03402,1.377051,0.244198,0.079641,0.930814,0.0,scene_1|scene_1.1_y03_medium_dense_y03_3p13|4976|17,scene_1|scene_1.1_y02_medium_dense_y02_1p86|2666|17,c62af7626dcacbc90e429c19015b00f6a7e1c273,786829dc43a6dcc0020746c93c8242a3bd885d57
scene_1_1_terminalgain_globalmax_interp_0195,family_01,195,6.924417,7.127104,0.202687,24,2,22,2.3,1.305234,1.27,1.027743,0.103402,1.03402,1.379074,0.065879,0.015955,3.149314,0.0,scene_1|scene_1.1_y03_medium_dense_y03_3p13|4976|17,scene_1|scene_1.1_y02_medium_dense_y02_1p86|2666|17,0b9646087f71411a300b6006d1f2e51093f8ff45,acef2cb0793c4a081e3661441f6f13ff8b5e1683
scene_1_1_terminalgain_globalmax_interp_0196,family_01,196,6.924417,7.127104,0.202687,24,2,22,2.3,1.302476,1.27,1.025572,0.103402,1.03402,1.375947,0.112441,0.047731,3.020205,0.0,scene_1|scene_1.1_y03_medium_dense_y03_3p13|4976|17,scene_1|scene_1.1_y02_medium_dense_y02_1p86|2666|17,88c7ce23edd4227e8db0f7a5af2d7b834bf68a79,44f08e8cc9e3de392917c060a041b605832e22bc
scene_1_1_terminalgain_globalmax_interp_0197,family_01,197,6.924417,7.127104,0.202687,24,2,22,2.3,1.290569,1.27,1.016196,0.103402,1.03402,1.375363,0.29076,0.111416,2.392285,0.0,scene_1|scene_1.1_y03_medium_dense_y03_3p13|4976|17,scene_1|scene_1.1_y02_medium_dense_y02_1p86|2666|17,64cb1cfd70be7a013f394c48d00be88587ee2d77,a678a3f98a034a96845d6f85065588b9e1ee53c3
scene_1_1_terminalgain_globalmax_interp_0198,family_01,198,6.924417,7.127104,0.202687,24,2,22,2.3,1.331442,1.27,1.048379,0.103402,1.03402,1.410121,0.386853,0.175102,4.201697,0.0,scene_1|scene_1.1_y03_medium_dense_y03_3p13|4976|17,scene_1|scene_1.1_y02_medium_dense_y02_1p86|2666|17,a0db143964249dd64a684c0a8de6aed2efdfc7fe,dd9b8bedc3885f7bbbe4afaf3e68407724d5d4fc
scene_1_1_terminalgain_globalmax_interp_0199,family_01,199,6.924417,7.127104,0.202687,24,2,22,2.3,1.320793,1.27,1.039995,0.103402,1.03402,1.397313,0.208534,0.197914,3.804465,0.0,scene_1|scene_1.1_y03_medium_dense_y03_3p13|4976|17,scene_1|scene_1.1_y02_medium_dense_y02_1p86|2666|17,3972a8c51314af41f1679a180a74c81fb795f53e,10d862948ef6e0d48590bf34f13913845b18bbb0
scene_1_1_terminalgain_globalmax_interp_0200,family_01,200,6.924417,7.127104,0.202687,24,2,22,2.3,1.323228,1.27,1.041912,0.103402,1.03402,1.400236,0.030214,0.134228,3.898176,0.0,scene_1|scene_1.1_y03_medium_dense_y03_3p13|4976|17,scene_1|scene_1.1_y02_medium_dense_y02_1p86|2666|17,3c4d7b749663e44e1c5aa4d6c24110174bfc62a5,871ce9ae8ef9f1951a718ea618084b7dba321dfa
scene_1_1_terminalgain_globalmax_interp_0201,family_01,201,6.924417,7.127104,0.202687,24,2,22,2.3,1.320624,1.27,1.039862,0.103402,1.03402,1.39708,0.148105,0.070542,3.797812,0.0,scene_1|scene_1.1_y03_medium_dense_y03_3p13|4976|17,scene_1|scene_1.1_y02_medium_dense_y02_1p86|2666|17,8aa5bc9c047656ab717a1578a1bea40c7e99585d,f750369fef6d116d4e9a85390f57b7e0ac8f5035
scene_1_1_terminalgain_globalmax_interp_0202,family_01,202,6.924417,7.127104,0.202687,24,2,22,2.3,1.301359,1.27,1.024692,0.103402,1.03402,1.374996,0.326425,0.006857,2.967002,0.0,scene_1|scene_1.1_y03_medium_dense_y03_3p13|4976|17,scene_1|scene_1.1_y02_medium_dense_y02_1p86|2666|17,998dfb17ec89eb652e5516b4b2052e7b78ce7987,1a16d7b1ba2d07e717dfd3a396bfac1792ae31ae
scene_1_1_terminalgain_globalmax_interp_0203,family_01,203,6.924417,7.127104,0.202687,24,2,22,2.3,1.280762,1.27,1.008474,0.103402,1.03402,1.376164,0.35119,0.056829,1.723468,0.0,scene_1|scene_1.1_y03_medium_dense_y03_3p13|4976|17,scene_1|scene_1.1_y02_medium_dense_y02_1p86|2666|17,c4aefd2dc440c33a5ddb671173f8681edade1006,e24c6dae11db80bcca52173224f1f10b25912da0
scene_1_1_terminalgain_globalmax_interp_0204,family_01,204,6.924417,7.127104,0.202687,24,2,22,2.3,1.302433,1.27,1.025538,0.103402,1.03402,1.375835,0.17287,0.120514,3.018138,0.0,scene_1|scene_1.1_y03_medium_dense_y03_3p13|4976|17,scene_1|scene_1.1_y02_medium_dense_y02_1p86|2666|17,85ed8172879e8b12dd407abc82958bcaf503e3cc,7c0361e279dfb94a2964e4f1173c181536017900
scene_1_1_terminalgain_globalmax_interp_0205,family_01,205,6.924417,7.127104,0.202687,24,2,22,2.3,1.310112,1.27,1.031584,0.103402,1.03402,1.384689,0.005449,0.1842,3.366963,0.0,scene_1|scene_1.1_y03_medium_dense_y03_3p13|4976|17,scene_1|scene_1.1_y02_medium_dense_y02_1p86|2666|17,31e5b307f191377301087ea94d0ec201ba0abf34,edf249a2cc03b27fa6d2cb7591614249e2a8ef73
scene_1_1_terminalgain_globalmax_interp_0206,family_01,206,6.924417,7.127104,0.202687,24,2,22,2.3,1.275827,1.27,1.004588,0.103402,1.03402,1.376713,0.183769,0.188816,1.265327,0.0,scene_1|scene_1.1_y03_medium_dense_y03_3p13|4976|17,scene_1|scene_1.1_y02_medium_dense_y02_1p86|2666|17,5d378359233c34d722d4b9a0cebe1eab2bf62c82,55076831ff3a5f408302ceed9a96aea22776bdc0
scene_1_1_terminalgain_globalmax_interp_0207,family_01,207,6.924417,7.127104,0.202687,24,2,22,2.3,1.303305,1.27,1.026224,0.103402,1.03402,1.376845,0.362088,0.12513,3.059837,0.0,scene_1|scene_1.1_y03_medium_dense_y03_3p13|4976|17,scene_1|scene_1.1_y02_medium_dense_y02_1p86|2666|17,87220a1ba24c837b9d699d4f6c725d46668b2510,a56883f68523763dd8d0a50ec2b8ea164caeabd4
scene_1_1_terminalgain_globalmax_interp_0208,family_01,208,6.924417,7.127104,0.202687,24,2,22,2.3,1.345531,1.27,1.059473,0.103402,1.03402,1.427611,0.315525,0.061444,4.683022,0.0,scene_1|scene_1.1_y03_medium_dense_y03_3p13|4976|17,scene_1|scene_1.1_y02_medium_dense_y02_1p86|2666|17,fa3918baeb573c6daa752111c0d0b5339663f438,bdf91c8f12507e1d29e14fd2f5c2b80d6f837e69
scene_1_1_terminalgain_globalmax_interp_0209,family_01,209,6.924417,7.127104,0.202687,24,2,22,2.3,1.3075,1.27,1.029528,0.103402,1.03402,1.381692,0.137206,0.002241,3.252167,0.0,scene_1|scene_1.1_y03_medium_dense_y03_3p13|4976|17,scene_1|scene_1.1_y02_medium_dense_y02_1p86|2666|17,ad4626021a00c4477649e2a9c35aee188c181188,e4b7ebcb083361fb7b054738d890058b2d8ea27c
scene_1_1_terminalgain_globalmax_interp_0210,family_01,210,6.924417,7.127104,0.202687,24,2,22,2.3,1.280691,1.27,1.008418,0.103402,1.03402,1.376157,0.041114,0.065927,1.717478,0.0,scene_1|scene_1.1_y03_medium_dense_y03_3p13|4976|17,scene_1|scene_1.1_y02_medium_dense_y02_1p86|2666|17,eb73f53824109db06d1678c510d7157401e390bf,22b9dc075bbb4aea5ed0b5cdb6a6c6989b8d83ff
scene_1_1_terminalgain_globalmax_interp_0211,family_01,211,6.924417,7.127104,0.202687,24,2,22,2.3,1.300601,1.27,1.024095,0.103402,1.03402,1.374918,0.219433,0.129613,2.929764,0.0,scene_1|scene_1.1_y03_medium_dense_y03_3p13|4976|17,scene_1|scene_1.1_y02_medium_dense_y02_1p86|2666|17,a9b6d6e7b73dbd876e315a12c2dccd69835cf55d,1db3fc5cc93290ce4c53871ed00377355ceb98d8
scene_1_1_terminalgain_globalmax_interp_0212,family_01,212,6.924417,7.127104,0.202687,24,2,22,2.3,1.294633,1.27,1.019396,0.103402,1.03402,1.375148,0.397753,0.193298,2.622019,0.0,scene_1|scene_1.1_y03_medium_dense_y03_3p13|4976|17,scene_1|scene_1.1_y02_medium_dense_y02_1p86|2666|17,d7c57def68ab657a529524e05b17aacab53abc17,5cf316bb2c28f9a4c5a5c2518e760d55f5ec7bf0
scene_1_1_terminalgain_globalmax_interp_0213,family_01,213,6.924417,7.127104,0.202687,24,2,22,2.3,1.306951,1.27,1.029095,0.103402,1.03402,1.381001,0.279862,0.179718,3.227664,0.0,scene_1|scene_1.1_y03_medium_dense_y03_3p13|4976|17,scene_1|scene_1.1_y02_medium_dense_y02_1p86|2666|17,f59641534a4064fa4b600bd89943acca8d01d804,1184310441751a2ef1f5a9df2abd79fb2c8e7e08
scene_1_1_terminalgain_globalmax_interp_0214,family_01,214,6.924417,7.127104,0.202687,24,2,22,2.3,1.291956,1.27,1.017288,0.103402,1.03402,1.375283,0.101542,0.116032,2.473101,0.0,scene_1|scene_1.1_y03_medium_dense_y03_3p13|4976|17,scene_1|scene_1.1_y02_medium_dense_y02_1p86|2666|17,1df8caf0e252d2306ae9ca3fea0b6048d14330df,61055bfb7ccf7cb22445276355f7e7e2c18517f1
scene_1_1_terminalgain_globalmax_interp_0215,family_01,215,6.924417,7.127104,0.202687,24,2,22,2.3,1.272081,1.27,1.001639,0.103402,1.03402,1.377203,0.076777,0.052346,0.754953,0.0,scene_1|scene_1.1_y03_medium_dense_y03_3p13|4976|17,scene_1|scene_1.1_y02_medium_dense_y02_1p86|2666|17,f3abe60adf3c4e665e48b429ab209d109a629ae0,179131d1d9ff06c3854f6f1ba2ba5210d02afb72
scene_1_1_terminalgain_globalmax_interp_0216,family_01,216,6.924417,7.127104,0.202687,24,2,22,2.3,1.349984,1.27,1.06298,0.103402,1.03402,1.433236,0.255097,0.011339,4.826607,0.0,scene_1|scene_1.1_y03_medium_dense_y03_3p13|4976|17,scene_1|scene_1.1_y02_medium_dense_y02_1p86|2666|17,a23060e335cd7faf5deb9c3c342a1c95e9ad7513,cd55bebfa68d9bb609b317351c935f465a1d9e81
scene_1_1_terminalgain_globalmax_interp_0217,family_01,217,6.924417,7.127104,0.202687,24,2,22,2.3,1.344446,1.27,1.058619,0.103402,1.03402,1.426306,0.433417,0.075025,4.647002,0.0,scene_1|scene_1.1_y03_medium_dense_y03_3p13|4976|17,scene_1|scene_1.1_y02_medium_dense_y02_1p86|2666|17,108586b99b91fa6ff7ce32dccc09e9daba7c13cd,0f0b64163025dd60ec48c9768a68c3819cf4ca3f
scene_1_1_terminalgain_globalmax_interp_0218,family_01,218,6.924417,7.127104,0.202687,24,2,22,2.3,1.272598,1.27,1.002046,0.103402,1.03402,1.377135,0.415385,0.138711,0.843943,0.0,scene_1|scene_1.1_y03_medium_dense_y03_3p13|4976|17,scene_1|scene_1.1_y02_medium_dense_y02_1p86|2666|17,5dc5e110a0c6fa4d3f41dee3fa0115d725b0a771,d9d2ae24b36268deab9b6617406b73079c1c56d1
scene_1_1_terminalgain_globalmax_interp_0219,family_01,219,6.924417,7.127104,0.202687,24,2,22,2.3,1.289641,1.27,1.015465,0.103402,1.03402,1.375409,0.237065,0.202396,2.336449,0.0,scene_1|scene_1.1_y03_medium_dense_y03_3p13|4976|17,scene_1|scene_1.1_y02_medium_dense_y02_1p86|2666|17,946cf6979cabc8d9a2077d17fcb6c710bd5db9cd,13024cf7775e14a8e80c06f1b22e9baf50353490
scene_1_1_terminalgain_globalmax_interp_0220,family_01,220,6.924417,7.127104,0.202687,24,2,22,2.3,1.31027,1.27,1.031709,0.103402,1.03402,1.384913,0.058746,0.170619,3.373852,0.0,scene_1|scene_1.1_y03_medium_dense_y03_3p13|4976|17,scene_1|scene_1.1_y02_medium_dense_y02_1p86|2666|17,715a224ad0067d5d85bd722ba5f294e9a22786a6,3330e5e6426d76a1cd10f3744336c54612088112
scene_1_1_terminalgain_globalmax_interp_0221,family_01,221,6.924417,7.127104,0.202687,24,2,22,2.3,1.290565,1.27,1.016193,0.103402,1.03402,1.375338,0.119574,0.106934,2.391999,0.0,scene_1|scene_1.1_y03_medium_dense_y03_3p13|4976|17,scene_1|scene_1.1_y02_medium_dense_y02_1p86|2666|17,2bd41749a166b95146674bdef5bf7462e3bcb85e,e69b3d4fd48a5e610b262a9bd22b547ab0b80649
scene_1_1_terminalgain_globalmax_interp_0222,family_01,222,6.924417,7.127104,0.202687,24,2,22,2.3,1.303025,1.27,1.026004,0.103402,1.03402,1.376521,0.297894,0.043248,3.046278,0.0,scene_1|scene_1.1_y03_medium_dense_y03_3p13|4976|17,scene_1|scene_1.1_y02_medium_dense_y02_1p86|2666|17,e3f096d2d9adb6f4df543e37ef90cc6536858e68,44ba5562e469fada1434f4244806745d75a4f898
scene_1_1_terminalgain_globalmax_interp_0223,family_01,223,6.924417,7.127104,0.202687,24,2,22,2.3,1.279507,1.27,1.007486,0.103402,1.03402,1.376295,0.37972,0.020437,1.619005,0.0,scene_1|scene_1.1_y03_medium_dense_y03_3p13|4976|17,scene_1|scene_1.1_y02_medium_dense_y02_1p86|2666|17,cbf340f7df80dfac35d084e8fda5717ef7f6ac5c,5f7cd0eb984a0e824e2779d8a5e3f76d7618c752
scene_1_1_terminalgain_globalmax_interp_0224,family_01,224,6.924417,7.127104,0.202687,24,2,22,2.3,1.312718,1.27,1.033636,0.103402,1.03402,1.387674,0.201402,0.084123,3.478431,0.0,scene_1|scene_1.1_y03_medium_dense_y03_3p13|4976|17,scene_1|scene_1.1_y02_medium_dense_y02_1p86|2666|17,bc3a1f21f97f6531d5b9f709212a9d6202f78c82,d9d1ff2e6f0294d9f55ec75710bfb5666e348b4f
scene_1_1_terminalgain_globalmax_interp_0225,family_01,225,6.924417,7.127104,0.202687,24,2,22,2.3,1.341433,1.27,1.056246,0.103402,1.03402,1.422508,0.023082,0.147809,4.547003,0.0,scene_1|scene_1.1_y03_medium_dense_y03_3p13|4976|17,scene_1|scene_1.1_y02_medium_dense_y02_1p86|2666|17,71499f3463d9ea5408ec6f00f6080538b8bb876b,bb18724345c01a27b3bf0a8ab165092058957bab
scene_1_1_terminalgain_globalmax_interp_0226,family_01,226,6.924417,7.127104,0.202687,24,2,22,2.3,1.321398,1.27,1.040471,0.103402,1.03402,1.398,0.155237,0.211494,3.828193,0.0,scene_1|scene_1.1_y03_medium_dense_y03_3p13|4976|17,scene_1|scene_1.1_y02_medium_dense_y02_1p86|2666|17,03cded2f576a3dd74d8650eb1b0762b6203509af,e5dbc735d9674f20bbe79d67c0c7c1efa5afe8e7
scene_1_1_terminalgain_globalmax_interp_0227,family_01,227,6.924417,7.127104,0.202687,24,2,22,2.3,1.278291,1.27,1.006528,0.103402,1.03402,1.37643,0.333557,0.161521,1.5112,0.0,scene_1|scene_1.1_y03_medium_dense_y03_3p13|4976|17,scene_1|scene_1.1_y02_medium_dense_y02_1p86|2666|17,8a560c74015baf4cabcdc88c1a240f6d5ca855da,188284dbbd1a4c620e6367fa3f2eff67b9c298e3
scene_1_1_terminalgain_globalmax_interp_0228,family_01,228,6.924417,7.127104,0.202687,24,2,22,2.3,1.305669,1.27,1.028086,0.103402,1.03402,1.37956,0.344057,0.097836,3.169725,0.0,scene_1|scene_1.1_y03_medium_dense_y03_3p13|4976|17,scene_1|scene_1.1_y02_medium_dense_y02_1p86|2666|17,82328ecbd44d39241c742ccc9674d6a075a5ab10,b63391822522a17eaedf08612dc51f2b3633d8fa
scene_1_1_terminalgain_globalmax_interp_0229,family_01,229,6.924417,7.127104,0.202687,24,2,22,2.3,1.311832,1.27,1.032939,0.103402,1.03402,1.386681,0.165737,0.03415,3.440713,0.0,scene_1|scene_1.1_y03_medium_dense_y03_3p13|4976|17,scene_1|scene_1.1_y02_medium_dense_y02_1p86|2666|17,1c5be8cd2cc97c45109e941e3091ac67733e2820,0a27e08aedd58b6d278e32831bf1499b947ae090
scene_1_1_terminalgain_globalmax_interp_0230,family_01,230,6.924417,7.127104,0.202687,24,2,22,2.3,1.283485,1.27,1.010618,0.103402,1.03402,1.375904,0.012582,0.029536,1.931054,0.0,scene_1|scene_1.1_y03_medium_dense_y03_3p13|4976|17,scene_1|scene_1.1_y02_medium_dense_y02_1p86|2666|17,100c4684433b7b50845dc88135e76df89b654708,2ab1b857d9f5b1a03807a42a323faf340dd4a206
scene_1_1_terminalgain_globalmax_interp_0231,family_01,231,6.924417,7.127104,0.202687,24,2,22,2.3,1.287787,1.27,1.014006,0.103402,1.03402,1.375585,0.190902,0.093221,2.222196,0.0,scene_1|scene_1.1_y03_medium_dense_y03_3p13|4976|17,scene_1|scene_1.1_y02_medium_dense_y02_1p86|2666|17,2fafe6c7e1bd4ae1e3f4d00e64b2362f18b622d1,4f0bb454a08786ac23f2271acd982457e7e73e13
scene_1_1_terminalgain_globalmax_interp_0232,family_01,232,6.924417,7.127104,0.202687,24,2,22,2.3,1.334402,1.27,1.05071,0.103402,1.03402,1.41379,0.369222,0.156906,4.30631,0.0,scene_1|scene_1.1_y03_medium_dense_y03_3p13|4976|17,scene_1|scene_1.1_y02_medium_dense_y02_1p86|2666|17,a63de3a50d1405ac14a41c89646422b763425b63,930b9089a84f5780498920c164327f74b2b41332
scene_1_1_terminalgain_globalmax_interp_0233,family_01,233,6.924417,7.127104,0.202687,24,2,22,2.3,1.321832,1.27,1.040813,0.103402,1.03402,1.398551,0.308393,0.220591,3.844752,0.0,scene_1|scene_1.1_y03_medium_dense_y03_3p13|4976|17,scene_1|scene_1.1_y02_medium_dense_y02_1p86|2666|17,959e8c05ddf3011da92bc454b6643a88bdab82d6,8c89a1fafdeaaa4246a027967eae1d0d388c65a8
scene_1_1_terminalgain_globalmax_interp_0234,family_01,234,6.924417,7.127104,0.202687,24,2,22,2.3,1.303489,1.27,1.026369,0.103402,1.03402,1.377052,0.130074,0.214809,3.068179,0.0,scene_1|scene_1.1_y03_medium_dense_y03_3p13|4976|17,scene_1|scene_1.1_y02_medium_dense_y02_1p86|2666|17,8e0a89d2b03643b58969715f35079eb668c6e46d,bf5a9b0e2de9236e7f928bf7056ae426348d9cb8
scene_1_1_terminalgain_globalmax_interp_0235,family_01,235,6.924417,7.127104,0.202687,24,2,22,2.3,1.323771,1.27,1.042339,0.103402,1.03402,1.400871,0.048246,0.151124,3.918898,0.0,scene_1|scene_1.1_y03_medium_dense_y03_3p13|4976|17,scene_1|scene_1.1_y02_medium_dense_y02_1p86|2666|17,88adc9e6cc9c749568f1d5183961f4ea7b48ebf9,827b50313f4e0c24736f2e2f9fa162a7b4b7304d
scene_1_1_terminalgain_globalmax_interp_0236,family_01,236,6.924417,7.127104,0.202687,24,2,22,2.3,1.285994,1.27,1.012593,0.103402,1.03402,1.375699,0.226565,0.087438,2.105274,0.0,scene_1|scene_1.1_y03_medium_dense_y03_3p13|4976|17,scene_1|scene_1.1_y02_medium_dense_y02_1p86|2666|17,092b81ca2a8505e950ed1b4d4c36fcb518f5c818,ba236e9af48cbbb788aa993be5d92ded1f63241c
scene_1_1_terminalgain_globalmax_interp_0237,family_01,237,6.924417,7.127104,0.202687,24,2,22,2.3,1.308629,1.27,1.030417,0.103402,1.03402,1.382994,0.404885,0.023753,3.302263,0.0,scene_1|scene_1.1_y03_medium_dense_y03_3p13|4976|17,scene_1|scene_1.1_y02_medium_dense_y02_1p86|2666|17,c4f5bc1ed141a7bd60cefcf3e043eb51541e58f1,6b26e3198656660a7d1a809236413a0ccbc4817a
scene_1_1_terminalgain_globalmax_interp_0238,family_01,238,6.924417,7.127104,0.202687,24,2,22,2.3,1.297084,1.27,1.021326,0.103402,1.03402,1.375039,0.272729,0.039933,2.752061,0.0,scene_1|scene_1.1_y03_medium_dense_y03_3p13|4976|17,scene_1|scene_1.1_y02_medium_dense_y02_1p86|2666|17,5ca9c99d7824059f76df243a9046ce27349634c5,9a7137f07235f33f11f734585ee10465cf4a2fe8
scene_1_1_terminalgain_globalmax_interp_0239,family_01,239,6.924417,7.127104,0.202687,24,2,22,2.3,1.273309,1.27,1.002605,0.103402,1.03402,1.377024,0.094409,0.103619,0.952586,0.0,scene_1|scene_1.1_y03_medium_dense_y03_3p13|4976|17,scene_1|scene_1.1_y02_medium_dense_y02_1p86|2666|17,9b1e6d05389f42a8f68cdf0737971be57a9222c0,b8812f206a9df41c3fb351235b354cc3bc3d272e
scene_1_1_terminalgain_globalmax_interp_0240,family_01,240,6.924417,7.127104,0.202687,24,2,22,2.3,1.320691,1.27,1.039914,0.103402,1.03402,1.397167,0.08391,0.167304,3.800737,0.0,scene_1|scene_1.1_y03_medium_dense_y03_3p13|4976|17,scene_1|scene_1.1_y02_medium_dense_y02_1p86|2666|17,828468fb7f59e4ff09fb6b93d96469747ba1706f,3ed3727007ff64bff47011ce7a2fe8012ff16a5f
scene_1_1_terminalgain_globalmax_interp_0241,family_01,241,6.924417,7.127104,0.202687,24,2,22,2.3,1.31955,1.27,1.039016,0.103402,1.03402,1.39579,0.26223,0.205711,3.755886,0.0,scene_1|scene_1.1_y03_medium_dense_y03_3p13|4976|17,scene_1|scene_1.1_y02_medium_dense_y02_1p86|2666|17,b5c00b2d68b621d3f889a82e94731a4201bd844d,311f82e91815659e8e75d5f2f56362f3c80f8b21
scene_1_1_terminalgain_globalmax_interp_0242,family_01,242,6.924417,7.127104,0.202687,24,2,22,2.3,1.273228,1.27,1.002541,0.103402,1.03402,1.377056,0.44055,0.142026,0.941008,0.0,scene_1|scene_1.1_y03_medium_dense_y03_3p13|4976|17,scene_1|scene_1.1_y02_medium_dense_y02_1p86|2666|17,2b982c79ae293f55375e196ece4651eeb25c5c27,37a4cb28f2b35a76aaaa869bac4adc3671ba976a
scene_1_1_terminalgain_globalmax_interp_0243,family_01,243,6.924417,7.127104,0.202687,24,2,22,2.3,1.316664,1.27,1.036743,0.103402,1.03402,1.392348,0.44249,0.07834,3.640887,0.0,scene_1|scene_1.1_y03_medium_dense_y03_3p13|4976|17,scene_1|scene_1.1_y02_medium_dense_y02_1p86|2666|17,6b8a684b402a451e4e1b4e57212231ff0793455f,785470ede425b734e21ffe739311798ec4fdcb98
scene_1_1_terminalgain_globalmax_interp_0244,family_01,244,6.924417,7.127104,0.202687,24,2,22,2.3,1.324466,1.27,1.042887,0.103402,1.03402,1.401712,0.26417,0.014654,3.945357,0.0,scene_1|scene_1.1_y03_medium_dense_y03_3p13|4976|17,scene_1|scene_1.1_y02_medium_dense_y02_1p86|2666|17,1adfbde12757eae444ce86e96de4af1e3f1dfc2b,6b7ec17ff7cbdf4a238007e17e954ef1f470de9e
scene_1_1_terminalgain_globalmax_interp_0245,family_01,245,6.924417,7.127104,0.202687,24,2,22,2.3,1.291677,1.27,1.017069,0.103402,1.03402,1.375326,0.08585,0.049031,2.456977,0.0,scene_1|scene_1.1_y03_medium_dense_y03_3p13|4976|17,scene_1|scene_1.1_y02_medium_dense_y02_1p86|2666|17,c311677540046aec7d0765a66169e920cdb2124a,272b0cd12ca2764139583032b257ae0374358f8f
scene_1_1_terminalgain_globalmax_interp_0246,family_01,246,6.924417,7.127104,0.202687,24,2,22,2.3,1.29089,1.27,1.016449,0.103402,1.03402,1.375356,0.092469,0.112717,2.410974,0.0,scene_1|scene_1.1_y03_medium_dense_y03_3p13|4976|17,scene_1|scene_1.1_y02_medium_dense_y02_1p86|2666|17,7ef3e2cac464540f5774af1c0b84927380d47d78,e045f50e967cbe66fe7cd3013d11dd36514c3e89
scene_1_1_terminalgain_globalmax_interp_0247,family_01,247,6.924417,7.127104,0.202687,24,2,22,2.3,1.289819,1.27,1.015606,0.103402,1.03402,1.375414,0.270789,0.176401,2.34756,0.0,scene_1|scene_1.1_y03_medium_dense_y03_3p13|4976|17,scene_1|scene_1.1_y02_medium_dense_y02_1p86|2666|17,75161fc5821b42b289e33abedc243da38ad5f193,903fabe02df79457286e4ee3951fd4e91c127347
scene_1_1_terminalgain_globalmax_interp_0248,family_01,248,6.924417,7.127104,0.202687,24,2,22,2.3,1.309653,1.27,1.031223,0.103402,1.03402,1.384155,0.406825,0.196613,3.34737,0.0,scene_1|scene_1.1_y03_medium_dense_y03_3p13|4976|17,scene_1|scene_1.1_y02_medium_dense_y02_1p86|2666|17,c707d867e460d3895ac3d953fc91537b51dd6ba6,4f41eed3bfff9a5fe39f9129f1949e2a8c55e91f
scene_1_1_terminalgain_globalmax_interp_0249,family_01,249,6.924417,7.127104,0.202687,24,2,22,2.3,1.340784,1.27,1.055735,0.103402,1.03402,1.421697,0.228506,0.132928,4.525192,0.0,scene_1|scene_1.1_y03_medium_dense_y03_3p13|4976|17,scene_1|scene_1.1_y02_medium_dense_y02_1p86|2666|17,ac2e633b08c1baf68e4ee26415f7720052c9ba09,9614ca2da679b5f953d62a47764910864392a8fb
scene_1_1_terminalgain_globalmax_interp_0250,family_01,250,6.924417,7.127104,0.202687,24,2,22,2.3,1.277868,1.27,1.006195,0.103402,1.03402,1.376486,0.050186,0.069242,1.471612,0.0,scene_1|scene_1.1_y03_medium_dense_y03_3p13|4976|17,scene_1|scene_1.1_y02_medium_dense_y02_1p86|2666|17,ff1dc50d9fe5ea8561f85ab61eece7f4f4d8ec30,9b7225d0930f9d7681f77067468d4ae6a74cb8d8
scene_1_1_terminalgain_globalmax_interp_0251,family_02,1,6.692405,7.127104,0.4347,24,2,22,2.3,1.8825,1.8825,1.0,0.153272,1.53272,2.0418,0.0,0.0,0.0,0.0,scene_1|scene_1.1_y02_medium_dense_y02_1p86|3128|38,scene_1|scene_1.1_y02_medium_dense_y02_1p86|2666|17,ec74ae2e4bd8e9a9382f1cac53e6841ce33f7951,16ad2fc816dc17c37428edd5b1a45b02e1e9970e
scene_1_1_terminalgain_globalmax_interp_0252,family_02,2,6.692405,7.127104,0.4347,24,2,22,2.3,1.961577,1.8825,1.042007,0.153272,1.53272,2.07586,0.159848,0.001548,3.902876,0.0,scene_1|scene_1.1_y02_medium_dense_y02_1p86|3128|38,scene_1|scene_1.1_y02_medium_dense_y02_1p86|2666|17,7d6804e0a0fa50e9420b5dbcc4121942ec211b08,e3c4422d11d2e3b22eb868db13765a67aeb5c5fc
scene_1_1_terminalgain_globalmax_interp_0253,family_02,3,6.692405,7.127104,0.4347,24,2,22,2.3,1.886056,1.8825,1.001889,0.153272,1.53272,2.041291,0.018471,0.062138,0.810675,0.0,scene_1|scene_1.1_y02_medium_dense_y02_1p86|3128|38,scene_1|scene_1.1_y02_medium_dense_y02_1p86|2666|17,8f8a841ac8eb8182f7b61a77b9956a1153c70234,b61e014a9b9ae22c0bad77090713b054d25f3282
scene_1_1_terminalgain_globalmax_interp_0254,family_02,4,6.692405,7.127104,0.4347,24,2,22,2.3,1.899238,1.8825,1.008891,0.153272,1.53272,2.039747,0.196791,0.125823,1.765379,0.0,scene_1|scene_1.1_y02_medium_dense_y02_1p86|3128|38,scene_1|scene_1.1_y02_medium_dense_y02_1p86|2666|17,b266d0a1d19a017e69dea9faf9de204ab2b2fa35,e41e74170e2b5b2217eb610c7ea4a51fc6eccb00
scene_1_1_terminalgain_globalmax_interp_0255,family_02,5,6.692405,7.127104,0.4347,24,2,22,2.3,1.92342,1.8825,1.021737,0.153272,1.53272,2.038135,0.37511,0.189509,2.779278,0.0,scene_1|scene_1.1_y02_medium_dense_y02_1p86|3128|38,scene_1|scene_1.1_y02_medium_dense_y02_1p86|2666|17,48d4209e025f3061342d1f1eaa626d9e1dfb7f7d,4d83a60fb981ce39f3c050762b7d7a59406a3918
scene_1_1_terminalgain_globalmax_interp_0256,family_02,6,6.692405,7.127104,0.4347,24,2,22,2.3,1.903623,1.8825,1.011221,0.153272,1.53272,2.039319,0.302505,0.183507,1.986137,0.0,scene_1|scene_1.1_y02_medium_dense_y02_1p86|3128|38,scene_1|scene_1.1_y02_medium_dense_y02_1p86|2666|17,020cce6fea38064282f26a0ab41997d8f08aecb1,c264f3cca0bf2216651fcac7244a4f0d70913cf1
scene_1_1_terminalgain_globalmax_interp_0257,family_02,7,6.692405,7.127104,0.4347,24,2,22,2.3,1.908701,1.8825,1.013918,0.153272,1.53272,2.038971,0.124185,0.119821,2.214784,0.0,scene_1|scene_1.1_y02_medium_dense_y02_1p86|3128|38,scene_1|scene_1.1_y02_medium_dense_y02_1p86|2666|17,4ade9ea31e3b96210e17e2dc6dd074106d32c89f,2d42f85e58e4fa04e99af3009361d9f23719b475
scene_1_1_terminalgain_globalmax_interp_0258,family_02,8,6.692405,7.127104,0.4347,24,2,22,2.3,1.894676,1.8825,1.006468,0.153272,1.53272,2.04023,0.054135,0.056135,1.504026,0.0,scene_1|scene_1.1_y02_medium_dense_y02_1p86|3128|38,scene_1|scene_1.1_y02_medium_dense_y02_1p86|2666|17,8be880fa849b6d626da12619a63f9ef29c6c6525,9f6f43b5c9baecffe2d90b923b08b911c9622f91
scene_1_1_terminalgain_globalmax_interp_0259,family_02,9,6.692405,7.127104,0.4347,24,2,22,2.3,1.919579,1.8825,1.019697,0.153272,1.53272,2.038332,0.232454,0.00755,2.642962,0.0,scene_1|scene_1.1_y02_medium_dense_y02_1p86|3128|38,scene_1|scene_1.1_y02_medium_dense_y02_1p86|2666|17,8dff702817ef382fc7056037b6ded06cde7b0a61,1a2013e8a290da44a6d06762d98e408028d34c72
scene_1_1_terminalgain_globalmax_interp_0260,family_02,10,6.692405,7.127104,0.4347,24,2,22,2.3,1.947601,1.8825,1.034582,0.153272,1.53272,2.059201,0.410774,0.071236,3.528295,0.0,scene_1|scene_1.1_y02_medium_dense_y02_1p86|3128|38,scene_1|scene_1.1_y02_medium_dense_y02_1p86|2666|17,87d7efa3463616191e48ea5b21d7f625bac5ec47,55410b1078bf7d2b0d688def5551033c244c6e98
scene_1_1_terminalgain_globalmax_interp_0261,family_02,11,6.692405,7.127104,0.4347,24,2,22,2.3,1.919585,1.8825,1.0197,0.153272,1.53272,2.038327,0.438027,0.134921,2.642892,0.0,scene_1|scene_1.1_y02_medium_dense_y02_1p86|3128|38,scene_1|scene_1.1_y02_medium_dense_y02_1p86|2666|17,fbe72e1843475b7321116634fb9c65a09cce6f2e,fbb5d4b7a3c08c79f3b3be77d9006d2e3be63f7f
scene_1_1_terminalgain_globalmax_interp_0262,family_02,12,6.692405,7.127104,0.4347,24,2,22,2.3,1.887871,1.8825,1.002853,0.153272,1.53272,2.041054,0.259708,0.198607,0.996936,0.0,scene_1|scene_1.1_y02_medium_dense_y02_1p86|3128|38,scene_1|scene_1.1_y02_medium_dense_y02_1p86|2666|17,e1863efea8d3bca8381df83c97044a9b265135eb,385d1a07c8c12384b1b999e55ed0d6955b806879
scene_1_1_terminalgain_globalmax_interp_0263,family_02,13,6.692405,7.127104,0.4347,24,2,22,2.3,1.919956,1.8825,1.019897,0.153272,1.53272,2.038303,0.081388,0.174409,2.656475,0.0,scene_1|scene_1.1_y02_medium_dense_y02_1p86|3128|38,scene_1|scene_1.1_y02_medium_dense_y02_1p86|2666|17,b107de76c7ce28b99735c388a8143ba61782b2ff,cb1e6be94580badfaaae211b4fc9a0adc5608949
scene_1_1_terminalgain_globalmax_interp_0264,family_02,14,6.692405,7.127104,0.4347,24,2,22,2.3,1.915006,1.8825,1.017268,0.153272,1.53272,2.03857,0.096931,0.110723,2.47146,0.0,scene_1|scene_1.1_y02_medium_dense_y02_1p86|3128|38,scene_1|scene_1.1_y02_medium_dense_y02_1p86|2666|17,75acea19f9e33215a6e7c0668beda7f876b6eb6a,38a790dd682714d95a00bb7d0bd7ae26e3ce5883
scene_1_1_terminalgain_globalmax_interp_0265,family_02,15,6.692405,7.127104,0.4347,24,2,22,2.3,1.893718,1.8825,1.005959,0.153272,1.53272,2.040328,0.275251,0.047037,1.44327,0.0,scene_1|scene_1.1_y02_medium_dense_y02_1p86|3128|38,scene_1|scene_1.1_y02_medium_dense_y02_1p86|2666|17,fd0cbf7082333be0df16a91d8baffefda4a6dba4,37710587140b850512b07790d7fe9f7ed5f022b6
scene_1_1_terminalgain_globalmax_interp_0266,family_02,16,6.692405,7.127104,0.4347,24,2,22,2.3,1.907758,1.8825,1.013417,0.153272,1.53272,2.038978,0.402363,0.016648,2.174187,0.0,scene_1|scene_1.1_y02_medium_dense_y02_1p86|3128|38,scene_1|scene_1.1_y02_medium_dense_y02_1p86|2666|17,c3ed984e06f20952d6b9ff6fb6fa080b69c7dda1,0a2529d9744bed077b29cc28b722bef9baf63b9a
scene_1_1_terminalgain_globalmax_interp_0267,family_02,17,6.692405,7.127104,0.4347,24,2,22,2.3,1.936033,1.8825,1.028437,0.153272,1.53272,2.045758,0.224043,0.080334,3.189913,0.0,scene_1|scene_1.1_y02_medium_dense_y02_1p86|3128|38,scene_1|scene_1.1_y02_medium_dense_y02_1p86|2666|17,89ed745058be2d77f50cd81fc7ec8bd26e83be72,34236f5126d604a022e1c2f43c0f928e7835d68a
scene_1_1_terminalgain_globalmax_interp_0268,family_02,18,6.692405,7.127104,0.4347,24,2,22,2.3,1.932863,1.8825,1.026753,0.153272,1.53272,2.042088,0.045724,0.14402,3.091342,0.0,scene_1|scene_1.1_y02_medium_dense_y02_1p86|3128|38,scene_1|scene_1.1_y02_medium_dense_y02_1p86|2666|17,d532105113b30dee05a7a9c54705f354317f6c2e,4cdb74e70f0c81948ef731dc8c2fd4afcfb6d091
scene_1_1_terminalgain_globalmax_interp_0269,family_02,19,6.692405,7.127104,0.4347,24,2,22,2.3,1.92541,1.8825,1.022794,0.153272,1.53272,2.038114,0.132596,0.207704,2.847416,0.0,scene_1|scene_1.1_y02_medium_dense_y02_1p86|3128|38,scene_1|scene_1.1_y02_medium_dense_y02_1p86|2666|17,e63b1e26d166f768b9b8a8451e87372249815222,b3a2127e65bde3e7223af182400729d0b92449fb
scene_1_1_terminalgain_globalmax_interp_0270,family_02,20,6.692405,7.127104,0.4347,24,2,22,2.3,1.938798,1.8825,1.029906,0.153272,1.53272,2.048936,0.310915,0.165311,3.273477,0.0,scene_1|scene_1.1_y02_medium_dense_y02_1p86|3128|38,scene_1|scene_1.1_y02_medium_dense_y02_1p86|2666|17,86e18ec3469c48b9af7dd962f8d606f9d89b11af,1815e719c47dac9f1ef6ed0765c128e854f37121
scene_1_1_terminalgain_globalmax_interp_0271,family_02,21,6.692405,7.127104,0.4347,24,2,22,2.3,1.900257,1.8825,1.009433,0.153272,1.53272,2.039633,0.3667,0.101625,1.819331,0.0,scene_1|scene_1.1_y02_medium_dense_y02_1p86|3128|38,scene_1|scene_1.1_y02_medium_dense_y02_1p86|2666|17,8141f442a149f90d99713ebcb4f40ef2eb50d381,0fd03a0aad8b72ef127e619ceb31ae948008d6b1
scene_1_1_terminalgain_globalmax_interp_0272,family_02,22,6.692405,7.127104,0.4347,24,2,22,2.3,1.915448,1.8825,1.017502,0.153272,1.53272,2.038498,0.18838,0.037939,2.48861,0.0,scene_1|scene_1.1_y02_medium_dense_y02_1p86|3128|38,scene_1|scene_1.1_y02_medium_dense_y02_1p86|2666|17,1a96a5cb53f1788bc78ab55e42c3614e8eb6cd7f,73e6e3718f99f7515cf4171acb5e16cb225c582f
scene_1_1_terminalgain_globalmax_interp_0273,family_02,23,6.692405,7.127104,0.4347,24,2,22,2.3,1.913165,1.8825,1.016289,0.153272,1.53272,2.038647,0.01006,0.025746,2.399215,0.0,scene_1|scene_1.1_y02_medium_dense_y02_1p86|3128|38,scene_1|scene_1.1_y02_medium_dense_y02_1p86|2666|17,6908aea516a231dedca3fb1519093e014ffcce2b,d4f27bb4cd844b7465687a491876d4958c7ad342
scene_1_1_terminalgain_globalmax_interp_0274,family_02,24,6.692405,7.127104,0.4347,24,2,22,2.3,1.885453,1.8825,1.001568,0.153272,1.53272,2.041379,0.168259,0.089431,0.738574,0.0,scene_1|scene_1.1_y02_medium_dense_y02_1p86|3128|38,scene_1|scene_1.1_y02_medium_dense_y02_1p86|2666|17,2ae7d7095cc6c561593b8c7c080343d549cf1c33,eac8387c2422b4c77e5cf9a6f249741ebc240c2a
scene_1_1_terminalgain_globalmax_interp_0275,family_02,25,6.692405,7.127104,0.4347,24,2,22,2.3,1.928403,1.8825,1.024384,0.153272,1.53272,2.038042,0.346579,0.153117,2.947578,0.0,scene_1|scene_1.1_y02_medium_dense_y02_1p86|3128|38,scene_1|scene_1.1_y02_medium_dense_y02_1p86|2666|17,9b949746b7e5f71d72c811212f87bd010095786f,9a4c9f5adae3852d318d55f8dfffc18d5b1d1608
scene_1_1_terminalgain_globalmax_interp_0276,family_02,26,6.692405,7.127104,0.4347,24,2,22,2.3,1.93133,1.8825,1.025939,0.153272,1.53272,2.040325,0.331035,0.216802,3.042405,0.0,scene_1|scene_1.1_y02_medium_dense_y02_1p86|3128|38,scene_1|scene_1.1_y02_medium_dense_y02_1p86|2666|17,7449551af1cbef9a2647923e335b16479c6ab06b,9cf724b71216fc5e5f0a60f0ee854608dbed9dce
scene_1_1_terminalgain_globalmax_interp_0277,family_02,27,6.692405,7.127104,0.4347,24,2,22,2.3,1.884619,1.8825,1.001126,0.153272,1.53272,2.041489,0.152715,0.218599,0.625576,0.0,scene_1|scene_1.1_y02_medium_dense_y02_1p86|3128|38,scene_1|scene_1.1_y02_medium_dense_y02_1p86|2666|17,14bc86fd9478d75027e3de7b581db720e14e1ac5,c718e123f0ee6c068ff491dee1cce5e9dedd4fc4
scene_1_1_terminalgain_globalmax_interp_0278,family_02,28,6.692405,7.127104,0.4347,24,2,22,2.3,1.921119,1.8825,1.020515,0.153272,1.53272,2.038244,0.025604,0.154913,2.698263,0.0,scene_1|scene_1.1_y02_medium_dense_y02_1p86|3128|38,scene_1|scene_1.1_y02_medium_dense_y02_1p86|2666|17,073057a923e4e63263448eacc7e2f8f61811aea9,e6024a3895e69c82511ac1710c9d23e13a6a99c2
scene_1_1_terminalgain_globalmax_interp_0279,family_02,29,6.692405,7.127104,0.4347,24,2,22,2.3,1.940967,1.8825,1.031058,0.153272,1.53272,2.051462,0.203924,0.091227,3.337759,0.0,scene_1|scene_1.1_y02_medium_dense_y02_1p86|3128|38,scene_1|scene_1.1_y02_medium_dense_y02_1p86|2666|17,a840fbb48da760146d06c76884d9f6793efaa3ab,a1d9420387ad824de87fdcfdd7a75dff726fcfc0
scene_1_1_terminalgain_globalmax_interp_0280,family_02,30,6.692405,7.127104,0.4347,24,2,22,2.3,1.903149,1.8825,1.010969,0.153272,1.53272,2.039395,0.382243,0.027542,1.963256,0.0,scene_1|scene_1.1_y02_medium_dense_y02_1p86|3128|38,scene_1|scene_1.1_y02_medium_dense_y02_1p86|2666|17,2313b7868d5198a142091095e28b331c41ae184e,02b39433f952c62481246a266d7643ef146e7117
scene_1_1_terminalgain_globalmax_interp_0281,family_02,31,6.692405,7.127104,0.4347,24,2,22,2.3,1.899944,1.8825,1.009266,0.153272,1.53272,2.039686,0.295371,0.036144,1.802998,0.0,scene_1|scene_1.1_y02_medium_dense_y02_1p86|3128|38,scene_1|scene_1.1_y02_medium_dense_y02_1p86|2666|17,3aa68a41010481835e813f5176ca16c70ab6c560,7b19e69c81837cf732991ec7c00db16ac807f100
scene_1_1_terminalgain_globalmax_interp_0282,family_02,32,6.692405,7.127104,0.4347,24,2,22,2.3,1.90512,1.8825,1.012016,0.153272,1.53272,2.039194,0.117052,0.09983,2.05573,0.0,scene_1|scene_1.1_y02_medium_dense_y02_1p86|3128|38,scene_1|scene_1.1_y02_medium_dense_y02_1p86|2666|17,861222f23d153dd1d0b76c7301a2e4379074ccb0,d80fa6a9bc54765e6a25945a49a2595528a700f1
scene_1_1_terminalgain_globalmax_interp_0283,family_02,33,6.692405,7.127104,0.4347,24,2,22,2.3,1.921646,1.8825,1.020795,0.153272,1.53272,2.038195,0.061268,0.163515,2.717334,0.0,scene_1|scene_1.1_y02_medium_dense_y02_1p86|3128|38,scene_1|scene_1.1_y02_medium_dense_y02_1p86|2666|17,f04c92613565e9acaa41b011740268627833a650,6ef43b1210c5788f2fa7d7291d23bfb726089b18
scene_1_1_terminalgain_globalmax_interp_0284,family_02,34,6.692405,7.127104,0.4347,24,2,22,2.3,1.944649,1.8825,1.033014,0.153272,1.53272,2.055738,0.239587,0.209501,3.444699,0.0,scene_1|scene_1.1_y02_medium_dense_y02_1p86|3128|38,scene_1|scene_1.1_y02_medium_dense_y02_1p86|2666|17,bc3fa48da92c914c6465b2fa965e7b39145244c3,f2617c727429931bca1f62b31dda512fe6a2c2c7
scene_1_1_terminalgain_globalmax_interp_0285,family_02,35,6.692405,7.127104,0.4347,24,2,22,2.3,1.892732,1.8825,1.005435,0.153272,1.53272,2.040458,0.417907,0.145815,1.37797,0.0,scene_1|scene_1.1_y02_medium_dense_y02_1p86|3128|38,scene_1|scene_1.1_y02_medium_dense_y02_1p86|2666|17,bd6b5f418dbfc68065ab67ba9d3f95182539369e,aa82324af0b1455a7804f38e2578897e6de0f6df
scene_1_1_terminalgain_globalmax_interp_0286,family_02,36,6.692405,7.127104,0.4347,24,2,22,2.3,1.893646,1.8825,1.005921,0.153272,1.53272,2.040334,0.430894,0.082129,1.438707,0.0,scene_1|scene_1.1_y02_medium_dense_y02_1p86|3128|38,scene_1|scene_1.1_y02_medium_dense_y02_1p86|2666|17,d9c029e27d834a83f0d901773a4b321cc40106bc,b9de11a3c18b32eb88deca9dea687f1cfa487f19
scene_1_1_terminalgain_globalmax_interp_0287,family_02,37,6.692405,7.127104,0.4347,24,2,22,2.3,1.937146,1.8825,1.029028,0.153272,1.53272,2.047047,0.252575,0.018444,3.223674,0.0,scene_1|scene_1.1_y02_medium_dense_y02_1p86|3128|38,scene_1|scene_1.1_y02_medium_dense_y02_1p86|2666|17,53821f5ee54a1e215f445bf7da83b455cf81c500,6107a41f401f76a214820fc970d3447910c48ee3
scene_1_1_terminalgain_globalmax_interp_0288,family_02,38,6.692405,7.127104,0.4347,24,2,22,2.3,1.936527,1.8825,1.0287,0.153272,1.53272,2.046318,0.074255,0.045242,3.20474,0.0,scene_1|scene_1.1_y02_medium_dense_y02_1p86|3128|38,scene_1|scene_1.1_y02_medium_dense_y02_1p86|2666|17,ee3d322fe4e24848222a76f8a85bff39117e5e66,b76b79db667aa1bc2ec4b94ad54bd3b44f5677fa
scene_1_1_terminalgain_globalmax_interp_0289,family_02,39,6.692405,7.127104,0.4347,24,2,22,2.3,1.889106,1.8825,1.003509,0.153272,1.53272,2.040902,0.104064,0.108927,1.106053,0.0,scene_1|scene_1.1_y02_medium_dense_y02_1p86|3128|38,scene_1|scene_1.1_y02_medium_dense_y02_1p86|2666|17,8068d6120de72e654971f0bbd2aadf823b3df389,9fd2cbe15e17ee4a97382443c078106ae7879e78
scene_1_1_terminalgain_globalmax_interp_0290,family_02,40,6.692405,7.127104,0.4347,24,2,22,2.3,1.897199,1.8825,1.007808,0.153272,1.53272,2.039939,0.282384,0.172612,1.65405,0.0,scene_1|scene_1.1_y02_medium_dense_y02_1p86|3128|38,scene_1|scene_1.1_y02_medium_dense_y02_1p86|2666|17,c142f95874ab29550bc0fdbba5f8ad8ae96214b6,63e19dbde2f1c98cf3c4a5783319e08a7ccf3942
scene_1_1_terminalgain_globalmax_interp_0291,family_02,41,6.692405,7.127104,0.4347,24,2,22,2.3,1.933294,1.8825,1.026982,0.153272,1.53272,2.042591,0.39523,0.200402,3.1046,0.0,scene_1|scene_1.1_y02_medium_dense_y02_1p86|3128|38,scene_1|scene_1.1_y02_medium_dense_y02_1p86|2666|17,e2d395075bec2549f84db0825a8ab5bee9ec2f38,ae3693ac3d4bb29d478d30658ca1542db07c6336
scene_1_1_terminalgain_globalmax_interp_0292,family_02,42,6.692405,7.127104,0.4347,24,2,22,2.3,1.913728,1.8825,1.016589,0.153272,1.53272,2.038624,0.21691,0.136717,2.421353,0.0,scene_1|scene_1.1_y02_medium_dense_y02_1p86|3128|38,scene_1|scene_1.1_y02_medium_dense_y02_1p86|2666|17,0ebd3de2b7da3fc76a25dc835ac63211f516c8c4,d7fc33fbfee1615b3191e5c2a878d5a0aa3bfbbd
scene_1_1_terminalgain_globalmax_interp_0293,family_02,43,6.692405,7.127104,0.4347,24,2,22,2.3,1.911534,1.8825,1.015423,0.153272,1.53272,2.038735,0.038591,0.073031,2.333534,0.0,scene_1|scene_1.1_y02_medium_dense_y02_1p86|3128|38,scene_1|scene_1.1_y02_medium_dense_y02_1p86|2666|17,d6e543b52710b9ae4869594ec07586bfdc6eb639,8c51baeac2d6ee1a74c5e80ceaa961f49bda5c42
scene_1_1_terminalgain_globalmax_interp_0294,family_02,44,6.692405,7.127104,0.4347,24,2,22,2.3,1.893666,1.8825,1.005931,0.153272,1.53272,2.040345,0.139728,0.009347,1.440014,0.0,scene_1|scene_1.1_y02_medium_dense_y02_1p86|3128|38,scene_1|scene_1.1_y02_medium_dense_y02_1p86|2666|17,4efce33b2f5403d0968701b9aba21997bb240912,454c34f16bfdb7b8cdb3849f9d8cbd5c3523844a
scene_1_1_terminalgain_globalmax_interp_0295,family_02,45,6.692405,7.127104,0.4347,24,2,22,2.3,1.911384,1.8825,1.015343,0.153272,1.53272,2.038736,0.318047,0.054339,2.327285,0.0,scene_1|scene_1.1_y02_medium_dense_y02_1p86|3128|38,scene_1|scene_1.1_y02_medium_dense_y02_1p86|2666|17,09eda5b3312fc0d8ac7d8873946e220a0aadc76d,70f417c87b8313f9711ff81b501fe1c2345caf9c
scene_1_1_terminalgain_globalmax_interp_0296,family_02,46,6.692405,7.127104,0.4347,24,2,22,2.3,1.941558,1.8825,1.031372,0.153272,1.53272,2.05212,0.359566,0.118025,3.355602,0.0,scene_1|scene_1.1_y02_medium_dense_y02_1p86|3128|38,scene_1|scene_1.1_y02_medium_dense_y02_1p86|2666|17,e4ff746e5911cea01e9a8aa9e03dbdf3f45cd38d,198947305f26e542ee7133e29e923ea886459163
scene_1_1_terminalgain_globalmax_interp_0297,family_02,47,6.692405,7.127104,0.4347,24,2,22,2.3,1.935514,1.8825,1.028161,0.153272,1.53272,2.045117,0.181247,0.18171,3.17385,0.0,scene_1|scene_1.1_y02_medium_dense_y02_1p86|3128|38,scene_1|scene_1.1_y02_medium_dense_y02_1p86|2666|17,311a4fda9915317964cb580076d728dbddc0e634,09472f4665fe6431babb47efff50932feef946cb
scene_1_1_terminalgain_globalmax_interp_0298,family_02,48,6.692405,7.127104,0.4347,24,2,22,2.3,1.88632,1.8825,1.002029,0.153272,1.53272,2.041258,0.002927,0.191305,0.840426,0.0,scene_1|scene_1.1_y02_medium_dense_y02_1p86|3128|38,scene_1|scene_1.1_y02_medium_dense_y02_1p86|2666|17,5c49ab866c36cba34abe550534a6e8d74f908e8f,4cddfc72dd2d44fd6a431dc8fcaf68ad12e32e8f
scene_1_1_terminalgain_globalmax_interp_0299,family_02,49,6.692405,7.127104,0.4347,24,2,22,2.3,1.934512,1.8825,1.027629,0.153272,1.53272,2.043977,0.175392,0.12762,3.142783,0.0,scene_1|scene_1.1_y02_medium_dense_y02_1p86|3128|38,scene_1|scene_1.1_y02_medium_dense_y02_1p86|2666|17,5bc77ff6898c6f4ff9fb81158fc04ad6193ade09,bef02dcba2f788542f67b1a93dbd3d297e2d82a0
scene_1_1_terminalgain_globalmax_interp_0300,family_02,50,6.692405,7.127104,0.4347,24,2,22,2.3,1.950714,1.8825,1.036236,0.153272,1.53272,2.062847,0.353712,0.063934,3.614997,0.0,scene_1|scene_1.1_y02_medium_dense_y02_1p86|3128|38,scene_1|scene_1.1_y02_medium_dense_y02_1p86|2666|17,7b5be5e535fec01838b401d6e4ef0b719756cda6,a92e8c38e73425f14434e56aca7748250e5d221b
scene_1_1_terminalgain_globalmax_interp_0301,family_02,51,6.692405,7.127104,0.4347,24,2,22,2.3,1.882756,1.8825,1.000136,0.153272,1.53272,2.041763,0.323903,0.000248,0.217686,0.0,scene_1|scene_1.1_y02_medium_dense_y02_1p86|3128|38,scene_1|scene_1.1_y02_medium_dense_y02_1p86|2666|17,5037b971de8b5119a1a8b1935b447da9330f2dc9,dae11c9fe24dc090a708bfd0496a7555f6fb1154
scene_1_1_terminalgain_globalmax_interp_0302,family_02,52,6.692405,7.127104,0.4347,24,2,22,2.3,1.911155,1.8825,1.015222,0.153272,1.53272,2.038761,0.145583,0.063437,2.318117,0.0,scene_1|scene_1.1_y02_medium_dense_y02_1p86|3128|38,scene_1|scene_1.1_y02_medium_dense_y02_1p86|2666|17,15bc1c73d707df41383f9a96e43150b76a84d844,5a21be3a6a38a4761ab2d9561b9165c7e48eabcf
scene_1_1_terminalgain_globalmax_interp_0303,family_02,53,6.692405,7.127104,0.4347,24,2,22,2.3,1.909531,1.8825,1.014359,0.153272,1.53272,2.038838,0.032736,0.127123,2.250136,0.0,scene_1|scene_1.1_y02_medium_dense_y02_1p86|3128|38,scene_1|scene_1.1_y02_medium_dense_y02_1p86|2666|17,ce52fd8267252b632ce90f49a3204a2fbb18c6ad,e1235523ef38172b01009587724372e031286d2f
scene_1_1_terminalgain_globalmax_interp_0304,family_02,54,6.692405,7.127104,0.4347,24,2,22,2.3,1.908114,1.8825,1.013606,0.153272,1.53272,2.038967,0.211056,0.190808,2.189672,0.0,scene_1|scene_1.1_y02_medium_dense_y02_1p86|3128|38,scene_1|scene_1.1_y02_medium_dense_y02_1p86|2666|17,455a576cf0913db3a4f4d436596db46ad2ed3f2a,ebcf3bad9a497aa6bead2051570f4928cff6ea1e
scene_1_1_terminalgain_globalmax_interp_0305,family_02,55,6.692405,7.127104,0.4347,24,2,22,2.3,1.921326,1.8825,1.020625,0.153272,1.53272,2.038253,0.389375,0.182207,2.705707,0.0,scene_1|scene_1.1_y02_medium_dense_y02_1p86|3128|38,scene_1|scene_1.1_y02_medium_dense_y02_1p86|2666|17,8593d1571ecf9a3c7eb72332e57a910f6aeb881f,bc2a4e079e5ac9dd956def18d2a4fcf29bf8c0af
scene_1_1_terminalgain_globalmax_interp_0306,family_02,56,6.692405,7.127104,0.4347,24,2,22,2.3,1.921148,1.8825,1.02053,0.153272,1.53272,2.038234,0.288238,0.118522,2.69959,0.0,scene_1|scene_1.1_y02_medium_dense_y02_1p86|3128|38,scene_1|scene_1.1_y02_medium_dense_y02_1p86|2666|17,d7604df05dc8b0206f1ccf07488e5098fd137dfb,5c09bc3941bd7fe34e1d1afc00635cb6663265f2
scene_1_1_terminalgain_globalmax_interp_0307,family_02,57,6.692405,7.127104,0.4347,24,2,22,2.3,1.915916,1.8825,1.017751,0.153272,1.53272,2.038498,0.109919,0.054836,2.506419,0.0,scene_1|scene_1.1_y02_medium_dense_y02_1p86|3128|38,scene_1|scene_1.1_y02_medium_dense_y02_1p86|2666|17,1da47788779bf884f1548b0f9cebe1b7cbf2c1db,0821f5b1738182a665d221bf0cae65611006bea4
scene_1_1_terminalgain_globalmax_interp_0308,family_02,58,6.692405,7.127104,0.4347,24,2,22,2.3,1.926394,1.8825,1.023317,0.153272,1.53272,2.03808,0.068401,0.00885,2.880868,0.0,scene_1|scene_1.1_y02_medium_dense_y02_1p86|3128|38,scene_1|scene_1.1_y02_medium_dense_y02_1p86|2666|17,18bda5921462b1c7222cacdffdfa374c9dc3b0d5,745cd55ffe5408586c755a8c629095b1cce2fe37
scene_1_1_terminalgain_globalmax_interp_0309,family_02,59,6.692405,7.127104,0.4347,24,2,22,2.3,1.904493,1.8825,1.011683,0.153272,1.53272,2.039265,0.24672,0.072535,2.027025,0.0,scene_1|scene_1.1_y02_medium_dense_y02_1p86|3128|38,scene_1|scene_1.1_y02_medium_dense_y02_1p86|2666|17,befea852fa1a9e6ebb7fe4b6ee8bfd49cf265e1c,ad00510a332f80c2b94656d3d27b993bca760f7e
scene_1_1_terminalgain_globalmax_interp_0310,family_02,60,6.692405,7.127104,0.4347,24,2,22,2.3,1.887794,1.8825,1.002812,0.153272,1.53272,2.041064,0.42504,0.136221,0.989999,0.0,scene_1|scene_1.1_y02_medium_dense_y02_1p86|3128|38,scene_1|scene_1.1_y02_medium_dense_y02_1p86|2666|17,9b33ccda3d1330159bae786e858216e86ffeec46,5542767ba997be2099b9187146238722804ea591
scene_1_1_terminalgain_globalmax_interp_0311,family_02,61,6.692405,7.127104,0.4347,24,2,22,2.3,1.927982,1.8825,1.02416,0.153272,1.53272,2.038041,0.423761,0.199907,2.933858,0.0,scene_1|scene_1.1_y02_medium_dense_y02_1p86|3128|38,scene_1|scene_1.1_y02_medium_dense_y02_1p86|2666|17,4bb82efb8e7c24694ed897beea1a6bf43e403093,10c8711fcaafabfc3cd062b482205b0e8a20b078
scene_1_1_terminalgain_globalmax_interp_0312,family_02,62,6.692405,7.127104,0.4347,24,2,22,2.3,1.907561,1.8825,1.013312,0.153272,1.53272,2.038989,0.245442,0.173109,2.165642,0.0,scene_1|scene_1.1_y02_medium_dense_y02_1p86|3128|38,scene_1|scene_1.1_y02_medium_dense_y02_1p86|2666|17,3d2cfa03166e823e42e619efb0bf2b7cffca6317,26e5104819e734c40a506a2ae1abc1f4ad81bbdb
scene_1_1_terminalgain_globalmax_interp_0313,family_02,63,6.692405,7.127104,0.4347,24,2,22,2.3,1.894505,1.8825,1.006377,0.153272,1.53272,2.040242,0.067122,0.109424,1.493101,0.0,scene_1|scene_1.1_y02_medium_dense_y02_1p86|3128|38,scene_1|scene_1.1_y02_medium_dense_y02_1p86|2666|17,eddc79987a82a83eac02f73e1d714d51c2ae33f3,19d620348470403d66e56ea1c22e7c3e4c554beb
scene_1_1_terminalgain_globalmax_interp_0314,family_02,64,6.692405,7.127104,0.4347,24,2,22,2.3,1.92348,1.8825,1.021769,0.153272,1.53272,2.038142,0.111197,0.045738,2.781106,0.0,scene_1|scene_1.1_y02_medium_dense_y02_1p86|3128|38,scene_1|scene_1.1_y02_medium_dense_y02_1p86|2666|17,21eed89505dca64deaacd4bd14a9f3ed17366f9f,63650487221c797310b65d2c47fb67e607a15fd7
scene_1_1_terminalgain_globalmax_interp_0315,family_02,65,6.692405,7.127104,0.4347,24,2,22,2.3,1.95378,1.8825,1.037865,0.153272,1.53272,2.066484,0.289517,0.017948,3.698062,0.0,scene_1|scene_1.1_y02_medium_dense_y02_1p86|3128|38,scene_1|scene_1.1_y02_medium_dense_y02_1p86|2666|17,3eaa25631ec28eb5d0367b9a905662757053cba0,df297e6e04d63d3f448edfa9bf7fd6a9377e30bc
scene_1_1_terminalgain_globalmax_interp_0316,family_02,66,6.692405,7.127104,0.4347,24,2,22,2.3,1.921799,1.8825,1.020876,0.153272,1.53272,2.038182,0.388098,0.081633,2.722253,0.0,scene_1|scene_1.1_y02_medium_dense_y02_1p86|3128|38,scene_1|scene_1.1_y02_medium_dense_y02_1p86|2666|17,c59e326c926353a0fb44adb777fe0e45934b5ce5,4bdbbc37f071ab3a1d0b7e4c4ad126142d598f89
scene_1_1_terminalgain_globalmax_interp_0317,family_02,67,6.692405,7.127104,0.4347,24,2,22,2.3,1.897717,1.8825,1.008083,0.153272,1.53272,2.039921,0.209778,0.145319,1.682873,0.0,scene_1|scene_1.1_y02_medium_dense_y02_1p86|3128|38,scene_1|scene_1.1_y02_medium_dense_y02_1p86|2666|17,744df80f1d0976c8c346fa8652adf83492ac9bd9,e4d01e5f5117a885515ae44c8e3fcf7ec43fe693
scene_1_1_terminalgain_globalmax_interp_0318,family_02,68,6.692405,7.127104,0.4347,24,2,22,2.3,1.905924,1.8825,1.012443,0.153272,1.53272,2.039143,0.031459,0.209005,2.092547,0.0,scene_1|scene_1.1_y02_medium_dense_y02_1p86|3128|38,scene_1|scene_1.1_y02_medium_dense_y02_1p86|2666|17,698d26982c995282d9b577745a3cfdd1d42e4a36,36610707d82cddb076021d9ffab1fcb50612ea92
scene_1_1_terminalgain_globalmax_interp_0319,family_02,69,6.692405,7.127104,0.4347,24,2,22,2.3,1.901582,1.8825,1.010137,0.153272,1.53272,2.039524,0.146861,0.164011,1.886264,0.0,scene_1|scene_1.1_y02_medium_dense_y02_1p86|3128|38,scene_1|scene_1.1_y02_medium_dense_y02_1p86|2666|17,483e02b701a891ee3957676faec3439371e21a9b,366a1cdf7f67b1f585cefc5ffb88dee6f5f38fad
scene_1_1_terminalgain_globalmax_interp_0320,family_02,70,6.692405,7.127104,0.4347,24,2,22,2.3,1.930714,1.8825,1.025611,0.153272,1.53272,2.039662,0.325181,0.100325,3.022542,0.0,scene_1|scene_1.1_y02_medium_dense_y02_1p86|3128|38,scene_1|scene_1.1_y02_medium_dense_y02_1p86|2666|17,853848b2903f31f908f9f2eefbcb992520b50a02,bf8a5047cfec196c14d095ed990c9875df6dc03e
scene_1_1_terminalgain_globalmax_interp_0321,family_02,71,6.692405,7.127104,0.4347,24,2,22,2.3,1.895041,1.8825,1.006662,0.153272,1.53272,2.040167,0.352433,0.03664,1.526251,0.0,scene_1|scene_1.1_y02_medium_dense_y02_1p86|3128|38,scene_1|scene_1.1_y02_medium_dense_y02_1p86|2666|17,ca4139f883416523da6c79d6e3a45170a17d1ab8,da77a7b445ca7552b81681b8b2598c9087f65b72
scene_1_1_terminalgain_globalmax_interp_0322,family_02,72,6.692405,7.127104,0.4347,24,2,22,2.3,1.888543,1.8825,1.00321,0.153272,1.53272,2.040952,0.174114,0.027046,1.057587,0.0,scene_1|scene_1.1_y02_medium_dense_y02_1p86|3128|38,scene_1|scene_1.1_y02_medium_dense_y02_1p86|2666|17,fb721d5c24f054ec0ad5634ce8e1dfcc28ed123a,17eb2ce4a0fa5405504284106dc65f6b23c866a0
scene_1_1_terminalgain_globalmax_interp_0323,family_02,73,6.692405,7.127104,0.4347,24,2,22,2.3,1.964565,1.8825,1.043594,0.153272,1.53272,2.079451,0.004206,0.090731,3.978907,0.0,scene_1|scene_1.1_y02_medium_dense_y02_1p86|3128|38,scene_1|scene_1.1_y02_medium_dense_y02_1p86|2666|17,0778c64ceb4a949e5ac874f4c62416c4d982a0f4,638aabf5350b2d31044b0b66141243d4973e68a6
scene_1_1_terminalgain_globalmax_interp_0324,family_02,74,6.692405,7.127104,0.4347,24,2,22,2.3,1.956553,1.8825,1.039337,0.153272,1.53272,2.069909,0.182525,0.154417,3.772001,0.0,scene_1|scene_1.1_y02_medium_dense_y02_1p86|3128|38,scene_1|scene_1.1_y02_medium_dense_y02_1p86|2666|17,2f752fae7d41211456871313dd509ebe33de63cb,0cd254379bae1b7b090aca7477c43fabba511341
scene_1_1_terminalgain_globalmax_interp_0325,family_02,75,6.692405,7.127104,0.4347,24,2,22,2.3,1.890245,1.8825,1.004114,0.153272,1.53272,2.040748,0.360845,0.218103,1.198107,0.0,scene_1|scene_1.1_y02_medium_dense_y02_1p86|3128|38,scene_1|scene_1.1_y02_medium_dense_y02_1p86|2666|17,eb2956a16a13ce0dc454011333be783b420e06df,d2f03f6df1237c20e0dc07c23d8c91225b9475f3
scene_1_1_terminalgain_globalmax_interp_0326,family_02,76,6.692405,7.127104,0.4347,24,2,22,2.3,1.89212,1.8825,1.00511,0.153272,1.53272,2.040521,0.31677,0.217299,1.335734,0.0,scene_1|scene_1.1_y02_medium_dense_y02_1p86|3128|38,scene_1|scene_1.1_y02_medium_dense_y02_1p86|2666|17,f90b6452937fe58e1bde2480b7c1704029f6526d,b09a73c9665a23e99aba99aea4a6bb93f78d2595
scene_1_1_terminalgain_globalmax_interp_0327,family_02,77,6.692405,7.127104,0.4347,24,2,22,2.3,1.936854,1.8825,1.028873,0.153272,1.53272,2.046671,0.13845,0.153614,3.21471,0.0,scene_1|scene_1.1_y02_medium_dense_y02_1p86|3128|38,scene_1|scene_1.1_y02_medium_dense_y02_1p86|2666|17,0e3e53e6cdf8f0faa4d3721083305574a26b3e61,0fb0c7074526848e8c685edff437f28407f3a580
scene_1_1_terminalgain_globalmax_interp_0328,family_02,78,6.692405,7.127104,0.4347,24,2,22,2.3,1.895962,1.8825,1.007151,0.153272,1.53272,2.040077,0.039869,0.089928,1.581754,0.0,scene_1|scene_1.1_y02_medium_dense_y02_1p86|3128|38,scene_1|scene_1.1_y02_medium_dense_y02_1p86|2666|17,a748e949cd6be719ef951445f401d1bba2cb9869,d6b9864ad13bdda81e4c5291b425c5dfbd59a38e
scene_1_1_terminalgain_globalmax_interp_0329,family_02,79,6.692405,7.127104,0.4347,24,2,22,2.3,1.910516,1.8825,1.014882,0.153272,1.53272,2.038802,0.218189,0.026242,2.291318,0.0,scene_1|scene_1.1_y02_medium_dense_y02_1p86|3128|38,scene_1|scene_1.1_y02_medium_dense_y02_1p86|2666|17,0bdd5e2560fffbae9aa98e469fbb310a05830f04,a5c642b6714057878ed12bb2d9c0a2b67cd1b34b
scene_1_1_terminalgain_globalmax_interp_0330,family_02,80,6.692405,7.127104,0.4347,24,2,22,2.3,1.896802,1.8825,1.007597,0.153272,1.53272,2.040001,0.396509,0.037443,1.631217,0.0,scene_1|scene_1.1_y02_medium_dense_y02_1p86|3128|38,scene_1|scene_1.1_y02_medium_dense_y02_1p86|2666|17,7939c58125f2798c4ccda26fed0959db0751db47,853de2155da9b8ac82a6c1d202c1faf86d2896f0
scene_1_1_terminalgain_globalmax_interp_0331,family_02,81,6.692405,7.127104,0.4347,24,2,22,2.3,1.930858,1.8825,1.025688,0.153272,1.53272,2.039795,0.281106,0.101129,3.027221,0.0,scene_1|scene_1.1_y02_medium_dense_y02_1p86|3128|38,scene_1|scene_1.1_y02_medium_dense_y02_1p86|2666|17,f5f7fb79516cb2e5d1c0ace492a56b2ceea9a44f,fc9561e76f2accc341e9a43f3477409a94a425ca
scene_1_1_terminalgain_globalmax_interp_0332,family_02,82,6.692405,7.127104,0.4347,24,2,22,2.3,1.959774,1.8825,1.041049,0.153272,1.53272,2.073622,0.102787,0.164815,3.856333,0.0,scene_1|scene_1.1_y02_medium_dense_y02_1p86|3128|38,scene_1|scene_1.1_y02_medium_dense_y02_1p86|2666|17,eec03e11ca361c81e6afe056405d4a0df0464b07,0764bc502de32da2614eb55bb81fa643a101dcb2
scene_1_1_terminalgain_globalmax_interp_0333,family_02,83,6.692405,7.127104,0.4347,24,2,22,2.3,1.922736,1.8825,1.021374,0.153272,1.53272,2.038206,0.075533,0.208201,2.755414,0.0,scene_1|scene_1.1_y02_medium_dense_y02_1p86|3128|38,scene_1|scene_1.1_y02_medium_dense_y02_1p86|2666|17,1766b3e342ebf46e8591cf3ef8bf1dc57a5f64ce,ea960f7593c9ae064fe1a04f9f16a4abca3aa771
scene_1_1_terminalgain_globalmax_interp_0334,family_02,84,6.692405,7.127104,0.4347,24,2,22,2.3,1.897229,1.8825,1.007824,0.153272,1.53272,2.039977,0.253853,0.144515,1.65533,0.0,scene_1|scene_1.1_y02_medium_dense_y02_1p86|3128|38,scene_1|scene_1.1_y02_medium_dense_y02_1p86|2666|17,8d9b8bf88a544b70875214074b28f535c4e6fa1d,50ccf38327d1f8c1a3fe59cc1ae586bcb9d54311
scene_1_1_terminalgain_globalmax_interp_0335,family_02,85,6.692405,7.127104,0.4347,24,2,22,2.3,1.904437,1.8825,1.011653,0.153272,1.53272,2.039239,0.432172,0.08083,2.024431,0.0,scene_1|scene_1.1_y02_medium_dense_y02_1p86|3128|38,scene_1|scene_1.1_y02_medium_dense_y02_1p86|2666|17,288cc9f90d01af985867de6ac9e2af51519c87de,688423cf885a81d89205827eb031f939166ad7d9
scene_1_1_terminalgain_globalmax_interp_0336,family_02,86,6.692405,7.127104,0.4347,24,2,22,2.3,1.931869,1.8825,1.026225,0.153272,1.53272,2.040943,0.416628,0.017144,3.05956,0.0,scene_1|scene_1.1_y02_medium_dense_y02_1p86|3128|38,scene_1|scene_1.1_y02_medium_dense_y02_1p86|2666|17,9650d82db212accf04745372cff4ec8534a8e6a8,a8ce56b4d1810aa1497a6f1fc257d6eaa7a4ee3a
scene_1_1_terminalgain_globalmax_interp_0337,family_02,87,6.692405,7.127104,0.4347,24,2,22,2.3,1.885931,1.8825,1.001823,0.153272,1.53272,2.041314,0.238309,0.046541,0.796238,0.0,scene_1|scene_1.1_y02_medium_dense_y02_1p86|3128|38,scene_1|scene_1.1_y02_medium_dense_y02_1p86|2666|17,b437cf3e70c3a753db43bb2a91993a995960911b,352e58d026745d258417fa02b8d99268e215a94f
scene_1_1_terminalgain_globalmax_interp_0338,family_02,88,6.692405,7.127104,0.4347,24,2,22,2.3,1.906123,1.8825,1.012549,0.153272,1.53272,2.039147,0.05999,0.110227,2.101468,0.0,scene_1|scene_1.1_y02_medium_dense_y02_1p86|3128|38,scene_1|scene_1.1_y02_medium_dense_y02_1p86|2666|17,f3cd57455c869f88f53bcd703558cf0074fc8b2c,a5310c37dc0a3655b269138dfce0bbec7ed531c3
scene_1_1_terminalgain_globalmax_interp_0339,family_02,89,6.692405,7.127104,0.4347,24,2,22,2.3,1.92135,1.8825,1.020637,0.153272,1.53272,2.038245,0.11833,0.173913,2.706538,0.0,scene_1|scene_1.1_y02_medium_dense_y02_1p86|3128|38,scene_1|scene_1.1_y02_medium_dense_y02_1p86|2666|17,d89981ab7ecefa92cd067a9d84b102cb276f6aa5,0ef88d640920cc5e755bbfcd83178a9ab01642e7
scene_1_1_terminalgain_globalmax_interp_0340,family_02,90,6.692405,7.127104,0.4347,24,2,22,2.3,1.921089,1.8825,1.020499,0.153272,1.53272,2.038267,0.296649,0.199103,2.697333,0.0,scene_1|scene_1.1_y02_medium_dense_y02_1p86|3128|38,scene_1|scene_1.1_y02_medium_dense_y02_1p86|2666|17,738e39eb30dc8e96edece00b0e3518eb1707d887,cb1dcb414db529f4e2d969c82fdc031352e7346a
scene_1_1_terminalgain_globalmax_interp_0341,family_02,91,6.692405,7.127104,0.4347,24,2,22,2.3,1.92059,1.8825,1.020234,0.153272,1.53272,2.038252,0.380965,0.135417,2.679425,0.0,scene_1|scene_1.1_y02_medium_dense_y02_1p86|3128|38,scene_1|scene_1.1_y02_medium_dense_y02_1p86|2666|17,25bd7322a6f46659b346a69d1c6e55058072e0d9,4f51e582c54a34fe24d23d65f41f67a5fbe2ba80
scene_1_1_terminalgain_globalmax_interp_0342,family_02,92,6.692405,7.127104,0.4347,24,2,22,2.3,1.922895,1.8825,1.021458,0.153272,1.53272,2.038217,0.202645,0.071732,2.760754,0.0,scene_1|scene_1.1_y02_medium_dense_y02_1p86|3128|38,scene_1|scene_1.1_y02_medium_dense_y02_1p86|2666|17,6902cd8f12ad252ff895866adee359d3f62a77ce,17d9b13f0e410379853a6a029b4afd9a8f34d978
scene_1_1_terminalgain_globalmax_interp_0343,family_02,93,6.692405,7.127104,0.4347,24,2,22,2.3,1.903898,1.8825,1.011367,0.153272,1.53272,2.0393,0.024326,0.008046,1.998725,0.0,scene_1|scene_1.1_y02_medium_dense_y02_1p86|3128|38,scene_1|scene_1.1_y02_medium_dense_y02_1p86|2666|17,eb404db06405a1852509d5b5f608a706130901a9,f51907340a1faa180d76ee5e8b91688fe1e7b3c0
scene_1_1_terminalgain_globalmax_interp_0344,family_02,94,6.692405,7.127104,0.4347,24,2,22,2.3,1.913371,1.8825,1.016399,0.153272,1.53272,2.038605,0.153994,0.05564,2.407153,0.0,scene_1|scene_1.1_y02_medium_dense_y02_1p86|3128|38,scene_1|scene_1.1_y02_medium_dense_y02_1p86|2666|17,60809fc4fe30e09c5b63b14a57bb92652bd67935,f4165ba5e225c3f570818bbecf7175651c016431
scene_1_1_terminalgain_globalmax_interp_0345,family_02,95,6.692405,7.127104,0.4347,24,2,22,2.3,1.908254,1.8825,1.013681,0.153272,1.53272,2.038945,0.332314,0.119325,2.195673,0.0,scene_1|scene_1.1_y02_medium_dense_y02_1p86|3128|38,scene_1|scene_1.1_y02_medium_dense_y02_1p86|2666|17,c9bdec15a7d79f6773665df0f27a9797d0319a88,06a85580f5ca96c8c8d93c95c4c62131d4e593f3
scene_1_1_terminalgain_globalmax_interp_0346,family_02,96,6.692405,7.127104,0.4347,24,2,22,2.3,1.883307,1.8825,1.000428,0.153272,1.53272,2.041678,0.345301,0.18301,0.385817,0.0,scene_1|scene_1.1_y02_medium_dense_y02_1p86|3128|38,scene_1|scene_1.1_y02_medium_dense_y02_1p86|2666|17,4955d51bf182d14e3cfe8ba0c2c676cc83635a9f,dc6ec24a39956d1ca731847b3b36f90afbccef46
scene_1_1_terminalgain_globalmax_interp_0347,family_02,97,6.692405,7.127104,0.4347,24,2,22,2.3,1.945678,1.8825,1.03356,0.153272,1.53272,2.056997,0.166982,0.190005,3.473884,0.0,scene_1|scene_1.1_y02_medium_dense_y02_1p86|3128|38,scene_1|scene_1.1_y02_medium_dense_y02_1p86|2666|17,00469fa4a9b98de75447729fb66607519536b9a3,e546aed34bc6e564015a623d3227e234774a673b
scene_1_1_terminalgain_globalmax_interp_0348,family_02,98,6.692405,7.127104,0.4347,24,2,22,2.3,1.931601,1.8825,1.026083,0.153272,1.53272,2.040677,0.011338,0.126319,3.051326,0.0,scene_1|scene_1.1_y02_medium_dense_y02_1p86|3128|38,scene_1|scene_1.1_y02_medium_dense_y02_1p86|2666|17,f5366bf951a88f48e25cfaa8e468cf66b4737001,01322041dad6f9783c9857f1a1a43bc81f2f77a0
scene_1_1_terminalgain_globalmax_interp_0349,family_02,99,6.692405,7.127104,0.4347,24,2,22,2.3,1.886651,1.8825,1.002205,0.153272,1.53272,2.041223,0.189658,0.062634,0.876248,0.0,scene_1|scene_1.1_y02_medium_dense_y02_1p86|3128|38,scene_1|scene_1.1_y02_medium_dense_y02_1p86|2666|17,01daba3d87dc65c6bcb048bc204a4b16f309d482,9d83fc176b70252f1129994a960682123bdb6e75
scene_1_1_terminalgain_globalmax_interp_0350,family_02,100,6.692405,7.127104,0.4347,24,2,22,2.3,1.934742,1.8825,1.027751,0.153272,1.53272,2.044258,0.367977,0.001052,3.150111,0.0,scene_1|scene_1.1_y02_medium_dense_y02_1p86|3128|38,scene_1|scene_1.1_y02_medium_dense_y02_1p86|2666|17,04b15aed765f48a5e578aa1edfd87a2afb3e8057,2902fbc256d53a8f549ae2f50265b7ed3df02cb2
scene_1_1_terminalgain_globalmax_interp_0351,family_02,101,6.692405,7.127104,0.4347,24,2,22,2.3,1.942649,1.8825,1.031952,0.153272,1.53272,2.053397,0.309637,0.064737,3.38716,0.0,scene_1|scene_1.1_y02_medium_dense_y02_1p86|3128|38,scene_1|scene_1.1_y02_medium_dense_y02_1p86|2666|17,0bb7f774e83253ccb652303c47c129bda20c4189,c56e7efbbd43d1176337d66529be4596588d0f12
scene_1_1_terminalgain_globalmax_interp_0352,family_02,102,6.692405,7.127104,0.4347,24,2,22,2.3,1.909188,1.8825,1.014177,0.153272,1.53272,2.038928,0.131317,0.128422,2.235977,0.0,scene_1|scene_1.1_y02_medium_dense_y02_1p86|3128|38,scene_1|scene_1.1_y02_medium_dense_y02_1p86|2666|17,9d981fc1b6ab2db8e9df7b0280e136b657e09860,53e18330b89674d8569cf1983e9353dcad65bc42
scene_1_1_terminalgain_globalmax_interp_0353,family_02,103,6.692405,7.127104,0.4347,24,2,22,2.3,1.894799,1.8825,1.006533,0.153272,1.53272,2.040208,0.047003,0.192108,1.511732,0.0,scene_1|scene_1.1_y02_medium_dense_y02_1p86|3128|38,scene_1|scene_1.1_y02_medium_dense_y02_1p86|2666|17,3450ce02f47f82f6c806b8f5be01115c22a99aa3,ee8423e4c79bda9d91c790f3cd4dc98b4040e0ac
scene_1_1_terminalgain_globalmax_interp_0354,family_02,104,6.692405,7.127104,0.4347,24,2,22,2.3,1.910574,1.8825,1.014913,0.153272,1.53272,2.038833,0.225322,0.180907,2.293884,0.0,scene_1|scene_1.1_y02_medium_dense_y02_1p86|3128|38,scene_1|scene_1.1_y02_medium_dense_y02_1p86|2666|17,6e6ee1c9cc61026a95abac0d8bf970d27b228923,baf37fc126eed56ea8bdc77900dfb7077c5f4bbe
scene_1_1_terminalgain_globalmax_interp_0355,family_02,105,6.692405,7.127104,0.4347,24,2,22,2.3,1.916062,1.8825,1.017829,0.153272,1.53272,2.038445,0.403642,0.117221,2.512009,0.0,scene_1|scene_1.1_y02_medium_dense_y02_1p86|3128|38,scene_1|scene_1.1_y02_medium_dense_y02_1p86|2666|17,eec3dcc9964c3379b9d1a7bbaff110ef7abfcbee,e6327c3f0861ac26b4185306ded7d14a92b8f9d0
scene_1_1_terminalgain_globalmax_interp_0356,family_02,106,6.692405,7.127104,0.4347,24,2,22,2.3,1.931259,1.8825,1.025901,0.153272,1.53272,2.040251,0.273973,0.053537,3.04041,0.0,scene_1|scene_1.1_y02_medium_dense_y02_1p86|3128|38,scene_1|scene_1.1_y02_medium_dense_y02_1p86|2666|17,eb8675ef103e8d284ce0355bce2f1701485e7e76,2e63ac9a5cf22b0e0da3b32413ebcf9bd5ef0fc4
scene_1_1_terminalgain_globalmax_interp_0357,family_02,107,6.692405,7.127104,0.4347,24,2,22,2.3,1.897467,1.8825,1.00795,0.153272,1.53272,2.039906,0.095654,0.010149,1.668597,0.0,scene_1|scene_1.1_y02_medium_dense_y02_1p86|3128|38,scene_1|scene_1.1_y02_medium_dense_y02_1p86|2666|17,198fbed21eacced0950f26b6a92c27053079c94f,55f6919cb4b7f40b6fd60016b08b6486cb10ec77
scene_1_1_terminalgain_globalmax_interp_0358,family_02,108,6.692405,7.127104,0.4347,24,2,22,2.3,1.888233,1.8825,1.003046,0.153272,1.53272,2.04099,0.082666,0.073835,1.030239,0.0,scene_1|scene_1.1_y02_medium_dense_y02_1p86|3128|38,scene_1|scene_1.1_y02_medium_dense_y02_1p86|2666|17,321b9505c12befa91175940bfd30db4c42859403,95b52e9dc7542a2ab8c8b703c07493312c56f119
scene_1_1_terminalgain_globalmax_interp_0359,family_02,109,6.692405,7.127104,0.4347,24,2,22,2.3,1.938909,1.8825,1.029965,0.153272,1.53272,2.049052,0.260986,0.13752,3.276667,0.0,scene_1|scene_1.1_y02_medium_dense_y02_1p86|3128|38,scene_1|scene_1.1_y02_medium_dense_y02_1p86|2666|17,2dc3cfee3a3c32af2dc2b3a11236e1c920ebb060,b53446544fc6a219c108731b0264af9af6209c0d
scene_1_1_terminalgain_globalmax_interp_0360,family_02,110,6.692405,7.127104,0.4347,24,2,22,2.3,1.935061,1.8825,1.027921,0.153272,1.53272,2.044568,0.439305,0.201206,3.160088,0.0,scene_1|scene_1.1_y02_medium_dense_y02_1p86|3128|38,scene_1|scene_1.1_y02_medium_dense_y02_1p86|2666|17,ae760853761ed7a149da6287b57e843b33e046f1,dca2abd8ec09300e63df5b6ccc36a1b5260b133d
scene_1_1_terminalgain_globalmax_interp_0361,family_02,111,6.692405,7.127104,0.4347,24,2,22,2.3,1.894829,1.8825,1.006549,0.153272,1.53272,2.040197,0.443733,0.17181,1.513363,0.0,scene_1|scene_1.1_y02_medium_dense_y02_1p86|3128|38,scene_1|scene_1.1_y02_medium_dense_y02_1p86|2666|17,c4632aca7dba8f0fd0cedfc33a61f548f6c136af,d23c8e350be643f7343d3a4eec5cb00deba23c37
scene_1_1_terminalgain_globalmax_interp_0362,family_02,112,6.692405,7.127104,0.4347,24,2,22,2.3,1.892779,1.8825,1.00546,0.153272,1.53272,2.040447,0.265413,0.108124,1.381303,0.0,scene_1|scene_1.1_y02_medium_dense_y02_1p86|3128|38,scene_1|scene_1.1_y02_medium_dense_y02_1p86|2666|17,e0564fe911ce37b2bb0a9e829a2cdbf43fa122d9,58bab02ed33c4d0e51e18fce6a5a4a8927c35e6d
scene_1_1_terminalgain_globalmax_interp_0363,family_02,113,6.692405,7.127104,0.4347,24,2,22,2.3,1.946952,1.8825,1.034237,0.153272,1.53272,2.058476,0.087094,0.044438,3.51031,0.0,scene_1|scene_1.1_y02_medium_dense_y02_1p86|3128|38,scene_1|scene_1.1_y02_medium_dense_y02_1p86|2666|17,ada5b401e805eb626689542b4825cb873b8b85fa,5e1bce64a1551d888df0ffb431b6235861ae4fa1
scene_1_1_terminalgain_globalmax_interp_0364,family_02,114,6.692405,7.127104,0.4347,24,2,22,2.3,1.927247,1.8825,1.02377,0.153272,1.53272,2.038023,0.091226,0.019247,2.909369,0.0,scene_1|scene_1.1_y02_medium_dense_y02_1p86|3128|38,scene_1|scene_1.1_y02_medium_dense_y02_1p86|2666|17,bae909875877a44014a86cfe9f2f9926f8acf55f,fb1748b1b7d3c4224ce88c32113ed571d6325116
scene_1_1_terminalgain_globalmax_interp_0365,family_02,115,6.692405,7.127104,0.4347,24,2,22,2.3,1.905025,1.8825,1.011965,0.153272,1.53272,2.039218,0.269545,0.082933,2.051559,0.0,scene_1|scene_1.1_y02_medium_dense_y02_1p86|3128|38,scene_1|scene_1.1_y02_medium_dense_y02_1p86|2666|17,1bea2ef3b8ce829c2fe2f42cb1e404086c4e56b5,1fd89c23c15769b75e282da0f1f890a507e84185
scene_1_1_terminalgain_globalmax_interp_0366,family_02,116,6.692405,7.127104,0.4347,24,2,22,2.3,1.902348,1.8825,1.010544,0.153272,1.53272,2.039449,0.40807,0.146618,1.924507,0.0,scene_1|scene_1.1_y02_medium_dense_y02_1p86|3128|38,scene_1|scene_1.1_y02_medium_dense_y02_1p86|2666|17,29b4465e9e7ea46a8d2710d86d8db6b4b2312fa3,4a38d52326b24cf53cd2a2ddbce78027946d977d
scene_1_1_terminalgain_globalmax_interp_0367,family_02,117,6.692405,7.127104,0.4347,24,2,22,2.3,1.899707,1.8825,1.009141,0.153272,1.53272,2.039716,0.22975,0.210304,1.790727,0.0,scene_1|scene_1.1_y02_medium_dense_y02_1p86|3128|38,scene_1|scene_1.1_y02_medium_dense_y02_1p86|2666|17,b861db80c572ecc5916910f0d1882e580ea93bf4,c6fe1616e318fe4fb5e0f36c9569e7934b856560
scene_1_1_terminalgain_globalmax_interp_0368,family_02,118,6.692405,7.127104,0.4347,24,2,22,2.3,1.945433,1.8825,1.033431,0.153272,1.53272,2.05672,0.05143,0.162712,3.467238,0.0,scene_1|scene_1.1_y02_medium_dense_y02_1p86|3128|38,scene_1|scene_1.1_y02_medium_dense_y02_1p86|2666|17,bd50a8c3a05d961932118331b40f6b630ecbddf5,ed866b287256a94d4e821a181f51caf7749b2e1c
scene_1_1_terminalgain_globalmax_interp_0369,family_02,119,6.692405,7.127104,0.4347,24,2,22,2.3,1.918716,1.8825,1.019238,0.153272,1.53272,2.038366,0.126889,0.099026,2.611395,0.0,scene_1|scene_1.1_y02_medium_dense_y02_1p86|3128|38,scene_1|scene_1.1_y02_medium_dense_y02_1p86|2666|17,125c1d48e69457c622b74b7a2c818dcc1fc2d5ad,bd24dea3583c416dd197a8565e88569c3644efa0
scene_1_1_terminalgain_globalmax_interp_0370,family_02,120,6.692405,7.127104,0.4347,24,2,22,2.3,1.885652,1.8825,1.001674,0.153272,1.53272,2.041351,0.305209,0.03534,0.763157,0.0,scene_1|scene_1.1_y02_medium_dense_y02_1p86|3128|38,scene_1|scene_1.1_y02_medium_dense_y02_1p86|2666|17,ae2e3941af19bb11fff3cb65127c040dc8df9c4d,7ec1275c204b41d10e1abc7aaa764f6dfd9e0ab6
scene_1_1_terminalgain_globalmax_interp_0371,family_02,121,6.692405,7.127104,0.4347,24,2,22,2.3,1.926647,1.8825,1.023451,0.153272,1.53272,2.038066,0.372405,0.028345,2.88948,0.0,scene_1|scene_1.1_y02_medium_dense_y02_1p86|3128|38,scene_1|scene_1.1_y02_medium_dense_y02_1p86|2666|17,3ec01b602a18817d095d7af47abed066b83fcb33,787b77dc5e97e06cd26cd02b43a008492a4de619
scene_1_1_terminalgain_globalmax_interp_0372,family_02,122,6.692405,7.127104,0.4347,24,2,22,2.3,1.932902,1.8825,1.026774,0.153272,1.53272,2.04216,0.194085,0.092031,3.092316,0.0,scene_1|scene_1.1_y02_medium_dense_y02_1p86|3128|38,scene_1|scene_1.1_y02_medium_dense_y02_1p86|2666|17,76da86ca829d5330571ad8c3822abba3b3891f36,de15e41f366cc91ac182ddebb1e1188059e2b988
scene_1_1_terminalgain_globalmax_interp_0373,family_02,123,6.692405,7.127104,0.4347,24,2,22,2.3,1.884234,1.8825,1.000921,0.153272,1.53272,2.041544,0.015767,0.155717,0.566094,0.0,scene_1|scene_1.1_y02_medium_dense_y02_1p86|3128|38,scene_1|scene_1.1_y02_medium_dense_y02_1p86|2666|17,121c6a07fac554993c72a8897a0e465908438ba7,a990633d5f2d1afc4802a135479a40591c9ccc9f
scene_1_1_terminalgain_globalmax_interp_0374,family_02,124,6.692405,7.127104,0.4347,24,2,22,2.3,1.915404,1.8825,1.017479,0.153272,1.53272,2.038539,0.162553,0.219402,2.486551,0.0,scene_1|scene_1.1_y02_medium_dense_y02_1p86|3128|38,scene_1|scene_1.1_y02_medium_dense_y02_1p86|2666|17,bd277e5b338850051410c819b6a58460dec91a71,96c7fa0e0571137505c798632f673503997092f7
scene_1_1_terminalgain_globalmax_interp_0375,family_02,125,6.692405,7.127104,0.4347,24,2,22,2.3,1.910969,1.8825,1.015123,0.153272,1.53272,2.038782,0.340872,0.216,2.310405,0.0,scene_1|scene_1.1_y02_medium_dense_y02_1p86|3128|38,scene_1|scene_1.1_y02_medium_dense_y02_1p86|2666|17,d110e76584f55a648cb85f575ad390e9ee1da0e5,480a9909551aa4ceac9048288e879c7d10fd39d2
scene_1_1_terminalgain_globalmax_interp_0376,family_02,126,6.692405,7.127104,0.4347,24,2,22,2.3,1.903838,1.8825,1.011335,0.153272,1.53272,2.039316,0.336741,0.152314,1.996028,0.0,scene_1|scene_1.1_y02_medium_dense_y02_1p86|3128|38,scene_1|scene_1.1_y02_medium_dense_y02_1p86|2666|17,5aee13be057013f9fea4cf497473fe66b9dfdf8a,2b886f5675f8e05d290e323921a777656c8776c2
scene_1_1_terminalgain_globalmax_interp_0377,family_02,127,6.692405,7.127104,0.4347,24,2,22,2.3,1.936626,1.8825,1.028752,0.153272,1.53272,2.046417,0.158422,0.088628,3.207794,0.0,scene_1|scene_1.1_y02_medium_dense_y02_1p86|3128|38,scene_1|scene_1.1_y02_medium_dense_y02_1p86|2666|17,49fbd46ff02fc4eb109fd62a35509584f1a15c0d,d4284bae48d4a0987b69ceddb1e872a9dd49c3f0
scene_1_1_terminalgain_globalmax_interp_0378,family_02,128,6.692405,7.127104,0.4347,24,2,22,2.3,1.925222,1.8825,1.022694,0.153272,1.53272,2.038129,0.019898,0.024943,2.841229,0.0,scene_1|scene_1.1_y02_medium_dense_y02_1p86|3128|38,scene_1|scene_1.1_y02_medium_dense_y02_1p86|2666|17,a9a8cba9d8d34da4c319827aad8a4c1e5ed4dcfa,d7ca58ce870c0982bc4f37d950c2856cb90e743f
scene_1_1_terminalgain_globalmax_interp_0379,family_02,129,6.692405,7.127104,0.4347,24,2,22,2.3,1.927017,1.8825,1.023648,0.153272,1.53272,2.038101,0.198217,0.038743,2.902126,0.0,scene_1|scene_1.1_y02_medium_dense_y02_1p86|3128|38,scene_1|scene_1.1_y02_medium_dense_y02_1p86|2666|17,d21bf2d404f513733895f00ce6f8467df979f424,e59d7102fd2d64093d4c128f9da05cbec7ce8f7f
scene_1_1_terminalgain_globalmax_interp_0380,family_02,130,6.692405,7.127104,0.4347,24,2,22,2.3,1.92942,1.8825,1.024924,0.153272,1.53272,2.038175,0.376537,0.102428,2.980901,0.0,scene_1|scene_1.1_y02_medium_dense_y02_1p86|3128|38,scene_1|scene_1.1_y02_medium_dense_y02_1p86|2666|17,5e1e4dd037f3ff1c0d59ac641be8298eb73d25ad,8cb46d1899e3ff084f0fa671a47d636c4de0e21c
scene_1_1_terminalgain_globalmax_interp_0381,family_02,131,6.692405,7.127104,0.4347,24,2,22,2.3,1.907872,1.8825,1.013478,0.153272,1.53272,2.039021,0.301078,0.166114,2.179337,0.0,scene_1|scene_1.1_y02_medium_dense_y02_1p86|3128|38,scene_1|scene_1.1_y02_medium_dense_y02_1p86|2666|17,c021fe28cb076811c422692b21b8c4bf703fbd03,9aace6714532085de4aff412c4a15f7e508b9a38
scene_1_1_terminalgain_globalmax_interp_0382,family_02,132,6.692405,7.127104,0.4347,24,2,22,2.3,1.890373,1.8825,1.004182,0.153272,1.53272,2.040738,0.122758,0.206902,1.208002,0.0,scene_1|scene_1.1_y02_medium_dense_y02_1p86|3128|38,scene_1|scene_1.1_y02_medium_dense_y02_1p86|2666|17,4fcc1c412c049d043c290a4c32009dd76f97f43d,264b4edc013d177187fa9ffc9f8e5d1a3dfc10f7
scene_1_1_terminalgain_globalmax_interp_0383,family_02,133,6.692405,7.127104,0.4347,24,2,22,2.3,1.919549,1.8825,1.019681,0.153272,1.53272,2.038307,0.055561,0.143216,2.641913,0.0,scene_1|scene_1.1_y02_medium_dense_y02_1p86|3128|38,scene_1|scene_1.1_y02_medium_dense_y02_1p86|2666|17,62e00b26f735309bad61ecda01a6c70516d6da1d,ffeb7a7a255f5be958e898b405bbb85cfd648ee4
scene_1_1_terminalgain_globalmax_interp_0384,family_02,134,6.692405,7.127104,0.4347,24,2,22,2.3,1.914612,1.8825,1.017058,0.153272,1.53272,2.038523,0.233881,0.07953,2.456225,0.0,scene_1|scene_1.1_y02_medium_dense_y02_1p86|3128|38,scene_1|scene_1.1_y02_medium_dense_y02_1p86|2666|17,57c3bcd728290d1fb463ec07a6c03d69815c61e8,52dd5e5273b688f5ff1e01a2bc8d4ed4032b9a23
scene_1_1_terminalgain_globalmax_interp_0385,family_02,135,6.692405,7.127104,0.4347,24,2,22,2.3,1.890401,1.8825,1.004197,0.153272,1.53272,2.040715,0.4122,0.015845,1.210205,0.0,scene_1|scene_1.1_y02_medium_dense_y02_1p86|3128|38,scene_1|scene_1.1_y02_medium_dense_y02_1p86|2666|17,14b814081d44585bfa8e6aa4e4e451e6250515bb,91611668cf33a1c2d0ad7778a6e32e22384d5926
scene_1_1_terminalgain_globalmax_interp_0386,family_02,136,6.692405,7.127104,0.4347,24,2,22,2.3,1.918672,1.8825,1.019215,0.153272,1.53272,2.038372,0.436601,0.047841,2.60971,0.0,scene_1|scene_1.1_y02_medium_dense_y02_1p86|3128|38,scene_1|scene_1.1_y02_medium_dense_y02_1p86|2666|17,ee23ded5bb42ced933c68740ba9ec01be0870ac3,c73e7bbc262c114367f2a9fddb0dc19e8e70091f
scene_1_1_terminalgain_globalmax_interp_0387,family_02,137,6.692405,7.127104,0.4347,24,2,22,2.3,1.953011,1.8825,1.037456,0.153272,1.53272,2.065583,0.258281,0.111526,3.67701,0.0,scene_1|scene_1.1_y02_medium_dense_y02_1p86|3128|38,scene_1|scene_1.1_y02_medium_dense_y02_1p86|2666|17,9735ecad87a10dcb4053db214922d1036d13414a,89230e39760ea069b02c6eae85593042797e12aa
scene_1_1_terminalgain_globalmax_interp_0388,family_02,138,6.692405,7.127104,0.4347,24,2,22,2.3,1.913458,1.8825,1.016445,0.153272,1.53272,2.038603,0.079962,0.175212,2.41105,0.0,scene_1|scene_1.1_y02_medium_dense_y02_1p86|3128|38,scene_1|scene_1.1_y02_medium_dense_y02_1p86|2666|17,828417bee7ec420d5949a2dab40fb5ea29d6227f,435391766a2deb89ac97aa863287c4d99bececcf
scene_1_1_terminalgain_globalmax_interp_0389,family_02,139,6.692405,7.127104,0.4347,24,2,22,2.3,1.896395,1.8825,1.007381,0.153272,1.53272,2.040024,0.098358,0.197804,1.607269,0.0,scene_1|scene_1.1_y02_medium_dense_y02_1p86|3128|38,scene_1|scene_1.1_y02_medium_dense_y02_1p86|2666|17,07aad8de5831422054e6920cab62e118a28d9dd4,0ff321e18231660f94e4693c1fb5811fd7bf5096
scene_1_1_terminalgain_globalmax_interp_0390,family_02,140,6.692405,7.127104,0.4347,24,2,22,2.3,1.906035,1.8825,1.012502,0.153272,1.53272,2.039142,0.276677,0.134118,2.097741,0.0,scene_1|scene_1.1_y02_medium_dense_y02_1p86|3128|38,scene_1|scene_1.1_y02_medium_dense_y02_1p86|2666|17,2ba600e66f5b65cddfc3756224a29ffc5d23c343,e23cf1bbc850c443489630f9e1139ded2af3f7aa
scene_1_1_terminalgain_globalmax_interp_0391,family_02,141,6.692405,7.127104,0.4347,24,2,22,2.3,1.908845,1.8825,1.013995,0.153272,1.53272,2.038938,0.400936,0.070432,2.221243,0.0,scene_1|scene_1.1_y02_medium_dense_y02_1p86|3128|38,scene_1|scene_1.1_y02_medium_dense_y02_1p86|2666|17,79053cf105918b2f9037f863b99238993c4a29a9,80960dd632acd3f5fccdfaf1662ddece0f5a354f
scene_1_1_terminalgain_globalmax_interp_0392,family_02,142,6.692405,7.127104,0.4347,24,2,22,2.3,1.919657,1.8825,1.019738,0.153272,1.53272,2.038306,0.222617,0.006747,2.645846,0.0,scene_1|scene_1.1_y02_medium_dense_y02_1p86|3128|38,scene_1|scene_1.1_y02_medium_dense_y02_1p86|2666|17,599b1f829820e7798c0eda16e5720a50ae5b013a,d9c62ffffcdd404b8ea0c727e82393a8cc263384
scene_1_1_terminalgain_globalmax_interp_0393,family_02,143,6.692405,7.127104,0.4347,24,2,22,2.3,1.902357,1.8825,1.010548,0.153272,1.53272,2.039449,0.044297,0.056939,1.92463,0.0,scene_1|scene_1.1_y02_medium_dense_y02_1p86|3128|38,scene_1|scene_1.1_y02_medium_dense_y02_1p86|2666|17,f9eef02966d97342d0cbe033c15e8a335bac0b38,db7e858fab3de6356ffcb6b45accb584ff996812
scene_1_1_terminalgain_globalmax_interp_0394,family_02,144,6.692405,7.127104,0.4347,24,2,22,2.3,1.885743,1.8825,1.001723,0.153272,1.53272,2.041345,0.134022,0.120625,0.774312,0.0,scene_1|scene_1.1_y02_medium_dense_y02_1p86|3128|38,scene_1|scene_1.1_y02_medium_dense_y02_1p86|2666|17,ac2fb0f3d45841a0c50427237291eb5a22dbd64f,76244a0471aa9ebcea65a365cfdb53420911df84
scene_1_1_terminalgain_globalmax_interp_0395,family_02,145,6.692405,7.127104,0.4347,24,2,22,2.3,1.968689,1.8825,1.045784,0.153272,1.53272,2.08438,0.312342,0.18431,4.081861,0.0,scene_1|scene_1.1_y02_medium_dense_y02_1p86|3128|38,scene_1|scene_1.1_y02_medium_dense_y02_1p86|2666|17,127ddcfa72dc727f7a7e49571dbb540304f6108e,4c94b1c59126c87cf534971d8cec10a9344a701e
scene_1_1_terminalgain_globalmax_interp_0396,family_02,146,6.692405,7.127104,0.4347,24,2,22,2.3,1.957363,1.8825,1.039768,0.153272,1.53272,2.070751,0.365273,0.188705,3.793536,0.0,scene_1|scene_1.1_y02_medium_dense_y02_1p86|3128|38,scene_1|scene_1.1_y02_medium_dense_y02_1p86|2666|17,f081d0992bdebc6e680c185edd6de046fc4c07b0,2088ec62d4a2c0540557d4217d7837763d5d8369
scene_1_1_terminalgain_globalmax_interp_0397,family_02,147,6.692405,7.127104,0.4347,24,2,22,2.3,1.883217,1.8825,1.000381,0.153272,1.53272,2.041692,0.186953,0.12502,0.3639,0.0,scene_1|scene_1.1_y02_medium_dense_y02_1p86|3128|38,scene_1|scene_1.1_y02_medium_dense_y02_1p86|2666|17,cd38878f42f00ecfe5a05beb32b991651b88f428,f141a8058799ac0383c5fd71788292013e9fe6c8
scene_1_1_terminalgain_globalmax_interp_0398,family_02,148,6.692405,7.127104,0.4347,24,2,22,2.3,1.908479,1.8825,1.0138,0.153272,1.53272,2.038974,0.008634,0.061334,2.205513,0.0,scene_1|scene_1.1_y02_medium_dense_y02_1p86|3128|38,scene_1|scene_1.1_y02_medium_dense_y02_1p86|2666|17,c6479e51185417caf7ba5b0a5c1e8c38f52bca9a,35334cfcb819efd99eb77f745b3036b87b3273b7
scene_1_1_terminalgain_globalmax_interp_0399,family_02,149,6.692405,7.127104,0.4347,24,2,22,2.3,1.911678,1.8825,1.0155,0.153272,1.53272,2.038726,0.169686,0.002351,2.339245,0.0,scene_1|scene_1.1_y02_medium_dense_y02_1p86|3128|38,scene_1|scene_1.1_y02_medium_dense_y02_1p86|2666|17,65b94c1edcb4d4520323d0927f02960ea890255a,e8f1562ef6b9745ef6769707101c31021acd8fb5
scene_1_1_terminalgain_globalmax_interp_0400,family_02,150,6.692405,7.127104,0.4347,24,2,22,2.3,1.908848,1.8825,1.013996,0.153272,1.53272,2.038906,0.348005,0.066037,2.221286,0.0,scene_1|scene_1.1_y02_medium_dense_y02_1p86|3128|38,scene_1|scene_1.1_y02_medium_dense_y02_1p86|2666|17,37f72df6bfbd78761957dced65de7ed8a168bd14,40890d66bfae334597b85bc35e64cbfce092d22b
scene_1_1_terminalgain_globalmax_interp_0401,family_02,151,6.692405,7.127104,0.4347,24,2,22,2.3,1.915581,1.8825,1.017573,0.153272,1.53272,2.038505,0.329608,0.129723,2.493783,0.0,scene_1|scene_1.1_y02_medium_dense_y02_1p86|3128|38,scene_1|scene_1.1_y02_medium_dense_y02_1p86|2666|17,85c8193fad7701dfb2446ac3162a1c79e2780bc1,7423558f693cc71e8720335f34c9c2f3816652c3
scene_1_1_terminalgain_globalmax_interp_0402,family_02,152,6.692405,7.127104,0.4347,24,2,22,2.3,1.890708,1.8825,1.00436,0.153272,1.53272,2.040697,0.151289,0.193408,1.233313,0.0,scene_1|scene_1.1_y02_medium_dense_y02_1p86|3128|38,scene_1|scene_1.1_y02_medium_dense_y02_1p86|2666|17,a2a468c2d33c080f0569677bccd38805b9b0c90a,ed83414933f662dab3630a8940e04327328c3108
scene_1_1_terminalgain_globalmax_interp_0403,family_02,153,6.692405,7.127104,0.4347,24,2,22,2.3,1.917408,1.8825,1.018543,0.153272,1.53272,2.038423,0.027031,0.179607,2.562661,0.0,scene_1|scene_1.1_y02_medium_dense_y02_1p86|3128|38,scene_1|scene_1.1_y02_medium_dense_y02_1p86|2666|17,b6f05adb391963b2f2f24b5395c9098e7210f82a,598f38a4e8a8d51e9f69c9e8d5b8aae07e5c2a83
scene_1_1_terminalgain_globalmax_interp_0404,family_02,154,6.692405,7.127104,0.4347,24,2,22,2.3,1.964155,1.8825,1.043376,0.153272,1.53272,2.078958,0.20535,0.115922,3.968638,0.0,scene_1|scene_1.1_y02_medium_dense_y02_1p86|3128|38,scene_1|scene_1.1_y02_medium_dense_y02_1p86|2666|17,b92ae11d295cf1b6511e66d4be16984f09de05dd,be9ec12ebda7db65bfb17f8221792959797f4751
scene_1_1_terminalgain_globalmax_interp_0405,family_02,155,6.692405,7.127104,0.4347,24,2,22,2.3,1.931768,1.8825,1.026172,0.153272,1.53272,2.040847,0.38367,0.052236,3.056679,0.0,scene_1|scene_1.1_y02_medium_dense_y02_1p86|3128|38,scene_1|scene_1.1_y02_medium_dense_y02_1p86|2666|17,66576f67c997a91703a4b4d23c12dbb47c304dd4,8c3b65acf5329b08962ccb763891f8b553396445
scene_1_1_terminalgain_globalmax_interp_0406,family_02,156,6.692405,7.127104,0.4347,24,2,22,2.3,1.893882,1.8825,1.006046,0.153272,1.53272,2.040294,0.293945,0.011449,1.45358,0.0,scene_1|scene_1.1_y02_medium_dense_y02_1p86|3128|38,scene_1|scene_1.1_y02_medium_dense_y02_1p86|2666|17,df5eacf4c5d8fb74e9798d659591380d54a99556,10f59badc2ae1ce602ce0a4059950c1fcf76cb7b
scene_1_1_terminalgain_globalmax_interp_0407,family_02,157,6.692405,7.127104,0.4347,24,2,22,2.3,1.90913,1.8825,1.014146,0.153272,1.53272,2.038921,0.115625,0.075135,2.233516,0.0,scene_1|scene_1.1_y02_medium_dense_y02_1p86|3128|38,scene_1|scene_1.1_y02_medium_dense_y02_1p86|2666|17,796ab55ea6816937dfcdb91a525bf7f075d0f586,eadf98f319d14d3a895ce1753c6ef08e6eef931c
scene_1_1_terminalgain_globalmax_interp_0408,family_02,158,6.692405,7.127104,0.4347,24,2,22,2.3,1.92902,1.8825,1.024712,0.153272,1.53272,2.038057,0.062694,0.138821,2.96802,0.0,scene_1|scene_1.1_y02_medium_dense_y02_1p86|3128|38,scene_1|scene_1.1_y02_medium_dense_y02_1p86|2666|17,26bf89b0112888fe35c22ecd25afd225badce3b3,b2e06f5e3be84037093c1ffdf71cc88c7f053dc4
scene_1_1_terminalgain_globalmax_interp_0409,family_02,159,6.692405,7.127104,0.4347,24,2,22,2.3,1.891112,1.8825,1.004575,0.153272,1.53272,2.040637,0.241014,0.202505,1.263375,0.0,scene_1|scene_1.1_y02_medium_dense_y02_1p86|3128|38,scene_1|scene_1.1_y02_medium_dense_y02_1p86|2666|17,17102ffc0195d99e9c5f7e4d78aa8144b77dd467,7a80e68137d40f8f53bddfe9ddee32ebbf7e3173
scene_1_1_terminalgain_globalmax_interp_0410,family_02,160,6.692405,7.127104,0.4347,24,2,22,2.3,1.898606,1.8825,1.008555,0.153272,1.53272,2.039814,0.419334,0.170509,1.731743,0.0,scene_1|scene_1.1_y02_medium_dense_y02_1p86|3128|38,scene_1|scene_1.1_y02_medium_dense_y02_1p86|2666|17,6f179b7c59b837f5b5e73383dcf72d91f7a0875c,1421c79552e706f9993c3854f5f0624a1d6e8e21
scene_1_1_terminalgain_globalmax_interp_0411,family_02,161,6.692405,7.127104,0.4347,24,2,22,2.3,1.936674,1.8825,1.028778,0.153272,1.53272,2.046445,0.429468,0.106824,3.209489,0.0,scene_1|scene_1.1_y02_medium_dense_y02_1p86|3128|38,scene_1|scene_1.1_y02_medium_dense_y02_1p86|2666|17,ad940b7ae8f668656179d421699b507cd746e01f,3b4a1e259e2eb15c34f404f0b1c939b07144a06f
scene_1_1_terminalgain_globalmax_interp_0412,family_02,162,6.692405,7.127104,0.4347,24,2,22,2.3,1.923719,1.8825,1.021896,0.153272,1.53272,2.038175,0.251148,0.043138,2.789529,0.0,scene_1|scene_1.1_y02_medium_dense_y02_1p86|3128|38,scene_1|scene_1.1_y02_medium_dense_y02_1p86|2666|17,e2deee5bc84f553d11f952ec4e1871b93a8ac7b2,a028c9698559695f2abb2196dfbc285bf84a130f
scene_1_1_terminalgain_globalmax_interp_0413,family_02,163,6.692405,7.127104,0.4347,24,2,22,2.3,1.91309,1.8825,1.01625,0.153272,1.53272,2.03861,0.072829,0.020548,2.396436,0.0,scene_1|scene_1.1_y02_medium_dense_y02_1p86|3128|38,scene_1|scene_1.1_y02_medium_dense_y02_1p86|2666|17,88e3d24bc6fdb3e787c84aec591c15c09386821f,7599151bcc9ae8705d43fa71fd57669459609bd0
scene_1_1_terminalgain_globalmax_interp_0414,family_02,164,6.692405,7.127104,0.4347,24,2,22,2.3,1.931942,1.8825,1.026264,0.153272,1.53272,2.041011,0.105491,0.084232,3.062042,0.0,scene_1|scene_1.1_y02_medium_dense_y02_1p86|3128|38,scene_1|scene_1.1_y02_medium_dense_y02_1p86|2666|17,07510389f0ab8e70008c8c85444107bbff1b9a0a,10df194c59f3731408d8630cf47139c36da89771
scene_1_1_terminalgain_globalmax_interp_0415,family_02,165,6.692405,7.127104,0.4347,24,2,22,2.3,1.90289,1.8825,1.010831,0.153272,1.53272,2.039378,0.283811,0.147918,1.950455,0.0,scene_1|scene_1.1_y02_medium_dense_y02_1p86|3128|38,scene_1|scene_1.1_y02_medium_dense_y02_1p86|2666|17,2e1ebe2b59d5842ae43c3c002d639f3ed23c58ed,bdbac4d042003fc647bf5747005de3d7357fbfba
scene_1_1_terminalgain_globalmax_interp_0416,family_02,166,6.692405,7.127104,0.4347,24,2,22,2.3,1.91238,1.8825,1.015873,0.153272,1.53272,2.038685,0.393803,0.211603,2.367593,0.0,scene_1|scene_1.1_y02_medium_dense_y02_1p86|3128|38,scene_1|scene_1.1_y02_medium_dense_y02_1p86|2666|17,f816016b30235f9e1592b7fc8a97dd80a1b7ac17,342bf0c197b65fa742267cb3c639eb83219b549f
scene_1_1_terminalgain_globalmax_interp_0417,family_02,167,6.692405,7.127104,0.4347,24,2,22,2.3,1.912176,1.8825,1.015764,0.153272,1.53272,2.038689,0.215485,0.161411,2.359802,0.0,scene_1|scene_1.1_y02_medium_dense_y02_1p86|3128|38,scene_1|scene_1.1_y02_medium_dense_y02_1p86|2666|17,4899b4d59b75ad40b6ee426058646b5331f25f4b,da87196c448476e4ee2d5c466d26659d8ef10551
scene_1_1_terminalgain_globalmax_interp_0418,family_02,168,6.692405,7.127104,0.4347,24,2,22,2.3,1.883842,1.8825,1.000713,0.153272,1.53272,2.041605,0.037165,0.097727,0.497708,0.0,scene_1|scene_1.1_y02_medium_dense_y02_1p86|3128|38,scene_1|scene_1.1_y02_medium_dense_y02_1p86|2666|17,9b28c96c941260c2a2c53eb91c7629e827f5ad28,e36c0b87f1c7d3a2fca12ee6e336bb1912ed4d08
scene_1_1_terminalgain_globalmax_interp_0419,family_02,169,6.692405,7.127104,0.4347,24,2,22,2.3,1.9363,1.8825,1.028579,0.153272,1.53272,2.046055,0.141154,0.034041,3.19778,0.0,scene_1|scene_1.1_y02_medium_dense_y02_1p86|3128|38,scene_1|scene_1.1_y02_medium_dense_y02_1p86|2666|17,a87b61c32951f3690bbf67404d0e9562e25009a6,3c1358ea122bb2efc7ff13628b6c63f101ac3efd
scene_1_1_terminalgain_globalmax_interp_0420,family_02,170,6.692405,7.127104,0.4347,24,2,22,2.3,1.923762,1.8825,1.021919,0.153272,1.53272,2.038166,0.319474,0.029645,2.791273,0.0,scene_1|scene_1.1_y02_medium_dense_y02_1p86|3128|38,scene_1|scene_1.1_y02_medium_dense_y02_1p86|2666|17,600fe7ee18e0dc46c3052048ff24e7ff1e4dbb59,bdce75d716a636253b5a750738f7b4fd881ca889
scene_1_1_terminalgain_globalmax_interp_0421,family_02,171,6.692405,7.127104,0.4347,24,2,22,2.3,1.886618,1.8825,1.002187,0.153272,1.53272,2.041219,0.35814,0.09333,0.872843,0.0,scene_1|scene_1.1_y02_medium_dense_y02_1p86|3128|38,scene_1|scene_1.1_y02_medium_dense_y02_1p86|2666|17,6368e0d6f440f9e6b6d537c328a73149e2d821ba,6b7366ab3f762dd72bb551e5dc80a930be5774c3
scene_1_1_terminalgain_globalmax_interp_0422,family_02,172,6.692405,7.127104,0.4347,24,2,22,2.3,1.922471,1.8825,1.021233,0.153272,1.53272,2.038186,0.17982,0.157016,2.746104,0.0,scene_1|scene_1.1_y02_medium_dense_y02_1p86|3128|38,scene_1|scene_1.1_y02_medium_dense_y02_1p86|2666|17,11132462c830aa51bc786e5c516bb49af3801ce8,fb90fd7dffd18ebc411abfc74edfcde6ba57ad53
scene_1_1_terminalgain_globalmax_interp_0423,family_02,173,6.692405,7.127104,0.4347,24,2,22,2.3,1.94187,1.8825,1.031538,0.153272,1.53272,2.052519,0.001501,0.220702,3.364087,0.0,scene_1|scene_1.1_y02_medium_dense_y02_1p86|3128|38,scene_1|scene_1.1_y02_medium_dense_y02_1p86|2666|17,5d28db82df359aac9477bc2018787193a5eebdcc,080ecd73b11c64cdaeaabe10ef3fedec1dd6fda8
scene_1_1_terminalgain_globalmax_interp_0424,family_02,174,6.692405,7.127104,0.4347,24,2,22,2.3,1.898345,1.8825,1.008417,0.153272,1.53272,2.039831,0.176819,0.214699,1.717329,0.0,scene_1|scene_1.1_y02_medium_dense_y02_1p86|3128|38,scene_1|scene_1.1_y02_medium_dense_y02_1p86|2666|17,8ad06630f1f37ba50c3cd9d30aec0e996cce370c,3ca2f9f1470fb0a3c7bf4e7e03b63f45003021ce
scene_1_1_terminalgain_globalmax_interp_0425,family_02,175,6.692405,7.127104,0.4347,24,2,22,2.3,1.904896,1.8825,1.011897,0.153272,1.53272,2.039227,0.355139,0.151014,2.045768,0.0,scene_1|scene_1.1_y02_medium_dense_y02_1p86|3128|38,scene_1|scene_1.1_y02_medium_dense_y02_1p86|2666|17,34a61dda9520abb023a54a5786b403c15aa51342,8e81126c2d411db9914b93d3631c1444979be721
scene_1_1_terminalgain_globalmax_interp_0426,family_02,176,6.692405,7.127104,0.4347,24,2,22,2.3,1.901862,1.8825,1.010285,0.153272,1.53272,2.039479,0.322476,0.087328,1.900438,0.0,scene_1|scene_1.1_y02_medium_dense_y02_1p86|3128|38,scene_1|scene_1.1_y02_medium_dense_y02_1p86|2666|17,bf478eea57c4a924fc998fde6382c1bb293ab886,f325daa388e5a79cc44b87faae59beb4db312057
scene_1_1_terminalgain_globalmax_interp_0427,family_02,177,6.692405,7.127104,0.4347,24,2,22,2.3,1.927966,1.8825,1.024152,0.153272,1.53272,2.038077,0.144157,0.023642,2.932959,0.0,scene_1|scene_1.1_y02_medium_dense_y02_1p86|3128|38,scene_1|scene_1.1_y02_medium_dense_y02_1p86|2666|17,cea2e2750146b55cc13c021bf0da3b0014397a27,4b8865d1f2071f0cd2ba627b7695522641c34fab
scene_1_1_terminalgain_globalmax_interp_0428,family_02,178,6.692405,7.127104,0.4347,24,2,22,2.3,1.949488,1.8825,1.035585,0.153272,1.53272,2.061354,0.034163,0.040042,3.580656,0.0,scene_1|scene_1.1_y02_medium_dense_y02_1p86|3128|38,scene_1|scene_1.1_y02_medium_dense_y02_1p86|2666|17,dbd0396a3bc0acdca94e7ac3aca994a0d3c8e84a,e1bf7a64d6c5d9f96bbbed5ca6941771cf0d3f76
scene_1_1_terminalgain_globalmax_interp_0429,family_02,179,6.692405,7.127104,0.4347,24,2,22,2.3,1.890725,1.8825,1.004369,0.153272,1.53272,2.040697,0.212483,0.103728,1.234644,0.0,scene_1|scene_1.1_y02_medium_dense_y02_1p86|3128|38,scene_1|scene_1.1_y02_medium_dense_y02_1p86|2666|17,71afd0e64dcfad60a7b658af395f5cc465503f93,2586d1c64a14a81c2cf4fab494f21fb6cdb41f84
scene_1_1_terminalgain_globalmax_interp_0430,family_02,180,6.692405,7.127104,0.4347,24,2,22,2.3,1.895695,1.8825,1.007009,0.153272,1.53272,2.040118,0.390802,0.167413,1.56606,0.0,scene_1|scene_1.1_y02_medium_dense_y02_1p86|3128|38,scene_1|scene_1.1_y02_medium_dense_y02_1p86|2666|17,87f5662a2e48dd3f54c53714af0ca3af7bae203f,0120b6024527698e8494e1e46c90a2a466f4ea8b
scene_1_1_terminalgain_globalmax_interp_0431,family_02,181,6.692405,7.127104,0.4347,24,2,22,2.3,1.939643,1.8825,1.030355,0.153272,1.53272,2.049929,0.286812,0.205601,3.29842,0.0,scene_1|scene_1.1_y02_medium_dense_y02_1p86|3128|38,scene_1|scene_1.1_y02_medium_dense_y02_1p86|2666|17,911c5321c91392233f014fb135328e36d7cce752,2bf965772bb9c7350575309b9bc25e64df7c0303
scene_1_1_terminalgain_globalmax_interp_0432,family_02,182,6.692405,7.127104,0.4347,24,2,22,2.3,1.950837,1.8825,1.036301,0.153272,1.53272,2.063019,0.108492,0.141916,3.617972,0.0,scene_1|scene_1.1_y02_medium_dense_y02_1p86|3128|38,scene_1|scene_1.1_y02_medium_dense_y02_1p86|2666|17,fcc0a3e098c301eb164c472da69dc2efdfa61c95,3e2309a22a7ae3221c66b1d167f745acc6744bcf
scene_1_1_terminalgain_globalmax_interp_0433,family_02,183,6.692405,7.127104,0.4347,24,2,22,2.3,1.891814,1.8825,1.004948,0.153272,1.53272,2.040559,0.069827,0.078231,1.314299,0.0,scene_1|scene_1.1_y02_medium_dense_y02_1p86|3128|38,scene_1|scene_1.1_y02_medium_dense_y02_1p86|2666|17,bd922b9188774346b902aec5aa7f216037cd5e30,09a0484aa764afc015c6dd71dae04f8dba9ea9e8
scene_1_1_terminalgain_globalmax_interp_0434,family_02,184,6.692405,7.127104,0.4347,24,2,22,2.3,1.890927,1.8825,1.004477,0.153272,1.53272,2.040653,0.248147,0.014545,1.250024,0.0,scene_1|scene_1.1_y02_medium_dense_y02_1p86|3128|38,scene_1|scene_1.1_y02_medium_dense_y02_1p86|2666|17,6c2315b9bdfdbfe587c5c443fa9d7f1cbdb3c66b,187ddb01821f8dcf1f7e6536c7caa273a34913f4
scene_1_1_terminalgain_globalmax_interp_0435,family_02,185,6.692405,7.127104,0.4347,24,2,22,2.3,1.941183,1.8825,1.031173,0.153272,1.53272,2.051665,0.426467,0.04914,3.344263,0.0,scene_1|scene_1.1_y02_medium_dense_y02_1p86|3128|38,scene_1|scene_1.1_y02_medium_dense_y02_1p86|2666|17,687dc37dcb117396c0ae90f7b27cce54e9bfcaf4,03192c20b2da292e9e13ff78ca8059a248bc8935
scene_1_1_terminalgain_globalmax_interp_0436,family_02,186,6.692405,7.127104,0.4347,24,2,22,2.3,1.91561,1.8825,1.017588,0.153272,1.53272,2.038522,0.422335,0.112826,2.494626,0.0,scene_1|scene_1.1_y02_medium_dense_y02_1p86|3128|38,scene_1|scene_1.1_y02_medium_dense_y02_1p86|2666|17,601dec00a1b3ddce03a366c039220b3b525254d3,81a562f9558fd778ee127afbf474b750eb2bb4ea
scene_1_1_terminalgain_globalmax_interp_0437,family_02,187,6.692405,7.127104,0.4347,24,2,22,2.3,1.90117,1.8825,1.009918,0.153272,1.53272,2.039539,0.244015,0.176512,1.865494,0.0,scene_1|scene_1.1_y02_medium_dense_y02_1p86|3128|38,scene_1|scene_1.1_y02_medium_dense_y02_1p86|2666|17,1461ce6801701904adc1f0fd7a6b174a5634a4bc,5a29ee17eb02aa296e0b3f5ca55a3540e0f5ba42
scene_1_1_terminalgain_globalmax_interp_0438,family_02,188,6.692405,7.127104,0.4347,24,2,22,2.3,1.901156,1.8825,1.00991,0.153272,1.53272,2.039549,0.065696,0.196504,1.865274,0.0,scene_1|scene_1.1_y02_medium_dense_y02_1p86|3128|38,scene_1|scene_1.1_y02_medium_dense_y02_1p86|2666|17,79086f88b704706c9e255536f4b1ff3598f8ad58,4346e14377a5b6ad217692025909fc480cc5d1b3
scene_1_1_terminalgain_globalmax_interp_0439,family_02,189,6.692405,7.127104,0.4347,24,2,22,2.3,1.906546,1.8825,1.012773,0.153272,1.53272,2.039089,0.112624,0.132819,2.120565,0.0,scene_1|scene_1.1_y02_medium_dense_y02_1p86|3128|38,scene_1|scene_1.1_y02_medium_dense_y02_1p86|2666|17,1a44fc7da119136c4af5a664b3963d5beec8c773,c73cbb7658862a96f0346a285d2a906aa58434b3
scene_1_1_terminalgain_globalmax_interp_0440,family_02,190,6.692405,7.127104,0.4347,24,2,22,2.3,1.929972,1.8825,1.025217,0.153272,1.53272,2.03881,0.290944,0.069133,2.998767,0.0,scene_1|scene_1.1_y02_medium_dense_y02_1p86|3128|38,scene_1|scene_1.1_y02_medium_dense_y02_1p86|2666|17,06b7685d190c555e21fed1406fdfdb681e0bce45,f098e955e1e0f68ae99697774908f713ddf8e49b
scene_1_1_terminalgain_globalmax_interp_0441,family_02,191,6.692405,7.127104,0.4347,24,2,22,2.3,1.93072,1.8825,1.025615,0.153272,1.53272,2.039677,0.386671,0.005447,3.022951,0.0,scene_1|scene_1.1_y02_medium_dense_y02_1p86|3128|38,scene_1|scene_1.1_y02_medium_dense_y02_1p86|2666|17,bd9a9ef1c9e5c5007bdd2983a507c63064dba1ee,4e3ac2837ed1205508b3c9dcec9ea12c62714ed3
scene_1_1_terminalgain_globalmax_interp_0442,family_02,192,6.692405,7.127104,0.4347,24,2,22,2.3,1.885349,1.8825,1.001513,0.153272,1.53272,2.041386,0.208352,0.058238,0.725511,0.0,scene_1|scene_1.1_y02_medium_dense_y02_1p86|3128|38,scene_1|scene_1.1_y02_medium_dense_y02_1p86|2666|17,51933f275fecf526ac0b915cff2436316b163f76,37b200d0d0ea93a69b66a78ca41e9970728119c3
scene_1_1_terminalgain_globalmax_interp_0443,family_02,193,6.692405,7.127104,0.4347,24,2,22,2.3,1.934144,1.8825,1.027434,0.153272,1.53272,2.043544,0.030032,0.121924,3.131311,0.0,scene_1|scene_1.1_y02_medium_dense_y02_1p86|3128|38,scene_1|scene_1.1_y02_medium_dense_y02_1p86|2666|17,b94580792e0f5bc0f606d2148dba6926452efa98,5162a7bf178059db058e55b273e20ae7be00b64d
scene_1_1_terminalgain_globalmax_interp_0444,family_02,194,6.692405,7.127104,0.4347,24,2,22,2.3,1.941878,1.8825,1.031542,0.153272,1.53272,2.052509,0.148288,0.18561,3.364445,0.0,scene_1|scene_1.1_y02_medium_dense_y02_1p86|3128|38,scene_1|scene_1.1_y02_medium_dense_y02_1p86|2666|17,d5b7c1aa46b076526b8839d7936983ac5464f9ce,af2b571df6a45141f0b57d1fa6cad39b1278c430
scene_1_1_terminalgain_globalmax_interp_0445,family_02,195,6.692405,7.127104,0.4347,24,2,22,2.3,1.883232,1.8825,1.000389,0.153272,1.53272,2.041697,0.326607,0.187406,0.367599,0.0,scene_1|scene_1.1_y02_medium_dense_y02_1p86|3128|38,scene_1|scene_1.1_y02_medium_dense_y02_1p86|2666|17,a7af0657886740b3635e1aa4acee40e405a03825,02f931ca1f857c4c3b0ce2c75984d84f0fda1bd1
scene_1_1_terminalgain_globalmax_interp_0446,family_02,196,6.692405,7.127104,0.4347,24,2,22,2.3,1.911044,1.8825,1.015163,0.153272,1.53272,2.038758,0.351007,0.12372,2.313408,0.0,scene_1|scene_1.1_y02_medium_dense_y02_1p86|3128|38,scene_1|scene_1.1_y02_medium_dense_y02_1p86|2666|17,d4d20da301cebb6423c38fae944fc4e8a1d7fbfe,57275c08c9dabbd0b50ef3c80bb42536b225e31b
scene_1_1_terminalgain_globalmax_interp_0447,family_02,197,6.692405,7.127104,0.4347,24,2,22,2.3,1.911509,1.8825,1.01541,0.153272,1.53272,2.038749,0.172687,0.060035,2.332656,0.0,scene_1|scene_1.1_y02_medium_dense_y02_1p86|3128|38,scene_1|scene_1.1_y02_medium_dense_y02_1p86|2666|17,3429f920c7fb6e91f9807c8227ce878726e804bd,eb8b98e893b358104e78e264a1bb6e52e9405f95
scene_1_1_terminalgain_globalmax_interp_0448,family_02,198,6.692405,7.127104,0.4347,24,2,22,2.3,1.904389,1.8825,1.011627,0.153272,1.53272,2.03928,0.005633,0.003651,2.022155,0.0,scene_1|scene_1.1_y02_medium_dense_y02_1p86|3128|38,scene_1|scene_1.1_y02_medium_dense_y02_1p86|2666|17,c87c5f2f536d6733f971ef22b04b1169241d3127,b6acdc95ad07ca6271b34ae4134ef2e0a9e743dd
scene_1_1_terminalgain_globalmax_interp_0449,family_02,199,6.692405,7.127104,0.4347,24,2,22,2.3,1.927183,1.8825,1.023736,0.153272,1.53272,2.038033,0.183952,0.067336,2.907266,0.0,scene_1|scene_1.1_y02_medium_dense_y02_1p86|3128|38,scene_1|scene_1.1_y02_medium_dense_y02_1p86|2666|17,69e22e3286f257074db6a4f577e93f8cd3451d8e,39909305b4c82b154b3b12eac7abf2a1c403b971
scene_1_1_terminalgain_globalmax_interp_0450,family_02,200,6.692405,7.127104,0.4347,24,2,22,2.3,1.91648,1.8825,1.018051,0.153272,1.53272,2.038452,0.362271,0.131022,2.527964,0.0,scene_1|scene_1.1_y02_medium_dense_y02_1p86|3128|38,scene_1|scene_1.1_y02_medium_dense_y02_1p86|2666|17,d5539845264a37445baef1b65e7d27e12df30eb9,985a3f64e7e5c74b650b985bad6b81b79a27fce7
scene_1_1_terminalgain_globalmax_interp_0451,family_02,201,6.692405,7.127104,0.4347,24,2,22,2.3,1.920815,1.8825,1.020354,0.153272,1.53272,2.038253,0.315343,0.194708,2.687673,0.0,scene_1|scene_1.1_y02_medium_dense_y02_1p86|3128|38,scene_1|scene_1.1_y02_medium_dense_y02_1p86|2666|17,dcf11163bedfef1880c35a043f2c13c6fc7d0591,306ffe34670c137656f760be0fa3b0b64e0415a0
scene_1_1_terminalgain_globalmax_interp_0452,family_02,202,6.692405,7.127104,0.4347,24,2,22,2.3,1.923149,1.8825,1.021593,0.153272,1.53272,2.038215,0.137024,0.178308,2.769958,0.0,scene_1|scene_1.1_y02_medium_dense_y02_1p86|3128|38,scene_1|scene_1.1_y02_medium_dense_y02_1p86|2666|17,be1cba3b8177d683aa18cb2f9e30f47abfb12cec,5a234a516ab59008c5cf83e4a4c7a8da03086bae
scene_1_1_terminalgain_globalmax_interp_0453,family_02,203,6.692405,7.127104,0.4347,24,2,22,2.3,1.903274,1.8825,1.011036,0.153272,1.53272,2.03935,0.041296,0.114622,1.969366,0.0,scene_1|scene_1.1_y02_medium_dense_y02_1p86|3128|38,scene_1|scene_1.1_y02_medium_dense_y02_1p86|2666|17,e6e01774cc6959a4c09a6f615bd165fa3e82f483,099f348c33b3b103e8d57aac723e74f85590112b
scene_1_1_terminalgain_globalmax_interp_0454,family_02,204,6.692405,7.127104,0.4347,24,2,22,2.3,1.885962,1.8825,1.001839,0.153272,1.53272,2.041309,0.219616,0.050937,0.800035,0.0,scene_1|scene_1.1_y02_medium_dense_y02_1p86|3128|38,scene_1|scene_1.1_y02_medium_dense_y02_1p86|2666|17,6a8e189bf295a433e05ae2c45489e7cb501653a2,f851042ee141734d0850e5b667f55529c1d3ad25
scene_1_1_terminalgain_globalmax_interp_0455,family_02,205,6.692405,7.127104,0.4347,24,2,22,2.3,1.935669,1.8825,1.028244,0.153272,1.53272,2.04535,0.397935,0.012749,3.178653,0.0,scene_1|scene_1.1_y02_medium_dense_y02_1p86|3128|38,scene_1|scene_1.1_y02_medium_dense_y02_1p86|2666|17,db598b66f07e40e192bae4a7895a502c4dacf24e,6d69878c7579dee3cd880e1fe01e57f1674af9d2
scene_1_1_terminalgain_globalmax_interp_0456,family_02,206,6.692405,7.127104,0.4347,24,2,22,2.3,1.902148,1.8825,1.010437,0.153272,1.53272,2.039468,0.27968,0.076435,1.914651,0.0,scene_1|scene_1.1_y02_medium_dense_y02_1p86|3128|38,scene_1|scene_1.1_y02_medium_dense_y02_1p86|2666|17,db74a33c0c19f66a8dc9a40bb66cd52d976238f4,ce387abb3403f11e44d66a52e53b7e618bd5e290
scene_1_1_terminalgain_globalmax_interp_0457,family_02,207,6.692405,7.127104,0.4347,24,2,22,2.3,1.898854,1.8825,1.008687,0.153272,1.53272,2.039778,0.10136,0.14012,1.745288,0.0,scene_1|scene_1.1_y02_medium_dense_y02_1p86|3128|38,scene_1|scene_1.1_y02_medium_dense_y02_1p86|2666|17,bb36ad90528a074d40201c0e0d71489680df0184,29589f2a8634e328bc70759e7404a82e3fd41b9a
scene_1_1_terminalgain_globalmax_interp_0458,family_02,208,6.692405,7.127104,0.4347,24,2,22,2.3,1.972178,1.8825,1.047638,0.153272,1.53272,2.088628,0.255279,0.16921,4.167516,0.0,scene_1|scene_1.1_y02_medium_dense_y02_1p86|3128|38,scene_1|scene_1.1_y02_medium_dense_y02_1p86|2666|17,7121f1d437759ebeacc5d9764bbf123e7ce0bdb4,8f17094b6913fde1ac73560c1812b1e8b40acdf7
scene_1_1_terminalgain_globalmax_interp_0459,family_02,209,6.692405,7.127104,0.4347,24,2,22,2.3,1.934167,1.8825,1.027446,0.153272,1.53272,2.043629,0.433599,0.105524,3.131838,0.0,scene_1|scene_1.1_y02_medium_dense_y02_1p86|3128|38,scene_1|scene_1.1_y02_medium_dense_y02_1p86|2666|17,476c02c95dfe31ef3d964398dc91e49910e92537,f1b911dfc00d1c68cbaeba0b880ed97d3d448a13
scene_1_1_terminalgain_globalmax_interp_0460,family_02,210,6.692405,7.127104,0.4347,24,2,22,2.3,1.890024,1.8825,1.003997,0.153272,1.53272,2.040755,0.415203,0.041839,1.180779,0.0,scene_1|scene_1.1_y02_medium_dense_y02_1p86|3128|38,scene_1|scene_1.1_y02_medium_dense_y02_1p86|2666|17,e6b7fdc1e5ac26ce71c05a69ec095c93fb4b3022,9bedf3703cc009ec25ab115244767f1141833414
scene_1_1_terminalgain_globalmax_interp_0461,family_02,211,6.692405,7.127104,0.4347,24,2,22,2.3,1.920007,1.8825,1.019924,0.153272,1.53272,2.038268,0.236883,0.021847,2.658467,0.0,scene_1|scene_1.1_y02_medium_dense_y02_1p86|3128|38,scene_1|scene_1.1_y02_medium_dense_y02_1p86|2666|17,5db4acb53dc473e22a44394044f91f161d7aac54,40ee83ea7ac46edd6d5faeb3630c91cda4b72cdd
scene_1_1_terminalgain_globalmax_interp_0462,family_02,212,6.692405,7.127104,0.4347,24,2,22,2.3,1.895462,1.8825,1.006885,0.153272,1.53272,2.040143,0.058563,0.085533,1.551856,0.0,scene_1|scene_1.1_y02_medium_dense_y02_1p86|3128|38,scene_1|scene_1.1_y02_medium_dense_y02_1p86|2666|17,54a6a747b65b2a6a9bda2bab25e3d43067f320ba,16f74580dee39851eb3b81af207a761934e0c1da
scene_1_1_terminalgain_globalmax_interp_0463,family_02,213,6.692405,7.127104,0.4347,24,2,22,2.3,1.927597,1.8825,1.023956,0.153272,1.53272,2.038051,0.119756,0.149218,2.920976,0.0,scene_1|scene_1.1_y02_medium_dense_y02_1p86|3128|38,scene_1|scene_1.1_y02_medium_dense_y02_1p86|2666|17,0fd5e3848dca9c868e39f3e6f9c0291cea5ff7e6,64d10f68d9c1d39f7dd75f45a367ca64ab06ddeb
scene_1_1_terminalgain_globalmax_interp_0464,family_02,214,6.692405,7.127104,0.4347,24,2,22,2.3,1.898235,1.8825,1.008359,0.153272,1.53272,2.039854,0.298076,0.212904,1.711189,0.0,scene_1|scene_1.1_y02_medium_dense_y02_1p86|3128|38,scene_1|scene_1.1_y02_medium_dense_y02_1p86|2666|17,c43a966cac30d1691fbdedac2ede9d67f09a89cc,39e3ecda09a60a254d3dbd72d5ea4d8833b6fb08
scene_1_1_terminalgain_globalmax_interp_0465,family_02,215,6.692405,7.127104,0.4347,24,2,22,2.3,1.886821,1.8825,1.002295,0.153272,1.53272,2.041187,0.379538,0.160112,0.893895,0.0,scene_1|scene_1.1_y02_medium_dense_y02_1p86|3128|38,scene_1|scene_1.1_y02_medium_dense_y02_1p86|2666|17,1a070e203e1d2f3ad7f2aee5dc28d0e2279b1488,15bc394091cc33fd62aad827383893e5a8598e90
scene_1_1_terminalgain_globalmax_interp_0466,family_02,216,6.692405,7.127104,0.4347,24,2,22,2.3,1.943756,1.8825,1.03254,0.153272,1.53272,2.054662,0.201219,0.096426,3.41909,0.0,scene_1|scene_1.1_y02_medium_dense_y02_1p86|3128|38,scene_1|scene_1.1_y02_medium_dense_y02_1p86|2666|17,16a2f3c4364b94521a90ae5728044c0209585029,423845cc0bfd4cb7e93edc522abf8836eb788773
scene_1_1_terminalgain_globalmax_interp_0467,family_02,217,6.692405,7.127104,0.4347,24,2,22,2.3,1.955108,1.8825,1.03857,0.153272,1.53272,2.068102,0.022899,0.032741,3.733672,0.0,scene_1|scene_1.1_y02_medium_dense_y02_1p86|3128|38,scene_1|scene_1.1_y02_medium_dense_y02_1p86|2666|17,a40528efddc3e79bae5833d2823526db69d2e003,657698a7e0276c0a994cbc5865f10d3e9b5e8f4c
scene_1_1_terminalgain_globalmax_interp_0468,family_02,218,6.692405,7.127104,0.4347,24,2,22,2.3,1.885467,1.8825,1.001576,0.153272,1.53272,2.041379,0.155421,0.030945,0.740456,0.0,scene_1|scene_1.1_y02_medium_dense_y02_1p86|3128|38,scene_1|scene_1.1_y02_medium_dense_y02_1p86|2666|17,f5ba2f6d4b78cad1133af16a94d20afb298cf03f,c287f779cd9f0ff6cfb323266ea7ae40630a0237
scene_1_1_terminalgain_globalmax_interp_0469,family_02,219,6.692405,7.127104,0.4347,24,2,22,2.3,1.899807,1.8825,1.009193,0.153272,1.53272,2.039685,0.33374,0.094631,1.795642,0.0,scene_1|scene_1.1_y02_medium_dense_y02_1p86|3128|38,scene_1|scene_1.1_y02_medium_dense_y02_1p86|2666|17,c23c20d855f79b9d138544b70f331b849c498368,b3756bc6240f1403ab639dbb4212c4d5e95ff064
scene_1_1_terminalgain_globalmax_interp_0470,family_02,220,6.692405,7.127104,0.4347,24,2,22,2.3,1.922672,1.8825,1.02134,0.153272,1.53272,2.038216,0.343875,0.158315,2.753213,0.0,scene_1|scene_1.1_y02_medium_dense_y02_1p86|3128|38,scene_1|scene_1.1_y02_medium_dense_y02_1p86|2666|17,c3cf1eea5079c8e973732bb655f025e931883bf6,436c9b97cf11b65996b83f2dc61b256c5626abb1
scene_1_1_terminalgain_globalmax_interp_0471,family_02,221,6.692405,7.127104,0.4347,24,2,22,2.3,1.90142,1.8825,1.01005,0.153272,1.53272,2.039546,0.165555,0.222001,1.878052,0.0,scene_1|scene_1.1_y02_medium_dense_y02_1p86|3128|38,scene_1|scene_1.1_y02_medium_dense_y02_1p86|2666|17,4598ce3ae44c0d4c0cd111fa1d8ca69910c62c4f,4238c3fc6e6227e8980ff0f16ae2b3ff0027d713
scene_1_1_terminalgain_globalmax_interp_0472,family_02,222,6.692405,7.127104,0.4347,24,2,22,2.3,1.912764,1.8825,1.016076,0.153272,1.53272,2.038637,0.012765,0.222312,2.383492,0.0,scene_1|scene_1.1_y02_medium_dense_y02_1p86|3128|38,scene_1|scene_1.1_y02_medium_dense_y02_1p86|2666|17,8b8d003eeb8b876f17c8f45dfd907b739946e4d1,e7b4f18f2eba0203cab32c577dfd61a539cea2c6
scene_1_1_terminalgain_globalmax_interp_0473,family_02,223,6.692405,7.127104,0.4347,24,2,22,2.3,1.892258,1.8825,1.005183,0.153272,1.53272,2.040501,0.191084,0.158626,1.34547,0.0,scene_1|scene_1.1_y02_medium_dense_y02_1p86|3128|38,scene_1|scene_1.1_y02_medium_dense_y02_1p86|2666|17,19ec95388ebcf398fb6a0000024834573f465fda,18f58febc488dc78c801d8e1c2519a6318a34842
scene_1_1_terminalgain_globalmax_interp_0474,family_02,224,6.692405,7.127104,0.4347,24,2,22,2.3,1.923407,1.8825,1.02173,0.153272,1.53272,2.038155,0.369404,0.094941,2.77862,0.0,scene_1|scene_1.1_y02_medium_dense_y02_1p86|3128|38,scene_1|scene_1.1_y02_medium_dense_y02_1p86|2666|17,07a6f4f2f7af0c26597866d1b1ccafe36fb0c7c0,eac019b96429c5666e30616dbb909444467148e9
scene_1_1_terminalgain_globalmax_interp_0475,family_02,225,6.692405,7.127104,0.4347,24,2,22,2.3,1.963192,1.8825,1.042864,0.153272,1.53272,2.0778,0.30821,0.031255,3.944243,0.0,scene_1|scene_1.1_y02_medium_dense_y02_1p86|3128|38,scene_1|scene_1.1_y02_medium_dense_y02_1p86|2666|17,f87df60bd9ca44300e7030802edf530409f61cd9,a952c30919ed9d87b6a169746bc3e5b01b7cd28a
scene_1_1_terminalgain_globalmax_interp_0476,family_02,226,6.692405,7.127104,0.4347,24,2,22,2.3,1.913982,1.8825,1.016723,0.153272,1.53272,2.038584,0.12989,0.03243,2.431552,0.0,scene_1|scene_1.1_y02_medium_dense_y02_1p86|3128|38,scene_1|scene_1.1_y02_medium_dense_y02_1p86|2666|17,846cb2c94399ed03e9db797ad6dcab9aa7db7211,a0cf5810d7b2aa04f2b44b85693ea15dabb02957
scene_1_1_terminalgain_globalmax_interp_0477,family_02,227,6.692405,7.127104,0.4347,24,2,22,2.3,1.892563,1.8825,1.005346,0.153272,1.53272,2.040483,0.048429,0.096116,1.366324,0.0,scene_1|scene_1.1_y02_medium_dense_y02_1p86|3128|38,scene_1|scene_1.1_y02_medium_dense_y02_1p86|2666|17,6bb690388c69cc2e716ae9031b722abb8f258bc6,7f067a2ff049f2f80416f3c99427d617b1c87071
scene_1_1_terminalgain_globalmax_interp_0478,family_02,228,6.692405,7.127104,0.4347,24,2,22,2.3,1.912651,1.8825,1.016017,0.153272,1.53272,2.038661,0.226749,0.159801,2.378845,0.0,scene_1|scene_1.1_y02_medium_dense_y02_1p86|3128|38,scene_1|scene_1.1_y02_medium_dense_y02_1p86|2666|17,090adfd2ac8e92ad81c93fccaa37043641205571,881de34661f67f1cecafbfcbf05ff6301e64643a
scene_1_1_terminalgain_globalmax_interp_0479,family_02,229,6.692405,7.127104,0.4347,24,2,22,2.3,1.921332,1.8825,1.020628,0.153272,1.53272,2.038232,0.405068,0.213214,2.705978,0.0,scene_1|scene_1.1_y02_medium_dense_y02_1p86|3128|38,scene_1|scene_1.1_y02_medium_dense_y02_1p86|2666|17,64b5daab5e744537e133783e8c313ee340beb6d6,9dd09949efa267baff2bccca5bd40b9540c1c004
scene_1_1_terminalgain_globalmax_interp_0480,family_02,230,6.692405,7.127104,0.4347,24,2,22,2.3,1.888035,1.8825,1.00294,0.153272,1.53272,2.041028,0.272547,0.149528,1.012062,0.0,scene_1|scene_1.1_y02_medium_dense_y02_1p86|3128|38,scene_1|scene_1.1_y02_medium_dense_y02_1p86|2666|17,f271af074d2198c52ccc719245a88629eb123189,ee4d77f7b231e06cea2ff035489dd54af2efb04a
scene_1_1_terminalgain_globalmax_interp_0481,family_02,231,6.692405,7.127104,0.4347,24,2,22,2.3,1.912431,1.8825,1.0159,0.153272,1.53272,2.038678,0.094227,0.085843,2.369584,0.0,scene_1|scene_1.1_y02_medium_dense_y02_1p86|3128|38,scene_1|scene_1.1_y02_medium_dense_y02_1p86|2666|17,86a4dacffe56847c75d2b681eb1b43abc482ec7e,07f805e470674d0048af85c1900755d27b0245aa
scene_1_1_terminalgain_globalmax_interp_0482,family_02,232,6.692405,7.127104,0.4347,24,2,22,2.3,1.921505,1.8825,1.02072,0.153272,1.53272,2.038245,0.084093,0.022157,2.71226,0.0,scene_1|scene_1.1_y02_medium_dense_y02_1p86|3128|38,scene_1|scene_1.1_y02_medium_dense_y02_1p86|2666|17,e80d3e44dc3a52275527d0f316a71bdafd9ec8ff,aeaf98954e4c1d84509fcab59762993690ae64fe
scene_1_1_terminalgain_globalmax_interp_0483,family_02,233,6.692405,7.127104,0.4347,24,2,22,2.3,1.919129,1.8825,1.019457,0.153272,1.53272,2.038338,0.262412,0.041528,2.626305,0.0,scene_1|scene_1.1_y02_medium_dense_y02_1p86|3128|38,scene_1|scene_1.1_y02_medium_dense_y02_1p86|2666|17,f11167232de745f0f2a7e6ff55ddb45568f6b69d,090463e683c163969f6b8aee88c5f5508dac209e
scene_1_1_terminalgain_globalmax_interp_0484,family_02,234,6.692405,7.127104,0.4347,24,2,22,2.3,1.931197,1.8825,1.025868,0.153272,1.53272,2.04018,0.440732,0.105213,3.03826,0.0,scene_1|scene_1.1_y02_medium_dense_y02_1p86|3128|38,scene_1|scene_1.1_y02_medium_dense_y02_1p86|2666|17,2e57602b8880c3aabde03a154cb0c7273c077858,f254fc136ba8e086593591b6543a999170fda7ed
scene_1_1_terminalgain_globalmax_interp_0485,family_02,235,6.692405,7.127104,0.4347,24,2,22,2.3,1.934307,1.8825,1.027521,0.153272,1.53272,2.043759,0.442306,0.168899,3.136595,0.0,scene_1|scene_1.1_y02_medium_dense_y02_1p86|3128|38,scene_1|scene_1.1_y02_medium_dense_y02_1p86|2666|17,ebb12f0b4dad3021cb7f30cb00980b900a23640e,ced028918cb3237e6e4bd6af2121b8c1f409e589
scene_1_1_terminalgain_globalmax_interp_0486,family_02,236,6.692405,7.127104,0.4347,24,2,22,2.3,1.911321,1.8825,1.01531,0.153272,1.53272,2.038753,0.263987,0.204116,2.324793,0.0,scene_1|scene_1.1_y02_medium_dense_y02_1p86|3128|38,scene_1|scene_1.1_y02_medium_dense_y02_1p86|2666|17,b5fefa69f02e24e4f79b7288036b1709e6e7ff13,a97f2ee1c64a1bee64cfeea1e666fecd92309f93
scene_1_1_terminalgain_globalmax_interp_0487,family_02,237,6.692405,7.127104,0.4347,24,2,22,2.3,1.903713,1.8825,1.011268,0.153272,1.53272,2.039332,0.085667,0.14043,1.990375,0.0,scene_1|scene_1.1_y02_medium_dense_y02_1p86|3128|38,scene_1|scene_1.1_y02_medium_dense_y02_1p86|2666|17,aa81e2c75b8482767a0b824ff271538f4278f94e,aa5d6e99e850c049cd5514254d8987417be678a8
scene_1_1_terminalgain_globalmax_interp_0488,family_02,238,6.692405,7.127104,0.4347,24,2,22,2.3,1.920795,1.8825,1.020343,0.153272,1.53272,2.038307,0.092652,0.076746,2.686792,0.0,scene_1|scene_1.1_y02_medium_dense_y02_1p86|3128|38,scene_1|scene_1.1_y02_medium_dense_y02_1p86|2666|17,d871ac75ce8275e57d3bc0793010511aab2fa1ce,fc2c9abad4606b63880cfd246b98cf414d4c33e5
scene_1_1_terminalgain_globalmax_interp_0489,family_02,239,6.692405,7.127104,0.4347,24,2,22,2.3,1.883127,1.8825,1.000333,0.153272,1.53272,2.041708,0.270972,0.01306,0.340634,0.0,scene_1|scene_1.1_y02_medium_dense_y02_1p86|3128|38,scene_1|scene_1.1_y02_medium_dense_y02_1p86|2666|17,01252ad08f5c2984c5f2874826b56b9f033870ec,60f70b912778c3d6d83541b1c88081cdc3d4078d
scene_1_1_terminalgain_globalmax_interp_0490,family_02,240,6.692405,7.127104,0.4347,24,2,22,2.3,1.941414,1.8825,1.031296,0.153272,1.53272,2.051924,0.406643,0.050626,3.351295,0.0,scene_1|scene_1.1_y02_medium_dense_y02_1p86|3128|38,scene_1|scene_1.1_y02_medium_dense_y02_1p86|2666|17,e58a34f45eb89bf2f85d86fac68967fd68457154,3e27ea660127e5f9225bbc6ddb20b9edb4ad6795
scene_1_1_terminalgain_globalmax_interp_0491,family_02,241,6.692405,7.127104,0.4347,24,2,22,2.3,1.941454,1.8825,1.031317,0.153272,1.53272,2.052001,0.228323,0.114311,3.352197,0.0,scene_1|scene_1.1_y02_medium_dense_y02_1p86|3128|38,scene_1|scene_1.1_y02_medium_dense_y02_1p86|2666|17,80ecadeb2c5da6e2ec79e97a58694765a2314f93,06d38dbde3285f2d21671e3e5260d185c1d88f26
scene_1_1_terminalgain_globalmax_interp_0492,family_02,242,6.692405,7.127104,0.4347,24,2,22,2.3,1.883356,1.8825,1.000455,0.153272,1.53272,2.041676,0.050004,0.177997,0.39769,0.0,scene_1|scene_1.1_y02_medium_dense_y02_1p86|3128|38,scene_1|scene_1.1_y02_medium_dense_y02_1p86|2666|17,49e0769b32d7cea18aa34b6382faf699c9fd00de,686dadaa5dfb58102b87735a8b1afcc3cf234cf9
scene_1_1_terminalgain_globalmax_interp_0493,family_02,243,6.692405,7.127104,0.4347,24,2,22,2.3,1.923557,1.8825,1.02181,0.153272,1.53272,2.038185,0.128316,0.195019,2.784263,0.0,scene_1|scene_1.1_y02_medium_dense_y02_1p86|3128|38,scene_1|scene_1.1_y02_medium_dense_y02_1p86|2666|17,34efa527527f8aa012106c8bdcb5e9275cfd167d,9623b13c208f5f4e3d9f8f6fd013e59b239b1b53
scene_1_1_terminalgain_globalmax_interp_0494,family_02,244,6.692405,7.127104,0.4347,24,2,22,2.3,1.936966,1.8825,1.028933,0.153272,1.53272,2.046882,0.306635,0.131333,3.218178,0.0,scene_1|scene_1.1_y02_medium_dense_y02_1p86|3128|38,scene_1|scene_1.1_y02_medium_dense_y02_1p86|2666|17,b21ddaa2c5410070c3beb46d45b0fe3dbed91bfc,04b87db95de2b45b0dc58c879cbe7aa58bf14676
scene_1_1_terminalgain_globalmax_interp_0495,family_02,245,6.692405,7.127104,0.4347,24,2,22,2.3,1.910416,1.8825,1.014829,0.153272,1.53272,2.038812,0.370979,0.067648,2.287325,0.0,scene_1|scene_1.1_y02_medium_dense_y02_1p86|3128|38,scene_1|scene_1.1_y02_medium_dense_y02_1p86|2666|17,5a1bec66730ace95073fc8e6169e97ee1cfe6c09,318fde07de2bccaf8054570740338f2968ab375a
scene_1_1_terminalgain_globalmax_interp_0496,family_02,246,6.692405,7.127104,0.4347,24,2,22,2.3,1.895466,1.8825,1.006888,0.153272,1.53272,2.040148,0.19266,0.003962,1.552186,0.0,scene_1|scene_1.1_y02_medium_dense_y02_1p86|3128|38,scene_1|scene_1.1_y02_medium_dense_y02_1p86|2666|17,dc786632577b818b8fad5e7b59488a7f37d704c6,eb823463553d69235c639b9be82c72803cf2e6db
scene_1_1_terminalgain_globalmax_interp_0497,family_02,247,6.692405,7.127104,0.4347,24,2,22,2.3,1.908201,1.8825,1.013653,0.153272,1.53272,2.038967,0.01434,0.059724,2.193188,0.0,scene_1|scene_1.1_y02_medium_dense_y02_1p86|3128|38,scene_1|scene_1.1_y02_medium_dense_y02_1p86|2666|17,d6c0abf40d1e0d0ef4e1fa19b16e9e1dd14ce090,7b0323d0cf154929a2179ec09383bb24de475f6c
scene_1_1_terminalgain_globalmax_interp_0498,family_02,248,6.692405,7.127104,0.4347,24,2,22,2.3,1.913135,1.8825,1.016274,0.153272,1.53272,2.038645,0.163979,0.123409,2.397932,0.0,scene_1|scene_1.1_y02_medium_dense_y02_1p86|3128|38,scene_1|scene_1.1_y02_medium_dense_y02_1p86|2666|17,b4ea33dca0b8f57aad8dd1c0c22612d0222508d5,02f2728f76fc995a8860a26fafc889e9014860ea
scene_1_1_terminalgain_globalmax_interp_0499,family_02,249,6.692405,7.127104,0.4347,24,2,22,2.3,1.936555,1.8825,1.028714,0.153272,1.53272,2.04634,0.342299,0.187095,3.205707,0.0,scene_1|scene_1.1_y02_medium_dense_y02_1p86|3128|38,scene_1|scene_1.1_y02_medium_dense_y02_1p86|2666|17,f953c67a3e696143bc04bfda9fedf18cd5360905,93adfaf5b59a47cb569f9f9ec5939a9c4e61d862
scene_1_1_terminalgain_globalmax_interp_0500,family_02,250,6.692405,7.127104,0.4347,24,2,22,2.3,1.894719,1.8825,1.006491,0.153272,1.53272,2.040228,0.335315,0.185921,1.506787,0.0,scene_1|scene_1.1_y02_medium_dense_y02_1p86|3128|38,scene_1|scene_1.1_y02_medium_dense_y02_1p86|2666|17,2a028a2556d9dcb88c5491cf8a08a4fca9518dd0,5211dc1daefefcfa075376e3219a44a47a422433
