sample_index,position_index,scene_id,layer_id,height_index,pattern,x,y,z,yaw_deg,yaw_rad,pitch_deg,pitch_rad,yaw_offset_deg,legacy_anchor,route_bridge
1,1,scene_2,scene_2_y01,1,route_left,3.238571429,3.17,38.438571429,325.0,5.672320069,10.0,0.174532925,-35.0,True,False
2,1,scene_2,scene_2_y01,1,route_forward,3.238571429,3.17,38.438571429,0.0,0.0,10.0,0.174532925,0.0,True,False
3,1,scene_2,scene_2_y01,1,route_right,3.238571429,3.17,38.438571429,35.0,0.610865238,10.0,0.174532925,35.0,True,False
4,2,scene_2,scene_2_y01,1,route_left,3.238571429,3.17,37.807857143,325.0,5.672320069,10.0,0.174532925,-35.0,True,False
5,2,scene_2,scene_2_y01,1,route_forward,3.238571429,3.17,37.807857143,0.0,0.0,10.0,0.174532925,0.0,True,False
6,2,scene_2,scene_2_y01,1,route_right,3.238571429,3.17,37.807857143,35.0,0.610865238,10.0,0.174532925,35.0,True,False
7,3,scene_2,scene_2_y01,1,route_left,3.238571429,3.17,37.177142857,55.0,0.959931089,10.0,0.174532925,-35.0,True,False
8,3,scene_2,scene_2_y01,1,route_forward,3.238571429,3.17,37.177142857,90.0,1.570796327,10.0,0.174532925,0.0,True,False
9,3,scene_2,scene_2_y01,1,route_right,3.238571429,3.17,37.177142857,125.0,2.181661565,10.0,0.174532925,35.0,True,False
10,4,scene_2,scene_2_y01,1,route_left,2.667142857,3.17,37.177142857,145.0,2.530727415,10.0,0.174532925,-35.0,True,False
11,4,scene_2,scene_2_y01,1,route_forward,2.667142857,3.17,37.177142857,180.0,3.141592654,10.0,0.174532925,0.0,True,False
12,4,scene_2,scene_2_y01,1,route_right,2.667142857,3.17,37.177142857,215.0,3.752457892,10.0,0.174532925,35.0,True,False
13,5,scene_2,scene_2_y01,1,route_left,2.667142857,3.17,37.807857143,145.0,2.530727415,10.0,0.174532925,-35.0,True,False
14,5,scene_2,scene_2_y01,1,route_forward,2.667142857,3.17,37.807857143,180.0,3.141592654,10.0,0.174532925,0.0,True,False
15,5,scene_2,scene_2_y01,1,route_right,2.667142857,3.17,37.807857143,215.0,3.752457892,10.0,0.174532925,35.0,True,False
16,6,scene_2,scene_2_y01,1,route_left,2.667142857,3.17,38.438571429,55.0,0.959931089,10.0,0.174532925,-35.0,True,False
17,6,scene_2,scene_2_y01,1,route_forward,2.667142857,3.17,38.438571429,90.0,1.570796327,10.0,0.174532925,0.0,True,False
18,6,scene_2,scene_2_y01,1,route_right,2.667142857,3.17,38.438571429,125.0,2.181661565,10.0,0.174532925,35.0,True,False
19,7,scene_2,scene_2_y01,1,route_left,2.095714286,3.17,38.438571429,325.0,5.672320069,10.0,0.174532925,-35.0,True,False
20,7,scene_2,scene_2_y01,1,route_forward,2.095714286,3.17,38.438571429,0.0,0.0,10.0,0.174532925,0.0,True,False
21,7,scene_2,scene_2_y01,1,route_right,2.095714286,3.17,38.438571429,35.0,0.610865238,10.0,0.174532925,35.0,True,False
22,8,scene_2,scene_2_y01,1,route_left,2.095714286,3.17,37.807857143,55.0,0.959931089,10.0,0.174532925,-35.0,True,False
23,8,scene_2,scene_2_y01,1,route_forward,2.095714286,3.17,37.807857143,90.0,1.570796327,10.0,0.174532925,0.0,True,False
24,8,scene_2,scene_2_y01,1,route_right,2.095714286,3.17,37.807857143,125.0,2.181661565,10.0,0.174532925,35.0,True,False
25,9,scene_2,scene_2_y01,1,route_left,1.524285714,3.17,37.807857143,145.0,2.530727415,10.0,0.174532925,-35.0,True,False
26,9,scene_2,scene_2_y01,1,route_forward,1.524285714,3.17,37.807857143,180.0,3.141592654,10.0,0.174532925,0.0,True,False
27,9,scene_2,scene_2_y01,1,route_right,1.524285714,3.17,37.807857143,215.0,3.752457892,10.0,0.174532925,35.0,True,False
28,10,scene_2,scene_2_y01,1,route_left,1.524285714,3.17,38.438571429,55.0,0.959931089,10.0,0.174532925,-35.0,True,False
29,10,scene_2,scene_2_y01,1,route_forward,1.524285714,3.17,38.438571429,90.0,1.570796327,10.0,0.174532925,0.0,True,False
30,10,scene_2,scene_2_y01,1,route_right,1.524285714,3.17,38.438571429,125.0,2.181661565,10.0,0.174532925,35.0,True,False
31,11,scene_2,scene_2_y01,1,route_left,0.952857143,3.17,38.438571429,325.0,5.672320069,10.0,0.174532925,-35.0,True,False
32,11,scene_2,scene_2_y01,1,route_forward,0.952857143,3.17,38.438571429,0.0,0.0,10.0,0.174532925,0.0,True,False
33,11,scene_2,scene_2_y01,1,route_right,0.952857143,3.17,38.438571429,35.0,0.610865238,10.0,0.174532925,35.0,True,False
34,12,scene_2,scene_2_y01,1,route_left,0.952857143,3.17,37.807857143,55.0,0.959931089,10.0,0.174532925,-35.0,True,False
35,12,scene_2,scene_2_y01,1,route_forward,0.952857143,3.17,37.807857143,90.0,1.570796327,10.0,0.174532925,0.0,True,False
36,12,scene_2,scene_2_y01,1,route_right,0.952857143,3.17,37.807857143,125.0,2.181661565,10.0,0.174532925,35.0,True,False
37,13,scene_2,scene_2_y01,1,route_left,0.381428571,3.17,37.807857143,145.0,2.530727415,10.0,0.174532925,-35.0,True,False
38,13,scene_2,scene_2_y01,1,route_forward,0.381428571,3.17,37.807857143,180.0,3.141592654,10.0,0.174532925,0.0,True,False
39,13,scene_2,scene_2_y01,1,route_right,0.381428571,3.17,37.807857143,215.0,3.752457892,10.0,0.174532925,35.0,True,False
40,14,scene_2,scene_2_y01,1,route_left,0.381428571,3.17,38.438571429,55.0,0.959931089,10.0,0.174532925,-35.0,True,False
41,14,scene_2,scene_2_y01,1,route_forward,0.381428571,3.17,38.438571429,90.0,1.570796327,10.0,0.174532925,0.0,True,False
42,14,scene_2,scene_2_y01,1,route_right,0.381428571,3.17,38.438571429,125.0,2.181661565,10.0,0.174532925,35.0,True,False
43,15,scene_2,scene_2_y01,1,route_left,-0.19,3.17,38.438571429,325.0,5.672320069,10.0,0.174532925,-35.0,True,False
44,15,scene_2,scene_2_y01,1,route_forward,-0.19,3.17,38.438571429,0.0,0.0,10.0,0.174532925,0.0,True,False
45,15,scene_2,scene_2_y01,1,route_right,-0.19,3.17,38.438571429,35.0,0.610865238,10.0,0.174532925,35.0,True,False
46,16,scene_2,scene_2_y01,1,route_left,-0.19,3.17,37.807857143,102.823351119,1.794606025,10.0,0.174532925,-35.0,True,False
47,16,scene_2,scene_2_y01,1,route_forward,-0.19,3.17,37.807857143,137.823351119,2.405471263,10.0,0.174532925,0.0,True,False
48,16,scene_2,scene_2_y01,1,route_right,-0.19,3.17,37.807857143,172.823351119,3.016336501,10.0,0.174532925,35.0,True,False
49,17,scene_2,scene_2_y01,1,route_left,-0.761428571,3.17,38.438571429,145.0,2.530727415,10.0,0.174532925,-35.0,True,False
50,17,scene_2,scene_2_y01,1,route_forward,-0.761428571,3.17,38.438571429,180.0,3.141592654,10.0,0.174532925,0.0,True,False
51,17,scene_2,scene_2_y01,1,route_right,-0.761428571,3.17,38.438571429,215.0,3.752457892,10.0,0.174532925,35.0,True,False
52,18,scene_2,scene_2_y01,1,route_left,-0.761428571,3.17,39.069285714,55.0,0.959931089,10.0,0.174532925,-35.0,True,False
53,18,scene_2,scene_2_y01,1,route_forward,-0.761428571,3.17,39.069285714,90.0,1.570796327,10.0,0.174532925,0.0,True,False
54,18,scene_2,scene_2_y01,1,route_right,-0.761428571,3.17,39.069285714,125.0,2.181661565,10.0,0.174532925,35.0,True,False
55,19,scene_2,scene_2_y01,1,route_left,-1.332857143,3.17,39.069285714,55.0,0.959931089,10.0,0.174532925,-35.0,True,False
56,19,scene_2,scene_2_y01,1,route_forward,-1.332857143,3.17,39.069285714,90.0,1.570796327,10.0,0.174532925,0.0,True,False
57,19,scene_2,scene_2_y01,1,route_right,-1.332857143,3.17,39.069285714,125.0,2.181661565,10.0,0.174532925,35.0,True,False
58,20,scene_2,scene_2_y02,2,route_left,-3.047142857,5.96,39.069285714,235.0,4.101523742,4.0,0.06981317,-35.0,True,False
59,20,scene_2,scene_2_y02,2,route_forward,-3.047142857,5.96,39.069285714,270.0,4.71238898,4.0,0.06981317,0.0,True,False
60,20,scene_2,scene_2_y02,2,route_right,-3.047142857,5.96,39.069285714,305.0,5.323254219,4.0,0.06981317,35.0,True,False
61,21,scene_2,scene_2_y02,2,route_left,-2.475714286,5.96,39.069285714,235.0,4.101523742,4.0,0.06981317,-35.0,True,False
62,21,scene_2,scene_2_y02,2,route_forward,-2.475714286,5.96,39.069285714,270.0,4.71238898,4.0,0.06981317,0.0,True,False
63,21,scene_2,scene_2_y02,2,route_right,-2.475714286,5.96,39.069285714,305.0,5.323254219,4.0,0.06981317,35.0,True,False
64,22,scene_2,scene_2_y02,2,route_left,-1.904285714,5.96,39.069285714,235.0,4.101523742,4.0,0.06981317,-35.0,True,False
65,22,scene_2,scene_2_y02,2,route_forward,-1.904285714,5.96,39.069285714,270.0,4.71238898,4.0,0.06981317,0.0,True,False
66,22,scene_2,scene_2_y02,2,route_right,-1.904285714,5.96,39.069285714,305.0,5.323254219,4.0,0.06981317,35.0,True,False
67,23,scene_2,scene_2_y02,2,route_left,-1.332857143,5.96,39.069285714,235.0,4.101523742,4.0,0.06981317,-35.0,True,False
68,23,scene_2,scene_2_y02,2,route_forward,-1.332857143,5.96,39.069285714,270.0,4.71238898,4.0,0.06981317,0.0,True,False
69,23,scene_2,scene_2_y02,2,route_right,-1.332857143,5.96,39.069285714,305.0,5.323254219,4.0,0.06981317,35.0,True,False
70,24,scene_2,scene_2_y02,2,route_left,-0.761428571,5.96,39.069285714,235.0,4.101523742,4.0,0.06981317,-35.0,True,False
71,24,scene_2,scene_2_y02,2,route_forward,-0.761428571,5.96,39.069285714,270.0,4.71238898,4.0,0.06981317,0.0,True,False
72,24,scene_2,scene_2_y02,2,route_right,-0.761428571,5.96,39.069285714,305.0,5.323254219,4.0,0.06981317,35.0,True,False
73,25,scene_2,scene_2_y02,2,route_left,-0.19,5.96,39.069285714,235.0,4.101523742,4.0,0.06981317,-35.0,True,False
74,25,scene_2,scene_2_y02,2,route_forward,-0.19,5.96,39.069285714,270.0,4.71238898,4.0,0.06981317,0.0,True,False
75,25,scene_2,scene_2_y02,2,route_right,-0.19,5.96,39.069285714,305.0,5.323254219,4.0,0.06981317,35.0,True,False
76,26,scene_2,scene_2_y02,2,route_left,0.381428571,5.96,39.069285714,235.0,4.101523742,4.0,0.06981317,-35.0,True,False
77,26,scene_2,scene_2_y02,2,route_forward,0.381428571,5.96,39.069285714,270.0,4.71238898,4.0,0.06981317,0.0,True,False
78,26,scene_2,scene_2_y02,2,route_right,0.381428571,5.96,39.069285714,305.0,5.323254219,4.0,0.06981317,35.0,True,False
79,27,scene_2,scene_2_y02,2,route_left,0.952857143,5.96,39.069285714,235.0,4.101523742,4.0,0.06981317,-35.0,True,False
80,27,scene_2,scene_2_y02,2,route_forward,0.952857143,5.96,39.069285714,270.0,4.71238898,4.0,0.06981317,0.0,True,False
81,27,scene_2,scene_2_y02,2,route_right,0.952857143,5.96,39.069285714,305.0,5.323254219,4.0,0.06981317,35.0,True,False
82,28,scene_2,scene_2_y02,2,route_left,1.524285714,5.96,39.069285714,235.0,4.101523742,4.0,0.06981317,-35.0,True,False
83,28,scene_2,scene_2_y02,2,route_forward,1.524285714,5.96,39.069285714,270.0,4.71238898,4.0,0.06981317,0.0,True,False
84,28,scene_2,scene_2_y02,2,route_right,1.524285714,5.96,39.069285714,305.0,5.323254219,4.0,0.06981317,35.0,True,False
85,29,scene_2,scene_2_y02,2,route_left,2.095714286,5.96,39.069285714,235.0,4.101523742,4.0,0.06981317,-35.0,True,False
86,29,scene_2,scene_2_y02,2,route_forward,2.095714286,5.96,39.069285714,270.0,4.71238898,4.0,0.06981317,0.0,True,False
87,29,scene_2,scene_2_y02,2,route_right,2.095714286,5.96,39.069285714,305.0,5.323254219,4.0,0.06981317,35.0,True,False
88,30,scene_2,scene_2_y02,2,route_left,2.667142857,5.96,39.069285714,235.0,4.101523742,4.0,0.06981317,-35.0,True,False
89,30,scene_2,scene_2_y02,2,route_forward,2.667142857,5.96,39.069285714,270.0,4.71238898,4.0,0.06981317,0.0,True,False
90,30,scene_2,scene_2_y02,2,route_right,2.667142857,5.96,39.069285714,305.0,5.323254219,4.0,0.06981317,35.0,True,False
91,31,scene_2,scene_2_y02,2,route_left,3.238571429,5.96,39.069285714,325.0,5.672320069,4.0,0.06981317,-35.0,True,False
92,31,scene_2,scene_2_y02,2,route_forward,3.238571429,5.96,39.069285714,0.0,0.0,4.0,0.06981317,0.0,True,False
93,31,scene_2,scene_2_y02,2,route_right,3.238571429,5.96,39.069285714,35.0,0.610865238,4.0,0.06981317,35.0,True,False
94,32,scene_2,scene_2_y02,2,route_left,3.238571429,5.96,38.438571429,55.0,0.959931089,4.0,0.06981317,-35.0,True,False
95,32,scene_2,scene_2_y02,2,route_forward,3.238571429,5.96,38.438571429,90.0,1.570796327,4.0,0.06981317,0.0,True,False
96,32,scene_2,scene_2_y02,2,route_right,3.238571429,5.96,38.438571429,125.0,2.181661565,4.0,0.06981317,35.0,True,False
97,33,scene_2,scene_2_y02,2,route_left,2.667142857,5.96,38.438571429,55.0,0.959931089,4.0,0.06981317,-35.0,True,False
98,33,scene_2,scene_2_y02,2,route_forward,2.667142857,5.96,38.438571429,90.0,1.570796327,4.0,0.06981317,0.0,True,False
99,33,scene_2,scene_2_y02,2,route_right,2.667142857,5.96,38.438571429,125.0,2.181661565,4.0,0.06981317,35.0,True,False
100,34,scene_2,scene_2_y02,2,route_left,2.095714286,5.96,38.438571429,55.0,0.959931089,4.0,0.06981317,-35.0,True,False
101,34,scene_2,scene_2_y02,2,route_forward,2.095714286,5.96,38.438571429,90.0,1.570796327,4.0,0.06981317,0.0,True,False
102,34,scene_2,scene_2_y02,2,route_right,2.095714286,5.96,38.438571429,125.0,2.181661565,4.0,0.06981317,35.0,True,False
103,35,scene_2,scene_2_y02,2,route_left,1.524285714,5.96,38.438571429,55.0,0.959931089,4.0,0.06981317,-35.0,True,False
104,35,scene_2,scene_2_y02,2,route_forward,1.524285714,5.96,38.438571429,90.0,1.570796327,4.0,0.06981317,0.0,True,False
105,35,scene_2,scene_2_y02,2,route_right,1.524285714,5.96,38.438571429,125.0,2.181661565,4.0,0.06981317,35.0,True,False
106,36,scene_2,scene_2_y02,2,route_left,0.952857143,5.96,38.438571429,55.0,0.959931089,4.0,0.06981317,-35.0,True,False
107,36,scene_2,scene_2_y02,2,route_forward,0.952857143,5.96,38.438571429,90.0,1.570796327,4.0,0.06981317,0.0,True,False
108,36,scene_2,scene_2_y02,2,route_right,0.952857143,5.96,38.438571429,125.0,2.181661565,4.0,0.06981317,35.0,True,False
109,37,scene_2,scene_2_y02,2,route_left,0.381428571,5.96,38.438571429,55.0,0.959931089,4.0,0.06981317,-35.0,True,False
110,37,scene_2,scene_2_y02,2,route_forward,0.381428571,5.96,38.438571429,90.0,1.570796327,4.0,0.06981317,0.0,True,False
111,37,scene_2,scene_2_y02,2,route_right,0.381428571,5.96,38.438571429,125.0,2.181661565,4.0,0.06981317,35.0,True,False
112,38,scene_2,scene_2_y02,2,route_left,-0.19,5.96,38.438571429,55.0,0.959931089,4.0,0.06981317,-35.0,True,False
113,38,scene_2,scene_2_y02,2,route_forward,-0.19,5.96,38.438571429,90.0,1.570796327,4.0,0.06981317,0.0,True,False
114,38,scene_2,scene_2_y02,2,route_right,-0.19,5.96,38.438571429,125.0,2.181661565,4.0,0.06981317,35.0,True,False
115,39,scene_2,scene_2_y02,2,route_left,-0.761428571,5.96,38.438571429,55.0,0.959931089,4.0,0.06981317,-35.0,True,False
116,39,scene_2,scene_2_y02,2,route_forward,-0.761428571,5.96,38.438571429,90.0,1.570796327,4.0,0.06981317,0.0,True,False
117,39,scene_2,scene_2_y02,2,route_right,-0.761428571,5.96,38.438571429,125.0,2.181661565,4.0,0.06981317,35.0,True,False
118,40,scene_2,scene_2_y02,2,route_left,-1.332857143,5.96,38.438571429,55.0,0.959931089,4.0,0.06981317,-35.0,True,False
119,40,scene_2,scene_2_y02,2,route_forward,-1.332857143,5.96,38.438571429,90.0,1.570796327,4.0,0.06981317,0.0,True,False
120,40,scene_2,scene_2_y02,2,route_right,-1.332857143,5.96,38.438571429,125.0,2.181661565,4.0,0.06981317,35.0,True,False
121,41,scene_2,scene_2_y02,2,route_left,-1.904285714,5.96,38.438571429,55.0,0.959931089,4.0,0.06981317,-35.0,True,False
122,41,scene_2,scene_2_y02,2,route_forward,-1.904285714,5.96,38.438571429,90.0,1.570796327,4.0,0.06981317,0.0,True,False
123,41,scene_2,scene_2_y02,2,route_right,-1.904285714,5.96,38.438571429,125.0,2.181661565,4.0,0.06981317,35.0,True,False
124,42,scene_2,scene_2_y02,2,route_left,-2.475714286,5.96,38.438571429,55.0,0.959931089,4.0,0.06981317,-35.0,True,False
125,42,scene_2,scene_2_y02,2,route_forward,-2.475714286,5.96,38.438571429,90.0,1.570796327,4.0,0.06981317,0.0,True,False
126,42,scene_2,scene_2_y02,2,route_right,-2.475714286,5.96,38.438571429,125.0,2.181661565,4.0,0.06981317,35.0,True,False
127,43,scene_2,scene_2_y02,2,route_left,-3.047142857,5.96,38.438571429,55.0,0.959931089,4.0,0.06981317,-35.0,True,False
128,43,scene_2,scene_2_y02,2,route_forward,-3.047142857,5.96,38.438571429,90.0,1.570796327,4.0,0.06981317,0.0,True,False
129,43,scene_2,scene_2_y02,2,route_right,-3.047142857,5.96,38.438571429,125.0,2.181661565,4.0,0.06981317,35.0,True,False
130,44,scene_2,scene_2_y02,2,route_left,-3.618571429,5.96,38.438571429,325.0,5.672320069,4.0,0.06981317,-35.0,True,False
131,44,scene_2,scene_2_y02,2,route_forward,-3.618571429,5.96,38.438571429,0.0,0.0,4.0,0.06981317,0.0,True,False
132,44,scene_2,scene_2_y02,2,route_right,-3.618571429,5.96,38.438571429,35.0,0.610865238,4.0,0.06981317,35.0,True,False
133,45,scene_2,scene_2_y02,2,route_left,-3.618571429,5.96,37.807857143,235.0,4.101523742,4.0,0.06981317,-35.0,True,False
134,45,scene_2,scene_2_y02,2,route_forward,-3.618571429,5.96,37.807857143,270.0,4.71238898,4.0,0.06981317,0.0,True,False
135,45,scene_2,scene_2_y02,2,route_right,-3.618571429,5.96,37.807857143,305.0,5.323254219,4.0,0.06981317,35.0,True,False
136,46,scene_2,scene_2_y02,2,route_left,-3.047142857,5.96,37.807857143,235.0,4.101523742,4.0,0.06981317,-35.0,True,False
137,46,scene_2,scene_2_y02,2,route_forward,-3.047142857,5.96,37.807857143,270.0,4.71238898,4.0,0.06981317,0.0,True,False
138,46,scene_2,scene_2_y02,2,route_right,-3.047142857,5.96,37.807857143,305.0,5.323254219,4.0,0.06981317,35.0,True,False
139,47,scene_2,scene_2_y02,2,route_left,-2.475714286,5.96,37.807857143,235.0,4.101523742,4.0,0.06981317,-35.0,True,False
140,47,scene_2,scene_2_y02,2,route_forward,-2.475714286,5.96,37.807857143,270.0,4.71238898,4.0,0.06981317,0.0,True,False
141,47,scene_2,scene_2_y02,2,route_right,-2.475714286,5.96,37.807857143,305.0,5.323254219,4.0,0.06981317,35.0,True,False
142,48,scene_2,scene_2_y02,2,route_left,-1.904285714,5.96,37.807857143,235.0,4.101523742,4.0,0.06981317,-35.0,True,False
143,48,scene_2,scene_2_y02,2,route_forward,-1.904285714,5.96,37.807857143,270.0,4.71238898,4.0,0.06981317,0.0,True,False
144,48,scene_2,scene_2_y02,2,route_right,-1.904285714,5.96,37.807857143,305.0,5.323254219,4.0,0.06981317,35.0,True,False
145,49,scene_2,scene_2_y02,2,route_left,-1.332857143,5.96,37.807857143,235.0,4.101523742,4.0,0.06981317,-35.0,True,False
146,49,scene_2,scene_2_y02,2,route_forward,-1.332857143,5.96,37.807857143,270.0,4.71238898,4.0,0.06981317,0.0,True,False
147,49,scene_2,scene_2_y02,2,route_right,-1.332857143,5.96,37.807857143,305.0,5.323254219,4.0,0.06981317,35.0,True,False
148,50,scene_2,scene_2_y02,2,route_left,-0.761428571,5.96,37.807857143,235.0,4.101523742,4.0,0.06981317,-35.0,True,False
149,50,scene_2,scene_2_y02,2,route_forward,-0.761428571,5.96,37.807857143,270.0,4.71238898,4.0,0.06981317,0.0,True,False
150,50,scene_2,scene_2_y02,2,route_right,-0.761428571,5.96,37.807857143,305.0,5.323254219,4.0,0.06981317,35.0,True,False
151,51,scene_2,scene_2_y02,2,route_left,-0.19,5.96,37.807857143,235.0,4.101523742,4.0,0.06981317,-35.0,True,False
152,51,scene_2,scene_2_y02,2,route_forward,-0.19,5.96,37.807857143,270.0,4.71238898,4.0,0.06981317,0.0,True,False
153,51,scene_2,scene_2_y02,2,route_right,-0.19,5.96,37.807857143,305.0,5.323254219,4.0,0.06981317,35.0,True,False
154,52,scene_2,scene_2_y02,2,route_left,0.381428571,5.96,37.807857143,235.0,4.101523742,4.0,0.06981317,-35.0,True,False
155,52,scene_2,scene_2_y02,2,route_forward,0.381428571,5.96,37.807857143,270.0,4.71238898,4.0,0.06981317,0.0,True,False
156,52,scene_2,scene_2_y02,2,route_right,0.381428571,5.96,37.807857143,305.0,5.323254219,4.0,0.06981317,35.0,True,False
157,53,scene_2,scene_2_y02,2,route_left,0.952857143,5.96,37.807857143,235.0,4.101523742,4.0,0.06981317,-35.0,True,False
158,53,scene_2,scene_2_y02,2,route_forward,0.952857143,5.96,37.807857143,270.0,4.71238898,4.0,0.06981317,0.0,True,False
159,53,scene_2,scene_2_y02,2,route_right,0.952857143,5.96,37.807857143,305.0,5.323254219,4.0,0.06981317,35.0,True,False
160,54,scene_2,scene_2_y02,2,route_left,1.524285714,5.96,37.807857143,235.0,4.101523742,4.0,0.06981317,-35.0,True,False
161,54,scene_2,scene_2_y02,2,route_forward,1.524285714,5.96,37.807857143,270.0,4.71238898,4.0,0.06981317,0.0,True,False
162,54,scene_2,scene_2_y02,2,route_right,1.524285714,5.96,37.807857143,305.0,5.323254219,4.0,0.06981317,35.0,True,False
163,55,scene_2,scene_2_y02,2,route_left,2.095714286,5.96,37.807857143,235.0,4.101523742,4.0,0.06981317,-35.0,True,False
164,55,scene_2,scene_2_y02,2,route_forward,2.095714286,5.96,37.807857143,270.0,4.71238898,4.0,0.06981317,0.0,True,False
165,55,scene_2,scene_2_y02,2,route_right,2.095714286,5.96,37.807857143,305.0,5.323254219,4.0,0.06981317,35.0,True,False
166,56,scene_2,scene_2_y02,2,route_left,2.667142857,5.96,37.807857143,235.0,4.101523742,4.0,0.06981317,-35.0,True,False
167,56,scene_2,scene_2_y02,2,route_forward,2.667142857,5.96,37.807857143,270.0,4.71238898,4.0,0.06981317,0.0,True,False
168,56,scene_2,scene_2_y02,2,route_right,2.667142857,5.96,37.807857143,305.0,5.323254219,4.0,0.06981317,35.0,True,False
169,57,scene_2,scene_2_y02,2,route_left,3.238571429,5.96,37.807857143,325.0,5.672320069,4.0,0.06981317,-35.0,True,False
170,57,scene_2,scene_2_y02,2,route_forward,3.238571429,5.96,37.807857143,0.0,0.0,4.0,0.06981317,0.0,True,False
171,57,scene_2,scene_2_y02,2,route_right,3.238571429,5.96,37.807857143,35.0,0.610865238,4.0,0.06981317,35.0,True,False
172,58,scene_2,scene_2_y02,2,route_left,3.238571429,5.96,37.177142857,55.0,0.959931089,4.0,0.06981317,-35.0,True,False
173,58,scene_2,scene_2_y02,2,route_forward,3.238571429,5.96,37.177142857,90.0,1.570796327,4.0,0.06981317,0.0,True,False
174,58,scene_2,scene_2_y02,2,route_right,3.238571429,5.96,37.177142857,125.0,2.181661565,4.0,0.06981317,35.0,True,False
175,59,scene_2,scene_2_y02,2,route_left,2.667142857,5.96,37.177142857,55.0,0.959931089,4.0,0.06981317,-35.0,True,False
176,59,scene_2,scene_2_y02,2,route_forward,2.667142857,5.96,37.177142857,90.0,1.570796327,4.0,0.06981317,0.0,True,False
177,59,scene_2,scene_2_y02,2,route_right,2.667142857,5.96,37.177142857,125.0,2.181661565,4.0,0.06981317,35.0,True,False
178,60,scene_2,scene_2_y02,2,route_left,2.095714286,5.96,37.177142857,55.0,0.959931089,4.0,0.06981317,-35.0,True,False
179,60,scene_2,scene_2_y02,2,route_forward,2.095714286,5.96,37.177142857,90.0,1.570796327,4.0,0.06981317,0.0,True,False
180,60,scene_2,scene_2_y02,2,route_right,2.095714286,5.96,37.177142857,125.0,2.181661565,4.0,0.06981317,35.0,True,False
181,61,scene_2,scene_2_y02,2,route_left,1.524285714,5.96,37.177142857,55.0,0.959931089,4.0,0.06981317,-35.0,True,False
182,61,scene_2,scene_2_y02,2,route_forward,1.524285714,5.96,37.177142857,90.0,1.570796327,4.0,0.06981317,0.0,True,False
183,61,scene_2,scene_2_y02,2,route_right,1.524285714,5.96,37.177142857,125.0,2.181661565,4.0,0.06981317,35.0,True,False
184,62,scene_2,scene_2_y02,2,route_left,0.952857143,5.96,37.177142857,55.0,0.959931089,4.0,0.06981317,-35.0,True,False
185,62,scene_2,scene_2_y02,2,route_forward,0.952857143,5.96,37.177142857,90.0,1.570796327,4.0,0.06981317,0.0,True,False
186,62,scene_2,scene_2_y02,2,route_right,0.952857143,5.96,37.177142857,125.0,2.181661565,4.0,0.06981317,35.0,True,False
187,63,scene_2,scene_2_y02,2,route_left,0.381428571,5.96,37.177142857,55.0,0.959931089,4.0,0.06981317,-35.0,True,False
188,63,scene_2,scene_2_y02,2,route_forward,0.381428571,5.96,37.177142857,90.0,1.570796327,4.0,0.06981317,0.0,True,False
189,63,scene_2,scene_2_y02,2,route_right,0.381428571,5.96,37.177142857,125.0,2.181661565,4.0,0.06981317,35.0,True,False
190,64,scene_2,scene_2_y02,2,route_left,-0.19,5.96,37.177142857,55.0,0.959931089,4.0,0.06981317,-35.0,True,False
191,64,scene_2,scene_2_y02,2,route_forward,-0.19,5.96,37.177142857,90.0,1.570796327,4.0,0.06981317,0.0,True,False
192,64,scene_2,scene_2_y02,2,route_right,-0.19,5.96,37.177142857,125.0,2.181661565,4.0,0.06981317,35.0,True,False
193,65,scene_2,scene_2_y02,2,route_left,-0.761428571,5.96,37.177142857,55.0,0.959931089,4.0,0.06981317,-35.0,True,False
194,65,scene_2,scene_2_y02,2,route_forward,-0.761428571,5.96,37.177142857,90.0,1.570796327,4.0,0.06981317,0.0,True,False
195,65,scene_2,scene_2_y02,2,route_right,-0.761428571,5.96,37.177142857,125.0,2.181661565,4.0,0.06981317,35.0,True,False
196,66,scene_2,scene_2_y02,2,route_left,-1.332857143,5.96,37.177142857,55.0,0.959931089,4.0,0.06981317,-35.0,True,False
197,66,scene_2,scene_2_y02,2,route_forward,-1.332857143,5.96,37.177142857,90.0,1.570796327,4.0,0.06981317,0.0,True,False
198,66,scene_2,scene_2_y02,2,route_right,-1.332857143,5.96,37.177142857,125.0,2.181661565,4.0,0.06981317,35.0,True,False
199,67,scene_2,scene_2_y02,2,route_left,-1.904285714,5.96,37.177142857,55.0,0.959931089,4.0,0.06981317,-35.0,True,False
200,67,scene_2,scene_2_y02,2,route_forward,-1.904285714,5.96,37.177142857,90.0,1.570796327,4.0,0.06981317,0.0,True,False
201,67,scene_2,scene_2_y02,2,route_right,-1.904285714,5.96,37.177142857,125.0,2.181661565,4.0,0.06981317,35.0,True,False
202,68,scene_2,scene_2_y02,2,route_left,-2.475714286,5.96,37.177142857,55.0,0.959931089,4.0,0.06981317,-35.0,True,False
203,68,scene_2,scene_2_y02,2,route_forward,-2.475714286,5.96,37.177142857,90.0,1.570796327,4.0,0.06981317,0.0,True,False
204,68,scene_2,scene_2_y02,2,route_right,-2.475714286,5.96,37.177142857,125.0,2.181661565,4.0,0.06981317,35.0,True,False
205,69,scene_2,scene_2_y02,2,route_left,-3.047142857,5.96,37.177142857,55.0,0.959931089,4.0,0.06981317,-35.0,True,False
206,69,scene_2,scene_2_y02,2,route_forward,-3.047142857,5.96,37.177142857,90.0,1.570796327,4.0,0.06981317,0.0,True,False
207,69,scene_2,scene_2_y02,2,route_right,-3.047142857,5.96,37.177142857,125.0,2.181661565,4.0,0.06981317,35.0,True,False
208,70,scene_2,scene_2_y02,2,route_left,-3.618571429,5.96,37.177142857,325.0,5.672320069,4.0,0.06981317,-35.0,True,False
209,70,scene_2,scene_2_y02,2,route_forward,-3.618571429,5.96,37.177142857,0.0,0.0,4.0,0.06981317,0.0,True,False
210,70,scene_2,scene_2_y02,2,route_right,-3.618571429,5.96,37.177142857,35.0,0.610865238,4.0,0.06981317,35.0,True,False
211,71,scene_2,scene_2_y02,2,route_left,-3.618571429,5.96,36.546428571,235.0,4.101523742,4.0,0.06981317,-35.0,True,False
212,71,scene_2,scene_2_y02,2,route_forward,-3.618571429,5.96,36.546428571,270.0,4.71238898,4.0,0.06981317,0.0,True,False
213,71,scene_2,scene_2_y02,2,route_right,-3.618571429,5.96,36.546428571,305.0,5.323254219,4.0,0.06981317,35.0,True,False
214,72,scene_2,scene_2_y02,2,route_left,-3.047142857,5.96,36.546428571,235.0,4.101523742,4.0,0.06981317,-35.0,True,False
215,72,scene_2,scene_2_y02,2,route_forward,-3.047142857,5.96,36.546428571,270.0,4.71238898,4.0,0.06981317,0.0,True,False
216,72,scene_2,scene_2_y02,2,route_right,-3.047142857,5.96,36.546428571,305.0,5.323254219,4.0,0.06981317,35.0,True,False
217,73,scene_2,scene_2_y02,2,route_left,-2.475714286,5.96,36.546428571,235.0,4.101523742,4.0,0.06981317,-35.0,True,False
218,73,scene_2,scene_2_y02,2,route_forward,-2.475714286,5.96,36.546428571,270.0,4.71238898,4.0,0.06981317,0.0,True,False
219,73,scene_2,scene_2_y02,2,route_right,-2.475714286,5.96,36.546428571,305.0,5.323254219,4.0,0.06981317,35.0,True,False
220,74,scene_2,scene_2_y02,2,route_left,-1.904285714,5.96,36.546428571,235.0,4.101523742,4.0,0.06981317,-35.0,True,False
221,74,scene_2,scene_2_y02,2,route_forward,-1.904285714,5.96,36.546428571,270.0,4.71238898,4.0,0.06981317,0.0,True,False
222,74,scene_2,scene_2_y02,2,route_right,-1.904285714,5.96,36.546428571,305.0,5.323254219,4.0,0.06981317,35.0,True,False
223,75,scene_2,scene_2_y02,2,route_left,-1.332857143,5.96,36.546428571,235.0,4.101523742,4.0,0.06981317,-35.0,True,False
224,75,scene_2,scene_2_y02,2,route_forward,-1.332857143,5.96,36.546428571,270.0,4.71238898,4.0,0.06981317,0.0,True,False
225,75,scene_2,scene_2_y02,2,route_right,-1.332857143,5.96,36.546428571,305.0,5.323254219,4.0,0.06981317,35.0,True,False
226,76,scene_2,scene_2_y02,2,route_left,-0.761428571,5.96,36.546428571,235.0,4.101523742,4.0,0.06981317,-35.0,True,False
227,76,scene_2,scene_2_y02,2,route_forward,-0.761428571,5.96,36.546428571,270.0,4.71238898,4.0,0.06981317,0.0,True,False
228,76,scene_2,scene_2_y02,2,route_right,-0.761428571,5.96,36.546428571,305.0,5.323254219,4.0,0.06981317,35.0,True,False
229,77,scene_2,scene_2_y02,2,route_left,-0.19,5.96,36.546428571,235.0,4.101523742,4.0,0.06981317,-35.0,True,False
230,77,scene_2,scene_2_y02,2,route_forward,-0.19,5.96,36.546428571,270.0,4.71238898,4.0,0.06981317,0.0,True,False
231,77,scene_2,scene_2_y02,2,route_right,-0.19,5.96,36.546428571,305.0,5.323254219,4.0,0.06981317,35.0,True,False
232,78,scene_2,scene_2_y02,2,route_left,0.381428571,5.96,36.546428571,235.0,4.101523742,4.0,0.06981317,-35.0,True,False
233,78,scene_2,scene_2_y02,2,route_forward,0.381428571,5.96,36.546428571,270.0,4.71238898,4.0,0.06981317,0.0,True,False
234,78,scene_2,scene_2_y02,2,route_right,0.381428571,5.96,36.546428571,305.0,5.323254219,4.0,0.06981317,35.0,True,False
235,79,scene_2,scene_2_y02,2,route_left,0.952857143,5.96,36.546428571,235.0,4.101523742,4.0,0.06981317,-35.0,True,False
236,79,scene_2,scene_2_y02,2,route_forward,0.952857143,5.96,36.546428571,270.0,4.71238898,4.0,0.06981317,0.0,True,False
237,79,scene_2,scene_2_y02,2,route_right,0.952857143,5.96,36.546428571,305.0,5.323254219,4.0,0.06981317,35.0,True,False
238,80,scene_2,scene_2_y02,2,route_left,1.524285714,5.96,36.546428571,235.0,4.101523742,4.0,0.06981317,-35.0,True,False
239,80,scene_2,scene_2_y02,2,route_forward,1.524285714,5.96,36.546428571,270.0,4.71238898,4.0,0.06981317,0.0,True,False
240,80,scene_2,scene_2_y02,2,route_right,1.524285714,5.96,36.546428571,305.0,5.323254219,4.0,0.06981317,35.0,True,False
241,81,scene_2,scene_2_y02,2,route_left,2.095714286,5.96,36.546428571,235.0,4.101523742,4.0,0.06981317,-35.0,True,False
242,81,scene_2,scene_2_y02,2,route_forward,2.095714286,5.96,36.546428571,270.0,4.71238898,4.0,0.06981317,0.0,True,False
243,81,scene_2,scene_2_y02,2,route_right,2.095714286,5.96,36.546428571,305.0,5.323254219,4.0,0.06981317,35.0,True,False
244,82,scene_2,scene_2_y02,2,route_left,2.667142857,5.96,36.546428571,235.0,4.101523742,4.0,0.06981317,-35.0,True,False
245,82,scene_2,scene_2_y02,2,route_forward,2.667142857,5.96,36.546428571,270.0,4.71238898,4.0,0.06981317,0.0,True,False
246,82,scene_2,scene_2_y02,2,route_right,2.667142857,5.96,36.546428571,305.0,5.323254219,4.0,0.06981317,35.0,True,False
247,83,scene_2,scene_2_y02,2,route_left,3.238571429,5.96,36.546428571,325.0,5.672320069,4.0,0.06981317,-35.0,True,False
248,83,scene_2,scene_2_y02,2,route_forward,3.238571429,5.96,36.546428571,0.0,0.0,4.0,0.06981317,0.0,True,False
249,83,scene_2,scene_2_y02,2,route_right,3.238571429,5.96,36.546428571,35.0,0.610865238,4.0,0.06981317,35.0,True,False
250,84,scene_2,scene_2_y02,2,route_left,3.238571429,5.96,35.915714286,55.0,0.959931089,4.0,0.06981317,-35.0,True,False
251,84,scene_2,scene_2_y02,2,route_forward,3.238571429,5.96,35.915714286,90.0,1.570796327,4.0,0.06981317,0.0,True,False
252,84,scene_2,scene_2_y02,2,route_right,3.238571429,5.96,35.915714286,125.0,2.181661565,4.0,0.06981317,35.0,True,False
253,85,scene_2,scene_2_y02,2,route_left,2.667142857,5.96,35.915714286,55.0,0.959931089,4.0,0.06981317,-35.0,True,False
254,85,scene_2,scene_2_y02,2,route_forward,2.667142857,5.96,35.915714286,90.0,1.570796327,4.0,0.06981317,0.0,True,False
255,85,scene_2,scene_2_y02,2,route_right,2.667142857,5.96,35.915714286,125.0,2.181661565,4.0,0.06981317,35.0,True,False
256,86,scene_2,scene_2_y02,2,route_left,2.095714286,5.96,35.915714286,55.0,0.959931089,4.0,0.06981317,-35.0,True,False
257,86,scene_2,scene_2_y02,2,route_forward,2.095714286,5.96,35.915714286,90.0,1.570796327,4.0,0.06981317,0.0,True,False
258,86,scene_2,scene_2_y02,2,route_right,2.095714286,5.96,35.915714286,125.0,2.181661565,4.0,0.06981317,35.0,True,False
259,87,scene_2,scene_2_y02,2,route_left,1.524285714,5.96,35.915714286,55.0,0.959931089,4.0,0.06981317,-35.0,True,False
260,87,scene_2,scene_2_y02,2,route_forward,1.524285714,5.96,35.915714286,90.0,1.570796327,4.0,0.06981317,0.0,True,False
261,87,scene_2,scene_2_y02,2,route_right,1.524285714,5.96,35.915714286,125.0,2.181661565,4.0,0.06981317,35.0,True,False
262,88,scene_2,scene_2_y02,2,route_left,0.952857143,5.96,35.915714286,55.0,0.959931089,4.0,0.06981317,-35.0,True,False
263,88,scene_2,scene_2_y02,2,route_forward,0.952857143,5.96,35.915714286,90.0,1.570796327,4.0,0.06981317,0.0,True,False
264,88,scene_2,scene_2_y02,2,route_right,0.952857143,5.96,35.915714286,125.0,2.181661565,4.0,0.06981317,35.0,True,False
265,89,scene_2,scene_2_y02,2,route_left,0.381428571,5.96,35.915714286,55.0,0.959931089,4.0,0.06981317,-35.0,True,False
266,89,scene_2,scene_2_y02,2,route_forward,0.381428571,5.96,35.915714286,90.0,1.570796327,4.0,0.06981317,0.0,True,False
267,89,scene_2,scene_2_y02,2,route_right,0.381428571,5.96,35.915714286,125.0,2.181661565,4.0,0.06981317,35.0,True,False
268,90,scene_2,scene_2_y02,2,route_left,-0.19,5.96,35.915714286,55.0,0.959931089,4.0,0.06981317,-35.0,True,False
269,90,scene_2,scene_2_y02,2,route_forward,-0.19,5.96,35.915714286,90.0,1.570796327,4.0,0.06981317,0.0,True,False
270,90,scene_2,scene_2_y02,2,route_right,-0.19,5.96,35.915714286,125.0,2.181661565,4.0,0.06981317,35.0,True,False
271,91,scene_2,scene_2_y02,2,route_left,-0.761428571,5.96,35.915714286,55.0,0.959931089,4.0,0.06981317,-35.0,True,False
272,91,scene_2,scene_2_y02,2,route_forward,-0.761428571,5.96,35.915714286,90.0,1.570796327,4.0,0.06981317,0.0,True,False
273,91,scene_2,scene_2_y02,2,route_right,-0.761428571,5.96,35.915714286,125.0,2.181661565,4.0,0.06981317,35.0,True,False
274,92,scene_2,scene_2_y02,2,route_left,-1.332857143,5.96,35.915714286,55.0,0.959931089,4.0,0.06981317,-35.0,True,False
275,92,scene_2,scene_2_y02,2,route_forward,-1.332857143,5.96,35.915714286,90.0,1.570796327,4.0,0.06981317,0.0,True,False
276,92,scene_2,scene_2_y02,2,route_right,-1.332857143,5.96,35.915714286,125.0,2.181661565,4.0,0.06981317,35.0,True,False
277,93,scene_2,scene_2_y02,2,route_left,-1.904285714,5.96,35.915714286,55.0,0.959931089,4.0,0.06981317,-35.0,True,False
278,93,scene_2,scene_2_y02,2,route_forward,-1.904285714,5.96,35.915714286,90.0,1.570796327,4.0,0.06981317,0.0,True,False
279,93,scene_2,scene_2_y02,2,route_right,-1.904285714,5.96,35.915714286,125.0,2.181661565,4.0,0.06981317,35.0,True,False
280,94,scene_2,scene_2_y02,2,route_left,-2.475714286,5.96,35.915714286,55.0,0.959931089,4.0,0.06981317,-35.0,True,False
281,94,scene_2,scene_2_y02,2,route_forward,-2.475714286,5.96,35.915714286,90.0,1.570796327,4.0,0.06981317,0.0,True,False
282,94,scene_2,scene_2_y02,2,route_right,-2.475714286,5.96,35.915714286,125.0,2.181661565,4.0,0.06981317,35.0,True,False
283,95,scene_2,scene_2_y02,2,route_left,-3.047142857,5.96,35.915714286,55.0,0.959931089,4.0,0.06981317,-35.0,True,False
284,95,scene_2,scene_2_y02,2,route_forward,-3.047142857,5.96,35.915714286,90.0,1.570796327,4.0,0.06981317,0.0,True,False
285,95,scene_2,scene_2_y02,2,route_right,-3.047142857,5.96,35.915714286,125.0,2.181661565,4.0,0.06981317,35.0,True,False
286,96,scene_2,scene_2_y02,2,route_left,-3.618571429,5.96,35.915714286,325.0,5.672320069,4.0,0.06981317,-35.0,True,False
287,96,scene_2,scene_2_y02,2,route_forward,-3.618571429,5.96,35.915714286,0.0,0.0,4.0,0.06981317,0.0,True,False
288,96,scene_2,scene_2_y02,2,route_right,-3.618571429,5.96,35.915714286,35.0,0.610865238,4.0,0.06981317,35.0,True,False
289,97,scene_2,scene_2_y02,2,route_left,-3.618571429,5.96,35.285,235.0,4.101523742,4.0,0.06981317,-35.0,True,False
290,97,scene_2,scene_2_y02,2,route_forward,-3.618571429,5.96,35.285,270.0,4.71238898,4.0,0.06981317,0.0,True,False
291,97,scene_2,scene_2_y02,2,route_right,-3.618571429,5.96,35.285,305.0,5.323254219,4.0,0.06981317,35.0,True,False
292,98,scene_2,scene_2_y02,2,route_left,-3.047142857,5.96,35.285,235.0,4.101523742,4.0,0.06981317,-35.0,True,False
293,98,scene_2,scene_2_y02,2,route_forward,-3.047142857,5.96,35.285,270.0,4.71238898,4.0,0.06981317,0.0,True,False
294,98,scene_2,scene_2_y02,2,route_right,-3.047142857,5.96,35.285,305.0,5.323254219,4.0,0.06981317,35.0,True,False
295,99,scene_2,scene_2_y02,2,route_left,-2.475714286,5.96,35.285,235.0,4.101523742,4.0,0.06981317,-35.0,True,False
296,99,scene_2,scene_2_y02,2,route_forward,-2.475714286,5.96,35.285,270.0,4.71238898,4.0,0.06981317,0.0,True,False
297,99,scene_2,scene_2_y02,2,route_right,-2.475714286,5.96,35.285,305.0,5.323254219,4.0,0.06981317,35.0,True,False
298,100,scene_2,scene_2_y02,2,route_left,-1.904285714,5.96,35.285,235.0,4.101523742,4.0,0.06981317,-35.0,True,False
299,100,scene_2,scene_2_y02,2,route_forward,-1.904285714,5.96,35.285,270.0,4.71238898,4.0,0.06981317,0.0,True,False
300,100,scene_2,scene_2_y02,2,route_right,-1.904285714,5.96,35.285,305.0,5.323254219,4.0,0.06981317,35.0,True,False
301,101,scene_2,scene_2_y02,2,route_left,-1.332857143,5.96,35.285,235.0,4.101523742,4.0,0.06981317,-35.0,True,False
302,101,scene_2,scene_2_y02,2,route_forward,-1.332857143,5.96,35.285,270.0,4.71238898,4.0,0.06981317,0.0,True,False
303,101,scene_2,scene_2_y02,2,route_right,-1.332857143,5.96,35.285,305.0,5.323254219,4.0,0.06981317,35.0,True,False
304,102,scene_2,scene_2_y02,2,route_left,-0.761428571,5.96,35.285,235.0,4.101523742,4.0,0.06981317,-35.0,True,False
305,102,scene_2,scene_2_y02,2,route_forward,-0.761428571,5.96,35.285,270.0,4.71238898,4.0,0.06981317,0.0,True,False
306,102,scene_2,scene_2_y02,2,route_right,-0.761428571,5.96,35.285,305.0,5.323254219,4.0,0.06981317,35.0,True,False
307,103,scene_2,scene_2_y02,2,route_left,-0.19,5.96,35.285,235.0,4.101523742,4.0,0.06981317,-35.0,True,False
308,103,scene_2,scene_2_y02,2,route_forward,-0.19,5.96,35.285,270.0,4.71238898,4.0,0.06981317,0.0,True,False
309,103,scene_2,scene_2_y02,2,route_right,-0.19,5.96,35.285,305.0,5.323254219,4.0,0.06981317,35.0,True,False
310,104,scene_2,scene_2_y02,2,route_left,0.381428571,5.96,35.285,235.0,4.101523742,4.0,0.06981317,-35.0,True,False
311,104,scene_2,scene_2_y02,2,route_forward,0.381428571,5.96,35.285,270.0,4.71238898,4.0,0.06981317,0.0,True,False
312,104,scene_2,scene_2_y02,2,route_right,0.381428571,5.96,35.285,305.0,5.323254219,4.0,0.06981317,35.0,True,False
313,105,scene_2,scene_2_y02,2,route_left,0.952857143,5.96,35.285,235.0,4.101523742,4.0,0.06981317,-35.0,True,False
314,105,scene_2,scene_2_y02,2,route_forward,0.952857143,5.96,35.285,270.0,4.71238898,4.0,0.06981317,0.0,True,False
315,105,scene_2,scene_2_y02,2,route_right,0.952857143,5.96,35.285,305.0,5.323254219,4.0,0.06981317,35.0,True,False
316,106,scene_2,scene_2_y02,2,route_left,1.524285714,5.96,35.285,235.0,4.101523742,4.0,0.06981317,-35.0,True,False
317,106,scene_2,scene_2_y02,2,route_forward,1.524285714,5.96,35.285,270.0,4.71238898,4.0,0.06981317,0.0,True,False
318,106,scene_2,scene_2_y02,2,route_right,1.524285714,5.96,35.285,305.0,5.323254219,4.0,0.06981317,35.0,True,False
319,107,scene_2,scene_2_y02,2,route_left,2.095714286,5.96,35.285,235.0,4.101523742,4.0,0.06981317,-35.0,True,False
320,107,scene_2,scene_2_y02,2,route_forward,2.095714286,5.96,35.285,270.0,4.71238898,4.0,0.06981317,0.0,True,False
321,107,scene_2,scene_2_y02,2,route_right,2.095714286,5.96,35.285,305.0,5.323254219,4.0,0.06981317,35.0,True,False
322,108,scene_2,scene_2_y02,2,route_left,2.667142857,5.96,35.285,235.0,4.101523742,4.0,0.06981317,-35.0,True,False
323,108,scene_2,scene_2_y02,2,route_forward,2.667142857,5.96,35.285,270.0,4.71238898,4.0,0.06981317,0.0,True,False
324,108,scene_2,scene_2_y02,2,route_right,2.667142857,5.96,35.285,305.0,5.323254219,4.0,0.06981317,35.0,True,False
325,109,scene_2,scene_2_y02,2,route_left,3.238571429,5.96,35.285,325.0,5.672320069,4.0,0.06981317,-35.0,True,False
326,109,scene_2,scene_2_y02,2,route_forward,3.238571429,5.96,35.285,0.0,0.0,4.0,0.06981317,0.0,True,False
327,109,scene_2,scene_2_y02,2,route_right,3.238571429,5.96,35.285,35.0,0.610865238,4.0,0.06981317,35.0,True,False
328,110,scene_2,scene_2_y02,2,route_left,3.238571429,5.96,34.654285714,55.0,0.959931089,4.0,0.06981317,-35.0,True,False
329,110,scene_2,scene_2_y02,2,route_forward,3.238571429,5.96,34.654285714,90.0,1.570796327,4.0,0.06981317,0.0,True,False
330,110,scene_2,scene_2_y02,2,route_right,3.238571429,5.96,34.654285714,125.0,2.181661565,4.0,0.06981317,35.0,True,False
331,111,scene_2,scene_2_y02,2,route_left,2.667142857,5.96,34.654285714,55.0,0.959931089,4.0,0.06981317,-35.0,True,False
332,111,scene_2,scene_2_y02,2,route_forward,2.667142857,5.96,34.654285714,90.0,1.570796327,4.0,0.06981317,0.0,True,False
333,111,scene_2,scene_2_y02,2,route_right,2.667142857,5.96,34.654285714,125.0,2.181661565,4.0,0.06981317,35.0,True,False
334,112,scene_2,scene_2_y02,2,route_left,2.095714286,5.96,34.654285714,55.0,0.959931089,4.0,0.06981317,-35.0,True,False
335,112,scene_2,scene_2_y02,2,route_forward,2.095714286,5.96,34.654285714,90.0,1.570796327,4.0,0.06981317,0.0,True,False
336,112,scene_2,scene_2_y02,2,route_right,2.095714286,5.96,34.654285714,125.0,2.181661565,4.0,0.06981317,35.0,True,False
337,113,scene_2,scene_2_y02,2,route_left,1.524285714,5.96,34.654285714,55.0,0.959931089,4.0,0.06981317,-35.0,True,False
338,113,scene_2,scene_2_y02,2,route_forward,1.524285714,5.96,34.654285714,90.0,1.570796327,4.0,0.06981317,0.0,True,False
339,113,scene_2,scene_2_y02,2,route_right,1.524285714,5.96,34.654285714,125.0,2.181661565,4.0,0.06981317,35.0,True,False
340,114,scene_2,scene_2_y02,2,route_left,0.952857143,5.96,34.654285714,55.0,0.959931089,4.0,0.06981317,-35.0,True,False
341,114,scene_2,scene_2_y02,2,route_forward,0.952857143,5.96,34.654285714,90.0,1.570796327,4.0,0.06981317,0.0,True,False
342,114,scene_2,scene_2_y02,2,route_right,0.952857143,5.96,34.654285714,125.0,2.181661565,4.0,0.06981317,35.0,True,False
343,115,scene_2,scene_2_y02,2,route_left,0.381428571,5.96,34.654285714,55.0,0.959931089,4.0,0.06981317,-35.0,True,False
344,115,scene_2,scene_2_y02,2,route_forward,0.381428571,5.96,34.654285714,90.0,1.570796327,4.0,0.06981317,0.0,True,False
345,115,scene_2,scene_2_y02,2,route_right,0.381428571,5.96,34.654285714,125.0,2.181661565,4.0,0.06981317,35.0,True,False
346,116,scene_2,scene_2_y02,2,route_left,-0.19,5.96,34.654285714,55.0,0.959931089,4.0,0.06981317,-35.0,True,False
347,116,scene_2,scene_2_y02,2,route_forward,-0.19,5.96,34.654285714,90.0,1.570796327,4.0,0.06981317,0.0,True,False
348,116,scene_2,scene_2_y02,2,route_right,-0.19,5.96,34.654285714,125.0,2.181661565,4.0,0.06981317,35.0,True,False
349,117,scene_2,scene_2_y02,2,route_left,-0.761428571,5.96,34.654285714,55.0,0.959931089,4.0,0.06981317,-35.0,True,False
350,117,scene_2,scene_2_y02,2,route_forward,-0.761428571,5.96,34.654285714,90.0,1.570796327,4.0,0.06981317,0.0,True,False
351,117,scene_2,scene_2_y02,2,route_right,-0.761428571,5.96,34.654285714,125.0,2.181661565,4.0,0.06981317,35.0,True,False
352,118,scene_2,scene_2_y02,2,route_left,-1.332857143,5.96,34.654285714,55.0,0.959931089,4.0,0.06981317,-35.0,True,False
353,118,scene_2,scene_2_y02,2,route_forward,-1.332857143,5.96,34.654285714,90.0,1.570796327,4.0,0.06981317,0.0,True,False
354,118,scene_2,scene_2_y02,2,route_right,-1.332857143,5.96,34.654285714,125.0,2.181661565,4.0,0.06981317,35.0,True,False
355,119,scene_2,scene_2_y02,2,route_left,-1.904285714,5.96,34.654285714,55.0,0.959931089,4.0,0.06981317,-35.0,True,False
356,119,scene_2,scene_2_y02,2,route_forward,-1.904285714,5.96,34.654285714,90.0,1.570796327,4.0,0.06981317,0.0,True,False
357,119,scene_2,scene_2_y02,2,route_right,-1.904285714,5.96,34.654285714,125.0,2.181661565,4.0,0.06981317,35.0,True,False
358,120,scene_2,scene_2_y02,2,route_left,-2.475714286,5.96,34.654285714,55.0,0.959931089,4.0,0.06981317,-35.0,True,False
359,120,scene_2,scene_2_y02,2,route_forward,-2.475714286,5.96,34.654285714,90.0,1.570796327,4.0,0.06981317,0.0,True,False
360,120,scene_2,scene_2_y02,2,route_right,-2.475714286,5.96,34.654285714,125.0,2.181661565,4.0,0.06981317,35.0,True,False
361,121,scene_2,scene_2_y02,2,route_left,-3.047142857,5.96,34.654285714,55.0,0.959931089,4.0,0.06981317,-35.0,True,False
362,121,scene_2,scene_2_y02,2,route_forward,-3.047142857,5.96,34.654285714,90.0,1.570796327,4.0,0.06981317,0.0,True,False
363,121,scene_2,scene_2_y02,2,route_right,-3.047142857,5.96,34.654285714,125.0,2.181661565,4.0,0.06981317,35.0,True,False
364,122,scene_2,scene_2_y02,2,route_left,-3.618571429,5.96,34.654285714,282.823351119,4.936198679,4.0,0.06981317,-35.0,True,False
365,122,scene_2,scene_2_y02,2,route_forward,-3.618571429,5.96,34.654285714,317.823351119,5.547063917,4.0,0.06981317,0.0,True,False
366,122,scene_2,scene_2_y02,2,route_right,-3.618571429,5.96,34.654285714,352.823351119,6.157929155,4.0,0.06981317,35.0,True,False
367,123,scene_2,scene_2_y02,2,route_left,-3.047142857,5.96,34.023571429,235.0,4.101523742,4.0,0.06981317,-35.0,True,False
368,123,scene_2,scene_2_y02,2,route_forward,-3.047142857,5.96,34.023571429,270.0,4.71238898,4.0,0.06981317,0.0,True,False
369,123,scene_2,scene_2_y02,2,route_right,-3.047142857,5.96,34.023571429,305.0,5.323254219,4.0,0.06981317,35.0,True,False
370,124,scene_2,scene_2_y02,2,route_left,-2.475714286,5.96,34.023571429,235.0,4.101523742,4.0,0.06981317,-35.0,True,False
371,124,scene_2,scene_2_y02,2,route_forward,-2.475714286,5.96,34.023571429,270.0,4.71238898,4.0,0.06981317,0.0,True,False
372,124,scene_2,scene_2_y02,2,route_right,-2.475714286,5.96,34.023571429,305.0,5.323254219,4.0,0.06981317,35.0,True,False
373,125,scene_2,scene_2_y02,2,route_left,-1.904285714,5.96,34.023571429,235.0,4.101523742,4.0,0.06981317,-35.0,True,False
374,125,scene_2,scene_2_y02,2,route_forward,-1.904285714,5.96,34.023571429,270.0,4.71238898,4.0,0.06981317,0.0,True,False
375,125,scene_2,scene_2_y02,2,route_right,-1.904285714,5.96,34.023571429,305.0,5.323254219,4.0,0.06981317,35.0,True,False
376,126,scene_2,scene_2_y02,2,route_left,-1.332857143,5.96,34.023571429,235.0,4.101523742,4.0,0.06981317,-35.0,True,False
377,126,scene_2,scene_2_y02,2,route_forward,-1.332857143,5.96,34.023571429,270.0,4.71238898,4.0,0.06981317,0.0,True,False
378,126,scene_2,scene_2_y02,2,route_right,-1.332857143,5.96,34.023571429,305.0,5.323254219,4.0,0.06981317,35.0,True,False
379,127,scene_2,scene_2_y02,2,route_left,-0.761428571,5.96,34.023571429,235.0,4.101523742,4.0,0.06981317,-35.0,True,False
380,127,scene_2,scene_2_y02,2,route_forward,-0.761428571,5.96,34.023571429,270.0,4.71238898,4.0,0.06981317,0.0,True,False
381,127,scene_2,scene_2_y02,2,route_right,-0.761428571,5.96,34.023571429,305.0,5.323254219,4.0,0.06981317,35.0,True,False
382,128,scene_2,scene_2_y02,2,route_left,-0.19,5.96,34.023571429,235.0,4.101523742,4.0,0.06981317,-35.0,True,False
383,128,scene_2,scene_2_y02,2,route_forward,-0.19,5.96,34.023571429,270.0,4.71238898,4.0,0.06981317,0.0,True,False
384,128,scene_2,scene_2_y02,2,route_right,-0.19,5.96,34.023571429,305.0,5.323254219,4.0,0.06981317,35.0,True,False
385,129,scene_2,scene_2_y02,2,route_left,0.381428571,5.96,34.023571429,235.0,4.101523742,4.0,0.06981317,-35.0,True,False
386,129,scene_2,scene_2_y02,2,route_forward,0.381428571,5.96,34.023571429,270.0,4.71238898,4.0,0.06981317,0.0,True,False
387,129,scene_2,scene_2_y02,2,route_right,0.381428571,5.96,34.023571429,305.0,5.323254219,4.0,0.06981317,35.0,True,False
388,130,scene_2,scene_2_y02,2,route_left,0.952857143,5.96,34.023571429,235.0,4.101523742,4.0,0.06981317,-35.0,True,False
389,130,scene_2,scene_2_y02,2,route_forward,0.952857143,5.96,34.023571429,270.0,4.71238898,4.0,0.06981317,0.0,True,False
390,130,scene_2,scene_2_y02,2,route_right,0.952857143,5.96,34.023571429,305.0,5.323254219,4.0,0.06981317,35.0,True,False
391,131,scene_2,scene_2_y02,2,route_left,1.524285714,5.96,34.023571429,235.0,4.101523742,4.0,0.06981317,-35.0,True,False
392,131,scene_2,scene_2_y02,2,route_forward,1.524285714,5.96,34.023571429,270.0,4.71238898,4.0,0.06981317,0.0,True,False
393,131,scene_2,scene_2_y02,2,route_right,1.524285714,5.96,34.023571429,305.0,5.323254219,4.0,0.06981317,35.0,True,False
394,132,scene_2,scene_2_y02,2,route_left,2.095714286,5.96,34.023571429,235.0,4.101523742,4.0,0.06981317,-35.0,True,False
395,132,scene_2,scene_2_y02,2,route_forward,2.095714286,5.96,34.023571429,270.0,4.71238898,4.0,0.06981317,0.0,True,False
396,132,scene_2,scene_2_y02,2,route_right,2.095714286,5.96,34.023571429,305.0,5.323254219,4.0,0.06981317,35.0,True,False
397,133,scene_2,scene_2_y02,2,route_left,2.667142857,5.96,34.023571429,235.0,4.101523742,4.0,0.06981317,-35.0,True,False
398,133,scene_2,scene_2_y02,2,route_forward,2.667142857,5.96,34.023571429,270.0,4.71238898,4.0,0.06981317,0.0,True,False
399,133,scene_2,scene_2_y02,2,route_right,2.667142857,5.96,34.023571429,305.0,5.323254219,4.0,0.06981317,35.0,True,False
400,134,scene_2,scene_2_y02,2,route_left,3.238571429,5.96,34.023571429,325.0,5.672320069,4.0,0.06981317,-35.0,True,False
401,134,scene_2,scene_2_y02,2,route_forward,3.238571429,5.96,34.023571429,0.0,0.0,4.0,0.06981317,0.0,True,False
402,134,scene_2,scene_2_y02,2,route_right,3.238571429,5.96,34.023571429,35.0,0.610865238,4.0,0.06981317,35.0,True,False
403,135,scene_2,scene_2_y02,2,route_left,3.238571429,5.96,33.392857143,55.0,0.959931089,4.0,0.06981317,-35.0,True,False
404,135,scene_2,scene_2_y02,2,route_forward,3.238571429,5.96,33.392857143,90.0,1.570796327,4.0,0.06981317,0.0,True,False
405,135,scene_2,scene_2_y02,2,route_right,3.238571429,5.96,33.392857143,125.0,2.181661565,4.0,0.06981317,35.0,True,False
406,136,scene_2,scene_2_y02,2,route_left,2.667142857,5.96,33.392857143,55.0,0.959931089,4.0,0.06981317,-35.0,True,False
407,136,scene_2,scene_2_y02,2,route_forward,2.667142857,5.96,33.392857143,90.0,1.570796327,4.0,0.06981317,0.0,True,False
408,136,scene_2,scene_2_y02,2,route_right,2.667142857,5.96,33.392857143,125.0,2.181661565,4.0,0.06981317,35.0,True,False
409,137,scene_2,scene_2_y02,2,route_left,2.095714286,5.96,33.392857143,55.0,0.959931089,4.0,0.06981317,-35.0,True,False
410,137,scene_2,scene_2_y02,2,route_forward,2.095714286,5.96,33.392857143,90.0,1.570796327,4.0,0.06981317,0.0,True,False
411,137,scene_2,scene_2_y02,2,route_right,2.095714286,5.96,33.392857143,125.0,2.181661565,4.0,0.06981317,35.0,True,False
412,138,scene_2,scene_2_y02,2,route_left,1.524285714,5.96,33.392857143,55.0,0.959931089,4.0,0.06981317,-35.0,True,False
413,138,scene_2,scene_2_y02,2,route_forward,1.524285714,5.96,33.392857143,90.0,1.570796327,4.0,0.06981317,0.0,True,False
414,138,scene_2,scene_2_y02,2,route_right,1.524285714,5.96,33.392857143,125.0,2.181661565,4.0,0.06981317,35.0,True,False
415,139,scene_2,scene_2_y02,2,route_left,0.952857143,5.96,33.392857143,55.0,0.959931089,4.0,0.06981317,-35.0,True,False
416,139,scene_2,scene_2_y02,2,route_forward,0.952857143,5.96,33.392857143,90.0,1.570796327,4.0,0.06981317,0.0,True,False
417,139,scene_2,scene_2_y02,2,route_right,0.952857143,5.96,33.392857143,125.0,2.181661565,4.0,0.06981317,35.0,True,False
418,140,scene_2,scene_2_y02,2,route_left,0.381428571,5.96,33.392857143,55.0,0.959931089,4.0,0.06981317,-35.0,True,False
419,140,scene_2,scene_2_y02,2,route_forward,0.381428571,5.96,33.392857143,90.0,1.570796327,4.0,0.06981317,0.0,True,False
420,140,scene_2,scene_2_y02,2,route_right,0.381428571,5.96,33.392857143,125.0,2.181661565,4.0,0.06981317,35.0,True,False
421,141,scene_2,scene_2_y02,2,route_left,-0.19,5.96,33.392857143,55.0,0.959931089,4.0,0.06981317,-35.0,True,False
422,141,scene_2,scene_2_y02,2,route_forward,-0.19,5.96,33.392857143,90.0,1.570796327,4.0,0.06981317,0.0,True,False
423,141,scene_2,scene_2_y02,2,route_right,-0.19,5.96,33.392857143,125.0,2.181661565,4.0,0.06981317,35.0,True,False
424,142,scene_2,scene_2_y02,2,route_left,-0.761428571,5.96,33.392857143,55.0,0.959931089,4.0,0.06981317,-35.0,True,False
425,142,scene_2,scene_2_y02,2,route_forward,-0.761428571,5.96,33.392857143,90.0,1.570796327,4.0,0.06981317,0.0,True,False
426,142,scene_2,scene_2_y02,2,route_right,-0.761428571,5.96,33.392857143,125.0,2.181661565,4.0,0.06981317,35.0,True,False
427,143,scene_2,scene_2_y02,2,route_left,-1.332857143,5.96,33.392857143,55.0,0.959931089,4.0,0.06981317,-35.0,True,False
428,143,scene_2,scene_2_y02,2,route_forward,-1.332857143,5.96,33.392857143,90.0,1.570796327,4.0,0.06981317,0.0,True,False
429,143,scene_2,scene_2_y02,2,route_right,-1.332857143,5.96,33.392857143,125.0,2.181661565,4.0,0.06981317,35.0,True,False
430,144,scene_2,scene_2_y02,2,route_left,-1.904285714,5.96,33.392857143,55.0,0.959931089,4.0,0.06981317,-35.0,True,False
431,144,scene_2,scene_2_y02,2,route_forward,-1.904285714,5.96,33.392857143,90.0,1.570796327,4.0,0.06981317,0.0,True,False
432,144,scene_2,scene_2_y02,2,route_right,-1.904285714,5.96,33.392857143,125.0,2.181661565,4.0,0.06981317,35.0,True,False
433,145,scene_2,scene_2_y02,2,route_left,-2.475714286,5.96,33.392857143,55.0,0.959931089,4.0,0.06981317,-35.0,True,False
434,145,scene_2,scene_2_y02,2,route_forward,-2.475714286,5.96,33.392857143,90.0,1.570796327,4.0,0.06981317,0.0,True,False
435,145,scene_2,scene_2_y02,2,route_right,-2.475714286,5.96,33.392857143,125.0,2.181661565,4.0,0.06981317,35.0,True,False
436,146,scene_2,scene_2_y02,2,route_left,-3.047142857,5.96,33.392857143,325.0,5.672320069,4.0,0.06981317,-35.0,True,False
437,146,scene_2,scene_2_y02,2,route_forward,-3.047142857,5.96,33.392857143,0.0,0.0,4.0,0.06981317,0.0,True,False
438,146,scene_2,scene_2_y02,2,route_right,-3.047142857,5.96,33.392857143,35.0,0.610865238,4.0,0.06981317,35.0,True,False
439,147,scene_2,scene_2_y02,2,route_left,-3.047142857,5.96,32.762142857,235.0,4.101523742,4.0,0.06981317,-35.0,True,False
440,147,scene_2,scene_2_y02,2,route_forward,-3.047142857,5.96,32.762142857,270.0,4.71238898,4.0,0.06981317,0.0,True,False
441,147,scene_2,scene_2_y02,2,route_right,-3.047142857,5.96,32.762142857,305.0,5.323254219,4.0,0.06981317,35.0,True,False
442,148,scene_2,scene_2_y02,2,route_left,-2.475714286,5.96,32.762142857,235.0,4.101523742,4.0,0.06981317,-35.0,True,False
443,148,scene_2,scene_2_y02,2,route_forward,-2.475714286,5.96,32.762142857,270.0,4.71238898,4.0,0.06981317,0.0,True,False
444,148,scene_2,scene_2_y02,2,route_right,-2.475714286,5.96,32.762142857,305.0,5.323254219,4.0,0.06981317,35.0,True,False
445,149,scene_2,scene_2_y02,2,route_left,-1.904285714,5.96,32.762142857,235.0,4.101523742,4.0,0.06981317,-35.0,True,False
446,149,scene_2,scene_2_y02,2,route_forward,-1.904285714,5.96,32.762142857,270.0,4.71238898,4.0,0.06981317,0.0,True,False
447,149,scene_2,scene_2_y02,2,route_right,-1.904285714,5.96,32.762142857,305.0,5.323254219,4.0,0.06981317,35.0,True,False
448,150,scene_2,scene_2_y02,2,route_left,-1.332857143,5.96,32.762142857,235.0,4.101523742,4.0,0.06981317,-35.0,True,False
449,150,scene_2,scene_2_y02,2,route_forward,-1.332857143,5.96,32.762142857,270.0,4.71238898,4.0,0.06981317,0.0,True,False
450,150,scene_2,scene_2_y02,2,route_right,-1.332857143,5.96,32.762142857,305.0,5.323254219,4.0,0.06981317,35.0,True,False
451,151,scene_2,scene_2_y02,2,route_left,-0.761428571,5.96,32.762142857,235.0,4.101523742,4.0,0.06981317,-35.0,True,False
452,151,scene_2,scene_2_y02,2,route_forward,-0.761428571,5.96,32.762142857,270.0,4.71238898,4.0,0.06981317,0.0,True,False
453,151,scene_2,scene_2_y02,2,route_right,-0.761428571,5.96,32.762142857,305.0,5.323254219,4.0,0.06981317,35.0,True,False
454,152,scene_2,scene_2_y02,2,route_left,-0.19,5.96,32.762142857,235.0,4.101523742,4.0,0.06981317,-35.0,True,False
455,152,scene_2,scene_2_y02,2,route_forward,-0.19,5.96,32.762142857,270.0,4.71238898,4.0,0.06981317,0.0,True,False
456,152,scene_2,scene_2_y02,2,route_right,-0.19,5.96,32.762142857,305.0,5.323254219,4.0,0.06981317,35.0,True,False
457,153,scene_2,scene_2_y03,3,route_left,-0.19,7.82,31.500714286,55.0,0.959931089,-2.0,-0.034906585,-35.0,True,False
458,153,scene_2,scene_2_y03,3,route_forward,-0.19,7.82,31.500714286,90.0,1.570796327,-2.0,-0.034906585,0.0,True,False
459,153,scene_2,scene_2_y03,3,route_right,-0.19,7.82,31.500714286,125.0,2.181661565,-2.0,-0.034906585,35.0,True,False
460,154,scene_2,scene_2_y03,3,route_left,-0.761428571,7.82,31.500714286,55.0,0.959931089,-2.0,-0.034906585,-35.0,True,False
461,154,scene_2,scene_2_y03,3,route_forward,-0.761428571,7.82,31.500714286,90.0,1.570796327,-2.0,-0.034906585,0.0,True,False
462,154,scene_2,scene_2_y03,3,route_right,-0.761428571,7.82,31.500714286,125.0,2.181661565,-2.0,-0.034906585,35.0,True,False
463,155,scene_2,scene_2_y03,3,route_left,-1.332857143,7.82,31.500714286,55.0,0.959931089,-2.0,-0.034906585,-35.0,True,False
464,155,scene_2,scene_2_y03,3,route_forward,-1.332857143,7.82,31.500714286,90.0,1.570796327,-2.0,-0.034906585,0.0,True,False
465,155,scene_2,scene_2_y03,3,route_right,-1.332857143,7.82,31.500714286,125.0,2.181661565,-2.0,-0.034906585,35.0,True,False
466,156,scene_2,scene_2_y03,3,route_left,-1.904285714,7.82,31.500714286,55.0,0.959931089,-2.0,-0.034906585,-35.0,True,False
467,156,scene_2,scene_2_y03,3,route_forward,-1.904285714,7.82,31.500714286,90.0,1.570796327,-2.0,-0.034906585,0.0,True,False
468,156,scene_2,scene_2_y03,3,route_right,-1.904285714,7.82,31.500714286,125.0,2.181661565,-2.0,-0.034906585,35.0,True,False
469,157,scene_2,scene_2_y03,3,route_left,-2.475714286,7.82,31.500714286,55.0,0.959931089,-2.0,-0.034906585,-35.0,True,False
470,157,scene_2,scene_2_y03,3,route_forward,-2.475714286,7.82,31.500714286,90.0,1.570796327,-2.0,-0.034906585,0.0,True,False
471,157,scene_2,scene_2_y03,3,route_right,-2.475714286,7.82,31.500714286,125.0,2.181661565,-2.0,-0.034906585,35.0,True,False
472,158,scene_2,scene_2_y03,3,route_left,-3.047142857,7.82,31.500714286,145.0,2.530727415,-2.0,-0.034906585,-35.0,True,False
473,158,scene_2,scene_2_y03,3,route_forward,-3.047142857,7.82,31.500714286,180.0,3.141592654,-2.0,-0.034906585,0.0,True,False
474,158,scene_2,scene_2_y03,3,route_right,-3.047142857,7.82,31.500714286,215.0,3.752457892,-2.0,-0.034906585,35.0,True,False
475,159,scene_2,scene_2_y03,3,route_left,-3.047142857,7.82,32.131428571,235.0,4.101523742,-2.0,-0.034906585,-35.0,True,False
476,159,scene_2,scene_2_y03,3,route_forward,-3.047142857,7.82,32.131428571,270.0,4.71238898,-2.0,-0.034906585,0.0,True,False
477,159,scene_2,scene_2_y03,3,route_right,-3.047142857,7.82,32.131428571,305.0,5.323254219,-2.0,-0.034906585,35.0,True,False
478,160,scene_2,scene_2_y03,3,route_left,-2.475714286,7.82,32.131428571,235.0,4.101523742,-2.0,-0.034906585,-35.0,True,False
479,160,scene_2,scene_2_y03,3,route_forward,-2.475714286,7.82,32.131428571,270.0,4.71238898,-2.0,-0.034906585,0.0,True,False
480,160,scene_2,scene_2_y03,3,route_right,-2.475714286,7.82,32.131428571,305.0,5.323254219,-2.0,-0.034906585,35.0,True,False
481,161,scene_2,scene_2_y03,3,route_left,-1.904285714,7.82,32.131428571,235.0,4.101523742,-2.0,-0.034906585,-35.0,True,False
482,161,scene_2,scene_2_y03,3,route_forward,-1.904285714,7.82,32.131428571,270.0,4.71238898,-2.0,-0.034906585,0.0,True,False
483,161,scene_2,scene_2_y03,3,route_right,-1.904285714,7.82,32.131428571,305.0,5.323254219,-2.0,-0.034906585,35.0,True,False
484,162,scene_2,scene_2_y03,3,route_left,-1.332857143,7.82,32.131428571,235.0,4.101523742,-2.0,-0.034906585,-35.0,True,False
485,162,scene_2,scene_2_y03,3,route_forward,-1.332857143,7.82,32.131428571,270.0,4.71238898,-2.0,-0.034906585,0.0,True,False
486,162,scene_2,scene_2_y03,3,route_right,-1.332857143,7.82,32.131428571,305.0,5.323254219,-2.0,-0.034906585,35.0,True,False
487,163,scene_2,scene_2_y03,3,route_left,-0.761428571,7.82,32.131428571,235.0,4.101523742,-2.0,-0.034906585,-35.0,True,False
488,163,scene_2,scene_2_y03,3,route_forward,-0.761428571,7.82,32.131428571,270.0,4.71238898,-2.0,-0.034906585,0.0,True,False
489,163,scene_2,scene_2_y03,3,route_right,-0.761428571,7.82,32.131428571,305.0,5.323254219,-2.0,-0.034906585,35.0,True,False
490,164,scene_2,scene_2_y03,3,route_left,-0.19,7.82,32.131428571,235.0,4.101523742,-2.0,-0.034906585,-35.0,True,False
491,164,scene_2,scene_2_y03,3,route_forward,-0.19,7.82,32.131428571,270.0,4.71238898,-2.0,-0.034906585,0.0,True,False
492,164,scene_2,scene_2_y03,3,route_right,-0.19,7.82,32.131428571,305.0,5.323254219,-2.0,-0.034906585,35.0,True,False
493,165,scene_2,scene_2_y03,3,route_left,0.381428571,7.82,32.131428571,235.0,4.101523742,-2.0,-0.034906585,-35.0,True,False
494,165,scene_2,scene_2_y03,3,route_forward,0.381428571,7.82,32.131428571,270.0,4.71238898,-2.0,-0.034906585,0.0,True,False
495,165,scene_2,scene_2_y03,3,route_right,0.381428571,7.82,32.131428571,305.0,5.323254219,-2.0,-0.034906585,35.0,True,False
496,166,scene_2,scene_2_y03,3,route_left,0.952857143,7.82,32.131428571,235.0,4.101523742,-2.0,-0.034906585,-35.0,True,False
497,166,scene_2,scene_2_y03,3,route_forward,0.952857143,7.82,32.131428571,270.0,4.71238898,-2.0,-0.034906585,0.0,True,False
498,166,scene_2,scene_2_y03,3,route_right,0.952857143,7.82,32.131428571,305.0,5.323254219,-2.0,-0.034906585,35.0,True,False
499,167,scene_2,scene_2_y03,3,route_left,1.524285714,7.82,32.131428571,235.0,4.101523742,-2.0,-0.034906585,-35.0,True,False
500,167,scene_2,scene_2_y03,3,route_forward,1.524285714,7.82,32.131428571,270.0,4.71238898,-2.0,-0.034906585,0.0,True,False
501,167,scene_2,scene_2_y03,3,route_right,1.524285714,7.82,32.131428571,305.0,5.323254219,-2.0,-0.034906585,35.0,True,False
502,168,scene_2,scene_2_y03,3,route_left,2.095714286,7.82,32.131428571,235.0,4.101523742,-2.0,-0.034906585,-35.0,True,False
503,168,scene_2,scene_2_y03,3,route_forward,2.095714286,7.82,32.131428571,270.0,4.71238898,-2.0,-0.034906585,0.0,True,False
504,168,scene_2,scene_2_y03,3,route_right,2.095714286,7.82,32.131428571,305.0,5.323254219,-2.0,-0.034906585,35.0,True,False
505,169,scene_2,scene_2_y03,3,route_left,2.667142857,7.82,32.131428571,235.0,4.101523742,-2.0,-0.034906585,-35.0,True,False
506,169,scene_2,scene_2_y03,3,route_forward,2.667142857,7.82,32.131428571,270.0,4.71238898,-2.0,-0.034906585,0.0,True,False
507,169,scene_2,scene_2_y03,3,route_right,2.667142857,7.82,32.131428571,305.0,5.323254219,-2.0,-0.034906585,35.0,True,False
508,170,scene_2,scene_2_y03,3,route_left,3.238571429,7.82,32.131428571,145.0,2.530727415,-2.0,-0.034906585,-35.0,True,False
509,170,scene_2,scene_2_y03,3,route_forward,3.238571429,7.82,32.131428571,180.0,3.141592654,-2.0,-0.034906585,0.0,True,False
510,170,scene_2,scene_2_y03,3,route_right,3.238571429,7.82,32.131428571,215.0,3.752457892,-2.0,-0.034906585,35.0,True,False
511,171,scene_2,scene_2_y03,3,route_left,3.238571429,7.82,32.762142857,55.0,0.959931089,-2.0,-0.034906585,-35.0,True,False
512,171,scene_2,scene_2_y03,3,route_forward,3.238571429,7.82,32.762142857,90.0,1.570796327,-2.0,-0.034906585,0.0,True,False
513,171,scene_2,scene_2_y03,3,route_right,3.238571429,7.82,32.762142857,125.0,2.181661565,-2.0,-0.034906585,35.0,True,False
514,172,scene_2,scene_2_y03,3,route_left,2.667142857,7.82,32.762142857,55.0,0.959931089,-2.0,-0.034906585,-35.0,True,False
515,172,scene_2,scene_2_y03,3,route_forward,2.667142857,7.82,32.762142857,90.0,1.570796327,-2.0,-0.034906585,0.0,True,False
516,172,scene_2,scene_2_y03,3,route_right,2.667142857,7.82,32.762142857,125.0,2.181661565,-2.0,-0.034906585,35.0,True,False
517,173,scene_2,scene_2_y03,3,route_left,2.095714286,7.82,32.762142857,55.0,0.959931089,-2.0,-0.034906585,-35.0,True,False
518,173,scene_2,scene_2_y03,3,route_forward,2.095714286,7.82,32.762142857,90.0,1.570796327,-2.0,-0.034906585,0.0,True,False
519,173,scene_2,scene_2_y03,3,route_right,2.095714286,7.82,32.762142857,125.0,2.181661565,-2.0,-0.034906585,35.0,True,False
520,174,scene_2,scene_2_y03,3,route_left,1.524285714,7.82,32.762142857,55.0,0.959931089,-2.0,-0.034906585,-35.0,True,False
521,174,scene_2,scene_2_y03,3,route_forward,1.524285714,7.82,32.762142857,90.0,1.570796327,-2.0,-0.034906585,0.0,True,False
522,174,scene_2,scene_2_y03,3,route_right,1.524285714,7.82,32.762142857,125.0,2.181661565,-2.0,-0.034906585,35.0,True,False
523,175,scene_2,scene_2_y03,3,route_left,0.952857143,7.82,32.762142857,55.0,0.959931089,-2.0,-0.034906585,-35.0,True,False
524,175,scene_2,scene_2_y03,3,route_forward,0.952857143,7.82,32.762142857,90.0,1.570796327,-2.0,-0.034906585,0.0,True,False
525,175,scene_2,scene_2_y03,3,route_right,0.952857143,7.82,32.762142857,125.0,2.181661565,-2.0,-0.034906585,35.0,True,False
526,176,scene_2,scene_2_y03,3,route_left,0.381428571,7.82,32.762142857,55.0,0.959931089,-2.0,-0.034906585,-35.0,True,False
527,176,scene_2,scene_2_y03,3,route_forward,0.381428571,7.82,32.762142857,90.0,1.570796327,-2.0,-0.034906585,0.0,True,False
528,176,scene_2,scene_2_y03,3,route_right,0.381428571,7.82,32.762142857,125.0,2.181661565,-2.0,-0.034906585,35.0,True,False
529,177,scene_2,scene_2_y03,3,route_left,-0.19,7.82,32.762142857,55.0,0.959931089,-2.0,-0.034906585,-35.0,True,False
530,177,scene_2,scene_2_y03,3,route_forward,-0.19,7.82,32.762142857,90.0,1.570796327,-2.0,-0.034906585,0.0,True,False
531,177,scene_2,scene_2_y03,3,route_right,-0.19,7.82,32.762142857,125.0,2.181661565,-2.0,-0.034906585,35.0,True,False
532,178,scene_2,scene_2_y03,3,route_left,-0.761428571,7.82,32.762142857,55.0,0.959931089,-2.0,-0.034906585,-35.0,True,False
533,178,scene_2,scene_2_y03,3,route_forward,-0.761428571,7.82,32.762142857,90.0,1.570796327,-2.0,-0.034906585,0.0,True,False
534,178,scene_2,scene_2_y03,3,route_right,-0.761428571,7.82,32.762142857,125.0,2.181661565,-2.0,-0.034906585,35.0,True,False
535,179,scene_2,scene_2_y03,3,route_left,-1.332857143,7.82,32.762142857,55.0,0.959931089,-2.0,-0.034906585,-35.0,True,False
536,179,scene_2,scene_2_y03,3,route_forward,-1.332857143,7.82,32.762142857,90.0,1.570796327,-2.0,-0.034906585,0.0,True,False
537,179,scene_2,scene_2_y03,3,route_right,-1.332857143,7.82,32.762142857,125.0,2.181661565,-2.0,-0.034906585,35.0,True,False
538,180,scene_2,scene_2_y03,3,route_left,-1.904285714,7.82,32.762142857,55.0,0.959931089,-2.0,-0.034906585,-35.0,True,False
539,180,scene_2,scene_2_y03,3,route_forward,-1.904285714,7.82,32.762142857,90.0,1.570796327,-2.0,-0.034906585,0.0,True,False
540,180,scene_2,scene_2_y03,3,route_right,-1.904285714,7.82,32.762142857,125.0,2.181661565,-2.0,-0.034906585,35.0,True,False
541,181,scene_2,scene_2_y03,3,route_left,-2.475714286,7.82,32.762142857,55.0,0.959931089,-2.0,-0.034906585,-35.0,True,False
542,181,scene_2,scene_2_y03,3,route_forward,-2.475714286,7.82,32.762142857,90.0,1.570796327,-2.0,-0.034906585,0.0,True,False
543,181,scene_2,scene_2_y03,3,route_right,-2.475714286,7.82,32.762142857,125.0,2.181661565,-2.0,-0.034906585,35.0,True,False
544,182,scene_2,scene_2_y03,3,route_left,-3.047142857,7.82,32.762142857,145.0,2.530727415,-2.0,-0.034906585,-35.0,True,False
545,182,scene_2,scene_2_y03,3,route_forward,-3.047142857,7.82,32.762142857,180.0,3.141592654,-2.0,-0.034906585,0.0,True,False
546,182,scene_2,scene_2_y03,3,route_right,-3.047142857,7.82,32.762142857,215.0,3.752457892,-2.0,-0.034906585,35.0,True,False
547,183,scene_2,scene_2_y03,3,route_left,-3.047142857,7.82,33.392857143,235.0,4.101523742,-2.0,-0.034906585,-35.0,True,False
548,183,scene_2,scene_2_y03,3,route_forward,-3.047142857,7.82,33.392857143,270.0,4.71238898,-2.0,-0.034906585,0.0,True,False
549,183,scene_2,scene_2_y03,3,route_right,-3.047142857,7.82,33.392857143,305.0,5.323254219,-2.0,-0.034906585,35.0,True,False
550,184,scene_2,scene_2_y03,3,route_left,-2.475714286,7.82,33.392857143,235.0,4.101523742,-2.0,-0.034906585,-35.0,True,False
551,184,scene_2,scene_2_y03,3,route_forward,-2.475714286,7.82,33.392857143,270.0,4.71238898,-2.0,-0.034906585,0.0,True,False
552,184,scene_2,scene_2_y03,3,route_right,-2.475714286,7.82,33.392857143,305.0,5.323254219,-2.0,-0.034906585,35.0,True,False
553,185,scene_2,scene_2_y03,3,route_left,-1.904285714,7.82,33.392857143,235.0,4.101523742,-2.0,-0.034906585,-35.0,True,False
554,185,scene_2,scene_2_y03,3,route_forward,-1.904285714,7.82,33.392857143,270.0,4.71238898,-2.0,-0.034906585,0.0,True,False
555,185,scene_2,scene_2_y03,3,route_right,-1.904285714,7.82,33.392857143,305.0,5.323254219,-2.0,-0.034906585,35.0,True,False
556,186,scene_2,scene_2_y03,3,route_left,-1.332857143,7.82,33.392857143,235.0,4.101523742,-2.0,-0.034906585,-35.0,True,False
557,186,scene_2,scene_2_y03,3,route_forward,-1.332857143,7.82,33.392857143,270.0,4.71238898,-2.0,-0.034906585,0.0,True,False
558,186,scene_2,scene_2_y03,3,route_right,-1.332857143,7.82,33.392857143,305.0,5.323254219,-2.0,-0.034906585,35.0,True,False
559,187,scene_2,scene_2_y03,3,route_left,-0.761428571,7.82,33.392857143,235.0,4.101523742,-2.0,-0.034906585,-35.0,True,False
560,187,scene_2,scene_2_y03,3,route_forward,-0.761428571,7.82,33.392857143,270.0,4.71238898,-2.0,-0.034906585,0.0,True,False
561,187,scene_2,scene_2_y03,3,route_right,-0.761428571,7.82,33.392857143,305.0,5.323254219,-2.0,-0.034906585,35.0,True,False
562,188,scene_2,scene_2_y03,3,route_left,-0.19,7.82,33.392857143,235.0,4.101523742,-2.0,-0.034906585,-35.0,True,False
563,188,scene_2,scene_2_y03,3,route_forward,-0.19,7.82,33.392857143,270.0,4.71238898,-2.0,-0.034906585,0.0,True,False
564,188,scene_2,scene_2_y03,3,route_right,-0.19,7.82,33.392857143,305.0,5.323254219,-2.0,-0.034906585,35.0,True,False
565,189,scene_2,scene_2_y03,3,route_left,0.381428571,7.82,33.392857143,235.0,4.101523742,-2.0,-0.034906585,-35.0,True,False
566,189,scene_2,scene_2_y03,3,route_forward,0.381428571,7.82,33.392857143,270.0,4.71238898,-2.0,-0.034906585,0.0,True,False
567,189,scene_2,scene_2_y03,3,route_right,0.381428571,7.82,33.392857143,305.0,5.323254219,-2.0,-0.034906585,35.0,True,False
568,190,scene_2,scene_2_y03,3,route_left,0.952857143,7.82,33.392857143,235.0,4.101523742,-2.0,-0.034906585,-35.0,True,False
569,190,scene_2,scene_2_y03,3,route_forward,0.952857143,7.82,33.392857143,270.0,4.71238898,-2.0,-0.034906585,0.0,True,False
570,190,scene_2,scene_2_y03,3,route_right,0.952857143,7.82,33.392857143,305.0,5.323254219,-2.0,-0.034906585,35.0,True,False
571,191,scene_2,scene_2_y03,3,route_left,1.524285714,7.82,33.392857143,235.0,4.101523742,-2.0,-0.034906585,-35.0,True,False
572,191,scene_2,scene_2_y03,3,route_forward,1.524285714,7.82,33.392857143,270.0,4.71238898,-2.0,-0.034906585,0.0,True,False
573,191,scene_2,scene_2_y03,3,route_right,1.524285714,7.82,33.392857143,305.0,5.323254219,-2.0,-0.034906585,35.0,True,False
574,192,scene_2,scene_2_y03,3,route_left,2.095714286,7.82,33.392857143,235.0,4.101523742,-2.0,-0.034906585,-35.0,True,False
575,192,scene_2,scene_2_y03,3,route_forward,2.095714286,7.82,33.392857143,270.0,4.71238898,-2.0,-0.034906585,0.0,True,False
576,192,scene_2,scene_2_y03,3,route_right,2.095714286,7.82,33.392857143,305.0,5.323254219,-2.0,-0.034906585,35.0,True,False
577,193,scene_2,scene_2_y03,3,route_left,2.667142857,7.82,33.392857143,235.0,4.101523742,-2.0,-0.034906585,-35.0,True,False
578,193,scene_2,scene_2_y03,3,route_forward,2.667142857,7.82,33.392857143,270.0,4.71238898,-2.0,-0.034906585,0.0,True,False
579,193,scene_2,scene_2_y03,3,route_right,2.667142857,7.82,33.392857143,305.0,5.323254219,-2.0,-0.034906585,35.0,True,False
580,194,scene_2,scene_2_y03,3,route_left,3.238571429,7.82,33.392857143,145.0,2.530727415,-2.0,-0.034906585,-35.0,True,False
581,194,scene_2,scene_2_y03,3,route_forward,3.238571429,7.82,33.392857143,180.0,3.141592654,-2.0,-0.034906585,0.0,True,False
582,194,scene_2,scene_2_y03,3,route_right,3.238571429,7.82,33.392857143,215.0,3.752457892,-2.0,-0.034906585,35.0,True,False
583,195,scene_2,scene_2_y03,3,route_left,3.238571429,7.82,34.023571429,55.0,0.959931089,-2.0,-0.034906585,-35.0,True,False
584,195,scene_2,scene_2_y03,3,route_forward,3.238571429,7.82,34.023571429,90.0,1.570796327,-2.0,-0.034906585,0.0,True,False
585,195,scene_2,scene_2_y03,3,route_right,3.238571429,7.82,34.023571429,125.0,2.181661565,-2.0,-0.034906585,35.0,True,False
586,196,scene_2,scene_2_y03,3,route_left,2.667142857,7.82,34.023571429,55.0,0.959931089,-2.0,-0.034906585,-35.0,True,False
587,196,scene_2,scene_2_y03,3,route_forward,2.667142857,7.82,34.023571429,90.0,1.570796327,-2.0,-0.034906585,0.0,True,False
588,196,scene_2,scene_2_y03,3,route_right,2.667142857,7.82,34.023571429,125.0,2.181661565,-2.0,-0.034906585,35.0,True,False
589,197,scene_2,scene_2_y03,3,route_left,2.095714286,7.82,34.023571429,55.0,0.959931089,-2.0,-0.034906585,-35.0,True,False
590,197,scene_2,scene_2_y03,3,route_forward,2.095714286,7.82,34.023571429,90.0,1.570796327,-2.0,-0.034906585,0.0,True,False
591,197,scene_2,scene_2_y03,3,route_right,2.095714286,7.82,34.023571429,125.0,2.181661565,-2.0,-0.034906585,35.0,True,False
592,198,scene_2,scene_2_y03,3,route_left,1.524285714,7.82,34.023571429,55.0,0.959931089,-2.0,-0.034906585,-35.0,True,False
593,198,scene_2,scene_2_y03,3,route_forward,1.524285714,7.82,34.023571429,90.0,1.570796327,-2.0,-0.034906585,0.0,True,False
594,198,scene_2,scene_2_y03,3,route_right,1.524285714,7.82,34.023571429,125.0,2.181661565,-2.0,-0.034906585,35.0,True,False
595,199,scene_2,scene_2_y03,3,route_left,0.952857143,7.82,34.023571429,55.0,0.959931089,-2.0,-0.034906585,-35.0,True,False
596,199,scene_2,scene_2_y03,3,route_forward,0.952857143,7.82,34.023571429,90.0,1.570796327,-2.0,-0.034906585,0.0,True,False
597,199,scene_2,scene_2_y03,3,route_right,0.952857143,7.82,34.023571429,125.0,2.181661565,-2.0,-0.034906585,35.0,True,False
598,200,scene_2,scene_2_y03,3,route_left,0.381428571,7.82,34.023571429,55.0,0.959931089,-2.0,-0.034906585,-35.0,True,False
599,200,scene_2,scene_2_y03,3,route_forward,0.381428571,7.82,34.023571429,90.0,1.570796327,-2.0,-0.034906585,0.0,True,False
600,200,scene_2,scene_2_y03,3,route_right,0.381428571,7.82,34.023571429,125.0,2.181661565,-2.0,-0.034906585,35.0,True,False
601,201,scene_2,scene_2_y03,3,route_left,-0.19,7.82,34.023571429,55.0,0.959931089,-2.0,-0.034906585,-35.0,True,False
602,201,scene_2,scene_2_y03,3,route_forward,-0.19,7.82,34.023571429,90.0,1.570796327,-2.0,-0.034906585,0.0,True,False
603,201,scene_2,scene_2_y03,3,route_right,-0.19,7.82,34.023571429,125.0,2.181661565,-2.0,-0.034906585,35.0,True,False
604,202,scene_2,scene_2_y03,3,route_left,-0.761428571,7.82,34.023571429,55.0,0.959931089,-2.0,-0.034906585,-35.0,True,False
605,202,scene_2,scene_2_y03,3,route_forward,-0.761428571,7.82,34.023571429,90.0,1.570796327,-2.0,-0.034906585,0.0,True,False
606,202,scene_2,scene_2_y03,3,route_right,-0.761428571,7.82,34.023571429,125.0,2.181661565,-2.0,-0.034906585,35.0,True,False
607,203,scene_2,scene_2_y03,3,route_left,-1.332857143,7.82,34.023571429,55.0,0.959931089,-2.0,-0.034906585,-35.0,True,False
608,203,scene_2,scene_2_y03,3,route_forward,-1.332857143,7.82,34.023571429,90.0,1.570796327,-2.0,-0.034906585,0.0,True,False
609,203,scene_2,scene_2_y03,3,route_right,-1.332857143,7.82,34.023571429,125.0,2.181661565,-2.0,-0.034906585,35.0,True,False
610,204,scene_2,scene_2_y03,3,route_left,-1.904285714,7.82,34.023571429,55.0,0.959931089,-2.0,-0.034906585,-35.0,True,False
611,204,scene_2,scene_2_y03,3,route_forward,-1.904285714,7.82,34.023571429,90.0,1.570796327,-2.0,-0.034906585,0.0,True,False
612,204,scene_2,scene_2_y03,3,route_right,-1.904285714,7.82,34.023571429,125.0,2.181661565,-2.0,-0.034906585,35.0,True,False
613,205,scene_2,scene_2_y03,3,route_left,-2.475714286,7.82,34.023571429,55.0,0.959931089,-2.0,-0.034906585,-35.0,True,False
614,205,scene_2,scene_2_y03,3,route_forward,-2.475714286,7.82,34.023571429,90.0,1.570796327,-2.0,-0.034906585,0.0,True,False
615,205,scene_2,scene_2_y03,3,route_right,-2.475714286,7.82,34.023571429,125.0,2.181661565,-2.0,-0.034906585,35.0,True,False
616,206,scene_2,scene_2_y03,3,route_left,-3.047142857,7.82,34.023571429,55.0,0.959931089,-2.0,-0.034906585,-35.0,True,False
617,206,scene_2,scene_2_y03,3,route_forward,-3.047142857,7.82,34.023571429,90.0,1.570796327,-2.0,-0.034906585,0.0,True,False
618,206,scene_2,scene_2_y03,3,route_right,-3.047142857,7.82,34.023571429,125.0,2.181661565,-2.0,-0.034906585,35.0,True,False
619,207,scene_2,scene_2_y03,3,route_left,-3.618571429,7.82,34.023571429,145.0,2.530727415,-2.0,-0.034906585,-35.0,True,False
620,207,scene_2,scene_2_y03,3,route_forward,-3.618571429,7.82,34.023571429,180.0,3.141592654,-2.0,-0.034906585,0.0,True,False
621,207,scene_2,scene_2_y03,3,route_right,-3.618571429,7.82,34.023571429,215.0,3.752457892,-2.0,-0.034906585,35.0,True,False
622,208,scene_2,scene_2_y03,3,route_left,-3.618571429,7.82,34.654285714,235.0,4.101523742,-2.0,-0.034906585,-35.0,True,False
623,208,scene_2,scene_2_y03,3,route_forward,-3.618571429,7.82,34.654285714,270.0,4.71238898,-2.0,-0.034906585,0.0,True,False
624,208,scene_2,scene_2_y03,3,route_right,-3.618571429,7.82,34.654285714,305.0,5.323254219,-2.0,-0.034906585,35.0,True,False
625,209,scene_2,scene_2_y03,3,route_left,-3.047142857,7.82,34.654285714,235.0,4.101523742,-2.0,-0.034906585,-35.0,True,False
626,209,scene_2,scene_2_y03,3,route_forward,-3.047142857,7.82,34.654285714,270.0,4.71238898,-2.0,-0.034906585,0.0,True,False
627,209,scene_2,scene_2_y03,3,route_right,-3.047142857,7.82,34.654285714,305.0,5.323254219,-2.0,-0.034906585,35.0,True,False
628,210,scene_2,scene_2_y03,3,route_left,-2.475714286,7.82,34.654285714,235.0,4.101523742,-2.0,-0.034906585,-35.0,True,False
629,210,scene_2,scene_2_y03,3,route_forward,-2.475714286,7.82,34.654285714,270.0,4.71238898,-2.0,-0.034906585,0.0,True,False
630,210,scene_2,scene_2_y03,3,route_right,-2.475714286,7.82,34.654285714,305.0,5.323254219,-2.0,-0.034906585,35.0,True,False
631,211,scene_2,scene_2_y03,3,route_left,-1.904285714,7.82,34.654285714,235.0,4.101523742,-2.0,-0.034906585,-35.0,True,False
632,211,scene_2,scene_2_y03,3,route_forward,-1.904285714,7.82,34.654285714,270.0,4.71238898,-2.0,-0.034906585,0.0,True,False
633,211,scene_2,scene_2_y03,3,route_right,-1.904285714,7.82,34.654285714,305.0,5.323254219,-2.0,-0.034906585,35.0,True,False
634,212,scene_2,scene_2_y03,3,route_left,-1.332857143,7.82,34.654285714,235.0,4.101523742,-2.0,-0.034906585,-35.0,True,False
635,212,scene_2,scene_2_y03,3,route_forward,-1.332857143,7.82,34.654285714,270.0,4.71238898,-2.0,-0.034906585,0.0,True,False
636,212,scene_2,scene_2_y03,3,route_right,-1.332857143,7.82,34.654285714,305.0,5.323254219,-2.0,-0.034906585,35.0,True,False
637,213,scene_2,scene_2_y03,3,route_left,0.952857143,7.82,34.654285714,235.0,4.101523742,-2.0,-0.034906585,-35.0,True,False
638,213,scene_2,scene_2_y03,3,route_forward,0.952857143,7.82,34.654285714,270.0,4.71238898,-2.0,-0.034906585,0.0,True,False
639,213,scene_2,scene_2_y03,3,route_right,0.952857143,7.82,34.654285714,305.0,5.323254219,-2.0,-0.034906585,35.0,True,False
640,214,scene_2,scene_2_y03,3,route_left,1.524285714,7.82,34.654285714,235.0,4.101523742,-2.0,-0.034906585,-35.0,True,False
641,214,scene_2,scene_2_y03,3,route_forward,1.524285714,7.82,34.654285714,270.0,4.71238898,-2.0,-0.034906585,0.0,True,False
642,214,scene_2,scene_2_y03,3,route_right,1.524285714,7.82,34.654285714,305.0,5.323254219,-2.0,-0.034906585,35.0,True,False
643,215,scene_2,scene_2_y03,3,route_left,2.095714286,7.82,34.654285714,235.0,4.101523742,-2.0,-0.034906585,-35.0,True,False
644,215,scene_2,scene_2_y03,3,route_forward,2.095714286,7.82,34.654285714,270.0,4.71238898,-2.0,-0.034906585,0.0,True,False
645,215,scene_2,scene_2_y03,3,route_right,2.095714286,7.82,34.654285714,305.0,5.323254219,-2.0,-0.034906585,35.0,True,False
646,216,scene_2,scene_2_y03,3,route_left,2.667142857,7.82,34.654285714,235.0,4.101523742,-2.0,-0.034906585,-35.0,True,False
647,216,scene_2,scene_2_y03,3,route_forward,2.667142857,7.82,34.654285714,270.0,4.71238898,-2.0,-0.034906585,0.0,True,False
648,216,scene_2,scene_2_y03,3,route_right,2.667142857,7.82,34.654285714,305.0,5.323254219,-2.0,-0.034906585,35.0,True,False
649,217,scene_2,scene_2_y03,3,route_left,3.238571429,7.82,34.654285714,145.0,2.530727415,-2.0,-0.034906585,-35.0,True,False
650,217,scene_2,scene_2_y03,3,route_forward,3.238571429,7.82,34.654285714,180.0,3.141592654,-2.0,-0.034906585,0.0,True,False
651,217,scene_2,scene_2_y03,3,route_right,3.238571429,7.82,34.654285714,215.0,3.752457892,-2.0,-0.034906585,35.0,True,False
652,218,scene_2,scene_2_y03,3,route_left,3.238571429,7.82,35.285,55.0,0.959931089,-2.0,-0.034906585,-35.0,True,False
653,218,scene_2,scene_2_y03,3,route_forward,3.238571429,7.82,35.285,90.0,1.570796327,-2.0,-0.034906585,0.0,True,False
654,218,scene_2,scene_2_y03,3,route_right,3.238571429,7.82,35.285,125.0,2.181661565,-2.0,-0.034906585,35.0,True,False
655,219,scene_2,scene_2_y03,3,route_left,2.667142857,7.82,35.285,55.0,0.959931089,-2.0,-0.034906585,-35.0,True,False
656,219,scene_2,scene_2_y03,3,route_forward,2.667142857,7.82,35.285,90.0,1.570796327,-2.0,-0.034906585,0.0,True,False
657,219,scene_2,scene_2_y03,3,route_right,2.667142857,7.82,35.285,125.0,2.181661565,-2.0,-0.034906585,35.0,True,False
658,220,scene_2,scene_2_y03,3,route_left,2.095714286,7.82,35.285,55.0,0.959931089,-2.0,-0.034906585,-35.0,True,False
659,220,scene_2,scene_2_y03,3,route_forward,2.095714286,7.82,35.285,90.0,1.570796327,-2.0,-0.034906585,0.0,True,False
660,220,scene_2,scene_2_y03,3,route_right,2.095714286,7.82,35.285,125.0,2.181661565,-2.0,-0.034906585,35.0,True,False
661,221,scene_2,scene_2_y03,3,route_left,1.524285714,7.82,35.285,55.0,0.959931089,-2.0,-0.034906585,-35.0,True,False
662,221,scene_2,scene_2_y03,3,route_forward,1.524285714,7.82,35.285,90.0,1.570796327,-2.0,-0.034906585,0.0,True,False
663,221,scene_2,scene_2_y03,3,route_right,1.524285714,7.82,35.285,125.0,2.181661565,-2.0,-0.034906585,35.0,True,False
664,222,scene_2,scene_2_y03,3,route_left,-1.332857143,7.82,35.285,55.0,0.959931089,-2.0,-0.034906585,-35.0,True,False
665,222,scene_2,scene_2_y03,3,route_forward,-1.332857143,7.82,35.285,90.0,1.570796327,-2.0,-0.034906585,0.0,True,False
666,222,scene_2,scene_2_y03,3,route_right,-1.332857143,7.82,35.285,125.0,2.181661565,-2.0,-0.034906585,35.0,True,False
667,223,scene_2,scene_2_y03,3,route_left,-1.904285714,7.82,35.285,55.0,0.959931089,-2.0,-0.034906585,-35.0,True,False
668,223,scene_2,scene_2_y03,3,route_forward,-1.904285714,7.82,35.285,90.0,1.570796327,-2.0,-0.034906585,0.0,True,False
669,223,scene_2,scene_2_y03,3,route_right,-1.904285714,7.82,35.285,125.0,2.181661565,-2.0,-0.034906585,35.0,True,False
670,224,scene_2,scene_2_y03,3,route_left,-2.475714286,7.82,35.285,55.0,0.959931089,-2.0,-0.034906585,-35.0,True,False
671,224,scene_2,scene_2_y03,3,route_forward,-2.475714286,7.82,35.285,90.0,1.570796327,-2.0,-0.034906585,0.0,True,False
672,224,scene_2,scene_2_y03,3,route_right,-2.475714286,7.82,35.285,125.0,2.181661565,-2.0,-0.034906585,35.0,True,False
673,225,scene_2,scene_2_y03,3,route_left,-3.047142857,7.82,35.285,55.0,0.959931089,-2.0,-0.034906585,-35.0,True,False
674,225,scene_2,scene_2_y03,3,route_forward,-3.047142857,7.82,35.285,90.0,1.570796327,-2.0,-0.034906585,0.0,True,False
675,225,scene_2,scene_2_y03,3,route_right,-3.047142857,7.82,35.285,125.0,2.181661565,-2.0,-0.034906585,35.0,True,False
676,226,scene_2,scene_2_y03,3,route_left,-3.618571429,7.82,35.285,145.0,2.530727415,-2.0,-0.034906585,-35.0,True,False
677,226,scene_2,scene_2_y03,3,route_forward,-3.618571429,7.82,35.285,180.0,3.141592654,-2.0,-0.034906585,0.0,True,False
678,226,scene_2,scene_2_y03,3,route_right,-3.618571429,7.82,35.285,215.0,3.752457892,-2.0,-0.034906585,35.0,True,False
679,227,scene_2,scene_2_y03,3,route_left,-3.618571429,7.82,35.915714286,235.0,4.101523742,-2.0,-0.034906585,-35.0,True,False
680,227,scene_2,scene_2_y03,3,route_forward,-3.618571429,7.82,35.915714286,270.0,4.71238898,-2.0,-0.034906585,0.0,True,False
681,227,scene_2,scene_2_y03,3,route_right,-3.618571429,7.82,35.915714286,305.0,5.323254219,-2.0,-0.034906585,35.0,True,False
682,228,scene_2,scene_2_y03,3,route_left,-3.047142857,7.82,35.915714286,235.0,4.101523742,-2.0,-0.034906585,-35.0,True,False
683,228,scene_2,scene_2_y03,3,route_forward,-3.047142857,7.82,35.915714286,270.0,4.71238898,-2.0,-0.034906585,0.0,True,False
684,228,scene_2,scene_2_y03,3,route_right,-3.047142857,7.82,35.915714286,305.0,5.323254219,-2.0,-0.034906585,35.0,True,False
685,229,scene_2,scene_2_y03,3,route_left,-2.475714286,7.82,35.915714286,235.0,4.101523742,-2.0,-0.034906585,-35.0,True,False
686,229,scene_2,scene_2_y03,3,route_forward,-2.475714286,7.82,35.915714286,270.0,4.71238898,-2.0,-0.034906585,0.0,True,False
687,229,scene_2,scene_2_y03,3,route_right,-2.475714286,7.82,35.915714286,305.0,5.323254219,-2.0,-0.034906585,35.0,True,False
688,230,scene_2,scene_2_y03,3,route_left,-1.904285714,7.82,35.915714286,235.0,4.101523742,-2.0,-0.034906585,-35.0,True,False
689,230,scene_2,scene_2_y03,3,route_forward,-1.904285714,7.82,35.915714286,270.0,4.71238898,-2.0,-0.034906585,0.0,True,False
690,230,scene_2,scene_2_y03,3,route_right,-1.904285714,7.82,35.915714286,305.0,5.323254219,-2.0,-0.034906585,35.0,True,False
691,231,scene_2,scene_2_y03,3,route_left,-1.332857143,7.82,35.915714286,235.0,4.101523742,-2.0,-0.034906585,-35.0,True,False
692,231,scene_2,scene_2_y03,3,route_forward,-1.332857143,7.82,35.915714286,270.0,4.71238898,-2.0,-0.034906585,0.0,True,False
693,231,scene_2,scene_2_y03,3,route_right,-1.332857143,7.82,35.915714286,305.0,5.323254219,-2.0,-0.034906585,35.0,True,False
694,232,scene_2,scene_2_y03,3,route_left,1.524285714,7.82,35.915714286,235.0,4.101523742,-2.0,-0.034906585,-35.0,True,False
695,232,scene_2,scene_2_y03,3,route_forward,1.524285714,7.82,35.915714286,270.0,4.71238898,-2.0,-0.034906585,0.0,True,False
696,232,scene_2,scene_2_y03,3,route_right,1.524285714,7.82,35.915714286,305.0,5.323254219,-2.0,-0.034906585,35.0,True,False
697,233,scene_2,scene_2_y03,3,route_left,2.095714286,7.82,35.915714286,235.0,4.101523742,-2.0,-0.034906585,-35.0,True,False
698,233,scene_2,scene_2_y03,3,route_forward,2.095714286,7.82,35.915714286,270.0,4.71238898,-2.0,-0.034906585,0.0,True,False
699,233,scene_2,scene_2_y03,3,route_right,2.095714286,7.82,35.915714286,305.0,5.323254219,-2.0,-0.034906585,35.0,True,False
700,234,scene_2,scene_2_y03,3,route_left,2.667142857,7.82,35.915714286,235.0,4.101523742,-2.0,-0.034906585,-35.0,True,False
701,234,scene_2,scene_2_y03,3,route_forward,2.667142857,7.82,35.915714286,270.0,4.71238898,-2.0,-0.034906585,0.0,True,False
702,234,scene_2,scene_2_y03,3,route_right,2.667142857,7.82,35.915714286,305.0,5.323254219,-2.0,-0.034906585,35.0,True,False
703,235,scene_2,scene_2_y03,3,route_left,3.238571429,7.82,35.915714286,145.0,2.530727415,-2.0,-0.034906585,-35.0,True,False
704,235,scene_2,scene_2_y03,3,route_forward,3.238571429,7.82,35.915714286,180.0,3.141592654,-2.0,-0.034906585,0.0,True,False
705,235,scene_2,scene_2_y03,3,route_right,3.238571429,7.82,35.915714286,215.0,3.752457892,-2.0,-0.034906585,35.0,True,False
706,236,scene_2,scene_2_y03,3,route_left,3.238571429,7.82,36.546428571,55.0,0.959931089,-2.0,-0.034906585,-35.0,True,False
707,236,scene_2,scene_2_y03,3,route_forward,3.238571429,7.82,36.546428571,90.0,1.570796327,-2.0,-0.034906585,0.0,True,False
708,236,scene_2,scene_2_y03,3,route_right,3.238571429,7.82,36.546428571,125.0,2.181661565,-2.0,-0.034906585,35.0,True,False
709,237,scene_2,scene_2_y03,3,route_left,2.667142857,7.82,36.546428571,55.0,0.959931089,-2.0,-0.034906585,-35.0,True,False
710,237,scene_2,scene_2_y03,3,route_forward,2.667142857,7.82,36.546428571,90.0,1.570796327,-2.0,-0.034906585,0.0,True,False
711,237,scene_2,scene_2_y03,3,route_right,2.667142857,7.82,36.546428571,125.0,2.181661565,-2.0,-0.034906585,35.0,True,False
712,238,scene_2,scene_2_y03,3,route_left,2.095714286,7.82,36.546428571,55.0,0.959931089,-2.0,-0.034906585,-35.0,True,False
713,238,scene_2,scene_2_y03,3,route_forward,2.095714286,7.82,36.546428571,90.0,1.570796327,-2.0,-0.034906585,0.0,True,False
714,238,scene_2,scene_2_y03,3,route_right,2.095714286,7.82,36.546428571,125.0,2.181661565,-2.0,-0.034906585,35.0,True,False
715,239,scene_2,scene_2_y03,3,route_left,1.524285714,7.82,36.546428571,55.0,0.959931089,-2.0,-0.034906585,-35.0,True,False
716,239,scene_2,scene_2_y03,3,route_forward,1.524285714,7.82,36.546428571,90.0,1.570796327,-2.0,-0.034906585,0.0,True,False
717,239,scene_2,scene_2_y03,3,route_right,1.524285714,7.82,36.546428571,125.0,2.181661565,-2.0,-0.034906585,35.0,True,False
718,240,scene_2,scene_2_y03,3,route_left,0.952857143,7.82,36.546428571,55.0,0.959931089,-2.0,-0.034906585,-35.0,True,False
719,240,scene_2,scene_2_y03,3,route_forward,0.952857143,7.82,36.546428571,90.0,1.570796327,-2.0,-0.034906585,0.0,True,False
720,240,scene_2,scene_2_y03,3,route_right,0.952857143,7.82,36.546428571,125.0,2.181661565,-2.0,-0.034906585,35.0,True,False
721,241,scene_2,scene_2_y03,3,route_left,0.381428571,7.82,36.546428571,55.0,0.959931089,-2.0,-0.034906585,-35.0,True,False
722,241,scene_2,scene_2_y03,3,route_forward,0.381428571,7.82,36.546428571,90.0,1.570796327,-2.0,-0.034906585,0.0,True,False
723,241,scene_2,scene_2_y03,3,route_right,0.381428571,7.82,36.546428571,125.0,2.181661565,-2.0,-0.034906585,35.0,True,False
724,242,scene_2,scene_2_y03,3,route_left,-0.761428571,7.82,36.546428571,55.0,0.959931089,-2.0,-0.034906585,-35.0,True,False
725,242,scene_2,scene_2_y03,3,route_forward,-0.761428571,7.82,36.546428571,90.0,1.570796327,-2.0,-0.034906585,0.0,True,False
726,242,scene_2,scene_2_y03,3,route_right,-0.761428571,7.82,36.546428571,125.0,2.181661565,-2.0,-0.034906585,35.0,True,False
727,243,scene_2,scene_2_y03,3,route_left,-1.332857143,7.82,36.546428571,55.0,0.959931089,-2.0,-0.034906585,-35.0,True,False
728,243,scene_2,scene_2_y03,3,route_forward,-1.332857143,7.82,36.546428571,90.0,1.570796327,-2.0,-0.034906585,0.0,True,False
729,243,scene_2,scene_2_y03,3,route_right,-1.332857143,7.82,36.546428571,125.0,2.181661565,-2.0,-0.034906585,35.0,True,False
730,244,scene_2,scene_2_y03,3,route_left,-1.904285714,7.82,36.546428571,55.0,0.959931089,-2.0,-0.034906585,-35.0,True,False
731,244,scene_2,scene_2_y03,3,route_forward,-1.904285714,7.82,36.546428571,90.0,1.570796327,-2.0,-0.034906585,0.0,True,False
732,244,scene_2,scene_2_y03,3,route_right,-1.904285714,7.82,36.546428571,125.0,2.181661565,-2.0,-0.034906585,35.0,True,False
733,245,scene_2,scene_2_y03,3,route_left,-2.475714286,7.82,36.546428571,55.0,0.959931089,-2.0,-0.034906585,-35.0,True,False
734,245,scene_2,scene_2_y03,3,route_forward,-2.475714286,7.82,36.546428571,90.0,1.570796327,-2.0,-0.034906585,0.0,True,False
735,245,scene_2,scene_2_y03,3,route_right,-2.475714286,7.82,36.546428571,125.0,2.181661565,-2.0,-0.034906585,35.0,True,False
736,246,scene_2,scene_2_y03,3,route_left,-3.047142857,7.82,36.546428571,55.0,0.959931089,-2.0,-0.034906585,-35.0,True,False
737,246,scene_2,scene_2_y03,3,route_forward,-3.047142857,7.82,36.546428571,90.0,1.570796327,-2.0,-0.034906585,0.0,True,False
738,246,scene_2,scene_2_y03,3,route_right,-3.047142857,7.82,36.546428571,125.0,2.181661565,-2.0,-0.034906585,35.0,True,False
739,247,scene_2,scene_2_y03,3,route_left,-3.618571429,7.82,36.546428571,145.0,2.530727415,-2.0,-0.034906585,-35.0,True,False
740,247,scene_2,scene_2_y03,3,route_forward,-3.618571429,7.82,36.546428571,180.0,3.141592654,-2.0,-0.034906585,0.0,True,False
741,247,scene_2,scene_2_y03,3,route_right,-3.618571429,7.82,36.546428571,215.0,3.752457892,-2.0,-0.034906585,35.0,True,False
742,248,scene_2,scene_2_y03,3,route_left,-3.618571429,7.82,37.177142857,235.0,4.101523742,-2.0,-0.034906585,-35.0,True,False
743,248,scene_2,scene_2_y03,3,route_forward,-3.618571429,7.82,37.177142857,270.0,4.71238898,-2.0,-0.034906585,0.0,True,False
744,248,scene_2,scene_2_y03,3,route_right,-3.618571429,7.82,37.177142857,305.0,5.323254219,-2.0,-0.034906585,35.0,True,False
745,249,scene_2,scene_2_y03,3,route_left,-3.047142857,7.82,37.177142857,235.0,4.101523742,-2.0,-0.034906585,-35.0,True,False
746,249,scene_2,scene_2_y03,3,route_forward,-3.047142857,7.82,37.177142857,270.0,4.71238898,-2.0,-0.034906585,0.0,True,False
747,249,scene_2,scene_2_y03,3,route_right,-3.047142857,7.82,37.177142857,305.0,5.323254219,-2.0,-0.034906585,35.0,True,False
748,250,scene_2,scene_2_y03,3,route_left,-2.475714286,7.82,37.177142857,235.0,4.101523742,-2.0,-0.034906585,-35.0,True,False
749,250,scene_2,scene_2_y03,3,route_forward,-2.475714286,7.82,37.177142857,270.0,4.71238898,-2.0,-0.034906585,0.0,True,False
750,250,scene_2,scene_2_y03,3,route_right,-2.475714286,7.82,37.177142857,305.0,5.323254219,-2.0,-0.034906585,35.0,True,False
751,251,scene_2,scene_2_y03,3,route_left,-1.904285714,7.82,37.177142857,235.0,4.101523742,-2.0,-0.034906585,-35.0,True,False
752,251,scene_2,scene_2_y03,3,route_forward,-1.904285714,7.82,37.177142857,270.0,4.71238898,-2.0,-0.034906585,0.0,True,False
753,251,scene_2,scene_2_y03,3,route_right,-1.904285714,7.82,37.177142857,305.0,5.323254219,-2.0,-0.034906585,35.0,True,False
754,252,scene_2,scene_2_y03,3,route_left,-1.332857143,7.82,37.177142857,235.0,4.101523742,-2.0,-0.034906585,-35.0,True,False
755,252,scene_2,scene_2_y03,3,route_forward,-1.332857143,7.82,37.177142857,270.0,4.71238898,-2.0,-0.034906585,0.0,True,False
756,252,scene_2,scene_2_y03,3,route_right,-1.332857143,7.82,37.177142857,305.0,5.323254219,-2.0,-0.034906585,35.0,True,False
757,253,scene_2,scene_2_y03,3,route_left,-0.761428571,7.82,37.177142857,235.0,4.101523742,-2.0,-0.034906585,-35.0,True,False
758,253,scene_2,scene_2_y03,3,route_forward,-0.761428571,7.82,37.177142857,270.0,4.71238898,-2.0,-0.034906585,0.0,True,False
759,253,scene_2,scene_2_y03,3,route_right,-0.761428571,7.82,37.177142857,305.0,5.323254219,-2.0,-0.034906585,35.0,True,False
760,254,scene_2,scene_2_y03,3,route_left,-0.19,7.82,37.177142857,235.0,4.101523742,-2.0,-0.034906585,-35.0,True,False
761,254,scene_2,scene_2_y03,3,route_forward,-0.19,7.82,37.177142857,270.0,4.71238898,-2.0,-0.034906585,0.0,True,False
762,254,scene_2,scene_2_y03,3,route_right,-0.19,7.82,37.177142857,305.0,5.323254219,-2.0,-0.034906585,35.0,True,False
763,255,scene_2,scene_2_y03,3,route_left,0.381428571,7.82,37.177142857,235.0,4.101523742,-2.0,-0.034906585,-35.0,True,False
764,255,scene_2,scene_2_y03,3,route_forward,0.381428571,7.82,37.177142857,270.0,4.71238898,-2.0,-0.034906585,0.0,True,False
765,255,scene_2,scene_2_y03,3,route_right,0.381428571,7.82,37.177142857,305.0,5.323254219,-2.0,-0.034906585,35.0,True,False
766,256,scene_2,scene_2_y03,3,route_left,0.952857143,7.82,37.177142857,235.0,4.101523742,-2.0,-0.034906585,-35.0,True,False
767,256,scene_2,scene_2_y03,3,route_forward,0.952857143,7.82,37.177142857,270.0,4.71238898,-2.0,-0.034906585,0.0,True,False
768,256,scene_2,scene_2_y03,3,route_right,0.952857143,7.82,37.177142857,305.0,5.323254219,-2.0,-0.034906585,35.0,True,False
769,257,scene_2,scene_2_y03,3,route_left,1.524285714,7.82,37.177142857,235.0,4.101523742,-2.0,-0.034906585,-35.0,True,False
770,257,scene_2,scene_2_y03,3,route_forward,1.524285714,7.82,37.177142857,270.0,4.71238898,-2.0,-0.034906585,0.0,True,False
771,257,scene_2,scene_2_y03,3,route_right,1.524285714,7.82,37.177142857,305.0,5.323254219,-2.0,-0.034906585,35.0,True,False
772,258,scene_2,scene_2_y03,3,route_left,2.095714286,7.82,37.177142857,235.0,4.101523742,-2.0,-0.034906585,-35.0,True,False
773,258,scene_2,scene_2_y03,3,route_forward,2.095714286,7.82,37.177142857,270.0,4.71238898,-2.0,-0.034906585,0.0,True,False
774,258,scene_2,scene_2_y03,3,route_right,2.095714286,7.82,37.177142857,305.0,5.323254219,-2.0,-0.034906585,35.0,True,False
775,259,scene_2,scene_2_y03,3,route_left,2.667142857,7.82,37.177142857,235.0,4.101523742,-2.0,-0.034906585,-35.0,True,False
776,259,scene_2,scene_2_y03,3,route_forward,2.667142857,7.82,37.177142857,270.0,4.71238898,-2.0,-0.034906585,0.0,True,False
777,259,scene_2,scene_2_y03,3,route_right,2.667142857,7.82,37.177142857,305.0,5.323254219,-2.0,-0.034906585,35.0,True,False
778,260,scene_2,scene_2_y03,3,route_left,3.238571429,7.82,37.177142857,145.0,2.530727415,-2.0,-0.034906585,-35.0,True,False
779,260,scene_2,scene_2_y03,3,route_forward,3.238571429,7.82,37.177142857,180.0,3.141592654,-2.0,-0.034906585,0.0,True,False
780,260,scene_2,scene_2_y03,3,route_right,3.238571429,7.82,37.177142857,215.0,3.752457892,-2.0,-0.034906585,35.0,True,False
781,261,scene_2,scene_2_y03,3,route_left,3.238571429,7.82,37.807857143,55.0,0.959931089,-2.0,-0.034906585,-35.0,True,False
782,261,scene_2,scene_2_y03,3,route_forward,3.238571429,7.82,37.807857143,90.0,1.570796327,-2.0,-0.034906585,0.0,True,False
783,261,scene_2,scene_2_y03,3,route_right,3.238571429,7.82,37.807857143,125.0,2.181661565,-2.0,-0.034906585,35.0,True,False
784,262,scene_2,scene_2_y03,3,route_left,2.667142857,7.82,37.807857143,55.0,0.959931089,-2.0,-0.034906585,-35.0,True,False
785,262,scene_2,scene_2_y03,3,route_forward,2.667142857,7.82,37.807857143,90.0,1.570796327,-2.0,-0.034906585,0.0,True,False
786,262,scene_2,scene_2_y03,3,route_right,2.667142857,7.82,37.807857143,125.0,2.181661565,-2.0,-0.034906585,35.0,True,False
787,263,scene_2,scene_2_y03,3,route_left,2.095714286,7.82,37.807857143,55.0,0.959931089,-2.0,-0.034906585,-35.0,True,False
788,263,scene_2,scene_2_y03,3,route_forward,2.095714286,7.82,37.807857143,90.0,1.570796327,-2.0,-0.034906585,0.0,True,False
789,263,scene_2,scene_2_y03,3,route_right,2.095714286,7.82,37.807857143,125.0,2.181661565,-2.0,-0.034906585,35.0,True,False
790,264,scene_2,scene_2_y03,3,route_left,1.524285714,7.82,37.807857143,55.0,0.959931089,-2.0,-0.034906585,-35.0,True,False
791,264,scene_2,scene_2_y03,3,route_forward,1.524285714,7.82,37.807857143,90.0,1.570796327,-2.0,-0.034906585,0.0,True,False
792,264,scene_2,scene_2_y03,3,route_right,1.524285714,7.82,37.807857143,125.0,2.181661565,-2.0,-0.034906585,35.0,True,False
793,265,scene_2,scene_2_y03,3,route_left,0.952857143,7.82,37.807857143,55.0,0.959931089,-2.0,-0.034906585,-35.0,True,False
794,265,scene_2,scene_2_y03,3,route_forward,0.952857143,7.82,37.807857143,90.0,1.570796327,-2.0,-0.034906585,0.0,True,False
795,265,scene_2,scene_2_y03,3,route_right,0.952857143,7.82,37.807857143,125.0,2.181661565,-2.0,-0.034906585,35.0,True,False
796,266,scene_2,scene_2_y03,3,route_left,0.381428571,7.82,37.807857143,55.0,0.959931089,-2.0,-0.034906585,-35.0,True,False
797,266,scene_2,scene_2_y03,3,route_forward,0.381428571,7.82,37.807857143,90.0,1.570796327,-2.0,-0.034906585,0.0,True,False
798,266,scene_2,scene_2_y03,3,route_right,0.381428571,7.82,37.807857143,125.0,2.181661565,-2.0,-0.034906585,35.0,True,False
799,267,scene_2,scene_2_y03,3,route_left,-0.19,7.82,37.807857143,55.0,0.959931089,-2.0,-0.034906585,-35.0,True,False
800,267,scene_2,scene_2_y03,3,route_forward,-0.19,7.82,37.807857143,90.0,1.570796327,-2.0,-0.034906585,0.0,True,False
801,267,scene_2,scene_2_y03,3,route_right,-0.19,7.82,37.807857143,125.0,2.181661565,-2.0,-0.034906585,35.0,True,False
802,268,scene_2,scene_2_y03,3,route_left,-0.761428571,7.82,37.807857143,55.0,0.959931089,-2.0,-0.034906585,-35.0,True,False
803,268,scene_2,scene_2_y03,3,route_forward,-0.761428571,7.82,37.807857143,90.0,1.570796327,-2.0,-0.034906585,0.0,True,False
804,268,scene_2,scene_2_y03,3,route_right,-0.761428571,7.82,37.807857143,125.0,2.181661565,-2.0,-0.034906585,35.0,True,False
805,269,scene_2,scene_2_y03,3,route_left,-1.332857143,7.82,37.807857143,55.0,0.959931089,-2.0,-0.034906585,-35.0,True,False
806,269,scene_2,scene_2_y03,3,route_forward,-1.332857143,7.82,37.807857143,90.0,1.570796327,-2.0,-0.034906585,0.0,True,False
807,269,scene_2,scene_2_y03,3,route_right,-1.332857143,7.82,37.807857143,125.0,2.181661565,-2.0,-0.034906585,35.0,True,False
808,270,scene_2,scene_2_y03,3,route_left,-1.904285714,7.82,37.807857143,55.0,0.959931089,-2.0,-0.034906585,-35.0,True,False
809,270,scene_2,scene_2_y03,3,route_forward,-1.904285714,7.82,37.807857143,90.0,1.570796327,-2.0,-0.034906585,0.0,True,False
810,270,scene_2,scene_2_y03,3,route_right,-1.904285714,7.82,37.807857143,125.0,2.181661565,-2.0,-0.034906585,35.0,True,False
811,271,scene_2,scene_2_y03,3,route_left,-2.475714286,7.82,37.807857143,55.0,0.959931089,-2.0,-0.034906585,-35.0,True,False
812,271,scene_2,scene_2_y03,3,route_forward,-2.475714286,7.82,37.807857143,90.0,1.570796327,-2.0,-0.034906585,0.0,True,False
813,271,scene_2,scene_2_y03,3,route_right,-2.475714286,7.82,37.807857143,125.0,2.181661565,-2.0,-0.034906585,35.0,True,False
814,272,scene_2,scene_2_y03,3,route_left,-3.047142857,7.82,37.807857143,55.0,0.959931089,-2.0,-0.034906585,-35.0,True,False
815,272,scene_2,scene_2_y03,3,route_forward,-3.047142857,7.82,37.807857143,90.0,1.570796327,-2.0,-0.034906585,0.0,True,False
816,272,scene_2,scene_2_y03,3,route_right,-3.047142857,7.82,37.807857143,125.0,2.181661565,-2.0,-0.034906585,35.0,True,False
817,273,scene_2,scene_2_y03,3,route_left,-3.618571429,7.82,37.807857143,145.0,2.530727415,-2.0,-0.034906585,-35.0,True,False
818,273,scene_2,scene_2_y03,3,route_forward,-3.618571429,7.82,37.807857143,180.0,3.141592654,-2.0,-0.034906585,0.0,True,False
819,273,scene_2,scene_2_y03,3,route_right,-3.618571429,7.82,37.807857143,215.0,3.752457892,-2.0,-0.034906585,35.0,True,False
820,274,scene_2,scene_2_y03,3,route_left,-3.618571429,7.82,38.438571429,235.0,4.101523742,-2.0,-0.034906585,-35.0,True,False
821,274,scene_2,scene_2_y03,3,route_forward,-3.618571429,7.82,38.438571429,270.0,4.71238898,-2.0,-0.034906585,0.0,True,False
822,274,scene_2,scene_2_y03,3,route_right,-3.618571429,7.82,38.438571429,305.0,5.323254219,-2.0,-0.034906585,35.0,True,False
823,275,scene_2,scene_2_y03,3,route_left,-3.047142857,7.82,38.438571429,235.0,4.101523742,-2.0,-0.034906585,-35.0,True,False
824,275,scene_2,scene_2_y03,3,route_forward,-3.047142857,7.82,38.438571429,270.0,4.71238898,-2.0,-0.034906585,0.0,True,False
825,275,scene_2,scene_2_y03,3,route_right,-3.047142857,7.82,38.438571429,305.0,5.323254219,-2.0,-0.034906585,35.0,True,False
826,276,scene_2,scene_2_y03,3,route_left,-2.475714286,7.82,38.438571429,235.0,4.101523742,-2.0,-0.034906585,-35.0,True,False
827,276,scene_2,scene_2_y03,3,route_forward,-2.475714286,7.82,38.438571429,270.0,4.71238898,-2.0,-0.034906585,0.0,True,False
828,276,scene_2,scene_2_y03,3,route_right,-2.475714286,7.82,38.438571429,305.0,5.323254219,-2.0,-0.034906585,35.0,True,False
829,277,scene_2,scene_2_y03,3,route_left,-1.904285714,7.82,38.438571429,235.0,4.101523742,-2.0,-0.034906585,-35.0,True,False
830,277,scene_2,scene_2_y03,3,route_forward,-1.904285714,7.82,38.438571429,270.0,4.71238898,-2.0,-0.034906585,0.0,True,False
831,277,scene_2,scene_2_y03,3,route_right,-1.904285714,7.82,38.438571429,305.0,5.323254219,-2.0,-0.034906585,35.0,True,False
832,278,scene_2,scene_2_y03,3,route_left,-1.332857143,7.82,38.438571429,235.0,4.101523742,-2.0,-0.034906585,-35.0,True,False
833,278,scene_2,scene_2_y03,3,route_forward,-1.332857143,7.82,38.438571429,270.0,4.71238898,-2.0,-0.034906585,0.0,True,False
834,278,scene_2,scene_2_y03,3,route_right,-1.332857143,7.82,38.438571429,305.0,5.323254219,-2.0,-0.034906585,35.0,True,False
835,279,scene_2,scene_2_y03,3,route_left,-0.761428571,7.82,38.438571429,235.0,4.101523742,-2.0,-0.034906585,-35.0,True,False
836,279,scene_2,scene_2_y03,3,route_forward,-0.761428571,7.82,38.438571429,270.0,4.71238898,-2.0,-0.034906585,0.0,True,False
837,279,scene_2,scene_2_y03,3,route_right,-0.761428571,7.82,38.438571429,305.0,5.323254219,-2.0,-0.034906585,35.0,True,False
838,280,scene_2,scene_2_y03,3,route_left,-0.19,7.82,38.438571429,235.0,4.101523742,-2.0,-0.034906585,-35.0,True,False
839,280,scene_2,scene_2_y03,3,route_forward,-0.19,7.82,38.438571429,270.0,4.71238898,-2.0,-0.034906585,0.0,True,False
840,280,scene_2,scene_2_y03,3,route_right,-0.19,7.82,38.438571429,305.0,5.323254219,-2.0,-0.034906585,35.0,True,False
841,281,scene_2,scene_2_y03,3,route_left,0.381428571,7.82,38.438571429,235.0,4.101523742,-2.0,-0.034906585,-35.0,True,False
842,281,scene_2,scene_2_y03,3,route_forward,0.381428571,7.82,38.438571429,270.0,4.71238898,-2.0,-0.034906585,0.0,True,False
843,281,scene_2,scene_2_y03,3,route_right,0.381428571,7.82,38.438571429,305.0,5.323254219,-2.0,-0.034906585,35.0,True,False
844,282,scene_2,scene_2_y03,3,route_left,0.952857143,7.82,38.438571429,235.0,4.101523742,-2.0,-0.034906585,-35.0,True,False
845,282,scene_2,scene_2_y03,3,route_forward,0.952857143,7.82,38.438571429,270.0,4.71238898,-2.0,-0.034906585,0.0,True,False
846,282,scene_2,scene_2_y03,3,route_right,0.952857143,7.82,38.438571429,305.0,5.323254219,-2.0,-0.034906585,35.0,True,False
847,283,scene_2,scene_2_y03,3,route_left,1.524285714,7.82,38.438571429,235.0,4.101523742,-2.0,-0.034906585,-35.0,True,False
848,283,scene_2,scene_2_y03,3,route_forward,1.524285714,7.82,38.438571429,270.0,4.71238898,-2.0,-0.034906585,0.0,True,False
849,283,scene_2,scene_2_y03,3,route_right,1.524285714,7.82,38.438571429,305.0,5.323254219,-2.0,-0.034906585,35.0,True,False
850,284,scene_2,scene_2_y03,3,route_left,2.095714286,7.82,38.438571429,235.0,4.101523742,-2.0,-0.034906585,-35.0,True,False
851,284,scene_2,scene_2_y03,3,route_forward,2.095714286,7.82,38.438571429,270.0,4.71238898,-2.0,-0.034906585,0.0,True,False
852,284,scene_2,scene_2_y03,3,route_right,2.095714286,7.82,38.438571429,305.0,5.323254219,-2.0,-0.034906585,35.0,True,False
853,285,scene_2,scene_2_y03,3,route_left,2.667142857,7.82,38.438571429,235.0,4.101523742,-2.0,-0.034906585,-35.0,True,False
854,285,scene_2,scene_2_y03,3,route_forward,2.667142857,7.82,38.438571429,270.0,4.71238898,-2.0,-0.034906585,0.0,True,False
855,285,scene_2,scene_2_y03,3,route_right,2.667142857,7.82,38.438571429,305.0,5.323254219,-2.0,-0.034906585,35.0,True,False
856,286,scene_2,scene_2_y03,3,route_left,3.238571429,7.82,38.438571429,145.0,2.530727415,-2.0,-0.034906585,-35.0,True,False
857,286,scene_2,scene_2_y03,3,route_forward,3.238571429,7.82,38.438571429,180.0,3.141592654,-2.0,-0.034906585,0.0,True,False
858,286,scene_2,scene_2_y03,3,route_right,3.238571429,7.82,38.438571429,215.0,3.752457892,-2.0,-0.034906585,35.0,True,False
859,287,scene_2,scene_2_y03,3,route_left,3.238571429,7.82,39.069285714,55.0,0.959931089,-2.0,-0.034906585,-35.0,True,False
860,287,scene_2,scene_2_y03,3,route_forward,3.238571429,7.82,39.069285714,90.0,1.570796327,-2.0,-0.034906585,0.0,True,False
861,287,scene_2,scene_2_y03,3,route_right,3.238571429,7.82,39.069285714,125.0,2.181661565,-2.0,-0.034906585,35.0,True,False
862,288,scene_2,scene_2_y03,3,route_left,2.667142857,7.82,39.069285714,55.0,0.959931089,-2.0,-0.034906585,-35.0,True,False
863,288,scene_2,scene_2_y03,3,route_forward,2.667142857,7.82,39.069285714,90.0,1.570796327,-2.0,-0.034906585,0.0,True,False
864,288,scene_2,scene_2_y03,3,route_right,2.667142857,7.82,39.069285714,125.0,2.181661565,-2.0,-0.034906585,35.0,True,False
865,289,scene_2,scene_2_y03,3,route_left,2.095714286,7.82,39.069285714,55.0,0.959931089,-2.0,-0.034906585,-35.0,True,False
866,289,scene_2,scene_2_y03,3,route_forward,2.095714286,7.82,39.069285714,90.0,1.570796327,-2.0,-0.034906585,0.0,True,False
867,289,scene_2,scene_2_y03,3,route_right,2.095714286,7.82,39.069285714,125.0,2.181661565,-2.0,-0.034906585,35.0,True,False
868,290,scene_2,scene_2_y03,3,route_left,1.524285714,7.82,39.069285714,55.0,0.959931089,-2.0,-0.034906585,-35.0,True,False
869,290,scene_2,scene_2_y03,3,route_forward,1.524285714,7.82,39.069285714,90.0,1.570796327,-2.0,-0.034906585,0.0,True,False
870,290,scene_2,scene_2_y03,3,route_right,1.524285714,7.82,39.069285714,125.0,2.181661565,-2.0,-0.034906585,35.0,True,False
871,291,scene_2,scene_2_y03,3,route_left,0.952857143,7.82,39.069285714,55.0,0.959931089,-2.0,-0.034906585,-35.0,True,False
872,291,scene_2,scene_2_y03,3,route_forward,0.952857143,7.82,39.069285714,90.0,1.570796327,-2.0,-0.034906585,0.0,True,False
873,291,scene_2,scene_2_y03,3,route_right,0.952857143,7.82,39.069285714,125.0,2.181661565,-2.0,-0.034906585,35.0,True,False
874,292,scene_2,scene_2_y03,3,route_left,0.381428571,7.82,39.069285714,55.0,0.959931089,-2.0,-0.034906585,-35.0,True,False
875,292,scene_2,scene_2_y03,3,route_forward,0.381428571,7.82,39.069285714,90.0,1.570796327,-2.0,-0.034906585,0.0,True,False
876,292,scene_2,scene_2_y03,3,route_right,0.381428571,7.82,39.069285714,125.0,2.181661565,-2.0,-0.034906585,35.0,True,False
877,293,scene_2,scene_2_y03,3,route_left,-0.19,7.82,39.069285714,55.0,0.959931089,-2.0,-0.034906585,-35.0,True,False
878,293,scene_2,scene_2_y03,3,route_forward,-0.19,7.82,39.069285714,90.0,1.570796327,-2.0,-0.034906585,0.0,True,False
879,293,scene_2,scene_2_y03,3,route_right,-0.19,7.82,39.069285714,125.0,2.181661565,-2.0,-0.034906585,35.0,True,False
880,294,scene_2,scene_2_y03,3,route_left,-0.761428571,7.82,39.069285714,55.0,0.959931089,-2.0,-0.034906585,-35.0,True,False
881,294,scene_2,scene_2_y03,3,route_forward,-0.761428571,7.82,39.069285714,90.0,1.570796327,-2.0,-0.034906585,0.0,True,False
882,294,scene_2,scene_2_y03,3,route_right,-0.761428571,7.82,39.069285714,125.0,2.181661565,-2.0,-0.034906585,35.0,True,False
883,295,scene_2,scene_2_y03,3,route_left,-1.332857143,7.82,39.069285714,55.0,0.959931089,-2.0,-0.034906585,-35.0,True,False
884,295,scene_2,scene_2_y03,3,route_forward,-1.332857143,7.82,39.069285714,90.0,1.570796327,-2.0,-0.034906585,0.0,True,False
885,295,scene_2,scene_2_y03,3,route_right,-1.332857143,7.82,39.069285714,125.0,2.181661565,-2.0,-0.034906585,35.0,True,False
886,296,scene_2,scene_2_y03,3,route_left,-1.904285714,7.82,39.069285714,55.0,0.959931089,-2.0,-0.034906585,-35.0,True,False
887,296,scene_2,scene_2_y03,3,route_forward,-1.904285714,7.82,39.069285714,90.0,1.570796327,-2.0,-0.034906585,0.0,True,False
888,296,scene_2,scene_2_y03,3,route_right,-1.904285714,7.82,39.069285714,125.0,2.181661565,-2.0,-0.034906585,35.0,True,False
889,297,scene_2,scene_2_y03,3,route_left,-2.475714286,7.82,39.069285714,55.0,0.959931089,-2.0,-0.034906585,-35.0,True,False
890,297,scene_2,scene_2_y03,3,route_forward,-2.475714286,7.82,39.069285714,90.0,1.570796327,-2.0,-0.034906585,0.0,True,False
891,297,scene_2,scene_2_y03,3,route_right,-2.475714286,7.82,39.069285714,125.0,2.181661565,-2.0,-0.034906585,35.0,True,False
892,298,scene_2,scene_2_y03,3,route_left,-3.047142857,7.82,39.069285714,55.0,0.959931089,-2.0,-0.034906585,-35.0,True,False
893,298,scene_2,scene_2_y03,3,route_forward,-3.047142857,7.82,39.069285714,90.0,1.570796327,-2.0,-0.034906585,0.0,True,False
894,298,scene_2,scene_2_y03,3,route_right,-3.047142857,7.82,39.069285714,125.0,2.181661565,-2.0,-0.034906585,35.0,True,False
895,299,scene_2,scene_2_y04,4,route_left,-3.047142857,9.08,39.069285714,235.0,4.101523742,-8.0,-0.13962634,-35.0,True,False
896,299,scene_2,scene_2_y04,4,route_forward,-3.047142857,9.08,39.069285714,270.0,4.71238898,-8.0,-0.13962634,0.0,True,False
897,299,scene_2,scene_2_y04,4,route_right,-3.047142857,9.08,39.069285714,305.0,5.323254219,-8.0,-0.13962634,35.0,True,False
898,300,scene_2,scene_2_y04,4,route_left,-2.475714286,9.08,39.069285714,235.0,4.101523742,-8.0,-0.13962634,-35.0,True,False
899,300,scene_2,scene_2_y04,4,route_forward,-2.475714286,9.08,39.069285714,270.0,4.71238898,-8.0,-0.13962634,0.0,True,False
900,300,scene_2,scene_2_y04,4,route_right,-2.475714286,9.08,39.069285714,305.0,5.323254219,-8.0,-0.13962634,35.0,True,False
901,301,scene_2,scene_2_y04,4,route_left,-1.904285714,9.08,39.069285714,235.0,4.101523742,-8.0,-0.13962634,-35.0,True,False
902,301,scene_2,scene_2_y04,4,route_forward,-1.904285714,9.08,39.069285714,270.0,4.71238898,-8.0,-0.13962634,0.0,True,False
903,301,scene_2,scene_2_y04,4,route_right,-1.904285714,9.08,39.069285714,305.0,5.323254219,-8.0,-0.13962634,35.0,True,False
904,302,scene_2,scene_2_y04,4,route_left,-1.332857143,9.08,39.069285714,235.0,4.101523742,-8.0,-0.13962634,-35.0,True,False
905,302,scene_2,scene_2_y04,4,route_forward,-1.332857143,9.08,39.069285714,270.0,4.71238898,-8.0,-0.13962634,0.0,True,False
906,302,scene_2,scene_2_y04,4,route_right,-1.332857143,9.08,39.069285714,305.0,5.323254219,-8.0,-0.13962634,35.0,True,False
907,303,scene_2,scene_2_y04,4,route_left,-0.761428571,9.08,39.069285714,235.0,4.101523742,-8.0,-0.13962634,-35.0,True,False
908,303,scene_2,scene_2_y04,4,route_forward,-0.761428571,9.08,39.069285714,270.0,4.71238898,-8.0,-0.13962634,0.0,True,False
909,303,scene_2,scene_2_y04,4,route_right,-0.761428571,9.08,39.069285714,305.0,5.323254219,-8.0,-0.13962634,35.0,True,False
910,304,scene_2,scene_2_y04,4,route_left,-0.19,9.08,39.069285714,235.0,4.101523742,-8.0,-0.13962634,-35.0,True,False
911,304,scene_2,scene_2_y04,4,route_forward,-0.19,9.08,39.069285714,270.0,4.71238898,-8.0,-0.13962634,0.0,True,False
912,304,scene_2,scene_2_y04,4,route_right,-0.19,9.08,39.069285714,305.0,5.323254219,-8.0,-0.13962634,35.0,True,False
913,305,scene_2,scene_2_y04,4,route_left,0.381428571,9.08,39.069285714,235.0,4.101523742,-8.0,-0.13962634,-35.0,True,False
914,305,scene_2,scene_2_y04,4,route_forward,0.381428571,9.08,39.069285714,270.0,4.71238898,-8.0,-0.13962634,0.0,True,False
915,305,scene_2,scene_2_y04,4,route_right,0.381428571,9.08,39.069285714,305.0,5.323254219,-8.0,-0.13962634,35.0,True,False
916,306,scene_2,scene_2_y04,4,route_left,0.952857143,9.08,39.069285714,235.0,4.101523742,-8.0,-0.13962634,-35.0,True,False
917,306,scene_2,scene_2_y04,4,route_forward,0.952857143,9.08,39.069285714,270.0,4.71238898,-8.0,-0.13962634,0.0,True,False
918,306,scene_2,scene_2_y04,4,route_right,0.952857143,9.08,39.069285714,305.0,5.323254219,-8.0,-0.13962634,35.0,True,False
919,307,scene_2,scene_2_y04,4,route_left,1.524285714,9.08,39.069285714,235.0,4.101523742,-8.0,-0.13962634,-35.0,True,False
920,307,scene_2,scene_2_y04,4,route_forward,1.524285714,9.08,39.069285714,270.0,4.71238898,-8.0,-0.13962634,0.0,True,False
921,307,scene_2,scene_2_y04,4,route_right,1.524285714,9.08,39.069285714,305.0,5.323254219,-8.0,-0.13962634,35.0,True,False
922,308,scene_2,scene_2_y04,4,route_left,2.095714286,9.08,39.069285714,235.0,4.101523742,-8.0,-0.13962634,-35.0,True,False
923,308,scene_2,scene_2_y04,4,route_forward,2.095714286,9.08,39.069285714,270.0,4.71238898,-8.0,-0.13962634,0.0,True,False
924,308,scene_2,scene_2_y04,4,route_right,2.095714286,9.08,39.069285714,305.0,5.323254219,-8.0,-0.13962634,35.0,True,False
925,309,scene_2,scene_2_y04,4,route_left,2.667142857,9.08,39.069285714,235.0,4.101523742,-8.0,-0.13962634,-35.0,True,False
926,309,scene_2,scene_2_y04,4,route_forward,2.667142857,9.08,39.069285714,270.0,4.71238898,-8.0,-0.13962634,0.0,True,False
927,309,scene_2,scene_2_y04,4,route_right,2.667142857,9.08,39.069285714,305.0,5.323254219,-8.0,-0.13962634,35.0,True,False
928,310,scene_2,scene_2_y04,4,route_left,3.238571429,9.08,39.069285714,325.0,5.672320069,-8.0,-0.13962634,-35.0,True,False
929,310,scene_2,scene_2_y04,4,route_forward,3.238571429,9.08,39.069285714,0.0,0.0,-8.0,-0.13962634,0.0,True,False
930,310,scene_2,scene_2_y04,4,route_right,3.238571429,9.08,39.069285714,35.0,0.610865238,-8.0,-0.13962634,35.0,True,False
931,311,scene_2,scene_2_y04,4,route_left,3.238571429,9.08,38.438571429,55.0,0.959931089,-8.0,-0.13962634,-35.0,True,False
932,311,scene_2,scene_2_y04,4,route_forward,3.238571429,9.08,38.438571429,90.0,1.570796327,-8.0,-0.13962634,0.0,True,False
933,311,scene_2,scene_2_y04,4,route_right,3.238571429,9.08,38.438571429,125.0,2.181661565,-8.0,-0.13962634,35.0,True,False
934,312,scene_2,scene_2_y04,4,route_left,2.667142857,9.08,38.438571429,55.0,0.959931089,-8.0,-0.13962634,-35.0,True,False
935,312,scene_2,scene_2_y04,4,route_forward,2.667142857,9.08,38.438571429,90.0,1.570796327,-8.0,-0.13962634,0.0,True,False
936,312,scene_2,scene_2_y04,4,route_right,2.667142857,9.08,38.438571429,125.0,2.181661565,-8.0,-0.13962634,35.0,True,False
937,313,scene_2,scene_2_y04,4,route_left,2.095714286,9.08,38.438571429,55.0,0.959931089,-8.0,-0.13962634,-35.0,True,False
938,313,scene_2,scene_2_y04,4,route_forward,2.095714286,9.08,38.438571429,90.0,1.570796327,-8.0,-0.13962634,0.0,True,False
939,313,scene_2,scene_2_y04,4,route_right,2.095714286,9.08,38.438571429,125.0,2.181661565,-8.0,-0.13962634,35.0,True,False
940,314,scene_2,scene_2_y04,4,route_left,1.524285714,9.08,38.438571429,55.0,0.959931089,-8.0,-0.13962634,-35.0,True,False
941,314,scene_2,scene_2_y04,4,route_forward,1.524285714,9.08,38.438571429,90.0,1.570796327,-8.0,-0.13962634,0.0,True,False
942,314,scene_2,scene_2_y04,4,route_right,1.524285714,9.08,38.438571429,125.0,2.181661565,-8.0,-0.13962634,35.0,True,False
943,315,scene_2,scene_2_y04,4,route_left,0.952857143,9.08,38.438571429,55.0,0.959931089,-8.0,-0.13962634,-35.0,True,False
944,315,scene_2,scene_2_y04,4,route_forward,0.952857143,9.08,38.438571429,90.0,1.570796327,-8.0,-0.13962634,0.0,True,False
945,315,scene_2,scene_2_y04,4,route_right,0.952857143,9.08,38.438571429,125.0,2.181661565,-8.0,-0.13962634,35.0,True,False
946,316,scene_2,scene_2_y04,4,route_left,0.381428571,9.08,38.438571429,55.0,0.959931089,-8.0,-0.13962634,-35.0,True,False
947,316,scene_2,scene_2_y04,4,route_forward,0.381428571,9.08,38.438571429,90.0,1.570796327,-8.0,-0.13962634,0.0,True,False
948,316,scene_2,scene_2_y04,4,route_right,0.381428571,9.08,38.438571429,125.0,2.181661565,-8.0,-0.13962634,35.0,True,False
949,317,scene_2,scene_2_y04,4,route_left,-0.19,9.08,38.438571429,55.0,0.959931089,-8.0,-0.13962634,-35.0,True,False
950,317,scene_2,scene_2_y04,4,route_forward,-0.19,9.08,38.438571429,90.0,1.570796327,-8.0,-0.13962634,0.0,True,False
951,317,scene_2,scene_2_y04,4,route_right,-0.19,9.08,38.438571429,125.0,2.181661565,-8.0,-0.13962634,35.0,True,False
952,318,scene_2,scene_2_y04,4,route_left,-0.761428571,9.08,38.438571429,55.0,0.959931089,-8.0,-0.13962634,-35.0,True,False
953,318,scene_2,scene_2_y04,4,route_forward,-0.761428571,9.08,38.438571429,90.0,1.570796327,-8.0,-0.13962634,0.0,True,False
954,318,scene_2,scene_2_y04,4,route_right,-0.761428571,9.08,38.438571429,125.0,2.181661565,-8.0,-0.13962634,35.0,True,False
955,319,scene_2,scene_2_y04,4,route_left,-1.332857143,9.08,38.438571429,55.0,0.959931089,-8.0,-0.13962634,-35.0,True,False
956,319,scene_2,scene_2_y04,4,route_forward,-1.332857143,9.08,38.438571429,90.0,1.570796327,-8.0,-0.13962634,0.0,True,False
957,319,scene_2,scene_2_y04,4,route_right,-1.332857143,9.08,38.438571429,125.0,2.181661565,-8.0,-0.13962634,35.0,True,False
958,320,scene_2,scene_2_y04,4,route_left,-1.904285714,9.08,38.438571429,55.0,0.959931089,-8.0,-0.13962634,-35.0,True,False
959,320,scene_2,scene_2_y04,4,route_forward,-1.904285714,9.08,38.438571429,90.0,1.570796327,-8.0,-0.13962634,0.0,True,False
960,320,scene_2,scene_2_y04,4,route_right,-1.904285714,9.08,38.438571429,125.0,2.181661565,-8.0,-0.13962634,35.0,True,False
961,321,scene_2,scene_2_y04,4,route_left,-2.475714286,9.08,38.438571429,55.0,0.959931089,-8.0,-0.13962634,-35.0,True,False
962,321,scene_2,scene_2_y04,4,route_forward,-2.475714286,9.08,38.438571429,90.0,1.570796327,-8.0,-0.13962634,0.0,True,False
963,321,scene_2,scene_2_y04,4,route_right,-2.475714286,9.08,38.438571429,125.0,2.181661565,-8.0,-0.13962634,35.0,True,False
964,322,scene_2,scene_2_y04,4,route_left,-3.047142857,9.08,38.438571429,55.0,0.959931089,-8.0,-0.13962634,-35.0,True,False
965,322,scene_2,scene_2_y04,4,route_forward,-3.047142857,9.08,38.438571429,90.0,1.570796327,-8.0,-0.13962634,0.0,True,False
966,322,scene_2,scene_2_y04,4,route_right,-3.047142857,9.08,38.438571429,125.0,2.181661565,-8.0,-0.13962634,35.0,True,False
967,323,scene_2,scene_2_y04,4,route_left,-3.618571429,9.08,38.438571429,325.0,5.672320069,-8.0,-0.13962634,-35.0,True,False
968,323,scene_2,scene_2_y04,4,route_forward,-3.618571429,9.08,38.438571429,0.0,0.0,-8.0,-0.13962634,0.0,True,False
969,323,scene_2,scene_2_y04,4,route_right,-3.618571429,9.08,38.438571429,35.0,0.610865238,-8.0,-0.13962634,35.0,True,False
970,324,scene_2,scene_2_y04,4,route_left,-3.618571429,9.08,37.807857143,235.0,4.101523742,-8.0,-0.13962634,-35.0,True,False
971,324,scene_2,scene_2_y04,4,route_forward,-3.618571429,9.08,37.807857143,270.0,4.71238898,-8.0,-0.13962634,0.0,True,False
972,324,scene_2,scene_2_y04,4,route_right,-3.618571429,9.08,37.807857143,305.0,5.323254219,-8.0,-0.13962634,35.0,True,False
973,325,scene_2,scene_2_y04,4,route_left,-3.047142857,9.08,37.807857143,235.0,4.101523742,-8.0,-0.13962634,-35.0,True,False
974,325,scene_2,scene_2_y04,4,route_forward,-3.047142857,9.08,37.807857143,270.0,4.71238898,-8.0,-0.13962634,0.0,True,False
975,325,scene_2,scene_2_y04,4,route_right,-3.047142857,9.08,37.807857143,305.0,5.323254219,-8.0,-0.13962634,35.0,True,False
976,326,scene_2,scene_2_y04,4,route_left,-2.475714286,9.08,37.807857143,235.0,4.101523742,-8.0,-0.13962634,-35.0,True,False
977,326,scene_2,scene_2_y04,4,route_forward,-2.475714286,9.08,37.807857143,270.0,4.71238898,-8.0,-0.13962634,0.0,True,False
978,326,scene_2,scene_2_y04,4,route_right,-2.475714286,9.08,37.807857143,305.0,5.323254219,-8.0,-0.13962634,35.0,True,False
979,327,scene_2,scene_2_y04,4,route_left,-1.904285714,9.08,37.807857143,235.0,4.101523742,-8.0,-0.13962634,-35.0,True,False
980,327,scene_2,scene_2_y04,4,route_forward,-1.904285714,9.08,37.807857143,270.0,4.71238898,-8.0,-0.13962634,0.0,True,False
981,327,scene_2,scene_2_y04,4,route_right,-1.904285714,9.08,37.807857143,305.0,5.323254219,-8.0,-0.13962634,35.0,True,False
982,328,scene_2,scene_2_y04,4,route_left,-1.332857143,9.08,37.807857143,235.0,4.101523742,-8.0,-0.13962634,-35.0,True,False
983,328,scene_2,scene_2_y04,4,route_forward,-1.332857143,9.08,37.807857143,270.0,4.71238898,-8.0,-0.13962634,0.0,True,False
984,328,scene_2,scene_2_y04,4,route_right,-1.332857143,9.08,37.807857143,305.0,5.323254219,-8.0,-0.13962634,35.0,True,False
985,329,scene_2,scene_2_y04,4,route_left,-0.761428571,9.08,37.807857143,235.0,4.101523742,-8.0,-0.13962634,-35.0,True,False
986,329,scene_2,scene_2_y04,4,route_forward,-0.761428571,9.08,37.807857143,270.0,4.71238898,-8.0,-0.13962634,0.0,True,False
987,329,scene_2,scene_2_y04,4,route_right,-0.761428571,9.08,37.807857143,305.0,5.323254219,-8.0,-0.13962634,35.0,True,False
988,330,scene_2,scene_2_y04,4,route_left,-0.19,9.08,37.807857143,235.0,4.101523742,-8.0,-0.13962634,-35.0,True,False
989,330,scene_2,scene_2_y04,4,route_forward,-0.19,9.08,37.807857143,270.0,4.71238898,-8.0,-0.13962634,0.0,True,False
990,330,scene_2,scene_2_y04,4,route_right,-0.19,9.08,37.807857143,305.0,5.323254219,-8.0,-0.13962634,35.0,True,False
991,331,scene_2,scene_2_y04,4,route_left,0.381428571,9.08,37.807857143,235.0,4.101523742,-8.0,-0.13962634,-35.0,True,False
992,331,scene_2,scene_2_y04,4,route_forward,0.381428571,9.08,37.807857143,270.0,4.71238898,-8.0,-0.13962634,0.0,True,False
993,331,scene_2,scene_2_y04,4,route_right,0.381428571,9.08,37.807857143,305.0,5.323254219,-8.0,-0.13962634,35.0,True,False
994,332,scene_2,scene_2_y04,4,route_left,0.952857143,9.08,37.807857143,235.0,4.101523742,-8.0,-0.13962634,-35.0,True,False
995,332,scene_2,scene_2_y04,4,route_forward,0.952857143,9.08,37.807857143,270.0,4.71238898,-8.0,-0.13962634,0.0,True,False
996,332,scene_2,scene_2_y04,4,route_right,0.952857143,9.08,37.807857143,305.0,5.323254219,-8.0,-0.13962634,35.0,True,False
997,333,scene_2,scene_2_y04,4,route_left,1.524285714,9.08,37.807857143,235.0,4.101523742,-8.0,-0.13962634,-35.0,True,False
998,333,scene_2,scene_2_y04,4,route_forward,1.524285714,9.08,37.807857143,270.0,4.71238898,-8.0,-0.13962634,0.0,True,False
999,333,scene_2,scene_2_y04,4,route_right,1.524285714,9.08,37.807857143,305.0,5.323254219,-8.0,-0.13962634,35.0,True,False
1000,334,scene_2,scene_2_y04,4,route_left,2.095714286,9.08,37.807857143,235.0,4.101523742,-8.0,-0.13962634,-35.0,True,False
1001,334,scene_2,scene_2_y04,4,route_forward,2.095714286,9.08,37.807857143,270.0,4.71238898,-8.0,-0.13962634,0.0,True,False
1002,334,scene_2,scene_2_y04,4,route_right,2.095714286,9.08,37.807857143,305.0,5.323254219,-8.0,-0.13962634,35.0,True,False
1003,335,scene_2,scene_2_y04,4,route_left,2.667142857,9.08,37.807857143,235.0,4.101523742,-8.0,-0.13962634,-35.0,True,False
1004,335,scene_2,scene_2_y04,4,route_forward,2.667142857,9.08,37.807857143,270.0,4.71238898,-8.0,-0.13962634,0.0,True,False
1005,335,scene_2,scene_2_y04,4,route_right,2.667142857,9.08,37.807857143,305.0,5.323254219,-8.0,-0.13962634,35.0,True,False
1006,336,scene_2,scene_2_y04,4,route_left,3.238571429,9.08,37.807857143,325.0,5.672320069,-8.0,-0.13962634,-35.0,True,False
1007,336,scene_2,scene_2_y04,4,route_forward,3.238571429,9.08,37.807857143,0.0,0.0,-8.0,-0.13962634,0.0,True,False
1008,336,scene_2,scene_2_y04,4,route_right,3.238571429,9.08,37.807857143,35.0,0.610865238,-8.0,-0.13962634,35.0,True,False
1009,337,scene_2,scene_2_y04,4,route_left,3.238571429,9.08,37.177142857,55.0,0.959931089,-8.0,-0.13962634,-35.0,True,False
1010,337,scene_2,scene_2_y04,4,route_forward,3.238571429,9.08,37.177142857,90.0,1.570796327,-8.0,-0.13962634,0.0,True,False
1011,337,scene_2,scene_2_y04,4,route_right,3.238571429,9.08,37.177142857,125.0,2.181661565,-8.0,-0.13962634,35.0,True,False
1012,338,scene_2,scene_2_y04,4,route_left,2.667142857,9.08,37.177142857,55.0,0.959931089,-8.0,-0.13962634,-35.0,True,False
1013,338,scene_2,scene_2_y04,4,route_forward,2.667142857,9.08,37.177142857,90.0,1.570796327,-8.0,-0.13962634,0.0,True,False
1014,338,scene_2,scene_2_y04,4,route_right,2.667142857,9.08,37.177142857,125.0,2.181661565,-8.0,-0.13962634,35.0,True,False
1015,339,scene_2,scene_2_y04,4,route_left,2.095714286,9.08,37.177142857,55.0,0.959931089,-8.0,-0.13962634,-35.0,True,False
1016,339,scene_2,scene_2_y04,4,route_forward,2.095714286,9.08,37.177142857,90.0,1.570796327,-8.0,-0.13962634,0.0,True,False
1017,339,scene_2,scene_2_y04,4,route_right,2.095714286,9.08,37.177142857,125.0,2.181661565,-8.0,-0.13962634,35.0,True,False
1018,340,scene_2,scene_2_y04,4,route_left,1.524285714,9.08,37.177142857,55.0,0.959931089,-8.0,-0.13962634,-35.0,True,False
1019,340,scene_2,scene_2_y04,4,route_forward,1.524285714,9.08,37.177142857,90.0,1.570796327,-8.0,-0.13962634,0.0,True,False
1020,340,scene_2,scene_2_y04,4,route_right,1.524285714,9.08,37.177142857,125.0,2.181661565,-8.0,-0.13962634,35.0,True,False
1021,341,scene_2,scene_2_y04,4,route_left,0.952857143,9.08,37.177142857,55.0,0.959931089,-8.0,-0.13962634,-35.0,True,False
1022,341,scene_2,scene_2_y04,4,route_forward,0.952857143,9.08,37.177142857,90.0,1.570796327,-8.0,-0.13962634,0.0,True,False
1023,341,scene_2,scene_2_y04,4,route_right,0.952857143,9.08,37.177142857,125.0,2.181661565,-8.0,-0.13962634,35.0,True,False
1024,342,scene_2,scene_2_y04,4,route_left,0.381428571,9.08,37.177142857,55.0,0.959931089,-8.0,-0.13962634,-35.0,True,False
1025,342,scene_2,scene_2_y04,4,route_forward,0.381428571,9.08,37.177142857,90.0,1.570796327,-8.0,-0.13962634,0.0,True,False
1026,342,scene_2,scene_2_y04,4,route_right,0.381428571,9.08,37.177142857,125.0,2.181661565,-8.0,-0.13962634,35.0,True,False
1027,343,scene_2,scene_2_y04,4,route_left,-0.19,9.08,37.177142857,55.0,0.959931089,-8.0,-0.13962634,-35.0,True,False
1028,343,scene_2,scene_2_y04,4,route_forward,-0.19,9.08,37.177142857,90.0,1.570796327,-8.0,-0.13962634,0.0,True,False
1029,343,scene_2,scene_2_y04,4,route_right,-0.19,9.08,37.177142857,125.0,2.181661565,-8.0,-0.13962634,35.0,True,False
1030,344,scene_2,scene_2_y04,4,route_left,-0.761428571,9.08,37.177142857,55.0,0.959931089,-8.0,-0.13962634,-35.0,True,False
1031,344,scene_2,scene_2_y04,4,route_forward,-0.761428571,9.08,37.177142857,90.0,1.570796327,-8.0,-0.13962634,0.0,True,False
1032,344,scene_2,scene_2_y04,4,route_right,-0.761428571,9.08,37.177142857,125.0,2.181661565,-8.0,-0.13962634,35.0,True,False
1033,345,scene_2,scene_2_y04,4,route_left,-1.332857143,9.08,37.177142857,55.0,0.959931089,-8.0,-0.13962634,-35.0,True,False
1034,345,scene_2,scene_2_y04,4,route_forward,-1.332857143,9.08,37.177142857,90.0,1.570796327,-8.0,-0.13962634,0.0,True,False
1035,345,scene_2,scene_2_y04,4,route_right,-1.332857143,9.08,37.177142857,125.0,2.181661565,-8.0,-0.13962634,35.0,True,False
1036,346,scene_2,scene_2_y04,4,route_left,-1.904285714,9.08,37.177142857,55.0,0.959931089,-8.0,-0.13962634,-35.0,True,False
1037,346,scene_2,scene_2_y04,4,route_forward,-1.904285714,9.08,37.177142857,90.0,1.570796327,-8.0,-0.13962634,0.0,True,False
1038,346,scene_2,scene_2_y04,4,route_right,-1.904285714,9.08,37.177142857,125.0,2.181661565,-8.0,-0.13962634,35.0,True,False
1039,347,scene_2,scene_2_y04,4,route_left,-2.475714286,9.08,37.177142857,55.0,0.959931089,-8.0,-0.13962634,-35.0,True,False
1040,347,scene_2,scene_2_y04,4,route_forward,-2.475714286,9.08,37.177142857,90.0,1.570796327,-8.0,-0.13962634,0.0,True,False
1041,347,scene_2,scene_2_y04,4,route_right,-2.475714286,9.08,37.177142857,125.0,2.181661565,-8.0,-0.13962634,35.0,True,False
1042,348,scene_2,scene_2_y04,4,route_left,-3.047142857,9.08,37.177142857,55.0,0.959931089,-8.0,-0.13962634,-35.0,True,False
1043,348,scene_2,scene_2_y04,4,route_forward,-3.047142857,9.08,37.177142857,90.0,1.570796327,-8.0,-0.13962634,0.0,True,False
1044,348,scene_2,scene_2_y04,4,route_right,-3.047142857,9.08,37.177142857,125.0,2.181661565,-8.0,-0.13962634,35.0,True,False
1045,349,scene_2,scene_2_y04,4,route_left,-3.618571429,9.08,37.177142857,325.0,5.672320069,-8.0,-0.13962634,-35.0,True,False
1046,349,scene_2,scene_2_y04,4,route_forward,-3.618571429,9.08,37.177142857,0.0,0.0,-8.0,-0.13962634,0.0,True,False
1047,349,scene_2,scene_2_y04,4,route_right,-3.618571429,9.08,37.177142857,35.0,0.610865238,-8.0,-0.13962634,35.0,True,False
1048,350,scene_2,scene_2_y04,4,route_left,-3.618571429,9.08,36.546428571,235.0,4.101523742,-8.0,-0.13962634,-35.0,True,False
1049,350,scene_2,scene_2_y04,4,route_forward,-3.618571429,9.08,36.546428571,270.0,4.71238898,-8.0,-0.13962634,0.0,True,False
1050,350,scene_2,scene_2_y04,4,route_right,-3.618571429,9.08,36.546428571,305.0,5.323254219,-8.0,-0.13962634,35.0,True,False
1051,351,scene_2,scene_2_y04,4,route_left,-3.047142857,9.08,36.546428571,235.0,4.101523742,-8.0,-0.13962634,-35.0,True,False
1052,351,scene_2,scene_2_y04,4,route_forward,-3.047142857,9.08,36.546428571,270.0,4.71238898,-8.0,-0.13962634,0.0,True,False
1053,351,scene_2,scene_2_y04,4,route_right,-3.047142857,9.08,36.546428571,305.0,5.323254219,-8.0,-0.13962634,35.0,True,False
1054,352,scene_2,scene_2_y04,4,route_left,-2.475714286,9.08,36.546428571,235.0,4.101523742,-8.0,-0.13962634,-35.0,True,False
1055,352,scene_2,scene_2_y04,4,route_forward,-2.475714286,9.08,36.546428571,270.0,4.71238898,-8.0,-0.13962634,0.0,True,False
1056,352,scene_2,scene_2_y04,4,route_right,-2.475714286,9.08,36.546428571,305.0,5.323254219,-8.0,-0.13962634,35.0,True,False
1057,353,scene_2,scene_2_y04,4,route_left,-1.904285714,9.08,36.546428571,235.0,4.101523742,-8.0,-0.13962634,-35.0,True,False
1058,353,scene_2,scene_2_y04,4,route_forward,-1.904285714,9.08,36.546428571,270.0,4.71238898,-8.0,-0.13962634,0.0,True,False
1059,353,scene_2,scene_2_y04,4,route_right,-1.904285714,9.08,36.546428571,305.0,5.323254219,-8.0,-0.13962634,35.0,True,False
1060,354,scene_2,scene_2_y04,4,route_left,-1.332857143,9.08,36.546428571,235.0,4.101523742,-8.0,-0.13962634,-35.0,True,False
1061,354,scene_2,scene_2_y04,4,route_forward,-1.332857143,9.08,36.546428571,270.0,4.71238898,-8.0,-0.13962634,0.0,True,False
1062,354,scene_2,scene_2_y04,4,route_right,-1.332857143,9.08,36.546428571,305.0,5.323254219,-8.0,-0.13962634,35.0,True,False
1063,355,scene_2,scene_2_y04,4,route_left,1.524285714,9.08,36.546428571,235.0,4.101523742,-8.0,-0.13962634,-35.0,True,False
1064,355,scene_2,scene_2_y04,4,route_forward,1.524285714,9.08,36.546428571,270.0,4.71238898,-8.0,-0.13962634,0.0,True,False
1065,355,scene_2,scene_2_y04,4,route_right,1.524285714,9.08,36.546428571,305.0,5.323254219,-8.0,-0.13962634,35.0,True,False
1066,356,scene_2,scene_2_y04,4,route_left,2.095714286,9.08,36.546428571,235.0,4.101523742,-8.0,-0.13962634,-35.0,True,False
1067,356,scene_2,scene_2_y04,4,route_forward,2.095714286,9.08,36.546428571,270.0,4.71238898,-8.0,-0.13962634,0.0,True,False
1068,356,scene_2,scene_2_y04,4,route_right,2.095714286,9.08,36.546428571,305.0,5.323254219,-8.0,-0.13962634,35.0,True,False
1069,357,scene_2,scene_2_y04,4,route_left,2.667142857,9.08,36.546428571,235.0,4.101523742,-8.0,-0.13962634,-35.0,True,False
1070,357,scene_2,scene_2_y04,4,route_forward,2.667142857,9.08,36.546428571,270.0,4.71238898,-8.0,-0.13962634,0.0,True,False
1071,357,scene_2,scene_2_y04,4,route_right,2.667142857,9.08,36.546428571,305.0,5.323254219,-8.0,-0.13962634,35.0,True,False
1072,358,scene_2,scene_2_y04,4,route_left,3.238571429,9.08,36.546428571,325.0,5.672320069,-8.0,-0.13962634,-35.0,True,False
1073,358,scene_2,scene_2_y04,4,route_forward,3.238571429,9.08,36.546428571,0.0,0.0,-8.0,-0.13962634,0.0,True,False
1074,358,scene_2,scene_2_y04,4,route_right,3.238571429,9.08,36.546428571,35.0,0.610865238,-8.0,-0.13962634,35.0,True,False
1075,359,scene_2,scene_2_y04,4,route_left,3.238571429,9.08,35.915714286,55.0,0.959931089,-8.0,-0.13962634,-35.0,True,False
1076,359,scene_2,scene_2_y04,4,route_forward,3.238571429,9.08,35.915714286,90.0,1.570796327,-8.0,-0.13962634,0.0,True,False
1077,359,scene_2,scene_2_y04,4,route_right,3.238571429,9.08,35.915714286,125.0,2.181661565,-8.0,-0.13962634,35.0,True,False
1078,360,scene_2,scene_2_y04,4,route_left,2.667142857,9.08,35.915714286,55.0,0.959931089,-8.0,-0.13962634,-35.0,True,False
1079,360,scene_2,scene_2_y04,4,route_forward,2.667142857,9.08,35.915714286,90.0,1.570796327,-8.0,-0.13962634,0.0,True,False
1080,360,scene_2,scene_2_y04,4,route_right,2.667142857,9.08,35.915714286,125.0,2.181661565,-8.0,-0.13962634,35.0,True,False
1081,361,scene_2,scene_2_y04,4,route_left,2.095714286,9.08,35.915714286,55.0,0.959931089,-8.0,-0.13962634,-35.0,True,False
1082,361,scene_2,scene_2_y04,4,route_forward,2.095714286,9.08,35.915714286,90.0,1.570796327,-8.0,-0.13962634,0.0,True,False
1083,361,scene_2,scene_2_y04,4,route_right,2.095714286,9.08,35.915714286,125.0,2.181661565,-8.0,-0.13962634,35.0,True,False
1084,362,scene_2,scene_2_y04,4,route_left,1.524285714,9.08,35.915714286,55.0,0.959931089,-8.0,-0.13962634,-35.0,True,False
1085,362,scene_2,scene_2_y04,4,route_forward,1.524285714,9.08,35.915714286,90.0,1.570796327,-8.0,-0.13962634,0.0,True,False
1086,362,scene_2,scene_2_y04,4,route_right,1.524285714,9.08,35.915714286,125.0,2.181661565,-8.0,-0.13962634,35.0,True,False
1087,363,scene_2,scene_2_y04,4,route_left,-1.904285714,9.08,35.915714286,55.0,0.959931089,-8.0,-0.13962634,-35.0,True,False
1088,363,scene_2,scene_2_y04,4,route_forward,-1.904285714,9.08,35.915714286,90.0,1.570796327,-8.0,-0.13962634,0.0,True,False
1089,363,scene_2,scene_2_y04,4,route_right,-1.904285714,9.08,35.915714286,125.0,2.181661565,-8.0,-0.13962634,35.0,True,False
1090,364,scene_2,scene_2_y04,4,route_left,-2.475714286,9.08,35.915714286,55.0,0.959931089,-8.0,-0.13962634,-35.0,True,False
1091,364,scene_2,scene_2_y04,4,route_forward,-2.475714286,9.08,35.915714286,90.0,1.570796327,-8.0,-0.13962634,0.0,True,False
1092,364,scene_2,scene_2_y04,4,route_right,-2.475714286,9.08,35.915714286,125.0,2.181661565,-8.0,-0.13962634,35.0,True,False
1093,365,scene_2,scene_2_y04,4,route_left,-3.047142857,9.08,35.915714286,55.0,0.959931089,-8.0,-0.13962634,-35.0,True,False
1094,365,scene_2,scene_2_y04,4,route_forward,-3.047142857,9.08,35.915714286,90.0,1.570796327,-8.0,-0.13962634,0.0,True,False
1095,365,scene_2,scene_2_y04,4,route_right,-3.047142857,9.08,35.915714286,125.0,2.181661565,-8.0,-0.13962634,35.0,True,False
1096,366,scene_2,scene_2_y04,4,route_left,-3.618571429,9.08,35.915714286,325.0,5.672320069,-8.0,-0.13962634,-35.0,True,False
1097,366,scene_2,scene_2_y04,4,route_forward,-3.618571429,9.08,35.915714286,0.0,0.0,-8.0,-0.13962634,0.0,True,False
1098,366,scene_2,scene_2_y04,4,route_right,-3.618571429,9.08,35.915714286,35.0,0.610865238,-8.0,-0.13962634,35.0,True,False
1099,367,scene_2,scene_2_y04,4,route_left,-3.618571429,9.08,35.285,235.0,4.101523742,-8.0,-0.13962634,-35.0,True,False
1100,367,scene_2,scene_2_y04,4,route_forward,-3.618571429,9.08,35.285,270.0,4.71238898,-8.0,-0.13962634,0.0,True,False
1101,367,scene_2,scene_2_y04,4,route_right,-3.618571429,9.08,35.285,305.0,5.323254219,-8.0,-0.13962634,35.0,True,False
1102,368,scene_2,scene_2_y04,4,route_left,-3.047142857,9.08,35.285,235.0,4.101523742,-8.0,-0.13962634,-35.0,True,False
1103,368,scene_2,scene_2_y04,4,route_forward,-3.047142857,9.08,35.285,270.0,4.71238898,-8.0,-0.13962634,0.0,True,False
1104,368,scene_2,scene_2_y04,4,route_right,-3.047142857,9.08,35.285,305.0,5.323254219,-8.0,-0.13962634,35.0,True,False
1105,369,scene_2,scene_2_y04,4,route_left,-2.475714286,9.08,35.285,235.0,4.101523742,-8.0,-0.13962634,-35.0,True,False
1106,369,scene_2,scene_2_y04,4,route_forward,-2.475714286,9.08,35.285,270.0,4.71238898,-8.0,-0.13962634,0.0,True,False
1107,369,scene_2,scene_2_y04,4,route_right,-2.475714286,9.08,35.285,305.0,5.323254219,-8.0,-0.13962634,35.0,True,False
1108,370,scene_2,scene_2_y04,4,route_left,-1.904285714,9.08,35.285,235.0,4.101523742,-8.0,-0.13962634,-35.0,True,False
1109,370,scene_2,scene_2_y04,4,route_forward,-1.904285714,9.08,35.285,270.0,4.71238898,-8.0,-0.13962634,0.0,True,False
1110,370,scene_2,scene_2_y04,4,route_right,-1.904285714,9.08,35.285,305.0,5.323254219,-8.0,-0.13962634,35.0,True,False
1111,371,scene_2,scene_2_y04,4,route_left,1.524285714,9.08,35.285,235.0,4.101523742,-8.0,-0.13962634,-35.0,True,False
1112,371,scene_2,scene_2_y04,4,route_forward,1.524285714,9.08,35.285,270.0,4.71238898,-8.0,-0.13962634,0.0,True,False
1113,371,scene_2,scene_2_y04,4,route_right,1.524285714,9.08,35.285,305.0,5.323254219,-8.0,-0.13962634,35.0,True,False
1114,372,scene_2,scene_2_y04,4,route_left,2.095714286,9.08,35.285,235.0,4.101523742,-8.0,-0.13962634,-35.0,True,False
1115,372,scene_2,scene_2_y04,4,route_forward,2.095714286,9.08,35.285,270.0,4.71238898,-8.0,-0.13962634,0.0,True,False
1116,372,scene_2,scene_2_y04,4,route_right,2.095714286,9.08,35.285,305.0,5.323254219,-8.0,-0.13962634,35.0,True,False
1117,373,scene_2,scene_2_y04,4,route_left,2.667142857,9.08,35.285,235.0,4.101523742,-8.0,-0.13962634,-35.0,True,False
1118,373,scene_2,scene_2_y04,4,route_forward,2.667142857,9.08,35.285,270.0,4.71238898,-8.0,-0.13962634,0.0,True,False
1119,373,scene_2,scene_2_y04,4,route_right,2.667142857,9.08,35.285,305.0,5.323254219,-8.0,-0.13962634,35.0,True,False
1120,374,scene_2,scene_2_y04,4,route_left,3.238571429,9.08,35.285,325.0,5.672320069,-8.0,-0.13962634,-35.0,True,False
1121,374,scene_2,scene_2_y04,4,route_forward,3.238571429,9.08,35.285,0.0,0.0,-8.0,-0.13962634,0.0,True,False
1122,374,scene_2,scene_2_y04,4,route_right,3.238571429,9.08,35.285,35.0,0.610865238,-8.0,-0.13962634,35.0,True,False
1123,375,scene_2,scene_2_y04,4,route_left,3.238571429,9.08,34.654285714,55.0,0.959931089,-8.0,-0.13962634,-35.0,True,False
1124,375,scene_2,scene_2_y04,4,route_forward,3.238571429,9.08,34.654285714,90.0,1.570796327,-8.0,-0.13962634,0.0,True,False
1125,375,scene_2,scene_2_y04,4,route_right,3.238571429,9.08,34.654285714,125.0,2.181661565,-8.0,-0.13962634,35.0,True,False
1126,376,scene_2,scene_2_y04,4,route_left,2.667142857,9.08,34.654285714,55.0,0.959931089,-8.0,-0.13962634,-35.0,True,False
1127,376,scene_2,scene_2_y04,4,route_forward,2.667142857,9.08,34.654285714,90.0,1.570796327,-8.0,-0.13962634,0.0,True,False
1128,376,scene_2,scene_2_y04,4,route_right,2.667142857,9.08,34.654285714,125.0,2.181661565,-8.0,-0.13962634,35.0,True,False
1129,377,scene_2,scene_2_y04,4,route_left,2.095714286,9.08,34.654285714,55.0,0.959931089,-8.0,-0.13962634,-35.0,True,False
1130,377,scene_2,scene_2_y04,4,route_forward,2.095714286,9.08,34.654285714,90.0,1.570796327,-8.0,-0.13962634,0.0,True,False
1131,377,scene_2,scene_2_y04,4,route_right,2.095714286,9.08,34.654285714,125.0,2.181661565,-8.0,-0.13962634,35.0,True,False
1132,378,scene_2,scene_2_y04,4,route_left,1.524285714,9.08,34.654285714,55.0,0.959931089,-8.0,-0.13962634,-35.0,True,False
1133,378,scene_2,scene_2_y04,4,route_forward,1.524285714,9.08,34.654285714,90.0,1.570796327,-8.0,-0.13962634,0.0,True,False
1134,378,scene_2,scene_2_y04,4,route_right,1.524285714,9.08,34.654285714,125.0,2.181661565,-8.0,-0.13962634,35.0,True,False
1135,379,scene_2,scene_2_y04,4,route_left,-1.332857143,9.08,34.654285714,55.0,0.959931089,-8.0,-0.13962634,-35.0,True,False
1136,379,scene_2,scene_2_y04,4,route_forward,-1.332857143,9.08,34.654285714,90.0,1.570796327,-8.0,-0.13962634,0.0,True,False
1137,379,scene_2,scene_2_y04,4,route_right,-1.332857143,9.08,34.654285714,125.0,2.181661565,-8.0,-0.13962634,35.0,True,False
1138,380,scene_2,scene_2_y04,4,route_left,-1.904285714,9.08,34.654285714,55.0,0.959931089,-8.0,-0.13962634,-35.0,True,False
1139,380,scene_2,scene_2_y04,4,route_forward,-1.904285714,9.08,34.654285714,90.0,1.570796327,-8.0,-0.13962634,0.0,True,False
1140,380,scene_2,scene_2_y04,4,route_right,-1.904285714,9.08,34.654285714,125.0,2.181661565,-8.0,-0.13962634,35.0,True,False
1141,381,scene_2,scene_2_y04,4,route_left,-2.475714286,9.08,34.654285714,55.0,0.959931089,-8.0,-0.13962634,-35.0,True,False
1142,381,scene_2,scene_2_y04,4,route_forward,-2.475714286,9.08,34.654285714,90.0,1.570796327,-8.0,-0.13962634,0.0,True,False
1143,381,scene_2,scene_2_y04,4,route_right,-2.475714286,9.08,34.654285714,125.0,2.181661565,-8.0,-0.13962634,35.0,True,False
1144,382,scene_2,scene_2_y04,4,route_left,-3.047142857,9.08,34.654285714,55.0,0.959931089,-8.0,-0.13962634,-35.0,True,False
1145,382,scene_2,scene_2_y04,4,route_forward,-3.047142857,9.08,34.654285714,90.0,1.570796327,-8.0,-0.13962634,0.0,True,False
1146,382,scene_2,scene_2_y04,4,route_right,-3.047142857,9.08,34.654285714,125.0,2.181661565,-8.0,-0.13962634,35.0,True,False
1147,383,scene_2,scene_2_y04,4,route_left,-3.618571429,9.08,34.654285714,325.0,5.672320069,-8.0,-0.13962634,-35.0,True,False
1148,383,scene_2,scene_2_y04,4,route_forward,-3.618571429,9.08,34.654285714,0.0,0.0,-8.0,-0.13962634,0.0,True,False
1149,383,scene_2,scene_2_y04,4,route_right,-3.618571429,9.08,34.654285714,35.0,0.610865238,-8.0,-0.13962634,35.0,True,False
1150,384,scene_2,scene_2_y04,4,route_left,-3.618571429,9.08,34.023571429,235.0,4.101523742,-8.0,-0.13962634,-35.0,True,False
1151,384,scene_2,scene_2_y04,4,route_forward,-3.618571429,9.08,34.023571429,270.0,4.71238898,-8.0,-0.13962634,0.0,True,False
1152,384,scene_2,scene_2_y04,4,route_right,-3.618571429,9.08,34.023571429,305.0,5.323254219,-8.0,-0.13962634,35.0,True,False
1153,385,scene_2,scene_2_y04,4,route_left,-3.047142857,9.08,34.023571429,235.0,4.101523742,-8.0,-0.13962634,-35.0,True,False
1154,385,scene_2,scene_2_y04,4,route_forward,-3.047142857,9.08,34.023571429,270.0,4.71238898,-8.0,-0.13962634,0.0,True,False
1155,385,scene_2,scene_2_y04,4,route_right,-3.047142857,9.08,34.023571429,305.0,5.323254219,-8.0,-0.13962634,35.0,True,False
1156,386,scene_2,scene_2_y04,4,route_left,-2.475714286,9.08,34.023571429,235.0,4.101523742,-8.0,-0.13962634,-35.0,True,False
1157,386,scene_2,scene_2_y04,4,route_forward,-2.475714286,9.08,34.023571429,270.0,4.71238898,-8.0,-0.13962634,0.0,True,False
1158,386,scene_2,scene_2_y04,4,route_right,-2.475714286,9.08,34.023571429,305.0,5.323254219,-8.0,-0.13962634,35.0,True,False
1159,387,scene_2,scene_2_y04,4,route_left,-1.904285714,9.08,34.023571429,235.0,4.101523742,-8.0,-0.13962634,-35.0,True,False
1160,387,scene_2,scene_2_y04,4,route_forward,-1.904285714,9.08,34.023571429,270.0,4.71238898,-8.0,-0.13962634,0.0,True,False
1161,387,scene_2,scene_2_y04,4,route_right,-1.904285714,9.08,34.023571429,305.0,5.323254219,-8.0,-0.13962634,35.0,True,False
1162,388,scene_2,scene_2_y04,4,route_left,-1.332857143,9.08,34.023571429,235.0,4.101523742,-8.0,-0.13962634,-35.0,True,False
1163,388,scene_2,scene_2_y04,4,route_forward,-1.332857143,9.08,34.023571429,270.0,4.71238898,-8.0,-0.13962634,0.0,True,False
1164,388,scene_2,scene_2_y04,4,route_right,-1.332857143,9.08,34.023571429,305.0,5.323254219,-8.0,-0.13962634,35.0,True,False
1165,389,scene_2,scene_2_y04,4,route_left,-0.761428571,9.08,34.023571429,235.0,4.101523742,-8.0,-0.13962634,-35.0,True,False
1166,389,scene_2,scene_2_y04,4,route_forward,-0.761428571,9.08,34.023571429,270.0,4.71238898,-8.0,-0.13962634,0.0,True,False
1167,389,scene_2,scene_2_y04,4,route_right,-0.761428571,9.08,34.023571429,305.0,5.323254219,-8.0,-0.13962634,35.0,True,False
1168,390,scene_2,scene_2_y04,4,route_left,0.381428571,9.08,34.023571429,235.0,4.101523742,-8.0,-0.13962634,-35.0,True,False
1169,390,scene_2,scene_2_y04,4,route_forward,0.381428571,9.08,34.023571429,270.0,4.71238898,-8.0,-0.13962634,0.0,True,False
1170,390,scene_2,scene_2_y04,4,route_right,0.381428571,9.08,34.023571429,305.0,5.323254219,-8.0,-0.13962634,35.0,True,False
1171,391,scene_2,scene_2_y04,4,route_left,0.952857143,9.08,34.023571429,235.0,4.101523742,-8.0,-0.13962634,-35.0,True,False
1172,391,scene_2,scene_2_y04,4,route_forward,0.952857143,9.08,34.023571429,270.0,4.71238898,-8.0,-0.13962634,0.0,True,False
1173,391,scene_2,scene_2_y04,4,route_right,0.952857143,9.08,34.023571429,305.0,5.323254219,-8.0,-0.13962634,35.0,True,False
1174,392,scene_2,scene_2_y04,4,route_left,1.524285714,9.08,34.023571429,235.0,4.101523742,-8.0,-0.13962634,-35.0,True,False
1175,392,scene_2,scene_2_y04,4,route_forward,1.524285714,9.08,34.023571429,270.0,4.71238898,-8.0,-0.13962634,0.0,True,False
1176,392,scene_2,scene_2_y04,4,route_right,1.524285714,9.08,34.023571429,305.0,5.323254219,-8.0,-0.13962634,35.0,True,False
1177,393,scene_2,scene_2_y04,4,route_left,2.095714286,9.08,34.023571429,235.0,4.101523742,-8.0,-0.13962634,-35.0,True,False
1178,393,scene_2,scene_2_y04,4,route_forward,2.095714286,9.08,34.023571429,270.0,4.71238898,-8.0,-0.13962634,0.0,True,False
1179,393,scene_2,scene_2_y04,4,route_right,2.095714286,9.08,34.023571429,305.0,5.323254219,-8.0,-0.13962634,35.0,True,False
1180,394,scene_2,scene_2_y04,4,route_left,2.667142857,9.08,34.023571429,235.0,4.101523742,-8.0,-0.13962634,-35.0,True,False
1181,394,scene_2,scene_2_y04,4,route_forward,2.667142857,9.08,34.023571429,270.0,4.71238898,-8.0,-0.13962634,0.0,True,False
1182,394,scene_2,scene_2_y04,4,route_right,2.667142857,9.08,34.023571429,305.0,5.323254219,-8.0,-0.13962634,35.0,True,False
1183,395,scene_2,scene_2_y04,4,route_left,3.238571429,9.08,34.023571429,325.0,5.672320069,-8.0,-0.13962634,-35.0,True,False
1184,395,scene_2,scene_2_y04,4,route_forward,3.238571429,9.08,34.023571429,0.0,0.0,-8.0,-0.13962634,0.0,True,False
1185,395,scene_2,scene_2_y04,4,route_right,3.238571429,9.08,34.023571429,35.0,0.610865238,-8.0,-0.13962634,35.0,True,False
1186,396,scene_2,scene_2_y04,4,route_left,3.238571429,9.08,33.392857143,55.0,0.959931089,-8.0,-0.13962634,-35.0,True,False
1187,396,scene_2,scene_2_y04,4,route_forward,3.238571429,9.08,33.392857143,90.0,1.570796327,-8.0,-0.13962634,0.0,True,False
1188,396,scene_2,scene_2_y04,4,route_right,3.238571429,9.08,33.392857143,125.0,2.181661565,-8.0,-0.13962634,35.0,True,False
1189,397,scene_2,scene_2_y04,4,route_left,2.667142857,9.08,33.392857143,55.0,0.959931089,-8.0,-0.13962634,-35.0,True,False
1190,397,scene_2,scene_2_y04,4,route_forward,2.667142857,9.08,33.392857143,90.0,1.570796327,-8.0,-0.13962634,0.0,True,False
1191,397,scene_2,scene_2_y04,4,route_right,2.667142857,9.08,33.392857143,125.0,2.181661565,-8.0,-0.13962634,35.0,True,False
1192,398,scene_2,scene_2_y04,4,route_left,2.095714286,9.08,33.392857143,55.0,0.959931089,-8.0,-0.13962634,-35.0,True,False
1193,398,scene_2,scene_2_y04,4,route_forward,2.095714286,9.08,33.392857143,90.0,1.570796327,-8.0,-0.13962634,0.0,True,False
1194,398,scene_2,scene_2_y04,4,route_right,2.095714286,9.08,33.392857143,125.0,2.181661565,-8.0,-0.13962634,35.0,True,False
1195,399,scene_2,scene_2_y04,4,route_left,1.524285714,9.08,33.392857143,55.0,0.959931089,-8.0,-0.13962634,-35.0,True,False
1196,399,scene_2,scene_2_y04,4,route_forward,1.524285714,9.08,33.392857143,90.0,1.570796327,-8.0,-0.13962634,0.0,True,False
1197,399,scene_2,scene_2_y04,4,route_right,1.524285714,9.08,33.392857143,125.0,2.181661565,-8.0,-0.13962634,35.0,True,False
1198,400,scene_2,scene_2_y04,4,route_left,0.952857143,9.08,33.392857143,55.0,0.959931089,-8.0,-0.13962634,-35.0,True,False
1199,400,scene_2,scene_2_y04,4,route_forward,0.952857143,9.08,33.392857143,90.0,1.570796327,-8.0,-0.13962634,0.0,True,False
1200,400,scene_2,scene_2_y04,4,route_right,0.952857143,9.08,33.392857143,125.0,2.181661565,-8.0,-0.13962634,35.0,True,False
1201,401,scene_2,scene_2_y04,4,route_left,0.381428571,9.08,33.392857143,55.0,0.959931089,-8.0,-0.13962634,-35.0,True,False
1202,401,scene_2,scene_2_y04,4,route_forward,0.381428571,9.08,33.392857143,90.0,1.570796327,-8.0,-0.13962634,0.0,True,False
1203,401,scene_2,scene_2_y04,4,route_right,0.381428571,9.08,33.392857143,125.0,2.181661565,-8.0,-0.13962634,35.0,True,False
1204,402,scene_2,scene_2_y04,4,route_left,-0.19,9.08,33.392857143,55.0,0.959931089,-8.0,-0.13962634,-35.0,True,False
1205,402,scene_2,scene_2_y04,4,route_forward,-0.19,9.08,33.392857143,90.0,1.570796327,-8.0,-0.13962634,0.0,True,False
1206,402,scene_2,scene_2_y04,4,route_right,-0.19,9.08,33.392857143,125.0,2.181661565,-8.0,-0.13962634,35.0,True,False
1207,403,scene_2,scene_2_y04,4,route_left,-0.761428571,9.08,33.392857143,55.0,0.959931089,-8.0,-0.13962634,-35.0,True,False
1208,403,scene_2,scene_2_y04,4,route_forward,-0.761428571,9.08,33.392857143,90.0,1.570796327,-8.0,-0.13962634,0.0,True,False
1209,403,scene_2,scene_2_y04,4,route_right,-0.761428571,9.08,33.392857143,125.0,2.181661565,-8.0,-0.13962634,35.0,True,False
1210,404,scene_2,scene_2_y04,4,route_left,-1.332857143,9.08,33.392857143,55.0,0.959931089,-8.0,-0.13962634,-35.0,True,False
1211,404,scene_2,scene_2_y04,4,route_forward,-1.332857143,9.08,33.392857143,90.0,1.570796327,-8.0,-0.13962634,0.0,True,False
1212,404,scene_2,scene_2_y04,4,route_right,-1.332857143,9.08,33.392857143,125.0,2.181661565,-8.0,-0.13962634,35.0,True,False
1213,405,scene_2,scene_2_y04,4,route_left,-1.904285714,9.08,33.392857143,55.0,0.959931089,-8.0,-0.13962634,-35.0,True,False
1214,405,scene_2,scene_2_y04,4,route_forward,-1.904285714,9.08,33.392857143,90.0,1.570796327,-8.0,-0.13962634,0.0,True,False
1215,405,scene_2,scene_2_y04,4,route_right,-1.904285714,9.08,33.392857143,125.0,2.181661565,-8.0,-0.13962634,35.0,True,False
1216,406,scene_2,scene_2_y04,4,route_left,-2.475714286,9.08,33.392857143,55.0,0.959931089,-8.0,-0.13962634,-35.0,True,False
1217,406,scene_2,scene_2_y04,4,route_forward,-2.475714286,9.08,33.392857143,90.0,1.570796327,-8.0,-0.13962634,0.0,True,False
1218,406,scene_2,scene_2_y04,4,route_right,-2.475714286,9.08,33.392857143,125.0,2.181661565,-8.0,-0.13962634,35.0,True,False
1219,407,scene_2,scene_2_y04,4,route_left,-3.047142857,9.08,33.392857143,55.0,0.959931089,-8.0,-0.13962634,-35.0,True,False
1220,407,scene_2,scene_2_y04,4,route_forward,-3.047142857,9.08,33.392857143,90.0,1.570796327,-8.0,-0.13962634,0.0,True,False
1221,407,scene_2,scene_2_y04,4,route_right,-3.047142857,9.08,33.392857143,125.0,2.181661565,-8.0,-0.13962634,35.0,True,False
1222,408,scene_2,scene_2_y04,4,route_left,-3.618571429,9.08,33.392857143,282.823351119,4.936198679,-8.0,-0.13962634,-35.0,True,False
1223,408,scene_2,scene_2_y04,4,route_forward,-3.618571429,9.08,33.392857143,317.823351119,5.547063917,-8.0,-0.13962634,0.0,True,False
1224,408,scene_2,scene_2_y04,4,route_right,-3.618571429,9.08,33.392857143,352.823351119,6.157929155,-8.0,-0.13962634,35.0,True,False
1225,409,scene_2,scene_2_y04,4,route_left,-3.047142857,9.08,32.762142857,235.0,4.101523742,-8.0,-0.13962634,-35.0,True,False
1226,409,scene_2,scene_2_y04,4,route_forward,-3.047142857,9.08,32.762142857,270.0,4.71238898,-8.0,-0.13962634,0.0,True,False
1227,409,scene_2,scene_2_y04,4,route_right,-3.047142857,9.08,32.762142857,305.0,5.323254219,-8.0,-0.13962634,35.0,True,False
1228,410,scene_2,scene_2_y04,4,route_left,-2.475714286,9.08,32.762142857,235.0,4.101523742,-8.0,-0.13962634,-35.0,True,False
1229,410,scene_2,scene_2_y04,4,route_forward,-2.475714286,9.08,32.762142857,270.0,4.71238898,-8.0,-0.13962634,0.0,True,False
1230,410,scene_2,scene_2_y04,4,route_right,-2.475714286,9.08,32.762142857,305.0,5.323254219,-8.0,-0.13962634,35.0,True,False
1231,411,scene_2,scene_2_y04,4,route_left,-1.904285714,9.08,32.762142857,235.0,4.101523742,-8.0,-0.13962634,-35.0,True,False
1232,411,scene_2,scene_2_y04,4,route_forward,-1.904285714,9.08,32.762142857,270.0,4.71238898,-8.0,-0.13962634,0.0,True,False
1233,411,scene_2,scene_2_y04,4,route_right,-1.904285714,9.08,32.762142857,305.0,5.323254219,-8.0,-0.13962634,35.0,True,False
1234,412,scene_2,scene_2_y04,4,route_left,-1.332857143,9.08,32.762142857,235.0,4.101523742,-8.0,-0.13962634,-35.0,True,False
1235,412,scene_2,scene_2_y04,4,route_forward,-1.332857143,9.08,32.762142857,270.0,4.71238898,-8.0,-0.13962634,0.0,True,False
1236,412,scene_2,scene_2_y04,4,route_right,-1.332857143,9.08,32.762142857,305.0,5.323254219,-8.0,-0.13962634,35.0,True,False
1237,413,scene_2,scene_2_y04,4,route_left,-0.761428571,9.08,32.762142857,235.0,4.101523742,-8.0,-0.13962634,-35.0,True,False
1238,413,scene_2,scene_2_y04,4,route_forward,-0.761428571,9.08,32.762142857,270.0,4.71238898,-8.0,-0.13962634,0.0,True,False
1239,413,scene_2,scene_2_y04,4,route_right,-0.761428571,9.08,32.762142857,305.0,5.323254219,-8.0,-0.13962634,35.0,True,False
1240,414,scene_2,scene_2_y04,4,route_left,-0.19,9.08,32.762142857,235.0,4.101523742,-8.0,-0.13962634,-35.0,True,False
1241,414,scene_2,scene_2_y04,4,route_forward,-0.19,9.08,32.762142857,270.0,4.71238898,-8.0,-0.13962634,0.0,True,False
1242,414,scene_2,scene_2_y04,4,route_right,-0.19,9.08,32.762142857,305.0,5.323254219,-8.0,-0.13962634,35.0,True,False
1243,415,scene_2,scene_2_y04,4,route_left,0.381428571,9.08,32.762142857,235.0,4.101523742,-8.0,-0.13962634,-35.0,True,False
1244,415,scene_2,scene_2_y04,4,route_forward,0.381428571,9.08,32.762142857,270.0,4.71238898,-8.0,-0.13962634,0.0,True,False
1245,415,scene_2,scene_2_y04,4,route_right,0.381428571,9.08,32.762142857,305.0,5.323254219,-8.0,-0.13962634,35.0,True,False
1246,416,scene_2,scene_2_y04,4,route_left,0.952857143,9.08,32.762142857,235.0,4.101523742,-8.0,-0.13962634,-35.0,True,False
1247,416,scene_2,scene_2_y04,4,route_forward,0.952857143,9.08,32.762142857,270.0,4.71238898,-8.0,-0.13962634,0.0,True,False
1248,416,scene_2,scene_2_y04,4,route_right,0.952857143,9.08,32.762142857,305.0,5.323254219,-8.0,-0.13962634,35.0,True,False
1249,417,scene_2,scene_2_y04,4,route_left,1.524285714,9.08,32.762142857,235.0,4.101523742,-8.0,-0.13962634,-35.0,True,False
1250,417,scene_2,scene_2_y04,4,route_forward,1.524285714,9.08,32.762142857,270.0,4.71238898,-8.0,-0.13962634,0.0,True,False
1251,417,scene_2,scene_2_y04,4,route_right,1.524285714,9.08,32.762142857,305.0,5.323254219,-8.0,-0.13962634,35.0,True,False
1252,418,scene_2,scene_2_y04,4,route_left,2.095714286,9.08,32.762142857,235.0,4.101523742,-8.0,-0.13962634,-35.0,True,False
1253,418,scene_2,scene_2_y04,4,route_forward,2.095714286,9.08,32.762142857,270.0,4.71238898,-8.0,-0.13962634,0.0,True,False
1254,418,scene_2,scene_2_y04,4,route_right,2.095714286,9.08,32.762142857,305.0,5.323254219,-8.0,-0.13962634,35.0,True,False
1255,419,scene_2,scene_2_y04,4,route_left,2.667142857,9.08,32.762142857,235.0,4.101523742,-8.0,-0.13962634,-35.0,True,False
1256,419,scene_2,scene_2_y04,4,route_forward,2.667142857,9.08,32.762142857,270.0,4.71238898,-8.0,-0.13962634,0.0,True,False
1257,419,scene_2,scene_2_y04,4,route_right,2.667142857,9.08,32.762142857,305.0,5.323254219,-8.0,-0.13962634,35.0,True,False
1258,420,scene_2,scene_2_y04,4,route_left,3.238571429,9.08,32.762142857,325.0,5.672320069,-8.0,-0.13962634,-35.0,True,False
1259,420,scene_2,scene_2_y04,4,route_forward,3.238571429,9.08,32.762142857,0.0,0.0,-8.0,-0.13962634,0.0,True,False
1260,420,scene_2,scene_2_y04,4,route_right,3.238571429,9.08,32.762142857,35.0,0.610865238,-8.0,-0.13962634,35.0,True,False
1261,421,scene_2,scene_2_y04,4,route_left,3.238571429,9.08,32.131428571,55.0,0.959931089,-8.0,-0.13962634,-35.0,True,False
1262,421,scene_2,scene_2_y04,4,route_forward,3.238571429,9.08,32.131428571,90.0,1.570796327,-8.0,-0.13962634,0.0,True,False
1263,421,scene_2,scene_2_y04,4,route_right,3.238571429,9.08,32.131428571,125.0,2.181661565,-8.0,-0.13962634,35.0,True,False
1264,422,scene_2,scene_2_y04,4,route_left,2.667142857,9.08,32.131428571,55.0,0.959931089,-8.0,-0.13962634,-35.0,True,False
1265,422,scene_2,scene_2_y04,4,route_forward,2.667142857,9.08,32.131428571,90.0,1.570796327,-8.0,-0.13962634,0.0,True,False
1266,422,scene_2,scene_2_y04,4,route_right,2.667142857,9.08,32.131428571,125.0,2.181661565,-8.0,-0.13962634,35.0,True,False
1267,423,scene_2,scene_2_y04,4,route_left,2.095714286,9.08,32.131428571,55.0,0.959931089,-8.0,-0.13962634,-35.0,True,False
1268,423,scene_2,scene_2_y04,4,route_forward,2.095714286,9.08,32.131428571,90.0,1.570796327,-8.0,-0.13962634,0.0,True,False
1269,423,scene_2,scene_2_y04,4,route_right,2.095714286,9.08,32.131428571,125.0,2.181661565,-8.0,-0.13962634,35.0,True,False
1270,424,scene_2,scene_2_y04,4,route_left,1.524285714,9.08,32.131428571,55.0,0.959931089,-8.0,-0.13962634,-35.0,True,False
1271,424,scene_2,scene_2_y04,4,route_forward,1.524285714,9.08,32.131428571,90.0,1.570796327,-8.0,-0.13962634,0.0,True,False
1272,424,scene_2,scene_2_y04,4,route_right,1.524285714,9.08,32.131428571,125.0,2.181661565,-8.0,-0.13962634,35.0,True,False
1273,425,scene_2,scene_2_y04,4,route_left,0.952857143,9.08,32.131428571,55.0,0.959931089,-8.0,-0.13962634,-35.0,True,False
1274,425,scene_2,scene_2_y04,4,route_forward,0.952857143,9.08,32.131428571,90.0,1.570796327,-8.0,-0.13962634,0.0,True,False
1275,425,scene_2,scene_2_y04,4,route_right,0.952857143,9.08,32.131428571,125.0,2.181661565,-8.0,-0.13962634,35.0,True,False
1276,426,scene_2,scene_2_y04,4,route_left,0.381428571,9.08,32.131428571,55.0,0.959931089,-8.0,-0.13962634,-35.0,True,False
1277,426,scene_2,scene_2_y04,4,route_forward,0.381428571,9.08,32.131428571,90.0,1.570796327,-8.0,-0.13962634,0.0,True,False
1278,426,scene_2,scene_2_y04,4,route_right,0.381428571,9.08,32.131428571,125.0,2.181661565,-8.0,-0.13962634,35.0,True,False
1279,427,scene_2,scene_2_y04,4,route_left,-0.19,9.08,32.131428571,55.0,0.959931089,-8.0,-0.13962634,-35.0,True,False
1280,427,scene_2,scene_2_y04,4,route_forward,-0.19,9.08,32.131428571,90.0,1.570796327,-8.0,-0.13962634,0.0,True,False
1281,427,scene_2,scene_2_y04,4,route_right,-0.19,9.08,32.131428571,125.0,2.181661565,-8.0,-0.13962634,35.0,True,False
1282,428,scene_2,scene_2_y04,4,route_left,-0.761428571,9.08,32.131428571,55.0,0.959931089,-8.0,-0.13962634,-35.0,True,False
1283,428,scene_2,scene_2_y04,4,route_forward,-0.761428571,9.08,32.131428571,90.0,1.570796327,-8.0,-0.13962634,0.0,True,False
1284,428,scene_2,scene_2_y04,4,route_right,-0.761428571,9.08,32.131428571,125.0,2.181661565,-8.0,-0.13962634,35.0,True,False
1285,429,scene_2,scene_2_y04,4,route_left,-1.332857143,9.08,32.131428571,55.0,0.959931089,-8.0,-0.13962634,-35.0,True,False
1286,429,scene_2,scene_2_y04,4,route_forward,-1.332857143,9.08,32.131428571,90.0,1.570796327,-8.0,-0.13962634,0.0,True,False
1287,429,scene_2,scene_2_y04,4,route_right,-1.332857143,9.08,32.131428571,125.0,2.181661565,-8.0,-0.13962634,35.0,True,False
1288,430,scene_2,scene_2_y04,4,route_left,-1.904285714,9.08,32.131428571,55.0,0.959931089,-8.0,-0.13962634,-35.0,True,False
1289,430,scene_2,scene_2_y04,4,route_forward,-1.904285714,9.08,32.131428571,90.0,1.570796327,-8.0,-0.13962634,0.0,True,False
1290,430,scene_2,scene_2_y04,4,route_right,-1.904285714,9.08,32.131428571,125.0,2.181661565,-8.0,-0.13962634,35.0,True,False
1291,431,scene_2,scene_2_y04,4,route_left,-2.475714286,9.08,32.131428571,55.0,0.959931089,-8.0,-0.13962634,-35.0,True,False
1292,431,scene_2,scene_2_y04,4,route_forward,-2.475714286,9.08,32.131428571,90.0,1.570796327,-8.0,-0.13962634,0.0,True,False
1293,431,scene_2,scene_2_y04,4,route_right,-2.475714286,9.08,32.131428571,125.0,2.181661565,-8.0,-0.13962634,35.0,True,False
1294,432,scene_2,scene_2_y04,4,route_left,-3.047142857,9.08,32.131428571,325.0,5.672320069,-8.0,-0.13962634,-35.0,True,False
1295,432,scene_2,scene_2_y04,4,route_forward,-3.047142857,9.08,32.131428571,0.0,0.0,-8.0,-0.13962634,0.0,True,False
1296,432,scene_2,scene_2_y04,4,route_right,-3.047142857,9.08,32.131428571,35.0,0.610865238,-8.0,-0.13962634,35.0,True,False
1297,433,scene_2,scene_2_y04,4,route_left,-3.047142857,9.08,31.500714286,235.0,4.101523742,-8.0,-0.13962634,-35.0,True,False
1298,433,scene_2,scene_2_y04,4,route_forward,-3.047142857,9.08,31.500714286,270.0,4.71238898,-8.0,-0.13962634,0.0,True,False
1299,433,scene_2,scene_2_y04,4,route_right,-3.047142857,9.08,31.500714286,305.0,5.323254219,-8.0,-0.13962634,35.0,True,False
1300,434,scene_2,scene_2_y04,4,route_left,-2.475714286,9.08,31.500714286,235.0,4.101523742,-8.0,-0.13962634,-35.0,True,False
1301,434,scene_2,scene_2_y04,4,route_forward,-2.475714286,9.08,31.500714286,270.0,4.71238898,-8.0,-0.13962634,0.0,True,False
1302,434,scene_2,scene_2_y04,4,route_right,-2.475714286,9.08,31.500714286,305.0,5.323254219,-8.0,-0.13962634,35.0,True,False
1303,435,scene_2,scene_2_y05,5,route_left,-3.047142857,10.34,32.131428571,235.0,4.101523742,-14.0,-0.244346095,-35.0,True,False
1304,435,scene_2,scene_2_y05,5,route_forward,-3.047142857,10.34,32.131428571,270.0,4.71238898,-14.0,-0.244346095,0.0,True,False
1305,435,scene_2,scene_2_y05,5,route_right,-3.047142857,10.34,32.131428571,305.0,5.323254219,-14.0,-0.244346095,35.0,True,False
1306,436,scene_2,scene_2_y05,5,route_left,-2.475714286,10.34,32.131428571,235.0,4.101523742,-14.0,-0.244346095,-35.0,True,False
1307,436,scene_2,scene_2_y05,5,route_forward,-2.475714286,10.34,32.131428571,270.0,4.71238898,-14.0,-0.244346095,0.0,True,False
1308,436,scene_2,scene_2_y05,5,route_right,-2.475714286,10.34,32.131428571,305.0,5.323254219,-14.0,-0.244346095,35.0,True,False
1309,437,scene_2,scene_2_y05,5,route_left,-1.904285714,10.34,32.131428571,235.0,4.101523742,-14.0,-0.244346095,-35.0,True,False
1310,437,scene_2,scene_2_y05,5,route_forward,-1.904285714,10.34,32.131428571,270.0,4.71238898,-14.0,-0.244346095,0.0,True,False
1311,437,scene_2,scene_2_y05,5,route_right,-1.904285714,10.34,32.131428571,305.0,5.323254219,-14.0,-0.244346095,35.0,True,False
1312,438,scene_2,scene_2_y05,5,route_left,-1.332857143,10.34,32.131428571,235.0,4.101523742,-14.0,-0.244346095,-35.0,True,False
1313,438,scene_2,scene_2_y05,5,route_forward,-1.332857143,10.34,32.131428571,270.0,4.71238898,-14.0,-0.244346095,0.0,True,False
1314,438,scene_2,scene_2_y05,5,route_right,-1.332857143,10.34,32.131428571,305.0,5.323254219,-14.0,-0.244346095,35.0,True,False
1315,439,scene_2,scene_2_y05,5,route_left,-0.761428571,10.34,32.131428571,235.0,4.101523742,-14.0,-0.244346095,-35.0,True,False
1316,439,scene_2,scene_2_y05,5,route_forward,-0.761428571,10.34,32.131428571,270.0,4.71238898,-14.0,-0.244346095,0.0,True,False
1317,439,scene_2,scene_2_y05,5,route_right,-0.761428571,10.34,32.131428571,305.0,5.323254219,-14.0,-0.244346095,35.0,True,False
1318,440,scene_2,scene_2_y05,5,route_left,-0.19,10.34,32.131428571,235.0,4.101523742,-14.0,-0.244346095,-35.0,True,False
1319,440,scene_2,scene_2_y05,5,route_forward,-0.19,10.34,32.131428571,270.0,4.71238898,-14.0,-0.244346095,0.0,True,False
1320,440,scene_2,scene_2_y05,5,route_right,-0.19,10.34,32.131428571,305.0,5.323254219,-14.0,-0.244346095,35.0,True,False
1321,441,scene_2,scene_2_y05,5,route_left,0.381428571,10.34,32.131428571,235.0,4.101523742,-14.0,-0.244346095,-35.0,True,False
1322,441,scene_2,scene_2_y05,5,route_forward,0.381428571,10.34,32.131428571,270.0,4.71238898,-14.0,-0.244346095,0.0,True,False
1323,441,scene_2,scene_2_y05,5,route_right,0.381428571,10.34,32.131428571,305.0,5.323254219,-14.0,-0.244346095,35.0,True,False
1324,442,scene_2,scene_2_y05,5,route_left,0.952857143,10.34,32.131428571,235.0,4.101523742,-14.0,-0.244346095,-35.0,True,False
1325,442,scene_2,scene_2_y05,5,route_forward,0.952857143,10.34,32.131428571,270.0,4.71238898,-14.0,-0.244346095,0.0,True,False
1326,442,scene_2,scene_2_y05,5,route_right,0.952857143,10.34,32.131428571,305.0,5.323254219,-14.0,-0.244346095,35.0,True,False
1327,443,scene_2,scene_2_y05,5,route_left,1.524285714,10.34,32.131428571,235.0,4.101523742,-14.0,-0.244346095,-35.0,True,False
1328,443,scene_2,scene_2_y05,5,route_forward,1.524285714,10.34,32.131428571,270.0,4.71238898,-14.0,-0.244346095,0.0,True,False
1329,443,scene_2,scene_2_y05,5,route_right,1.524285714,10.34,32.131428571,305.0,5.323254219,-14.0,-0.244346095,35.0,True,False
1330,444,scene_2,scene_2_y05,5,route_left,2.095714286,10.34,32.131428571,235.0,4.101523742,-14.0,-0.244346095,-35.0,True,False
1331,444,scene_2,scene_2_y05,5,route_forward,2.095714286,10.34,32.131428571,270.0,4.71238898,-14.0,-0.244346095,0.0,True,False
1332,444,scene_2,scene_2_y05,5,route_right,2.095714286,10.34,32.131428571,305.0,5.323254219,-14.0,-0.244346095,35.0,True,False
1333,445,scene_2,scene_2_y05,5,route_left,2.667142857,10.34,32.131428571,235.0,4.101523742,-14.0,-0.244346095,-35.0,True,False
1334,445,scene_2,scene_2_y05,5,route_forward,2.667142857,10.34,32.131428571,270.0,4.71238898,-14.0,-0.244346095,0.0,True,False
1335,445,scene_2,scene_2_y05,5,route_right,2.667142857,10.34,32.131428571,305.0,5.323254219,-14.0,-0.244346095,35.0,True,False
1336,446,scene_2,scene_2_y05,5,route_left,3.238571429,10.34,32.131428571,145.0,2.530727415,-14.0,-0.244346095,-35.0,True,False
1337,446,scene_2,scene_2_y05,5,route_forward,3.238571429,10.34,32.131428571,180.0,3.141592654,-14.0,-0.244346095,0.0,True,False
1338,446,scene_2,scene_2_y05,5,route_right,3.238571429,10.34,32.131428571,215.0,3.752457892,-14.0,-0.244346095,35.0,True,False
1339,447,scene_2,scene_2_y05,5,route_left,3.238571429,10.34,32.762142857,55.0,0.959931089,-14.0,-0.244346095,-35.0,True,False
1340,447,scene_2,scene_2_y05,5,route_forward,3.238571429,10.34,32.762142857,90.0,1.570796327,-14.0,-0.244346095,0.0,True,False
1341,447,scene_2,scene_2_y05,5,route_right,3.238571429,10.34,32.762142857,125.0,2.181661565,-14.0,-0.244346095,35.0,True,False
1342,448,scene_2,scene_2_y05,5,route_left,2.667142857,10.34,32.762142857,55.0,0.959931089,-14.0,-0.244346095,-35.0,True,False
1343,448,scene_2,scene_2_y05,5,route_forward,2.667142857,10.34,32.762142857,90.0,1.570796327,-14.0,-0.244346095,0.0,True,False
1344,448,scene_2,scene_2_y05,5,route_right,2.667142857,10.34,32.762142857,125.0,2.181661565,-14.0,-0.244346095,35.0,True,False
1345,449,scene_2,scene_2_y05,5,route_left,2.095714286,10.34,32.762142857,55.0,0.959931089,-14.0,-0.244346095,-35.0,True,False
1346,449,scene_2,scene_2_y05,5,route_forward,2.095714286,10.34,32.762142857,90.0,1.570796327,-14.0,-0.244346095,0.0,True,False
1347,449,scene_2,scene_2_y05,5,route_right,2.095714286,10.34,32.762142857,125.0,2.181661565,-14.0,-0.244346095,35.0,True,False
1348,450,scene_2,scene_2_y05,5,route_left,1.524285714,10.34,32.762142857,55.0,0.959931089,-14.0,-0.244346095,-35.0,True,False
1349,450,scene_2,scene_2_y05,5,route_forward,1.524285714,10.34,32.762142857,90.0,1.570796327,-14.0,-0.244346095,0.0,True,False
1350,450,scene_2,scene_2_y05,5,route_right,1.524285714,10.34,32.762142857,125.0,2.181661565,-14.0,-0.244346095,35.0,True,False
1351,451,scene_2,scene_2_y05,5,route_left,0.952857143,10.34,32.762142857,55.0,0.959931089,-14.0,-0.244346095,-35.0,True,False
1352,451,scene_2,scene_2_y05,5,route_forward,0.952857143,10.34,32.762142857,90.0,1.570796327,-14.0,-0.244346095,0.0,True,False
1353,451,scene_2,scene_2_y05,5,route_right,0.952857143,10.34,32.762142857,125.0,2.181661565,-14.0,-0.244346095,35.0,True,False
1354,452,scene_2,scene_2_y05,5,route_left,0.381428571,10.34,32.762142857,55.0,0.959931089,-14.0,-0.244346095,-35.0,True,False
1355,452,scene_2,scene_2_y05,5,route_forward,0.381428571,10.34,32.762142857,90.0,1.570796327,-14.0,-0.244346095,0.0,True,False
1356,452,scene_2,scene_2_y05,5,route_right,0.381428571,10.34,32.762142857,125.0,2.181661565,-14.0,-0.244346095,35.0,True,False
1357,453,scene_2,scene_2_y05,5,route_left,-0.19,10.34,32.762142857,55.0,0.959931089,-14.0,-0.244346095,-35.0,True,False
1358,453,scene_2,scene_2_y05,5,route_forward,-0.19,10.34,32.762142857,90.0,1.570796327,-14.0,-0.244346095,0.0,True,False
1359,453,scene_2,scene_2_y05,5,route_right,-0.19,10.34,32.762142857,125.0,2.181661565,-14.0,-0.244346095,35.0,True,False
1360,454,scene_2,scene_2_y05,5,route_left,-0.761428571,10.34,32.762142857,55.0,0.959931089,-14.0,-0.244346095,-35.0,True,False
1361,454,scene_2,scene_2_y05,5,route_forward,-0.761428571,10.34,32.762142857,90.0,1.570796327,-14.0,-0.244346095,0.0,True,False
1362,454,scene_2,scene_2_y05,5,route_right,-0.761428571,10.34,32.762142857,125.0,2.181661565,-14.0,-0.244346095,35.0,True,False
1363,455,scene_2,scene_2_y05,5,route_left,-1.332857143,10.34,32.762142857,55.0,0.959931089,-14.0,-0.244346095,-35.0,True,False
1364,455,scene_2,scene_2_y05,5,route_forward,-1.332857143,10.34,32.762142857,90.0,1.570796327,-14.0,-0.244346095,0.0,True,False
1365,455,scene_2,scene_2_y05,5,route_right,-1.332857143,10.34,32.762142857,125.0,2.181661565,-14.0,-0.244346095,35.0,True,False
1366,456,scene_2,scene_2_y05,5,route_left,-1.904285714,10.34,32.762142857,55.0,0.959931089,-14.0,-0.244346095,-35.0,True,False
1367,456,scene_2,scene_2_y05,5,route_forward,-1.904285714,10.34,32.762142857,90.0,1.570796327,-14.0,-0.244346095,0.0,True,False
1368,456,scene_2,scene_2_y05,5,route_right,-1.904285714,10.34,32.762142857,125.0,2.181661565,-14.0,-0.244346095,35.0,True,False
1369,457,scene_2,scene_2_y05,5,route_left,-2.475714286,10.34,32.762142857,55.0,0.959931089,-14.0,-0.244346095,-35.0,True,False
1370,457,scene_2,scene_2_y05,5,route_forward,-2.475714286,10.34,32.762142857,90.0,1.570796327,-14.0,-0.244346095,0.0,True,False
1371,457,scene_2,scene_2_y05,5,route_right,-2.475714286,10.34,32.762142857,125.0,2.181661565,-14.0,-0.244346095,35.0,True,False
1372,458,scene_2,scene_2_y05,5,route_left,-3.047142857,10.34,32.762142857,145.0,2.530727415,-14.0,-0.244346095,-35.0,True,False
1373,458,scene_2,scene_2_y05,5,route_forward,-3.047142857,10.34,32.762142857,180.0,3.141592654,-14.0,-0.244346095,0.0,True,False
1374,458,scene_2,scene_2_y05,5,route_right,-3.047142857,10.34,32.762142857,215.0,3.752457892,-14.0,-0.244346095,35.0,True,False
1375,459,scene_2,scene_2_y05,5,route_left,-3.047142857,10.34,33.392857143,235.0,4.101523742,-14.0,-0.244346095,-35.0,True,False
1376,459,scene_2,scene_2_y05,5,route_forward,-3.047142857,10.34,33.392857143,270.0,4.71238898,-14.0,-0.244346095,0.0,True,False
1377,459,scene_2,scene_2_y05,5,route_right,-3.047142857,10.34,33.392857143,305.0,5.323254219,-14.0,-0.244346095,35.0,True,False
1378,460,scene_2,scene_2_y05,5,route_left,-2.475714286,10.34,33.392857143,235.0,4.101523742,-14.0,-0.244346095,-35.0,True,False
1379,460,scene_2,scene_2_y05,5,route_forward,-2.475714286,10.34,33.392857143,270.0,4.71238898,-14.0,-0.244346095,0.0,True,False
1380,460,scene_2,scene_2_y05,5,route_right,-2.475714286,10.34,33.392857143,305.0,5.323254219,-14.0,-0.244346095,35.0,True,False
1381,461,scene_2,scene_2_y05,5,route_left,-1.904285714,10.34,33.392857143,235.0,4.101523742,-14.0,-0.244346095,-35.0,True,False
1382,461,scene_2,scene_2_y05,5,route_forward,-1.904285714,10.34,33.392857143,270.0,4.71238898,-14.0,-0.244346095,0.0,True,False
1383,461,scene_2,scene_2_y05,5,route_right,-1.904285714,10.34,33.392857143,305.0,5.323254219,-14.0,-0.244346095,35.0,True,False
1384,462,scene_2,scene_2_y05,5,route_left,-1.332857143,10.34,33.392857143,235.0,4.101523742,-14.0,-0.244346095,-35.0,True,False
1385,462,scene_2,scene_2_y05,5,route_forward,-1.332857143,10.34,33.392857143,270.0,4.71238898,-14.0,-0.244346095,0.0,True,False
1386,462,scene_2,scene_2_y05,5,route_right,-1.332857143,10.34,33.392857143,305.0,5.323254219,-14.0,-0.244346095,35.0,True,False
1387,463,scene_2,scene_2_y05,5,route_left,-0.761428571,10.34,33.392857143,235.0,4.101523742,-14.0,-0.244346095,-35.0,True,False
1388,463,scene_2,scene_2_y05,5,route_forward,-0.761428571,10.34,33.392857143,270.0,4.71238898,-14.0,-0.244346095,0.0,True,False
1389,463,scene_2,scene_2_y05,5,route_right,-0.761428571,10.34,33.392857143,305.0,5.323254219,-14.0,-0.244346095,35.0,True,False
1390,464,scene_2,scene_2_y05,5,route_left,-0.19,10.34,33.392857143,235.0,4.101523742,-14.0,-0.244346095,-35.0,True,False
1391,464,scene_2,scene_2_y05,5,route_forward,-0.19,10.34,33.392857143,270.0,4.71238898,-14.0,-0.244346095,0.0,True,False
1392,464,scene_2,scene_2_y05,5,route_right,-0.19,10.34,33.392857143,305.0,5.323254219,-14.0,-0.244346095,35.0,True,False
1393,465,scene_2,scene_2_y05,5,route_left,0.381428571,10.34,33.392857143,235.0,4.101523742,-14.0,-0.244346095,-35.0,True,False
1394,465,scene_2,scene_2_y05,5,route_forward,0.381428571,10.34,33.392857143,270.0,4.71238898,-14.0,-0.244346095,0.0,True,False
1395,465,scene_2,scene_2_y05,5,route_right,0.381428571,10.34,33.392857143,305.0,5.323254219,-14.0,-0.244346095,35.0,True,False
1396,466,scene_2,scene_2_y05,5,route_left,0.952857143,10.34,33.392857143,235.0,4.101523742,-14.0,-0.244346095,-35.0,True,False
1397,466,scene_2,scene_2_y05,5,route_forward,0.952857143,10.34,33.392857143,270.0,4.71238898,-14.0,-0.244346095,0.0,True,False
1398,466,scene_2,scene_2_y05,5,route_right,0.952857143,10.34,33.392857143,305.0,5.323254219,-14.0,-0.244346095,35.0,True,False
1399,467,scene_2,scene_2_y05,5,route_left,1.524285714,10.34,33.392857143,235.0,4.101523742,-14.0,-0.244346095,-35.0,True,False
1400,467,scene_2,scene_2_y05,5,route_forward,1.524285714,10.34,33.392857143,270.0,4.71238898,-14.0,-0.244346095,0.0,True,False
1401,467,scene_2,scene_2_y05,5,route_right,1.524285714,10.34,33.392857143,305.0,5.323254219,-14.0,-0.244346095,35.0,True,False
1402,468,scene_2,scene_2_y05,5,route_left,2.095714286,10.34,33.392857143,235.0,4.101523742,-14.0,-0.244346095,-35.0,True,False
1403,468,scene_2,scene_2_y05,5,route_forward,2.095714286,10.34,33.392857143,270.0,4.71238898,-14.0,-0.244346095,0.0,True,False
1404,468,scene_2,scene_2_y05,5,route_right,2.095714286,10.34,33.392857143,305.0,5.323254219,-14.0,-0.244346095,35.0,True,False
1405,469,scene_2,scene_2_y05,5,route_left,2.667142857,10.34,33.392857143,235.0,4.101523742,-14.0,-0.244346095,-35.0,True,False
1406,469,scene_2,scene_2_y05,5,route_forward,2.667142857,10.34,33.392857143,270.0,4.71238898,-14.0,-0.244346095,0.0,True,False
1407,469,scene_2,scene_2_y05,5,route_right,2.667142857,10.34,33.392857143,305.0,5.323254219,-14.0,-0.244346095,35.0,True,False
1408,470,scene_2,scene_2_y05,5,route_left,3.238571429,10.34,33.392857143,145.0,2.530727415,-14.0,-0.244346095,-35.0,True,False
1409,470,scene_2,scene_2_y05,5,route_forward,3.238571429,10.34,33.392857143,180.0,3.141592654,-14.0,-0.244346095,0.0,True,False
1410,470,scene_2,scene_2_y05,5,route_right,3.238571429,10.34,33.392857143,215.0,3.752457892,-14.0,-0.244346095,35.0,True,False
1411,471,scene_2,scene_2_y05,5,route_left,3.238571429,10.34,34.023571429,55.0,0.959931089,-14.0,-0.244346095,-35.0,True,False
1412,471,scene_2,scene_2_y05,5,route_forward,3.238571429,10.34,34.023571429,90.0,1.570796327,-14.0,-0.244346095,0.0,True,False
1413,471,scene_2,scene_2_y05,5,route_right,3.238571429,10.34,34.023571429,125.0,2.181661565,-14.0,-0.244346095,35.0,True,False
1414,472,scene_2,scene_2_y05,5,route_left,2.667142857,10.34,34.023571429,55.0,0.959931089,-14.0,-0.244346095,-35.0,True,False
1415,472,scene_2,scene_2_y05,5,route_forward,2.667142857,10.34,34.023571429,90.0,1.570796327,-14.0,-0.244346095,0.0,True,False
1416,472,scene_2,scene_2_y05,5,route_right,2.667142857,10.34,34.023571429,125.0,2.181661565,-14.0,-0.244346095,35.0,True,False
1417,473,scene_2,scene_2_y05,5,route_left,2.095714286,10.34,34.023571429,55.0,0.959931089,-14.0,-0.244346095,-35.0,True,False
1418,473,scene_2,scene_2_y05,5,route_forward,2.095714286,10.34,34.023571429,90.0,1.570796327,-14.0,-0.244346095,0.0,True,False
1419,473,scene_2,scene_2_y05,5,route_right,2.095714286,10.34,34.023571429,125.0,2.181661565,-14.0,-0.244346095,35.0,True,False
1420,474,scene_2,scene_2_y05,5,route_left,1.524285714,10.34,34.023571429,55.0,0.959931089,-14.0,-0.244346095,-35.0,True,False
1421,474,scene_2,scene_2_y05,5,route_forward,1.524285714,10.34,34.023571429,90.0,1.570796327,-14.0,-0.244346095,0.0,True,False
1422,474,scene_2,scene_2_y05,5,route_right,1.524285714,10.34,34.023571429,125.0,2.181661565,-14.0,-0.244346095,35.0,True,False
1423,475,scene_2,scene_2_y05,5,route_left,0.952857143,10.34,34.023571429,55.0,0.959931089,-14.0,-0.244346095,-35.0,True,False
1424,475,scene_2,scene_2_y05,5,route_forward,0.952857143,10.34,34.023571429,90.0,1.570796327,-14.0,-0.244346095,0.0,True,False
1425,475,scene_2,scene_2_y05,5,route_right,0.952857143,10.34,34.023571429,125.0,2.181661565,-14.0,-0.244346095,35.0,True,False
1426,476,scene_2,scene_2_y05,5,route_left,0.381428571,10.34,34.023571429,55.0,0.959931089,-14.0,-0.244346095,-35.0,True,False
1427,476,scene_2,scene_2_y05,5,route_forward,0.381428571,10.34,34.023571429,90.0,1.570796327,-14.0,-0.244346095,0.0,True,False
1428,476,scene_2,scene_2_y05,5,route_right,0.381428571,10.34,34.023571429,125.0,2.181661565,-14.0,-0.244346095,35.0,True,False
1429,477,scene_2,scene_2_y05,5,route_left,-0.19,10.34,34.023571429,55.0,0.959931089,-14.0,-0.244346095,-35.0,True,False
1430,477,scene_2,scene_2_y05,5,route_forward,-0.19,10.34,34.023571429,90.0,1.570796327,-14.0,-0.244346095,0.0,True,False
1431,477,scene_2,scene_2_y05,5,route_right,-0.19,10.34,34.023571429,125.0,2.181661565,-14.0,-0.244346095,35.0,True,False
1432,478,scene_2,scene_2_y05,5,route_left,-0.761428571,10.34,34.023571429,55.0,0.959931089,-14.0,-0.244346095,-35.0,True,False
1433,478,scene_2,scene_2_y05,5,route_forward,-0.761428571,10.34,34.023571429,90.0,1.570796327,-14.0,-0.244346095,0.0,True,False
1434,478,scene_2,scene_2_y05,5,route_right,-0.761428571,10.34,34.023571429,125.0,2.181661565,-14.0,-0.244346095,35.0,True,False
1435,479,scene_2,scene_2_y05,5,route_left,-1.332857143,10.34,34.023571429,55.0,0.959931089,-14.0,-0.244346095,-35.0,True,False
1436,479,scene_2,scene_2_y05,5,route_forward,-1.332857143,10.34,34.023571429,90.0,1.570796327,-14.0,-0.244346095,0.0,True,False
1437,479,scene_2,scene_2_y05,5,route_right,-1.332857143,10.34,34.023571429,125.0,2.181661565,-14.0,-0.244346095,35.0,True,False
1438,480,scene_2,scene_2_y05,5,route_left,-1.904285714,10.34,34.023571429,55.0,0.959931089,-14.0,-0.244346095,-35.0,True,False
1439,480,scene_2,scene_2_y05,5,route_forward,-1.904285714,10.34,34.023571429,90.0,1.570796327,-14.0,-0.244346095,0.0,True,False
1440,480,scene_2,scene_2_y05,5,route_right,-1.904285714,10.34,34.023571429,125.0,2.181661565,-14.0,-0.244346095,35.0,True,False
1441,481,scene_2,scene_2_y05,5,route_left,-2.475714286,10.34,34.023571429,55.0,0.959931089,-14.0,-0.244346095,-35.0,True,False
1442,481,scene_2,scene_2_y05,5,route_forward,-2.475714286,10.34,34.023571429,90.0,1.570796327,-14.0,-0.244346095,0.0,True,False
1443,481,scene_2,scene_2_y05,5,route_right,-2.475714286,10.34,34.023571429,125.0,2.181661565,-14.0,-0.244346095,35.0,True,False
1444,482,scene_2,scene_2_y05,5,route_left,-3.047142857,10.34,34.023571429,55.0,0.959931089,-14.0,-0.244346095,-35.0,True,False
1445,482,scene_2,scene_2_y05,5,route_forward,-3.047142857,10.34,34.023571429,90.0,1.570796327,-14.0,-0.244346095,0.0,True,False
1446,482,scene_2,scene_2_y05,5,route_right,-3.047142857,10.34,34.023571429,125.0,2.181661565,-14.0,-0.244346095,35.0,True,False
1447,483,scene_2,scene_2_y05,5,route_left,-3.618571429,10.34,34.023571429,145.0,2.530727415,-14.0,-0.244346095,-35.0,True,False
1448,483,scene_2,scene_2_y05,5,route_forward,-3.618571429,10.34,34.023571429,180.0,3.141592654,-14.0,-0.244346095,0.0,True,False
1449,483,scene_2,scene_2_y05,5,route_right,-3.618571429,10.34,34.023571429,215.0,3.752457892,-14.0,-0.244346095,35.0,True,False
1450,484,scene_2,scene_2_y05,5,route_left,-3.618571429,10.34,34.654285714,235.0,4.101523742,-14.0,-0.244346095,-35.0,True,False
1451,484,scene_2,scene_2_y05,5,route_forward,-3.618571429,10.34,34.654285714,270.0,4.71238898,-14.0,-0.244346095,0.0,True,False
1452,484,scene_2,scene_2_y05,5,route_right,-3.618571429,10.34,34.654285714,305.0,5.323254219,-14.0,-0.244346095,35.0,True,False
1453,485,scene_2,scene_2_y05,5,route_left,-3.047142857,10.34,34.654285714,235.0,4.101523742,-14.0,-0.244346095,-35.0,True,False
1454,485,scene_2,scene_2_y05,5,route_forward,-3.047142857,10.34,34.654285714,270.0,4.71238898,-14.0,-0.244346095,0.0,True,False
1455,485,scene_2,scene_2_y05,5,route_right,-3.047142857,10.34,34.654285714,305.0,5.323254219,-14.0,-0.244346095,35.0,True,False
1456,486,scene_2,scene_2_y05,5,route_left,-2.475714286,10.34,34.654285714,235.0,4.101523742,-14.0,-0.244346095,-35.0,True,False
1457,486,scene_2,scene_2_y05,5,route_forward,-2.475714286,10.34,34.654285714,270.0,4.71238898,-14.0,-0.244346095,0.0,True,False
1458,486,scene_2,scene_2_y05,5,route_right,-2.475714286,10.34,34.654285714,305.0,5.323254219,-14.0,-0.244346095,35.0,True,False
1459,487,scene_2,scene_2_y05,5,route_left,-1.904285714,10.34,34.654285714,235.0,4.101523742,-14.0,-0.244346095,-35.0,True,False
1460,487,scene_2,scene_2_y05,5,route_forward,-1.904285714,10.34,34.654285714,270.0,4.71238898,-14.0,-0.244346095,0.0,True,False
1461,487,scene_2,scene_2_y05,5,route_right,-1.904285714,10.34,34.654285714,305.0,5.323254219,-14.0,-0.244346095,35.0,True,False
1462,488,scene_2,scene_2_y05,5,route_left,-1.332857143,10.34,34.654285714,235.0,4.101523742,-14.0,-0.244346095,-35.0,True,False
1463,488,scene_2,scene_2_y05,5,route_forward,-1.332857143,10.34,34.654285714,270.0,4.71238898,-14.0,-0.244346095,0.0,True,False
1464,488,scene_2,scene_2_y05,5,route_right,-1.332857143,10.34,34.654285714,305.0,5.323254219,-14.0,-0.244346095,35.0,True,False
1465,489,scene_2,scene_2_y05,5,route_left,1.524285714,10.34,34.654285714,235.0,4.101523742,-14.0,-0.244346095,-35.0,True,False
1466,489,scene_2,scene_2_y05,5,route_forward,1.524285714,10.34,34.654285714,270.0,4.71238898,-14.0,-0.244346095,0.0,True,False
1467,489,scene_2,scene_2_y05,5,route_right,1.524285714,10.34,34.654285714,305.0,5.323254219,-14.0,-0.244346095,35.0,True,False
1468,490,scene_2,scene_2_y05,5,route_left,2.095714286,10.34,34.654285714,235.0,4.101523742,-14.0,-0.244346095,-35.0,True,False
1469,490,scene_2,scene_2_y05,5,route_forward,2.095714286,10.34,34.654285714,270.0,4.71238898,-14.0,-0.244346095,0.0,True,False
1470,490,scene_2,scene_2_y05,5,route_right,2.095714286,10.34,34.654285714,305.0,5.323254219,-14.0,-0.244346095,35.0,True,False
1471,491,scene_2,scene_2_y05,5,route_left,2.667142857,10.34,34.654285714,235.0,4.101523742,-14.0,-0.244346095,-35.0,True,False
1472,491,scene_2,scene_2_y05,5,route_forward,2.667142857,10.34,34.654285714,270.0,4.71238898,-14.0,-0.244346095,0.0,True,False
1473,491,scene_2,scene_2_y05,5,route_right,2.667142857,10.34,34.654285714,305.0,5.323254219,-14.0,-0.244346095,35.0,True,False
1474,492,scene_2,scene_2_y05,5,route_left,3.238571429,10.34,34.654285714,145.0,2.530727415,-14.0,-0.244346095,-35.0,True,False
1475,492,scene_2,scene_2_y05,5,route_forward,3.238571429,10.34,34.654285714,180.0,3.141592654,-14.0,-0.244346095,0.0,True,False
1476,492,scene_2,scene_2_y05,5,route_right,3.238571429,10.34,34.654285714,215.0,3.752457892,-14.0,-0.244346095,35.0,True,False
1477,493,scene_2,scene_2_y05,5,route_left,3.238571429,10.34,35.285,55.0,0.959931089,-14.0,-0.244346095,-35.0,True,False
1478,493,scene_2,scene_2_y05,5,route_forward,3.238571429,10.34,35.285,90.0,1.570796327,-14.0,-0.244346095,0.0,True,False
1479,493,scene_2,scene_2_y05,5,route_right,3.238571429,10.34,35.285,125.0,2.181661565,-14.0,-0.244346095,35.0,True,False
1480,494,scene_2,scene_2_y05,5,route_left,2.667142857,10.34,35.285,55.0,0.959931089,-14.0,-0.244346095,-35.0,True,False
1481,494,scene_2,scene_2_y05,5,route_forward,2.667142857,10.34,35.285,90.0,1.570796327,-14.0,-0.244346095,0.0,True,False
1482,494,scene_2,scene_2_y05,5,route_right,2.667142857,10.34,35.285,125.0,2.181661565,-14.0,-0.244346095,35.0,True,False
1483,495,scene_2,scene_2_y05,5,route_left,2.095714286,10.34,35.285,55.0,0.959931089,-14.0,-0.244346095,-35.0,True,False
1484,495,scene_2,scene_2_y05,5,route_forward,2.095714286,10.34,35.285,90.0,1.570796327,-14.0,-0.244346095,0.0,True,False
1485,495,scene_2,scene_2_y05,5,route_right,2.095714286,10.34,35.285,125.0,2.181661565,-14.0,-0.244346095,35.0,True,False
1486,496,scene_2,scene_2_y05,5,route_left,1.524285714,10.34,35.285,55.0,0.959931089,-14.0,-0.244346095,-35.0,True,False
1487,496,scene_2,scene_2_y05,5,route_forward,1.524285714,10.34,35.285,90.0,1.570796327,-14.0,-0.244346095,0.0,True,False
1488,496,scene_2,scene_2_y05,5,route_right,1.524285714,10.34,35.285,125.0,2.181661565,-14.0,-0.244346095,35.0,True,False
1489,497,scene_2,scene_2_y05,5,route_left,-1.904285714,10.34,35.285,55.0,0.959931089,-14.0,-0.244346095,-35.0,True,False
1490,497,scene_2,scene_2_y05,5,route_forward,-1.904285714,10.34,35.285,90.0,1.570796327,-14.0,-0.244346095,0.0,True,False
1491,497,scene_2,scene_2_y05,5,route_right,-1.904285714,10.34,35.285,125.0,2.181661565,-14.0,-0.244346095,35.0,True,False
1492,498,scene_2,scene_2_y05,5,route_left,-2.475714286,10.34,35.285,55.0,0.959931089,-14.0,-0.244346095,-35.0,True,False
1493,498,scene_2,scene_2_y05,5,route_forward,-2.475714286,10.34,35.285,90.0,1.570796327,-14.0,-0.244346095,0.0,True,False
1494,498,scene_2,scene_2_y05,5,route_right,-2.475714286,10.34,35.285,125.0,2.181661565,-14.0,-0.244346095,35.0,True,False
1495,499,scene_2,scene_2_y05,5,route_left,-3.047142857,10.34,35.285,55.0,0.959931089,-14.0,-0.244346095,-35.0,True,False
1496,499,scene_2,scene_2_y05,5,route_forward,-3.047142857,10.34,35.285,90.0,1.570796327,-14.0,-0.244346095,0.0,True,False
1497,499,scene_2,scene_2_y05,5,route_right,-3.047142857,10.34,35.285,125.0,2.181661565,-14.0,-0.244346095,35.0,True,False
1498,500,scene_2,scene_2_y05,5,route_left,-3.618571429,10.34,35.285,145.0,2.530727415,-14.0,-0.244346095,-35.0,True,False
1499,500,scene_2,scene_2_y05,5,route_forward,-3.618571429,10.34,35.285,180.0,3.141592654,-14.0,-0.244346095,0.0,True,False
1500,500,scene_2,scene_2_y05,5,route_right,-3.618571429,10.34,35.285,215.0,3.752457892,-14.0,-0.244346095,35.0,True,False
1501,501,scene_2,scene_2_y05,5,route_left,-3.618571429,10.34,35.915714286,235.0,4.101523742,-14.0,-0.244346095,-35.0,True,False
1502,501,scene_2,scene_2_y05,5,route_forward,-3.618571429,10.34,35.915714286,270.0,4.71238898,-14.0,-0.244346095,0.0,True,False
1503,501,scene_2,scene_2_y05,5,route_right,-3.618571429,10.34,35.915714286,305.0,5.323254219,-14.0,-0.244346095,35.0,True,False
1504,502,scene_2,scene_2_y05,5,route_left,-3.047142857,10.34,35.915714286,235.0,4.101523742,-14.0,-0.244346095,-35.0,True,False
1505,502,scene_2,scene_2_y05,5,route_forward,-3.047142857,10.34,35.915714286,270.0,4.71238898,-14.0,-0.244346095,0.0,True,False
1506,502,scene_2,scene_2_y05,5,route_right,-3.047142857,10.34,35.915714286,305.0,5.323254219,-14.0,-0.244346095,35.0,True,False
1507,503,scene_2,scene_2_y05,5,route_left,-2.475714286,10.34,35.915714286,235.0,4.101523742,-14.0,-0.244346095,-35.0,True,False
1508,503,scene_2,scene_2_y05,5,route_forward,-2.475714286,10.34,35.915714286,270.0,4.71238898,-14.0,-0.244346095,0.0,True,False
1509,503,scene_2,scene_2_y05,5,route_right,-2.475714286,10.34,35.915714286,305.0,5.323254219,-14.0,-0.244346095,35.0,True,False
1510,504,scene_2,scene_2_y05,5,route_left,-1.904285714,10.34,35.915714286,235.0,4.101523742,-14.0,-0.244346095,-35.0,True,False
1511,504,scene_2,scene_2_y05,5,route_forward,-1.904285714,10.34,35.915714286,270.0,4.71238898,-14.0,-0.244346095,0.0,True,False
1512,504,scene_2,scene_2_y05,5,route_right,-1.904285714,10.34,35.915714286,305.0,5.323254219,-14.0,-0.244346095,35.0,True,False
1513,505,scene_2,scene_2_y05,5,route_left,1.524285714,10.34,35.915714286,235.0,4.101523742,-14.0,-0.244346095,-35.0,True,False
1514,505,scene_2,scene_2_y05,5,route_forward,1.524285714,10.34,35.915714286,270.0,4.71238898,-14.0,-0.244346095,0.0,True,False
1515,505,scene_2,scene_2_y05,5,route_right,1.524285714,10.34,35.915714286,305.0,5.323254219,-14.0,-0.244346095,35.0,True,False
1516,506,scene_2,scene_2_y05,5,route_left,2.095714286,10.34,35.915714286,235.0,4.101523742,-14.0,-0.244346095,-35.0,True,False
1517,506,scene_2,scene_2_y05,5,route_forward,2.095714286,10.34,35.915714286,270.0,4.71238898,-14.0,-0.244346095,0.0,True,False
1518,506,scene_2,scene_2_y05,5,route_right,2.095714286,10.34,35.915714286,305.0,5.323254219,-14.0,-0.244346095,35.0,True,False
1519,507,scene_2,scene_2_y05,5,route_left,2.667142857,10.34,35.915714286,235.0,4.101523742,-14.0,-0.244346095,-35.0,True,False
1520,507,scene_2,scene_2_y05,5,route_forward,2.667142857,10.34,35.915714286,270.0,4.71238898,-14.0,-0.244346095,0.0,True,False
1521,507,scene_2,scene_2_y05,5,route_right,2.667142857,10.34,35.915714286,305.0,5.323254219,-14.0,-0.244346095,35.0,True,False
1522,508,scene_2,scene_2_y05,5,route_left,3.238571429,10.34,35.915714286,102.823351119,1.794606025,-14.0,-0.244346095,-35.0,True,False
1523,508,scene_2,scene_2_y05,5,route_forward,3.238571429,10.34,35.915714286,137.823351119,2.405471263,-14.0,-0.244346095,0.0,True,False
1524,508,scene_2,scene_2_y05,5,route_right,3.238571429,10.34,35.915714286,172.823351119,3.016336501,-14.0,-0.244346095,35.0,True,False
1525,509,scene_2,scene_2_y05,5,route_left,2.667142857,10.34,36.546428571,55.0,0.959931089,-14.0,-0.244346095,-35.0,True,False
1526,509,scene_2,scene_2_y05,5,route_forward,2.667142857,10.34,36.546428571,90.0,1.570796327,-14.0,-0.244346095,0.0,True,False
1527,509,scene_2,scene_2_y05,5,route_right,2.667142857,10.34,36.546428571,125.0,2.181661565,-14.0,-0.244346095,35.0,True,False
1528,510,scene_2,scene_2_y05,5,route_left,2.095714286,10.34,36.546428571,55.0,0.959931089,-14.0,-0.244346095,-35.0,True,False
1529,510,scene_2,scene_2_y05,5,route_forward,2.095714286,10.34,36.546428571,90.0,1.570796327,-14.0,-0.244346095,0.0,True,False
1530,510,scene_2,scene_2_y05,5,route_right,2.095714286,10.34,36.546428571,125.0,2.181661565,-14.0,-0.244346095,35.0,True,False
1531,511,scene_2,scene_2_y05,5,route_left,1.524285714,10.34,36.546428571,55.0,0.959931089,-14.0,-0.244346095,-35.0,True,False
1532,511,scene_2,scene_2_y05,5,route_forward,1.524285714,10.34,36.546428571,90.0,1.570796327,-14.0,-0.244346095,0.0,True,False
1533,511,scene_2,scene_2_y05,5,route_right,1.524285714,10.34,36.546428571,125.0,2.181661565,-14.0,-0.244346095,35.0,True,False
1534,512,scene_2,scene_2_y05,5,route_left,0.952857143,10.34,36.546428571,55.0,0.959931089,-14.0,-0.244346095,-35.0,True,False
1535,512,scene_2,scene_2_y05,5,route_forward,0.952857143,10.34,36.546428571,90.0,1.570796327,-14.0,-0.244346095,0.0,True,False
1536,512,scene_2,scene_2_y05,5,route_right,0.952857143,10.34,36.546428571,125.0,2.181661565,-14.0,-0.244346095,35.0,True,False
1537,513,scene_2,scene_2_y05,5,route_left,-1.332857143,10.34,36.546428571,55.0,0.959931089,-14.0,-0.244346095,-35.0,True,False
1538,513,scene_2,scene_2_y05,5,route_forward,-1.332857143,10.34,36.546428571,90.0,1.570796327,-14.0,-0.244346095,0.0,True,False
1539,513,scene_2,scene_2_y05,5,route_right,-1.332857143,10.34,36.546428571,125.0,2.181661565,-14.0,-0.244346095,35.0,True,False
1540,514,scene_2,scene_2_y05,5,route_left,-1.904285714,10.34,36.546428571,55.0,0.959931089,-14.0,-0.244346095,-35.0,True,False
1541,514,scene_2,scene_2_y05,5,route_forward,-1.904285714,10.34,36.546428571,90.0,1.570796327,-14.0,-0.244346095,0.0,True,False
1542,514,scene_2,scene_2_y05,5,route_right,-1.904285714,10.34,36.546428571,125.0,2.181661565,-14.0,-0.244346095,35.0,True,False
1543,515,scene_2,scene_2_y05,5,route_left,-2.475714286,10.34,36.546428571,55.0,0.959931089,-14.0,-0.244346095,-35.0,True,False
1544,515,scene_2,scene_2_y05,5,route_forward,-2.475714286,10.34,36.546428571,90.0,1.570796327,-14.0,-0.244346095,0.0,True,False
1545,515,scene_2,scene_2_y05,5,route_right,-2.475714286,10.34,36.546428571,125.0,2.181661565,-14.0,-0.244346095,35.0,True,False
1546,516,scene_2,scene_2_y05,5,route_left,-3.047142857,10.34,36.546428571,55.0,0.959931089,-14.0,-0.244346095,-35.0,True,False
1547,516,scene_2,scene_2_y05,5,route_forward,-3.047142857,10.34,36.546428571,90.0,1.570796327,-14.0,-0.244346095,0.0,True,False
1548,516,scene_2,scene_2_y05,5,route_right,-3.047142857,10.34,36.546428571,125.0,2.181661565,-14.0,-0.244346095,35.0,True,False
1549,517,scene_2,scene_2_y05,5,route_left,-3.618571429,10.34,36.546428571,145.0,2.530727415,-14.0,-0.244346095,-35.0,True,False
1550,517,scene_2,scene_2_y05,5,route_forward,-3.618571429,10.34,36.546428571,180.0,3.141592654,-14.0,-0.244346095,0.0,True,False
1551,517,scene_2,scene_2_y05,5,route_right,-3.618571429,10.34,36.546428571,215.0,3.752457892,-14.0,-0.244346095,35.0,True,False
1552,518,scene_2,scene_2_y05,5,route_left,-3.618571429,10.34,37.177142857,235.0,4.101523742,-14.0,-0.244346095,-35.0,True,False
1553,518,scene_2,scene_2_y05,5,route_forward,-3.618571429,10.34,37.177142857,270.0,4.71238898,-14.0,-0.244346095,0.0,True,False
1554,518,scene_2,scene_2_y05,5,route_right,-3.618571429,10.34,37.177142857,305.0,5.323254219,-14.0,-0.244346095,35.0,True,False
1555,519,scene_2,scene_2_y05,5,route_left,-3.047142857,10.34,37.177142857,235.0,4.101523742,-14.0,-0.244346095,-35.0,True,False
1556,519,scene_2,scene_2_y05,5,route_forward,-3.047142857,10.34,37.177142857,270.0,4.71238898,-14.0,-0.244346095,0.0,True,False
1557,519,scene_2,scene_2_y05,5,route_right,-3.047142857,10.34,37.177142857,305.0,5.323254219,-14.0,-0.244346095,35.0,True,False
1558,520,scene_2,scene_2_y05,5,route_left,-2.475714286,10.34,37.177142857,235.0,4.101523742,-14.0,-0.244346095,-35.0,True,False
1559,520,scene_2,scene_2_y05,5,route_forward,-2.475714286,10.34,37.177142857,270.0,4.71238898,-14.0,-0.244346095,0.0,True,False
1560,520,scene_2,scene_2_y05,5,route_right,-2.475714286,10.34,37.177142857,305.0,5.323254219,-14.0,-0.244346095,35.0,True,False
1561,521,scene_2,scene_2_y05,5,route_left,-1.904285714,10.34,37.177142857,235.0,4.101523742,-14.0,-0.244346095,-35.0,True,False
1562,521,scene_2,scene_2_y05,5,route_forward,-1.904285714,10.34,37.177142857,270.0,4.71238898,-14.0,-0.244346095,0.0,True,False
1563,521,scene_2,scene_2_y05,5,route_right,-1.904285714,10.34,37.177142857,305.0,5.323254219,-14.0,-0.244346095,35.0,True,False
1564,522,scene_2,scene_2_y05,5,route_left,-1.332857143,10.34,37.177142857,235.0,4.101523742,-14.0,-0.244346095,-35.0,True,False
1565,522,scene_2,scene_2_y05,5,route_forward,-1.332857143,10.34,37.177142857,270.0,4.71238898,-14.0,-0.244346095,0.0,True,False
1566,522,scene_2,scene_2_y05,5,route_right,-1.332857143,10.34,37.177142857,305.0,5.323254219,-14.0,-0.244346095,35.0,True,False
1567,523,scene_2,scene_2_y05,5,route_left,-0.761428571,10.34,37.177142857,235.0,4.101523742,-14.0,-0.244346095,-35.0,True,False
1568,523,scene_2,scene_2_y05,5,route_forward,-0.761428571,10.34,37.177142857,270.0,4.71238898,-14.0,-0.244346095,0.0,True,False
1569,523,scene_2,scene_2_y05,5,route_right,-0.761428571,10.34,37.177142857,305.0,5.323254219,-14.0,-0.244346095,35.0,True,False
1570,524,scene_2,scene_2_y05,5,route_left,-0.19,10.34,37.177142857,235.0,4.101523742,-14.0,-0.244346095,-35.0,True,False
1571,524,scene_2,scene_2_y05,5,route_forward,-0.19,10.34,37.177142857,270.0,4.71238898,-14.0,-0.244346095,0.0,True,False
1572,524,scene_2,scene_2_y05,5,route_right,-0.19,10.34,37.177142857,305.0,5.323254219,-14.0,-0.244346095,35.0,True,False
1573,525,scene_2,scene_2_y05,5,route_left,0.381428571,10.34,37.177142857,235.0,4.101523742,-14.0,-0.244346095,-35.0,True,False
1574,525,scene_2,scene_2_y05,5,route_forward,0.381428571,10.34,37.177142857,270.0,4.71238898,-14.0,-0.244346095,0.0,True,False
1575,525,scene_2,scene_2_y05,5,route_right,0.381428571,10.34,37.177142857,305.0,5.323254219,-14.0,-0.244346095,35.0,True,False
1576,526,scene_2,scene_2_y05,5,route_left,0.952857143,10.34,37.177142857,235.0,4.101523742,-14.0,-0.244346095,-35.0,True,False
1577,526,scene_2,scene_2_y05,5,route_forward,0.952857143,10.34,37.177142857,270.0,4.71238898,-14.0,-0.244346095,0.0,True,False
1578,526,scene_2,scene_2_y05,5,route_right,0.952857143,10.34,37.177142857,305.0,5.323254219,-14.0,-0.244346095,35.0,True,False
1579,527,scene_2,scene_2_y05,5,route_left,1.524285714,10.34,37.177142857,235.0,4.101523742,-14.0,-0.244346095,-35.0,True,False
1580,527,scene_2,scene_2_y05,5,route_forward,1.524285714,10.34,37.177142857,270.0,4.71238898,-14.0,-0.244346095,0.0,True,False
1581,527,scene_2,scene_2_y05,5,route_right,1.524285714,10.34,37.177142857,305.0,5.323254219,-14.0,-0.244346095,35.0,True,False
1582,528,scene_2,scene_2_y05,5,route_left,2.095714286,10.34,37.177142857,235.0,4.101523742,-14.0,-0.244346095,-35.0,True,False
1583,528,scene_2,scene_2_y05,5,route_forward,2.095714286,10.34,37.177142857,270.0,4.71238898,-14.0,-0.244346095,0.0,True,False
1584,528,scene_2,scene_2_y05,5,route_right,2.095714286,10.34,37.177142857,305.0,5.323254219,-14.0,-0.244346095,35.0,True,False
1585,529,scene_2,scene_2_y05,5,route_left,2.667142857,10.34,37.177142857,102.823351119,1.794606025,-14.0,-0.244346095,-35.0,True,False
1586,529,scene_2,scene_2_y05,5,route_forward,2.667142857,10.34,37.177142857,137.823351119,2.405471263,-14.0,-0.244346095,0.0,True,False
1587,529,scene_2,scene_2_y05,5,route_right,2.667142857,10.34,37.177142857,172.823351119,3.016336501,-14.0,-0.244346095,35.0,True,False
1588,530,scene_2,scene_2_y05,5,route_left,2.095714286,10.34,37.807857143,55.0,0.959931089,-14.0,-0.244346095,-35.0,True,False
1589,530,scene_2,scene_2_y05,5,route_forward,2.095714286,10.34,37.807857143,90.0,1.570796327,-14.0,-0.244346095,0.0,True,False
1590,530,scene_2,scene_2_y05,5,route_right,2.095714286,10.34,37.807857143,125.0,2.181661565,-14.0,-0.244346095,35.0,True,False
1591,531,scene_2,scene_2_y05,5,route_left,1.524285714,10.34,37.807857143,55.0,0.959931089,-14.0,-0.244346095,-35.0,True,False
1592,531,scene_2,scene_2_y05,5,route_forward,1.524285714,10.34,37.807857143,90.0,1.570796327,-14.0,-0.244346095,0.0,True,False
1593,531,scene_2,scene_2_y05,5,route_right,1.524285714,10.34,37.807857143,125.0,2.181661565,-14.0,-0.244346095,35.0,True,False
1594,532,scene_2,scene_2_y05,5,route_left,0.952857143,10.34,37.807857143,55.0,0.959931089,-14.0,-0.244346095,-35.0,True,False
1595,532,scene_2,scene_2_y05,5,route_forward,0.952857143,10.34,37.807857143,90.0,1.570796327,-14.0,-0.244346095,0.0,True,False
1596,532,scene_2,scene_2_y05,5,route_right,0.952857143,10.34,37.807857143,125.0,2.181661565,-14.0,-0.244346095,35.0,True,False
1597,533,scene_2,scene_2_y05,5,route_left,0.381428571,10.34,37.807857143,55.0,0.959931089,-14.0,-0.244346095,-35.0,True,False
1598,533,scene_2,scene_2_y05,5,route_forward,0.381428571,10.34,37.807857143,90.0,1.570796327,-14.0,-0.244346095,0.0,True,False
1599,533,scene_2,scene_2_y05,5,route_right,0.381428571,10.34,37.807857143,125.0,2.181661565,-14.0,-0.244346095,35.0,True,False
1600,534,scene_2,scene_2_y05,5,route_left,-0.19,10.34,37.807857143,55.0,0.959931089,-14.0,-0.244346095,-35.0,True,False
1601,534,scene_2,scene_2_y05,5,route_forward,-0.19,10.34,37.807857143,90.0,1.570796327,-14.0,-0.244346095,0.0,True,False
1602,534,scene_2,scene_2_y05,5,route_right,-0.19,10.34,37.807857143,125.0,2.181661565,-14.0,-0.244346095,35.0,True,False
1603,535,scene_2,scene_2_y05,5,route_left,-0.761428571,10.34,37.807857143,55.0,0.959931089,-14.0,-0.244346095,-35.0,True,False
1604,535,scene_2,scene_2_y05,5,route_forward,-0.761428571,10.34,37.807857143,90.0,1.570796327,-14.0,-0.244346095,0.0,True,False
1605,535,scene_2,scene_2_y05,5,route_right,-0.761428571,10.34,37.807857143,125.0,2.181661565,-14.0,-0.244346095,35.0,True,False
1606,536,scene_2,scene_2_y05,5,route_left,-1.332857143,10.34,37.807857143,55.0,0.959931089,-14.0,-0.244346095,-35.0,True,False
1607,536,scene_2,scene_2_y05,5,route_forward,-1.332857143,10.34,37.807857143,90.0,1.570796327,-14.0,-0.244346095,0.0,True,False
1608,536,scene_2,scene_2_y05,5,route_right,-1.332857143,10.34,37.807857143,125.0,2.181661565,-14.0,-0.244346095,35.0,True,False
1609,537,scene_2,scene_2_y05,5,route_left,-1.904285714,10.34,37.807857143,55.0,0.959931089,-14.0,-0.244346095,-35.0,True,False
1610,537,scene_2,scene_2_y05,5,route_forward,-1.904285714,10.34,37.807857143,90.0,1.570796327,-14.0,-0.244346095,0.0,True,False
1611,537,scene_2,scene_2_y05,5,route_right,-1.904285714,10.34,37.807857143,125.0,2.181661565,-14.0,-0.244346095,35.0,True,False
1612,538,scene_2,scene_2_y05,5,route_left,-2.475714286,10.34,37.807857143,55.0,0.959931089,-14.0,-0.244346095,-35.0,True,False
1613,538,scene_2,scene_2_y05,5,route_forward,-2.475714286,10.34,37.807857143,90.0,1.570796327,-14.0,-0.244346095,0.0,True,False
1614,538,scene_2,scene_2_y05,5,route_right,-2.475714286,10.34,37.807857143,125.0,2.181661565,-14.0,-0.244346095,35.0,True,False
1615,539,scene_2,scene_2_y05,5,route_left,-3.047142857,10.34,37.807857143,55.0,0.959931089,-14.0,-0.244346095,-35.0,True,False
1616,539,scene_2,scene_2_y05,5,route_forward,-3.047142857,10.34,37.807857143,90.0,1.570796327,-14.0,-0.244346095,0.0,True,False
1617,539,scene_2,scene_2_y05,5,route_right,-3.047142857,10.34,37.807857143,125.0,2.181661565,-14.0,-0.244346095,35.0,True,False
1618,540,scene_2,scene_2_y05,5,route_left,-3.618571429,10.34,37.807857143,145.0,2.530727415,-14.0,-0.244346095,-35.0,True,False
1619,540,scene_2,scene_2_y05,5,route_forward,-3.618571429,10.34,37.807857143,180.0,3.141592654,-14.0,-0.244346095,0.0,True,False
1620,540,scene_2,scene_2_y05,5,route_right,-3.618571429,10.34,37.807857143,215.0,3.752457892,-14.0,-0.244346095,35.0,True,False
1621,541,scene_2,scene_2_y05,5,route_left,-3.618571429,10.34,38.438571429,235.0,4.101523742,-14.0,-0.244346095,-35.0,True,False
1622,541,scene_2,scene_2_y05,5,route_forward,-3.618571429,10.34,38.438571429,270.0,4.71238898,-14.0,-0.244346095,0.0,True,False
1623,541,scene_2,scene_2_y05,5,route_right,-3.618571429,10.34,38.438571429,305.0,5.323254219,-14.0,-0.244346095,35.0,True,False
1624,542,scene_2,scene_2_y05,5,route_left,-3.047142857,10.34,38.438571429,235.0,4.101523742,-14.0,-0.244346095,-35.0,True,False
1625,542,scene_2,scene_2_y05,5,route_forward,-3.047142857,10.34,38.438571429,270.0,4.71238898,-14.0,-0.244346095,0.0,True,False
1626,542,scene_2,scene_2_y05,5,route_right,-3.047142857,10.34,38.438571429,305.0,5.323254219,-14.0,-0.244346095,35.0,True,False
1627,543,scene_2,scene_2_y05,5,route_left,-2.475714286,10.34,38.438571429,235.0,4.101523742,-14.0,-0.244346095,-35.0,True,False
1628,543,scene_2,scene_2_y05,5,route_forward,-2.475714286,10.34,38.438571429,270.0,4.71238898,-14.0,-0.244346095,0.0,True,False
1629,543,scene_2,scene_2_y05,5,route_right,-2.475714286,10.34,38.438571429,305.0,5.323254219,-14.0,-0.244346095,35.0,True,False
1630,544,scene_2,scene_2_y05,5,route_left,-1.904285714,10.34,38.438571429,235.0,4.101523742,-14.0,-0.244346095,-35.0,True,False
1631,544,scene_2,scene_2_y05,5,route_forward,-1.904285714,10.34,38.438571429,270.0,4.71238898,-14.0,-0.244346095,0.0,True,False
1632,544,scene_2,scene_2_y05,5,route_right,-1.904285714,10.34,38.438571429,305.0,5.323254219,-14.0,-0.244346095,35.0,True,False
1633,545,scene_2,scene_2_y05,5,route_left,-1.332857143,10.34,38.438571429,235.0,4.101523742,-14.0,-0.244346095,-35.0,True,False
1634,545,scene_2,scene_2_y05,5,route_forward,-1.332857143,10.34,38.438571429,270.0,4.71238898,-14.0,-0.244346095,0.0,True,False
1635,545,scene_2,scene_2_y05,5,route_right,-1.332857143,10.34,38.438571429,305.0,5.323254219,-14.0,-0.244346095,35.0,True,False
1636,546,scene_2,scene_2_y05,5,route_left,-0.761428571,10.34,38.438571429,235.0,4.101523742,-14.0,-0.244346095,-35.0,True,False
1637,546,scene_2,scene_2_y05,5,route_forward,-0.761428571,10.34,38.438571429,270.0,4.71238898,-14.0,-0.244346095,0.0,True,False
1638,546,scene_2,scene_2_y05,5,route_right,-0.761428571,10.34,38.438571429,305.0,5.323254219,-14.0,-0.244346095,35.0,True,False
1639,547,scene_2,scene_2_y05,5,route_left,-0.19,10.34,38.438571429,235.0,4.101523742,-14.0,-0.244346095,-35.0,True,False
1640,547,scene_2,scene_2_y05,5,route_forward,-0.19,10.34,38.438571429,270.0,4.71238898,-14.0,-0.244346095,0.0,True,False
1641,547,scene_2,scene_2_y05,5,route_right,-0.19,10.34,38.438571429,305.0,5.323254219,-14.0,-0.244346095,35.0,True,False
1642,548,scene_2,scene_2_y05,5,route_left,0.381428571,10.34,38.438571429,235.0,4.101523742,-14.0,-0.244346095,-35.0,True,False
1643,548,scene_2,scene_2_y05,5,route_forward,0.381428571,10.34,38.438571429,270.0,4.71238898,-14.0,-0.244346095,0.0,True,False
1644,548,scene_2,scene_2_y05,5,route_right,0.381428571,10.34,38.438571429,305.0,5.323254219,-14.0,-0.244346095,35.0,True,False
1645,549,scene_2,scene_2_y05,5,route_left,0.952857143,10.34,38.438571429,235.0,4.101523742,-14.0,-0.244346095,-35.0,True,False
1646,549,scene_2,scene_2_y05,5,route_forward,0.952857143,10.34,38.438571429,270.0,4.71238898,-14.0,-0.244346095,0.0,True,False
1647,549,scene_2,scene_2_y05,5,route_right,0.952857143,10.34,38.438571429,305.0,5.323254219,-14.0,-0.244346095,35.0,True,False
1648,550,scene_2,scene_2_y05,5,route_left,1.524285714,10.34,38.438571429,235.0,4.101523742,-14.0,-0.244346095,-35.0,True,False
1649,550,scene_2,scene_2_y05,5,route_forward,1.524285714,10.34,38.438571429,270.0,4.71238898,-14.0,-0.244346095,0.0,True,False
1650,550,scene_2,scene_2_y05,5,route_right,1.524285714,10.34,38.438571429,305.0,5.323254219,-14.0,-0.244346095,35.0,True,False
1651,551,scene_2,scene_2_y05,5,route_left,2.095714286,10.34,38.438571429,70.426177485,1.229168677,-14.0,-0.244346095,-35.0,True,False
1652,551,scene_2,scene_2_y05,5,route_forward,2.095714286,10.34,38.438571429,105.426177485,1.840033915,-14.0,-0.244346095,0.0,True,False
1653,551,scene_2,scene_2_y05,5,route_right,2.095714286,10.34,38.438571429,140.426177485,2.450899153,-14.0,-0.244346095,35.0,True,False
1654,552,scene_2,scene_2_y05,5,route_left,-0.19,10.34,39.069285714,55.0,0.959931089,-14.0,-0.244346095,-35.0,True,False
1655,552,scene_2,scene_2_y05,5,route_forward,-0.19,10.34,39.069285714,90.0,1.570796327,-14.0,-0.244346095,0.0,True,False
1656,552,scene_2,scene_2_y05,5,route_right,-0.19,10.34,39.069285714,125.0,2.181661565,-14.0,-0.244346095,35.0,True,False
1657,553,scene_2,scene_2_y05,5,route_left,-0.761428571,10.34,39.069285714,55.0,0.959931089,-14.0,-0.244346095,-35.0,True,False
1658,553,scene_2,scene_2_y05,5,route_forward,-0.761428571,10.34,39.069285714,90.0,1.570796327,-14.0,-0.244346095,0.0,True,False
1659,553,scene_2,scene_2_y05,5,route_right,-0.761428571,10.34,39.069285714,125.0,2.181661565,-14.0,-0.244346095,35.0,True,False
1660,554,scene_2,scene_2_y05,5,route_left,-1.332857143,10.34,39.069285714,55.0,0.959931089,-14.0,-0.244346095,-35.0,True,False
1661,554,scene_2,scene_2_y05,5,route_forward,-1.332857143,10.34,39.069285714,90.0,1.570796327,-14.0,-0.244346095,0.0,True,False
1662,554,scene_2,scene_2_y05,5,route_right,-1.332857143,10.34,39.069285714,125.0,2.181661565,-14.0,-0.244346095,35.0,True,False
1663,555,scene_2,scene_2_y05,5,route_left,-1.904285714,10.34,39.069285714,55.0,0.959931089,-14.0,-0.244346095,-35.0,True,False
1664,555,scene_2,scene_2_y05,5,route_forward,-1.904285714,10.34,39.069285714,90.0,1.570796327,-14.0,-0.244346095,0.0,True,False
1665,555,scene_2,scene_2_y05,5,route_right,-1.904285714,10.34,39.069285714,125.0,2.181661565,-14.0,-0.244346095,35.0,True,False
1666,556,scene_2,scene_2_y05,5,route_left,-2.475714286,10.34,39.069285714,55.0,0.959931089,-14.0,-0.244346095,-35.0,True,False
1667,556,scene_2,scene_2_y05,5,route_forward,-2.475714286,10.34,39.069285714,90.0,1.570796327,-14.0,-0.244346095,0.0,True,False
1668,556,scene_2,scene_2_y05,5,route_right,-2.475714286,10.34,39.069285714,125.0,2.181661565,-14.0,-0.244346095,35.0,True,False
1669,557,scene_2,scene_2_y05,5,route_left,-3.047142857,10.34,39.069285714,55.0,0.959931089,-14.0,-0.244346095,-35.0,True,False
1670,557,scene_2,scene_2_y05,5,route_forward,-3.047142857,10.34,39.069285714,90.0,1.570796327,-14.0,-0.244346095,0.0,True,False
1671,557,scene_2,scene_2_y05,5,route_right,-3.047142857,10.34,39.069285714,125.0,2.181661565,-14.0,-0.244346095,35.0,True,False
1672,558,scene_2,scene_2_y06,6,route_left,-3.618571429,11.65,38.438571429,235.0,4.101523742,-20.0,-0.34906585,-35.0,True,False
1673,558,scene_2,scene_2_y06,6,route_forward,-3.618571429,11.65,38.438571429,270.0,4.71238898,-20.0,-0.34906585,0.0,True,False
1674,558,scene_2,scene_2_y06,6,route_right,-3.618571429,11.65,38.438571429,305.0,5.323254219,-20.0,-0.34906585,35.0,True,False
1675,559,scene_2,scene_2_y06,6,route_left,-3.047142857,11.65,38.438571429,235.0,4.101523742,-20.0,-0.34906585,-35.0,True,False
1676,559,scene_2,scene_2_y06,6,route_forward,-3.047142857,11.65,38.438571429,270.0,4.71238898,-20.0,-0.34906585,0.0,True,False
1677,559,scene_2,scene_2_y06,6,route_right,-3.047142857,11.65,38.438571429,305.0,5.323254219,-20.0,-0.34906585,35.0,True,False
1678,560,scene_2,scene_2_y06,6,route_left,-2.475714286,11.65,38.438571429,325.0,5.672320069,-20.0,-0.34906585,-35.0,True,False
1679,560,scene_2,scene_2_y06,6,route_forward,-2.475714286,11.65,38.438571429,0.0,0.0,-20.0,-0.34906585,0.0,True,False
1680,560,scene_2,scene_2_y06,6,route_right,-2.475714286,11.65,38.438571429,35.0,0.610865238,-20.0,-0.34906585,35.0,True,False
1681,561,scene_2,scene_2_y06,6,route_left,-2.475714286,11.65,37.807857143,55.0,0.959931089,-20.0,-0.34906585,-35.0,True,False
1682,561,scene_2,scene_2_y06,6,route_forward,-2.475714286,11.65,37.807857143,90.0,1.570796327,-20.0,-0.34906585,0.0,True,False
1683,561,scene_2,scene_2_y06,6,route_right,-2.475714286,11.65,37.807857143,125.0,2.181661565,-20.0,-0.34906585,35.0,True,False
1684,562,scene_2,scene_2_y06,6,route_left,-3.047142857,11.65,37.807857143,325.0,5.672320069,-20.0,-0.34906585,-35.0,True,False
1685,562,scene_2,scene_2_y06,6,route_forward,-3.047142857,11.65,37.807857143,0.0,0.0,-20.0,-0.34906585,0.0,True,False
1686,562,scene_2,scene_2_y06,6,route_right,-3.047142857,11.65,37.807857143,35.0,0.610865238,-20.0,-0.34906585,35.0,True,False
1687,563,scene_2,scene_2_y06,6,route_left,-3.047142857,11.65,37.177142857,235.0,4.101523742,-20.0,-0.34906585,-35.0,True,False
1688,563,scene_2,scene_2_y06,6,route_forward,-3.047142857,11.65,37.177142857,270.0,4.71238898,-20.0,-0.34906585,0.0,True,False
1689,563,scene_2,scene_2_y06,6,route_right,-3.047142857,11.65,37.177142857,305.0,5.323254219,-20.0,-0.34906585,35.0,True,False
1690,564,scene_2,scene_2_y06,6,route_left,-2.475714286,11.65,37.177142857,235.0,4.101523742,-20.0,-0.34906585,-35.0,True,False
1691,564,scene_2,scene_2_y06,6,route_forward,-2.475714286,11.65,37.177142857,270.0,4.71238898,-20.0,-0.34906585,0.0,True,False
1692,564,scene_2,scene_2_y06,6,route_right,-2.475714286,11.65,37.177142857,305.0,5.323254219,-20.0,-0.34906585,35.0,True,False
1693,565,scene_2,scene_2_y06,6,route_left,-1.904285714,11.65,37.177142857,7.176648881,0.125256152,-20.0,-0.34906585,-35.0,True,False
1694,565,scene_2,scene_2_y06,6,route_forward,-1.904285714,11.65,37.177142857,42.176648881,0.73612139,-20.0,-0.34906585,0.0,True,False
1695,565,scene_2,scene_2_y06,6,route_right,-1.904285714,11.65,37.177142857,77.176648881,1.346986629,-20.0,-0.34906585,35.0,True,False
1696,566,scene_2,scene_2_y06,6,route_left,-2.475714286,11.65,36.546428571,55.0,0.959931089,-20.0,-0.34906585,-35.0,True,False
1697,566,scene_2,scene_2_y06,6,route_forward,-2.475714286,11.65,36.546428571,90.0,1.570796327,-20.0,-0.34906585,0.0,True,False
1698,566,scene_2,scene_2_y06,6,route_right,-2.475714286,11.65,36.546428571,125.0,2.181661565,-20.0,-0.34906585,35.0,True,False
1699,567,scene_2,scene_2_y06,6,route_left,-3.047142857,11.65,36.546428571,55.0,0.959931089,-20.0,-0.34906585,-35.0,True,False
1700,567,scene_2,scene_2_y06,6,route_forward,-3.047142857,11.65,36.546428571,90.0,1.570796327,-20.0,-0.34906585,0.0,True,False
1701,567,scene_2,scene_2_y06,6,route_right,-3.047142857,11.65,36.546428571,125.0,2.181661565,-20.0,-0.34906585,35.0,True,False
